device_id,study_id,technology_family,device_on_off_ratio,device_log10_on_off_ratio,state_count_available,physical_state_count,device_conductance_mode,device_state_count_status,parameter_source,mapping_strategy,precision_basis,crossbar_size,requested_weight_bits,effective_weight_levels,slices_per_branch,physical_cells_per_weight,adc_bits,estimated_memristor_cells,estimated_physical_crossbar_tiles,adc_levels,relative_hardware_cost_proxy,accuracy,accuracy_loss
ZnO_01,10.3390/electronics7120445,ZnO,1000.0,3.0,1,2,DISCRETE_BINARY,REPORTED,normalized_from_ratio,BINARY_BIT_SLICED_DIFFERENTIAL,BIT_SLICED_BINARY_MAPPING,16,6,63,5,10,6,1016320,4000,64,256000,96.31,-0.0799999999999983
ZnO_01,10.3390/electronics7120445,ZnO,1000.0,3.0,1,2,DISCRETE_BINARY,REPORTED,normalized_from_ratio,BINARY_BIT_SLICED_DIFFERENTIAL,BIT_SLICED_BINARY_MAPPING,16,6,63,5,10,8,1016320,4000,256,1024000,96.3,-0.0699999999999931
ZnO_01,10.3390/electronics7120445,ZnO,1000.0,3.0,1,2,DISCRETE_BINARY,REPORTED,normalized_from_ratio,BINARY_BIT_SLICED_DIFFERENTIAL,BIT_SLICED_BINARY_MAPPING,64,6,63,5,10,8,1016320,280,256,71680,96.3,-0.0699999999999931
ZnO_01,10.3390/electronics7120445,ZnO,1000.0,3.0,1,2,DISCRETE_BINARY,REPORTED,normalized_from_ratio,BINARY_BIT_SLICED_DIFFERENTIAL,BIT_SLICED_BINARY_MAPPING,256,6,63,5,10,10,1016320,50,1024,51200,96.3,-0.0699999999999931
ZnO_01,10.3390/electronics7120445,ZnO,1000.0,3.0,1,2,DISCRETE_BINARY,REPORTED,normalized_from_ratio,BINARY_BIT_SLICED_DIFFERENTIAL,BIT_SLICED_BINARY_MAPPING,16,6,63,5,10,10,1016320,4000,1024,4096000,96.29,-0.0600000000000022
ZnO_01,10.3390/electronics7120445,ZnO,1000.0,3.0,1,2,DISCRETE_BINARY,REPORTED,normalized_from_ratio,BINARY_BIT_SLICED_DIFFERENTIAL,BIT_SLICED_BINARY_MAPPING,32,6,63,5,10,8,1016320,1040,256,266240,96.29,-0.0600000000000022
ZnO_01,10.3390/electronics7120445,ZnO,1000.0,3.0,1,2,DISCRETE_BINARY,REPORTED,normalized_from_ratio,BINARY_BIT_SLICED_DIFFERENTIAL,BIT_SLICED_BINARY_MAPPING,256,6,63,5,10,9,1016320,50,512,25600,96.29,-0.0600000000000022
ZnO_01,10.3390/electronics7120445,ZnO,1000.0,3.0,1,2,DISCRETE_BINARY,REPORTED,normalized_from_ratio,BINARY_BIT_SLICED_DIFFERENTIAL,BIT_SLICED_BINARY_MAPPING,32,6,63,5,10,10,1016320,1040,1024,1064960,96.29,-0.0600000000000022
ZnO_01,10.3390/electronics7120445,ZnO,1000.0,3.0,1,2,DISCRETE_BINARY,REPORTED,normalized_from_ratio,BINARY_BIT_SLICED_DIFFERENTIAL,BIT_SLICED_BINARY_MAPPING,16,6,63,5,10,7,1016320,4000,128,512000,96.28,-0.0499999999999971
ZnO_01,10.3390/electronics7120445,ZnO,1000.0,3.0,1,2,DISCRETE_BINARY,REPORTED,normalized_from_ratio,BINARY_BIT_SLICED_DIFFERENTIAL,BIT_SLICED_BINARY_MAPPING,64,6,63,5,10,10,1016320,280,1024,286720,96.28,-0.0499999999999971
ZnO_01,10.3390/electronics7120445,ZnO,1000.0,3.0,1,2,DISCRETE_BINARY,REPORTED,normalized_from_ratio,BINARY_BIT_SLICED_DIFFERENTIAL,BIT_SLICED_BINARY_MAPPING,32,6,63,5,10,7,1016320,1040,128,133120,96.28,-0.0499999999999971
ZnO_01,10.3390/electronics7120445,ZnO,1000.0,3.0,1,2,DISCRETE_BINARY,REPORTED,normalized_from_ratio,BINARY_BIT_SLICED_DIFFERENTIAL,BIT_SLICED_BINARY_MAPPING,256,8,255,7,14,10,1422848,70,1024,71680,96.28,-0.0499999999999971
ZnO_01,10.3390/electronics7120445,ZnO,1000.0,3.0,1,2,DISCRETE_BINARY,REPORTED,normalized_from_ratio,BINARY_BIT_SLICED_DIFFERENTIAL,BIT_SLICED_BINARY_MAPPING,16,8,255,7,14,9,1422848,5600,512,2867200,96.27,-0.039999999999992
ZnO_01,10.3390/electronics7120445,ZnO,1000.0,3.0,1,2,DISCRETE_BINARY,REPORTED,normalized_from_ratio,BINARY_BIT_SLICED_DIFFERENTIAL,BIT_SLICED_BINARY_MAPPING,256,6,63,5,10,6,1016320,50,64,3200,96.27,-0.039999999999992
ZnO_01,10.3390/electronics7120445,ZnO,1000.0,3.0,1,2,DISCRETE_BINARY,REPORTED,normalized_from_ratio,BINARY_BIT_SLICED_DIFFERENTIAL,BIT_SLICED_BINARY_MAPPING,64,8,255,7,14,10,1422848,392,1024,401408,96.27,-0.039999999999992
ZnO_01,10.3390/electronics7120445,ZnO,1000.0,3.0,1,2,DISCRETE_BINARY,REPORTED,normalized_from_ratio,BINARY_BIT_SLICED_DIFFERENTIAL,BIT_SLICED_BINARY_MAPPING,128,6,63,5,10,10,1016320,80,1024,81920,96.27,-0.039999999999992
ZnO_01,10.3390/electronics7120445,ZnO,1000.0,3.0,1,2,DISCRETE_BINARY,REPORTED,normalized_from_ratio,BINARY_BIT_SLICED_DIFFERENTIAL,BIT_SLICED_BINARY_MAPPING,16,6,63,5,10,9,1016320,4000,512,2048000,96.27,-0.039999999999992
ZnO_01,10.3390/electronics7120445,ZnO,1000.0,3.0,1,2,DISCRETE_BINARY,REPORTED,normalized_from_ratio,BINARY_BIT_SLICED_DIFFERENTIAL,BIT_SLICED_BINARY_MAPPING,32,6,63,5,10,5,1016320,1040,32,33280,96.27,-0.039999999999992
ZnO_01,10.3390/electronics7120445,ZnO,1000.0,3.0,1,2,DISCRETE_BINARY,REPORTED,normalized_from_ratio,BINARY_BIT_SLICED_DIFFERENTIAL,BIT_SLICED_BINARY_MAPPING,16,8,255,7,14,10,1422848,5600,1024,5734400,96.27,-0.039999999999992
ZnO_01,10.3390/electronics7120445,ZnO,1000.0,3.0,1,2,DISCRETE_BINARY,REPORTED,normalized_from_ratio,BINARY_BIT_SLICED_DIFFERENTIAL,BIT_SLICED_BINARY_MAPPING,128,8,255,7,14,10,1422848,112,1024,114688,96.27,-0.039999999999992
ZnO_01,10.3390/electronics7120445,ZnO,1000.0,3.0,1,2,DISCRETE_BINARY,REPORTED,normalized_from_ratio,BINARY_BIT_SLICED_DIFFERENTIAL,BIT_SLICED_BINARY_MAPPING,256,6,63,5,10,7,1016320,50,128,6400,96.27,-0.039999999999992
ZnO_01,10.3390/electronics7120445,ZnO,1000.0,3.0,1,2,DISCRETE_BINARY,REPORTED,normalized_from_ratio,BINARY_BIT_SLICED_DIFFERENTIAL,BIT_SLICED_BINARY_MAPPING,128,7,127,6,12,7,1219584,96,128,12288,96.27,-0.039999999999992
ZnO_01,10.3390/electronics7120445,ZnO,1000.0,3.0,1,2,DISCRETE_BINARY,REPORTED,normalized_from_ratio,BINARY_BIT_SLICED_DIFFERENTIAL,BIT_SLICED_BINARY_MAPPING,32,8,255,7,14,8,1422848,1456,256,372736,96.26,-0.0300000000000011
ZnO_01,10.3390/electronics7120445,ZnO,1000.0,3.0,1,2,DISCRETE_BINARY,REPORTED,normalized_from_ratio,BINARY_BIT_SLICED_DIFFERENTIAL,BIT_SLICED_BINARY_MAPPING,32,8,255,7,14,7,1422848,1456,128,186368,96.26,-0.0300000000000011
ZnO_01,10.3390/electronics7120445,ZnO,1000.0,3.0,1,2,DISCRETE_BINARY,REPORTED,normalized_from_ratio,BINARY_BIT_SLICED_DIFFERENTIAL,BIT_SLICED_BINARY_MAPPING,128,8,255,7,14,7,1422848,112,128,14336,96.26,-0.0300000000000011
ZnO_01,10.3390/electronics7120445,ZnO,1000.0,3.0,1,2,DISCRETE_BINARY,REPORTED,normalized_from_ratio,BINARY_BIT_SLICED_DIFFERENTIAL,BIT_SLICED_BINARY_MAPPING,64,6,63,5,10,9,1016320,280,512,143360,96.26,-0.0300000000000011
ZnO_01,10.3390/electronics7120445,ZnO,1000.0,3.0,1,2,DISCRETE_BINARY,REPORTED,normalized_from_ratio,BINARY_BIT_SLICED_DIFFERENTIAL,BIT_SLICED_BINARY_MAPPING,32,8,255,7,14,10,1422848,1456,1024,1490944,96.26,-0.0300000000000011
ZnO_01,10.3390/electronics7120445,ZnO,1000.0,3.0,1,2,DISCRETE_BINARY,REPORTED,normalized_from_ratio,BINARY_BIT_SLICED_DIFFERENTIAL,BIT_SLICED_BINARY_MAPPING,16,8,255,7,14,5,1422848,5600,32,179200,96.26,-0.0300000000000011
ZnO_01,10.3390/electronics7120445,ZnO,1000.0,3.0,1,2,DISCRETE_BINARY,REPORTED,normalized_from_ratio,BINARY_BIT_SLICED_DIFFERENTIAL,BIT_SLICED_BINARY_MAPPING,16,8,255,7,14,8,1422848,5600,256,1433600,96.26,-0.0300000000000011
ZnO_01,10.3390/electronics7120445,ZnO,1000.0,3.0,1,2,DISCRETE_BINARY,REPORTED,normalized_from_ratio,BINARY_BIT_SLICED_DIFFERENTIAL,BIT_SLICED_BINARY_MAPPING,16,8,255,7,14,7,1422848,5600,128,716800,96.26,-0.0300000000000011
ZnO_01,10.3390/electronics7120445,ZnO,1000.0,3.0,1,2,DISCRETE_BINARY,REPORTED,normalized_from_ratio,BINARY_BIT_SLICED_DIFFERENTIAL,BIT_SLICED_BINARY_MAPPING,32,6,63,5,10,9,1016320,1040,512,532480,96.26,-0.0300000000000011
ZnO_01,10.3390/electronics7120445,ZnO,1000.0,3.0,1,2,DISCRETE_BINARY,REPORTED,normalized_from_ratio,BINARY_BIT_SLICED_DIFFERENTIAL,BIT_SLICED_BINARY_MAPPING,128,6,63,5,10,8,1016320,80,256,20480,96.25,-0.019999999999996
ZnO_01,10.3390/electronics7120445,ZnO,1000.0,3.0,1,2,DISCRETE_BINARY,REPORTED,normalized_from_ratio,BINARY_BIT_SLICED_DIFFERENTIAL,BIT_SLICED_BINARY_MAPPING,256,7,127,6,12,7,1219584,60,128,7680,96.25,-0.019999999999996
ZnO_01,10.3390/electronics7120445,ZnO,1000.0,3.0,1,2,DISCRETE_BINARY,REPORTED,normalized_from_ratio,BINARY_BIT_SLICED_DIFFERENTIAL,BIT_SLICED_BINARY_MAPPING,256,6,63,5,10,8,1016320,50,256,12800,96.25,-0.019999999999996
ZnO_01,10.3390/electronics7120445,ZnO,1000.0,3.0,1,2,DISCRETE_BINARY,REPORTED,normalized_from_ratio,BINARY_BIT_SLICED_DIFFERENTIAL,BIT_SLICED_BINARY_MAPPING,16,8,255,7,14,6,1422848,5600,64,358400,96.25,-0.019999999999996
ZnO_01,10.3390/electronics7120445,ZnO,1000.0,3.0,1,2,DISCRETE_BINARY,REPORTED,normalized_from_ratio,BINARY_BIT_SLICED_DIFFERENTIAL,BIT_SLICED_BINARY_MAPPING,128,6,63,5,10,7,1016320,80,128,10240,96.24,-0.0099999999999909
ZnO_01,10.3390/electronics7120445,ZnO,1000.0,3.0,1,2,DISCRETE_BINARY,REPORTED,normalized_from_ratio,BINARY_BIT_SLICED_DIFFERENTIAL,BIT_SLICED_BINARY_MAPPING,256,7,127,6,12,10,1219584,60,1024,61440,96.24,-0.0099999999999909
ZnO_01,10.3390/electronics7120445,ZnO,1000.0,3.0,1,2,DISCRETE_BINARY,REPORTED,normalized_from_ratio,BINARY_BIT_SLICED_DIFFERENTIAL,BIT_SLICED_BINARY_MAPPING,32,5,31,4,8,6,813056,832,64,53248,96.24,-0.0099999999999909
ZnO_01,10.3390/electronics7120445,ZnO,1000.0,3.0,1,2,DISCRETE_BINARY,REPORTED,normalized_from_ratio,BINARY_BIT_SLICED_DIFFERENTIAL,BIT_SLICED_BINARY_MAPPING,32,6,63,5,10,4,1016320,1040,16,16640,96.24,-0.0099999999999909
ZnO_01,10.3390/electronics7120445,ZnO,1000.0,3.0,1,2,DISCRETE_BINARY,REPORTED,normalized_from_ratio,BINARY_BIT_SLICED_DIFFERENTIAL,BIT_SLICED_BINARY_MAPPING,32,7,127,6,12,8,1219584,1248,256,319488,96.24,-0.0099999999999909
ZnO_01,10.3390/electronics7120445,ZnO,1000.0,3.0,1,2,DISCRETE_BINARY,REPORTED,normalized_from_ratio,BINARY_BIT_SLICED_DIFFERENTIAL,BIT_SLICED_BINARY_MAPPING,16,6,63,5,10,5,1016320,4000,32,128000,96.24,-0.0099999999999909
ZnO_01,10.3390/electronics7120445,ZnO,1000.0,3.0,1,2,DISCRETE_BINARY,REPORTED,normalized_from_ratio,BINARY_BIT_SLICED_DIFFERENTIAL,BIT_SLICED_BINARY_MAPPING,256,8,255,7,14,7,1422848,70,128,8960,96.24,-0.0099999999999909
ZnO_01,10.3390/electronics7120445,ZnO,1000.0,3.0,1,2,DISCRETE_BINARY,REPORTED,normalized_from_ratio,BINARY_BIT_SLICED_DIFFERENTIAL,BIT_SLICED_BINARY_MAPPING,128,6,63,5,10,9,1016320,80,512,40960,96.24,-0.0099999999999909
ZnO_01,10.3390/electronics7120445,ZnO,1000.0,3.0,1,2,DISCRETE_BINARY,REPORTED,normalized_from_ratio,BINARY_BIT_SLICED_DIFFERENTIAL,BIT_SLICED_BINARY_MAPPING,16,7,127,6,12,7,1219584,4800,128,614400,96.24,-0.0099999999999909
ZnO_01,10.3390/electronics7120445,ZnO,1000.0,3.0,1,2,DISCRETE_BINARY,REPORTED,normalized_from_ratio,BINARY_BIT_SLICED_DIFFERENTIAL,BIT_SLICED_BINARY_MAPPING,32,8,255,7,14,9,1422848,1456,512,745472,96.23,0.0
ZnO_01,10.3390/electronics7120445,ZnO,1000.0,3.0,1,2,DISCRETE_BINARY,REPORTED,normalized_from_ratio,BINARY_BIT_SLICED_DIFFERENTIAL,BIT_SLICED_BINARY_MAPPING,64,8,255,7,14,5,1422848,392,32,12544,96.23,0.0
ZnO_01,10.3390/electronics7120445,ZnO,1000.0,3.0,1,2,DISCRETE_BINARY,REPORTED,normalized_from_ratio,BINARY_BIT_SLICED_DIFFERENTIAL,BIT_SLICED_BINARY_MAPPING,128,8,255,7,14,8,1422848,112,256,28672,96.23,0.0
ZnO_01,10.3390/electronics7120445,ZnO,1000.0,3.0,1,2,DISCRETE_BINARY,REPORTED,normalized_from_ratio,BINARY_BIT_SLICED_DIFFERENTIAL,BIT_SLICED_BINARY_MAPPING,64,8,255,7,14,7,1422848,392,128,50176,96.23,0.0
ZnO_01,10.3390/electronics7120445,ZnO,1000.0,3.0,1,2,DISCRETE_BINARY,REPORTED,normalized_from_ratio,BINARY_BIT_SLICED_DIFFERENTIAL,BIT_SLICED_BINARY_MAPPING,64,5,31,4,8,7,813056,224,128,28672,96.23,0.0
ZnO_01,10.3390/electronics7120445,ZnO,1000.0,3.0,1,2,DISCRETE_BINARY,REPORTED,normalized_from_ratio,BINARY_BIT_SLICED_DIFFERENTIAL,BIT_SLICED_BINARY_MAPPING,16,7,127,6,12,8,1219584,4800,256,1228800,96.22,0.0100000000000051
ZnO_01,10.3390/electronics7120445,ZnO,1000.0,3.0,1,2,DISCRETE_BINARY,REPORTED,normalized_from_ratio,BINARY_BIT_SLICED_DIFFERENTIAL,BIT_SLICED_BINARY_MAPPING,16,7,127,6,12,9,1219584,4800,512,2457600,96.22,0.0100000000000051
ZnO_01,10.3390/electronics7120445,ZnO,1000.0,3.0,1,2,DISCRETE_BINARY,REPORTED,normalized_from_ratio,BINARY_BIT_SLICED_DIFFERENTIAL,BIT_SLICED_BINARY_MAPPING,32,7,127,6,12,10,1219584,1248,1024,1277952,96.22,0.0100000000000051
ZnO_01,10.3390/electronics7120445,ZnO,1000.0,3.0,1,2,DISCRETE_BINARY,REPORTED,normalized_from_ratio,BINARY_BIT_SLICED_DIFFERENTIAL,BIT_SLICED_BINARY_MAPPING,32,7,127,6,12,6,1219584,1248,64,79872,96.22,0.0100000000000051
ZnO_01,10.3390/electronics7120445,ZnO,1000.0,3.0,1,2,DISCRETE_BINARY,REPORTED,normalized_from_ratio,BINARY_BIT_SLICED_DIFFERENTIAL,BIT_SLICED_BINARY_MAPPING,256,8,255,7,14,6,1422848,70,64,4480,96.22,0.0100000000000051
ZnO_01,10.3390/electronics7120445,ZnO,1000.0,3.0,1,2,DISCRETE_BINARY,REPORTED,normalized_from_ratio,BINARY_BIT_SLICED_DIFFERENTIAL,BIT_SLICED_BINARY_MAPPING,64,6,63,5,10,6,1016320,280,64,17920,96.22,0.0100000000000051
ZnO_01,10.3390/electronics7120445,ZnO,1000.0,3.0,1,2,DISCRETE_BINARY,REPORTED,normalized_from_ratio,BINARY_BIT_SLICED_DIFFERENTIAL,BIT_SLICED_BINARY_MAPPING,64,6,63,5,10,7,1016320,280,128,35840,96.22,0.0100000000000051
ZnO_01,10.3390/electronics7120445,ZnO,1000.0,3.0,1,2,DISCRETE_BINARY,REPORTED,normalized_from_ratio,BINARY_BIT_SLICED_DIFFERENTIAL,BIT_SLICED_BINARY_MAPPING,64,7,127,6,12,10,1219584,336,1024,344064,96.22,0.0100000000000051
ZnO_01,10.3390/electronics7120445,ZnO,1000.0,3.0,1,2,DISCRETE_BINARY,REPORTED,normalized_from_ratio,BINARY_BIT_SLICED_DIFFERENTIAL,BIT_SLICED_BINARY_MAPPING,64,8,255,7,14,9,1422848,392,512,200704,96.22,0.0100000000000051
ZnO_01,10.3390/electronics7120445,ZnO,1000.0,3.0,1,2,DISCRETE_BINARY,REPORTED,normalized_from_ratio,BINARY_BIT_SLICED_DIFFERENTIAL,BIT_SLICED_BINARY_MAPPING,64,7,127,6,12,7,1219584,336,128,43008,96.22,0.0100000000000051
ZnO_01,10.3390/electronics7120445,ZnO,1000.0,3.0,1,2,DISCRETE_BINARY,REPORTED,normalized_from_ratio,BINARY_BIT_SLICED_DIFFERENTIAL,BIT_SLICED_BINARY_MAPPING,128,7,127,6,12,10,1219584,96,1024,98304,96.22,0.0100000000000051
ZnO_01,10.3390/electronics7120445,ZnO,1000.0,3.0,1,2,DISCRETE_BINARY,REPORTED,normalized_from_ratio,BINARY_BIT_SLICED_DIFFERENTIAL,BIT_SLICED_BINARY_MAPPING,128,8,255,7,14,9,1422848,112,512,57344,96.22,0.0100000000000051
ZnO_01,10.3390/electronics7120445,ZnO,1000.0,3.0,1,2,DISCRETE_BINARY,REPORTED,normalized_from_ratio,BINARY_BIT_SLICED_DIFFERENTIAL,BIT_SLICED_BINARY_MAPPING,16,7,127,6,12,6,1219584,4800,64,307200,96.22,0.0100000000000051
ZnO_01,10.3390/electronics7120445,ZnO,1000.0,3.0,1,2,DISCRETE_BINARY,REPORTED,normalized_from_ratio,BINARY_BIT_SLICED_DIFFERENTIAL,BIT_SLICED_BINARY_MAPPING,256,8,255,7,14,9,1422848,70,512,35840,96.22,0.0100000000000051
ZnO_01,10.3390/electronics7120445,ZnO,1000.0,3.0,1,2,DISCRETE_BINARY,REPORTED,normalized_from_ratio,BINARY_BIT_SLICED_DIFFERENTIAL,BIT_SLICED_BINARY_MAPPING,32,8,255,7,14,6,1422848,1456,64,93184,96.21,0.0200000000000102
ZnO_01,10.3390/electronics7120445,ZnO,1000.0,3.0,1,2,DISCRETE_BINARY,REPORTED,normalized_from_ratio,BINARY_BIT_SLICED_DIFFERENTIAL,BIT_SLICED_BINARY_MAPPING,32,7,127,6,12,5,1219584,1248,32,39936,96.21,0.0200000000000102
ZnO_01,10.3390/electronics7120445,ZnO,1000.0,3.0,1,2,DISCRETE_BINARY,REPORTED,normalized_from_ratio,BINARY_BIT_SLICED_DIFFERENTIAL,BIT_SLICED_BINARY_MAPPING,16,7,127,6,12,5,1219584,4800,32,153600,96.21,0.0200000000000102
ZnO_01,10.3390/electronics7120445,ZnO,1000.0,3.0,1,2,DISCRETE_BINARY,REPORTED,normalized_from_ratio,BINARY_BIT_SLICED_DIFFERENTIAL,BIT_SLICED_BINARY_MAPPING,32,7,127,6,12,7,1219584,1248,128,159744,96.21,0.0200000000000102
ZnO_01,10.3390/electronics7120445,ZnO,1000.0,3.0,1,2,DISCRETE_BINARY,REPORTED,normalized_from_ratio,BINARY_BIT_SLICED_DIFFERENTIAL,BIT_SLICED_BINARY_MAPPING,32,7,127,6,12,9,1219584,1248,512,638976,96.21,0.0200000000000102
ZnO_01,10.3390/electronics7120445,ZnO,1000.0,3.0,1,2,DISCRETE_BINARY,REPORTED,normalized_from_ratio,BINARY_BIT_SLICED_DIFFERENTIAL,BIT_SLICED_BINARY_MAPPING,16,7,127,6,12,10,1219584,4800,1024,4915200,96.21,0.0200000000000102
ZnO_01,10.3390/electronics7120445,ZnO,1000.0,3.0,1,2,DISCRETE_BINARY,REPORTED,normalized_from_ratio,BINARY_BIT_SLICED_DIFFERENTIAL,BIT_SLICED_BINARY_MAPPING,64,7,127,6,12,5,1219584,336,32,10752,96.21,0.0200000000000102
ZnO_01,10.3390/electronics7120445,ZnO,1000.0,3.0,1,2,DISCRETE_BINARY,REPORTED,normalized_from_ratio,BINARY_BIT_SLICED_DIFFERENTIAL,BIT_SLICED_BINARY_MAPPING,64,8,255,7,14,8,1422848,392,256,100352,96.21,0.0200000000000102
ZnO_01,10.3390/electronics7120445,ZnO,1000.0,3.0,1,2,DISCRETE_BINARY,REPORTED,normalized_from_ratio,BINARY_BIT_SLICED_DIFFERENTIAL,BIT_SLICED_BINARY_MAPPING,256,5,31,4,8,6,813056,40,64,2560,96.21,0.0200000000000102
ZnO_01,10.3390/electronics7120445,ZnO,1000.0,3.0,1,2,DISCRETE_BINARY,REPORTED,normalized_from_ratio,BINARY_BIT_SLICED_DIFFERENTIAL,BIT_SLICED_BINARY_MAPPING,256,8,255,7,14,8,1422848,70,256,17920,96.21,0.0200000000000102
ZnO_01,10.3390/electronics7120445,ZnO,1000.0,3.0,1,2,DISCRETE_BINARY,REPORTED,normalized_from_ratio,BINARY_BIT_SLICED_DIFFERENTIAL,BIT_SLICED_BINARY_MAPPING,64,7,127,6,12,8,1219584,336,256,86016,96.21,0.0200000000000102
ZnO_01,10.3390/electronics7120445,ZnO,1000.0,3.0,1,2,DISCRETE_BINARY,REPORTED,normalized_from_ratio,BINARY_BIT_SLICED_DIFFERENTIAL,BIT_SLICED_BINARY_MAPPING,16,5,31,4,8,6,813056,3200,64,204800,96.2,0.0300000000000011
ZnO_01,10.3390/electronics7120445,ZnO,1000.0,3.0,1,2,DISCRETE_BINARY,REPORTED,normalized_from_ratio,BINARY_BIT_SLICED_DIFFERENTIAL,BIT_SLICED_BINARY_MAPPING,32,6,63,5,10,6,1016320,1040,64,66560,96.2,0.0300000000000011
ZnO_01,10.3390/electronics7120445,ZnO,1000.0,3.0,1,2,DISCRETE_BINARY,REPORTED,normalized_from_ratio,BINARY_BIT_SLICED_DIFFERENTIAL,BIT_SLICED_BINARY_MAPPING,128,7,127,6,12,6,1219584,96,64,6144,96.2,0.0300000000000011
ZnO_01,10.3390/electronics7120445,ZnO,1000.0,3.0,1,2,DISCRETE_BINARY,REPORTED,normalized_from_ratio,BINARY_BIT_SLICED_DIFFERENTIAL,BIT_SLICED_BINARY_MAPPING,64,7,127,6,12,9,1219584,336,512,172032,96.2,0.0300000000000011
ZnO_01,10.3390/electronics7120445,ZnO,1000.0,3.0,1,2,DISCRETE_BINARY,REPORTED,normalized_from_ratio,BINARY_BIT_SLICED_DIFFERENTIAL,BIT_SLICED_BINARY_MAPPING,64,7,127,6,12,6,1219584,336,64,21504,96.2,0.0300000000000011
ZnO_01,10.3390/electronics7120445,ZnO,1000.0,3.0,1,2,DISCRETE_BINARY,REPORTED,normalized_from_ratio,BINARY_BIT_SLICED_DIFFERENTIAL,BIT_SLICED_BINARY_MAPPING,128,8,255,7,14,6,1422848,112,64,7168,96.2,0.0300000000000011
ZnO_01,10.3390/electronics7120445,ZnO,1000.0,3.0,1,2,DISCRETE_BINARY,REPORTED,normalized_from_ratio,BINARY_BIT_SLICED_DIFFERENTIAL,BIT_SLICED_BINARY_MAPPING,128,7,127,6,12,9,1219584,96,512,49152,96.2,0.0300000000000011
ZnO_01,10.3390/electronics7120445,ZnO,1000.0,3.0,1,2,DISCRETE_BINARY,REPORTED,normalized_from_ratio,BINARY_BIT_SLICED_DIFFERENTIAL,BIT_SLICED_BINARY_MAPPING,256,7,127,6,12,9,1219584,60,512,30720,96.2,0.0300000000000011
ZnO_01,10.3390/electronics7120445,ZnO,1000.0,3.0,1,2,DISCRETE_BINARY,REPORTED,normalized_from_ratio,BINARY_BIT_SLICED_DIFFERENTIAL,BIT_SLICED_BINARY_MAPPING,256,7,127,6,12,6,1219584,60,64,3840,96.2,0.0300000000000011
ZnO_01,10.3390/electronics7120445,ZnO,1000.0,3.0,1,2,DISCRETE_BINARY,REPORTED,normalized_from_ratio,BINARY_BIT_SLICED_DIFFERENTIAL,BIT_SLICED_BINARY_MAPPING,256,7,127,6,12,8,1219584,60,256,15360,96.2,0.0300000000000011
ZnO_01,10.3390/electronics7120445,ZnO,1000.0,3.0,1,2,DISCRETE_BINARY,REPORTED,normalized_from_ratio,BINARY_BIT_SLICED_DIFFERENTIAL,BIT_SLICED_BINARY_MAPPING,32,8,255,7,14,5,1422848,1456,32,46592,96.2,0.0300000000000011
ZnO_01,10.3390/electronics7120445,ZnO,1000.0,3.0,1,2,DISCRETE_BINARY,REPORTED,normalized_from_ratio,BINARY_BIT_SLICED_DIFFERENTIAL,BIT_SLICED_BINARY_MAPPING,128,7,127,6,12,8,1219584,96,256,24576,96.19,0.0400000000000062
ZnO_01,10.3390/electronics7120445,ZnO,1000.0,3.0,1,2,DISCRETE_BINARY,REPORTED,normalized_from_ratio,BINARY_BIT_SLICED_DIFFERENTIAL,BIT_SLICED_BINARY_MAPPING,256,5,31,4,8,8,813056,40,256,10240,96.19,0.0400000000000062
ZnO_01,10.3390/electronics7120445,ZnO,1000.0,3.0,1,2,DISCRETE_BINARY,REPORTED,normalized_from_ratio,BINARY_BIT_SLICED_DIFFERENTIAL,BIT_SLICED_BINARY_MAPPING,64,6,63,5,10,5,1016320,280,32,8960,96.19,0.0400000000000062
ZnO_01,10.3390/electronics7120445,ZnO,1000.0,3.0,1,2,DISCRETE_BINARY,REPORTED,normalized_from_ratio,BINARY_BIT_SLICED_DIFFERENTIAL,BIT_SLICED_BINARY_MAPPING,64,5,31,4,8,6,813056,224,64,14336,96.19,0.0400000000000062
ZnO_01,10.3390/electronics7120445,ZnO,1000.0,3.0,1,2,DISCRETE_BINARY,REPORTED,normalized_from_ratio,BINARY_BIT_SLICED_DIFFERENTIAL,BIT_SLICED_BINARY_MAPPING,64,8,255,7,14,6,1422848,392,64,25088,96.19,0.0400000000000062
ZnO_01,10.3390/electronics7120445,ZnO,1000.0,3.0,1,2,DISCRETE_BINARY,REPORTED,normalized_from_ratio,BINARY_BIT_SLICED_DIFFERENTIAL,BIT_SLICED_BINARY_MAPPING,32,5,31,4,8,8,813056,832,256,212992,96.18,0.0499999999999971
ZnO_01,10.3390/electronics7120445,ZnO,1000.0,3.0,1,2,DISCRETE_BINARY,REPORTED,normalized_from_ratio,BINARY_BIT_SLICED_DIFFERENTIAL,BIT_SLICED_BINARY_MAPPING,16,8,255,7,14,4,1422848,5600,16,89600,96.17,0.0600000000000022
ZnO_01,10.3390/electronics7120445,ZnO,1000.0,3.0,1,2,DISCRETE_BINARY,REPORTED,normalized_from_ratio,BINARY_BIT_SLICED_DIFFERENTIAL,BIT_SLICED_BINARY_MAPPING,32,5,31,4,8,7,813056,832,128,106496,96.17,0.0600000000000022
ZnO_01,10.3390/electronics7120445,ZnO,1000.0,3.0,1,2,DISCRETE_BINARY,REPORTED,normalized_from_ratio,BINARY_BIT_SLICED_DIFFERENTIAL,BIT_SLICED_BINARY_MAPPING,256,5,31,4,8,7,813056,40,128,5120,96.17,0.0600000000000022
ZnO_01,10.3390/electronics7120445,ZnO,1000.0,3.0,1,2,DISCRETE_BINARY,REPORTED,normalized_from_ratio,BINARY_BIT_SLICED_DIFFERENTIAL,BIT_SLICED_BINARY_MAPPING,16,7,127,6,12,4,1219584,4800,16,76800,96.17,0.0600000000000022
ZnO_01,10.3390/electronics7120445,ZnO,1000.0,3.0,1,2,DISCRETE_BINARY,REPORTED,normalized_from_ratio,BINARY_BIT_SLICED_DIFFERENTIAL,BIT_SLICED_BINARY_MAPPING,128,5,31,4,8,8,813056,64,256,16384,96.17,0.0600000000000022
ZnO_01,10.3390/electronics7120445,ZnO,1000.0,3.0,1,2,DISCRETE_BINARY,REPORTED,normalized_from_ratio,BINARY_BIT_SLICED_DIFFERENTIAL,BIT_SLICED_BINARY_MAPPING,128,6,63,5,10,6,1016320,80,64,5120,96.17,0.0600000000000022
ZnO_01,10.3390/electronics7120445,ZnO,1000.0,3.0,1,2,DISCRETE_BINARY,REPORTED,normalized_from_ratio,BINARY_BIT_SLICED_DIFFERENTIAL,BIT_SLICED_BINARY_MAPPING,16,5,31,4,8,5,813056,3200,32,102400,96.16,0.0700000000000073
ZnO_01,10.3390/electronics7120445,ZnO,1000.0,3.0,1,2,DISCRETE_BINARY,REPORTED,normalized_from_ratio,BINARY_BIT_SLICED_DIFFERENTIAL,BIT_SLICED_BINARY_MAPPING,32,5,31,4,8,5,813056,832,32,26624,96.15,0.0799999999999983
ZnO_01,10.3390/electronics7120445,ZnO,1000.0,3.0,1,2,DISCRETE_BINARY,REPORTED,normalized_from_ratio,BINARY_BIT_SLICED_DIFFERENTIAL,BIT_SLICED_BINARY_MAPPING,32,8,255,7,14,4,1422848,1456,16,23296,96.15,0.0799999999999983
ZnO_01,10.3390/electronics7120445,ZnO,1000.0,3.0,1,2,DISCRETE_BINARY,REPORTED,normalized_from_ratio,BINARY_BIT_SLICED_DIFFERENTIAL,BIT_SLICED_BINARY_MAPPING,16,5,31,4,8,10,813056,3200,1024,3276800,96.15,0.0799999999999983
ZnO_01,10.3390/electronics7120445,ZnO,1000.0,3.0,1,2,DISCRETE_BINARY,REPORTED,normalized_from_ratio,BINARY_BIT_SLICED_DIFFERENTIAL,BIT_SLICED_BINARY_MAPPING,32,5,31,4,8,10,813056,832,1024,851968,96.14,0.0900000000000034
ZnO_01,10.3390/electronics7120445,ZnO,1000.0,3.0,1,2,DISCRETE_BINARY,REPORTED,normalized_from_ratio,BINARY_BIT_SLICED_DIFFERENTIAL,BIT_SLICED_BINARY_MAPPING,256,5,31,4,8,10,813056,40,1024,40960,96.14,0.0900000000000034
ZnO_01,10.3390/electronics7120445,ZnO,1000.0,3.0,1,2,DISCRETE_BINARY,REPORTED,normalized_from_ratio,BINARY_BIT_SLICED_DIFFERENTIAL,BIT_SLICED_BINARY_MAPPING,16,5,31,4,8,7,813056,3200,128,409600,96.14,0.0900000000000034
ZnO_01,10.3390/electronics7120445,ZnO,1000.0,3.0,1,2,DISCRETE_BINARY,REPORTED,normalized_from_ratio,BINARY_BIT_SLICED_DIFFERENTIAL,BIT_SLICED_BINARY_MAPPING,32,7,127,6,12,4,1219584,1248,16,19968,96.14,0.0900000000000034
ZnO_01,10.3390/electronics7120445,ZnO,1000.0,3.0,1,2,DISCRETE_BINARY,REPORTED,normalized_from_ratio,BINARY_BIT_SLICED_DIFFERENTIAL,BIT_SLICED_BINARY_MAPPING,256,5,31,4,8,9,813056,40,512,20480,96.13,0.1000000000000085
ZnO_01,10.3390/electronics7120445,ZnO,1000.0,3.0,1,2,DISCRETE_BINARY,REPORTED,normalized_from_ratio,BINARY_BIT_SLICED_DIFFERENTIAL,BIT_SLICED_BINARY_MAPPING,32,5,31,4,8,9,813056,832,512,425984,96.13,0.1000000000000085
ZnO_01,10.3390/electronics7120445,ZnO,1000.0,3.0,1,2,DISCRETE_BINARY,REPORTED,normalized_from_ratio,BINARY_BIT_SLICED_DIFFERENTIAL,BIT_SLICED_BINARY_MAPPING,64,5,31,4,8,9,813056,224,512,114688,96.13,0.1000000000000085
ZnO_01,10.3390/electronics7120445,ZnO,1000.0,3.0,1,2,DISCRETE_BINARY,REPORTED,normalized_from_ratio,BINARY_BIT_SLICED_DIFFERENTIAL,BIT_SLICED_BINARY_MAPPING,64,5,31,4,8,10,813056,224,1024,229376,96.13,0.1000000000000085
ZnO_01,10.3390/electronics7120445,ZnO,1000.0,3.0,1,2,DISCRETE_BINARY,REPORTED,normalized_from_ratio,BINARY_BIT_SLICED_DIFFERENTIAL,BIT_SLICED_BINARY_MAPPING,128,5,31,4,8,7,813056,64,128,8192,96.12,0.1099999999999994
ZnO_01,10.3390/electronics7120445,ZnO,1000.0,3.0,1,2,DISCRETE_BINARY,REPORTED,normalized_from_ratio,BINARY_BIT_SLICED_DIFFERENTIAL,BIT_SLICED_BINARY_MAPPING,128,5,31,4,8,9,813056,64,512,32768,96.12,0.1099999999999994
ZnO_01,10.3390/electronics7120445,ZnO,1000.0,3.0,1,2,DISCRETE_BINARY,REPORTED,normalized_from_ratio,BINARY_BIT_SLICED_DIFFERENTIAL,BIT_SLICED_BINARY_MAPPING,16,6,63,5,10,4,1016320,4000,16,64000,96.12,0.1099999999999994
ZnO_01,10.3390/electronics7120445,ZnO,1000.0,3.0,1,2,DISCRETE_BINARY,REPORTED,normalized_from_ratio,BINARY_BIT_SLICED_DIFFERENTIAL,BIT_SLICED_BINARY_MAPPING,128,5,31,4,8,10,813056,64,1024,65536,96.11,0.1200000000000045
ZnO_01,10.3390/electronics7120445,ZnO,1000.0,3.0,1,2,DISCRETE_BINARY,REPORTED,normalized_from_ratio,BINARY_BIT_SLICED_DIFFERENTIAL,BIT_SLICED_BINARY_MAPPING,16,5,31,4,8,9,813056,3200,512,1638400,96.11,0.1200000000000045
ZnO_01,10.3390/electronics7120445,ZnO,1000.0,3.0,1,2,DISCRETE_BINARY,REPORTED,normalized_from_ratio,BINARY_BIT_SLICED_DIFFERENTIAL,BIT_SLICED_BINARY_MAPPING,16,5,31,4,8,8,813056,3200,256,819200,96.11,0.1200000000000045
ZnO_01,10.3390/electronics7120445,ZnO,1000.0,3.0,1,2,DISCRETE_BINARY,REPORTED,normalized_from_ratio,BINARY_BIT_SLICED_DIFFERENTIAL,BIT_SLICED_BINARY_MAPPING,128,5,31,4,8,6,813056,64,64,4096,96.11,0.1200000000000045
ZnO_01,10.3390/electronics7120445,ZnO,1000.0,3.0,1,2,DISCRETE_BINARY,REPORTED,normalized_from_ratio,BINARY_BIT_SLICED_DIFFERENTIAL,BIT_SLICED_BINARY_MAPPING,16,4,15,3,6,6,609792,2400,64,153600,96.1,0.1300000000000096
ZnO_01,10.3390/electronics7120445,ZnO,1000.0,3.0,1,2,DISCRETE_BINARY,REPORTED,normalized_from_ratio,BINARY_BIT_SLICED_DIFFERENTIAL,BIT_SLICED_BINARY_MAPPING,64,5,31,4,8,8,813056,224,256,57344,96.1,0.1300000000000096
ZnO_01,10.3390/electronics7120445,ZnO,1000.0,3.0,1,2,DISCRETE_BINARY,REPORTED,normalized_from_ratio,BINARY_BIT_SLICED_DIFFERENTIAL,BIT_SLICED_BINARY_MAPPING,64,4,15,3,6,7,609792,168,128,21504,96.1,0.1300000000000096
ZnO_01,10.3390/electronics7120445,ZnO,1000.0,3.0,1,2,DISCRETE_BINARY,REPORTED,normalized_from_ratio,BINARY_BIT_SLICED_DIFFERENTIAL,BIT_SLICED_BINARY_MAPPING,16,4,15,3,6,7,609792,2400,128,307200,96.09,0.1400000000000005
ZnO_01,10.3390/electronics7120445,ZnO,1000.0,3.0,1,2,DISCRETE_BINARY,REPORTED,normalized_from_ratio,BINARY_BIT_SLICED_DIFFERENTIAL,BIT_SLICED_BINARY_MAPPING,64,4,15,3,6,5,609792,168,32,5376,96.09,0.1400000000000005
ZnO_01,10.3390/electronics7120445,ZnO,1000.0,3.0,1,2,DISCRETE_BINARY,REPORTED,normalized_from_ratio,BINARY_BIT_SLICED_DIFFERENTIAL,BIT_SLICED_BINARY_MAPPING,256,8,255,7,14,5,1422848,70,32,2240,96.09,0.1400000000000005
ZnO_01,10.3390/electronics7120445,ZnO,1000.0,3.0,1,2,DISCRETE_BINARY,REPORTED,normalized_from_ratio,BINARY_BIT_SLICED_DIFFERENTIAL,BIT_SLICED_BINARY_MAPPING,128,4,15,3,6,6,609792,48,64,3072,96.08,0.1500000000000056
ZnO_01,10.3390/electronics7120445,ZnO,1000.0,3.0,1,2,DISCRETE_BINARY,REPORTED,normalized_from_ratio,BINARY_BIT_SLICED_DIFFERENTIAL,BIT_SLICED_BINARY_MAPPING,64,4,15,3,6,6,609792,168,64,10752,96.08,0.1500000000000056
ZnO_01,10.3390/electronics7120445,ZnO,1000.0,3.0,1,2,DISCRETE_BINARY,REPORTED,normalized_from_ratio,BINARY_BIT_SLICED_DIFFERENTIAL,BIT_SLICED_BINARY_MAPPING,256,4,15,3,6,10,609792,30,1024,30720,96.07,0.1600000000000108
ZnO_01,10.3390/electronics7120445,ZnO,1000.0,3.0,1,2,DISCRETE_BINARY,REPORTED,normalized_from_ratio,BINARY_BIT_SLICED_DIFFERENTIAL,BIT_SLICED_BINARY_MAPPING,16,4,15,3,6,9,609792,2400,512,1228800,96.07,0.1600000000000108
ZnO_01,10.3390/electronics7120445,ZnO,1000.0,3.0,1,2,DISCRETE_BINARY,REPORTED,normalized_from_ratio,BINARY_BIT_SLICED_DIFFERENTIAL,BIT_SLICED_BINARY_MAPPING,16,4,15,3,6,8,609792,2400,256,614400,96.07,0.1600000000000108
ZnO_01,10.3390/electronics7120445,ZnO,1000.0,3.0,1,2,DISCRETE_BINARY,REPORTED,normalized_from_ratio,BINARY_BIT_SLICED_DIFFERENTIAL,BIT_SLICED_BINARY_MAPPING,64,5,31,4,8,5,813056,224,32,7168,96.07,0.1600000000000108
ZnO_01,10.3390/electronics7120445,ZnO,1000.0,3.0,1,2,DISCRETE_BINARY,REPORTED,normalized_from_ratio,BINARY_BIT_SLICED_DIFFERENTIAL,BIT_SLICED_BINARY_MAPPING,32,4,15,3,6,6,609792,624,64,39936,96.07,0.1600000000000108
ZnO_01,10.3390/electronics7120445,ZnO,1000.0,3.0,1,2,DISCRETE_BINARY,REPORTED,normalized_from_ratio,BINARY_BIT_SLICED_DIFFERENTIAL,BIT_SLICED_BINARY_MAPPING,32,4,15,3,6,8,609792,624,256,159744,96.07,0.1600000000000108
ZnO_01,10.3390/electronics7120445,ZnO,1000.0,3.0,1,2,DISCRETE_BINARY,REPORTED,normalized_from_ratio,BINARY_BIT_SLICED_DIFFERENTIAL,BIT_SLICED_BINARY_MAPPING,128,4,15,3,6,8,609792,48,256,12288,96.06,0.1700000000000017
ZnO_01,10.3390/electronics7120445,ZnO,1000.0,3.0,1,2,DISCRETE_BINARY,REPORTED,normalized_from_ratio,BINARY_BIT_SLICED_DIFFERENTIAL,BIT_SLICED_BINARY_MAPPING,128,4,15,3,6,10,609792,48,1024,49152,96.06,0.1700000000000017
ZnO_01,10.3390/electronics7120445,ZnO,1000.0,3.0,1,2,DISCRETE_BINARY,REPORTED,normalized_from_ratio,BINARY_BIT_SLICED_DIFFERENTIAL,BIT_SLICED_BINARY_MAPPING,128,8,255,7,14,5,1422848,112,32,3584,96.06,0.1700000000000017
ZnO_01,10.3390/electronics7120445,ZnO,1000.0,3.0,1,2,DISCRETE_BINARY,REPORTED,normalized_from_ratio,BINARY_BIT_SLICED_DIFFERENTIAL,BIT_SLICED_BINARY_MAPPING,32,4,15,3,6,10,609792,624,1024,638976,96.06,0.1700000000000017
ZnO_01,10.3390/electronics7120445,ZnO,1000.0,3.0,1,2,DISCRETE_BINARY,REPORTED,normalized_from_ratio,BINARY_BIT_SLICED_DIFFERENTIAL,BIT_SLICED_BINARY_MAPPING,32,4,15,3,6,5,609792,624,32,19968,96.06,0.1700000000000017
ZnO_01,10.3390/electronics7120445,ZnO,1000.0,3.0,1,2,DISCRETE_BINARY,REPORTED,normalized_from_ratio,BINARY_BIT_SLICED_DIFFERENTIAL,BIT_SLICED_BINARY_MAPPING,16,4,15,3,6,10,609792,2400,1024,2457600,96.06,0.1700000000000017
ZnO_01,10.3390/electronics7120445,ZnO,1000.0,3.0,1,2,DISCRETE_BINARY,REPORTED,normalized_from_ratio,BINARY_BIT_SLICED_DIFFERENTIAL,BIT_SLICED_BINARY_MAPPING,16,5,31,4,8,4,813056,3200,16,51200,96.06,0.1700000000000017
ZnO_01,10.3390/electronics7120445,ZnO,1000.0,3.0,1,2,DISCRETE_BINARY,REPORTED,normalized_from_ratio,BINARY_BIT_SLICED_DIFFERENTIAL,BIT_SLICED_BINARY_MAPPING,64,4,15,3,6,10,609792,168,1024,172032,96.06,0.1700000000000017
ZnO_01,10.3390/electronics7120445,ZnO,1000.0,3.0,1,2,DISCRETE_BINARY,REPORTED,normalized_from_ratio,BINARY_BIT_SLICED_DIFFERENTIAL,BIT_SLICED_BINARY_MAPPING,32,4,15,3,6,7,609792,624,128,79872,96.05,0.1800000000000068
ZnO_01,10.3390/electronics7120445,ZnO,1000.0,3.0,1,2,DISCRETE_BINARY,REPORTED,normalized_from_ratio,BINARY_BIT_SLICED_DIFFERENTIAL,BIT_SLICED_BINARY_MAPPING,128,6,63,5,10,5,1016320,80,32,2560,96.05,0.1800000000000068
ZnO_01,10.3390/electronics7120445,ZnO,1000.0,3.0,1,2,DISCRETE_BINARY,REPORTED,normalized_from_ratio,BINARY_BIT_SLICED_DIFFERENTIAL,BIT_SLICED_BINARY_MAPPING,256,4,15,3,6,8,609792,30,256,7680,96.05,0.1800000000000068
ZnO_01,10.3390/electronics7120445,ZnO,1000.0,3.0,1,2,DISCRETE_BINARY,REPORTED,normalized_from_ratio,BINARY_BIT_SLICED_DIFFERENTIAL,BIT_SLICED_BINARY_MAPPING,256,4,15,3,6,9,609792,30,512,15360,96.05,0.1800000000000068
ZnO_01,10.3390/electronics7120445,ZnO,1000.0,3.0,1,2,DISCRETE_BINARY,REPORTED,normalized_from_ratio,BINARY_BIT_SLICED_DIFFERENTIAL,BIT_SLICED_BINARY_MAPPING,64,4,15,3,6,8,609792,168,256,43008,96.04,0.1899999999999977
ZnO_01,10.3390/electronics7120445,ZnO,1000.0,3.0,1,2,DISCRETE_BINARY,REPORTED,normalized_from_ratio,BINARY_BIT_SLICED_DIFFERENTIAL,BIT_SLICED_BINARY_MAPPING,128,4,15,3,6,9,609792,48,512,24576,96.04,0.1899999999999977
ZnO_01,10.3390/electronics7120445,ZnO,1000.0,3.0,1,2,DISCRETE_BINARY,REPORTED,normalized_from_ratio,BINARY_BIT_SLICED_DIFFERENTIAL,BIT_SLICED_BINARY_MAPPING,64,7,127,6,12,4,1219584,336,16,5376,96.04,0.1899999999999977
ZnO_01,10.3390/electronics7120445,ZnO,1000.0,3.0,1,2,DISCRETE_BINARY,REPORTED,normalized_from_ratio,BINARY_BIT_SLICED_DIFFERENTIAL,BIT_SLICED_BINARY_MAPPING,256,4,15,3,6,7,609792,30,128,3840,96.04,0.1899999999999977
ZnO_01,10.3390/electronics7120445,ZnO,1000.0,3.0,1,2,DISCRETE_BINARY,REPORTED,normalized_from_ratio,BINARY_BIT_SLICED_DIFFERENTIAL,BIT_SLICED_BINARY_MAPPING,256,6,63,5,10,5,1016320,50,32,1600,96.04,0.1899999999999977
ZnO_01,10.3390/electronics7120445,ZnO,1000.0,3.0,1,2,DISCRETE_BINARY,REPORTED,normalized_from_ratio,BINARY_BIT_SLICED_DIFFERENTIAL,BIT_SLICED_BINARY_MAPPING,256,4,15,3,6,6,609792,30,64,1920,96.04,0.1899999999999977
ZnO_01,10.3390/electronics7120445,ZnO,1000.0,3.0,1,2,DISCRETE_BINARY,REPORTED,normalized_from_ratio,BINARY_BIT_SLICED_DIFFERENTIAL,BIT_SLICED_BINARY_MAPPING,32,4,15,3,6,9,609792,624,512,319488,96.04,0.1899999999999977
ZnO_01,10.3390/electronics7120445,ZnO,1000.0,3.0,1,2,DISCRETE_BINARY,REPORTED,normalized_from_ratio,BINARY_BIT_SLICED_DIFFERENTIAL,BIT_SLICED_BINARY_MAPPING,64,4,15,3,6,9,609792,168,512,86016,96.03,0.2000000000000028
ZnO_01,10.3390/electronics7120445,ZnO,1000.0,3.0,1,2,DISCRETE_BINARY,REPORTED,normalized_from_ratio,BINARY_BIT_SLICED_DIFFERENTIAL,BIT_SLICED_BINARY_MAPPING,128,4,15,3,6,7,609792,48,128,6144,96.03,0.2000000000000028
ZnO_01,10.3390/electronics7120445,ZnO,1000.0,3.0,1,2,DISCRETE_BINARY,REPORTED,normalized_from_ratio,BINARY_BIT_SLICED_DIFFERENTIAL,BIT_SLICED_BINARY_MAPPING,32,5,31,4,8,4,813056,832,16,13312,95.99,0.2400000000000091
ZnO_01,10.3390/electronics7120445,ZnO,1000.0,3.0,1,2,DISCRETE_BINARY,REPORTED,normalized_from_ratio,BINARY_BIT_SLICED_DIFFERENTIAL,BIT_SLICED_BINARY_MAPPING,32,4,15,3,6,4,609792,624,16,9984,95.97,0.2600000000000051
ZnO_01,10.3390/electronics7120445,ZnO,1000.0,3.0,1,2,DISCRETE_BINARY,REPORTED,normalized_from_ratio,BINARY_BIT_SLICED_DIFFERENTIAL,BIT_SLICED_BINARY_MAPPING,16,4,15,3,6,5,609792,2400,32,76800,95.96,0.2700000000000102
ZnO_01,10.3390/electronics7120445,ZnO,1000.0,3.0,1,2,DISCRETE_BINARY,REPORTED,normalized_from_ratio,BINARY_BIT_SLICED_DIFFERENTIAL,BIT_SLICED_BINARY_MAPPING,64,8,255,7,14,4,1422848,392,16,6272,95.95,0.2800000000000011
ZnO_01,10.3390/electronics7120445,ZnO,1000.0,3.0,1,2,DISCRETE_BINARY,REPORTED,normalized_from_ratio,BINARY_BIT_SLICED_DIFFERENTIAL,BIT_SLICED_BINARY_MAPPING,16,4,15,3,6,4,609792,2400,16,38400,95.95,0.2800000000000011
ZnO_01,10.3390/electronics7120445,ZnO,1000.0,3.0,1,2,DISCRETE_BINARY,REPORTED,normalized_from_ratio,BINARY_BIT_SLICED_DIFFERENTIAL,BIT_SLICED_BINARY_MAPPING,256,7,127,6,12,5,1219584,60,32,1920,95.94,0.2900000000000062
ZnO_01,10.3390/electronics7120445,ZnO,1000.0,3.0,1,2,DISCRETE_BINARY,REPORTED,normalized_from_ratio,BINARY_BIT_SLICED_DIFFERENTIAL,BIT_SLICED_BINARY_MAPPING,64,6,63,5,10,4,1016320,280,16,4480,95.93,0.2999999999999971
ZnO_01,10.3390/electronics7120445,ZnO,1000.0,3.0,1,2,DISCRETE_BINARY,REPORTED,normalized_from_ratio,BINARY_BIT_SLICED_DIFFERENTIAL,BIT_SLICED_BINARY_MAPPING,128,5,31,4,8,5,813056,64,32,2048,95.91,0.3200000000000074
ZnO_01,10.3390/electronics7120445,ZnO,1000.0,3.0,1,2,DISCRETE_BINARY,REPORTED,normalized_from_ratio,BINARY_BIT_SLICED_DIFFERENTIAL,BIT_SLICED_BINARY_MAPPING,128,7,127,6,12,5,1219584,96,32,3072,95.9,0.3299999999999983
ZnO_01,10.3390/electronics7120445,ZnO,1000.0,3.0,1,2,DISCRETE_BINARY,REPORTED,normalized_from_ratio,BINARY_BIT_SLICED_DIFFERENTIAL,BIT_SLICED_BINARY_MAPPING,256,4,15,3,6,5,609792,30,32,960,95.89,0.3400000000000034
ZnO_01,10.3390/electronics7120445,ZnO,1000.0,3.0,1,2,DISCRETE_BINARY,REPORTED,normalized_from_ratio,BINARY_BIT_SLICED_DIFFERENTIAL,BIT_SLICED_BINARY_MAPPING,256,5,31,4,8,5,813056,40,32,1280,95.87,0.3599999999999994
ZnO_01,10.3390/electronics7120445,ZnO,1000.0,3.0,1,2,DISCRETE_BINARY,REPORTED,normalized_from_ratio,BINARY_BIT_SLICED_DIFFERENTIAL,BIT_SLICED_BINARY_MAPPING,128,4,15,3,6,5,609792,48,32,1536,95.86,0.3700000000000045
ZnO_01,10.3390/electronics7120445,ZnO,1000.0,3.0,1,2,DISCRETE_BINARY,REPORTED,normalized_from_ratio,BINARY_BIT_SLICED_DIFFERENTIAL,BIT_SLICED_BINARY_MAPPING,64,4,15,3,6,4,609792,168,16,2688,95.75,0.480000000000004
ZnO_01,10.3390/electronics7120445,ZnO,1000.0,3.0,1,2,DISCRETE_BINARY,REPORTED,normalized_from_ratio,BINARY_BIT_SLICED_DIFFERENTIAL,BIT_SLICED_BINARY_MAPPING,64,5,31,4,8,4,813056,224,16,3584,95.73,0.5
ZnO_01,10.3390/electronics7120445,ZnO,1000.0,3.0,1,2,DISCRETE_BINARY,REPORTED,normalized_from_ratio,BINARY_BIT_SLICED_DIFFERENTIAL,BIT_SLICED_BINARY_MAPPING,128,8,255,7,14,4,1422848,112,16,1792,95.32,0.9100000000000108
ZnO_01,10.3390/electronics7120445,ZnO,1000.0,3.0,1,2,DISCRETE_BINARY,REPORTED,normalized_from_ratio,BINARY_BIT_SLICED_DIFFERENTIAL,BIT_SLICED_BINARY_MAPPING,128,6,63,5,10,4,1016320,80,16,1280,95.27,0.960000000000008
ZnO_01,10.3390/electronics7120445,ZnO,1000.0,3.0,1,2,DISCRETE_BINARY,REPORTED,normalized_from_ratio,BINARY_BIT_SLICED_DIFFERENTIAL,BIT_SLICED_BINARY_MAPPING,256,7,127,6,12,4,1219584,60,16,960,95.27,0.960000000000008
ZnO_01,10.3390/electronics7120445,ZnO,1000.0,3.0,1,2,DISCRETE_BINARY,REPORTED,normalized_from_ratio,BINARY_BIT_SLICED_DIFFERENTIAL,BIT_SLICED_BINARY_MAPPING,128,7,127,6,12,4,1219584,96,16,1536,95.24,0.9900000000000092
ZnO_01,10.3390/electronics7120445,ZnO,1000.0,3.0,1,2,DISCRETE_BINARY,REPORTED,normalized_from_ratio,BINARY_BIT_SLICED_DIFFERENTIAL,BIT_SLICED_BINARY_MAPPING,256,8,255,7,14,4,1422848,70,16,1120,95.19,1.0400000000000065
ZnO_01,10.3390/electronics7120445,ZnO,1000.0,3.0,1,2,DISCRETE_BINARY,REPORTED,normalized_from_ratio,BINARY_BIT_SLICED_DIFFERENTIAL,BIT_SLICED_BINARY_MAPPING,256,6,63,5,10,4,1016320,50,16,800,95.15,1.0799999999999983
ZnO_01,10.3390/electronics7120445,ZnO,1000.0,3.0,1,2,DISCRETE_BINARY,REPORTED,normalized_from_ratio,BINARY_BIT_SLICED_DIFFERENTIAL,BIT_SLICED_BINARY_MAPPING,128,5,31,4,8,4,813056,64,16,1024,95.08,1.1500000000000057
ZnO_01,10.3390/electronics7120445,ZnO,1000.0,3.0,1,2,DISCRETE_BINARY,REPORTED,normalized_from_ratio,BINARY_BIT_SLICED_DIFFERENTIAL,BIT_SLICED_BINARY_MAPPING,256,5,31,4,8,4,813056,40,16,640,95.07,1.1600000000000108
ZnO_01,10.3390/electronics7120445,ZnO,1000.0,3.0,1,2,DISCRETE_BINARY,REPORTED,normalized_from_ratio,BINARY_BIT_SLICED_DIFFERENTIAL,BIT_SLICED_BINARY_MAPPING,128,4,15,3,6,4,609792,48,16,768,94.56,1.6700000000000017
ZnO_01,10.3390/electronics7120445,ZnO,1000.0,3.0,1,2,DISCRETE_BINARY,REPORTED,normalized_from_ratio,BINARY_BIT_SLICED_DIFFERENTIAL,BIT_SLICED_BINARY_MAPPING,256,4,15,3,6,4,609792,30,16,480,94.44,1.7900000000000065
ZnO_01,10.3390/electronics7120445,ZnO,1000.0,3.0,1,2,DISCRETE_BINARY,REPORTED,normalized_from_ratio,BINARY_BIT_SLICED_DIFFERENTIAL,BIT_SLICED_BINARY_MAPPING,128,3,7,2,4,9,406528,32,512,16384,92.26,3.969999999999999
ZnO_01,10.3390/electronics7120445,ZnO,1000.0,3.0,1,2,DISCRETE_BINARY,REPORTED,normalized_from_ratio,BINARY_BIT_SLICED_DIFFERENTIAL,BIT_SLICED_BINARY_MAPPING,32,3,7,2,4,9,406528,416,512,212992,92.26,3.969999999999999
ZnO_01,10.3390/electronics7120445,ZnO,1000.0,3.0,1,2,DISCRETE_BINARY,REPORTED,normalized_from_ratio,BINARY_BIT_SLICED_DIFFERENTIAL,BIT_SLICED_BINARY_MAPPING,16,3,7,2,4,5,406528,1600,32,51200,92.25,3.980000000000004
ZnO_01,10.3390/electronics7120445,ZnO,1000.0,3.0,1,2,DISCRETE_BINARY,REPORTED,normalized_from_ratio,BINARY_BIT_SLICED_DIFFERENTIAL,BIT_SLICED_BINARY_MAPPING,64,3,7,2,4,9,406528,112,512,57344,92.25,3.980000000000004
ZnO_01,10.3390/electronics7120445,ZnO,1000.0,3.0,1,2,DISCRETE_BINARY,REPORTED,normalized_from_ratio,BINARY_BIT_SLICED_DIFFERENTIAL,BIT_SLICED_BINARY_MAPPING,16,3,7,2,4,10,406528,1600,1024,1638400,92.24,3.990000000000009
ZnO_01,10.3390/electronics7120445,ZnO,1000.0,3.0,1,2,DISCRETE_BINARY,REPORTED,normalized_from_ratio,BINARY_BIT_SLICED_DIFFERENTIAL,BIT_SLICED_BINARY_MAPPING,32,3,7,2,4,7,406528,416,128,53248,92.23,4.0
ZnO_01,10.3390/electronics7120445,ZnO,1000.0,3.0,1,2,DISCRETE_BINARY,REPORTED,normalized_from_ratio,BINARY_BIT_SLICED_DIFFERENTIAL,BIT_SLICED_BINARY_MAPPING,32,3,7,2,4,10,406528,416,1024,425984,92.23,4.0
ZnO_01,10.3390/electronics7120445,ZnO,1000.0,3.0,1,2,DISCRETE_BINARY,REPORTED,normalized_from_ratio,BINARY_BIT_SLICED_DIFFERENTIAL,BIT_SLICED_BINARY_MAPPING,16,3,7,2,4,9,406528,1600,512,819200,92.23,4.0
ZnO_01,10.3390/electronics7120445,ZnO,1000.0,3.0,1,2,DISCRETE_BINARY,REPORTED,normalized_from_ratio,BINARY_BIT_SLICED_DIFFERENTIAL,BIT_SLICED_BINARY_MAPPING,64,3,7,2,4,10,406528,112,1024,114688,92.22,4.010000000000005
ZnO_01,10.3390/electronics7120445,ZnO,1000.0,3.0,1,2,DISCRETE_BINARY,REPORTED,normalized_from_ratio,BINARY_BIT_SLICED_DIFFERENTIAL,BIT_SLICED_BINARY_MAPPING,16,3,7,2,4,7,406528,1600,128,204800,92.22,4.010000000000005
ZnO_01,10.3390/electronics7120445,ZnO,1000.0,3.0,1,2,DISCRETE_BINARY,REPORTED,normalized_from_ratio,BINARY_BIT_SLICED_DIFFERENTIAL,BIT_SLICED_BINARY_MAPPING,256,3,7,2,4,10,406528,20,1024,20480,92.22,4.010000000000005
ZnO_01,10.3390/electronics7120445,ZnO,1000.0,3.0,1,2,DISCRETE_BINARY,REPORTED,normalized_from_ratio,BINARY_BIT_SLICED_DIFFERENTIAL,BIT_SLICED_BINARY_MAPPING,128,3,7,2,4,10,406528,32,1024,32768,92.22,4.010000000000005
ZnO_01,10.3390/electronics7120445,ZnO,1000.0,3.0,1,2,DISCRETE_BINARY,REPORTED,normalized_from_ratio,BINARY_BIT_SLICED_DIFFERENTIAL,BIT_SLICED_BINARY_MAPPING,256,3,7,2,4,9,406528,20,512,10240,92.21,4.02000000000001
ZnO_01,10.3390/electronics7120445,ZnO,1000.0,3.0,1,2,DISCRETE_BINARY,REPORTED,normalized_from_ratio,BINARY_BIT_SLICED_DIFFERENTIAL,BIT_SLICED_BINARY_MAPPING,16,3,7,2,4,8,406528,1600,256,409600,92.19,4.040000000000006
ZnO_01,10.3390/electronics7120445,ZnO,1000.0,3.0,1,2,DISCRETE_BINARY,REPORTED,normalized_from_ratio,BINARY_BIT_SLICED_DIFFERENTIAL,BIT_SLICED_BINARY_MAPPING,64,3,7,2,4,8,406528,112,256,28672,92.19,4.040000000000006
ZnO_01,10.3390/electronics7120445,ZnO,1000.0,3.0,1,2,DISCRETE_BINARY,REPORTED,normalized_from_ratio,BINARY_BIT_SLICED_DIFFERENTIAL,BIT_SLICED_BINARY_MAPPING,64,3,7,2,4,7,406528,112,128,14336,92.19,4.040000000000006
ZnO_01,10.3390/electronics7120445,ZnO,1000.0,3.0,1,2,DISCRETE_BINARY,REPORTED,normalized_from_ratio,BINARY_BIT_SLICED_DIFFERENTIAL,BIT_SLICED_BINARY_MAPPING,32,3,7,2,4,8,406528,416,256,106496,92.19,4.040000000000006
ZnO_01,10.3390/electronics7120445,ZnO,1000.0,3.0,1,2,DISCRETE_BINARY,REPORTED,normalized_from_ratio,BINARY_BIT_SLICED_DIFFERENTIAL,BIT_SLICED_BINARY_MAPPING,128,3,7,2,4,8,406528,32,256,8192,92.18,4.049999999999997
ZnO_01,10.3390/electronics7120445,ZnO,1000.0,3.0,1,2,DISCRETE_BINARY,REPORTED,normalized_from_ratio,BINARY_BIT_SLICED_DIFFERENTIAL,BIT_SLICED_BINARY_MAPPING,256,3,7,2,4,8,406528,20,256,5120,92.14,4.090000000000003
ZnO_01,10.3390/electronics7120445,ZnO,1000.0,3.0,1,2,DISCRETE_BINARY,REPORTED,normalized_from_ratio,BINARY_BIT_SLICED_DIFFERENTIAL,BIT_SLICED_BINARY_MAPPING,256,3,7,2,4,7,406528,20,128,2560,92.14,4.090000000000003
ZnO_01,10.3390/electronics7120445,ZnO,1000.0,3.0,1,2,DISCRETE_BINARY,REPORTED,normalized_from_ratio,BINARY_BIT_SLICED_DIFFERENTIAL,BIT_SLICED_BINARY_MAPPING,128,3,7,2,4,7,406528,32,128,4096,92.11,4.1200000000000045
ZnO_01,10.3390/electronics7120445,ZnO,1000.0,3.0,1,2,DISCRETE_BINARY,REPORTED,normalized_from_ratio,BINARY_BIT_SLICED_DIFFERENTIAL,BIT_SLICED_BINARY_MAPPING,16,3,7,2,4,6,406528,1600,64,102400,92.1,4.13000000000001
ZnO_01,10.3390/electronics7120445,ZnO,1000.0,3.0,1,2,DISCRETE_BINARY,REPORTED,normalized_from_ratio,BINARY_BIT_SLICED_DIFFERENTIAL,BIT_SLICED_BINARY_MAPPING,64,3,7,2,4,6,406528,112,64,7168,92.09,4.140000000000001
ZnO_01,10.3390/electronics7120445,ZnO,1000.0,3.0,1,2,DISCRETE_BINARY,REPORTED,normalized_from_ratio,BINARY_BIT_SLICED_DIFFERENTIAL,BIT_SLICED_BINARY_MAPPING,32,3,7,2,4,6,406528,416,64,26624,92.07,4.160000000000011
ZnO_01,10.3390/electronics7120445,ZnO,1000.0,3.0,1,2,DISCRETE_BINARY,REPORTED,normalized_from_ratio,BINARY_BIT_SLICED_DIFFERENTIAL,BIT_SLICED_BINARY_MAPPING,128,3,7,2,4,6,406528,32,64,2048,92.05,4.180000000000007
ZnO_01,10.3390/electronics7120445,ZnO,1000.0,3.0,1,2,DISCRETE_BINARY,REPORTED,normalized_from_ratio,BINARY_BIT_SLICED_DIFFERENTIAL,BIT_SLICED_BINARY_MAPPING,32,3,7,2,4,5,406528,416,32,13312,91.91,4.320000000000007
ZnO_01,10.3390/electronics7120445,ZnO,1000.0,3.0,1,2,DISCRETE_BINARY,REPORTED,normalized_from_ratio,BINARY_BIT_SLICED_DIFFERENTIAL,BIT_SLICED_BINARY_MAPPING,16,3,7,2,4,4,406528,1600,16,25600,91.91,4.320000000000007
ZnO_01,10.3390/electronics7120445,ZnO,1000.0,3.0,1,2,DISCRETE_BINARY,REPORTED,normalized_from_ratio,BINARY_BIT_SLICED_DIFFERENTIAL,BIT_SLICED_BINARY_MAPPING,256,3,7,2,4,6,406528,20,64,1280,91.79,4.439999999999998
ZnO_01,10.3390/electronics7120445,ZnO,1000.0,3.0,1,2,DISCRETE_BINARY,REPORTED,normalized_from_ratio,BINARY_BIT_SLICED_DIFFERENTIAL,BIT_SLICED_BINARY_MAPPING,64,3,7,2,4,5,406528,112,32,3584,91.77,4.460000000000008
ZnO_01,10.3390/electronics7120445,ZnO,1000.0,3.0,1,2,DISCRETE_BINARY,REPORTED,normalized_from_ratio,BINARY_BIT_SLICED_DIFFERENTIAL,BIT_SLICED_BINARY_MAPPING,32,3,7,2,4,4,406528,416,16,6656,91.65,4.579999999999998
ZnO_01,10.3390/electronics7120445,ZnO,1000.0,3.0,1,2,DISCRETE_BINARY,REPORTED,normalized_from_ratio,BINARY_BIT_SLICED_DIFFERENTIAL,BIT_SLICED_BINARY_MAPPING,64,3,7,2,4,4,406528,112,16,1792,91.63,4.6000000000000085
ZnO_01,10.3390/electronics7120445,ZnO,1000.0,3.0,1,2,DISCRETE_BINARY,REPORTED,normalized_from_ratio,BINARY_BIT_SLICED_DIFFERENTIAL,BIT_SLICED_BINARY_MAPPING,128,3,7,2,4,5,406528,32,32,1024,91.6,4.63000000000001
ZnO_01,10.3390/electronics7120445,ZnO,1000.0,3.0,1,2,DISCRETE_BINARY,REPORTED,normalized_from_ratio,BINARY_BIT_SLICED_DIFFERENTIAL,BIT_SLICED_BINARY_MAPPING,256,3,7,2,4,5,406528,20,32,640,91.45,4.780000000000001
ZnO_01,10.3390/electronics7120445,ZnO,1000.0,3.0,1,2,DISCRETE_BINARY,REPORTED,normalized_from_ratio,BINARY_BIT_SLICED_DIFFERENTIAL,BIT_SLICED_BINARY_MAPPING,128,3,7,2,4,4,406528,32,16,512,90.83,5.400000000000006
ZnO_01,10.3390/electronics7120445,ZnO,1000.0,3.0,1,2,DISCRETE_BINARY,REPORTED,normalized_from_ratio,BINARY_BIT_SLICED_DIFFERENTIAL,BIT_SLICED_BINARY_MAPPING,256,3,7,2,4,4,406528,20,16,320,90.46,5.77000000000001
ZnO_01,10.3390/electronics7120445,ZnO,1000.0,3.0,1,2,DISCRETE_BINARY,REPORTED,normalized_from_ratio,BINARY_BIT_SLICED_DIFFERENTIAL,BIT_SLICED_BINARY_MAPPING,16,2,3,1,2,4,203264,800,16,12800,12.06,84.17
ZnO_01,10.3390/electronics7120445,ZnO,1000.0,3.0,1,2,DISCRETE_BINARY,REPORTED,normalized_from_ratio,BINARY_BIT_SLICED_DIFFERENTIAL,BIT_SLICED_BINARY_MAPPING,256,2,3,1,2,5,203264,10,32,320,11.96,84.27000000000001
ZnO_01,10.3390/electronics7120445,ZnO,1000.0,3.0,1,2,DISCRETE_BINARY,REPORTED,normalized_from_ratio,BINARY_BIT_SLICED_DIFFERENTIAL,BIT_SLICED_BINARY_MAPPING,64,2,3,1,2,4,203264,56,16,896,11.91,84.32000000000001
ZnO_01,10.3390/electronics7120445,ZnO,1000.0,3.0,1,2,DISCRETE_BINARY,REPORTED,normalized_from_ratio,BINARY_BIT_SLICED_DIFFERENTIAL,BIT_SLICED_BINARY_MAPPING,32,2,3,1,2,4,203264,208,16,3328,11.91,84.32000000000001
ZnO_01,10.3390/electronics7120445,ZnO,1000.0,3.0,1,2,DISCRETE_BINARY,REPORTED,normalized_from_ratio,BINARY_BIT_SLICED_DIFFERENTIAL,BIT_SLICED_BINARY_MAPPING,128,2,3,1,2,5,203264,16,32,512,11.77,84.46000000000001
ZnO_01,10.3390/electronics7120445,ZnO,1000.0,3.0,1,2,DISCRETE_BINARY,REPORTED,normalized_from_ratio,BINARY_BIT_SLICED_DIFFERENTIAL,BIT_SLICED_BINARY_MAPPING,256,2,3,1,2,6,203264,10,64,640,11.73,84.5
ZnO_01,10.3390/electronics7120445,ZnO,1000.0,3.0,1,2,DISCRETE_BINARY,REPORTED,normalized_from_ratio,BINARY_BIT_SLICED_DIFFERENTIAL,BIT_SLICED_BINARY_MAPPING,32,2,3,1,2,5,203264,208,32,6656,11.73,84.5
ZnO_01,10.3390/electronics7120445,ZnO,1000.0,3.0,1,2,DISCRETE_BINARY,REPORTED,normalized_from_ratio,BINARY_BIT_SLICED_DIFFERENTIAL,BIT_SLICED_BINARY_MAPPING,128,2,3,1,2,6,203264,16,64,1024,11.68,84.55000000000001
ZnO_01,10.3390/electronics7120445,ZnO,1000.0,3.0,1,2,DISCRETE_BINARY,REPORTED,normalized_from_ratio,BINARY_BIT_SLICED_DIFFERENTIAL,BIT_SLICED_BINARY_MAPPING,16,2,3,1,2,10,203264,800,1024,819200,11.53,84.7
ZnO_01,10.3390/electronics7120445,ZnO,1000.0,3.0,1,2,DISCRETE_BINARY,REPORTED,normalized_from_ratio,BINARY_BIT_SLICED_DIFFERENTIAL,BIT_SLICED_BINARY_MAPPING,128,2,3,1,2,7,203264,16,128,2048,11.53,84.7
ZnO_01,10.3390/electronics7120445,ZnO,1000.0,3.0,1,2,DISCRETE_BINARY,REPORTED,normalized_from_ratio,BINARY_BIT_SLICED_DIFFERENTIAL,BIT_SLICED_BINARY_MAPPING,256,2,3,1,2,7,203264,10,128,1280,11.52,84.71000000000001
ZnO_01,10.3390/electronics7120445,ZnO,1000.0,3.0,1,2,DISCRETE_BINARY,REPORTED,normalized_from_ratio,BINARY_BIT_SLICED_DIFFERENTIAL,BIT_SLICED_BINARY_MAPPING,16,2,3,1,2,8,203264,800,256,204800,11.51,84.72
ZnO_01,10.3390/electronics7120445,ZnO,1000.0,3.0,1,2,DISCRETE_BINARY,REPORTED,normalized_from_ratio,BINARY_BIT_SLICED_DIFFERENTIAL,BIT_SLICED_BINARY_MAPPING,256,2,3,1,2,8,203264,10,256,2560,11.5,84.73
ZnO_01,10.3390/electronics7120445,ZnO,1000.0,3.0,1,2,DISCRETE_BINARY,REPORTED,normalized_from_ratio,BINARY_BIT_SLICED_DIFFERENTIAL,BIT_SLICED_BINARY_MAPPING,16,2,3,1,2,5,203264,800,32,25600,11.48,84.75
ZnO_01,10.3390/electronics7120445,ZnO,1000.0,3.0,1,2,DISCRETE_BINARY,REPORTED,normalized_from_ratio,BINARY_BIT_SLICED_DIFFERENTIAL,BIT_SLICED_BINARY_MAPPING,128,2,3,1,2,8,203264,16,256,4096,11.48,84.75
ZnO_01,10.3390/electronics7120445,ZnO,1000.0,3.0,1,2,DISCRETE_BINARY,REPORTED,normalized_from_ratio,BINARY_BIT_SLICED_DIFFERENTIAL,BIT_SLICED_BINARY_MAPPING,64,2,3,1,2,6,203264,56,64,3584,11.48,84.75
ZnO_01,10.3390/electronics7120445,ZnO,1000.0,3.0,1,2,DISCRETE_BINARY,REPORTED,normalized_from_ratio,BINARY_BIT_SLICED_DIFFERENTIAL,BIT_SLICED_BINARY_MAPPING,32,2,3,1,2,10,203264,208,1024,212992,11.39,84.84
ZnO_01,10.3390/electronics7120445,ZnO,1000.0,3.0,1,2,DISCRETE_BINARY,REPORTED,normalized_from_ratio,BINARY_BIT_SLICED_DIFFERENTIAL,BIT_SLICED_BINARY_MAPPING,32,2,3,1,2,7,203264,208,128,26624,11.38,84.85000000000001
ZnO_01,10.3390/electronics7120445,ZnO,1000.0,3.0,1,2,DISCRETE_BINARY,REPORTED,normalized_from_ratio,BINARY_BIT_SLICED_DIFFERENTIAL,BIT_SLICED_BINARY_MAPPING,32,2,3,1,2,8,203264,208,256,53248,11.37,84.86
ZnO_01,10.3390/electronics7120445,ZnO,1000.0,3.0,1,2,DISCRETE_BINARY,REPORTED,normalized_from_ratio,BINARY_BIT_SLICED_DIFFERENTIAL,BIT_SLICED_BINARY_MAPPING,16,2,3,1,2,6,203264,800,64,51200,11.37,84.86
ZnO_01,10.3390/electronics7120445,ZnO,1000.0,3.0,1,2,DISCRETE_BINARY,REPORTED,normalized_from_ratio,BINARY_BIT_SLICED_DIFFERENTIAL,BIT_SLICED_BINARY_MAPPING,16,2,3,1,2,7,203264,800,128,102400,11.36,84.87
ZnO_01,10.3390/electronics7120445,ZnO,1000.0,3.0,1,2,DISCRETE_BINARY,REPORTED,normalized_from_ratio,BINARY_BIT_SLICED_DIFFERENTIAL,BIT_SLICED_BINARY_MAPPING,64,2,3,1,2,8,203264,56,256,14336,11.35,84.88000000000001
ZnO_01,10.3390/electronics7120445,ZnO,1000.0,3.0,1,2,DISCRETE_BINARY,REPORTED,normalized_from_ratio,BINARY_BIT_SLICED_DIFFERENTIAL,BIT_SLICED_BINARY_MAPPING,64,2,3,1,2,5,203264,56,32,1792,11.33,84.9
ZnO_01,10.3390/electronics7120445,ZnO,1000.0,3.0,1,2,DISCRETE_BINARY,REPORTED,normalized_from_ratio,BINARY_BIT_SLICED_DIFFERENTIAL,BIT_SLICED_BINARY_MAPPING,64,2,3,1,2,10,203264,56,1024,57344,11.33,84.9
ZnO_01,10.3390/electronics7120445,ZnO,1000.0,3.0,1,2,DISCRETE_BINARY,REPORTED,normalized_from_ratio,BINARY_BIT_SLICED_DIFFERENTIAL,BIT_SLICED_BINARY_MAPPING,256,2,3,1,2,10,203264,10,1024,10240,11.3,84.93
ZnO_01,10.3390/electronics7120445,ZnO,1000.0,3.0,1,2,DISCRETE_BINARY,REPORTED,normalized_from_ratio,BINARY_BIT_SLICED_DIFFERENTIAL,BIT_SLICED_BINARY_MAPPING,32,2,3,1,2,6,203264,208,64,13312,11.27,84.96000000000001
ZnO_01,10.3390/electronics7120445,ZnO,1000.0,3.0,1,2,DISCRETE_BINARY,REPORTED,normalized_from_ratio,BINARY_BIT_SLICED_DIFFERENTIAL,BIT_SLICED_BINARY_MAPPING,128,2,3,1,2,10,203264,16,1024,16384,11.24,84.99000000000001
ZnO_01,10.3390/electronics7120445,ZnO,1000.0,3.0,1,2,DISCRETE_BINARY,REPORTED,normalized_from_ratio,BINARY_BIT_SLICED_DIFFERENTIAL,BIT_SLICED_BINARY_MAPPING,64,2,3,1,2,7,203264,56,128,7168,11.23,85.0
ZnO_01,10.3390/electronics7120445,ZnO,1000.0,3.0,1,2,DISCRETE_BINARY,REPORTED,normalized_from_ratio,BINARY_BIT_SLICED_DIFFERENTIAL,BIT_SLICED_BINARY_MAPPING,256,2,3,1,2,9,203264,10,512,5120,11.21,85.02000000000001
ZnO_01,10.3390/electronics7120445,ZnO,1000.0,3.0,1,2,DISCRETE_BINARY,REPORTED,normalized_from_ratio,BINARY_BIT_SLICED_DIFFERENTIAL,BIT_SLICED_BINARY_MAPPING,128,2,3,1,2,9,203264,16,512,8192,11.21,85.02000000000001
ZnO_01,10.3390/electronics7120445,ZnO,1000.0,3.0,1,2,DISCRETE_BINARY,REPORTED,normalized_from_ratio,BINARY_BIT_SLICED_DIFFERENTIAL,BIT_SLICED_BINARY_MAPPING,64,2,3,1,2,9,203264,56,512,28672,11.19,85.04
ZnO_01,10.3390/electronics7120445,ZnO,1000.0,3.0,1,2,DISCRETE_BINARY,REPORTED,normalized_from_ratio,BINARY_BIT_SLICED_DIFFERENTIAL,BIT_SLICED_BINARY_MAPPING,16,2,3,1,2,9,203264,800,512,409600,11.17,85.06
ZnO_01,10.3390/electronics7120445,ZnO,1000.0,3.0,1,2,DISCRETE_BINARY,REPORTED,normalized_from_ratio,BINARY_BIT_SLICED_DIFFERENTIAL,BIT_SLICED_BINARY_MAPPING,32,2,3,1,2,9,203264,208,512,106496,11.14,85.09
ZnO_01,10.3390/electronics7120445,ZnO,1000.0,3.0,1,2,DISCRETE_BINARY,REPORTED,normalized_from_ratio,BINARY_BIT_SLICED_DIFFERENTIAL,BIT_SLICED_BINARY_MAPPING,128,2,3,1,2,4,203264,16,16,256,10.98,85.25
ZnO_01,10.3390/electronics7120445,ZnO,1000.0,3.0,1,2,DISCRETE_BINARY,REPORTED,normalized_from_ratio,BINARY_BIT_SLICED_DIFFERENTIAL,BIT_SLICED_BINARY_MAPPING,256,2,3,1,2,4,203264,10,16,160,10.16,86.07000000000001
TaOx_01,10.1038/s41598-017-18329-3,TaOx,2909.09,3.463757157444634,1,7,DISCRETE_MULTILEVEL,DERIVED,absolute,SINGLE_DIFFERENTIAL_PAIR,DERIVED_DEVICE_STATE_CAP,64,8,13,0,2,9,203264,56,512,28672,96.17,0.0600000000000022
TaOx_01,10.1038/s41598-017-18329-3,TaOx,2909.09,3.463757157444634,1,7,DISCRETE_MULTILEVEL,DERIVED,absolute,SINGLE_DIFFERENTIAL_PAIR,DERIVED_DEVICE_STATE_CAP,64,7,13,0,2,9,203264,56,512,28672,96.17,0.0600000000000022
TaOx_01,10.1038/s41598-017-18329-3,TaOx,2909.09,3.463757157444634,1,7,DISCRETE_MULTILEVEL,DERIVED,absolute,SINGLE_DIFFERENTIAL_PAIR,DERIVED_DEVICE_STATE_CAP,64,6,13,0,2,9,203264,56,512,28672,96.17,0.0600000000000022
TaOx_01,10.1038/s41598-017-18329-3,TaOx,2909.09,3.463757157444634,1,7,DISCRETE_MULTILEVEL,DERIVED,absolute,SINGLE_DIFFERENTIAL_PAIR,DERIVED_DEVICE_STATE_CAP,64,5,13,0,2,9,203264,56,512,28672,96.17,0.0600000000000022
TaOx_01,10.1038/s41598-017-18329-3,TaOx,2909.09,3.463757157444634,1,7,DISCRETE_MULTILEVEL,DERIVED,absolute,SINGLE_DIFFERENTIAL_PAIR,DERIVED_DEVICE_STATE_CAP,64,4,13,0,2,9,203264,56,512,28672,96.17,0.0600000000000022
TaOx_01,10.1038/s41598-017-18329-3,TaOx,2909.09,3.463757157444634,1,7,DISCRETE_MULTILEVEL,DERIVED,absolute,SINGLE_DIFFERENTIAL_PAIR,DERIVED_DEVICE_STATE_CAP,32,7,13,0,2,7,203264,208,128,26624,96.13,0.1000000000000085
TaOx_01,10.1038/s41598-017-18329-3,TaOx,2909.09,3.463757157444634,1,7,DISCRETE_MULTILEVEL,DERIVED,absolute,SINGLE_DIFFERENTIAL_PAIR,DERIVED_DEVICE_STATE_CAP,32,6,13,0,2,7,203264,208,128,26624,96.13,0.1000000000000085
TaOx_01,10.1038/s41598-017-18329-3,TaOx,2909.09,3.463757157444634,1,7,DISCRETE_MULTILEVEL,DERIVED,absolute,SINGLE_DIFFERENTIAL_PAIR,DERIVED_DEVICE_STATE_CAP,32,5,13,0,2,7,203264,208,128,26624,96.13,0.1000000000000085
TaOx_01,10.1038/s41598-017-18329-3,TaOx,2909.09,3.463757157444634,1,7,DISCRETE_MULTILEVEL,DERIVED,absolute,SINGLE_DIFFERENTIAL_PAIR,DERIVED_DEVICE_STATE_CAP,32,8,13,0,2,7,203264,208,128,26624,96.13,0.1000000000000085
TaOx_01,10.1038/s41598-017-18329-3,TaOx,2909.09,3.463757157444634,1,7,DISCRETE_MULTILEVEL,DERIVED,absolute,SINGLE_DIFFERENTIAL_PAIR,DERIVED_DEVICE_STATE_CAP,32,4,13,0,2,7,203264,208,128,26624,96.13,0.1000000000000085
TaOx_01,10.1038/s41598-017-18329-3,TaOx,2909.09,3.463757157444634,1,7,DISCRETE_MULTILEVEL,DERIVED,absolute,SINGLE_DIFFERENTIAL_PAIR,DERIVED_DEVICE_STATE_CAP,16,7,13,0,2,8,203264,800,256,204800,96.12,0.1099999999999994
TaOx_01,10.1038/s41598-017-18329-3,TaOx,2909.09,3.463757157444634,1,7,DISCRETE_MULTILEVEL,DERIVED,absolute,SINGLE_DIFFERENTIAL_PAIR,DERIVED_DEVICE_STATE_CAP,16,6,13,0,2,8,203264,800,256,204800,96.12,0.1099999999999994
TaOx_01,10.1038/s41598-017-18329-3,TaOx,2909.09,3.463757157444634,1,7,DISCRETE_MULTILEVEL,DERIVED,absolute,SINGLE_DIFFERENTIAL_PAIR,DERIVED_DEVICE_STATE_CAP,16,8,13,0,2,8,203264,800,256,204800,96.12,0.1099999999999994
TaOx_01,10.1038/s41598-017-18329-3,TaOx,2909.09,3.463757157444634,1,7,DISCRETE_MULTILEVEL,DERIVED,absolute,SINGLE_DIFFERENTIAL_PAIR,DERIVED_DEVICE_STATE_CAP,16,5,13,0,2,8,203264,800,256,204800,96.12,0.1099999999999994
TaOx_01,10.1038/s41598-017-18329-3,TaOx,2909.09,3.463757157444634,1,7,DISCRETE_MULTILEVEL,DERIVED,absolute,SINGLE_DIFFERENTIAL_PAIR,DERIVED_DEVICE_STATE_CAP,16,4,13,0,2,8,203264,800,256,204800,96.12,0.1099999999999994
TaOx_01,10.1038/s41598-017-18329-3,TaOx,2909.09,3.463757157444634,1,7,DISCRETE_MULTILEVEL,DERIVED,absolute,SINGLE_DIFFERENTIAL_PAIR,DERIVED_DEVICE_STATE_CAP,32,6,13,0,2,8,203264,208,256,53248,96.11,0.1200000000000045
TaOx_01,10.1038/s41598-017-18329-3,TaOx,2909.09,3.463757157444634,1,7,DISCRETE_MULTILEVEL,DERIVED,absolute,SINGLE_DIFFERENTIAL_PAIR,DERIVED_DEVICE_STATE_CAP,32,5,13,0,2,8,203264,208,256,53248,96.11,0.1200000000000045
TaOx_01,10.1038/s41598-017-18329-3,TaOx,2909.09,3.463757157444634,1,7,DISCRETE_MULTILEVEL,DERIVED,absolute,SINGLE_DIFFERENTIAL_PAIR,DERIVED_DEVICE_STATE_CAP,32,4,13,0,2,8,203264,208,256,53248,96.11,0.1200000000000045
TaOx_01,10.1038/s41598-017-18329-3,TaOx,2909.09,3.463757157444634,1,7,DISCRETE_MULTILEVEL,DERIVED,absolute,SINGLE_DIFFERENTIAL_PAIR,DERIVED_DEVICE_STATE_CAP,16,5,13,0,2,9,203264,800,512,409600,96.11,0.1200000000000045
TaOx_01,10.1038/s41598-017-18329-3,TaOx,2909.09,3.463757157444634,1,7,DISCRETE_MULTILEVEL,DERIVED,absolute,SINGLE_DIFFERENTIAL_PAIR,DERIVED_DEVICE_STATE_CAP,16,8,13,0,2,9,203264,800,512,409600,96.11,0.1200000000000045
TaOx_01,10.1038/s41598-017-18329-3,TaOx,2909.09,3.463757157444634,1,7,DISCRETE_MULTILEVEL,DERIVED,absolute,SINGLE_DIFFERENTIAL_PAIR,DERIVED_DEVICE_STATE_CAP,16,6,13,0,2,9,203264,800,512,409600,96.11,0.1200000000000045
TaOx_01,10.1038/s41598-017-18329-3,TaOx,2909.09,3.463757157444634,1,7,DISCRETE_MULTILEVEL,DERIVED,absolute,SINGLE_DIFFERENTIAL_PAIR,DERIVED_DEVICE_STATE_CAP,64,4,13,0,2,10,203264,56,1024,57344,96.11,0.1200000000000045
TaOx_01,10.1038/s41598-017-18329-3,TaOx,2909.09,3.463757157444634,1,7,DISCRETE_MULTILEVEL,DERIVED,absolute,SINGLE_DIFFERENTIAL_PAIR,DERIVED_DEVICE_STATE_CAP,128,6,13,0,2,10,203264,16,1024,16384,96.11,0.1200000000000045
TaOx_01,10.1038/s41598-017-18329-3,TaOx,2909.09,3.463757157444634,1,7,DISCRETE_MULTILEVEL,DERIVED,absolute,SINGLE_DIFFERENTIAL_PAIR,DERIVED_DEVICE_STATE_CAP,128,8,13,0,2,10,203264,16,1024,16384,96.11,0.1200000000000045
TaOx_01,10.1038/s41598-017-18329-3,TaOx,2909.09,3.463757157444634,1,7,DISCRETE_MULTILEVEL,DERIVED,absolute,SINGLE_DIFFERENTIAL_PAIR,DERIVED_DEVICE_STATE_CAP,128,7,13,0,2,10,203264,16,1024,16384,96.11,0.1200000000000045
TaOx_01,10.1038/s41598-017-18329-3,TaOx,2909.09,3.463757157444634,1,7,DISCRETE_MULTILEVEL,DERIVED,absolute,SINGLE_DIFFERENTIAL_PAIR,DERIVED_DEVICE_STATE_CAP,128,5,13,0,2,10,203264,16,1024,16384,96.11,0.1200000000000045
TaOx_01,10.1038/s41598-017-18329-3,TaOx,2909.09,3.463757157444634,1,7,DISCRETE_MULTILEVEL,DERIVED,absolute,SINGLE_DIFFERENTIAL_PAIR,DERIVED_DEVICE_STATE_CAP,128,4,13,0,2,10,203264,16,1024,16384,96.11,0.1200000000000045
TaOx_01,10.1038/s41598-017-18329-3,TaOx,2909.09,3.463757157444634,1,7,DISCRETE_MULTILEVEL,DERIVED,absolute,SINGLE_DIFFERENTIAL_PAIR,DERIVED_DEVICE_STATE_CAP,64,8,13,0,2,10,203264,56,1024,57344,96.11,0.1200000000000045
TaOx_01,10.1038/s41598-017-18329-3,TaOx,2909.09,3.463757157444634,1,7,DISCRETE_MULTILEVEL,DERIVED,absolute,SINGLE_DIFFERENTIAL_PAIR,DERIVED_DEVICE_STATE_CAP,64,7,13,0,2,10,203264,56,1024,57344,96.11,0.1200000000000045
TaOx_01,10.1038/s41598-017-18329-3,TaOx,2909.09,3.463757157444634,1,7,DISCRETE_MULTILEVEL,DERIVED,absolute,SINGLE_DIFFERENTIAL_PAIR,DERIVED_DEVICE_STATE_CAP,16,4,13,0,2,9,203264,800,512,409600,96.11,0.1200000000000045
TaOx_01,10.1038/s41598-017-18329-3,TaOx,2909.09,3.463757157444634,1,7,DISCRETE_MULTILEVEL,DERIVED,absolute,SINGLE_DIFFERENTIAL_PAIR,DERIVED_DEVICE_STATE_CAP,64,5,13,0,2,10,203264,56,1024,57344,96.11,0.1200000000000045
TaOx_01,10.1038/s41598-017-18329-3,TaOx,2909.09,3.463757157444634,1,7,DISCRETE_MULTILEVEL,DERIVED,absolute,SINGLE_DIFFERENTIAL_PAIR,DERIVED_DEVICE_STATE_CAP,64,6,13,0,2,10,203264,56,1024,57344,96.11,0.1200000000000045
TaOx_01,10.1038/s41598-017-18329-3,TaOx,2909.09,3.463757157444634,1,7,DISCRETE_MULTILEVEL,DERIVED,absolute,SINGLE_DIFFERENTIAL_PAIR,DERIVED_DEVICE_STATE_CAP,16,7,13,0,2,9,203264,800,512,409600,96.11,0.1200000000000045
TaOx_01,10.1038/s41598-017-18329-3,TaOx,2909.09,3.463757157444634,1,7,DISCRETE_MULTILEVEL,DERIVED,absolute,SINGLE_DIFFERENTIAL_PAIR,DERIVED_DEVICE_STATE_CAP,32,8,13,0,2,8,203264,208,256,53248,96.11,0.1200000000000045
TaOx_01,10.1038/s41598-017-18329-3,TaOx,2909.09,3.463757157444634,1,7,DISCRETE_MULTILEVEL,DERIVED,absolute,SINGLE_DIFFERENTIAL_PAIR,DERIVED_DEVICE_STATE_CAP,32,7,13,0,2,8,203264,208,256,53248,96.11,0.1200000000000045
TaOx_01,10.1038/s41598-017-18329-3,TaOx,2909.09,3.463757157444634,1,7,DISCRETE_MULTILEVEL,DERIVED,absolute,SINGLE_DIFFERENTIAL_PAIR,DERIVED_DEVICE_STATE_CAP,32,5,13,0,2,10,203264,208,1024,212992,96.1,0.1300000000000096
TaOx_01,10.1038/s41598-017-18329-3,TaOx,2909.09,3.463757157444634,1,7,DISCRETE_MULTILEVEL,DERIVED,absolute,SINGLE_DIFFERENTIAL_PAIR,DERIVED_DEVICE_STATE_CAP,256,4,13,0,2,10,203264,10,1024,10240,96.1,0.1300000000000096
TaOx_01,10.1038/s41598-017-18329-3,TaOx,2909.09,3.463757157444634,1,7,DISCRETE_MULTILEVEL,DERIVED,absolute,SINGLE_DIFFERENTIAL_PAIR,DERIVED_DEVICE_STATE_CAP,256,8,13,0,2,10,203264,10,1024,10240,96.1,0.1300000000000096
TaOx_01,10.1038/s41598-017-18329-3,TaOx,2909.09,3.463757157444634,1,7,DISCRETE_MULTILEVEL,DERIVED,absolute,SINGLE_DIFFERENTIAL_PAIR,DERIVED_DEVICE_STATE_CAP,32,4,13,0,2,9,203264,208,512,106496,96.1,0.1300000000000096
TaOx_01,10.1038/s41598-017-18329-3,TaOx,2909.09,3.463757157444634,1,7,DISCRETE_MULTILEVEL,DERIVED,absolute,SINGLE_DIFFERENTIAL_PAIR,DERIVED_DEVICE_STATE_CAP,32,4,13,0,2,10,203264,208,1024,212992,96.1,0.1300000000000096
TaOx_01,10.1038/s41598-017-18329-3,TaOx,2909.09,3.463757157444634,1,7,DISCRETE_MULTILEVEL,DERIVED,absolute,SINGLE_DIFFERENTIAL_PAIR,DERIVED_DEVICE_STATE_CAP,32,5,13,0,2,9,203264,208,512,106496,96.1,0.1300000000000096
TaOx_01,10.1038/s41598-017-18329-3,TaOx,2909.09,3.463757157444634,1,7,DISCRETE_MULTILEVEL,DERIVED,absolute,SINGLE_DIFFERENTIAL_PAIR,DERIVED_DEVICE_STATE_CAP,32,6,13,0,2,10,203264,208,1024,212992,96.1,0.1300000000000096
TaOx_01,10.1038/s41598-017-18329-3,TaOx,2909.09,3.463757157444634,1,7,DISCRETE_MULTILEVEL,DERIVED,absolute,SINGLE_DIFFERENTIAL_PAIR,DERIVED_DEVICE_STATE_CAP,32,6,13,0,2,9,203264,208,512,106496,96.1,0.1300000000000096
TaOx_01,10.1038/s41598-017-18329-3,TaOx,2909.09,3.463757157444634,1,7,DISCRETE_MULTILEVEL,DERIVED,absolute,SINGLE_DIFFERENTIAL_PAIR,DERIVED_DEVICE_STATE_CAP,16,6,13,0,2,10,203264,800,1024,819200,96.1,0.1300000000000096
TaOx_01,10.1038/s41598-017-18329-3,TaOx,2909.09,3.463757157444634,1,7,DISCRETE_MULTILEVEL,DERIVED,absolute,SINGLE_DIFFERENTIAL_PAIR,DERIVED_DEVICE_STATE_CAP,16,5,13,0,2,10,203264,800,1024,819200,96.1,0.1300000000000096
TaOx_01,10.1038/s41598-017-18329-3,TaOx,2909.09,3.463757157444634,1,7,DISCRETE_MULTILEVEL,DERIVED,absolute,SINGLE_DIFFERENTIAL_PAIR,DERIVED_DEVICE_STATE_CAP,16,7,13,0,2,10,203264,800,1024,819200,96.1,0.1300000000000096
TaOx_01,10.1038/s41598-017-18329-3,TaOx,2909.09,3.463757157444634,1,7,DISCRETE_MULTILEVEL,DERIVED,absolute,SINGLE_DIFFERENTIAL_PAIR,DERIVED_DEVICE_STATE_CAP,16,4,13,0,2,10,203264,800,1024,819200,96.1,0.1300000000000096
TaOx_01,10.1038/s41598-017-18329-3,TaOx,2909.09,3.463757157444634,1,7,DISCRETE_MULTILEVEL,DERIVED,absolute,SINGLE_DIFFERENTIAL_PAIR,DERIVED_DEVICE_STATE_CAP,32,7,13,0,2,10,203264,208,1024,212992,96.1,0.1300000000000096
TaOx_01,10.1038/s41598-017-18329-3,TaOx,2909.09,3.463757157444634,1,7,DISCRETE_MULTILEVEL,DERIVED,absolute,SINGLE_DIFFERENTIAL_PAIR,DERIVED_DEVICE_STATE_CAP,32,7,13,0,2,9,203264,208,512,106496,96.1,0.1300000000000096
TaOx_01,10.1038/s41598-017-18329-3,TaOx,2909.09,3.463757157444634,1,7,DISCRETE_MULTILEVEL,DERIVED,absolute,SINGLE_DIFFERENTIAL_PAIR,DERIVED_DEVICE_STATE_CAP,32,8,13,0,2,10,203264,208,1024,212992,96.1,0.1300000000000096
TaOx_01,10.1038/s41598-017-18329-3,TaOx,2909.09,3.463757157444634,1,7,DISCRETE_MULTILEVEL,DERIVED,absolute,SINGLE_DIFFERENTIAL_PAIR,DERIVED_DEVICE_STATE_CAP,32,8,13,0,2,9,203264,208,512,106496,96.1,0.1300000000000096
TaOx_01,10.1038/s41598-017-18329-3,TaOx,2909.09,3.463757157444634,1,7,DISCRETE_MULTILEVEL,DERIVED,absolute,SINGLE_DIFFERENTIAL_PAIR,DERIVED_DEVICE_STATE_CAP,256,5,13,0,2,10,203264,10,1024,10240,96.1,0.1300000000000096
TaOx_01,10.1038/s41598-017-18329-3,TaOx,2909.09,3.463757157444634,1,7,DISCRETE_MULTILEVEL,DERIVED,absolute,SINGLE_DIFFERENTIAL_PAIR,DERIVED_DEVICE_STATE_CAP,16,8,13,0,2,10,203264,800,1024,819200,96.1,0.1300000000000096
TaOx_01,10.1038/s41598-017-18329-3,TaOx,2909.09,3.463757157444634,1,7,DISCRETE_MULTILEVEL,DERIVED,absolute,SINGLE_DIFFERENTIAL_PAIR,DERIVED_DEVICE_STATE_CAP,256,6,13,0,2,10,203264,10,1024,10240,96.1,0.1300000000000096
TaOx_01,10.1038/s41598-017-18329-3,TaOx,2909.09,3.463757157444634,1,7,DISCRETE_MULTILEVEL,DERIVED,absolute,SINGLE_DIFFERENTIAL_PAIR,DERIVED_DEVICE_STATE_CAP,256,7,13,0,2,10,203264,10,1024,10240,96.1,0.1300000000000096
TaOx_01,10.1038/s41598-017-18329-3,TaOx,2909.09,3.463757157444634,1,7,DISCRETE_MULTILEVEL,DERIVED,absolute,SINGLE_DIFFERENTIAL_PAIR,DERIVED_DEVICE_STATE_CAP,64,5,13,0,2,8,203264,56,256,14336,96.08,0.1500000000000056
TaOx_01,10.1038/s41598-017-18329-3,TaOx,2909.09,3.463757157444634,1,7,DISCRETE_MULTILEVEL,DERIVED,absolute,SINGLE_DIFFERENTIAL_PAIR,DERIVED_DEVICE_STATE_CAP,64,6,13,0,2,8,203264,56,256,14336,96.08,0.1500000000000056
TaOx_01,10.1038/s41598-017-18329-3,TaOx,2909.09,3.463757157444634,1,7,DISCRETE_MULTILEVEL,DERIVED,absolute,SINGLE_DIFFERENTIAL_PAIR,DERIVED_DEVICE_STATE_CAP,64,7,13,0,2,8,203264,56,256,14336,96.08,0.1500000000000056
TaOx_01,10.1038/s41598-017-18329-3,TaOx,2909.09,3.463757157444634,1,7,DISCRETE_MULTILEVEL,DERIVED,absolute,SINGLE_DIFFERENTIAL_PAIR,DERIVED_DEVICE_STATE_CAP,64,8,13,0,2,8,203264,56,256,14336,96.08,0.1500000000000056
TaOx_01,10.1038/s41598-017-18329-3,TaOx,2909.09,3.463757157444634,1,7,DISCRETE_MULTILEVEL,DERIVED,absolute,SINGLE_DIFFERENTIAL_PAIR,DERIVED_DEVICE_STATE_CAP,128,4,13,0,2,9,203264,16,512,8192,96.08,0.1500000000000056
TaOx_01,10.1038/s41598-017-18329-3,TaOx,2909.09,3.463757157444634,1,7,DISCRETE_MULTILEVEL,DERIVED,absolute,SINGLE_DIFFERENTIAL_PAIR,DERIVED_DEVICE_STATE_CAP,128,5,13,0,2,9,203264,16,512,8192,96.08,0.1500000000000056
TaOx_01,10.1038/s41598-017-18329-3,TaOx,2909.09,3.463757157444634,1,7,DISCRETE_MULTILEVEL,DERIVED,absolute,SINGLE_DIFFERENTIAL_PAIR,DERIVED_DEVICE_STATE_CAP,256,4,13,0,2,9,203264,10,512,5120,96.08,0.1500000000000056
TaOx_01,10.1038/s41598-017-18329-3,TaOx,2909.09,3.463757157444634,1,7,DISCRETE_MULTILEVEL,DERIVED,absolute,SINGLE_DIFFERENTIAL_PAIR,DERIVED_DEVICE_STATE_CAP,256,5,13,0,2,9,203264,10,512,5120,96.08,0.1500000000000056
TaOx_01,10.1038/s41598-017-18329-3,TaOx,2909.09,3.463757157444634,1,7,DISCRETE_MULTILEVEL,DERIVED,absolute,SINGLE_DIFFERENTIAL_PAIR,DERIVED_DEVICE_STATE_CAP,256,6,13,0,2,9,203264,10,512,5120,96.08,0.1500000000000056
TaOx_01,10.1038/s41598-017-18329-3,TaOx,2909.09,3.463757157444634,1,7,DISCRETE_MULTILEVEL,DERIVED,absolute,SINGLE_DIFFERENTIAL_PAIR,DERIVED_DEVICE_STATE_CAP,128,7,13,0,2,9,203264,16,512,8192,96.08,0.1500000000000056
TaOx_01,10.1038/s41598-017-18329-3,TaOx,2909.09,3.463757157444634,1,7,DISCRETE_MULTILEVEL,DERIVED,absolute,SINGLE_DIFFERENTIAL_PAIR,DERIVED_DEVICE_STATE_CAP,128,8,13,0,2,9,203264,16,512,8192,96.08,0.1500000000000056
TaOx_01,10.1038/s41598-017-18329-3,TaOx,2909.09,3.463757157444634,1,7,DISCRETE_MULTILEVEL,DERIVED,absolute,SINGLE_DIFFERENTIAL_PAIR,DERIVED_DEVICE_STATE_CAP,128,6,13,0,2,9,203264,16,512,8192,96.08,0.1500000000000056
TaOx_01,10.1038/s41598-017-18329-3,TaOx,2909.09,3.463757157444634,1,7,DISCRETE_MULTILEVEL,DERIVED,absolute,SINGLE_DIFFERENTIAL_PAIR,DERIVED_DEVICE_STATE_CAP,64,4,13,0,2,8,203264,56,256,14336,96.08,0.1500000000000056
TaOx_01,10.1038/s41598-017-18329-3,TaOx,2909.09,3.463757157444634,1,7,DISCRETE_MULTILEVEL,DERIVED,absolute,SINGLE_DIFFERENTIAL_PAIR,DERIVED_DEVICE_STATE_CAP,256,8,13,0,2,9,203264,10,512,5120,96.08,0.1500000000000056
TaOx_01,10.1038/s41598-017-18329-3,TaOx,2909.09,3.463757157444634,1,7,DISCRETE_MULTILEVEL,DERIVED,absolute,SINGLE_DIFFERENTIAL_PAIR,DERIVED_DEVICE_STATE_CAP,256,7,13,0,2,9,203264,10,512,5120,96.08,0.1500000000000056
TaOx_01,10.1038/s41598-017-18329-3,TaOx,2909.09,3.463757157444634,1,7,DISCRETE_MULTILEVEL,DERIVED,absolute,SINGLE_DIFFERENTIAL_PAIR,DERIVED_DEVICE_STATE_CAP,16,6,13,0,2,7,203264,800,128,102400,96.07,0.1600000000000108
TaOx_01,10.1038/s41598-017-18329-3,TaOx,2909.09,3.463757157444634,1,7,DISCRETE_MULTILEVEL,DERIVED,absolute,SINGLE_DIFFERENTIAL_PAIR,DERIVED_DEVICE_STATE_CAP,16,5,13,0,2,7,203264,800,128,102400,96.07,0.1600000000000108
TaOx_01,10.1038/s41598-017-18329-3,TaOx,2909.09,3.463757157444634,1,7,DISCRETE_MULTILEVEL,DERIVED,absolute,SINGLE_DIFFERENTIAL_PAIR,DERIVED_DEVICE_STATE_CAP,16,7,13,0,2,7,203264,800,128,102400,96.07,0.1600000000000108
TaOx_01,10.1038/s41598-017-18329-3,TaOx,2909.09,3.463757157444634,1,7,DISCRETE_MULTILEVEL,DERIVED,absolute,SINGLE_DIFFERENTIAL_PAIR,DERIVED_DEVICE_STATE_CAP,16,4,13,0,2,7,203264,800,128,102400,96.07,0.1600000000000108
TaOx_01,10.1038/s41598-017-18329-3,TaOx,2909.09,3.463757157444634,1,7,DISCRETE_MULTILEVEL,DERIVED,absolute,SINGLE_DIFFERENTIAL_PAIR,DERIVED_DEVICE_STATE_CAP,16,8,13,0,2,7,203264,800,128,102400,96.07,0.1600000000000108
TaOx_01,10.1038/s41598-017-18329-3,TaOx,2909.09,3.463757157444634,1,7,DISCRETE_MULTILEVEL,DERIVED,absolute,SINGLE_DIFFERENTIAL_PAIR,DERIVED_DEVICE_STATE_CAP,16,8,13,0,2,6,203264,800,64,51200,96.04,0.1899999999999977
TaOx_01,10.1038/s41598-017-18329-3,TaOx,2909.09,3.463757157444634,1,7,DISCRETE_MULTILEVEL,DERIVED,absolute,SINGLE_DIFFERENTIAL_PAIR,DERIVED_DEVICE_STATE_CAP,16,7,13,0,2,6,203264,800,64,51200,96.04,0.1899999999999977
TaOx_01,10.1038/s41598-017-18329-3,TaOx,2909.09,3.463757157444634,1,7,DISCRETE_MULTILEVEL,DERIVED,absolute,SINGLE_DIFFERENTIAL_PAIR,DERIVED_DEVICE_STATE_CAP,16,6,13,0,2,6,203264,800,64,51200,96.04,0.1899999999999977
TaOx_01,10.1038/s41598-017-18329-3,TaOx,2909.09,3.463757157444634,1,7,DISCRETE_MULTILEVEL,DERIVED,absolute,SINGLE_DIFFERENTIAL_PAIR,DERIVED_DEVICE_STATE_CAP,128,7,13,0,2,8,203264,16,256,4096,96.04,0.1899999999999977
TaOx_01,10.1038/s41598-017-18329-3,TaOx,2909.09,3.463757157444634,1,7,DISCRETE_MULTILEVEL,DERIVED,absolute,SINGLE_DIFFERENTIAL_PAIR,DERIVED_DEVICE_STATE_CAP,128,6,13,0,2,8,203264,16,256,4096,96.04,0.1899999999999977
TaOx_01,10.1038/s41598-017-18329-3,TaOx,2909.09,3.463757157444634,1,7,DISCRETE_MULTILEVEL,DERIVED,absolute,SINGLE_DIFFERENTIAL_PAIR,DERIVED_DEVICE_STATE_CAP,128,4,13,0,2,8,203264,16,256,4096,96.04,0.1899999999999977
TaOx_01,10.1038/s41598-017-18329-3,TaOx,2909.09,3.463757157444634,1,7,DISCRETE_MULTILEVEL,DERIVED,absolute,SINGLE_DIFFERENTIAL_PAIR,DERIVED_DEVICE_STATE_CAP,128,5,13,0,2,8,203264,16,256,4096,96.04,0.1899999999999977
TaOx_01,10.1038/s41598-017-18329-3,TaOx,2909.09,3.463757157444634,1,7,DISCRETE_MULTILEVEL,DERIVED,absolute,SINGLE_DIFFERENTIAL_PAIR,DERIVED_DEVICE_STATE_CAP,128,8,13,0,2,8,203264,16,256,4096,96.04,0.1899999999999977
TaOx_01,10.1038/s41598-017-18329-3,TaOx,2909.09,3.463757157444634,1,7,DISCRETE_MULTILEVEL,DERIVED,absolute,SINGLE_DIFFERENTIAL_PAIR,DERIVED_DEVICE_STATE_CAP,16,5,13,0,2,6,203264,800,64,51200,96.04,0.1899999999999977
TaOx_01,10.1038/s41598-017-18329-3,TaOx,2909.09,3.463757157444634,1,7,DISCRETE_MULTILEVEL,DERIVED,absolute,SINGLE_DIFFERENTIAL_PAIR,DERIVED_DEVICE_STATE_CAP,16,4,13,0,2,6,203264,800,64,51200,96.04,0.1899999999999977
TaOx_01,10.1038/s41598-017-18329-3,TaOx,2909.09,3.463757157444634,1,7,DISCRETE_MULTILEVEL,DERIVED,absolute,SINGLE_DIFFERENTIAL_PAIR,DERIVED_DEVICE_STATE_CAP,256,4,13,0,2,8,203264,10,256,2560,96.03,0.2000000000000028
TaOx_01,10.1038/s41598-017-18329-3,TaOx,2909.09,3.463757157444634,1,7,DISCRETE_MULTILEVEL,DERIVED,absolute,SINGLE_DIFFERENTIAL_PAIR,DERIVED_DEVICE_STATE_CAP,256,7,13,0,2,8,203264,10,256,2560,96.03,0.2000000000000028
TaOx_01,10.1038/s41598-017-18329-3,TaOx,2909.09,3.463757157444634,1,7,DISCRETE_MULTILEVEL,DERIVED,absolute,SINGLE_DIFFERENTIAL_PAIR,DERIVED_DEVICE_STATE_CAP,256,8,13,0,2,8,203264,10,256,2560,96.03,0.2000000000000028
TaOx_01,10.1038/s41598-017-18329-3,TaOx,2909.09,3.463757157444634,1,7,DISCRETE_MULTILEVEL,DERIVED,absolute,SINGLE_DIFFERENTIAL_PAIR,DERIVED_DEVICE_STATE_CAP,256,6,13,0,2,8,203264,10,256,2560,96.03,0.2000000000000028
TaOx_01,10.1038/s41598-017-18329-3,TaOx,2909.09,3.463757157444634,1,7,DISCRETE_MULTILEVEL,DERIVED,absolute,SINGLE_DIFFERENTIAL_PAIR,DERIVED_DEVICE_STATE_CAP,256,5,13,0,2,8,203264,10,256,2560,96.03,0.2000000000000028
TaOx_01,10.1038/s41598-017-18329-3,TaOx,2909.09,3.463757157444634,1,7,DISCRETE_MULTILEVEL,DERIVED,absolute,SINGLE_DIFFERENTIAL_PAIR,DERIVED_DEVICE_STATE_CAP,256,5,13,0,2,7,203264,10,128,1280,96.01,0.2199999999999988
TaOx_01,10.1038/s41598-017-18329-3,TaOx,2909.09,3.463757157444634,1,7,DISCRETE_MULTILEVEL,DERIVED,absolute,SINGLE_DIFFERENTIAL_PAIR,DERIVED_DEVICE_STATE_CAP,256,4,13,0,2,7,203264,10,128,1280,96.01,0.2199999999999988
TaOx_01,10.1038/s41598-017-18329-3,TaOx,2909.09,3.463757157444634,1,7,DISCRETE_MULTILEVEL,DERIVED,absolute,SINGLE_DIFFERENTIAL_PAIR,DERIVED_DEVICE_STATE_CAP,256,8,13,0,2,7,203264,10,128,1280,96.01,0.2199999999999988
TaOx_01,10.1038/s41598-017-18329-3,TaOx,2909.09,3.463757157444634,1,7,DISCRETE_MULTILEVEL,DERIVED,absolute,SINGLE_DIFFERENTIAL_PAIR,DERIVED_DEVICE_STATE_CAP,256,6,13,0,2,7,203264,10,128,1280,96.01,0.2199999999999988
TaOx_01,10.1038/s41598-017-18329-3,TaOx,2909.09,3.463757157444634,1,7,DISCRETE_MULTILEVEL,DERIVED,absolute,SINGLE_DIFFERENTIAL_PAIR,DERIVED_DEVICE_STATE_CAP,256,7,13,0,2,7,203264,10,128,1280,96.01,0.2199999999999988
TaOx_01,10.1038/s41598-017-18329-3,TaOx,2909.09,3.463757157444634,1,7,DISCRETE_MULTILEVEL,DERIVED,absolute,SINGLE_DIFFERENTIAL_PAIR,DERIVED_DEVICE_STATE_CAP,64,8,13,0,2,6,203264,56,64,3584,95.96,0.2700000000000102
TaOx_01,10.1038/s41598-017-18329-3,TaOx,2909.09,3.463757157444634,1,7,DISCRETE_MULTILEVEL,DERIVED,absolute,SINGLE_DIFFERENTIAL_PAIR,DERIVED_DEVICE_STATE_CAP,64,4,13,0,2,6,203264,56,64,3584,95.96,0.2700000000000102
TaOx_01,10.1038/s41598-017-18329-3,TaOx,2909.09,3.463757157444634,1,7,DISCRETE_MULTILEVEL,DERIVED,absolute,SINGLE_DIFFERENTIAL_PAIR,DERIVED_DEVICE_STATE_CAP,64,5,13,0,2,6,203264,56,64,3584,95.96,0.2700000000000102
TaOx_01,10.1038/s41598-017-18329-3,TaOx,2909.09,3.463757157444634,1,7,DISCRETE_MULTILEVEL,DERIVED,absolute,SINGLE_DIFFERENTIAL_PAIR,DERIVED_DEVICE_STATE_CAP,64,6,13,0,2,6,203264,56,64,3584,95.96,0.2700000000000102
TaOx_01,10.1038/s41598-017-18329-3,TaOx,2909.09,3.463757157444634,1,7,DISCRETE_MULTILEVEL,DERIVED,absolute,SINGLE_DIFFERENTIAL_PAIR,DERIVED_DEVICE_STATE_CAP,64,7,13,0,2,6,203264,56,64,3584,95.96,0.2700000000000102
TaOx_01,10.1038/s41598-017-18329-3,TaOx,2909.09,3.463757157444634,1,7,DISCRETE_MULTILEVEL,DERIVED,absolute,SINGLE_DIFFERENTIAL_PAIR,DERIVED_DEVICE_STATE_CAP,128,7,13,0,2,7,203264,16,128,2048,95.95,0.2800000000000011
TaOx_01,10.1038/s41598-017-18329-3,TaOx,2909.09,3.463757157444634,1,7,DISCRETE_MULTILEVEL,DERIVED,absolute,SINGLE_DIFFERENTIAL_PAIR,DERIVED_DEVICE_STATE_CAP,128,8,13,0,2,7,203264,16,128,2048,95.95,0.2800000000000011
TaOx_01,10.1038/s41598-017-18329-3,TaOx,2909.09,3.463757157444634,1,7,DISCRETE_MULTILEVEL,DERIVED,absolute,SINGLE_DIFFERENTIAL_PAIR,DERIVED_DEVICE_STATE_CAP,64,8,13,0,2,7,203264,56,128,7168,95.95,0.2800000000000011
TaOx_01,10.1038/s41598-017-18329-3,TaOx,2909.09,3.463757157444634,1,7,DISCRETE_MULTILEVEL,DERIVED,absolute,SINGLE_DIFFERENTIAL_PAIR,DERIVED_DEVICE_STATE_CAP,128,4,13,0,2,7,203264,16,128,2048,95.95,0.2800000000000011
TaOx_01,10.1038/s41598-017-18329-3,TaOx,2909.09,3.463757157444634,1,7,DISCRETE_MULTILEVEL,DERIVED,absolute,SINGLE_DIFFERENTIAL_PAIR,DERIVED_DEVICE_STATE_CAP,64,6,13,0,2,7,203264,56,128,7168,95.95,0.2800000000000011
TaOx_01,10.1038/s41598-017-18329-3,TaOx,2909.09,3.463757157444634,1,7,DISCRETE_MULTILEVEL,DERIVED,absolute,SINGLE_DIFFERENTIAL_PAIR,DERIVED_DEVICE_STATE_CAP,64,7,13,0,2,7,203264,56,128,7168,95.95,0.2800000000000011
TaOx_01,10.1038/s41598-017-18329-3,TaOx,2909.09,3.463757157444634,1,7,DISCRETE_MULTILEVEL,DERIVED,absolute,SINGLE_DIFFERENTIAL_PAIR,DERIVED_DEVICE_STATE_CAP,128,6,13,0,2,7,203264,16,128,2048,95.95,0.2800000000000011
TaOx_01,10.1038/s41598-017-18329-3,TaOx,2909.09,3.463757157444634,1,7,DISCRETE_MULTILEVEL,DERIVED,absolute,SINGLE_DIFFERENTIAL_PAIR,DERIVED_DEVICE_STATE_CAP,64,5,13,0,2,7,203264,56,128,7168,95.95,0.2800000000000011
TaOx_01,10.1038/s41598-017-18329-3,TaOx,2909.09,3.463757157444634,1,7,DISCRETE_MULTILEVEL,DERIVED,absolute,SINGLE_DIFFERENTIAL_PAIR,DERIVED_DEVICE_STATE_CAP,128,5,13,0,2,7,203264,16,128,2048,95.95,0.2800000000000011
TaOx_01,10.1038/s41598-017-18329-3,TaOx,2909.09,3.463757157444634,1,7,DISCRETE_MULTILEVEL,DERIVED,absolute,SINGLE_DIFFERENTIAL_PAIR,DERIVED_DEVICE_STATE_CAP,64,4,13,0,2,7,203264,56,128,7168,95.95,0.2800000000000011
TaOx_01,10.1038/s41598-017-18329-3,TaOx,2909.09,3.463757157444634,1,7,DISCRETE_MULTILEVEL,DERIVED,absolute,SINGLE_DIFFERENTIAL_PAIR,DERIVED_DEVICE_STATE_CAP,32,4,13,0,2,6,203264,208,64,13312,95.95,0.2800000000000011
TaOx_01,10.1038/s41598-017-18329-3,TaOx,2909.09,3.463757157444634,1,7,DISCRETE_MULTILEVEL,DERIVED,absolute,SINGLE_DIFFERENTIAL_PAIR,DERIVED_DEVICE_STATE_CAP,32,8,13,0,2,6,203264,208,64,13312,95.95,0.2800000000000011
TaOx_01,10.1038/s41598-017-18329-3,TaOx,2909.09,3.463757157444634,1,7,DISCRETE_MULTILEVEL,DERIVED,absolute,SINGLE_DIFFERENTIAL_PAIR,DERIVED_DEVICE_STATE_CAP,32,7,13,0,2,6,203264,208,64,13312,95.95,0.2800000000000011
TaOx_01,10.1038/s41598-017-18329-3,TaOx,2909.09,3.463757157444634,1,7,DISCRETE_MULTILEVEL,DERIVED,absolute,SINGLE_DIFFERENTIAL_PAIR,DERIVED_DEVICE_STATE_CAP,32,5,13,0,2,6,203264,208,64,13312,95.95,0.2800000000000011
TaOx_01,10.1038/s41598-017-18329-3,TaOx,2909.09,3.463757157444634,1,7,DISCRETE_MULTILEVEL,DERIVED,absolute,SINGLE_DIFFERENTIAL_PAIR,DERIVED_DEVICE_STATE_CAP,32,6,13,0,2,6,203264,208,64,13312,95.95,0.2800000000000011
TaOx_01,10.1038/s41598-017-18329-3,TaOx,2909.09,3.463757157444634,1,7,DISCRETE_MULTILEVEL,DERIVED,absolute,SINGLE_DIFFERENTIAL_PAIR,DERIVED_DEVICE_STATE_CAP,16,7,13,0,2,5,203264,800,32,25600,95.89,0.3400000000000034
TaOx_01,10.1038/s41598-017-18329-3,TaOx,2909.09,3.463757157444634,1,7,DISCRETE_MULTILEVEL,DERIVED,absolute,SINGLE_DIFFERENTIAL_PAIR,DERIVED_DEVICE_STATE_CAP,16,8,13,0,2,5,203264,800,32,25600,95.89,0.3400000000000034
TaOx_01,10.1038/s41598-017-18329-3,TaOx,2909.09,3.463757157444634,1,7,DISCRETE_MULTILEVEL,DERIVED,absolute,SINGLE_DIFFERENTIAL_PAIR,DERIVED_DEVICE_STATE_CAP,16,6,13,0,2,5,203264,800,32,25600,95.89,0.3400000000000034
TaOx_01,10.1038/s41598-017-18329-3,TaOx,2909.09,3.463757157444634,1,7,DISCRETE_MULTILEVEL,DERIVED,absolute,SINGLE_DIFFERENTIAL_PAIR,DERIVED_DEVICE_STATE_CAP,16,5,13,0,2,5,203264,800,32,25600,95.89,0.3400000000000034
TaOx_01,10.1038/s41598-017-18329-3,TaOx,2909.09,3.463757157444634,1,7,DISCRETE_MULTILEVEL,DERIVED,absolute,SINGLE_DIFFERENTIAL_PAIR,DERIVED_DEVICE_STATE_CAP,16,4,13,0,2,5,203264,800,32,25600,95.89,0.3400000000000034
TaOx_01,10.1038/s41598-017-18329-3,TaOx,2909.09,3.463757157444634,1,7,DISCRETE_MULTILEVEL,DERIVED,absolute,SINGLE_DIFFERENTIAL_PAIR,DERIVED_DEVICE_STATE_CAP,256,6,13,0,2,6,203264,10,64,640,95.8,0.4300000000000068
TaOx_01,10.1038/s41598-017-18329-3,TaOx,2909.09,3.463757157444634,1,7,DISCRETE_MULTILEVEL,DERIVED,absolute,SINGLE_DIFFERENTIAL_PAIR,DERIVED_DEVICE_STATE_CAP,256,7,13,0,2,6,203264,10,64,640,95.8,0.4300000000000068
TaOx_01,10.1038/s41598-017-18329-3,TaOx,2909.09,3.463757157444634,1,7,DISCRETE_MULTILEVEL,DERIVED,absolute,SINGLE_DIFFERENTIAL_PAIR,DERIVED_DEVICE_STATE_CAP,256,8,13,0,2,6,203264,10,64,640,95.8,0.4300000000000068
TaOx_01,10.1038/s41598-017-18329-3,TaOx,2909.09,3.463757157444634,1,7,DISCRETE_MULTILEVEL,DERIVED,absolute,SINGLE_DIFFERENTIAL_PAIR,DERIVED_DEVICE_STATE_CAP,256,4,13,0,2,6,203264,10,64,640,95.8,0.4300000000000068
TaOx_01,10.1038/s41598-017-18329-3,TaOx,2909.09,3.463757157444634,1,7,DISCRETE_MULTILEVEL,DERIVED,absolute,SINGLE_DIFFERENTIAL_PAIR,DERIVED_DEVICE_STATE_CAP,256,5,13,0,2,6,203264,10,64,640,95.8,0.4300000000000068
TaOx_01,10.1038/s41598-017-18329-3,TaOx,2909.09,3.463757157444634,1,7,DISCRETE_MULTILEVEL,DERIVED,absolute,SINGLE_DIFFERENTIAL_PAIR,DERIVED_DEVICE_STATE_CAP,32,5,13,0,2,5,203264,208,32,6656,95.78,0.4500000000000028
TaOx_01,10.1038/s41598-017-18329-3,TaOx,2909.09,3.463757157444634,1,7,DISCRETE_MULTILEVEL,DERIVED,absolute,SINGLE_DIFFERENTIAL_PAIR,DERIVED_DEVICE_STATE_CAP,32,7,13,0,2,5,203264,208,32,6656,95.78,0.4500000000000028
TaOx_01,10.1038/s41598-017-18329-3,TaOx,2909.09,3.463757157444634,1,7,DISCRETE_MULTILEVEL,DERIVED,absolute,SINGLE_DIFFERENTIAL_PAIR,DERIVED_DEVICE_STATE_CAP,32,6,13,0,2,5,203264,208,32,6656,95.78,0.4500000000000028
TaOx_01,10.1038/s41598-017-18329-3,TaOx,2909.09,3.463757157444634,1,7,DISCRETE_MULTILEVEL,DERIVED,absolute,SINGLE_DIFFERENTIAL_PAIR,DERIVED_DEVICE_STATE_CAP,32,8,13,0,2,5,203264,208,32,6656,95.78,0.4500000000000028
TaOx_01,10.1038/s41598-017-18329-3,TaOx,2909.09,3.463757157444634,1,7,DISCRETE_MULTILEVEL,DERIVED,absolute,SINGLE_DIFFERENTIAL_PAIR,DERIVED_DEVICE_STATE_CAP,32,4,13,0,2,5,203264,208,32,6656,95.78,0.4500000000000028
TaOx_01,10.1038/s41598-017-18329-3,TaOx,2909.09,3.463757157444634,1,7,DISCRETE_MULTILEVEL,DERIVED,absolute,SINGLE_DIFFERENTIAL_PAIR,DERIVED_DEVICE_STATE_CAP,128,6,13,0,2,6,203264,16,64,1024,95.73,0.5
TaOx_01,10.1038/s41598-017-18329-3,TaOx,2909.09,3.463757157444634,1,7,DISCRETE_MULTILEVEL,DERIVED,absolute,SINGLE_DIFFERENTIAL_PAIR,DERIVED_DEVICE_STATE_CAP,128,4,13,0,2,6,203264,16,64,1024,95.73,0.5
TaOx_01,10.1038/s41598-017-18329-3,TaOx,2909.09,3.463757157444634,1,7,DISCRETE_MULTILEVEL,DERIVED,absolute,SINGLE_DIFFERENTIAL_PAIR,DERIVED_DEVICE_STATE_CAP,128,8,13,0,2,6,203264,16,64,1024,95.73,0.5
TaOx_01,10.1038/s41598-017-18329-3,TaOx,2909.09,3.463757157444634,1,7,DISCRETE_MULTILEVEL,DERIVED,absolute,SINGLE_DIFFERENTIAL_PAIR,DERIVED_DEVICE_STATE_CAP,128,5,13,0,2,6,203264,16,64,1024,95.73,0.5
TaOx_01,10.1038/s41598-017-18329-3,TaOx,2909.09,3.463757157444634,1,7,DISCRETE_MULTILEVEL,DERIVED,absolute,SINGLE_DIFFERENTIAL_PAIR,DERIVED_DEVICE_STATE_CAP,128,7,13,0,2,6,203264,16,64,1024,95.73,0.5
TaOx_01,10.1038/s41598-017-18329-3,TaOx,2909.09,3.463757157444634,1,7,DISCRETE_MULTILEVEL,DERIVED,absolute,SINGLE_DIFFERENTIAL_PAIR,DERIVED_DEVICE_STATE_CAP,64,7,13,0,2,5,203264,56,32,1792,95.44,0.7900000000000063
TaOx_01,10.1038/s41598-017-18329-3,TaOx,2909.09,3.463757157444634,1,7,DISCRETE_MULTILEVEL,DERIVED,absolute,SINGLE_DIFFERENTIAL_PAIR,DERIVED_DEVICE_STATE_CAP,64,8,13,0,2,5,203264,56,32,1792,95.44,0.7900000000000063
TaOx_01,10.1038/s41598-017-18329-3,TaOx,2909.09,3.463757157444634,1,7,DISCRETE_MULTILEVEL,DERIVED,absolute,SINGLE_DIFFERENTIAL_PAIR,DERIVED_DEVICE_STATE_CAP,64,5,13,0,2,5,203264,56,32,1792,95.44,0.7900000000000063
TaOx_01,10.1038/s41598-017-18329-3,TaOx,2909.09,3.463757157444634,1,7,DISCRETE_MULTILEVEL,DERIVED,absolute,SINGLE_DIFFERENTIAL_PAIR,DERIVED_DEVICE_STATE_CAP,64,4,13,0,2,5,203264,56,32,1792,95.44,0.7900000000000063
TaOx_01,10.1038/s41598-017-18329-3,TaOx,2909.09,3.463757157444634,1,7,DISCRETE_MULTILEVEL,DERIVED,absolute,SINGLE_DIFFERENTIAL_PAIR,DERIVED_DEVICE_STATE_CAP,64,6,13,0,2,5,203264,56,32,1792,95.44,0.7900000000000063
TaOx_01,10.1038/s41598-017-18329-3,TaOx,2909.09,3.463757157444634,1,7,DISCRETE_MULTILEVEL,DERIVED,absolute,SINGLE_DIFFERENTIAL_PAIR,DERIVED_DEVICE_STATE_CAP,16,8,13,0,2,4,203264,800,16,12800,94.99,1.240000000000009
TaOx_01,10.1038/s41598-017-18329-3,TaOx,2909.09,3.463757157444634,1,7,DISCRETE_MULTILEVEL,DERIVED,absolute,SINGLE_DIFFERENTIAL_PAIR,DERIVED_DEVICE_STATE_CAP,16,4,13,0,2,4,203264,800,16,12800,94.99,1.240000000000009
TaOx_01,10.1038/s41598-017-18329-3,TaOx,2909.09,3.463757157444634,1,7,DISCRETE_MULTILEVEL,DERIVED,absolute,SINGLE_DIFFERENTIAL_PAIR,DERIVED_DEVICE_STATE_CAP,16,7,13,0,2,4,203264,800,16,12800,94.99,1.240000000000009
TaOx_01,10.1038/s41598-017-18329-3,TaOx,2909.09,3.463757157444634,1,7,DISCRETE_MULTILEVEL,DERIVED,absolute,SINGLE_DIFFERENTIAL_PAIR,DERIVED_DEVICE_STATE_CAP,16,5,13,0,2,4,203264,800,16,12800,94.99,1.240000000000009
TaOx_01,10.1038/s41598-017-18329-3,TaOx,2909.09,3.463757157444634,1,7,DISCRETE_MULTILEVEL,DERIVED,absolute,SINGLE_DIFFERENTIAL_PAIR,DERIVED_DEVICE_STATE_CAP,16,6,13,0,2,4,203264,800,16,12800,94.99,1.240000000000009
TaOx_01,10.1038/s41598-017-18329-3,TaOx,2909.09,3.463757157444634,1,7,DISCRETE_MULTILEVEL,DERIVED,absolute,SINGLE_DIFFERENTIAL_PAIR,DERIVED_DEVICE_STATE_CAP,32,4,13,0,2,4,203264,208,16,3328,94.5,1.730000000000004
TaOx_01,10.1038/s41598-017-18329-3,TaOx,2909.09,3.463757157444634,1,7,DISCRETE_MULTILEVEL,DERIVED,absolute,SINGLE_DIFFERENTIAL_PAIR,DERIVED_DEVICE_STATE_CAP,32,8,13,0,2,4,203264,208,16,3328,94.5,1.730000000000004
TaOx_01,10.1038/s41598-017-18329-3,TaOx,2909.09,3.463757157444634,1,7,DISCRETE_MULTILEVEL,DERIVED,absolute,SINGLE_DIFFERENTIAL_PAIR,DERIVED_DEVICE_STATE_CAP,32,6,13,0,2,4,203264,208,16,3328,94.5,1.730000000000004
TaOx_01,10.1038/s41598-017-18329-3,TaOx,2909.09,3.463757157444634,1,7,DISCRETE_MULTILEVEL,DERIVED,absolute,SINGLE_DIFFERENTIAL_PAIR,DERIVED_DEVICE_STATE_CAP,32,5,13,0,2,4,203264,208,16,3328,94.5,1.730000000000004
TaOx_01,10.1038/s41598-017-18329-3,TaOx,2909.09,3.463757157444634,1,7,DISCRETE_MULTILEVEL,DERIVED,absolute,SINGLE_DIFFERENTIAL_PAIR,DERIVED_DEVICE_STATE_CAP,32,7,13,0,2,4,203264,208,16,3328,94.5,1.730000000000004
TaOx_01,10.1038/s41598-017-18329-3,TaOx,2909.09,3.463757157444634,1,7,DISCRETE_MULTILEVEL,DERIVED,absolute,SINGLE_DIFFERENTIAL_PAIR,DERIVED_DEVICE_STATE_CAP,128,4,13,0,2,5,203264,16,32,512,93.81,2.4200000000000017
TaOx_01,10.1038/s41598-017-18329-3,TaOx,2909.09,3.463757157444634,1,7,DISCRETE_MULTILEVEL,DERIVED,absolute,SINGLE_DIFFERENTIAL_PAIR,DERIVED_DEVICE_STATE_CAP,128,6,13,0,2,5,203264,16,32,512,93.81,2.4200000000000017
TaOx_01,10.1038/s41598-017-18329-3,TaOx,2909.09,3.463757157444634,1,7,DISCRETE_MULTILEVEL,DERIVED,absolute,SINGLE_DIFFERENTIAL_PAIR,DERIVED_DEVICE_STATE_CAP,128,8,13,0,2,5,203264,16,32,512,93.81,2.4200000000000017
TaOx_01,10.1038/s41598-017-18329-3,TaOx,2909.09,3.463757157444634,1,7,DISCRETE_MULTILEVEL,DERIVED,absolute,SINGLE_DIFFERENTIAL_PAIR,DERIVED_DEVICE_STATE_CAP,128,7,13,0,2,5,203264,16,32,512,93.81,2.4200000000000017
TaOx_01,10.1038/s41598-017-18329-3,TaOx,2909.09,3.463757157444634,1,7,DISCRETE_MULTILEVEL,DERIVED,absolute,SINGLE_DIFFERENTIAL_PAIR,DERIVED_DEVICE_STATE_CAP,128,5,13,0,2,5,203264,16,32,512,93.81,2.4200000000000017
TaOx_01,10.1038/s41598-017-18329-3,TaOx,2909.09,3.463757157444634,1,7,DISCRETE_MULTILEVEL,DERIVED,absolute,SINGLE_DIFFERENTIAL_PAIR,DERIVED_DEVICE_STATE_CAP,256,6,13,0,2,5,203264,10,32,320,93.75,2.480000000000004
TaOx_01,10.1038/s41598-017-18329-3,TaOx,2909.09,3.463757157444634,1,7,DISCRETE_MULTILEVEL,DERIVED,absolute,SINGLE_DIFFERENTIAL_PAIR,DERIVED_DEVICE_STATE_CAP,256,5,13,0,2,5,203264,10,32,320,93.75,2.480000000000004
TaOx_01,10.1038/s41598-017-18329-3,TaOx,2909.09,3.463757157444634,1,7,DISCRETE_MULTILEVEL,DERIVED,absolute,SINGLE_DIFFERENTIAL_PAIR,DERIVED_DEVICE_STATE_CAP,256,8,13,0,2,5,203264,10,32,320,93.75,2.480000000000004
TaOx_01,10.1038/s41598-017-18329-3,TaOx,2909.09,3.463757157444634,1,7,DISCRETE_MULTILEVEL,DERIVED,absolute,SINGLE_DIFFERENTIAL_PAIR,DERIVED_DEVICE_STATE_CAP,256,7,13,0,2,5,203264,10,32,320,93.75,2.480000000000004
TaOx_01,10.1038/s41598-017-18329-3,TaOx,2909.09,3.463757157444634,1,7,DISCRETE_MULTILEVEL,DERIVED,absolute,SINGLE_DIFFERENTIAL_PAIR,DERIVED_DEVICE_STATE_CAP,256,4,13,0,2,5,203264,10,32,320,93.75,2.480000000000004
TaOx_01,10.1038/s41598-017-18329-3,TaOx,2909.09,3.463757157444634,1,7,DISCRETE_MULTILEVEL,DERIVED,absolute,SINGLE_DIFFERENTIAL_PAIR,DERIVED_DEVICE_STATE_CAP,128,3,7,0,2,8,203264,16,256,4096,92.33,3.9000000000000057
TaOx_01,10.1038/s41598-017-18329-3,TaOx,2909.09,3.463757157444634,1,7,DISCRETE_MULTILEVEL,DERIVED,absolute,SINGLE_DIFFERENTIAL_PAIR,DERIVED_DEVICE_STATE_CAP,256,3,7,0,2,8,203264,10,256,2560,92.31,3.9200000000000017
TaOx_01,10.1038/s41598-017-18329-3,TaOx,2909.09,3.463757157444634,1,7,DISCRETE_MULTILEVEL,DERIVED,absolute,SINGLE_DIFFERENTIAL_PAIR,DERIVED_DEVICE_STATE_CAP,32,3,7,0,2,9,203264,208,512,106496,92.25,3.980000000000004
TaOx_01,10.1038/s41598-017-18329-3,TaOx,2909.09,3.463757157444634,1,7,DISCRETE_MULTILEVEL,DERIVED,absolute,SINGLE_DIFFERENTIAL_PAIR,DERIVED_DEVICE_STATE_CAP,16,3,7,0,2,10,203264,800,1024,819200,92.25,3.980000000000004
TaOx_01,10.1038/s41598-017-18329-3,TaOx,2909.09,3.463757157444634,1,7,DISCRETE_MULTILEVEL,DERIVED,absolute,SINGLE_DIFFERENTIAL_PAIR,DERIVED_DEVICE_STATE_CAP,32,3,7,0,2,10,203264,208,1024,212992,92.25,3.980000000000004
TaOx_01,10.1038/s41598-017-18329-3,TaOx,2909.09,3.463757157444634,1,7,DISCRETE_MULTILEVEL,DERIVED,absolute,SINGLE_DIFFERENTIAL_PAIR,DERIVED_DEVICE_STATE_CAP,64,3,7,0,2,9,203264,56,512,28672,92.24,3.990000000000009
TaOx_01,10.1038/s41598-017-18329-3,TaOx,2909.09,3.463757157444634,1,7,DISCRETE_MULTILEVEL,DERIVED,absolute,SINGLE_DIFFERENTIAL_PAIR,DERIVED_DEVICE_STATE_CAP,64,3,7,0,2,10,203264,56,1024,57344,92.24,3.990000000000009
TaOx_01,10.1038/s41598-017-18329-3,TaOx,2909.09,3.463757157444634,1,7,DISCRETE_MULTILEVEL,DERIVED,absolute,SINGLE_DIFFERENTIAL_PAIR,DERIVED_DEVICE_STATE_CAP,128,3,7,0,2,10,203264,16,1024,16384,92.23,4.0
TaOx_01,10.1038/s41598-017-18329-3,TaOx,2909.09,3.463757157444634,1,7,DISCRETE_MULTILEVEL,DERIVED,absolute,SINGLE_DIFFERENTIAL_PAIR,DERIVED_DEVICE_STATE_CAP,16,3,7,0,2,7,203264,800,128,102400,92.22,4.010000000000005
TaOx_01,10.1038/s41598-017-18329-3,TaOx,2909.09,3.463757157444634,1,7,DISCRETE_MULTILEVEL,DERIVED,absolute,SINGLE_DIFFERENTIAL_PAIR,DERIVED_DEVICE_STATE_CAP,32,3,7,0,2,7,203264,208,128,26624,92.21,4.02000000000001
TaOx_01,10.1038/s41598-017-18329-3,TaOx,2909.09,3.463757157444634,1,7,DISCRETE_MULTILEVEL,DERIVED,absolute,SINGLE_DIFFERENTIAL_PAIR,DERIVED_DEVICE_STATE_CAP,256,3,7,0,2,10,203264,10,1024,10240,92.21,4.02000000000001
TaOx_01,10.1038/s41598-017-18329-3,TaOx,2909.09,3.463757157444634,1,7,DISCRETE_MULTILEVEL,DERIVED,absolute,SINGLE_DIFFERENTIAL_PAIR,DERIVED_DEVICE_STATE_CAP,16,3,7,0,2,8,203264,800,256,204800,92.21,4.02000000000001
TaOx_01,10.1038/s41598-017-18329-3,TaOx,2909.09,3.463757157444634,1,7,DISCRETE_MULTILEVEL,DERIVED,absolute,SINGLE_DIFFERENTIAL_PAIR,DERIVED_DEVICE_STATE_CAP,16,3,7,0,2,9,203264,800,512,409600,92.21,4.02000000000001
TaOx_01,10.1038/s41598-017-18329-3,TaOx,2909.09,3.463757157444634,1,7,DISCRETE_MULTILEVEL,DERIVED,absolute,SINGLE_DIFFERENTIAL_PAIR,DERIVED_DEVICE_STATE_CAP,256,3,7,0,2,9,203264,10,512,5120,92.19,4.040000000000006
TaOx_01,10.1038/s41598-017-18329-3,TaOx,2909.09,3.463757157444634,1,7,DISCRETE_MULTILEVEL,DERIVED,absolute,SINGLE_DIFFERENTIAL_PAIR,DERIVED_DEVICE_STATE_CAP,64,3,7,0,2,7,203264,56,128,7168,92.18,4.049999999999997
TaOx_01,10.1038/s41598-017-18329-3,TaOx,2909.09,3.463757157444634,1,7,DISCRETE_MULTILEVEL,DERIVED,absolute,SINGLE_DIFFERENTIAL_PAIR,DERIVED_DEVICE_STATE_CAP,256,3,7,0,2,7,203264,10,128,1280,92.18,4.049999999999997
TaOx_01,10.1038/s41598-017-18329-3,TaOx,2909.09,3.463757157444634,1,7,DISCRETE_MULTILEVEL,DERIVED,absolute,SINGLE_DIFFERENTIAL_PAIR,DERIVED_DEVICE_STATE_CAP,128,3,7,0,2,9,203264,16,512,8192,92.18,4.049999999999997
TaOx_01,10.1038/s41598-017-18329-3,TaOx,2909.09,3.463757157444634,1,7,DISCRETE_MULTILEVEL,DERIVED,absolute,SINGLE_DIFFERENTIAL_PAIR,DERIVED_DEVICE_STATE_CAP,32,3,7,0,2,8,203264,208,256,53248,92.14,4.090000000000003
TaOx_01,10.1038/s41598-017-18329-3,TaOx,2909.09,3.463757157444634,1,7,DISCRETE_MULTILEVEL,DERIVED,absolute,SINGLE_DIFFERENTIAL_PAIR,DERIVED_DEVICE_STATE_CAP,64,3,7,0,2,8,203264,56,256,14336,92.12,4.109999999999999
TaOx_01,10.1038/s41598-017-18329-3,TaOx,2909.09,3.463757157444634,1,7,DISCRETE_MULTILEVEL,DERIVED,absolute,SINGLE_DIFFERENTIAL_PAIR,DERIVED_DEVICE_STATE_CAP,16,3,7,0,2,6,203264,800,64,51200,92.11,4.1200000000000045
TaOx_01,10.1038/s41598-017-18329-3,TaOx,2909.09,3.463757157444634,1,7,DISCRETE_MULTILEVEL,DERIVED,absolute,SINGLE_DIFFERENTIAL_PAIR,DERIVED_DEVICE_STATE_CAP,32,3,7,0,2,6,203264,208,64,13312,92.1,4.13000000000001
TaOx_01,10.1038/s41598-017-18329-3,TaOx,2909.09,3.463757157444634,1,7,DISCRETE_MULTILEVEL,DERIVED,absolute,SINGLE_DIFFERENTIAL_PAIR,DERIVED_DEVICE_STATE_CAP,128,3,7,0,2,7,203264,16,128,2048,92.09,4.140000000000001
TaOx_01,10.1038/s41598-017-18329-3,TaOx,2909.09,3.463757157444634,1,7,DISCRETE_MULTILEVEL,DERIVED,absolute,SINGLE_DIFFERENTIAL_PAIR,DERIVED_DEVICE_STATE_CAP,64,8,13,0,2,4,203264,56,16,896,91.94,4.290000000000006
TaOx_01,10.1038/s41598-017-18329-3,TaOx,2909.09,3.463757157444634,1,7,DISCRETE_MULTILEVEL,DERIVED,absolute,SINGLE_DIFFERENTIAL_PAIR,DERIVED_DEVICE_STATE_CAP,64,6,13,0,2,4,203264,56,16,896,91.94,4.290000000000006
TaOx_01,10.1038/s41598-017-18329-3,TaOx,2909.09,3.463757157444634,1,7,DISCRETE_MULTILEVEL,DERIVED,absolute,SINGLE_DIFFERENTIAL_PAIR,DERIVED_DEVICE_STATE_CAP,64,5,13,0,2,4,203264,56,16,896,91.94,4.290000000000006
TaOx_01,10.1038/s41598-017-18329-3,TaOx,2909.09,3.463757157444634,1,7,DISCRETE_MULTILEVEL,DERIVED,absolute,SINGLE_DIFFERENTIAL_PAIR,DERIVED_DEVICE_STATE_CAP,64,4,13,0,2,4,203264,56,16,896,91.94,4.290000000000006
TaOx_01,10.1038/s41598-017-18329-3,TaOx,2909.09,3.463757157444634,1,7,DISCRETE_MULTILEVEL,DERIVED,absolute,SINGLE_DIFFERENTIAL_PAIR,DERIVED_DEVICE_STATE_CAP,64,7,13,0,2,4,203264,56,16,896,91.94,4.290000000000006
TaOx_01,10.1038/s41598-017-18329-3,TaOx,2909.09,3.463757157444634,1,7,DISCRETE_MULTILEVEL,DERIVED,absolute,SINGLE_DIFFERENTIAL_PAIR,DERIVED_DEVICE_STATE_CAP,256,3,7,0,2,6,203264,10,64,640,91.93,4.299999999999997
TaOx_01,10.1038/s41598-017-18329-3,TaOx,2909.09,3.463757157444634,1,7,DISCRETE_MULTILEVEL,DERIVED,absolute,SINGLE_DIFFERENTIAL_PAIR,DERIVED_DEVICE_STATE_CAP,128,3,7,0,2,6,203264,16,64,1024,91.85,4.38000000000001
TaOx_01,10.1038/s41598-017-18329-3,TaOx,2909.09,3.463757157444634,1,7,DISCRETE_MULTILEVEL,DERIVED,absolute,SINGLE_DIFFERENTIAL_PAIR,DERIVED_DEVICE_STATE_CAP,64,3,7,0,2,6,203264,56,64,3584,91.77,4.460000000000008
TaOx_01,10.1038/s41598-017-18329-3,TaOx,2909.09,3.463757157444634,1,7,DISCRETE_MULTILEVEL,DERIVED,absolute,SINGLE_DIFFERENTIAL_PAIR,DERIVED_DEVICE_STATE_CAP,16,3,7,0,2,5,203264,800,32,25600,91.7,4.530000000000001
TaOx_01,10.1038/s41598-017-18329-3,TaOx,2909.09,3.463757157444634,1,7,DISCRETE_MULTILEVEL,DERIVED,absolute,SINGLE_DIFFERENTIAL_PAIR,DERIVED_DEVICE_STATE_CAP,32,3,7,0,2,5,203264,208,32,6656,91.62,4.609999999999999
TaOx_01,10.1038/s41598-017-18329-3,TaOx,2909.09,3.463757157444634,1,7,DISCRETE_MULTILEVEL,DERIVED,absolute,SINGLE_DIFFERENTIAL_PAIR,DERIVED_DEVICE_STATE_CAP,64,3,7,0,2,5,203264,56,32,1792,90.86,5.3700000000000045
TaOx_01,10.1038/s41598-017-18329-3,TaOx,2909.09,3.463757157444634,1,7,DISCRETE_MULTILEVEL,DERIVED,absolute,SINGLE_DIFFERENTIAL_PAIR,DERIVED_DEVICE_STATE_CAP,128,3,7,0,2,5,203264,16,32,512,90.67,5.560000000000002
TaOx_01,10.1038/s41598-017-18329-3,TaOx,2909.09,3.463757157444634,1,7,DISCRETE_MULTILEVEL,DERIVED,absolute,SINGLE_DIFFERENTIAL_PAIR,DERIVED_DEVICE_STATE_CAP,16,3,7,0,2,4,203264,800,16,12800,90.45,5.780000000000001
TaOx_01,10.1038/s41598-017-18329-3,TaOx,2909.09,3.463757157444634,1,7,DISCRETE_MULTILEVEL,DERIVED,absolute,SINGLE_DIFFERENTIAL_PAIR,DERIVED_DEVICE_STATE_CAP,256,3,7,0,2,5,203264,10,32,320,90.09,6.140000000000001
TaOx_01,10.1038/s41598-017-18329-3,TaOx,2909.09,3.463757157444634,1,7,DISCRETE_MULTILEVEL,DERIVED,absolute,SINGLE_DIFFERENTIAL_PAIR,DERIVED_DEVICE_STATE_CAP,32,3,7,0,2,4,203264,208,16,3328,89.1,7.13000000000001
TaOx_01,10.1038/s41598-017-18329-3,TaOx,2909.09,3.463757157444634,1,7,DISCRETE_MULTILEVEL,DERIVED,absolute,SINGLE_DIFFERENTIAL_PAIR,DERIVED_DEVICE_STATE_CAP,64,3,7,0,2,4,203264,56,16,896,85.97,10.260000000000003
TaOx_01,10.1038/s41598-017-18329-3,TaOx,2909.09,3.463757157444634,1,7,DISCRETE_MULTILEVEL,DERIVED,absolute,SINGLE_DIFFERENTIAL_PAIR,DERIVED_DEVICE_STATE_CAP,128,3,7,0,2,4,203264,16,16,256,78.27,17.960000000000008
TaOx_01,10.1038/s41598-017-18329-3,TaOx,2909.09,3.463757157444634,1,7,DISCRETE_MULTILEVEL,DERIVED,absolute,SINGLE_DIFFERENTIAL_PAIR,DERIVED_DEVICE_STATE_CAP,128,4,13,0,2,4,203264,16,16,256,74.42,21.81
TaOx_01,10.1038/s41598-017-18329-3,TaOx,2909.09,3.463757157444634,1,7,DISCRETE_MULTILEVEL,DERIVED,absolute,SINGLE_DIFFERENTIAL_PAIR,DERIVED_DEVICE_STATE_CAP,128,6,13,0,2,4,203264,16,16,256,74.42,21.81
TaOx_01,10.1038/s41598-017-18329-3,TaOx,2909.09,3.463757157444634,1,7,DISCRETE_MULTILEVEL,DERIVED,absolute,SINGLE_DIFFERENTIAL_PAIR,DERIVED_DEVICE_STATE_CAP,128,8,13,0,2,4,203264,16,16,256,74.42,21.81
TaOx_01,10.1038/s41598-017-18329-3,TaOx,2909.09,3.463757157444634,1,7,DISCRETE_MULTILEVEL,DERIVED,absolute,SINGLE_DIFFERENTIAL_PAIR,DERIVED_DEVICE_STATE_CAP,128,5,13,0,2,4,203264,16,16,256,74.42,21.81
TaOx_01,10.1038/s41598-017-18329-3,TaOx,2909.09,3.463757157444634,1,7,DISCRETE_MULTILEVEL,DERIVED,absolute,SINGLE_DIFFERENTIAL_PAIR,DERIVED_DEVICE_STATE_CAP,128,7,13,0,2,4,203264,16,16,256,74.42,21.81
TaOx_01,10.1038/s41598-017-18329-3,TaOx,2909.09,3.463757157444634,1,7,DISCRETE_MULTILEVEL,DERIVED,absolute,SINGLE_DIFFERENTIAL_PAIR,DERIVED_DEVICE_STATE_CAP,256,3,7,0,2,4,203264,10,16,160,74.41,21.820000000000007
TaOx_01,10.1038/s41598-017-18329-3,TaOx,2909.09,3.463757157444634,1,7,DISCRETE_MULTILEVEL,DERIVED,absolute,SINGLE_DIFFERENTIAL_PAIR,DERIVED_DEVICE_STATE_CAP,256,8,13,0,2,4,203264,10,16,160,73.32,22.91000000000001
TaOx_01,10.1038/s41598-017-18329-3,TaOx,2909.09,3.463757157444634,1,7,DISCRETE_MULTILEVEL,DERIVED,absolute,SINGLE_DIFFERENTIAL_PAIR,DERIVED_DEVICE_STATE_CAP,256,4,13,0,2,4,203264,10,16,160,73.32,22.91000000000001
TaOx_01,10.1038/s41598-017-18329-3,TaOx,2909.09,3.463757157444634,1,7,DISCRETE_MULTILEVEL,DERIVED,absolute,SINGLE_DIFFERENTIAL_PAIR,DERIVED_DEVICE_STATE_CAP,256,7,13,0,2,4,203264,10,16,160,73.32,22.91000000000001
TaOx_01,10.1038/s41598-017-18329-3,TaOx,2909.09,3.463757157444634,1,7,DISCRETE_MULTILEVEL,DERIVED,absolute,SINGLE_DIFFERENTIAL_PAIR,DERIVED_DEVICE_STATE_CAP,256,5,13,0,2,4,203264,10,16,160,73.32,22.91000000000001
TaOx_01,10.1038/s41598-017-18329-3,TaOx,2909.09,3.463757157444634,1,7,DISCRETE_MULTILEVEL,DERIVED,absolute,SINGLE_DIFFERENTIAL_PAIR,DERIVED_DEVICE_STATE_CAP,256,6,13,0,2,4,203264,10,16,160,73.32,22.91000000000001
TaOx_01,10.1038/s41598-017-18329-3,TaOx,2909.09,3.463757157444634,1,7,DISCRETE_MULTILEVEL,DERIVED,absolute,SINGLE_DIFFERENTIAL_PAIR,DERIVED_DEVICE_STATE_CAP,16,2,3,0,2,4,203264,800,16,12800,11.98,84.25
TaOx_01,10.1038/s41598-017-18329-3,TaOx,2909.09,3.463757157444634,1,7,DISCRETE_MULTILEVEL,DERIVED,absolute,SINGLE_DIFFERENTIAL_PAIR,DERIVED_DEVICE_STATE_CAP,32,2,3,0,2,4,203264,208,16,3328,11.95,84.28
TaOx_01,10.1038/s41598-017-18329-3,TaOx,2909.09,3.463757157444634,1,7,DISCRETE_MULTILEVEL,DERIVED,absolute,SINGLE_DIFFERENTIAL_PAIR,DERIVED_DEVICE_STATE_CAP,64,2,3,0,2,4,203264,56,16,896,11.85,84.38000000000001
TaOx_01,10.1038/s41598-017-18329-3,TaOx,2909.09,3.463757157444634,1,7,DISCRETE_MULTILEVEL,DERIVED,absolute,SINGLE_DIFFERENTIAL_PAIR,DERIVED_DEVICE_STATE_CAP,256,2,3,0,2,5,203264,10,32,320,11.85,84.38000000000001
TaOx_01,10.1038/s41598-017-18329-3,TaOx,2909.09,3.463757157444634,1,7,DISCRETE_MULTILEVEL,DERIVED,absolute,SINGLE_DIFFERENTIAL_PAIR,DERIVED_DEVICE_STATE_CAP,128,2,3,0,2,5,203264,16,32,512,11.75,84.48
TaOx_01,10.1038/s41598-017-18329-3,TaOx,2909.09,3.463757157444634,1,7,DISCRETE_MULTILEVEL,DERIVED,absolute,SINGLE_DIFFERENTIAL_PAIR,DERIVED_DEVICE_STATE_CAP,128,2,3,0,2,7,203264,16,128,2048,11.61,84.62
TaOx_01,10.1038/s41598-017-18329-3,TaOx,2909.09,3.463757157444634,1,7,DISCRETE_MULTILEVEL,DERIVED,absolute,SINGLE_DIFFERENTIAL_PAIR,DERIVED_DEVICE_STATE_CAP,256,2,3,0,2,7,203264,10,128,1280,11.59,84.64
TaOx_01,10.1038/s41598-017-18329-3,TaOx,2909.09,3.463757157444634,1,7,DISCRETE_MULTILEVEL,DERIVED,absolute,SINGLE_DIFFERENTIAL_PAIR,DERIVED_DEVICE_STATE_CAP,32,2,3,0,2,5,203264,208,32,6656,11.58,84.65
TaOx_01,10.1038/s41598-017-18329-3,TaOx,2909.09,3.463757157444634,1,7,DISCRETE_MULTILEVEL,DERIVED,absolute,SINGLE_DIFFERENTIAL_PAIR,DERIVED_DEVICE_STATE_CAP,16,2,3,0,2,10,203264,800,1024,819200,11.53,84.7
TaOx_01,10.1038/s41598-017-18329-3,TaOx,2909.09,3.463757157444634,1,7,DISCRETE_MULTILEVEL,DERIVED,absolute,SINGLE_DIFFERENTIAL_PAIR,DERIVED_DEVICE_STATE_CAP,256,2,3,0,2,8,203264,10,256,2560,11.5,84.73
TaOx_01,10.1038/s41598-017-18329-3,TaOx,2909.09,3.463757157444634,1,7,DISCRETE_MULTILEVEL,DERIVED,absolute,SINGLE_DIFFERENTIAL_PAIR,DERIVED_DEVICE_STATE_CAP,16,2,3,0,2,9,203264,800,512,409600,11.5,84.73
TaOx_01,10.1038/s41598-017-18329-3,TaOx,2909.09,3.463757157444634,1,7,DISCRETE_MULTILEVEL,DERIVED,absolute,SINGLE_DIFFERENTIAL_PAIR,DERIVED_DEVICE_STATE_CAP,64,2,3,0,2,10,203264,56,1024,57344,11.48,84.75
TaOx_01,10.1038/s41598-017-18329-3,TaOx,2909.09,3.463757157444634,1,7,DISCRETE_MULTILEVEL,DERIVED,absolute,SINGLE_DIFFERENTIAL_PAIR,DERIVED_DEVICE_STATE_CAP,32,2,3,0,2,10,203264,208,1024,212992,11.46,84.77000000000001
TaOx_01,10.1038/s41598-017-18329-3,TaOx,2909.09,3.463757157444634,1,7,DISCRETE_MULTILEVEL,DERIVED,absolute,SINGLE_DIFFERENTIAL_PAIR,DERIVED_DEVICE_STATE_CAP,64,2,3,0,2,6,203264,56,64,3584,11.46,84.77000000000001
TaOx_01,10.1038/s41598-017-18329-3,TaOx,2909.09,3.463757157444634,1,7,DISCRETE_MULTILEVEL,DERIVED,absolute,SINGLE_DIFFERENTIAL_PAIR,DERIVED_DEVICE_STATE_CAP,256,2,3,0,2,6,203264,10,64,640,11.46,84.77000000000001
TaOx_01,10.1038/s41598-017-18329-3,TaOx,2909.09,3.463757157444634,1,7,DISCRETE_MULTILEVEL,DERIVED,absolute,SINGLE_DIFFERENTIAL_PAIR,DERIVED_DEVICE_STATE_CAP,128,2,3,0,2,8,203264,16,256,4096,11.45,84.78
TaOx_01,10.1038/s41598-017-18329-3,TaOx,2909.09,3.463757157444634,1,7,DISCRETE_MULTILEVEL,DERIVED,absolute,SINGLE_DIFFERENTIAL_PAIR,DERIVED_DEVICE_STATE_CAP,16,2,3,0,2,5,203264,800,32,25600,11.45,84.78
TaOx_01,10.1038/s41598-017-18329-3,TaOx,2909.09,3.463757157444634,1,7,DISCRETE_MULTILEVEL,DERIVED,absolute,SINGLE_DIFFERENTIAL_PAIR,DERIVED_DEVICE_STATE_CAP,32,2,3,0,2,9,203264,208,512,106496,11.44,84.79
TaOx_01,10.1038/s41598-017-18329-3,TaOx,2909.09,3.463757157444634,1,7,DISCRETE_MULTILEVEL,DERIVED,absolute,SINGLE_DIFFERENTIAL_PAIR,DERIVED_DEVICE_STATE_CAP,256,2,3,0,2,10,203264,10,1024,10240,11.42,84.81
TaOx_01,10.1038/s41598-017-18329-3,TaOx,2909.09,3.463757157444634,1,7,DISCRETE_MULTILEVEL,DERIVED,absolute,SINGLE_DIFFERENTIAL_PAIR,DERIVED_DEVICE_STATE_CAP,128,2,3,0,2,9,203264,16,512,8192,11.42,84.81
TaOx_01,10.1038/s41598-017-18329-3,TaOx,2909.09,3.463757157444634,1,7,DISCRETE_MULTILEVEL,DERIVED,absolute,SINGLE_DIFFERENTIAL_PAIR,DERIVED_DEVICE_STATE_CAP,128,2,3,0,2,6,203264,16,64,1024,11.41,84.82000000000001
TaOx_01,10.1038/s41598-017-18329-3,TaOx,2909.09,3.463757157444634,1,7,DISCRETE_MULTILEVEL,DERIVED,absolute,SINGLE_DIFFERENTIAL_PAIR,DERIVED_DEVICE_STATE_CAP,256,2,3,0,2,9,203264,10,512,5120,11.41,84.82000000000001
TaOx_01,10.1038/s41598-017-18329-3,TaOx,2909.09,3.463757157444634,1,7,DISCRETE_MULTILEVEL,DERIVED,absolute,SINGLE_DIFFERENTIAL_PAIR,DERIVED_DEVICE_STATE_CAP,32,2,3,0,2,7,203264,208,128,26624,11.4,84.83
TaOx_01,10.1038/s41598-017-18329-3,TaOx,2909.09,3.463757157444634,1,7,DISCRETE_MULTILEVEL,DERIVED,absolute,SINGLE_DIFFERENTIAL_PAIR,DERIVED_DEVICE_STATE_CAP,64,2,3,0,2,9,203264,56,512,28672,11.38,84.85000000000001
TaOx_01,10.1038/s41598-017-18329-3,TaOx,2909.09,3.463757157444634,1,7,DISCRETE_MULTILEVEL,DERIVED,absolute,SINGLE_DIFFERENTIAL_PAIR,DERIVED_DEVICE_STATE_CAP,128,2,3,0,2,10,203264,16,1024,16384,11.36,84.87
TaOx_01,10.1038/s41598-017-18329-3,TaOx,2909.09,3.463757157444634,1,7,DISCRETE_MULTILEVEL,DERIVED,absolute,SINGLE_DIFFERENTIAL_PAIR,DERIVED_DEVICE_STATE_CAP,64,2,3,0,2,8,203264,56,256,14336,11.35,84.88000000000001
TaOx_01,10.1038/s41598-017-18329-3,TaOx,2909.09,3.463757157444634,1,7,DISCRETE_MULTILEVEL,DERIVED,absolute,SINGLE_DIFFERENTIAL_PAIR,DERIVED_DEVICE_STATE_CAP,32,2,3,0,2,8,203264,208,256,53248,11.35,84.88000000000001
TaOx_01,10.1038/s41598-017-18329-3,TaOx,2909.09,3.463757157444634,1,7,DISCRETE_MULTILEVEL,DERIVED,absolute,SINGLE_DIFFERENTIAL_PAIR,DERIVED_DEVICE_STATE_CAP,16,2,3,0,2,6,203264,800,64,51200,11.35,84.88000000000001
TaOx_01,10.1038/s41598-017-18329-3,TaOx,2909.09,3.463757157444634,1,7,DISCRETE_MULTILEVEL,DERIVED,absolute,SINGLE_DIFFERENTIAL_PAIR,DERIVED_DEVICE_STATE_CAP,16,2,3,0,2,7,203264,800,128,102400,11.31,84.92
TaOx_01,10.1038/s41598-017-18329-3,TaOx,2909.09,3.463757157444634,1,7,DISCRETE_MULTILEVEL,DERIVED,absolute,SINGLE_DIFFERENTIAL_PAIR,DERIVED_DEVICE_STATE_CAP,16,2,3,0,2,8,203264,800,256,204800,11.28,84.95
TaOx_01,10.1038/s41598-017-18329-3,TaOx,2909.09,3.463757157444634,1,7,DISCRETE_MULTILEVEL,DERIVED,absolute,SINGLE_DIFFERENTIAL_PAIR,DERIVED_DEVICE_STATE_CAP,32,2,3,0,2,6,203264,208,64,13312,11.27,84.96000000000001
TaOx_01,10.1038/s41598-017-18329-3,TaOx,2909.09,3.463757157444634,1,7,DISCRETE_MULTILEVEL,DERIVED,absolute,SINGLE_DIFFERENTIAL_PAIR,DERIVED_DEVICE_STATE_CAP,64,2,3,0,2,5,203264,56,32,1792,11.25,84.98
TaOx_01,10.1038/s41598-017-18329-3,TaOx,2909.09,3.463757157444634,1,7,DISCRETE_MULTILEVEL,DERIVED,absolute,SINGLE_DIFFERENTIAL_PAIR,DERIVED_DEVICE_STATE_CAP,64,2,3,0,2,7,203264,56,128,7168,11.18,85.05000000000001
TaOx_01,10.1038/s41598-017-18329-3,TaOx,2909.09,3.463757157444634,1,7,DISCRETE_MULTILEVEL,DERIVED,absolute,SINGLE_DIFFERENTIAL_PAIR,DERIVED_DEVICE_STATE_CAP,128,2,3,0,2,4,203264,16,16,256,10.85,85.38000000000001
TaOx_01,10.1038/s41598-017-18329-3,TaOx,2909.09,3.463757157444634,1,7,DISCRETE_MULTILEVEL,DERIVED,absolute,SINGLE_DIFFERENTIAL_PAIR,DERIVED_DEVICE_STATE_CAP,256,2,3,0,2,4,203264,10,16,160,10.16,86.07000000000001
HfOx_01,10.1109/TNANO.2024.3485213,HfOx,45.4,1.657055852857104,0,0,GRADUAL_MULTILEVEL,NOT_REPORTED,absolute,IDEALIZED_SINGLE_PAIR_GRADUAL,IDEALIZED_GRADUAL_MAPPING,128,6,63,0,2,8,203264,16,256,4096,96.32,-0.0899999999999892
HfOx_01,10.1109/TNANO.2024.3485213,HfOx,45.4,1.657055852857104,0,0,GRADUAL_MULTILEVEL,NOT_REPORTED,absolute,IDEALIZED_SINGLE_PAIR_GRADUAL,IDEALIZED_GRADUAL_MAPPING,16,6,63,0,2,9,203264,800,512,409600,96.31,-0.0799999999999983
HfOx_01,10.1109/TNANO.2024.3485213,HfOx,45.4,1.657055852857104,0,0,GRADUAL_MULTILEVEL,NOT_REPORTED,absolute,IDEALIZED_SINGLE_PAIR_GRADUAL,IDEALIZED_GRADUAL_MAPPING,16,6,63,0,2,10,203264,800,1024,819200,96.3,-0.0699999999999931
HfOx_01,10.1109/TNANO.2024.3485213,HfOx,45.4,1.657055852857104,0,0,GRADUAL_MULTILEVEL,NOT_REPORTED,absolute,IDEALIZED_SINGLE_PAIR_GRADUAL,IDEALIZED_GRADUAL_MAPPING,64,6,63,0,2,7,203264,56,128,7168,96.3,-0.0699999999999931
HfOx_01,10.1109/TNANO.2024.3485213,HfOx,45.4,1.657055852857104,0,0,GRADUAL_MULTILEVEL,NOT_REPORTED,absolute,IDEALIZED_SINGLE_PAIR_GRADUAL,IDEALIZED_GRADUAL_MAPPING,32,6,63,0,2,10,203264,208,1024,212992,96.3,-0.0699999999999931
HfOx_01,10.1109/TNANO.2024.3485213,HfOx,45.4,1.657055852857104,0,0,GRADUAL_MULTILEVEL,NOT_REPORTED,absolute,IDEALIZED_SINGLE_PAIR_GRADUAL,IDEALIZED_GRADUAL_MAPPING,256,6,63,0,2,10,203264,10,1024,10240,96.3,-0.0699999999999931
HfOx_01,10.1109/TNANO.2024.3485213,HfOx,45.4,1.657055852857104,0,0,GRADUAL_MULTILEVEL,NOT_REPORTED,absolute,IDEALIZED_SINGLE_PAIR_GRADUAL,IDEALIZED_GRADUAL_MAPPING,64,8,255,0,2,7,203264,56,128,7168,96.3,-0.0699999999999931
HfOx_01,10.1109/TNANO.2024.3485213,HfOx,45.4,1.657055852857104,0,0,GRADUAL_MULTILEVEL,NOT_REPORTED,absolute,IDEALIZED_SINGLE_PAIR_GRADUAL,IDEALIZED_GRADUAL_MAPPING,16,6,63,0,2,8,203264,800,256,204800,96.28,-0.0499999999999971
HfOx_01,10.1109/TNANO.2024.3485213,HfOx,45.4,1.657055852857104,0,0,GRADUAL_MULTILEVEL,NOT_REPORTED,absolute,IDEALIZED_SINGLE_PAIR_GRADUAL,IDEALIZED_GRADUAL_MAPPING,128,6,63,0,2,10,203264,16,1024,16384,96.28,-0.0499999999999971
HfOx_01,10.1109/TNANO.2024.3485213,HfOx,45.4,1.657055852857104,0,0,GRADUAL_MULTILEVEL,NOT_REPORTED,absolute,IDEALIZED_SINGLE_PAIR_GRADUAL,IDEALIZED_GRADUAL_MAPPING,64,7,127,0,2,7,203264,56,128,7168,96.27,-0.039999999999992
HfOx_01,10.1109/TNANO.2024.3485213,HfOx,45.4,1.657055852857104,0,0,GRADUAL_MULTILEVEL,NOT_REPORTED,absolute,IDEALIZED_SINGLE_PAIR_GRADUAL,IDEALIZED_GRADUAL_MAPPING,64,6,63,0,2,10,203264,56,1024,57344,96.27,-0.039999999999992
HfOx_01,10.1109/TNANO.2024.3485213,HfOx,45.4,1.657055852857104,0,0,GRADUAL_MULTILEVEL,NOT_REPORTED,absolute,IDEALIZED_SINGLE_PAIR_GRADUAL,IDEALIZED_GRADUAL_MAPPING,16,8,255,0,2,6,203264,800,64,51200,96.27,-0.039999999999992
HfOx_01,10.1109/TNANO.2024.3485213,HfOx,45.4,1.657055852857104,0,0,GRADUAL_MULTILEVEL,NOT_REPORTED,absolute,IDEALIZED_SINGLE_PAIR_GRADUAL,IDEALIZED_GRADUAL_MAPPING,32,6,63,0,2,8,203264,208,256,53248,96.26,-0.0300000000000011
HfOx_01,10.1109/TNANO.2024.3485213,HfOx,45.4,1.657055852857104,0,0,GRADUAL_MULTILEVEL,NOT_REPORTED,absolute,IDEALIZED_SINGLE_PAIR_GRADUAL,IDEALIZED_GRADUAL_MAPPING,64,6,63,0,2,9,203264,56,512,28672,96.26,-0.0300000000000011
HfOx_01,10.1109/TNANO.2024.3485213,HfOx,45.4,1.657055852857104,0,0,GRADUAL_MULTILEVEL,NOT_REPORTED,absolute,IDEALIZED_SINGLE_PAIR_GRADUAL,IDEALIZED_GRADUAL_MAPPING,32,6,63,0,2,9,203264,208,512,106496,96.26,-0.0300000000000011
HfOx_01,10.1109/TNANO.2024.3485213,HfOx,45.4,1.657055852857104,0,0,GRADUAL_MULTILEVEL,NOT_REPORTED,absolute,IDEALIZED_SINGLE_PAIR_GRADUAL,IDEALIZED_GRADUAL_MAPPING,256,8,255,0,2,10,203264,10,1024,10240,96.26,-0.0300000000000011
HfOx_01,10.1109/TNANO.2024.3485213,HfOx,45.4,1.657055852857104,0,0,GRADUAL_MULTILEVEL,NOT_REPORTED,absolute,IDEALIZED_SINGLE_PAIR_GRADUAL,IDEALIZED_GRADUAL_MAPPING,256,8,255,0,2,8,203264,10,256,2560,96.26,-0.0300000000000011
HfOx_01,10.1109/TNANO.2024.3485213,HfOx,45.4,1.657055852857104,0,0,GRADUAL_MULTILEVEL,NOT_REPORTED,absolute,IDEALIZED_SINGLE_PAIR_GRADUAL,IDEALIZED_GRADUAL_MAPPING,32,8,255,0,2,8,203264,208,256,53248,96.25,-0.019999999999996
HfOx_01,10.1109/TNANO.2024.3485213,HfOx,45.4,1.657055852857104,0,0,GRADUAL_MULTILEVEL,NOT_REPORTED,absolute,IDEALIZED_SINGLE_PAIR_GRADUAL,IDEALIZED_GRADUAL_MAPPING,16,8,255,0,2,9,203264,800,512,409600,96.25,-0.019999999999996
HfOx_01,10.1109/TNANO.2024.3485213,HfOx,45.4,1.657055852857104,0,0,GRADUAL_MULTILEVEL,NOT_REPORTED,absolute,IDEALIZED_SINGLE_PAIR_GRADUAL,IDEALIZED_GRADUAL_MAPPING,32,7,127,0,2,9,203264,208,512,106496,96.25,-0.019999999999996
HfOx_01,10.1109/TNANO.2024.3485213,HfOx,45.4,1.657055852857104,0,0,GRADUAL_MULTILEVEL,NOT_REPORTED,absolute,IDEALIZED_SINGLE_PAIR_GRADUAL,IDEALIZED_GRADUAL_MAPPING,32,8,255,0,2,9,203264,208,512,106496,96.25,-0.019999999999996
HfOx_01,10.1109/TNANO.2024.3485213,HfOx,45.4,1.657055852857104,0,0,GRADUAL_MULTILEVEL,NOT_REPORTED,absolute,IDEALIZED_SINGLE_PAIR_GRADUAL,IDEALIZED_GRADUAL_MAPPING,256,6,63,0,2,8,203264,10,256,2560,96.25,-0.019999999999996
HfOx_01,10.1109/TNANO.2024.3485213,HfOx,45.4,1.657055852857104,0,0,GRADUAL_MULTILEVEL,NOT_REPORTED,absolute,IDEALIZED_SINGLE_PAIR_GRADUAL,IDEALIZED_GRADUAL_MAPPING,128,6,63,0,2,9,203264,16,512,8192,96.25,-0.019999999999996
HfOx_01,10.1109/TNANO.2024.3485213,HfOx,45.4,1.657055852857104,0,0,GRADUAL_MULTILEVEL,NOT_REPORTED,absolute,IDEALIZED_SINGLE_PAIR_GRADUAL,IDEALIZED_GRADUAL_MAPPING,64,8,255,0,2,9,203264,56,512,28672,96.25,-0.019999999999996
HfOx_01,10.1109/TNANO.2024.3485213,HfOx,45.4,1.657055852857104,0,0,GRADUAL_MULTILEVEL,NOT_REPORTED,absolute,IDEALIZED_SINGLE_PAIR_GRADUAL,IDEALIZED_GRADUAL_MAPPING,64,7,127,0,2,9,203264,56,512,28672,96.24,-0.0099999999999909
HfOx_01,10.1109/TNANO.2024.3485213,HfOx,45.4,1.657055852857104,0,0,GRADUAL_MULTILEVEL,NOT_REPORTED,absolute,IDEALIZED_SINGLE_PAIR_GRADUAL,IDEALIZED_GRADUAL_MAPPING,256,7,127,0,2,9,203264,10,512,5120,96.24,-0.0099999999999909
HfOx_01,10.1109/TNANO.2024.3485213,HfOx,45.4,1.657055852857104,0,0,GRADUAL_MULTILEVEL,NOT_REPORTED,absolute,IDEALIZED_SINGLE_PAIR_GRADUAL,IDEALIZED_GRADUAL_MAPPING,256,6,63,0,2,9,203264,10,512,5120,96.24,-0.0099999999999909
HfOx_01,10.1109/TNANO.2024.3485213,HfOx,45.4,1.657055852857104,0,0,GRADUAL_MULTILEVEL,NOT_REPORTED,absolute,IDEALIZED_SINGLE_PAIR_GRADUAL,IDEALIZED_GRADUAL_MAPPING,16,8,255,0,2,10,203264,800,1024,819200,96.24,-0.0099999999999909
HfOx_01,10.1109/TNANO.2024.3485213,HfOx,45.4,1.657055852857104,0,0,GRADUAL_MULTILEVEL,NOT_REPORTED,absolute,IDEALIZED_SINGLE_PAIR_GRADUAL,IDEALIZED_GRADUAL_MAPPING,16,6,63,0,2,6,203264,800,64,51200,96.24,-0.0099999999999909
HfOx_01,10.1109/TNANO.2024.3485213,HfOx,45.4,1.657055852857104,0,0,GRADUAL_MULTILEVEL,NOT_REPORTED,absolute,IDEALIZED_SINGLE_PAIR_GRADUAL,IDEALIZED_GRADUAL_MAPPING,32,8,255,0,2,10,203264,208,1024,212992,96.24,-0.0099999999999909
HfOx_01,10.1109/TNANO.2024.3485213,HfOx,45.4,1.657055852857104,0,0,GRADUAL_MULTILEVEL,NOT_REPORTED,absolute,IDEALIZED_SINGLE_PAIR_GRADUAL,IDEALIZED_GRADUAL_MAPPING,32,5,31,0,2,8,203264,208,256,53248,96.23,0.0
HfOx_01,10.1109/TNANO.2024.3485213,HfOx,45.4,1.657055852857104,0,0,GRADUAL_MULTILEVEL,NOT_REPORTED,absolute,IDEALIZED_SINGLE_PAIR_GRADUAL,IDEALIZED_GRADUAL_MAPPING,16,7,127,0,2,9,203264,800,512,409600,96.23,0.0
HfOx_01,10.1109/TNANO.2024.3485213,HfOx,45.4,1.657055852857104,0,0,GRADUAL_MULTILEVEL,NOT_REPORTED,absolute,IDEALIZED_SINGLE_PAIR_GRADUAL,IDEALIZED_GRADUAL_MAPPING,32,7,127,0,2,8,203264,208,256,53248,96.23,0.0
HfOx_01,10.1109/TNANO.2024.3485213,HfOx,45.4,1.657055852857104,0,0,GRADUAL_MULTILEVEL,NOT_REPORTED,absolute,IDEALIZED_SINGLE_PAIR_GRADUAL,IDEALIZED_GRADUAL_MAPPING,64,7,127,0,2,8,203264,56,256,14336,96.23,0.0
HfOx_01,10.1109/TNANO.2024.3485213,HfOx,45.4,1.657055852857104,0,0,GRADUAL_MULTILEVEL,NOT_REPORTED,absolute,IDEALIZED_SINGLE_PAIR_GRADUAL,IDEALIZED_GRADUAL_MAPPING,128,7,127,0,2,8,203264,16,256,4096,96.23,0.0
HfOx_01,10.1109/TNANO.2024.3485213,HfOx,45.4,1.657055852857104,0,0,GRADUAL_MULTILEVEL,NOT_REPORTED,absolute,IDEALIZED_SINGLE_PAIR_GRADUAL,IDEALIZED_GRADUAL_MAPPING,256,8,255,0,2,9,203264,10,512,5120,96.22,0.0100000000000051
HfOx_01,10.1109/TNANO.2024.3485213,HfOx,45.4,1.657055852857104,0,0,GRADUAL_MULTILEVEL,NOT_REPORTED,absolute,IDEALIZED_SINGLE_PAIR_GRADUAL,IDEALIZED_GRADUAL_MAPPING,64,8,255,0,2,10,203264,56,1024,57344,96.22,0.0100000000000051
HfOx_01,10.1109/TNANO.2024.3485213,HfOx,45.4,1.657055852857104,0,0,GRADUAL_MULTILEVEL,NOT_REPORTED,absolute,IDEALIZED_SINGLE_PAIR_GRADUAL,IDEALIZED_GRADUAL_MAPPING,32,6,63,0,2,7,203264,208,128,26624,96.22,0.0100000000000051
HfOx_01,10.1109/TNANO.2024.3485213,HfOx,45.4,1.657055852857104,0,0,GRADUAL_MULTILEVEL,NOT_REPORTED,absolute,IDEALIZED_SINGLE_PAIR_GRADUAL,IDEALIZED_GRADUAL_MAPPING,256,7,127,0,2,10,203264,10,1024,10240,96.22,0.0100000000000051
HfOx_01,10.1109/TNANO.2024.3485213,HfOx,45.4,1.657055852857104,0,0,GRADUAL_MULTILEVEL,NOT_REPORTED,absolute,IDEALIZED_SINGLE_PAIR_GRADUAL,IDEALIZED_GRADUAL_MAPPING,128,7,127,0,2,9,203264,16,512,8192,96.22,0.0100000000000051
HfOx_01,10.1109/TNANO.2024.3485213,HfOx,45.4,1.657055852857104,0,0,GRADUAL_MULTILEVEL,NOT_REPORTED,absolute,IDEALIZED_SINGLE_PAIR_GRADUAL,IDEALIZED_GRADUAL_MAPPING,256,7,127,0,2,8,203264,10,256,2560,96.22,0.0100000000000051
HfOx_01,10.1109/TNANO.2024.3485213,HfOx,45.4,1.657055852857104,0,0,GRADUAL_MULTILEVEL,NOT_REPORTED,absolute,IDEALIZED_SINGLE_PAIR_GRADUAL,IDEALIZED_GRADUAL_MAPPING,16,7,127,0,2,8,203264,800,256,204800,96.22,0.0100000000000051
HfOx_01,10.1109/TNANO.2024.3485213,HfOx,45.4,1.657055852857104,0,0,GRADUAL_MULTILEVEL,NOT_REPORTED,absolute,IDEALIZED_SINGLE_PAIR_GRADUAL,IDEALIZED_GRADUAL_MAPPING,16,8,255,0,2,7,203264,800,128,102400,96.22,0.0100000000000051
HfOx_01,10.1109/TNANO.2024.3485213,HfOx,45.4,1.657055852857104,0,0,GRADUAL_MULTILEVEL,NOT_REPORTED,absolute,IDEALIZED_SINGLE_PAIR_GRADUAL,IDEALIZED_GRADUAL_MAPPING,16,7,127,0,2,7,203264,800,128,102400,96.22,0.0100000000000051
HfOx_01,10.1109/TNANO.2024.3485213,HfOx,45.4,1.657055852857104,0,0,GRADUAL_MULTILEVEL,NOT_REPORTED,absolute,IDEALIZED_SINGLE_PAIR_GRADUAL,IDEALIZED_GRADUAL_MAPPING,16,6,63,0,2,7,203264,800,128,102400,96.22,0.0100000000000051
HfOx_01,10.1109/TNANO.2024.3485213,HfOx,45.4,1.657055852857104,0,0,GRADUAL_MULTILEVEL,NOT_REPORTED,absolute,IDEALIZED_SINGLE_PAIR_GRADUAL,IDEALIZED_GRADUAL_MAPPING,128,8,255,0,2,10,203264,16,1024,16384,96.21,0.0200000000000102
HfOx_01,10.1109/TNANO.2024.3485213,HfOx,45.4,1.657055852857104,0,0,GRADUAL_MULTILEVEL,NOT_REPORTED,absolute,IDEALIZED_SINGLE_PAIR_GRADUAL,IDEALIZED_GRADUAL_MAPPING,32,7,127,0,2,7,203264,208,128,26624,96.21,0.0200000000000102
HfOx_01,10.1109/TNANO.2024.3485213,HfOx,45.4,1.657055852857104,0,0,GRADUAL_MULTILEVEL,NOT_REPORTED,absolute,IDEALIZED_SINGLE_PAIR_GRADUAL,IDEALIZED_GRADUAL_MAPPING,16,8,255,0,2,8,203264,800,256,204800,96.21,0.0200000000000102
HfOx_01,10.1109/TNANO.2024.3485213,HfOx,45.4,1.657055852857104,0,0,GRADUAL_MULTILEVEL,NOT_REPORTED,absolute,IDEALIZED_SINGLE_PAIR_GRADUAL,IDEALIZED_GRADUAL_MAPPING,16,7,127,0,2,10,203264,800,1024,819200,96.21,0.0200000000000102
HfOx_01,10.1109/TNANO.2024.3485213,HfOx,45.4,1.657055852857104,0,0,GRADUAL_MULTILEVEL,NOT_REPORTED,absolute,IDEALIZED_SINGLE_PAIR_GRADUAL,IDEALIZED_GRADUAL_MAPPING,64,7,127,0,2,10,203264,56,1024,57344,96.21,0.0200000000000102
HfOx_01,10.1109/TNANO.2024.3485213,HfOx,45.4,1.657055852857104,0,0,GRADUAL_MULTILEVEL,NOT_REPORTED,absolute,IDEALIZED_SINGLE_PAIR_GRADUAL,IDEALIZED_GRADUAL_MAPPING,128,8,255,0,2,7,203264,16,128,2048,96.21,0.0200000000000102
HfOx_01,10.1109/TNANO.2024.3485213,HfOx,45.4,1.657055852857104,0,0,GRADUAL_MULTILEVEL,NOT_REPORTED,absolute,IDEALIZED_SINGLE_PAIR_GRADUAL,IDEALIZED_GRADUAL_MAPPING,64,5,31,0,2,7,203264,56,128,7168,96.21,0.0200000000000102
HfOx_01,10.1109/TNANO.2024.3485213,HfOx,45.4,1.657055852857104,0,0,GRADUAL_MULTILEVEL,NOT_REPORTED,absolute,IDEALIZED_SINGLE_PAIR_GRADUAL,IDEALIZED_GRADUAL_MAPPING,64,6,63,0,2,8,203264,56,256,14336,96.21,0.0200000000000102
HfOx_01,10.1109/TNANO.2024.3485213,HfOx,45.4,1.657055852857104,0,0,GRADUAL_MULTILEVEL,NOT_REPORTED,absolute,IDEALIZED_SINGLE_PAIR_GRADUAL,IDEALIZED_GRADUAL_MAPPING,32,7,127,0,2,10,203264,208,1024,212992,96.2,0.0300000000000011
HfOx_01,10.1109/TNANO.2024.3485213,HfOx,45.4,1.657055852857104,0,0,GRADUAL_MULTILEVEL,NOT_REPORTED,absolute,IDEALIZED_SINGLE_PAIR_GRADUAL,IDEALIZED_GRADUAL_MAPPING,16,5,31,0,2,7,203264,800,128,102400,96.2,0.0300000000000011
HfOx_01,10.1109/TNANO.2024.3485213,HfOx,45.4,1.657055852857104,0,0,GRADUAL_MULTILEVEL,NOT_REPORTED,absolute,IDEALIZED_SINGLE_PAIR_GRADUAL,IDEALIZED_GRADUAL_MAPPING,128,7,127,0,2,10,203264,16,1024,16384,96.2,0.0300000000000011
HfOx_01,10.1109/TNANO.2024.3485213,HfOx,45.4,1.657055852857104,0,0,GRADUAL_MULTILEVEL,NOT_REPORTED,absolute,IDEALIZED_SINGLE_PAIR_GRADUAL,IDEALIZED_GRADUAL_MAPPING,128,8,255,0,2,8,203264,16,256,4096,96.2,0.0300000000000011
HfOx_01,10.1109/TNANO.2024.3485213,HfOx,45.4,1.657055852857104,0,0,GRADUAL_MULTILEVEL,NOT_REPORTED,absolute,IDEALIZED_SINGLE_PAIR_GRADUAL,IDEALIZED_GRADUAL_MAPPING,32,5,31,0,2,7,203264,208,128,26624,96.2,0.0300000000000011
HfOx_01,10.1109/TNANO.2024.3485213,HfOx,45.4,1.657055852857104,0,0,GRADUAL_MULTILEVEL,NOT_REPORTED,absolute,IDEALIZED_SINGLE_PAIR_GRADUAL,IDEALIZED_GRADUAL_MAPPING,64,5,31,0,2,8,203264,56,256,14336,96.19,0.0400000000000062
HfOx_01,10.1109/TNANO.2024.3485213,HfOx,45.4,1.657055852857104,0,0,GRADUAL_MULTILEVEL,NOT_REPORTED,absolute,IDEALIZED_SINGLE_PAIR_GRADUAL,IDEALIZED_GRADUAL_MAPPING,256,7,127,0,2,7,203264,10,128,1280,96.19,0.0400000000000062
HfOx_01,10.1109/TNANO.2024.3485213,HfOx,45.4,1.657055852857104,0,0,GRADUAL_MULTILEVEL,NOT_REPORTED,absolute,IDEALIZED_SINGLE_PAIR_GRADUAL,IDEALIZED_GRADUAL_MAPPING,16,6,63,0,2,5,203264,800,32,25600,96.19,0.0400000000000062
HfOx_01,10.1109/TNANO.2024.3485213,HfOx,45.4,1.657055852857104,0,0,GRADUAL_MULTILEVEL,NOT_REPORTED,absolute,IDEALIZED_SINGLE_PAIR_GRADUAL,IDEALIZED_GRADUAL_MAPPING,128,8,255,0,2,9,203264,16,512,8192,96.19,0.0400000000000062
HfOx_01,10.1109/TNANO.2024.3485213,HfOx,45.4,1.657055852857104,0,0,GRADUAL_MULTILEVEL,NOT_REPORTED,absolute,IDEALIZED_SINGLE_PAIR_GRADUAL,IDEALIZED_GRADUAL_MAPPING,16,7,127,0,2,6,203264,800,64,51200,96.18,0.0499999999999971
HfOx_01,10.1109/TNANO.2024.3485213,HfOx,45.4,1.657055852857104,0,0,GRADUAL_MULTILEVEL,NOT_REPORTED,absolute,IDEALIZED_SINGLE_PAIR_GRADUAL,IDEALIZED_GRADUAL_MAPPING,16,8,255,0,2,5,203264,800,32,25600,96.17,0.0600000000000022
HfOx_01,10.1109/TNANO.2024.3485213,HfOx,45.4,1.657055852857104,0,0,GRADUAL_MULTILEVEL,NOT_REPORTED,absolute,IDEALIZED_SINGLE_PAIR_GRADUAL,IDEALIZED_GRADUAL_MAPPING,16,5,31,0,2,9,203264,800,512,409600,96.17,0.0600000000000022
HfOx_01,10.1109/TNANO.2024.3485213,HfOx,45.4,1.657055852857104,0,0,GRADUAL_MULTILEVEL,NOT_REPORTED,absolute,IDEALIZED_SINGLE_PAIR_GRADUAL,IDEALIZED_GRADUAL_MAPPING,64,8,255,0,2,8,203264,56,256,14336,96.17,0.0600000000000022
HfOx_01,10.1109/TNANO.2024.3485213,HfOx,45.4,1.657055852857104,0,0,GRADUAL_MULTILEVEL,NOT_REPORTED,absolute,IDEALIZED_SINGLE_PAIR_GRADUAL,IDEALIZED_GRADUAL_MAPPING,128,5,31,0,2,8,203264,16,256,4096,96.17,0.0600000000000022
HfOx_01,10.1109/TNANO.2024.3485213,HfOx,45.4,1.657055852857104,0,0,GRADUAL_MULTILEVEL,NOT_REPORTED,absolute,IDEALIZED_SINGLE_PAIR_GRADUAL,IDEALIZED_GRADUAL_MAPPING,128,6,63,0,2,7,203264,16,128,2048,96.17,0.0600000000000022
HfOx_01,10.1109/TNANO.2024.3485213,HfOx,45.4,1.657055852857104,0,0,GRADUAL_MULTILEVEL,NOT_REPORTED,absolute,IDEALIZED_SINGLE_PAIR_GRADUAL,IDEALIZED_GRADUAL_MAPPING,32,5,31,0,2,9,203264,208,512,106496,96.16,0.0700000000000073
HfOx_01,10.1109/TNANO.2024.3485213,HfOx,45.4,1.657055852857104,0,0,GRADUAL_MULTILEVEL,NOT_REPORTED,absolute,IDEALIZED_SINGLE_PAIR_GRADUAL,IDEALIZED_GRADUAL_MAPPING,64,5,31,0,2,10,203264,56,1024,57344,96.16,0.0700000000000073
HfOx_01,10.1109/TNANO.2024.3485213,HfOx,45.4,1.657055852857104,0,0,GRADUAL_MULTILEVEL,NOT_REPORTED,absolute,IDEALIZED_SINGLE_PAIR_GRADUAL,IDEALIZED_GRADUAL_MAPPING,128,5,31,0,2,9,203264,16,512,8192,96.15,0.0799999999999983
HfOx_01,10.1109/TNANO.2024.3485213,HfOx,45.4,1.657055852857104,0,0,GRADUAL_MULTILEVEL,NOT_REPORTED,absolute,IDEALIZED_SINGLE_PAIR_GRADUAL,IDEALIZED_GRADUAL_MAPPING,128,7,127,0,2,7,203264,16,128,2048,96.15,0.0799999999999983
HfOx_01,10.1109/TNANO.2024.3485213,HfOx,45.4,1.657055852857104,0,0,GRADUAL_MULTILEVEL,NOT_REPORTED,absolute,IDEALIZED_SINGLE_PAIR_GRADUAL,IDEALIZED_GRADUAL_MAPPING,256,6,63,0,2,7,203264,10,128,1280,96.15,0.0799999999999983
HfOx_01,10.1109/TNANO.2024.3485213,HfOx,45.4,1.657055852857104,0,0,GRADUAL_MULTILEVEL,NOT_REPORTED,absolute,IDEALIZED_SINGLE_PAIR_GRADUAL,IDEALIZED_GRADUAL_MAPPING,256,5,31,0,2,10,203264,10,1024,10240,96.14,0.0900000000000034
HfOx_01,10.1109/TNANO.2024.3485213,HfOx,45.4,1.657055852857104,0,0,GRADUAL_MULTILEVEL,NOT_REPORTED,absolute,IDEALIZED_SINGLE_PAIR_GRADUAL,IDEALIZED_GRADUAL_MAPPING,256,8,255,0,2,7,203264,10,128,1280,96.14,0.0900000000000034
HfOx_01,10.1109/TNANO.2024.3485213,HfOx,45.4,1.657055852857104,0,0,GRADUAL_MULTILEVEL,NOT_REPORTED,absolute,IDEALIZED_SINGLE_PAIR_GRADUAL,IDEALIZED_GRADUAL_MAPPING,256,5,31,0,2,9,203264,10,512,5120,96.14,0.0900000000000034
HfOx_01,10.1109/TNANO.2024.3485213,HfOx,45.4,1.657055852857104,0,0,GRADUAL_MULTILEVEL,NOT_REPORTED,absolute,IDEALIZED_SINGLE_PAIR_GRADUAL,IDEALIZED_GRADUAL_MAPPING,128,5,31,0,2,7,203264,16,128,2048,96.14,0.0900000000000034
HfOx_01,10.1109/TNANO.2024.3485213,HfOx,45.4,1.657055852857104,0,0,GRADUAL_MULTILEVEL,NOT_REPORTED,absolute,IDEALIZED_SINGLE_PAIR_GRADUAL,IDEALIZED_GRADUAL_MAPPING,16,7,127,0,2,5,203264,800,32,25600,96.13,0.1000000000000085
HfOx_01,10.1109/TNANO.2024.3485213,HfOx,45.4,1.657055852857104,0,0,GRADUAL_MULTILEVEL,NOT_REPORTED,absolute,IDEALIZED_SINGLE_PAIR_GRADUAL,IDEALIZED_GRADUAL_MAPPING,32,8,255,0,2,6,203264,208,64,13312,96.13,0.1000000000000085
HfOx_01,10.1109/TNANO.2024.3485213,HfOx,45.4,1.657055852857104,0,0,GRADUAL_MULTILEVEL,NOT_REPORTED,absolute,IDEALIZED_SINGLE_PAIR_GRADUAL,IDEALIZED_GRADUAL_MAPPING,64,5,31,0,2,9,203264,56,512,28672,96.13,0.1000000000000085
HfOx_01,10.1109/TNANO.2024.3485213,HfOx,45.4,1.657055852857104,0,0,GRADUAL_MULTILEVEL,NOT_REPORTED,absolute,IDEALIZED_SINGLE_PAIR_GRADUAL,IDEALIZED_GRADUAL_MAPPING,256,5,31,0,2,8,203264,10,256,2560,96.13,0.1000000000000085
HfOx_01,10.1109/TNANO.2024.3485213,HfOx,45.4,1.657055852857104,0,0,GRADUAL_MULTILEVEL,NOT_REPORTED,absolute,IDEALIZED_SINGLE_PAIR_GRADUAL,IDEALIZED_GRADUAL_MAPPING,32,5,31,0,2,6,203264,208,64,13312,96.13,0.1000000000000085
HfOx_01,10.1109/TNANO.2024.3485213,HfOx,45.4,1.657055852857104,0,0,GRADUAL_MULTILEVEL,NOT_REPORTED,absolute,IDEALIZED_SINGLE_PAIR_GRADUAL,IDEALIZED_GRADUAL_MAPPING,32,5,31,0,2,10,203264,208,1024,212992,96.13,0.1000000000000085
HfOx_01,10.1109/TNANO.2024.3485213,HfOx,45.4,1.657055852857104,0,0,GRADUAL_MULTILEVEL,NOT_REPORTED,absolute,IDEALIZED_SINGLE_PAIR_GRADUAL,IDEALIZED_GRADUAL_MAPPING,32,6,63,0,2,6,203264,208,64,13312,96.13,0.1000000000000085
HfOx_01,10.1109/TNANO.2024.3485213,HfOx,45.4,1.657055852857104,0,0,GRADUAL_MULTILEVEL,NOT_REPORTED,absolute,IDEALIZED_SINGLE_PAIR_GRADUAL,IDEALIZED_GRADUAL_MAPPING,32,8,255,0,2,7,203264,208,128,26624,96.13,0.1000000000000085
HfOx_01,10.1109/TNANO.2024.3485213,HfOx,45.4,1.657055852857104,0,0,GRADUAL_MULTILEVEL,NOT_REPORTED,absolute,IDEALIZED_SINGLE_PAIR_GRADUAL,IDEALIZED_GRADUAL_MAPPING,16,5,31,0,2,8,203264,800,256,204800,96.13,0.1000000000000085
HfOx_01,10.1109/TNANO.2024.3485213,HfOx,45.4,1.657055852857104,0,0,GRADUAL_MULTILEVEL,NOT_REPORTED,absolute,IDEALIZED_SINGLE_PAIR_GRADUAL,IDEALIZED_GRADUAL_MAPPING,128,5,31,0,2,10,203264,16,1024,16384,96.12,0.1099999999999994
HfOx_01,10.1109/TNANO.2024.3485213,HfOx,45.4,1.657055852857104,0,0,GRADUAL_MULTILEVEL,NOT_REPORTED,absolute,IDEALIZED_SINGLE_PAIR_GRADUAL,IDEALIZED_GRADUAL_MAPPING,32,4,15,0,2,7,203264,208,128,26624,96.12,0.1099999999999994
HfOx_01,10.1109/TNANO.2024.3485213,HfOx,45.4,1.657055852857104,0,0,GRADUAL_MULTILEVEL,NOT_REPORTED,absolute,IDEALIZED_SINGLE_PAIR_GRADUAL,IDEALIZED_GRADUAL_MAPPING,64,4,15,0,2,9,203264,56,512,28672,96.11,0.1200000000000045
HfOx_01,10.1109/TNANO.2024.3485213,HfOx,45.4,1.657055852857104,0,0,GRADUAL_MULTILEVEL,NOT_REPORTED,absolute,IDEALIZED_SINGLE_PAIR_GRADUAL,IDEALIZED_GRADUAL_MAPPING,16,4,15,0,2,7,203264,800,128,102400,96.11,0.1200000000000045
HfOx_01,10.1109/TNANO.2024.3485213,HfOx,45.4,1.657055852857104,0,0,GRADUAL_MULTILEVEL,NOT_REPORTED,absolute,IDEALIZED_SINGLE_PAIR_GRADUAL,IDEALIZED_GRADUAL_MAPPING,32,7,127,0,2,6,203264,208,64,13312,96.11,0.1200000000000045
HfOx_01,10.1109/TNANO.2024.3485213,HfOx,45.4,1.657055852857104,0,0,GRADUAL_MULTILEVEL,NOT_REPORTED,absolute,IDEALIZED_SINGLE_PAIR_GRADUAL,IDEALIZED_GRADUAL_MAPPING,16,5,31,0,2,10,203264,800,1024,819200,96.1,0.1300000000000096
HfOx_01,10.1109/TNANO.2024.3485213,HfOx,45.4,1.657055852857104,0,0,GRADUAL_MULTILEVEL,NOT_REPORTED,absolute,IDEALIZED_SINGLE_PAIR_GRADUAL,IDEALIZED_GRADUAL_MAPPING,64,6,63,0,2,6,203264,56,64,3584,96.1,0.1300000000000096
HfOx_01,10.1109/TNANO.2024.3485213,HfOx,45.4,1.657055852857104,0,0,GRADUAL_MULTILEVEL,NOT_REPORTED,absolute,IDEALIZED_SINGLE_PAIR_GRADUAL,IDEALIZED_GRADUAL_MAPPING,256,4,15,0,2,8,203264,10,256,2560,96.1,0.1300000000000096
HfOx_01,10.1109/TNANO.2024.3485213,HfOx,45.4,1.657055852857104,0,0,GRADUAL_MULTILEVEL,NOT_REPORTED,absolute,IDEALIZED_SINGLE_PAIR_GRADUAL,IDEALIZED_GRADUAL_MAPPING,256,5,31,0,2,7,203264,10,128,1280,96.1,0.1300000000000096
HfOx_01,10.1109/TNANO.2024.3485213,HfOx,45.4,1.657055852857104,0,0,GRADUAL_MULTILEVEL,NOT_REPORTED,absolute,IDEALIZED_SINGLE_PAIR_GRADUAL,IDEALIZED_GRADUAL_MAPPING,64,8,255,0,2,6,203264,56,64,3584,96.1,0.1300000000000096
HfOx_01,10.1109/TNANO.2024.3485213,HfOx,45.4,1.657055852857104,0,0,GRADUAL_MULTILEVEL,NOT_REPORTED,absolute,IDEALIZED_SINGLE_PAIR_GRADUAL,IDEALIZED_GRADUAL_MAPPING,128,4,15,0,2,7,203264,16,128,2048,96.08,0.1500000000000056
HfOx_01,10.1109/TNANO.2024.3485213,HfOx,45.4,1.657055852857104,0,0,GRADUAL_MULTILEVEL,NOT_REPORTED,absolute,IDEALIZED_SINGLE_PAIR_GRADUAL,IDEALIZED_GRADUAL_MAPPING,16,4,15,0,2,9,203264,800,512,409600,96.08,0.1500000000000056
HfOx_01,10.1109/TNANO.2024.3485213,HfOx,45.4,1.657055852857104,0,0,GRADUAL_MULTILEVEL,NOT_REPORTED,absolute,IDEALIZED_SINGLE_PAIR_GRADUAL,IDEALIZED_GRADUAL_MAPPING,16,5,31,0,2,6,203264,800,64,51200,96.08,0.1500000000000056
HfOx_01,10.1109/TNANO.2024.3485213,HfOx,45.4,1.657055852857104,0,0,GRADUAL_MULTILEVEL,NOT_REPORTED,absolute,IDEALIZED_SINGLE_PAIR_GRADUAL,IDEALIZED_GRADUAL_MAPPING,128,4,15,0,2,8,203264,16,256,4096,96.08,0.1500000000000056
HfOx_01,10.1109/TNANO.2024.3485213,HfOx,45.4,1.657055852857104,0,0,GRADUAL_MULTILEVEL,NOT_REPORTED,absolute,IDEALIZED_SINGLE_PAIR_GRADUAL,IDEALIZED_GRADUAL_MAPPING,256,4,15,0,2,9,203264,10,512,5120,96.07,0.1600000000000108
HfOx_01,10.1109/TNANO.2024.3485213,HfOx,45.4,1.657055852857104,0,0,GRADUAL_MULTILEVEL,NOT_REPORTED,absolute,IDEALIZED_SINGLE_PAIR_GRADUAL,IDEALIZED_GRADUAL_MAPPING,32,4,15,0,2,8,203264,208,256,53248,96.07,0.1600000000000108
HfOx_01,10.1109/TNANO.2024.3485213,HfOx,45.4,1.657055852857104,0,0,GRADUAL_MULTILEVEL,NOT_REPORTED,absolute,IDEALIZED_SINGLE_PAIR_GRADUAL,IDEALIZED_GRADUAL_MAPPING,16,4,15,0,2,8,203264,800,256,204800,96.07,0.1600000000000108
HfOx_01,10.1109/TNANO.2024.3485213,HfOx,45.4,1.657055852857104,0,0,GRADUAL_MULTILEVEL,NOT_REPORTED,absolute,IDEALIZED_SINGLE_PAIR_GRADUAL,IDEALIZED_GRADUAL_MAPPING,32,4,15,0,2,10,203264,208,1024,212992,96.07,0.1600000000000108
HfOx_01,10.1109/TNANO.2024.3485213,HfOx,45.4,1.657055852857104,0,0,GRADUAL_MULTILEVEL,NOT_REPORTED,absolute,IDEALIZED_SINGLE_PAIR_GRADUAL,IDEALIZED_GRADUAL_MAPPING,256,4,15,0,2,10,203264,10,1024,10240,96.06,0.1700000000000017
HfOx_01,10.1109/TNANO.2024.3485213,HfOx,45.4,1.657055852857104,0,0,GRADUAL_MULTILEVEL,NOT_REPORTED,absolute,IDEALIZED_SINGLE_PAIR_GRADUAL,IDEALIZED_GRADUAL_MAPPING,32,8,255,0,2,5,203264,208,32,6656,96.06,0.1700000000000017
HfOx_01,10.1109/TNANO.2024.3485213,HfOx,45.4,1.657055852857104,0,0,GRADUAL_MULTILEVEL,NOT_REPORTED,absolute,IDEALIZED_SINGLE_PAIR_GRADUAL,IDEALIZED_GRADUAL_MAPPING,128,4,15,0,2,9,203264,16,512,8192,96.06,0.1700000000000017
HfOx_01,10.1109/TNANO.2024.3485213,HfOx,45.4,1.657055852857104,0,0,GRADUAL_MULTILEVEL,NOT_REPORTED,absolute,IDEALIZED_SINGLE_PAIR_GRADUAL,IDEALIZED_GRADUAL_MAPPING,64,5,31,0,2,6,203264,56,64,3584,96.06,0.1700000000000017
HfOx_01,10.1109/TNANO.2024.3485213,HfOx,45.4,1.657055852857104,0,0,GRADUAL_MULTILEVEL,NOT_REPORTED,absolute,IDEALIZED_SINGLE_PAIR_GRADUAL,IDEALIZED_GRADUAL_MAPPING,64,4,15,0,2,10,203264,56,1024,57344,96.06,0.1700000000000017
HfOx_01,10.1109/TNANO.2024.3485213,HfOx,45.4,1.657055852857104,0,0,GRADUAL_MULTILEVEL,NOT_REPORTED,absolute,IDEALIZED_SINGLE_PAIR_GRADUAL,IDEALIZED_GRADUAL_MAPPING,16,4,15,0,2,10,203264,800,1024,819200,96.06,0.1700000000000017
HfOx_01,10.1109/TNANO.2024.3485213,HfOx,45.4,1.657055852857104,0,0,GRADUAL_MULTILEVEL,NOT_REPORTED,absolute,IDEALIZED_SINGLE_PAIR_GRADUAL,IDEALIZED_GRADUAL_MAPPING,256,4,15,0,2,7,203264,10,128,1280,96.05,0.1800000000000068
HfOx_01,10.1109/TNANO.2024.3485213,HfOx,45.4,1.657055852857104,0,0,GRADUAL_MULTILEVEL,NOT_REPORTED,absolute,IDEALIZED_SINGLE_PAIR_GRADUAL,IDEALIZED_GRADUAL_MAPPING,128,4,15,0,2,10,203264,16,1024,16384,96.05,0.1800000000000068
HfOx_01,10.1109/TNANO.2024.3485213,HfOx,45.4,1.657055852857104,0,0,GRADUAL_MULTILEVEL,NOT_REPORTED,absolute,IDEALIZED_SINGLE_PAIR_GRADUAL,IDEALIZED_GRADUAL_MAPPING,64,7,127,0,2,6,203264,56,64,3584,96.04,0.1899999999999977
HfOx_01,10.1109/TNANO.2024.3485213,HfOx,45.4,1.657055852857104,0,0,GRADUAL_MULTILEVEL,NOT_REPORTED,absolute,IDEALIZED_SINGLE_PAIR_GRADUAL,IDEALIZED_GRADUAL_MAPPING,32,4,15,0,2,9,203264,208,512,106496,96.04,0.1899999999999977
HfOx_01,10.1109/TNANO.2024.3485213,HfOx,45.4,1.657055852857104,0,0,GRADUAL_MULTILEVEL,NOT_REPORTED,absolute,IDEALIZED_SINGLE_PAIR_GRADUAL,IDEALIZED_GRADUAL_MAPPING,64,4,15,0,2,7,203264,56,128,7168,96.04,0.1899999999999977
HfOx_01,10.1109/TNANO.2024.3485213,HfOx,45.4,1.657055852857104,0,0,GRADUAL_MULTILEVEL,NOT_REPORTED,absolute,IDEALIZED_SINGLE_PAIR_GRADUAL,IDEALIZED_GRADUAL_MAPPING,64,4,15,0,2,8,203264,56,256,14336,96.03,0.2000000000000028
HfOx_01,10.1109/TNANO.2024.3485213,HfOx,45.4,1.657055852857104,0,0,GRADUAL_MULTILEVEL,NOT_REPORTED,absolute,IDEALIZED_SINGLE_PAIR_GRADUAL,IDEALIZED_GRADUAL_MAPPING,16,4,15,0,2,6,203264,800,64,51200,96.0,0.2300000000000039
HfOx_01,10.1109/TNANO.2024.3485213,HfOx,45.4,1.657055852857104,0,0,GRADUAL_MULTILEVEL,NOT_REPORTED,absolute,IDEALIZED_SINGLE_PAIR_GRADUAL,IDEALIZED_GRADUAL_MAPPING,16,5,31,0,2,5,203264,800,32,25600,95.96,0.2700000000000102
HfOx_01,10.1109/TNANO.2024.3485213,HfOx,45.4,1.657055852857104,0,0,GRADUAL_MULTILEVEL,NOT_REPORTED,absolute,IDEALIZED_SINGLE_PAIR_GRADUAL,IDEALIZED_GRADUAL_MAPPING,32,4,15,0,2,6,203264,208,64,13312,95.94,0.2900000000000062
HfOx_01,10.1109/TNANO.2024.3485213,HfOx,45.4,1.657055852857104,0,0,GRADUAL_MULTILEVEL,NOT_REPORTED,absolute,IDEALIZED_SINGLE_PAIR_GRADUAL,IDEALIZED_GRADUAL_MAPPING,128,6,63,0,2,6,203264,16,64,1024,95.87,0.3599999999999994
HfOx_01,10.1109/TNANO.2024.3485213,HfOx,45.4,1.657055852857104,0,0,GRADUAL_MULTILEVEL,NOT_REPORTED,absolute,IDEALIZED_SINGLE_PAIR_GRADUAL,IDEALIZED_GRADUAL_MAPPING,128,7,127,0,2,6,203264,16,64,1024,95.86,0.3700000000000045
HfOx_01,10.1109/TNANO.2024.3485213,HfOx,45.4,1.657055852857104,0,0,GRADUAL_MULTILEVEL,NOT_REPORTED,absolute,IDEALIZED_SINGLE_PAIR_GRADUAL,IDEALIZED_GRADUAL_MAPPING,256,7,127,0,2,6,203264,10,64,640,95.86,0.3700000000000045
HfOx_01,10.1109/TNANO.2024.3485213,HfOx,45.4,1.657055852857104,0,0,GRADUAL_MULTILEVEL,NOT_REPORTED,absolute,IDEALIZED_SINGLE_PAIR_GRADUAL,IDEALIZED_GRADUAL_MAPPING,32,7,127,0,2,5,203264,208,32,6656,95.85,0.3800000000000096
HfOx_01,10.1109/TNANO.2024.3485213,HfOx,45.4,1.657055852857104,0,0,GRADUAL_MULTILEVEL,NOT_REPORTED,absolute,IDEALIZED_SINGLE_PAIR_GRADUAL,IDEALIZED_GRADUAL_MAPPING,64,4,15,0,2,6,203264,56,64,3584,95.84,0.3900000000000005
HfOx_01,10.1109/TNANO.2024.3485213,HfOx,45.4,1.657055852857104,0,0,GRADUAL_MULTILEVEL,NOT_REPORTED,absolute,IDEALIZED_SINGLE_PAIR_GRADUAL,IDEALIZED_GRADUAL_MAPPING,128,8,255,0,2,6,203264,16,64,1024,95.84,0.3900000000000005
HfOx_01,10.1109/TNANO.2024.3485213,HfOx,45.4,1.657055852857104,0,0,GRADUAL_MULTILEVEL,NOT_REPORTED,absolute,IDEALIZED_SINGLE_PAIR_GRADUAL,IDEALIZED_GRADUAL_MAPPING,256,6,63,0,2,6,203264,10,64,640,95.83,0.4000000000000057
HfOx_01,10.1109/TNANO.2024.3485213,HfOx,45.4,1.657055852857104,0,0,GRADUAL_MULTILEVEL,NOT_REPORTED,absolute,IDEALIZED_SINGLE_PAIR_GRADUAL,IDEALIZED_GRADUAL_MAPPING,16,4,15,0,2,5,203264,800,32,25600,95.83,0.4000000000000057
HfOx_01,10.1109/TNANO.2024.3485213,HfOx,45.4,1.657055852857104,0,0,GRADUAL_MULTILEVEL,NOT_REPORTED,absolute,IDEALIZED_SINGLE_PAIR_GRADUAL,IDEALIZED_GRADUAL_MAPPING,32,5,31,0,2,5,203264,208,32,6656,95.82,0.4100000000000108
HfOx_01,10.1109/TNANO.2024.3485213,HfOx,45.4,1.657055852857104,0,0,GRADUAL_MULTILEVEL,NOT_REPORTED,absolute,IDEALIZED_SINGLE_PAIR_GRADUAL,IDEALIZED_GRADUAL_MAPPING,256,8,255,0,2,6,203264,10,64,640,95.81,0.4200000000000017
HfOx_01,10.1109/TNANO.2024.3485213,HfOx,45.4,1.657055852857104,0,0,GRADUAL_MULTILEVEL,NOT_REPORTED,absolute,IDEALIZED_SINGLE_PAIR_GRADUAL,IDEALIZED_GRADUAL_MAPPING,256,4,15,0,2,6,203264,10,64,640,95.8,0.4300000000000068
HfOx_01,10.1109/TNANO.2024.3485213,HfOx,45.4,1.657055852857104,0,0,GRADUAL_MULTILEVEL,NOT_REPORTED,absolute,IDEALIZED_SINGLE_PAIR_GRADUAL,IDEALIZED_GRADUAL_MAPPING,32,6,63,0,2,5,203264,208,32,6656,95.8,0.4300000000000068
HfOx_01,10.1109/TNANO.2024.3485213,HfOx,45.4,1.657055852857104,0,0,GRADUAL_MULTILEVEL,NOT_REPORTED,absolute,IDEALIZED_SINGLE_PAIR_GRADUAL,IDEALIZED_GRADUAL_MAPPING,128,4,15,0,2,6,203264,16,64,1024,95.78,0.4500000000000028
HfOx_01,10.1109/TNANO.2024.3485213,HfOx,45.4,1.657055852857104,0,0,GRADUAL_MULTILEVEL,NOT_REPORTED,absolute,IDEALIZED_SINGLE_PAIR_GRADUAL,IDEALIZED_GRADUAL_MAPPING,32,4,15,0,2,5,203264,208,32,6656,95.72,0.5100000000000051
HfOx_01,10.1109/TNANO.2024.3485213,HfOx,45.4,1.657055852857104,0,0,GRADUAL_MULTILEVEL,NOT_REPORTED,absolute,IDEALIZED_SINGLE_PAIR_GRADUAL,IDEALIZED_GRADUAL_MAPPING,128,5,31,0,2,6,203264,16,64,1024,95.66,0.5700000000000074
HfOx_01,10.1109/TNANO.2024.3485213,HfOx,45.4,1.657055852857104,0,0,GRADUAL_MULTILEVEL,NOT_REPORTED,absolute,IDEALIZED_SINGLE_PAIR_GRADUAL,IDEALIZED_GRADUAL_MAPPING,256,5,31,0,2,6,203264,10,64,640,95.64,0.5900000000000034
HfOx_01,10.1109/TNANO.2024.3485213,HfOx,45.4,1.657055852857104,0,0,GRADUAL_MULTILEVEL,NOT_REPORTED,absolute,IDEALIZED_SINGLE_PAIR_GRADUAL,IDEALIZED_GRADUAL_MAPPING,64,8,255,0,2,5,203264,56,32,1792,95.61,0.6200000000000045
HfOx_01,10.1109/TNANO.2024.3485213,HfOx,45.4,1.657055852857104,0,0,GRADUAL_MULTILEVEL,NOT_REPORTED,absolute,IDEALIZED_SINGLE_PAIR_GRADUAL,IDEALIZED_GRADUAL_MAPPING,64,5,31,0,2,5,203264,56,32,1792,95.53,0.7000000000000028
HfOx_01,10.1109/TNANO.2024.3485213,HfOx,45.4,1.657055852857104,0,0,GRADUAL_MULTILEVEL,NOT_REPORTED,absolute,IDEALIZED_SINGLE_PAIR_GRADUAL,IDEALIZED_GRADUAL_MAPPING,64,7,127,0,2,5,203264,56,32,1792,95.53,0.7000000000000028
HfOx_01,10.1109/TNANO.2024.3485213,HfOx,45.4,1.657055852857104,0,0,GRADUAL_MULTILEVEL,NOT_REPORTED,absolute,IDEALIZED_SINGLE_PAIR_GRADUAL,IDEALIZED_GRADUAL_MAPPING,64,6,63,0,2,5,203264,56,32,1792,95.5,0.730000000000004
HfOx_01,10.1109/TNANO.2024.3485213,HfOx,45.4,1.657055852857104,0,0,GRADUAL_MULTILEVEL,NOT_REPORTED,absolute,IDEALIZED_SINGLE_PAIR_GRADUAL,IDEALIZED_GRADUAL_MAPPING,64,4,15,0,2,5,203264,56,32,1792,95.38,0.8500000000000085
HfOx_01,10.1109/TNANO.2024.3485213,HfOx,45.4,1.657055852857104,0,0,GRADUAL_MULTILEVEL,NOT_REPORTED,absolute,IDEALIZED_SINGLE_PAIR_GRADUAL,IDEALIZED_GRADUAL_MAPPING,16,8,255,0,2,4,203264,800,16,12800,95.35,0.8800000000000097
HfOx_01,10.1109/TNANO.2024.3485213,HfOx,45.4,1.657055852857104,0,0,GRADUAL_MULTILEVEL,NOT_REPORTED,absolute,IDEALIZED_SINGLE_PAIR_GRADUAL,IDEALIZED_GRADUAL_MAPPING,16,5,31,0,2,4,203264,800,16,12800,95.33,0.9000000000000057
HfOx_01,10.1109/TNANO.2024.3485213,HfOx,45.4,1.657055852857104,0,0,GRADUAL_MULTILEVEL,NOT_REPORTED,absolute,IDEALIZED_SINGLE_PAIR_GRADUAL,IDEALIZED_GRADUAL_MAPPING,16,6,63,0,2,4,203264,800,16,12800,95.31,0.9200000000000016
HfOx_01,10.1109/TNANO.2024.3485213,HfOx,45.4,1.657055852857104,0,0,GRADUAL_MULTILEVEL,NOT_REPORTED,absolute,IDEALIZED_SINGLE_PAIR_GRADUAL,IDEALIZED_GRADUAL_MAPPING,16,4,15,0,2,4,203264,800,16,12800,95.18,1.0499999999999972
HfOx_01,10.1109/TNANO.2024.3485213,HfOx,45.4,1.657055852857104,0,0,GRADUAL_MULTILEVEL,NOT_REPORTED,absolute,IDEALIZED_SINGLE_PAIR_GRADUAL,IDEALIZED_GRADUAL_MAPPING,16,7,127,0,2,4,203264,800,16,12800,95.16,1.0700000000000074
HfOx_01,10.1109/TNANO.2024.3485213,HfOx,45.4,1.657055852857104,0,0,GRADUAL_MULTILEVEL,NOT_REPORTED,absolute,IDEALIZED_SINGLE_PAIR_GRADUAL,IDEALIZED_GRADUAL_MAPPING,128,6,63,0,2,5,203264,16,32,512,94.55,1.6800000000000068
HfOx_01,10.1109/TNANO.2024.3485213,HfOx,45.4,1.657055852857104,0,0,GRADUAL_MULTILEVEL,NOT_REPORTED,absolute,IDEALIZED_SINGLE_PAIR_GRADUAL,IDEALIZED_GRADUAL_MAPPING,128,4,15,0,2,5,203264,16,32,512,94.47,1.7600000000000051
HfOx_01,10.1109/TNANO.2024.3485213,HfOx,45.4,1.657055852857104,0,0,GRADUAL_MULTILEVEL,NOT_REPORTED,absolute,IDEALIZED_SINGLE_PAIR_GRADUAL,IDEALIZED_GRADUAL_MAPPING,128,7,127,0,2,5,203264,16,32,512,94.43,1.7999999999999972
HfOx_01,10.1109/TNANO.2024.3485213,HfOx,45.4,1.657055852857104,0,0,GRADUAL_MULTILEVEL,NOT_REPORTED,absolute,IDEALIZED_SINGLE_PAIR_GRADUAL,IDEALIZED_GRADUAL_MAPPING,128,8,255,0,2,5,203264,16,32,512,94.36,1.8700000000000043
HfOx_01,10.1109/TNANO.2024.3485213,HfOx,45.4,1.657055852857104,0,0,GRADUAL_MULTILEVEL,NOT_REPORTED,absolute,IDEALIZED_SINGLE_PAIR_GRADUAL,IDEALIZED_GRADUAL_MAPPING,128,5,31,0,2,5,203264,16,32,512,94.33,1.9000000000000057
HfOx_01,10.1109/TNANO.2024.3485213,HfOx,45.4,1.657055852857104,0,0,GRADUAL_MULTILEVEL,NOT_REPORTED,absolute,IDEALIZED_SINGLE_PAIR_GRADUAL,IDEALIZED_GRADUAL_MAPPING,256,8,255,0,2,5,203264,10,32,320,94.11,2.1200000000000045
HfOx_01,10.1109/TNANO.2024.3485213,HfOx,45.4,1.657055852857104,0,0,GRADUAL_MULTILEVEL,NOT_REPORTED,absolute,IDEALIZED_SINGLE_PAIR_GRADUAL,IDEALIZED_GRADUAL_MAPPING,32,6,63,0,2,4,203264,208,16,3328,94.08,2.1500000000000057
HfOx_01,10.1109/TNANO.2024.3485213,HfOx,45.4,1.657055852857104,0,0,GRADUAL_MULTILEVEL,NOT_REPORTED,absolute,IDEALIZED_SINGLE_PAIR_GRADUAL,IDEALIZED_GRADUAL_MAPPING,256,6,63,0,2,5,203264,10,32,320,94.07,2.160000000000011
HfOx_01,10.1109/TNANO.2024.3485213,HfOx,45.4,1.657055852857104,0,0,GRADUAL_MULTILEVEL,NOT_REPORTED,absolute,IDEALIZED_SINGLE_PAIR_GRADUAL,IDEALIZED_GRADUAL_MAPPING,256,7,127,0,2,5,203264,10,32,320,94.02,2.210000000000008
HfOx_01,10.1109/TNANO.2024.3485213,HfOx,45.4,1.657055852857104,0,0,GRADUAL_MULTILEVEL,NOT_REPORTED,absolute,IDEALIZED_SINGLE_PAIR_GRADUAL,IDEALIZED_GRADUAL_MAPPING,32,7,127,0,2,4,203264,208,16,3328,93.95,2.280000000000001
HfOx_01,10.1109/TNANO.2024.3485213,HfOx,45.4,1.657055852857104,0,0,GRADUAL_MULTILEVEL,NOT_REPORTED,absolute,IDEALIZED_SINGLE_PAIR_GRADUAL,IDEALIZED_GRADUAL_MAPPING,32,8,255,0,2,4,203264,208,16,3328,93.93,2.299999999999997
HfOx_01,10.1109/TNANO.2024.3485213,HfOx,45.4,1.657055852857104,0,0,GRADUAL_MULTILEVEL,NOT_REPORTED,absolute,IDEALIZED_SINGLE_PAIR_GRADUAL,IDEALIZED_GRADUAL_MAPPING,32,4,15,0,2,4,203264,208,16,3328,93.82,2.410000000000011
HfOx_01,10.1109/TNANO.2024.3485213,HfOx,45.4,1.657055852857104,0,0,GRADUAL_MULTILEVEL,NOT_REPORTED,absolute,IDEALIZED_SINGLE_PAIR_GRADUAL,IDEALIZED_GRADUAL_MAPPING,32,5,31,0,2,4,203264,208,16,3328,93.81,2.4200000000000017
HfOx_01,10.1109/TNANO.2024.3485213,HfOx,45.4,1.657055852857104,0,0,GRADUAL_MULTILEVEL,NOT_REPORTED,absolute,IDEALIZED_SINGLE_PAIR_GRADUAL,IDEALIZED_GRADUAL_MAPPING,256,4,15,0,2,5,203264,10,32,320,93.7,2.530000000000001
HfOx_01,10.1109/TNANO.2024.3485213,HfOx,45.4,1.657055852857104,0,0,GRADUAL_MULTILEVEL,NOT_REPORTED,absolute,IDEALIZED_SINGLE_PAIR_GRADUAL,IDEALIZED_GRADUAL_MAPPING,256,5,31,0,2,5,203264,10,32,320,93.6,2.6300000000000097
HfOx_01,10.1109/TNANO.2024.3485213,HfOx,45.4,1.657055852857104,0,0,GRADUAL_MULTILEVEL,NOT_REPORTED,absolute,IDEALIZED_SINGLE_PAIR_GRADUAL,IDEALIZED_GRADUAL_MAPPING,256,3,7,0,2,10,203264,10,1024,10240,92.25,3.980000000000004
HfOx_01,10.1109/TNANO.2024.3485213,HfOx,45.4,1.657055852857104,0,0,GRADUAL_MULTILEVEL,NOT_REPORTED,absolute,IDEALIZED_SINGLE_PAIR_GRADUAL,IDEALIZED_GRADUAL_MAPPING,16,3,7,0,2,8,203264,800,256,204800,92.23,4.0
HfOx_01,10.1109/TNANO.2024.3485213,HfOx,45.4,1.657055852857104,0,0,GRADUAL_MULTILEVEL,NOT_REPORTED,absolute,IDEALIZED_SINGLE_PAIR_GRADUAL,IDEALIZED_GRADUAL_MAPPING,64,3,7,0,2,9,203264,56,512,28672,92.23,4.0
HfOx_01,10.1109/TNANO.2024.3485213,HfOx,45.4,1.657055852857104,0,0,GRADUAL_MULTILEVEL,NOT_REPORTED,absolute,IDEALIZED_SINGLE_PAIR_GRADUAL,IDEALIZED_GRADUAL_MAPPING,256,3,7,0,2,8,203264,10,256,2560,92.23,4.0
HfOx_01,10.1109/TNANO.2024.3485213,HfOx,45.4,1.657055852857104,0,0,GRADUAL_MULTILEVEL,NOT_REPORTED,absolute,IDEALIZED_SINGLE_PAIR_GRADUAL,IDEALIZED_GRADUAL_MAPPING,64,3,7,0,2,10,203264,56,1024,57344,92.22,4.010000000000005
HfOx_01,10.1109/TNANO.2024.3485213,HfOx,45.4,1.657055852857104,0,0,GRADUAL_MULTILEVEL,NOT_REPORTED,absolute,IDEALIZED_SINGLE_PAIR_GRADUAL,IDEALIZED_GRADUAL_MAPPING,128,3,7,0,2,10,203264,16,1024,16384,92.21,4.02000000000001
HfOx_01,10.1109/TNANO.2024.3485213,HfOx,45.4,1.657055852857104,0,0,GRADUAL_MULTILEVEL,NOT_REPORTED,absolute,IDEALIZED_SINGLE_PAIR_GRADUAL,IDEALIZED_GRADUAL_MAPPING,32,3,7,0,2,10,203264,208,1024,212992,92.21,4.02000000000001
HfOx_01,10.1109/TNANO.2024.3485213,HfOx,45.4,1.657055852857104,0,0,GRADUAL_MULTILEVEL,NOT_REPORTED,absolute,IDEALIZED_SINGLE_PAIR_GRADUAL,IDEALIZED_GRADUAL_MAPPING,32,3,7,0,2,9,203264,208,512,106496,92.21,4.02000000000001
HfOx_01,10.1109/TNANO.2024.3485213,HfOx,45.4,1.657055852857104,0,0,GRADUAL_MULTILEVEL,NOT_REPORTED,absolute,IDEALIZED_SINGLE_PAIR_GRADUAL,IDEALIZED_GRADUAL_MAPPING,16,3,7,0,2,10,203264,800,1024,819200,92.21,4.02000000000001
HfOx_01,10.1109/TNANO.2024.3485213,HfOx,45.4,1.657055852857104,0,0,GRADUAL_MULTILEVEL,NOT_REPORTED,absolute,IDEALIZED_SINGLE_PAIR_GRADUAL,IDEALIZED_GRADUAL_MAPPING,128,3,7,0,2,9,203264,16,512,8192,92.2,4.030000000000001
HfOx_01,10.1109/TNANO.2024.3485213,HfOx,45.4,1.657055852857104,0,0,GRADUAL_MULTILEVEL,NOT_REPORTED,absolute,IDEALIZED_SINGLE_PAIR_GRADUAL,IDEALIZED_GRADUAL_MAPPING,32,3,7,0,2,7,203264,208,128,26624,92.19,4.040000000000006
HfOx_01,10.1109/TNANO.2024.3485213,HfOx,45.4,1.657055852857104,0,0,GRADUAL_MULTILEVEL,NOT_REPORTED,absolute,IDEALIZED_SINGLE_PAIR_GRADUAL,IDEALIZED_GRADUAL_MAPPING,16,3,7,0,2,9,203264,800,512,409600,92.19,4.040000000000006
HfOx_01,10.1109/TNANO.2024.3485213,HfOx,45.4,1.657055852857104,0,0,GRADUAL_MULTILEVEL,NOT_REPORTED,absolute,IDEALIZED_SINGLE_PAIR_GRADUAL,IDEALIZED_GRADUAL_MAPPING,32,3,7,0,2,8,203264,208,256,53248,92.19,4.040000000000006
HfOx_01,10.1109/TNANO.2024.3485213,HfOx,45.4,1.657055852857104,0,0,GRADUAL_MULTILEVEL,NOT_REPORTED,absolute,IDEALIZED_SINGLE_PAIR_GRADUAL,IDEALIZED_GRADUAL_MAPPING,128,3,7,0,2,8,203264,16,256,4096,92.19,4.040000000000006
HfOx_01,10.1109/TNANO.2024.3485213,HfOx,45.4,1.657055852857104,0,0,GRADUAL_MULTILEVEL,NOT_REPORTED,absolute,IDEALIZED_SINGLE_PAIR_GRADUAL,IDEALIZED_GRADUAL_MAPPING,256,3,7,0,2,7,203264,10,128,1280,92.18,4.049999999999997
HfOx_01,10.1109/TNANO.2024.3485213,HfOx,45.4,1.657055852857104,0,0,GRADUAL_MULTILEVEL,NOT_REPORTED,absolute,IDEALIZED_SINGLE_PAIR_GRADUAL,IDEALIZED_GRADUAL_MAPPING,256,3,7,0,2,9,203264,10,512,5120,92.17,4.060000000000002
HfOx_01,10.1109/TNANO.2024.3485213,HfOx,45.4,1.657055852857104,0,0,GRADUAL_MULTILEVEL,NOT_REPORTED,absolute,IDEALIZED_SINGLE_PAIR_GRADUAL,IDEALIZED_GRADUAL_MAPPING,64,3,7,0,2,8,203264,56,256,14336,92.17,4.060000000000002
HfOx_01,10.1109/TNANO.2024.3485213,HfOx,45.4,1.657055852857104,0,0,GRADUAL_MULTILEVEL,NOT_REPORTED,absolute,IDEALIZED_SINGLE_PAIR_GRADUAL,IDEALIZED_GRADUAL_MAPPING,16,3,7,0,2,7,203264,800,128,102400,92.16,4.070000000000007
HfOx_01,10.1109/TNANO.2024.3485213,HfOx,45.4,1.657055852857104,0,0,GRADUAL_MULTILEVEL,NOT_REPORTED,absolute,IDEALIZED_SINGLE_PAIR_GRADUAL,IDEALIZED_GRADUAL_MAPPING,32,3,7,0,2,6,203264,208,64,13312,92.14,4.090000000000003
HfOx_01,10.1109/TNANO.2024.3485213,HfOx,45.4,1.657055852857104,0,0,GRADUAL_MULTILEVEL,NOT_REPORTED,absolute,IDEALIZED_SINGLE_PAIR_GRADUAL,IDEALIZED_GRADUAL_MAPPING,16,3,7,0,2,6,203264,800,64,51200,92.14,4.090000000000003
HfOx_01,10.1109/TNANO.2024.3485213,HfOx,45.4,1.657055852857104,0,0,GRADUAL_MULTILEVEL,NOT_REPORTED,absolute,IDEALIZED_SINGLE_PAIR_GRADUAL,IDEALIZED_GRADUAL_MAPPING,64,3,7,0,2,6,203264,56,64,3584,92.13,4.1000000000000085
HfOx_01,10.1109/TNANO.2024.3485213,HfOx,45.4,1.657055852857104,0,0,GRADUAL_MULTILEVEL,NOT_REPORTED,absolute,IDEALIZED_SINGLE_PAIR_GRADUAL,IDEALIZED_GRADUAL_MAPPING,128,3,7,0,2,7,203264,16,128,2048,92.12,4.109999999999999
HfOx_01,10.1109/TNANO.2024.3485213,HfOx,45.4,1.657055852857104,0,0,GRADUAL_MULTILEVEL,NOT_REPORTED,absolute,IDEALIZED_SINGLE_PAIR_GRADUAL,IDEALIZED_GRADUAL_MAPPING,128,3,7,0,2,6,203264,16,64,1024,92.11,4.1200000000000045
HfOx_01,10.1109/TNANO.2024.3485213,HfOx,45.4,1.657055852857104,0,0,GRADUAL_MULTILEVEL,NOT_REPORTED,absolute,IDEALIZED_SINGLE_PAIR_GRADUAL,IDEALIZED_GRADUAL_MAPPING,64,3,7,0,2,7,203264,56,128,7168,92.03,4.200000000000003
HfOx_01,10.1109/TNANO.2024.3485213,HfOx,45.4,1.657055852857104,0,0,GRADUAL_MULTILEVEL,NOT_REPORTED,absolute,IDEALIZED_SINGLE_PAIR_GRADUAL,IDEALIZED_GRADUAL_MAPPING,256,3,7,0,2,6,203264,10,64,640,91.71,4.52000000000001
HfOx_01,10.1109/TNANO.2024.3485213,HfOx,45.4,1.657055852857104,0,0,GRADUAL_MULTILEVEL,NOT_REPORTED,absolute,IDEALIZED_SINGLE_PAIR_GRADUAL,IDEALIZED_GRADUAL_MAPPING,16,3,7,0,2,5,203264,800,32,25600,91.65,4.579999999999998
HfOx_01,10.1109/TNANO.2024.3485213,HfOx,45.4,1.657055852857104,0,0,GRADUAL_MULTILEVEL,NOT_REPORTED,absolute,IDEALIZED_SINGLE_PAIR_GRADUAL,IDEALIZED_GRADUAL_MAPPING,32,3,7,0,2,5,203264,208,32,6656,91.11,5.1200000000000045
HfOx_01,10.1109/TNANO.2024.3485213,HfOx,45.4,1.657055852857104,0,0,GRADUAL_MULTILEVEL,NOT_REPORTED,absolute,IDEALIZED_SINGLE_PAIR_GRADUAL,IDEALIZED_GRADUAL_MAPPING,64,8,255,0,2,4,203264,56,16,896,91.09,5.140000000000001
HfOx_01,10.1109/TNANO.2024.3485213,HfOx,45.4,1.657055852857104,0,0,GRADUAL_MULTILEVEL,NOT_REPORTED,absolute,IDEALIZED_SINGLE_PAIR_GRADUAL,IDEALIZED_GRADUAL_MAPPING,64,6,63,0,2,4,203264,56,16,896,91.0,5.230000000000004
HfOx_01,10.1109/TNANO.2024.3485213,HfOx,45.4,1.657055852857104,0,0,GRADUAL_MULTILEVEL,NOT_REPORTED,absolute,IDEALIZED_SINGLE_PAIR_GRADUAL,IDEALIZED_GRADUAL_MAPPING,64,4,15,0,2,4,203264,56,16,896,90.93,5.299999999999997
HfOx_01,10.1109/TNANO.2024.3485213,HfOx,45.4,1.657055852857104,0,0,GRADUAL_MULTILEVEL,NOT_REPORTED,absolute,IDEALIZED_SINGLE_PAIR_GRADUAL,IDEALIZED_GRADUAL_MAPPING,64,7,127,0,2,4,203264,56,16,896,90.85,5.38000000000001
HfOx_01,10.1109/TNANO.2024.3485213,HfOx,45.4,1.657055852857104,0,0,GRADUAL_MULTILEVEL,NOT_REPORTED,absolute,IDEALIZED_SINGLE_PAIR_GRADUAL,IDEALIZED_GRADUAL_MAPPING,16,3,7,0,2,4,203264,800,16,12800,90.68,5.549999999999997
HfOx_01,10.1109/TNANO.2024.3485213,HfOx,45.4,1.657055852857104,0,0,GRADUAL_MULTILEVEL,NOT_REPORTED,absolute,IDEALIZED_SINGLE_PAIR_GRADUAL,IDEALIZED_GRADUAL_MAPPING,64,5,31,0,2,4,203264,56,16,896,90.5,5.730000000000004
HfOx_01,10.1109/TNANO.2024.3485213,HfOx,45.4,1.657055852857104,0,0,GRADUAL_MULTILEVEL,NOT_REPORTED,absolute,IDEALIZED_SINGLE_PAIR_GRADUAL,IDEALIZED_GRADUAL_MAPPING,64,3,7,0,2,5,203264,56,32,1792,90.46,5.77000000000001
HfOx_01,10.1109/TNANO.2024.3485213,HfOx,45.4,1.657055852857104,0,0,GRADUAL_MULTILEVEL,NOT_REPORTED,absolute,IDEALIZED_SINGLE_PAIR_GRADUAL,IDEALIZED_GRADUAL_MAPPING,32,3,7,0,2,4,203264,208,16,3328,89.89,6.340000000000003
HfOx_01,10.1109/TNANO.2024.3485213,HfOx,45.4,1.657055852857104,0,0,GRADUAL_MULTILEVEL,NOT_REPORTED,absolute,IDEALIZED_SINGLE_PAIR_GRADUAL,IDEALIZED_GRADUAL_MAPPING,128,3,7,0,2,5,203264,16,32,512,88.68,7.549999999999997
HfOx_01,10.1109/TNANO.2024.3485213,HfOx,45.4,1.657055852857104,0,0,GRADUAL_MULTILEVEL,NOT_REPORTED,absolute,IDEALIZED_SINGLE_PAIR_GRADUAL,IDEALIZED_GRADUAL_MAPPING,256,3,7,0,2,5,203264,10,32,320,88.67,7.560000000000002
HfOx_01,10.1109/TNANO.2024.3485213,HfOx,45.4,1.657055852857104,0,0,GRADUAL_MULTILEVEL,NOT_REPORTED,absolute,IDEALIZED_SINGLE_PAIR_GRADUAL,IDEALIZED_GRADUAL_MAPPING,64,3,7,0,2,4,203264,56,16,896,85.99,10.240000000000007
HfOx_01,10.1109/TNANO.2024.3485213,HfOx,45.4,1.657055852857104,0,0,GRADUAL_MULTILEVEL,NOT_REPORTED,absolute,IDEALIZED_SINGLE_PAIR_GRADUAL,IDEALIZED_GRADUAL_MAPPING,128,4,15,0,2,4,203264,16,16,256,84.3,11.930000000000009
HfOx_01,10.1109/TNANO.2024.3485213,HfOx,45.4,1.657055852857104,0,0,GRADUAL_MULTILEVEL,NOT_REPORTED,absolute,IDEALIZED_SINGLE_PAIR_GRADUAL,IDEALIZED_GRADUAL_MAPPING,128,6,63,0,2,4,203264,16,16,256,83.23,13.0
HfOx_01,10.1109/TNANO.2024.3485213,HfOx,45.4,1.657055852857104,0,0,GRADUAL_MULTILEVEL,NOT_REPORTED,absolute,IDEALIZED_SINGLE_PAIR_GRADUAL,IDEALIZED_GRADUAL_MAPPING,256,4,15,0,2,4,203264,10,16,160,83.11,13.120000000000005
HfOx_01,10.1109/TNANO.2024.3485213,HfOx,45.4,1.657055852857104,0,0,GRADUAL_MULTILEVEL,NOT_REPORTED,absolute,IDEALIZED_SINGLE_PAIR_GRADUAL,IDEALIZED_GRADUAL_MAPPING,128,8,255,0,2,4,203264,16,16,256,82.98,13.25
HfOx_01,10.1109/TNANO.2024.3485213,HfOx,45.4,1.657055852857104,0,0,GRADUAL_MULTILEVEL,NOT_REPORTED,absolute,IDEALIZED_SINGLE_PAIR_GRADUAL,IDEALIZED_GRADUAL_MAPPING,128,7,127,0,2,4,203264,16,16,256,82.79,13.439999999999998
HfOx_01,10.1109/TNANO.2024.3485213,HfOx,45.4,1.657055852857104,0,0,GRADUAL_MULTILEVEL,NOT_REPORTED,absolute,IDEALIZED_SINGLE_PAIR_GRADUAL,IDEALIZED_GRADUAL_MAPPING,128,5,31,0,2,4,203264,16,16,256,82.7,13.53
HfOx_01,10.1109/TNANO.2024.3485213,HfOx,45.4,1.657055852857104,0,0,GRADUAL_MULTILEVEL,NOT_REPORTED,absolute,IDEALIZED_SINGLE_PAIR_GRADUAL,IDEALIZED_GRADUAL_MAPPING,256,5,31,0,2,4,203264,10,16,160,80.43,15.799999999999995
HfOx_01,10.1109/TNANO.2024.3485213,HfOx,45.4,1.657055852857104,0,0,GRADUAL_MULTILEVEL,NOT_REPORTED,absolute,IDEALIZED_SINGLE_PAIR_GRADUAL,IDEALIZED_GRADUAL_MAPPING,256,6,63,0,2,4,203264,10,16,160,80.14,16.090000000000003
HfOx_01,10.1109/TNANO.2024.3485213,HfOx,45.4,1.657055852857104,0,0,GRADUAL_MULTILEVEL,NOT_REPORTED,absolute,IDEALIZED_SINGLE_PAIR_GRADUAL,IDEALIZED_GRADUAL_MAPPING,256,8,255,0,2,4,203264,10,16,160,79.88,16.35000000000001
HfOx_01,10.1109/TNANO.2024.3485213,HfOx,45.4,1.657055852857104,0,0,GRADUAL_MULTILEVEL,NOT_REPORTED,absolute,IDEALIZED_SINGLE_PAIR_GRADUAL,IDEALIZED_GRADUAL_MAPPING,256,7,127,0,2,4,203264,10,16,160,79.87,16.36
HfOx_01,10.1109/TNANO.2024.3485213,HfOx,45.4,1.657055852857104,0,0,GRADUAL_MULTILEVEL,NOT_REPORTED,absolute,IDEALIZED_SINGLE_PAIR_GRADUAL,IDEALIZED_GRADUAL_MAPPING,128,3,7,0,2,4,203264,16,16,256,77.81,18.42
HfOx_01,10.1109/TNANO.2024.3485213,HfOx,45.4,1.657055852857104,0,0,GRADUAL_MULTILEVEL,NOT_REPORTED,absolute,IDEALIZED_SINGLE_PAIR_GRADUAL,IDEALIZED_GRADUAL_MAPPING,256,3,7,0,2,4,203264,10,16,160,73.61,22.620000000000005
HfOx_01,10.1109/TNANO.2024.3485213,HfOx,45.4,1.657055852857104,0,0,GRADUAL_MULTILEVEL,NOT_REPORTED,absolute,IDEALIZED_SINGLE_PAIR_GRADUAL,IDEALIZED_GRADUAL_MAPPING,64,2,3,0,2,4,203264,56,16,896,12.59,83.64
HfOx_01,10.1109/TNANO.2024.3485213,HfOx,45.4,1.657055852857104,0,0,GRADUAL_MULTILEVEL,NOT_REPORTED,absolute,IDEALIZED_SINGLE_PAIR_GRADUAL,IDEALIZED_GRADUAL_MAPPING,256,2,3,0,2,6,203264,10,64,640,12.1,84.13000000000001
HfOx_01,10.1109/TNANO.2024.3485213,HfOx,45.4,1.657055852857104,0,0,GRADUAL_MULTILEVEL,NOT_REPORTED,absolute,IDEALIZED_SINGLE_PAIR_GRADUAL,IDEALIZED_GRADUAL_MAPPING,32,2,3,0,2,4,203264,208,16,3328,12.04,84.19
HfOx_01,10.1109/TNANO.2024.3485213,HfOx,45.4,1.657055852857104,0,0,GRADUAL_MULTILEVEL,NOT_REPORTED,absolute,IDEALIZED_SINGLE_PAIR_GRADUAL,IDEALIZED_GRADUAL_MAPPING,16,2,3,0,2,4,203264,800,16,12800,11.7,84.53
HfOx_01,10.1109/TNANO.2024.3485213,HfOx,45.4,1.657055852857104,0,0,GRADUAL_MULTILEVEL,NOT_REPORTED,absolute,IDEALIZED_SINGLE_PAIR_GRADUAL,IDEALIZED_GRADUAL_MAPPING,256,2,3,0,2,4,203264,10,16,160,11.66,84.57000000000001
HfOx_01,10.1109/TNANO.2024.3485213,HfOx,45.4,1.657055852857104,0,0,GRADUAL_MULTILEVEL,NOT_REPORTED,absolute,IDEALIZED_SINGLE_PAIR_GRADUAL,IDEALIZED_GRADUAL_MAPPING,128,2,3,0,2,6,203264,16,64,1024,11.64,84.59
HfOx_01,10.1109/TNANO.2024.3485213,HfOx,45.4,1.657055852857104,0,0,GRADUAL_MULTILEVEL,NOT_REPORTED,absolute,IDEALIZED_SINGLE_PAIR_GRADUAL,IDEALIZED_GRADUAL_MAPPING,64,2,3,0,2,6,203264,56,64,3584,11.64,84.59
HfOx_01,10.1109/TNANO.2024.3485213,HfOx,45.4,1.657055852857104,0,0,GRADUAL_MULTILEVEL,NOT_REPORTED,absolute,IDEALIZED_SINGLE_PAIR_GRADUAL,IDEALIZED_GRADUAL_MAPPING,128,2,3,0,2,4,203264,16,16,256,11.6,84.63000000000001
HfOx_01,10.1109/TNANO.2024.3485213,HfOx,45.4,1.657055852857104,0,0,GRADUAL_MULTILEVEL,NOT_REPORTED,absolute,IDEALIZED_SINGLE_PAIR_GRADUAL,IDEALIZED_GRADUAL_MAPPING,128,2,3,0,2,7,203264,16,128,2048,11.53,84.7
HfOx_01,10.1109/TNANO.2024.3485213,HfOx,45.4,1.657055852857104,0,0,GRADUAL_MULTILEVEL,NOT_REPORTED,absolute,IDEALIZED_SINGLE_PAIR_GRADUAL,IDEALIZED_GRADUAL_MAPPING,16,2,3,0,2,6,203264,800,64,51200,11.52,84.71000000000001
HfOx_01,10.1109/TNANO.2024.3485213,HfOx,45.4,1.657055852857104,0,0,GRADUAL_MULTILEVEL,NOT_REPORTED,absolute,IDEALIZED_SINGLE_PAIR_GRADUAL,IDEALIZED_GRADUAL_MAPPING,32,2,3,0,2,6,203264,208,64,13312,11.52,84.71000000000001
HfOx_01,10.1109/TNANO.2024.3485213,HfOx,45.4,1.657055852857104,0,0,GRADUAL_MULTILEVEL,NOT_REPORTED,absolute,IDEALIZED_SINGLE_PAIR_GRADUAL,IDEALIZED_GRADUAL_MAPPING,32,2,3,0,2,9,203264,208,512,106496,11.47,84.76
HfOx_01,10.1109/TNANO.2024.3485213,HfOx,45.4,1.657055852857104,0,0,GRADUAL_MULTILEVEL,NOT_REPORTED,absolute,IDEALIZED_SINGLE_PAIR_GRADUAL,IDEALIZED_GRADUAL_MAPPING,256,2,3,0,2,7,203264,10,128,1280,11.47,84.76
HfOx_01,10.1109/TNANO.2024.3485213,HfOx,45.4,1.657055852857104,0,0,GRADUAL_MULTILEVEL,NOT_REPORTED,absolute,IDEALIZED_SINGLE_PAIR_GRADUAL,IDEALIZED_GRADUAL_MAPPING,16,2,3,0,2,9,203264,800,512,409600,11.46,84.77000000000001
HfOx_01,10.1109/TNANO.2024.3485213,HfOx,45.4,1.657055852857104,0,0,GRADUAL_MULTILEVEL,NOT_REPORTED,absolute,IDEALIZED_SINGLE_PAIR_GRADUAL,IDEALIZED_GRADUAL_MAPPING,256,2,3,0,2,9,203264,10,512,5120,11.44,84.79
HfOx_01,10.1109/TNANO.2024.3485213,HfOx,45.4,1.657055852857104,0,0,GRADUAL_MULTILEVEL,NOT_REPORTED,absolute,IDEALIZED_SINGLE_PAIR_GRADUAL,IDEALIZED_GRADUAL_MAPPING,128,2,3,0,2,9,203264,16,512,8192,11.43,84.80000000000001
HfOx_01,10.1109/TNANO.2024.3485213,HfOx,45.4,1.657055852857104,0,0,GRADUAL_MULTILEVEL,NOT_REPORTED,absolute,IDEALIZED_SINGLE_PAIR_GRADUAL,IDEALIZED_GRADUAL_MAPPING,64,2,3,0,2,9,203264,56,512,28672,11.4,84.83
HfOx_01,10.1109/TNANO.2024.3485213,HfOx,45.4,1.657055852857104,0,0,GRADUAL_MULTILEVEL,NOT_REPORTED,absolute,IDEALIZED_SINGLE_PAIR_GRADUAL,IDEALIZED_GRADUAL_MAPPING,16,2,3,0,2,10,203264,800,1024,819200,11.39,84.84
HfOx_01,10.1109/TNANO.2024.3485213,HfOx,45.4,1.657055852857104,0,0,GRADUAL_MULTILEVEL,NOT_REPORTED,absolute,IDEALIZED_SINGLE_PAIR_GRADUAL,IDEALIZED_GRADUAL_MAPPING,16,2,3,0,2,7,203264,800,128,102400,11.39,84.84
HfOx_01,10.1109/TNANO.2024.3485213,HfOx,45.4,1.657055852857104,0,0,GRADUAL_MULTILEVEL,NOT_REPORTED,absolute,IDEALIZED_SINGLE_PAIR_GRADUAL,IDEALIZED_GRADUAL_MAPPING,128,2,3,0,2,8,203264,16,256,4096,11.29,84.94
HfOx_01,10.1109/TNANO.2024.3485213,HfOx,45.4,1.657055852857104,0,0,GRADUAL_MULTILEVEL,NOT_REPORTED,absolute,IDEALIZED_SINGLE_PAIR_GRADUAL,IDEALIZED_GRADUAL_MAPPING,32,2,3,0,2,7,203264,208,128,26624,11.29,84.94
HfOx_01,10.1109/TNANO.2024.3485213,HfOx,45.4,1.657055852857104,0,0,GRADUAL_MULTILEVEL,NOT_REPORTED,absolute,IDEALIZED_SINGLE_PAIR_GRADUAL,IDEALIZED_GRADUAL_MAPPING,256,2,3,0,2,8,203264,10,256,2560,11.26,84.97
HfOx_01,10.1109/TNANO.2024.3485213,HfOx,45.4,1.657055852857104,0,0,GRADUAL_MULTILEVEL,NOT_REPORTED,absolute,IDEALIZED_SINGLE_PAIR_GRADUAL,IDEALIZED_GRADUAL_MAPPING,32,2,3,0,2,8,203264,208,256,53248,11.24,84.99000000000001
HfOx_01,10.1109/TNANO.2024.3485213,HfOx,45.4,1.657055852857104,0,0,GRADUAL_MULTILEVEL,NOT_REPORTED,absolute,IDEALIZED_SINGLE_PAIR_GRADUAL,IDEALIZED_GRADUAL_MAPPING,16,2,3,0,2,8,203264,800,256,204800,11.2,85.03
HfOx_01,10.1109/TNANO.2024.3485213,HfOx,45.4,1.657055852857104,0,0,GRADUAL_MULTILEVEL,NOT_REPORTED,absolute,IDEALIZED_SINGLE_PAIR_GRADUAL,IDEALIZED_GRADUAL_MAPPING,256,2,3,0,2,10,203264,10,1024,10240,11.19,85.04
HfOx_01,10.1109/TNANO.2024.3485213,HfOx,45.4,1.657055852857104,0,0,GRADUAL_MULTILEVEL,NOT_REPORTED,absolute,IDEALIZED_SINGLE_PAIR_GRADUAL,IDEALIZED_GRADUAL_MAPPING,128,2,3,0,2,10,203264,16,1024,16384,11.18,85.05000000000001
HfOx_01,10.1109/TNANO.2024.3485213,HfOx,45.4,1.657055852857104,0,0,GRADUAL_MULTILEVEL,NOT_REPORTED,absolute,IDEALIZED_SINGLE_PAIR_GRADUAL,IDEALIZED_GRADUAL_MAPPING,32,2,3,0,2,10,203264,208,1024,212992,11.17,85.06
HfOx_01,10.1109/TNANO.2024.3485213,HfOx,45.4,1.657055852857104,0,0,GRADUAL_MULTILEVEL,NOT_REPORTED,absolute,IDEALIZED_SINGLE_PAIR_GRADUAL,IDEALIZED_GRADUAL_MAPPING,16,2,3,0,2,5,203264,800,32,25600,11.16,85.07000000000001
HfOx_01,10.1109/TNANO.2024.3485213,HfOx,45.4,1.657055852857104,0,0,GRADUAL_MULTILEVEL,NOT_REPORTED,absolute,IDEALIZED_SINGLE_PAIR_GRADUAL,IDEALIZED_GRADUAL_MAPPING,64,2,3,0,2,10,203264,56,1024,57344,11.15,85.08
HfOx_01,10.1109/TNANO.2024.3485213,HfOx,45.4,1.657055852857104,0,0,GRADUAL_MULTILEVEL,NOT_REPORTED,absolute,IDEALIZED_SINGLE_PAIR_GRADUAL,IDEALIZED_GRADUAL_MAPPING,64,2,3,0,2,8,203264,56,256,14336,11.14,85.09
HfOx_01,10.1109/TNANO.2024.3485213,HfOx,45.4,1.657055852857104,0,0,GRADUAL_MULTILEVEL,NOT_REPORTED,absolute,IDEALIZED_SINGLE_PAIR_GRADUAL,IDEALIZED_GRADUAL_MAPPING,64,2,3,0,2,7,203264,56,128,7168,11.11,85.12
HfOx_01,10.1109/TNANO.2024.3485213,HfOx,45.4,1.657055852857104,0,0,GRADUAL_MULTILEVEL,NOT_REPORTED,absolute,IDEALIZED_SINGLE_PAIR_GRADUAL,IDEALIZED_GRADUAL_MAPPING,64,2,3,0,2,5,203264,56,32,1792,11.07,85.16
HfOx_01,10.1109/TNANO.2024.3485213,HfOx,45.4,1.657055852857104,0,0,GRADUAL_MULTILEVEL,NOT_REPORTED,absolute,IDEALIZED_SINGLE_PAIR_GRADUAL,IDEALIZED_GRADUAL_MAPPING,32,2,3,0,2,5,203264,208,32,6656,10.91,85.32000000000001
HfOx_01,10.1109/TNANO.2024.3485213,HfOx,45.4,1.657055852857104,0,0,GRADUAL_MULTILEVEL,NOT_REPORTED,absolute,IDEALIZED_SINGLE_PAIR_GRADUAL,IDEALIZED_GRADUAL_MAPPING,128,2,3,0,2,5,203264,16,32,512,10.7,85.53
HfOx_01,10.1109/TNANO.2024.3485213,HfOx,45.4,1.657055852857104,0,0,GRADUAL_MULTILEVEL,NOT_REPORTED,absolute,IDEALIZED_SINGLE_PAIR_GRADUAL,IDEALIZED_GRADUAL_MAPPING,256,2,3,0,2,5,203264,10,32,320,10.07,86.16
HfOx_02,10.1088/2634-4386/ac7327,HfOx,5.0,0.6989700043360189,0,0,ANALOG,NOT_REPORTED,normalized_from_ratio,IDEALIZED_SINGLE_PAIR_ANALOG,IDEALIZED_ANALOG_MAPPING,16,6,63,0,2,10,203264,800,1024,819200,96.3,-0.0699999999999931
HfOx_02,10.1088/2634-4386/ac7327,HfOx,5.0,0.6989700043360189,0,0,ANALOG,NOT_REPORTED,normalized_from_ratio,IDEALIZED_SINGLE_PAIR_ANALOG,IDEALIZED_ANALOG_MAPPING,64,6,63,0,2,8,203264,56,256,14336,96.3,-0.0699999999999931
HfOx_02,10.1088/2634-4386/ac7327,HfOx,5.0,0.6989700043360189,0,0,ANALOG,NOT_REPORTED,normalized_from_ratio,IDEALIZED_SINGLE_PAIR_ANALOG,IDEALIZED_ANALOG_MAPPING,64,6,63,0,2,10,203264,56,1024,57344,96.29,-0.0600000000000022
HfOx_02,10.1088/2634-4386/ac7327,HfOx,5.0,0.6989700043360189,0,0,ANALOG,NOT_REPORTED,normalized_from_ratio,IDEALIZED_SINGLE_PAIR_ANALOG,IDEALIZED_ANALOG_MAPPING,16,6,63,0,2,9,203264,800,512,409600,96.28,-0.0499999999999971
HfOx_02,10.1088/2634-4386/ac7327,HfOx,5.0,0.6989700043360189,0,0,ANALOG,NOT_REPORTED,normalized_from_ratio,IDEALIZED_SINGLE_PAIR_ANALOG,IDEALIZED_ANALOG_MAPPING,16,7,127,0,2,7,203264,800,128,102400,96.28,-0.0499999999999971
HfOx_02,10.1088/2634-4386/ac7327,HfOx,5.0,0.6989700043360189,0,0,ANALOG,NOT_REPORTED,normalized_from_ratio,IDEALIZED_SINGLE_PAIR_ANALOG,IDEALIZED_ANALOG_MAPPING,32,6,63,0,2,10,203264,208,1024,212992,96.28,-0.0499999999999971
HfOx_02,10.1088/2634-4386/ac7327,HfOx,5.0,0.6989700043360189,0,0,ANALOG,NOT_REPORTED,normalized_from_ratio,IDEALIZED_SINGLE_PAIR_ANALOG,IDEALIZED_ANALOG_MAPPING,64,6,63,0,2,9,203264,56,512,28672,96.27,-0.039999999999992
HfOx_02,10.1088/2634-4386/ac7327,HfOx,5.0,0.6989700043360189,0,0,ANALOG,NOT_REPORTED,normalized_from_ratio,IDEALIZED_SINGLE_PAIR_ANALOG,IDEALIZED_ANALOG_MAPPING,16,6,63,0,2,7,203264,800,128,102400,96.27,-0.039999999999992
HfOx_02,10.1088/2634-4386/ac7327,HfOx,5.0,0.6989700043360189,0,0,ANALOG,NOT_REPORTED,normalized_from_ratio,IDEALIZED_SINGLE_PAIR_ANALOG,IDEALIZED_ANALOG_MAPPING,32,8,255,0,2,10,203264,208,1024,212992,96.26,-0.0300000000000011
HfOx_02,10.1088/2634-4386/ac7327,HfOx,5.0,0.6989700043360189,0,0,ANALOG,NOT_REPORTED,normalized_from_ratio,IDEALIZED_SINGLE_PAIR_ANALOG,IDEALIZED_ANALOG_MAPPING,64,7,127,0,2,9,203264,56,512,28672,96.26,-0.0300000000000011
HfOx_02,10.1088/2634-4386/ac7327,HfOx,5.0,0.6989700043360189,0,0,ANALOG,NOT_REPORTED,normalized_from_ratio,IDEALIZED_SINGLE_PAIR_ANALOG,IDEALIZED_ANALOG_MAPPING,256,6,63,0,2,10,203264,10,1024,10240,96.26,-0.0300000000000011
HfOx_02,10.1088/2634-4386/ac7327,HfOx,5.0,0.6989700043360189,0,0,ANALOG,NOT_REPORTED,normalized_from_ratio,IDEALIZED_SINGLE_PAIR_ANALOG,IDEALIZED_ANALOG_MAPPING,128,6,63,0,2,10,203264,16,1024,16384,96.26,-0.0300000000000011
HfOx_02,10.1088/2634-4386/ac7327,HfOx,5.0,0.6989700043360189,0,0,ANALOG,NOT_REPORTED,normalized_from_ratio,IDEALIZED_SINGLE_PAIR_ANALOG,IDEALIZED_ANALOG_MAPPING,16,7,127,0,2,6,203264,800,64,51200,96.25,-0.019999999999996
HfOx_02,10.1088/2634-4386/ac7327,HfOx,5.0,0.6989700043360189,0,0,ANALOG,NOT_REPORTED,normalized_from_ratio,IDEALIZED_SINGLE_PAIR_ANALOG,IDEALIZED_ANALOG_MAPPING,256,7,127,0,2,8,203264,10,256,2560,96.25,-0.019999999999996
HfOx_02,10.1088/2634-4386/ac7327,HfOx,5.0,0.6989700043360189,0,0,ANALOG,NOT_REPORTED,normalized_from_ratio,IDEALIZED_SINGLE_PAIR_ANALOG,IDEALIZED_ANALOG_MAPPING,64,7,127,0,2,10,203264,56,1024,57344,96.25,-0.019999999999996
HfOx_02,10.1088/2634-4386/ac7327,HfOx,5.0,0.6989700043360189,0,0,ANALOG,NOT_REPORTED,normalized_from_ratio,IDEALIZED_SINGLE_PAIR_ANALOG,IDEALIZED_ANALOG_MAPPING,16,6,63,0,2,8,203264,800,256,204800,96.25,-0.019999999999996
HfOx_02,10.1088/2634-4386/ac7327,HfOx,5.0,0.6989700043360189,0,0,ANALOG,NOT_REPORTED,normalized_from_ratio,IDEALIZED_SINGLE_PAIR_ANALOG,IDEALIZED_ANALOG_MAPPING,16,8,255,0,2,10,203264,800,1024,819200,96.25,-0.019999999999996
HfOx_02,10.1088/2634-4386/ac7327,HfOx,5.0,0.6989700043360189,0,0,ANALOG,NOT_REPORTED,normalized_from_ratio,IDEALIZED_SINGLE_PAIR_ANALOG,IDEALIZED_ANALOG_MAPPING,16,8,255,0,2,9,203264,800,512,409600,96.25,-0.019999999999996
HfOx_02,10.1088/2634-4386/ac7327,HfOx,5.0,0.6989700043360189,0,0,ANALOG,NOT_REPORTED,normalized_from_ratio,IDEALIZED_SINGLE_PAIR_ANALOG,IDEALIZED_ANALOG_MAPPING,32,7,127,0,2,8,203264,208,256,53248,96.25,-0.019999999999996
HfOx_02,10.1088/2634-4386/ac7327,HfOx,5.0,0.6989700043360189,0,0,ANALOG,NOT_REPORTED,normalized_from_ratio,IDEALIZED_SINGLE_PAIR_ANALOG,IDEALIZED_ANALOG_MAPPING,32,6,63,0,2,7,203264,208,128,26624,96.24,-0.0099999999999909
HfOx_02,10.1088/2634-4386/ac7327,HfOx,5.0,0.6989700043360189,0,0,ANALOG,NOT_REPORTED,normalized_from_ratio,IDEALIZED_SINGLE_PAIR_ANALOG,IDEALIZED_ANALOG_MAPPING,16,7,127,0,2,10,203264,800,1024,819200,96.24,-0.0099999999999909
HfOx_02,10.1088/2634-4386/ac7327,HfOx,5.0,0.6989700043360189,0,0,ANALOG,NOT_REPORTED,normalized_from_ratio,IDEALIZED_SINGLE_PAIR_ANALOG,IDEALIZED_ANALOG_MAPPING,32,7,127,0,2,9,203264,208,512,106496,96.24,-0.0099999999999909
HfOx_02,10.1088/2634-4386/ac7327,HfOx,5.0,0.6989700043360189,0,0,ANALOG,NOT_REPORTED,normalized_from_ratio,IDEALIZED_SINGLE_PAIR_ANALOG,IDEALIZED_ANALOG_MAPPING,32,6,63,0,2,9,203264,208,512,106496,96.24,-0.0099999999999909
HfOx_02,10.1088/2634-4386/ac7327,HfOx,5.0,0.6989700043360189,0,0,ANALOG,NOT_REPORTED,normalized_from_ratio,IDEALIZED_SINGLE_PAIR_ANALOG,IDEALIZED_ANALOG_MAPPING,256,7,127,0,2,9,203264,10,512,5120,96.24,-0.0099999999999909
HfOx_02,10.1088/2634-4386/ac7327,HfOx,5.0,0.6989700043360189,0,0,ANALOG,NOT_REPORTED,normalized_from_ratio,IDEALIZED_SINGLE_PAIR_ANALOG,IDEALIZED_ANALOG_MAPPING,128,8,255,0,2,8,203264,16,256,4096,96.24,-0.0099999999999909
HfOx_02,10.1088/2634-4386/ac7327,HfOx,5.0,0.6989700043360189,0,0,ANALOG,NOT_REPORTED,normalized_from_ratio,IDEALIZED_SINGLE_PAIR_ANALOG,IDEALIZED_ANALOG_MAPPING,64,8,255,0,2,8,203264,56,256,14336,96.23,0.0
HfOx_02,10.1088/2634-4386/ac7327,HfOx,5.0,0.6989700043360189,0,0,ANALOG,NOT_REPORTED,normalized_from_ratio,IDEALIZED_SINGLE_PAIR_ANALOG,IDEALIZED_ANALOG_MAPPING,256,8,255,0,2,8,203264,10,256,2560,96.23,0.0
HfOx_02,10.1088/2634-4386/ac7327,HfOx,5.0,0.6989700043360189,0,0,ANALOG,NOT_REPORTED,normalized_from_ratio,IDEALIZED_SINGLE_PAIR_ANALOG,IDEALIZED_ANALOG_MAPPING,16,8,255,0,2,7,203264,800,128,102400,96.23,0.0
HfOx_02,10.1088/2634-4386/ac7327,HfOx,5.0,0.6989700043360189,0,0,ANALOG,NOT_REPORTED,normalized_from_ratio,IDEALIZED_SINGLE_PAIR_ANALOG,IDEALIZED_ANALOG_MAPPING,128,6,63,0,2,8,203264,16,256,4096,96.23,0.0
HfOx_02,10.1088/2634-4386/ac7327,HfOx,5.0,0.6989700043360189,0,0,ANALOG,NOT_REPORTED,normalized_from_ratio,IDEALIZED_SINGLE_PAIR_ANALOG,IDEALIZED_ANALOG_MAPPING,16,7,127,0,2,9,203264,800,512,409600,96.23,0.0
HfOx_02,10.1088/2634-4386/ac7327,HfOx,5.0,0.6989700043360189,0,0,ANALOG,NOT_REPORTED,normalized_from_ratio,IDEALIZED_SINGLE_PAIR_ANALOG,IDEALIZED_ANALOG_MAPPING,64,7,127,0,2,8,203264,56,256,14336,96.22,0.0100000000000051
HfOx_02,10.1088/2634-4386/ac7327,HfOx,5.0,0.6989700043360189,0,0,ANALOG,NOT_REPORTED,normalized_from_ratio,IDEALIZED_SINGLE_PAIR_ANALOG,IDEALIZED_ANALOG_MAPPING,128,8,255,0,2,9,203264,16,512,8192,96.22,0.0100000000000051
HfOx_02,10.1088/2634-4386/ac7327,HfOx,5.0,0.6989700043360189,0,0,ANALOG,NOT_REPORTED,normalized_from_ratio,IDEALIZED_SINGLE_PAIR_ANALOG,IDEALIZED_ANALOG_MAPPING,64,8,255,0,2,10,203264,56,1024,57344,96.22,0.0100000000000051
HfOx_02,10.1088/2634-4386/ac7327,HfOx,5.0,0.6989700043360189,0,0,ANALOG,NOT_REPORTED,normalized_from_ratio,IDEALIZED_SINGLE_PAIR_ANALOG,IDEALIZED_ANALOG_MAPPING,16,7,127,0,2,8,203264,800,256,204800,96.22,0.0100000000000051
HfOx_02,10.1088/2634-4386/ac7327,HfOx,5.0,0.6989700043360189,0,0,ANALOG,NOT_REPORTED,normalized_from_ratio,IDEALIZED_SINGLE_PAIR_ANALOG,IDEALIZED_ANALOG_MAPPING,256,8,255,0,2,9,203264,10,512,5120,96.22,0.0100000000000051
HfOx_02,10.1088/2634-4386/ac7327,HfOx,5.0,0.6989700043360189,0,0,ANALOG,NOT_REPORTED,normalized_from_ratio,IDEALIZED_SINGLE_PAIR_ANALOG,IDEALIZED_ANALOG_MAPPING,256,7,127,0,2,10,203264,10,1024,10240,96.22,0.0100000000000051
HfOx_02,10.1088/2634-4386/ac7327,HfOx,5.0,0.6989700043360189,0,0,ANALOG,NOT_REPORTED,normalized_from_ratio,IDEALIZED_SINGLE_PAIR_ANALOG,IDEALIZED_ANALOG_MAPPING,128,8,255,0,2,10,203264,16,1024,16384,96.22,0.0100000000000051
HfOx_02,10.1088/2634-4386/ac7327,HfOx,5.0,0.6989700043360189,0,0,ANALOG,NOT_REPORTED,normalized_from_ratio,IDEALIZED_SINGLE_PAIR_ANALOG,IDEALIZED_ANALOG_MAPPING,16,8,255,0,2,8,203264,800,256,204800,96.22,0.0100000000000051
HfOx_02,10.1088/2634-4386/ac7327,HfOx,5.0,0.6989700043360189,0,0,ANALOG,NOT_REPORTED,normalized_from_ratio,IDEALIZED_SINGLE_PAIR_ANALOG,IDEALIZED_ANALOG_MAPPING,32,8,255,0,2,9,203264,208,512,106496,96.22,0.0100000000000051
HfOx_02,10.1088/2634-4386/ac7327,HfOx,5.0,0.6989700043360189,0,0,ANALOG,NOT_REPORTED,normalized_from_ratio,IDEALIZED_SINGLE_PAIR_ANALOG,IDEALIZED_ANALOG_MAPPING,32,7,127,0,2,7,203264,208,128,26624,96.21,0.0200000000000102
HfOx_02,10.1088/2634-4386/ac7327,HfOx,5.0,0.6989700043360189,0,0,ANALOG,NOT_REPORTED,normalized_from_ratio,IDEALIZED_SINGLE_PAIR_ANALOG,IDEALIZED_ANALOG_MAPPING,256,8,255,0,2,10,203264,10,1024,10240,96.21,0.0200000000000102
HfOx_02,10.1088/2634-4386/ac7327,HfOx,5.0,0.6989700043360189,0,0,ANALOG,NOT_REPORTED,normalized_from_ratio,IDEALIZED_SINGLE_PAIR_ANALOG,IDEALIZED_ANALOG_MAPPING,64,8,255,0,2,9,203264,56,512,28672,96.21,0.0200000000000102
HfOx_02,10.1088/2634-4386/ac7327,HfOx,5.0,0.6989700043360189,0,0,ANALOG,NOT_REPORTED,normalized_from_ratio,IDEALIZED_SINGLE_PAIR_ANALOG,IDEALIZED_ANALOG_MAPPING,32,7,127,0,2,10,203264,208,1024,212992,96.21,0.0200000000000102
HfOx_02,10.1088/2634-4386/ac7327,HfOx,5.0,0.6989700043360189,0,0,ANALOG,NOT_REPORTED,normalized_from_ratio,IDEALIZED_SINGLE_PAIR_ANALOG,IDEALIZED_ANALOG_MAPPING,32,8,255,0,2,6,203264,208,64,13312,96.21,0.0200000000000102
HfOx_02,10.1088/2634-4386/ac7327,HfOx,5.0,0.6989700043360189,0,0,ANALOG,NOT_REPORTED,normalized_from_ratio,IDEALIZED_SINGLE_PAIR_ANALOG,IDEALIZED_ANALOG_MAPPING,32,6,63,0,2,8,203264,208,256,53248,96.21,0.0200000000000102
HfOx_02,10.1088/2634-4386/ac7327,HfOx,5.0,0.6989700043360189,0,0,ANALOG,NOT_REPORTED,normalized_from_ratio,IDEALIZED_SINGLE_PAIR_ANALOG,IDEALIZED_ANALOG_MAPPING,128,7,127,0,2,9,203264,16,512,8192,96.2,0.0300000000000011
HfOx_02,10.1088/2634-4386/ac7327,HfOx,5.0,0.6989700043360189,0,0,ANALOG,NOT_REPORTED,normalized_from_ratio,IDEALIZED_SINGLE_PAIR_ANALOG,IDEALIZED_ANALOG_MAPPING,128,7,127,0,2,10,203264,16,1024,16384,96.2,0.0300000000000011
HfOx_02,10.1088/2634-4386/ac7327,HfOx,5.0,0.6989700043360189,0,0,ANALOG,NOT_REPORTED,normalized_from_ratio,IDEALIZED_SINGLE_PAIR_ANALOG,IDEALIZED_ANALOG_MAPPING,256,6,63,0,2,8,203264,10,256,2560,96.2,0.0300000000000011
HfOx_02,10.1088/2634-4386/ac7327,HfOx,5.0,0.6989700043360189,0,0,ANALOG,NOT_REPORTED,normalized_from_ratio,IDEALIZED_SINGLE_PAIR_ANALOG,IDEALIZED_ANALOG_MAPPING,16,6,63,0,2,6,203264,800,64,51200,96.2,0.0300000000000011
HfOx_02,10.1088/2634-4386/ac7327,HfOx,5.0,0.6989700043360189,0,0,ANALOG,NOT_REPORTED,normalized_from_ratio,IDEALIZED_SINGLE_PAIR_ANALOG,IDEALIZED_ANALOG_MAPPING,64,5,31,0,2,8,203264,56,256,14336,96.2,0.0300000000000011
HfOx_02,10.1088/2634-4386/ac7327,HfOx,5.0,0.6989700043360189,0,0,ANALOG,NOT_REPORTED,normalized_from_ratio,IDEALIZED_SINGLE_PAIR_ANALOG,IDEALIZED_ANALOG_MAPPING,128,5,31,0,2,9,203264,16,512,8192,96.2,0.0300000000000011
HfOx_02,10.1088/2634-4386/ac7327,HfOx,5.0,0.6989700043360189,0,0,ANALOG,NOT_REPORTED,normalized_from_ratio,IDEALIZED_SINGLE_PAIR_ANALOG,IDEALIZED_ANALOG_MAPPING,128,6,63,0,2,9,203264,16,512,8192,96.2,0.0300000000000011
HfOx_02,10.1088/2634-4386/ac7327,HfOx,5.0,0.6989700043360189,0,0,ANALOG,NOT_REPORTED,normalized_from_ratio,IDEALIZED_SINGLE_PAIR_ANALOG,IDEALIZED_ANALOG_MAPPING,32,6,63,0,2,6,203264,208,64,13312,96.19,0.0400000000000062
HfOx_02,10.1088/2634-4386/ac7327,HfOx,5.0,0.6989700043360189,0,0,ANALOG,NOT_REPORTED,normalized_from_ratio,IDEALIZED_SINGLE_PAIR_ANALOG,IDEALIZED_ANALOG_MAPPING,256,6,63,0,2,7,203264,10,128,1280,96.19,0.0400000000000062
HfOx_02,10.1088/2634-4386/ac7327,HfOx,5.0,0.6989700043360189,0,0,ANALOG,NOT_REPORTED,normalized_from_ratio,IDEALIZED_SINGLE_PAIR_ANALOG,IDEALIZED_ANALOG_MAPPING,64,8,255,0,2,7,203264,56,128,7168,96.19,0.0400000000000062
HfOx_02,10.1088/2634-4386/ac7327,HfOx,5.0,0.6989700043360189,0,0,ANALOG,NOT_REPORTED,normalized_from_ratio,IDEALIZED_SINGLE_PAIR_ANALOG,IDEALIZED_ANALOG_MAPPING,128,5,31,0,2,8,203264,16,256,4096,96.19,0.0400000000000062
HfOx_02,10.1088/2634-4386/ac7327,HfOx,5.0,0.6989700043360189,0,0,ANALOG,NOT_REPORTED,normalized_from_ratio,IDEALIZED_SINGLE_PAIR_ANALOG,IDEALIZED_ANALOG_MAPPING,128,7,127,0,2,8,203264,16,256,4096,96.18,0.0499999999999971
HfOx_02,10.1088/2634-4386/ac7327,HfOx,5.0,0.6989700043360189,0,0,ANALOG,NOT_REPORTED,normalized_from_ratio,IDEALIZED_SINGLE_PAIR_ANALOG,IDEALIZED_ANALOG_MAPPING,64,7,127,0,2,7,203264,56,128,7168,96.18,0.0499999999999971
HfOx_02,10.1088/2634-4386/ac7327,HfOx,5.0,0.6989700043360189,0,0,ANALOG,NOT_REPORTED,normalized_from_ratio,IDEALIZED_SINGLE_PAIR_ANALOG,IDEALIZED_ANALOG_MAPPING,32,8,255,0,2,8,203264,208,256,53248,96.18,0.0499999999999971
HfOx_02,10.1088/2634-4386/ac7327,HfOx,5.0,0.6989700043360189,0,0,ANALOG,NOT_REPORTED,normalized_from_ratio,IDEALIZED_SINGLE_PAIR_ANALOG,IDEALIZED_ANALOG_MAPPING,32,5,31,0,2,9,203264,208,512,106496,96.17,0.0600000000000022
HfOx_02,10.1088/2634-4386/ac7327,HfOx,5.0,0.6989700043360189,0,0,ANALOG,NOT_REPORTED,normalized_from_ratio,IDEALIZED_SINGLE_PAIR_ANALOG,IDEALIZED_ANALOG_MAPPING,32,5,31,0,2,7,203264,208,128,26624,96.17,0.0600000000000022
HfOx_02,10.1088/2634-4386/ac7327,HfOx,5.0,0.6989700043360189,0,0,ANALOG,NOT_REPORTED,normalized_from_ratio,IDEALIZED_SINGLE_PAIR_ANALOG,IDEALIZED_ANALOG_MAPPING,32,7,127,0,2,6,203264,208,64,13312,96.17,0.0600000000000022
HfOx_02,10.1088/2634-4386/ac7327,HfOx,5.0,0.6989700043360189,0,0,ANALOG,NOT_REPORTED,normalized_from_ratio,IDEALIZED_SINGLE_PAIR_ANALOG,IDEALIZED_ANALOG_MAPPING,16,8,255,0,2,6,203264,800,64,51200,96.17,0.0600000000000022
HfOx_02,10.1088/2634-4386/ac7327,HfOx,5.0,0.6989700043360189,0,0,ANALOG,NOT_REPORTED,normalized_from_ratio,IDEALIZED_SINGLE_PAIR_ANALOG,IDEALIZED_ANALOG_MAPPING,16,5,31,0,2,9,203264,800,512,409600,96.17,0.0600000000000022
HfOx_02,10.1088/2634-4386/ac7327,HfOx,5.0,0.6989700043360189,0,0,ANALOG,NOT_REPORTED,normalized_from_ratio,IDEALIZED_SINGLE_PAIR_ANALOG,IDEALIZED_ANALOG_MAPPING,64,5,31,0,2,7,203264,56,128,7168,96.17,0.0600000000000022
HfOx_02,10.1088/2634-4386/ac7327,HfOx,5.0,0.6989700043360189,0,0,ANALOG,NOT_REPORTED,normalized_from_ratio,IDEALIZED_SINGLE_PAIR_ANALOG,IDEALIZED_ANALOG_MAPPING,256,5,31,0,2,9,203264,10,512,5120,96.17,0.0600000000000022
HfOx_02,10.1088/2634-4386/ac7327,HfOx,5.0,0.6989700043360189,0,0,ANALOG,NOT_REPORTED,normalized_from_ratio,IDEALIZED_SINGLE_PAIR_ANALOG,IDEALIZED_ANALOG_MAPPING,256,5,31,0,2,10,203264,10,1024,10240,96.16,0.0700000000000073
HfOx_02,10.1088/2634-4386/ac7327,HfOx,5.0,0.6989700043360189,0,0,ANALOG,NOT_REPORTED,normalized_from_ratio,IDEALIZED_SINGLE_PAIR_ANALOG,IDEALIZED_ANALOG_MAPPING,64,5,31,0,2,10,203264,56,1024,57344,96.16,0.0700000000000073
HfOx_02,10.1088/2634-4386/ac7327,HfOx,5.0,0.6989700043360189,0,0,ANALOG,NOT_REPORTED,normalized_from_ratio,IDEALIZED_SINGLE_PAIR_ANALOG,IDEALIZED_ANALOG_MAPPING,16,5,31,0,2,7,203264,800,128,102400,96.16,0.0700000000000073
HfOx_02,10.1088/2634-4386/ac7327,HfOx,5.0,0.6989700043360189,0,0,ANALOG,NOT_REPORTED,normalized_from_ratio,IDEALIZED_SINGLE_PAIR_ANALOG,IDEALIZED_ANALOG_MAPPING,256,4,15,0,2,8,203264,10,256,2560,96.16,0.0700000000000073
HfOx_02,10.1088/2634-4386/ac7327,HfOx,5.0,0.6989700043360189,0,0,ANALOG,NOT_REPORTED,normalized_from_ratio,IDEALIZED_SINGLE_PAIR_ANALOG,IDEALIZED_ANALOG_MAPPING,16,5,31,0,2,8,203264,800,256,204800,96.15,0.0799999999999983
HfOx_02,10.1088/2634-4386/ac7327,HfOx,5.0,0.6989700043360189,0,0,ANALOG,NOT_REPORTED,normalized_from_ratio,IDEALIZED_SINGLE_PAIR_ANALOG,IDEALIZED_ANALOG_MAPPING,64,6,63,0,2,7,203264,56,128,7168,96.15,0.0799999999999983
HfOx_02,10.1088/2634-4386/ac7327,HfOx,5.0,0.6989700043360189,0,0,ANALOG,NOT_REPORTED,normalized_from_ratio,IDEALIZED_SINGLE_PAIR_ANALOG,IDEALIZED_ANALOG_MAPPING,128,5,31,0,2,10,203264,16,1024,16384,96.15,0.0799999999999983
HfOx_02,10.1088/2634-4386/ac7327,HfOx,5.0,0.6989700043360189,0,0,ANALOG,NOT_REPORTED,normalized_from_ratio,IDEALIZED_SINGLE_PAIR_ANALOG,IDEALIZED_ANALOG_MAPPING,32,8,255,0,2,7,203264,208,128,26624,96.15,0.0799999999999983
HfOx_02,10.1088/2634-4386/ac7327,HfOx,5.0,0.6989700043360189,0,0,ANALOG,NOT_REPORTED,normalized_from_ratio,IDEALIZED_SINGLE_PAIR_ANALOG,IDEALIZED_ANALOG_MAPPING,64,5,31,0,2,9,203264,56,512,28672,96.14,0.0900000000000034
HfOx_02,10.1088/2634-4386/ac7327,HfOx,5.0,0.6989700043360189,0,0,ANALOG,NOT_REPORTED,normalized_from_ratio,IDEALIZED_SINGLE_PAIR_ANALOG,IDEALIZED_ANALOG_MAPPING,256,5,31,0,2,8,203264,10,256,2560,96.14,0.0900000000000034
HfOx_02,10.1088/2634-4386/ac7327,HfOx,5.0,0.6989700043360189,0,0,ANALOG,NOT_REPORTED,normalized_from_ratio,IDEALIZED_SINGLE_PAIR_ANALOG,IDEALIZED_ANALOG_MAPPING,256,6,63,0,2,9,203264,10,512,5120,96.13,0.1000000000000085
HfOx_02,10.1088/2634-4386/ac7327,HfOx,5.0,0.6989700043360189,0,0,ANALOG,NOT_REPORTED,normalized_from_ratio,IDEALIZED_SINGLE_PAIR_ANALOG,IDEALIZED_ANALOG_MAPPING,16,5,31,0,2,10,203264,800,1024,819200,96.13,0.1000000000000085
HfOx_02,10.1088/2634-4386/ac7327,HfOx,5.0,0.6989700043360189,0,0,ANALOG,NOT_REPORTED,normalized_from_ratio,IDEALIZED_SINGLE_PAIR_ANALOG,IDEALIZED_ANALOG_MAPPING,32,5,31,0,2,8,203264,208,256,53248,96.13,0.1000000000000085
HfOx_02,10.1088/2634-4386/ac7327,HfOx,5.0,0.6989700043360189,0,0,ANALOG,NOT_REPORTED,normalized_from_ratio,IDEALIZED_SINGLE_PAIR_ANALOG,IDEALIZED_ANALOG_MAPPING,32,5,31,0,2,10,203264,208,1024,212992,96.13,0.1000000000000085
HfOx_02,10.1088/2634-4386/ac7327,HfOx,5.0,0.6989700043360189,0,0,ANALOG,NOT_REPORTED,normalized_from_ratio,IDEALIZED_SINGLE_PAIR_ANALOG,IDEALIZED_ANALOG_MAPPING,64,4,15,0,2,7,203264,56,128,7168,96.12,0.1099999999999994
HfOx_02,10.1088/2634-4386/ac7327,HfOx,5.0,0.6989700043360189,0,0,ANALOG,NOT_REPORTED,normalized_from_ratio,IDEALIZED_SINGLE_PAIR_ANALOG,IDEALIZED_ANALOG_MAPPING,64,6,63,0,2,6,203264,56,64,3584,96.12,0.1099999999999994
HfOx_02,10.1088/2634-4386/ac7327,HfOx,5.0,0.6989700043360189,0,0,ANALOG,NOT_REPORTED,normalized_from_ratio,IDEALIZED_SINGLE_PAIR_ANALOG,IDEALIZED_ANALOG_MAPPING,256,8,255,0,2,7,203264,10,128,1280,96.11,0.1200000000000045
HfOx_02,10.1088/2634-4386/ac7327,HfOx,5.0,0.6989700043360189,0,0,ANALOG,NOT_REPORTED,normalized_from_ratio,IDEALIZED_SINGLE_PAIR_ANALOG,IDEALIZED_ANALOG_MAPPING,16,5,31,0,2,6,203264,800,64,51200,96.11,0.1200000000000045
HfOx_02,10.1088/2634-4386/ac7327,HfOx,5.0,0.6989700043360189,0,0,ANALOG,NOT_REPORTED,normalized_from_ratio,IDEALIZED_SINGLE_PAIR_ANALOG,IDEALIZED_ANALOG_MAPPING,128,4,15,0,2,8,203264,16,256,4096,96.1,0.1300000000000096
HfOx_02,10.1088/2634-4386/ac7327,HfOx,5.0,0.6989700043360189,0,0,ANALOG,NOT_REPORTED,normalized_from_ratio,IDEALIZED_SINGLE_PAIR_ANALOG,IDEALIZED_ANALOG_MAPPING,32,4,15,0,2,8,203264,208,256,53248,96.1,0.1300000000000096
HfOx_02,10.1088/2634-4386/ac7327,HfOx,5.0,0.6989700043360189,0,0,ANALOG,NOT_REPORTED,normalized_from_ratio,IDEALIZED_SINGLE_PAIR_ANALOG,IDEALIZED_ANALOG_MAPPING,128,4,15,0,2,10,203264,16,1024,16384,96.08,0.1500000000000056
HfOx_02,10.1088/2634-4386/ac7327,HfOx,5.0,0.6989700043360189,0,0,ANALOG,NOT_REPORTED,normalized_from_ratio,IDEALIZED_SINGLE_PAIR_ANALOG,IDEALIZED_ANALOG_MAPPING,256,4,15,0,2,9,203264,10,512,5120,96.08,0.1500000000000056
HfOx_02,10.1088/2634-4386/ac7327,HfOx,5.0,0.6989700043360189,0,0,ANALOG,NOT_REPORTED,normalized_from_ratio,IDEALIZED_SINGLE_PAIR_ANALOG,IDEALIZED_ANALOG_MAPPING,128,7,127,0,2,7,203264,16,128,2048,96.08,0.1500000000000056
HfOx_02,10.1088/2634-4386/ac7327,HfOx,5.0,0.6989700043360189,0,0,ANALOG,NOT_REPORTED,normalized_from_ratio,IDEALIZED_SINGLE_PAIR_ANALOG,IDEALIZED_ANALOG_MAPPING,256,7,127,0,2,7,203264,10,128,1280,96.07,0.1600000000000108
HfOx_02,10.1088/2634-4386/ac7327,HfOx,5.0,0.6989700043360189,0,0,ANALOG,NOT_REPORTED,normalized_from_ratio,IDEALIZED_SINGLE_PAIR_ANALOG,IDEALIZED_ANALOG_MAPPING,256,4,15,0,2,10,203264,10,1024,10240,96.07,0.1600000000000108
HfOx_02,10.1088/2634-4386/ac7327,HfOx,5.0,0.6989700043360189,0,0,ANALOG,NOT_REPORTED,normalized_from_ratio,IDEALIZED_SINGLE_PAIR_ANALOG,IDEALIZED_ANALOG_MAPPING,128,4,15,0,2,9,203264,16,512,8192,96.07,0.1600000000000108
HfOx_02,10.1088/2634-4386/ac7327,HfOx,5.0,0.6989700043360189,0,0,ANALOG,NOT_REPORTED,normalized_from_ratio,IDEALIZED_SINGLE_PAIR_ANALOG,IDEALIZED_ANALOG_MAPPING,16,4,15,0,2,9,203264,800,512,409600,96.06,0.1700000000000017
HfOx_02,10.1088/2634-4386/ac7327,HfOx,5.0,0.6989700043360189,0,0,ANALOG,NOT_REPORTED,normalized_from_ratio,IDEALIZED_SINGLE_PAIR_ANALOG,IDEALIZED_ANALOG_MAPPING,256,5,31,0,2,7,203264,10,128,1280,96.06,0.1700000000000017
HfOx_02,10.1088/2634-4386/ac7327,HfOx,5.0,0.6989700043360189,0,0,ANALOG,NOT_REPORTED,normalized_from_ratio,IDEALIZED_SINGLE_PAIR_ANALOG,IDEALIZED_ANALOG_MAPPING,16,4,15,0,2,10,203264,800,1024,819200,96.06,0.1700000000000017
HfOx_02,10.1088/2634-4386/ac7327,HfOx,5.0,0.6989700043360189,0,0,ANALOG,NOT_REPORTED,normalized_from_ratio,IDEALIZED_SINGLE_PAIR_ANALOG,IDEALIZED_ANALOG_MAPPING,64,4,15,0,2,8,203264,56,256,14336,96.06,0.1700000000000017
HfOx_02,10.1088/2634-4386/ac7327,HfOx,5.0,0.6989700043360189,0,0,ANALOG,NOT_REPORTED,normalized_from_ratio,IDEALIZED_SINGLE_PAIR_ANALOG,IDEALIZED_ANALOG_MAPPING,128,8,255,0,2,7,203264,16,128,2048,96.05,0.1800000000000068
HfOx_02,10.1088/2634-4386/ac7327,HfOx,5.0,0.6989700043360189,0,0,ANALOG,NOT_REPORTED,normalized_from_ratio,IDEALIZED_SINGLE_PAIR_ANALOG,IDEALIZED_ANALOG_MAPPING,64,4,15,0,2,10,203264,56,1024,57344,96.05,0.1800000000000068
HfOx_02,10.1088/2634-4386/ac7327,HfOx,5.0,0.6989700043360189,0,0,ANALOG,NOT_REPORTED,normalized_from_ratio,IDEALIZED_SINGLE_PAIR_ANALOG,IDEALIZED_ANALOG_MAPPING,16,4,15,0,2,8,203264,800,256,204800,96.05,0.1800000000000068
HfOx_02,10.1088/2634-4386/ac7327,HfOx,5.0,0.6989700043360189,0,0,ANALOG,NOT_REPORTED,normalized_from_ratio,IDEALIZED_SINGLE_PAIR_ANALOG,IDEALIZED_ANALOG_MAPPING,32,4,15,0,2,6,203264,208,64,13312,96.04,0.1899999999999977
HfOx_02,10.1088/2634-4386/ac7327,HfOx,5.0,0.6989700043360189,0,0,ANALOG,NOT_REPORTED,normalized_from_ratio,IDEALIZED_SINGLE_PAIR_ANALOG,IDEALIZED_ANALOG_MAPPING,64,4,15,0,2,9,203264,56,512,28672,96.04,0.1899999999999977
HfOx_02,10.1088/2634-4386/ac7327,HfOx,5.0,0.6989700043360189,0,0,ANALOG,NOT_REPORTED,normalized_from_ratio,IDEALIZED_SINGLE_PAIR_ANALOG,IDEALIZED_ANALOG_MAPPING,16,4,15,0,2,6,203264,800,64,51200,96.04,0.1899999999999977
HfOx_02,10.1088/2634-4386/ac7327,HfOx,5.0,0.6989700043360189,0,0,ANALOG,NOT_REPORTED,normalized_from_ratio,IDEALIZED_SINGLE_PAIR_ANALOG,IDEALIZED_ANALOG_MAPPING,32,4,15,0,2,10,203264,208,1024,212992,96.04,0.1899999999999977
HfOx_02,10.1088/2634-4386/ac7327,HfOx,5.0,0.6989700043360189,0,0,ANALOG,NOT_REPORTED,normalized_from_ratio,IDEALIZED_SINGLE_PAIR_ANALOG,IDEALIZED_ANALOG_MAPPING,32,4,15,0,2,9,203264,208,512,106496,96.03,0.2000000000000028
HfOx_02,10.1088/2634-4386/ac7327,HfOx,5.0,0.6989700043360189,0,0,ANALOG,NOT_REPORTED,normalized_from_ratio,IDEALIZED_SINGLE_PAIR_ANALOG,IDEALIZED_ANALOG_MAPPING,64,5,31,0,2,6,203264,56,64,3584,96.02,0.2100000000000079
HfOx_02,10.1088/2634-4386/ac7327,HfOx,5.0,0.6989700043360189,0,0,ANALOG,NOT_REPORTED,normalized_from_ratio,IDEALIZED_SINGLE_PAIR_ANALOG,IDEALIZED_ANALOG_MAPPING,32,5,31,0,2,6,203264,208,64,13312,96.02,0.2100000000000079
HfOx_02,10.1088/2634-4386/ac7327,HfOx,5.0,0.6989700043360189,0,0,ANALOG,NOT_REPORTED,normalized_from_ratio,IDEALIZED_SINGLE_PAIR_ANALOG,IDEALIZED_ANALOG_MAPPING,32,4,15,0,2,7,203264,208,128,26624,96.01,0.2199999999999988
HfOx_02,10.1088/2634-4386/ac7327,HfOx,5.0,0.6989700043360189,0,0,ANALOG,NOT_REPORTED,normalized_from_ratio,IDEALIZED_SINGLE_PAIR_ANALOG,IDEALIZED_ANALOG_MAPPING,128,4,15,0,2,7,203264,16,128,2048,96.01,0.2199999999999988
HfOx_02,10.1088/2634-4386/ac7327,HfOx,5.0,0.6989700043360189,0,0,ANALOG,NOT_REPORTED,normalized_from_ratio,IDEALIZED_SINGLE_PAIR_ANALOG,IDEALIZED_ANALOG_MAPPING,128,5,31,0,2,7,203264,16,128,2048,96.01,0.2199999999999988
HfOx_02,10.1088/2634-4386/ac7327,HfOx,5.0,0.6989700043360189,0,0,ANALOG,NOT_REPORTED,normalized_from_ratio,IDEALIZED_SINGLE_PAIR_ANALOG,IDEALIZED_ANALOG_MAPPING,16,4,15,0,2,7,203264,800,128,102400,96.0,0.2300000000000039
HfOx_02,10.1088/2634-4386/ac7327,HfOx,5.0,0.6989700043360189,0,0,ANALOG,NOT_REPORTED,normalized_from_ratio,IDEALIZED_SINGLE_PAIR_ANALOG,IDEALIZED_ANALOG_MAPPING,128,6,63,0,2,7,203264,16,128,2048,95.99,0.2400000000000091
HfOx_02,10.1088/2634-4386/ac7327,HfOx,5.0,0.6989700043360189,0,0,ANALOG,NOT_REPORTED,normalized_from_ratio,IDEALIZED_SINGLE_PAIR_ANALOG,IDEALIZED_ANALOG_MAPPING,256,4,15,0,2,7,203264,10,128,1280,95.99,0.2400000000000091
HfOx_02,10.1088/2634-4386/ac7327,HfOx,5.0,0.6989700043360189,0,0,ANALOG,NOT_REPORTED,normalized_from_ratio,IDEALIZED_SINGLE_PAIR_ANALOG,IDEALIZED_ANALOG_MAPPING,16,6,63,0,2,5,203264,800,32,25600,95.98,0.25
HfOx_02,10.1088/2634-4386/ac7327,HfOx,5.0,0.6989700043360189,0,0,ANALOG,NOT_REPORTED,normalized_from_ratio,IDEALIZED_SINGLE_PAIR_ANALOG,IDEALIZED_ANALOG_MAPPING,16,5,31,0,2,5,203264,800,32,25600,95.91,0.3200000000000074
HfOx_02,10.1088/2634-4386/ac7327,HfOx,5.0,0.6989700043360189,0,0,ANALOG,NOT_REPORTED,normalized_from_ratio,IDEALIZED_SINGLE_PAIR_ANALOG,IDEALIZED_ANALOG_MAPPING,64,7,127,0,2,6,203264,56,64,3584,95.9,0.3299999999999983
HfOx_02,10.1088/2634-4386/ac7327,HfOx,5.0,0.6989700043360189,0,0,ANALOG,NOT_REPORTED,normalized_from_ratio,IDEALIZED_SINGLE_PAIR_ANALOG,IDEALIZED_ANALOG_MAPPING,64,8,255,0,2,6,203264,56,64,3584,95.89,0.3400000000000034
HfOx_02,10.1088/2634-4386/ac7327,HfOx,5.0,0.6989700043360189,0,0,ANALOG,NOT_REPORTED,normalized_from_ratio,IDEALIZED_SINGLE_PAIR_ANALOG,IDEALIZED_ANALOG_MAPPING,16,8,255,0,2,5,203264,800,32,25600,95.87,0.3599999999999994
HfOx_02,10.1088/2634-4386/ac7327,HfOx,5.0,0.6989700043360189,0,0,ANALOG,NOT_REPORTED,normalized_from_ratio,IDEALIZED_SINGLE_PAIR_ANALOG,IDEALIZED_ANALOG_MAPPING,16,4,15,0,2,5,203264,800,32,25600,95.86,0.3700000000000045
HfOx_02,10.1088/2634-4386/ac7327,HfOx,5.0,0.6989700043360189,0,0,ANALOG,NOT_REPORTED,normalized_from_ratio,IDEALIZED_SINGLE_PAIR_ANALOG,IDEALIZED_ANALOG_MAPPING,16,7,127,0,2,5,203264,800,32,25600,95.85,0.3800000000000096
HfOx_02,10.1088/2634-4386/ac7327,HfOx,5.0,0.6989700043360189,0,0,ANALOG,NOT_REPORTED,normalized_from_ratio,IDEALIZED_SINGLE_PAIR_ANALOG,IDEALIZED_ANALOG_MAPPING,64,4,15,0,2,6,203264,56,64,3584,95.79,0.4399999999999977
HfOx_02,10.1088/2634-4386/ac7327,HfOx,5.0,0.6989700043360189,0,0,ANALOG,NOT_REPORTED,normalized_from_ratio,IDEALIZED_SINGLE_PAIR_ANALOG,IDEALIZED_ANALOG_MAPPING,256,8,255,0,2,6,203264,10,64,640,95.75,0.480000000000004
HfOx_02,10.1088/2634-4386/ac7327,HfOx,5.0,0.6989700043360189,0,0,ANALOG,NOT_REPORTED,normalized_from_ratio,IDEALIZED_SINGLE_PAIR_ANALOG,IDEALIZED_ANALOG_MAPPING,32,5,31,0,2,5,203264,208,32,6656,95.73,0.5
HfOx_02,10.1088/2634-4386/ac7327,HfOx,5.0,0.6989700043360189,0,0,ANALOG,NOT_REPORTED,normalized_from_ratio,IDEALIZED_SINGLE_PAIR_ANALOG,IDEALIZED_ANALOG_MAPPING,256,7,127,0,2,6,203264,10,64,640,95.73,0.5
HfOx_02,10.1088/2634-4386/ac7327,HfOx,5.0,0.6989700043360189,0,0,ANALOG,NOT_REPORTED,normalized_from_ratio,IDEALIZED_SINGLE_PAIR_ANALOG,IDEALIZED_ANALOG_MAPPING,128,6,63,0,2,6,203264,16,64,1024,95.7,0.5300000000000011
HfOx_02,10.1088/2634-4386/ac7327,HfOx,5.0,0.6989700043360189,0,0,ANALOG,NOT_REPORTED,normalized_from_ratio,IDEALIZED_SINGLE_PAIR_ANALOG,IDEALIZED_ANALOG_MAPPING,32,6,63,0,2,5,203264,208,32,6656,95.7,0.5300000000000011
HfOx_02,10.1088/2634-4386/ac7327,HfOx,5.0,0.6989700043360189,0,0,ANALOG,NOT_REPORTED,normalized_from_ratio,IDEALIZED_SINGLE_PAIR_ANALOG,IDEALIZED_ANALOG_MAPPING,32,8,255,0,2,5,203264,208,32,6656,95.67,0.5600000000000023
HfOx_02,10.1088/2634-4386/ac7327,HfOx,5.0,0.6989700043360189,0,0,ANALOG,NOT_REPORTED,normalized_from_ratio,IDEALIZED_SINGLE_PAIR_ANALOG,IDEALIZED_ANALOG_MAPPING,128,8,255,0,2,6,203264,16,64,1024,95.66,0.5700000000000074
HfOx_02,10.1088/2634-4386/ac7327,HfOx,5.0,0.6989700043360189,0,0,ANALOG,NOT_REPORTED,normalized_from_ratio,IDEALIZED_SINGLE_PAIR_ANALOG,IDEALIZED_ANALOG_MAPPING,128,4,15,0,2,6,203264,16,64,1024,95.65,0.5799999999999983
HfOx_02,10.1088/2634-4386/ac7327,HfOx,5.0,0.6989700043360189,0,0,ANALOG,NOT_REPORTED,normalized_from_ratio,IDEALIZED_SINGLE_PAIR_ANALOG,IDEALIZED_ANALOG_MAPPING,256,6,63,0,2,6,203264,10,64,640,95.63,0.6000000000000085
HfOx_02,10.1088/2634-4386/ac7327,HfOx,5.0,0.6989700043360189,0,0,ANALOG,NOT_REPORTED,normalized_from_ratio,IDEALIZED_SINGLE_PAIR_ANALOG,IDEALIZED_ANALOG_MAPPING,32,7,127,0,2,5,203264,208,32,6656,95.63,0.6000000000000085
HfOx_02,10.1088/2634-4386/ac7327,HfOx,5.0,0.6989700043360189,0,0,ANALOG,NOT_REPORTED,normalized_from_ratio,IDEALIZED_SINGLE_PAIR_ANALOG,IDEALIZED_ANALOG_MAPPING,256,4,15,0,2,6,203264,10,64,640,95.6,0.6300000000000097
HfOx_02,10.1088/2634-4386/ac7327,HfOx,5.0,0.6989700043360189,0,0,ANALOG,NOT_REPORTED,normalized_from_ratio,IDEALIZED_SINGLE_PAIR_ANALOG,IDEALIZED_ANALOG_MAPPING,256,5,31,0,2,6,203264,10,64,640,95.55,0.6800000000000068
HfOx_02,10.1088/2634-4386/ac7327,HfOx,5.0,0.6989700043360189,0,0,ANALOG,NOT_REPORTED,normalized_from_ratio,IDEALIZED_SINGLE_PAIR_ANALOG,IDEALIZED_ANALOG_MAPPING,128,5,31,0,2,6,203264,16,64,1024,95.53,0.7000000000000028
HfOx_02,10.1088/2634-4386/ac7327,HfOx,5.0,0.6989700043360189,0,0,ANALOG,NOT_REPORTED,normalized_from_ratio,IDEALIZED_SINGLE_PAIR_ANALOG,IDEALIZED_ANALOG_MAPPING,128,7,127,0,2,6,203264,16,64,1024,95.49,0.7400000000000091
HfOx_02,10.1088/2634-4386/ac7327,HfOx,5.0,0.6989700043360189,0,0,ANALOG,NOT_REPORTED,normalized_from_ratio,IDEALIZED_SINGLE_PAIR_ANALOG,IDEALIZED_ANALOG_MAPPING,32,4,15,0,2,5,203264,208,32,6656,95.48,0.75
HfOx_02,10.1088/2634-4386/ac7327,HfOx,5.0,0.6989700043360189,0,0,ANALOG,NOT_REPORTED,normalized_from_ratio,IDEALIZED_SINGLE_PAIR_ANALOG,IDEALIZED_ANALOG_MAPPING,64,6,63,0,2,5,203264,56,32,1792,95.18,1.0499999999999972
HfOx_02,10.1088/2634-4386/ac7327,HfOx,5.0,0.6989700043360189,0,0,ANALOG,NOT_REPORTED,normalized_from_ratio,IDEALIZED_SINGLE_PAIR_ANALOG,IDEALIZED_ANALOG_MAPPING,64,7,127,0,2,5,203264,56,32,1792,94.99,1.240000000000009
HfOx_02,10.1088/2634-4386/ac7327,HfOx,5.0,0.6989700043360189,0,0,ANALOG,NOT_REPORTED,normalized_from_ratio,IDEALIZED_SINGLE_PAIR_ANALOG,IDEALIZED_ANALOG_MAPPING,64,8,255,0,2,5,203264,56,32,1792,94.98,1.25
HfOx_02,10.1088/2634-4386/ac7327,HfOx,5.0,0.6989700043360189,0,0,ANALOG,NOT_REPORTED,normalized_from_ratio,IDEALIZED_SINGLE_PAIR_ANALOG,IDEALIZED_ANALOG_MAPPING,16,8,255,0,2,4,203264,800,16,12800,94.94,1.2900000000000065
HfOx_02,10.1088/2634-4386/ac7327,HfOx,5.0,0.6989700043360189,0,0,ANALOG,NOT_REPORTED,normalized_from_ratio,IDEALIZED_SINGLE_PAIR_ANALOG,IDEALIZED_ANALOG_MAPPING,64,5,31,0,2,5,203264,56,32,1792,94.86,1.3700000000000043
HfOx_02,10.1088/2634-4386/ac7327,HfOx,5.0,0.6989700043360189,0,0,ANALOG,NOT_REPORTED,normalized_from_ratio,IDEALIZED_SINGLE_PAIR_ANALOG,IDEALIZED_ANALOG_MAPPING,64,4,15,0,2,5,203264,56,32,1792,94.79,1.4399999999999975
HfOx_02,10.1088/2634-4386/ac7327,HfOx,5.0,0.6989700043360189,0,0,ANALOG,NOT_REPORTED,normalized_from_ratio,IDEALIZED_SINGLE_PAIR_ANALOG,IDEALIZED_ANALOG_MAPPING,16,6,63,0,2,4,203264,800,16,12800,94.79,1.4399999999999975
HfOx_02,10.1088/2634-4386/ac7327,HfOx,5.0,0.6989700043360189,0,0,ANALOG,NOT_REPORTED,normalized_from_ratio,IDEALIZED_SINGLE_PAIR_ANALOG,IDEALIZED_ANALOG_MAPPING,16,7,127,0,2,4,203264,800,16,12800,94.78,1.4500000000000028
HfOx_02,10.1088/2634-4386/ac7327,HfOx,5.0,0.6989700043360189,0,0,ANALOG,NOT_REPORTED,normalized_from_ratio,IDEALIZED_SINGLE_PAIR_ANALOG,IDEALIZED_ANALOG_MAPPING,16,5,31,0,2,4,203264,800,16,12800,94.76,1.4699999999999989
HfOx_02,10.1088/2634-4386/ac7327,HfOx,5.0,0.6989700043360189,0,0,ANALOG,NOT_REPORTED,normalized_from_ratio,IDEALIZED_SINGLE_PAIR_ANALOG,IDEALIZED_ANALOG_MAPPING,16,4,15,0,2,4,203264,800,16,12800,94.49,1.740000000000009
HfOx_02,10.1088/2634-4386/ac7327,HfOx,5.0,0.6989700043360189,0,0,ANALOG,NOT_REPORTED,normalized_from_ratio,IDEALIZED_SINGLE_PAIR_ANALOG,IDEALIZED_ANALOG_MAPPING,32,6,63,0,2,4,203264,208,16,3328,93.76,2.469999999999999
HfOx_02,10.1088/2634-4386/ac7327,HfOx,5.0,0.6989700043360189,0,0,ANALOG,NOT_REPORTED,normalized_from_ratio,IDEALIZED_SINGLE_PAIR_ANALOG,IDEALIZED_ANALOG_MAPPING,32,8,255,0,2,4,203264,208,16,3328,93.73,2.5
HfOx_02,10.1088/2634-4386/ac7327,HfOx,5.0,0.6989700043360189,0,0,ANALOG,NOT_REPORTED,normalized_from_ratio,IDEALIZED_SINGLE_PAIR_ANALOG,IDEALIZED_ANALOG_MAPPING,32,7,127,0,2,4,203264,208,16,3328,93.38,2.8500000000000085
HfOx_02,10.1088/2634-4386/ac7327,HfOx,5.0,0.6989700043360189,0,0,ANALOG,NOT_REPORTED,normalized_from_ratio,IDEALIZED_SINGLE_PAIR_ANALOG,IDEALIZED_ANALOG_MAPPING,32,5,31,0,2,4,203264,208,16,3328,93.19,3.0400000000000063
HfOx_02,10.1088/2634-4386/ac7327,HfOx,5.0,0.6989700043360189,0,0,ANALOG,NOT_REPORTED,normalized_from_ratio,IDEALIZED_SINGLE_PAIR_ANALOG,IDEALIZED_ANALOG_MAPPING,128,6,63,0,2,5,203264,16,32,512,93.17,3.0600000000000023
HfOx_02,10.1088/2634-4386/ac7327,HfOx,5.0,0.6989700043360189,0,0,ANALOG,NOT_REPORTED,normalized_from_ratio,IDEALIZED_SINGLE_PAIR_ANALOG,IDEALIZED_ANALOG_MAPPING,32,4,15,0,2,4,203264,208,16,3328,93.13,3.1000000000000085
HfOx_02,10.1088/2634-4386/ac7327,HfOx,5.0,0.6989700043360189,0,0,ANALOG,NOT_REPORTED,normalized_from_ratio,IDEALIZED_SINGLE_PAIR_ANALOG,IDEALIZED_ANALOG_MAPPING,128,8,255,0,2,5,203264,16,32,512,92.98,3.25
HfOx_02,10.1088/2634-4386/ac7327,HfOx,5.0,0.6989700043360189,0,0,ANALOG,NOT_REPORTED,normalized_from_ratio,IDEALIZED_SINGLE_PAIR_ANALOG,IDEALIZED_ANALOG_MAPPING,128,4,15,0,2,5,203264,16,32,512,92.88,3.3500000000000085
HfOx_02,10.1088/2634-4386/ac7327,HfOx,5.0,0.6989700043360189,0,0,ANALOG,NOT_REPORTED,normalized_from_ratio,IDEALIZED_SINGLE_PAIR_ANALOG,IDEALIZED_ANALOG_MAPPING,128,7,127,0,2,5,203264,16,32,512,92.85,3.3800000000000097
HfOx_02,10.1088/2634-4386/ac7327,HfOx,5.0,0.6989700043360189,0,0,ANALOG,NOT_REPORTED,normalized_from_ratio,IDEALIZED_SINGLE_PAIR_ANALOG,IDEALIZED_ANALOG_MAPPING,256,6,63,0,2,5,203264,10,32,320,92.82,3.410000000000011
HfOx_02,10.1088/2634-4386/ac7327,HfOx,5.0,0.6989700043360189,0,0,ANALOG,NOT_REPORTED,normalized_from_ratio,IDEALIZED_SINGLE_PAIR_ANALOG,IDEALIZED_ANALOG_MAPPING,256,7,127,0,2,5,203264,10,32,320,92.7,3.530000000000001
HfOx_02,10.1088/2634-4386/ac7327,HfOx,5.0,0.6989700043360189,0,0,ANALOG,NOT_REPORTED,normalized_from_ratio,IDEALIZED_SINGLE_PAIR_ANALOG,IDEALIZED_ANALOG_MAPPING,256,8,255,0,2,5,203264,10,32,320,92.69,3.5400000000000063
HfOx_02,10.1088/2634-4386/ac7327,HfOx,5.0,0.6989700043360189,0,0,ANALOG,NOT_REPORTED,normalized_from_ratio,IDEALIZED_SINGLE_PAIR_ANALOG,IDEALIZED_ANALOG_MAPPING,256,4,15,0,2,5,203264,10,32,320,92.68,3.549999999999997
HfOx_02,10.1088/2634-4386/ac7327,HfOx,5.0,0.6989700043360189,0,0,ANALOG,NOT_REPORTED,normalized_from_ratio,IDEALIZED_SINGLE_PAIR_ANALOG,IDEALIZED_ANALOG_MAPPING,128,5,31,0,2,5,203264,16,32,512,92.58,3.6500000000000057
HfOx_02,10.1088/2634-4386/ac7327,HfOx,5.0,0.6989700043360189,0,0,ANALOG,NOT_REPORTED,normalized_from_ratio,IDEALIZED_SINGLE_PAIR_ANALOG,IDEALIZED_ANALOG_MAPPING,256,5,31,0,2,5,203264,10,32,320,92.39,3.8400000000000034
HfOx_02,10.1088/2634-4386/ac7327,HfOx,5.0,0.6989700043360189,0,0,ANALOG,NOT_REPORTED,normalized_from_ratio,IDEALIZED_SINGLE_PAIR_ANALOG,IDEALIZED_ANALOG_MAPPING,32,3,7,0,2,7,203264,208,128,26624,92.32,3.910000000000011
HfOx_02,10.1088/2634-4386/ac7327,HfOx,5.0,0.6989700043360189,0,0,ANALOG,NOT_REPORTED,normalized_from_ratio,IDEALIZED_SINGLE_PAIR_ANALOG,IDEALIZED_ANALOG_MAPPING,128,3,7,0,2,9,203264,16,512,8192,92.3,3.930000000000007
HfOx_02,10.1088/2634-4386/ac7327,HfOx,5.0,0.6989700043360189,0,0,ANALOG,NOT_REPORTED,normalized_from_ratio,IDEALIZED_SINGLE_PAIR_ANALOG,IDEALIZED_ANALOG_MAPPING,256,3,7,0,2,8,203264,10,256,2560,92.3,3.930000000000007
HfOx_02,10.1088/2634-4386/ac7327,HfOx,5.0,0.6989700043360189,0,0,ANALOG,NOT_REPORTED,normalized_from_ratio,IDEALIZED_SINGLE_PAIR_ANALOG,IDEALIZED_ANALOG_MAPPING,256,3,7,0,2,10,203264,10,1024,10240,92.29,3.9399999999999977
HfOx_02,10.1088/2634-4386/ac7327,HfOx,5.0,0.6989700043360189,0,0,ANALOG,NOT_REPORTED,normalized_from_ratio,IDEALIZED_SINGLE_PAIR_ANALOG,IDEALIZED_ANALOG_MAPPING,32,3,7,0,2,9,203264,208,512,106496,92.29,3.9399999999999977
HfOx_02,10.1088/2634-4386/ac7327,HfOx,5.0,0.6989700043360189,0,0,ANALOG,NOT_REPORTED,normalized_from_ratio,IDEALIZED_SINGLE_PAIR_ANALOG,IDEALIZED_ANALOG_MAPPING,64,3,7,0,2,8,203264,56,256,14336,92.26,3.969999999999999
HfOx_02,10.1088/2634-4386/ac7327,HfOx,5.0,0.6989700043360189,0,0,ANALOG,NOT_REPORTED,normalized_from_ratio,IDEALIZED_SINGLE_PAIR_ANALOG,IDEALIZED_ANALOG_MAPPING,256,3,7,0,2,9,203264,10,512,5120,92.26,3.969999999999999
HfOx_02,10.1088/2634-4386/ac7327,HfOx,5.0,0.6989700043360189,0,0,ANALOG,NOT_REPORTED,normalized_from_ratio,IDEALIZED_SINGLE_PAIR_ANALOG,IDEALIZED_ANALOG_MAPPING,128,3,7,0,2,7,203264,16,128,2048,92.26,3.969999999999999
HfOx_02,10.1088/2634-4386/ac7327,HfOx,5.0,0.6989700043360189,0,0,ANALOG,NOT_REPORTED,normalized_from_ratio,IDEALIZED_SINGLE_PAIR_ANALOG,IDEALIZED_ANALOG_MAPPING,32,3,7,0,2,8,203264,208,256,53248,92.24,3.990000000000009
HfOx_02,10.1088/2634-4386/ac7327,HfOx,5.0,0.6989700043360189,0,0,ANALOG,NOT_REPORTED,normalized_from_ratio,IDEALIZED_SINGLE_PAIR_ANALOG,IDEALIZED_ANALOG_MAPPING,16,3,7,0,2,9,203264,800,512,409600,92.24,3.990000000000009
HfOx_02,10.1088/2634-4386/ac7327,HfOx,5.0,0.6989700043360189,0,0,ANALOG,NOT_REPORTED,normalized_from_ratio,IDEALIZED_SINGLE_PAIR_ANALOG,IDEALIZED_ANALOG_MAPPING,32,3,7,0,2,10,203264,208,1024,212992,92.23,4.0
HfOx_02,10.1088/2634-4386/ac7327,HfOx,5.0,0.6989700043360189,0,0,ANALOG,NOT_REPORTED,normalized_from_ratio,IDEALIZED_SINGLE_PAIR_ANALOG,IDEALIZED_ANALOG_MAPPING,64,3,7,0,2,10,203264,56,1024,57344,92.23,4.0
HfOx_02,10.1088/2634-4386/ac7327,HfOx,5.0,0.6989700043360189,0,0,ANALOG,NOT_REPORTED,normalized_from_ratio,IDEALIZED_SINGLE_PAIR_ANALOG,IDEALIZED_ANALOG_MAPPING,128,3,7,0,2,8,203264,16,256,4096,92.22,4.010000000000005
HfOx_02,10.1088/2634-4386/ac7327,HfOx,5.0,0.6989700043360189,0,0,ANALOG,NOT_REPORTED,normalized_from_ratio,IDEALIZED_SINGLE_PAIR_ANALOG,IDEALIZED_ANALOG_MAPPING,128,3,7,0,2,10,203264,16,1024,16384,92.22,4.010000000000005
HfOx_02,10.1088/2634-4386/ac7327,HfOx,5.0,0.6989700043360189,0,0,ANALOG,NOT_REPORTED,normalized_from_ratio,IDEALIZED_SINGLE_PAIR_ANALOG,IDEALIZED_ANALOG_MAPPING,64,3,7,0,2,9,203264,56,512,28672,92.21,4.02000000000001
HfOx_02,10.1088/2634-4386/ac7327,HfOx,5.0,0.6989700043360189,0,0,ANALOG,NOT_REPORTED,normalized_from_ratio,IDEALIZED_SINGLE_PAIR_ANALOG,IDEALIZED_ANALOG_MAPPING,16,3,7,0,2,7,203264,800,128,102400,92.19,4.040000000000006
HfOx_02,10.1088/2634-4386/ac7327,HfOx,5.0,0.6989700043360189,0,0,ANALOG,NOT_REPORTED,normalized_from_ratio,IDEALIZED_SINGLE_PAIR_ANALOG,IDEALIZED_ANALOG_MAPPING,16,3,7,0,2,10,203264,800,1024,819200,92.18,4.049999999999997
HfOx_02,10.1088/2634-4386/ac7327,HfOx,5.0,0.6989700043360189,0,0,ANALOG,NOT_REPORTED,normalized_from_ratio,IDEALIZED_SINGLE_PAIR_ANALOG,IDEALIZED_ANALOG_MAPPING,16,3,7,0,2,8,203264,800,256,204800,92.18,4.049999999999997
HfOx_02,10.1088/2634-4386/ac7327,HfOx,5.0,0.6989700043360189,0,0,ANALOG,NOT_REPORTED,normalized_from_ratio,IDEALIZED_SINGLE_PAIR_ANALOG,IDEALIZED_ANALOG_MAPPING,256,3,7,0,2,7,203264,10,128,1280,92.14,4.090000000000003
HfOx_02,10.1088/2634-4386/ac7327,HfOx,5.0,0.6989700043360189,0,0,ANALOG,NOT_REPORTED,normalized_from_ratio,IDEALIZED_SINGLE_PAIR_ANALOG,IDEALIZED_ANALOG_MAPPING,64,3,7,0,2,7,203264,56,128,7168,92.12,4.109999999999999
HfOx_02,10.1088/2634-4386/ac7327,HfOx,5.0,0.6989700043360189,0,0,ANALOG,NOT_REPORTED,normalized_from_ratio,IDEALIZED_SINGLE_PAIR_ANALOG,IDEALIZED_ANALOG_MAPPING,16,3,7,0,2,6,203264,800,64,51200,92.1,4.13000000000001
HfOx_02,10.1088/2634-4386/ac7327,HfOx,5.0,0.6989700043360189,0,0,ANALOG,NOT_REPORTED,normalized_from_ratio,IDEALIZED_SINGLE_PAIR_ANALOG,IDEALIZED_ANALOG_MAPPING,32,3,7,0,2,6,203264,208,64,13312,91.7,4.530000000000001
HfOx_02,10.1088/2634-4386/ac7327,HfOx,5.0,0.6989700043360189,0,0,ANALOG,NOT_REPORTED,normalized_from_ratio,IDEALIZED_SINGLE_PAIR_ANALOG,IDEALIZED_ANALOG_MAPPING,16,3,7,0,2,5,203264,800,32,25600,91.47,4.760000000000005
HfOx_02,10.1088/2634-4386/ac7327,HfOx,5.0,0.6989700043360189,0,0,ANALOG,NOT_REPORTED,normalized_from_ratio,IDEALIZED_SINGLE_PAIR_ANALOG,IDEALIZED_ANALOG_MAPPING,64,3,7,0,2,6,203264,56,64,3584,91.28,4.950000000000003
HfOx_02,10.1088/2634-4386/ac7327,HfOx,5.0,0.6989700043360189,0,0,ANALOG,NOT_REPORTED,normalized_from_ratio,IDEALIZED_SINGLE_PAIR_ANALOG,IDEALIZED_ANALOG_MAPPING,32,3,7,0,2,5,203264,208,32,6656,91.07,5.160000000000011
HfOx_02,10.1088/2634-4386/ac7327,HfOx,5.0,0.6989700043360189,0,0,ANALOG,NOT_REPORTED,normalized_from_ratio,IDEALIZED_SINGLE_PAIR_ANALOG,IDEALIZED_ANALOG_MAPPING,128,3,7,0,2,6,203264,16,64,1024,91.05,5.180000000000007
HfOx_02,10.1088/2634-4386/ac7327,HfOx,5.0,0.6989700043360189,0,0,ANALOG,NOT_REPORTED,normalized_from_ratio,IDEALIZED_SINGLE_PAIR_ANALOG,IDEALIZED_ANALOG_MAPPING,256,3,7,0,2,6,203264,10,64,640,91.04,5.189999999999998
HfOx_02,10.1088/2634-4386/ac7327,HfOx,5.0,0.6989700043360189,0,0,ANALOG,NOT_REPORTED,normalized_from_ratio,IDEALIZED_SINGLE_PAIR_ANALOG,IDEALIZED_ANALOG_MAPPING,64,3,7,0,2,5,203264,56,32,1792,90.47,5.760000000000005
HfOx_02,10.1088/2634-4386/ac7327,HfOx,5.0,0.6989700043360189,0,0,ANALOG,NOT_REPORTED,normalized_from_ratio,IDEALIZED_SINGLE_PAIR_ANALOG,IDEALIZED_ANALOG_MAPPING,16,3,7,0,2,4,203264,800,16,12800,90.31,5.920000000000002
HfOx_02,10.1088/2634-4386/ac7327,HfOx,5.0,0.6989700043360189,0,0,ANALOG,NOT_REPORTED,normalized_from_ratio,IDEALIZED_SINGLE_PAIR_ANALOG,IDEALIZED_ANALOG_MAPPING,128,3,7,0,2,5,203264,16,32,512,89.21,7.02000000000001
HfOx_02,10.1088/2634-4386/ac7327,HfOx,5.0,0.6989700043360189,0,0,ANALOG,NOT_REPORTED,normalized_from_ratio,IDEALIZED_SINGLE_PAIR_ANALOG,IDEALIZED_ANALOG_MAPPING,64,6,63,0,2,4,203264,56,16,896,88.78,7.450000000000003
HfOx_02,10.1088/2634-4386/ac7327,HfOx,5.0,0.6989700043360189,0,0,ANALOG,NOT_REPORTED,normalized_from_ratio,IDEALIZED_SINGLE_PAIR_ANALOG,IDEALIZED_ANALOG_MAPPING,64,8,255,0,2,4,203264,56,16,896,88.69,7.540000000000006
HfOx_02,10.1088/2634-4386/ac7327,HfOx,5.0,0.6989700043360189,0,0,ANALOG,NOT_REPORTED,normalized_from_ratio,IDEALIZED_SINGLE_PAIR_ANALOG,IDEALIZED_ANALOG_MAPPING,64,4,15,0,2,4,203264,56,16,896,88.25,7.980000000000004
HfOx_02,10.1088/2634-4386/ac7327,HfOx,5.0,0.6989700043360189,0,0,ANALOG,NOT_REPORTED,normalized_from_ratio,IDEALIZED_SINGLE_PAIR_ANALOG,IDEALIZED_ANALOG_MAPPING,32,3,7,0,2,4,203264,208,16,3328,88.19,8.040000000000006
HfOx_02,10.1088/2634-4386/ac7327,HfOx,5.0,0.6989700043360189,0,0,ANALOG,NOT_REPORTED,normalized_from_ratio,IDEALIZED_SINGLE_PAIR_ANALOG,IDEALIZED_ANALOG_MAPPING,64,5,31,0,2,4,203264,56,16,896,88.14,8.090000000000003
HfOx_02,10.1088/2634-4386/ac7327,HfOx,5.0,0.6989700043360189,0,0,ANALOG,NOT_REPORTED,normalized_from_ratio,IDEALIZED_SINGLE_PAIR_ANALOG,IDEALIZED_ANALOG_MAPPING,64,7,127,0,2,4,203264,56,16,896,88.12,8.11
HfOx_02,10.1088/2634-4386/ac7327,HfOx,5.0,0.6989700043360189,0,0,ANALOG,NOT_REPORTED,normalized_from_ratio,IDEALIZED_SINGLE_PAIR_ANALOG,IDEALIZED_ANALOG_MAPPING,256,3,7,0,2,5,203264,10,32,320,87.92,8.310000000000002
HfOx_02,10.1088/2634-4386/ac7327,HfOx,5.0,0.6989700043360189,0,0,ANALOG,NOT_REPORTED,normalized_from_ratio,IDEALIZED_SINGLE_PAIR_ANALOG,IDEALIZED_ANALOG_MAPPING,64,3,7,0,2,4,203264,56,16,896,84.46,11.77000000000001
HfOx_02,10.1088/2634-4386/ac7327,HfOx,5.0,0.6989700043360189,0,0,ANALOG,NOT_REPORTED,normalized_from_ratio,IDEALIZED_SINGLE_PAIR_ANALOG,IDEALIZED_ANALOG_MAPPING,128,4,15,0,2,4,203264,16,16,256,79.93,16.299999999999997
HfOx_02,10.1088/2634-4386/ac7327,HfOx,5.0,0.6989700043360189,0,0,ANALOG,NOT_REPORTED,normalized_from_ratio,IDEALIZED_SINGLE_PAIR_ANALOG,IDEALIZED_ANALOG_MAPPING,128,3,7,0,2,4,203264,16,16,256,79.72,16.510000000000005
HfOx_02,10.1088/2634-4386/ac7327,HfOx,5.0,0.6989700043360189,0,0,ANALOG,NOT_REPORTED,normalized_from_ratio,IDEALIZED_SINGLE_PAIR_ANALOG,IDEALIZED_ANALOG_MAPPING,128,6,63,0,2,4,203264,16,16,256,79.07,17.16000000000001
HfOx_02,10.1088/2634-4386/ac7327,HfOx,5.0,0.6989700043360189,0,0,ANALOG,NOT_REPORTED,normalized_from_ratio,IDEALIZED_SINGLE_PAIR_ANALOG,IDEALIZED_ANALOG_MAPPING,128,8,255,0,2,4,203264,16,16,256,78.84,17.39
HfOx_02,10.1088/2634-4386/ac7327,HfOx,5.0,0.6989700043360189,0,0,ANALOG,NOT_REPORTED,normalized_from_ratio,IDEALIZED_SINGLE_PAIR_ANALOG,IDEALIZED_ANALOG_MAPPING,128,7,127,0,2,4,203264,16,16,256,78.78,17.450000000000003
HfOx_02,10.1088/2634-4386/ac7327,HfOx,5.0,0.6989700043360189,0,0,ANALOG,NOT_REPORTED,normalized_from_ratio,IDEALIZED_SINGLE_PAIR_ANALOG,IDEALIZED_ANALOG_MAPPING,128,5,31,0,2,4,203264,16,16,256,78.28,17.950000000000003
HfOx_02,10.1088/2634-4386/ac7327,HfOx,5.0,0.6989700043360189,0,0,ANALOG,NOT_REPORTED,normalized_from_ratio,IDEALIZED_SINGLE_PAIR_ANALOG,IDEALIZED_ANALOG_MAPPING,256,3,7,0,2,4,203264,10,16,160,77.12,19.11
HfOx_02,10.1088/2634-4386/ac7327,HfOx,5.0,0.6989700043360189,0,0,ANALOG,NOT_REPORTED,normalized_from_ratio,IDEALIZED_SINGLE_PAIR_ANALOG,IDEALIZED_ANALOG_MAPPING,256,4,15,0,2,4,203264,10,16,160,76.78,19.450000000000003
HfOx_02,10.1088/2634-4386/ac7327,HfOx,5.0,0.6989700043360189,0,0,ANALOG,NOT_REPORTED,normalized_from_ratio,IDEALIZED_SINGLE_PAIR_ANALOG,IDEALIZED_ANALOG_MAPPING,256,6,63,0,2,4,203264,10,16,160,76.45,19.78
HfOx_02,10.1088/2634-4386/ac7327,HfOx,5.0,0.6989700043360189,0,0,ANALOG,NOT_REPORTED,normalized_from_ratio,IDEALIZED_SINGLE_PAIR_ANALOG,IDEALIZED_ANALOG_MAPPING,256,7,127,0,2,4,203264,10,16,160,76.35,19.88000000000001
HfOx_02,10.1088/2634-4386/ac7327,HfOx,5.0,0.6989700043360189,0,0,ANALOG,NOT_REPORTED,normalized_from_ratio,IDEALIZED_SINGLE_PAIR_ANALOG,IDEALIZED_ANALOG_MAPPING,256,5,31,0,2,4,203264,10,16,160,76.04,20.19
HfOx_02,10.1088/2634-4386/ac7327,HfOx,5.0,0.6989700043360189,0,0,ANALOG,NOT_REPORTED,normalized_from_ratio,IDEALIZED_SINGLE_PAIR_ANALOG,IDEALIZED_ANALOG_MAPPING,256,8,255,0,2,4,203264,10,16,160,76.02,20.210000000000008
HfOx_02,10.1088/2634-4386/ac7327,HfOx,5.0,0.6989700043360189,0,0,ANALOG,NOT_REPORTED,normalized_from_ratio,IDEALIZED_SINGLE_PAIR_ANALOG,IDEALIZED_ANALOG_MAPPING,128,2,3,0,2,5,203264,16,32,512,12.18,84.05000000000001
HfOx_02,10.1088/2634-4386/ac7327,HfOx,5.0,0.6989700043360189,0,0,ANALOG,NOT_REPORTED,normalized_from_ratio,IDEALIZED_SINGLE_PAIR_ANALOG,IDEALIZED_ANALOG_MAPPING,256,2,3,0,2,5,203264,10,32,320,12.12,84.11
HfOx_02,10.1088/2634-4386/ac7327,HfOx,5.0,0.6989700043360189,0,0,ANALOG,NOT_REPORTED,normalized_from_ratio,IDEALIZED_SINGLE_PAIR_ANALOG,IDEALIZED_ANALOG_MAPPING,32,2,3,0,2,4,203264,208,16,3328,11.88,84.35000000000001
HfOx_02,10.1088/2634-4386/ac7327,HfOx,5.0,0.6989700043360189,0,0,ANALOG,NOT_REPORTED,normalized_from_ratio,IDEALIZED_SINGLE_PAIR_ANALOG,IDEALIZED_ANALOG_MAPPING,32,2,3,0,2,5,203264,208,32,6656,11.77,84.46000000000001
HfOx_02,10.1088/2634-4386/ac7327,HfOx,5.0,0.6989700043360189,0,0,ANALOG,NOT_REPORTED,normalized_from_ratio,IDEALIZED_SINGLE_PAIR_ANALOG,IDEALIZED_ANALOG_MAPPING,16,2,3,0,2,4,203264,800,16,12800,11.58,84.65
HfOx_02,10.1088/2634-4386/ac7327,HfOx,5.0,0.6989700043360189,0,0,ANALOG,NOT_REPORTED,normalized_from_ratio,IDEALIZED_SINGLE_PAIR_ANALOG,IDEALIZED_ANALOG_MAPPING,16,2,3,0,2,5,203264,800,32,25600,11.58,84.65
HfOx_02,10.1088/2634-4386/ac7327,HfOx,5.0,0.6989700043360189,0,0,ANALOG,NOT_REPORTED,normalized_from_ratio,IDEALIZED_SINGLE_PAIR_ANALOG,IDEALIZED_ANALOG_MAPPING,256,2,3,0,2,7,203264,10,128,1280,11.57,84.66
HfOx_02,10.1088/2634-4386/ac7327,HfOx,5.0,0.6989700043360189,0,0,ANALOG,NOT_REPORTED,normalized_from_ratio,IDEALIZED_SINGLE_PAIR_ANALOG,IDEALIZED_ANALOG_MAPPING,128,2,3,0,2,7,203264,16,128,2048,11.57,84.66
HfOx_02,10.1088/2634-4386/ac7327,HfOx,5.0,0.6989700043360189,0,0,ANALOG,NOT_REPORTED,normalized_from_ratio,IDEALIZED_SINGLE_PAIR_ANALOG,IDEALIZED_ANALOG_MAPPING,64,2,3,0,2,5,203264,56,32,1792,11.52,84.71000000000001
HfOx_02,10.1088/2634-4386/ac7327,HfOx,5.0,0.6989700043360189,0,0,ANALOG,NOT_REPORTED,normalized_from_ratio,IDEALIZED_SINGLE_PAIR_ANALOG,IDEALIZED_ANALOG_MAPPING,32,2,3,0,2,7,203264,208,128,26624,11.5,84.73
HfOx_02,10.1088/2634-4386/ac7327,HfOx,5.0,0.6989700043360189,0,0,ANALOG,NOT_REPORTED,normalized_from_ratio,IDEALIZED_SINGLE_PAIR_ANALOG,IDEALIZED_ANALOG_MAPPING,256,2,3,0,2,9,203264,10,512,5120,11.45,84.78
HfOx_02,10.1088/2634-4386/ac7327,HfOx,5.0,0.6989700043360189,0,0,ANALOG,NOT_REPORTED,normalized_from_ratio,IDEALIZED_SINGLE_PAIR_ANALOG,IDEALIZED_ANALOG_MAPPING,16,2,3,0,2,7,203264,800,128,102400,11.42,84.81
HfOx_02,10.1088/2634-4386/ac7327,HfOx,5.0,0.6989700043360189,0,0,ANALOG,NOT_REPORTED,normalized_from_ratio,IDEALIZED_SINGLE_PAIR_ANALOG,IDEALIZED_ANALOG_MAPPING,16,2,3,0,2,9,203264,800,512,409600,11.42,84.81
HfOx_02,10.1088/2634-4386/ac7327,HfOx,5.0,0.6989700043360189,0,0,ANALOG,NOT_REPORTED,normalized_from_ratio,IDEALIZED_SINGLE_PAIR_ANALOG,IDEALIZED_ANALOG_MAPPING,16,2,3,0,2,6,203264,800,64,51200,11.39,84.84
HfOx_02,10.1088/2634-4386/ac7327,HfOx,5.0,0.6989700043360189,0,0,ANALOG,NOT_REPORTED,normalized_from_ratio,IDEALIZED_SINGLE_PAIR_ANALOG,IDEALIZED_ANALOG_MAPPING,32,2,3,0,2,9,203264,208,512,106496,11.39,84.84
HfOx_02,10.1088/2634-4386/ac7327,HfOx,5.0,0.6989700043360189,0,0,ANALOG,NOT_REPORTED,normalized_from_ratio,IDEALIZED_SINGLE_PAIR_ANALOG,IDEALIZED_ANALOG_MAPPING,128,2,3,0,2,9,203264,16,512,8192,11.39,84.84
HfOx_02,10.1088/2634-4386/ac7327,HfOx,5.0,0.6989700043360189,0,0,ANALOG,NOT_REPORTED,normalized_from_ratio,IDEALIZED_SINGLE_PAIR_ANALOG,IDEALIZED_ANALOG_MAPPING,16,2,3,0,2,10,203264,800,1024,819200,11.38,84.85000000000001
HfOx_02,10.1088/2634-4386/ac7327,HfOx,5.0,0.6989700043360189,0,0,ANALOG,NOT_REPORTED,normalized_from_ratio,IDEALIZED_SINGLE_PAIR_ANALOG,IDEALIZED_ANALOG_MAPPING,16,2,3,0,2,8,203264,800,256,204800,11.36,84.87
HfOx_02,10.1088/2634-4386/ac7327,HfOx,5.0,0.6989700043360189,0,0,ANALOG,NOT_REPORTED,normalized_from_ratio,IDEALIZED_SINGLE_PAIR_ANALOG,IDEALIZED_ANALOG_MAPPING,64,2,3,0,2,7,203264,56,128,7168,11.36,84.87
HfOx_02,10.1088/2634-4386/ac7327,HfOx,5.0,0.6989700043360189,0,0,ANALOG,NOT_REPORTED,normalized_from_ratio,IDEALIZED_SINGLE_PAIR_ANALOG,IDEALIZED_ANALOG_MAPPING,64,2,3,0,2,9,203264,56,512,28672,11.32,84.91
HfOx_02,10.1088/2634-4386/ac7327,HfOx,5.0,0.6989700043360189,0,0,ANALOG,NOT_REPORTED,normalized_from_ratio,IDEALIZED_SINGLE_PAIR_ANALOG,IDEALIZED_ANALOG_MAPPING,64,2,3,0,2,4,203264,56,16,896,11.3,84.93
HfOx_02,10.1088/2634-4386/ac7327,HfOx,5.0,0.6989700043360189,0,0,ANALOG,NOT_REPORTED,normalized_from_ratio,IDEALIZED_SINGLE_PAIR_ANALOG,IDEALIZED_ANALOG_MAPPING,256,2,3,0,2,10,203264,10,1024,10240,11.26,84.97
HfOx_02,10.1088/2634-4386/ac7327,HfOx,5.0,0.6989700043360189,0,0,ANALOG,NOT_REPORTED,normalized_from_ratio,IDEALIZED_SINGLE_PAIR_ANALOG,IDEALIZED_ANALOG_MAPPING,128,2,3,0,2,10,203264,16,1024,16384,11.26,84.97
HfOx_02,10.1088/2634-4386/ac7327,HfOx,5.0,0.6989700043360189,0,0,ANALOG,NOT_REPORTED,normalized_from_ratio,IDEALIZED_SINGLE_PAIR_ANALOG,IDEALIZED_ANALOG_MAPPING,128,2,3,0,2,8,203264,16,256,4096,11.26,84.97
HfOx_02,10.1088/2634-4386/ac7327,HfOx,5.0,0.6989700043360189,0,0,ANALOG,NOT_REPORTED,normalized_from_ratio,IDEALIZED_SINGLE_PAIR_ANALOG,IDEALIZED_ANALOG_MAPPING,32,2,3,0,2,8,203264,208,256,53248,11.2,85.03
HfOx_02,10.1088/2634-4386/ac7327,HfOx,5.0,0.6989700043360189,0,0,ANALOG,NOT_REPORTED,normalized_from_ratio,IDEALIZED_SINGLE_PAIR_ANALOG,IDEALIZED_ANALOG_MAPPING,64,2,3,0,2,10,203264,56,1024,57344,11.19,85.04
HfOx_02,10.1088/2634-4386/ac7327,HfOx,5.0,0.6989700043360189,0,0,ANALOG,NOT_REPORTED,normalized_from_ratio,IDEALIZED_SINGLE_PAIR_ANALOG,IDEALIZED_ANALOG_MAPPING,256,2,3,0,2,8,203264,10,256,2560,11.18,85.05000000000001
HfOx_02,10.1088/2634-4386/ac7327,HfOx,5.0,0.6989700043360189,0,0,ANALOG,NOT_REPORTED,normalized_from_ratio,IDEALIZED_SINGLE_PAIR_ANALOG,IDEALIZED_ANALOG_MAPPING,32,2,3,0,2,10,203264,208,1024,212992,11.17,85.06
HfOx_02,10.1088/2634-4386/ac7327,HfOx,5.0,0.6989700043360189,0,0,ANALOG,NOT_REPORTED,normalized_from_ratio,IDEALIZED_SINGLE_PAIR_ANALOG,IDEALIZED_ANALOG_MAPPING,128,2,3,0,2,6,203264,16,64,1024,11.15,85.08
HfOx_02,10.1088/2634-4386/ac7327,HfOx,5.0,0.6989700043360189,0,0,ANALOG,NOT_REPORTED,normalized_from_ratio,IDEALIZED_SINGLE_PAIR_ANALOG,IDEALIZED_ANALOG_MAPPING,64,2,3,0,2,8,203264,56,256,14336,11.13,85.10000000000001
HfOx_02,10.1088/2634-4386/ac7327,HfOx,5.0,0.6989700043360189,0,0,ANALOG,NOT_REPORTED,normalized_from_ratio,IDEALIZED_SINGLE_PAIR_ANALOG,IDEALIZED_ANALOG_MAPPING,256,2,3,0,2,6,203264,10,64,640,11.03,85.2
HfOx_02,10.1088/2634-4386/ac7327,HfOx,5.0,0.6989700043360189,0,0,ANALOG,NOT_REPORTED,normalized_from_ratio,IDEALIZED_SINGLE_PAIR_ANALOG,IDEALIZED_ANALOG_MAPPING,32,2,3,0,2,6,203264,208,64,13312,11.01,85.22
HfOx_02,10.1088/2634-4386/ac7327,HfOx,5.0,0.6989700043360189,0,0,ANALOG,NOT_REPORTED,normalized_from_ratio,IDEALIZED_SINGLE_PAIR_ANALOG,IDEALIZED_ANALOG_MAPPING,128,2,3,0,2,4,203264,16,16,256,10.87,85.36
HfOx_02,10.1088/2634-4386/ac7327,HfOx,5.0,0.6989700043360189,0,0,ANALOG,NOT_REPORTED,normalized_from_ratio,IDEALIZED_SINGLE_PAIR_ANALOG,IDEALIZED_ANALOG_MAPPING,64,2,3,0,2,6,203264,56,64,3584,10.81,85.42
HfOx_02,10.1088/2634-4386/ac7327,HfOx,5.0,0.6989700043360189,0,0,ANALOG,NOT_REPORTED,normalized_from_ratio,IDEALIZED_SINGLE_PAIR_ANALOG,IDEALIZED_ANALOG_MAPPING,256,2,3,0,2,4,203264,10,16,160,9.87,86.36
HfZrOx_01,10.1002/pssr.202000524,HfZrOx,2.0,0.3010299956639812,0,0,ANALOG,NOT_REPORTED,normalized_from_ratio,IDEALIZED_SINGLE_PAIR_ANALOG,IDEALIZED_ANALOG_MAPPING,16,6,63,0,2,10,203264,800,1024,819200,96.34,-0.1099999999999994
HfZrOx_01,10.1002/pssr.202000524,HfZrOx,2.0,0.3010299956639812,0,0,ANALOG,NOT_REPORTED,normalized_from_ratio,IDEALIZED_SINGLE_PAIR_ANALOG,IDEALIZED_ANALOG_MAPPING,64,6,63,0,2,10,203264,56,1024,57344,96.3,-0.0699999999999931
HfZrOx_01,10.1002/pssr.202000524,HfZrOx,2.0,0.3010299956639812,0,0,ANALOG,NOT_REPORTED,normalized_from_ratio,IDEALIZED_SINGLE_PAIR_ANALOG,IDEALIZED_ANALOG_MAPPING,64,6,63,0,2,9,203264,56,512,28672,96.29,-0.0600000000000022
HfZrOx_01,10.1002/pssr.202000524,HfZrOx,2.0,0.3010299956639812,0,0,ANALOG,NOT_REPORTED,normalized_from_ratio,IDEALIZED_SINGLE_PAIR_ANALOG,IDEALIZED_ANALOG_MAPPING,32,8,255,0,2,10,203264,208,1024,212992,96.27,-0.039999999999992
HfZrOx_01,10.1002/pssr.202000524,HfZrOx,2.0,0.3010299956639812,0,0,ANALOG,NOT_REPORTED,normalized_from_ratio,IDEALIZED_SINGLE_PAIR_ANALOG,IDEALIZED_ANALOG_MAPPING,32,6,63,0,2,9,203264,208,512,106496,96.26,-0.0300000000000011
HfZrOx_01,10.1002/pssr.202000524,HfZrOx,2.0,0.3010299956639812,0,0,ANALOG,NOT_REPORTED,normalized_from_ratio,IDEALIZED_SINGLE_PAIR_ANALOG,IDEALIZED_ANALOG_MAPPING,128,6,63,0,2,9,203264,16,512,8192,96.26,-0.0300000000000011
HfZrOx_01,10.1002/pssr.202000524,HfZrOx,2.0,0.3010299956639812,0,0,ANALOG,NOT_REPORTED,normalized_from_ratio,IDEALIZED_SINGLE_PAIR_ANALOG,IDEALIZED_ANALOG_MAPPING,256,6,63,0,2,10,203264,10,1024,10240,96.25,-0.019999999999996
HfZrOx_01,10.1002/pssr.202000524,HfZrOx,2.0,0.3010299956639812,0,0,ANALOG,NOT_REPORTED,normalized_from_ratio,IDEALIZED_SINGLE_PAIR_ANALOG,IDEALIZED_ANALOG_MAPPING,32,6,63,0,2,10,203264,208,1024,212992,96.25,-0.019999999999996
HfZrOx_01,10.1002/pssr.202000524,HfZrOx,2.0,0.3010299956639812,0,0,ANALOG,NOT_REPORTED,normalized_from_ratio,IDEALIZED_SINGLE_PAIR_ANALOG,IDEALIZED_ANALOG_MAPPING,32,7,127,0,2,9,203264,208,512,106496,96.25,-0.019999999999996
HfZrOx_01,10.1002/pssr.202000524,HfZrOx,2.0,0.3010299956639812,0,0,ANALOG,NOT_REPORTED,normalized_from_ratio,IDEALIZED_SINGLE_PAIR_ANALOG,IDEALIZED_ANALOG_MAPPING,16,8,255,0,2,10,203264,800,1024,819200,96.24,-0.0099999999999909
HfZrOx_01,10.1002/pssr.202000524,HfZrOx,2.0,0.3010299956639812,0,0,ANALOG,NOT_REPORTED,normalized_from_ratio,IDEALIZED_SINGLE_PAIR_ANALOG,IDEALIZED_ANALOG_MAPPING,32,6,63,0,2,7,203264,208,128,26624,96.24,-0.0099999999999909
HfZrOx_01,10.1002/pssr.202000524,HfZrOx,2.0,0.3010299956639812,0,0,ANALOG,NOT_REPORTED,normalized_from_ratio,IDEALIZED_SINGLE_PAIR_ANALOG,IDEALIZED_ANALOG_MAPPING,32,6,63,0,2,8,203264,208,256,53248,96.24,-0.0099999999999909
HfZrOx_01,10.1002/pssr.202000524,HfZrOx,2.0,0.3010299956639812,0,0,ANALOG,NOT_REPORTED,normalized_from_ratio,IDEALIZED_SINGLE_PAIR_ANALOG,IDEALIZED_ANALOG_MAPPING,128,6,63,0,2,8,203264,16,256,4096,96.24,-0.0099999999999909
HfZrOx_01,10.1002/pssr.202000524,HfZrOx,2.0,0.3010299956639812,0,0,ANALOG,NOT_REPORTED,normalized_from_ratio,IDEALIZED_SINGLE_PAIR_ANALOG,IDEALIZED_ANALOG_MAPPING,64,8,255,0,2,10,203264,56,1024,57344,96.24,-0.0099999999999909
HfZrOx_01,10.1002/pssr.202000524,HfZrOx,2.0,0.3010299956639812,0,0,ANALOG,NOT_REPORTED,normalized_from_ratio,IDEALIZED_SINGLE_PAIR_ANALOG,IDEALIZED_ANALOG_MAPPING,128,7,127,0,2,9,203264,16,512,8192,96.24,-0.0099999999999909
HfZrOx_01,10.1002/pssr.202000524,HfZrOx,2.0,0.3010299956639812,0,0,ANALOG,NOT_REPORTED,normalized_from_ratio,IDEALIZED_SINGLE_PAIR_ANALOG,IDEALIZED_ANALOG_MAPPING,64,7,127,0,2,9,203264,56,512,28672,96.24,-0.0099999999999909
HfZrOx_01,10.1002/pssr.202000524,HfZrOx,2.0,0.3010299956639812,0,0,ANALOG,NOT_REPORTED,normalized_from_ratio,IDEALIZED_SINGLE_PAIR_ANALOG,IDEALIZED_ANALOG_MAPPING,128,7,127,0,2,8,203264,16,256,4096,96.24,-0.0099999999999909
HfZrOx_01,10.1002/pssr.202000524,HfZrOx,2.0,0.3010299956639812,0,0,ANALOG,NOT_REPORTED,normalized_from_ratio,IDEALIZED_SINGLE_PAIR_ANALOG,IDEALIZED_ANALOG_MAPPING,256,7,127,0,2,9,203264,10,512,5120,96.24,-0.0099999999999909
HfZrOx_01,10.1002/pssr.202000524,HfZrOx,2.0,0.3010299956639812,0,0,ANALOG,NOT_REPORTED,normalized_from_ratio,IDEALIZED_SINGLE_PAIR_ANALOG,IDEALIZED_ANALOG_MAPPING,256,7,127,0,2,8,203264,10,256,2560,96.24,-0.0099999999999909
HfZrOx_01,10.1002/pssr.202000524,HfZrOx,2.0,0.3010299956639812,0,0,ANALOG,NOT_REPORTED,normalized_from_ratio,IDEALIZED_SINGLE_PAIR_ANALOG,IDEALIZED_ANALOG_MAPPING,128,8,255,0,2,8,203264,16,256,4096,96.24,-0.0099999999999909
HfZrOx_01,10.1002/pssr.202000524,HfZrOx,2.0,0.3010299956639812,0,0,ANALOG,NOT_REPORTED,normalized_from_ratio,IDEALIZED_SINGLE_PAIR_ANALOG,IDEALIZED_ANALOG_MAPPING,32,7,127,0,2,10,203264,208,1024,212992,96.23,0.0
HfZrOx_01,10.1002/pssr.202000524,HfZrOx,2.0,0.3010299956639812,0,0,ANALOG,NOT_REPORTED,normalized_from_ratio,IDEALIZED_SINGLE_PAIR_ANALOG,IDEALIZED_ANALOG_MAPPING,32,8,255,0,2,9,203264,208,512,106496,96.23,0.0
HfZrOx_01,10.1002/pssr.202000524,HfZrOx,2.0,0.3010299956639812,0,0,ANALOG,NOT_REPORTED,normalized_from_ratio,IDEALIZED_SINGLE_PAIR_ANALOG,IDEALIZED_ANALOG_MAPPING,16,6,63,0,2,9,203264,800,512,409600,96.23,0.0
HfZrOx_01,10.1002/pssr.202000524,HfZrOx,2.0,0.3010299956639812,0,0,ANALOG,NOT_REPORTED,normalized_from_ratio,IDEALIZED_SINGLE_PAIR_ANALOG,IDEALIZED_ANALOG_MAPPING,256,6,63,0,2,9,203264,10,512,5120,96.23,0.0
HfZrOx_01,10.1002/pssr.202000524,HfZrOx,2.0,0.3010299956639812,0,0,ANALOG,NOT_REPORTED,normalized_from_ratio,IDEALIZED_SINGLE_PAIR_ANALOG,IDEALIZED_ANALOG_MAPPING,64,5,31,0,2,8,203264,56,256,14336,96.23,0.0
HfZrOx_01,10.1002/pssr.202000524,HfZrOx,2.0,0.3010299956639812,0,0,ANALOG,NOT_REPORTED,normalized_from_ratio,IDEALIZED_SINGLE_PAIR_ANALOG,IDEALIZED_ANALOG_MAPPING,128,6,63,0,2,10,203264,16,1024,16384,96.22,0.0100000000000051
HfZrOx_01,10.1002/pssr.202000524,HfZrOx,2.0,0.3010299956639812,0,0,ANALOG,NOT_REPORTED,normalized_from_ratio,IDEALIZED_SINGLE_PAIR_ANALOG,IDEALIZED_ANALOG_MAPPING,64,8,255,0,2,9,203264,56,512,28672,96.21,0.0200000000000102
HfZrOx_01,10.1002/pssr.202000524,HfZrOx,2.0,0.3010299956639812,0,0,ANALOG,NOT_REPORTED,normalized_from_ratio,IDEALIZED_SINGLE_PAIR_ANALOG,IDEALIZED_ANALOG_MAPPING,16,6,63,0,2,8,203264,800,256,204800,96.21,0.0200000000000102
HfZrOx_01,10.1002/pssr.202000524,HfZrOx,2.0,0.3010299956639812,0,0,ANALOG,NOT_REPORTED,normalized_from_ratio,IDEALIZED_SINGLE_PAIR_ANALOG,IDEALIZED_ANALOG_MAPPING,32,7,127,0,2,7,203264,208,128,26624,96.21,0.0200000000000102
HfZrOx_01,10.1002/pssr.202000524,HfZrOx,2.0,0.3010299956639812,0,0,ANALOG,NOT_REPORTED,normalized_from_ratio,IDEALIZED_SINGLE_PAIR_ANALOG,IDEALIZED_ANALOG_MAPPING,16,8,255,0,2,9,203264,800,512,409600,96.21,0.0200000000000102
HfZrOx_01,10.1002/pssr.202000524,HfZrOx,2.0,0.3010299956639812,0,0,ANALOG,NOT_REPORTED,normalized_from_ratio,IDEALIZED_SINGLE_PAIR_ANALOG,IDEALIZED_ANALOG_MAPPING,64,6,63,0,2,7,203264,56,128,7168,96.21,0.0200000000000102
HfZrOx_01,10.1002/pssr.202000524,HfZrOx,2.0,0.3010299956639812,0,0,ANALOG,NOT_REPORTED,normalized_from_ratio,IDEALIZED_SINGLE_PAIR_ANALOG,IDEALIZED_ANALOG_MAPPING,128,8,255,0,2,10,203264,16,1024,16384,96.21,0.0200000000000102
HfZrOx_01,10.1002/pssr.202000524,HfZrOx,2.0,0.3010299956639812,0,0,ANALOG,NOT_REPORTED,normalized_from_ratio,IDEALIZED_SINGLE_PAIR_ANALOG,IDEALIZED_ANALOG_MAPPING,16,7,127,0,2,8,203264,800,256,204800,96.2,0.0300000000000011
HfZrOx_01,10.1002/pssr.202000524,HfZrOx,2.0,0.3010299956639812,0,0,ANALOG,NOT_REPORTED,normalized_from_ratio,IDEALIZED_SINGLE_PAIR_ANALOG,IDEALIZED_ANALOG_MAPPING,64,6,63,0,2,8,203264,56,256,14336,96.2,0.0300000000000011
HfZrOx_01,10.1002/pssr.202000524,HfZrOx,2.0,0.3010299956639812,0,0,ANALOG,NOT_REPORTED,normalized_from_ratio,IDEALIZED_SINGLE_PAIR_ANALOG,IDEALIZED_ANALOG_MAPPING,128,8,255,0,2,9,203264,16,512,8192,96.2,0.0300000000000011
HfZrOx_01,10.1002/pssr.202000524,HfZrOx,2.0,0.3010299956639812,0,0,ANALOG,NOT_REPORTED,normalized_from_ratio,IDEALIZED_SINGLE_PAIR_ANALOG,IDEALIZED_ANALOG_MAPPING,32,7,127,0,2,8,203264,208,256,53248,96.2,0.0300000000000011
HfZrOx_01,10.1002/pssr.202000524,HfZrOx,2.0,0.3010299956639812,0,0,ANALOG,NOT_REPORTED,normalized_from_ratio,IDEALIZED_SINGLE_PAIR_ANALOG,IDEALIZED_ANALOG_MAPPING,256,8,255,0,2,9,203264,10,512,5120,96.2,0.0300000000000011
HfZrOx_01,10.1002/pssr.202000524,HfZrOx,2.0,0.3010299956639812,0,0,ANALOG,NOT_REPORTED,normalized_from_ratio,IDEALIZED_SINGLE_PAIR_ANALOG,IDEALIZED_ANALOG_MAPPING,128,7,127,0,2,10,203264,16,1024,16384,96.19,0.0400000000000062
HfZrOx_01,10.1002/pssr.202000524,HfZrOx,2.0,0.3010299956639812,0,0,ANALOG,NOT_REPORTED,normalized_from_ratio,IDEALIZED_SINGLE_PAIR_ANALOG,IDEALIZED_ANALOG_MAPPING,64,7,127,0,2,10,203264,56,1024,57344,96.19,0.0400000000000062
HfZrOx_01,10.1002/pssr.202000524,HfZrOx,2.0,0.3010299956639812,0,0,ANALOG,NOT_REPORTED,normalized_from_ratio,IDEALIZED_SINGLE_PAIR_ANALOG,IDEALIZED_ANALOG_MAPPING,256,6,63,0,2,8,203264,10,256,2560,96.19,0.0400000000000062
HfZrOx_01,10.1002/pssr.202000524,HfZrOx,2.0,0.3010299956639812,0,0,ANALOG,NOT_REPORTED,normalized_from_ratio,IDEALIZED_SINGLE_PAIR_ANALOG,IDEALIZED_ANALOG_MAPPING,16,7,127,0,2,7,203264,800,128,102400,96.19,0.0400000000000062
HfZrOx_01,10.1002/pssr.202000524,HfZrOx,2.0,0.3010299956639812,0,0,ANALOG,NOT_REPORTED,normalized_from_ratio,IDEALIZED_SINGLE_PAIR_ANALOG,IDEALIZED_ANALOG_MAPPING,16,7,127,0,2,9,203264,800,512,409600,96.19,0.0400000000000062
HfZrOx_01,10.1002/pssr.202000524,HfZrOx,2.0,0.3010299956639812,0,0,ANALOG,NOT_REPORTED,normalized_from_ratio,IDEALIZED_SINGLE_PAIR_ANALOG,IDEALIZED_ANALOG_MAPPING,16,7,127,0,2,10,203264,800,1024,819200,96.19,0.0400000000000062
HfZrOx_01,10.1002/pssr.202000524,HfZrOx,2.0,0.3010299956639812,0,0,ANALOG,NOT_REPORTED,normalized_from_ratio,IDEALIZED_SINGLE_PAIR_ANALOG,IDEALIZED_ANALOG_MAPPING,128,5,31,0,2,10,203264,16,1024,16384,96.19,0.0400000000000062
HfZrOx_01,10.1002/pssr.202000524,HfZrOx,2.0,0.3010299956639812,0,0,ANALOG,NOT_REPORTED,normalized_from_ratio,IDEALIZED_SINGLE_PAIR_ANALOG,IDEALIZED_ANALOG_MAPPING,128,5,31,0,2,9,203264,16,512,8192,96.18,0.0499999999999971
HfZrOx_01,10.1002/pssr.202000524,HfZrOx,2.0,0.3010299956639812,0,0,ANALOG,NOT_REPORTED,normalized_from_ratio,IDEALIZED_SINGLE_PAIR_ANALOG,IDEALIZED_ANALOG_MAPPING,32,8,255,0,2,7,203264,208,128,26624,96.18,0.0499999999999971
HfZrOx_01,10.1002/pssr.202000524,HfZrOx,2.0,0.3010299956639812,0,0,ANALOG,NOT_REPORTED,normalized_from_ratio,IDEALIZED_SINGLE_PAIR_ANALOG,IDEALIZED_ANALOG_MAPPING,256,8,255,0,2,10,203264,10,1024,10240,96.18,0.0499999999999971
HfZrOx_01,10.1002/pssr.202000524,HfZrOx,2.0,0.3010299956639812,0,0,ANALOG,NOT_REPORTED,normalized_from_ratio,IDEALIZED_SINGLE_PAIR_ANALOG,IDEALIZED_ANALOG_MAPPING,16,8,255,0,2,7,203264,800,128,102400,96.18,0.0499999999999971
HfZrOx_01,10.1002/pssr.202000524,HfZrOx,2.0,0.3010299956639812,0,0,ANALOG,NOT_REPORTED,normalized_from_ratio,IDEALIZED_SINGLE_PAIR_ANALOG,IDEALIZED_ANALOG_MAPPING,64,8,255,0,2,8,203264,56,256,14336,96.18,0.0499999999999971
HfZrOx_01,10.1002/pssr.202000524,HfZrOx,2.0,0.3010299956639812,0,0,ANALOG,NOT_REPORTED,normalized_from_ratio,IDEALIZED_SINGLE_PAIR_ANALOG,IDEALIZED_ANALOG_MAPPING,64,5,31,0,2,10,203264,56,1024,57344,96.18,0.0499999999999971
HfZrOx_01,10.1002/pssr.202000524,HfZrOx,2.0,0.3010299956639812,0,0,ANALOG,NOT_REPORTED,normalized_from_ratio,IDEALIZED_SINGLE_PAIR_ANALOG,IDEALIZED_ANALOG_MAPPING,16,8,255,0,2,8,203264,800,256,204800,96.18,0.0499999999999971
HfZrOx_01,10.1002/pssr.202000524,HfZrOx,2.0,0.3010299956639812,0,0,ANALOG,NOT_REPORTED,normalized_from_ratio,IDEALIZED_SINGLE_PAIR_ANALOG,IDEALIZED_ANALOG_MAPPING,16,5,31,0,2,10,203264,800,1024,819200,96.17,0.0600000000000022
HfZrOx_01,10.1002/pssr.202000524,HfZrOx,2.0,0.3010299956639812,0,0,ANALOG,NOT_REPORTED,normalized_from_ratio,IDEALIZED_SINGLE_PAIR_ANALOG,IDEALIZED_ANALOG_MAPPING,16,5,31,0,2,9,203264,800,512,409600,96.17,0.0600000000000022
HfZrOx_01,10.1002/pssr.202000524,HfZrOx,2.0,0.3010299956639812,0,0,ANALOG,NOT_REPORTED,normalized_from_ratio,IDEALIZED_SINGLE_PAIR_ANALOG,IDEALIZED_ANALOG_MAPPING,32,5,31,0,2,7,203264,208,128,26624,96.17,0.0600000000000022
HfZrOx_01,10.1002/pssr.202000524,HfZrOx,2.0,0.3010299956639812,0,0,ANALOG,NOT_REPORTED,normalized_from_ratio,IDEALIZED_SINGLE_PAIR_ANALOG,IDEALIZED_ANALOG_MAPPING,16,6,63,0,2,6,203264,800,64,51200,96.17,0.0600000000000022
HfZrOx_01,10.1002/pssr.202000524,HfZrOx,2.0,0.3010299956639812,0,0,ANALOG,NOT_REPORTED,normalized_from_ratio,IDEALIZED_SINGLE_PAIR_ANALOG,IDEALIZED_ANALOG_MAPPING,256,5,31,0,2,10,203264,10,1024,10240,96.17,0.0600000000000022
HfZrOx_01,10.1002/pssr.202000524,HfZrOx,2.0,0.3010299956639812,0,0,ANALOG,NOT_REPORTED,normalized_from_ratio,IDEALIZED_SINGLE_PAIR_ANALOG,IDEALIZED_ANALOG_MAPPING,32,5,31,0,2,8,203264,208,256,53248,96.17,0.0600000000000022
HfZrOx_01,10.1002/pssr.202000524,HfZrOx,2.0,0.3010299956639812,0,0,ANALOG,NOT_REPORTED,normalized_from_ratio,IDEALIZED_SINGLE_PAIR_ANALOG,IDEALIZED_ANALOG_MAPPING,32,5,31,0,2,9,203264,208,512,106496,96.16,0.0700000000000073
HfZrOx_01,10.1002/pssr.202000524,HfZrOx,2.0,0.3010299956639812,0,0,ANALOG,NOT_REPORTED,normalized_from_ratio,IDEALIZED_SINGLE_PAIR_ANALOG,IDEALIZED_ANALOG_MAPPING,64,5,31,0,2,9,203264,56,512,28672,96.16,0.0700000000000073
HfZrOx_01,10.1002/pssr.202000524,HfZrOx,2.0,0.3010299956639812,0,0,ANALOG,NOT_REPORTED,normalized_from_ratio,IDEALIZED_SINGLE_PAIR_ANALOG,IDEALIZED_ANALOG_MAPPING,16,6,63,0,2,7,203264,800,128,102400,96.16,0.0700000000000073
HfZrOx_01,10.1002/pssr.202000524,HfZrOx,2.0,0.3010299956639812,0,0,ANALOG,NOT_REPORTED,normalized_from_ratio,IDEALIZED_SINGLE_PAIR_ANALOG,IDEALIZED_ANALOG_MAPPING,64,7,127,0,2,8,203264,56,256,14336,96.15,0.0799999999999983
HfZrOx_01,10.1002/pssr.202000524,HfZrOx,2.0,0.3010299956639812,0,0,ANALOG,NOT_REPORTED,normalized_from_ratio,IDEALIZED_SINGLE_PAIR_ANALOG,IDEALIZED_ANALOG_MAPPING,32,8,255,0,2,8,203264,208,256,53248,96.15,0.0799999999999983
HfZrOx_01,10.1002/pssr.202000524,HfZrOx,2.0,0.3010299956639812,0,0,ANALOG,NOT_REPORTED,normalized_from_ratio,IDEALIZED_SINGLE_PAIR_ANALOG,IDEALIZED_ANALOG_MAPPING,256,5,31,0,2,9,203264,10,512,5120,96.15,0.0799999999999983
HfZrOx_01,10.1002/pssr.202000524,HfZrOx,2.0,0.3010299956639812,0,0,ANALOG,NOT_REPORTED,normalized_from_ratio,IDEALIZED_SINGLE_PAIR_ANALOG,IDEALIZED_ANALOG_MAPPING,256,7,127,0,2,10,203264,10,1024,10240,96.15,0.0799999999999983
HfZrOx_01,10.1002/pssr.202000524,HfZrOx,2.0,0.3010299956639812,0,0,ANALOG,NOT_REPORTED,normalized_from_ratio,IDEALIZED_SINGLE_PAIR_ANALOG,IDEALIZED_ANALOG_MAPPING,16,5,31,0,2,8,203264,800,256,204800,96.14,0.0900000000000034
HfZrOx_01,10.1002/pssr.202000524,HfZrOx,2.0,0.3010299956639812,0,0,ANALOG,NOT_REPORTED,normalized_from_ratio,IDEALIZED_SINGLE_PAIR_ANALOG,IDEALIZED_ANALOG_MAPPING,256,8,255,0,2,8,203264,10,256,2560,96.14,0.0900000000000034
HfZrOx_01,10.1002/pssr.202000524,HfZrOx,2.0,0.3010299956639812,0,0,ANALOG,NOT_REPORTED,normalized_from_ratio,IDEALIZED_SINGLE_PAIR_ANALOG,IDEALIZED_ANALOG_MAPPING,128,5,31,0,2,8,203264,16,256,4096,96.13,0.1000000000000085
HfZrOx_01,10.1002/pssr.202000524,HfZrOx,2.0,0.3010299956639812,0,0,ANALOG,NOT_REPORTED,normalized_from_ratio,IDEALIZED_SINGLE_PAIR_ANALOG,IDEALIZED_ANALOG_MAPPING,32,5,31,0,2,10,203264,208,1024,212992,96.13,0.1000000000000085
HfZrOx_01,10.1002/pssr.202000524,HfZrOx,2.0,0.3010299956639812,0,0,ANALOG,NOT_REPORTED,normalized_from_ratio,IDEALIZED_SINGLE_PAIR_ANALOG,IDEALIZED_ANALOG_MAPPING,16,8,255,0,2,6,203264,800,64,51200,96.13,0.1000000000000085
HfZrOx_01,10.1002/pssr.202000524,HfZrOx,2.0,0.3010299956639812,0,0,ANALOG,NOT_REPORTED,normalized_from_ratio,IDEALIZED_SINGLE_PAIR_ANALOG,IDEALIZED_ANALOG_MAPPING,128,4,15,0,2,8,203264,16,256,4096,96.12,0.1099999999999994
HfZrOx_01,10.1002/pssr.202000524,HfZrOx,2.0,0.3010299956639812,0,0,ANALOG,NOT_REPORTED,normalized_from_ratio,IDEALIZED_SINGLE_PAIR_ANALOG,IDEALIZED_ANALOG_MAPPING,256,4,15,0,2,9,203264,10,512,5120,96.11,0.1200000000000045
HfZrOx_01,10.1002/pssr.202000524,HfZrOx,2.0,0.3010299956639812,0,0,ANALOG,NOT_REPORTED,normalized_from_ratio,IDEALIZED_SINGLE_PAIR_ANALOG,IDEALIZED_ANALOG_MAPPING,64,7,127,0,2,7,203264,56,128,7168,96.1,0.1300000000000096
HfZrOx_01,10.1002/pssr.202000524,HfZrOx,2.0,0.3010299956639812,0,0,ANALOG,NOT_REPORTED,normalized_from_ratio,IDEALIZED_SINGLE_PAIR_ANALOG,IDEALIZED_ANALOG_MAPPING,16,4,15,0,2,9,203264,800,512,409600,96.09,0.1400000000000005
HfZrOx_01,10.1002/pssr.202000524,HfZrOx,2.0,0.3010299956639812,0,0,ANALOG,NOT_REPORTED,normalized_from_ratio,IDEALIZED_SINGLE_PAIR_ANALOG,IDEALIZED_ANALOG_MAPPING,32,4,15,0,2,9,203264,208,512,106496,96.09,0.1400000000000005
HfZrOx_01,10.1002/pssr.202000524,HfZrOx,2.0,0.3010299956639812,0,0,ANALOG,NOT_REPORTED,normalized_from_ratio,IDEALIZED_SINGLE_PAIR_ANALOG,IDEALIZED_ANALOG_MAPPING,16,4,15,0,2,8,203264,800,256,204800,96.09,0.1400000000000005
HfZrOx_01,10.1002/pssr.202000524,HfZrOx,2.0,0.3010299956639812,0,0,ANALOG,NOT_REPORTED,normalized_from_ratio,IDEALIZED_SINGLE_PAIR_ANALOG,IDEALIZED_ANALOG_MAPPING,32,4,15,0,2,7,203264,208,128,26624,96.09,0.1400000000000005
HfZrOx_01,10.1002/pssr.202000524,HfZrOx,2.0,0.3010299956639812,0,0,ANALOG,NOT_REPORTED,normalized_from_ratio,IDEALIZED_SINGLE_PAIR_ANALOG,IDEALIZED_ANALOG_MAPPING,64,4,15,0,2,8,203264,56,256,14336,96.08,0.1500000000000056
HfZrOx_01,10.1002/pssr.202000524,HfZrOx,2.0,0.3010299956639812,0,0,ANALOG,NOT_REPORTED,normalized_from_ratio,IDEALIZED_SINGLE_PAIR_ANALOG,IDEALIZED_ANALOG_MAPPING,64,4,15,0,2,10,203264,56,1024,57344,96.08,0.1500000000000056
HfZrOx_01,10.1002/pssr.202000524,HfZrOx,2.0,0.3010299956639812,0,0,ANALOG,NOT_REPORTED,normalized_from_ratio,IDEALIZED_SINGLE_PAIR_ANALOG,IDEALIZED_ANALOG_MAPPING,128,4,15,0,2,9,203264,16,512,8192,96.08,0.1500000000000056
HfZrOx_01,10.1002/pssr.202000524,HfZrOx,2.0,0.3010299956639812,0,0,ANALOG,NOT_REPORTED,normalized_from_ratio,IDEALIZED_SINGLE_PAIR_ANALOG,IDEALIZED_ANALOG_MAPPING,16,7,127,0,2,6,203264,800,64,51200,96.07,0.1600000000000108
HfZrOx_01,10.1002/pssr.202000524,HfZrOx,2.0,0.3010299956639812,0,0,ANALOG,NOT_REPORTED,normalized_from_ratio,IDEALIZED_SINGLE_PAIR_ANALOG,IDEALIZED_ANALOG_MAPPING,32,4,15,0,2,10,203264,208,1024,212992,96.07,0.1600000000000108
HfZrOx_01,10.1002/pssr.202000524,HfZrOx,2.0,0.3010299956639812,0,0,ANALOG,NOT_REPORTED,normalized_from_ratio,IDEALIZED_SINGLE_PAIR_ANALOG,IDEALIZED_ANALOG_MAPPING,256,5,31,0,2,8,203264,10,256,2560,96.07,0.1600000000000108
HfZrOx_01,10.1002/pssr.202000524,HfZrOx,2.0,0.3010299956639812,0,0,ANALOG,NOT_REPORTED,normalized_from_ratio,IDEALIZED_SINGLE_PAIR_ANALOG,IDEALIZED_ANALOG_MAPPING,64,8,255,0,2,7,203264,56,128,7168,96.07,0.1600000000000108
HfZrOx_01,10.1002/pssr.202000524,HfZrOx,2.0,0.3010299956639812,0,0,ANALOG,NOT_REPORTED,normalized_from_ratio,IDEALIZED_SINGLE_PAIR_ANALOG,IDEALIZED_ANALOG_MAPPING,16,4,15,0,2,10,203264,800,1024,819200,96.07,0.1600000000000108
HfZrOx_01,10.1002/pssr.202000524,HfZrOx,2.0,0.3010299956639812,0,0,ANALOG,NOT_REPORTED,normalized_from_ratio,IDEALIZED_SINGLE_PAIR_ANALOG,IDEALIZED_ANALOG_MAPPING,16,5,31,0,2,6,203264,800,64,51200,96.06,0.1700000000000017
HfZrOx_01,10.1002/pssr.202000524,HfZrOx,2.0,0.3010299956639812,0,0,ANALOG,NOT_REPORTED,normalized_from_ratio,IDEALIZED_SINGLE_PAIR_ANALOG,IDEALIZED_ANALOG_MAPPING,32,4,15,0,2,8,203264,208,256,53248,96.05,0.1800000000000068
HfZrOx_01,10.1002/pssr.202000524,HfZrOx,2.0,0.3010299956639812,0,0,ANALOG,NOT_REPORTED,normalized_from_ratio,IDEALIZED_SINGLE_PAIR_ANALOG,IDEALIZED_ANALOG_MAPPING,16,5,31,0,2,7,203264,800,128,102400,96.05,0.1800000000000068
HfZrOx_01,10.1002/pssr.202000524,HfZrOx,2.0,0.3010299956639812,0,0,ANALOG,NOT_REPORTED,normalized_from_ratio,IDEALIZED_SINGLE_PAIR_ANALOG,IDEALIZED_ANALOG_MAPPING,64,4,15,0,2,9,203264,56,512,28672,96.04,0.1899999999999977
HfZrOx_01,10.1002/pssr.202000524,HfZrOx,2.0,0.3010299956639812,0,0,ANALOG,NOT_REPORTED,normalized_from_ratio,IDEALIZED_SINGLE_PAIR_ANALOG,IDEALIZED_ANALOG_MAPPING,256,6,63,0,2,7,203264,10,128,1280,96.03,0.2000000000000028
HfZrOx_01,10.1002/pssr.202000524,HfZrOx,2.0,0.3010299956639812,0,0,ANALOG,NOT_REPORTED,normalized_from_ratio,IDEALIZED_SINGLE_PAIR_ANALOG,IDEALIZED_ANALOG_MAPPING,128,6,63,0,2,7,203264,16,128,2048,96.02,0.2100000000000079
HfZrOx_01,10.1002/pssr.202000524,HfZrOx,2.0,0.3010299956639812,0,0,ANALOG,NOT_REPORTED,normalized_from_ratio,IDEALIZED_SINGLE_PAIR_ANALOG,IDEALIZED_ANALOG_MAPPING,64,5,31,0,2,7,203264,56,128,7168,96.02,0.2100000000000079
HfZrOx_01,10.1002/pssr.202000524,HfZrOx,2.0,0.3010299956639812,0,0,ANALOG,NOT_REPORTED,normalized_from_ratio,IDEALIZED_SINGLE_PAIR_ANALOG,IDEALIZED_ANALOG_MAPPING,128,4,15,0,2,10,203264,16,1024,16384,96.01,0.2199999999999988
HfZrOx_01,10.1002/pssr.202000524,HfZrOx,2.0,0.3010299956639812,0,0,ANALOG,NOT_REPORTED,normalized_from_ratio,IDEALIZED_SINGLE_PAIR_ANALOG,IDEALIZED_ANALOG_MAPPING,256,4,15,0,2,10,203264,10,1024,10240,96.0,0.2300000000000039
HfZrOx_01,10.1002/pssr.202000524,HfZrOx,2.0,0.3010299956639812,0,0,ANALOG,NOT_REPORTED,normalized_from_ratio,IDEALIZED_SINGLE_PAIR_ANALOG,IDEALIZED_ANALOG_MAPPING,256,4,15,0,2,8,203264,10,256,2560,95.99,0.2400000000000091
HfZrOx_01,10.1002/pssr.202000524,HfZrOx,2.0,0.3010299956639812,0,0,ANALOG,NOT_REPORTED,normalized_from_ratio,IDEALIZED_SINGLE_PAIR_ANALOG,IDEALIZED_ANALOG_MAPPING,16,4,15,0,2,7,203264,800,128,102400,95.98,0.25
HfZrOx_01,10.1002/pssr.202000524,HfZrOx,2.0,0.3010299956639812,0,0,ANALOG,NOT_REPORTED,normalized_from_ratio,IDEALIZED_SINGLE_PAIR_ANALOG,IDEALIZED_ANALOG_MAPPING,64,4,15,0,2,7,203264,56,128,7168,95.96,0.2700000000000102
HfZrOx_01,10.1002/pssr.202000524,HfZrOx,2.0,0.3010299956639812,0,0,ANALOG,NOT_REPORTED,normalized_from_ratio,IDEALIZED_SINGLE_PAIR_ANALOG,IDEALIZED_ANALOG_MAPPING,32,7,127,0,2,6,203264,208,64,13312,95.89,0.3400000000000034
HfZrOx_01,10.1002/pssr.202000524,HfZrOx,2.0,0.3010299956639812,0,0,ANALOG,NOT_REPORTED,normalized_from_ratio,IDEALIZED_SINGLE_PAIR_ANALOG,IDEALIZED_ANALOG_MAPPING,256,8,255,0,2,7,203264,10,128,1280,95.89,0.3400000000000034
HfZrOx_01,10.1002/pssr.202000524,HfZrOx,2.0,0.3010299956639812,0,0,ANALOG,NOT_REPORTED,normalized_from_ratio,IDEALIZED_SINGLE_PAIR_ANALOG,IDEALIZED_ANALOG_MAPPING,128,7,127,0,2,7,203264,16,128,2048,95.89,0.3400000000000034
HfZrOx_01,10.1002/pssr.202000524,HfZrOx,2.0,0.3010299956639812,0,0,ANALOG,NOT_REPORTED,normalized_from_ratio,IDEALIZED_SINGLE_PAIR_ANALOG,IDEALIZED_ANALOG_MAPPING,256,7,127,0,2,7,203264,10,128,1280,95.87,0.3599999999999994
HfZrOx_01,10.1002/pssr.202000524,HfZrOx,2.0,0.3010299956639812,0,0,ANALOG,NOT_REPORTED,normalized_from_ratio,IDEALIZED_SINGLE_PAIR_ANALOG,IDEALIZED_ANALOG_MAPPING,128,5,31,0,2,7,203264,16,128,2048,95.81,0.4200000000000017
HfZrOx_01,10.1002/pssr.202000524,HfZrOx,2.0,0.3010299956639812,0,0,ANALOG,NOT_REPORTED,normalized_from_ratio,IDEALIZED_SINGLE_PAIR_ANALOG,IDEALIZED_ANALOG_MAPPING,32,6,63,0,2,6,203264,208,64,13312,95.81,0.4200000000000017
HfZrOx_01,10.1002/pssr.202000524,HfZrOx,2.0,0.3010299956639812,0,0,ANALOG,NOT_REPORTED,normalized_from_ratio,IDEALIZED_SINGLE_PAIR_ANALOG,IDEALIZED_ANALOG_MAPPING,16,4,15,0,2,6,203264,800,64,51200,95.8,0.4300000000000068
HfZrOx_01,10.1002/pssr.202000524,HfZrOx,2.0,0.3010299956639812,0,0,ANALOG,NOT_REPORTED,normalized_from_ratio,IDEALIZED_SINGLE_PAIR_ANALOG,IDEALIZED_ANALOG_MAPPING,32,8,255,0,2,6,203264,208,64,13312,95.8,0.4300000000000068
HfZrOx_01,10.1002/pssr.202000524,HfZrOx,2.0,0.3010299956639812,0,0,ANALOG,NOT_REPORTED,normalized_from_ratio,IDEALIZED_SINGLE_PAIR_ANALOG,IDEALIZED_ANALOG_MAPPING,256,5,31,0,2,7,203264,10,128,1280,95.79,0.4399999999999977
HfZrOx_01,10.1002/pssr.202000524,HfZrOx,2.0,0.3010299956639812,0,0,ANALOG,NOT_REPORTED,normalized_from_ratio,IDEALIZED_SINGLE_PAIR_ANALOG,IDEALIZED_ANALOG_MAPPING,128,8,255,0,2,7,203264,16,128,2048,95.76,0.4699999999999988
HfZrOx_01,10.1002/pssr.202000524,HfZrOx,2.0,0.3010299956639812,0,0,ANALOG,NOT_REPORTED,normalized_from_ratio,IDEALIZED_SINGLE_PAIR_ANALOG,IDEALIZED_ANALOG_MAPPING,128,4,15,0,2,7,203264,16,128,2048,95.72,0.5100000000000051
HfZrOx_01,10.1002/pssr.202000524,HfZrOx,2.0,0.3010299956639812,0,0,ANALOG,NOT_REPORTED,normalized_from_ratio,IDEALIZED_SINGLE_PAIR_ANALOG,IDEALIZED_ANALOG_MAPPING,32,5,31,0,2,6,203264,208,64,13312,95.71,0.5200000000000102
HfZrOx_01,10.1002/pssr.202000524,HfZrOx,2.0,0.3010299956639812,0,0,ANALOG,NOT_REPORTED,normalized_from_ratio,IDEALIZED_SINGLE_PAIR_ANALOG,IDEALIZED_ANALOG_MAPPING,256,4,15,0,2,7,203264,10,128,1280,95.68,0.5499999999999972
HfZrOx_01,10.1002/pssr.202000524,HfZrOx,2.0,0.3010299956639812,0,0,ANALOG,NOT_REPORTED,normalized_from_ratio,IDEALIZED_SINGLE_PAIR_ANALOG,IDEALIZED_ANALOG_MAPPING,32,4,15,0,2,6,203264,208,64,13312,95.66,0.5700000000000074
HfZrOx_01,10.1002/pssr.202000524,HfZrOx,2.0,0.3010299956639812,0,0,ANALOG,NOT_REPORTED,normalized_from_ratio,IDEALIZED_SINGLE_PAIR_ANALOG,IDEALIZED_ANALOG_MAPPING,64,8,255,0,2,6,203264,56,64,3584,95.54,0.6899999999999977
HfZrOx_01,10.1002/pssr.202000524,HfZrOx,2.0,0.3010299956639812,0,0,ANALOG,NOT_REPORTED,normalized_from_ratio,IDEALIZED_SINGLE_PAIR_ANALOG,IDEALIZED_ANALOG_MAPPING,64,6,63,0,2,6,203264,56,64,3584,95.38,0.8500000000000085
HfZrOx_01,10.1002/pssr.202000524,HfZrOx,2.0,0.3010299956639812,0,0,ANALOG,NOT_REPORTED,normalized_from_ratio,IDEALIZED_SINGLE_PAIR_ANALOG,IDEALIZED_ANALOG_MAPPING,64,7,127,0,2,6,203264,56,64,3584,95.38,0.8500000000000085
HfZrOx_01,10.1002/pssr.202000524,HfZrOx,2.0,0.3010299956639812,0,0,ANALOG,NOT_REPORTED,normalized_from_ratio,IDEALIZED_SINGLE_PAIR_ANALOG,IDEALIZED_ANALOG_MAPPING,16,7,127,0,2,5,203264,800,32,25600,95.36,0.8700000000000045
HfZrOx_01,10.1002/pssr.202000524,HfZrOx,2.0,0.3010299956639812,0,0,ANALOG,NOT_REPORTED,normalized_from_ratio,IDEALIZED_SINGLE_PAIR_ANALOG,IDEALIZED_ANALOG_MAPPING,16,6,63,0,2,5,203264,800,32,25600,95.29,0.9399999999999976
HfZrOx_01,10.1002/pssr.202000524,HfZrOx,2.0,0.3010299956639812,0,0,ANALOG,NOT_REPORTED,normalized_from_ratio,IDEALIZED_SINGLE_PAIR_ANALOG,IDEALIZED_ANALOG_MAPPING,64,4,15,0,2,6,203264,56,64,3584,95.27,0.960000000000008
HfZrOx_01,10.1002/pssr.202000524,HfZrOx,2.0,0.3010299956639812,0,0,ANALOG,NOT_REPORTED,normalized_from_ratio,IDEALIZED_SINGLE_PAIR_ANALOG,IDEALIZED_ANALOG_MAPPING,64,5,31,0,2,6,203264,56,64,3584,95.22,1.0100000000000051
HfZrOx_01,10.1002/pssr.202000524,HfZrOx,2.0,0.3010299956639812,0,0,ANALOG,NOT_REPORTED,normalized_from_ratio,IDEALIZED_SINGLE_PAIR_ANALOG,IDEALIZED_ANALOG_MAPPING,16,8,255,0,2,5,203264,800,32,25600,95.13,1.1000000000000083
HfZrOx_01,10.1002/pssr.202000524,HfZrOx,2.0,0.3010299956639812,0,0,ANALOG,NOT_REPORTED,normalized_from_ratio,IDEALIZED_SINGLE_PAIR_ANALOG,IDEALIZED_ANALOG_MAPPING,16,4,15,0,2,5,203264,800,32,25600,94.94,1.2900000000000065
HfZrOx_01,10.1002/pssr.202000524,HfZrOx,2.0,0.3010299956639812,0,0,ANALOG,NOT_REPORTED,normalized_from_ratio,IDEALIZED_SINGLE_PAIR_ANALOG,IDEALIZED_ANALOG_MAPPING,16,5,31,0,2,5,203264,800,32,25600,94.87,1.3599999999999994
HfZrOx_01,10.1002/pssr.202000524,HfZrOx,2.0,0.3010299956639812,0,0,ANALOG,NOT_REPORTED,normalized_from_ratio,IDEALIZED_SINGLE_PAIR_ANALOG,IDEALIZED_ANALOG_MAPPING,128,7,127,0,2,6,203264,16,64,1024,94.62,1.6099999999999994
HfZrOx_01,10.1002/pssr.202000524,HfZrOx,2.0,0.3010299956639812,0,0,ANALOG,NOT_REPORTED,normalized_from_ratio,IDEALIZED_SINGLE_PAIR_ANALOG,IDEALIZED_ANALOG_MAPPING,128,8,255,0,2,6,203264,16,64,1024,94.5,1.730000000000004
HfZrOx_01,10.1002/pssr.202000524,HfZrOx,2.0,0.3010299956639812,0,0,ANALOG,NOT_REPORTED,normalized_from_ratio,IDEALIZED_SINGLE_PAIR_ANALOG,IDEALIZED_ANALOG_MAPPING,128,6,63,0,2,6,203264,16,64,1024,94.49,1.740000000000009
HfZrOx_01,10.1002/pssr.202000524,HfZrOx,2.0,0.3010299956639812,0,0,ANALOG,NOT_REPORTED,normalized_from_ratio,IDEALIZED_SINGLE_PAIR_ANALOG,IDEALIZED_ANALOG_MAPPING,128,4,15,0,2,6,203264,16,64,1024,94.4,1.8299999999999983
HfZrOx_01,10.1002/pssr.202000524,HfZrOx,2.0,0.3010299956639812,0,0,ANALOG,NOT_REPORTED,normalized_from_ratio,IDEALIZED_SINGLE_PAIR_ANALOG,IDEALIZED_ANALOG_MAPPING,32,7,127,0,2,5,203264,208,32,6656,94.32,1.9100000000000108
HfZrOx_01,10.1002/pssr.202000524,HfZrOx,2.0,0.3010299956639812,0,0,ANALOG,NOT_REPORTED,normalized_from_ratio,IDEALIZED_SINGLE_PAIR_ANALOG,IDEALIZED_ANALOG_MAPPING,128,5,31,0,2,6,203264,16,64,1024,94.3,1.9300000000000068
HfZrOx_01,10.1002/pssr.202000524,HfZrOx,2.0,0.3010299956639812,0,0,ANALOG,NOT_REPORTED,normalized_from_ratio,IDEALIZED_SINGLE_PAIR_ANALOG,IDEALIZED_ANALOG_MAPPING,32,4,15,0,2,5,203264,208,32,6656,94.3,1.9300000000000068
HfZrOx_01,10.1002/pssr.202000524,HfZrOx,2.0,0.3010299956639812,0,0,ANALOG,NOT_REPORTED,normalized_from_ratio,IDEALIZED_SINGLE_PAIR_ANALOG,IDEALIZED_ANALOG_MAPPING,32,8,255,0,2,5,203264,208,32,6656,94.28,1.9500000000000028
HfZrOx_01,10.1002/pssr.202000524,HfZrOx,2.0,0.3010299956639812,0,0,ANALOG,NOT_REPORTED,normalized_from_ratio,IDEALIZED_SINGLE_PAIR_ANALOG,IDEALIZED_ANALOG_MAPPING,32,6,63,0,2,5,203264,208,32,6656,94.23,2.0
HfZrOx_01,10.1002/pssr.202000524,HfZrOx,2.0,0.3010299956639812,0,0,ANALOG,NOT_REPORTED,normalized_from_ratio,IDEALIZED_SINGLE_PAIR_ANALOG,IDEALIZED_ANALOG_MAPPING,256,7,127,0,2,6,203264,10,64,640,94.02,2.210000000000008
HfZrOx_01,10.1002/pssr.202000524,HfZrOx,2.0,0.3010299956639812,0,0,ANALOG,NOT_REPORTED,normalized_from_ratio,IDEALIZED_SINGLE_PAIR_ANALOG,IDEALIZED_ANALOG_MAPPING,256,6,63,0,2,6,203264,10,64,640,93.9,2.3299999999999983
HfZrOx_01,10.1002/pssr.202000524,HfZrOx,2.0,0.3010299956639812,0,0,ANALOG,NOT_REPORTED,normalized_from_ratio,IDEALIZED_SINGLE_PAIR_ANALOG,IDEALIZED_ANALOG_MAPPING,32,5,31,0,2,5,203264,208,32,6656,93.84,2.390000000000001
HfZrOx_01,10.1002/pssr.202000524,HfZrOx,2.0,0.3010299956639812,0,0,ANALOG,NOT_REPORTED,normalized_from_ratio,IDEALIZED_SINGLE_PAIR_ANALOG,IDEALIZED_ANALOG_MAPPING,256,8,255,0,2,6,203264,10,64,640,93.83,2.4000000000000057
HfZrOx_01,10.1002/pssr.202000524,HfZrOx,2.0,0.3010299956639812,0,0,ANALOG,NOT_REPORTED,normalized_from_ratio,IDEALIZED_SINGLE_PAIR_ANALOG,IDEALIZED_ANALOG_MAPPING,256,4,15,0,2,6,203264,10,64,640,93.82,2.410000000000011
HfZrOx_01,10.1002/pssr.202000524,HfZrOx,2.0,0.3010299956639812,0,0,ANALOG,NOT_REPORTED,normalized_from_ratio,IDEALIZED_SINGLE_PAIR_ANALOG,IDEALIZED_ANALOG_MAPPING,256,5,31,0,2,6,203264,10,64,640,93.75,2.480000000000004
HfZrOx_01,10.1002/pssr.202000524,HfZrOx,2.0,0.3010299956639812,0,0,ANALOG,NOT_REPORTED,normalized_from_ratio,IDEALIZED_SINGLE_PAIR_ANALOG,IDEALIZED_ANALOG_MAPPING,64,8,255,0,2,5,203264,56,32,1792,92.77,3.460000000000008
HfZrOx_01,10.1002/pssr.202000524,HfZrOx,2.0,0.3010299956639812,0,0,ANALOG,NOT_REPORTED,normalized_from_ratio,IDEALIZED_SINGLE_PAIR_ANALOG,IDEALIZED_ANALOG_MAPPING,64,6,63,0,2,5,203264,56,32,1792,92.65,3.5799999999999983
HfZrOx_01,10.1002/pssr.202000524,HfZrOx,2.0,0.3010299956639812,0,0,ANALOG,NOT_REPORTED,normalized_from_ratio,IDEALIZED_SINGLE_PAIR_ANALOG,IDEALIZED_ANALOG_MAPPING,64,7,127,0,2,5,203264,56,32,1792,92.46,3.77000000000001
HfZrOx_01,10.1002/pssr.202000524,HfZrOx,2.0,0.3010299956639812,0,0,ANALOG,NOT_REPORTED,normalized_from_ratio,IDEALIZED_SINGLE_PAIR_ANALOG,IDEALIZED_ANALOG_MAPPING,64,4,15,0,2,5,203264,56,32,1792,92.28,3.950000000000003
HfZrOx_01,10.1002/pssr.202000524,HfZrOx,2.0,0.3010299956639812,0,0,ANALOG,NOT_REPORTED,normalized_from_ratio,IDEALIZED_SINGLE_PAIR_ANALOG,IDEALIZED_ANALOG_MAPPING,256,3,7,0,2,10,203264,10,1024,10240,92.25,3.980000000000004
HfZrOx_01,10.1002/pssr.202000524,HfZrOx,2.0,0.3010299956639812,0,0,ANALOG,NOT_REPORTED,normalized_from_ratio,IDEALIZED_SINGLE_PAIR_ANALOG,IDEALIZED_ANALOG_MAPPING,32,3,7,0,2,9,203264,208,512,106496,92.24,3.990000000000009
HfZrOx_01,10.1002/pssr.202000524,HfZrOx,2.0,0.3010299956639812,0,0,ANALOG,NOT_REPORTED,normalized_from_ratio,IDEALIZED_SINGLE_PAIR_ANALOG,IDEALIZED_ANALOG_MAPPING,256,3,7,0,2,9,203264,10,512,5120,92.23,4.0
HfZrOx_01,10.1002/pssr.202000524,HfZrOx,2.0,0.3010299956639812,0,0,ANALOG,NOT_REPORTED,normalized_from_ratio,IDEALIZED_SINGLE_PAIR_ANALOG,IDEALIZED_ANALOG_MAPPING,64,3,7,0,2,10,203264,56,1024,57344,92.23,4.0
HfZrOx_01,10.1002/pssr.202000524,HfZrOx,2.0,0.3010299956639812,0,0,ANALOG,NOT_REPORTED,normalized_from_ratio,IDEALIZED_SINGLE_PAIR_ANALOG,IDEALIZED_ANALOG_MAPPING,64,3,7,0,2,9,203264,56,512,28672,92.23,4.0
HfZrOx_01,10.1002/pssr.202000524,HfZrOx,2.0,0.3010299956639812,0,0,ANALOG,NOT_REPORTED,normalized_from_ratio,IDEALIZED_SINGLE_PAIR_ANALOG,IDEALIZED_ANALOG_MAPPING,16,3,7,0,2,9,203264,800,512,409600,92.22,4.010000000000005
HfZrOx_01,10.1002/pssr.202000524,HfZrOx,2.0,0.3010299956639812,0,0,ANALOG,NOT_REPORTED,normalized_from_ratio,IDEALIZED_SINGLE_PAIR_ANALOG,IDEALIZED_ANALOG_MAPPING,32,3,7,0,2,10,203264,208,1024,212992,92.22,4.010000000000005
HfZrOx_01,10.1002/pssr.202000524,HfZrOx,2.0,0.3010299956639812,0,0,ANALOG,NOT_REPORTED,normalized_from_ratio,IDEALIZED_SINGLE_PAIR_ANALOG,IDEALIZED_ANALOG_MAPPING,128,3,7,0,2,10,203264,16,1024,16384,92.22,4.010000000000005
HfZrOx_01,10.1002/pssr.202000524,HfZrOx,2.0,0.3010299956639812,0,0,ANALOG,NOT_REPORTED,normalized_from_ratio,IDEALIZED_SINGLE_PAIR_ANALOG,IDEALIZED_ANALOG_MAPPING,16,3,7,0,2,10,203264,800,1024,819200,92.22,4.010000000000005
HfZrOx_01,10.1002/pssr.202000524,HfZrOx,2.0,0.3010299956639812,0,0,ANALOG,NOT_REPORTED,normalized_from_ratio,IDEALIZED_SINGLE_PAIR_ANALOG,IDEALIZED_ANALOG_MAPPING,16,3,7,0,2,8,203264,800,256,204800,92.14,4.090000000000003
HfZrOx_01,10.1002/pssr.202000524,HfZrOx,2.0,0.3010299956639812,0,0,ANALOG,NOT_REPORTED,normalized_from_ratio,IDEALIZED_SINGLE_PAIR_ANALOG,IDEALIZED_ANALOG_MAPPING,128,3,7,0,2,9,203264,16,512,8192,92.08,4.150000000000006
HfZrOx_01,10.1002/pssr.202000524,HfZrOx,2.0,0.3010299956639812,0,0,ANALOG,NOT_REPORTED,normalized_from_ratio,IDEALIZED_SINGLE_PAIR_ANALOG,IDEALIZED_ANALOG_MAPPING,32,3,7,0,2,8,203264,208,256,53248,92.08,4.150000000000006
HfZrOx_01,10.1002/pssr.202000524,HfZrOx,2.0,0.3010299956639812,0,0,ANALOG,NOT_REPORTED,normalized_from_ratio,IDEALIZED_SINGLE_PAIR_ANALOG,IDEALIZED_ANALOG_MAPPING,64,3,7,0,2,8,203264,56,256,14336,92.07,4.160000000000011
HfZrOx_01,10.1002/pssr.202000524,HfZrOx,2.0,0.3010299956639812,0,0,ANALOG,NOT_REPORTED,normalized_from_ratio,IDEALIZED_SINGLE_PAIR_ANALOG,IDEALIZED_ANALOG_MAPPING,16,3,7,0,2,7,203264,800,128,102400,92.06,4.170000000000002
HfZrOx_01,10.1002/pssr.202000524,HfZrOx,2.0,0.3010299956639812,0,0,ANALOG,NOT_REPORTED,normalized_from_ratio,IDEALIZED_SINGLE_PAIR_ANALOG,IDEALIZED_ANALOG_MAPPING,64,5,31,0,2,5,203264,56,32,1792,91.99,4.240000000000009
HfZrOx_01,10.1002/pssr.202000524,HfZrOx,2.0,0.3010299956639812,0,0,ANALOG,NOT_REPORTED,normalized_from_ratio,IDEALIZED_SINGLE_PAIR_ANALOG,IDEALIZED_ANALOG_MAPPING,256,3,7,0,2,8,203264,10,256,2560,91.95,4.280000000000001
HfZrOx_01,10.1002/pssr.202000524,HfZrOx,2.0,0.3010299956639812,0,0,ANALOG,NOT_REPORTED,normalized_from_ratio,IDEALIZED_SINGLE_PAIR_ANALOG,IDEALIZED_ANALOG_MAPPING,128,3,7,0,2,8,203264,16,256,4096,91.9,4.329999999999998
HfZrOx_01,10.1002/pssr.202000524,HfZrOx,2.0,0.3010299956639812,0,0,ANALOG,NOT_REPORTED,normalized_from_ratio,IDEALIZED_SINGLE_PAIR_ANALOG,IDEALIZED_ANALOG_MAPPING,32,3,7,0,2,7,203264,208,128,26624,91.79,4.439999999999998
HfZrOx_01,10.1002/pssr.202000524,HfZrOx,2.0,0.3010299956639812,0,0,ANALOG,NOT_REPORTED,normalized_from_ratio,IDEALIZED_SINGLE_PAIR_ANALOG,IDEALIZED_ANALOG_MAPPING,16,3,7,0,2,6,203264,800,64,51200,91.66,4.570000000000007
HfZrOx_01,10.1002/pssr.202000524,HfZrOx,2.0,0.3010299956639812,0,0,ANALOG,NOT_REPORTED,normalized_from_ratio,IDEALIZED_SINGLE_PAIR_ANALOG,IDEALIZED_ANALOG_MAPPING,256,3,7,0,2,7,203264,10,128,1280,91.56,4.670000000000002
HfZrOx_01,10.1002/pssr.202000524,HfZrOx,2.0,0.3010299956639812,0,0,ANALOG,NOT_REPORTED,normalized_from_ratio,IDEALIZED_SINGLE_PAIR_ANALOG,IDEALIZED_ANALOG_MAPPING,128,3,7,0,2,7,203264,16,128,2048,91.45,4.780000000000001
HfZrOx_01,10.1002/pssr.202000524,HfZrOx,2.0,0.3010299956639812,0,0,ANALOG,NOT_REPORTED,normalized_from_ratio,IDEALIZED_SINGLE_PAIR_ANALOG,IDEALIZED_ANALOG_MAPPING,64,3,7,0,2,7,203264,56,128,7168,91.43,4.799999999999997
HfZrOx_01,10.1002/pssr.202000524,HfZrOx,2.0,0.3010299956639812,0,0,ANALOG,NOT_REPORTED,normalized_from_ratio,IDEALIZED_SINGLE_PAIR_ANALOG,IDEALIZED_ANALOG_MAPPING,32,3,7,0,2,6,203264,208,64,13312,90.92,5.310000000000002
HfZrOx_01,10.1002/pssr.202000524,HfZrOx,2.0,0.3010299956639812,0,0,ANALOG,NOT_REPORTED,normalized_from_ratio,IDEALIZED_SINGLE_PAIR_ANALOG,IDEALIZED_ANALOG_MAPPING,64,3,7,0,2,6,203264,56,64,3584,89.65,6.579999999999998
HfZrOx_01,10.1002/pssr.202000524,HfZrOx,2.0,0.3010299956639812,0,0,ANALOG,NOT_REPORTED,normalized_from_ratio,IDEALIZED_SINGLE_PAIR_ANALOG,IDEALIZED_ANALOG_MAPPING,16,3,7,0,2,5,203264,800,32,25600,89.46,6.77000000000001
HfZrOx_01,10.1002/pssr.202000524,HfZrOx,2.0,0.3010299956639812,0,0,ANALOG,NOT_REPORTED,normalized_from_ratio,IDEALIZED_SINGLE_PAIR_ANALOG,IDEALIZED_ANALOG_MAPPING,128,6,63,0,2,5,203264,16,32,512,89.24,6.990000000000009
HfZrOx_01,10.1002/pssr.202000524,HfZrOx,2.0,0.3010299956639812,0,0,ANALOG,NOT_REPORTED,normalized_from_ratio,IDEALIZED_SINGLE_PAIR_ANALOG,IDEALIZED_ANALOG_MAPPING,128,8,255,0,2,5,203264,16,32,512,89.2,7.030000000000001
HfZrOx_01,10.1002/pssr.202000524,HfZrOx,2.0,0.3010299956639812,0,0,ANALOG,NOT_REPORTED,normalized_from_ratio,IDEALIZED_SINGLE_PAIR_ANALOG,IDEALIZED_ANALOG_MAPPING,128,7,127,0,2,5,203264,16,32,512,89.19,7.040000000000006
HfZrOx_01,10.1002/pssr.202000524,HfZrOx,2.0,0.3010299956639812,0,0,ANALOG,NOT_REPORTED,normalized_from_ratio,IDEALIZED_SINGLE_PAIR_ANALOG,IDEALIZED_ANALOG_MAPPING,128,5,31,0,2,5,203264,16,32,512,88.95,7.280000000000001
HfZrOx_01,10.1002/pssr.202000524,HfZrOx,2.0,0.3010299956639812,0,0,ANALOG,NOT_REPORTED,normalized_from_ratio,IDEALIZED_SINGLE_PAIR_ANALOG,IDEALIZED_ANALOG_MAPPING,128,4,15,0,2,5,203264,16,32,512,88.74,7.490000000000009
HfZrOx_01,10.1002/pssr.202000524,HfZrOx,2.0,0.3010299956639812,0,0,ANALOG,NOT_REPORTED,normalized_from_ratio,IDEALIZED_SINGLE_PAIR_ANALOG,IDEALIZED_ANALOG_MAPPING,256,3,7,0,2,6,203264,10,64,640,88.14,8.090000000000003
HfZrOx_01,10.1002/pssr.202000524,HfZrOx,2.0,0.3010299956639812,0,0,ANALOG,NOT_REPORTED,normalized_from_ratio,IDEALIZED_SINGLE_PAIR_ANALOG,IDEALIZED_ANALOG_MAPPING,128,3,7,0,2,6,203264,16,64,1024,88.03,8.200000000000003
HfZrOx_01,10.1002/pssr.202000524,HfZrOx,2.0,0.3010299956639812,0,0,ANALOG,NOT_REPORTED,normalized_from_ratio,IDEALIZED_SINGLE_PAIR_ANALOG,IDEALIZED_ANALOG_MAPPING,32,3,7,0,2,5,203264,208,32,6656,86.61,9.620000000000005
HfZrOx_01,10.1002/pssr.202000524,HfZrOx,2.0,0.3010299956639812,0,0,ANALOG,NOT_REPORTED,normalized_from_ratio,IDEALIZED_SINGLE_PAIR_ANALOG,IDEALIZED_ANALOG_MAPPING,256,4,15,0,2,5,203264,10,32,320,84.08,12.150000000000006
HfZrOx_01,10.1002/pssr.202000524,HfZrOx,2.0,0.3010299956639812,0,0,ANALOG,NOT_REPORTED,normalized_from_ratio,IDEALIZED_SINGLE_PAIR_ANALOG,IDEALIZED_ANALOG_MAPPING,256,8,255,0,2,5,203264,10,32,320,83.7,12.53
HfZrOx_01,10.1002/pssr.202000524,HfZrOx,2.0,0.3010299956639812,0,0,ANALOG,NOT_REPORTED,normalized_from_ratio,IDEALIZED_SINGLE_PAIR_ANALOG,IDEALIZED_ANALOG_MAPPING,256,6,63,0,2,5,203264,10,32,320,83.63,12.600000000000009
HfZrOx_01,10.1002/pssr.202000524,HfZrOx,2.0,0.3010299956639812,0,0,ANALOG,NOT_REPORTED,normalized_from_ratio,IDEALIZED_SINGLE_PAIR_ANALOG,IDEALIZED_ANALOG_MAPPING,256,7,127,0,2,5,203264,10,32,320,83.62,12.61
HfZrOx_01,10.1002/pssr.202000524,HfZrOx,2.0,0.3010299956639812,0,0,ANALOG,NOT_REPORTED,normalized_from_ratio,IDEALIZED_SINGLE_PAIR_ANALOG,IDEALIZED_ANALOG_MAPPING,256,5,31,0,2,5,203264,10,32,320,83.15,13.079999999999998
HfZrOx_01,10.1002/pssr.202000524,HfZrOx,2.0,0.3010299956639812,0,0,ANALOG,NOT_REPORTED,normalized_from_ratio,IDEALIZED_SINGLE_PAIR_ANALOG,IDEALIZED_ANALOG_MAPPING,64,3,7,0,2,5,203264,56,32,1792,82.56,13.670000000000002
HfZrOx_01,10.1002/pssr.202000524,HfZrOx,2.0,0.3010299956639812,0,0,ANALOG,NOT_REPORTED,normalized_from_ratio,IDEALIZED_SINGLE_PAIR_ANALOG,IDEALIZED_ANALOG_MAPPING,16,4,15,0,2,4,203264,800,16,12800,81.47,14.760000000000003
HfZrOx_01,10.1002/pssr.202000524,HfZrOx,2.0,0.3010299956639812,0,0,ANALOG,NOT_REPORTED,normalized_from_ratio,IDEALIZED_SINGLE_PAIR_ANALOG,IDEALIZED_ANALOG_MAPPING,16,6,63,0,2,4,203264,800,16,12800,81.02,15.210000000000008
HfZrOx_01,10.1002/pssr.202000524,HfZrOx,2.0,0.3010299956639812,0,0,ANALOG,NOT_REPORTED,normalized_from_ratio,IDEALIZED_SINGLE_PAIR_ANALOG,IDEALIZED_ANALOG_MAPPING,16,7,127,0,2,4,203264,800,16,12800,80.08,16.150000000000006
HfZrOx_01,10.1002/pssr.202000524,HfZrOx,2.0,0.3010299956639812,0,0,ANALOG,NOT_REPORTED,normalized_from_ratio,IDEALIZED_SINGLE_PAIR_ANALOG,IDEALIZED_ANALOG_MAPPING,16,8,255,0,2,4,203264,800,16,12800,79.9,16.33
HfZrOx_01,10.1002/pssr.202000524,HfZrOx,2.0,0.3010299956639812,0,0,ANALOG,NOT_REPORTED,normalized_from_ratio,IDEALIZED_SINGLE_PAIR_ANALOG,IDEALIZED_ANALOG_MAPPING,16,5,31,0,2,4,203264,800,16,12800,78.96,17.27000000000001
HfZrOx_01,10.1002/pssr.202000524,HfZrOx,2.0,0.3010299956639812,0,0,ANALOG,NOT_REPORTED,normalized_from_ratio,IDEALIZED_SINGLE_PAIR_ANALOG,IDEALIZED_ANALOG_MAPPING,16,3,7,0,2,4,203264,800,16,12800,77.36,18.870000000000005
HfZrOx_01,10.1002/pssr.202000524,HfZrOx,2.0,0.3010299956639812,0,0,ANALOG,NOT_REPORTED,normalized_from_ratio,IDEALIZED_SINGLE_PAIR_ANALOG,IDEALIZED_ANALOG_MAPPING,128,3,7,0,2,5,203264,16,32,512,75.06,21.17
HfZrOx_01,10.1002/pssr.202000524,HfZrOx,2.0,0.3010299956639812,0,0,ANALOG,NOT_REPORTED,normalized_from_ratio,IDEALIZED_SINGLE_PAIR_ANALOG,IDEALIZED_ANALOG_MAPPING,256,3,7,0,2,5,203264,10,32,320,71.03,25.200000000000003
HfZrOx_01,10.1002/pssr.202000524,HfZrOx,2.0,0.3010299956639812,0,0,ANALOG,NOT_REPORTED,normalized_from_ratio,IDEALIZED_SINGLE_PAIR_ANALOG,IDEALIZED_ANALOG_MAPPING,32,3,7,0,2,4,203264,208,16,3328,69.52,26.710000000000008
HfZrOx_01,10.1002/pssr.202000524,HfZrOx,2.0,0.3010299956639812,0,0,ANALOG,NOT_REPORTED,normalized_from_ratio,IDEALIZED_SINGLE_PAIR_ANALOG,IDEALIZED_ANALOG_MAPPING,32,4,15,0,2,4,203264,208,16,3328,69.24,26.99000000000001
HfZrOx_01,10.1002/pssr.202000524,HfZrOx,2.0,0.3010299956639812,0,0,ANALOG,NOT_REPORTED,normalized_from_ratio,IDEALIZED_SINGLE_PAIR_ANALOG,IDEALIZED_ANALOG_MAPPING,32,6,63,0,2,4,203264,208,16,3328,67.1,29.13000000000001
HfZrOx_01,10.1002/pssr.202000524,HfZrOx,2.0,0.3010299956639812,0,0,ANALOG,NOT_REPORTED,normalized_from_ratio,IDEALIZED_SINGLE_PAIR_ANALOG,IDEALIZED_ANALOG_MAPPING,32,7,127,0,2,4,203264,208,16,3328,66.42,29.81
HfZrOx_01,10.1002/pssr.202000524,HfZrOx,2.0,0.3010299956639812,0,0,ANALOG,NOT_REPORTED,normalized_from_ratio,IDEALIZED_SINGLE_PAIR_ANALOG,IDEALIZED_ANALOG_MAPPING,32,5,31,0,2,4,203264,208,16,3328,66.3,29.930000000000007
HfZrOx_01,10.1002/pssr.202000524,HfZrOx,2.0,0.3010299956639812,0,0,ANALOG,NOT_REPORTED,normalized_from_ratio,IDEALIZED_SINGLE_PAIR_ANALOG,IDEALIZED_ANALOG_MAPPING,32,8,255,0,2,4,203264,208,16,3328,66.17,30.06
HfZrOx_01,10.1002/pssr.202000524,HfZrOx,2.0,0.3010299956639812,0,0,ANALOG,NOT_REPORTED,normalized_from_ratio,IDEALIZED_SINGLE_PAIR_ANALOG,IDEALIZED_ANALOG_MAPPING,64,7,127,0,2,4,203264,56,16,896,55.93,40.3
HfZrOx_01,10.1002/pssr.202000524,HfZrOx,2.0,0.3010299956639812,0,0,ANALOG,NOT_REPORTED,normalized_from_ratio,IDEALIZED_SINGLE_PAIR_ANALOG,IDEALIZED_ANALOG_MAPPING,64,8,255,0,2,4,203264,56,16,896,55.77,40.46
HfZrOx_01,10.1002/pssr.202000524,HfZrOx,2.0,0.3010299956639812,0,0,ANALOG,NOT_REPORTED,normalized_from_ratio,IDEALIZED_SINGLE_PAIR_ANALOG,IDEALIZED_ANALOG_MAPPING,64,5,31,0,2,4,203264,56,16,896,55.5,40.73
HfZrOx_01,10.1002/pssr.202000524,HfZrOx,2.0,0.3010299956639812,0,0,ANALOG,NOT_REPORTED,normalized_from_ratio,IDEALIZED_SINGLE_PAIR_ANALOG,IDEALIZED_ANALOG_MAPPING,64,4,15,0,2,4,203264,56,16,896,55.32,40.91
HfZrOx_01,10.1002/pssr.202000524,HfZrOx,2.0,0.3010299956639812,0,0,ANALOG,NOT_REPORTED,normalized_from_ratio,IDEALIZED_SINGLE_PAIR_ANALOG,IDEALIZED_ANALOG_MAPPING,64,6,63,0,2,4,203264,56,16,896,54.54,41.690000000000005
HfZrOx_01,10.1002/pssr.202000524,HfZrOx,2.0,0.3010299956639812,0,0,ANALOG,NOT_REPORTED,normalized_from_ratio,IDEALIZED_SINGLE_PAIR_ANALOG,IDEALIZED_ANALOG_MAPPING,64,3,7,0,2,4,203264,56,16,896,51.46,44.77
HfZrOx_01,10.1002/pssr.202000524,HfZrOx,2.0,0.3010299956639812,0,0,ANALOG,NOT_REPORTED,normalized_from_ratio,IDEALIZED_SINGLE_PAIR_ANALOG,IDEALIZED_ANALOG_MAPPING,128,8,255,0,2,4,203264,16,16,256,41.08,55.150000000000006
HfZrOx_01,10.1002/pssr.202000524,HfZrOx,2.0,0.3010299956639812,0,0,ANALOG,NOT_REPORTED,normalized_from_ratio,IDEALIZED_SINGLE_PAIR_ANALOG,IDEALIZED_ANALOG_MAPPING,128,7,127,0,2,4,203264,16,16,256,40.78,55.45
HfZrOx_01,10.1002/pssr.202000524,HfZrOx,2.0,0.3010299956639812,0,0,ANALOG,NOT_REPORTED,normalized_from_ratio,IDEALIZED_SINGLE_PAIR_ANALOG,IDEALIZED_ANALOG_MAPPING,128,6,63,0,2,4,203264,16,16,256,40.38,55.85
HfZrOx_01,10.1002/pssr.202000524,HfZrOx,2.0,0.3010299956639812,0,0,ANALOG,NOT_REPORTED,normalized_from_ratio,IDEALIZED_SINGLE_PAIR_ANALOG,IDEALIZED_ANALOG_MAPPING,128,4,15,0,2,4,203264,16,16,256,40.23,56.00000000000001
HfZrOx_01,10.1002/pssr.202000524,HfZrOx,2.0,0.3010299956639812,0,0,ANALOG,NOT_REPORTED,normalized_from_ratio,IDEALIZED_SINGLE_PAIR_ANALOG,IDEALIZED_ANALOG_MAPPING,128,5,31,0,2,4,203264,16,16,256,40.08,56.150000000000006
HfZrOx_01,10.1002/pssr.202000524,HfZrOx,2.0,0.3010299956639812,0,0,ANALOG,NOT_REPORTED,normalized_from_ratio,IDEALIZED_SINGLE_PAIR_ANALOG,IDEALIZED_ANALOG_MAPPING,128,3,7,0,2,4,203264,16,16,256,39.48,56.75000000000001
HfZrOx_01,10.1002/pssr.202000524,HfZrOx,2.0,0.3010299956639812,0,0,ANALOG,NOT_REPORTED,normalized_from_ratio,IDEALIZED_SINGLE_PAIR_ANALOG,IDEALIZED_ANALOG_MAPPING,256,4,15,0,2,4,203264,10,16,160,33.19,63.040000000000006
HfZrOx_01,10.1002/pssr.202000524,HfZrOx,2.0,0.3010299956639812,0,0,ANALOG,NOT_REPORTED,normalized_from_ratio,IDEALIZED_SINGLE_PAIR_ANALOG,IDEALIZED_ANALOG_MAPPING,256,8,255,0,2,4,203264,10,16,160,32.42,63.81
HfZrOx_01,10.1002/pssr.202000524,HfZrOx,2.0,0.3010299956639812,0,0,ANALOG,NOT_REPORTED,normalized_from_ratio,IDEALIZED_SINGLE_PAIR_ANALOG,IDEALIZED_ANALOG_MAPPING,256,7,127,0,2,4,203264,10,16,160,32.29,63.940000000000005
HfZrOx_01,10.1002/pssr.202000524,HfZrOx,2.0,0.3010299956639812,0,0,ANALOG,NOT_REPORTED,normalized_from_ratio,IDEALIZED_SINGLE_PAIR_ANALOG,IDEALIZED_ANALOG_MAPPING,256,6,63,0,2,4,203264,10,16,160,32.1,64.13
HfZrOx_01,10.1002/pssr.202000524,HfZrOx,2.0,0.3010299956639812,0,0,ANALOG,NOT_REPORTED,normalized_from_ratio,IDEALIZED_SINGLE_PAIR_ANALOG,IDEALIZED_ANALOG_MAPPING,256,3,7,0,2,4,203264,10,16,160,31.91,64.32000000000001
HfZrOx_01,10.1002/pssr.202000524,HfZrOx,2.0,0.3010299956639812,0,0,ANALOG,NOT_REPORTED,normalized_from_ratio,IDEALIZED_SINGLE_PAIR_ANALOG,IDEALIZED_ANALOG_MAPPING,256,5,31,0,2,4,203264,10,16,160,31.62,64.61
HfZrOx_01,10.1002/pssr.202000524,HfZrOx,2.0,0.3010299956639812,0,0,ANALOG,NOT_REPORTED,normalized_from_ratio,IDEALIZED_SINGLE_PAIR_ANALOG,IDEALIZED_ANALOG_MAPPING,64,2,3,0,2,4,203264,56,16,896,11.71,84.52000000000001
HfZrOx_01,10.1002/pssr.202000524,HfZrOx,2.0,0.3010299956639812,0,0,ANALOG,NOT_REPORTED,normalized_from_ratio,IDEALIZED_SINGLE_PAIR_ANALOG,IDEALIZED_ANALOG_MAPPING,64,2,3,0,2,5,203264,56,32,1792,11.41,84.82000000000001
HfZrOx_01,10.1002/pssr.202000524,HfZrOx,2.0,0.3010299956639812,0,0,ANALOG,NOT_REPORTED,normalized_from_ratio,IDEALIZED_SINGLE_PAIR_ANALOG,IDEALIZED_ANALOG_MAPPING,16,2,3,0,2,7,203264,800,128,102400,11.39,84.84
HfZrOx_01,10.1002/pssr.202000524,HfZrOx,2.0,0.3010299956639812,0,0,ANALOG,NOT_REPORTED,normalized_from_ratio,IDEALIZED_SINGLE_PAIR_ANALOG,IDEALIZED_ANALOG_MAPPING,32,2,3,0,2,7,203264,208,128,26624,11.36,84.87
HfZrOx_01,10.1002/pssr.202000524,HfZrOx,2.0,0.3010299956639812,0,0,ANALOG,NOT_REPORTED,normalized_from_ratio,IDEALIZED_SINGLE_PAIR_ANALOG,IDEALIZED_ANALOG_MAPPING,16,2,3,0,2,9,203264,800,512,409600,11.36,84.87
HfZrOx_01,10.1002/pssr.202000524,HfZrOx,2.0,0.3010299956639812,0,0,ANALOG,NOT_REPORTED,normalized_from_ratio,IDEALIZED_SINGLE_PAIR_ANALOG,IDEALIZED_ANALOG_MAPPING,64,2,3,0,2,6,203264,56,64,3584,11.33,84.9
HfZrOx_01,10.1002/pssr.202000524,HfZrOx,2.0,0.3010299956639812,0,0,ANALOG,NOT_REPORTED,normalized_from_ratio,IDEALIZED_SINGLE_PAIR_ANALOG,IDEALIZED_ANALOG_MAPPING,32,2,3,0,2,9,203264,208,512,106496,11.3,84.93
HfZrOx_01,10.1002/pssr.202000524,HfZrOx,2.0,0.3010299956639812,0,0,ANALOG,NOT_REPORTED,normalized_from_ratio,IDEALIZED_SINGLE_PAIR_ANALOG,IDEALIZED_ANALOG_MAPPING,256,2,3,0,2,9,203264,10,512,5120,11.28,84.95
HfZrOx_01,10.1002/pssr.202000524,HfZrOx,2.0,0.3010299956639812,0,0,ANALOG,NOT_REPORTED,normalized_from_ratio,IDEALIZED_SINGLE_PAIR_ANALOG,IDEALIZED_ANALOG_MAPPING,32,2,3,0,2,8,203264,208,256,53248,11.27,84.96000000000001
HfZrOx_01,10.1002/pssr.202000524,HfZrOx,2.0,0.3010299956639812,0,0,ANALOG,NOT_REPORTED,normalized_from_ratio,IDEALIZED_SINGLE_PAIR_ANALOG,IDEALIZED_ANALOG_MAPPING,32,2,3,0,2,10,203264,208,1024,212992,11.27,84.96000000000001
HfZrOx_01,10.1002/pssr.202000524,HfZrOx,2.0,0.3010299956639812,0,0,ANALOG,NOT_REPORTED,normalized_from_ratio,IDEALIZED_SINGLE_PAIR_ANALOG,IDEALIZED_ANALOG_MAPPING,16,2,3,0,2,6,203264,800,64,51200,11.26,84.97
HfZrOx_01,10.1002/pssr.202000524,HfZrOx,2.0,0.3010299956639812,0,0,ANALOG,NOT_REPORTED,normalized_from_ratio,IDEALIZED_SINGLE_PAIR_ANALOG,IDEALIZED_ANALOG_MAPPING,64,2,3,0,2,10,203264,56,1024,57344,11.25,84.98
HfZrOx_01,10.1002/pssr.202000524,HfZrOx,2.0,0.3010299956639812,0,0,ANALOG,NOT_REPORTED,normalized_from_ratio,IDEALIZED_SINGLE_PAIR_ANALOG,IDEALIZED_ANALOG_MAPPING,16,2,3,0,2,8,203264,800,256,204800,11.25,84.98
HfZrOx_01,10.1002/pssr.202000524,HfZrOx,2.0,0.3010299956639812,0,0,ANALOG,NOT_REPORTED,normalized_from_ratio,IDEALIZED_SINGLE_PAIR_ANALOG,IDEALIZED_ANALOG_MAPPING,256,2,3,0,2,8,203264,10,256,2560,11.25,84.98
HfZrOx_01,10.1002/pssr.202000524,HfZrOx,2.0,0.3010299956639812,0,0,ANALOG,NOT_REPORTED,normalized_from_ratio,IDEALIZED_SINGLE_PAIR_ANALOG,IDEALIZED_ANALOG_MAPPING,16,2,3,0,2,10,203264,800,1024,819200,11.24,84.99000000000001
HfZrOx_01,10.1002/pssr.202000524,HfZrOx,2.0,0.3010299956639812,0,0,ANALOG,NOT_REPORTED,normalized_from_ratio,IDEALIZED_SINGLE_PAIR_ANALOG,IDEALIZED_ANALOG_MAPPING,128,2,3,0,2,9,203264,16,512,8192,11.24,84.99000000000001
HfZrOx_01,10.1002/pssr.202000524,HfZrOx,2.0,0.3010299956639812,0,0,ANALOG,NOT_REPORTED,normalized_from_ratio,IDEALIZED_SINGLE_PAIR_ANALOG,IDEALIZED_ANALOG_MAPPING,256,2,3,0,2,10,203264,10,1024,10240,11.22,85.01
HfZrOx_01,10.1002/pssr.202000524,HfZrOx,2.0,0.3010299956639812,0,0,ANALOG,NOT_REPORTED,normalized_from_ratio,IDEALIZED_SINGLE_PAIR_ANALOG,IDEALIZED_ANALOG_MAPPING,64,2,3,0,2,7,203264,56,128,7168,11.18,85.05000000000001
HfZrOx_01,10.1002/pssr.202000524,HfZrOx,2.0,0.3010299956639812,0,0,ANALOG,NOT_REPORTED,normalized_from_ratio,IDEALIZED_SINGLE_PAIR_ANALOG,IDEALIZED_ANALOG_MAPPING,64,2,3,0,2,9,203264,56,512,28672,11.18,85.05000000000001
HfZrOx_01,10.1002/pssr.202000524,HfZrOx,2.0,0.3010299956639812,0,0,ANALOG,NOT_REPORTED,normalized_from_ratio,IDEALIZED_SINGLE_PAIR_ANALOG,IDEALIZED_ANALOG_MAPPING,128,2,3,0,2,10,203264,16,1024,16384,11.15,85.08
HfZrOx_01,10.1002/pssr.202000524,HfZrOx,2.0,0.3010299956639812,0,0,ANALOG,NOT_REPORTED,normalized_from_ratio,IDEALIZED_SINGLE_PAIR_ANALOG,IDEALIZED_ANALOG_MAPPING,128,2,3,0,2,8,203264,16,256,4096,11.14,85.09
HfZrOx_01,10.1002/pssr.202000524,HfZrOx,2.0,0.3010299956639812,0,0,ANALOG,NOT_REPORTED,normalized_from_ratio,IDEALIZED_SINGLE_PAIR_ANALOG,IDEALIZED_ANALOG_MAPPING,32,2,3,0,2,6,203264,208,64,13312,11.09,85.14
HfZrOx_01,10.1002/pssr.202000524,HfZrOx,2.0,0.3010299956639812,0,0,ANALOG,NOT_REPORTED,normalized_from_ratio,IDEALIZED_SINGLE_PAIR_ANALOG,IDEALIZED_ANALOG_MAPPING,64,2,3,0,2,8,203264,56,256,14336,11.07,85.16
HfZrOx_01,10.1002/pssr.202000524,HfZrOx,2.0,0.3010299956639812,0,0,ANALOG,NOT_REPORTED,normalized_from_ratio,IDEALIZED_SINGLE_PAIR_ANALOG,IDEALIZED_ANALOG_MAPPING,128,2,3,0,2,7,203264,16,128,2048,11.04,85.19
HfZrOx_01,10.1002/pssr.202000524,HfZrOx,2.0,0.3010299956639812,0,0,ANALOG,NOT_REPORTED,normalized_from_ratio,IDEALIZED_SINGLE_PAIR_ANALOG,IDEALIZED_ANALOG_MAPPING,32,2,3,0,2,5,203264,208,32,6656,11.02,85.21000000000001
HfZrOx_01,10.1002/pssr.202000524,HfZrOx,2.0,0.3010299956639812,0,0,ANALOG,NOT_REPORTED,normalized_from_ratio,IDEALIZED_SINGLE_PAIR_ANALOG,IDEALIZED_ANALOG_MAPPING,256,2,3,0,2,7,203264,10,128,1280,10.89,85.34
HfZrOx_01,10.1002/pssr.202000524,HfZrOx,2.0,0.3010299956639812,0,0,ANALOG,NOT_REPORTED,normalized_from_ratio,IDEALIZED_SINGLE_PAIR_ANALOG,IDEALIZED_ANALOG_MAPPING,128,2,3,0,2,6,203264,16,64,1024,10.71,85.52000000000001
HfZrOx_01,10.1002/pssr.202000524,HfZrOx,2.0,0.3010299956639812,0,0,ANALOG,NOT_REPORTED,normalized_from_ratio,IDEALIZED_SINGLE_PAIR_ANALOG,IDEALIZED_ANALOG_MAPPING,16,2,3,0,2,5,203264,800,32,25600,10.69,85.54
HfZrOx_01,10.1002/pssr.202000524,HfZrOx,2.0,0.3010299956639812,0,0,ANALOG,NOT_REPORTED,normalized_from_ratio,IDEALIZED_SINGLE_PAIR_ANALOG,IDEALIZED_ANALOG_MAPPING,256,2,3,0,2,6,203264,10,64,640,10.49,85.74000000000001
HfZrOx_01,10.1002/pssr.202000524,HfZrOx,2.0,0.3010299956639812,0,0,ANALOG,NOT_REPORTED,normalized_from_ratio,IDEALIZED_SINGLE_PAIR_ANALOG,IDEALIZED_ANALOG_MAPPING,16,2,3,0,2,4,203264,800,16,12800,10.17,86.06
HfZrOx_01,10.1002/pssr.202000524,HfZrOx,2.0,0.3010299956639812,0,0,ANALOG,NOT_REPORTED,normalized_from_ratio,IDEALIZED_SINGLE_PAIR_ANALOG,IDEALIZED_ANALOG_MAPPING,32,2,3,0,2,4,203264,208,16,3328,10.1,86.13000000000001
HfZrOx_01,10.1002/pssr.202000524,HfZrOx,2.0,0.3010299956639812,0,0,ANALOG,NOT_REPORTED,normalized_from_ratio,IDEALIZED_SINGLE_PAIR_ANALOG,IDEALIZED_ANALOG_MAPPING,128,2,3,0,2,5,203264,16,32,512,9.83,86.4
HfZrOx_01,10.1002/pssr.202000524,HfZrOx,2.0,0.3010299956639812,0,0,ANALOG,NOT_REPORTED,normalized_from_ratio,IDEALIZED_SINGLE_PAIR_ANALOG,IDEALIZED_ANALOG_MAPPING,256,2,3,0,2,5,203264,10,32,320,9.7,86.53
HfZrOx_01,10.1002/pssr.202000524,HfZrOx,2.0,0.3010299956639812,0,0,ANALOG,NOT_REPORTED,normalized_from_ratio,IDEALIZED_SINGLE_PAIR_ANALOG,IDEALIZED_ANALOG_MAPPING,128,2,3,0,2,4,203264,16,16,256,9.43,86.80000000000001
HfZrOx_01,10.1002/pssr.202000524,HfZrOx,2.0,0.3010299956639812,0,0,ANALOG,NOT_REPORTED,normalized_from_ratio,IDEALIZED_SINGLE_PAIR_ANALOG,IDEALIZED_ANALOG_MAPPING,256,2,3,0,2,4,203264,10,16,160,9.42,86.81
TiOx_03,10.1016/j.spmi.2017.10.031,TiOx,80.0,1.9030899869919435,0,0,ANALOG,NOT_REPORTED,normalized_from_ratio,IDEALIZED_SINGLE_PAIR_ANALOG,IDEALIZED_ANALOG_MAPPING,256,6,63,0,2,8,203264,10,256,2560,96.34,-0.1099999999999994
TiOx_03,10.1016/j.spmi.2017.10.031,TiOx,80.0,1.9030899869919435,0,0,ANALOG,NOT_REPORTED,normalized_from_ratio,IDEALIZED_SINGLE_PAIR_ANALOG,IDEALIZED_ANALOG_MAPPING,128,6,63,0,2,8,203264,16,256,4096,96.33,-0.0999999999999943
TiOx_03,10.1016/j.spmi.2017.10.031,TiOx,80.0,1.9030899869919435,0,0,ANALOG,NOT_REPORTED,normalized_from_ratio,IDEALIZED_SINGLE_PAIR_ANALOG,IDEALIZED_ANALOG_MAPPING,32,6,63,0,2,10,203264,208,1024,212992,96.31,-0.0799999999999983
TiOx_03,10.1016/j.spmi.2017.10.031,TiOx,80.0,1.9030899869919435,0,0,ANALOG,NOT_REPORTED,normalized_from_ratio,IDEALIZED_SINGLE_PAIR_ANALOG,IDEALIZED_ANALOG_MAPPING,16,6,63,0,2,10,203264,800,1024,819200,96.29,-0.0600000000000022
TiOx_03,10.1016/j.spmi.2017.10.031,TiOx,80.0,1.9030899869919435,0,0,ANALOG,NOT_REPORTED,normalized_from_ratio,IDEALIZED_SINGLE_PAIR_ANALOG,IDEALIZED_ANALOG_MAPPING,128,6,63,0,2,10,203264,16,1024,16384,96.29,-0.0600000000000022
TiOx_03,10.1016/j.spmi.2017.10.031,TiOx,80.0,1.9030899869919435,0,0,ANALOG,NOT_REPORTED,normalized_from_ratio,IDEALIZED_SINGLE_PAIR_ANALOG,IDEALIZED_ANALOG_MAPPING,64,6,63,0,2,10,203264,56,1024,57344,96.29,-0.0600000000000022
TiOx_03,10.1016/j.spmi.2017.10.031,TiOx,80.0,1.9030899869919435,0,0,ANALOG,NOT_REPORTED,normalized_from_ratio,IDEALIZED_SINGLE_PAIR_ANALOG,IDEALIZED_ANALOG_MAPPING,32,6,63,0,2,9,203264,208,512,106496,96.28,-0.0499999999999971
TiOx_03,10.1016/j.spmi.2017.10.031,TiOx,80.0,1.9030899869919435,0,0,ANALOG,NOT_REPORTED,normalized_from_ratio,IDEALIZED_SINGLE_PAIR_ANALOG,IDEALIZED_ANALOG_MAPPING,32,8,255,0,2,6,203264,208,64,13312,96.28,-0.0499999999999971
TiOx_03,10.1016/j.spmi.2017.10.031,TiOx,80.0,1.9030899869919435,0,0,ANALOG,NOT_REPORTED,normalized_from_ratio,IDEALIZED_SINGLE_PAIR_ANALOG,IDEALIZED_ANALOG_MAPPING,64,8,255,0,2,10,203264,56,1024,57344,96.27,-0.039999999999992
TiOx_03,10.1016/j.spmi.2017.10.031,TiOx,80.0,1.9030899869919435,0,0,ANALOG,NOT_REPORTED,normalized_from_ratio,IDEALIZED_SINGLE_PAIR_ANALOG,IDEALIZED_ANALOG_MAPPING,32,6,63,0,2,8,203264,208,256,53248,96.27,-0.039999999999992
TiOx_03,10.1016/j.spmi.2017.10.031,TiOx,80.0,1.9030899869919435,0,0,ANALOG,NOT_REPORTED,normalized_from_ratio,IDEALIZED_SINGLE_PAIR_ANALOG,IDEALIZED_ANALOG_MAPPING,32,8,255,0,2,9,203264,208,512,106496,96.27,-0.039999999999992
TiOx_03,10.1016/j.spmi.2017.10.031,TiOx,80.0,1.9030899869919435,0,0,ANALOG,NOT_REPORTED,normalized_from_ratio,IDEALIZED_SINGLE_PAIR_ANALOG,IDEALIZED_ANALOG_MAPPING,64,6,63,0,2,8,203264,56,256,14336,96.27,-0.039999999999992
TiOx_03,10.1016/j.spmi.2017.10.031,TiOx,80.0,1.9030899869919435,0,0,ANALOG,NOT_REPORTED,normalized_from_ratio,IDEALIZED_SINGLE_PAIR_ANALOG,IDEALIZED_ANALOG_MAPPING,16,8,255,0,2,7,203264,800,128,102400,96.27,-0.039999999999992
TiOx_03,10.1016/j.spmi.2017.10.031,TiOx,80.0,1.9030899869919435,0,0,ANALOG,NOT_REPORTED,normalized_from_ratio,IDEALIZED_SINGLE_PAIR_ANALOG,IDEALIZED_ANALOG_MAPPING,128,7,127,0,2,10,203264,16,1024,16384,96.26,-0.0300000000000011
TiOx_03,10.1016/j.spmi.2017.10.031,TiOx,80.0,1.9030899869919435,0,0,ANALOG,NOT_REPORTED,normalized_from_ratio,IDEALIZED_SINGLE_PAIR_ANALOG,IDEALIZED_ANALOG_MAPPING,64,6,63,0,2,9,203264,56,512,28672,96.26,-0.0300000000000011
TiOx_03,10.1016/j.spmi.2017.10.031,TiOx,80.0,1.9030899869919435,0,0,ANALOG,NOT_REPORTED,normalized_from_ratio,IDEALIZED_SINGLE_PAIR_ANALOG,IDEALIZED_ANALOG_MAPPING,16,6,63,0,2,8,203264,800,256,204800,96.26,-0.0300000000000011
TiOx_03,10.1016/j.spmi.2017.10.031,TiOx,80.0,1.9030899869919435,0,0,ANALOG,NOT_REPORTED,normalized_from_ratio,IDEALIZED_SINGLE_PAIR_ANALOG,IDEALIZED_ANALOG_MAPPING,16,8,255,0,2,8,203264,800,256,204800,96.26,-0.0300000000000011
TiOx_03,10.1016/j.spmi.2017.10.031,TiOx,80.0,1.9030899869919435,0,0,ANALOG,NOT_REPORTED,normalized_from_ratio,IDEALIZED_SINGLE_PAIR_ANALOG,IDEALIZED_ANALOG_MAPPING,16,8,255,0,2,10,203264,800,1024,819200,96.26,-0.0300000000000011
TiOx_03,10.1016/j.spmi.2017.10.031,TiOx,80.0,1.9030899869919435,0,0,ANALOG,NOT_REPORTED,normalized_from_ratio,IDEALIZED_SINGLE_PAIR_ANALOG,IDEALIZED_ANALOG_MAPPING,16,6,63,0,2,7,203264,800,128,102400,96.25,-0.019999999999996
TiOx_03,10.1016/j.spmi.2017.10.031,TiOx,80.0,1.9030899869919435,0,0,ANALOG,NOT_REPORTED,normalized_from_ratio,IDEALIZED_SINGLE_PAIR_ANALOG,IDEALIZED_ANALOG_MAPPING,32,8,255,0,2,7,203264,208,128,26624,96.25,-0.019999999999996
TiOx_03,10.1016/j.spmi.2017.10.031,TiOx,80.0,1.9030899869919435,0,0,ANALOG,NOT_REPORTED,normalized_from_ratio,IDEALIZED_SINGLE_PAIR_ANALOG,IDEALIZED_ANALOG_MAPPING,32,6,63,0,2,7,203264,208,128,26624,96.25,-0.019999999999996
TiOx_03,10.1016/j.spmi.2017.10.031,TiOx,80.0,1.9030899869919435,0,0,ANALOG,NOT_REPORTED,normalized_from_ratio,IDEALIZED_SINGLE_PAIR_ANALOG,IDEALIZED_ANALOG_MAPPING,64,7,127,0,2,7,203264,56,128,7168,96.25,-0.019999999999996
TiOx_03,10.1016/j.spmi.2017.10.031,TiOx,80.0,1.9030899869919435,0,0,ANALOG,NOT_REPORTED,normalized_from_ratio,IDEALIZED_SINGLE_PAIR_ANALOG,IDEALIZED_ANALOG_MAPPING,32,6,63,0,2,6,203264,208,64,13312,96.24,-0.0099999999999909
TiOx_03,10.1016/j.spmi.2017.10.031,TiOx,80.0,1.9030899869919435,0,0,ANALOG,NOT_REPORTED,normalized_from_ratio,IDEALIZED_SINGLE_PAIR_ANALOG,IDEALIZED_ANALOG_MAPPING,16,6,63,0,2,9,203264,800,512,409600,96.24,-0.0099999999999909
TiOx_03,10.1016/j.spmi.2017.10.031,TiOx,80.0,1.9030899869919435,0,0,ANALOG,NOT_REPORTED,normalized_from_ratio,IDEALIZED_SINGLE_PAIR_ANALOG,IDEALIZED_ANALOG_MAPPING,16,7,127,0,2,8,203264,800,256,204800,96.24,-0.0099999999999909
TiOx_03,10.1016/j.spmi.2017.10.031,TiOx,80.0,1.9030899869919435,0,0,ANALOG,NOT_REPORTED,normalized_from_ratio,IDEALIZED_SINGLE_PAIR_ANALOG,IDEALIZED_ANALOG_MAPPING,256,7,127,0,2,8,203264,10,256,2560,96.24,-0.0099999999999909
TiOx_03,10.1016/j.spmi.2017.10.031,TiOx,80.0,1.9030899869919435,0,0,ANALOG,NOT_REPORTED,normalized_from_ratio,IDEALIZED_SINGLE_PAIR_ANALOG,IDEALIZED_ANALOG_MAPPING,64,5,31,0,2,7,203264,56,128,7168,96.24,-0.0099999999999909
TiOx_03,10.1016/j.spmi.2017.10.031,TiOx,80.0,1.9030899869919435,0,0,ANALOG,NOT_REPORTED,normalized_from_ratio,IDEALIZED_SINGLE_PAIR_ANALOG,IDEALIZED_ANALOG_MAPPING,256,6,63,0,2,10,203264,10,1024,10240,96.24,-0.0099999999999909
TiOx_03,10.1016/j.spmi.2017.10.031,TiOx,80.0,1.9030899869919435,0,0,ANALOG,NOT_REPORTED,normalized_from_ratio,IDEALIZED_SINGLE_PAIR_ANALOG,IDEALIZED_ANALOG_MAPPING,64,5,31,0,2,8,203264,56,256,14336,96.24,-0.0099999999999909
TiOx_03,10.1016/j.spmi.2017.10.031,TiOx,80.0,1.9030899869919435,0,0,ANALOG,NOT_REPORTED,normalized_from_ratio,IDEALIZED_SINGLE_PAIR_ANALOG,IDEALIZED_ANALOG_MAPPING,32,8,255,0,2,10,203264,208,1024,212992,96.24,-0.0099999999999909
TiOx_03,10.1016/j.spmi.2017.10.031,TiOx,80.0,1.9030899869919435,0,0,ANALOG,NOT_REPORTED,normalized_from_ratio,IDEALIZED_SINGLE_PAIR_ANALOG,IDEALIZED_ANALOG_MAPPING,32,7,127,0,2,7,203264,208,128,26624,96.24,-0.0099999999999909
TiOx_03,10.1016/j.spmi.2017.10.031,TiOx,80.0,1.9030899869919435,0,0,ANALOG,NOT_REPORTED,normalized_from_ratio,IDEALIZED_SINGLE_PAIR_ANALOG,IDEALIZED_ANALOG_MAPPING,32,7,127,0,2,8,203264,208,256,53248,96.24,-0.0099999999999909
TiOx_03,10.1016/j.spmi.2017.10.031,TiOx,80.0,1.9030899869919435,0,0,ANALOG,NOT_REPORTED,normalized_from_ratio,IDEALIZED_SINGLE_PAIR_ANALOG,IDEALIZED_ANALOG_MAPPING,64,8,255,0,2,7,203264,56,128,7168,96.23,0.0
TiOx_03,10.1016/j.spmi.2017.10.031,TiOx,80.0,1.9030899869919435,0,0,ANALOG,NOT_REPORTED,normalized_from_ratio,IDEALIZED_SINGLE_PAIR_ANALOG,IDEALIZED_ANALOG_MAPPING,64,8,255,0,2,8,203264,56,256,14336,96.23,0.0
TiOx_03,10.1016/j.spmi.2017.10.031,TiOx,80.0,1.9030899869919435,0,0,ANALOG,NOT_REPORTED,normalized_from_ratio,IDEALIZED_SINGLE_PAIR_ANALOG,IDEALIZED_ANALOG_MAPPING,128,5,31,0,2,7,203264,16,128,2048,96.23,0.0
TiOx_03,10.1016/j.spmi.2017.10.031,TiOx,80.0,1.9030899869919435,0,0,ANALOG,NOT_REPORTED,normalized_from_ratio,IDEALIZED_SINGLE_PAIR_ANALOG,IDEALIZED_ANALOG_MAPPING,32,7,127,0,2,9,203264,208,512,106496,96.23,0.0
TiOx_03,10.1016/j.spmi.2017.10.031,TiOx,80.0,1.9030899869919435,0,0,ANALOG,NOT_REPORTED,normalized_from_ratio,IDEALIZED_SINGLE_PAIR_ANALOG,IDEALIZED_ANALOG_MAPPING,128,8,255,0,2,9,203264,16,512,8192,96.23,0.0
TiOx_03,10.1016/j.spmi.2017.10.031,TiOx,80.0,1.9030899869919435,0,0,ANALOG,NOT_REPORTED,normalized_from_ratio,IDEALIZED_SINGLE_PAIR_ANALOG,IDEALIZED_ANALOG_MAPPING,16,8,255,0,2,9,203264,800,512,409600,96.22,0.0100000000000051
TiOx_03,10.1016/j.spmi.2017.10.031,TiOx,80.0,1.9030899869919435,0,0,ANALOG,NOT_REPORTED,normalized_from_ratio,IDEALIZED_SINGLE_PAIR_ANALOG,IDEALIZED_ANALOG_MAPPING,16,7,127,0,2,7,203264,800,128,102400,96.22,0.0100000000000051
TiOx_03,10.1016/j.spmi.2017.10.031,TiOx,80.0,1.9030899869919435,0,0,ANALOG,NOT_REPORTED,normalized_from_ratio,IDEALIZED_SINGLE_PAIR_ANALOG,IDEALIZED_ANALOG_MAPPING,16,7,127,0,2,9,203264,800,512,409600,96.22,0.0100000000000051
TiOx_03,10.1016/j.spmi.2017.10.031,TiOx,80.0,1.9030899869919435,0,0,ANALOG,NOT_REPORTED,normalized_from_ratio,IDEALIZED_SINGLE_PAIR_ANALOG,IDEALIZED_ANALOG_MAPPING,128,6,63,0,2,7,203264,16,128,2048,96.22,0.0100000000000051
TiOx_03,10.1016/j.spmi.2017.10.031,TiOx,80.0,1.9030899869919435,0,0,ANALOG,NOT_REPORTED,normalized_from_ratio,IDEALIZED_SINGLE_PAIR_ANALOG,IDEALIZED_ANALOG_MAPPING,64,7,127,0,2,10,203264,56,1024,57344,96.22,0.0100000000000051
TiOx_03,10.1016/j.spmi.2017.10.031,TiOx,80.0,1.9030899869919435,0,0,ANALOG,NOT_REPORTED,normalized_from_ratio,IDEALIZED_SINGLE_PAIR_ANALOG,IDEALIZED_ANALOG_MAPPING,128,8,255,0,2,10,203264,16,1024,16384,96.22,0.0100000000000051
TiOx_03,10.1016/j.spmi.2017.10.031,TiOx,80.0,1.9030899869919435,0,0,ANALOG,NOT_REPORTED,normalized_from_ratio,IDEALIZED_SINGLE_PAIR_ANALOG,IDEALIZED_ANALOG_MAPPING,256,8,255,0,2,10,203264,10,1024,10240,96.22,0.0100000000000051
TiOx_03,10.1016/j.spmi.2017.10.031,TiOx,80.0,1.9030899869919435,0,0,ANALOG,NOT_REPORTED,normalized_from_ratio,IDEALIZED_SINGLE_PAIR_ANALOG,IDEALIZED_ANALOG_MAPPING,16,7,127,0,2,10,203264,800,1024,819200,96.22,0.0100000000000051
TiOx_03,10.1016/j.spmi.2017.10.031,TiOx,80.0,1.9030899869919435,0,0,ANALOG,NOT_REPORTED,normalized_from_ratio,IDEALIZED_SINGLE_PAIR_ANALOG,IDEALIZED_ANALOG_MAPPING,128,6,63,0,2,9,203264,16,512,8192,96.22,0.0100000000000051
TiOx_03,10.1016/j.spmi.2017.10.031,TiOx,80.0,1.9030899869919435,0,0,ANALOG,NOT_REPORTED,normalized_from_ratio,IDEALIZED_SINGLE_PAIR_ANALOG,IDEALIZED_ANALOG_MAPPING,256,7,127,0,2,10,203264,10,1024,10240,96.22,0.0100000000000051
TiOx_03,10.1016/j.spmi.2017.10.031,TiOx,80.0,1.9030899869919435,0,0,ANALOG,NOT_REPORTED,normalized_from_ratio,IDEALIZED_SINGLE_PAIR_ANALOG,IDEALIZED_ANALOG_MAPPING,128,7,127,0,2,8,203264,16,256,4096,96.21,0.0200000000000102
TiOx_03,10.1016/j.spmi.2017.10.031,TiOx,80.0,1.9030899869919435,0,0,ANALOG,NOT_REPORTED,normalized_from_ratio,IDEALIZED_SINGLE_PAIR_ANALOG,IDEALIZED_ANALOG_MAPPING,32,7,127,0,2,10,203264,208,1024,212992,96.21,0.0200000000000102
TiOx_03,10.1016/j.spmi.2017.10.031,TiOx,80.0,1.9030899869919435,0,0,ANALOG,NOT_REPORTED,normalized_from_ratio,IDEALIZED_SINGLE_PAIR_ANALOG,IDEALIZED_ANALOG_MAPPING,64,7,127,0,2,9,203264,56,512,28672,96.21,0.0200000000000102
TiOx_03,10.1016/j.spmi.2017.10.031,TiOx,80.0,1.9030899869919435,0,0,ANALOG,NOT_REPORTED,normalized_from_ratio,IDEALIZED_SINGLE_PAIR_ANALOG,IDEALIZED_ANALOG_MAPPING,64,8,255,0,2,9,203264,56,512,28672,96.21,0.0200000000000102
TiOx_03,10.1016/j.spmi.2017.10.031,TiOx,80.0,1.9030899869919435,0,0,ANALOG,NOT_REPORTED,normalized_from_ratio,IDEALIZED_SINGLE_PAIR_ANALOG,IDEALIZED_ANALOG_MAPPING,16,7,127,0,2,5,203264,800,32,25600,96.2,0.0300000000000011
TiOx_03,10.1016/j.spmi.2017.10.031,TiOx,80.0,1.9030899869919435,0,0,ANALOG,NOT_REPORTED,normalized_from_ratio,IDEALIZED_SINGLE_PAIR_ANALOG,IDEALIZED_ANALOG_MAPPING,16,6,63,0,2,6,203264,800,64,51200,96.2,0.0300000000000011
TiOx_03,10.1016/j.spmi.2017.10.031,TiOx,80.0,1.9030899869919435,0,0,ANALOG,NOT_REPORTED,normalized_from_ratio,IDEALIZED_SINGLE_PAIR_ANALOG,IDEALIZED_ANALOG_MAPPING,256,5,31,0,2,9,203264,10,512,5120,96.2,0.0300000000000011
TiOx_03,10.1016/j.spmi.2017.10.031,TiOx,80.0,1.9030899869919435,0,0,ANALOG,NOT_REPORTED,normalized_from_ratio,IDEALIZED_SINGLE_PAIR_ANALOG,IDEALIZED_ANALOG_MAPPING,64,6,63,0,2,7,203264,56,128,7168,96.2,0.0300000000000011
TiOx_03,10.1016/j.spmi.2017.10.031,TiOx,80.0,1.9030899869919435,0,0,ANALOG,NOT_REPORTED,normalized_from_ratio,IDEALIZED_SINGLE_PAIR_ANALOG,IDEALIZED_ANALOG_MAPPING,128,7,127,0,2,9,203264,16,512,8192,96.2,0.0300000000000011
TiOx_03,10.1016/j.spmi.2017.10.031,TiOx,80.0,1.9030899869919435,0,0,ANALOG,NOT_REPORTED,normalized_from_ratio,IDEALIZED_SINGLE_PAIR_ANALOG,IDEALIZED_ANALOG_MAPPING,128,8,255,0,2,7,203264,16,128,2048,96.2,0.0300000000000011
TiOx_03,10.1016/j.spmi.2017.10.031,TiOx,80.0,1.9030899869919435,0,0,ANALOG,NOT_REPORTED,normalized_from_ratio,IDEALIZED_SINGLE_PAIR_ANALOG,IDEALIZED_ANALOG_MAPPING,256,8,255,0,2,9,203264,10,512,5120,96.19,0.0400000000000062
TiOx_03,10.1016/j.spmi.2017.10.031,TiOx,80.0,1.9030899869919435,0,0,ANALOG,NOT_REPORTED,normalized_from_ratio,IDEALIZED_SINGLE_PAIR_ANALOG,IDEALIZED_ANALOG_MAPPING,256,6,63,0,2,7,203264,10,128,1280,96.19,0.0400000000000062
TiOx_03,10.1016/j.spmi.2017.10.031,TiOx,80.0,1.9030899869919435,0,0,ANALOG,NOT_REPORTED,normalized_from_ratio,IDEALIZED_SINGLE_PAIR_ANALOG,IDEALIZED_ANALOG_MAPPING,32,7,127,0,2,6,203264,208,64,13312,96.18,0.0499999999999971
TiOx_03,10.1016/j.spmi.2017.10.031,TiOx,80.0,1.9030899869919435,0,0,ANALOG,NOT_REPORTED,normalized_from_ratio,IDEALIZED_SINGLE_PAIR_ANALOG,IDEALIZED_ANALOG_MAPPING,16,8,255,0,2,6,203264,800,64,51200,96.18,0.0499999999999971
TiOx_03,10.1016/j.spmi.2017.10.031,TiOx,80.0,1.9030899869919435,0,0,ANALOG,NOT_REPORTED,normalized_from_ratio,IDEALIZED_SINGLE_PAIR_ANALOG,IDEALIZED_ANALOG_MAPPING,128,5,31,0,2,9,203264,16,512,8192,96.18,0.0499999999999971
TiOx_03,10.1016/j.spmi.2017.10.031,TiOx,80.0,1.9030899869919435,0,0,ANALOG,NOT_REPORTED,normalized_from_ratio,IDEALIZED_SINGLE_PAIR_ANALOG,IDEALIZED_ANALOG_MAPPING,256,8,255,0,2,8,203264,10,256,2560,96.18,0.0499999999999971
TiOx_03,10.1016/j.spmi.2017.10.031,TiOx,80.0,1.9030899869919435,0,0,ANALOG,NOT_REPORTED,normalized_from_ratio,IDEALIZED_SINGLE_PAIR_ANALOG,IDEALIZED_ANALOG_MAPPING,16,5,31,0,2,7,203264,800,128,102400,96.17,0.0600000000000022
TiOx_03,10.1016/j.spmi.2017.10.031,TiOx,80.0,1.9030899869919435,0,0,ANALOG,NOT_REPORTED,normalized_from_ratio,IDEALIZED_SINGLE_PAIR_ANALOG,IDEALIZED_ANALOG_MAPPING,32,8,255,0,2,8,203264,208,256,53248,96.17,0.0600000000000022
TiOx_03,10.1016/j.spmi.2017.10.031,TiOx,80.0,1.9030899869919435,0,0,ANALOG,NOT_REPORTED,normalized_from_ratio,IDEALIZED_SINGLE_PAIR_ANALOG,IDEALIZED_ANALOG_MAPPING,256,7,127,0,2,9,203264,10,512,5120,96.17,0.0600000000000022
TiOx_03,10.1016/j.spmi.2017.10.031,TiOx,80.0,1.9030899869919435,0,0,ANALOG,NOT_REPORTED,normalized_from_ratio,IDEALIZED_SINGLE_PAIR_ANALOG,IDEALIZED_ANALOG_MAPPING,64,7,127,0,2,8,203264,56,256,14336,96.17,0.0600000000000022
TiOx_03,10.1016/j.spmi.2017.10.031,TiOx,80.0,1.9030899869919435,0,0,ANALOG,NOT_REPORTED,normalized_from_ratio,IDEALIZED_SINGLE_PAIR_ANALOG,IDEALIZED_ANALOG_MAPPING,16,5,31,0,2,9,203264,800,512,409600,96.17,0.0600000000000022
TiOx_03,10.1016/j.spmi.2017.10.031,TiOx,80.0,1.9030899869919435,0,0,ANALOG,NOT_REPORTED,normalized_from_ratio,IDEALIZED_SINGLE_PAIR_ANALOG,IDEALIZED_ANALOG_MAPPING,256,6,63,0,2,9,203264,10,512,5120,96.17,0.0600000000000022
TiOx_03,10.1016/j.spmi.2017.10.031,TiOx,80.0,1.9030899869919435,0,0,ANALOG,NOT_REPORTED,normalized_from_ratio,IDEALIZED_SINGLE_PAIR_ANALOG,IDEALIZED_ANALOG_MAPPING,128,8,255,0,2,8,203264,16,256,4096,96.17,0.0600000000000022
TiOx_03,10.1016/j.spmi.2017.10.031,TiOx,80.0,1.9030899869919435,0,0,ANALOG,NOT_REPORTED,normalized_from_ratio,IDEALIZED_SINGLE_PAIR_ANALOG,IDEALIZED_ANALOG_MAPPING,64,5,31,0,2,9,203264,56,512,28672,96.16,0.0700000000000073
TiOx_03,10.1016/j.spmi.2017.10.031,TiOx,80.0,1.9030899869919435,0,0,ANALOG,NOT_REPORTED,normalized_from_ratio,IDEALIZED_SINGLE_PAIR_ANALOG,IDEALIZED_ANALOG_MAPPING,16,4,15,0,2,7,203264,800,128,102400,96.16,0.0700000000000073
TiOx_03,10.1016/j.spmi.2017.10.031,TiOx,80.0,1.9030899869919435,0,0,ANALOG,NOT_REPORTED,normalized_from_ratio,IDEALIZED_SINGLE_PAIR_ANALOG,IDEALIZED_ANALOG_MAPPING,32,5,31,0,2,7,203264,208,128,26624,96.16,0.0700000000000073
TiOx_03,10.1016/j.spmi.2017.10.031,TiOx,80.0,1.9030899869919435,0,0,ANALOG,NOT_REPORTED,normalized_from_ratio,IDEALIZED_SINGLE_PAIR_ANALOG,IDEALIZED_ANALOG_MAPPING,128,5,31,0,2,10,203264,16,1024,16384,96.15,0.0799999999999983
TiOx_03,10.1016/j.spmi.2017.10.031,TiOx,80.0,1.9030899869919435,0,0,ANALOG,NOT_REPORTED,normalized_from_ratio,IDEALIZED_SINGLE_PAIR_ANALOG,IDEALIZED_ANALOG_MAPPING,256,7,127,0,2,7,203264,10,128,1280,96.15,0.0799999999999983
TiOx_03,10.1016/j.spmi.2017.10.031,TiOx,80.0,1.9030899869919435,0,0,ANALOG,NOT_REPORTED,normalized_from_ratio,IDEALIZED_SINGLE_PAIR_ANALOG,IDEALIZED_ANALOG_MAPPING,64,5,31,0,2,6,203264,56,64,3584,96.15,0.0799999999999983
TiOx_03,10.1016/j.spmi.2017.10.031,TiOx,80.0,1.9030899869919435,0,0,ANALOG,NOT_REPORTED,normalized_from_ratio,IDEALIZED_SINGLE_PAIR_ANALOG,IDEALIZED_ANALOG_MAPPING,64,6,63,0,2,6,203264,56,64,3584,96.14,0.0900000000000034
TiOx_03,10.1016/j.spmi.2017.10.031,TiOx,80.0,1.9030899869919435,0,0,ANALOG,NOT_REPORTED,normalized_from_ratio,IDEALIZED_SINGLE_PAIR_ANALOG,IDEALIZED_ANALOG_MAPPING,128,7,127,0,2,7,203264,16,128,2048,96.14,0.0900000000000034
TiOx_03,10.1016/j.spmi.2017.10.031,TiOx,80.0,1.9030899869919435,0,0,ANALOG,NOT_REPORTED,normalized_from_ratio,IDEALIZED_SINGLE_PAIR_ANALOG,IDEALIZED_ANALOG_MAPPING,16,7,127,0,2,6,203264,800,64,51200,96.14,0.0900000000000034
TiOx_03,10.1016/j.spmi.2017.10.031,TiOx,80.0,1.9030899869919435,0,0,ANALOG,NOT_REPORTED,normalized_from_ratio,IDEALIZED_SINGLE_PAIR_ANALOG,IDEALIZED_ANALOG_MAPPING,32,5,31,0,2,9,203264,208,512,106496,96.13,0.1000000000000085
TiOx_03,10.1016/j.spmi.2017.10.031,TiOx,80.0,1.9030899869919435,0,0,ANALOG,NOT_REPORTED,normalized_from_ratio,IDEALIZED_SINGLE_PAIR_ANALOG,IDEALIZED_ANALOG_MAPPING,256,5,31,0,2,10,203264,10,1024,10240,96.13,0.1000000000000085
TiOx_03,10.1016/j.spmi.2017.10.031,TiOx,80.0,1.9030899869919435,0,0,ANALOG,NOT_REPORTED,normalized_from_ratio,IDEALIZED_SINGLE_PAIR_ANALOG,IDEALIZED_ANALOG_MAPPING,16,5,31,0,2,10,203264,800,1024,819200,96.13,0.1000000000000085
TiOx_03,10.1016/j.spmi.2017.10.031,TiOx,80.0,1.9030899869919435,0,0,ANALOG,NOT_REPORTED,normalized_from_ratio,IDEALIZED_SINGLE_PAIR_ANALOG,IDEALIZED_ANALOG_MAPPING,16,8,255,0,2,5,203264,800,32,25600,96.13,0.1000000000000085
TiOx_03,10.1016/j.spmi.2017.10.031,TiOx,80.0,1.9030899869919435,0,0,ANALOG,NOT_REPORTED,normalized_from_ratio,IDEALIZED_SINGLE_PAIR_ANALOG,IDEALIZED_ANALOG_MAPPING,32,5,31,0,2,8,203264,208,256,53248,96.13,0.1000000000000085
TiOx_03,10.1016/j.spmi.2017.10.031,TiOx,80.0,1.9030899869919435,0,0,ANALOG,NOT_REPORTED,normalized_from_ratio,IDEALIZED_SINGLE_PAIR_ANALOG,IDEALIZED_ANALOG_MAPPING,256,8,255,0,2,7,203264,10,128,1280,96.12,0.1099999999999994
TiOx_03,10.1016/j.spmi.2017.10.031,TiOx,80.0,1.9030899869919435,0,0,ANALOG,NOT_REPORTED,normalized_from_ratio,IDEALIZED_SINGLE_PAIR_ANALOG,IDEALIZED_ANALOG_MAPPING,64,5,31,0,2,10,203264,56,1024,57344,96.12,0.1099999999999994
TiOx_03,10.1016/j.spmi.2017.10.031,TiOx,80.0,1.9030899869919435,0,0,ANALOG,NOT_REPORTED,normalized_from_ratio,IDEALIZED_SINGLE_PAIR_ANALOG,IDEALIZED_ANALOG_MAPPING,64,4,15,0,2,9,203264,56,512,28672,96.12,0.1099999999999994
TiOx_03,10.1016/j.spmi.2017.10.031,TiOx,80.0,1.9030899869919435,0,0,ANALOG,NOT_REPORTED,normalized_from_ratio,IDEALIZED_SINGLE_PAIR_ANALOG,IDEALIZED_ANALOG_MAPPING,16,5,31,0,2,8,203264,800,256,204800,96.12,0.1099999999999994
TiOx_03,10.1016/j.spmi.2017.10.031,TiOx,80.0,1.9030899869919435,0,0,ANALOG,NOT_REPORTED,normalized_from_ratio,IDEALIZED_SINGLE_PAIR_ANALOG,IDEALIZED_ANALOG_MAPPING,16,6,63,0,2,5,203264,800,32,25600,96.12,0.1099999999999994
TiOx_03,10.1016/j.spmi.2017.10.031,TiOx,80.0,1.9030899869919435,0,0,ANALOG,NOT_REPORTED,normalized_from_ratio,IDEALIZED_SINGLE_PAIR_ANALOG,IDEALIZED_ANALOG_MAPPING,16,5,31,0,2,6,203264,800,64,51200,96.12,0.1099999999999994
TiOx_03,10.1016/j.spmi.2017.10.031,TiOx,80.0,1.9030899869919435,0,0,ANALOG,NOT_REPORTED,normalized_from_ratio,IDEALIZED_SINGLE_PAIR_ANALOG,IDEALIZED_ANALOG_MAPPING,32,5,31,0,2,10,203264,208,1024,212992,96.12,0.1099999999999994
TiOx_03,10.1016/j.spmi.2017.10.031,TiOx,80.0,1.9030899869919435,0,0,ANALOG,NOT_REPORTED,normalized_from_ratio,IDEALIZED_SINGLE_PAIR_ANALOG,IDEALIZED_ANALOG_MAPPING,128,5,31,0,2,8,203264,16,256,4096,96.12,0.1099999999999994
TiOx_03,10.1016/j.spmi.2017.10.031,TiOx,80.0,1.9030899869919435,0,0,ANALOG,NOT_REPORTED,normalized_from_ratio,IDEALIZED_SINGLE_PAIR_ANALOG,IDEALIZED_ANALOG_MAPPING,64,7,127,0,2,6,203264,56,64,3584,96.11,0.1200000000000045
TiOx_03,10.1016/j.spmi.2017.10.031,TiOx,80.0,1.9030899869919435,0,0,ANALOG,NOT_REPORTED,normalized_from_ratio,IDEALIZED_SINGLE_PAIR_ANALOG,IDEALIZED_ANALOG_MAPPING,64,4,15,0,2,7,203264,56,128,7168,96.09,0.1400000000000005
TiOx_03,10.1016/j.spmi.2017.10.031,TiOx,80.0,1.9030899869919435,0,0,ANALOG,NOT_REPORTED,normalized_from_ratio,IDEALIZED_SINGLE_PAIR_ANALOG,IDEALIZED_ANALOG_MAPPING,256,5,31,0,2,7,203264,10,128,1280,96.09,0.1400000000000005
TiOx_03,10.1016/j.spmi.2017.10.031,TiOx,80.0,1.9030899869919435,0,0,ANALOG,NOT_REPORTED,normalized_from_ratio,IDEALIZED_SINGLE_PAIR_ANALOG,IDEALIZED_ANALOG_MAPPING,32,7,127,0,2,5,203264,208,32,6656,96.09,0.1400000000000005
TiOx_03,10.1016/j.spmi.2017.10.031,TiOx,80.0,1.9030899869919435,0,0,ANALOG,NOT_REPORTED,normalized_from_ratio,IDEALIZED_SINGLE_PAIR_ANALOG,IDEALIZED_ANALOG_MAPPING,16,4,15,0,2,9,203264,800,512,409600,96.09,0.1400000000000005
TiOx_03,10.1016/j.spmi.2017.10.031,TiOx,80.0,1.9030899869919435,0,0,ANALOG,NOT_REPORTED,normalized_from_ratio,IDEALIZED_SINGLE_PAIR_ANALOG,IDEALIZED_ANALOG_MAPPING,64,8,255,0,2,6,203264,56,64,3584,96.09,0.1400000000000005
TiOx_03,10.1016/j.spmi.2017.10.031,TiOx,80.0,1.9030899869919435,0,0,ANALOG,NOT_REPORTED,normalized_from_ratio,IDEALIZED_SINGLE_PAIR_ANALOG,IDEALIZED_ANALOG_MAPPING,32,4,15,0,2,9,203264,208,512,106496,96.08,0.1500000000000056
TiOx_03,10.1016/j.spmi.2017.10.031,TiOx,80.0,1.9030899869919435,0,0,ANALOG,NOT_REPORTED,normalized_from_ratio,IDEALIZED_SINGLE_PAIR_ANALOG,IDEALIZED_ANALOG_MAPPING,256,4,15,0,2,10,203264,10,1024,10240,96.08,0.1500000000000056
TiOx_03,10.1016/j.spmi.2017.10.031,TiOx,80.0,1.9030899869919435,0,0,ANALOG,NOT_REPORTED,normalized_from_ratio,IDEALIZED_SINGLE_PAIR_ANALOG,IDEALIZED_ANALOG_MAPPING,256,5,31,0,2,8,203264,10,256,2560,96.08,0.1500000000000056
TiOx_03,10.1016/j.spmi.2017.10.031,TiOx,80.0,1.9030899869919435,0,0,ANALOG,NOT_REPORTED,normalized_from_ratio,IDEALIZED_SINGLE_PAIR_ANALOG,IDEALIZED_ANALOG_MAPPING,64,4,15,0,2,10,203264,56,1024,57344,96.07,0.1600000000000108
TiOx_03,10.1016/j.spmi.2017.10.031,TiOx,80.0,1.9030899869919435,0,0,ANALOG,NOT_REPORTED,normalized_from_ratio,IDEALIZED_SINGLE_PAIR_ANALOG,IDEALIZED_ANALOG_MAPPING,128,4,15,0,2,10,203264,16,1024,16384,96.07,0.1600000000000108
TiOx_03,10.1016/j.spmi.2017.10.031,TiOx,80.0,1.9030899869919435,0,0,ANALOG,NOT_REPORTED,normalized_from_ratio,IDEALIZED_SINGLE_PAIR_ANALOG,IDEALIZED_ANALOG_MAPPING,16,4,15,0,2,10,203264,800,1024,819200,96.07,0.1600000000000108
TiOx_03,10.1016/j.spmi.2017.10.031,TiOx,80.0,1.9030899869919435,0,0,ANALOG,NOT_REPORTED,normalized_from_ratio,IDEALIZED_SINGLE_PAIR_ANALOG,IDEALIZED_ANALOG_MAPPING,32,4,15,0,2,7,203264,208,128,26624,96.06,0.1700000000000017
TiOx_03,10.1016/j.spmi.2017.10.031,TiOx,80.0,1.9030899869919435,0,0,ANALOG,NOT_REPORTED,normalized_from_ratio,IDEALIZED_SINGLE_PAIR_ANALOG,IDEALIZED_ANALOG_MAPPING,64,4,15,0,2,8,203264,56,256,14336,96.05,0.1800000000000068
TiOx_03,10.1016/j.spmi.2017.10.031,TiOx,80.0,1.9030899869919435,0,0,ANALOG,NOT_REPORTED,normalized_from_ratio,IDEALIZED_SINGLE_PAIR_ANALOG,IDEALIZED_ANALOG_MAPPING,32,5,31,0,2,6,203264,208,64,13312,96.05,0.1800000000000068
TiOx_03,10.1016/j.spmi.2017.10.031,TiOx,80.0,1.9030899869919435,0,0,ANALOG,NOT_REPORTED,normalized_from_ratio,IDEALIZED_SINGLE_PAIR_ANALOG,IDEALIZED_ANALOG_MAPPING,32,4,15,0,2,8,203264,208,256,53248,96.05,0.1800000000000068
TiOx_03,10.1016/j.spmi.2017.10.031,TiOx,80.0,1.9030899869919435,0,0,ANALOG,NOT_REPORTED,normalized_from_ratio,IDEALIZED_SINGLE_PAIR_ANALOG,IDEALIZED_ANALOG_MAPPING,16,4,15,0,2,6,203264,800,64,51200,96.04,0.1899999999999977
TiOx_03,10.1016/j.spmi.2017.10.031,TiOx,80.0,1.9030899869919435,0,0,ANALOG,NOT_REPORTED,normalized_from_ratio,IDEALIZED_SINGLE_PAIR_ANALOG,IDEALIZED_ANALOG_MAPPING,32,4,15,0,2,10,203264,208,1024,212992,96.04,0.1899999999999977
TiOx_03,10.1016/j.spmi.2017.10.031,TiOx,80.0,1.9030899869919435,0,0,ANALOG,NOT_REPORTED,normalized_from_ratio,IDEALIZED_SINGLE_PAIR_ANALOG,IDEALIZED_ANALOG_MAPPING,16,4,15,0,2,8,203264,800,256,204800,96.04,0.1899999999999977
TiOx_03,10.1016/j.spmi.2017.10.031,TiOx,80.0,1.9030899869919435,0,0,ANALOG,NOT_REPORTED,normalized_from_ratio,IDEALIZED_SINGLE_PAIR_ANALOG,IDEALIZED_ANALOG_MAPPING,256,4,15,0,2,9,203264,10,512,5120,96.03,0.2000000000000028
TiOx_03,10.1016/j.spmi.2017.10.031,TiOx,80.0,1.9030899869919435,0,0,ANALOG,NOT_REPORTED,normalized_from_ratio,IDEALIZED_SINGLE_PAIR_ANALOG,IDEALIZED_ANALOG_MAPPING,256,4,15,0,2,8,203264,10,256,2560,96.03,0.2000000000000028
TiOx_03,10.1016/j.spmi.2017.10.031,TiOx,80.0,1.9030899869919435,0,0,ANALOG,NOT_REPORTED,normalized_from_ratio,IDEALIZED_SINGLE_PAIR_ANALOG,IDEALIZED_ANALOG_MAPPING,128,4,15,0,2,7,203264,16,128,2048,96.03,0.2000000000000028
TiOx_03,10.1016/j.spmi.2017.10.031,TiOx,80.0,1.9030899869919435,0,0,ANALOG,NOT_REPORTED,normalized_from_ratio,IDEALIZED_SINGLE_PAIR_ANALOG,IDEALIZED_ANALOG_MAPPING,128,4,15,0,2,9,203264,16,512,8192,96.03,0.2000000000000028
TiOx_03,10.1016/j.spmi.2017.10.031,TiOx,80.0,1.9030899869919435,0,0,ANALOG,NOT_REPORTED,normalized_from_ratio,IDEALIZED_SINGLE_PAIR_ANALOG,IDEALIZED_ANALOG_MAPPING,128,5,31,0,2,6,203264,16,64,1024,96.02,0.2100000000000079
TiOx_03,10.1016/j.spmi.2017.10.031,TiOx,80.0,1.9030899869919435,0,0,ANALOG,NOT_REPORTED,normalized_from_ratio,IDEALIZED_SINGLE_PAIR_ANALOG,IDEALIZED_ANALOG_MAPPING,16,5,31,0,2,5,203264,800,32,25600,96.01,0.2199999999999988
TiOx_03,10.1016/j.spmi.2017.10.031,TiOx,80.0,1.9030899869919435,0,0,ANALOG,NOT_REPORTED,normalized_from_ratio,IDEALIZED_SINGLE_PAIR_ANALOG,IDEALIZED_ANALOG_MAPPING,32,4,15,0,2,6,203264,208,64,13312,96.0,0.2300000000000039
TiOx_03,10.1016/j.spmi.2017.10.031,TiOx,80.0,1.9030899869919435,0,0,ANALOG,NOT_REPORTED,normalized_from_ratio,IDEALIZED_SINGLE_PAIR_ANALOG,IDEALIZED_ANALOG_MAPPING,256,4,15,0,2,7,203264,10,128,1280,96.0,0.2300000000000039
TiOx_03,10.1016/j.spmi.2017.10.031,TiOx,80.0,1.9030899869919435,0,0,ANALOG,NOT_REPORTED,normalized_from_ratio,IDEALIZED_SINGLE_PAIR_ANALOG,IDEALIZED_ANALOG_MAPPING,256,7,127,0,2,6,203264,10,64,640,95.99,0.2400000000000091
TiOx_03,10.1016/j.spmi.2017.10.031,TiOx,80.0,1.9030899869919435,0,0,ANALOG,NOT_REPORTED,normalized_from_ratio,IDEALIZED_SINGLE_PAIR_ANALOG,IDEALIZED_ANALOG_MAPPING,128,4,15,0,2,8,203264,16,256,4096,95.98,0.25
TiOx_03,10.1016/j.spmi.2017.10.031,TiOx,80.0,1.9030899869919435,0,0,ANALOG,NOT_REPORTED,normalized_from_ratio,IDEALIZED_SINGLE_PAIR_ANALOG,IDEALIZED_ANALOG_MAPPING,256,8,255,0,2,6,203264,10,64,640,95.97,0.2600000000000051
TiOx_03,10.1016/j.spmi.2017.10.031,TiOx,80.0,1.9030899869919435,0,0,ANALOG,NOT_REPORTED,normalized_from_ratio,IDEALIZED_SINGLE_PAIR_ANALOG,IDEALIZED_ANALOG_MAPPING,64,4,15,0,2,6,203264,56,64,3584,95.96,0.2700000000000102
TiOx_03,10.1016/j.spmi.2017.10.031,TiOx,80.0,1.9030899869919435,0,0,ANALOG,NOT_REPORTED,normalized_from_ratio,IDEALIZED_SINGLE_PAIR_ANALOG,IDEALIZED_ANALOG_MAPPING,32,6,63,0,2,5,203264,208,32,6656,95.95,0.2800000000000011
TiOx_03,10.1016/j.spmi.2017.10.031,TiOx,80.0,1.9030899869919435,0,0,ANALOG,NOT_REPORTED,normalized_from_ratio,IDEALIZED_SINGLE_PAIR_ANALOG,IDEALIZED_ANALOG_MAPPING,32,8,255,0,2,5,203264,208,32,6656,95.93,0.2999999999999971
TiOx_03,10.1016/j.spmi.2017.10.031,TiOx,80.0,1.9030899869919435,0,0,ANALOG,NOT_REPORTED,normalized_from_ratio,IDEALIZED_SINGLE_PAIR_ANALOG,IDEALIZED_ANALOG_MAPPING,256,6,63,0,2,6,203264,10,64,640,95.92,0.3100000000000023
TiOx_03,10.1016/j.spmi.2017.10.031,TiOx,80.0,1.9030899869919435,0,0,ANALOG,NOT_REPORTED,normalized_from_ratio,IDEALIZED_SINGLE_PAIR_ANALOG,IDEALIZED_ANALOG_MAPPING,128,7,127,0,2,6,203264,16,64,1024,95.9,0.3299999999999983
TiOx_03,10.1016/j.spmi.2017.10.031,TiOx,80.0,1.9030899869919435,0,0,ANALOG,NOT_REPORTED,normalized_from_ratio,IDEALIZED_SINGLE_PAIR_ANALOG,IDEALIZED_ANALOG_MAPPING,16,4,15,0,2,5,203264,800,32,25600,95.89,0.3400000000000034
TiOx_03,10.1016/j.spmi.2017.10.031,TiOx,80.0,1.9030899869919435,0,0,ANALOG,NOT_REPORTED,normalized_from_ratio,IDEALIZED_SINGLE_PAIR_ANALOG,IDEALIZED_ANALOG_MAPPING,128,8,255,0,2,6,203264,16,64,1024,95.89,0.3400000000000034
TiOx_03,10.1016/j.spmi.2017.10.031,TiOx,80.0,1.9030899869919435,0,0,ANALOG,NOT_REPORTED,normalized_from_ratio,IDEALIZED_SINGLE_PAIR_ANALOG,IDEALIZED_ANALOG_MAPPING,32,5,31,0,2,5,203264,208,32,6656,95.89,0.3400000000000034
TiOx_03,10.1016/j.spmi.2017.10.031,TiOx,80.0,1.9030899869919435,0,0,ANALOG,NOT_REPORTED,normalized_from_ratio,IDEALIZED_SINGLE_PAIR_ANALOG,IDEALIZED_ANALOG_MAPPING,256,5,31,0,2,6,203264,10,64,640,95.88,0.3500000000000085
TiOx_03,10.1016/j.spmi.2017.10.031,TiOx,80.0,1.9030899869919435,0,0,ANALOG,NOT_REPORTED,normalized_from_ratio,IDEALIZED_SINGLE_PAIR_ANALOG,IDEALIZED_ANALOG_MAPPING,128,6,63,0,2,6,203264,16,64,1024,95.88,0.3500000000000085
TiOx_03,10.1016/j.spmi.2017.10.031,TiOx,80.0,1.9030899869919435,0,0,ANALOG,NOT_REPORTED,normalized_from_ratio,IDEALIZED_SINGLE_PAIR_ANALOG,IDEALIZED_ANALOG_MAPPING,128,4,15,0,2,6,203264,16,64,1024,95.8,0.4300000000000068
TiOx_03,10.1016/j.spmi.2017.10.031,TiOx,80.0,1.9030899869919435,0,0,ANALOG,NOT_REPORTED,normalized_from_ratio,IDEALIZED_SINGLE_PAIR_ANALOG,IDEALIZED_ANALOG_MAPPING,256,4,15,0,2,6,203264,10,64,640,95.76,0.4699999999999988
TiOx_03,10.1016/j.spmi.2017.10.031,TiOx,80.0,1.9030899869919435,0,0,ANALOG,NOT_REPORTED,normalized_from_ratio,IDEALIZED_SINGLE_PAIR_ANALOG,IDEALIZED_ANALOG_MAPPING,32,4,15,0,2,5,203264,208,32,6656,95.7,0.5300000000000011
TiOx_03,10.1016/j.spmi.2017.10.031,TiOx,80.0,1.9030899869919435,0,0,ANALOG,NOT_REPORTED,normalized_from_ratio,IDEALIZED_SINGLE_PAIR_ANALOG,IDEALIZED_ANALOG_MAPPING,64,7,127,0,2,5,203264,56,32,1792,95.67,0.5600000000000023
TiOx_03,10.1016/j.spmi.2017.10.031,TiOx,80.0,1.9030899869919435,0,0,ANALOG,NOT_REPORTED,normalized_from_ratio,IDEALIZED_SINGLE_PAIR_ANALOG,IDEALIZED_ANALOG_MAPPING,64,6,63,0,2,5,203264,56,32,1792,95.57,0.6600000000000108
TiOx_03,10.1016/j.spmi.2017.10.031,TiOx,80.0,1.9030899869919435,0,0,ANALOG,NOT_REPORTED,normalized_from_ratio,IDEALIZED_SINGLE_PAIR_ANALOG,IDEALIZED_ANALOG_MAPPING,16,7,127,0,2,4,203264,800,16,12800,95.54,0.6899999999999977
TiOx_03,10.1016/j.spmi.2017.10.031,TiOx,80.0,1.9030899869919435,0,0,ANALOG,NOT_REPORTED,normalized_from_ratio,IDEALIZED_SINGLE_PAIR_ANALOG,IDEALIZED_ANALOG_MAPPING,16,6,63,0,2,4,203264,800,16,12800,95.52,0.710000000000008
TiOx_03,10.1016/j.spmi.2017.10.031,TiOx,80.0,1.9030899869919435,0,0,ANALOG,NOT_REPORTED,normalized_from_ratio,IDEALIZED_SINGLE_PAIR_ANALOG,IDEALIZED_ANALOG_MAPPING,64,8,255,0,2,5,203264,56,32,1792,95.49,0.7400000000000091
TiOx_03,10.1016/j.spmi.2017.10.031,TiOx,80.0,1.9030899869919435,0,0,ANALOG,NOT_REPORTED,normalized_from_ratio,IDEALIZED_SINGLE_PAIR_ANALOG,IDEALIZED_ANALOG_MAPPING,64,5,31,0,2,5,203264,56,32,1792,95.48,0.75
TiOx_03,10.1016/j.spmi.2017.10.031,TiOx,80.0,1.9030899869919435,0,0,ANALOG,NOT_REPORTED,normalized_from_ratio,IDEALIZED_SINGLE_PAIR_ANALOG,IDEALIZED_ANALOG_MAPPING,16,8,255,0,2,4,203264,800,16,12800,95.47,0.7600000000000051
TiOx_03,10.1016/j.spmi.2017.10.031,TiOx,80.0,1.9030899869919435,0,0,ANALOG,NOT_REPORTED,normalized_from_ratio,IDEALIZED_SINGLE_PAIR_ANALOG,IDEALIZED_ANALOG_MAPPING,16,5,31,0,2,4,203264,800,16,12800,95.47,0.7600000000000051
TiOx_03,10.1016/j.spmi.2017.10.031,TiOx,80.0,1.9030899869919435,0,0,ANALOG,NOT_REPORTED,normalized_from_ratio,IDEALIZED_SINGLE_PAIR_ANALOG,IDEALIZED_ANALOG_MAPPING,64,4,15,0,2,5,203264,56,32,1792,95.42,0.8100000000000023
TiOx_03,10.1016/j.spmi.2017.10.031,TiOx,80.0,1.9030899869919435,0,0,ANALOG,NOT_REPORTED,normalized_from_ratio,IDEALIZED_SINGLE_PAIR_ANALOG,IDEALIZED_ANALOG_MAPPING,16,4,15,0,2,4,203264,800,16,12800,95.3,0.9300000000000068
TiOx_03,10.1016/j.spmi.2017.10.031,TiOx,80.0,1.9030899869919435,0,0,ANALOG,NOT_REPORTED,normalized_from_ratio,IDEALIZED_SINGLE_PAIR_ANALOG,IDEALIZED_ANALOG_MAPPING,128,8,255,0,2,5,203264,16,32,512,94.63,1.6000000000000083
TiOx_03,10.1016/j.spmi.2017.10.031,TiOx,80.0,1.9030899869919435,0,0,ANALOG,NOT_REPORTED,normalized_from_ratio,IDEALIZED_SINGLE_PAIR_ANALOG,IDEALIZED_ANALOG_MAPPING,128,6,63,0,2,5,203264,16,32,512,94.5,1.730000000000004
TiOx_03,10.1016/j.spmi.2017.10.031,TiOx,80.0,1.9030899869919435,0,0,ANALOG,NOT_REPORTED,normalized_from_ratio,IDEALIZED_SINGLE_PAIR_ANALOG,IDEALIZED_ANALOG_MAPPING,128,5,31,0,2,5,203264,16,32,512,94.45,1.7800000000000011
TiOx_03,10.1016/j.spmi.2017.10.031,TiOx,80.0,1.9030899869919435,0,0,ANALOG,NOT_REPORTED,normalized_from_ratio,IDEALIZED_SINGLE_PAIR_ANALOG,IDEALIZED_ANALOG_MAPPING,128,7,127,0,2,5,203264,16,32,512,94.42,1.8100000000000025
TiOx_03,10.1016/j.spmi.2017.10.031,TiOx,80.0,1.9030899869919435,0,0,ANALOG,NOT_REPORTED,normalized_from_ratio,IDEALIZED_SINGLE_PAIR_ANALOG,IDEALIZED_ANALOG_MAPPING,32,7,127,0,2,4,203264,208,16,3328,94.36,1.8700000000000043
TiOx_03,10.1016/j.spmi.2017.10.031,TiOx,80.0,1.9030899869919435,0,0,ANALOG,NOT_REPORTED,normalized_from_ratio,IDEALIZED_SINGLE_PAIR_ANALOG,IDEALIZED_ANALOG_MAPPING,32,8,255,0,2,4,203264,208,16,3328,94.31,1.9200000000000017
TiOx_03,10.1016/j.spmi.2017.10.031,TiOx,80.0,1.9030899869919435,0,0,ANALOG,NOT_REPORTED,normalized_from_ratio,IDEALIZED_SINGLE_PAIR_ANALOG,IDEALIZED_ANALOG_MAPPING,256,6,63,0,2,5,203264,10,32,320,94.23,2.0
TiOx_03,10.1016/j.spmi.2017.10.031,TiOx,80.0,1.9030899869919435,0,0,ANALOG,NOT_REPORTED,normalized_from_ratio,IDEALIZED_SINGLE_PAIR_ANALOG,IDEALIZED_ANALOG_MAPPING,32,6,63,0,2,4,203264,208,16,3328,94.21,2.0200000000000102
TiOx_03,10.1016/j.spmi.2017.10.031,TiOx,80.0,1.9030899869919435,0,0,ANALOG,NOT_REPORTED,normalized_from_ratio,IDEALIZED_SINGLE_PAIR_ANALOG,IDEALIZED_ANALOG_MAPPING,256,7,127,0,2,5,203264,10,32,320,94.17,2.0600000000000023
TiOx_03,10.1016/j.spmi.2017.10.031,TiOx,80.0,1.9030899869919435,0,0,ANALOG,NOT_REPORTED,normalized_from_ratio,IDEALIZED_SINGLE_PAIR_ANALOG,IDEALIZED_ANALOG_MAPPING,128,4,15,0,2,5,203264,16,32,512,94.16,2.0700000000000074
TiOx_03,10.1016/j.spmi.2017.10.031,TiOx,80.0,1.9030899869919435,0,0,ANALOG,NOT_REPORTED,normalized_from_ratio,IDEALIZED_SINGLE_PAIR_ANALOG,IDEALIZED_ANALOG_MAPPING,256,8,255,0,2,5,203264,10,32,320,94.08,2.1500000000000057
TiOx_03,10.1016/j.spmi.2017.10.031,TiOx,80.0,1.9030899869919435,0,0,ANALOG,NOT_REPORTED,normalized_from_ratio,IDEALIZED_SINGLE_PAIR_ANALOG,IDEALIZED_ANALOG_MAPPING,32,4,15,0,2,4,203264,208,16,3328,94.07,2.160000000000011
TiOx_03,10.1016/j.spmi.2017.10.031,TiOx,80.0,1.9030899869919435,0,0,ANALOG,NOT_REPORTED,normalized_from_ratio,IDEALIZED_SINGLE_PAIR_ANALOG,IDEALIZED_ANALOG_MAPPING,256,5,31,0,2,5,203264,10,32,320,94.01,2.219999999999999
TiOx_03,10.1016/j.spmi.2017.10.031,TiOx,80.0,1.9030899869919435,0,0,ANALOG,NOT_REPORTED,normalized_from_ratio,IDEALIZED_SINGLE_PAIR_ANALOG,IDEALIZED_ANALOG_MAPPING,256,4,15,0,2,5,203264,10,32,320,93.99,2.240000000000009
TiOx_03,10.1016/j.spmi.2017.10.031,TiOx,80.0,1.9030899869919435,0,0,ANALOG,NOT_REPORTED,normalized_from_ratio,IDEALIZED_SINGLE_PAIR_ANALOG,IDEALIZED_ANALOG_MAPPING,32,5,31,0,2,4,203264,208,16,3328,93.95,2.280000000000001
TiOx_03,10.1016/j.spmi.2017.10.031,TiOx,80.0,1.9030899869919435,0,0,ANALOG,NOT_REPORTED,normalized_from_ratio,IDEALIZED_SINGLE_PAIR_ANALOG,IDEALIZED_ANALOG_MAPPING,64,3,7,0,2,8,203264,56,256,14336,92.28,3.950000000000003
TiOx_03,10.1016/j.spmi.2017.10.031,TiOx,80.0,1.9030899869919435,0,0,ANALOG,NOT_REPORTED,normalized_from_ratio,IDEALIZED_SINGLE_PAIR_ANALOG,IDEALIZED_ANALOG_MAPPING,256,3,7,0,2,8,203264,10,256,2560,92.28,3.950000000000003
TiOx_03,10.1016/j.spmi.2017.10.031,TiOx,80.0,1.9030899869919435,0,0,ANALOG,NOT_REPORTED,normalized_from_ratio,IDEALIZED_SINGLE_PAIR_ANALOG,IDEALIZED_ANALOG_MAPPING,16,3,7,0,2,9,203264,800,512,409600,92.27,3.960000000000008
TiOx_03,10.1016/j.spmi.2017.10.031,TiOx,80.0,1.9030899869919435,0,0,ANALOG,NOT_REPORTED,normalized_from_ratio,IDEALIZED_SINGLE_PAIR_ANALOG,IDEALIZED_ANALOG_MAPPING,128,3,7,0,2,8,203264,16,256,4096,92.27,3.960000000000008
TiOx_03,10.1016/j.spmi.2017.10.031,TiOx,80.0,1.9030899869919435,0,0,ANALOG,NOT_REPORTED,normalized_from_ratio,IDEALIZED_SINGLE_PAIR_ANALOG,IDEALIZED_ANALOG_MAPPING,16,3,7,0,2,10,203264,800,1024,819200,92.26,3.969999999999999
TiOx_03,10.1016/j.spmi.2017.10.031,TiOx,80.0,1.9030899869919435,0,0,ANALOG,NOT_REPORTED,normalized_from_ratio,IDEALIZED_SINGLE_PAIR_ANALOG,IDEALIZED_ANALOG_MAPPING,128,3,7,0,2,9,203264,16,512,8192,92.26,3.969999999999999
TiOx_03,10.1016/j.spmi.2017.10.031,TiOx,80.0,1.9030899869919435,0,0,ANALOG,NOT_REPORTED,normalized_from_ratio,IDEALIZED_SINGLE_PAIR_ANALOG,IDEALIZED_ANALOG_MAPPING,32,3,7,0,2,10,203264,208,1024,212992,92.25,3.980000000000004
TiOx_03,10.1016/j.spmi.2017.10.031,TiOx,80.0,1.9030899869919435,0,0,ANALOG,NOT_REPORTED,normalized_from_ratio,IDEALIZED_SINGLE_PAIR_ANALOG,IDEALIZED_ANALOG_MAPPING,16,3,7,0,2,7,203264,800,128,102400,92.24,3.990000000000009
TiOx_03,10.1016/j.spmi.2017.10.031,TiOx,80.0,1.9030899869919435,0,0,ANALOG,NOT_REPORTED,normalized_from_ratio,IDEALIZED_SINGLE_PAIR_ANALOG,IDEALIZED_ANALOG_MAPPING,256,3,7,0,2,9,203264,10,512,5120,92.24,3.990000000000009
TiOx_03,10.1016/j.spmi.2017.10.031,TiOx,80.0,1.9030899869919435,0,0,ANALOG,NOT_REPORTED,normalized_from_ratio,IDEALIZED_SINGLE_PAIR_ANALOG,IDEALIZED_ANALOG_MAPPING,16,3,7,0,2,8,203264,800,256,204800,92.24,3.990000000000009
TiOx_03,10.1016/j.spmi.2017.10.031,TiOx,80.0,1.9030899869919435,0,0,ANALOG,NOT_REPORTED,normalized_from_ratio,IDEALIZED_SINGLE_PAIR_ANALOG,IDEALIZED_ANALOG_MAPPING,256,3,7,0,2,10,203264,10,1024,10240,92.22,4.010000000000005
TiOx_03,10.1016/j.spmi.2017.10.031,TiOx,80.0,1.9030899869919435,0,0,ANALOG,NOT_REPORTED,normalized_from_ratio,IDEALIZED_SINGLE_PAIR_ANALOG,IDEALIZED_ANALOG_MAPPING,128,3,7,0,2,10,203264,16,1024,16384,92.21,4.02000000000001
TiOx_03,10.1016/j.spmi.2017.10.031,TiOx,80.0,1.9030899869919435,0,0,ANALOG,NOT_REPORTED,normalized_from_ratio,IDEALIZED_SINGLE_PAIR_ANALOG,IDEALIZED_ANALOG_MAPPING,32,3,7,0,2,9,203264,208,512,106496,92.2,4.030000000000001
TiOx_03,10.1016/j.spmi.2017.10.031,TiOx,80.0,1.9030899869919435,0,0,ANALOG,NOT_REPORTED,normalized_from_ratio,IDEALIZED_SINGLE_PAIR_ANALOG,IDEALIZED_ANALOG_MAPPING,64,3,7,0,2,9,203264,56,512,28672,92.2,4.030000000000001
TiOx_03,10.1016/j.spmi.2017.10.031,TiOx,80.0,1.9030899869919435,0,0,ANALOG,NOT_REPORTED,normalized_from_ratio,IDEALIZED_SINGLE_PAIR_ANALOG,IDEALIZED_ANALOG_MAPPING,32,3,7,0,2,8,203264,208,256,53248,92.19,4.040000000000006
TiOx_03,10.1016/j.spmi.2017.10.031,TiOx,80.0,1.9030899869919435,0,0,ANALOG,NOT_REPORTED,normalized_from_ratio,IDEALIZED_SINGLE_PAIR_ANALOG,IDEALIZED_ANALOG_MAPPING,32,3,7,0,2,7,203264,208,128,26624,92.18,4.049999999999997
TiOx_03,10.1016/j.spmi.2017.10.031,TiOx,80.0,1.9030899869919435,0,0,ANALOG,NOT_REPORTED,normalized_from_ratio,IDEALIZED_SINGLE_PAIR_ANALOG,IDEALIZED_ANALOG_MAPPING,64,3,7,0,2,10,203264,56,1024,57344,92.17,4.060000000000002
TiOx_03,10.1016/j.spmi.2017.10.031,TiOx,80.0,1.9030899869919435,0,0,ANALOG,NOT_REPORTED,normalized_from_ratio,IDEALIZED_SINGLE_PAIR_ANALOG,IDEALIZED_ANALOG_MAPPING,16,3,7,0,2,6,203264,800,64,51200,92.13,4.1000000000000085
TiOx_03,10.1016/j.spmi.2017.10.031,TiOx,80.0,1.9030899869919435,0,0,ANALOG,NOT_REPORTED,normalized_from_ratio,IDEALIZED_SINGLE_PAIR_ANALOG,IDEALIZED_ANALOG_MAPPING,32,3,7,0,2,6,203264,208,64,13312,92.12,4.109999999999999
TiOx_03,10.1016/j.spmi.2017.10.031,TiOx,80.0,1.9030899869919435,0,0,ANALOG,NOT_REPORTED,normalized_from_ratio,IDEALIZED_SINGLE_PAIR_ANALOG,IDEALIZED_ANALOG_MAPPING,64,3,7,0,2,6,203264,56,64,3584,92.1,4.13000000000001
TiOx_03,10.1016/j.spmi.2017.10.031,TiOx,80.0,1.9030899869919435,0,0,ANALOG,NOT_REPORTED,normalized_from_ratio,IDEALIZED_SINGLE_PAIR_ANALOG,IDEALIZED_ANALOG_MAPPING,256,3,7,0,2,7,203264,10,128,1280,92.01,4.219999999999999
TiOx_03,10.1016/j.spmi.2017.10.031,TiOx,80.0,1.9030899869919435,0,0,ANALOG,NOT_REPORTED,normalized_from_ratio,IDEALIZED_SINGLE_PAIR_ANALOG,IDEALIZED_ANALOG_MAPPING,64,3,7,0,2,7,203264,56,128,7168,91.99,4.240000000000009
TiOx_03,10.1016/j.spmi.2017.10.031,TiOx,80.0,1.9030899869919435,0,0,ANALOG,NOT_REPORTED,normalized_from_ratio,IDEALIZED_SINGLE_PAIR_ANALOG,IDEALIZED_ANALOG_MAPPING,128,3,7,0,2,7,203264,16,128,2048,91.99,4.240000000000009
TiOx_03,10.1016/j.spmi.2017.10.031,TiOx,80.0,1.9030899869919435,0,0,ANALOG,NOT_REPORTED,normalized_from_ratio,IDEALIZED_SINGLE_PAIR_ANALOG,IDEALIZED_ANALOG_MAPPING,16,3,7,0,2,5,203264,800,32,25600,91.77,4.460000000000008
TiOx_03,10.1016/j.spmi.2017.10.031,TiOx,80.0,1.9030899869919435,0,0,ANALOG,NOT_REPORTED,normalized_from_ratio,IDEALIZED_SINGLE_PAIR_ANALOG,IDEALIZED_ANALOG_MAPPING,128,3,7,0,2,6,203264,16,64,1024,91.75,4.480000000000004
TiOx_03,10.1016/j.spmi.2017.10.031,TiOx,80.0,1.9030899869919435,0,0,ANALOG,NOT_REPORTED,normalized_from_ratio,IDEALIZED_SINGLE_PAIR_ANALOG,IDEALIZED_ANALOG_MAPPING,256,3,7,0,2,6,203264,10,64,640,91.7,4.530000000000001
TiOx_03,10.1016/j.spmi.2017.10.031,TiOx,80.0,1.9030899869919435,0,0,ANALOG,NOT_REPORTED,normalized_from_ratio,IDEALIZED_SINGLE_PAIR_ANALOG,IDEALIZED_ANALOG_MAPPING,32,3,7,0,2,5,203264,208,32,6656,91.49,4.740000000000009
TiOx_03,10.1016/j.spmi.2017.10.031,TiOx,80.0,1.9030899869919435,0,0,ANALOG,NOT_REPORTED,normalized_from_ratio,IDEALIZED_SINGLE_PAIR_ANALOG,IDEALIZED_ANALOG_MAPPING,64,3,7,0,2,5,203264,56,32,1792,91.16,5.070000000000007
TiOx_03,10.1016/j.spmi.2017.10.031,TiOx,80.0,1.9030899869919435,0,0,ANALOG,NOT_REPORTED,normalized_from_ratio,IDEALIZED_SINGLE_PAIR_ANALOG,IDEALIZED_ANALOG_MAPPING,64,4,15,0,2,4,203264,56,16,896,90.55,5.680000000000007
TiOx_03,10.1016/j.spmi.2017.10.031,TiOx,80.0,1.9030899869919435,0,0,ANALOG,NOT_REPORTED,normalized_from_ratio,IDEALIZED_SINGLE_PAIR_ANALOG,IDEALIZED_ANALOG_MAPPING,16,3,7,0,2,4,203264,800,16,12800,90.55,5.680000000000007
TiOx_03,10.1016/j.spmi.2017.10.031,TiOx,80.0,1.9030899869919435,0,0,ANALOG,NOT_REPORTED,normalized_from_ratio,IDEALIZED_SINGLE_PAIR_ANALOG,IDEALIZED_ANALOG_MAPPING,64,6,63,0,2,4,203264,56,16,896,90.17,6.060000000000002
TiOx_03,10.1016/j.spmi.2017.10.031,TiOx,80.0,1.9030899869919435,0,0,ANALOG,NOT_REPORTED,normalized_from_ratio,IDEALIZED_SINGLE_PAIR_ANALOG,IDEALIZED_ANALOG_MAPPING,128,3,7,0,2,5,203264,16,32,512,90.17,6.060000000000002
TiOx_03,10.1016/j.spmi.2017.10.031,TiOx,80.0,1.9030899869919435,0,0,ANALOG,NOT_REPORTED,normalized_from_ratio,IDEALIZED_SINGLE_PAIR_ANALOG,IDEALIZED_ANALOG_MAPPING,64,7,127,0,2,4,203264,56,16,896,90.03,6.200000000000003
TiOx_03,10.1016/j.spmi.2017.10.031,TiOx,80.0,1.9030899869919435,0,0,ANALOG,NOT_REPORTED,normalized_from_ratio,IDEALIZED_SINGLE_PAIR_ANALOG,IDEALIZED_ANALOG_MAPPING,64,8,255,0,2,4,203264,56,16,896,89.9,6.329999999999998
TiOx_03,10.1016/j.spmi.2017.10.031,TiOx,80.0,1.9030899869919435,0,0,ANALOG,NOT_REPORTED,normalized_from_ratio,IDEALIZED_SINGLE_PAIR_ANALOG,IDEALIZED_ANALOG_MAPPING,64,5,31,0,2,4,203264,56,16,896,89.77,6.460000000000008
TiOx_03,10.1016/j.spmi.2017.10.031,TiOx,80.0,1.9030899869919435,0,0,ANALOG,NOT_REPORTED,normalized_from_ratio,IDEALIZED_SINGLE_PAIR_ANALOG,IDEALIZED_ANALOG_MAPPING,32,3,7,0,2,4,203264,208,16,3328,89.62,6.609999999999999
TiOx_03,10.1016/j.spmi.2017.10.031,TiOx,80.0,1.9030899869919435,0,0,ANALOG,NOT_REPORTED,normalized_from_ratio,IDEALIZED_SINGLE_PAIR_ANALOG,IDEALIZED_ANALOG_MAPPING,256,3,7,0,2,5,203264,10,32,320,89.45,6.780000000000001
TiOx_03,10.1016/j.spmi.2017.10.031,TiOx,80.0,1.9030899869919435,0,0,ANALOG,NOT_REPORTED,normalized_from_ratio,IDEALIZED_SINGLE_PAIR_ANALOG,IDEALIZED_ANALOG_MAPPING,64,3,7,0,2,4,203264,56,16,896,86.46,9.77000000000001
TiOx_03,10.1016/j.spmi.2017.10.031,TiOx,80.0,1.9030899869919435,0,0,ANALOG,NOT_REPORTED,normalized_from_ratio,IDEALIZED_SINGLE_PAIR_ANALOG,IDEALIZED_ANALOG_MAPPING,256,4,15,0,2,4,203264,10,16,160,77.68,18.55
TiOx_03,10.1016/j.spmi.2017.10.031,TiOx,80.0,1.9030899869919435,0,0,ANALOG,NOT_REPORTED,normalized_from_ratio,IDEALIZED_SINGLE_PAIR_ANALOG,IDEALIZED_ANALOG_MAPPING,128,4,15,0,2,4,203264,16,16,256,77.41,18.820000000000007
TiOx_03,10.1016/j.spmi.2017.10.031,TiOx,80.0,1.9030899869919435,0,0,ANALOG,NOT_REPORTED,normalized_from_ratio,IDEALIZED_SINGLE_PAIR_ANALOG,IDEALIZED_ANALOG_MAPPING,128,3,7,0,2,4,203264,16,16,256,76.2,20.03
TiOx_03,10.1016/j.spmi.2017.10.031,TiOx,80.0,1.9030899869919435,0,0,ANALOG,NOT_REPORTED,normalized_from_ratio,IDEALIZED_SINGLE_PAIR_ANALOG,IDEALIZED_ANALOG_MAPPING,128,6,63,0,2,4,203264,16,16,256,75.65,20.58
TiOx_03,10.1016/j.spmi.2017.10.031,TiOx,80.0,1.9030899869919435,0,0,ANALOG,NOT_REPORTED,normalized_from_ratio,IDEALIZED_SINGLE_PAIR_ANALOG,IDEALIZED_ANALOG_MAPPING,256,6,63,0,2,4,203264,10,16,160,75.58,20.65000000000001
TiOx_03,10.1016/j.spmi.2017.10.031,TiOx,80.0,1.9030899869919435,0,0,ANALOG,NOT_REPORTED,normalized_from_ratio,IDEALIZED_SINGLE_PAIR_ANALOG,IDEALIZED_ANALOG_MAPPING,256,7,127,0,2,4,203264,10,16,160,75.36,20.870000000000005
TiOx_03,10.1016/j.spmi.2017.10.031,TiOx,80.0,1.9030899869919435,0,0,ANALOG,NOT_REPORTED,normalized_from_ratio,IDEALIZED_SINGLE_PAIR_ANALOG,IDEALIZED_ANALOG_MAPPING,128,8,255,0,2,4,203264,16,16,256,75.28,20.950000000000003
TiOx_03,10.1016/j.spmi.2017.10.031,TiOx,80.0,1.9030899869919435,0,0,ANALOG,NOT_REPORTED,normalized_from_ratio,IDEALIZED_SINGLE_PAIR_ANALOG,IDEALIZED_ANALOG_MAPPING,256,8,255,0,2,4,203264,10,16,160,75.23,21.0
TiOx_03,10.1016/j.spmi.2017.10.031,TiOx,80.0,1.9030899869919435,0,0,ANALOG,NOT_REPORTED,normalized_from_ratio,IDEALIZED_SINGLE_PAIR_ANALOG,IDEALIZED_ANALOG_MAPPING,128,7,127,0,2,4,203264,16,16,256,74.92,21.31
TiOx_03,10.1016/j.spmi.2017.10.031,TiOx,80.0,1.9030899869919435,0,0,ANALOG,NOT_REPORTED,normalized_from_ratio,IDEALIZED_SINGLE_PAIR_ANALOG,IDEALIZED_ANALOG_MAPPING,256,5,31,0,2,4,203264,10,16,160,74.77,21.460000000000008
TiOx_03,10.1016/j.spmi.2017.10.031,TiOx,80.0,1.9030899869919435,0,0,ANALOG,NOT_REPORTED,normalized_from_ratio,IDEALIZED_SINGLE_PAIR_ANALOG,IDEALIZED_ANALOG_MAPPING,128,5,31,0,2,4,203264,16,16,256,74.52,21.710000000000008
TiOx_03,10.1016/j.spmi.2017.10.031,TiOx,80.0,1.9030899869919435,0,0,ANALOG,NOT_REPORTED,normalized_from_ratio,IDEALIZED_SINGLE_PAIR_ANALOG,IDEALIZED_ANALOG_MAPPING,256,3,7,0,2,4,203264,10,16,160,73.41,22.820000000000007
TiOx_03,10.1016/j.spmi.2017.10.031,TiOx,80.0,1.9030899869919435,0,0,ANALOG,NOT_REPORTED,normalized_from_ratio,IDEALIZED_SINGLE_PAIR_ANALOG,IDEALIZED_ANALOG_MAPPING,64,2,3,0,2,4,203264,56,16,896,12.52,83.71000000000001
TiOx_03,10.1016/j.spmi.2017.10.031,TiOx,80.0,1.9030899869919435,0,0,ANALOG,NOT_REPORTED,normalized_from_ratio,IDEALIZED_SINGLE_PAIR_ANALOG,IDEALIZED_ANALOG_MAPPING,64,2,3,0,2,5,203264,56,32,1792,12.05,84.18
TiOx_03,10.1016/j.spmi.2017.10.031,TiOx,80.0,1.9030899869919435,0,0,ANALOG,NOT_REPORTED,normalized_from_ratio,IDEALIZED_SINGLE_PAIR_ANALOG,IDEALIZED_ANALOG_MAPPING,16,2,3,0,2,4,203264,800,16,12800,12.04,84.19
TiOx_03,10.1016/j.spmi.2017.10.031,TiOx,80.0,1.9030899869919435,0,0,ANALOG,NOT_REPORTED,normalized_from_ratio,IDEALIZED_SINGLE_PAIR_ANALOG,IDEALIZED_ANALOG_MAPPING,128,2,3,0,2,5,203264,16,32,512,11.98,84.25
TiOx_03,10.1016/j.spmi.2017.10.031,TiOx,80.0,1.9030899869919435,0,0,ANALOG,NOT_REPORTED,normalized_from_ratio,IDEALIZED_SINGLE_PAIR_ANALOG,IDEALIZED_ANALOG_MAPPING,256,2,3,0,2,5,203264,10,32,320,11.93,84.30000000000001
TiOx_03,10.1016/j.spmi.2017.10.031,TiOx,80.0,1.9030899869919435,0,0,ANALOG,NOT_REPORTED,normalized_from_ratio,IDEALIZED_SINGLE_PAIR_ANALOG,IDEALIZED_ANALOG_MAPPING,128,2,3,0,2,4,203264,16,16,256,11.86,84.37
TiOx_03,10.1016/j.spmi.2017.10.031,TiOx,80.0,1.9030899869919435,0,0,ANALOG,NOT_REPORTED,normalized_from_ratio,IDEALIZED_SINGLE_PAIR_ANALOG,IDEALIZED_ANALOG_MAPPING,32,2,3,0,2,5,203264,208,32,6656,11.72,84.51
TiOx_03,10.1016/j.spmi.2017.10.031,TiOx,80.0,1.9030899869919435,0,0,ANALOG,NOT_REPORTED,normalized_from_ratio,IDEALIZED_SINGLE_PAIR_ANALOG,IDEALIZED_ANALOG_MAPPING,16,2,3,0,2,5,203264,800,32,25600,11.58,84.65
TiOx_03,10.1016/j.spmi.2017.10.031,TiOx,80.0,1.9030899869919435,0,0,ANALOG,NOT_REPORTED,normalized_from_ratio,IDEALIZED_SINGLE_PAIR_ANALOG,IDEALIZED_ANALOG_MAPPING,32,2,3,0,2,4,203264,208,16,3328,11.55,84.68
TiOx_03,10.1016/j.spmi.2017.10.031,TiOx,80.0,1.9030899869919435,0,0,ANALOG,NOT_REPORTED,normalized_from_ratio,IDEALIZED_SINGLE_PAIR_ANALOG,IDEALIZED_ANALOG_MAPPING,256,2,3,0,2,8,203264,10,256,2560,11.51,84.72
TiOx_03,10.1016/j.spmi.2017.10.031,TiOx,80.0,1.9030899869919435,0,0,ANALOG,NOT_REPORTED,normalized_from_ratio,IDEALIZED_SINGLE_PAIR_ANALOG,IDEALIZED_ANALOG_MAPPING,32,2,3,0,2,9,203264,208,512,106496,11.49,84.74000000000001
TiOx_03,10.1016/j.spmi.2017.10.031,TiOx,80.0,1.9030899869919435,0,0,ANALOG,NOT_REPORTED,normalized_from_ratio,IDEALIZED_SINGLE_PAIR_ANALOG,IDEALIZED_ANALOG_MAPPING,16,2,3,0,2,10,203264,800,1024,819200,11.49,84.74000000000001
TiOx_03,10.1016/j.spmi.2017.10.031,TiOx,80.0,1.9030899869919435,0,0,ANALOG,NOT_REPORTED,normalized_from_ratio,IDEALIZED_SINGLE_PAIR_ANALOG,IDEALIZED_ANALOG_MAPPING,128,2,3,0,2,8,203264,16,256,4096,11.47,84.76
TiOx_03,10.1016/j.spmi.2017.10.031,TiOx,80.0,1.9030899869919435,0,0,ANALOG,NOT_REPORTED,normalized_from_ratio,IDEALIZED_SINGLE_PAIR_ANALOG,IDEALIZED_ANALOG_MAPPING,16,2,3,0,2,9,203264,800,512,409600,11.46,84.77000000000001
TiOx_03,10.1016/j.spmi.2017.10.031,TiOx,80.0,1.9030899869919435,0,0,ANALOG,NOT_REPORTED,normalized_from_ratio,IDEALIZED_SINGLE_PAIR_ANALOG,IDEALIZED_ANALOG_MAPPING,16,2,3,0,2,8,203264,800,256,204800,11.46,84.77000000000001
TiOx_03,10.1016/j.spmi.2017.10.031,TiOx,80.0,1.9030899869919435,0,0,ANALOG,NOT_REPORTED,normalized_from_ratio,IDEALIZED_SINGLE_PAIR_ANALOG,IDEALIZED_ANALOG_MAPPING,128,2,3,0,2,7,203264,16,128,2048,11.46,84.77000000000001
TiOx_03,10.1016/j.spmi.2017.10.031,TiOx,80.0,1.9030899869919435,0,0,ANALOG,NOT_REPORTED,normalized_from_ratio,IDEALIZED_SINGLE_PAIR_ANALOG,IDEALIZED_ANALOG_MAPPING,64,2,3,0,2,9,203264,56,512,28672,11.42,84.81
TiOx_03,10.1016/j.spmi.2017.10.031,TiOx,80.0,1.9030899869919435,0,0,ANALOG,NOT_REPORTED,normalized_from_ratio,IDEALIZED_SINGLE_PAIR_ANALOG,IDEALIZED_ANALOG_MAPPING,128,2,3,0,2,9,203264,16,512,8192,11.41,84.82000000000001
TiOx_03,10.1016/j.spmi.2017.10.031,TiOx,80.0,1.9030899869919435,0,0,ANALOG,NOT_REPORTED,normalized_from_ratio,IDEALIZED_SINGLE_PAIR_ANALOG,IDEALIZED_ANALOG_MAPPING,32,2,3,0,2,8,203264,208,256,53248,11.4,84.83
TiOx_03,10.1016/j.spmi.2017.10.031,TiOx,80.0,1.9030899869919435,0,0,ANALOG,NOT_REPORTED,normalized_from_ratio,IDEALIZED_SINGLE_PAIR_ANALOG,IDEALIZED_ANALOG_MAPPING,32,2,3,0,2,6,203264,208,64,13312,11.38,84.85000000000001
TiOx_03,10.1016/j.spmi.2017.10.031,TiOx,80.0,1.9030899869919435,0,0,ANALOG,NOT_REPORTED,normalized_from_ratio,IDEALIZED_SINGLE_PAIR_ANALOG,IDEALIZED_ANALOG_MAPPING,256,2,3,0,2,9,203264,10,512,5120,11.38,84.85000000000001
TiOx_03,10.1016/j.spmi.2017.10.031,TiOx,80.0,1.9030899869919435,0,0,ANALOG,NOT_REPORTED,normalized_from_ratio,IDEALIZED_SINGLE_PAIR_ANALOG,IDEALIZED_ANALOG_MAPPING,64,2,3,0,2,8,203264,56,256,14336,11.38,84.85000000000001
TiOx_03,10.1016/j.spmi.2017.10.031,TiOx,80.0,1.9030899869919435,0,0,ANALOG,NOT_REPORTED,normalized_from_ratio,IDEALIZED_SINGLE_PAIR_ANALOG,IDEALIZED_ANALOG_MAPPING,32,2,3,0,2,10,203264,208,1024,212992,11.28,84.95
TiOx_03,10.1016/j.spmi.2017.10.031,TiOx,80.0,1.9030899869919435,0,0,ANALOG,NOT_REPORTED,normalized_from_ratio,IDEALIZED_SINGLE_PAIR_ANALOG,IDEALIZED_ANALOG_MAPPING,256,2,3,0,2,7,203264,10,128,1280,11.27,84.96000000000001
TiOx_03,10.1016/j.spmi.2017.10.031,TiOx,80.0,1.9030899869919435,0,0,ANALOG,NOT_REPORTED,normalized_from_ratio,IDEALIZED_SINGLE_PAIR_ANALOG,IDEALIZED_ANALOG_MAPPING,16,2,3,0,2,6,203264,800,64,51200,11.26,84.97
TiOx_03,10.1016/j.spmi.2017.10.031,TiOx,80.0,1.9030899869919435,0,0,ANALOG,NOT_REPORTED,normalized_from_ratio,IDEALIZED_SINGLE_PAIR_ANALOG,IDEALIZED_ANALOG_MAPPING,64,2,3,0,2,10,203264,56,1024,57344,11.25,84.98
TiOx_03,10.1016/j.spmi.2017.10.031,TiOx,80.0,1.9030899869919435,0,0,ANALOG,NOT_REPORTED,normalized_from_ratio,IDEALIZED_SINGLE_PAIR_ANALOG,IDEALIZED_ANALOG_MAPPING,32,2,3,0,2,7,203264,208,128,26624,11.23,85.0
TiOx_03,10.1016/j.spmi.2017.10.031,TiOx,80.0,1.9030899869919435,0,0,ANALOG,NOT_REPORTED,normalized_from_ratio,IDEALIZED_SINGLE_PAIR_ANALOG,IDEALIZED_ANALOG_MAPPING,128,2,3,0,2,10,203264,16,1024,16384,11.22,85.01
TiOx_03,10.1016/j.spmi.2017.10.031,TiOx,80.0,1.9030899869919435,0,0,ANALOG,NOT_REPORTED,normalized_from_ratio,IDEALIZED_SINGLE_PAIR_ANALOG,IDEALIZED_ANALOG_MAPPING,256,2,3,0,2,10,203264,10,1024,10240,11.18,85.05000000000001
TiOx_03,10.1016/j.spmi.2017.10.031,TiOx,80.0,1.9030899869919435,0,0,ANALOG,NOT_REPORTED,normalized_from_ratio,IDEALIZED_SINGLE_PAIR_ANALOG,IDEALIZED_ANALOG_MAPPING,16,2,3,0,2,7,203264,800,128,102400,11.13,85.10000000000001
TiOx_03,10.1016/j.spmi.2017.10.031,TiOx,80.0,1.9030899869919435,0,0,ANALOG,NOT_REPORTED,normalized_from_ratio,IDEALIZED_SINGLE_PAIR_ANALOG,IDEALIZED_ANALOG_MAPPING,256,2,3,0,2,4,203264,10,16,160,11.11,85.12
TiOx_03,10.1016/j.spmi.2017.10.031,TiOx,80.0,1.9030899869919435,0,0,ANALOG,NOT_REPORTED,normalized_from_ratio,IDEALIZED_SINGLE_PAIR_ANALOG,IDEALIZED_ANALOG_MAPPING,64,2,3,0,2,6,203264,56,64,3584,11.07,85.16
TiOx_03,10.1016/j.spmi.2017.10.031,TiOx,80.0,1.9030899869919435,0,0,ANALOG,NOT_REPORTED,normalized_from_ratio,IDEALIZED_SINGLE_PAIR_ANALOG,IDEALIZED_ANALOG_MAPPING,64,2,3,0,2,7,203264,56,128,7168,11.04,85.19
TiOx_03,10.1016/j.spmi.2017.10.031,TiOx,80.0,1.9030899869919435,0,0,ANALOG,NOT_REPORTED,normalized_from_ratio,IDEALIZED_SINGLE_PAIR_ANALOG,IDEALIZED_ANALOG_MAPPING,128,2,3,0,2,6,203264,16,64,1024,11.03,85.2
TiOx_03,10.1016/j.spmi.2017.10.031,TiOx,80.0,1.9030899869919435,0,0,ANALOG,NOT_REPORTED,normalized_from_ratio,IDEALIZED_SINGLE_PAIR_ANALOG,IDEALIZED_ANALOG_MAPPING,256,2,3,0,2,6,203264,10,64,640,10.89,85.34
TiOx_02_Au,10.1038/s41598-019-44607-3,TiOx,1.705978,0.23197342628038578,0,0,GRADUAL_MULTILEVEL,NOT_REPORTED,absolute,IDEALIZED_SINGLE_PAIR_GRADUAL,IDEALIZED_GRADUAL_MAPPING,64,6,63,0,2,10,203264,56,1024,57344,96.32,-0.0899999999999892
TiOx_02_Au,10.1038/s41598-019-44607-3,TiOx,1.705978,0.23197342628038578,0,0,GRADUAL_MULTILEVEL,NOT_REPORTED,absolute,IDEALIZED_SINGLE_PAIR_GRADUAL,IDEALIZED_GRADUAL_MAPPING,64,8,255,0,2,10,203264,56,1024,57344,96.29,-0.0600000000000022
TiOx_02_Au,10.1038/s41598-019-44607-3,TiOx,1.705978,0.23197342628038578,0,0,GRADUAL_MULTILEVEL,NOT_REPORTED,absolute,IDEALIZED_SINGLE_PAIR_GRADUAL,IDEALIZED_GRADUAL_MAPPING,32,6,63,0,2,10,203264,208,1024,212992,96.28,-0.0499999999999971
TiOx_02_Au,10.1038/s41598-019-44607-3,TiOx,1.705978,0.23197342628038578,0,0,GRADUAL_MULTILEVEL,NOT_REPORTED,absolute,IDEALIZED_SINGLE_PAIR_GRADUAL,IDEALIZED_GRADUAL_MAPPING,32,6,63,0,2,8,203264,208,256,53248,96.28,-0.0499999999999971
TiOx_02_Au,10.1038/s41598-019-44607-3,TiOx,1.705978,0.23197342628038578,0,0,GRADUAL_MULTILEVEL,NOT_REPORTED,absolute,IDEALIZED_SINGLE_PAIR_GRADUAL,IDEALIZED_GRADUAL_MAPPING,16,6,63,0,2,9,203264,800,512,409600,96.28,-0.0499999999999971
TiOx_02_Au,10.1038/s41598-019-44607-3,TiOx,1.705978,0.23197342628038578,0,0,GRADUAL_MULTILEVEL,NOT_REPORTED,absolute,IDEALIZED_SINGLE_PAIR_GRADUAL,IDEALIZED_GRADUAL_MAPPING,16,6,63,0,2,10,203264,800,1024,819200,96.27,-0.039999999999992
TiOx_02_Au,10.1038/s41598-019-44607-3,TiOx,1.705978,0.23197342628038578,0,0,GRADUAL_MULTILEVEL,NOT_REPORTED,absolute,IDEALIZED_SINGLE_PAIR_GRADUAL,IDEALIZED_GRADUAL_MAPPING,128,7,127,0,2,8,203264,16,256,4096,96.27,-0.039999999999992
TiOx_02_Au,10.1038/s41598-019-44607-3,TiOx,1.705978,0.23197342628038578,0,0,GRADUAL_MULTILEVEL,NOT_REPORTED,absolute,IDEALIZED_SINGLE_PAIR_GRADUAL,IDEALIZED_GRADUAL_MAPPING,32,6,63,0,2,9,203264,208,512,106496,96.27,-0.039999999999992
TiOx_02_Au,10.1038/s41598-019-44607-3,TiOx,1.705978,0.23197342628038578,0,0,GRADUAL_MULTILEVEL,NOT_REPORTED,absolute,IDEALIZED_SINGLE_PAIR_GRADUAL,IDEALIZED_GRADUAL_MAPPING,32,7,127,0,2,10,203264,208,1024,212992,96.25,-0.019999999999996
TiOx_02_Au,10.1038/s41598-019-44607-3,TiOx,1.705978,0.23197342628038578,0,0,GRADUAL_MULTILEVEL,NOT_REPORTED,absolute,IDEALIZED_SINGLE_PAIR_GRADUAL,IDEALIZED_GRADUAL_MAPPING,32,8,255,0,2,9,203264,208,512,106496,96.25,-0.019999999999996
TiOx_02_Au,10.1038/s41598-019-44607-3,TiOx,1.705978,0.23197342628038578,0,0,GRADUAL_MULTILEVEL,NOT_REPORTED,absolute,IDEALIZED_SINGLE_PAIR_GRADUAL,IDEALIZED_GRADUAL_MAPPING,16,8,255,0,2,10,203264,800,1024,819200,96.25,-0.019999999999996
TiOx_02_Au,10.1038/s41598-019-44607-3,TiOx,1.705978,0.23197342628038578,0,0,GRADUAL_MULTILEVEL,NOT_REPORTED,absolute,IDEALIZED_SINGLE_PAIR_GRADUAL,IDEALIZED_GRADUAL_MAPPING,16,7,127,0,2,9,203264,800,512,409600,96.24,-0.0099999999999909
TiOx_02_Au,10.1038/s41598-019-44607-3,TiOx,1.705978,0.23197342628038578,0,0,GRADUAL_MULTILEVEL,NOT_REPORTED,absolute,IDEALIZED_SINGLE_PAIR_GRADUAL,IDEALIZED_GRADUAL_MAPPING,16,6,63,0,2,8,203264,800,256,204800,96.24,-0.0099999999999909
TiOx_02_Au,10.1038/s41598-019-44607-3,TiOx,1.705978,0.23197342628038578,0,0,GRADUAL_MULTILEVEL,NOT_REPORTED,absolute,IDEALIZED_SINGLE_PAIR_GRADUAL,IDEALIZED_GRADUAL_MAPPING,64,8,255,0,2,9,203264,56,512,28672,96.24,-0.0099999999999909
TiOx_02_Au,10.1038/s41598-019-44607-3,TiOx,1.705978,0.23197342628038578,0,0,GRADUAL_MULTILEVEL,NOT_REPORTED,absolute,IDEALIZED_SINGLE_PAIR_GRADUAL,IDEALIZED_GRADUAL_MAPPING,256,7,127,0,2,10,203264,10,1024,10240,96.24,-0.0099999999999909
TiOx_02_Au,10.1038/s41598-019-44607-3,TiOx,1.705978,0.23197342628038578,0,0,GRADUAL_MULTILEVEL,NOT_REPORTED,absolute,IDEALIZED_SINGLE_PAIR_GRADUAL,IDEALIZED_GRADUAL_MAPPING,256,7,127,0,2,8,203264,10,256,2560,96.23,0.0
TiOx_02_Au,10.1038/s41598-019-44607-3,TiOx,1.705978,0.23197342628038578,0,0,GRADUAL_MULTILEVEL,NOT_REPORTED,absolute,IDEALIZED_SINGLE_PAIR_GRADUAL,IDEALIZED_GRADUAL_MAPPING,256,8,255,0,2,10,203264,10,1024,10240,96.23,0.0
TiOx_02_Au,10.1038/s41598-019-44607-3,TiOx,1.705978,0.23197342628038578,0,0,GRADUAL_MULTILEVEL,NOT_REPORTED,absolute,IDEALIZED_SINGLE_PAIR_GRADUAL,IDEALIZED_GRADUAL_MAPPING,32,6,63,0,2,7,203264,208,128,26624,96.22,0.0100000000000051
TiOx_02_Au,10.1038/s41598-019-44607-3,TiOx,1.705978,0.23197342628038578,0,0,GRADUAL_MULTILEVEL,NOT_REPORTED,absolute,IDEALIZED_SINGLE_PAIR_GRADUAL,IDEALIZED_GRADUAL_MAPPING,16,8,255,0,2,9,203264,800,512,409600,96.22,0.0100000000000051
TiOx_02_Au,10.1038/s41598-019-44607-3,TiOx,1.705978,0.23197342628038578,0,0,GRADUAL_MULTILEVEL,NOT_REPORTED,absolute,IDEALIZED_SINGLE_PAIR_GRADUAL,IDEALIZED_GRADUAL_MAPPING,32,7,127,0,2,9,203264,208,512,106496,96.22,0.0100000000000051
TiOx_02_Au,10.1038/s41598-019-44607-3,TiOx,1.705978,0.23197342628038578,0,0,GRADUAL_MULTILEVEL,NOT_REPORTED,absolute,IDEALIZED_SINGLE_PAIR_GRADUAL,IDEALIZED_GRADUAL_MAPPING,32,7,127,0,2,8,203264,208,256,53248,96.22,0.0100000000000051
TiOx_02_Au,10.1038/s41598-019-44607-3,TiOx,1.705978,0.23197342628038578,0,0,GRADUAL_MULTILEVEL,NOT_REPORTED,absolute,IDEALIZED_SINGLE_PAIR_GRADUAL,IDEALIZED_GRADUAL_MAPPING,128,7,127,0,2,10,203264,16,1024,16384,96.22,0.0100000000000051
TiOx_02_Au,10.1038/s41598-019-44607-3,TiOx,1.705978,0.23197342628038578,0,0,GRADUAL_MULTILEVEL,NOT_REPORTED,absolute,IDEALIZED_SINGLE_PAIR_GRADUAL,IDEALIZED_GRADUAL_MAPPING,128,6,63,0,2,10,203264,16,1024,16384,96.22,0.0100000000000051
TiOx_02_Au,10.1038/s41598-019-44607-3,TiOx,1.705978,0.23197342628038578,0,0,GRADUAL_MULTILEVEL,NOT_REPORTED,absolute,IDEALIZED_SINGLE_PAIR_GRADUAL,IDEALIZED_GRADUAL_MAPPING,16,7,127,0,2,10,203264,800,1024,819200,96.21,0.0200000000000102
TiOx_02_Au,10.1038/s41598-019-44607-3,TiOx,1.705978,0.23197342628038578,0,0,GRADUAL_MULTILEVEL,NOT_REPORTED,absolute,IDEALIZED_SINGLE_PAIR_GRADUAL,IDEALIZED_GRADUAL_MAPPING,16,7,127,0,2,7,203264,800,128,102400,96.21,0.0200000000000102
TiOx_02_Au,10.1038/s41598-019-44607-3,TiOx,1.705978,0.23197342628038578,0,0,GRADUAL_MULTILEVEL,NOT_REPORTED,absolute,IDEALIZED_SINGLE_PAIR_GRADUAL,IDEALIZED_GRADUAL_MAPPING,64,6,63,0,2,9,203264,56,512,28672,96.21,0.0200000000000102
TiOx_02_Au,10.1038/s41598-019-44607-3,TiOx,1.705978,0.23197342628038578,0,0,GRADUAL_MULTILEVEL,NOT_REPORTED,absolute,IDEALIZED_SINGLE_PAIR_GRADUAL,IDEALIZED_GRADUAL_MAPPING,64,7,127,0,2,9,203264,56,512,28672,96.21,0.0200000000000102
TiOx_02_Au,10.1038/s41598-019-44607-3,TiOx,1.705978,0.23197342628038578,0,0,GRADUAL_MULTILEVEL,NOT_REPORTED,absolute,IDEALIZED_SINGLE_PAIR_GRADUAL,IDEALIZED_GRADUAL_MAPPING,16,8,255,0,2,7,203264,800,128,102400,96.21,0.0200000000000102
TiOx_02_Au,10.1038/s41598-019-44607-3,TiOx,1.705978,0.23197342628038578,0,0,GRADUAL_MULTILEVEL,NOT_REPORTED,absolute,IDEALIZED_SINGLE_PAIR_GRADUAL,IDEALIZED_GRADUAL_MAPPING,64,7,127,0,2,10,203264,56,1024,57344,96.2,0.0300000000000011
TiOx_02_Au,10.1038/s41598-019-44607-3,TiOx,1.705978,0.23197342628038578,0,0,GRADUAL_MULTILEVEL,NOT_REPORTED,absolute,IDEALIZED_SINGLE_PAIR_GRADUAL,IDEALIZED_GRADUAL_MAPPING,32,8,255,0,2,8,203264,208,256,53248,96.2,0.0300000000000011
TiOx_02_Au,10.1038/s41598-019-44607-3,TiOx,1.705978,0.23197342628038578,0,0,GRADUAL_MULTILEVEL,NOT_REPORTED,absolute,IDEALIZED_SINGLE_PAIR_GRADUAL,IDEALIZED_GRADUAL_MAPPING,32,8,255,0,2,10,203264,208,1024,212992,96.2,0.0300000000000011
TiOx_02_Au,10.1038/s41598-019-44607-3,TiOx,1.705978,0.23197342628038578,0,0,GRADUAL_MULTILEVEL,NOT_REPORTED,absolute,IDEALIZED_SINGLE_PAIR_GRADUAL,IDEALIZED_GRADUAL_MAPPING,16,8,255,0,2,8,203264,800,256,204800,96.19,0.0400000000000062
TiOx_02_Au,10.1038/s41598-019-44607-3,TiOx,1.705978,0.23197342628038578,0,0,GRADUAL_MULTILEVEL,NOT_REPORTED,absolute,IDEALIZED_SINGLE_PAIR_GRADUAL,IDEALIZED_GRADUAL_MAPPING,128,8,255,0,2,10,203264,16,1024,16384,96.19,0.0400000000000062
TiOx_02_Au,10.1038/s41598-019-44607-3,TiOx,1.705978,0.23197342628038578,0,0,GRADUAL_MULTILEVEL,NOT_REPORTED,absolute,IDEALIZED_SINGLE_PAIR_GRADUAL,IDEALIZED_GRADUAL_MAPPING,256,7,127,0,2,9,203264,10,512,5120,96.18,0.0499999999999971
TiOx_02_Au,10.1038/s41598-019-44607-3,TiOx,1.705978,0.23197342628038578,0,0,GRADUAL_MULTILEVEL,NOT_REPORTED,absolute,IDEALIZED_SINGLE_PAIR_GRADUAL,IDEALIZED_GRADUAL_MAPPING,64,5,31,0,2,9,203264,56,512,28672,96.18,0.0499999999999971
TiOx_02_Au,10.1038/s41598-019-44607-3,TiOx,1.705978,0.23197342628038578,0,0,GRADUAL_MULTILEVEL,NOT_REPORTED,absolute,IDEALIZED_SINGLE_PAIR_GRADUAL,IDEALIZED_GRADUAL_MAPPING,256,6,63,0,2,8,203264,10,256,2560,96.18,0.0499999999999971
TiOx_02_Au,10.1038/s41598-019-44607-3,TiOx,1.705978,0.23197342628038578,0,0,GRADUAL_MULTILEVEL,NOT_REPORTED,absolute,IDEALIZED_SINGLE_PAIR_GRADUAL,IDEALIZED_GRADUAL_MAPPING,32,8,255,0,2,7,203264,208,128,26624,96.18,0.0499999999999971
TiOx_02_Au,10.1038/s41598-019-44607-3,TiOx,1.705978,0.23197342628038578,0,0,GRADUAL_MULTILEVEL,NOT_REPORTED,absolute,IDEALIZED_SINGLE_PAIR_GRADUAL,IDEALIZED_GRADUAL_MAPPING,16,5,31,0,2,8,203264,800,256,204800,96.17,0.0600000000000022
TiOx_02_Au,10.1038/s41598-019-44607-3,TiOx,1.705978,0.23197342628038578,0,0,GRADUAL_MULTILEVEL,NOT_REPORTED,absolute,IDEALIZED_SINGLE_PAIR_GRADUAL,IDEALIZED_GRADUAL_MAPPING,16,7,127,0,2,8,203264,800,256,204800,96.17,0.0600000000000022
TiOx_02_Au,10.1038/s41598-019-44607-3,TiOx,1.705978,0.23197342628038578,0,0,GRADUAL_MULTILEVEL,NOT_REPORTED,absolute,IDEALIZED_SINGLE_PAIR_GRADUAL,IDEALIZED_GRADUAL_MAPPING,16,6,63,0,2,7,203264,800,128,102400,96.17,0.0600000000000022
TiOx_02_Au,10.1038/s41598-019-44607-3,TiOx,1.705978,0.23197342628038578,0,0,GRADUAL_MULTILEVEL,NOT_REPORTED,absolute,IDEALIZED_SINGLE_PAIR_GRADUAL,IDEALIZED_GRADUAL_MAPPING,64,6,63,0,2,7,203264,56,128,7168,96.17,0.0600000000000022
TiOx_02_Au,10.1038/s41598-019-44607-3,TiOx,1.705978,0.23197342628038578,0,0,GRADUAL_MULTILEVEL,NOT_REPORTED,absolute,IDEALIZED_SINGLE_PAIR_GRADUAL,IDEALIZED_GRADUAL_MAPPING,64,5,31,0,2,10,203264,56,1024,57344,96.17,0.0600000000000022
TiOx_02_Au,10.1038/s41598-019-44607-3,TiOx,1.705978,0.23197342628038578,0,0,GRADUAL_MULTILEVEL,NOT_REPORTED,absolute,IDEALIZED_SINGLE_PAIR_GRADUAL,IDEALIZED_GRADUAL_MAPPING,256,6,63,0,2,9,203264,10,512,5120,96.16,0.0700000000000073
TiOx_02_Au,10.1038/s41598-019-44607-3,TiOx,1.705978,0.23197342628038578,0,0,GRADUAL_MULTILEVEL,NOT_REPORTED,absolute,IDEALIZED_SINGLE_PAIR_GRADUAL,IDEALIZED_GRADUAL_MAPPING,128,6,63,0,2,9,203264,16,512,8192,96.16,0.0700000000000073
TiOx_02_Au,10.1038/s41598-019-44607-3,TiOx,1.705978,0.23197342628038578,0,0,GRADUAL_MULTILEVEL,NOT_REPORTED,absolute,IDEALIZED_SINGLE_PAIR_GRADUAL,IDEALIZED_GRADUAL_MAPPING,256,5,31,0,2,10,203264,10,1024,10240,96.16,0.0700000000000073
TiOx_02_Au,10.1038/s41598-019-44607-3,TiOx,1.705978,0.23197342628038578,0,0,GRADUAL_MULTILEVEL,NOT_REPORTED,absolute,IDEALIZED_SINGLE_PAIR_GRADUAL,IDEALIZED_GRADUAL_MAPPING,256,5,31,0,2,8,203264,10,256,2560,96.16,0.0700000000000073
TiOx_02_Au,10.1038/s41598-019-44607-3,TiOx,1.705978,0.23197342628038578,0,0,GRADUAL_MULTILEVEL,NOT_REPORTED,absolute,IDEALIZED_SINGLE_PAIR_GRADUAL,IDEALIZED_GRADUAL_MAPPING,256,6,63,0,2,10,203264,10,1024,10240,96.15,0.0799999999999983
TiOx_02_Au,10.1038/s41598-019-44607-3,TiOx,1.705978,0.23197342628038578,0,0,GRADUAL_MULTILEVEL,NOT_REPORTED,absolute,IDEALIZED_SINGLE_PAIR_GRADUAL,IDEALIZED_GRADUAL_MAPPING,32,5,31,0,2,8,203264,208,256,53248,96.15,0.0799999999999983
TiOx_02_Au,10.1038/s41598-019-44607-3,TiOx,1.705978,0.23197342628038578,0,0,GRADUAL_MULTILEVEL,NOT_REPORTED,absolute,IDEALIZED_SINGLE_PAIR_GRADUAL,IDEALIZED_GRADUAL_MAPPING,16,5,31,0,2,9,203264,800,512,409600,96.15,0.0799999999999983
TiOx_02_Au,10.1038/s41598-019-44607-3,TiOx,1.705978,0.23197342628038578,0,0,GRADUAL_MULTILEVEL,NOT_REPORTED,absolute,IDEALIZED_SINGLE_PAIR_GRADUAL,IDEALIZED_GRADUAL_MAPPING,16,5,31,0,2,10,203264,800,1024,819200,96.14,0.0900000000000034
TiOx_02_Au,10.1038/s41598-019-44607-3,TiOx,1.705978,0.23197342628038578,0,0,GRADUAL_MULTILEVEL,NOT_REPORTED,absolute,IDEALIZED_SINGLE_PAIR_GRADUAL,IDEALIZED_GRADUAL_MAPPING,16,5,31,0,2,7,203264,800,128,102400,96.14,0.0900000000000034
TiOx_02_Au,10.1038/s41598-019-44607-3,TiOx,1.705978,0.23197342628038578,0,0,GRADUAL_MULTILEVEL,NOT_REPORTED,absolute,IDEALIZED_SINGLE_PAIR_GRADUAL,IDEALIZED_GRADUAL_MAPPING,32,5,31,0,2,9,203264,208,512,106496,96.14,0.0900000000000034
TiOx_02_Au,10.1038/s41598-019-44607-3,TiOx,1.705978,0.23197342628038578,0,0,GRADUAL_MULTILEVEL,NOT_REPORTED,absolute,IDEALIZED_SINGLE_PAIR_GRADUAL,IDEALIZED_GRADUAL_MAPPING,32,5,31,0,2,10,203264,208,1024,212992,96.14,0.0900000000000034
TiOx_02_Au,10.1038/s41598-019-44607-3,TiOx,1.705978,0.23197342628038578,0,0,GRADUAL_MULTILEVEL,NOT_REPORTED,absolute,IDEALIZED_SINGLE_PAIR_GRADUAL,IDEALIZED_GRADUAL_MAPPING,256,8,255,0,2,9,203264,10,512,5120,96.14,0.0900000000000034
TiOx_02_Au,10.1038/s41598-019-44607-3,TiOx,1.705978,0.23197342628038578,0,0,GRADUAL_MULTILEVEL,NOT_REPORTED,absolute,IDEALIZED_SINGLE_PAIR_GRADUAL,IDEALIZED_GRADUAL_MAPPING,128,5,31,0,2,8,203264,16,256,4096,96.14,0.0900000000000034
TiOx_02_Au,10.1038/s41598-019-44607-3,TiOx,1.705978,0.23197342628038578,0,0,GRADUAL_MULTILEVEL,NOT_REPORTED,absolute,IDEALIZED_SINGLE_PAIR_GRADUAL,IDEALIZED_GRADUAL_MAPPING,128,8,255,0,2,9,203264,16,512,8192,96.13,0.1000000000000085
TiOx_02_Au,10.1038/s41598-019-44607-3,TiOx,1.705978,0.23197342628038578,0,0,GRADUAL_MULTILEVEL,NOT_REPORTED,absolute,IDEALIZED_SINGLE_PAIR_GRADUAL,IDEALIZED_GRADUAL_MAPPING,256,8,255,0,2,8,203264,10,256,2560,96.13,0.1000000000000085
TiOx_02_Au,10.1038/s41598-019-44607-3,TiOx,1.705978,0.23197342628038578,0,0,GRADUAL_MULTILEVEL,NOT_REPORTED,absolute,IDEALIZED_SINGLE_PAIR_GRADUAL,IDEALIZED_GRADUAL_MAPPING,128,6,63,0,2,8,203264,16,256,4096,96.13,0.1000000000000085
TiOx_02_Au,10.1038/s41598-019-44607-3,TiOx,1.705978,0.23197342628038578,0,0,GRADUAL_MULTILEVEL,NOT_REPORTED,absolute,IDEALIZED_SINGLE_PAIR_GRADUAL,IDEALIZED_GRADUAL_MAPPING,128,5,31,0,2,10,203264,16,1024,16384,96.13,0.1000000000000085
TiOx_02_Au,10.1038/s41598-019-44607-3,TiOx,1.705978,0.23197342628038578,0,0,GRADUAL_MULTILEVEL,NOT_REPORTED,absolute,IDEALIZED_SINGLE_PAIR_GRADUAL,IDEALIZED_GRADUAL_MAPPING,128,4,15,0,2,10,203264,16,1024,16384,96.12,0.1099999999999994
TiOx_02_Au,10.1038/s41598-019-44607-3,TiOx,1.705978,0.23197342628038578,0,0,GRADUAL_MULTILEVEL,NOT_REPORTED,absolute,IDEALIZED_SINGLE_PAIR_GRADUAL,IDEALIZED_GRADUAL_MAPPING,128,5,31,0,2,9,203264,16,512,8192,96.12,0.1099999999999994
TiOx_02_Au,10.1038/s41598-019-44607-3,TiOx,1.705978,0.23197342628038578,0,0,GRADUAL_MULTILEVEL,NOT_REPORTED,absolute,IDEALIZED_SINGLE_PAIR_GRADUAL,IDEALIZED_GRADUAL_MAPPING,16,4,15,0,2,7,203264,800,128,102400,96.12,0.1099999999999994
TiOx_02_Au,10.1038/s41598-019-44607-3,TiOx,1.705978,0.23197342628038578,0,0,GRADUAL_MULTILEVEL,NOT_REPORTED,absolute,IDEALIZED_SINGLE_PAIR_GRADUAL,IDEALIZED_GRADUAL_MAPPING,128,7,127,0,2,9,203264,16,512,8192,96.11,0.1200000000000045
TiOx_02_Au,10.1038/s41598-019-44607-3,TiOx,1.705978,0.23197342628038578,0,0,GRADUAL_MULTILEVEL,NOT_REPORTED,absolute,IDEALIZED_SINGLE_PAIR_GRADUAL,IDEALIZED_GRADUAL_MAPPING,16,4,15,0,2,8,203264,800,256,204800,96.11,0.1200000000000045
TiOx_02_Au,10.1038/s41598-019-44607-3,TiOx,1.705978,0.23197342628038578,0,0,GRADUAL_MULTILEVEL,NOT_REPORTED,absolute,IDEALIZED_SINGLE_PAIR_GRADUAL,IDEALIZED_GRADUAL_MAPPING,32,7,127,0,2,7,203264,208,128,26624,96.11,0.1200000000000045
TiOx_02_Au,10.1038/s41598-019-44607-3,TiOx,1.705978,0.23197342628038578,0,0,GRADUAL_MULTILEVEL,NOT_REPORTED,absolute,IDEALIZED_SINGLE_PAIR_GRADUAL,IDEALIZED_GRADUAL_MAPPING,32,4,15,0,2,8,203264,208,256,53248,96.1,0.1300000000000096
TiOx_02_Au,10.1038/s41598-019-44607-3,TiOx,1.705978,0.23197342628038578,0,0,GRADUAL_MULTILEVEL,NOT_REPORTED,absolute,IDEALIZED_SINGLE_PAIR_GRADUAL,IDEALIZED_GRADUAL_MAPPING,64,6,63,0,2,8,203264,56,256,14336,96.1,0.1300000000000096
TiOx_02_Au,10.1038/s41598-019-44607-3,TiOx,1.705978,0.23197342628038578,0,0,GRADUAL_MULTILEVEL,NOT_REPORTED,absolute,IDEALIZED_SINGLE_PAIR_GRADUAL,IDEALIZED_GRADUAL_MAPPING,128,8,255,0,2,8,203264,16,256,4096,96.09,0.1400000000000005
TiOx_02_Au,10.1038/s41598-019-44607-3,TiOx,1.705978,0.23197342628038578,0,0,GRADUAL_MULTILEVEL,NOT_REPORTED,absolute,IDEALIZED_SINGLE_PAIR_GRADUAL,IDEALIZED_GRADUAL_MAPPING,32,4,15,0,2,9,203264,208,512,106496,96.09,0.1400000000000005
TiOx_02_Au,10.1038/s41598-019-44607-3,TiOx,1.705978,0.23197342628038578,0,0,GRADUAL_MULTILEVEL,NOT_REPORTED,absolute,IDEALIZED_SINGLE_PAIR_GRADUAL,IDEALIZED_GRADUAL_MAPPING,128,4,15,0,2,9,203264,16,512,8192,96.08,0.1500000000000056
TiOx_02_Au,10.1038/s41598-019-44607-3,TiOx,1.705978,0.23197342628038578,0,0,GRADUAL_MULTILEVEL,NOT_REPORTED,absolute,IDEALIZED_SINGLE_PAIR_GRADUAL,IDEALIZED_GRADUAL_MAPPING,64,7,127,0,2,7,203264,56,128,7168,96.08,0.1500000000000056
TiOx_02_Au,10.1038/s41598-019-44607-3,TiOx,1.705978,0.23197342628038578,0,0,GRADUAL_MULTILEVEL,NOT_REPORTED,absolute,IDEALIZED_SINGLE_PAIR_GRADUAL,IDEALIZED_GRADUAL_MAPPING,32,5,31,0,2,7,203264,208,128,26624,96.08,0.1500000000000056
TiOx_02_Au,10.1038/s41598-019-44607-3,TiOx,1.705978,0.23197342628038578,0,0,GRADUAL_MULTILEVEL,NOT_REPORTED,absolute,IDEALIZED_SINGLE_PAIR_GRADUAL,IDEALIZED_GRADUAL_MAPPING,256,5,31,0,2,9,203264,10,512,5120,96.08,0.1500000000000056
TiOx_02_Au,10.1038/s41598-019-44607-3,TiOx,1.705978,0.23197342628038578,0,0,GRADUAL_MULTILEVEL,NOT_REPORTED,absolute,IDEALIZED_SINGLE_PAIR_GRADUAL,IDEALIZED_GRADUAL_MAPPING,16,6,63,0,2,6,203264,800,64,51200,96.08,0.1500000000000056
TiOx_02_Au,10.1038/s41598-019-44607-3,TiOx,1.705978,0.23197342628038578,0,0,GRADUAL_MULTILEVEL,NOT_REPORTED,absolute,IDEALIZED_SINGLE_PAIR_GRADUAL,IDEALIZED_GRADUAL_MAPPING,16,4,15,0,2,10,203264,800,1024,819200,96.07,0.1600000000000108
TiOx_02_Au,10.1038/s41598-019-44607-3,TiOx,1.705978,0.23197342628038578,0,0,GRADUAL_MULTILEVEL,NOT_REPORTED,absolute,IDEALIZED_SINGLE_PAIR_GRADUAL,IDEALIZED_GRADUAL_MAPPING,64,7,127,0,2,8,203264,56,256,14336,96.07,0.1600000000000108
TiOx_02_Au,10.1038/s41598-019-44607-3,TiOx,1.705978,0.23197342628038578,0,0,GRADUAL_MULTILEVEL,NOT_REPORTED,absolute,IDEALIZED_SINGLE_PAIR_GRADUAL,IDEALIZED_GRADUAL_MAPPING,256,4,15,0,2,9,203264,10,512,5120,96.06,0.1700000000000017
TiOx_02_Au,10.1038/s41598-019-44607-3,TiOx,1.705978,0.23197342628038578,0,0,GRADUAL_MULTILEVEL,NOT_REPORTED,absolute,IDEALIZED_SINGLE_PAIR_GRADUAL,IDEALIZED_GRADUAL_MAPPING,64,8,255,0,2,7,203264,56,128,7168,96.06,0.1700000000000017
TiOx_02_Au,10.1038/s41598-019-44607-3,TiOx,1.705978,0.23197342628038578,0,0,GRADUAL_MULTILEVEL,NOT_REPORTED,absolute,IDEALIZED_SINGLE_PAIR_GRADUAL,IDEALIZED_GRADUAL_MAPPING,32,4,15,0,2,10,203264,208,1024,212992,96.04,0.1899999999999977
TiOx_02_Au,10.1038/s41598-019-44607-3,TiOx,1.705978,0.23197342628038578,0,0,GRADUAL_MULTILEVEL,NOT_REPORTED,absolute,IDEALIZED_SINGLE_PAIR_GRADUAL,IDEALIZED_GRADUAL_MAPPING,64,8,255,0,2,8,203264,56,256,14336,96.04,0.1899999999999977
TiOx_02_Au,10.1038/s41598-019-44607-3,TiOx,1.705978,0.23197342628038578,0,0,GRADUAL_MULTILEVEL,NOT_REPORTED,absolute,IDEALIZED_SINGLE_PAIR_GRADUAL,IDEALIZED_GRADUAL_MAPPING,64,4,15,0,2,9,203264,56,512,28672,96.04,0.1899999999999977
TiOx_02_Au,10.1038/s41598-019-44607-3,TiOx,1.705978,0.23197342628038578,0,0,GRADUAL_MULTILEVEL,NOT_REPORTED,absolute,IDEALIZED_SINGLE_PAIR_GRADUAL,IDEALIZED_GRADUAL_MAPPING,256,4,15,0,2,8,203264,10,256,2560,96.04,0.1899999999999977
TiOx_02_Au,10.1038/s41598-019-44607-3,TiOx,1.705978,0.23197342628038578,0,0,GRADUAL_MULTILEVEL,NOT_REPORTED,absolute,IDEALIZED_SINGLE_PAIR_GRADUAL,IDEALIZED_GRADUAL_MAPPING,64,5,31,0,2,8,203264,56,256,14336,96.03,0.2000000000000028
TiOx_02_Au,10.1038/s41598-019-44607-3,TiOx,1.705978,0.23197342628038578,0,0,GRADUAL_MULTILEVEL,NOT_REPORTED,absolute,IDEALIZED_SINGLE_PAIR_GRADUAL,IDEALIZED_GRADUAL_MAPPING,64,4,15,0,2,8,203264,56,256,14336,96.03,0.2000000000000028
TiOx_02_Au,10.1038/s41598-019-44607-3,TiOx,1.705978,0.23197342628038578,0,0,GRADUAL_MULTILEVEL,NOT_REPORTED,absolute,IDEALIZED_SINGLE_PAIR_GRADUAL,IDEALIZED_GRADUAL_MAPPING,16,4,15,0,2,9,203264,800,512,409600,96.03,0.2000000000000028
TiOx_02_Au,10.1038/s41598-019-44607-3,TiOx,1.705978,0.23197342628038578,0,0,GRADUAL_MULTILEVEL,NOT_REPORTED,absolute,IDEALIZED_SINGLE_PAIR_GRADUAL,IDEALIZED_GRADUAL_MAPPING,16,7,127,0,2,6,203264,800,64,51200,96.02,0.2100000000000079
TiOx_02_Au,10.1038/s41598-019-44607-3,TiOx,1.705978,0.23197342628038578,0,0,GRADUAL_MULTILEVEL,NOT_REPORTED,absolute,IDEALIZED_SINGLE_PAIR_GRADUAL,IDEALIZED_GRADUAL_MAPPING,64,4,15,0,2,10,203264,56,1024,57344,96.02,0.2100000000000079
TiOx_02_Au,10.1038/s41598-019-44607-3,TiOx,1.705978,0.23197342628038578,0,0,GRADUAL_MULTILEVEL,NOT_REPORTED,absolute,IDEALIZED_SINGLE_PAIR_GRADUAL,IDEALIZED_GRADUAL_MAPPING,256,4,15,0,2,10,203264,10,1024,10240,96.01,0.2199999999999988
TiOx_02_Au,10.1038/s41598-019-44607-3,TiOx,1.705978,0.23197342628038578,0,0,GRADUAL_MULTILEVEL,NOT_REPORTED,absolute,IDEALIZED_SINGLE_PAIR_GRADUAL,IDEALIZED_GRADUAL_MAPPING,32,4,15,0,2,7,203264,208,128,26624,95.97,0.2600000000000051
TiOx_02_Au,10.1038/s41598-019-44607-3,TiOx,1.705978,0.23197342628038578,0,0,GRADUAL_MULTILEVEL,NOT_REPORTED,absolute,IDEALIZED_SINGLE_PAIR_GRADUAL,IDEALIZED_GRADUAL_MAPPING,64,5,31,0,2,7,203264,56,128,7168,95.94,0.2900000000000062
TiOx_02_Au,10.1038/s41598-019-44607-3,TiOx,1.705978,0.23197342628038578,0,0,GRADUAL_MULTILEVEL,NOT_REPORTED,absolute,IDEALIZED_SINGLE_PAIR_GRADUAL,IDEALIZED_GRADUAL_MAPPING,256,8,255,0,2,7,203264,10,128,1280,95.93,0.2999999999999971
TiOx_02_Au,10.1038/s41598-019-44607-3,TiOx,1.705978,0.23197342628038578,0,0,GRADUAL_MULTILEVEL,NOT_REPORTED,absolute,IDEALIZED_SINGLE_PAIR_GRADUAL,IDEALIZED_GRADUAL_MAPPING,16,8,255,0,2,6,203264,800,64,51200,95.9,0.3299999999999983
TiOx_02_Au,10.1038/s41598-019-44607-3,TiOx,1.705978,0.23197342628038578,0,0,GRADUAL_MULTILEVEL,NOT_REPORTED,absolute,IDEALIZED_SINGLE_PAIR_GRADUAL,IDEALIZED_GRADUAL_MAPPING,256,7,127,0,2,7,203264,10,128,1280,95.89,0.3400000000000034
TiOx_02_Au,10.1038/s41598-019-44607-3,TiOx,1.705978,0.23197342628038578,0,0,GRADUAL_MULTILEVEL,NOT_REPORTED,absolute,IDEALIZED_SINGLE_PAIR_GRADUAL,IDEALIZED_GRADUAL_MAPPING,128,4,15,0,2,8,203264,16,256,4096,95.86,0.3700000000000045
TiOx_02_Au,10.1038/s41598-019-44607-3,TiOx,1.705978,0.23197342628038578,0,0,GRADUAL_MULTILEVEL,NOT_REPORTED,absolute,IDEALIZED_SINGLE_PAIR_GRADUAL,IDEALIZED_GRADUAL_MAPPING,16,5,31,0,2,6,203264,800,64,51200,95.84,0.3900000000000005
TiOx_02_Au,10.1038/s41598-019-44607-3,TiOx,1.705978,0.23197342628038578,0,0,GRADUAL_MULTILEVEL,NOT_REPORTED,absolute,IDEALIZED_SINGLE_PAIR_GRADUAL,IDEALIZED_GRADUAL_MAPPING,128,6,63,0,2,7,203264,16,128,2048,95.83,0.4000000000000057
TiOx_02_Au,10.1038/s41598-019-44607-3,TiOx,1.705978,0.23197342628038578,0,0,GRADUAL_MULTILEVEL,NOT_REPORTED,absolute,IDEALIZED_SINGLE_PAIR_GRADUAL,IDEALIZED_GRADUAL_MAPPING,128,8,255,0,2,7,203264,16,128,2048,95.82,0.4100000000000108
TiOx_02_Au,10.1038/s41598-019-44607-3,TiOx,1.705978,0.23197342628038578,0,0,GRADUAL_MULTILEVEL,NOT_REPORTED,absolute,IDEALIZED_SINGLE_PAIR_GRADUAL,IDEALIZED_GRADUAL_MAPPING,16,4,15,0,2,6,203264,800,64,51200,95.81,0.4200000000000017
TiOx_02_Au,10.1038/s41598-019-44607-3,TiOx,1.705978,0.23197342628038578,0,0,GRADUAL_MULTILEVEL,NOT_REPORTED,absolute,IDEALIZED_SINGLE_PAIR_GRADUAL,IDEALIZED_GRADUAL_MAPPING,256,6,63,0,2,7,203264,10,128,1280,95.81,0.4200000000000017
TiOx_02_Au,10.1038/s41598-019-44607-3,TiOx,1.705978,0.23197342628038578,0,0,GRADUAL_MULTILEVEL,NOT_REPORTED,absolute,IDEALIZED_SINGLE_PAIR_GRADUAL,IDEALIZED_GRADUAL_MAPPING,128,4,15,0,2,7,203264,16,128,2048,95.77,0.4600000000000079
TiOx_02_Au,10.1038/s41598-019-44607-3,TiOx,1.705978,0.23197342628038578,0,0,GRADUAL_MULTILEVEL,NOT_REPORTED,absolute,IDEALIZED_SINGLE_PAIR_GRADUAL,IDEALIZED_GRADUAL_MAPPING,256,4,15,0,2,7,203264,10,128,1280,95.76,0.4699999999999988
TiOx_02_Au,10.1038/s41598-019-44607-3,TiOx,1.705978,0.23197342628038578,0,0,GRADUAL_MULTILEVEL,NOT_REPORTED,absolute,IDEALIZED_SINGLE_PAIR_GRADUAL,IDEALIZED_GRADUAL_MAPPING,64,4,15,0,2,7,203264,56,128,7168,95.76,0.4699999999999988
TiOx_02_Au,10.1038/s41598-019-44607-3,TiOx,1.705978,0.23197342628038578,0,0,GRADUAL_MULTILEVEL,NOT_REPORTED,absolute,IDEALIZED_SINGLE_PAIR_GRADUAL,IDEALIZED_GRADUAL_MAPPING,128,5,31,0,2,7,203264,16,128,2048,95.7,0.5300000000000011
TiOx_02_Au,10.1038/s41598-019-44607-3,TiOx,1.705978,0.23197342628038578,0,0,GRADUAL_MULTILEVEL,NOT_REPORTED,absolute,IDEALIZED_SINGLE_PAIR_GRADUAL,IDEALIZED_GRADUAL_MAPPING,32,8,255,0,2,6,203264,208,64,13312,95.69,0.5400000000000063
TiOx_02_Au,10.1038/s41598-019-44607-3,TiOx,1.705978,0.23197342628038578,0,0,GRADUAL_MULTILEVEL,NOT_REPORTED,absolute,IDEALIZED_SINGLE_PAIR_GRADUAL,IDEALIZED_GRADUAL_MAPPING,128,7,127,0,2,7,203264,16,128,2048,95.69,0.5400000000000063
TiOx_02_Au,10.1038/s41598-019-44607-3,TiOx,1.705978,0.23197342628038578,0,0,GRADUAL_MULTILEVEL,NOT_REPORTED,absolute,IDEALIZED_SINGLE_PAIR_GRADUAL,IDEALIZED_GRADUAL_MAPPING,32,4,15,0,2,6,203264,208,64,13312,95.63,0.6000000000000085
TiOx_02_Au,10.1038/s41598-019-44607-3,TiOx,1.705978,0.23197342628038578,0,0,GRADUAL_MULTILEVEL,NOT_REPORTED,absolute,IDEALIZED_SINGLE_PAIR_GRADUAL,IDEALIZED_GRADUAL_MAPPING,32,6,63,0,2,6,203264,208,64,13312,95.63,0.6000000000000085
TiOx_02_Au,10.1038/s41598-019-44607-3,TiOx,1.705978,0.23197342628038578,0,0,GRADUAL_MULTILEVEL,NOT_REPORTED,absolute,IDEALIZED_SINGLE_PAIR_GRADUAL,IDEALIZED_GRADUAL_MAPPING,32,7,127,0,2,6,203264,208,64,13312,95.63,0.6000000000000085
TiOx_02_Au,10.1038/s41598-019-44607-3,TiOx,1.705978,0.23197342628038578,0,0,GRADUAL_MULTILEVEL,NOT_REPORTED,absolute,IDEALIZED_SINGLE_PAIR_GRADUAL,IDEALIZED_GRADUAL_MAPPING,256,5,31,0,2,7,203264,10,128,1280,95.58,0.6500000000000057
TiOx_02_Au,10.1038/s41598-019-44607-3,TiOx,1.705978,0.23197342628038578,0,0,GRADUAL_MULTILEVEL,NOT_REPORTED,absolute,IDEALIZED_SINGLE_PAIR_GRADUAL,IDEALIZED_GRADUAL_MAPPING,32,5,31,0,2,6,203264,208,64,13312,95.48,0.75
TiOx_02_Au,10.1038/s41598-019-44607-3,TiOx,1.705978,0.23197342628038578,0,0,GRADUAL_MULTILEVEL,NOT_REPORTED,absolute,IDEALIZED_SINGLE_PAIR_GRADUAL,IDEALIZED_GRADUAL_MAPPING,64,7,127,0,2,6,203264,56,64,3584,95.28,0.9500000000000028
TiOx_02_Au,10.1038/s41598-019-44607-3,TiOx,1.705978,0.23197342628038578,0,0,GRADUAL_MULTILEVEL,NOT_REPORTED,absolute,IDEALIZED_SINGLE_PAIR_GRADUAL,IDEALIZED_GRADUAL_MAPPING,64,8,255,0,2,6,203264,56,64,3584,95.27,0.960000000000008
TiOx_02_Au,10.1038/s41598-019-44607-3,TiOx,1.705978,0.23197342628038578,0,0,GRADUAL_MULTILEVEL,NOT_REPORTED,absolute,IDEALIZED_SINGLE_PAIR_GRADUAL,IDEALIZED_GRADUAL_MAPPING,64,6,63,0,2,6,203264,56,64,3584,95.2,1.0300000000000011
TiOx_02_Au,10.1038/s41598-019-44607-3,TiOx,1.705978,0.23197342628038578,0,0,GRADUAL_MULTILEVEL,NOT_REPORTED,absolute,IDEALIZED_SINGLE_PAIR_GRADUAL,IDEALIZED_GRADUAL_MAPPING,64,5,31,0,2,6,203264,56,64,3584,95.15,1.0799999999999983
TiOx_02_Au,10.1038/s41598-019-44607-3,TiOx,1.705978,0.23197342628038578,0,0,GRADUAL_MULTILEVEL,NOT_REPORTED,absolute,IDEALIZED_SINGLE_PAIR_GRADUAL,IDEALIZED_GRADUAL_MAPPING,64,4,15,0,2,6,203264,56,64,3584,95.02,1.210000000000008
TiOx_02_Au,10.1038/s41598-019-44607-3,TiOx,1.705978,0.23197342628038578,0,0,GRADUAL_MULTILEVEL,NOT_REPORTED,absolute,IDEALIZED_SINGLE_PAIR_GRADUAL,IDEALIZED_GRADUAL_MAPPING,16,7,127,0,2,5,203264,800,32,25600,94.87,1.3599999999999994
TiOx_02_Au,10.1038/s41598-019-44607-3,TiOx,1.705978,0.23197342628038578,0,0,GRADUAL_MULTILEVEL,NOT_REPORTED,absolute,IDEALIZED_SINGLE_PAIR_GRADUAL,IDEALIZED_GRADUAL_MAPPING,16,8,255,0,2,5,203264,800,32,25600,94.8,1.4300000000000068
TiOx_02_Au,10.1038/s41598-019-44607-3,TiOx,1.705978,0.23197342628038578,0,0,GRADUAL_MULTILEVEL,NOT_REPORTED,absolute,IDEALIZED_SINGLE_PAIR_GRADUAL,IDEALIZED_GRADUAL_MAPPING,16,5,31,0,2,5,203264,800,32,25600,94.74,1.490000000000009
TiOx_02_Au,10.1038/s41598-019-44607-3,TiOx,1.705978,0.23197342628038578,0,0,GRADUAL_MULTILEVEL,NOT_REPORTED,absolute,IDEALIZED_SINGLE_PAIR_GRADUAL,IDEALIZED_GRADUAL_MAPPING,16,6,63,0,2,5,203264,800,32,25600,94.72,1.5100000000000051
TiOx_02_Au,10.1038/s41598-019-44607-3,TiOx,1.705978,0.23197342628038578,0,0,GRADUAL_MULTILEVEL,NOT_REPORTED,absolute,IDEALIZED_SINGLE_PAIR_GRADUAL,IDEALIZED_GRADUAL_MAPPING,16,4,15,0,2,5,203264,800,32,25600,94.63,1.6000000000000083
TiOx_02_Au,10.1038/s41598-019-44607-3,TiOx,1.705978,0.23197342628038578,0,0,GRADUAL_MULTILEVEL,NOT_REPORTED,absolute,IDEALIZED_SINGLE_PAIR_GRADUAL,IDEALIZED_GRADUAL_MAPPING,128,7,127,0,2,6,203264,16,64,1024,93.8,2.430000000000007
TiOx_02_Au,10.1038/s41598-019-44607-3,TiOx,1.705978,0.23197342628038578,0,0,GRADUAL_MULTILEVEL,NOT_REPORTED,absolute,IDEALIZED_SINGLE_PAIR_GRADUAL,IDEALIZED_GRADUAL_MAPPING,128,4,15,0,2,6,203264,16,64,1024,93.63,2.6000000000000085
TiOx_02_Au,10.1038/s41598-019-44607-3,TiOx,1.705978,0.23197342628038578,0,0,GRADUAL_MULTILEVEL,NOT_REPORTED,absolute,IDEALIZED_SINGLE_PAIR_GRADUAL,IDEALIZED_GRADUAL_MAPPING,128,8,255,0,2,6,203264,16,64,1024,93.6,2.6300000000000097
TiOx_02_Au,10.1038/s41598-019-44607-3,TiOx,1.705978,0.23197342628038578,0,0,GRADUAL_MULTILEVEL,NOT_REPORTED,absolute,IDEALIZED_SINGLE_PAIR_GRADUAL,IDEALIZED_GRADUAL_MAPPING,128,6,63,0,2,6,203264,16,64,1024,93.55,2.680000000000007
TiOx_02_Au,10.1038/s41598-019-44607-3,TiOx,1.705978,0.23197342628038578,0,0,GRADUAL_MULTILEVEL,NOT_REPORTED,absolute,IDEALIZED_SINGLE_PAIR_GRADUAL,IDEALIZED_GRADUAL_MAPPING,32,8,255,0,2,5,203264,208,32,6656,93.46,2.7700000000000102
TiOx_02_Au,10.1038/s41598-019-44607-3,TiOx,1.705978,0.23197342628038578,0,0,GRADUAL_MULTILEVEL,NOT_REPORTED,absolute,IDEALIZED_SINGLE_PAIR_GRADUAL,IDEALIZED_GRADUAL_MAPPING,128,5,31,0,2,6,203264,16,64,1024,93.45,2.780000000000001
TiOx_02_Au,10.1038/s41598-019-44607-3,TiOx,1.705978,0.23197342628038578,0,0,GRADUAL_MULTILEVEL,NOT_REPORTED,absolute,IDEALIZED_SINGLE_PAIR_GRADUAL,IDEALIZED_GRADUAL_MAPPING,32,6,63,0,2,5,203264,208,32,6656,93.45,2.780000000000001
TiOx_02_Au,10.1038/s41598-019-44607-3,TiOx,1.705978,0.23197342628038578,0,0,GRADUAL_MULTILEVEL,NOT_REPORTED,absolute,IDEALIZED_SINGLE_PAIR_GRADUAL,IDEALIZED_GRADUAL_MAPPING,32,7,127,0,2,5,203264,208,32,6656,93.44,2.7900000000000063
TiOx_02_Au,10.1038/s41598-019-44607-3,TiOx,1.705978,0.23197342628038578,0,0,GRADUAL_MULTILEVEL,NOT_REPORTED,absolute,IDEALIZED_SINGLE_PAIR_GRADUAL,IDEALIZED_GRADUAL_MAPPING,32,5,31,0,2,5,203264,208,32,6656,93.39,2.8400000000000034
TiOx_02_Au,10.1038/s41598-019-44607-3,TiOx,1.705978,0.23197342628038578,0,0,GRADUAL_MULTILEVEL,NOT_REPORTED,absolute,IDEALIZED_SINGLE_PAIR_GRADUAL,IDEALIZED_GRADUAL_MAPPING,256,6,63,0,2,6,203264,10,64,640,93.14,3.0900000000000034
TiOx_02_Au,10.1038/s41598-019-44607-3,TiOx,1.705978,0.23197342628038578,0,0,GRADUAL_MULTILEVEL,NOT_REPORTED,absolute,IDEALIZED_SINGLE_PAIR_GRADUAL,IDEALIZED_GRADUAL_MAPPING,256,8,255,0,2,6,203264,10,64,640,93.1,3.1300000000000097
TiOx_02_Au,10.1038/s41598-019-44607-3,TiOx,1.705978,0.23197342628038578,0,0,GRADUAL_MULTILEVEL,NOT_REPORTED,absolute,IDEALIZED_SINGLE_PAIR_GRADUAL,IDEALIZED_GRADUAL_MAPPING,32,4,15,0,2,5,203264,208,32,6656,93.03,3.200000000000003
TiOx_02_Au,10.1038/s41598-019-44607-3,TiOx,1.705978,0.23197342628038578,0,0,GRADUAL_MULTILEVEL,NOT_REPORTED,absolute,IDEALIZED_SINGLE_PAIR_GRADUAL,IDEALIZED_GRADUAL_MAPPING,256,7,127,0,2,6,203264,10,64,640,92.94,3.2900000000000063
TiOx_02_Au,10.1038/s41598-019-44607-3,TiOx,1.705978,0.23197342628038578,0,0,GRADUAL_MULTILEVEL,NOT_REPORTED,absolute,IDEALIZED_SINGLE_PAIR_GRADUAL,IDEALIZED_GRADUAL_MAPPING,256,4,15,0,2,6,203264,10,64,640,92.89,3.3400000000000034
TiOx_02_Au,10.1038/s41598-019-44607-3,TiOx,1.705978,0.23197342628038578,0,0,GRADUAL_MULTILEVEL,NOT_REPORTED,absolute,IDEALIZED_SINGLE_PAIR_GRADUAL,IDEALIZED_GRADUAL_MAPPING,256,5,31,0,2,6,203264,10,64,640,92.65,3.5799999999999983
TiOx_02_Au,10.1038/s41598-019-44607-3,TiOx,1.705978,0.23197342628038578,0,0,GRADUAL_MULTILEVEL,NOT_REPORTED,absolute,IDEALIZED_SINGLE_PAIR_GRADUAL,IDEALIZED_GRADUAL_MAPPING,32,3,7,0,2,10,203264,208,1024,212992,92.28,3.950000000000003
TiOx_02_Au,10.1038/s41598-019-44607-3,TiOx,1.705978,0.23197342628038578,0,0,GRADUAL_MULTILEVEL,NOT_REPORTED,absolute,IDEALIZED_SINGLE_PAIR_GRADUAL,IDEALIZED_GRADUAL_MAPPING,64,3,7,0,2,10,203264,56,1024,57344,92.26,3.969999999999999
TiOx_02_Au,10.1038/s41598-019-44607-3,TiOx,1.705978,0.23197342628038578,0,0,GRADUAL_MULTILEVEL,NOT_REPORTED,absolute,IDEALIZED_SINGLE_PAIR_GRADUAL,IDEALIZED_GRADUAL_MAPPING,16,3,7,0,2,10,203264,800,1024,819200,92.26,3.969999999999999
TiOx_02_Au,10.1038/s41598-019-44607-3,TiOx,1.705978,0.23197342628038578,0,0,GRADUAL_MULTILEVEL,NOT_REPORTED,absolute,IDEALIZED_SINGLE_PAIR_GRADUAL,IDEALIZED_GRADUAL_MAPPING,64,3,7,0,2,8,203264,56,256,14336,92.26,3.969999999999999
TiOx_02_Au,10.1038/s41598-019-44607-3,TiOx,1.705978,0.23197342628038578,0,0,GRADUAL_MULTILEVEL,NOT_REPORTED,absolute,IDEALIZED_SINGLE_PAIR_GRADUAL,IDEALIZED_GRADUAL_MAPPING,16,3,7,0,2,9,203264,800,512,409600,92.26,3.969999999999999
TiOx_02_Au,10.1038/s41598-019-44607-3,TiOx,1.705978,0.23197342628038578,0,0,GRADUAL_MULTILEVEL,NOT_REPORTED,absolute,IDEALIZED_SINGLE_PAIR_GRADUAL,IDEALIZED_GRADUAL_MAPPING,256,3,7,0,2,10,203264,10,1024,10240,92.24,3.990000000000009
TiOx_02_Au,10.1038/s41598-019-44607-3,TiOx,1.705978,0.23197342628038578,0,0,GRADUAL_MULTILEVEL,NOT_REPORTED,absolute,IDEALIZED_SINGLE_PAIR_GRADUAL,IDEALIZED_GRADUAL_MAPPING,256,3,7,0,2,9,203264,10,512,5120,92.24,3.990000000000009
TiOx_02_Au,10.1038/s41598-019-44607-3,TiOx,1.705978,0.23197342628038578,0,0,GRADUAL_MULTILEVEL,NOT_REPORTED,absolute,IDEALIZED_SINGLE_PAIR_GRADUAL,IDEALIZED_GRADUAL_MAPPING,128,3,7,0,2,10,203264,16,1024,16384,92.23,4.0
TiOx_02_Au,10.1038/s41598-019-44607-3,TiOx,1.705978,0.23197342628038578,0,0,GRADUAL_MULTILEVEL,NOT_REPORTED,absolute,IDEALIZED_SINGLE_PAIR_GRADUAL,IDEALIZED_GRADUAL_MAPPING,32,3,7,0,2,9,203264,208,512,106496,92.19,4.040000000000006
TiOx_02_Au,10.1038/s41598-019-44607-3,TiOx,1.705978,0.23197342628038578,0,0,GRADUAL_MULTILEVEL,NOT_REPORTED,absolute,IDEALIZED_SINGLE_PAIR_GRADUAL,IDEALIZED_GRADUAL_MAPPING,64,3,7,0,2,9,203264,56,512,28672,92.18,4.049999999999997
TiOx_02_Au,10.1038/s41598-019-44607-3,TiOx,1.705978,0.23197342628038578,0,0,GRADUAL_MULTILEVEL,NOT_REPORTED,absolute,IDEALIZED_SINGLE_PAIR_GRADUAL,IDEALIZED_GRADUAL_MAPPING,16,3,7,0,2,8,203264,800,256,204800,92.13,4.1000000000000085
TiOx_02_Au,10.1038/s41598-019-44607-3,TiOx,1.705978,0.23197342628038578,0,0,GRADUAL_MULTILEVEL,NOT_REPORTED,absolute,IDEALIZED_SINGLE_PAIR_GRADUAL,IDEALIZED_GRADUAL_MAPPING,128,3,7,0,2,8,203264,16,256,4096,92.1,4.13000000000001
TiOx_02_Au,10.1038/s41598-019-44607-3,TiOx,1.705978,0.23197342628038578,0,0,GRADUAL_MULTILEVEL,NOT_REPORTED,absolute,IDEALIZED_SINGLE_PAIR_GRADUAL,IDEALIZED_GRADUAL_MAPPING,32,3,7,0,2,8,203264,208,256,53248,92.09,4.140000000000001
TiOx_02_Au,10.1038/s41598-019-44607-3,TiOx,1.705978,0.23197342628038578,0,0,GRADUAL_MULTILEVEL,NOT_REPORTED,absolute,IDEALIZED_SINGLE_PAIR_GRADUAL,IDEALIZED_GRADUAL_MAPPING,128,3,7,0,2,9,203264,16,512,8192,92.08,4.150000000000006
TiOx_02_Au,10.1038/s41598-019-44607-3,TiOx,1.705978,0.23197342628038578,0,0,GRADUAL_MULTILEVEL,NOT_REPORTED,absolute,IDEALIZED_SINGLE_PAIR_GRADUAL,IDEALIZED_GRADUAL_MAPPING,32,3,7,0,2,7,203264,208,128,26624,92.08,4.150000000000006
TiOx_02_Au,10.1038/s41598-019-44607-3,TiOx,1.705978,0.23197342628038578,0,0,GRADUAL_MULTILEVEL,NOT_REPORTED,absolute,IDEALIZED_SINGLE_PAIR_GRADUAL,IDEALIZED_GRADUAL_MAPPING,256,3,7,0,2,8,203264,10,256,2560,92.0,4.230000000000004
TiOx_02_Au,10.1038/s41598-019-44607-3,TiOx,1.705978,0.23197342628038578,0,0,GRADUAL_MULTILEVEL,NOT_REPORTED,absolute,IDEALIZED_SINGLE_PAIR_GRADUAL,IDEALIZED_GRADUAL_MAPPING,64,3,7,0,2,7,203264,56,128,7168,91.97,4.260000000000005
TiOx_02_Au,10.1038/s41598-019-44607-3,TiOx,1.705978,0.23197342628038578,0,0,GRADUAL_MULTILEVEL,NOT_REPORTED,absolute,IDEALIZED_SINGLE_PAIR_GRADUAL,IDEALIZED_GRADUAL_MAPPING,16,3,7,0,2,7,203264,800,128,102400,91.92,4.310000000000002
TiOx_02_Au,10.1038/s41598-019-44607-3,TiOx,1.705978,0.23197342628038578,0,0,GRADUAL_MULTILEVEL,NOT_REPORTED,absolute,IDEALIZED_SINGLE_PAIR_GRADUAL,IDEALIZED_GRADUAL_MAPPING,128,3,7,0,2,7,203264,16,128,2048,91.74,4.490000000000009
TiOx_02_Au,10.1038/s41598-019-44607-3,TiOx,1.705978,0.23197342628038578,0,0,GRADUAL_MULTILEVEL,NOT_REPORTED,absolute,IDEALIZED_SINGLE_PAIR_GRADUAL,IDEALIZED_GRADUAL_MAPPING,16,3,7,0,2,6,203264,800,64,51200,91.67,4.560000000000002
TiOx_02_Au,10.1038/s41598-019-44607-3,TiOx,1.705978,0.23197342628038578,0,0,GRADUAL_MULTILEVEL,NOT_REPORTED,absolute,IDEALIZED_SINGLE_PAIR_GRADUAL,IDEALIZED_GRADUAL_MAPPING,256,3,7,0,2,7,203264,10,128,1280,91.31,4.920000000000002
TiOx_02_Au,10.1038/s41598-019-44607-3,TiOx,1.705978,0.23197342628038578,0,0,GRADUAL_MULTILEVEL,NOT_REPORTED,absolute,IDEALIZED_SINGLE_PAIR_GRADUAL,IDEALIZED_GRADUAL_MAPPING,32,3,7,0,2,6,203264,208,64,13312,91.08,5.150000000000006
TiOx_02_Au,10.1038/s41598-019-44607-3,TiOx,1.705978,0.23197342628038578,0,0,GRADUAL_MULTILEVEL,NOT_REPORTED,absolute,IDEALIZED_SINGLE_PAIR_GRADUAL,IDEALIZED_GRADUAL_MAPPING,64,3,7,0,2,6,203264,56,64,3584,90.62,5.609999999999999
TiOx_02_Au,10.1038/s41598-019-44607-3,TiOx,1.705978,0.23197342628038578,0,0,GRADUAL_MULTILEVEL,NOT_REPORTED,absolute,IDEALIZED_SINGLE_PAIR_GRADUAL,IDEALIZED_GRADUAL_MAPPING,16,3,7,0,2,5,203264,800,32,25600,90.21,6.02000000000001
TiOx_02_Au,10.1038/s41598-019-44607-3,TiOx,1.705978,0.23197342628038578,0,0,GRADUAL_MULTILEVEL,NOT_REPORTED,absolute,IDEALIZED_SINGLE_PAIR_GRADUAL,IDEALIZED_GRADUAL_MAPPING,16,6,63,0,2,4,203264,800,16,12800,89.65,6.579999999999998
TiOx_02_Au,10.1038/s41598-019-44607-3,TiOx,1.705978,0.23197342628038578,0,0,GRADUAL_MULTILEVEL,NOT_REPORTED,absolute,IDEALIZED_SINGLE_PAIR_GRADUAL,IDEALIZED_GRADUAL_MAPPING,16,4,15,0,2,4,203264,800,16,12800,89.62,6.609999999999999
TiOx_02_Au,10.1038/s41598-019-44607-3,TiOx,1.705978,0.23197342628038578,0,0,GRADUAL_MULTILEVEL,NOT_REPORTED,absolute,IDEALIZED_SINGLE_PAIR_GRADUAL,IDEALIZED_GRADUAL_MAPPING,16,8,255,0,2,4,203264,800,16,12800,89.46,6.77000000000001
TiOx_02_Au,10.1038/s41598-019-44607-3,TiOx,1.705978,0.23197342628038578,0,0,GRADUAL_MULTILEVEL,NOT_REPORTED,absolute,IDEALIZED_SINGLE_PAIR_GRADUAL,IDEALIZED_GRADUAL_MAPPING,16,7,127,0,2,4,203264,800,16,12800,89.12,7.109999999999999
TiOx_02_Au,10.1038/s41598-019-44607-3,TiOx,1.705978,0.23197342628038578,0,0,GRADUAL_MULTILEVEL,NOT_REPORTED,absolute,IDEALIZED_SINGLE_PAIR_GRADUAL,IDEALIZED_GRADUAL_MAPPING,64,4,15,0,2,5,203264,56,32,1792,89.04,7.189999999999998
TiOx_02_Au,10.1038/s41598-019-44607-3,TiOx,1.705978,0.23197342628038578,0,0,GRADUAL_MULTILEVEL,NOT_REPORTED,absolute,IDEALIZED_SINGLE_PAIR_GRADUAL,IDEALIZED_GRADUAL_MAPPING,128,3,7,0,2,6,203264,16,64,1024,88.87,7.359999999999999
TiOx_02_Au,10.1038/s41598-019-44607-3,TiOx,1.705978,0.23197342628038578,0,0,GRADUAL_MULTILEVEL,NOT_REPORTED,absolute,IDEALIZED_SINGLE_PAIR_GRADUAL,IDEALIZED_GRADUAL_MAPPING,32,3,7,0,2,5,203264,208,32,6656,88.84,7.390000000000001
TiOx_02_Au,10.1038/s41598-019-44607-3,TiOx,1.705978,0.23197342628038578,0,0,GRADUAL_MULTILEVEL,NOT_REPORTED,absolute,IDEALIZED_SINGLE_PAIR_GRADUAL,IDEALIZED_GRADUAL_MAPPING,16,5,31,0,2,4,203264,800,16,12800,88.35,7.88000000000001
TiOx_02_Au,10.1038/s41598-019-44607-3,TiOx,1.705978,0.23197342628038578,0,0,GRADUAL_MULTILEVEL,NOT_REPORTED,absolute,IDEALIZED_SINGLE_PAIR_GRADUAL,IDEALIZED_GRADUAL_MAPPING,256,3,7,0,2,6,203264,10,64,640,87.94,8.290000000000006
TiOx_02_Au,10.1038/s41598-019-44607-3,TiOx,1.705978,0.23197342628038578,0,0,GRADUAL_MULTILEVEL,NOT_REPORTED,absolute,IDEALIZED_SINGLE_PAIR_GRADUAL,IDEALIZED_GRADUAL_MAPPING,64,5,31,0,2,5,203264,56,32,1792,87.69,8.540000000000006
TiOx_02_Au,10.1038/s41598-019-44607-3,TiOx,1.705978,0.23197342628038578,0,0,GRADUAL_MULTILEVEL,NOT_REPORTED,absolute,IDEALIZED_SINGLE_PAIR_GRADUAL,IDEALIZED_GRADUAL_MAPPING,64,6,63,0,2,5,203264,56,32,1792,87.65,8.579999999999998
TiOx_02_Au,10.1038/s41598-019-44607-3,TiOx,1.705978,0.23197342628038578,0,0,GRADUAL_MULTILEVEL,NOT_REPORTED,absolute,IDEALIZED_SINGLE_PAIR_GRADUAL,IDEALIZED_GRADUAL_MAPPING,64,8,255,0,2,5,203264,56,32,1792,87.64,8.590000000000003
TiOx_02_Au,10.1038/s41598-019-44607-3,TiOx,1.705978,0.23197342628038578,0,0,GRADUAL_MULTILEVEL,NOT_REPORTED,absolute,IDEALIZED_SINGLE_PAIR_GRADUAL,IDEALIZED_GRADUAL_MAPPING,64,7,127,0,2,5,203264,56,32,1792,87.31,8.920000000000002
TiOx_02_Au,10.1038/s41598-019-44607-3,TiOx,1.705978,0.23197342628038578,0,0,GRADUAL_MULTILEVEL,NOT_REPORTED,absolute,IDEALIZED_SINGLE_PAIR_GRADUAL,IDEALIZED_GRADUAL_MAPPING,32,6,63,0,2,4,203264,208,16,3328,86.5,9.730000000000004
TiOx_02_Au,10.1038/s41598-019-44607-3,TiOx,1.705978,0.23197342628038578,0,0,GRADUAL_MULTILEVEL,NOT_REPORTED,absolute,IDEALIZED_SINGLE_PAIR_GRADUAL,IDEALIZED_GRADUAL_MAPPING,32,7,127,0,2,4,203264,208,16,3328,86.42,9.810000000000002
TiOx_02_Au,10.1038/s41598-019-44607-3,TiOx,1.705978,0.23197342628038578,0,0,GRADUAL_MULTILEVEL,NOT_REPORTED,absolute,IDEALIZED_SINGLE_PAIR_GRADUAL,IDEALIZED_GRADUAL_MAPPING,32,8,255,0,2,4,203264,208,16,3328,86.26,9.97
TiOx_02_Au,10.1038/s41598-019-44607-3,TiOx,1.705978,0.23197342628038578,0,0,GRADUAL_MULTILEVEL,NOT_REPORTED,absolute,IDEALIZED_SINGLE_PAIR_GRADUAL,IDEALIZED_GRADUAL_MAPPING,32,4,15,0,2,4,203264,208,16,3328,85.93,10.299999999999995
TiOx_02_Au,10.1038/s41598-019-44607-3,TiOx,1.705978,0.23197342628038578,0,0,GRADUAL_MULTILEVEL,NOT_REPORTED,absolute,IDEALIZED_SINGLE_PAIR_GRADUAL,IDEALIZED_GRADUAL_MAPPING,32,5,31,0,2,4,203264,208,16,3328,84.04,12.189999999999998
TiOx_02_Au,10.1038/s41598-019-44607-3,TiOx,1.705978,0.23197342628038578,0,0,GRADUAL_MULTILEVEL,NOT_REPORTED,absolute,IDEALIZED_SINGLE_PAIR_GRADUAL,IDEALIZED_GRADUAL_MAPPING,64,3,7,0,2,5,203264,56,32,1792,83.62,12.61
TiOx_02_Au,10.1038/s41598-019-44607-3,TiOx,1.705978,0.23197342628038578,0,0,GRADUAL_MULTILEVEL,NOT_REPORTED,absolute,IDEALIZED_SINGLE_PAIR_GRADUAL,IDEALIZED_GRADUAL_MAPPING,16,3,7,0,2,4,203264,800,16,12800,81.53,14.700000000000005
TiOx_02_Au,10.1038/s41598-019-44607-3,TiOx,1.705978,0.23197342628038578,0,0,GRADUAL_MULTILEVEL,NOT_REPORTED,absolute,IDEALIZED_SINGLE_PAIR_GRADUAL,IDEALIZED_GRADUAL_MAPPING,64,6,63,0,2,4,203264,56,16,896,74.64,21.590000000000003
TiOx_02_Au,10.1038/s41598-019-44607-3,TiOx,1.705978,0.23197342628038578,0,0,GRADUAL_MULTILEVEL,NOT_REPORTED,absolute,IDEALIZED_SINGLE_PAIR_GRADUAL,IDEALIZED_GRADUAL_MAPPING,64,8,255,0,2,4,203264,56,16,896,74.49,21.74000000000001
TiOx_02_Au,10.1038/s41598-019-44607-3,TiOx,1.705978,0.23197342628038578,0,0,GRADUAL_MULTILEVEL,NOT_REPORTED,absolute,IDEALIZED_SINGLE_PAIR_GRADUAL,IDEALIZED_GRADUAL_MAPPING,64,7,127,0,2,4,203264,56,16,896,74.38,21.85000000000001
TiOx_02_Au,10.1038/s41598-019-44607-3,TiOx,1.705978,0.23197342628038578,0,0,GRADUAL_MULTILEVEL,NOT_REPORTED,absolute,IDEALIZED_SINGLE_PAIR_GRADUAL,IDEALIZED_GRADUAL_MAPPING,64,4,15,0,2,4,203264,56,16,896,73.73,22.5
TiOx_02_Au,10.1038/s41598-019-44607-3,TiOx,1.705978,0.23197342628038578,0,0,GRADUAL_MULTILEVEL,NOT_REPORTED,absolute,IDEALIZED_SINGLE_PAIR_GRADUAL,IDEALIZED_GRADUAL_MAPPING,64,5,31,0,2,4,203264,56,16,896,73.49,22.74000000000001
TiOx_02_Au,10.1038/s41598-019-44607-3,TiOx,1.705978,0.23197342628038578,0,0,GRADUAL_MULTILEVEL,NOT_REPORTED,absolute,IDEALIZED_SINGLE_PAIR_GRADUAL,IDEALIZED_GRADUAL_MAPPING,128,4,15,0,2,5,203264,16,32,512,72.97,23.260000000000005
TiOx_02_Au,10.1038/s41598-019-44607-3,TiOx,1.705978,0.23197342628038578,0,0,GRADUAL_MULTILEVEL,NOT_REPORTED,absolute,IDEALIZED_SINGLE_PAIR_GRADUAL,IDEALIZED_GRADUAL_MAPPING,32,3,7,0,2,4,203264,208,16,3328,72.78,23.450000000000003
TiOx_02_Au,10.1038/s41598-019-44607-3,TiOx,1.705978,0.23197342628038578,0,0,GRADUAL_MULTILEVEL,NOT_REPORTED,absolute,IDEALIZED_SINGLE_PAIR_GRADUAL,IDEALIZED_GRADUAL_MAPPING,128,3,7,0,2,5,203264,16,32,512,72.44,23.790000000000006
TiOx_02_Au,10.1038/s41598-019-44607-3,TiOx,1.705978,0.23197342628038578,0,0,GRADUAL_MULTILEVEL,NOT_REPORTED,absolute,IDEALIZED_SINGLE_PAIR_GRADUAL,IDEALIZED_GRADUAL_MAPPING,256,6,63,0,2,5,203264,10,32,320,69.78,26.450000000000003
TiOx_02_Au,10.1038/s41598-019-44607-3,TiOx,1.705978,0.23197342628038578,0,0,GRADUAL_MULTILEVEL,NOT_REPORTED,absolute,IDEALIZED_SINGLE_PAIR_GRADUAL,IDEALIZED_GRADUAL_MAPPING,256,4,15,0,2,5,203264,10,32,320,69.35,26.88000000000001
TiOx_02_Au,10.1038/s41598-019-44607-3,TiOx,1.705978,0.23197342628038578,0,0,GRADUAL_MULTILEVEL,NOT_REPORTED,absolute,IDEALIZED_SINGLE_PAIR_GRADUAL,IDEALIZED_GRADUAL_MAPPING,256,8,255,0,2,5,203264,10,32,320,68.97,27.260000000000005
TiOx_02_Au,10.1038/s41598-019-44607-3,TiOx,1.705978,0.23197342628038578,0,0,GRADUAL_MULTILEVEL,NOT_REPORTED,absolute,IDEALIZED_SINGLE_PAIR_GRADUAL,IDEALIZED_GRADUAL_MAPPING,256,7,127,0,2,5,203264,10,32,320,68.8,27.430000000000007
TiOx_02_Au,10.1038/s41598-019-44607-3,TiOx,1.705978,0.23197342628038578,0,0,GRADUAL_MULTILEVEL,NOT_REPORTED,absolute,IDEALIZED_SINGLE_PAIR_GRADUAL,IDEALIZED_GRADUAL_MAPPING,256,3,7,0,2,5,203264,10,32,320,68.68,27.55
TiOx_02_Au,10.1038/s41598-019-44607-3,TiOx,1.705978,0.23197342628038578,0,0,GRADUAL_MULTILEVEL,NOT_REPORTED,absolute,IDEALIZED_SINGLE_PAIR_GRADUAL,IDEALIZED_GRADUAL_MAPPING,128,6,63,0,2,5,203264,16,32,512,68.62,27.61
TiOx_02_Au,10.1038/s41598-019-44607-3,TiOx,1.705978,0.23197342628038578,0,0,GRADUAL_MULTILEVEL,NOT_REPORTED,absolute,IDEALIZED_SINGLE_PAIR_GRADUAL,IDEALIZED_GRADUAL_MAPPING,256,5,31,0,2,5,203264,10,32,320,68.04,28.19
TiOx_02_Au,10.1038/s41598-019-44607-3,TiOx,1.705978,0.23197342628038578,0,0,GRADUAL_MULTILEVEL,NOT_REPORTED,absolute,IDEALIZED_SINGLE_PAIR_GRADUAL,IDEALIZED_GRADUAL_MAPPING,128,8,255,0,2,5,203264,16,32,512,67.92,28.31
TiOx_02_Au,10.1038/s41598-019-44607-3,TiOx,1.705978,0.23197342628038578,0,0,GRADUAL_MULTILEVEL,NOT_REPORTED,absolute,IDEALIZED_SINGLE_PAIR_GRADUAL,IDEALIZED_GRADUAL_MAPPING,128,5,31,0,2,5,203264,16,32,512,67.45,28.78
TiOx_02_Au,10.1038/s41598-019-44607-3,TiOx,1.705978,0.23197342628038578,0,0,GRADUAL_MULTILEVEL,NOT_REPORTED,absolute,IDEALIZED_SINGLE_PAIR_GRADUAL,IDEALIZED_GRADUAL_MAPPING,128,7,127,0,2,5,203264,16,32,512,67.27,28.960000000000008
TiOx_02_Au,10.1038/s41598-019-44607-3,TiOx,1.705978,0.23197342628038578,0,0,GRADUAL_MULTILEVEL,NOT_REPORTED,absolute,IDEALIZED_SINGLE_PAIR_GRADUAL,IDEALIZED_GRADUAL_MAPPING,64,3,7,0,2,4,203264,56,16,896,58.38,37.85
TiOx_02_Au,10.1038/s41598-019-44607-3,TiOx,1.705978,0.23197342628038578,0,0,GRADUAL_MULTILEVEL,NOT_REPORTED,absolute,IDEALIZED_SINGLE_PAIR_GRADUAL,IDEALIZED_GRADUAL_MAPPING,128,8,255,0,2,4,203264,16,16,256,54.83,41.400000000000006
TiOx_02_Au,10.1038/s41598-019-44607-3,TiOx,1.705978,0.23197342628038578,0,0,GRADUAL_MULTILEVEL,NOT_REPORTED,absolute,IDEALIZED_SINGLE_PAIR_GRADUAL,IDEALIZED_GRADUAL_MAPPING,128,4,15,0,2,4,203264,16,16,256,54.43,41.8
TiOx_02_Au,10.1038/s41598-019-44607-3,TiOx,1.705978,0.23197342628038578,0,0,GRADUAL_MULTILEVEL,NOT_REPORTED,absolute,IDEALIZED_SINGLE_PAIR_GRADUAL,IDEALIZED_GRADUAL_MAPPING,128,7,127,0,2,4,203264,16,16,256,54.39,41.84
TiOx_02_Au,10.1038/s41598-019-44607-3,TiOx,1.705978,0.23197342628038578,0,0,GRADUAL_MULTILEVEL,NOT_REPORTED,absolute,IDEALIZED_SINGLE_PAIR_GRADUAL,IDEALIZED_GRADUAL_MAPPING,128,5,31,0,2,4,203264,16,16,256,54.17,42.06
TiOx_02_Au,10.1038/s41598-019-44607-3,TiOx,1.705978,0.23197342628038578,0,0,GRADUAL_MULTILEVEL,NOT_REPORTED,absolute,IDEALIZED_SINGLE_PAIR_GRADUAL,IDEALIZED_GRADUAL_MAPPING,128,6,63,0,2,4,203264,16,16,256,53.92,42.31
TiOx_02_Au,10.1038/s41598-019-44607-3,TiOx,1.705978,0.23197342628038578,0,0,GRADUAL_MULTILEVEL,NOT_REPORTED,absolute,IDEALIZED_SINGLE_PAIR_GRADUAL,IDEALIZED_GRADUAL_MAPPING,128,3,7,0,2,4,203264,16,16,256,44.4,51.830000000000005
TiOx_02_Au,10.1038/s41598-019-44607-3,TiOx,1.705978,0.23197342628038578,0,0,GRADUAL_MULTILEVEL,NOT_REPORTED,absolute,IDEALIZED_SINGLE_PAIR_GRADUAL,IDEALIZED_GRADUAL_MAPPING,256,8,255,0,2,4,203264,10,16,160,42.56,53.67
TiOx_02_Au,10.1038/s41598-019-44607-3,TiOx,1.705978,0.23197342628038578,0,0,GRADUAL_MULTILEVEL,NOT_REPORTED,absolute,IDEALIZED_SINGLE_PAIR_GRADUAL,IDEALIZED_GRADUAL_MAPPING,256,7,127,0,2,4,203264,10,16,160,42.05,54.18000000000001
TiOx_02_Au,10.1038/s41598-019-44607-3,TiOx,1.705978,0.23197342628038578,0,0,GRADUAL_MULTILEVEL,NOT_REPORTED,absolute,IDEALIZED_SINGLE_PAIR_GRADUAL,IDEALIZED_GRADUAL_MAPPING,256,6,63,0,2,4,203264,10,16,160,41.7,54.53
TiOx_02_Au,10.1038/s41598-019-44607-3,TiOx,1.705978,0.23197342628038578,0,0,GRADUAL_MULTILEVEL,NOT_REPORTED,absolute,IDEALIZED_SINGLE_PAIR_GRADUAL,IDEALIZED_GRADUAL_MAPPING,256,4,15,0,2,4,203264,10,16,160,41.65,54.580000000000005
TiOx_02_Au,10.1038/s41598-019-44607-3,TiOx,1.705978,0.23197342628038578,0,0,GRADUAL_MULTILEVEL,NOT_REPORTED,absolute,IDEALIZED_SINGLE_PAIR_GRADUAL,IDEALIZED_GRADUAL_MAPPING,256,5,31,0,2,4,203264,10,16,160,41.49,54.74
TiOx_02_Au,10.1038/s41598-019-44607-3,TiOx,1.705978,0.23197342628038578,0,0,GRADUAL_MULTILEVEL,NOT_REPORTED,absolute,IDEALIZED_SINGLE_PAIR_GRADUAL,IDEALIZED_GRADUAL_MAPPING,256,3,7,0,2,4,203264,10,16,160,35.23,61.00000000000001
TiOx_02_Au,10.1038/s41598-019-44607-3,TiOx,1.705978,0.23197342628038578,0,0,GRADUAL_MULTILEVEL,NOT_REPORTED,absolute,IDEALIZED_SINGLE_PAIR_GRADUAL,IDEALIZED_GRADUAL_MAPPING,64,2,3,0,2,5,203264,56,32,1792,12.4,83.83
TiOx_02_Au,10.1038/s41598-019-44607-3,TiOx,1.705978,0.23197342628038578,0,0,GRADUAL_MULTILEVEL,NOT_REPORTED,absolute,IDEALIZED_SINGLE_PAIR_GRADUAL,IDEALIZED_GRADUAL_MAPPING,16,2,3,0,2,5,203264,800,32,25600,12.25,83.98
TiOx_02_Au,10.1038/s41598-019-44607-3,TiOx,1.705978,0.23197342628038578,0,0,GRADUAL_MULTILEVEL,NOT_REPORTED,absolute,IDEALIZED_SINGLE_PAIR_GRADUAL,IDEALIZED_GRADUAL_MAPPING,128,2,3,0,2,5,203264,16,32,512,12.22,84.01
TiOx_02_Au,10.1038/s41598-019-44607-3,TiOx,1.705978,0.23197342628038578,0,0,GRADUAL_MULTILEVEL,NOT_REPORTED,absolute,IDEALIZED_SINGLE_PAIR_GRADUAL,IDEALIZED_GRADUAL_MAPPING,256,2,3,0,2,7,203264,10,128,1280,12.01,84.22
TiOx_02_Au,10.1038/s41598-019-44607-3,TiOx,1.705978,0.23197342628038578,0,0,GRADUAL_MULTILEVEL,NOT_REPORTED,absolute,IDEALIZED_SINGLE_PAIR_GRADUAL,IDEALIZED_GRADUAL_MAPPING,256,2,3,0,2,5,203264,10,32,320,11.97,84.26
TiOx_02_Au,10.1038/s41598-019-44607-3,TiOx,1.705978,0.23197342628038578,0,0,GRADUAL_MULTILEVEL,NOT_REPORTED,absolute,IDEALIZED_SINGLE_PAIR_GRADUAL,IDEALIZED_GRADUAL_MAPPING,32,2,3,0,2,5,203264,208,32,6656,11.78,84.45
TiOx_02_Au,10.1038/s41598-019-44607-3,TiOx,1.705978,0.23197342628038578,0,0,GRADUAL_MULTILEVEL,NOT_REPORTED,absolute,IDEALIZED_SINGLE_PAIR_GRADUAL,IDEALIZED_GRADUAL_MAPPING,128,2,3,0,2,7,203264,16,128,2048,11.78,84.45
TiOx_02_Au,10.1038/s41598-019-44607-3,TiOx,1.705978,0.23197342628038578,0,0,GRADUAL_MULTILEVEL,NOT_REPORTED,absolute,IDEALIZED_SINGLE_PAIR_GRADUAL,IDEALIZED_GRADUAL_MAPPING,128,2,3,0,2,6,203264,16,64,1024,11.7,84.53
TiOx_02_Au,10.1038/s41598-019-44607-3,TiOx,1.705978,0.23197342628038578,0,0,GRADUAL_MULTILEVEL,NOT_REPORTED,absolute,IDEALIZED_SINGLE_PAIR_GRADUAL,IDEALIZED_GRADUAL_MAPPING,256,2,3,0,2,6,203264,10,64,640,11.66,84.57000000000001
TiOx_02_Au,10.1038/s41598-019-44607-3,TiOx,1.705978,0.23197342628038578,0,0,GRADUAL_MULTILEVEL,NOT_REPORTED,absolute,IDEALIZED_SINGLE_PAIR_GRADUAL,IDEALIZED_GRADUAL_MAPPING,64,2,3,0,2,7,203264,56,128,7168,11.65,84.58
TiOx_02_Au,10.1038/s41598-019-44607-3,TiOx,1.705978,0.23197342628038578,0,0,GRADUAL_MULTILEVEL,NOT_REPORTED,absolute,IDEALIZED_SINGLE_PAIR_GRADUAL,IDEALIZED_GRADUAL_MAPPING,32,2,3,0,2,7,203264,208,128,26624,11.59,84.64
TiOx_02_Au,10.1038/s41598-019-44607-3,TiOx,1.705978,0.23197342628038578,0,0,GRADUAL_MULTILEVEL,NOT_REPORTED,absolute,IDEALIZED_SINGLE_PAIR_GRADUAL,IDEALIZED_GRADUAL_MAPPING,32,2,3,0,2,8,203264,208,256,53248,11.59,84.64
TiOx_02_Au,10.1038/s41598-019-44607-3,TiOx,1.705978,0.23197342628038578,0,0,GRADUAL_MULTILEVEL,NOT_REPORTED,absolute,IDEALIZED_SINGLE_PAIR_GRADUAL,IDEALIZED_GRADUAL_MAPPING,16,2,3,0,2,7,203264,800,128,102400,11.58,84.65
TiOx_02_Au,10.1038/s41598-019-44607-3,TiOx,1.705978,0.23197342628038578,0,0,GRADUAL_MULTILEVEL,NOT_REPORTED,absolute,IDEALIZED_SINGLE_PAIR_GRADUAL,IDEALIZED_GRADUAL_MAPPING,64,2,3,0,2,8,203264,56,256,14336,11.57,84.66
TiOx_02_Au,10.1038/s41598-019-44607-3,TiOx,1.705978,0.23197342628038578,0,0,GRADUAL_MULTILEVEL,NOT_REPORTED,absolute,IDEALIZED_SINGLE_PAIR_GRADUAL,IDEALIZED_GRADUAL_MAPPING,256,2,3,0,2,8,203264,10,256,2560,11.53,84.7
TiOx_02_Au,10.1038/s41598-019-44607-3,TiOx,1.705978,0.23197342628038578,0,0,GRADUAL_MULTILEVEL,NOT_REPORTED,absolute,IDEALIZED_SINGLE_PAIR_GRADUAL,IDEALIZED_GRADUAL_MAPPING,16,2,3,0,2,8,203264,800,256,204800,11.5,84.73
TiOx_02_Au,10.1038/s41598-019-44607-3,TiOx,1.705978,0.23197342628038578,0,0,GRADUAL_MULTILEVEL,NOT_REPORTED,absolute,IDEALIZED_SINGLE_PAIR_GRADUAL,IDEALIZED_GRADUAL_MAPPING,128,2,3,0,2,8,203264,16,256,4096,11.48,84.75
TiOx_02_Au,10.1038/s41598-019-44607-3,TiOx,1.705978,0.23197342628038578,0,0,GRADUAL_MULTILEVEL,NOT_REPORTED,absolute,IDEALIZED_SINGLE_PAIR_GRADUAL,IDEALIZED_GRADUAL_MAPPING,16,2,3,0,2,10,203264,800,1024,819200,11.36,84.87
TiOx_02_Au,10.1038/s41598-019-44607-3,TiOx,1.705978,0.23197342628038578,0,0,GRADUAL_MULTILEVEL,NOT_REPORTED,absolute,IDEALIZED_SINGLE_PAIR_GRADUAL,IDEALIZED_GRADUAL_MAPPING,16,2,3,0,2,6,203264,800,64,51200,11.35,84.88000000000001
TiOx_02_Au,10.1038/s41598-019-44607-3,TiOx,1.705978,0.23197342628038578,0,0,GRADUAL_MULTILEVEL,NOT_REPORTED,absolute,IDEALIZED_SINGLE_PAIR_GRADUAL,IDEALIZED_GRADUAL_MAPPING,128,2,3,0,2,10,203264,16,1024,16384,11.27,84.96000000000001
TiOx_02_Au,10.1038/s41598-019-44607-3,TiOx,1.705978,0.23197342628038578,0,0,GRADUAL_MULTILEVEL,NOT_REPORTED,absolute,IDEALIZED_SINGLE_PAIR_GRADUAL,IDEALIZED_GRADUAL_MAPPING,64,2,3,0,2,6,203264,56,64,3584,11.27,84.96000000000001
TiOx_02_Au,10.1038/s41598-019-44607-3,TiOx,1.705978,0.23197342628038578,0,0,GRADUAL_MULTILEVEL,NOT_REPORTED,absolute,IDEALIZED_SINGLE_PAIR_GRADUAL,IDEALIZED_GRADUAL_MAPPING,32,2,3,0,2,6,203264,208,64,13312,11.22,85.01
TiOx_02_Au,10.1038/s41598-019-44607-3,TiOx,1.705978,0.23197342628038578,0,0,GRADUAL_MULTILEVEL,NOT_REPORTED,absolute,IDEALIZED_SINGLE_PAIR_GRADUAL,IDEALIZED_GRADUAL_MAPPING,256,2,3,0,2,10,203264,10,1024,10240,11.2,85.03
TiOx_02_Au,10.1038/s41598-019-44607-3,TiOx,1.705978,0.23197342628038578,0,0,GRADUAL_MULTILEVEL,NOT_REPORTED,absolute,IDEALIZED_SINGLE_PAIR_GRADUAL,IDEALIZED_GRADUAL_MAPPING,16,2,3,0,2,9,203264,800,512,409600,11.14,85.09
TiOx_02_Au,10.1038/s41598-019-44607-3,TiOx,1.705978,0.23197342628038578,0,0,GRADUAL_MULTILEVEL,NOT_REPORTED,absolute,IDEALIZED_SINGLE_PAIR_GRADUAL,IDEALIZED_GRADUAL_MAPPING,64,2,3,0,2,10,203264,56,1024,57344,11.13,85.10000000000001
TiOx_02_Au,10.1038/s41598-019-44607-3,TiOx,1.705978,0.23197342628038578,0,0,GRADUAL_MULTILEVEL,NOT_REPORTED,absolute,IDEALIZED_SINGLE_PAIR_GRADUAL,IDEALIZED_GRADUAL_MAPPING,32,2,3,0,2,9,203264,208,512,106496,11.1,85.13000000000001
TiOx_02_Au,10.1038/s41598-019-44607-3,TiOx,1.705978,0.23197342628038578,0,0,GRADUAL_MULTILEVEL,NOT_REPORTED,absolute,IDEALIZED_SINGLE_PAIR_GRADUAL,IDEALIZED_GRADUAL_MAPPING,64,2,3,0,2,9,203264,56,512,28672,11.1,85.13000000000001
TiOx_02_Au,10.1038/s41598-019-44607-3,TiOx,1.705978,0.23197342628038578,0,0,GRADUAL_MULTILEVEL,NOT_REPORTED,absolute,IDEALIZED_SINGLE_PAIR_GRADUAL,IDEALIZED_GRADUAL_MAPPING,32,2,3,0,2,10,203264,208,1024,212992,11.09,85.14
TiOx_02_Au,10.1038/s41598-019-44607-3,TiOx,1.705978,0.23197342628038578,0,0,GRADUAL_MULTILEVEL,NOT_REPORTED,absolute,IDEALIZED_SINGLE_PAIR_GRADUAL,IDEALIZED_GRADUAL_MAPPING,128,2,3,0,2,9,203264,16,512,8192,11.02,85.21000000000001
TiOx_02_Au,10.1038/s41598-019-44607-3,TiOx,1.705978,0.23197342628038578,0,0,GRADUAL_MULTILEVEL,NOT_REPORTED,absolute,IDEALIZED_SINGLE_PAIR_GRADUAL,IDEALIZED_GRADUAL_MAPPING,256,2,3,0,2,9,203264,10,512,5120,10.89,85.34
TiOx_02_Au,10.1038/s41598-019-44607-3,TiOx,1.705978,0.23197342628038578,0,0,GRADUAL_MULTILEVEL,NOT_REPORTED,absolute,IDEALIZED_SINGLE_PAIR_GRADUAL,IDEALIZED_GRADUAL_MAPPING,16,2,3,0,2,4,203264,800,16,12800,9.8,86.43
TiOx_02_Au,10.1038/s41598-019-44607-3,TiOx,1.705978,0.23197342628038578,0,0,GRADUAL_MULTILEVEL,NOT_REPORTED,absolute,IDEALIZED_SINGLE_PAIR_GRADUAL,IDEALIZED_GRADUAL_MAPPING,32,2,3,0,2,4,203264,208,16,3328,9.68,86.55000000000001
TiOx_02_Au,10.1038/s41598-019-44607-3,TiOx,1.705978,0.23197342628038578,0,0,GRADUAL_MULTILEVEL,NOT_REPORTED,absolute,IDEALIZED_SINGLE_PAIR_GRADUAL,IDEALIZED_GRADUAL_MAPPING,64,2,3,0,2,4,203264,56,16,896,9.52,86.71000000000001
TiOx_02_Au,10.1038/s41598-019-44607-3,TiOx,1.705978,0.23197342628038578,0,0,GRADUAL_MULTILEVEL,NOT_REPORTED,absolute,IDEALIZED_SINGLE_PAIR_GRADUAL,IDEALIZED_GRADUAL_MAPPING,128,2,3,0,2,4,203264,16,16,256,9.14,87.09
TiOx_02_Au,10.1038/s41598-019-44607-3,TiOx,1.705978,0.23197342628038578,0,0,GRADUAL_MULTILEVEL,NOT_REPORTED,absolute,IDEALIZED_SINGLE_PAIR_GRADUAL,IDEALIZED_GRADUAL_MAPPING,256,2,3,0,2,4,203264,10,16,160,8.93,87.30000000000001
TiOx_02_Ni,10.1038/s41598-019-44607-3,TiOx,1.10723,0.04423784432542615,0,0,GRADUAL_MULTILEVEL,NOT_REPORTED,absolute,IDEALIZED_SINGLE_PAIR_GRADUAL,IDEALIZED_GRADUAL_MAPPING,32,7,127,0,2,10,203264,208,1024,212992,96.31,-0.0799999999999983
TiOx_02_Ni,10.1038/s41598-019-44607-3,TiOx,1.10723,0.04423784432542615,0,0,GRADUAL_MULTILEVEL,NOT_REPORTED,absolute,IDEALIZED_SINGLE_PAIR_GRADUAL,IDEALIZED_GRADUAL_MAPPING,32,6,63,0,2,10,203264,208,1024,212992,96.29,-0.0600000000000022
TiOx_02_Ni,10.1038/s41598-019-44607-3,TiOx,1.10723,0.04423784432542615,0,0,GRADUAL_MULTILEVEL,NOT_REPORTED,absolute,IDEALIZED_SINGLE_PAIR_GRADUAL,IDEALIZED_GRADUAL_MAPPING,64,6,63,0,2,10,203264,56,1024,57344,96.28,-0.0499999999999971
TiOx_02_Ni,10.1038/s41598-019-44607-3,TiOx,1.10723,0.04423784432542615,0,0,GRADUAL_MULTILEVEL,NOT_REPORTED,absolute,IDEALIZED_SINGLE_PAIR_GRADUAL,IDEALIZED_GRADUAL_MAPPING,16,6,63,0,2,10,203264,800,1024,819200,96.25,-0.019999999999996
TiOx_02_Ni,10.1038/s41598-019-44607-3,TiOx,1.10723,0.04423784432542615,0,0,GRADUAL_MULTILEVEL,NOT_REPORTED,absolute,IDEALIZED_SINGLE_PAIR_GRADUAL,IDEALIZED_GRADUAL_MAPPING,32,8,255,0,2,10,203264,208,1024,212992,96.24,-0.0099999999999909
TiOx_02_Ni,10.1038/s41598-019-44607-3,TiOx,1.10723,0.04423784432542615,0,0,GRADUAL_MULTILEVEL,NOT_REPORTED,absolute,IDEALIZED_SINGLE_PAIR_GRADUAL,IDEALIZED_GRADUAL_MAPPING,256,8,255,0,2,10,203264,10,1024,10240,96.24,-0.0099999999999909
TiOx_02_Ni,10.1038/s41598-019-44607-3,TiOx,1.10723,0.04423784432542615,0,0,GRADUAL_MULTILEVEL,NOT_REPORTED,absolute,IDEALIZED_SINGLE_PAIR_GRADUAL,IDEALIZED_GRADUAL_MAPPING,64,5,31,0,2,10,203264,56,1024,57344,96.23,0.0
TiOx_02_Ni,10.1038/s41598-019-44607-3,TiOx,1.10723,0.04423784432542615,0,0,GRADUAL_MULTILEVEL,NOT_REPORTED,absolute,IDEALIZED_SINGLE_PAIR_GRADUAL,IDEALIZED_GRADUAL_MAPPING,32,5,31,0,2,10,203264,208,1024,212992,96.23,0.0
TiOx_02_Ni,10.1038/s41598-019-44607-3,TiOx,1.10723,0.04423784432542615,0,0,GRADUAL_MULTILEVEL,NOT_REPORTED,absolute,IDEALIZED_SINGLE_PAIR_GRADUAL,IDEALIZED_GRADUAL_MAPPING,64,7,127,0,2,10,203264,56,1024,57344,96.21,0.0200000000000102
TiOx_02_Ni,10.1038/s41598-019-44607-3,TiOx,1.10723,0.04423784432542615,0,0,GRADUAL_MULTILEVEL,NOT_REPORTED,absolute,IDEALIZED_SINGLE_PAIR_GRADUAL,IDEALIZED_GRADUAL_MAPPING,128,8,255,0,2,10,203264,16,1024,16384,96.21,0.0200000000000102
TiOx_02_Ni,10.1038/s41598-019-44607-3,TiOx,1.10723,0.04423784432542615,0,0,GRADUAL_MULTILEVEL,NOT_REPORTED,absolute,IDEALIZED_SINGLE_PAIR_GRADUAL,IDEALIZED_GRADUAL_MAPPING,16,7,127,0,2,9,203264,800,512,409600,96.2,0.0300000000000011
TiOx_02_Ni,10.1038/s41598-019-44607-3,TiOx,1.10723,0.04423784432542615,0,0,GRADUAL_MULTILEVEL,NOT_REPORTED,absolute,IDEALIZED_SINGLE_PAIR_GRADUAL,IDEALIZED_GRADUAL_MAPPING,128,7,127,0,2,10,203264,16,1024,16384,96.19,0.0400000000000062
TiOx_02_Ni,10.1038/s41598-019-44607-3,TiOx,1.10723,0.04423784432542615,0,0,GRADUAL_MULTILEVEL,NOT_REPORTED,absolute,IDEALIZED_SINGLE_PAIR_GRADUAL,IDEALIZED_GRADUAL_MAPPING,16,7,127,0,2,10,203264,800,1024,819200,96.19,0.0400000000000062
TiOx_02_Ni,10.1038/s41598-019-44607-3,TiOx,1.10723,0.04423784432542615,0,0,GRADUAL_MULTILEVEL,NOT_REPORTED,absolute,IDEALIZED_SINGLE_PAIR_GRADUAL,IDEALIZED_GRADUAL_MAPPING,128,6,63,0,2,10,203264,16,1024,16384,96.19,0.0400000000000062
TiOx_02_Ni,10.1038/s41598-019-44607-3,TiOx,1.10723,0.04423784432542615,0,0,GRADUAL_MULTILEVEL,NOT_REPORTED,absolute,IDEALIZED_SINGLE_PAIR_GRADUAL,IDEALIZED_GRADUAL_MAPPING,256,6,63,0,2,10,203264,10,1024,10240,96.18,0.0499999999999971
TiOx_02_Ni,10.1038/s41598-019-44607-3,TiOx,1.10723,0.04423784432542615,0,0,GRADUAL_MULTILEVEL,NOT_REPORTED,absolute,IDEALIZED_SINGLE_PAIR_GRADUAL,IDEALIZED_GRADUAL_MAPPING,16,5,31,0,2,9,203264,800,512,409600,96.18,0.0499999999999971
TiOx_02_Ni,10.1038/s41598-019-44607-3,TiOx,1.10723,0.04423784432542615,0,0,GRADUAL_MULTILEVEL,NOT_REPORTED,absolute,IDEALIZED_SINGLE_PAIR_GRADUAL,IDEALIZED_GRADUAL_MAPPING,16,8,255,0,2,10,203264,800,1024,819200,96.17,0.0600000000000022
TiOx_02_Ni,10.1038/s41598-019-44607-3,TiOx,1.10723,0.04423784432542615,0,0,GRADUAL_MULTILEVEL,NOT_REPORTED,absolute,IDEALIZED_SINGLE_PAIR_GRADUAL,IDEALIZED_GRADUAL_MAPPING,16,8,255,0,2,9,203264,800,512,409600,96.14,0.0900000000000034
TiOx_02_Ni,10.1038/s41598-019-44607-3,TiOx,1.10723,0.04423784432542615,0,0,GRADUAL_MULTILEVEL,NOT_REPORTED,absolute,IDEALIZED_SINGLE_PAIR_GRADUAL,IDEALIZED_GRADUAL_MAPPING,16,5,31,0,2,10,203264,800,1024,819200,96.14,0.0900000000000034
TiOx_02_Ni,10.1038/s41598-019-44607-3,TiOx,1.10723,0.04423784432542615,0,0,GRADUAL_MULTILEVEL,NOT_REPORTED,absolute,IDEALIZED_SINGLE_PAIR_GRADUAL,IDEALIZED_GRADUAL_MAPPING,64,8,255,0,2,10,203264,56,1024,57344,96.14,0.0900000000000034
TiOx_02_Ni,10.1038/s41598-019-44607-3,TiOx,1.10723,0.04423784432542615,0,0,GRADUAL_MULTILEVEL,NOT_REPORTED,absolute,IDEALIZED_SINGLE_PAIR_GRADUAL,IDEALIZED_GRADUAL_MAPPING,32,8,255,0,2,9,203264,208,512,106496,96.13,0.1000000000000085
TiOx_02_Ni,10.1038/s41598-019-44607-3,TiOx,1.10723,0.04423784432542615,0,0,GRADUAL_MULTILEVEL,NOT_REPORTED,absolute,IDEALIZED_SINGLE_PAIR_GRADUAL,IDEALIZED_GRADUAL_MAPPING,32,6,63,0,2,9,203264,208,512,106496,96.12,0.1099999999999994
TiOx_02_Ni,10.1038/s41598-019-44607-3,TiOx,1.10723,0.04423784432542615,0,0,GRADUAL_MULTILEVEL,NOT_REPORTED,absolute,IDEALIZED_SINGLE_PAIR_GRADUAL,IDEALIZED_GRADUAL_MAPPING,16,4,15,0,2,10,203264,800,1024,819200,96.1,0.1300000000000096
TiOx_02_Ni,10.1038/s41598-019-44607-3,TiOx,1.10723,0.04423784432542615,0,0,GRADUAL_MULTILEVEL,NOT_REPORTED,absolute,IDEALIZED_SINGLE_PAIR_GRADUAL,IDEALIZED_GRADUAL_MAPPING,256,7,127,0,2,10,203264,10,1024,10240,96.09,0.1400000000000005
TiOx_02_Ni,10.1038/s41598-019-44607-3,TiOx,1.10723,0.04423784432542615,0,0,GRADUAL_MULTILEVEL,NOT_REPORTED,absolute,IDEALIZED_SINGLE_PAIR_GRADUAL,IDEALIZED_GRADUAL_MAPPING,32,4,15,0,2,10,203264,208,1024,212992,96.08,0.1500000000000056
TiOx_02_Ni,10.1038/s41598-019-44607-3,TiOx,1.10723,0.04423784432542615,0,0,GRADUAL_MULTILEVEL,NOT_REPORTED,absolute,IDEALIZED_SINGLE_PAIR_GRADUAL,IDEALIZED_GRADUAL_MAPPING,128,5,31,0,2,10,203264,16,1024,16384,96.08,0.1500000000000056
TiOx_02_Ni,10.1038/s41598-019-44607-3,TiOx,1.10723,0.04423784432542615,0,0,GRADUAL_MULTILEVEL,NOT_REPORTED,absolute,IDEALIZED_SINGLE_PAIR_GRADUAL,IDEALIZED_GRADUAL_MAPPING,256,5,31,0,2,10,203264,10,1024,10240,96.06,0.1700000000000017
TiOx_02_Ni,10.1038/s41598-019-44607-3,TiOx,1.10723,0.04423784432542615,0,0,GRADUAL_MULTILEVEL,NOT_REPORTED,absolute,IDEALIZED_SINGLE_PAIR_GRADUAL,IDEALIZED_GRADUAL_MAPPING,16,6,63,0,2,9,203264,800,512,409600,96.06,0.1700000000000017
TiOx_02_Ni,10.1038/s41598-019-44607-3,TiOx,1.10723,0.04423784432542615,0,0,GRADUAL_MULTILEVEL,NOT_REPORTED,absolute,IDEALIZED_SINGLE_PAIR_GRADUAL,IDEALIZED_GRADUAL_MAPPING,32,7,127,0,2,9,203264,208,512,106496,96.05,0.1800000000000068
TiOx_02_Ni,10.1038/s41598-019-44607-3,TiOx,1.10723,0.04423784432542615,0,0,GRADUAL_MULTILEVEL,NOT_REPORTED,absolute,IDEALIZED_SINGLE_PAIR_GRADUAL,IDEALIZED_GRADUAL_MAPPING,16,7,127,0,2,8,203264,800,256,204800,96.03,0.2000000000000028
TiOx_02_Ni,10.1038/s41598-019-44607-3,TiOx,1.10723,0.04423784432542615,0,0,GRADUAL_MULTILEVEL,NOT_REPORTED,absolute,IDEALIZED_SINGLE_PAIR_GRADUAL,IDEALIZED_GRADUAL_MAPPING,32,4,15,0,2,9,203264,208,512,106496,96.03,0.2000000000000028
TiOx_02_Ni,10.1038/s41598-019-44607-3,TiOx,1.10723,0.04423784432542615,0,0,GRADUAL_MULTILEVEL,NOT_REPORTED,absolute,IDEALIZED_SINGLE_PAIR_GRADUAL,IDEALIZED_GRADUAL_MAPPING,16,4,15,0,2,9,203264,800,512,409600,96.0,0.2300000000000039
TiOx_02_Ni,10.1038/s41598-019-44607-3,TiOx,1.10723,0.04423784432542615,0,0,GRADUAL_MULTILEVEL,NOT_REPORTED,absolute,IDEALIZED_SINGLE_PAIR_GRADUAL,IDEALIZED_GRADUAL_MAPPING,64,4,15,0,2,10,203264,56,1024,57344,96.0,0.2300000000000039
TiOx_02_Ni,10.1038/s41598-019-44607-3,TiOx,1.10723,0.04423784432542615,0,0,GRADUAL_MULTILEVEL,NOT_REPORTED,absolute,IDEALIZED_SINGLE_PAIR_GRADUAL,IDEALIZED_GRADUAL_MAPPING,16,6,63,0,2,8,203264,800,256,204800,95.97,0.2600000000000051
TiOx_02_Ni,10.1038/s41598-019-44607-3,TiOx,1.10723,0.04423784432542615,0,0,GRADUAL_MULTILEVEL,NOT_REPORTED,absolute,IDEALIZED_SINGLE_PAIR_GRADUAL,IDEALIZED_GRADUAL_MAPPING,16,5,31,0,2,8,203264,800,256,204800,95.97,0.2600000000000051
TiOx_02_Ni,10.1038/s41598-019-44607-3,TiOx,1.10723,0.04423784432542615,0,0,GRADUAL_MULTILEVEL,NOT_REPORTED,absolute,IDEALIZED_SINGLE_PAIR_GRADUAL,IDEALIZED_GRADUAL_MAPPING,128,4,15,0,2,10,203264,16,1024,16384,95.96,0.2700000000000102
TiOx_02_Ni,10.1038/s41598-019-44607-3,TiOx,1.10723,0.04423784432542615,0,0,GRADUAL_MULTILEVEL,NOT_REPORTED,absolute,IDEALIZED_SINGLE_PAIR_GRADUAL,IDEALIZED_GRADUAL_MAPPING,256,4,15,0,2,10,203264,10,1024,10240,95.95,0.2800000000000011
TiOx_02_Ni,10.1038/s41598-019-44607-3,TiOx,1.10723,0.04423784432542615,0,0,GRADUAL_MULTILEVEL,NOT_REPORTED,absolute,IDEALIZED_SINGLE_PAIR_GRADUAL,IDEALIZED_GRADUAL_MAPPING,64,7,127,0,2,9,203264,56,512,28672,95.95,0.2800000000000011
TiOx_02_Ni,10.1038/s41598-019-44607-3,TiOx,1.10723,0.04423784432542615,0,0,GRADUAL_MULTILEVEL,NOT_REPORTED,absolute,IDEALIZED_SINGLE_PAIR_GRADUAL,IDEALIZED_GRADUAL_MAPPING,64,5,31,0,2,9,203264,56,512,28672,95.89,0.3400000000000034
TiOx_02_Ni,10.1038/s41598-019-44607-3,TiOx,1.10723,0.04423784432542615,0,0,GRADUAL_MULTILEVEL,NOT_REPORTED,absolute,IDEALIZED_SINGLE_PAIR_GRADUAL,IDEALIZED_GRADUAL_MAPPING,64,4,15,0,2,9,203264,56,512,28672,95.89,0.3400000000000034
TiOx_02_Ni,10.1038/s41598-019-44607-3,TiOx,1.10723,0.04423784432542615,0,0,GRADUAL_MULTILEVEL,NOT_REPORTED,absolute,IDEALIZED_SINGLE_PAIR_GRADUAL,IDEALIZED_GRADUAL_MAPPING,16,4,15,0,2,8,203264,800,256,204800,95.88,0.3500000000000085
TiOx_02_Ni,10.1038/s41598-019-44607-3,TiOx,1.10723,0.04423784432542615,0,0,GRADUAL_MULTILEVEL,NOT_REPORTED,absolute,IDEALIZED_SINGLE_PAIR_GRADUAL,IDEALIZED_GRADUAL_MAPPING,32,5,31,0,2,9,203264,208,512,106496,95.88,0.3500000000000085
TiOx_02_Ni,10.1038/s41598-019-44607-3,TiOx,1.10723,0.04423784432542615,0,0,GRADUAL_MULTILEVEL,NOT_REPORTED,absolute,IDEALIZED_SINGLE_PAIR_GRADUAL,IDEALIZED_GRADUAL_MAPPING,64,8,255,0,2,9,203264,56,512,28672,95.85,0.3800000000000096
TiOx_02_Ni,10.1038/s41598-019-44607-3,TiOx,1.10723,0.04423784432542615,0,0,GRADUAL_MULTILEVEL,NOT_REPORTED,absolute,IDEALIZED_SINGLE_PAIR_GRADUAL,IDEALIZED_GRADUAL_MAPPING,16,8,255,0,2,8,203264,800,256,204800,95.85,0.3800000000000096
TiOx_02_Ni,10.1038/s41598-019-44607-3,TiOx,1.10723,0.04423784432542615,0,0,GRADUAL_MULTILEVEL,NOT_REPORTED,absolute,IDEALIZED_SINGLE_PAIR_GRADUAL,IDEALIZED_GRADUAL_MAPPING,64,6,63,0,2,9,203264,56,512,28672,95.83,0.4000000000000057
TiOx_02_Ni,10.1038/s41598-019-44607-3,TiOx,1.10723,0.04423784432542615,0,0,GRADUAL_MULTILEVEL,NOT_REPORTED,absolute,IDEALIZED_SINGLE_PAIR_GRADUAL,IDEALIZED_GRADUAL_MAPPING,256,6,63,0,2,9,203264,10,512,5120,95.73,0.5
TiOx_02_Ni,10.1038/s41598-019-44607-3,TiOx,1.10723,0.04423784432542615,0,0,GRADUAL_MULTILEVEL,NOT_REPORTED,absolute,IDEALIZED_SINGLE_PAIR_GRADUAL,IDEALIZED_GRADUAL_MAPPING,128,8,255,0,2,9,203264,16,512,8192,95.73,0.5
TiOx_02_Ni,10.1038/s41598-019-44607-3,TiOx,1.10723,0.04423784432542615,0,0,GRADUAL_MULTILEVEL,NOT_REPORTED,absolute,IDEALIZED_SINGLE_PAIR_GRADUAL,IDEALIZED_GRADUAL_MAPPING,128,7,127,0,2,9,203264,16,512,8192,95.69,0.5400000000000063
TiOx_02_Ni,10.1038/s41598-019-44607-3,TiOx,1.10723,0.04423784432542615,0,0,GRADUAL_MULTILEVEL,NOT_REPORTED,absolute,IDEALIZED_SINGLE_PAIR_GRADUAL,IDEALIZED_GRADUAL_MAPPING,128,6,63,0,2,9,203264,16,512,8192,95.67,0.5600000000000023
TiOx_02_Ni,10.1038/s41598-019-44607-3,TiOx,1.10723,0.04423784432542615,0,0,GRADUAL_MULTILEVEL,NOT_REPORTED,absolute,IDEALIZED_SINGLE_PAIR_GRADUAL,IDEALIZED_GRADUAL_MAPPING,128,5,31,0,2,9,203264,16,512,8192,95.66,0.5700000000000074
TiOx_02_Ni,10.1038/s41598-019-44607-3,TiOx,1.10723,0.04423784432542615,0,0,GRADUAL_MULTILEVEL,NOT_REPORTED,absolute,IDEALIZED_SINGLE_PAIR_GRADUAL,IDEALIZED_GRADUAL_MAPPING,256,8,255,0,2,9,203264,10,512,5120,95.65,0.5799999999999983
TiOx_02_Ni,10.1038/s41598-019-44607-3,TiOx,1.10723,0.04423784432542615,0,0,GRADUAL_MULTILEVEL,NOT_REPORTED,absolute,IDEALIZED_SINGLE_PAIR_GRADUAL,IDEALIZED_GRADUAL_MAPPING,256,5,31,0,2,9,203264,10,512,5120,95.63,0.6000000000000085
TiOx_02_Ni,10.1038/s41598-019-44607-3,TiOx,1.10723,0.04423784432542615,0,0,GRADUAL_MULTILEVEL,NOT_REPORTED,absolute,IDEALIZED_SINGLE_PAIR_GRADUAL,IDEALIZED_GRADUAL_MAPPING,32,5,31,0,2,8,203264,208,256,53248,95.6,0.6300000000000097
TiOx_02_Ni,10.1038/s41598-019-44607-3,TiOx,1.10723,0.04423784432542615,0,0,GRADUAL_MULTILEVEL,NOT_REPORTED,absolute,IDEALIZED_SINGLE_PAIR_GRADUAL,IDEALIZED_GRADUAL_MAPPING,32,7,127,0,2,8,203264,208,256,53248,95.56,0.6700000000000017
TiOx_02_Ni,10.1038/s41598-019-44607-3,TiOx,1.10723,0.04423784432542615,0,0,GRADUAL_MULTILEVEL,NOT_REPORTED,absolute,IDEALIZED_SINGLE_PAIR_GRADUAL,IDEALIZED_GRADUAL_MAPPING,256,7,127,0,2,9,203264,10,512,5120,95.55,0.6800000000000068
TiOx_02_Ni,10.1038/s41598-019-44607-3,TiOx,1.10723,0.04423784432542615,0,0,GRADUAL_MULTILEVEL,NOT_REPORTED,absolute,IDEALIZED_SINGLE_PAIR_GRADUAL,IDEALIZED_GRADUAL_MAPPING,32,8,255,0,2,8,203264,208,256,53248,95.54,0.6899999999999977
TiOx_02_Ni,10.1038/s41598-019-44607-3,TiOx,1.10723,0.04423784432542615,0,0,GRADUAL_MULTILEVEL,NOT_REPORTED,absolute,IDEALIZED_SINGLE_PAIR_GRADUAL,IDEALIZED_GRADUAL_MAPPING,32,6,63,0,2,8,203264,208,256,53248,95.48,0.75
TiOx_02_Ni,10.1038/s41598-019-44607-3,TiOx,1.10723,0.04423784432542615,0,0,GRADUAL_MULTILEVEL,NOT_REPORTED,absolute,IDEALIZED_SINGLE_PAIR_GRADUAL,IDEALIZED_GRADUAL_MAPPING,128,4,15,0,2,9,203264,16,512,8192,95.47,0.7600000000000051
TiOx_02_Ni,10.1038/s41598-019-44607-3,TiOx,1.10723,0.04423784432542615,0,0,GRADUAL_MULTILEVEL,NOT_REPORTED,absolute,IDEALIZED_SINGLE_PAIR_GRADUAL,IDEALIZED_GRADUAL_MAPPING,256,4,15,0,2,9,203264,10,512,5120,95.36,0.8700000000000045
TiOx_02_Ni,10.1038/s41598-019-44607-3,TiOx,1.10723,0.04423784432542615,0,0,GRADUAL_MULTILEVEL,NOT_REPORTED,absolute,IDEALIZED_SINGLE_PAIR_GRADUAL,IDEALIZED_GRADUAL_MAPPING,32,4,15,0,2,8,203264,208,256,53248,95.28,0.9500000000000028
TiOx_02_Ni,10.1038/s41598-019-44607-3,TiOx,1.10723,0.04423784432542615,0,0,GRADUAL_MULTILEVEL,NOT_REPORTED,absolute,IDEALIZED_SINGLE_PAIR_GRADUAL,IDEALIZED_GRADUAL_MAPPING,64,8,255,0,2,8,203264,56,256,14336,94.99,1.240000000000009
TiOx_02_Ni,10.1038/s41598-019-44607-3,TiOx,1.10723,0.04423784432542615,0,0,GRADUAL_MULTILEVEL,NOT_REPORTED,absolute,IDEALIZED_SINGLE_PAIR_GRADUAL,IDEALIZED_GRADUAL_MAPPING,16,7,127,0,2,7,203264,800,128,102400,94.89,1.3400000000000034
TiOx_02_Ni,10.1038/s41598-019-44607-3,TiOx,1.10723,0.04423784432542615,0,0,GRADUAL_MULTILEVEL,NOT_REPORTED,absolute,IDEALIZED_SINGLE_PAIR_GRADUAL,IDEALIZED_GRADUAL_MAPPING,64,7,127,0,2,8,203264,56,256,14336,94.86,1.3700000000000043
TiOx_02_Ni,10.1038/s41598-019-44607-3,TiOx,1.10723,0.04423784432542615,0,0,GRADUAL_MULTILEVEL,NOT_REPORTED,absolute,IDEALIZED_SINGLE_PAIR_GRADUAL,IDEALIZED_GRADUAL_MAPPING,64,6,63,0,2,8,203264,56,256,14336,94.85,1.3800000000000097
TiOx_02_Ni,10.1038/s41598-019-44607-3,TiOx,1.10723,0.04423784432542615,0,0,GRADUAL_MULTILEVEL,NOT_REPORTED,absolute,IDEALIZED_SINGLE_PAIR_GRADUAL,IDEALIZED_GRADUAL_MAPPING,64,4,15,0,2,8,203264,56,256,14336,94.79,1.4399999999999975
TiOx_02_Ni,10.1038/s41598-019-44607-3,TiOx,1.10723,0.04423784432542615,0,0,GRADUAL_MULTILEVEL,NOT_REPORTED,absolute,IDEALIZED_SINGLE_PAIR_GRADUAL,IDEALIZED_GRADUAL_MAPPING,16,6,63,0,2,7,203264,800,128,102400,94.79,1.4399999999999975
TiOx_02_Ni,10.1038/s41598-019-44607-3,TiOx,1.10723,0.04423784432542615,0,0,GRADUAL_MULTILEVEL,NOT_REPORTED,absolute,IDEALIZED_SINGLE_PAIR_GRADUAL,IDEALIZED_GRADUAL_MAPPING,16,8,255,0,2,7,203264,800,128,102400,94.78,1.4500000000000028
TiOx_02_Ni,10.1038/s41598-019-44607-3,TiOx,1.10723,0.04423784432542615,0,0,GRADUAL_MULTILEVEL,NOT_REPORTED,absolute,IDEALIZED_SINGLE_PAIR_GRADUAL,IDEALIZED_GRADUAL_MAPPING,16,4,15,0,2,7,203264,800,128,102400,94.72,1.5100000000000051
TiOx_02_Ni,10.1038/s41598-019-44607-3,TiOx,1.10723,0.04423784432542615,0,0,GRADUAL_MULTILEVEL,NOT_REPORTED,absolute,IDEALIZED_SINGLE_PAIR_GRADUAL,IDEALIZED_GRADUAL_MAPPING,64,5,31,0,2,8,203264,56,256,14336,94.63,1.6000000000000083
TiOx_02_Ni,10.1038/s41598-019-44607-3,TiOx,1.10723,0.04423784432542615,0,0,GRADUAL_MULTILEVEL,NOT_REPORTED,absolute,IDEALIZED_SINGLE_PAIR_GRADUAL,IDEALIZED_GRADUAL_MAPPING,16,5,31,0,2,7,203264,800,128,102400,94.53,1.7000000000000028
TiOx_02_Ni,10.1038/s41598-019-44607-3,TiOx,1.10723,0.04423784432542615,0,0,GRADUAL_MULTILEVEL,NOT_REPORTED,absolute,IDEALIZED_SINGLE_PAIR_GRADUAL,IDEALIZED_GRADUAL_MAPPING,32,4,15,0,2,7,203264,208,128,26624,93.9,2.3299999999999983
TiOx_02_Ni,10.1038/s41598-019-44607-3,TiOx,1.10723,0.04423784432542615,0,0,GRADUAL_MULTILEVEL,NOT_REPORTED,absolute,IDEALIZED_SINGLE_PAIR_GRADUAL,IDEALIZED_GRADUAL_MAPPING,32,8,255,0,2,7,203264,208,128,26624,93.89,2.3400000000000034
TiOx_02_Ni,10.1038/s41598-019-44607-3,TiOx,1.10723,0.04423784432542615,0,0,GRADUAL_MULTILEVEL,NOT_REPORTED,absolute,IDEALIZED_SINGLE_PAIR_GRADUAL,IDEALIZED_GRADUAL_MAPPING,32,7,127,0,2,7,203264,208,128,26624,93.76,2.469999999999999
TiOx_02_Ni,10.1038/s41598-019-44607-3,TiOx,1.10723,0.04423784432542615,0,0,GRADUAL_MULTILEVEL,NOT_REPORTED,absolute,IDEALIZED_SINGLE_PAIR_GRADUAL,IDEALIZED_GRADUAL_MAPPING,32,6,63,0,2,7,203264,208,128,26624,93.57,2.660000000000011
TiOx_02_Ni,10.1038/s41598-019-44607-3,TiOx,1.10723,0.04423784432542615,0,0,GRADUAL_MULTILEVEL,NOT_REPORTED,absolute,IDEALIZED_SINGLE_PAIR_GRADUAL,IDEALIZED_GRADUAL_MAPPING,32,5,31,0,2,7,203264,208,128,26624,93.56,2.6700000000000017
TiOx_02_Ni,10.1038/s41598-019-44607-3,TiOx,1.10723,0.04423784432542615,0,0,GRADUAL_MULTILEVEL,NOT_REPORTED,absolute,IDEALIZED_SINGLE_PAIR_GRADUAL,IDEALIZED_GRADUAL_MAPPING,128,6,63,0,2,8,203264,16,256,4096,93.22,3.010000000000005
TiOx_02_Ni,10.1038/s41598-019-44607-3,TiOx,1.10723,0.04423784432542615,0,0,GRADUAL_MULTILEVEL,NOT_REPORTED,absolute,IDEALIZED_SINGLE_PAIR_GRADUAL,IDEALIZED_GRADUAL_MAPPING,128,4,15,0,2,8,203264,16,256,4096,93.11,3.1200000000000045
TiOx_02_Ni,10.1038/s41598-019-44607-3,TiOx,1.10723,0.04423784432542615,0,0,GRADUAL_MULTILEVEL,NOT_REPORTED,absolute,IDEALIZED_SINGLE_PAIR_GRADUAL,IDEALIZED_GRADUAL_MAPPING,128,7,127,0,2,8,203264,16,256,4096,92.9,3.3299999999999983
TiOx_02_Ni,10.1038/s41598-019-44607-3,TiOx,1.10723,0.04423784432542615,0,0,GRADUAL_MULTILEVEL,NOT_REPORTED,absolute,IDEALIZED_SINGLE_PAIR_GRADUAL,IDEALIZED_GRADUAL_MAPPING,128,8,255,0,2,8,203264,16,256,4096,92.87,3.3599999999999994
TiOx_02_Ni,10.1038/s41598-019-44607-3,TiOx,1.10723,0.04423784432542615,0,0,GRADUAL_MULTILEVEL,NOT_REPORTED,absolute,IDEALIZED_SINGLE_PAIR_GRADUAL,IDEALIZED_GRADUAL_MAPPING,256,6,63,0,2,8,203264,10,256,2560,92.8,3.430000000000007
TiOx_02_Ni,10.1038/s41598-019-44607-3,TiOx,1.10723,0.04423784432542615,0,0,GRADUAL_MULTILEVEL,NOT_REPORTED,absolute,IDEALIZED_SINGLE_PAIR_GRADUAL,IDEALIZED_GRADUAL_MAPPING,256,8,255,0,2,8,203264,10,256,2560,92.69,3.5400000000000063
TiOx_02_Ni,10.1038/s41598-019-44607-3,TiOx,1.10723,0.04423784432542615,0,0,GRADUAL_MULTILEVEL,NOT_REPORTED,absolute,IDEALIZED_SINGLE_PAIR_GRADUAL,IDEALIZED_GRADUAL_MAPPING,256,4,15,0,2,8,203264,10,256,2560,92.69,3.5400000000000063
TiOx_02_Ni,10.1038/s41598-019-44607-3,TiOx,1.10723,0.04423784432542615,0,0,GRADUAL_MULTILEVEL,NOT_REPORTED,absolute,IDEALIZED_SINGLE_PAIR_GRADUAL,IDEALIZED_GRADUAL_MAPPING,128,5,31,0,2,8,203264,16,256,4096,92.67,3.5600000000000023
TiOx_02_Ni,10.1038/s41598-019-44607-3,TiOx,1.10723,0.04423784432542615,0,0,GRADUAL_MULTILEVEL,NOT_REPORTED,absolute,IDEALIZED_SINGLE_PAIR_GRADUAL,IDEALIZED_GRADUAL_MAPPING,16,6,63,0,2,6,203264,800,64,51200,92.63,3.6000000000000085
TiOx_02_Ni,10.1038/s41598-019-44607-3,TiOx,1.10723,0.04423784432542615,0,0,GRADUAL_MULTILEVEL,NOT_REPORTED,absolute,IDEALIZED_SINGLE_PAIR_GRADUAL,IDEALIZED_GRADUAL_MAPPING,256,7,127,0,2,8,203264,10,256,2560,92.62,3.61
TiOx_02_Ni,10.1038/s41598-019-44607-3,TiOx,1.10723,0.04423784432542615,0,0,GRADUAL_MULTILEVEL,NOT_REPORTED,absolute,IDEALIZED_SINGLE_PAIR_GRADUAL,IDEALIZED_GRADUAL_MAPPING,16,7,127,0,2,6,203264,800,64,51200,92.54,3.6899999999999977
TiOx_02_Ni,10.1038/s41598-019-44607-3,TiOx,1.10723,0.04423784432542615,0,0,GRADUAL_MULTILEVEL,NOT_REPORTED,absolute,IDEALIZED_SINGLE_PAIR_GRADUAL,IDEALIZED_GRADUAL_MAPPING,16,8,255,0,2,6,203264,800,64,51200,92.52,3.710000000000008
TiOx_02_Ni,10.1038/s41598-019-44607-3,TiOx,1.10723,0.04423784432542615,0,0,GRADUAL_MULTILEVEL,NOT_REPORTED,absolute,IDEALIZED_SINGLE_PAIR_GRADUAL,IDEALIZED_GRADUAL_MAPPING,16,5,31,0,2,6,203264,800,64,51200,92.36,3.870000000000005
TiOx_02_Ni,10.1038/s41598-019-44607-3,TiOx,1.10723,0.04423784432542615,0,0,GRADUAL_MULTILEVEL,NOT_REPORTED,absolute,IDEALIZED_SINGLE_PAIR_GRADUAL,IDEALIZED_GRADUAL_MAPPING,16,3,7,0,2,10,203264,800,1024,819200,92.17,4.060000000000002
TiOx_02_Ni,10.1038/s41598-019-44607-3,TiOx,1.10723,0.04423784432542615,0,0,GRADUAL_MULTILEVEL,NOT_REPORTED,absolute,IDEALIZED_SINGLE_PAIR_GRADUAL,IDEALIZED_GRADUAL_MAPPING,256,5,31,0,2,8,203264,10,256,2560,92.15,4.079999999999998
TiOx_02_Ni,10.1038/s41598-019-44607-3,TiOx,1.10723,0.04423784432542615,0,0,GRADUAL_MULTILEVEL,NOT_REPORTED,absolute,IDEALIZED_SINGLE_PAIR_GRADUAL,IDEALIZED_GRADUAL_MAPPING,32,3,7,0,2,10,203264,208,1024,212992,92.09,4.140000000000001
TiOx_02_Ni,10.1038/s41598-019-44607-3,TiOx,1.10723,0.04423784432542615,0,0,GRADUAL_MULTILEVEL,NOT_REPORTED,absolute,IDEALIZED_SINGLE_PAIR_GRADUAL,IDEALIZED_GRADUAL_MAPPING,64,3,7,0,2,10,203264,56,1024,57344,92.02,4.210000000000008
TiOx_02_Ni,10.1038/s41598-019-44607-3,TiOx,1.10723,0.04423784432542615,0,0,GRADUAL_MULTILEVEL,NOT_REPORTED,absolute,IDEALIZED_SINGLE_PAIR_GRADUAL,IDEALIZED_GRADUAL_MAPPING,16,3,7,0,2,9,203264,800,512,409600,92.0,4.230000000000004
TiOx_02_Ni,10.1038/s41598-019-44607-3,TiOx,1.10723,0.04423784432542615,0,0,GRADUAL_MULTILEVEL,NOT_REPORTED,absolute,IDEALIZED_SINGLE_PAIR_GRADUAL,IDEALIZED_GRADUAL_MAPPING,256,3,7,0,2,10,203264,10,1024,10240,91.98,4.25
TiOx_02_Ni,10.1038/s41598-019-44607-3,TiOx,1.10723,0.04423784432542615,0,0,GRADUAL_MULTILEVEL,NOT_REPORTED,absolute,IDEALIZED_SINGLE_PAIR_GRADUAL,IDEALIZED_GRADUAL_MAPPING,128,3,7,0,2,10,203264,16,1024,16384,91.93,4.299999999999997
TiOx_02_Ni,10.1038/s41598-019-44607-3,TiOx,1.10723,0.04423784432542615,0,0,GRADUAL_MULTILEVEL,NOT_REPORTED,absolute,IDEALIZED_SINGLE_PAIR_GRADUAL,IDEALIZED_GRADUAL_MAPPING,16,4,15,0,2,6,203264,800,64,51200,91.86,4.3700000000000045
TiOx_02_Ni,10.1038/s41598-019-44607-3,TiOx,1.10723,0.04423784432542615,0,0,GRADUAL_MULTILEVEL,NOT_REPORTED,absolute,IDEALIZED_SINGLE_PAIR_GRADUAL,IDEALIZED_GRADUAL_MAPPING,64,6,63,0,2,7,203264,56,128,7168,91.61,4.6200000000000045
TiOx_02_Ni,10.1038/s41598-019-44607-3,TiOx,1.10723,0.04423784432542615,0,0,GRADUAL_MULTILEVEL,NOT_REPORTED,absolute,IDEALIZED_SINGLE_PAIR_GRADUAL,IDEALIZED_GRADUAL_MAPPING,64,8,255,0,2,7,203264,56,128,7168,91.55,4.680000000000007
TiOx_02_Ni,10.1038/s41598-019-44607-3,TiOx,1.10723,0.04423784432542615,0,0,GRADUAL_MULTILEVEL,NOT_REPORTED,absolute,IDEALIZED_SINGLE_PAIR_GRADUAL,IDEALIZED_GRADUAL_MAPPING,32,3,7,0,2,9,203264,208,512,106496,91.54,4.689999999999998
TiOx_02_Ni,10.1038/s41598-019-44607-3,TiOx,1.10723,0.04423784432542615,0,0,GRADUAL_MULTILEVEL,NOT_REPORTED,absolute,IDEALIZED_SINGLE_PAIR_GRADUAL,IDEALIZED_GRADUAL_MAPPING,64,7,127,0,2,7,203264,56,128,7168,91.37,4.859999999999999
TiOx_02_Ni,10.1038/s41598-019-44607-3,TiOx,1.10723,0.04423784432542615,0,0,GRADUAL_MULTILEVEL,NOT_REPORTED,absolute,IDEALIZED_SINGLE_PAIR_GRADUAL,IDEALIZED_GRADUAL_MAPPING,16,3,7,0,2,8,203264,800,256,204800,91.35,4.88000000000001
TiOx_02_Ni,10.1038/s41598-019-44607-3,TiOx,1.10723,0.04423784432542615,0,0,GRADUAL_MULTILEVEL,NOT_REPORTED,absolute,IDEALIZED_SINGLE_PAIR_GRADUAL,IDEALIZED_GRADUAL_MAPPING,32,3,7,0,2,8,203264,208,256,53248,91.25,4.980000000000004
TiOx_02_Ni,10.1038/s41598-019-44607-3,TiOx,1.10723,0.04423784432542615,0,0,GRADUAL_MULTILEVEL,NOT_REPORTED,absolute,IDEALIZED_SINGLE_PAIR_GRADUAL,IDEALIZED_GRADUAL_MAPPING,64,3,7,0,2,9,203264,56,512,28672,91.16,5.070000000000007
TiOx_02_Ni,10.1038/s41598-019-44607-3,TiOx,1.10723,0.04423784432542615,0,0,GRADUAL_MULTILEVEL,NOT_REPORTED,absolute,IDEALIZED_SINGLE_PAIR_GRADUAL,IDEALIZED_GRADUAL_MAPPING,128,3,7,0,2,9,203264,16,512,8192,91.11,5.1200000000000045
TiOx_02_Ni,10.1038/s41598-019-44607-3,TiOx,1.10723,0.04423784432542615,0,0,GRADUAL_MULTILEVEL,NOT_REPORTED,absolute,IDEALIZED_SINGLE_PAIR_GRADUAL,IDEALIZED_GRADUAL_MAPPING,256,3,7,0,2,9,203264,10,512,5120,91.06,5.170000000000002
TiOx_02_Ni,10.1038/s41598-019-44607-3,TiOx,1.10723,0.04423784432542615,0,0,GRADUAL_MULTILEVEL,NOT_REPORTED,absolute,IDEALIZED_SINGLE_PAIR_GRADUAL,IDEALIZED_GRADUAL_MAPPING,64,4,15,0,2,7,203264,56,128,7168,91.03,5.200000000000003
TiOx_02_Ni,10.1038/s41598-019-44607-3,TiOx,1.10723,0.04423784432542615,0,0,GRADUAL_MULTILEVEL,NOT_REPORTED,absolute,IDEALIZED_SINGLE_PAIR_GRADUAL,IDEALIZED_GRADUAL_MAPPING,64,5,31,0,2,7,203264,56,128,7168,90.94,5.290000000000006
TiOx_02_Ni,10.1038/s41598-019-44607-3,TiOx,1.10723,0.04423784432542615,0,0,GRADUAL_MULTILEVEL,NOT_REPORTED,absolute,IDEALIZED_SINGLE_PAIR_GRADUAL,IDEALIZED_GRADUAL_MAPPING,64,3,7,0,2,8,203264,56,256,14336,90.53,5.700000000000003
TiOx_02_Ni,10.1038/s41598-019-44607-3,TiOx,1.10723,0.04423784432542615,0,0,GRADUAL_MULTILEVEL,NOT_REPORTED,absolute,IDEALIZED_SINGLE_PAIR_GRADUAL,IDEALIZED_GRADUAL_MAPPING,32,4,15,0,2,6,203264,208,64,13312,90.0,6.230000000000004
TiOx_02_Ni,10.1038/s41598-019-44607-3,TiOx,1.10723,0.04423784432542615,0,0,GRADUAL_MULTILEVEL,NOT_REPORTED,absolute,IDEALIZED_SINGLE_PAIR_GRADUAL,IDEALIZED_GRADUAL_MAPPING,32,6,63,0,2,6,203264,208,64,13312,89.54,6.689999999999998
TiOx_02_Ni,10.1038/s41598-019-44607-3,TiOx,1.10723,0.04423784432542615,0,0,GRADUAL_MULTILEVEL,NOT_REPORTED,absolute,IDEALIZED_SINGLE_PAIR_GRADUAL,IDEALIZED_GRADUAL_MAPPING,32,8,255,0,2,6,203264,208,64,13312,89.4,6.829999999999998
TiOx_02_Ni,10.1038/s41598-019-44607-3,TiOx,1.10723,0.04423784432542615,0,0,GRADUAL_MULTILEVEL,NOT_REPORTED,absolute,IDEALIZED_SINGLE_PAIR_GRADUAL,IDEALIZED_GRADUAL_MAPPING,16,3,7,0,2,7,203264,800,128,102400,89.31,6.920000000000002
TiOx_02_Ni,10.1038/s41598-019-44607-3,TiOx,1.10723,0.04423784432542615,0,0,GRADUAL_MULTILEVEL,NOT_REPORTED,absolute,IDEALIZED_SINGLE_PAIR_GRADUAL,IDEALIZED_GRADUAL_MAPPING,32,7,127,0,2,6,203264,208,64,13312,89.22,7.010000000000005
TiOx_02_Ni,10.1038/s41598-019-44607-3,TiOx,1.10723,0.04423784432542615,0,0,GRADUAL_MULTILEVEL,NOT_REPORTED,absolute,IDEALIZED_SINGLE_PAIR_GRADUAL,IDEALIZED_GRADUAL_MAPPING,128,3,7,0,2,8,203264,16,256,4096,88.96,7.27000000000001
TiOx_02_Ni,10.1038/s41598-019-44607-3,TiOx,1.10723,0.04423784432542615,0,0,GRADUAL_MULTILEVEL,NOT_REPORTED,absolute,IDEALIZED_SINGLE_PAIR_GRADUAL,IDEALIZED_GRADUAL_MAPPING,32,5,31,0,2,6,203264,208,64,13312,88.58,7.650000000000006
TiOx_02_Ni,10.1038/s41598-019-44607-3,TiOx,1.10723,0.04423784432542615,0,0,GRADUAL_MULTILEVEL,NOT_REPORTED,absolute,IDEALIZED_SINGLE_PAIR_GRADUAL,IDEALIZED_GRADUAL_MAPPING,256,3,7,0,2,8,203264,10,256,2560,87.94,8.290000000000006
TiOx_02_Ni,10.1038/s41598-019-44607-3,TiOx,1.10723,0.04423784432542615,0,0,GRADUAL_MULTILEVEL,NOT_REPORTED,absolute,IDEALIZED_SINGLE_PAIR_GRADUAL,IDEALIZED_GRADUAL_MAPPING,128,6,63,0,2,7,203264,16,128,2048,85.27,10.960000000000008
TiOx_02_Ni,10.1038/s41598-019-44607-3,TiOx,1.10723,0.04423784432542615,0,0,GRADUAL_MULTILEVEL,NOT_REPORTED,absolute,IDEALIZED_SINGLE_PAIR_GRADUAL,IDEALIZED_GRADUAL_MAPPING,128,8,255,0,2,7,203264,16,128,2048,85.0,11.230000000000004
TiOx_02_Ni,10.1038/s41598-019-44607-3,TiOx,1.10723,0.04423784432542615,0,0,GRADUAL_MULTILEVEL,NOT_REPORTED,absolute,IDEALIZED_SINGLE_PAIR_GRADUAL,IDEALIZED_GRADUAL_MAPPING,128,7,127,0,2,7,203264,16,128,2048,84.83,11.400000000000006
TiOx_02_Ni,10.1038/s41598-019-44607-3,TiOx,1.10723,0.04423784432542615,0,0,GRADUAL_MULTILEVEL,NOT_REPORTED,absolute,IDEALIZED_SINGLE_PAIR_GRADUAL,IDEALIZED_GRADUAL_MAPPING,32,3,7,0,2,7,203264,208,128,26624,84.82,11.41000000000001
TiOx_02_Ni,10.1038/s41598-019-44607-3,TiOx,1.10723,0.04423784432542615,0,0,GRADUAL_MULTILEVEL,NOT_REPORTED,absolute,IDEALIZED_SINGLE_PAIR_GRADUAL,IDEALIZED_GRADUAL_MAPPING,16,3,7,0,2,6,203264,800,64,51200,84.44,11.790000000000006
TiOx_02_Ni,10.1038/s41598-019-44607-3,TiOx,1.10723,0.04423784432542615,0,0,GRADUAL_MULTILEVEL,NOT_REPORTED,absolute,IDEALIZED_SINGLE_PAIR_GRADUAL,IDEALIZED_GRADUAL_MAPPING,128,5,31,0,2,7,203264,16,128,2048,84.41,11.820000000000007
TiOx_02_Ni,10.1038/s41598-019-44607-3,TiOx,1.10723,0.04423784432542615,0,0,GRADUAL_MULTILEVEL,NOT_REPORTED,absolute,IDEALIZED_SINGLE_PAIR_GRADUAL,IDEALIZED_GRADUAL_MAPPING,128,4,15,0,2,7,203264,16,128,2048,84.08,12.150000000000006
TiOx_02_Ni,10.1038/s41598-019-44607-3,TiOx,1.10723,0.04423784432542615,0,0,GRADUAL_MULTILEVEL,NOT_REPORTED,absolute,IDEALIZED_SINGLE_PAIR_GRADUAL,IDEALIZED_GRADUAL_MAPPING,64,4,15,0,2,6,203264,56,64,3584,82.65,13.579999999999998
TiOx_02_Ni,10.1038/s41598-019-44607-3,TiOx,1.10723,0.04423784432542615,0,0,GRADUAL_MULTILEVEL,NOT_REPORTED,absolute,IDEALIZED_SINGLE_PAIR_GRADUAL,IDEALIZED_GRADUAL_MAPPING,64,6,63,0,2,6,203264,56,64,3584,81.45,14.78
TiOx_02_Ni,10.1038/s41598-019-44607-3,TiOx,1.10723,0.04423784432542615,0,0,GRADUAL_MULTILEVEL,NOT_REPORTED,absolute,IDEALIZED_SINGLE_PAIR_GRADUAL,IDEALIZED_GRADUAL_MAPPING,64,7,127,0,2,6,203264,56,64,3584,81.3,14.930000000000009
TiOx_02_Ni,10.1038/s41598-019-44607-3,TiOx,1.10723,0.04423784432542615,0,0,GRADUAL_MULTILEVEL,NOT_REPORTED,absolute,IDEALIZED_SINGLE_PAIR_GRADUAL,IDEALIZED_GRADUAL_MAPPING,64,8,255,0,2,6,203264,56,64,3584,81.27,14.960000000000008
TiOx_02_Ni,10.1038/s41598-019-44607-3,TiOx,1.10723,0.04423784432542615,0,0,GRADUAL_MULTILEVEL,NOT_REPORTED,absolute,IDEALIZED_SINGLE_PAIR_GRADUAL,IDEALIZED_GRADUAL_MAPPING,64,5,31,0,2,6,203264,56,64,3584,81.17,15.060000000000002
TiOx_02_Ni,10.1038/s41598-019-44607-3,TiOx,1.10723,0.04423784432542615,0,0,GRADUAL_MULTILEVEL,NOT_REPORTED,absolute,IDEALIZED_SINGLE_PAIR_GRADUAL,IDEALIZED_GRADUAL_MAPPING,64,3,7,0,2,7,203264,56,128,7168,80.3,15.930000000000009
TiOx_02_Ni,10.1038/s41598-019-44607-3,TiOx,1.10723,0.04423784432542615,0,0,GRADUAL_MULTILEVEL,NOT_REPORTED,absolute,IDEALIZED_SINGLE_PAIR_GRADUAL,IDEALIZED_GRADUAL_MAPPING,256,4,15,0,2,7,203264,10,128,1280,75.99,20.24000000000001
TiOx_02_Ni,10.1038/s41598-019-44607-3,TiOx,1.10723,0.04423784432542615,0,0,GRADUAL_MULTILEVEL,NOT_REPORTED,absolute,IDEALIZED_SINGLE_PAIR_GRADUAL,IDEALIZED_GRADUAL_MAPPING,256,6,63,0,2,7,203264,10,128,1280,75.86,20.370000000000005
TiOx_02_Ni,10.1038/s41598-019-44607-3,TiOx,1.10723,0.04423784432542615,0,0,GRADUAL_MULTILEVEL,NOT_REPORTED,absolute,IDEALIZED_SINGLE_PAIR_GRADUAL,IDEALIZED_GRADUAL_MAPPING,256,5,31,0,2,7,203264,10,128,1280,75.63,20.60000000000001
TiOx_02_Ni,10.1038/s41598-019-44607-3,TiOx,1.10723,0.04423784432542615,0,0,GRADUAL_MULTILEVEL,NOT_REPORTED,absolute,IDEALIZED_SINGLE_PAIR_GRADUAL,IDEALIZED_GRADUAL_MAPPING,256,8,255,0,2,7,203264,10,128,1280,75.47,20.760000000000005
TiOx_02_Ni,10.1038/s41598-019-44607-3,TiOx,1.10723,0.04423784432542615,0,0,GRADUAL_MULTILEVEL,NOT_REPORTED,absolute,IDEALIZED_SINGLE_PAIR_GRADUAL,IDEALIZED_GRADUAL_MAPPING,256,7,127,0,2,7,203264,10,128,1280,75.43,20.8
TiOx_02_Ni,10.1038/s41598-019-44607-3,TiOx,1.10723,0.04423784432542615,0,0,GRADUAL_MULTILEVEL,NOT_REPORTED,absolute,IDEALIZED_SINGLE_PAIR_GRADUAL,IDEALIZED_GRADUAL_MAPPING,32,3,7,0,2,6,203264,208,64,13312,72.96,23.27000000000001
TiOx_02_Ni,10.1038/s41598-019-44607-3,TiOx,1.10723,0.04423784432542615,0,0,GRADUAL_MULTILEVEL,NOT_REPORTED,absolute,IDEALIZED_SINGLE_PAIR_GRADUAL,IDEALIZED_GRADUAL_MAPPING,128,3,7,0,2,7,203264,16,128,2048,68.32,27.91000000000001
TiOx_02_Ni,10.1038/s41598-019-44607-3,TiOx,1.10723,0.04423784432542615,0,0,GRADUAL_MULTILEVEL,NOT_REPORTED,absolute,IDEALIZED_SINGLE_PAIR_GRADUAL,IDEALIZED_GRADUAL_MAPPING,16,3,7,0,2,5,203264,800,32,25600,66.31,29.92
TiOx_02_Ni,10.1038/s41598-019-44607-3,TiOx,1.10723,0.04423784432542615,0,0,GRADUAL_MULTILEVEL,NOT_REPORTED,absolute,IDEALIZED_SINGLE_PAIR_GRADUAL,IDEALIZED_GRADUAL_MAPPING,128,4,15,0,2,6,203264,16,64,1024,64.3,31.930000000000007
TiOx_02_Ni,10.1038/s41598-019-44607-3,TiOx,1.10723,0.04423784432542615,0,0,GRADUAL_MULTILEVEL,NOT_REPORTED,absolute,IDEALIZED_SINGLE_PAIR_GRADUAL,IDEALIZED_GRADUAL_MAPPING,256,3,7,0,2,7,203264,10,128,1280,63.8,32.43000000000001
TiOx_02_Ni,10.1038/s41598-019-44607-3,TiOx,1.10723,0.04423784432542615,0,0,GRADUAL_MULTILEVEL,NOT_REPORTED,absolute,IDEALIZED_SINGLE_PAIR_GRADUAL,IDEALIZED_GRADUAL_MAPPING,128,7,127,0,2,6,203264,16,64,1024,63.6,32.63
TiOx_02_Ni,10.1038/s41598-019-44607-3,TiOx,1.10723,0.04423784432542615,0,0,GRADUAL_MULTILEVEL,NOT_REPORTED,absolute,IDEALIZED_SINGLE_PAIR_GRADUAL,IDEALIZED_GRADUAL_MAPPING,128,5,31,0,2,6,203264,16,64,1024,63.58,32.650000000000006
TiOx_02_Ni,10.1038/s41598-019-44607-3,TiOx,1.10723,0.04423784432542615,0,0,GRADUAL_MULTILEVEL,NOT_REPORTED,absolute,IDEALIZED_SINGLE_PAIR_GRADUAL,IDEALIZED_GRADUAL_MAPPING,128,8,255,0,2,6,203264,16,64,1024,63.55,32.68000000000001
TiOx_02_Ni,10.1038/s41598-019-44607-3,TiOx,1.10723,0.04423784432542615,0,0,GRADUAL_MULTILEVEL,NOT_REPORTED,absolute,IDEALIZED_SINGLE_PAIR_GRADUAL,IDEALIZED_GRADUAL_MAPPING,128,6,63,0,2,6,203264,16,64,1024,63.41,32.82000000000001
TiOx_02_Ni,10.1038/s41598-019-44607-3,TiOx,1.10723,0.04423784432542615,0,0,GRADUAL_MULTILEVEL,NOT_REPORTED,absolute,IDEALIZED_SINGLE_PAIR_GRADUAL,IDEALIZED_GRADUAL_MAPPING,64,3,7,0,2,6,203264,56,64,3584,63.11,33.120000000000005
TiOx_02_Ni,10.1038/s41598-019-44607-3,TiOx,1.10723,0.04423784432542615,0,0,GRADUAL_MULTILEVEL,NOT_REPORTED,absolute,IDEALIZED_SINGLE_PAIR_GRADUAL,IDEALIZED_GRADUAL_MAPPING,16,4,15,0,2,5,203264,800,32,25600,63.04,33.190000000000005
TiOx_02_Ni,10.1038/s41598-019-44607-3,TiOx,1.10723,0.04423784432542615,0,0,GRADUAL_MULTILEVEL,NOT_REPORTED,absolute,IDEALIZED_SINGLE_PAIR_GRADUAL,IDEALIZED_GRADUAL_MAPPING,16,5,31,0,2,5,203264,800,32,25600,59.05,37.18000000000001
TiOx_02_Ni,10.1038/s41598-019-44607-3,TiOx,1.10723,0.04423784432542615,0,0,GRADUAL_MULTILEVEL,NOT_REPORTED,absolute,IDEALIZED_SINGLE_PAIR_GRADUAL,IDEALIZED_GRADUAL_MAPPING,256,8,255,0,2,6,203264,10,64,640,58.76,37.470000000000006
TiOx_02_Ni,10.1038/s41598-019-44607-3,TiOx,1.10723,0.04423784432542615,0,0,GRADUAL_MULTILEVEL,NOT_REPORTED,absolute,IDEALIZED_SINGLE_PAIR_GRADUAL,IDEALIZED_GRADUAL_MAPPING,256,7,127,0,2,6,203264,10,64,640,58.34,37.89
TiOx_02_Ni,10.1038/s41598-019-44607-3,TiOx,1.10723,0.04423784432542615,0,0,GRADUAL_MULTILEVEL,NOT_REPORTED,absolute,IDEALIZED_SINGLE_PAIR_GRADUAL,IDEALIZED_GRADUAL_MAPPING,256,5,31,0,2,6,203264,10,64,640,58.13,38.1
TiOx_02_Ni,10.1038/s41598-019-44607-3,TiOx,1.10723,0.04423784432542615,0,0,GRADUAL_MULTILEVEL,NOT_REPORTED,absolute,IDEALIZED_SINGLE_PAIR_GRADUAL,IDEALIZED_GRADUAL_MAPPING,256,6,63,0,2,6,203264,10,64,640,57.91,38.32000000000001
TiOx_02_Ni,10.1038/s41598-019-44607-3,TiOx,1.10723,0.04423784432542615,0,0,GRADUAL_MULTILEVEL,NOT_REPORTED,absolute,IDEALIZED_SINGLE_PAIR_GRADUAL,IDEALIZED_GRADUAL_MAPPING,256,4,15,0,2,6,203264,10,64,640,56.97,39.260000000000005
TiOx_02_Ni,10.1038/s41598-019-44607-3,TiOx,1.10723,0.04423784432542615,0,0,GRADUAL_MULTILEVEL,NOT_REPORTED,absolute,IDEALIZED_SINGLE_PAIR_GRADUAL,IDEALIZED_GRADUAL_MAPPING,16,7,127,0,2,5,203264,800,32,25600,56.92,39.31
TiOx_02_Ni,10.1038/s41598-019-44607-3,TiOx,1.10723,0.04423784432542615,0,0,GRADUAL_MULTILEVEL,NOT_REPORTED,absolute,IDEALIZED_SINGLE_PAIR_GRADUAL,IDEALIZED_GRADUAL_MAPPING,16,8,255,0,2,5,203264,800,32,25600,56.46,39.77
TiOx_02_Ni,10.1038/s41598-019-44607-3,TiOx,1.10723,0.04423784432542615,0,0,GRADUAL_MULTILEVEL,NOT_REPORTED,absolute,IDEALIZED_SINGLE_PAIR_GRADUAL,IDEALIZED_GRADUAL_MAPPING,16,6,63,0,2,5,203264,800,32,25600,55.55,40.68000000000001
TiOx_02_Ni,10.1038/s41598-019-44607-3,TiOx,1.10723,0.04423784432542615,0,0,GRADUAL_MULTILEVEL,NOT_REPORTED,absolute,IDEALIZED_SINGLE_PAIR_GRADUAL,IDEALIZED_GRADUAL_MAPPING,32,3,7,0,2,5,203264,208,32,6656,51.64,44.59
TiOx_02_Ni,10.1038/s41598-019-44607-3,TiOx,1.10723,0.04423784432542615,0,0,GRADUAL_MULTILEVEL,NOT_REPORTED,absolute,IDEALIZED_SINGLE_PAIR_GRADUAL,IDEALIZED_GRADUAL_MAPPING,128,3,7,0,2,6,203264,16,64,1024,49.35,46.88
TiOx_02_Ni,10.1038/s41598-019-44607-3,TiOx,1.10723,0.04423784432542615,0,0,GRADUAL_MULTILEVEL,NOT_REPORTED,absolute,IDEALIZED_SINGLE_PAIR_GRADUAL,IDEALIZED_GRADUAL_MAPPING,32,4,15,0,2,5,203264,208,32,6656,48.08,48.150000000000006
TiOx_02_Ni,10.1038/s41598-019-44607-3,TiOx,1.10723,0.04423784432542615,0,0,GRADUAL_MULTILEVEL,NOT_REPORTED,absolute,IDEALIZED_SINGLE_PAIR_GRADUAL,IDEALIZED_GRADUAL_MAPPING,32,7,127,0,2,5,203264,208,32,6656,47.3,48.93000000000001
TiOx_02_Ni,10.1038/s41598-019-44607-3,TiOx,1.10723,0.04423784432542615,0,0,GRADUAL_MULTILEVEL,NOT_REPORTED,absolute,IDEALIZED_SINGLE_PAIR_GRADUAL,IDEALIZED_GRADUAL_MAPPING,32,8,255,0,2,5,203264,208,32,6656,46.63,49.6
TiOx_02_Ni,10.1038/s41598-019-44607-3,TiOx,1.10723,0.04423784432542615,0,0,GRADUAL_MULTILEVEL,NOT_REPORTED,absolute,IDEALIZED_SINGLE_PAIR_GRADUAL,IDEALIZED_GRADUAL_MAPPING,32,6,63,0,2,5,203264,208,32,6656,46.29,49.940000000000005
TiOx_02_Ni,10.1038/s41598-019-44607-3,TiOx,1.10723,0.04423784432542615,0,0,GRADUAL_MULTILEVEL,NOT_REPORTED,absolute,IDEALIZED_SINGLE_PAIR_GRADUAL,IDEALIZED_GRADUAL_MAPPING,32,5,31,0,2,5,203264,208,32,6656,45.99,50.24
TiOx_02_Ni,10.1038/s41598-019-44607-3,TiOx,1.10723,0.04423784432542615,0,0,GRADUAL_MULTILEVEL,NOT_REPORTED,absolute,IDEALIZED_SINGLE_PAIR_GRADUAL,IDEALIZED_GRADUAL_MAPPING,256,3,7,0,2,6,203264,10,64,640,44.66,51.57000000000001
TiOx_02_Ni,10.1038/s41598-019-44607-3,TiOx,1.10723,0.04423784432542615,0,0,GRADUAL_MULTILEVEL,NOT_REPORTED,absolute,IDEALIZED_SINGLE_PAIR_GRADUAL,IDEALIZED_GRADUAL_MAPPING,64,7,127,0,2,5,203264,56,32,1792,37.92,58.31
TiOx_02_Ni,10.1038/s41598-019-44607-3,TiOx,1.10723,0.04423784432542615,0,0,GRADUAL_MULTILEVEL,NOT_REPORTED,absolute,IDEALIZED_SINGLE_PAIR_GRADUAL,IDEALIZED_GRADUAL_MAPPING,64,8,255,0,2,5,203264,56,32,1792,37.65,58.580000000000005
TiOx_02_Ni,10.1038/s41598-019-44607-3,TiOx,1.10723,0.04423784432542615,0,0,GRADUAL_MULTILEVEL,NOT_REPORTED,absolute,IDEALIZED_SINGLE_PAIR_GRADUAL,IDEALIZED_GRADUAL_MAPPING,64,4,15,0,2,5,203264,56,32,1792,37.19,59.040000000000006
TiOx_02_Ni,10.1038/s41598-019-44607-3,TiOx,1.10723,0.04423784432542615,0,0,GRADUAL_MULTILEVEL,NOT_REPORTED,absolute,IDEALIZED_SINGLE_PAIR_GRADUAL,IDEALIZED_GRADUAL_MAPPING,64,6,63,0,2,5,203264,56,32,1792,36.96,59.27
TiOx_02_Ni,10.1038/s41598-019-44607-3,TiOx,1.10723,0.04423784432542615,0,0,GRADUAL_MULTILEVEL,NOT_REPORTED,absolute,IDEALIZED_SINGLE_PAIR_GRADUAL,IDEALIZED_GRADUAL_MAPPING,64,5,31,0,2,5,203264,56,32,1792,36.89,59.34
TiOx_02_Ni,10.1038/s41598-019-44607-3,TiOx,1.10723,0.04423784432542615,0,0,GRADUAL_MULTILEVEL,NOT_REPORTED,absolute,IDEALIZED_SINGLE_PAIR_GRADUAL,IDEALIZED_GRADUAL_MAPPING,64,3,7,0,2,5,203264,56,32,1792,36.8,59.43000000000001
TiOx_02_Ni,10.1038/s41598-019-44607-3,TiOx,1.10723,0.04423784432542615,0,0,GRADUAL_MULTILEVEL,NOT_REPORTED,absolute,IDEALIZED_SINGLE_PAIR_GRADUAL,IDEALIZED_GRADUAL_MAPPING,256,7,127,0,2,5,203264,10,32,320,24.68,71.55000000000001
TiOx_02_Ni,10.1038/s41598-019-44607-3,TiOx,1.10723,0.04423784432542615,0,0,GRADUAL_MULTILEVEL,NOT_REPORTED,absolute,IDEALIZED_SINGLE_PAIR_GRADUAL,IDEALIZED_GRADUAL_MAPPING,256,8,255,0,2,5,203264,10,32,320,24.56,71.67
TiOx_02_Ni,10.1038/s41598-019-44607-3,TiOx,1.10723,0.04423784432542615,0,0,GRADUAL_MULTILEVEL,NOT_REPORTED,absolute,IDEALIZED_SINGLE_PAIR_GRADUAL,IDEALIZED_GRADUAL_MAPPING,256,5,31,0,2,5,203264,10,32,320,24.4,71.83000000000001
TiOx_02_Ni,10.1038/s41598-019-44607-3,TiOx,1.10723,0.04423784432542615,0,0,GRADUAL_MULTILEVEL,NOT_REPORTED,absolute,IDEALIZED_SINGLE_PAIR_GRADUAL,IDEALIZED_GRADUAL_MAPPING,256,6,63,0,2,5,203264,10,32,320,24.1,72.13
TiOx_02_Ni,10.1038/s41598-019-44607-3,TiOx,1.10723,0.04423784432542615,0,0,GRADUAL_MULTILEVEL,NOT_REPORTED,absolute,IDEALIZED_SINGLE_PAIR_GRADUAL,IDEALIZED_GRADUAL_MAPPING,256,4,15,0,2,5,203264,10,32,320,23.24,72.99000000000001
TiOx_02_Ni,10.1038/s41598-019-44607-3,TiOx,1.10723,0.04423784432542615,0,0,GRADUAL_MULTILEVEL,NOT_REPORTED,absolute,IDEALIZED_SINGLE_PAIR_GRADUAL,IDEALIZED_GRADUAL_MAPPING,128,4,15,0,2,5,203264,16,32,512,22.86,73.37
TiOx_02_Ni,10.1038/s41598-019-44607-3,TiOx,1.10723,0.04423784432542615,0,0,GRADUAL_MULTILEVEL,NOT_REPORTED,absolute,IDEALIZED_SINGLE_PAIR_GRADUAL,IDEALIZED_GRADUAL_MAPPING,128,6,63,0,2,5,203264,16,32,512,22.71,73.52000000000001
TiOx_02_Ni,10.1038/s41598-019-44607-3,TiOx,1.10723,0.04423784432542615,0,0,GRADUAL_MULTILEVEL,NOT_REPORTED,absolute,IDEALIZED_SINGLE_PAIR_GRADUAL,IDEALIZED_GRADUAL_MAPPING,128,7,127,0,2,5,203264,16,32,512,22.55,73.68
TiOx_02_Ni,10.1038/s41598-019-44607-3,TiOx,1.10723,0.04423784432542615,0,0,GRADUAL_MULTILEVEL,NOT_REPORTED,absolute,IDEALIZED_SINGLE_PAIR_GRADUAL,IDEALIZED_GRADUAL_MAPPING,256,3,7,0,2,5,203264,10,32,320,22.51,73.72
TiOx_02_Ni,10.1038/s41598-019-44607-3,TiOx,1.10723,0.04423784432542615,0,0,GRADUAL_MULTILEVEL,NOT_REPORTED,absolute,IDEALIZED_SINGLE_PAIR_GRADUAL,IDEALIZED_GRADUAL_MAPPING,128,8,255,0,2,5,203264,16,32,512,22.39,73.84
TiOx_02_Ni,10.1038/s41598-019-44607-3,TiOx,1.10723,0.04423784432542615,0,0,GRADUAL_MULTILEVEL,NOT_REPORTED,absolute,IDEALIZED_SINGLE_PAIR_GRADUAL,IDEALIZED_GRADUAL_MAPPING,128,3,7,0,2,5,203264,16,32,512,21.02,75.21000000000001
TiOx_02_Ni,10.1038/s41598-019-44607-3,TiOx,1.10723,0.04423784432542615,0,0,GRADUAL_MULTILEVEL,NOT_REPORTED,absolute,IDEALIZED_SINGLE_PAIR_GRADUAL,IDEALIZED_GRADUAL_MAPPING,128,5,31,0,2,5,203264,16,32,512,20.6,75.63
TiOx_02_Ni,10.1038/s41598-019-44607-3,TiOx,1.10723,0.04423784432542615,0,0,GRADUAL_MULTILEVEL,NOT_REPORTED,absolute,IDEALIZED_SINGLE_PAIR_GRADUAL,IDEALIZED_GRADUAL_MAPPING,64,2,3,0,2,8,203264,56,256,14336,12.06,84.17
TiOx_02_Ni,10.1038/s41598-019-44607-3,TiOx,1.10723,0.04423784432542615,0,0,GRADUAL_MULTILEVEL,NOT_REPORTED,absolute,IDEALIZED_SINGLE_PAIR_GRADUAL,IDEALIZED_GRADUAL_MAPPING,128,2,3,0,2,8,203264,16,256,4096,12.04,84.19
TiOx_02_Ni,10.1038/s41598-019-44607-3,TiOx,1.10723,0.04423784432542615,0,0,GRADUAL_MULTILEVEL,NOT_REPORTED,absolute,IDEALIZED_SINGLE_PAIR_GRADUAL,IDEALIZED_GRADUAL_MAPPING,256,2,3,0,2,8,203264,10,256,2560,11.76,84.47
TiOx_02_Ni,10.1038/s41598-019-44607-3,TiOx,1.10723,0.04423784432542615,0,0,GRADUAL_MULTILEVEL,NOT_REPORTED,absolute,IDEALIZED_SINGLE_PAIR_GRADUAL,IDEALIZED_GRADUAL_MAPPING,256,2,3,0,2,10,203264,10,1024,10240,11.74,84.49000000000001
TiOx_02_Ni,10.1038/s41598-019-44607-3,TiOx,1.10723,0.04423784432542615,0,0,GRADUAL_MULTILEVEL,NOT_REPORTED,absolute,IDEALIZED_SINGLE_PAIR_GRADUAL,IDEALIZED_GRADUAL_MAPPING,128,2,3,0,2,10,203264,16,1024,16384,11.62,84.61
TiOx_02_Ni,10.1038/s41598-019-44607-3,TiOx,1.10723,0.04423784432542615,0,0,GRADUAL_MULTILEVEL,NOT_REPORTED,absolute,IDEALIZED_SINGLE_PAIR_GRADUAL,IDEALIZED_GRADUAL_MAPPING,32,2,3,0,2,8,203264,208,256,53248,11.6,84.63000000000001
TiOx_02_Ni,10.1038/s41598-019-44607-3,TiOx,1.10723,0.04423784432542615,0,0,GRADUAL_MULTILEVEL,NOT_REPORTED,absolute,IDEALIZED_SINGLE_PAIR_GRADUAL,IDEALIZED_GRADUAL_MAPPING,16,2,3,0,2,8,203264,800,256,204800,11.45,84.78
TiOx_02_Ni,10.1038/s41598-019-44607-3,TiOx,1.10723,0.04423784432542615,0,0,GRADUAL_MULTILEVEL,NOT_REPORTED,absolute,IDEALIZED_SINGLE_PAIR_GRADUAL,IDEALIZED_GRADUAL_MAPPING,16,2,3,0,2,10,203264,800,1024,819200,11.38,84.85000000000001
TiOx_02_Ni,10.1038/s41598-019-44607-3,TiOx,1.10723,0.04423784432542615,0,0,GRADUAL_MULTILEVEL,NOT_REPORTED,absolute,IDEALIZED_SINGLE_PAIR_GRADUAL,IDEALIZED_GRADUAL_MAPPING,32,2,3,0,2,10,203264,208,1024,212992,11.27,84.96000000000001
TiOx_02_Ni,10.1038/s41598-019-44607-3,TiOx,1.10723,0.04423784432542615,0,0,GRADUAL_MULTILEVEL,NOT_REPORTED,absolute,IDEALIZED_SINGLE_PAIR_GRADUAL,IDEALIZED_GRADUAL_MAPPING,128,2,3,0,2,9,203264,16,512,8192,11.22,85.01
TiOx_02_Ni,10.1038/s41598-019-44607-3,TiOx,1.10723,0.04423784432542615,0,0,GRADUAL_MULTILEVEL,NOT_REPORTED,absolute,IDEALIZED_SINGLE_PAIR_GRADUAL,IDEALIZED_GRADUAL_MAPPING,64,2,3,0,2,10,203264,56,1024,57344,11.19,85.04
TiOx_02_Ni,10.1038/s41598-019-44607-3,TiOx,1.10723,0.04423784432542615,0,0,GRADUAL_MULTILEVEL,NOT_REPORTED,absolute,IDEALIZED_SINGLE_PAIR_GRADUAL,IDEALIZED_GRADUAL_MAPPING,16,2,3,0,2,9,203264,800,512,409600,11.15,85.08
TiOx_02_Ni,10.1038/s41598-019-44607-3,TiOx,1.10723,0.04423784432542615,0,0,GRADUAL_MULTILEVEL,NOT_REPORTED,absolute,IDEALIZED_SINGLE_PAIR_GRADUAL,IDEALIZED_GRADUAL_MAPPING,16,2,3,0,2,7,203264,800,128,102400,10.96,85.27000000000001
TiOx_02_Ni,10.1038/s41598-019-44607-3,TiOx,1.10723,0.04423784432542615,0,0,GRADUAL_MULTILEVEL,NOT_REPORTED,absolute,IDEALIZED_SINGLE_PAIR_GRADUAL,IDEALIZED_GRADUAL_MAPPING,32,2,3,0,2,9,203264,208,512,106496,10.9,85.33
TiOx_02_Ni,10.1038/s41598-019-44607-3,TiOx,1.10723,0.04423784432542615,0,0,GRADUAL_MULTILEVEL,NOT_REPORTED,absolute,IDEALIZED_SINGLE_PAIR_GRADUAL,IDEALIZED_GRADUAL_MAPPING,256,2,3,0,2,9,203264,10,512,5120,10.86,85.37
TiOx_02_Ni,10.1038/s41598-019-44607-3,TiOx,1.10723,0.04423784432542615,0,0,GRADUAL_MULTILEVEL,NOT_REPORTED,absolute,IDEALIZED_SINGLE_PAIR_GRADUAL,IDEALIZED_GRADUAL_MAPPING,64,2,3,0,2,9,203264,56,512,28672,10.81,85.42
TiOx_02_Ni,10.1038/s41598-019-44607-3,TiOx,1.10723,0.04423784432542615,0,0,GRADUAL_MULTILEVEL,NOT_REPORTED,absolute,IDEALIZED_SINGLE_PAIR_GRADUAL,IDEALIZED_GRADUAL_MAPPING,32,2,3,0,2,7,203264,208,128,26624,10.52,85.71000000000001
TiOx_02_Ni,10.1038/s41598-019-44607-3,TiOx,1.10723,0.04423784432542615,0,0,GRADUAL_MULTILEVEL,NOT_REPORTED,absolute,IDEALIZED_SINGLE_PAIR_GRADUAL,IDEALIZED_GRADUAL_MAPPING,16,2,3,0,2,6,203264,800,64,51200,10.31,85.92
TiOx_02_Ni,10.1038/s41598-019-44607-3,TiOx,1.10723,0.04423784432542615,0,0,GRADUAL_MULTILEVEL,NOT_REPORTED,absolute,IDEALIZED_SINGLE_PAIR_GRADUAL,IDEALIZED_GRADUAL_MAPPING,32,2,3,0,2,6,203264,208,64,13312,9.99,86.24000000000001
TiOx_02_Ni,10.1038/s41598-019-44607-3,TiOx,1.10723,0.04423784432542615,0,0,GRADUAL_MULTILEVEL,NOT_REPORTED,absolute,IDEALIZED_SINGLE_PAIR_GRADUAL,IDEALIZED_GRADUAL_MAPPING,16,2,3,0,2,5,203264,800,32,25600,9.72,86.51
TiOx_02_Ni,10.1038/s41598-019-44607-3,TiOx,1.10723,0.04423784432542615,0,0,GRADUAL_MULTILEVEL,NOT_REPORTED,absolute,IDEALIZED_SINGLE_PAIR_GRADUAL,IDEALIZED_GRADUAL_MAPPING,64,2,3,0,2,7,203264,56,128,7168,9.62,86.61
TiOx_02_Ni,10.1038/s41598-019-44607-3,TiOx,1.10723,0.04423784432542615,0,0,GRADUAL_MULTILEVEL,NOT_REPORTED,absolute,IDEALIZED_SINGLE_PAIR_GRADUAL,IDEALIZED_GRADUAL_MAPPING,64,2,3,0,2,6,203264,56,64,3584,9.57,86.66
TiOx_02_Ni,10.1038/s41598-019-44607-3,TiOx,1.10723,0.04423784432542615,0,0,GRADUAL_MULTILEVEL,NOT_REPORTED,absolute,IDEALIZED_SINGLE_PAIR_GRADUAL,IDEALIZED_GRADUAL_MAPPING,32,2,3,0,2,5,203264,208,32,6656,9.44,86.79
TiOx_02_Ni,10.1038/s41598-019-44607-3,TiOx,1.10723,0.04423784432542615,0,0,GRADUAL_MULTILEVEL,NOT_REPORTED,absolute,IDEALIZED_SINGLE_PAIR_GRADUAL,IDEALIZED_GRADUAL_MAPPING,128,2,3,0,2,7,203264,16,128,2048,9.38,86.85000000000001
TiOx_02_Ni,10.1038/s41598-019-44607-3,TiOx,1.10723,0.04423784432542615,0,0,GRADUAL_MULTILEVEL,NOT_REPORTED,absolute,IDEALIZED_SINGLE_PAIR_GRADUAL,IDEALIZED_GRADUAL_MAPPING,128,2,3,0,2,6,203264,16,64,1024,9.26,86.97
TiOx_02_Ni,10.1038/s41598-019-44607-3,TiOx,1.10723,0.04423784432542615,0,0,GRADUAL_MULTILEVEL,NOT_REPORTED,absolute,IDEALIZED_SINGLE_PAIR_GRADUAL,IDEALIZED_GRADUAL_MAPPING,256,2,3,0,2,7,203264,10,128,1280,8.98,87.25
TiOx_02_Ni,10.1038/s41598-019-44607-3,TiOx,1.10723,0.04423784432542615,0,0,GRADUAL_MULTILEVEL,NOT_REPORTED,absolute,IDEALIZED_SINGLE_PAIR_GRADUAL,IDEALIZED_GRADUAL_MAPPING,256,2,3,0,2,6,203264,10,64,640,8.96,87.27000000000001
TiOx_02_Ni,10.1038/s41598-019-44607-3,TiOx,1.10723,0.04423784432542615,0,0,GRADUAL_MULTILEVEL,NOT_REPORTED,absolute,IDEALIZED_SINGLE_PAIR_GRADUAL,IDEALIZED_GRADUAL_MAPPING,128,2,3,0,2,5,203264,16,32,512,8.95,87.28
TiOx_02_Ni,10.1038/s41598-019-44607-3,TiOx,1.10723,0.04423784432542615,0,0,GRADUAL_MULTILEVEL,NOT_REPORTED,absolute,IDEALIZED_SINGLE_PAIR_GRADUAL,IDEALIZED_GRADUAL_MAPPING,64,2,3,0,2,5,203264,56,32,1792,8.95,87.28
TiOx_02_Ni,10.1038/s41598-019-44607-3,TiOx,1.10723,0.04423784432542615,0,0,GRADUAL_MULTILEVEL,NOT_REPORTED,absolute,IDEALIZED_SINGLE_PAIR_GRADUAL,IDEALIZED_GRADUAL_MAPPING,16,4,15,0,2,4,203264,800,16,12800,8.92,87.31
TiOx_02_Ni,10.1038/s41598-019-44607-3,TiOx,1.10723,0.04423784432542615,0,0,GRADUAL_MULTILEVEL,NOT_REPORTED,absolute,IDEALIZED_SINGLE_PAIR_GRADUAL,IDEALIZED_GRADUAL_MAPPING,16,6,63,0,2,4,203264,800,16,12800,8.92,87.31
TiOx_02_Ni,10.1038/s41598-019-44607-3,TiOx,1.10723,0.04423784432542615,0,0,GRADUAL_MULTILEVEL,NOT_REPORTED,absolute,IDEALIZED_SINGLE_PAIR_GRADUAL,IDEALIZED_GRADUAL_MAPPING,16,8,255,0,2,4,203264,800,16,12800,8.92,87.31
TiOx_02_Ni,10.1038/s41598-019-44607-3,TiOx,1.10723,0.04423784432542615,0,0,GRADUAL_MULTILEVEL,NOT_REPORTED,absolute,IDEALIZED_SINGLE_PAIR_GRADUAL,IDEALIZED_GRADUAL_MAPPING,32,2,3,0,2,4,203264,208,16,3328,8.92,87.31
TiOx_02_Ni,10.1038/s41598-019-44607-3,TiOx,1.10723,0.04423784432542615,0,0,GRADUAL_MULTILEVEL,NOT_REPORTED,absolute,IDEALIZED_SINGLE_PAIR_GRADUAL,IDEALIZED_GRADUAL_MAPPING,64,4,15,0,2,4,203264,56,16,896,8.92,87.31
TiOx_02_Ni,10.1038/s41598-019-44607-3,TiOx,1.10723,0.04423784432542615,0,0,GRADUAL_MULTILEVEL,NOT_REPORTED,absolute,IDEALIZED_SINGLE_PAIR_GRADUAL,IDEALIZED_GRADUAL_MAPPING,64,3,7,0,2,4,203264,56,16,896,8.92,87.31
TiOx_02_Ni,10.1038/s41598-019-44607-3,TiOx,1.10723,0.04423784432542615,0,0,GRADUAL_MULTILEVEL,NOT_REPORTED,absolute,IDEALIZED_SINGLE_PAIR_GRADUAL,IDEALIZED_GRADUAL_MAPPING,32,8,255,0,2,4,203264,208,16,3328,8.92,87.31
TiOx_02_Ni,10.1038/s41598-019-44607-3,TiOx,1.10723,0.04423784432542615,0,0,GRADUAL_MULTILEVEL,NOT_REPORTED,absolute,IDEALIZED_SINGLE_PAIR_GRADUAL,IDEALIZED_GRADUAL_MAPPING,64,2,3,0,2,4,203264,56,16,896,8.92,87.31
TiOx_02_Ni,10.1038/s41598-019-44607-3,TiOx,1.10723,0.04423784432542615,0,0,GRADUAL_MULTILEVEL,NOT_REPORTED,absolute,IDEALIZED_SINGLE_PAIR_GRADUAL,IDEALIZED_GRADUAL_MAPPING,32,4,15,0,2,4,203264,208,16,3328,8.92,87.31
TiOx_02_Ni,10.1038/s41598-019-44607-3,TiOx,1.10723,0.04423784432542615,0,0,GRADUAL_MULTILEVEL,NOT_REPORTED,absolute,IDEALIZED_SINGLE_PAIR_GRADUAL,IDEALIZED_GRADUAL_MAPPING,32,5,31,0,2,4,203264,208,16,3328,8.92,87.31
TiOx_02_Ni,10.1038/s41598-019-44607-3,TiOx,1.10723,0.04423784432542615,0,0,GRADUAL_MULTILEVEL,NOT_REPORTED,absolute,IDEALIZED_SINGLE_PAIR_GRADUAL,IDEALIZED_GRADUAL_MAPPING,32,6,63,0,2,4,203264,208,16,3328,8.92,87.31
TiOx_02_Ni,10.1038/s41598-019-44607-3,TiOx,1.10723,0.04423784432542615,0,0,GRADUAL_MULTILEVEL,NOT_REPORTED,absolute,IDEALIZED_SINGLE_PAIR_GRADUAL,IDEALIZED_GRADUAL_MAPPING,32,7,127,0,2,4,203264,208,16,3328,8.92,87.31
TiOx_02_Ni,10.1038/s41598-019-44607-3,TiOx,1.10723,0.04423784432542615,0,0,GRADUAL_MULTILEVEL,NOT_REPORTED,absolute,IDEALIZED_SINGLE_PAIR_GRADUAL,IDEALIZED_GRADUAL_MAPPING,32,3,7,0,2,4,203264,208,16,3328,8.92,87.31
TiOx_02_Ni,10.1038/s41598-019-44607-3,TiOx,1.10723,0.04423784432542615,0,0,GRADUAL_MULTILEVEL,NOT_REPORTED,absolute,IDEALIZED_SINGLE_PAIR_GRADUAL,IDEALIZED_GRADUAL_MAPPING,16,3,7,0,2,4,203264,800,16,12800,8.92,87.31
TiOx_02_Ni,10.1038/s41598-019-44607-3,TiOx,1.10723,0.04423784432542615,0,0,GRADUAL_MULTILEVEL,NOT_REPORTED,absolute,IDEALIZED_SINGLE_PAIR_GRADUAL,IDEALIZED_GRADUAL_MAPPING,16,2,3,0,2,4,203264,800,16,12800,8.92,87.31
TiOx_02_Ni,10.1038/s41598-019-44607-3,TiOx,1.10723,0.04423784432542615,0,0,GRADUAL_MULTILEVEL,NOT_REPORTED,absolute,IDEALIZED_SINGLE_PAIR_GRADUAL,IDEALIZED_GRADUAL_MAPPING,16,5,31,0,2,4,203264,800,16,12800,8.92,87.31
TiOx_02_Ni,10.1038/s41598-019-44607-3,TiOx,1.10723,0.04423784432542615,0,0,GRADUAL_MULTILEVEL,NOT_REPORTED,absolute,IDEALIZED_SINGLE_PAIR_GRADUAL,IDEALIZED_GRADUAL_MAPPING,16,7,127,0,2,4,203264,800,16,12800,8.92,87.31
TiOx_02_Ni,10.1038/s41598-019-44607-3,TiOx,1.10723,0.04423784432542615,0,0,GRADUAL_MULTILEVEL,NOT_REPORTED,absolute,IDEALIZED_SINGLE_PAIR_GRADUAL,IDEALIZED_GRADUAL_MAPPING,64,5,31,0,2,4,203264,56,16,896,8.92,87.31
TiOx_02_Ni,10.1038/s41598-019-44607-3,TiOx,1.10723,0.04423784432542615,0,0,GRADUAL_MULTILEVEL,NOT_REPORTED,absolute,IDEALIZED_SINGLE_PAIR_GRADUAL,IDEALIZED_GRADUAL_MAPPING,64,8,255,0,2,4,203264,56,16,896,8.92,87.31
TiOx_02_Ni,10.1038/s41598-019-44607-3,TiOx,1.10723,0.04423784432542615,0,0,GRADUAL_MULTILEVEL,NOT_REPORTED,absolute,IDEALIZED_SINGLE_PAIR_GRADUAL,IDEALIZED_GRADUAL_MAPPING,128,2,3,0,2,4,203264,16,16,256,8.92,87.31
TiOx_02_Ni,10.1038/s41598-019-44607-3,TiOx,1.10723,0.04423784432542615,0,0,GRADUAL_MULTILEVEL,NOT_REPORTED,absolute,IDEALIZED_SINGLE_PAIR_GRADUAL,IDEALIZED_GRADUAL_MAPPING,128,6,63,0,2,4,203264,16,16,256,8.92,87.31
TiOx_02_Ni,10.1038/s41598-019-44607-3,TiOx,1.10723,0.04423784432542615,0,0,GRADUAL_MULTILEVEL,NOT_REPORTED,absolute,IDEALIZED_SINGLE_PAIR_GRADUAL,IDEALIZED_GRADUAL_MAPPING,128,5,31,0,2,4,203264,16,16,256,8.92,87.31
TiOx_02_Ni,10.1038/s41598-019-44607-3,TiOx,1.10723,0.04423784432542615,0,0,GRADUAL_MULTILEVEL,NOT_REPORTED,absolute,IDEALIZED_SINGLE_PAIR_GRADUAL,IDEALIZED_GRADUAL_MAPPING,128,3,7,0,2,4,203264,16,16,256,8.92,87.31
TiOx_02_Ni,10.1038/s41598-019-44607-3,TiOx,1.10723,0.04423784432542615,0,0,GRADUAL_MULTILEVEL,NOT_REPORTED,absolute,IDEALIZED_SINGLE_PAIR_GRADUAL,IDEALIZED_GRADUAL_MAPPING,128,4,15,0,2,4,203264,16,16,256,8.92,87.31
TiOx_02_Ni,10.1038/s41598-019-44607-3,TiOx,1.10723,0.04423784432542615,0,0,GRADUAL_MULTILEVEL,NOT_REPORTED,absolute,IDEALIZED_SINGLE_PAIR_GRADUAL,IDEALIZED_GRADUAL_MAPPING,64,6,63,0,2,4,203264,56,16,896,8.92,87.31
TiOx_02_Ni,10.1038/s41598-019-44607-3,TiOx,1.10723,0.04423784432542615,0,0,GRADUAL_MULTILEVEL,NOT_REPORTED,absolute,IDEALIZED_SINGLE_PAIR_GRADUAL,IDEALIZED_GRADUAL_MAPPING,64,7,127,0,2,4,203264,56,16,896,8.92,87.31
TiOx_02_Ni,10.1038/s41598-019-44607-3,TiOx,1.10723,0.04423784432542615,0,0,GRADUAL_MULTILEVEL,NOT_REPORTED,absolute,IDEALIZED_SINGLE_PAIR_GRADUAL,IDEALIZED_GRADUAL_MAPPING,128,8,255,0,2,4,203264,16,16,256,8.92,87.31
TiOx_02_Ni,10.1038/s41598-019-44607-3,TiOx,1.10723,0.04423784432542615,0,0,GRADUAL_MULTILEVEL,NOT_REPORTED,absolute,IDEALIZED_SINGLE_PAIR_GRADUAL,IDEALIZED_GRADUAL_MAPPING,128,7,127,0,2,4,203264,16,16,256,8.92,87.31
TiOx_02_Ni,10.1038/s41598-019-44607-3,TiOx,1.10723,0.04423784432542615,0,0,GRADUAL_MULTILEVEL,NOT_REPORTED,absolute,IDEALIZED_SINGLE_PAIR_GRADUAL,IDEALIZED_GRADUAL_MAPPING,256,4,15,0,2,4,203264,10,16,160,8.92,87.31
TiOx_02_Ni,10.1038/s41598-019-44607-3,TiOx,1.10723,0.04423784432542615,0,0,GRADUAL_MULTILEVEL,NOT_REPORTED,absolute,IDEALIZED_SINGLE_PAIR_GRADUAL,IDEALIZED_GRADUAL_MAPPING,256,3,7,0,2,4,203264,10,16,160,8.92,87.31
TiOx_02_Ni,10.1038/s41598-019-44607-3,TiOx,1.10723,0.04423784432542615,0,0,GRADUAL_MULTILEVEL,NOT_REPORTED,absolute,IDEALIZED_SINGLE_PAIR_GRADUAL,IDEALIZED_GRADUAL_MAPPING,256,2,3,0,2,5,203264,10,32,320,8.92,87.31
TiOx_02_Ni,10.1038/s41598-019-44607-3,TiOx,1.10723,0.04423784432542615,0,0,GRADUAL_MULTILEVEL,NOT_REPORTED,absolute,IDEALIZED_SINGLE_PAIR_GRADUAL,IDEALIZED_GRADUAL_MAPPING,256,2,3,0,2,4,203264,10,16,160,8.92,87.31
TiOx_02_Ni,10.1038/s41598-019-44607-3,TiOx,1.10723,0.04423784432542615,0,0,GRADUAL_MULTILEVEL,NOT_REPORTED,absolute,IDEALIZED_SINGLE_PAIR_GRADUAL,IDEALIZED_GRADUAL_MAPPING,256,6,63,0,2,4,203264,10,16,160,8.92,87.31
TiOx_02_Ni,10.1038/s41598-019-44607-3,TiOx,1.10723,0.04423784432542615,0,0,GRADUAL_MULTILEVEL,NOT_REPORTED,absolute,IDEALIZED_SINGLE_PAIR_GRADUAL,IDEALIZED_GRADUAL_MAPPING,256,5,31,0,2,4,203264,10,16,160,8.92,87.31
TiOx_02_Ni,10.1038/s41598-019-44607-3,TiOx,1.10723,0.04423784432542615,0,0,GRADUAL_MULTILEVEL,NOT_REPORTED,absolute,IDEALIZED_SINGLE_PAIR_GRADUAL,IDEALIZED_GRADUAL_MAPPING,256,7,127,0,2,4,203264,10,16,160,8.92,87.31
TiOx_02_Ni,10.1038/s41598-019-44607-3,TiOx,1.10723,0.04423784432542615,0,0,GRADUAL_MULTILEVEL,NOT_REPORTED,absolute,IDEALIZED_SINGLE_PAIR_GRADUAL,IDEALIZED_GRADUAL_MAPPING,256,8,255,0,2,4,203264,10,16,160,8.92,87.31
TiOx_02_Pt,10.1038/s41598-019-44607-3,TiOx,2.128684,0.3281111958478591,0,0,GRADUAL_MULTILEVEL,NOT_REPORTED,absolute,IDEALIZED_SINGLE_PAIR_GRADUAL,IDEALIZED_GRADUAL_MAPPING,128,6,63,0,2,8,203264,16,256,4096,96.35,-0.1199999999999903
TiOx_02_Pt,10.1038/s41598-019-44607-3,TiOx,2.128684,0.3281111958478591,0,0,GRADUAL_MULTILEVEL,NOT_REPORTED,absolute,IDEALIZED_SINGLE_PAIR_GRADUAL,IDEALIZED_GRADUAL_MAPPING,32,8,255,0,2,9,203264,208,512,106496,96.32,-0.0899999999999892
TiOx_02_Pt,10.1038/s41598-019-44607-3,TiOx,2.128684,0.3281111958478591,0,0,GRADUAL_MULTILEVEL,NOT_REPORTED,absolute,IDEALIZED_SINGLE_PAIR_GRADUAL,IDEALIZED_GRADUAL_MAPPING,16,6,63,0,2,10,203264,800,1024,819200,96.31,-0.0799999999999983
TiOx_02_Pt,10.1038/s41598-019-44607-3,TiOx,2.128684,0.3281111958478591,0,0,GRADUAL_MULTILEVEL,NOT_REPORTED,absolute,IDEALIZED_SINGLE_PAIR_GRADUAL,IDEALIZED_GRADUAL_MAPPING,64,8,255,0,2,9,203264,56,512,28672,96.31,-0.0799999999999983
TiOx_02_Pt,10.1038/s41598-019-44607-3,TiOx,2.128684,0.3281111958478591,0,0,GRADUAL_MULTILEVEL,NOT_REPORTED,absolute,IDEALIZED_SINGLE_PAIR_GRADUAL,IDEALIZED_GRADUAL_MAPPING,256,6,63,0,2,10,203264,10,1024,10240,96.3,-0.0699999999999931
TiOx_02_Pt,10.1038/s41598-019-44607-3,TiOx,2.128684,0.3281111958478591,0,0,GRADUAL_MULTILEVEL,NOT_REPORTED,absolute,IDEALIZED_SINGLE_PAIR_GRADUAL,IDEALIZED_GRADUAL_MAPPING,64,6,63,0,2,9,203264,56,512,28672,96.29,-0.0600000000000022
TiOx_02_Pt,10.1038/s41598-019-44607-3,TiOx,2.128684,0.3281111958478591,0,0,GRADUAL_MULTILEVEL,NOT_REPORTED,absolute,IDEALIZED_SINGLE_PAIR_GRADUAL,IDEALIZED_GRADUAL_MAPPING,128,7,127,0,2,8,203264,16,256,4096,96.28,-0.0499999999999971
TiOx_02_Pt,10.1038/s41598-019-44607-3,TiOx,2.128684,0.3281111958478591,0,0,GRADUAL_MULTILEVEL,NOT_REPORTED,absolute,IDEALIZED_SINGLE_PAIR_GRADUAL,IDEALIZED_GRADUAL_MAPPING,256,6,63,0,2,8,203264,10,256,2560,96.28,-0.0499999999999971
TiOx_02_Pt,10.1038/s41598-019-44607-3,TiOx,2.128684,0.3281111958478591,0,0,GRADUAL_MULTILEVEL,NOT_REPORTED,absolute,IDEALIZED_SINGLE_PAIR_GRADUAL,IDEALIZED_GRADUAL_MAPPING,128,6,63,0,2,9,203264,16,512,8192,96.28,-0.0499999999999971
TiOx_02_Pt,10.1038/s41598-019-44607-3,TiOx,2.128684,0.3281111958478591,0,0,GRADUAL_MULTILEVEL,NOT_REPORTED,absolute,IDEALIZED_SINGLE_PAIR_GRADUAL,IDEALIZED_GRADUAL_MAPPING,64,6,63,0,2,10,203264,56,1024,57344,96.28,-0.0499999999999971
TiOx_02_Pt,10.1038/s41598-019-44607-3,TiOx,2.128684,0.3281111958478591,0,0,GRADUAL_MULTILEVEL,NOT_REPORTED,absolute,IDEALIZED_SINGLE_PAIR_GRADUAL,IDEALIZED_GRADUAL_MAPPING,256,7,127,0,2,8,203264,10,256,2560,96.28,-0.0499999999999971
TiOx_02_Pt,10.1038/s41598-019-44607-3,TiOx,2.128684,0.3281111958478591,0,0,GRADUAL_MULTILEVEL,NOT_REPORTED,absolute,IDEALIZED_SINGLE_PAIR_GRADUAL,IDEALIZED_GRADUAL_MAPPING,128,6,63,0,2,10,203264,16,1024,16384,96.27,-0.039999999999992
TiOx_02_Pt,10.1038/s41598-019-44607-3,TiOx,2.128684,0.3281111958478591,0,0,GRADUAL_MULTILEVEL,NOT_REPORTED,absolute,IDEALIZED_SINGLE_PAIR_GRADUAL,IDEALIZED_GRADUAL_MAPPING,32,6,63,0,2,10,203264,208,1024,212992,96.27,-0.039999999999992
TiOx_02_Pt,10.1038/s41598-019-44607-3,TiOx,2.128684,0.3281111958478591,0,0,GRADUAL_MULTILEVEL,NOT_REPORTED,absolute,IDEALIZED_SINGLE_PAIR_GRADUAL,IDEALIZED_GRADUAL_MAPPING,32,6,63,0,2,9,203264,208,512,106496,96.26,-0.0300000000000011
TiOx_02_Pt,10.1038/s41598-019-44607-3,TiOx,2.128684,0.3281111958478591,0,0,GRADUAL_MULTILEVEL,NOT_REPORTED,absolute,IDEALIZED_SINGLE_PAIR_GRADUAL,IDEALIZED_GRADUAL_MAPPING,32,8,255,0,2,8,203264,208,256,53248,96.26,-0.0300000000000011
TiOx_02_Pt,10.1038/s41598-019-44607-3,TiOx,2.128684,0.3281111958478591,0,0,GRADUAL_MULTILEVEL,NOT_REPORTED,absolute,IDEALIZED_SINGLE_PAIR_GRADUAL,IDEALIZED_GRADUAL_MAPPING,16,6,63,0,2,9,203264,800,512,409600,96.26,-0.0300000000000011
TiOx_02_Pt,10.1038/s41598-019-44607-3,TiOx,2.128684,0.3281111958478591,0,0,GRADUAL_MULTILEVEL,NOT_REPORTED,absolute,IDEALIZED_SINGLE_PAIR_GRADUAL,IDEALIZED_GRADUAL_MAPPING,16,8,255,0,2,9,203264,800,512,409600,96.26,-0.0300000000000011
TiOx_02_Pt,10.1038/s41598-019-44607-3,TiOx,2.128684,0.3281111958478591,0,0,GRADUAL_MULTILEVEL,NOT_REPORTED,absolute,IDEALIZED_SINGLE_PAIR_GRADUAL,IDEALIZED_GRADUAL_MAPPING,64,7,127,0,2,9,203264,56,512,28672,96.26,-0.0300000000000011
TiOx_02_Pt,10.1038/s41598-019-44607-3,TiOx,2.128684,0.3281111958478591,0,0,GRADUAL_MULTILEVEL,NOT_REPORTED,absolute,IDEALIZED_SINGLE_PAIR_GRADUAL,IDEALIZED_GRADUAL_MAPPING,64,8,255,0,2,10,203264,56,1024,57344,96.25,-0.019999999999996
TiOx_02_Pt,10.1038/s41598-019-44607-3,TiOx,2.128684,0.3281111958478591,0,0,GRADUAL_MULTILEVEL,NOT_REPORTED,absolute,IDEALIZED_SINGLE_PAIR_GRADUAL,IDEALIZED_GRADUAL_MAPPING,16,8,255,0,2,10,203264,800,1024,819200,96.25,-0.019999999999996
TiOx_02_Pt,10.1038/s41598-019-44607-3,TiOx,2.128684,0.3281111958478591,0,0,GRADUAL_MULTILEVEL,NOT_REPORTED,absolute,IDEALIZED_SINGLE_PAIR_GRADUAL,IDEALIZED_GRADUAL_MAPPING,32,7,127,0,2,9,203264,208,512,106496,96.25,-0.019999999999996
TiOx_02_Pt,10.1038/s41598-019-44607-3,TiOx,2.128684,0.3281111958478591,0,0,GRADUAL_MULTILEVEL,NOT_REPORTED,absolute,IDEALIZED_SINGLE_PAIR_GRADUAL,IDEALIZED_GRADUAL_MAPPING,32,8,255,0,2,10,203264,208,1024,212992,96.24,-0.0099999999999909
TiOx_02_Pt,10.1038/s41598-019-44607-3,TiOx,2.128684,0.3281111958478591,0,0,GRADUAL_MULTILEVEL,NOT_REPORTED,absolute,IDEALIZED_SINGLE_PAIR_GRADUAL,IDEALIZED_GRADUAL_MAPPING,256,6,63,0,2,9,203264,10,512,5120,96.24,-0.0099999999999909
TiOx_02_Pt,10.1038/s41598-019-44607-3,TiOx,2.128684,0.3281111958478591,0,0,GRADUAL_MULTILEVEL,NOT_REPORTED,absolute,IDEALIZED_SINGLE_PAIR_GRADUAL,IDEALIZED_GRADUAL_MAPPING,128,8,255,0,2,8,203264,16,256,4096,96.24,-0.0099999999999909
TiOx_02_Pt,10.1038/s41598-019-44607-3,TiOx,2.128684,0.3281111958478591,0,0,GRADUAL_MULTILEVEL,NOT_REPORTED,absolute,IDEALIZED_SINGLE_PAIR_GRADUAL,IDEALIZED_GRADUAL_MAPPING,128,5,31,0,2,8,203264,16,256,4096,96.23,0.0
TiOx_02_Pt,10.1038/s41598-019-44607-3,TiOx,2.128684,0.3281111958478591,0,0,GRADUAL_MULTILEVEL,NOT_REPORTED,absolute,IDEALIZED_SINGLE_PAIR_GRADUAL,IDEALIZED_GRADUAL_MAPPING,64,7,127,0,2,10,203264,56,1024,57344,96.23,0.0
TiOx_02_Pt,10.1038/s41598-019-44607-3,TiOx,2.128684,0.3281111958478591,0,0,GRADUAL_MULTILEVEL,NOT_REPORTED,absolute,IDEALIZED_SINGLE_PAIR_GRADUAL,IDEALIZED_GRADUAL_MAPPING,32,7,127,0,2,10,203264,208,1024,212992,96.23,0.0
TiOx_02_Pt,10.1038/s41598-019-44607-3,TiOx,2.128684,0.3281111958478591,0,0,GRADUAL_MULTILEVEL,NOT_REPORTED,absolute,IDEALIZED_SINGLE_PAIR_GRADUAL,IDEALIZED_GRADUAL_MAPPING,16,7,127,0,2,8,203264,800,256,204800,96.23,0.0
TiOx_02_Pt,10.1038/s41598-019-44607-3,TiOx,2.128684,0.3281111958478591,0,0,GRADUAL_MULTILEVEL,NOT_REPORTED,absolute,IDEALIZED_SINGLE_PAIR_GRADUAL,IDEALIZED_GRADUAL_MAPPING,16,6,63,0,2,8,203264,800,256,204800,96.23,0.0
TiOx_02_Pt,10.1038/s41598-019-44607-3,TiOx,2.128684,0.3281111958478591,0,0,GRADUAL_MULTILEVEL,NOT_REPORTED,absolute,IDEALIZED_SINGLE_PAIR_GRADUAL,IDEALIZED_GRADUAL_MAPPING,256,8,255,0,2,8,203264,10,256,2560,96.23,0.0
TiOx_02_Pt,10.1038/s41598-019-44607-3,TiOx,2.128684,0.3281111958478591,0,0,GRADUAL_MULTILEVEL,NOT_REPORTED,absolute,IDEALIZED_SINGLE_PAIR_GRADUAL,IDEALIZED_GRADUAL_MAPPING,256,7,127,0,2,10,203264,10,1024,10240,96.23,0.0
TiOx_02_Pt,10.1038/s41598-019-44607-3,TiOx,2.128684,0.3281111958478591,0,0,GRADUAL_MULTILEVEL,NOT_REPORTED,absolute,IDEALIZED_SINGLE_PAIR_GRADUAL,IDEALIZED_GRADUAL_MAPPING,16,7,127,0,2,10,203264,800,1024,819200,96.22,0.0100000000000051
TiOx_02_Pt,10.1038/s41598-019-44607-3,TiOx,2.128684,0.3281111958478591,0,0,GRADUAL_MULTILEVEL,NOT_REPORTED,absolute,IDEALIZED_SINGLE_PAIR_GRADUAL,IDEALIZED_GRADUAL_MAPPING,16,7,127,0,2,9,203264,800,512,409600,96.22,0.0100000000000051
TiOx_02_Pt,10.1038/s41598-019-44607-3,TiOx,2.128684,0.3281111958478591,0,0,GRADUAL_MULTILEVEL,NOT_REPORTED,absolute,IDEALIZED_SINGLE_PAIR_GRADUAL,IDEALIZED_GRADUAL_MAPPING,16,8,255,0,2,8,203264,800,256,204800,96.22,0.0100000000000051
TiOx_02_Pt,10.1038/s41598-019-44607-3,TiOx,2.128684,0.3281111958478591,0,0,GRADUAL_MULTILEVEL,NOT_REPORTED,absolute,IDEALIZED_SINGLE_PAIR_GRADUAL,IDEALIZED_GRADUAL_MAPPING,64,5,31,0,2,8,203264,56,256,14336,96.22,0.0100000000000051
TiOx_02_Pt,10.1038/s41598-019-44607-3,TiOx,2.128684,0.3281111958478591,0,0,GRADUAL_MULTILEVEL,NOT_REPORTED,absolute,IDEALIZED_SINGLE_PAIR_GRADUAL,IDEALIZED_GRADUAL_MAPPING,128,5,31,0,2,10,203264,16,1024,16384,96.21,0.0200000000000102
TiOx_02_Pt,10.1038/s41598-019-44607-3,TiOx,2.128684,0.3281111958478591,0,0,GRADUAL_MULTILEVEL,NOT_REPORTED,absolute,IDEALIZED_SINGLE_PAIR_GRADUAL,IDEALIZED_GRADUAL_MAPPING,256,7,127,0,2,9,203264,10,512,5120,96.21,0.0200000000000102
TiOx_02_Pt,10.1038/s41598-019-44607-3,TiOx,2.128684,0.3281111958478591,0,0,GRADUAL_MULTILEVEL,NOT_REPORTED,absolute,IDEALIZED_SINGLE_PAIR_GRADUAL,IDEALIZED_GRADUAL_MAPPING,16,7,127,0,2,7,203264,800,128,102400,96.21,0.0200000000000102
TiOx_02_Pt,10.1038/s41598-019-44607-3,TiOx,2.128684,0.3281111958478591,0,0,GRADUAL_MULTILEVEL,NOT_REPORTED,absolute,IDEALIZED_SINGLE_PAIR_GRADUAL,IDEALIZED_GRADUAL_MAPPING,16,8,255,0,2,7,203264,800,128,102400,96.21,0.0200000000000102
TiOx_02_Pt,10.1038/s41598-019-44607-3,TiOx,2.128684,0.3281111958478591,0,0,GRADUAL_MULTILEVEL,NOT_REPORTED,absolute,IDEALIZED_SINGLE_PAIR_GRADUAL,IDEALIZED_GRADUAL_MAPPING,64,8,255,0,2,8,203264,56,256,14336,96.21,0.0200000000000102
TiOx_02_Pt,10.1038/s41598-019-44607-3,TiOx,2.128684,0.3281111958478591,0,0,GRADUAL_MULTILEVEL,NOT_REPORTED,absolute,IDEALIZED_SINGLE_PAIR_GRADUAL,IDEALIZED_GRADUAL_MAPPING,128,7,127,0,2,10,203264,16,1024,16384,96.2,0.0300000000000011
TiOx_02_Pt,10.1038/s41598-019-44607-3,TiOx,2.128684,0.3281111958478591,0,0,GRADUAL_MULTILEVEL,NOT_REPORTED,absolute,IDEALIZED_SINGLE_PAIR_GRADUAL,IDEALIZED_GRADUAL_MAPPING,256,8,255,0,2,9,203264,10,512,5120,96.2,0.0300000000000011
TiOx_02_Pt,10.1038/s41598-019-44607-3,TiOx,2.128684,0.3281111958478591,0,0,GRADUAL_MULTILEVEL,NOT_REPORTED,absolute,IDEALIZED_SINGLE_PAIR_GRADUAL,IDEALIZED_GRADUAL_MAPPING,256,8,255,0,2,10,203264,10,1024,10240,96.19,0.0400000000000062
TiOx_02_Pt,10.1038/s41598-019-44607-3,TiOx,2.128684,0.3281111958478591,0,0,GRADUAL_MULTILEVEL,NOT_REPORTED,absolute,IDEALIZED_SINGLE_PAIR_GRADUAL,IDEALIZED_GRADUAL_MAPPING,128,7,127,0,2,9,203264,16,512,8192,96.19,0.0400000000000062
TiOx_02_Pt,10.1038/s41598-019-44607-3,TiOx,2.128684,0.3281111958478591,0,0,GRADUAL_MULTILEVEL,NOT_REPORTED,absolute,IDEALIZED_SINGLE_PAIR_GRADUAL,IDEALIZED_GRADUAL_MAPPING,64,8,255,0,2,7,203264,56,128,7168,96.19,0.0400000000000062
TiOx_02_Pt,10.1038/s41598-019-44607-3,TiOx,2.128684,0.3281111958478591,0,0,GRADUAL_MULTILEVEL,NOT_REPORTED,absolute,IDEALIZED_SINGLE_PAIR_GRADUAL,IDEALIZED_GRADUAL_MAPPING,32,7,127,0,2,7,203264,208,128,26624,96.19,0.0400000000000062
TiOx_02_Pt,10.1038/s41598-019-44607-3,TiOx,2.128684,0.3281111958478591,0,0,GRADUAL_MULTILEVEL,NOT_REPORTED,absolute,IDEALIZED_SINGLE_PAIR_GRADUAL,IDEALIZED_GRADUAL_MAPPING,32,6,63,0,2,8,203264,208,256,53248,96.19,0.0400000000000062
TiOx_02_Pt,10.1038/s41598-019-44607-3,TiOx,2.128684,0.3281111958478591,0,0,GRADUAL_MULTILEVEL,NOT_REPORTED,absolute,IDEALIZED_SINGLE_PAIR_GRADUAL,IDEALIZED_GRADUAL_MAPPING,32,7,127,0,2,8,203264,208,256,53248,96.19,0.0400000000000062
TiOx_02_Pt,10.1038/s41598-019-44607-3,TiOx,2.128684,0.3281111958478591,0,0,GRADUAL_MULTILEVEL,NOT_REPORTED,absolute,IDEALIZED_SINGLE_PAIR_GRADUAL,IDEALIZED_GRADUAL_MAPPING,64,7,127,0,2,8,203264,56,256,14336,96.18,0.0499999999999971
TiOx_02_Pt,10.1038/s41598-019-44607-3,TiOx,2.128684,0.3281111958478591,0,0,GRADUAL_MULTILEVEL,NOT_REPORTED,absolute,IDEALIZED_SINGLE_PAIR_GRADUAL,IDEALIZED_GRADUAL_MAPPING,64,5,31,0,2,9,203264,56,512,28672,96.18,0.0499999999999971
TiOx_02_Pt,10.1038/s41598-019-44607-3,TiOx,2.128684,0.3281111958478591,0,0,GRADUAL_MULTILEVEL,NOT_REPORTED,absolute,IDEALIZED_SINGLE_PAIR_GRADUAL,IDEALIZED_GRADUAL_MAPPING,16,5,31,0,2,8,203264,800,256,204800,96.17,0.0600000000000022
TiOx_02_Pt,10.1038/s41598-019-44607-3,TiOx,2.128684,0.3281111958478591,0,0,GRADUAL_MULTILEVEL,NOT_REPORTED,absolute,IDEALIZED_SINGLE_PAIR_GRADUAL,IDEALIZED_GRADUAL_MAPPING,256,5,31,0,2,9,203264,10,512,5120,96.17,0.0600000000000022
TiOx_02_Pt,10.1038/s41598-019-44607-3,TiOx,2.128684,0.3281111958478591,0,0,GRADUAL_MULTILEVEL,NOT_REPORTED,absolute,IDEALIZED_SINGLE_PAIR_GRADUAL,IDEALIZED_GRADUAL_MAPPING,64,7,127,0,2,7,203264,56,128,7168,96.17,0.0600000000000022
TiOx_02_Pt,10.1038/s41598-019-44607-3,TiOx,2.128684,0.3281111958478591,0,0,GRADUAL_MULTILEVEL,NOT_REPORTED,absolute,IDEALIZED_SINGLE_PAIR_GRADUAL,IDEALIZED_GRADUAL_MAPPING,128,5,31,0,2,9,203264,16,512,8192,96.16,0.0700000000000073
TiOx_02_Pt,10.1038/s41598-019-44607-3,TiOx,2.128684,0.3281111958478591,0,0,GRADUAL_MULTILEVEL,NOT_REPORTED,absolute,IDEALIZED_SINGLE_PAIR_GRADUAL,IDEALIZED_GRADUAL_MAPPING,32,5,31,0,2,8,203264,208,256,53248,96.16,0.0700000000000073
TiOx_02_Pt,10.1038/s41598-019-44607-3,TiOx,2.128684,0.3281111958478591,0,0,GRADUAL_MULTILEVEL,NOT_REPORTED,absolute,IDEALIZED_SINGLE_PAIR_GRADUAL,IDEALIZED_GRADUAL_MAPPING,32,5,31,0,2,9,203264,208,512,106496,96.16,0.0700000000000073
TiOx_02_Pt,10.1038/s41598-019-44607-3,TiOx,2.128684,0.3281111958478591,0,0,GRADUAL_MULTILEVEL,NOT_REPORTED,absolute,IDEALIZED_SINGLE_PAIR_GRADUAL,IDEALIZED_GRADUAL_MAPPING,16,6,63,0,2,7,203264,800,128,102400,96.15,0.0799999999999983
TiOx_02_Pt,10.1038/s41598-019-44607-3,TiOx,2.128684,0.3281111958478591,0,0,GRADUAL_MULTILEVEL,NOT_REPORTED,absolute,IDEALIZED_SINGLE_PAIR_GRADUAL,IDEALIZED_GRADUAL_MAPPING,16,5,31,0,2,7,203264,800,128,102400,96.15,0.0799999999999983
TiOx_02_Pt,10.1038/s41598-019-44607-3,TiOx,2.128684,0.3281111958478591,0,0,GRADUAL_MULTILEVEL,NOT_REPORTED,absolute,IDEALIZED_SINGLE_PAIR_GRADUAL,IDEALIZED_GRADUAL_MAPPING,256,5,31,0,2,10,203264,10,1024,10240,96.15,0.0799999999999983
TiOx_02_Pt,10.1038/s41598-019-44607-3,TiOx,2.128684,0.3281111958478591,0,0,GRADUAL_MULTILEVEL,NOT_REPORTED,absolute,IDEALIZED_SINGLE_PAIR_GRADUAL,IDEALIZED_GRADUAL_MAPPING,128,8,255,0,2,10,203264,16,1024,16384,96.15,0.0799999999999983
TiOx_02_Pt,10.1038/s41598-019-44607-3,TiOx,2.128684,0.3281111958478591,0,0,GRADUAL_MULTILEVEL,NOT_REPORTED,absolute,IDEALIZED_SINGLE_PAIR_GRADUAL,IDEALIZED_GRADUAL_MAPPING,128,8,255,0,2,9,203264,16,512,8192,96.15,0.0799999999999983
TiOx_02_Pt,10.1038/s41598-019-44607-3,TiOx,2.128684,0.3281111958478591,0,0,GRADUAL_MULTILEVEL,NOT_REPORTED,absolute,IDEALIZED_SINGLE_PAIR_GRADUAL,IDEALIZED_GRADUAL_MAPPING,64,5,31,0,2,10,203264,56,1024,57344,96.14,0.0900000000000034
TiOx_02_Pt,10.1038/s41598-019-44607-3,TiOx,2.128684,0.3281111958478591,0,0,GRADUAL_MULTILEVEL,NOT_REPORTED,absolute,IDEALIZED_SINGLE_PAIR_GRADUAL,IDEALIZED_GRADUAL_MAPPING,16,5,31,0,2,9,203264,800,512,409600,96.14,0.0900000000000034
TiOx_02_Pt,10.1038/s41598-019-44607-3,TiOx,2.128684,0.3281111958478591,0,0,GRADUAL_MULTILEVEL,NOT_REPORTED,absolute,IDEALIZED_SINGLE_PAIR_GRADUAL,IDEALIZED_GRADUAL_MAPPING,16,5,31,0,2,10,203264,800,1024,819200,96.14,0.0900000000000034
TiOx_02_Pt,10.1038/s41598-019-44607-3,TiOx,2.128684,0.3281111958478591,0,0,GRADUAL_MULTILEVEL,NOT_REPORTED,absolute,IDEALIZED_SINGLE_PAIR_GRADUAL,IDEALIZED_GRADUAL_MAPPING,32,6,63,0,2,7,203264,208,128,26624,96.14,0.0900000000000034
TiOx_02_Pt,10.1038/s41598-019-44607-3,TiOx,2.128684,0.3281111958478591,0,0,GRADUAL_MULTILEVEL,NOT_REPORTED,absolute,IDEALIZED_SINGLE_PAIR_GRADUAL,IDEALIZED_GRADUAL_MAPPING,32,5,31,0,2,10,203264,208,1024,212992,96.13,0.1000000000000085
TiOx_02_Pt,10.1038/s41598-019-44607-3,TiOx,2.128684,0.3281111958478591,0,0,GRADUAL_MULTILEVEL,NOT_REPORTED,absolute,IDEALIZED_SINGLE_PAIR_GRADUAL,IDEALIZED_GRADUAL_MAPPING,64,6,63,0,2,8,203264,56,256,14336,96.12,0.1099999999999994
TiOx_02_Pt,10.1038/s41598-019-44607-3,TiOx,2.128684,0.3281111958478591,0,0,GRADUAL_MULTILEVEL,NOT_REPORTED,absolute,IDEALIZED_SINGLE_PAIR_GRADUAL,IDEALIZED_GRADUAL_MAPPING,16,4,15,0,2,7,203264,800,128,102400,96.11,0.1200000000000045
TiOx_02_Pt,10.1038/s41598-019-44607-3,TiOx,2.128684,0.3281111958478591,0,0,GRADUAL_MULTILEVEL,NOT_REPORTED,absolute,IDEALIZED_SINGLE_PAIR_GRADUAL,IDEALIZED_GRADUAL_MAPPING,32,4,15,0,2,9,203264,208,512,106496,96.1,0.1300000000000096
TiOx_02_Pt,10.1038/s41598-019-44607-3,TiOx,2.128684,0.3281111958478591,0,0,GRADUAL_MULTILEVEL,NOT_REPORTED,absolute,IDEALIZED_SINGLE_PAIR_GRADUAL,IDEALIZED_GRADUAL_MAPPING,16,4,15,0,2,8,203264,800,256,204800,96.09,0.1400000000000005
TiOx_02_Pt,10.1038/s41598-019-44607-3,TiOx,2.128684,0.3281111958478591,0,0,GRADUAL_MULTILEVEL,NOT_REPORTED,absolute,IDEALIZED_SINGLE_PAIR_GRADUAL,IDEALIZED_GRADUAL_MAPPING,128,4,15,0,2,10,203264,16,1024,16384,96.09,0.1400000000000005
TiOx_02_Pt,10.1038/s41598-019-44607-3,TiOx,2.128684,0.3281111958478591,0,0,GRADUAL_MULTILEVEL,NOT_REPORTED,absolute,IDEALIZED_SINGLE_PAIR_GRADUAL,IDEALIZED_GRADUAL_MAPPING,256,4,15,0,2,8,203264,10,256,2560,96.09,0.1400000000000005
TiOx_02_Pt,10.1038/s41598-019-44607-3,TiOx,2.128684,0.3281111958478591,0,0,GRADUAL_MULTILEVEL,NOT_REPORTED,absolute,IDEALIZED_SINGLE_PAIR_GRADUAL,IDEALIZED_GRADUAL_MAPPING,32,5,31,0,2,7,203264,208,128,26624,96.09,0.1400000000000005
TiOx_02_Pt,10.1038/s41598-019-44607-3,TiOx,2.128684,0.3281111958478591,0,0,GRADUAL_MULTILEVEL,NOT_REPORTED,absolute,IDEALIZED_SINGLE_PAIR_GRADUAL,IDEALIZED_GRADUAL_MAPPING,16,7,127,0,2,6,203264,800,64,51200,96.09,0.1400000000000005
TiOx_02_Pt,10.1038/s41598-019-44607-3,TiOx,2.128684,0.3281111958478591,0,0,GRADUAL_MULTILEVEL,NOT_REPORTED,absolute,IDEALIZED_SINGLE_PAIR_GRADUAL,IDEALIZED_GRADUAL_MAPPING,16,4,15,0,2,10,203264,800,1024,819200,96.09,0.1400000000000005
TiOx_02_Pt,10.1038/s41598-019-44607-3,TiOx,2.128684,0.3281111958478591,0,0,GRADUAL_MULTILEVEL,NOT_REPORTED,absolute,IDEALIZED_SINGLE_PAIR_GRADUAL,IDEALIZED_GRADUAL_MAPPING,32,8,255,0,2,7,203264,208,128,26624,96.09,0.1400000000000005
TiOx_02_Pt,10.1038/s41598-019-44607-3,TiOx,2.128684,0.3281111958478591,0,0,GRADUAL_MULTILEVEL,NOT_REPORTED,absolute,IDEALIZED_SINGLE_PAIR_GRADUAL,IDEALIZED_GRADUAL_MAPPING,32,4,15,0,2,8,203264,208,256,53248,96.08,0.1500000000000056
TiOx_02_Pt,10.1038/s41598-019-44607-3,TiOx,2.128684,0.3281111958478591,0,0,GRADUAL_MULTILEVEL,NOT_REPORTED,absolute,IDEALIZED_SINGLE_PAIR_GRADUAL,IDEALIZED_GRADUAL_MAPPING,256,5,31,0,2,8,203264,10,256,2560,96.08,0.1500000000000056
TiOx_02_Pt,10.1038/s41598-019-44607-3,TiOx,2.128684,0.3281111958478591,0,0,GRADUAL_MULTILEVEL,NOT_REPORTED,absolute,IDEALIZED_SINGLE_PAIR_GRADUAL,IDEALIZED_GRADUAL_MAPPING,32,4,15,0,2,10,203264,208,1024,212992,96.08,0.1500000000000056
TiOx_02_Pt,10.1038/s41598-019-44607-3,TiOx,2.128684,0.3281111958478591,0,0,GRADUAL_MULTILEVEL,NOT_REPORTED,absolute,IDEALIZED_SINGLE_PAIR_GRADUAL,IDEALIZED_GRADUAL_MAPPING,256,4,15,0,2,10,203264,10,1024,10240,96.08,0.1500000000000056
TiOx_02_Pt,10.1038/s41598-019-44607-3,TiOx,2.128684,0.3281111958478591,0,0,GRADUAL_MULTILEVEL,NOT_REPORTED,absolute,IDEALIZED_SINGLE_PAIR_GRADUAL,IDEALIZED_GRADUAL_MAPPING,64,4,15,0,2,8,203264,56,256,14336,96.07,0.1600000000000108
TiOx_02_Pt,10.1038/s41598-019-44607-3,TiOx,2.128684,0.3281111958478591,0,0,GRADUAL_MULTILEVEL,NOT_REPORTED,absolute,IDEALIZED_SINGLE_PAIR_GRADUAL,IDEALIZED_GRADUAL_MAPPING,64,6,63,0,2,7,203264,56,128,7168,96.07,0.1600000000000108
TiOx_02_Pt,10.1038/s41598-019-44607-3,TiOx,2.128684,0.3281111958478591,0,0,GRADUAL_MULTILEVEL,NOT_REPORTED,absolute,IDEALIZED_SINGLE_PAIR_GRADUAL,IDEALIZED_GRADUAL_MAPPING,64,4,15,0,2,9,203264,56,512,28672,96.06,0.1700000000000017
TiOx_02_Pt,10.1038/s41598-019-44607-3,TiOx,2.128684,0.3281111958478591,0,0,GRADUAL_MULTILEVEL,NOT_REPORTED,absolute,IDEALIZED_SINGLE_PAIR_GRADUAL,IDEALIZED_GRADUAL_MAPPING,16,8,255,0,2,6,203264,800,64,51200,96.06,0.1700000000000017
TiOx_02_Pt,10.1038/s41598-019-44607-3,TiOx,2.128684,0.3281111958478591,0,0,GRADUAL_MULTILEVEL,NOT_REPORTED,absolute,IDEALIZED_SINGLE_PAIR_GRADUAL,IDEALIZED_GRADUAL_MAPPING,64,4,15,0,2,10,203264,56,1024,57344,96.04,0.1899999999999977
TiOx_02_Pt,10.1038/s41598-019-44607-3,TiOx,2.128684,0.3281111958478591,0,0,GRADUAL_MULTILEVEL,NOT_REPORTED,absolute,IDEALIZED_SINGLE_PAIR_GRADUAL,IDEALIZED_GRADUAL_MAPPING,16,4,15,0,2,9,203264,800,512,409600,96.04,0.1899999999999977
TiOx_02_Pt,10.1038/s41598-019-44607-3,TiOx,2.128684,0.3281111958478591,0,0,GRADUAL_MULTILEVEL,NOT_REPORTED,absolute,IDEALIZED_SINGLE_PAIR_GRADUAL,IDEALIZED_GRADUAL_MAPPING,128,4,15,0,2,9,203264,16,512,8192,96.04,0.1899999999999977
TiOx_02_Pt,10.1038/s41598-019-44607-3,TiOx,2.128684,0.3281111958478591,0,0,GRADUAL_MULTILEVEL,NOT_REPORTED,absolute,IDEALIZED_SINGLE_PAIR_GRADUAL,IDEALIZED_GRADUAL_MAPPING,128,4,15,0,2,8,203264,16,256,4096,96.03,0.2000000000000028
TiOx_02_Pt,10.1038/s41598-019-44607-3,TiOx,2.128684,0.3281111958478591,0,0,GRADUAL_MULTILEVEL,NOT_REPORTED,absolute,IDEALIZED_SINGLE_PAIR_GRADUAL,IDEALIZED_GRADUAL_MAPPING,256,4,15,0,2,9,203264,10,512,5120,96.03,0.2000000000000028
TiOx_02_Pt,10.1038/s41598-019-44607-3,TiOx,2.128684,0.3281111958478591,0,0,GRADUAL_MULTILEVEL,NOT_REPORTED,absolute,IDEALIZED_SINGLE_PAIR_GRADUAL,IDEALIZED_GRADUAL_MAPPING,64,5,31,0,2,7,203264,56,128,7168,96.03,0.2000000000000028
TiOx_02_Pt,10.1038/s41598-019-44607-3,TiOx,2.128684,0.3281111958478591,0,0,GRADUAL_MULTILEVEL,NOT_REPORTED,absolute,IDEALIZED_SINGLE_PAIR_GRADUAL,IDEALIZED_GRADUAL_MAPPING,16,6,63,0,2,6,203264,800,64,51200,96.03,0.2000000000000028
TiOx_02_Pt,10.1038/s41598-019-44607-3,TiOx,2.128684,0.3281111958478591,0,0,GRADUAL_MULTILEVEL,NOT_REPORTED,absolute,IDEALIZED_SINGLE_PAIR_GRADUAL,IDEALIZED_GRADUAL_MAPPING,16,5,31,0,2,6,203264,800,64,51200,96.02,0.2100000000000079
TiOx_02_Pt,10.1038/s41598-019-44607-3,TiOx,2.128684,0.3281111958478591,0,0,GRADUAL_MULTILEVEL,NOT_REPORTED,absolute,IDEALIZED_SINGLE_PAIR_GRADUAL,IDEALIZED_GRADUAL_MAPPING,128,8,255,0,2,7,203264,16,128,2048,96.01,0.2199999999999988
TiOx_02_Pt,10.1038/s41598-019-44607-3,TiOx,2.128684,0.3281111958478591,0,0,GRADUAL_MULTILEVEL,NOT_REPORTED,absolute,IDEALIZED_SINGLE_PAIR_GRADUAL,IDEALIZED_GRADUAL_MAPPING,256,6,63,0,2,7,203264,10,128,1280,96.01,0.2199999999999988
TiOx_02_Pt,10.1038/s41598-019-44607-3,TiOx,2.128684,0.3281111958478591,0,0,GRADUAL_MULTILEVEL,NOT_REPORTED,absolute,IDEALIZED_SINGLE_PAIR_GRADUAL,IDEALIZED_GRADUAL_MAPPING,32,6,63,0,2,6,203264,208,64,13312,96.0,0.2300000000000039
TiOx_02_Pt,10.1038/s41598-019-44607-3,TiOx,2.128684,0.3281111958478591,0,0,GRADUAL_MULTILEVEL,NOT_REPORTED,absolute,IDEALIZED_SINGLE_PAIR_GRADUAL,IDEALIZED_GRADUAL_MAPPING,32,5,31,0,2,6,203264,208,64,13312,95.98,0.25
TiOx_02_Pt,10.1038/s41598-019-44607-3,TiOx,2.128684,0.3281111958478591,0,0,GRADUAL_MULTILEVEL,NOT_REPORTED,absolute,IDEALIZED_SINGLE_PAIR_GRADUAL,IDEALIZED_GRADUAL_MAPPING,32,8,255,0,2,6,203264,208,64,13312,95.98,0.25
TiOx_02_Pt,10.1038/s41598-019-44607-3,TiOx,2.128684,0.3281111958478591,0,0,GRADUAL_MULTILEVEL,NOT_REPORTED,absolute,IDEALIZED_SINGLE_PAIR_GRADUAL,IDEALIZED_GRADUAL_MAPPING,16,4,15,0,2,6,203264,800,64,51200,95.97,0.2600000000000051
TiOx_02_Pt,10.1038/s41598-019-44607-3,TiOx,2.128684,0.3281111958478591,0,0,GRADUAL_MULTILEVEL,NOT_REPORTED,absolute,IDEALIZED_SINGLE_PAIR_GRADUAL,IDEALIZED_GRADUAL_MAPPING,128,4,15,0,2,7,203264,16,128,2048,95.97,0.2600000000000051
TiOx_02_Pt,10.1038/s41598-019-44607-3,TiOx,2.128684,0.3281111958478591,0,0,GRADUAL_MULTILEVEL,NOT_REPORTED,absolute,IDEALIZED_SINGLE_PAIR_GRADUAL,IDEALIZED_GRADUAL_MAPPING,128,6,63,0,2,7,203264,16,128,2048,95.96,0.2700000000000102
TiOx_02_Pt,10.1038/s41598-019-44607-3,TiOx,2.128684,0.3281111958478591,0,0,GRADUAL_MULTILEVEL,NOT_REPORTED,absolute,IDEALIZED_SINGLE_PAIR_GRADUAL,IDEALIZED_GRADUAL_MAPPING,32,4,15,0,2,7,203264,208,128,26624,95.96,0.2700000000000102
TiOx_02_Pt,10.1038/s41598-019-44607-3,TiOx,2.128684,0.3281111958478591,0,0,GRADUAL_MULTILEVEL,NOT_REPORTED,absolute,IDEALIZED_SINGLE_PAIR_GRADUAL,IDEALIZED_GRADUAL_MAPPING,32,7,127,0,2,6,203264,208,64,13312,95.95,0.2800000000000011
TiOx_02_Pt,10.1038/s41598-019-44607-3,TiOx,2.128684,0.3281111958478591,0,0,GRADUAL_MULTILEVEL,NOT_REPORTED,absolute,IDEALIZED_SINGLE_PAIR_GRADUAL,IDEALIZED_GRADUAL_MAPPING,256,8,255,0,2,7,203264,10,128,1280,95.95,0.2800000000000011
TiOx_02_Pt,10.1038/s41598-019-44607-3,TiOx,2.128684,0.3281111958478591,0,0,GRADUAL_MULTILEVEL,NOT_REPORTED,absolute,IDEALIZED_SINGLE_PAIR_GRADUAL,IDEALIZED_GRADUAL_MAPPING,128,7,127,0,2,7,203264,16,128,2048,95.92,0.3100000000000023
TiOx_02_Pt,10.1038/s41598-019-44607-3,TiOx,2.128684,0.3281111958478591,0,0,GRADUAL_MULTILEVEL,NOT_REPORTED,absolute,IDEALIZED_SINGLE_PAIR_GRADUAL,IDEALIZED_GRADUAL_MAPPING,128,5,31,0,2,7,203264,16,128,2048,95.88,0.3500000000000085
TiOx_02_Pt,10.1038/s41598-019-44607-3,TiOx,2.128684,0.3281111958478591,0,0,GRADUAL_MULTILEVEL,NOT_REPORTED,absolute,IDEALIZED_SINGLE_PAIR_GRADUAL,IDEALIZED_GRADUAL_MAPPING,32,4,15,0,2,6,203264,208,64,13312,95.88,0.3500000000000085
TiOx_02_Pt,10.1038/s41598-019-44607-3,TiOx,2.128684,0.3281111958478591,0,0,GRADUAL_MULTILEVEL,NOT_REPORTED,absolute,IDEALIZED_SINGLE_PAIR_GRADUAL,IDEALIZED_GRADUAL_MAPPING,256,5,31,0,2,7,203264,10,128,1280,95.86,0.3700000000000045
TiOx_02_Pt,10.1038/s41598-019-44607-3,TiOx,2.128684,0.3281111958478591,0,0,GRADUAL_MULTILEVEL,NOT_REPORTED,absolute,IDEALIZED_SINGLE_PAIR_GRADUAL,IDEALIZED_GRADUAL_MAPPING,64,6,63,0,2,6,203264,56,64,3584,95.86,0.3700000000000045
TiOx_02_Pt,10.1038/s41598-019-44607-3,TiOx,2.128684,0.3281111958478591,0,0,GRADUAL_MULTILEVEL,NOT_REPORTED,absolute,IDEALIZED_SINGLE_PAIR_GRADUAL,IDEALIZED_GRADUAL_MAPPING,64,7,127,0,2,6,203264,56,64,3584,95.84,0.3900000000000005
TiOx_02_Pt,10.1038/s41598-019-44607-3,TiOx,2.128684,0.3281111958478591,0,0,GRADUAL_MULTILEVEL,NOT_REPORTED,absolute,IDEALIZED_SINGLE_PAIR_GRADUAL,IDEALIZED_GRADUAL_MAPPING,64,4,15,0,2,7,203264,56,128,7168,95.83,0.4000000000000057
TiOx_02_Pt,10.1038/s41598-019-44607-3,TiOx,2.128684,0.3281111958478591,0,0,GRADUAL_MULTILEVEL,NOT_REPORTED,absolute,IDEALIZED_SINGLE_PAIR_GRADUAL,IDEALIZED_GRADUAL_MAPPING,256,4,15,0,2,7,203264,10,128,1280,95.83,0.4000000000000057
TiOx_02_Pt,10.1038/s41598-019-44607-3,TiOx,2.128684,0.3281111958478591,0,0,GRADUAL_MULTILEVEL,NOT_REPORTED,absolute,IDEALIZED_SINGLE_PAIR_GRADUAL,IDEALIZED_GRADUAL_MAPPING,256,7,127,0,2,7,203264,10,128,1280,95.81,0.4200000000000017
TiOx_02_Pt,10.1038/s41598-019-44607-3,TiOx,2.128684,0.3281111958478591,0,0,GRADUAL_MULTILEVEL,NOT_REPORTED,absolute,IDEALIZED_SINGLE_PAIR_GRADUAL,IDEALIZED_GRADUAL_MAPPING,64,8,255,0,2,6,203264,56,64,3584,95.76,0.4699999999999988
TiOx_02_Pt,10.1038/s41598-019-44607-3,TiOx,2.128684,0.3281111958478591,0,0,GRADUAL_MULTILEVEL,NOT_REPORTED,absolute,IDEALIZED_SINGLE_PAIR_GRADUAL,IDEALIZED_GRADUAL_MAPPING,64,5,31,0,2,6,203264,56,64,3584,95.67,0.5600000000000023
TiOx_02_Pt,10.1038/s41598-019-44607-3,TiOx,2.128684,0.3281111958478591,0,0,GRADUAL_MULTILEVEL,NOT_REPORTED,absolute,IDEALIZED_SINGLE_PAIR_GRADUAL,IDEALIZED_GRADUAL_MAPPING,16,7,127,0,2,5,203264,800,32,25600,95.57,0.6600000000000108
TiOx_02_Pt,10.1038/s41598-019-44607-3,TiOx,2.128684,0.3281111958478591,0,0,GRADUAL_MULTILEVEL,NOT_REPORTED,absolute,IDEALIZED_SINGLE_PAIR_GRADUAL,IDEALIZED_GRADUAL_MAPPING,64,4,15,0,2,6,203264,56,64,3584,95.47,0.7600000000000051
TiOx_02_Pt,10.1038/s41598-019-44607-3,TiOx,2.128684,0.3281111958478591,0,0,GRADUAL_MULTILEVEL,NOT_REPORTED,absolute,IDEALIZED_SINGLE_PAIR_GRADUAL,IDEALIZED_GRADUAL_MAPPING,16,6,63,0,2,5,203264,800,32,25600,95.46,0.7700000000000102
TiOx_02_Pt,10.1038/s41598-019-44607-3,TiOx,2.128684,0.3281111958478591,0,0,GRADUAL_MULTILEVEL,NOT_REPORTED,absolute,IDEALIZED_SINGLE_PAIR_GRADUAL,IDEALIZED_GRADUAL_MAPPING,16,4,15,0,2,5,203264,800,32,25600,95.44,0.7900000000000063
TiOx_02_Pt,10.1038/s41598-019-44607-3,TiOx,2.128684,0.3281111958478591,0,0,GRADUAL_MULTILEVEL,NOT_REPORTED,absolute,IDEALIZED_SINGLE_PAIR_GRADUAL,IDEALIZED_GRADUAL_MAPPING,16,8,255,0,2,5,203264,800,32,25600,95.42,0.8100000000000023
TiOx_02_Pt,10.1038/s41598-019-44607-3,TiOx,2.128684,0.3281111958478591,0,0,GRADUAL_MULTILEVEL,NOT_REPORTED,absolute,IDEALIZED_SINGLE_PAIR_GRADUAL,IDEALIZED_GRADUAL_MAPPING,32,6,63,0,2,5,203264,208,32,6656,95.26,0.9699999999999988
TiOx_02_Pt,10.1038/s41598-019-44607-3,TiOx,2.128684,0.3281111958478591,0,0,GRADUAL_MULTILEVEL,NOT_REPORTED,absolute,IDEALIZED_SINGLE_PAIR_GRADUAL,IDEALIZED_GRADUAL_MAPPING,32,8,255,0,2,5,203264,208,32,6656,95.26,0.9699999999999988
TiOx_02_Pt,10.1038/s41598-019-44607-3,TiOx,2.128684,0.3281111958478591,0,0,GRADUAL_MULTILEVEL,NOT_REPORTED,absolute,IDEALIZED_SINGLE_PAIR_GRADUAL,IDEALIZED_GRADUAL_MAPPING,16,5,31,0,2,5,203264,800,32,25600,95.18,1.0499999999999972
TiOx_02_Pt,10.1038/s41598-019-44607-3,TiOx,2.128684,0.3281111958478591,0,0,GRADUAL_MULTILEVEL,NOT_REPORTED,absolute,IDEALIZED_SINGLE_PAIR_GRADUAL,IDEALIZED_GRADUAL_MAPPING,32,7,127,0,2,5,203264,208,32,6656,95.15,1.0799999999999983
TiOx_02_Pt,10.1038/s41598-019-44607-3,TiOx,2.128684,0.3281111958478591,0,0,GRADUAL_MULTILEVEL,NOT_REPORTED,absolute,IDEALIZED_SINGLE_PAIR_GRADUAL,IDEALIZED_GRADUAL_MAPPING,32,5,31,0,2,5,203264,208,32,6656,94.98,1.25
TiOx_02_Pt,10.1038/s41598-019-44607-3,TiOx,2.128684,0.3281111958478591,0,0,GRADUAL_MULTILEVEL,NOT_REPORTED,absolute,IDEALIZED_SINGLE_PAIR_GRADUAL,IDEALIZED_GRADUAL_MAPPING,32,4,15,0,2,5,203264,208,32,6656,94.98,1.25
TiOx_02_Pt,10.1038/s41598-019-44607-3,TiOx,2.128684,0.3281111958478591,0,0,GRADUAL_MULTILEVEL,NOT_REPORTED,absolute,IDEALIZED_SINGLE_PAIR_GRADUAL,IDEALIZED_GRADUAL_MAPPING,128,8,255,0,2,6,203264,16,64,1024,94.89,1.3400000000000034
TiOx_02_Pt,10.1038/s41598-019-44607-3,TiOx,2.128684,0.3281111958478591,0,0,GRADUAL_MULTILEVEL,NOT_REPORTED,absolute,IDEALIZED_SINGLE_PAIR_GRADUAL,IDEALIZED_GRADUAL_MAPPING,128,5,31,0,2,6,203264,16,64,1024,94.83,1.4000000000000057
TiOx_02_Pt,10.1038/s41598-019-44607-3,TiOx,2.128684,0.3281111958478591,0,0,GRADUAL_MULTILEVEL,NOT_REPORTED,absolute,IDEALIZED_SINGLE_PAIR_GRADUAL,IDEALIZED_GRADUAL_MAPPING,128,7,127,0,2,6,203264,16,64,1024,94.83,1.4000000000000057
TiOx_02_Pt,10.1038/s41598-019-44607-3,TiOx,2.128684,0.3281111958478591,0,0,GRADUAL_MULTILEVEL,NOT_REPORTED,absolute,IDEALIZED_SINGLE_PAIR_GRADUAL,IDEALIZED_GRADUAL_MAPPING,128,6,63,0,2,6,203264,16,64,1024,94.74,1.490000000000009
TiOx_02_Pt,10.1038/s41598-019-44607-3,TiOx,2.128684,0.3281111958478591,0,0,GRADUAL_MULTILEVEL,NOT_REPORTED,absolute,IDEALIZED_SINGLE_PAIR_GRADUAL,IDEALIZED_GRADUAL_MAPPING,128,4,15,0,2,6,203264,16,64,1024,94.67,1.5600000000000025
TiOx_02_Pt,10.1038/s41598-019-44607-3,TiOx,2.128684,0.3281111958478591,0,0,GRADUAL_MULTILEVEL,NOT_REPORTED,absolute,IDEALIZED_SINGLE_PAIR_GRADUAL,IDEALIZED_GRADUAL_MAPPING,256,4,15,0,2,6,203264,10,64,640,94.41,1.820000000000008
TiOx_02_Pt,10.1038/s41598-019-44607-3,TiOx,2.128684,0.3281111958478591,0,0,GRADUAL_MULTILEVEL,NOT_REPORTED,absolute,IDEALIZED_SINGLE_PAIR_GRADUAL,IDEALIZED_GRADUAL_MAPPING,256,6,63,0,2,6,203264,10,64,640,94.39,1.840000000000004
TiOx_02_Pt,10.1038/s41598-019-44607-3,TiOx,2.128684,0.3281111958478591,0,0,GRADUAL_MULTILEVEL,NOT_REPORTED,absolute,IDEALIZED_SINGLE_PAIR_GRADUAL,IDEALIZED_GRADUAL_MAPPING,256,5,31,0,2,6,203264,10,64,640,94.37,1.86
TiOx_02_Pt,10.1038/s41598-019-44607-3,TiOx,2.128684,0.3281111958478591,0,0,GRADUAL_MULTILEVEL,NOT_REPORTED,absolute,IDEALIZED_SINGLE_PAIR_GRADUAL,IDEALIZED_GRADUAL_MAPPING,256,8,255,0,2,6,203264,10,64,640,94.36,1.8700000000000043
TiOx_02_Pt,10.1038/s41598-019-44607-3,TiOx,2.128684,0.3281111958478591,0,0,GRADUAL_MULTILEVEL,NOT_REPORTED,absolute,IDEALIZED_SINGLE_PAIR_GRADUAL,IDEALIZED_GRADUAL_MAPPING,256,7,127,0,2,6,203264,10,64,640,94.31,1.9200000000000017
TiOx_02_Pt,10.1038/s41598-019-44607-3,TiOx,2.128684,0.3281111958478591,0,0,GRADUAL_MULTILEVEL,NOT_REPORTED,absolute,IDEALIZED_SINGLE_PAIR_GRADUAL,IDEALIZED_GRADUAL_MAPPING,64,6,63,0,2,5,203264,56,32,1792,93.39,2.8400000000000034
TiOx_02_Pt,10.1038/s41598-019-44607-3,TiOx,2.128684,0.3281111958478591,0,0,GRADUAL_MULTILEVEL,NOT_REPORTED,absolute,IDEALIZED_SINGLE_PAIR_GRADUAL,IDEALIZED_GRADUAL_MAPPING,64,4,15,0,2,5,203264,56,32,1792,93.35,2.8800000000000097
TiOx_02_Pt,10.1038/s41598-019-44607-3,TiOx,2.128684,0.3281111958478591,0,0,GRADUAL_MULTILEVEL,NOT_REPORTED,absolute,IDEALIZED_SINGLE_PAIR_GRADUAL,IDEALIZED_GRADUAL_MAPPING,64,8,255,0,2,5,203264,56,32,1792,93.34,2.890000000000001
TiOx_02_Pt,10.1038/s41598-019-44607-3,TiOx,2.128684,0.3281111958478591,0,0,GRADUAL_MULTILEVEL,NOT_REPORTED,absolute,IDEALIZED_SINGLE_PAIR_GRADUAL,IDEALIZED_GRADUAL_MAPPING,64,5,31,0,2,5,203264,56,32,1792,93.14,3.0900000000000034
TiOx_02_Pt,10.1038/s41598-019-44607-3,TiOx,2.128684,0.3281111958478591,0,0,GRADUAL_MULTILEVEL,NOT_REPORTED,absolute,IDEALIZED_SINGLE_PAIR_GRADUAL,IDEALIZED_GRADUAL_MAPPING,64,7,127,0,2,5,203264,56,32,1792,93.07,3.160000000000011
TiOx_02_Pt,10.1038/s41598-019-44607-3,TiOx,2.128684,0.3281111958478591,0,0,GRADUAL_MULTILEVEL,NOT_REPORTED,absolute,IDEALIZED_SINGLE_PAIR_GRADUAL,IDEALIZED_GRADUAL_MAPPING,16,4,15,0,2,4,203264,800,16,12800,92.8,3.430000000000007
TiOx_02_Pt,10.1038/s41598-019-44607-3,TiOx,2.128684,0.3281111958478591,0,0,GRADUAL_MULTILEVEL,NOT_REPORTED,absolute,IDEALIZED_SINGLE_PAIR_GRADUAL,IDEALIZED_GRADUAL_MAPPING,16,8,255,0,2,4,203264,800,16,12800,92.49,3.740000000000009
TiOx_02_Pt,10.1038/s41598-019-44607-3,TiOx,2.128684,0.3281111958478591,0,0,GRADUAL_MULTILEVEL,NOT_REPORTED,absolute,IDEALIZED_SINGLE_PAIR_GRADUAL,IDEALIZED_GRADUAL_MAPPING,16,6,63,0,2,4,203264,800,16,12800,92.42,3.8100000000000014
TiOx_02_Pt,10.1038/s41598-019-44607-3,TiOx,2.128684,0.3281111958478591,0,0,GRADUAL_MULTILEVEL,NOT_REPORTED,absolute,IDEALIZED_SINGLE_PAIR_GRADUAL,IDEALIZED_GRADUAL_MAPPING,256,3,7,0,2,9,203264,10,512,5120,92.33,3.9000000000000057
TiOx_02_Pt,10.1038/s41598-019-44607-3,TiOx,2.128684,0.3281111958478591,0,0,GRADUAL_MULTILEVEL,NOT_REPORTED,absolute,IDEALIZED_SINGLE_PAIR_GRADUAL,IDEALIZED_GRADUAL_MAPPING,128,3,7,0,2,9,203264,16,512,8192,92.31,3.9200000000000017
TiOx_02_Pt,10.1038/s41598-019-44607-3,TiOx,2.128684,0.3281111958478591,0,0,GRADUAL_MULTILEVEL,NOT_REPORTED,absolute,IDEALIZED_SINGLE_PAIR_GRADUAL,IDEALIZED_GRADUAL_MAPPING,256,3,7,0,2,10,203264,10,1024,10240,92.27,3.960000000000008
TiOx_02_Pt,10.1038/s41598-019-44607-3,TiOx,2.128684,0.3281111958478591,0,0,GRADUAL_MULTILEVEL,NOT_REPORTED,absolute,IDEALIZED_SINGLE_PAIR_GRADUAL,IDEALIZED_GRADUAL_MAPPING,16,7,127,0,2,4,203264,800,16,12800,92.27,3.960000000000008
TiOx_02_Pt,10.1038/s41598-019-44607-3,TiOx,2.128684,0.3281111958478591,0,0,GRADUAL_MULTILEVEL,NOT_REPORTED,absolute,IDEALIZED_SINGLE_PAIR_GRADUAL,IDEALIZED_GRADUAL_MAPPING,32,3,7,0,2,9,203264,208,512,106496,92.26,3.969999999999999
TiOx_02_Pt,10.1038/s41598-019-44607-3,TiOx,2.128684,0.3281111958478591,0,0,GRADUAL_MULTILEVEL,NOT_REPORTED,absolute,IDEALIZED_SINGLE_PAIR_GRADUAL,IDEALIZED_GRADUAL_MAPPING,32,3,7,0,2,10,203264,208,1024,212992,92.24,3.990000000000009
TiOx_02_Pt,10.1038/s41598-019-44607-3,TiOx,2.128684,0.3281111958478591,0,0,GRADUAL_MULTILEVEL,NOT_REPORTED,absolute,IDEALIZED_SINGLE_PAIR_GRADUAL,IDEALIZED_GRADUAL_MAPPING,16,3,7,0,2,10,203264,800,1024,819200,92.22,4.010000000000005
TiOx_02_Pt,10.1038/s41598-019-44607-3,TiOx,2.128684,0.3281111958478591,0,0,GRADUAL_MULTILEVEL,NOT_REPORTED,absolute,IDEALIZED_SINGLE_PAIR_GRADUAL,IDEALIZED_GRADUAL_MAPPING,64,3,7,0,2,9,203264,56,512,28672,92.21,4.02000000000001
TiOx_02_Pt,10.1038/s41598-019-44607-3,TiOx,2.128684,0.3281111958478591,0,0,GRADUAL_MULTILEVEL,NOT_REPORTED,absolute,IDEALIZED_SINGLE_PAIR_GRADUAL,IDEALIZED_GRADUAL_MAPPING,16,3,7,0,2,9,203264,800,512,409600,92.21,4.02000000000001
TiOx_02_Pt,10.1038/s41598-019-44607-3,TiOx,2.128684,0.3281111958478591,0,0,GRADUAL_MULTILEVEL,NOT_REPORTED,absolute,IDEALIZED_SINGLE_PAIR_GRADUAL,IDEALIZED_GRADUAL_MAPPING,16,3,7,0,2,7,203264,800,128,102400,92.2,4.030000000000001
TiOx_02_Pt,10.1038/s41598-019-44607-3,TiOx,2.128684,0.3281111958478591,0,0,GRADUAL_MULTILEVEL,NOT_REPORTED,absolute,IDEALIZED_SINGLE_PAIR_GRADUAL,IDEALIZED_GRADUAL_MAPPING,64,3,7,0,2,10,203264,56,1024,57344,92.19,4.040000000000006
TiOx_02_Pt,10.1038/s41598-019-44607-3,TiOx,2.128684,0.3281111958478591,0,0,GRADUAL_MULTILEVEL,NOT_REPORTED,absolute,IDEALIZED_SINGLE_PAIR_GRADUAL,IDEALIZED_GRADUAL_MAPPING,16,5,31,0,2,4,203264,800,16,12800,92.15,4.079999999999998
TiOx_02_Pt,10.1038/s41598-019-44607-3,TiOx,2.128684,0.3281111958478591,0,0,GRADUAL_MULTILEVEL,NOT_REPORTED,absolute,IDEALIZED_SINGLE_PAIR_GRADUAL,IDEALIZED_GRADUAL_MAPPING,128,3,7,0,2,10,203264,16,1024,16384,92.15,4.079999999999998
TiOx_02_Pt,10.1038/s41598-019-44607-3,TiOx,2.128684,0.3281111958478591,0,0,GRADUAL_MULTILEVEL,NOT_REPORTED,absolute,IDEALIZED_SINGLE_PAIR_GRADUAL,IDEALIZED_GRADUAL_MAPPING,64,3,7,0,2,8,203264,56,256,14336,92.14,4.090000000000003
TiOx_02_Pt,10.1038/s41598-019-44607-3,TiOx,2.128684,0.3281111958478591,0,0,GRADUAL_MULTILEVEL,NOT_REPORTED,absolute,IDEALIZED_SINGLE_PAIR_GRADUAL,IDEALIZED_GRADUAL_MAPPING,16,3,7,0,2,8,203264,800,256,204800,92.11,4.1200000000000045
TiOx_02_Pt,10.1038/s41598-019-44607-3,TiOx,2.128684,0.3281111958478591,0,0,GRADUAL_MULTILEVEL,NOT_REPORTED,absolute,IDEALIZED_SINGLE_PAIR_GRADUAL,IDEALIZED_GRADUAL_MAPPING,256,3,7,0,2,8,203264,10,256,2560,92.09,4.140000000000001
TiOx_02_Pt,10.1038/s41598-019-44607-3,TiOx,2.128684,0.3281111958478591,0,0,GRADUAL_MULTILEVEL,NOT_REPORTED,absolute,IDEALIZED_SINGLE_PAIR_GRADUAL,IDEALIZED_GRADUAL_MAPPING,32,3,7,0,2,8,203264,208,256,53248,92.06,4.170000000000002
TiOx_02_Pt,10.1038/s41598-019-44607-3,TiOx,2.128684,0.3281111958478591,0,0,GRADUAL_MULTILEVEL,NOT_REPORTED,absolute,IDEALIZED_SINGLE_PAIR_GRADUAL,IDEALIZED_GRADUAL_MAPPING,128,3,7,0,2,8,203264,16,256,4096,92.06,4.170000000000002
TiOx_02_Pt,10.1038/s41598-019-44607-3,TiOx,2.128684,0.3281111958478591,0,0,GRADUAL_MULTILEVEL,NOT_REPORTED,absolute,IDEALIZED_SINGLE_PAIR_GRADUAL,IDEALIZED_GRADUAL_MAPPING,32,3,7,0,2,7,203264,208,128,26624,91.81,4.420000000000002
TiOx_02_Pt,10.1038/s41598-019-44607-3,TiOx,2.128684,0.3281111958478591,0,0,GRADUAL_MULTILEVEL,NOT_REPORTED,absolute,IDEALIZED_SINGLE_PAIR_GRADUAL,IDEALIZED_GRADUAL_MAPPING,64,3,7,0,2,7,203264,56,128,7168,91.74,4.490000000000009
TiOx_02_Pt,10.1038/s41598-019-44607-3,TiOx,2.128684,0.3281111958478591,0,0,GRADUAL_MULTILEVEL,NOT_REPORTED,absolute,IDEALIZED_SINGLE_PAIR_GRADUAL,IDEALIZED_GRADUAL_MAPPING,128,3,7,0,2,7,203264,16,128,2048,91.71,4.52000000000001
TiOx_02_Pt,10.1038/s41598-019-44607-3,TiOx,2.128684,0.3281111958478591,0,0,GRADUAL_MULTILEVEL,NOT_REPORTED,absolute,IDEALIZED_SINGLE_PAIR_GRADUAL,IDEALIZED_GRADUAL_MAPPING,256,3,7,0,2,7,203264,10,128,1280,91.65,4.579999999999998
TiOx_02_Pt,10.1038/s41598-019-44607-3,TiOx,2.128684,0.3281111958478591,0,0,GRADUAL_MULTILEVEL,NOT_REPORTED,absolute,IDEALIZED_SINGLE_PAIR_GRADUAL,IDEALIZED_GRADUAL_MAPPING,16,3,7,0,2,6,203264,800,64,51200,91.62,4.609999999999999
TiOx_02_Pt,10.1038/s41598-019-44607-3,TiOx,2.128684,0.3281111958478591,0,0,GRADUAL_MULTILEVEL,NOT_REPORTED,absolute,IDEALIZED_SINGLE_PAIR_GRADUAL,IDEALIZED_GRADUAL_MAPPING,32,3,7,0,2,6,203264,208,64,13312,91.42,4.810000000000002
TiOx_02_Pt,10.1038/s41598-019-44607-3,TiOx,2.128684,0.3281111958478591,0,0,GRADUAL_MULTILEVEL,NOT_REPORTED,absolute,IDEALIZED_SINGLE_PAIR_GRADUAL,IDEALIZED_GRADUAL_MAPPING,128,8,255,0,2,5,203264,16,32,512,90.37,5.859999999999999
TiOx_02_Pt,10.1038/s41598-019-44607-3,TiOx,2.128684,0.3281111958478591,0,0,GRADUAL_MULTILEVEL,NOT_REPORTED,absolute,IDEALIZED_SINGLE_PAIR_GRADUAL,IDEALIZED_GRADUAL_MAPPING,32,7,127,0,2,4,203264,208,16,3328,90.33,5.900000000000006
TiOx_02_Pt,10.1038/s41598-019-44607-3,TiOx,2.128684,0.3281111958478591,0,0,GRADUAL_MULTILEVEL,NOT_REPORTED,absolute,IDEALIZED_SINGLE_PAIR_GRADUAL,IDEALIZED_GRADUAL_MAPPING,32,8,255,0,2,4,203264,208,16,3328,90.31,5.920000000000002
TiOx_02_Pt,10.1038/s41598-019-44607-3,TiOx,2.128684,0.3281111958478591,0,0,GRADUAL_MULTILEVEL,NOT_REPORTED,absolute,IDEALIZED_SINGLE_PAIR_GRADUAL,IDEALIZED_GRADUAL_MAPPING,128,6,63,0,2,5,203264,16,32,512,90.25,5.980000000000004
TiOx_02_Pt,10.1038/s41598-019-44607-3,TiOx,2.128684,0.3281111958478591,0,0,GRADUAL_MULTILEVEL,NOT_REPORTED,absolute,IDEALIZED_SINGLE_PAIR_GRADUAL,IDEALIZED_GRADUAL_MAPPING,32,6,63,0,2,4,203264,208,16,3328,90.23,6.0
TiOx_02_Pt,10.1038/s41598-019-44607-3,TiOx,2.128684,0.3281111958478591,0,0,GRADUAL_MULTILEVEL,NOT_REPORTED,absolute,IDEALIZED_SINGLE_PAIR_GRADUAL,IDEALIZED_GRADUAL_MAPPING,128,5,31,0,2,5,203264,16,32,512,90.14,6.090000000000003
TiOx_02_Pt,10.1038/s41598-019-44607-3,TiOx,2.128684,0.3281111958478591,0,0,GRADUAL_MULTILEVEL,NOT_REPORTED,absolute,IDEALIZED_SINGLE_PAIR_GRADUAL,IDEALIZED_GRADUAL_MAPPING,64,3,7,0,2,6,203264,56,64,3584,90.12,6.109999999999999
TiOx_02_Pt,10.1038/s41598-019-44607-3,TiOx,2.128684,0.3281111958478591,0,0,GRADUAL_MULTILEVEL,NOT_REPORTED,absolute,IDEALIZED_SINGLE_PAIR_GRADUAL,IDEALIZED_GRADUAL_MAPPING,32,4,15,0,2,4,203264,208,16,3328,90.11,6.1200000000000045
TiOx_02_Pt,10.1038/s41598-019-44607-3,TiOx,2.128684,0.3281111958478591,0,0,GRADUAL_MULTILEVEL,NOT_REPORTED,absolute,IDEALIZED_SINGLE_PAIR_GRADUAL,IDEALIZED_GRADUAL_MAPPING,128,7,127,0,2,5,203264,16,32,512,90.09,6.140000000000001
TiOx_02_Pt,10.1038/s41598-019-44607-3,TiOx,2.128684,0.3281111958478591,0,0,GRADUAL_MULTILEVEL,NOT_REPORTED,absolute,IDEALIZED_SINGLE_PAIR_GRADUAL,IDEALIZED_GRADUAL_MAPPING,16,3,7,0,2,5,203264,800,32,25600,90.01,6.219999999999999
TiOx_02_Pt,10.1038/s41598-019-44607-3,TiOx,2.128684,0.3281111958478591,0,0,GRADUAL_MULTILEVEL,NOT_REPORTED,absolute,IDEALIZED_SINGLE_PAIR_GRADUAL,IDEALIZED_GRADUAL_MAPPING,128,4,15,0,2,5,203264,16,32,512,89.99,6.240000000000009
TiOx_02_Pt,10.1038/s41598-019-44607-3,TiOx,2.128684,0.3281111958478591,0,0,GRADUAL_MULTILEVEL,NOT_REPORTED,absolute,IDEALIZED_SINGLE_PAIR_GRADUAL,IDEALIZED_GRADUAL_MAPPING,32,5,31,0,2,4,203264,208,16,3328,89.86,6.3700000000000045
TiOx_02_Pt,10.1038/s41598-019-44607-3,TiOx,2.128684,0.3281111958478591,0,0,GRADUAL_MULTILEVEL,NOT_REPORTED,absolute,IDEALIZED_SINGLE_PAIR_GRADUAL,IDEALIZED_GRADUAL_MAPPING,128,3,7,0,2,6,203264,16,64,1024,89.81,6.420000000000002
TiOx_02_Pt,10.1038/s41598-019-44607-3,TiOx,2.128684,0.3281111958478591,0,0,GRADUAL_MULTILEVEL,NOT_REPORTED,absolute,IDEALIZED_SINGLE_PAIR_GRADUAL,IDEALIZED_GRADUAL_MAPPING,256,3,7,0,2,6,203264,10,64,640,89.1,7.13000000000001
TiOx_02_Pt,10.1038/s41598-019-44607-3,TiOx,2.128684,0.3281111958478591,0,0,GRADUAL_MULTILEVEL,NOT_REPORTED,absolute,IDEALIZED_SINGLE_PAIR_GRADUAL,IDEALIZED_GRADUAL_MAPPING,32,3,7,0,2,5,203264,208,32,6656,88.5,7.730000000000004
TiOx_02_Pt,10.1038/s41598-019-44607-3,TiOx,2.128684,0.3281111958478591,0,0,GRADUAL_MULTILEVEL,NOT_REPORTED,absolute,IDEALIZED_SINGLE_PAIR_GRADUAL,IDEALIZED_GRADUAL_MAPPING,256,6,63,0,2,5,203264,10,32,320,87.75,8.480000000000004
TiOx_02_Pt,10.1038/s41598-019-44607-3,TiOx,2.128684,0.3281111958478591,0,0,GRADUAL_MULTILEVEL,NOT_REPORTED,absolute,IDEALIZED_SINGLE_PAIR_GRADUAL,IDEALIZED_GRADUAL_MAPPING,256,8,255,0,2,5,203264,10,32,320,87.57,8.66000000000001
TiOx_02_Pt,10.1038/s41598-019-44607-3,TiOx,2.128684,0.3281111958478591,0,0,GRADUAL_MULTILEVEL,NOT_REPORTED,absolute,IDEALIZED_SINGLE_PAIR_GRADUAL,IDEALIZED_GRADUAL_MAPPING,256,5,31,0,2,5,203264,10,32,320,87.42,8.810000000000002
TiOx_02_Pt,10.1038/s41598-019-44607-3,TiOx,2.128684,0.3281111958478591,0,0,GRADUAL_MULTILEVEL,NOT_REPORTED,absolute,IDEALIZED_SINGLE_PAIR_GRADUAL,IDEALIZED_GRADUAL_MAPPING,256,7,127,0,2,5,203264,10,32,320,87.14,9.090000000000003
TiOx_02_Pt,10.1038/s41598-019-44607-3,TiOx,2.128684,0.3281111958478591,0,0,GRADUAL_MULTILEVEL,NOT_REPORTED,absolute,IDEALIZED_SINGLE_PAIR_GRADUAL,IDEALIZED_GRADUAL_MAPPING,256,4,15,0,2,5,203264,10,32,320,86.69,9.540000000000006
TiOx_02_Pt,10.1038/s41598-019-44607-3,TiOx,2.128684,0.3281111958478591,0,0,GRADUAL_MULTILEVEL,NOT_REPORTED,absolute,IDEALIZED_SINGLE_PAIR_GRADUAL,IDEALIZED_GRADUAL_MAPPING,16,3,7,0,2,4,203264,800,16,12800,85.3,10.930000000000009
TiOx_02_Pt,10.1038/s41598-019-44607-3,TiOx,2.128684,0.3281111958478591,0,0,GRADUAL_MULTILEVEL,NOT_REPORTED,absolute,IDEALIZED_SINGLE_PAIR_GRADUAL,IDEALIZED_GRADUAL_MAPPING,64,3,7,0,2,5,203264,56,32,1792,84.17,12.060000000000002
TiOx_02_Pt,10.1038/s41598-019-44607-3,TiOx,2.128684,0.3281111958478591,0,0,GRADUAL_MULTILEVEL,NOT_REPORTED,absolute,IDEALIZED_SINGLE_PAIR_GRADUAL,IDEALIZED_GRADUAL_MAPPING,64,7,127,0,2,4,203264,56,16,896,82.23,14.0
TiOx_02_Pt,10.1038/s41598-019-44607-3,TiOx,2.128684,0.3281111958478591,0,0,GRADUAL_MULTILEVEL,NOT_REPORTED,absolute,IDEALIZED_SINGLE_PAIR_GRADUAL,IDEALIZED_GRADUAL_MAPPING,64,8,255,0,2,4,203264,56,16,896,82.13,14.100000000000009
TiOx_02_Pt,10.1038/s41598-019-44607-3,TiOx,2.128684,0.3281111958478591,0,0,GRADUAL_MULTILEVEL,NOT_REPORTED,absolute,IDEALIZED_SINGLE_PAIR_GRADUAL,IDEALIZED_GRADUAL_MAPPING,64,6,63,0,2,4,203264,56,16,896,81.83,14.400000000000006
TiOx_02_Pt,10.1038/s41598-019-44607-3,TiOx,2.128684,0.3281111958478591,0,0,GRADUAL_MULTILEVEL,NOT_REPORTED,absolute,IDEALIZED_SINGLE_PAIR_GRADUAL,IDEALIZED_GRADUAL_MAPPING,64,5,31,0,2,4,203264,56,16,896,81.37,14.86
TiOx_02_Pt,10.1038/s41598-019-44607-3,TiOx,2.128684,0.3281111958478591,0,0,GRADUAL_MULTILEVEL,NOT_REPORTED,absolute,IDEALIZED_SINGLE_PAIR_GRADUAL,IDEALIZED_GRADUAL_MAPPING,128,3,7,0,2,5,203264,16,32,512,80.66,15.570000000000007
TiOx_02_Pt,10.1038/s41598-019-44607-3,TiOx,2.128684,0.3281111958478591,0,0,GRADUAL_MULTILEVEL,NOT_REPORTED,absolute,IDEALIZED_SINGLE_PAIR_GRADUAL,IDEALIZED_GRADUAL_MAPPING,64,4,15,0,2,4,203264,56,16,896,80.61,15.620000000000005
TiOx_02_Pt,10.1038/s41598-019-44607-3,TiOx,2.128684,0.3281111958478591,0,0,GRADUAL_MULTILEVEL,NOT_REPORTED,absolute,IDEALIZED_SINGLE_PAIR_GRADUAL,IDEALIZED_GRADUAL_MAPPING,32,3,7,0,2,4,203264,208,16,3328,79.61,16.620000000000005
TiOx_02_Pt,10.1038/s41598-019-44607-3,TiOx,2.128684,0.3281111958478591,0,0,GRADUAL_MULTILEVEL,NOT_REPORTED,absolute,IDEALIZED_SINGLE_PAIR_GRADUAL,IDEALIZED_GRADUAL_MAPPING,256,3,7,0,2,5,203264,10,32,320,75.79,20.44
TiOx_02_Pt,10.1038/s41598-019-44607-3,TiOx,2.128684,0.3281111958478591,0,0,GRADUAL_MULTILEVEL,NOT_REPORTED,absolute,IDEALIZED_SINGLE_PAIR_GRADUAL,IDEALIZED_GRADUAL_MAPPING,64,3,7,0,2,4,203264,56,16,896,71.87,24.36
TiOx_02_Pt,10.1038/s41598-019-44607-3,TiOx,2.128684,0.3281111958478591,0,0,GRADUAL_MULTILEVEL,NOT_REPORTED,absolute,IDEALIZED_SINGLE_PAIR_GRADUAL,IDEALIZED_GRADUAL_MAPPING,128,6,63,0,2,4,203264,16,16,256,64.39,31.840000000000003
TiOx_02_Pt,10.1038/s41598-019-44607-3,TiOx,2.128684,0.3281111958478591,0,0,GRADUAL_MULTILEVEL,NOT_REPORTED,absolute,IDEALIZED_SINGLE_PAIR_GRADUAL,IDEALIZED_GRADUAL_MAPPING,128,5,31,0,2,4,203264,16,16,256,64.05,32.18000000000001
TiOx_02_Pt,10.1038/s41598-019-44607-3,TiOx,2.128684,0.3281111958478591,0,0,GRADUAL_MULTILEVEL,NOT_REPORTED,absolute,IDEALIZED_SINGLE_PAIR_GRADUAL,IDEALIZED_GRADUAL_MAPPING,128,8,255,0,2,4,203264,16,16,256,63.72,32.510000000000005
TiOx_02_Pt,10.1038/s41598-019-44607-3,TiOx,2.128684,0.3281111958478591,0,0,GRADUAL_MULTILEVEL,NOT_REPORTED,absolute,IDEALIZED_SINGLE_PAIR_GRADUAL,IDEALIZED_GRADUAL_MAPPING,128,7,127,0,2,4,203264,16,16,256,63.25,32.980000000000004
TiOx_02_Pt,10.1038/s41598-019-44607-3,TiOx,2.128684,0.3281111958478591,0,0,GRADUAL_MULTILEVEL,NOT_REPORTED,absolute,IDEALIZED_SINGLE_PAIR_GRADUAL,IDEALIZED_GRADUAL_MAPPING,128,4,15,0,2,4,203264,16,16,256,63.24,32.99
TiOx_02_Pt,10.1038/s41598-019-44607-3,TiOx,2.128684,0.3281111958478591,0,0,GRADUAL_MULTILEVEL,NOT_REPORTED,absolute,IDEALIZED_SINGLE_PAIR_GRADUAL,IDEALIZED_GRADUAL_MAPPING,256,5,31,0,2,4,203264,10,16,160,57.18,39.05
TiOx_02_Pt,10.1038/s41598-019-44607-3,TiOx,2.128684,0.3281111958478591,0,0,GRADUAL_MULTILEVEL,NOT_REPORTED,absolute,IDEALIZED_SINGLE_PAIR_GRADUAL,IDEALIZED_GRADUAL_MAPPING,256,6,63,0,2,4,203264,10,16,160,56.24,39.99
TiOx_02_Pt,10.1038/s41598-019-44607-3,TiOx,2.128684,0.3281111958478591,0,0,GRADUAL_MULTILEVEL,NOT_REPORTED,absolute,IDEALIZED_SINGLE_PAIR_GRADUAL,IDEALIZED_GRADUAL_MAPPING,256,4,15,0,2,4,203264,10,16,160,55.95,40.28
TiOx_02_Pt,10.1038/s41598-019-44607-3,TiOx,2.128684,0.3281111958478591,0,0,GRADUAL_MULTILEVEL,NOT_REPORTED,absolute,IDEALIZED_SINGLE_PAIR_GRADUAL,IDEALIZED_GRADUAL_MAPPING,256,8,255,0,2,4,203264,10,16,160,55.63,40.6
TiOx_02_Pt,10.1038/s41598-019-44607-3,TiOx,2.128684,0.3281111958478591,0,0,GRADUAL_MULTILEVEL,NOT_REPORTED,absolute,IDEALIZED_SINGLE_PAIR_GRADUAL,IDEALIZED_GRADUAL_MAPPING,256,7,127,0,2,4,203264,10,16,160,55.55,40.68000000000001
TiOx_02_Pt,10.1038/s41598-019-44607-3,TiOx,2.128684,0.3281111958478591,0,0,GRADUAL_MULTILEVEL,NOT_REPORTED,absolute,IDEALIZED_SINGLE_PAIR_GRADUAL,IDEALIZED_GRADUAL_MAPPING,128,3,7,0,2,4,203264,16,16,256,48.04,48.190000000000005
TiOx_02_Pt,10.1038/s41598-019-44607-3,TiOx,2.128684,0.3281111958478591,0,0,GRADUAL_MULTILEVEL,NOT_REPORTED,absolute,IDEALIZED_SINGLE_PAIR_GRADUAL,IDEALIZED_GRADUAL_MAPPING,256,3,7,0,2,4,203264,10,16,160,44.92,51.31
TiOx_02_Pt,10.1038/s41598-019-44607-3,TiOx,2.128684,0.3281111958478591,0,0,GRADUAL_MULTILEVEL,NOT_REPORTED,absolute,IDEALIZED_SINGLE_PAIR_GRADUAL,IDEALIZED_GRADUAL_MAPPING,16,2,3,0,2,4,203264,800,16,12800,11.44,84.79
TiOx_02_Pt,10.1038/s41598-019-44607-3,TiOx,2.128684,0.3281111958478591,0,0,GRADUAL_MULTILEVEL,NOT_REPORTED,absolute,IDEALIZED_SINGLE_PAIR_GRADUAL,IDEALIZED_GRADUAL_MAPPING,16,2,3,0,2,9,203264,800,512,409600,11.42,84.81
TiOx_02_Pt,10.1038/s41598-019-44607-3,TiOx,2.128684,0.3281111958478591,0,0,GRADUAL_MULTILEVEL,NOT_REPORTED,absolute,IDEALIZED_SINGLE_PAIR_GRADUAL,IDEALIZED_GRADUAL_MAPPING,64,2,3,0,2,9,203264,56,512,28672,11.42,84.81
TiOx_02_Pt,10.1038/s41598-019-44607-3,TiOx,2.128684,0.3281111958478591,0,0,GRADUAL_MULTILEVEL,NOT_REPORTED,absolute,IDEALIZED_SINGLE_PAIR_GRADUAL,IDEALIZED_GRADUAL_MAPPING,128,2,3,0,2,8,203264,16,256,4096,11.4,84.83
TiOx_02_Pt,10.1038/s41598-019-44607-3,TiOx,2.128684,0.3281111958478591,0,0,GRADUAL_MULTILEVEL,NOT_REPORTED,absolute,IDEALIZED_SINGLE_PAIR_GRADUAL,IDEALIZED_GRADUAL_MAPPING,256,2,3,0,2,9,203264,10,512,5120,11.38,84.85000000000001
TiOx_02_Pt,10.1038/s41598-019-44607-3,TiOx,2.128684,0.3281111958478591,0,0,GRADUAL_MULTILEVEL,NOT_REPORTED,absolute,IDEALIZED_SINGLE_PAIR_GRADUAL,IDEALIZED_GRADUAL_MAPPING,16,2,3,0,2,7,203264,800,128,102400,11.37,84.86
TiOx_02_Pt,10.1038/s41598-019-44607-3,TiOx,2.128684,0.3281111958478591,0,0,GRADUAL_MULTILEVEL,NOT_REPORTED,absolute,IDEALIZED_SINGLE_PAIR_GRADUAL,IDEALIZED_GRADUAL_MAPPING,16,2,3,0,2,10,203264,800,1024,819200,11.36,84.87
TiOx_02_Pt,10.1038/s41598-019-44607-3,TiOx,2.128684,0.3281111958478591,0,0,GRADUAL_MULTILEVEL,NOT_REPORTED,absolute,IDEALIZED_SINGLE_PAIR_GRADUAL,IDEALIZED_GRADUAL_MAPPING,128,2,3,0,2,9,203264,16,512,8192,11.36,84.87
TiOx_02_Pt,10.1038/s41598-019-44607-3,TiOx,2.128684,0.3281111958478591,0,0,GRADUAL_MULTILEVEL,NOT_REPORTED,absolute,IDEALIZED_SINGLE_PAIR_GRADUAL,IDEALIZED_GRADUAL_MAPPING,16,2,3,0,2,8,203264,800,256,204800,11.35,84.88000000000001
TiOx_02_Pt,10.1038/s41598-019-44607-3,TiOx,2.128684,0.3281111958478591,0,0,GRADUAL_MULTILEVEL,NOT_REPORTED,absolute,IDEALIZED_SINGLE_PAIR_GRADUAL,IDEALIZED_GRADUAL_MAPPING,256,2,3,0,2,8,203264,10,256,2560,11.26,84.97
TiOx_02_Pt,10.1038/s41598-019-44607-3,TiOx,2.128684,0.3281111958478591,0,0,GRADUAL_MULTILEVEL,NOT_REPORTED,absolute,IDEALIZED_SINGLE_PAIR_GRADUAL,IDEALIZED_GRADUAL_MAPPING,128,2,3,0,2,10,203264,16,1024,16384,11.25,84.98
TiOx_02_Pt,10.1038/s41598-019-44607-3,TiOx,2.128684,0.3281111958478591,0,0,GRADUAL_MULTILEVEL,NOT_REPORTED,absolute,IDEALIZED_SINGLE_PAIR_GRADUAL,IDEALIZED_GRADUAL_MAPPING,256,2,3,0,2,10,203264,10,1024,10240,11.25,84.98
TiOx_02_Pt,10.1038/s41598-019-44607-3,TiOx,2.128684,0.3281111958478591,0,0,GRADUAL_MULTILEVEL,NOT_REPORTED,absolute,IDEALIZED_SINGLE_PAIR_GRADUAL,IDEALIZED_GRADUAL_MAPPING,16,2,3,0,2,6,203264,800,64,51200,11.23,85.0
TiOx_02_Pt,10.1038/s41598-019-44607-3,TiOx,2.128684,0.3281111958478591,0,0,GRADUAL_MULTILEVEL,NOT_REPORTED,absolute,IDEALIZED_SINGLE_PAIR_GRADUAL,IDEALIZED_GRADUAL_MAPPING,32,2,3,0,2,9,203264,208,512,106496,11.18,85.05000000000001
TiOx_02_Pt,10.1038/s41598-019-44607-3,TiOx,2.128684,0.3281111958478591,0,0,GRADUAL_MULTILEVEL,NOT_REPORTED,absolute,IDEALIZED_SINGLE_PAIR_GRADUAL,IDEALIZED_GRADUAL_MAPPING,64,2,3,0,2,10,203264,56,1024,57344,11.13,85.10000000000001
TiOx_02_Pt,10.1038/s41598-019-44607-3,TiOx,2.128684,0.3281111958478591,0,0,GRADUAL_MULTILEVEL,NOT_REPORTED,absolute,IDEALIZED_SINGLE_PAIR_GRADUAL,IDEALIZED_GRADUAL_MAPPING,32,2,3,0,2,10,203264,208,1024,212992,11.12,85.11
TiOx_02_Pt,10.1038/s41598-019-44607-3,TiOx,2.128684,0.3281111958478591,0,0,GRADUAL_MULTILEVEL,NOT_REPORTED,absolute,IDEALIZED_SINGLE_PAIR_GRADUAL,IDEALIZED_GRADUAL_MAPPING,32,2,3,0,2,4,203264,208,16,3328,11.1,85.13000000000001
TiOx_02_Pt,10.1038/s41598-019-44607-3,TiOx,2.128684,0.3281111958478591,0,0,GRADUAL_MULTILEVEL,NOT_REPORTED,absolute,IDEALIZED_SINGLE_PAIR_GRADUAL,IDEALIZED_GRADUAL_MAPPING,32,2,3,0,2,8,203264,208,256,53248,11.1,85.13000000000001
TiOx_02_Pt,10.1038/s41598-019-44607-3,TiOx,2.128684,0.3281111958478591,0,0,GRADUAL_MULTILEVEL,NOT_REPORTED,absolute,IDEALIZED_SINGLE_PAIR_GRADUAL,IDEALIZED_GRADUAL_MAPPING,32,2,3,0,2,7,203264,208,128,26624,11.09,85.14
TiOx_02_Pt,10.1038/s41598-019-44607-3,TiOx,2.128684,0.3281111958478591,0,0,GRADUAL_MULTILEVEL,NOT_REPORTED,absolute,IDEALIZED_SINGLE_PAIR_GRADUAL,IDEALIZED_GRADUAL_MAPPING,64,2,3,0,2,7,203264,56,128,7168,11.04,85.19
TiOx_02_Pt,10.1038/s41598-019-44607-3,TiOx,2.128684,0.3281111958478591,0,0,GRADUAL_MULTILEVEL,NOT_REPORTED,absolute,IDEALIZED_SINGLE_PAIR_GRADUAL,IDEALIZED_GRADUAL_MAPPING,64,2,3,0,2,8,203264,56,256,14336,11.01,85.22
TiOx_02_Pt,10.1038/s41598-019-44607-3,TiOx,2.128684,0.3281111958478591,0,0,GRADUAL_MULTILEVEL,NOT_REPORTED,absolute,IDEALIZED_SINGLE_PAIR_GRADUAL,IDEALIZED_GRADUAL_MAPPING,64,2,3,0,2,6,203264,56,64,3584,10.95,85.28
TiOx_02_Pt,10.1038/s41598-019-44607-3,TiOx,2.128684,0.3281111958478591,0,0,GRADUAL_MULTILEVEL,NOT_REPORTED,absolute,IDEALIZED_SINGLE_PAIR_GRADUAL,IDEALIZED_GRADUAL_MAPPING,32,2,3,0,2,6,203264,208,64,13312,10.9,85.33
TiOx_02_Pt,10.1038/s41598-019-44607-3,TiOx,2.128684,0.3281111958478591,0,0,GRADUAL_MULTILEVEL,NOT_REPORTED,absolute,IDEALIZED_SINGLE_PAIR_GRADUAL,IDEALIZED_GRADUAL_MAPPING,128,2,3,0,2,7,203264,16,128,2048,10.88,85.35000000000001
TiOx_02_Pt,10.1038/s41598-019-44607-3,TiOx,2.128684,0.3281111958478591,0,0,GRADUAL_MULTILEVEL,NOT_REPORTED,absolute,IDEALIZED_SINGLE_PAIR_GRADUAL,IDEALIZED_GRADUAL_MAPPING,16,2,3,0,2,5,203264,800,32,25600,10.79,85.44
TiOx_02_Pt,10.1038/s41598-019-44607-3,TiOx,2.128684,0.3281111958478591,0,0,GRADUAL_MULTILEVEL,NOT_REPORTED,absolute,IDEALIZED_SINGLE_PAIR_GRADUAL,IDEALIZED_GRADUAL_MAPPING,128,2,3,0,2,6,203264,16,64,1024,10.75,85.48
TiOx_02_Pt,10.1038/s41598-019-44607-3,TiOx,2.128684,0.3281111958478591,0,0,GRADUAL_MULTILEVEL,NOT_REPORTED,absolute,IDEALIZED_SINGLE_PAIR_GRADUAL,IDEALIZED_GRADUAL_MAPPING,256,2,3,0,2,7,203264,10,128,1280,10.75,85.48
TiOx_02_Pt,10.1038/s41598-019-44607-3,TiOx,2.128684,0.3281111958478591,0,0,GRADUAL_MULTILEVEL,NOT_REPORTED,absolute,IDEALIZED_SINGLE_PAIR_GRADUAL,IDEALIZED_GRADUAL_MAPPING,32,2,3,0,2,5,203264,208,32,6656,10.48,85.75
TiOx_02_Pt,10.1038/s41598-019-44607-3,TiOx,2.128684,0.3281111958478591,0,0,GRADUAL_MULTILEVEL,NOT_REPORTED,absolute,IDEALIZED_SINGLE_PAIR_GRADUAL,IDEALIZED_GRADUAL_MAPPING,256,2,3,0,2,6,203264,10,64,640,10.18,86.05000000000001
TiOx_02_Pt,10.1038/s41598-019-44607-3,TiOx,2.128684,0.3281111958478591,0,0,GRADUAL_MULTILEVEL,NOT_REPORTED,absolute,IDEALIZED_SINGLE_PAIR_GRADUAL,IDEALIZED_GRADUAL_MAPPING,64,2,3,0,2,4,203264,56,16,896,10.03,86.2
TiOx_02_Pt,10.1038/s41598-019-44607-3,TiOx,2.128684,0.3281111958478591,0,0,GRADUAL_MULTILEVEL,NOT_REPORTED,absolute,IDEALIZED_SINGLE_PAIR_GRADUAL,IDEALIZED_GRADUAL_MAPPING,64,2,3,0,2,5,203264,56,32,1792,9.97,86.26
TiOx_02_Pt,10.1038/s41598-019-44607-3,TiOx,2.128684,0.3281111958478591,0,0,GRADUAL_MULTILEVEL,NOT_REPORTED,absolute,IDEALIZED_SINGLE_PAIR_GRADUAL,IDEALIZED_GRADUAL_MAPPING,128,2,3,0,2,4,203264,16,16,256,9.82,86.41
TiOx_02_Pt,10.1038/s41598-019-44607-3,TiOx,2.128684,0.3281111958478591,0,0,GRADUAL_MULTILEVEL,NOT_REPORTED,absolute,IDEALIZED_SINGLE_PAIR_GRADUAL,IDEALIZED_GRADUAL_MAPPING,128,2,3,0,2,5,203264,16,32,512,9.72,86.51
TiOx_02_Pt,10.1038/s41598-019-44607-3,TiOx,2.128684,0.3281111958478591,0,0,GRADUAL_MULTILEVEL,NOT_REPORTED,absolute,IDEALIZED_SINGLE_PAIR_GRADUAL,IDEALIZED_GRADUAL_MAPPING,256,2,3,0,2,5,203264,10,32,320,9.15,87.08
TiOx_02_Pt,10.1038/s41598-019-44607-3,TiOx,2.128684,0.3281111958478591,0,0,GRADUAL_MULTILEVEL,NOT_REPORTED,absolute,IDEALIZED_SINGLE_PAIR_GRADUAL,IDEALIZED_GRADUAL_MAPPING,256,2,3,0,2,4,203264,10,16,160,9.06,87.17
