held_out_device,held_out_study,held_out_family,method,row_position,crossbar_size,requested_weight_bits,adc_bits,mapping_strategy,cost_proxy,actual_accuracy,predicted_accuracy,is_true_pareto,is_predicted_pareto
HfOx_01,10.1109/TNANO.2024.3485213,HfOx,HARDWARE_ONLY,0,128,6,8,IDEALIZED_SINGLE_PAIR_GRADUAL,4096.0,96.32,95.88984608095822,True,True
HfOx_01,10.1109/TNANO.2024.3485213,HfOx,HARDWARE_ONLY,1,16,6,9,IDEALIZED_SINGLE_PAIR_GRADUAL,409600.0,96.31,96.22400336514984,False,False
HfOx_01,10.1109/TNANO.2024.3485213,HfOx,HARDWARE_ONLY,2,16,6,10,IDEALIZED_SINGLE_PAIR_GRADUAL,819200.0,96.3,96.26882415141176,False,False
HfOx_01,10.1109/TNANO.2024.3485213,HfOx,HARDWARE_ONLY,3,64,6,7,IDEALIZED_SINGLE_PAIR_GRADUAL,7168.0,96.3,95.6326782589322,False,False
HfOx_01,10.1109/TNANO.2024.3485213,HfOx,HARDWARE_ONLY,4,32,6,10,IDEALIZED_SINGLE_PAIR_GRADUAL,212992.0,96.3,96.26161190967763,False,False
HfOx_01,10.1109/TNANO.2024.3485213,HfOx,HARDWARE_ONLY,5,256,6,10,IDEALIZED_SINGLE_PAIR_GRADUAL,10240.0,96.3,96.23232083335417,False,True
HfOx_01,10.1109/TNANO.2024.3485213,HfOx,HARDWARE_ONLY,6,64,8,7,IDEALIZED_SINGLE_PAIR_GRADUAL,7168.0,96.3,95.62287725952571,False,False
HfOx_01,10.1109/TNANO.2024.3485213,HfOx,HARDWARE_ONLY,7,16,6,8,IDEALIZED_SINGLE_PAIR_GRADUAL,204800.0,96.28,96.21449009902835,False,False
HfOx_01,10.1109/TNANO.2024.3485213,HfOx,HARDWARE_ONLY,8,128,6,10,IDEALIZED_SINGLE_PAIR_GRADUAL,16384.0,96.28,96.2384849934404,False,True
HfOx_01,10.1109/TNANO.2024.3485213,HfOx,HARDWARE_ONLY,9,64,7,7,IDEALIZED_SINGLE_PAIR_GRADUAL,7168.0,96.27,95.61415419891081,False,False
HfOx_01,10.1109/TNANO.2024.3485213,HfOx,HARDWARE_ONLY,10,64,6,10,IDEALIZED_SINGLE_PAIR_GRADUAL,57344.0,96.27,96.26986051575675,False,True
HfOx_01,10.1109/TNANO.2024.3485213,HfOx,HARDWARE_ONLY,11,16,8,6,IDEALIZED_SINGLE_PAIR_GRADUAL,51200.0,96.27,95.73142987423522,False,False
HfOx_01,10.1109/TNANO.2024.3485213,HfOx,HARDWARE_ONLY,12,32,6,8,IDEALIZED_SINGLE_PAIR_GRADUAL,53248.0,96.26,96.13665667727483,False,False
HfOx_01,10.1109/TNANO.2024.3485213,HfOx,HARDWARE_ONLY,13,64,6,9,IDEALIZED_SINGLE_PAIR_GRADUAL,28672.0,96.26,96.20622152440053,False,False
HfOx_01,10.1109/TNANO.2024.3485213,HfOx,HARDWARE_ONLY,14,32,6,9,IDEALIZED_SINGLE_PAIR_GRADUAL,106496.0,96.26,96.22658268940037,False,False
HfOx_01,10.1109/TNANO.2024.3485213,HfOx,HARDWARE_ONLY,15,256,8,10,IDEALIZED_SINGLE_PAIR_GRADUAL,10240.0,96.26,96.2127681856024,False,False
HfOx_01,10.1109/TNANO.2024.3485213,HfOx,HARDWARE_ONLY,16,256,8,8,IDEALIZED_SINGLE_PAIR_GRADUAL,2560.0,96.26,95.7553214438617,True,False
HfOx_01,10.1109/TNANO.2024.3485213,HfOx,HARDWARE_ONLY,17,32,8,8,IDEALIZED_SINGLE_PAIR_GRADUAL,53248.0,96.25,96.12134755795184,False,False
HfOx_01,10.1109/TNANO.2024.3485213,HfOx,HARDWARE_ONLY,18,16,8,9,IDEALIZED_SINGLE_PAIR_GRADUAL,409600.0,96.25,96.21635395933485,False,False
HfOx_01,10.1109/TNANO.2024.3485213,HfOx,HARDWARE_ONLY,19,32,7,9,IDEALIZED_SINGLE_PAIR_GRADUAL,106496.0,96.25,96.1924829375249,False,False
HfOx_01,10.1109/TNANO.2024.3485213,HfOx,HARDWARE_ONLY,20,32,8,9,IDEALIZED_SINGLE_PAIR_GRADUAL,106496.0,96.25,96.22461777944766,False,False
HfOx_01,10.1109/TNANO.2024.3485213,HfOx,HARDWARE_ONLY,21,256,6,8,IDEALIZED_SINGLE_PAIR_GRADUAL,2560.0,96.25,95.84151800452976,False,False
HfOx_01,10.1109/TNANO.2024.3485213,HfOx,HARDWARE_ONLY,22,128,6,9,IDEALIZED_SINGLE_PAIR_GRADUAL,8192.0,96.25,96.14993166450382,False,True
HfOx_01,10.1109/TNANO.2024.3485213,HfOx,HARDWARE_ONLY,23,64,8,9,IDEALIZED_SINGLE_PAIR_GRADUAL,28672.0,96.25,96.18192315260403,False,False
HfOx_01,10.1109/TNANO.2024.3485213,HfOx,HARDWARE_ONLY,24,64,7,9,IDEALIZED_SINGLE_PAIR_GRADUAL,28672.0,96.24,96.19577183108223,False,False
HfOx_01,10.1109/TNANO.2024.3485213,HfOx,HARDWARE_ONLY,25,256,7,9,IDEALIZED_SINGLE_PAIR_GRADUAL,5120.0,96.24,96.12487194238078,False,False
HfOx_01,10.1109/TNANO.2024.3485213,HfOx,HARDWARE_ONLY,26,256,6,9,IDEALIZED_SINGLE_PAIR_GRADUAL,5120.0,96.24,96.14284333463448,False,True
HfOx_01,10.1109/TNANO.2024.3485213,HfOx,HARDWARE_ONLY,27,16,8,10,IDEALIZED_SINGLE_PAIR_GRADUAL,819200.0,96.24,96.226618879813,False,False
HfOx_01,10.1109/TNANO.2024.3485213,HfOx,HARDWARE_ONLY,28,16,6,6,IDEALIZED_SINGLE_PAIR_GRADUAL,51200.0,96.24,95.75622207687485,False,False
HfOx_01,10.1109/TNANO.2024.3485213,HfOx,HARDWARE_ONLY,29,32,8,10,IDEALIZED_SINGLE_PAIR_GRADUAL,212992.0,96.24,96.23167082425306,False,False
HfOx_01,10.1109/TNANO.2024.3485213,HfOx,HARDWARE_ONLY,30,32,5,8,IDEALIZED_SINGLE_PAIR_GRADUAL,53248.0,96.23,96.08451253922377,False,False
HfOx_01,10.1109/TNANO.2024.3485213,HfOx,HARDWARE_ONLY,31,16,7,9,IDEALIZED_SINGLE_PAIR_GRADUAL,409600.0,96.23,96.20447745672637,False,False
HfOx_01,10.1109/TNANO.2024.3485213,HfOx,HARDWARE_ONLY,32,32,7,8,IDEALIZED_SINGLE_PAIR_GRADUAL,53248.0,96.23,96.14258410031334,False,False
HfOx_01,10.1109/TNANO.2024.3485213,HfOx,HARDWARE_ONLY,33,64,7,8,IDEALIZED_SINGLE_PAIR_GRADUAL,14336.0,96.23,96.01337389644179,False,False
HfOx_01,10.1109/TNANO.2024.3485213,HfOx,HARDWARE_ONLY,34,128,7,8,IDEALIZED_SINGLE_PAIR_GRADUAL,4096.0,96.23,95.79924210999562,False,False
HfOx_01,10.1109/TNANO.2024.3485213,HfOx,HARDWARE_ONLY,35,256,8,9,IDEALIZED_SINGLE_PAIR_GRADUAL,5120.0,96.22,96.12457585808625,False,False
HfOx_01,10.1109/TNANO.2024.3485213,HfOx,HARDWARE_ONLY,36,64,8,10,IDEALIZED_SINGLE_PAIR_GRADUAL,57344.0,96.22,96.22281690254508,False,False
HfOx_01,10.1109/TNANO.2024.3485213,HfOx,HARDWARE_ONLY,37,32,6,7,IDEALIZED_SINGLE_PAIR_GRADUAL,26624.0,96.22,95.92839466220147,False,False
HfOx_01,10.1109/TNANO.2024.3485213,HfOx,HARDWARE_ONLY,38,256,7,10,IDEALIZED_SINGLE_PAIR_GRADUAL,10240.0,96.22,96.18570445784948,False,False
HfOx_01,10.1109/TNANO.2024.3485213,HfOx,HARDWARE_ONLY,39,128,7,9,IDEALIZED_SINGLE_PAIR_GRADUAL,8192.0,96.22,96.1318751878729,False,False
HfOx_01,10.1109/TNANO.2024.3485213,HfOx,HARDWARE_ONLY,40,256,7,8,IDEALIZED_SINGLE_PAIR_GRADUAL,2560.0,96.22,95.84544444766024,False,True
HfOx_01,10.1109/TNANO.2024.3485213,HfOx,HARDWARE_ONLY,41,16,7,8,IDEALIZED_SINGLE_PAIR_GRADUAL,204800.0,96.22,96.18440060928833,False,False
HfOx_01,10.1109/TNANO.2024.3485213,HfOx,HARDWARE_ONLY,42,16,8,7,IDEALIZED_SINGLE_PAIR_GRADUAL,102400.0,96.22,96.04460467290546,False,False
HfOx_01,10.1109/TNANO.2024.3485213,HfOx,HARDWARE_ONLY,43,16,7,7,IDEALIZED_SINGLE_PAIR_GRADUAL,102400.0,96.22,96.05986807211741,False,False
HfOx_01,10.1109/TNANO.2024.3485213,HfOx,HARDWARE_ONLY,44,16,6,7,IDEALIZED_SINGLE_PAIR_GRADUAL,102400.0,96.22,96.04411795604341,False,False
HfOx_01,10.1109/TNANO.2024.3485213,HfOx,HARDWARE_ONLY,45,128,8,10,IDEALIZED_SINGLE_PAIR_GRADUAL,16384.0,96.21,96.20058792921414,False,False
HfOx_01,10.1109/TNANO.2024.3485213,HfOx,HARDWARE_ONLY,46,32,7,7,IDEALIZED_SINGLE_PAIR_GRADUAL,26624.0,96.21,95.89773307283555,False,False
HfOx_01,10.1109/TNANO.2024.3485213,HfOx,HARDWARE_ONLY,47,16,8,8,IDEALIZED_SINGLE_PAIR_GRADUAL,204800.0,96.21,96.16845938684672,False,False
HfOx_01,10.1109/TNANO.2024.3485213,HfOx,HARDWARE_ONLY,48,16,7,10,IDEALIZED_SINGLE_PAIR_GRADUAL,819200.0,96.21,96.20153237932381,False,False
HfOx_01,10.1109/TNANO.2024.3485213,HfOx,HARDWARE_ONLY,49,64,7,10,IDEALIZED_SINGLE_PAIR_GRADUAL,57344.0,96.21,96.20451957808791,False,False
HfOx_01,10.1109/TNANO.2024.3485213,HfOx,HARDWARE_ONLY,50,128,8,7,IDEALIZED_SINGLE_PAIR_GRADUAL,2048.0,96.21,94.83033910483476,True,True
HfOx_01,10.1109/TNANO.2024.3485213,HfOx,HARDWARE_ONLY,51,64,5,7,IDEALIZED_SINGLE_PAIR_GRADUAL,7168.0,96.21,95.54503984769977,False,False
HfOx_01,10.1109/TNANO.2024.3485213,HfOx,HARDWARE_ONLY,52,64,6,8,IDEALIZED_SINGLE_PAIR_GRADUAL,14336.0,96.21,96.05285180166452,False,False
HfOx_01,10.1109/TNANO.2024.3485213,HfOx,HARDWARE_ONLY,53,32,7,10,IDEALIZED_SINGLE_PAIR_GRADUAL,212992.0,96.2,96.21977477141505,False,False
HfOx_01,10.1109/TNANO.2024.3485213,HfOx,HARDWARE_ONLY,54,16,5,7,IDEALIZED_SINGLE_PAIR_GRADUAL,102400.0,96.2,95.9568437460906,False,False
HfOx_01,10.1109/TNANO.2024.3485213,HfOx,HARDWARE_ONLY,55,128,7,10,IDEALIZED_SINGLE_PAIR_GRADUAL,16384.0,96.2,96.20127424887181,False,False
HfOx_01,10.1109/TNANO.2024.3485213,HfOx,HARDWARE_ONLY,56,128,8,8,IDEALIZED_SINGLE_PAIR_GRADUAL,4096.0,96.2,95.78647425061054,False,False
HfOx_01,10.1109/TNANO.2024.3485213,HfOx,HARDWARE_ONLY,57,32,5,7,IDEALIZED_SINGLE_PAIR_GRADUAL,26624.0,96.2,95.85402941359777,False,False
HfOx_01,10.1109/TNANO.2024.3485213,HfOx,HARDWARE_ONLY,58,64,5,8,IDEALIZED_SINGLE_PAIR_GRADUAL,14336.0,96.19,95.97429057600287,False,False
HfOx_01,10.1109/TNANO.2024.3485213,HfOx,HARDWARE_ONLY,59,256,7,7,IDEALIZED_SINGLE_PAIR_GRADUAL,1280.0,96.19,93.83696244217546,True,False
HfOx_01,10.1109/TNANO.2024.3485213,HfOx,HARDWARE_ONLY,60,16,6,5,IDEALIZED_SINGLE_PAIR_GRADUAL,25600.0,96.19,91.18317782358658,False,False
HfOx_01,10.1109/TNANO.2024.3485213,HfOx,HARDWARE_ONLY,61,128,8,9,IDEALIZED_SINGLE_PAIR_GRADUAL,8192.0,96.19,96.13848714701467,False,False
HfOx_01,10.1109/TNANO.2024.3485213,HfOx,HARDWARE_ONLY,62,16,7,6,IDEALIZED_SINGLE_PAIR_GRADUAL,51200.0,96.18,95.73941888756895,False,False
HfOx_01,10.1109/TNANO.2024.3485213,HfOx,HARDWARE_ONLY,63,16,8,5,IDEALIZED_SINGLE_PAIR_GRADUAL,25600.0,96.17,91.13921914898984,False,False
HfOx_01,10.1109/TNANO.2024.3485213,HfOx,HARDWARE_ONLY,64,16,5,9,IDEALIZED_SINGLE_PAIR_GRADUAL,409600.0,96.17,96.14991050483336,False,False
HfOx_01,10.1109/TNANO.2024.3485213,HfOx,HARDWARE_ONLY,65,64,8,8,IDEALIZED_SINGLE_PAIR_GRADUAL,14336.0,96.17,96.04698655934587,False,False
HfOx_01,10.1109/TNANO.2024.3485213,HfOx,HARDWARE_ONLY,66,128,5,8,IDEALIZED_SINGLE_PAIR_GRADUAL,4096.0,96.17,95.78486600402127,False,False
HfOx_01,10.1109/TNANO.2024.3485213,HfOx,HARDWARE_ONLY,67,128,6,7,IDEALIZED_SINGLE_PAIR_GRADUAL,2048.0,96.17,94.77582577820314,False,False
HfOx_01,10.1109/TNANO.2024.3485213,HfOx,HARDWARE_ONLY,68,32,5,9,IDEALIZED_SINGLE_PAIR_GRADUAL,106496.0,96.16,96.10971583113356,False,False
HfOx_01,10.1109/TNANO.2024.3485213,HfOx,HARDWARE_ONLY,69,64,5,10,IDEALIZED_SINGLE_PAIR_GRADUAL,57344.0,96.16,96.15626685159296,False,False
HfOx_01,10.1109/TNANO.2024.3485213,HfOx,HARDWARE_ONLY,70,128,5,9,IDEALIZED_SINGLE_PAIR_GRADUAL,8192.0,96.15,96.09324626976611,False,False
HfOx_01,10.1109/TNANO.2024.3485213,HfOx,HARDWARE_ONLY,71,128,7,7,IDEALIZED_SINGLE_PAIR_GRADUAL,2048.0,96.15,94.66454217082436,False,False
HfOx_01,10.1109/TNANO.2024.3485213,HfOx,HARDWARE_ONLY,72,256,6,7,IDEALIZED_SINGLE_PAIR_GRADUAL,1280.0,96.15,93.89705996280482,False,True
HfOx_01,10.1109/TNANO.2024.3485213,HfOx,HARDWARE_ONLY,73,256,5,10,IDEALIZED_SINGLE_PAIR_GRADUAL,10240.0,96.14,96.13462882074212,False,False
HfOx_01,10.1109/TNANO.2024.3485213,HfOx,HARDWARE_ONLY,74,256,8,7,IDEALIZED_SINGLE_PAIR_GRADUAL,1280.0,96.14,93.81459834618812,False,False
HfOx_01,10.1109/TNANO.2024.3485213,HfOx,HARDWARE_ONLY,75,256,5,9,IDEALIZED_SINGLE_PAIR_GRADUAL,5120.0,96.14,96.08209719745213,False,False
HfOx_01,10.1109/TNANO.2024.3485213,HfOx,HARDWARE_ONLY,76,128,5,7,IDEALIZED_SINGLE_PAIR_GRADUAL,2048.0,96.14,94.68979801640032,False,False
HfOx_01,10.1109/TNANO.2024.3485213,HfOx,HARDWARE_ONLY,77,16,7,5,IDEALIZED_SINGLE_PAIR_GRADUAL,25600.0,96.13,91.28598858286163,False,False
HfOx_01,10.1109/TNANO.2024.3485213,HfOx,HARDWARE_ONLY,78,32,8,6,IDEALIZED_SINGLE_PAIR_GRADUAL,13312.0,96.13,95.22301661799546,False,False
HfOx_01,10.1109/TNANO.2024.3485213,HfOx,HARDWARE_ONLY,79,64,5,9,IDEALIZED_SINGLE_PAIR_GRADUAL,28672.0,96.13,96.13141538137312,False,False
HfOx_01,10.1109/TNANO.2024.3485213,HfOx,HARDWARE_ONLY,80,256,5,8,IDEALIZED_SINGLE_PAIR_GRADUAL,2560.0,96.13,95.61169935010707,False,False
HfOx_01,10.1109/TNANO.2024.3485213,HfOx,HARDWARE_ONLY,81,32,5,6,IDEALIZED_SINGLE_PAIR_GRADUAL,13312.0,96.13,95.11831027231106,False,False
HfOx_01,10.1109/TNANO.2024.3485213,HfOx,HARDWARE_ONLY,82,32,5,10,IDEALIZED_SINGLE_PAIR_GRADUAL,212992.0,96.13,96.14122150960654,False,False
HfOx_01,10.1109/TNANO.2024.3485213,HfOx,HARDWARE_ONLY,83,32,6,6,IDEALIZED_SINGLE_PAIR_GRADUAL,13312.0,96.13,95.33525075353907,False,False
HfOx_01,10.1109/TNANO.2024.3485213,HfOx,HARDWARE_ONLY,84,32,8,7,IDEALIZED_SINGLE_PAIR_GRADUAL,26624.0,96.13,95.92362267188005,False,False
HfOx_01,10.1109/TNANO.2024.3485213,HfOx,HARDWARE_ONLY,85,16,5,8,IDEALIZED_SINGLE_PAIR_GRADUAL,204800.0,96.13,96.12201987501702,False,False
HfOx_01,10.1109/TNANO.2024.3485213,HfOx,HARDWARE_ONLY,86,128,5,10,IDEALIZED_SINGLE_PAIR_GRADUAL,16384.0,96.12,96.1412252840889,False,False
HfOx_01,10.1109/TNANO.2024.3485213,HfOx,HARDWARE_ONLY,87,32,4,7,IDEALIZED_SINGLE_PAIR_GRADUAL,26624.0,96.12,95.80512352159025,False,False
HfOx_01,10.1109/TNANO.2024.3485213,HfOx,HARDWARE_ONLY,88,64,4,9,IDEALIZED_SINGLE_PAIR_GRADUAL,28672.0,96.11,96.05440773142422,False,False
HfOx_01,10.1109/TNANO.2024.3485213,HfOx,HARDWARE_ONLY,89,16,4,7,IDEALIZED_SINGLE_PAIR_GRADUAL,102400.0,96.11,95.9340145137804,False,False
HfOx_01,10.1109/TNANO.2024.3485213,HfOx,HARDWARE_ONLY,90,32,7,6,IDEALIZED_SINGLE_PAIR_GRADUAL,13312.0,96.11,95.3024765903819,False,False
HfOx_01,10.1109/TNANO.2024.3485213,HfOx,HARDWARE_ONLY,91,16,5,10,IDEALIZED_SINGLE_PAIR_GRADUAL,819200.0,96.1,96.13656349442364,False,False
HfOx_01,10.1109/TNANO.2024.3485213,HfOx,HARDWARE_ONLY,92,64,6,6,IDEALIZED_SINGLE_PAIR_GRADUAL,3584.0,96.1,94.24752793649803,False,False
HfOx_01,10.1109/TNANO.2024.3485213,HfOx,HARDWARE_ONLY,93,256,4,8,IDEALIZED_SINGLE_PAIR_GRADUAL,2560.0,96.1,95.67222208931284,False,False
HfOx_01,10.1109/TNANO.2024.3485213,HfOx,HARDWARE_ONLY,94,256,5,7,IDEALIZED_SINGLE_PAIR_GRADUAL,1280.0,96.1,93.57985363315946,False,False
HfOx_01,10.1109/TNANO.2024.3485213,HfOx,HARDWARE_ONLY,95,64,8,6,IDEALIZED_SINGLE_PAIR_GRADUAL,3584.0,96.1,94.25308693066894,False,False
HfOx_01,10.1109/TNANO.2024.3485213,HfOx,HARDWARE_ONLY,96,128,4,7,IDEALIZED_SINGLE_PAIR_GRADUAL,2048.0,96.08,94.61501880394113,False,False
HfOx_01,10.1109/TNANO.2024.3485213,HfOx,HARDWARE_ONLY,97,16,4,9,IDEALIZED_SINGLE_PAIR_GRADUAL,409600.0,96.08,96.05839014509506,False,False
HfOx_01,10.1109/TNANO.2024.3485213,HfOx,HARDWARE_ONLY,98,16,5,6,IDEALIZED_SINGLE_PAIR_GRADUAL,51200.0,96.08,95.66885561285768,False,False
HfOx_01,10.1109/TNANO.2024.3485213,HfOx,HARDWARE_ONLY,99,128,4,8,IDEALIZED_SINGLE_PAIR_GRADUAL,4096.0,96.08,95.70577370080389,False,False
HfOx_01,10.1109/TNANO.2024.3485213,HfOx,HARDWARE_ONLY,100,256,4,9,IDEALIZED_SINGLE_PAIR_GRADUAL,5120.0,96.07,95.9761601721399,False,False
HfOx_01,10.1109/TNANO.2024.3485213,HfOx,HARDWARE_ONLY,101,32,4,8,IDEALIZED_SINGLE_PAIR_GRADUAL,53248.0,96.07,95.98508900681668,False,False
HfOx_01,10.1109/TNANO.2024.3485213,HfOx,HARDWARE_ONLY,102,16,4,8,IDEALIZED_SINGLE_PAIR_GRADUAL,204800.0,96.07,96.0569099654338,False,False
HfOx_01,10.1109/TNANO.2024.3485213,HfOx,HARDWARE_ONLY,103,32,4,10,IDEALIZED_SINGLE_PAIR_GRADUAL,212992.0,96.07,96.06420257534964,False,False
HfOx_01,10.1109/TNANO.2024.3485213,HfOx,HARDWARE_ONLY,104,256,4,10,IDEALIZED_SINGLE_PAIR_GRADUAL,10240.0,96.06,96.04717040319869,False,False
HfOx_01,10.1109/TNANO.2024.3485213,HfOx,HARDWARE_ONLY,105,32,8,5,IDEALIZED_SINGLE_PAIR_GRADUAL,6656.0,96.06,89.40257753143842,False,False
HfOx_01,10.1109/TNANO.2024.3485213,HfOx,HARDWARE_ONLY,106,128,4,9,IDEALIZED_SINGLE_PAIR_GRADUAL,8192.0,96.06,95.99693622075624,False,False
HfOx_01,10.1109/TNANO.2024.3485213,HfOx,HARDWARE_ONLY,107,64,5,6,IDEALIZED_SINGLE_PAIR_GRADUAL,3584.0,96.06,94.2728938209977,False,False
HfOx_01,10.1109/TNANO.2024.3485213,HfOx,HARDWARE_ONLY,108,64,4,10,IDEALIZED_SINGLE_PAIR_GRADUAL,57344.0,96.06,96.05628515066138,False,False
HfOx_01,10.1109/TNANO.2024.3485213,HfOx,HARDWARE_ONLY,109,16,4,10,IDEALIZED_SINGLE_PAIR_GRADUAL,819200.0,96.06,96.07603847788799,False,False
HfOx_01,10.1109/TNANO.2024.3485213,HfOx,HARDWARE_ONLY,110,256,4,7,IDEALIZED_SINGLE_PAIR_GRADUAL,1280.0,96.05,93.55037599521556,False,False
HfOx_01,10.1109/TNANO.2024.3485213,HfOx,HARDWARE_ONLY,111,128,4,10,IDEALIZED_SINGLE_PAIR_GRADUAL,16384.0,96.05,96.0608351406976,False,False
HfOx_01,10.1109/TNANO.2024.3485213,HfOx,HARDWARE_ONLY,112,64,7,6,IDEALIZED_SINGLE_PAIR_GRADUAL,3584.0,96.04,94.15823327757708,False,False
HfOx_01,10.1109/TNANO.2024.3485213,HfOx,HARDWARE_ONLY,113,32,4,9,IDEALIZED_SINGLE_PAIR_GRADUAL,106496.0,96.04,96.06922851692777,False,False
HfOx_01,10.1109/TNANO.2024.3485213,HfOx,HARDWARE_ONLY,114,64,4,7,IDEALIZED_SINGLE_PAIR_GRADUAL,7168.0,96.04,95.42073953134415,False,False
HfOx_01,10.1109/TNANO.2024.3485213,HfOx,HARDWARE_ONLY,115,64,4,8,IDEALIZED_SINGLE_PAIR_GRADUAL,14336.0,96.03,95.91029115282265,False,False
HfOx_01,10.1109/TNANO.2024.3485213,HfOx,HARDWARE_ONLY,116,16,4,6,IDEALIZED_SINGLE_PAIR_GRADUAL,51200.0,96.0,95.5453838033258,False,False
HfOx_01,10.1109/TNANO.2024.3485213,HfOx,HARDWARE_ONLY,117,16,5,5,IDEALIZED_SINGLE_PAIR_GRADUAL,25600.0,95.96,91.55251786484091,False,False
HfOx_01,10.1109/TNANO.2024.3485213,HfOx,HARDWARE_ONLY,118,32,4,6,IDEALIZED_SINGLE_PAIR_GRADUAL,13312.0,95.94,95.26780957754835,False,False
HfOx_01,10.1109/TNANO.2024.3485213,HfOx,HARDWARE_ONLY,119,128,6,6,IDEALIZED_SINGLE_PAIR_GRADUAL,1024.0,95.87,91.61032231248979,True,False
HfOx_01,10.1109/TNANO.2024.3485213,HfOx,HARDWARE_ONLY,120,128,7,6,IDEALIZED_SINGLE_PAIR_GRADUAL,1024.0,95.86,91.57038930842187,False,False
HfOx_01,10.1109/TNANO.2024.3485213,HfOx,HARDWARE_ONLY,121,256,7,6,IDEALIZED_SINGLE_PAIR_GRADUAL,640.0,95.86,91.07668643505146,True,False
HfOx_01,10.1109/TNANO.2024.3485213,HfOx,HARDWARE_ONLY,122,32,7,5,IDEALIZED_SINGLE_PAIR_GRADUAL,6656.0,95.85,90.28551462770078,False,False
HfOx_01,10.1109/TNANO.2024.3485213,HfOx,HARDWARE_ONLY,123,64,4,6,IDEALIZED_SINGLE_PAIR_GRADUAL,3584.0,95.84,94.2838720941972,False,False
HfOx_01,10.1109/TNANO.2024.3485213,HfOx,HARDWARE_ONLY,124,128,8,6,IDEALIZED_SINGLE_PAIR_GRADUAL,1024.0,95.84,91.59140246028973,False,False
HfOx_01,10.1109/TNANO.2024.3485213,HfOx,HARDWARE_ONLY,125,256,6,6,IDEALIZED_SINGLE_PAIR_GRADUAL,640.0,95.83,90.83024786111436,False,False
HfOx_01,10.1109/TNANO.2024.3485213,HfOx,HARDWARE_ONLY,126,16,4,5,IDEALIZED_SINGLE_PAIR_GRADUAL,25600.0,95.83,92.06403639430987,False,False
HfOx_01,10.1109/TNANO.2024.3485213,HfOx,HARDWARE_ONLY,127,32,5,5,IDEALIZED_SINGLE_PAIR_GRADUAL,6656.0,95.82,89.68657051715122,False,False
HfOx_01,10.1109/TNANO.2024.3485213,HfOx,HARDWARE_ONLY,128,256,8,6,IDEALIZED_SINGLE_PAIR_GRADUAL,640.0,95.81,91.29954729910148,False,True
HfOx_01,10.1109/TNANO.2024.3485213,HfOx,HARDWARE_ONLY,129,256,4,6,IDEALIZED_SINGLE_PAIR_GRADUAL,640.0,95.8,90.69102032283689,False,False
HfOx_01,10.1109/TNANO.2024.3485213,HfOx,HARDWARE_ONLY,130,32,6,5,IDEALIZED_SINGLE_PAIR_GRADUAL,6656.0,95.8,89.42493957629256,False,False
HfOx_01,10.1109/TNANO.2024.3485213,HfOx,HARDWARE_ONLY,131,128,4,6,IDEALIZED_SINGLE_PAIR_GRADUAL,1024.0,95.78,91.76437412115864,False,True
HfOx_01,10.1109/TNANO.2024.3485213,HfOx,HARDWARE_ONLY,132,32,4,5,IDEALIZED_SINGLE_PAIR_GRADUAL,6656.0,95.72,89.8163188899774,False,False
HfOx_01,10.1109/TNANO.2024.3485213,HfOx,HARDWARE_ONLY,133,128,5,6,IDEALIZED_SINGLE_PAIR_GRADUAL,1024.0,95.66,91.75063925133327,False,False
HfOx_01,10.1109/TNANO.2024.3485213,HfOx,HARDWARE_ONLY,134,256,5,6,IDEALIZED_SINGLE_PAIR_GRADUAL,640.0,95.64,90.97157821637506,False,False
HfOx_01,10.1109/TNANO.2024.3485213,HfOx,HARDWARE_ONLY,135,64,8,5,IDEALIZED_SINGLE_PAIR_GRADUAL,1792.0,95.61,87.87080044040272,False,False
HfOx_01,10.1109/TNANO.2024.3485213,HfOx,HARDWARE_ONLY,136,64,5,5,IDEALIZED_SINGLE_PAIR_GRADUAL,1792.0,95.53,87.35770522274456,False,False
HfOx_01,10.1109/TNANO.2024.3485213,HfOx,HARDWARE_ONLY,137,64,7,5,IDEALIZED_SINGLE_PAIR_GRADUAL,1792.0,95.53,87.69058076189008,False,False
HfOx_01,10.1109/TNANO.2024.3485213,HfOx,HARDWARE_ONLY,138,64,6,5,IDEALIZED_SINGLE_PAIR_GRADUAL,1792.0,95.5,87.0983681889504,False,False
HfOx_01,10.1109/TNANO.2024.3485213,HfOx,HARDWARE_ONLY,139,64,4,5,IDEALIZED_SINGLE_PAIR_GRADUAL,1792.0,95.38,86.86585305930814,False,False
HfOx_01,10.1109/TNANO.2024.3485213,HfOx,HARDWARE_ONLY,140,16,8,4,IDEALIZED_SINGLE_PAIR_GRADUAL,12800.0,95.35,83.13158076941069,False,False
HfOx_01,10.1109/TNANO.2024.3485213,HfOx,HARDWARE_ONLY,141,16,5,4,IDEALIZED_SINGLE_PAIR_GRADUAL,12800.0,95.33,82.63815576426512,False,False
HfOx_01,10.1109/TNANO.2024.3485213,HfOx,HARDWARE_ONLY,142,16,6,4,IDEALIZED_SINGLE_PAIR_GRADUAL,12800.0,95.31,82.96455567112781,False,False
HfOx_01,10.1109/TNANO.2024.3485213,HfOx,HARDWARE_ONLY,143,16,4,4,IDEALIZED_SINGLE_PAIR_GRADUAL,12800.0,95.18,82.90880642842446,False,False
HfOx_01,10.1109/TNANO.2024.3485213,HfOx,HARDWARE_ONLY,144,16,7,4,IDEALIZED_SINGLE_PAIR_GRADUAL,12800.0,95.16,84.06751947338765,False,False
HfOx_01,10.1109/TNANO.2024.3485213,HfOx,HARDWARE_ONLY,145,128,6,5,IDEALIZED_SINGLE_PAIR_GRADUAL,512.0,94.55,82.83743691744709,True,False
HfOx_01,10.1109/TNANO.2024.3485213,HfOx,HARDWARE_ONLY,146,128,4,5,IDEALIZED_SINGLE_PAIR_GRADUAL,512.0,94.47,83.06519206231678,False,True
HfOx_01,10.1109/TNANO.2024.3485213,HfOx,HARDWARE_ONLY,147,128,7,5,IDEALIZED_SINGLE_PAIR_GRADUAL,512.0,94.43,81.84892530927732,False,False
HfOx_01,10.1109/TNANO.2024.3485213,HfOx,HARDWARE_ONLY,148,128,8,5,IDEALIZED_SINGLE_PAIR_GRADUAL,512.0,94.36,82.65611681453353,False,False
HfOx_01,10.1109/TNANO.2024.3485213,HfOx,HARDWARE_ONLY,149,128,5,5,IDEALIZED_SINGLE_PAIR_GRADUAL,512.0,94.33,82.09528629888901,False,False
HfOx_01,10.1109/TNANO.2024.3485213,HfOx,HARDWARE_ONLY,150,256,8,5,IDEALIZED_SINGLE_PAIR_GRADUAL,320.0,94.11,82.00943433565195,True,True
HfOx_01,10.1109/TNANO.2024.3485213,HfOx,HARDWARE_ONLY,151,32,6,4,IDEALIZED_SINGLE_PAIR_GRADUAL,3328.0,94.08,80.28095969865264,False,False
HfOx_01,10.1109/TNANO.2024.3485213,HfOx,HARDWARE_ONLY,152,256,6,5,IDEALIZED_SINGLE_PAIR_GRADUAL,320.0,94.07,81.8116967196022,False,False
HfOx_01,10.1109/TNANO.2024.3485213,HfOx,HARDWARE_ONLY,153,256,7,5,IDEALIZED_SINGLE_PAIR_GRADUAL,320.0,94.02,81.22448148156585,False,False
HfOx_01,10.1109/TNANO.2024.3485213,HfOx,HARDWARE_ONLY,154,32,7,4,IDEALIZED_SINGLE_PAIR_GRADUAL,3328.0,93.95,79.67582460426982,False,False
HfOx_01,10.1109/TNANO.2024.3485213,HfOx,HARDWARE_ONLY,155,32,8,4,IDEALIZED_SINGLE_PAIR_GRADUAL,3328.0,93.93,81.45644616491775,False,False
HfOx_01,10.1109/TNANO.2024.3485213,HfOx,HARDWARE_ONLY,156,32,4,4,IDEALIZED_SINGLE_PAIR_GRADUAL,3328.0,93.82,80.27729374037078,False,False
HfOx_01,10.1109/TNANO.2024.3485213,HfOx,HARDWARE_ONLY,157,32,5,4,IDEALIZED_SINGLE_PAIR_GRADUAL,3328.0,93.81,80.7450285256525,False,False
HfOx_01,10.1109/TNANO.2024.3485213,HfOx,HARDWARE_ONLY,158,256,4,5,IDEALIZED_SINGLE_PAIR_GRADUAL,320.0,93.7,81.79382352424693,False,False
HfOx_01,10.1109/TNANO.2024.3485213,HfOx,HARDWARE_ONLY,159,256,5,5,IDEALIZED_SINGLE_PAIR_GRADUAL,320.0,93.6,81.21590884564453,False,False
HfOx_01,10.1109/TNANO.2024.3485213,HfOx,HARDWARE_ONLY,160,256,3,10,IDEALIZED_SINGLE_PAIR_GRADUAL,10240.0,92.25,92.21206517620635,False,False
HfOx_01,10.1109/TNANO.2024.3485213,HfOx,HARDWARE_ONLY,161,16,3,8,IDEALIZED_SINGLE_PAIR_GRADUAL,204800.0,92.23,92.08089539778692,False,False
HfOx_01,10.1109/TNANO.2024.3485213,HfOx,HARDWARE_ONLY,162,64,3,9,IDEALIZED_SINGLE_PAIR_GRADUAL,28672.0,92.23,92.09201395197279,False,False
HfOx_01,10.1109/TNANO.2024.3485213,HfOx,HARDWARE_ONLY,163,256,3,8,IDEALIZED_SINGLE_PAIR_GRADUAL,2560.0,92.23,91.6731826644491,False,False
HfOx_01,10.1109/TNANO.2024.3485213,HfOx,HARDWARE_ONLY,164,64,3,10,IDEALIZED_SINGLE_PAIR_GRADUAL,57344.0,92.22,92.19833845627741,False,False
HfOx_01,10.1109/TNANO.2024.3485213,HfOx,HARDWARE_ONLY,165,128,3,10,IDEALIZED_SINGLE_PAIR_GRADUAL,16384.0,92.21,92.18083660219185,False,False
HfOx_01,10.1109/TNANO.2024.3485213,HfOx,HARDWARE_ONLY,166,32,3,10,IDEALIZED_SINGLE_PAIR_GRADUAL,212992.0,92.21,92.224960890718,False,False
HfOx_01,10.1109/TNANO.2024.3485213,HfOx,HARDWARE_ONLY,167,32,3,9,IDEALIZED_SINGLE_PAIR_GRADUAL,106496.0,92.21,92.15759991061668,False,False
HfOx_01,10.1109/TNANO.2024.3485213,HfOx,HARDWARE_ONLY,168,16,3,10,IDEALIZED_SINGLE_PAIR_GRADUAL,819200.0,92.21,92.22655710711179,False,False
HfOx_01,10.1109/TNANO.2024.3485213,HfOx,HARDWARE_ONLY,169,128,3,9,IDEALIZED_SINGLE_PAIR_GRADUAL,8192.0,92.2,92.09291188201833,False,False
HfOx_01,10.1109/TNANO.2024.3485213,HfOx,HARDWARE_ONLY,170,32,3,7,IDEALIZED_SINGLE_PAIR_GRADUAL,26624.0,92.19,91.33525111184252,False,False
HfOx_01,10.1109/TNANO.2024.3485213,HfOx,HARDWARE_ONLY,171,16,3,9,IDEALIZED_SINGLE_PAIR_GRADUAL,409600.0,92.19,92.20256175432935,False,False
HfOx_01,10.1109/TNANO.2024.3485213,HfOx,HARDWARE_ONLY,172,32,3,8,IDEALIZED_SINGLE_PAIR_GRADUAL,53248.0,92.19,92.05915923077097,False,False
HfOx_01,10.1109/TNANO.2024.3485213,HfOx,HARDWARE_ONLY,173,128,3,8,IDEALIZED_SINGLE_PAIR_GRADUAL,4096.0,92.19,91.80960316364776,False,False
HfOx_01,10.1109/TNANO.2024.3485213,HfOx,HARDWARE_ONLY,174,256,3,7,IDEALIZED_SINGLE_PAIR_GRADUAL,1280.0,92.18,88.77208386706418,False,False
HfOx_01,10.1109/TNANO.2024.3485213,HfOx,HARDWARE_ONLY,175,256,3,9,IDEALIZED_SINGLE_PAIR_GRADUAL,5120.0,92.17,92.11452659024307,False,False
HfOx_01,10.1109/TNANO.2024.3485213,HfOx,HARDWARE_ONLY,176,64,3,8,IDEALIZED_SINGLE_PAIR_GRADUAL,14336.0,92.17,92.00309565677951,False,False
HfOx_01,10.1109/TNANO.2024.3485213,HfOx,HARDWARE_ONLY,177,16,3,7,IDEALIZED_SINGLE_PAIR_GRADUAL,102400.0,92.16,91.84638110409361,False,False
HfOx_01,10.1109/TNANO.2024.3485213,HfOx,HARDWARE_ONLY,178,32,3,6,IDEALIZED_SINGLE_PAIR_GRADUAL,13312.0,92.14,89.53292969619329,False,False
HfOx_01,10.1109/TNANO.2024.3485213,HfOx,HARDWARE_ONLY,179,16,3,6,IDEALIZED_SINGLE_PAIR_GRADUAL,51200.0,92.14,91.06203887897225,False,False
HfOx_01,10.1109/TNANO.2024.3485213,HfOx,HARDWARE_ONLY,180,64,3,6,IDEALIZED_SINGLE_PAIR_GRADUAL,3584.0,92.13,88.3776627444277,False,False
HfOx_01,10.1109/TNANO.2024.3485213,HfOx,HARDWARE_ONLY,181,128,3,7,IDEALIZED_SINGLE_PAIR_GRADUAL,2048.0,92.12,89.21677832527759,False,False
HfOx_01,10.1109/TNANO.2024.3485213,HfOx,HARDWARE_ONLY,182,128,3,6,IDEALIZED_SINGLE_PAIR_GRADUAL,1024.0,92.11,86.0416151661868,False,False
HfOx_01,10.1109/TNANO.2024.3485213,HfOx,HARDWARE_ONLY,183,64,3,7,IDEALIZED_SINGLE_PAIR_GRADUAL,7168.0,92.03,90.58556972782976,False,False
HfOx_01,10.1109/TNANO.2024.3485213,HfOx,HARDWARE_ONLY,184,256,3,6,IDEALIZED_SINGLE_PAIR_GRADUAL,640.0,91.71,85.62764842136463,False,False
HfOx_01,10.1109/TNANO.2024.3485213,HfOx,HARDWARE_ONLY,185,16,3,5,IDEALIZED_SINGLE_PAIR_GRADUAL,25600.0,91.65,88.38224622460709,False,False
HfOx_01,10.1109/TNANO.2024.3485213,HfOx,HARDWARE_ONLY,186,32,3,5,IDEALIZED_SINGLE_PAIR_GRADUAL,6656.0,91.11,85.89189652307594,False,False
HfOx_01,10.1109/TNANO.2024.3485213,HfOx,HARDWARE_ONLY,187,64,8,4,IDEALIZED_SINGLE_PAIR_GRADUAL,896.0,91.09,75.37213511429901,False,False
HfOx_01,10.1109/TNANO.2024.3485213,HfOx,HARDWARE_ONLY,188,64,6,4,IDEALIZED_SINGLE_PAIR_GRADUAL,896.0,91.0,74.73205304382358,False,False
HfOx_01,10.1109/TNANO.2024.3485213,HfOx,HARDWARE_ONLY,189,64,4,4,IDEALIZED_SINGLE_PAIR_GRADUAL,896.0,90.93,74.69069699402063,False,False
HfOx_01,10.1109/TNANO.2024.3485213,HfOx,HARDWARE_ONLY,190,64,7,4,IDEALIZED_SINGLE_PAIR_GRADUAL,896.0,90.85,75.28589106351498,False,False
HfOx_01,10.1109/TNANO.2024.3485213,HfOx,HARDWARE_ONLY,191,16,3,4,IDEALIZED_SINGLE_PAIR_GRADUAL,12800.0,90.68,78.96575954581853,False,False
HfOx_01,10.1109/TNANO.2024.3485213,HfOx,HARDWARE_ONLY,192,64,5,4,IDEALIZED_SINGLE_PAIR_GRADUAL,896.0,90.5,74.87686991431119,False,False
HfOx_01,10.1109/TNANO.2024.3485213,HfOx,HARDWARE_ONLY,193,64,3,5,IDEALIZED_SINGLE_PAIR_GRADUAL,1792.0,90.46,82.94727007636803,False,False
HfOx_01,10.1109/TNANO.2024.3485213,HfOx,HARDWARE_ONLY,194,32,3,4,IDEALIZED_SINGLE_PAIR_GRADUAL,3328.0,89.89,75.33501959727789,False,False
HfOx_01,10.1109/TNANO.2024.3485213,HfOx,HARDWARE_ONLY,195,128,3,5,IDEALIZED_SINGLE_PAIR_GRADUAL,512.0,88.68,77.37687079115663,False,False
HfOx_01,10.1109/TNANO.2024.3485213,HfOx,HARDWARE_ONLY,196,256,3,5,IDEALIZED_SINGLE_PAIR_GRADUAL,320.0,88.67,76.37603680455166,False,False
HfOx_01,10.1109/TNANO.2024.3485213,HfOx,HARDWARE_ONLY,197,64,3,4,IDEALIZED_SINGLE_PAIR_GRADUAL,896.0,85.99,69.01720506818177,False,False
HfOx_01,10.1109/TNANO.2024.3485213,HfOx,HARDWARE_ONLY,198,128,4,4,IDEALIZED_SINGLE_PAIR_GRADUAL,256.0,84.3,62.706424536385214,True,False
HfOx_01,10.1109/TNANO.2024.3485213,HfOx,HARDWARE_ONLY,199,128,6,4,IDEALIZED_SINGLE_PAIR_GRADUAL,256.0,83.23,62.84855083022044,False,False
HfOx_01,10.1109/TNANO.2024.3485213,HfOx,HARDWARE_ONLY,200,256,4,4,IDEALIZED_SINGLE_PAIR_GRADUAL,160.0,83.11,60.265914756181736,True,True
HfOx_01,10.1109/TNANO.2024.3485213,HfOx,HARDWARE_ONLY,201,128,8,4,IDEALIZED_SINGLE_PAIR_GRADUAL,256.0,82.98,63.59307660085342,False,True
HfOx_01,10.1109/TNANO.2024.3485213,HfOx,HARDWARE_ONLY,202,128,7,4,IDEALIZED_SINGLE_PAIR_GRADUAL,256.0,82.79,62.891213595353975,False,False
HfOx_01,10.1109/TNANO.2024.3485213,HfOx,HARDWARE_ONLY,203,128,5,4,IDEALIZED_SINGLE_PAIR_GRADUAL,256.0,82.7,62.55480528926123,False,False
HfOx_01,10.1109/TNANO.2024.3485213,HfOx,HARDWARE_ONLY,204,256,5,4,IDEALIZED_SINGLE_PAIR_GRADUAL,160.0,80.43,59.15387418073442,False,False
HfOx_01,10.1109/TNANO.2024.3485213,HfOx,HARDWARE_ONLY,205,256,6,4,IDEALIZED_SINGLE_PAIR_GRADUAL,160.0,80.14,59.668866795657145,False,False
HfOx_01,10.1109/TNANO.2024.3485213,HfOx,HARDWARE_ONLY,206,256,8,4,IDEALIZED_SINGLE_PAIR_GRADUAL,160.0,79.88,59.28114164838267,False,False
HfOx_01,10.1109/TNANO.2024.3485213,HfOx,HARDWARE_ONLY,207,256,7,4,IDEALIZED_SINGLE_PAIR_GRADUAL,160.0,79.87,59.079571748901195,False,False
HfOx_01,10.1109/TNANO.2024.3485213,HfOx,HARDWARE_ONLY,208,128,3,4,IDEALIZED_SINGLE_PAIR_GRADUAL,256.0,77.81,60.77443379072401,False,False
HfOx_01,10.1109/TNANO.2024.3485213,HfOx,HARDWARE_ONLY,209,256,3,4,IDEALIZED_SINGLE_PAIR_GRADUAL,160.0,73.61,56.27839515018307,False,False
HfOx_01,10.1109/TNANO.2024.3485213,HfOx,HARDWARE_ONLY,210,64,2,4,IDEALIZED_SINGLE_PAIR_GRADUAL,896.0,12.59,11.148466539285439,False,False
HfOx_01,10.1109/TNANO.2024.3485213,HfOx,HARDWARE_ONLY,211,256,2,6,IDEALIZED_SINGLE_PAIR_GRADUAL,640.0,12.1,10.839350016434368,False,False
HfOx_01,10.1109/TNANO.2024.3485213,HfOx,HARDWARE_ONLY,212,32,2,4,IDEALIZED_SINGLE_PAIR_GRADUAL,3328.0,12.04,10.952563193558081,False,False
HfOx_01,10.1109/TNANO.2024.3485213,HfOx,HARDWARE_ONLY,213,16,2,4,IDEALIZED_SINGLE_PAIR_GRADUAL,12800.0,11.7,11.09832350958346,False,False
HfOx_01,10.1109/TNANO.2024.3485213,HfOx,HARDWARE_ONLY,214,256,2,4,IDEALIZED_SINGLE_PAIR_GRADUAL,160.0,11.66,9.893408211681079,False,False
HfOx_01,10.1109/TNANO.2024.3485213,HfOx,HARDWARE_ONLY,215,128,2,6,IDEALIZED_SINGLE_PAIR_GRADUAL,1024.0,11.64,10.977770819719584,False,False
HfOx_01,10.1109/TNANO.2024.3485213,HfOx,HARDWARE_ONLY,216,64,2,6,IDEALIZED_SINGLE_PAIR_GRADUAL,3584.0,11.64,11.00261325560404,False,False
HfOx_01,10.1109/TNANO.2024.3485213,HfOx,HARDWARE_ONLY,217,128,2,4,IDEALIZED_SINGLE_PAIR_GRADUAL,256.0,11.6,10.412162369431318,False,False
HfOx_01,10.1109/TNANO.2024.3485213,HfOx,HARDWARE_ONLY,218,128,2,7,IDEALIZED_SINGLE_PAIR_GRADUAL,2048.0,11.53,11.182712872514564,False,False
HfOx_01,10.1109/TNANO.2024.3485213,HfOx,HARDWARE_ONLY,219,16,2,6,IDEALIZED_SINGLE_PAIR_GRADUAL,51200.0,11.52,11.218216548381356,False,False
HfOx_01,10.1109/TNANO.2024.3485213,HfOx,HARDWARE_ONLY,220,32,2,6,IDEALIZED_SINGLE_PAIR_GRADUAL,13312.0,11.52,11.056495958155788,False,False
HfOx_01,10.1109/TNANO.2024.3485213,HfOx,HARDWARE_ONLY,221,32,2,9,IDEALIZED_SINGLE_PAIR_GRADUAL,106496.0,11.47,11.245433217328415,False,False
HfOx_01,10.1109/TNANO.2024.3485213,HfOx,HARDWARE_ONLY,222,256,2,7,IDEALIZED_SINGLE_PAIR_GRADUAL,1280.0,11.47,11.129221146458132,False,False
HfOx_01,10.1109/TNANO.2024.3485213,HfOx,HARDWARE_ONLY,223,16,2,9,IDEALIZED_SINGLE_PAIR_GRADUAL,409600.0,11.46,11.322711203048586,False,False
HfOx_01,10.1109/TNANO.2024.3485213,HfOx,HARDWARE_ONLY,224,256,2,9,IDEALIZED_SINGLE_PAIR_GRADUAL,5120.0,11.44,11.24127428915813,False,False
HfOx_01,10.1109/TNANO.2024.3485213,HfOx,HARDWARE_ONLY,225,128,2,9,IDEALIZED_SINGLE_PAIR_GRADUAL,8192.0,11.43,11.28170449060212,False,False
HfOx_01,10.1109/TNANO.2024.3485213,HfOx,HARDWARE_ONLY,226,64,2,9,IDEALIZED_SINGLE_PAIR_GRADUAL,28672.0,11.4,11.232747325326203,False,False
HfOx_01,10.1109/TNANO.2024.3485213,HfOx,HARDWARE_ONLY,227,16,2,10,IDEALIZED_SINGLE_PAIR_GRADUAL,819200.0,11.39,11.42036462809912,False,False
HfOx_01,10.1109/TNANO.2024.3485213,HfOx,HARDWARE_ONLY,228,16,2,7,IDEALIZED_SINGLE_PAIR_GRADUAL,102400.0,11.39,11.298773497567788,False,False
HfOx_01,10.1109/TNANO.2024.3485213,HfOx,HARDWARE_ONLY,229,128,2,8,IDEALIZED_SINGLE_PAIR_GRADUAL,4096.0,11.29,11.47668511506897,False,False
HfOx_01,10.1109/TNANO.2024.3485213,HfOx,HARDWARE_ONLY,230,32,2,7,IDEALIZED_SINGLE_PAIR_GRADUAL,26624.0,11.29,11.262915891551248,False,False
HfOx_01,10.1109/TNANO.2024.3485213,HfOx,HARDWARE_ONLY,231,256,2,8,IDEALIZED_SINGLE_PAIR_GRADUAL,2560.0,11.26,11.44916469725537,False,False
HfOx_01,10.1109/TNANO.2024.3485213,HfOx,HARDWARE_ONLY,232,32,2,8,IDEALIZED_SINGLE_PAIR_GRADUAL,53248.0,11.24,11.359275842671686,False,False
HfOx_01,10.1109/TNANO.2024.3485213,HfOx,HARDWARE_ONLY,233,16,2,8,IDEALIZED_SINGLE_PAIR_GRADUAL,204800.0,11.2,11.4060835492789,False,False
HfOx_01,10.1109/TNANO.2024.3485213,HfOx,HARDWARE_ONLY,234,256,2,10,IDEALIZED_SINGLE_PAIR_GRADUAL,10240.0,11.19,11.34053123320875,False,False
HfOx_01,10.1109/TNANO.2024.3485213,HfOx,HARDWARE_ONLY,235,128,2,10,IDEALIZED_SINGLE_PAIR_GRADUAL,16384.0,11.18,11.318064571127355,False,False
HfOx_01,10.1109/TNANO.2024.3485213,HfOx,HARDWARE_ONLY,236,32,2,10,IDEALIZED_SINGLE_PAIR_GRADUAL,212992.0,11.17,11.288605555388896,False,False
HfOx_01,10.1109/TNANO.2024.3485213,HfOx,HARDWARE_ONLY,237,16,2,5,IDEALIZED_SINGLE_PAIR_GRADUAL,25600.0,11.16,11.220811552971028,False,False
HfOx_01,10.1109/TNANO.2024.3485213,HfOx,HARDWARE_ONLY,238,64,2,10,IDEALIZED_SINGLE_PAIR_GRADUAL,57344.0,11.15,11.277515838873528,False,False
HfOx_01,10.1109/TNANO.2024.3485213,HfOx,HARDWARE_ONLY,239,64,2,8,IDEALIZED_SINGLE_PAIR_GRADUAL,14336.0,11.14,11.367591534776787,False,False
HfOx_01,10.1109/TNANO.2024.3485213,HfOx,HARDWARE_ONLY,240,64,2,7,IDEALIZED_SINGLE_PAIR_GRADUAL,7168.0,11.11,11.034545019525442,False,False
HfOx_01,10.1109/TNANO.2024.3485213,HfOx,HARDWARE_ONLY,241,64,2,5,IDEALIZED_SINGLE_PAIR_GRADUAL,1792.0,11.07,11.225169930208855,False,False
HfOx_01,10.1109/TNANO.2024.3485213,HfOx,HARDWARE_ONLY,242,32,2,5,IDEALIZED_SINGLE_PAIR_GRADUAL,6656.0,10.91,11.269256545852416,False,False
HfOx_01,10.1109/TNANO.2024.3485213,HfOx,HARDWARE_ONLY,243,128,2,5,IDEALIZED_SINGLE_PAIR_GRADUAL,512.0,10.7,11.16333215270755,False,False
HfOx_01,10.1109/TNANO.2024.3485213,HfOx,HARDWARE_ONLY,244,256,2,5,IDEALIZED_SINGLE_PAIR_GRADUAL,320.0,10.07,11.038782858251222,False,False
HfOx_01,10.1109/TNANO.2024.3485213,HfOx,FULL_DEVICE_AWARE,0,128,6,8,IDEALIZED_SINGLE_PAIR_GRADUAL,4096.0,96.32,96.27469494444436,True,True
HfOx_01,10.1109/TNANO.2024.3485213,HfOx,FULL_DEVICE_AWARE,1,16,6,9,IDEALIZED_SINGLE_PAIR_GRADUAL,409600.0,96.31,96.27605586507943,False,False
HfOx_01,10.1109/TNANO.2024.3485213,HfOx,FULL_DEVICE_AWARE,2,16,6,10,IDEALIZED_SINGLE_PAIR_GRADUAL,819200.0,96.3,96.28525609523814,False,False
HfOx_01,10.1109/TNANO.2024.3485213,HfOx,FULL_DEVICE_AWARE,3,64,6,7,IDEALIZED_SINGLE_PAIR_GRADUAL,7168.0,96.3,96.22144229365078,False,False
HfOx_01,10.1109/TNANO.2024.3485213,HfOx,FULL_DEVICE_AWARE,4,32,6,10,IDEALIZED_SINGLE_PAIR_GRADUAL,212992.0,96.3,96.2806417236651,False,False
HfOx_01,10.1109/TNANO.2024.3485213,HfOx,FULL_DEVICE_AWARE,5,256,6,10,IDEALIZED_SINGLE_PAIR_GRADUAL,10240.0,96.3,96.28785334126997,False,True
HfOx_01,10.1109/TNANO.2024.3485213,HfOx,FULL_DEVICE_AWARE,6,64,8,7,IDEALIZED_SINGLE_PAIR_GRADUAL,7168.0,96.3,96.18602155194802,False,False
HfOx_01,10.1109/TNANO.2024.3485213,HfOx,FULL_DEVICE_AWARE,7,16,6,8,IDEALIZED_SINGLE_PAIR_GRADUAL,204800.0,96.28,96.27946733333336,False,False
HfOx_01,10.1109/TNANO.2024.3485213,HfOx,FULL_DEVICE_AWARE,8,128,6,10,IDEALIZED_SINGLE_PAIR_GRADUAL,16384.0,96.28,96.28860586507949,False,True
HfOx_01,10.1109/TNANO.2024.3485213,HfOx,FULL_DEVICE_AWARE,9,64,7,7,IDEALIZED_SINGLE_PAIR_GRADUAL,7168.0,96.27,96.20596061111105,False,False
HfOx_01,10.1109/TNANO.2024.3485213,HfOx,FULL_DEVICE_AWARE,10,64,6,10,IDEALIZED_SINGLE_PAIR_GRADUAL,57344.0,96.27,96.28348054906185,False,False
HfOx_01,10.1109/TNANO.2024.3485213,HfOx,FULL_DEVICE_AWARE,11,16,8,6,IDEALIZED_SINGLE_PAIR_GRADUAL,51200.0,96.27,96.16886156349186,False,False
HfOx_01,10.1109/TNANO.2024.3485213,HfOx,FULL_DEVICE_AWARE,12,32,6,8,IDEALIZED_SINGLE_PAIR_GRADUAL,53248.0,96.26,96.2522661825396,False,False
HfOx_01,10.1109/TNANO.2024.3485213,HfOx,FULL_DEVICE_AWARE,13,64,6,9,IDEALIZED_SINGLE_PAIR_GRADUAL,28672.0,96.26,96.27446281818196,False,False
HfOx_01,10.1109/TNANO.2024.3485213,HfOx,FULL_DEVICE_AWARE,14,32,6,9,IDEALIZED_SINGLE_PAIR_GRADUAL,106496.0,96.26,96.25909265079368,False,False
HfOx_01,10.1109/TNANO.2024.3485213,HfOx,FULL_DEVICE_AWARE,15,256,8,10,IDEALIZED_SINGLE_PAIR_GRADUAL,10240.0,96.26,96.23090650793652,False,False
HfOx_01,10.1109/TNANO.2024.3485213,HfOx,FULL_DEVICE_AWARE,16,256,8,8,IDEALIZED_SINGLE_PAIR_GRADUAL,2560.0,96.26,96.20901969841262,True,False
HfOx_01,10.1109/TNANO.2024.3485213,HfOx,FULL_DEVICE_AWARE,17,32,8,8,IDEALIZED_SINGLE_PAIR_GRADUAL,53248.0,96.25,96.23425034126987,False,False
HfOx_01,10.1109/TNANO.2024.3485213,HfOx,FULL_DEVICE_AWARE,18,16,8,9,IDEALIZED_SINGLE_PAIR_GRADUAL,409600.0,96.25,96.26149859451667,False,False
HfOx_01,10.1109/TNANO.2024.3485213,HfOx,FULL_DEVICE_AWARE,19,32,7,9,IDEALIZED_SINGLE_PAIR_GRADUAL,106496.0,96.25,96.21445877777761,False,False
HfOx_01,10.1109/TNANO.2024.3485213,HfOx,FULL_DEVICE_AWARE,20,32,8,9,IDEALIZED_SINGLE_PAIR_GRADUAL,106496.0,96.25,96.26779855483404,False,False
HfOx_01,10.1109/TNANO.2024.3485213,HfOx,FULL_DEVICE_AWARE,21,256,6,8,IDEALIZED_SINGLE_PAIR_GRADUAL,2560.0,96.25,96.26782380158718,False,True
HfOx_01,10.1109/TNANO.2024.3485213,HfOx,FULL_DEVICE_AWARE,22,128,6,9,IDEALIZED_SINGLE_PAIR_GRADUAL,8192.0,96.25,96.25447857142865,False,False
HfOx_01,10.1109/TNANO.2024.3485213,HfOx,FULL_DEVICE_AWARE,23,64,8,9,IDEALIZED_SINGLE_PAIR_GRADUAL,28672.0,96.25,96.24503325396826,False,False
HfOx_01,10.1109/TNANO.2024.3485213,HfOx,FULL_DEVICE_AWARE,24,64,7,9,IDEALIZED_SINGLE_PAIR_GRADUAL,28672.0,96.24,96.24082978715725,False,False
HfOx_01,10.1109/TNANO.2024.3485213,HfOx,FULL_DEVICE_AWARE,25,256,7,9,IDEALIZED_SINGLE_PAIR_GRADUAL,5120.0,96.24,96.23063759523814,False,False
HfOx_01,10.1109/TNANO.2024.3485213,HfOx,FULL_DEVICE_AWARE,26,256,6,9,IDEALIZED_SINGLE_PAIR_GRADUAL,5120.0,96.24,96.25704773809525,False,False
HfOx_01,10.1109/TNANO.2024.3485213,HfOx,FULL_DEVICE_AWARE,27,16,8,10,IDEALIZED_SINGLE_PAIR_GRADUAL,819200.0,96.24,96.2603907056278,False,False
HfOx_01,10.1109/TNANO.2024.3485213,HfOx,FULL_DEVICE_AWARE,28,16,6,6,IDEALIZED_SINGLE_PAIR_GRADUAL,51200.0,96.24,96.17550418253951,False,False
HfOx_01,10.1109/TNANO.2024.3485213,HfOx,FULL_DEVICE_AWARE,29,32,8,10,IDEALIZED_SINGLE_PAIR_GRADUAL,212992.0,96.24,96.26321403102453,False,False
HfOx_01,10.1109/TNANO.2024.3485213,HfOx,FULL_DEVICE_AWARE,30,32,5,8,IDEALIZED_SINGLE_PAIR_GRADUAL,53248.0,96.23,96.12668411038969,False,False
HfOx_01,10.1109/TNANO.2024.3485213,HfOx,FULL_DEVICE_AWARE,31,16,7,9,IDEALIZED_SINGLE_PAIR_GRADUAL,409600.0,96.23,96.21237577777767,False,False
HfOx_01,10.1109/TNANO.2024.3485213,HfOx,FULL_DEVICE_AWARE,32,32,7,8,IDEALIZED_SINGLE_PAIR_GRADUAL,53248.0,96.23,96.22557483333333,False,False
HfOx_01,10.1109/TNANO.2024.3485213,HfOx,FULL_DEVICE_AWARE,33,64,7,8,IDEALIZED_SINGLE_PAIR_GRADUAL,14336.0,96.23,96.21151629365065,False,False
HfOx_01,10.1109/TNANO.2024.3485213,HfOx,FULL_DEVICE_AWARE,34,128,7,8,IDEALIZED_SINGLE_PAIR_GRADUAL,4096.0,96.23,96.2039871746031,False,False
HfOx_01,10.1109/TNANO.2024.3485213,HfOx,FULL_DEVICE_AWARE,35,256,8,9,IDEALIZED_SINGLE_PAIR_GRADUAL,5120.0,96.22,96.22659453968262,False,False
HfOx_01,10.1109/TNANO.2024.3485213,HfOx,FULL_DEVICE_AWARE,36,64,8,10,IDEALIZED_SINGLE_PAIR_GRADUAL,57344.0,96.22,96.24428380158727,False,False
HfOx_01,10.1109/TNANO.2024.3485213,HfOx,FULL_DEVICE_AWARE,37,32,6,7,IDEALIZED_SINGLE_PAIR_GRADUAL,26624.0,96.22,96.24574820634913,False,False
HfOx_01,10.1109/TNANO.2024.3485213,HfOx,FULL_DEVICE_AWARE,38,256,7,10,IDEALIZED_SINGLE_PAIR_GRADUAL,10240.0,96.22,96.22035456060598,False,False
HfOx_01,10.1109/TNANO.2024.3485213,HfOx,FULL_DEVICE_AWARE,39,128,7,9,IDEALIZED_SINGLE_PAIR_GRADUAL,8192.0,96.22,96.23080959523811,False,False
HfOx_01,10.1109/TNANO.2024.3485213,HfOx,FULL_DEVICE_AWARE,40,256,7,8,IDEALIZED_SINGLE_PAIR_GRADUAL,2560.0,96.22,96.22796080158722,False,False
HfOx_01,10.1109/TNANO.2024.3485213,HfOx,FULL_DEVICE_AWARE,41,16,7,8,IDEALIZED_SINGLE_PAIR_GRADUAL,204800.0,96.22,96.22683093650798,False,False
HfOx_01,10.1109/TNANO.2024.3485213,HfOx,FULL_DEVICE_AWARE,42,16,8,7,IDEALIZED_SINGLE_PAIR_GRADUAL,102400.0,96.22,96.20051015512261,False,False
HfOx_01,10.1109/TNANO.2024.3485213,HfOx,FULL_DEVICE_AWARE,43,16,7,7,IDEALIZED_SINGLE_PAIR_GRADUAL,102400.0,96.22,96.21287349206345,False,False
HfOx_01,10.1109/TNANO.2024.3485213,HfOx,FULL_DEVICE_AWARE,44,16,6,7,IDEALIZED_SINGLE_PAIR_GRADUAL,102400.0,96.22,96.25421320634919,False,False
HfOx_01,10.1109/TNANO.2024.3485213,HfOx,FULL_DEVICE_AWARE,45,128,8,10,IDEALIZED_SINGLE_PAIR_GRADUAL,16384.0,96.21,96.23042160317452,False,False
HfOx_01,10.1109/TNANO.2024.3485213,HfOx,FULL_DEVICE_AWARE,46,32,7,7,IDEALIZED_SINGLE_PAIR_GRADUAL,26624.0,96.21,96.19784797619042,False,False
HfOx_01,10.1109/TNANO.2024.3485213,HfOx,FULL_DEVICE_AWARE,47,16,8,8,IDEALIZED_SINGLE_PAIR_GRADUAL,204800.0,96.21,96.24256137301592,False,False
HfOx_01,10.1109/TNANO.2024.3485213,HfOx,FULL_DEVICE_AWARE,48,16,7,10,IDEALIZED_SINGLE_PAIR_GRADUAL,819200.0,96.21,96.21929140187602,False,False
HfOx_01,10.1109/TNANO.2024.3485213,HfOx,FULL_DEVICE_AWARE,49,64,7,10,IDEALIZED_SINGLE_PAIR_GRADUAL,57344.0,96.21,96.22639252092353,False,False
HfOx_01,10.1109/TNANO.2024.3485213,HfOx,FULL_DEVICE_AWARE,50,128,8,7,IDEALIZED_SINGLE_PAIR_GRADUAL,2048.0,96.21,96.19130478571435,True,False
HfOx_01,10.1109/TNANO.2024.3485213,HfOx,FULL_DEVICE_AWARE,51,64,5,7,IDEALIZED_SINGLE_PAIR_GRADUAL,7168.0,96.21,96.19495427777778,False,False
HfOx_01,10.1109/TNANO.2024.3485213,HfOx,FULL_DEVICE_AWARE,52,64,6,8,IDEALIZED_SINGLE_PAIR_GRADUAL,14336.0,96.21,96.26323816666662,False,False
HfOx_01,10.1109/TNANO.2024.3485213,HfOx,FULL_DEVICE_AWARE,53,32,7,10,IDEALIZED_SINGLE_PAIR_GRADUAL,212992.0,96.2,96.21744002092358,False,False
HfOx_01,10.1109/TNANO.2024.3485213,HfOx,FULL_DEVICE_AWARE,54,16,5,7,IDEALIZED_SINGLE_PAIR_GRADUAL,102400.0,96.2,96.17131698412696,False,False
HfOx_01,10.1109/TNANO.2024.3485213,HfOx,FULL_DEVICE_AWARE,55,128,7,10,IDEALIZED_SINGLE_PAIR_GRADUAL,16384.0,96.2,96.22071977489165,False,False
HfOx_01,10.1109/TNANO.2024.3485213,HfOx,FULL_DEVICE_AWARE,56,128,8,8,IDEALIZED_SINGLE_PAIR_GRADUAL,4096.0,96.2,96.19228338888882,False,False
HfOx_01,10.1109/TNANO.2024.3485213,HfOx,FULL_DEVICE_AWARE,57,32,5,7,IDEALIZED_SINGLE_PAIR_GRADUAL,26624.0,96.2,96.16153838095236,False,False
HfOx_01,10.1109/TNANO.2024.3485213,HfOx,FULL_DEVICE_AWARE,58,64,5,8,IDEALIZED_SINGLE_PAIR_GRADUAL,14336.0,96.19,96.15322850000001,False,False
HfOx_01,10.1109/TNANO.2024.3485213,HfOx,FULL_DEVICE_AWARE,59,256,7,7,IDEALIZED_SINGLE_PAIR_GRADUAL,1280.0,96.19,96.17282284271283,True,False
HfOx_01,10.1109/TNANO.2024.3485213,HfOx,FULL_DEVICE_AWARE,60,16,6,5,IDEALIZED_SINGLE_PAIR_GRADUAL,25600.0,96.19,96.15127583333356,False,False
HfOx_01,10.1109/TNANO.2024.3485213,HfOx,FULL_DEVICE_AWARE,61,128,8,9,IDEALIZED_SINGLE_PAIR_GRADUAL,8192.0,96.19,96.23009438095242,False,False
HfOx_01,10.1109/TNANO.2024.3485213,HfOx,FULL_DEVICE_AWARE,62,16,7,6,IDEALIZED_SINGLE_PAIR_GRADUAL,51200.0,96.18,96.16866645238075,False,False
HfOx_01,10.1109/TNANO.2024.3485213,HfOx,FULL_DEVICE_AWARE,63,16,8,5,IDEALIZED_SINGLE_PAIR_GRADUAL,25600.0,96.17,96.16336019841282,False,False
HfOx_01,10.1109/TNANO.2024.3485213,HfOx,FULL_DEVICE_AWARE,64,16,5,9,IDEALIZED_SINGLE_PAIR_GRADUAL,409600.0,96.17,96.1397892142857,False,False
HfOx_01,10.1109/TNANO.2024.3485213,HfOx,FULL_DEVICE_AWARE,65,64,8,8,IDEALIZED_SINGLE_PAIR_GRADUAL,14336.0,96.17,96.20505961111105,False,False
HfOx_01,10.1109/TNANO.2024.3485213,HfOx,FULL_DEVICE_AWARE,66,128,5,8,IDEALIZED_SINGLE_PAIR_GRADUAL,4096.0,96.17,96.1499013253967,False,False
HfOx_01,10.1109/TNANO.2024.3485213,HfOx,FULL_DEVICE_AWARE,67,128,6,7,IDEALIZED_SINGLE_PAIR_GRADUAL,2048.0,96.17,96.22155886507936,False,True
HfOx_01,10.1109/TNANO.2024.3485213,HfOx,FULL_DEVICE_AWARE,68,32,5,9,IDEALIZED_SINGLE_PAIR_GRADUAL,106496.0,96.16,96.12923504689758,False,False
HfOx_01,10.1109/TNANO.2024.3485213,HfOx,FULL_DEVICE_AWARE,69,64,5,10,IDEALIZED_SINGLE_PAIR_GRADUAL,57344.0,96.16,96.15580499206354,False,False
HfOx_01,10.1109/TNANO.2024.3485213,HfOx,FULL_DEVICE_AWARE,70,128,5,9,IDEALIZED_SINGLE_PAIR_GRADUAL,8192.0,96.15,96.14265816666662,False,False
HfOx_01,10.1109/TNANO.2024.3485213,HfOx,FULL_DEVICE_AWARE,71,128,7,7,IDEALIZED_SINGLE_PAIR_GRADUAL,2048.0,96.15,96.1822055093795,False,False
HfOx_01,10.1109/TNANO.2024.3485213,HfOx,FULL_DEVICE_AWARE,72,256,6,7,IDEALIZED_SINGLE_PAIR_GRADUAL,1280.0,96.15,96.21044668253973,False,True
HfOx_01,10.1109/TNANO.2024.3485213,HfOx,FULL_DEVICE_AWARE,73,256,5,10,IDEALIZED_SINGLE_PAIR_GRADUAL,10240.0,96.14,96.1391453492062,False,False
HfOx_01,10.1109/TNANO.2024.3485213,HfOx,FULL_DEVICE_AWARE,74,256,8,7,IDEALIZED_SINGLE_PAIR_GRADUAL,1280.0,96.14,96.18232980158737,False,False
HfOx_01,10.1109/TNANO.2024.3485213,HfOx,FULL_DEVICE_AWARE,75,256,5,9,IDEALIZED_SINGLE_PAIR_GRADUAL,5120.0,96.14,96.1341563333333,False,False
HfOx_01,10.1109/TNANO.2024.3485213,HfOx,FULL_DEVICE_AWARE,76,128,5,7,IDEALIZED_SINGLE_PAIR_GRADUAL,2048.0,96.14,96.16997823809515,False,False
HfOx_01,10.1109/TNANO.2024.3485213,HfOx,FULL_DEVICE_AWARE,77,16,7,5,IDEALIZED_SINGLE_PAIR_GRADUAL,25600.0,96.13,96.15622775396844,False,False
HfOx_01,10.1109/TNANO.2024.3485213,HfOx,FULL_DEVICE_AWARE,78,32,8,6,IDEALIZED_SINGLE_PAIR_GRADUAL,13312.0,96.13,96.22027606349202,False,False
HfOx_01,10.1109/TNANO.2024.3485213,HfOx,FULL_DEVICE_AWARE,79,64,5,9,IDEALIZED_SINGLE_PAIR_GRADUAL,28672.0,96.13,96.157192515873,False,False
HfOx_01,10.1109/TNANO.2024.3485213,HfOx,FULL_DEVICE_AWARE,80,256,5,8,IDEALIZED_SINGLE_PAIR_GRADUAL,2560.0,96.13,96.1291402222221,False,False
HfOx_01,10.1109/TNANO.2024.3485213,HfOx,FULL_DEVICE_AWARE,81,32,5,6,IDEALIZED_SINGLE_PAIR_GRADUAL,13312.0,96.13,96.13866802380956,False,False
HfOx_01,10.1109/TNANO.2024.3485213,HfOx,FULL_DEVICE_AWARE,82,32,5,10,IDEALIZED_SINGLE_PAIR_GRADUAL,212992.0,96.13,96.14022779292941,False,False
HfOx_01,10.1109/TNANO.2024.3485213,HfOx,FULL_DEVICE_AWARE,83,32,6,6,IDEALIZED_SINGLE_PAIR_GRADUAL,13312.0,96.13,96.2194534682539,False,False
HfOx_01,10.1109/TNANO.2024.3485213,HfOx,FULL_DEVICE_AWARE,84,32,8,7,IDEALIZED_SINGLE_PAIR_GRADUAL,26624.0,96.13,96.17063904401158,False,False
HfOx_01,10.1109/TNANO.2024.3485213,HfOx,FULL_DEVICE_AWARE,85,16,5,8,IDEALIZED_SINGLE_PAIR_GRADUAL,204800.0,96.13,96.13538277777785,False,False
HfOx_01,10.1109/TNANO.2024.3485213,HfOx,FULL_DEVICE_AWARE,86,128,5,10,IDEALIZED_SINGLE_PAIR_GRADUAL,16384.0,96.12,96.14347034126979,False,False
HfOx_01,10.1109/TNANO.2024.3485213,HfOx,FULL_DEVICE_AWARE,87,32,4,7,IDEALIZED_SINGLE_PAIR_GRADUAL,26624.0,96.12,96.07944230952376,False,False
HfOx_01,10.1109/TNANO.2024.3485213,HfOx,FULL_DEVICE_AWARE,88,64,4,9,IDEALIZED_SINGLE_PAIR_GRADUAL,28672.0,96.11,96.07698703174594,False,False
HfOx_01,10.1109/TNANO.2024.3485213,HfOx,FULL_DEVICE_AWARE,89,16,4,7,IDEALIZED_SINGLE_PAIR_GRADUAL,102400.0,96.11,96.09653023015865,False,False
HfOx_01,10.1109/TNANO.2024.3485213,HfOx,FULL_DEVICE_AWARE,90,32,7,6,IDEALIZED_SINGLE_PAIR_GRADUAL,13312.0,96.11,96.2237199999999,False,False
HfOx_01,10.1109/TNANO.2024.3485213,HfOx,FULL_DEVICE_AWARE,91,16,5,10,IDEALIZED_SINGLE_PAIR_GRADUAL,819200.0,96.1,96.14148321428564,False,False
HfOx_01,10.1109/TNANO.2024.3485213,HfOx,FULL_DEVICE_AWARE,92,64,6,6,IDEALIZED_SINGLE_PAIR_GRADUAL,3584.0,96.1,96.12072737301604,False,False
HfOx_01,10.1109/TNANO.2024.3485213,HfOx,FULL_DEVICE_AWARE,93,256,4,8,IDEALIZED_SINGLE_PAIR_GRADUAL,2560.0,96.1,96.07966967460328,False,False
HfOx_01,10.1109/TNANO.2024.3485213,HfOx,FULL_DEVICE_AWARE,94,256,5,7,IDEALIZED_SINGLE_PAIR_GRADUAL,1280.0,96.1,96.15233827777779,False,False
HfOx_01,10.1109/TNANO.2024.3485213,HfOx,FULL_DEVICE_AWARE,95,64,8,6,IDEALIZED_SINGLE_PAIR_GRADUAL,3584.0,96.1,96.10319666666669,False,False
HfOx_01,10.1109/TNANO.2024.3485213,HfOx,FULL_DEVICE_AWARE,96,128,4,7,IDEALIZED_SINGLE_PAIR_GRADUAL,2048.0,96.08,96.02528100000009,False,False
HfOx_01,10.1109/TNANO.2024.3485213,HfOx,FULL_DEVICE_AWARE,97,16,4,9,IDEALIZED_SINGLE_PAIR_GRADUAL,409600.0,96.08,96.0547132525253,False,False
HfOx_01,10.1109/TNANO.2024.3485213,HfOx,FULL_DEVICE_AWARE,98,16,5,6,IDEALIZED_SINGLE_PAIR_GRADUAL,51200.0,96.08,96.13687178571426,False,False
HfOx_01,10.1109/TNANO.2024.3485213,HfOx,FULL_DEVICE_AWARE,99,128,4,8,IDEALIZED_SINGLE_PAIR_GRADUAL,4096.0,96.08,96.06827457936511,False,False
HfOx_01,10.1109/TNANO.2024.3485213,HfOx,FULL_DEVICE_AWARE,100,256,4,9,IDEALIZED_SINGLE_PAIR_GRADUAL,5120.0,96.07,96.05177939682545,False,False
HfOx_01,10.1109/TNANO.2024.3485213,HfOx,FULL_DEVICE_AWARE,101,32,4,8,IDEALIZED_SINGLE_PAIR_GRADUAL,53248.0,96.07,96.06085809595972,False,False
HfOx_01,10.1109/TNANO.2024.3485213,HfOx,FULL_DEVICE_AWARE,102,16,4,8,IDEALIZED_SINGLE_PAIR_GRADUAL,204800.0,96.07,96.05866407142871,False,False
HfOx_01,10.1109/TNANO.2024.3485213,HfOx,FULL_DEVICE_AWARE,103,32,4,10,IDEALIZED_SINGLE_PAIR_GRADUAL,212992.0,96.07,96.06669373881662,False,False
HfOx_01,10.1109/TNANO.2024.3485213,HfOx,FULL_DEVICE_AWARE,104,256,4,10,IDEALIZED_SINGLE_PAIR_GRADUAL,10240.0,96.06,96.06804431746045,False,False
HfOx_01,10.1109/TNANO.2024.3485213,HfOx,FULL_DEVICE_AWARE,105,32,8,5,IDEALIZED_SINGLE_PAIR_GRADUAL,6656.0,96.06,95.9983108968253,False,False
HfOx_01,10.1109/TNANO.2024.3485213,HfOx,FULL_DEVICE_AWARE,106,128,4,9,IDEALIZED_SINGLE_PAIR_GRADUAL,8192.0,96.06,96.06671303174602,False,False
HfOx_01,10.1109/TNANO.2024.3485213,HfOx,FULL_DEVICE_AWARE,107,64,5,6,IDEALIZED_SINGLE_PAIR_GRADUAL,3584.0,96.06,96.11879320634935,False,False
HfOx_01,10.1109/TNANO.2024.3485213,HfOx,FULL_DEVICE_AWARE,108,64,4,10,IDEALIZED_SINGLE_PAIR_GRADUAL,57344.0,96.06,96.0713941507936,False,False
HfOx_01,10.1109/TNANO.2024.3485213,HfOx,FULL_DEVICE_AWARE,109,16,4,10,IDEALIZED_SINGLE_PAIR_GRADUAL,819200.0,96.06,96.0654041176046,False,False
HfOx_01,10.1109/TNANO.2024.3485213,HfOx,FULL_DEVICE_AWARE,110,256,4,7,IDEALIZED_SINGLE_PAIR_GRADUAL,1280.0,96.05,96.01405083333341,False,False
HfOx_01,10.1109/TNANO.2024.3485213,HfOx,FULL_DEVICE_AWARE,111,128,4,10,IDEALIZED_SINGLE_PAIR_GRADUAL,16384.0,96.05,96.07008446825395,False,False
HfOx_01,10.1109/TNANO.2024.3485213,HfOx,FULL_DEVICE_AWARE,112,64,7,6,IDEALIZED_SINGLE_PAIR_GRADUAL,3584.0,96.04,96.11342859523829,False,False
HfOx_01,10.1109/TNANO.2024.3485213,HfOx,FULL_DEVICE_AWARE,113,32,4,9,IDEALIZED_SINGLE_PAIR_GRADUAL,106496.0,96.04,96.06406144516595,False,False
HfOx_01,10.1109/TNANO.2024.3485213,HfOx,FULL_DEVICE_AWARE,114,64,4,7,IDEALIZED_SINGLE_PAIR_GRADUAL,7168.0,96.04,96.06706614935061,False,False
HfOx_01,10.1109/TNANO.2024.3485213,HfOx,FULL_DEVICE_AWARE,115,64,4,8,IDEALIZED_SINGLE_PAIR_GRADUAL,14336.0,96.03,96.07150676190476,False,False
HfOx_01,10.1109/TNANO.2024.3485213,HfOx,FULL_DEVICE_AWARE,116,16,4,6,IDEALIZED_SINGLE_PAIR_GRADUAL,51200.0,96.0,96.0497171190476,False,False
HfOx_01,10.1109/TNANO.2024.3485213,HfOx,FULL_DEVICE_AWARE,117,16,5,5,IDEALIZED_SINGLE_PAIR_GRADUAL,25600.0,95.96,96.01494800793644,False,False
HfOx_01,10.1109/TNANO.2024.3485213,HfOx,FULL_DEVICE_AWARE,118,32,4,6,IDEALIZED_SINGLE_PAIR_GRADUAL,13312.0,95.94,96.01379840476187,False,False
HfOx_01,10.1109/TNANO.2024.3485213,HfOx,FULL_DEVICE_AWARE,119,128,6,6,IDEALIZED_SINGLE_PAIR_GRADUAL,1024.0,95.87,95.89293680158715,True,False
HfOx_01,10.1109/TNANO.2024.3485213,HfOx,FULL_DEVICE_AWARE,120,128,7,6,IDEALIZED_SINGLE_PAIR_GRADUAL,1024.0,95.86,95.89385622150056,False,False
HfOx_01,10.1109/TNANO.2024.3485213,HfOx,FULL_DEVICE_AWARE,121,256,7,6,IDEALIZED_SINGLE_PAIR_GRADUAL,640.0,95.86,95.94433958658023,True,False
HfOx_01,10.1109/TNANO.2024.3485213,HfOx,FULL_DEVICE_AWARE,122,32,7,5,IDEALIZED_SINGLE_PAIR_GRADUAL,6656.0,95.85,96.02037051587303,False,False
HfOx_01,10.1109/TNANO.2024.3485213,HfOx,FULL_DEVICE_AWARE,123,64,4,6,IDEALIZED_SINGLE_PAIR_GRADUAL,3584.0,95.84,95.99474942063488,False,False
HfOx_01,10.1109/TNANO.2024.3485213,HfOx,FULL_DEVICE_AWARE,124,128,8,6,IDEALIZED_SINGLE_PAIR_GRADUAL,1024.0,95.84,95.89641218253948,False,False
HfOx_01,10.1109/TNANO.2024.3485213,HfOx,FULL_DEVICE_AWARE,125,256,6,6,IDEALIZED_SINGLE_PAIR_GRADUAL,640.0,95.83,95.93667328571442,False,False
HfOx_01,10.1109/TNANO.2024.3485213,HfOx,FULL_DEVICE_AWARE,126,16,4,5,IDEALIZED_SINGLE_PAIR_GRADUAL,25600.0,95.83,95.89137516666655,False,False
HfOx_01,10.1109/TNANO.2024.3485213,HfOx,FULL_DEVICE_AWARE,127,32,5,5,IDEALIZED_SINGLE_PAIR_GRADUAL,6656.0,95.82,95.89457873015863,False,False
HfOx_01,10.1109/TNANO.2024.3485213,HfOx,FULL_DEVICE_AWARE,128,256,8,6,IDEALIZED_SINGLE_PAIR_GRADUAL,640.0,95.81,95.94676403968259,False,True
HfOx_01,10.1109/TNANO.2024.3485213,HfOx,FULL_DEVICE_AWARE,129,256,4,6,IDEALIZED_SINGLE_PAIR_GRADUAL,640.0,95.8,95.78236426190483,False,False
HfOx_01,10.1109/TNANO.2024.3485213,HfOx,FULL_DEVICE_AWARE,130,32,6,5,IDEALIZED_SINGLE_PAIR_GRADUAL,6656.0,95.8,95.99933796031745,False,False
HfOx_01,10.1109/TNANO.2024.3485213,HfOx,FULL_DEVICE_AWARE,131,128,4,6,IDEALIZED_SINGLE_PAIR_GRADUAL,1024.0,95.78,95.79439501587314,False,False
HfOx_01,10.1109/TNANO.2024.3485213,HfOx,FULL_DEVICE_AWARE,132,32,4,5,IDEALIZED_SINGLE_PAIR_GRADUAL,6656.0,95.72,95.72219586507947,False,False
HfOx_01,10.1109/TNANO.2024.3485213,HfOx,FULL_DEVICE_AWARE,133,128,5,6,IDEALIZED_SINGLE_PAIR_GRADUAL,1024.0,95.66,95.88697281746035,False,False
HfOx_01,10.1109/TNANO.2024.3485213,HfOx,FULL_DEVICE_AWARE,134,256,5,6,IDEALIZED_SINGLE_PAIR_GRADUAL,640.0,95.64,95.89138243650791,False,False
HfOx_01,10.1109/TNANO.2024.3485213,HfOx,FULL_DEVICE_AWARE,135,64,8,5,IDEALIZED_SINGLE_PAIR_GRADUAL,1792.0,95.61,95.55695879797989,False,False
HfOx_01,10.1109/TNANO.2024.3485213,HfOx,FULL_DEVICE_AWARE,136,64,5,5,IDEALIZED_SINGLE_PAIR_GRADUAL,1792.0,95.53,95.46102103968249,False,False
HfOx_01,10.1109/TNANO.2024.3485213,HfOx,FULL_DEVICE_AWARE,137,64,7,5,IDEALIZED_SINGLE_PAIR_GRADUAL,1792.0,95.53,95.59056270274175,False,False
HfOx_01,10.1109/TNANO.2024.3485213,HfOx,FULL_DEVICE_AWARE,138,64,6,5,IDEALIZED_SINGLE_PAIR_GRADUAL,1792.0,95.5,95.53413775036086,False,False
HfOx_01,10.1109/TNANO.2024.3485213,HfOx,FULL_DEVICE_AWARE,139,64,4,5,IDEALIZED_SINGLE_PAIR_GRADUAL,1792.0,95.38,95.45703951587294,False,False
HfOx_01,10.1109/TNANO.2024.3485213,HfOx,FULL_DEVICE_AWARE,140,16,8,4,IDEALIZED_SINGLE_PAIR_GRADUAL,12800.0,95.35,95.47244837301594,False,False
HfOx_01,10.1109/TNANO.2024.3485213,HfOx,FULL_DEVICE_AWARE,141,16,5,4,IDEALIZED_SINGLE_PAIR_GRADUAL,12800.0,95.33,95.47900946031736,False,False
HfOx_01,10.1109/TNANO.2024.3485213,HfOx,FULL_DEVICE_AWARE,142,16,6,4,IDEALIZED_SINGLE_PAIR_GRADUAL,12800.0,95.31,95.49000303968246,False,False
HfOx_01,10.1109/TNANO.2024.3485213,HfOx,FULL_DEVICE_AWARE,143,16,4,4,IDEALIZED_SINGLE_PAIR_GRADUAL,12800.0,95.18,95.40408776984121,False,False
HfOx_01,10.1109/TNANO.2024.3485213,HfOx,FULL_DEVICE_AWARE,144,16,7,4,IDEALIZED_SINGLE_PAIR_GRADUAL,12800.0,95.16,95.5006533968254,False,False
HfOx_01,10.1109/TNANO.2024.3485213,HfOx,FULL_DEVICE_AWARE,145,128,6,5,IDEALIZED_SINGLE_PAIR_GRADUAL,512.0,94.55,94.41405581890312,True,False
HfOx_01,10.1109/TNANO.2024.3485213,HfOx,FULL_DEVICE_AWARE,146,128,4,5,IDEALIZED_SINGLE_PAIR_GRADUAL,512.0,94.47,94.21074985930736,False,False
HfOx_01,10.1109/TNANO.2024.3485213,HfOx,FULL_DEVICE_AWARE,147,128,7,5,IDEALIZED_SINGLE_PAIR_GRADUAL,512.0,94.43,94.45535404689743,False,False
HfOx_01,10.1109/TNANO.2024.3485213,HfOx,FULL_DEVICE_AWARE,148,128,8,5,IDEALIZED_SINGLE_PAIR_GRADUAL,512.0,94.36,94.48848261038962,False,True
HfOx_01,10.1109/TNANO.2024.3485213,HfOx,FULL_DEVICE_AWARE,149,128,5,5,IDEALIZED_SINGLE_PAIR_GRADUAL,512.0,94.33,94.3387326681095,False,False
HfOx_01,10.1109/TNANO.2024.3485213,HfOx,FULL_DEVICE_AWARE,150,256,8,5,IDEALIZED_SINGLE_PAIR_GRADUAL,320.0,94.11,94.06449623015884,True,False
HfOx_01,10.1109/TNANO.2024.3485213,HfOx,FULL_DEVICE_AWARE,151,32,6,4,IDEALIZED_SINGLE_PAIR_GRADUAL,3328.0,94.08,94.22354996031748,False,False
HfOx_01,10.1109/TNANO.2024.3485213,HfOx,FULL_DEVICE_AWARE,152,256,6,5,IDEALIZED_SINGLE_PAIR_GRADUAL,320.0,94.07,94.04922918253975,False,False
HfOx_01,10.1109/TNANO.2024.3485213,HfOx,FULL_DEVICE_AWARE,153,256,7,5,IDEALIZED_SINGLE_PAIR_GRADUAL,320.0,94.02,94.06638513492075,False,True
HfOx_01,10.1109/TNANO.2024.3485213,HfOx,FULL_DEVICE_AWARE,154,32,7,4,IDEALIZED_SINGLE_PAIR_GRADUAL,3328.0,93.95,94.28738599999993,False,False
HfOx_01,10.1109/TNANO.2024.3485213,HfOx,FULL_DEVICE_AWARE,155,32,8,4,IDEALIZED_SINGLE_PAIR_GRADUAL,3328.0,93.93,94.28474566666657,False,False
HfOx_01,10.1109/TNANO.2024.3485213,HfOx,FULL_DEVICE_AWARE,156,32,4,4,IDEALIZED_SINGLE_PAIR_GRADUAL,3328.0,93.82,94.08189009523798,False,False
HfOx_01,10.1109/TNANO.2024.3485213,HfOx,FULL_DEVICE_AWARE,157,32,5,4,IDEALIZED_SINGLE_PAIR_GRADUAL,3328.0,93.81,94.06047409523809,False,False
HfOx_01,10.1109/TNANO.2024.3485213,HfOx,FULL_DEVICE_AWARE,158,256,4,5,IDEALIZED_SINGLE_PAIR_GRADUAL,320.0,93.7,93.98528884126979,False,False
HfOx_01,10.1109/TNANO.2024.3485213,HfOx,FULL_DEVICE_AWARE,159,256,5,5,IDEALIZED_SINGLE_PAIR_GRADUAL,320.0,93.6,93.99571227777771,False,False
HfOx_01,10.1109/TNANO.2024.3485213,HfOx,FULL_DEVICE_AWARE,160,256,3,10,IDEALIZED_SINGLE_PAIR_GRADUAL,10240.0,92.25,92.22465784920644,False,False
HfOx_01,10.1109/TNANO.2024.3485213,HfOx,FULL_DEVICE_AWARE,161,16,3,8,IDEALIZED_SINGLE_PAIR_GRADUAL,204800.0,92.23,92.21048702380953,False,False
HfOx_01,10.1109/TNANO.2024.3485213,HfOx,FULL_DEVICE_AWARE,162,64,3,9,IDEALIZED_SINGLE_PAIR_GRADUAL,28672.0,92.23,92.20872053391044,False,False
HfOx_01,10.1109/TNANO.2024.3485213,HfOx,FULL_DEVICE_AWARE,163,256,3,8,IDEALIZED_SINGLE_PAIR_GRADUAL,2560.0,92.23,92.2442326984126,False,False
HfOx_01,10.1109/TNANO.2024.3485213,HfOx,FULL_DEVICE_AWARE,164,64,3,10,IDEALIZED_SINGLE_PAIR_GRADUAL,57344.0,92.22,92.2151791825397,False,False
HfOx_01,10.1109/TNANO.2024.3485213,HfOx,FULL_DEVICE_AWARE,165,128,3,10,IDEALIZED_SINGLE_PAIR_GRADUAL,16384.0,92.21,92.2125828333332,False,False
HfOx_01,10.1109/TNANO.2024.3485213,HfOx,FULL_DEVICE_AWARE,166,32,3,10,IDEALIZED_SINGLE_PAIR_GRADUAL,212992.0,92.21,92.22738888888891,False,False
HfOx_01,10.1109/TNANO.2024.3485213,HfOx,FULL_DEVICE_AWARE,167,32,3,9,IDEALIZED_SINGLE_PAIR_GRADUAL,106496.0,92.21,92.21156451010103,False,False
HfOx_01,10.1109/TNANO.2024.3485213,HfOx,FULL_DEVICE_AWARE,168,16,3,10,IDEALIZED_SINGLE_PAIR_GRADUAL,819200.0,92.21,92.22578415873014,False,False
HfOx_01,10.1109/TNANO.2024.3485213,HfOx,FULL_DEVICE_AWARE,169,128,3,9,IDEALIZED_SINGLE_PAIR_GRADUAL,8192.0,92.2,92.22302078787868,False,False
HfOx_01,10.1109/TNANO.2024.3485213,HfOx,FULL_DEVICE_AWARE,170,32,3,7,IDEALIZED_SINGLE_PAIR_GRADUAL,26624.0,92.19,92.15621960317446,False,False
HfOx_01,10.1109/TNANO.2024.3485213,HfOx,FULL_DEVICE_AWARE,171,16,3,9,IDEALIZED_SINGLE_PAIR_GRADUAL,409600.0,92.19,92.20618664502162,False,False
HfOx_01,10.1109/TNANO.2024.3485213,HfOx,FULL_DEVICE_AWARE,172,32,3,8,IDEALIZED_SINGLE_PAIR_GRADUAL,53248.0,92.19,92.22667830158727,False,False
HfOx_01,10.1109/TNANO.2024.3485213,HfOx,FULL_DEVICE_AWARE,173,128,3,8,IDEALIZED_SINGLE_PAIR_GRADUAL,4096.0,92.19,92.24921076984118,False,False
HfOx_01,10.1109/TNANO.2024.3485213,HfOx,FULL_DEVICE_AWARE,174,256,3,7,IDEALIZED_SINGLE_PAIR_GRADUAL,1280.0,92.18,91.98245181746042,False,False
HfOx_01,10.1109/TNANO.2024.3485213,HfOx,FULL_DEVICE_AWARE,175,256,3,9,IDEALIZED_SINGLE_PAIR_GRADUAL,5120.0,92.17,92.22811430375177,False,False
HfOx_01,10.1109/TNANO.2024.3485213,HfOx,FULL_DEVICE_AWARE,176,64,3,8,IDEALIZED_SINGLE_PAIR_GRADUAL,14336.0,92.17,92.20477911904754,False,False
HfOx_01,10.1109/TNANO.2024.3485213,HfOx,FULL_DEVICE_AWARE,177,16,3,7,IDEALIZED_SINGLE_PAIR_GRADUAL,102400.0,92.16,92.16723533333318,False,False
HfOx_01,10.1109/TNANO.2024.3485213,HfOx,FULL_DEVICE_AWARE,178,32,3,6,IDEALIZED_SINGLE_PAIR_GRADUAL,13312.0,92.14,92.01534987445898,False,False
HfOx_01,10.1109/TNANO.2024.3485213,HfOx,FULL_DEVICE_AWARE,179,16,3,6,IDEALIZED_SINGLE_PAIR_GRADUAL,51200.0,92.14,92.09379462049075,False,False
HfOx_01,10.1109/TNANO.2024.3485213,HfOx,FULL_DEVICE_AWARE,180,64,3,6,IDEALIZED_SINGLE_PAIR_GRADUAL,3584.0,92.13,91.9542236204906,False,False
HfOx_01,10.1109/TNANO.2024.3485213,HfOx,FULL_DEVICE_AWARE,181,128,3,7,IDEALIZED_SINGLE_PAIR_GRADUAL,2048.0,92.12,91.98618246825407,False,False
HfOx_01,10.1109/TNANO.2024.3485213,HfOx,FULL_DEVICE_AWARE,182,128,3,6,IDEALIZED_SINGLE_PAIR_GRADUAL,1024.0,92.11,91.80208387301592,False,False
HfOx_01,10.1109/TNANO.2024.3485213,HfOx,FULL_DEVICE_AWARE,183,64,3,7,IDEALIZED_SINGLE_PAIR_GRADUAL,7168.0,92.03,92.03932049206355,False,False
HfOx_01,10.1109/TNANO.2024.3485213,HfOx,FULL_DEVICE_AWARE,184,256,3,6,IDEALIZED_SINGLE_PAIR_GRADUAL,640.0,91.71,91.75706668253976,False,False
HfOx_01,10.1109/TNANO.2024.3485213,HfOx,FULL_DEVICE_AWARE,185,16,3,5,IDEALIZED_SINGLE_PAIR_GRADUAL,25600.0,91.65,91.58585521428562,False,False
HfOx_01,10.1109/TNANO.2024.3485213,HfOx,FULL_DEVICE_AWARE,186,32,3,5,IDEALIZED_SINGLE_PAIR_GRADUAL,6656.0,91.11,91.41583557142852,False,False
HfOx_01,10.1109/TNANO.2024.3485213,HfOx,FULL_DEVICE_AWARE,187,64,8,4,IDEALIZED_SINGLE_PAIR_GRADUAL,896.0,91.09,89.94251084920619,False,False
HfOx_01,10.1109/TNANO.2024.3485213,HfOx,FULL_DEVICE_AWARE,188,64,6,4,IDEALIZED_SINGLE_PAIR_GRADUAL,896.0,91.0,90.06513480952371,False,False
HfOx_01,10.1109/TNANO.2024.3485213,HfOx,FULL_DEVICE_AWARE,189,64,4,4,IDEALIZED_SINGLE_PAIR_GRADUAL,896.0,90.93,90.19191796825417,False,False
HfOx_01,10.1109/TNANO.2024.3485213,HfOx,FULL_DEVICE_AWARE,190,64,7,4,IDEALIZED_SINGLE_PAIR_GRADUAL,896.0,90.85,89.9572155158729,False,False
HfOx_01,10.1109/TNANO.2024.3485213,HfOx,FULL_DEVICE_AWARE,191,16,3,4,IDEALIZED_SINGLE_PAIR_GRADUAL,12800.0,90.68,90.21577707936508,False,False
HfOx_01,10.1109/TNANO.2024.3485213,HfOx,FULL_DEVICE_AWARE,192,64,5,4,IDEALIZED_SINGLE_PAIR_GRADUAL,896.0,90.5,90.03405549206354,False,False
HfOx_01,10.1109/TNANO.2024.3485213,HfOx,FULL_DEVICE_AWARE,193,64,3,5,IDEALIZED_SINGLE_PAIR_GRADUAL,1792.0,90.46,90.98234459523813,False,False
HfOx_01,10.1109/TNANO.2024.3485213,HfOx,FULL_DEVICE_AWARE,194,32,3,4,IDEALIZED_SINGLE_PAIR_GRADUAL,3328.0,89.89,89.47097580952388,False,False
HfOx_01,10.1109/TNANO.2024.3485213,HfOx,FULL_DEVICE_AWARE,195,128,3,5,IDEALIZED_SINGLE_PAIR_GRADUAL,512.0,88.68,90.0568504365078,False,False
HfOx_01,10.1109/TNANO.2024.3485213,HfOx,FULL_DEVICE_AWARE,196,256,3,5,IDEALIZED_SINGLE_PAIR_GRADUAL,320.0,88.67,89.5702747222222,False,False
HfOx_01,10.1109/TNANO.2024.3485213,HfOx,FULL_DEVICE_AWARE,197,64,3,4,IDEALIZED_SINGLE_PAIR_GRADUAL,896.0,85.99,86.81406529365073,False,False
HfOx_01,10.1109/TNANO.2024.3485213,HfOx,FULL_DEVICE_AWARE,198,128,4,4,IDEALIZED_SINGLE_PAIR_GRADUAL,256.0,84.3,77.24382158730158,True,True
HfOx_01,10.1109/TNANO.2024.3485213,HfOx,FULL_DEVICE_AWARE,199,128,6,4,IDEALIZED_SINGLE_PAIR_GRADUAL,256.0,83.23,75.90858578571422,False,False
HfOx_01,10.1109/TNANO.2024.3485213,HfOx,FULL_DEVICE_AWARE,200,256,4,4,IDEALIZED_SINGLE_PAIR_GRADUAL,160.0,83.11,77.00988517460321,True,True
HfOx_01,10.1109/TNANO.2024.3485213,HfOx,FULL_DEVICE_AWARE,201,128,8,4,IDEALIZED_SINGLE_PAIR_GRADUAL,256.0,82.98,75.94125413492067,False,False
HfOx_01,10.1109/TNANO.2024.3485213,HfOx,FULL_DEVICE_AWARE,202,128,7,4,IDEALIZED_SINGLE_PAIR_GRADUAL,256.0,82.79,75.88603897619046,False,False
HfOx_01,10.1109/TNANO.2024.3485213,HfOx,FULL_DEVICE_AWARE,203,128,5,4,IDEALIZED_SINGLE_PAIR_GRADUAL,256.0,82.7,75.69815711904747,False,False
HfOx_01,10.1109/TNANO.2024.3485213,HfOx,FULL_DEVICE_AWARE,204,256,5,4,IDEALIZED_SINGLE_PAIR_GRADUAL,160.0,80.43,75.68249186507926,False,False
HfOx_01,10.1109/TNANO.2024.3485213,HfOx,FULL_DEVICE_AWARE,205,256,6,4,IDEALIZED_SINGLE_PAIR_GRADUAL,160.0,80.14,75.92128176984122,False,False
HfOx_01,10.1109/TNANO.2024.3485213,HfOx,FULL_DEVICE_AWARE,206,256,8,4,IDEALIZED_SINGLE_PAIR_GRADUAL,160.0,79.88,75.98248750000002,False,False
HfOx_01,10.1109/TNANO.2024.3485213,HfOx,FULL_DEVICE_AWARE,207,256,7,4,IDEALIZED_SINGLE_PAIR_GRADUAL,160.0,79.87,75.91864267460315,False,False
HfOx_01,10.1109/TNANO.2024.3485213,HfOx,FULL_DEVICE_AWARE,208,128,3,4,IDEALIZED_SINGLE_PAIR_GRADUAL,256.0,77.81,76.38074749206358,False,False
HfOx_01,10.1109/TNANO.2024.3485213,HfOx,FULL_DEVICE_AWARE,209,256,3,4,IDEALIZED_SINGLE_PAIR_GRADUAL,160.0,73.61,74.75585103968254,False,False
HfOx_01,10.1109/TNANO.2024.3485213,HfOx,FULL_DEVICE_AWARE,210,64,2,4,IDEALIZED_SINGLE_PAIR_GRADUAL,896.0,12.59,12.157340071428573,False,False
HfOx_01,10.1109/TNANO.2024.3485213,HfOx,FULL_DEVICE_AWARE,211,256,2,6,IDEALIZED_SINGLE_PAIR_GRADUAL,640.0,12.1,11.10485374603175,False,False
HfOx_01,10.1109/TNANO.2024.3485213,HfOx,FULL_DEVICE_AWARE,212,32,2,4,IDEALIZED_SINGLE_PAIR_GRADUAL,3328.0,12.04,11.822661753968244,False,False
HfOx_01,10.1109/TNANO.2024.3485213,HfOx,FULL_DEVICE_AWARE,213,16,2,4,IDEALIZED_SINGLE_PAIR_GRADUAL,12800.0,11.7,11.89811652380952,False,False
HfOx_01,10.1109/TNANO.2024.3485213,HfOx,FULL_DEVICE_AWARE,214,256,2,4,IDEALIZED_SINGLE_PAIR_GRADUAL,160.0,11.66,11.032094965367977,False,False
HfOx_01,10.1109/TNANO.2024.3485213,HfOx,FULL_DEVICE_AWARE,215,128,2,6,IDEALIZED_SINGLE_PAIR_GRADUAL,1024.0,11.64,11.158405531746034,False,False
HfOx_01,10.1109/TNANO.2024.3485213,HfOx,FULL_DEVICE_AWARE,216,64,2,6,IDEALIZED_SINGLE_PAIR_GRADUAL,3584.0,11.64,11.14985869047619,False,False
HfOx_01,10.1109/TNANO.2024.3485213,HfOx,FULL_DEVICE_AWARE,217,128,2,4,IDEALIZED_SINGLE_PAIR_GRADUAL,256.0,11.6,11.7216583888889,False,False
HfOx_01,10.1109/TNANO.2024.3485213,HfOx,FULL_DEVICE_AWARE,218,128,2,7,IDEALIZED_SINGLE_PAIR_GRADUAL,2048.0,11.53,11.460869150793629,False,False
HfOx_01,10.1109/TNANO.2024.3485213,HfOx,FULL_DEVICE_AWARE,219,16,2,6,IDEALIZED_SINGLE_PAIR_GRADUAL,51200.0,11.52,11.320964126984126,False,False
HfOx_01,10.1109/TNANO.2024.3485213,HfOx,FULL_DEVICE_AWARE,220,32,2,6,IDEALIZED_SINGLE_PAIR_GRADUAL,13312.0,11.52,11.29459797619047,False,False
HfOx_01,10.1109/TNANO.2024.3485213,HfOx,FULL_DEVICE_AWARE,221,32,2,9,IDEALIZED_SINGLE_PAIR_GRADUAL,106496.0,11.47,11.318929706349207,False,False
HfOx_01,10.1109/TNANO.2024.3485213,HfOx,FULL_DEVICE_AWARE,222,256,2,7,IDEALIZED_SINGLE_PAIR_GRADUAL,1280.0,11.47,11.474298531746015,False,False
HfOx_01,10.1109/TNANO.2024.3485213,HfOx,FULL_DEVICE_AWARE,223,16,2,9,IDEALIZED_SINGLE_PAIR_GRADUAL,409600.0,11.46,11.353888498557016,False,False
HfOx_01,10.1109/TNANO.2024.3485213,HfOx,FULL_DEVICE_AWARE,224,256,2,9,IDEALIZED_SINGLE_PAIR_GRADUAL,5120.0,11.44,11.345821436507945,False,False
HfOx_01,10.1109/TNANO.2024.3485213,HfOx,FULL_DEVICE_AWARE,225,128,2,9,IDEALIZED_SINGLE_PAIR_GRADUAL,8192.0,11.43,11.334483246031747,False,False
HfOx_01,10.1109/TNANO.2024.3485213,HfOx,FULL_DEVICE_AWARE,226,64,2,9,IDEALIZED_SINGLE_PAIR_GRADUAL,28672.0,11.4,11.309039388888884,False,False
HfOx_01,10.1109/TNANO.2024.3485213,HfOx,FULL_DEVICE_AWARE,227,16,2,10,IDEALIZED_SINGLE_PAIR_GRADUAL,819200.0,11.39,11.482005873015897,False,False
HfOx_01,10.1109/TNANO.2024.3485213,HfOx,FULL_DEVICE_AWARE,228,16,2,7,IDEALIZED_SINGLE_PAIR_GRADUAL,102400.0,11.39,11.245212444444437,False,False
HfOx_01,10.1109/TNANO.2024.3485213,HfOx,FULL_DEVICE_AWARE,229,128,2,8,IDEALIZED_SINGLE_PAIR_GRADUAL,4096.0,11.29,11.48131412698413,False,False
HfOx_01,10.1109/TNANO.2024.3485213,HfOx,FULL_DEVICE_AWARE,230,32,2,7,IDEALIZED_SINGLE_PAIR_GRADUAL,26624.0,11.29,11.245417158730142,False,False
HfOx_01,10.1109/TNANO.2024.3485213,HfOx,FULL_DEVICE_AWARE,231,256,2,8,IDEALIZED_SINGLE_PAIR_GRADUAL,2560.0,11.26,11.493021071428576,False,False
HfOx_01,10.1109/TNANO.2024.3485213,HfOx,FULL_DEVICE_AWARE,232,32,2,8,IDEALIZED_SINGLE_PAIR_GRADUAL,53248.0,11.24,11.371191015873018,False,False
HfOx_01,10.1109/TNANO.2024.3485213,HfOx,FULL_DEVICE_AWARE,233,16,2,8,IDEALIZED_SINGLE_PAIR_GRADUAL,204800.0,11.2,11.41034833982684,False,False
HfOx_01,10.1109/TNANO.2024.3485213,HfOx,FULL_DEVICE_AWARE,234,256,2,10,IDEALIZED_SINGLE_PAIR_GRADUAL,10240.0,11.19,11.39474042063491,False,False
HfOx_01,10.1109/TNANO.2024.3485213,HfOx,FULL_DEVICE_AWARE,235,128,2,10,IDEALIZED_SINGLE_PAIR_GRADUAL,16384.0,11.18,11.399875698412693,False,False
HfOx_01,10.1109/TNANO.2024.3485213,HfOx,FULL_DEVICE_AWARE,236,32,2,10,IDEALIZED_SINGLE_PAIR_GRADUAL,212992.0,11.17,11.454979174603178,False,False
HfOx_01,10.1109/TNANO.2024.3485213,HfOx,FULL_DEVICE_AWARE,237,16,2,5,IDEALIZED_SINGLE_PAIR_GRADUAL,25600.0,11.16,11.691208365079369,False,False
HfOx_01,10.1109/TNANO.2024.3485213,HfOx,FULL_DEVICE_AWARE,238,64,2,10,IDEALIZED_SINGLE_PAIR_GRADUAL,57344.0,11.15,11.434162936507942,False,False
HfOx_01,10.1109/TNANO.2024.3485213,HfOx,FULL_DEVICE_AWARE,239,64,2,8,IDEALIZED_SINGLE_PAIR_GRADUAL,14336.0,11.14,11.35821117460318,False,False
HfOx_01,10.1109/TNANO.2024.3485213,HfOx,FULL_DEVICE_AWARE,240,64,2,7,IDEALIZED_SINGLE_PAIR_GRADUAL,7168.0,11.11,11.176191396825393,False,False
HfOx_01,10.1109/TNANO.2024.3485213,HfOx,FULL_DEVICE_AWARE,241,64,2,5,IDEALIZED_SINGLE_PAIR_GRADUAL,1792.0,11.07,12.01354275396827,False,False
HfOx_01,10.1109/TNANO.2024.3485213,HfOx,FULL_DEVICE_AWARE,242,32,2,5,IDEALIZED_SINGLE_PAIR_GRADUAL,6656.0,10.91,11.738864682539681,False,False
HfOx_01,10.1109/TNANO.2024.3485213,HfOx,FULL_DEVICE_AWARE,243,128,2,5,IDEALIZED_SINGLE_PAIR_GRADUAL,512.0,10.7,11.952902150793644,False,False
HfOx_01,10.1109/TNANO.2024.3485213,HfOx,FULL_DEVICE_AWARE,244,256,2,5,IDEALIZED_SINGLE_PAIR_GRADUAL,320.0,10.07,11.858740730158715,False,False
HfOx_02,10.1088/2634-4386/ac7327,HfOx,HARDWARE_ONLY,0,16,6,10,IDEALIZED_SINGLE_PAIR_ANALOG,819200.0,96.3,96.2689724989699,False,True
HfOx_02,10.1088/2634-4386/ac7327,HfOx,HARDWARE_ONLY,1,64,6,8,IDEALIZED_SINGLE_PAIR_ANALOG,14336.0,96.3,96.03821794333221,True,False
HfOx_02,10.1088/2634-4386/ac7327,HfOx,HARDWARE_ONLY,2,64,6,10,IDEALIZED_SINGLE_PAIR_ANALOG,57344.0,96.29,96.26746124419546,False,True
HfOx_02,10.1088/2634-4386/ac7327,HfOx,HARDWARE_ONLY,3,16,6,9,IDEALIZED_SINGLE_PAIR_ANALOG,409600.0,96.28,96.2281427617301,False,False
HfOx_02,10.1088/2634-4386/ac7327,HfOx,HARDWARE_ONLY,4,16,7,7,IDEALIZED_SINGLE_PAIR_ANALOG,102400.0,96.28,96.05165807553772,False,False
HfOx_02,10.1088/2634-4386/ac7327,HfOx,HARDWARE_ONLY,5,32,6,10,IDEALIZED_SINGLE_PAIR_ANALOG,212992.0,96.28,96.26403617401877,False,False
HfOx_02,10.1088/2634-4386/ac7327,HfOx,HARDWARE_ONLY,6,64,6,9,IDEALIZED_SINGLE_PAIR_ANALOG,28672.0,96.27,96.20530357169953,False,False
HfOx_02,10.1088/2634-4386/ac7327,HfOx,HARDWARE_ONLY,7,16,6,7,IDEALIZED_SINGLE_PAIR_ANALOG,102400.0,96.27,96.04070751365549,False,False
HfOx_02,10.1088/2634-4386/ac7327,HfOx,HARDWARE_ONLY,8,32,8,10,IDEALIZED_SINGLE_PAIR_ANALOG,212992.0,96.26,96.22976727805357,False,False
HfOx_02,10.1088/2634-4386/ac7327,HfOx,HARDWARE_ONLY,9,64,7,9,IDEALIZED_SINGLE_PAIR_ANALOG,28672.0,96.26,96.1944142975308,False,False
HfOx_02,10.1088/2634-4386/ac7327,HfOx,HARDWARE_ONLY,10,256,6,10,IDEALIZED_SINGLE_PAIR_ANALOG,10240.0,96.26,96.23700199507518,True,True
HfOx_02,10.1088/2634-4386/ac7327,HfOx,HARDWARE_ONLY,11,128,6,10,IDEALIZED_SINGLE_PAIR_ANALOG,16384.0,96.26,96.24075478527197,False,True
HfOx_02,10.1088/2634-4386/ac7327,HfOx,HARDWARE_ONLY,12,16,7,6,IDEALIZED_SINGLE_PAIR_ANALOG,51200.0,96.25,95.73385884585066,False,False
HfOx_02,10.1088/2634-4386/ac7327,HfOx,HARDWARE_ONLY,13,256,7,8,IDEALIZED_SINGLE_PAIR_ANALOG,2560.0,96.25,95.83886065859151,True,False
HfOx_02,10.1088/2634-4386/ac7327,HfOx,HARDWARE_ONLY,14,64,7,10,IDEALIZED_SINGLE_PAIR_ANALOG,57344.0,96.25,96.20007118695302,False,False
HfOx_02,10.1088/2634-4386/ac7327,HfOx,HARDWARE_ONLY,15,16,6,8,IDEALIZED_SINGLE_PAIR_ANALOG,204800.0,96.25,96.2171100871834,False,False
HfOx_02,10.1088/2634-4386/ac7327,HfOx,HARDWARE_ONLY,16,16,8,10,IDEALIZED_SINGLE_PAIR_ANALOG,819200.0,96.25,96.22562358283542,False,False
HfOx_02,10.1088/2634-4386/ac7327,HfOx,HARDWARE_ONLY,17,16,8,9,IDEALIZED_SINGLE_PAIR_ANALOG,409600.0,96.25,96.2167467526336,False,False
HfOx_02,10.1088/2634-4386/ac7327,HfOx,HARDWARE_ONLY,18,32,7,8,IDEALIZED_SINGLE_PAIR_ANALOG,53248.0,96.25,96.14064576060422,False,False
HfOx_02,10.1088/2634-4386/ac7327,HfOx,HARDWARE_ONLY,19,32,6,7,IDEALIZED_SINGLE_PAIR_ANALOG,26624.0,96.24,95.92650014001694,False,False
HfOx_02,10.1088/2634-4386/ac7327,HfOx,HARDWARE_ONLY,20,16,7,10,IDEALIZED_SINGLE_PAIR_ANALOG,819200.0,96.24,96.1983685362525,False,False
HfOx_02,10.1088/2634-4386/ac7327,HfOx,HARDWARE_ONLY,21,32,7,9,IDEALIZED_SINGLE_PAIR_ANALOG,106496.0,96.24,96.19427503811505,False,False
HfOx_02,10.1088/2634-4386/ac7327,HfOx,HARDWARE_ONLY,22,32,6,9,IDEALIZED_SINGLE_PAIR_ANALOG,106496.0,96.24,96.22873014898009,False,False
HfOx_02,10.1088/2634-4386/ac7327,HfOx,HARDWARE_ONLY,23,256,7,9,IDEALIZED_SINGLE_PAIR_ANALOG,5120.0,96.24,96.12427916699802,False,False
HfOx_02,10.1088/2634-4386/ac7327,HfOx,HARDWARE_ONLY,24,128,8,8,IDEALIZED_SINGLE_PAIR_ANALOG,4096.0,96.24,95.7855024913584,False,False
HfOx_02,10.1088/2634-4386/ac7327,HfOx,HARDWARE_ONLY,25,64,8,8,IDEALIZED_SINGLE_PAIR_ANALOG,14336.0,96.23,96.04390605449116,False,False
HfOx_02,10.1088/2634-4386/ac7327,HfOx,HARDWARE_ONLY,26,256,8,8,IDEALIZED_SINGLE_PAIR_ANALOG,2560.0,96.23,95.73925685610584,False,False
HfOx_02,10.1088/2634-4386/ac7327,HfOx,HARDWARE_ONLY,27,16,8,7,IDEALIZED_SINGLE_PAIR_ANALOG,102400.0,96.23,96.04520241240462,False,False
HfOx_02,10.1088/2634-4386/ac7327,HfOx,HARDWARE_ONLY,28,128,6,8,IDEALIZED_SINGLE_PAIR_ANALOG,4096.0,96.23,95.90167681606678,False,True
HfOx_02,10.1088/2634-4386/ac7327,HfOx,HARDWARE_ONLY,29,16,7,9,IDEALIZED_SINGLE_PAIR_ANALOG,409600.0,96.23,96.20408120648797,False,False
HfOx_02,10.1088/2634-4386/ac7327,HfOx,HARDWARE_ONLY,30,64,7,8,IDEALIZED_SINGLE_PAIR_ANALOG,14336.0,96.22,96.01526472070474,False,False
HfOx_02,10.1088/2634-4386/ac7327,HfOx,HARDWARE_ONLY,31,128,8,9,IDEALIZED_SINGLE_PAIR_ANALOG,8192.0,96.22,96.13582922543466,False,False
HfOx_02,10.1088/2634-4386/ac7327,HfOx,HARDWARE_ONLY,32,64,8,10,IDEALIZED_SINGLE_PAIR_ANALOG,57344.0,96.22,96.22247101127269,False,False
HfOx_02,10.1088/2634-4386/ac7327,HfOx,HARDWARE_ONLY,33,16,7,8,IDEALIZED_SINGLE_PAIR_ANALOG,204800.0,96.22,96.18430088941068,False,False
HfOx_02,10.1088/2634-4386/ac7327,HfOx,HARDWARE_ONLY,34,256,8,9,IDEALIZED_SINGLE_PAIR_ANALOG,5120.0,96.22,96.12410764548189,False,False
HfOx_02,10.1088/2634-4386/ac7327,HfOx,HARDWARE_ONLY,35,256,7,10,IDEALIZED_SINGLE_PAIR_ANALOG,10240.0,96.22,96.1855379348728,False,False
HfOx_02,10.1088/2634-4386/ac7327,HfOx,HARDWARE_ONLY,36,128,8,10,IDEALIZED_SINGLE_PAIR_ANALOG,16384.0,96.22,96.19949066247256,False,False
HfOx_02,10.1088/2634-4386/ac7327,HfOx,HARDWARE_ONLY,37,16,8,8,IDEALIZED_SINGLE_PAIR_ANALOG,204800.0,96.22,96.16776983117414,False,False
HfOx_02,10.1088/2634-4386/ac7327,HfOx,HARDWARE_ONLY,38,32,8,9,IDEALIZED_SINGLE_PAIR_ANALOG,106496.0,96.22,96.2278239278614,False,False
HfOx_02,10.1088/2634-4386/ac7327,HfOx,HARDWARE_ONLY,39,32,7,7,IDEALIZED_SINGLE_PAIR_ANALOG,26624.0,96.21,95.89902613432233,False,False
HfOx_02,10.1088/2634-4386/ac7327,HfOx,HARDWARE_ONLY,40,256,8,10,IDEALIZED_SINGLE_PAIR_ANALOG,10240.0,96.21,96.21857825852736,False,False
HfOx_02,10.1088/2634-4386/ac7327,HfOx,HARDWARE_ONLY,41,64,8,9,IDEALIZED_SINGLE_PAIR_ANALOG,28672.0,96.21,96.18603422145021,False,False
HfOx_02,10.1088/2634-4386/ac7327,HfOx,HARDWARE_ONLY,42,32,7,10,IDEALIZED_SINGLE_PAIR_ANALOG,212992.0,96.21,96.21883919715901,False,False
HfOx_02,10.1088/2634-4386/ac7327,HfOx,HARDWARE_ONLY,43,32,8,6,IDEALIZED_SINGLE_PAIR_ANALOG,13312.0,96.21,95.19419051601668,False,False
HfOx_02,10.1088/2634-4386/ac7327,HfOx,HARDWARE_ONLY,44,32,6,8,IDEALIZED_SINGLE_PAIR_ANALOG,53248.0,96.21,96.14133433405479,False,False
HfOx_02,10.1088/2634-4386/ac7327,HfOx,HARDWARE_ONLY,45,128,7,9,IDEALIZED_SINGLE_PAIR_ANALOG,8192.0,96.2,96.13439493723472,False,False
HfOx_02,10.1088/2634-4386/ac7327,HfOx,HARDWARE_ONLY,46,128,7,10,IDEALIZED_SINGLE_PAIR_ANALOG,16384.0,96.2,96.20131823328776,False,False
HfOx_02,10.1088/2634-4386/ac7327,HfOx,HARDWARE_ONLY,47,256,6,8,IDEALIZED_SINGLE_PAIR_ANALOG,2560.0,96.2,95.84519336449175,False,True
HfOx_02,10.1088/2634-4386/ac7327,HfOx,HARDWARE_ONLY,48,16,6,6,IDEALIZED_SINGLE_PAIR_ANALOG,51200.0,96.2,95.75879652252883,False,False
HfOx_02,10.1088/2634-4386/ac7327,HfOx,HARDWARE_ONLY,49,64,5,8,IDEALIZED_SINGLE_PAIR_ANALOG,14336.0,96.2,95.97182486670785,False,False
HfOx_02,10.1088/2634-4386/ac7327,HfOx,HARDWARE_ONLY,50,128,5,9,IDEALIZED_SINGLE_PAIR_ANALOG,8192.0,96.2,96.08854037660215,False,False
HfOx_02,10.1088/2634-4386/ac7327,HfOx,HARDWARE_ONLY,51,128,6,9,IDEALIZED_SINGLE_PAIR_ANALOG,8192.0,96.2,96.15573154193676,False,False
HfOx_02,10.1088/2634-4386/ac7327,HfOx,HARDWARE_ONLY,52,32,6,6,IDEALIZED_SINGLE_PAIR_ANALOG,13312.0,96.19,95.32771903547201,False,False
HfOx_02,10.1088/2634-4386/ac7327,HfOx,HARDWARE_ONLY,53,256,6,7,IDEALIZED_SINGLE_PAIR_ANALOG,1280.0,96.19,93.885377825169,True,False
HfOx_02,10.1088/2634-4386/ac7327,HfOx,HARDWARE_ONLY,54,64,8,7,IDEALIZED_SINGLE_PAIR_ANALOG,7168.0,96.19,95.63654768250511,False,False
HfOx_02,10.1088/2634-4386/ac7327,HfOx,HARDWARE_ONLY,55,128,5,8,IDEALIZED_SINGLE_PAIR_ANALOG,4096.0,96.19,95.7833900272538,False,False
HfOx_02,10.1088/2634-4386/ac7327,HfOx,HARDWARE_ONLY,56,128,7,8,IDEALIZED_SINGLE_PAIR_ANALOG,4096.0,96.18,95.80498238181497,False,False
HfOx_02,10.1088/2634-4386/ac7327,HfOx,HARDWARE_ONLY,57,64,7,7,IDEALIZED_SINGLE_PAIR_ANALOG,7168.0,96.18,95.62036503091711,False,False
HfOx_02,10.1088/2634-4386/ac7327,HfOx,HARDWARE_ONLY,58,32,8,8,IDEALIZED_SINGLE_PAIR_ANALOG,53248.0,96.18,96.1297083198647,False,False
HfOx_02,10.1088/2634-4386/ac7327,HfOx,HARDWARE_ONLY,59,32,5,9,IDEALIZED_SINGLE_PAIR_ANALOG,106496.0,96.17,96.1083684157852,False,False
HfOx_02,10.1088/2634-4386/ac7327,HfOx,HARDWARE_ONLY,60,32,5,7,IDEALIZED_SINGLE_PAIR_ANALOG,26624.0,96.17,95.8527821858925,False,False
HfOx_02,10.1088/2634-4386/ac7327,HfOx,HARDWARE_ONLY,61,32,7,6,IDEALIZED_SINGLE_PAIR_ANALOG,13312.0,96.17,95.29436523909986,False,False
HfOx_02,10.1088/2634-4386/ac7327,HfOx,HARDWARE_ONLY,62,16,8,6,IDEALIZED_SINGLE_PAIR_ANALOG,51200.0,96.17,95.74539081752165,False,False
HfOx_02,10.1088/2634-4386/ac7327,HfOx,HARDWARE_ONLY,63,16,5,9,IDEALIZED_SINGLE_PAIR_ANALOG,409600.0,96.17,96.14990977054319,False,False
HfOx_02,10.1088/2634-4386/ac7327,HfOx,HARDWARE_ONLY,64,64,5,7,IDEALIZED_SINGLE_PAIR_ANALOG,7168.0,96.17,95.55164893735835,False,False
HfOx_02,10.1088/2634-4386/ac7327,HfOx,HARDWARE_ONLY,65,256,5,9,IDEALIZED_SINGLE_PAIR_ANALOG,5120.0,96.17,96.07793254833886,False,False
HfOx_02,10.1088/2634-4386/ac7327,HfOx,HARDWARE_ONLY,66,256,5,10,IDEALIZED_SINGLE_PAIR_ANALOG,10240.0,96.16,96.13241198623595,False,False
HfOx_02,10.1088/2634-4386/ac7327,HfOx,HARDWARE_ONLY,67,64,5,10,IDEALIZED_SINGLE_PAIR_ANALOG,57344.0,96.16,96.1564243363778,False,False
HfOx_02,10.1088/2634-4386/ac7327,HfOx,HARDWARE_ONLY,68,16,5,7,IDEALIZED_SINGLE_PAIR_ANALOG,102400.0,96.16,95.95828971973262,False,False
HfOx_02,10.1088/2634-4386/ac7327,HfOx,HARDWARE_ONLY,69,256,4,8,IDEALIZED_SINGLE_PAIR_ANALOG,2560.0,96.16,95.66868187252453,False,False
HfOx_02,10.1088/2634-4386/ac7327,HfOx,HARDWARE_ONLY,70,16,5,8,IDEALIZED_SINGLE_PAIR_ANALOG,204800.0,96.15,96.11990498183918,False,False
HfOx_02,10.1088/2634-4386/ac7327,HfOx,HARDWARE_ONLY,71,64,6,7,IDEALIZED_SINGLE_PAIR_ANALOG,7168.0,96.15,95.64867923105442,False,False
HfOx_02,10.1088/2634-4386/ac7327,HfOx,HARDWARE_ONLY,72,128,5,10,IDEALIZED_SINGLE_PAIR_ANALOG,16384.0,96.15,96.13793474855018,False,False
HfOx_02,10.1088/2634-4386/ac7327,HfOx,HARDWARE_ONLY,73,32,8,7,IDEALIZED_SINGLE_PAIR_ANALOG,26624.0,96.15,95.9194913088984,False,False
HfOx_02,10.1088/2634-4386/ac7327,HfOx,HARDWARE_ONLY,74,64,5,9,IDEALIZED_SINGLE_PAIR_ANALOG,28672.0,96.14,96.13043615832507,False,False
HfOx_02,10.1088/2634-4386/ac7327,HfOx,HARDWARE_ONLY,75,256,5,8,IDEALIZED_SINGLE_PAIR_ANALOG,2560.0,96.14,95.6120235535414,False,False
HfOx_02,10.1088/2634-4386/ac7327,HfOx,HARDWARE_ONLY,76,256,6,9,IDEALIZED_SINGLE_PAIR_ANALOG,5120.0,96.13,96.15612383457929,False,True
HfOx_02,10.1088/2634-4386/ac7327,HfOx,HARDWARE_ONLY,77,16,5,10,IDEALIZED_SINGLE_PAIR_ANALOG,819200.0,96.13,96.13338517469128,False,False
HfOx_02,10.1088/2634-4386/ac7327,HfOx,HARDWARE_ONLY,78,32,5,8,IDEALIZED_SINGLE_PAIR_ANALOG,53248.0,96.13,96.09447723198012,False,False
HfOx_02,10.1088/2634-4386/ac7327,HfOx,HARDWARE_ONLY,79,32,5,10,IDEALIZED_SINGLE_PAIR_ANALOG,212992.0,96.13,96.14138413371595,False,False
HfOx_02,10.1088/2634-4386/ac7327,HfOx,HARDWARE_ONLY,80,64,4,7,IDEALIZED_SINGLE_PAIR_ANALOG,7168.0,96.12,95.41353027506645,False,False
HfOx_02,10.1088/2634-4386/ac7327,HfOx,HARDWARE_ONLY,81,64,6,6,IDEALIZED_SINGLE_PAIR_ANALOG,3584.0,96.12,94.24628367812731,False,False
HfOx_02,10.1088/2634-4386/ac7327,HfOx,HARDWARE_ONLY,82,256,8,7,IDEALIZED_SINGLE_PAIR_ANALOG,1280.0,96.11,93.7928683427536,False,False
HfOx_02,10.1088/2634-4386/ac7327,HfOx,HARDWARE_ONLY,83,16,5,6,IDEALIZED_SINGLE_PAIR_ANALOG,51200.0,96.11,95.66495609761154,False,False
HfOx_02,10.1088/2634-4386/ac7327,HfOx,HARDWARE_ONLY,84,128,4,8,IDEALIZED_SINGLE_PAIR_ANALOG,4096.0,96.1,95.70548982536377,False,False
HfOx_02,10.1088/2634-4386/ac7327,HfOx,HARDWARE_ONLY,85,32,4,8,IDEALIZED_SINGLE_PAIR_ANALOG,53248.0,96.1,95.9838372566316,False,False
HfOx_02,10.1088/2634-4386/ac7327,HfOx,HARDWARE_ONLY,86,128,4,10,IDEALIZED_SINGLE_PAIR_ANALOG,16384.0,96.08,96.05770276504862,False,False
HfOx_02,10.1088/2634-4386/ac7327,HfOx,HARDWARE_ONLY,87,256,4,9,IDEALIZED_SINGLE_PAIR_ANALOG,5120.0,96.08,95.97588016788437,False,False
HfOx_02,10.1088/2634-4386/ac7327,HfOx,HARDWARE_ONLY,88,128,7,7,IDEALIZED_SINGLE_PAIR_ANALOG,2048.0,96.08,94.68431231604504,False,False
HfOx_02,10.1088/2634-4386/ac7327,HfOx,HARDWARE_ONLY,89,256,7,7,IDEALIZED_SINGLE_PAIR_ANALOG,1280.0,96.07,93.90356132484439,False,True
HfOx_02,10.1088/2634-4386/ac7327,HfOx,HARDWARE_ONLY,90,256,4,10,IDEALIZED_SINGLE_PAIR_ANALOG,10240.0,96.07,96.04596788053448,False,False
HfOx_02,10.1088/2634-4386/ac7327,HfOx,HARDWARE_ONLY,91,128,4,9,IDEALIZED_SINGLE_PAIR_ANALOG,8192.0,96.07,95.99616913037852,False,False
HfOx_02,10.1088/2634-4386/ac7327,HfOx,HARDWARE_ONLY,92,16,4,9,IDEALIZED_SINGLE_PAIR_ANALOG,409600.0,96.06,96.06064793527717,False,False
HfOx_02,10.1088/2634-4386/ac7327,HfOx,HARDWARE_ONLY,93,256,5,7,IDEALIZED_SINGLE_PAIR_ANALOG,1280.0,96.06,93.58575388248515,False,False
HfOx_02,10.1088/2634-4386/ac7327,HfOx,HARDWARE_ONLY,94,16,4,10,IDEALIZED_SINGLE_PAIR_ANALOG,819200.0,96.06,96.07601156528047,False,False
HfOx_02,10.1088/2634-4386/ac7327,HfOx,HARDWARE_ONLY,95,64,4,8,IDEALIZED_SINGLE_PAIR_ANALOG,14336.0,96.06,95.90683792141674,False,False
HfOx_02,10.1088/2634-4386/ac7327,HfOx,HARDWARE_ONLY,96,128,8,7,IDEALIZED_SINGLE_PAIR_ANALOG,2048.0,96.05,94.85168592407271,False,True
HfOx_02,10.1088/2634-4386/ac7327,HfOx,HARDWARE_ONLY,97,64,4,10,IDEALIZED_SINGLE_PAIR_ANALOG,57344.0,96.05,96.05744446221875,False,False
HfOx_02,10.1088/2634-4386/ac7327,HfOx,HARDWARE_ONLY,98,16,4,8,IDEALIZED_SINGLE_PAIR_ANALOG,204800.0,96.05,96.05929852065377,False,False
HfOx_02,10.1088/2634-4386/ac7327,HfOx,HARDWARE_ONLY,99,32,4,6,IDEALIZED_SINGLE_PAIR_ANALOG,13312.0,96.04,95.26122307143434,False,False
HfOx_02,10.1088/2634-4386/ac7327,HfOx,HARDWARE_ONLY,100,64,4,9,IDEALIZED_SINGLE_PAIR_ANALOG,28672.0,96.04,96.06138137113804,False,False
HfOx_02,10.1088/2634-4386/ac7327,HfOx,HARDWARE_ONLY,101,16,4,6,IDEALIZED_SINGLE_PAIR_ANALOG,51200.0,96.04,95.53816506643847,False,False
HfOx_02,10.1088/2634-4386/ac7327,HfOx,HARDWARE_ONLY,102,32,4,10,IDEALIZED_SINGLE_PAIR_ANALOG,212992.0,96.04,96.06753245246749,False,False
HfOx_02,10.1088/2634-4386/ac7327,HfOx,HARDWARE_ONLY,103,32,4,9,IDEALIZED_SINGLE_PAIR_ANALOG,106496.0,96.03,96.0702149248074,False,False
HfOx_02,10.1088/2634-4386/ac7327,HfOx,HARDWARE_ONLY,104,64,5,6,IDEALIZED_SINGLE_PAIR_ANALOG,3584.0,96.02,94.293893448672,False,False
HfOx_02,10.1088/2634-4386/ac7327,HfOx,HARDWARE_ONLY,105,32,5,6,IDEALIZED_SINGLE_PAIR_ANALOG,13312.0,96.02,95.1314266914785,False,False
HfOx_02,10.1088/2634-4386/ac7327,HfOx,HARDWARE_ONLY,106,32,4,7,IDEALIZED_SINGLE_PAIR_ANALOG,26624.0,96.01,95.821463739855,False,False
HfOx_02,10.1088/2634-4386/ac7327,HfOx,HARDWARE_ONLY,107,128,4,7,IDEALIZED_SINGLE_PAIR_ANALOG,2048.0,96.01,94.65678148731332,False,False
HfOx_02,10.1088/2634-4386/ac7327,HfOx,HARDWARE_ONLY,108,128,5,7,IDEALIZED_SINGLE_PAIR_ANALOG,2048.0,96.01,94.68874644128749,False,False
HfOx_02,10.1088/2634-4386/ac7327,HfOx,HARDWARE_ONLY,109,16,4,7,IDEALIZED_SINGLE_PAIR_ANALOG,102400.0,96.0,95.94347984662569,False,False
HfOx_02,10.1088/2634-4386/ac7327,HfOx,HARDWARE_ONLY,110,128,6,7,IDEALIZED_SINGLE_PAIR_ANALOG,2048.0,95.99,94.81013836064204,False,False
HfOx_02,10.1088/2634-4386/ac7327,HfOx,HARDWARE_ONLY,111,256,4,7,IDEALIZED_SINGLE_PAIR_ANALOG,1280.0,95.99,93.58585345687476,False,False
HfOx_02,10.1088/2634-4386/ac7327,HfOx,HARDWARE_ONLY,112,16,6,5,IDEALIZED_SINGLE_PAIR_ANALOG,25600.0,95.98,91.36435224308408,False,False
HfOx_02,10.1088/2634-4386/ac7327,HfOx,HARDWARE_ONLY,113,16,5,5,IDEALIZED_SINGLE_PAIR_ANALOG,25600.0,95.91,91.58385728609952,False,False
HfOx_02,10.1088/2634-4386/ac7327,HfOx,HARDWARE_ONLY,114,64,7,6,IDEALIZED_SINGLE_PAIR_ANALOG,3584.0,95.9,94.15895343143939,False,False
HfOx_02,10.1088/2634-4386/ac7327,HfOx,HARDWARE_ONLY,115,64,8,6,IDEALIZED_SINGLE_PAIR_ANALOG,3584.0,95.89,94.32500666580187,False,False
HfOx_02,10.1088/2634-4386/ac7327,HfOx,HARDWARE_ONLY,116,16,8,5,IDEALIZED_SINGLE_PAIR_ANALOG,25600.0,95.87,91.1200953919136,False,False
HfOx_02,10.1088/2634-4386/ac7327,HfOx,HARDWARE_ONLY,117,16,4,5,IDEALIZED_SINGLE_PAIR_ANALOG,25600.0,95.86,92.0358739936735,False,False
HfOx_02,10.1088/2634-4386/ac7327,HfOx,HARDWARE_ONLY,118,16,7,5,IDEALIZED_SINGLE_PAIR_ANALOG,25600.0,95.85,91.27760958443552,False,False
HfOx_02,10.1088/2634-4386/ac7327,HfOx,HARDWARE_ONLY,119,64,4,6,IDEALIZED_SINGLE_PAIR_ANALOG,3584.0,95.79,94.29690769097087,False,False
HfOx_02,10.1088/2634-4386/ac7327,HfOx,HARDWARE_ONLY,120,256,8,6,IDEALIZED_SINGLE_PAIR_ANALOG,640.0,95.75,91.26095207736331,True,True
HfOx_02,10.1088/2634-4386/ac7327,HfOx,HARDWARE_ONLY,121,32,5,5,IDEALIZED_SINGLE_PAIR_ANALOG,6656.0,95.73,89.76110050665312,False,False
HfOx_02,10.1088/2634-4386/ac7327,HfOx,HARDWARE_ONLY,122,256,7,6,IDEALIZED_SINGLE_PAIR_ANALOG,640.0,95.73,91.07333665949417,False,False
HfOx_02,10.1088/2634-4386/ac7327,HfOx,HARDWARE_ONLY,123,128,6,6,IDEALIZED_SINGLE_PAIR_ANALOG,1024.0,95.7,91.65564542535084,False,False
HfOx_02,10.1088/2634-4386/ac7327,HfOx,HARDWARE_ONLY,124,32,6,5,IDEALIZED_SINGLE_PAIR_ANALOG,6656.0,95.7,89.5161744681949,False,False
HfOx_02,10.1088/2634-4386/ac7327,HfOx,HARDWARE_ONLY,125,32,8,5,IDEALIZED_SINGLE_PAIR_ANALOG,6656.0,95.67,89.4139345663407,False,False
HfOx_02,10.1088/2634-4386/ac7327,HfOx,HARDWARE_ONLY,126,128,8,6,IDEALIZED_SINGLE_PAIR_ANALOG,1024.0,95.66,91.58207192298492,False,False
HfOx_02,10.1088/2634-4386/ac7327,HfOx,HARDWARE_ONLY,127,128,4,6,IDEALIZED_SINGLE_PAIR_ANALOG,1024.0,95.65,91.76336444755245,False,True
HfOx_02,10.1088/2634-4386/ac7327,HfOx,HARDWARE_ONLY,128,256,6,6,IDEALIZED_SINGLE_PAIR_ANALOG,640.0,95.63,90.87346075987575,False,False
HfOx_02,10.1088/2634-4386/ac7327,HfOx,HARDWARE_ONLY,129,32,7,5,IDEALIZED_SINGLE_PAIR_ANALOG,6656.0,95.63,90.2944994858146,False,False
HfOx_02,10.1088/2634-4386/ac7327,HfOx,HARDWARE_ONLY,130,256,4,6,IDEALIZED_SINGLE_PAIR_ANALOG,640.0,95.6,90.7457844711971,False,False
HfOx_02,10.1088/2634-4386/ac7327,HfOx,HARDWARE_ONLY,131,256,5,6,IDEALIZED_SINGLE_PAIR_ANALOG,640.0,95.55,91.01093115620486,False,False
HfOx_02,10.1088/2634-4386/ac7327,HfOx,HARDWARE_ONLY,132,128,5,6,IDEALIZED_SINGLE_PAIR_ANALOG,1024.0,95.53,91.74389692320683,False,False
HfOx_02,10.1088/2634-4386/ac7327,HfOx,HARDWARE_ONLY,133,128,7,6,IDEALIZED_SINGLE_PAIR_ANALOG,1024.0,95.49,91.54822000127169,False,False
HfOx_02,10.1088/2634-4386/ac7327,HfOx,HARDWARE_ONLY,134,32,4,5,IDEALIZED_SINGLE_PAIR_ANALOG,6656.0,95.48,89.8908197814865,False,False
HfOx_02,10.1088/2634-4386/ac7327,HfOx,HARDWARE_ONLY,135,64,6,5,IDEALIZED_SINGLE_PAIR_ANALOG,1792.0,95.18,87.2725578276462,False,False
HfOx_02,10.1088/2634-4386/ac7327,HfOx,HARDWARE_ONLY,136,64,7,5,IDEALIZED_SINGLE_PAIR_ANALOG,1792.0,94.99,87.8019630496382,False,False
HfOx_02,10.1088/2634-4386/ac7327,HfOx,HARDWARE_ONLY,137,64,8,5,IDEALIZED_SINGLE_PAIR_ANALOG,1792.0,94.98,87.97131016784093,False,False
HfOx_02,10.1088/2634-4386/ac7327,HfOx,HARDWARE_ONLY,138,16,8,4,IDEALIZED_SINGLE_PAIR_ANALOG,12800.0,94.94,83.16646171568556,False,False
HfOx_02,10.1088/2634-4386/ac7327,HfOx,HARDWARE_ONLY,139,64,5,5,IDEALIZED_SINGLE_PAIR_ANALOG,1792.0,94.86,87.44917619543531,False,False
HfOx_02,10.1088/2634-4386/ac7327,HfOx,HARDWARE_ONLY,140,64,4,5,IDEALIZED_SINGLE_PAIR_ANALOG,1792.0,94.79,86.86857573742805,False,False
HfOx_02,10.1088/2634-4386/ac7327,HfOx,HARDWARE_ONLY,141,16,6,4,IDEALIZED_SINGLE_PAIR_ANALOG,12800.0,94.79,82.91374715032795,False,False
HfOx_02,10.1088/2634-4386/ac7327,HfOx,HARDWARE_ONLY,142,16,7,4,IDEALIZED_SINGLE_PAIR_ANALOG,12800.0,94.78,83.9982390135943,False,False
HfOx_02,10.1088/2634-4386/ac7327,HfOx,HARDWARE_ONLY,143,16,5,4,IDEALIZED_SINGLE_PAIR_ANALOG,12800.0,94.76,82.88025342575732,False,False
HfOx_02,10.1088/2634-4386/ac7327,HfOx,HARDWARE_ONLY,144,16,4,4,IDEALIZED_SINGLE_PAIR_ANALOG,12800.0,94.49,83.15391828643742,False,False
HfOx_02,10.1088/2634-4386/ac7327,HfOx,HARDWARE_ONLY,145,32,6,4,IDEALIZED_SINGLE_PAIR_ANALOG,3328.0,93.76,80.30709548439314,False,False
HfOx_02,10.1088/2634-4386/ac7327,HfOx,HARDWARE_ONLY,146,32,8,4,IDEALIZED_SINGLE_PAIR_ANALOG,3328.0,93.73,81.33377971291311,False,False
HfOx_02,10.1088/2634-4386/ac7327,HfOx,HARDWARE_ONLY,147,32,7,4,IDEALIZED_SINGLE_PAIR_ANALOG,3328.0,93.38,79.84367174577999,False,False
HfOx_02,10.1088/2634-4386/ac7327,HfOx,HARDWARE_ONLY,148,32,5,4,IDEALIZED_SINGLE_PAIR_ANALOG,3328.0,93.19,80.91317375768514,False,False
HfOx_02,10.1088/2634-4386/ac7327,HfOx,HARDWARE_ONLY,149,128,6,5,IDEALIZED_SINGLE_PAIR_ANALOG,512.0,93.17,82.99197892534424,True,False
HfOx_02,10.1088/2634-4386/ac7327,HfOx,HARDWARE_ONLY,150,32,4,4,IDEALIZED_SINGLE_PAIR_ANALOG,3328.0,93.13,80.33631996481463,False,False
HfOx_02,10.1088/2634-4386/ac7327,HfOx,HARDWARE_ONLY,151,128,8,5,IDEALIZED_SINGLE_PAIR_ANALOG,512.0,92.98,82.7874343836283,False,False
HfOx_02,10.1088/2634-4386/ac7327,HfOx,HARDWARE_ONLY,152,128,4,5,IDEALIZED_SINGLE_PAIR_ANALOG,512.0,92.88,83.26868957556123,False,True
HfOx_02,10.1088/2634-4386/ac7327,HfOx,HARDWARE_ONLY,153,128,7,5,IDEALIZED_SINGLE_PAIR_ANALOG,512.0,92.85,82.08467980787842,False,False
HfOx_02,10.1088/2634-4386/ac7327,HfOx,HARDWARE_ONLY,154,256,6,5,IDEALIZED_SINGLE_PAIR_ANALOG,320.0,92.82,81.88397997280981,True,False
HfOx_02,10.1088/2634-4386/ac7327,HfOx,HARDWARE_ONLY,155,256,7,5,IDEALIZED_SINGLE_PAIR_ANALOG,320.0,92.7,81.31370017755427,False,False
HfOx_02,10.1088/2634-4386/ac7327,HfOx,HARDWARE_ONLY,156,256,8,5,IDEALIZED_SINGLE_PAIR_ANALOG,320.0,92.69,82.21075921050999,False,True
HfOx_02,10.1088/2634-4386/ac7327,HfOx,HARDWARE_ONLY,157,256,4,5,IDEALIZED_SINGLE_PAIR_ANALOG,320.0,92.68,81.7755773985737,False,False
HfOx_02,10.1088/2634-4386/ac7327,HfOx,HARDWARE_ONLY,158,128,5,5,IDEALIZED_SINGLE_PAIR_ANALOG,512.0,92.58,82.38089709970731,False,False
HfOx_02,10.1088/2634-4386/ac7327,HfOx,HARDWARE_ONLY,159,256,5,5,IDEALIZED_SINGLE_PAIR_ANALOG,320.0,92.39,81.34247352954885,False,False
HfOx_02,10.1088/2634-4386/ac7327,HfOx,HARDWARE_ONLY,160,32,3,7,IDEALIZED_SINGLE_PAIR_ANALOG,26624.0,92.32,91.32209497831909,False,False
HfOx_02,10.1088/2634-4386/ac7327,HfOx,HARDWARE_ONLY,161,128,3,9,IDEALIZED_SINGLE_PAIR_ANALOG,8192.0,92.3,92.08286629800081,False,False
HfOx_02,10.1088/2634-4386/ac7327,HfOx,HARDWARE_ONLY,162,256,3,8,IDEALIZED_SINGLE_PAIR_ANALOG,2560.0,92.3,91.6666798993559,False,False
HfOx_02,10.1088/2634-4386/ac7327,HfOx,HARDWARE_ONLY,163,256,3,10,IDEALIZED_SINGLE_PAIR_ANALOG,10240.0,92.29,92.20800156614735,False,False
HfOx_02,10.1088/2634-4386/ac7327,HfOx,HARDWARE_ONLY,164,32,3,9,IDEALIZED_SINGLE_PAIR_ANALOG,106496.0,92.29,92.14852830086244,False,False
HfOx_02,10.1088/2634-4386/ac7327,HfOx,HARDWARE_ONLY,165,64,3,8,IDEALIZED_SINGLE_PAIR_ANALOG,14336.0,92.26,91.99112341380732,False,False
HfOx_02,10.1088/2634-4386/ac7327,HfOx,HARDWARE_ONLY,166,256,3,9,IDEALIZED_SINGLE_PAIR_ANALOG,5120.0,92.26,92.10474980035158,False,False
HfOx_02,10.1088/2634-4386/ac7327,HfOx,HARDWARE_ONLY,167,128,3,7,IDEALIZED_SINGLE_PAIR_ANALOG,2048.0,92.26,89.215518054231,False,False
HfOx_02,10.1088/2634-4386/ac7327,HfOx,HARDWARE_ONLY,168,32,3,8,IDEALIZED_SINGLE_PAIR_ANALOG,53248.0,92.24,92.05492818489684,False,False
HfOx_02,10.1088/2634-4386/ac7327,HfOx,HARDWARE_ONLY,169,16,3,9,IDEALIZED_SINGLE_PAIR_ANALOG,409600.0,92.24,92.19755143951309,False,False
HfOx_02,10.1088/2634-4386/ac7327,HfOx,HARDWARE_ONLY,170,32,3,10,IDEALIZED_SINGLE_PAIR_ANALOG,212992.0,92.23,92.22281311924189,False,False
HfOx_02,10.1088/2634-4386/ac7327,HfOx,HARDWARE_ONLY,171,64,3,10,IDEALIZED_SINGLE_PAIR_ANALOG,57344.0,92.23,92.19719975518274,False,False
HfOx_02,10.1088/2634-4386/ac7327,HfOx,HARDWARE_ONLY,172,128,3,8,IDEALIZED_SINGLE_PAIR_ANALOG,4096.0,92.22,91.80100756148433,False,False
HfOx_02,10.1088/2634-4386/ac7327,HfOx,HARDWARE_ONLY,173,128,3,10,IDEALIZED_SINGLE_PAIR_ANALOG,16384.0,92.22,92.18056007438318,False,False
HfOx_02,10.1088/2634-4386/ac7327,HfOx,HARDWARE_ONLY,174,64,3,9,IDEALIZED_SINGLE_PAIR_ANALOG,28672.0,92.21,92.09471779242489,False,False
HfOx_02,10.1088/2634-4386/ac7327,HfOx,HARDWARE_ONLY,175,16,3,7,IDEALIZED_SINGLE_PAIR_ANALOG,102400.0,92.19,91.84338855169388,False,False
HfOx_02,10.1088/2634-4386/ac7327,HfOx,HARDWARE_ONLY,176,16,3,10,IDEALIZED_SINGLE_PAIR_ANALOG,819200.0,92.18,92.22994183279978,False,False
HfOx_02,10.1088/2634-4386/ac7327,HfOx,HARDWARE_ONLY,177,16,3,8,IDEALIZED_SINGLE_PAIR_ANALOG,204800.0,92.18,92.08659050014042,False,False
HfOx_02,10.1088/2634-4386/ac7327,HfOx,HARDWARE_ONLY,178,256,3,7,IDEALIZED_SINGLE_PAIR_ANALOG,1280.0,92.14,88.76104832146451,False,False
HfOx_02,10.1088/2634-4386/ac7327,HfOx,HARDWARE_ONLY,179,64,3,7,IDEALIZED_SINGLE_PAIR_ANALOG,7168.0,92.12,90.58489477281067,False,False
HfOx_02,10.1088/2634-4386/ac7327,HfOx,HARDWARE_ONLY,180,16,3,6,IDEALIZED_SINGLE_PAIR_ANALOG,51200.0,92.1,91.06109786004194,False,False
HfOx_02,10.1088/2634-4386/ac7327,HfOx,HARDWARE_ONLY,181,32,3,6,IDEALIZED_SINGLE_PAIR_ANALOG,13312.0,91.7,89.5718657897995,False,False
HfOx_02,10.1088/2634-4386/ac7327,HfOx,HARDWARE_ONLY,182,16,3,5,IDEALIZED_SINGLE_PAIR_ANALOG,25600.0,91.47,88.394722906109,False,False
HfOx_02,10.1088/2634-4386/ac7327,HfOx,HARDWARE_ONLY,183,64,3,6,IDEALIZED_SINGLE_PAIR_ANALOG,3584.0,91.28,88.41018782534479,False,False
HfOx_02,10.1088/2634-4386/ac7327,HfOx,HARDWARE_ONLY,184,32,3,5,IDEALIZED_SINGLE_PAIR_ANALOG,6656.0,91.07,85.97323837509222,False,False
HfOx_02,10.1088/2634-4386/ac7327,HfOx,HARDWARE_ONLY,185,128,3,6,IDEALIZED_SINGLE_PAIR_ANALOG,1024.0,91.05,86.18912328438878,False,False
HfOx_02,10.1088/2634-4386/ac7327,HfOx,HARDWARE_ONLY,186,256,3,6,IDEALIZED_SINGLE_PAIR_ANALOG,640.0,91.04,85.60835266837411,False,False
HfOx_02,10.1088/2634-4386/ac7327,HfOx,HARDWARE_ONLY,187,64,3,5,IDEALIZED_SINGLE_PAIR_ANALOG,1792.0,90.47,82.88649302668094,False,False
HfOx_02,10.1088/2634-4386/ac7327,HfOx,HARDWARE_ONLY,188,16,3,4,IDEALIZED_SINGLE_PAIR_ANALOG,12800.0,90.31,78.97384541802253,False,False
HfOx_02,10.1088/2634-4386/ac7327,HfOx,HARDWARE_ONLY,189,128,3,5,IDEALIZED_SINGLE_PAIR_ANALOG,512.0,89.21,77.42371391227915,False,False
HfOx_02,10.1088/2634-4386/ac7327,HfOx,HARDWARE_ONLY,190,64,6,4,IDEALIZED_SINGLE_PAIR_ANALOG,896.0,88.78,75.17233617093429,False,False
HfOx_02,10.1088/2634-4386/ac7327,HfOx,HARDWARE_ONLY,191,64,8,4,IDEALIZED_SINGLE_PAIR_ANALOG,896.0,88.69,75.65187591032617,False,False
HfOx_02,10.1088/2634-4386/ac7327,HfOx,HARDWARE_ONLY,192,64,4,4,IDEALIZED_SINGLE_PAIR_ANALOG,896.0,88.25,74.87451527185073,False,False
HfOx_02,10.1088/2634-4386/ac7327,HfOx,HARDWARE_ONLY,193,32,3,4,IDEALIZED_SINGLE_PAIR_ANALOG,3328.0,88.19,75.6817089551677,False,False
HfOx_02,10.1088/2634-4386/ac7327,HfOx,HARDWARE_ONLY,194,64,5,4,IDEALIZED_SINGLE_PAIR_ANALOG,896.0,88.14,75.05509809090012,False,False
HfOx_02,10.1088/2634-4386/ac7327,HfOx,HARDWARE_ONLY,195,64,7,4,IDEALIZED_SINGLE_PAIR_ANALOG,896.0,88.12,75.50547293017175,False,False
HfOx_02,10.1088/2634-4386/ac7327,HfOx,HARDWARE_ONLY,196,256,3,5,IDEALIZED_SINGLE_PAIR_ANALOG,320.0,87.92,76.4575341290409,False,False
HfOx_02,10.1088/2634-4386/ac7327,HfOx,HARDWARE_ONLY,197,64,3,4,IDEALIZED_SINGLE_PAIR_ANALOG,896.0,84.46,69.1788510037462,False,False
HfOx_02,10.1088/2634-4386/ac7327,HfOx,HARDWARE_ONLY,198,128,4,4,IDEALIZED_SINGLE_PAIR_ANALOG,256.0,79.93,63.22254347458746,True,False
HfOx_02,10.1088/2634-4386/ac7327,HfOx,HARDWARE_ONLY,199,128,3,4,IDEALIZED_SINGLE_PAIR_ANALOG,256.0,79.72,60.4730699109214,False,False
HfOx_02,10.1088/2634-4386/ac7327,HfOx,HARDWARE_ONLY,200,128,6,4,IDEALIZED_SINGLE_PAIR_ANALOG,256.0,79.07,63.328761725381824,False,False
HfOx_02,10.1088/2634-4386/ac7327,HfOx,HARDWARE_ONLY,201,128,8,4,IDEALIZED_SINGLE_PAIR_ANALOG,256.0,78.84,64.01901922181085,False,True
HfOx_02,10.1088/2634-4386/ac7327,HfOx,HARDWARE_ONLY,202,128,7,4,IDEALIZED_SINGLE_PAIR_ANALOG,256.0,78.78,63.36947183738159,False,False
HfOx_02,10.1088/2634-4386/ac7327,HfOx,HARDWARE_ONLY,203,128,5,4,IDEALIZED_SINGLE_PAIR_ANALOG,256.0,78.28,62.963502523027515,False,False
HfOx_02,10.1088/2634-4386/ac7327,HfOx,HARDWARE_ONLY,204,256,3,4,IDEALIZED_SINGLE_PAIR_ANALOG,160.0,77.12,56.0006993606128,True,False
HfOx_02,10.1088/2634-4386/ac7327,HfOx,HARDWARE_ONLY,205,256,4,4,IDEALIZED_SINGLE_PAIR_ANALOG,160.0,76.78,61.05672937479675,False,True
HfOx_02,10.1088/2634-4386/ac7327,HfOx,HARDWARE_ONLY,206,256,6,4,IDEALIZED_SINGLE_PAIR_ANALOG,160.0,76.45,60.19896234093502,False,False
HfOx_02,10.1088/2634-4386/ac7327,HfOx,HARDWARE_ONLY,207,256,7,4,IDEALIZED_SINGLE_PAIR_ANALOG,160.0,76.35,59.48162380202899,False,False
HfOx_02,10.1088/2634-4386/ac7327,HfOx,HARDWARE_ONLY,208,256,5,4,IDEALIZED_SINGLE_PAIR_ANALOG,160.0,76.04,59.392351424825215,False,False
HfOx_02,10.1088/2634-4386/ac7327,HfOx,HARDWARE_ONLY,209,256,8,4,IDEALIZED_SINGLE_PAIR_ANALOG,160.0,76.02,59.77079608190168,False,False
HfOx_02,10.1088/2634-4386/ac7327,HfOx,HARDWARE_ONLY,210,128,2,5,IDEALIZED_SINGLE_PAIR_ANALOG,512.0,12.18,10.977462838411583,False,False
HfOx_02,10.1088/2634-4386/ac7327,HfOx,HARDWARE_ONLY,211,256,2,5,IDEALIZED_SINGLE_PAIR_ANALOG,320.0,12.12,10.829757564936271,False,False
HfOx_02,10.1088/2634-4386/ac7327,HfOx,HARDWARE_ONLY,212,32,2,4,IDEALIZED_SINGLE_PAIR_ANALOG,3328.0,11.88,10.969136174537885,False,False
HfOx_02,10.1088/2634-4386/ac7327,HfOx,HARDWARE_ONLY,213,32,2,5,IDEALIZED_SINGLE_PAIR_ANALOG,6656.0,11.77,11.17318726023168,False,False
HfOx_02,10.1088/2634-4386/ac7327,HfOx,HARDWARE_ONLY,214,16,2,4,IDEALIZED_SINGLE_PAIR_ANALOG,12800.0,11.58,11.105654101978432,False,False
HfOx_02,10.1088/2634-4386/ac7327,HfOx,HARDWARE_ONLY,215,16,2,5,IDEALIZED_SINGLE_PAIR_ANALOG,25600.0,11.58,11.175555335489687,False,False
HfOx_02,10.1088/2634-4386/ac7327,HfOx,HARDWARE_ONLY,216,256,2,7,IDEALIZED_SINGLE_PAIR_ANALOG,1280.0,11.57,11.113536118257382,False,False
HfOx_02,10.1088/2634-4386/ac7327,HfOx,HARDWARE_ONLY,217,128,2,7,IDEALIZED_SINGLE_PAIR_ANALOG,2048.0,11.57,11.17763331442818,False,False
HfOx_02,10.1088/2634-4386/ac7327,HfOx,HARDWARE_ONLY,218,64,2,5,IDEALIZED_SINGLE_PAIR_ANALOG,1792.0,11.52,11.17739810187404,False,False
HfOx_02,10.1088/2634-4386/ac7327,HfOx,HARDWARE_ONLY,219,32,2,7,IDEALIZED_SINGLE_PAIR_ANALOG,26624.0,11.5,11.238424360602842,False,False
HfOx_02,10.1088/2634-4386/ac7327,HfOx,HARDWARE_ONLY,220,256,2,9,IDEALIZED_SINGLE_PAIR_ANALOG,5120.0,11.45,11.24179007802345,False,False
HfOx_02,10.1088/2634-4386/ac7327,HfOx,HARDWARE_ONLY,221,16,2,7,IDEALIZED_SINGLE_PAIR_ANALOG,102400.0,11.42,11.294495234745643,False,False
HfOx_02,10.1088/2634-4386/ac7327,HfOx,HARDWARE_ONLY,222,16,2,9,IDEALIZED_SINGLE_PAIR_ANALOG,409600.0,11.42,11.328217178617814,False,False
HfOx_02,10.1088/2634-4386/ac7327,HfOx,HARDWARE_ONLY,223,16,2,6,IDEALIZED_SINGLE_PAIR_ANALOG,51200.0,11.39,11.23215754550026,False,False
HfOx_02,10.1088/2634-4386/ac7327,HfOx,HARDWARE_ONLY,224,32,2,9,IDEALIZED_SINGLE_PAIR_ANALOG,106496.0,11.39,11.25456387784877,False,False
HfOx_02,10.1088/2634-4386/ac7327,HfOx,HARDWARE_ONLY,225,128,2,9,IDEALIZED_SINGLE_PAIR_ANALOG,8192.0,11.39,11.285825219213372,False,False
HfOx_02,10.1088/2634-4386/ac7327,HfOx,HARDWARE_ONLY,226,16,2,10,IDEALIZED_SINGLE_PAIR_ANALOG,819200.0,11.38,11.420705538179147,False,False
HfOx_02,10.1088/2634-4386/ac7327,HfOx,HARDWARE_ONLY,227,16,2,8,IDEALIZED_SINGLE_PAIR_ANALOG,204800.0,11.36,11.388905179137852,False,False
HfOx_02,10.1088/2634-4386/ac7327,HfOx,HARDWARE_ONLY,228,64,2,7,IDEALIZED_SINGLE_PAIR_ANALOG,7168.0,11.36,11.01040963613605,False,False
HfOx_02,10.1088/2634-4386/ac7327,HfOx,HARDWARE_ONLY,229,64,2,9,IDEALIZED_SINGLE_PAIR_ANALOG,28672.0,11.32,11.241884694933983,False,False
HfOx_02,10.1088/2634-4386/ac7327,HfOx,HARDWARE_ONLY,230,64,2,4,IDEALIZED_SINGLE_PAIR_ANALOG,896.0,11.3,11.300345582068248,False,False
HfOx_02,10.1088/2634-4386/ac7327,HfOx,HARDWARE_ONLY,231,256,2,10,IDEALIZED_SINGLE_PAIR_ANALOG,10240.0,11.26,11.332651556751786,False,False
HfOx_02,10.1088/2634-4386/ac7327,HfOx,HARDWARE_ONLY,232,128,2,10,IDEALIZED_SINGLE_PAIR_ANALOG,16384.0,11.26,11.309193656803732,False,False
HfOx_02,10.1088/2634-4386/ac7327,HfOx,HARDWARE_ONLY,233,128,2,8,IDEALIZED_SINGLE_PAIR_ANALOG,4096.0,11.26,11.480552844683437,False,False
HfOx_02,10.1088/2634-4386/ac7327,HfOx,HARDWARE_ONLY,234,32,2,8,IDEALIZED_SINGLE_PAIR_ANALOG,53248.0,11.2,11.364986617229775,False,False
HfOx_02,10.1088/2634-4386/ac7327,HfOx,HARDWARE_ONLY,235,64,2,10,IDEALIZED_SINGLE_PAIR_ANALOG,57344.0,11.19,11.272302268147213,False,False
HfOx_02,10.1088/2634-4386/ac7327,HfOx,HARDWARE_ONLY,236,256,2,8,IDEALIZED_SINGLE_PAIR_ANALOG,2560.0,11.18,11.458366938249647,False,False
HfOx_02,10.1088/2634-4386/ac7327,HfOx,HARDWARE_ONLY,237,32,2,10,IDEALIZED_SINGLE_PAIR_ANALOG,212992.0,11.17,11.288505778649453,False,False
HfOx_02,10.1088/2634-4386/ac7327,HfOx,HARDWARE_ONLY,238,128,2,6,IDEALIZED_SINGLE_PAIR_ANALOG,1024.0,11.15,11.034534117667675,False,False
HfOx_02,10.1088/2634-4386/ac7327,HfOx,HARDWARE_ONLY,239,64,2,8,IDEALIZED_SINGLE_PAIR_ANALOG,14336.0,11.13,11.3687391118455,False,False
HfOx_02,10.1088/2634-4386/ac7327,HfOx,HARDWARE_ONLY,240,256,2,6,IDEALIZED_SINGLE_PAIR_ANALOG,640.0,11.03,10.957079706083903,False,False
HfOx_02,10.1088/2634-4386/ac7327,HfOx,HARDWARE_ONLY,241,32,2,6,IDEALIZED_SINGLE_PAIR_ANALOG,13312.0,11.01,11.111394901422617,False,False
HfOx_02,10.1088/2634-4386/ac7327,HfOx,HARDWARE_ONLY,242,128,2,4,IDEALIZED_SINGLE_PAIR_ANALOG,256.0,10.87,10.504296677693207,False,False
HfOx_02,10.1088/2634-4386/ac7327,HfOx,HARDWARE_ONLY,243,64,2,6,IDEALIZED_SINGLE_PAIR_ANALOG,3584.0,10.81,11.095050091492014,False,False
HfOx_02,10.1088/2634-4386/ac7327,HfOx,HARDWARE_ONLY,244,256,2,4,IDEALIZED_SINGLE_PAIR_ANALOG,160.0,9.87,10.111603634698627,False,False
HfOx_02,10.1088/2634-4386/ac7327,HfOx,FULL_DEVICE_AWARE,0,16,6,10,IDEALIZED_SINGLE_PAIR_ANALOG,819200.0,96.3,96.30035781746035,False,True
HfOx_02,10.1088/2634-4386/ac7327,HfOx,FULL_DEVICE_AWARE,1,64,6,8,IDEALIZED_SINGLE_PAIR_ANALOG,14336.0,96.3,96.20934876984134,True,False
HfOx_02,10.1088/2634-4386/ac7327,HfOx,FULL_DEVICE_AWARE,2,64,6,10,IDEALIZED_SINGLE_PAIR_ANALOG,57344.0,96.29,96.2830329505494,False,True
HfOx_02,10.1088/2634-4386/ac7327,HfOx,FULL_DEVICE_AWARE,3,16,6,9,IDEALIZED_SINGLE_PAIR_ANALOG,409600.0,96.28,96.25695808730165,False,False
HfOx_02,10.1088/2634-4386/ac7327,HfOx,FULL_DEVICE_AWARE,4,16,7,7,IDEALIZED_SINGLE_PAIR_ANALOG,102400.0,96.28,96.18748349999987,False,False
HfOx_02,10.1088/2634-4386/ac7327,HfOx,FULL_DEVICE_AWARE,5,32,6,10,IDEALIZED_SINGLE_PAIR_ANALOG,212992.0,96.28,96.28618915873018,False,True
HfOx_02,10.1088/2634-4386/ac7327,HfOx,FULL_DEVICE_AWARE,6,64,6,9,IDEALIZED_SINGLE_PAIR_ANALOG,28672.0,96.27,96.26553688888903,False,False
HfOx_02,10.1088/2634-4386/ac7327,HfOx,FULL_DEVICE_AWARE,7,16,6,7,IDEALIZED_SINGLE_PAIR_ANALOG,102400.0,96.27,96.17299105555558,False,False
HfOx_02,10.1088/2634-4386/ac7327,HfOx,FULL_DEVICE_AWARE,8,32,8,10,IDEALIZED_SINGLE_PAIR_ANALOG,212992.0,96.26,96.25503217604614,False,False
HfOx_02,10.1088/2634-4386/ac7327,HfOx,FULL_DEVICE_AWARE,9,64,7,9,IDEALIZED_SINGLE_PAIR_ANALOG,28672.0,96.26,96.23178295238081,False,False
HfOx_02,10.1088/2634-4386/ac7327,HfOx,FULL_DEVICE_AWARE,10,256,6,10,IDEALIZED_SINGLE_PAIR_ANALOG,10240.0,96.26,96.27025823809535,True,False
HfOx_02,10.1088/2634-4386/ac7327,HfOx,FULL_DEVICE_AWARE,11,128,6,10,IDEALIZED_SINGLE_PAIR_ANALOG,16384.0,96.26,96.27223584737487,False,True
HfOx_02,10.1088/2634-4386/ac7327,HfOx,FULL_DEVICE_AWARE,12,16,7,6,IDEALIZED_SINGLE_PAIR_ANALOG,51200.0,96.25,96.08672921428573,False,False
HfOx_02,10.1088/2634-4386/ac7327,HfOx,FULL_DEVICE_AWARE,13,256,7,8,IDEALIZED_SINGLE_PAIR_ANALOG,2560.0,96.25,96.23528983549768,True,False
HfOx_02,10.1088/2634-4386/ac7327,HfOx,FULL_DEVICE_AWARE,14,64,7,10,IDEALIZED_SINGLE_PAIR_ANALOG,57344.0,96.25,96.22352355555556,False,False
HfOx_02,10.1088/2634-4386/ac7327,HfOx,FULL_DEVICE_AWARE,15,16,6,8,IDEALIZED_SINGLE_PAIR_ANALOG,204800.0,96.25,96.23071955555551,False,False
HfOx_02,10.1088/2634-4386/ac7327,HfOx,FULL_DEVICE_AWARE,16,16,8,10,IDEALIZED_SINGLE_PAIR_ANALOG,819200.0,96.25,96.25060825036064,False,False
HfOx_02,10.1088/2634-4386/ac7327,HfOx,FULL_DEVICE_AWARE,17,16,8,9,IDEALIZED_SINGLE_PAIR_ANALOG,409600.0,96.25,96.25682027417032,False,False
HfOx_02,10.1088/2634-4386/ac7327,HfOx,FULL_DEVICE_AWARE,18,32,7,8,IDEALIZED_SINGLE_PAIR_ANALOG,53248.0,96.25,96.21734723593066,False,False
HfOx_02,10.1088/2634-4386/ac7327,HfOx,FULL_DEVICE_AWARE,19,32,6,7,IDEALIZED_SINGLE_PAIR_ANALOG,26624.0,96.24,96.17465126984135,False,False
HfOx_02,10.1088/2634-4386/ac7327,HfOx,FULL_DEVICE_AWARE,20,16,7,10,IDEALIZED_SINGLE_PAIR_ANALOG,819200.0,96.24,96.2175336616162,False,False
HfOx_02,10.1088/2634-4386/ac7327,HfOx,FULL_DEVICE_AWARE,21,32,7,9,IDEALIZED_SINGLE_PAIR_ANALOG,106496.0,96.24,96.23527222799427,False,False
HfOx_02,10.1088/2634-4386/ac7327,HfOx,FULL_DEVICE_AWARE,22,32,6,9,IDEALIZED_SINGLE_PAIR_ANALOG,106496.0,96.24,96.25642462698417,False,False
HfOx_02,10.1088/2634-4386/ac7327,HfOx,FULL_DEVICE_AWARE,23,256,7,9,IDEALIZED_SINGLE_PAIR_ANALOG,5120.0,96.24,96.2120983831168,False,False
HfOx_02,10.1088/2634-4386/ac7327,HfOx,FULL_DEVICE_AWARE,24,128,8,8,IDEALIZED_SINGLE_PAIR_ANALOG,4096.0,96.24,96.21114896031743,False,False
HfOx_02,10.1088/2634-4386/ac7327,HfOx,FULL_DEVICE_AWARE,25,64,8,8,IDEALIZED_SINGLE_PAIR_ANALOG,14336.0,96.23,96.20682771428557,False,False
HfOx_02,10.1088/2634-4386/ac7327,HfOx,FULL_DEVICE_AWARE,26,256,8,8,IDEALIZED_SINGLE_PAIR_ANALOG,2560.0,96.23,96.2149898354978,False,False
HfOx_02,10.1088/2634-4386/ac7327,HfOx,FULL_DEVICE_AWARE,27,16,8,7,IDEALIZED_SINGLE_PAIR_ANALOG,102400.0,96.23,96.18206278571421,False,False
HfOx_02,10.1088/2634-4386/ac7327,HfOx,FULL_DEVICE_AWARE,28,128,6,8,IDEALIZED_SINGLE_PAIR_ANALOG,4096.0,96.23,96.27066623809534,False,True
HfOx_02,10.1088/2634-4386/ac7327,HfOx,FULL_DEVICE_AWARE,29,16,7,9,IDEALIZED_SINGLE_PAIR_ANALOG,409600.0,96.23,96.22289237373747,False,False
HfOx_02,10.1088/2634-4386/ac7327,HfOx,FULL_DEVICE_AWARE,30,64,7,8,IDEALIZED_SINGLE_PAIR_ANALOG,14336.0,96.22,96.20389906349206,False,False
HfOx_02,10.1088/2634-4386/ac7327,HfOx,FULL_DEVICE_AWARE,31,128,8,9,IDEALIZED_SINGLE_PAIR_ANALOG,8192.0,96.22,96.19228994444444,False,False
HfOx_02,10.1088/2634-4386/ac7327,HfOx,FULL_DEVICE_AWARE,32,64,8,10,IDEALIZED_SINGLE_PAIR_ANALOG,57344.0,96.22,96.24450184992769,False,False
HfOx_02,10.1088/2634-4386/ac7327,HfOx,FULL_DEVICE_AWARE,33,16,7,8,IDEALIZED_SINGLE_PAIR_ANALOG,204800.0,96.22,96.21837187878792,False,False
HfOx_02,10.1088/2634-4386/ac7327,HfOx,FULL_DEVICE_AWARE,34,256,8,9,IDEALIZED_SINGLE_PAIR_ANALOG,5120.0,96.22,96.1961790815295,False,False
HfOx_02,10.1088/2634-4386/ac7327,HfOx,FULL_DEVICE_AWARE,35,256,7,10,IDEALIZED_SINGLE_PAIR_ANALOG,10240.0,96.22,96.21004915079357,False,False
HfOx_02,10.1088/2634-4386/ac7327,HfOx,FULL_DEVICE_AWARE,36,128,8,10,IDEALIZED_SINGLE_PAIR_ANALOG,16384.0,96.22,96.19376403174611,False,False
HfOx_02,10.1088/2634-4386/ac7327,HfOx,FULL_DEVICE_AWARE,37,16,8,8,IDEALIZED_SINGLE_PAIR_ANALOG,204800.0,96.22,96.22730636580084,False,False
HfOx_02,10.1088/2634-4386/ac7327,HfOx,FULL_DEVICE_AWARE,38,32,8,9,IDEALIZED_SINGLE_PAIR_ANALOG,106496.0,96.22,96.26421940620494,False,False
HfOx_02,10.1088/2634-4386/ac7327,HfOx,FULL_DEVICE_AWARE,39,32,7,7,IDEALIZED_SINGLE_PAIR_ANALOG,26624.0,96.21,96.1767748412698,False,False
HfOx_02,10.1088/2634-4386/ac7327,HfOx,FULL_DEVICE_AWARE,40,256,8,10,IDEALIZED_SINGLE_PAIR_ANALOG,10240.0,96.21,96.1996214206349,False,False
HfOx_02,10.1088/2634-4386/ac7327,HfOx,FULL_DEVICE_AWARE,41,64,8,9,IDEALIZED_SINGLE_PAIR_ANALOG,28672.0,96.21,96.24705881818177,False,False
HfOx_02,10.1088/2634-4386/ac7327,HfOx,FULL_DEVICE_AWARE,42,32,7,10,IDEALIZED_SINGLE_PAIR_ANALOG,212992.0,96.21,96.22436199206348,False,False
HfOx_02,10.1088/2634-4386/ac7327,HfOx,FULL_DEVICE_AWARE,43,32,8,6,IDEALIZED_SINGLE_PAIR_ANALOG,13312.0,96.21,95.92386712698396,False,False
HfOx_02,10.1088/2634-4386/ac7327,HfOx,FULL_DEVICE_AWARE,44,32,6,8,IDEALIZED_SINGLE_PAIR_ANALOG,53248.0,96.21,96.22355122222207,False,False
HfOx_02,10.1088/2634-4386/ac7327,HfOx,FULL_DEVICE_AWARE,45,128,7,9,IDEALIZED_SINGLE_PAIR_ANALOG,8192.0,96.2,96.20997185714273,False,False
HfOx_02,10.1088/2634-4386/ac7327,HfOx,FULL_DEVICE_AWARE,46,128,7,10,IDEALIZED_SINGLE_PAIR_ANALOG,16384.0,96.2,96.20689962698405,False,False
HfOx_02,10.1088/2634-4386/ac7327,HfOx,FULL_DEVICE_AWARE,47,256,6,8,IDEALIZED_SINGLE_PAIR_ANALOG,2560.0,96.2,96.25664523809529,False,True
HfOx_02,10.1088/2634-4386/ac7327,HfOx,FULL_DEVICE_AWARE,48,16,6,6,IDEALIZED_SINGLE_PAIR_ANALOG,51200.0,96.2,96.0783196190477,False,False
HfOx_02,10.1088/2634-4386/ac7327,HfOx,FULL_DEVICE_AWARE,49,64,5,8,IDEALIZED_SINGLE_PAIR_ANALOG,14336.0,96.2,96.19958276190472,False,False
HfOx_02,10.1088/2634-4386/ac7327,HfOx,FULL_DEVICE_AWARE,50,128,5,9,IDEALIZED_SINGLE_PAIR_ANALOG,8192.0,96.2,96.17479313203451,False,False
HfOx_02,10.1088/2634-4386/ac7327,HfOx,FULL_DEVICE_AWARE,51,128,6,9,IDEALIZED_SINGLE_PAIR_ANALOG,8192.0,96.2,96.25552711904771,False,False
HfOx_02,10.1088/2634-4386/ac7327,HfOx,FULL_DEVICE_AWARE,52,32,6,6,IDEALIZED_SINGLE_PAIR_ANALOG,13312.0,96.19,95.91529931746018,False,False
HfOx_02,10.1088/2634-4386/ac7327,HfOx,FULL_DEVICE_AWARE,53,256,6,7,IDEALIZED_SINGLE_PAIR_ANALOG,1280.0,96.19,95.98892352669557,True,True
HfOx_02,10.1088/2634-4386/ac7327,HfOx,FULL_DEVICE_AWARE,54,64,8,7,IDEALIZED_SINGLE_PAIR_ANALOG,7168.0,96.19,96.12757113492063,False,False
HfOx_02,10.1088/2634-4386/ac7327,HfOx,FULL_DEVICE_AWARE,55,128,5,8,IDEALIZED_SINGLE_PAIR_ANALOG,4096.0,96.19,96.18049601587292,False,False
HfOx_02,10.1088/2634-4386/ac7327,HfOx,FULL_DEVICE_AWARE,56,128,7,8,IDEALIZED_SINGLE_PAIR_ANALOG,4096.0,96.18,96.22894021428559,False,False
HfOx_02,10.1088/2634-4386/ac7327,HfOx,FULL_DEVICE_AWARE,57,64,7,7,IDEALIZED_SINGLE_PAIR_ANALOG,7168.0,96.18,96.13736339682538,False,False
HfOx_02,10.1088/2634-4386/ac7327,HfOx,FULL_DEVICE_AWARE,58,32,8,8,IDEALIZED_SINGLE_PAIR_ANALOG,53248.0,96.18,96.22782990548329,False,False
HfOx_02,10.1088/2634-4386/ac7327,HfOx,FULL_DEVICE_AWARE,59,32,5,9,IDEALIZED_SINGLE_PAIR_ANALOG,106496.0,96.17,96.15826171428573,False,False
HfOx_02,10.1088/2634-4386/ac7327,HfOx,FULL_DEVICE_AWARE,60,32,5,7,IDEALIZED_SINGLE_PAIR_ANALOG,26624.0,96.17,96.11084211904767,False,False
HfOx_02,10.1088/2634-4386/ac7327,HfOx,FULL_DEVICE_AWARE,61,32,7,6,IDEALIZED_SINGLE_PAIR_ANALOG,13312.0,96.17,95.92564069841251,False,False
HfOx_02,10.1088/2634-4386/ac7327,HfOx,FULL_DEVICE_AWARE,62,16,8,6,IDEALIZED_SINGLE_PAIR_ANALOG,51200.0,96.17,96.08521354761912,False,False
HfOx_02,10.1088/2634-4386/ac7327,HfOx,FULL_DEVICE_AWARE,63,16,5,9,IDEALIZED_SINGLE_PAIR_ANALOG,409600.0,96.17,96.15796614285702,False,False
HfOx_02,10.1088/2634-4386/ac7327,HfOx,FULL_DEVICE_AWARE,64,64,5,7,IDEALIZED_SINGLE_PAIR_ANALOG,7168.0,96.17,96.0388691984128,False,False
HfOx_02,10.1088/2634-4386/ac7327,HfOx,FULL_DEVICE_AWARE,65,256,5,9,IDEALIZED_SINGLE_PAIR_ANALOG,5120.0,96.17,96.15142864790774,False,False
HfOx_02,10.1088/2634-4386/ac7327,HfOx,FULL_DEVICE_AWARE,66,256,5,10,IDEALIZED_SINGLE_PAIR_ANALOG,10240.0,96.16,96.15474772727283,False,False
HfOx_02,10.1088/2634-4386/ac7327,HfOx,FULL_DEVICE_AWARE,67,64,5,10,IDEALIZED_SINGLE_PAIR_ANALOG,57344.0,96.16,96.1678214415585,False,False
HfOx_02,10.1088/2634-4386/ac7327,HfOx,FULL_DEVICE_AWARE,68,16,5,7,IDEALIZED_SINGLE_PAIR_ANALOG,102400.0,96.16,96.11217920634923,False,False
HfOx_02,10.1088/2634-4386/ac7327,HfOx,FULL_DEVICE_AWARE,69,256,4,8,IDEALIZED_SINGLE_PAIR_ANALOG,2560.0,96.16,96.04678539682544,False,False
HfOx_02,10.1088/2634-4386/ac7327,HfOx,FULL_DEVICE_AWARE,70,16,5,8,IDEALIZED_SINGLE_PAIR_ANALOG,204800.0,96.15,96.15687185714285,False,False
HfOx_02,10.1088/2634-4386/ac7327,HfOx,FULL_DEVICE_AWARE,71,64,6,7,IDEALIZED_SINGLE_PAIR_ANALOG,7168.0,96.15,96.14606997619052,False,False
HfOx_02,10.1088/2634-4386/ac7327,HfOx,FULL_DEVICE_AWARE,72,128,5,10,IDEALIZED_SINGLE_PAIR_ANALOG,16384.0,96.15,96.17839749711393,False,False
HfOx_02,10.1088/2634-4386/ac7327,HfOx,FULL_DEVICE_AWARE,73,32,8,7,IDEALIZED_SINGLE_PAIR_ANALOG,26624.0,96.15,96.16449131746037,False,False
HfOx_02,10.1088/2634-4386/ac7327,HfOx,FULL_DEVICE_AWARE,74,64,5,9,IDEALIZED_SINGLE_PAIR_ANALOG,28672.0,96.14,96.17133157647899,False,False
HfOx_02,10.1088/2634-4386/ac7327,HfOx,FULL_DEVICE_AWARE,75,256,5,8,IDEALIZED_SINGLE_PAIR_ANALOG,2560.0,96.14,96.1135602698413,False,False
HfOx_02,10.1088/2634-4386/ac7327,HfOx,FULL_DEVICE_AWARE,76,256,6,9,IDEALIZED_SINGLE_PAIR_ANALOG,5120.0,96.13,96.23881585714291,False,False
HfOx_02,10.1088/2634-4386/ac7327,HfOx,FULL_DEVICE_AWARE,77,16,5,10,IDEALIZED_SINGLE_PAIR_ANALOG,819200.0,96.13,96.14921956349197,False,False
HfOx_02,10.1088/2634-4386/ac7327,HfOx,FULL_DEVICE_AWARE,78,32,5,8,IDEALIZED_SINGLE_PAIR_ANALOG,53248.0,96.13,96.16680340476185,False,False
HfOx_02,10.1088/2634-4386/ac7327,HfOx,FULL_DEVICE_AWARE,79,32,5,10,IDEALIZED_SINGLE_PAIR_ANALOG,212992.0,96.13,96.14683213492057,False,False
HfOx_02,10.1088/2634-4386/ac7327,HfOx,FULL_DEVICE_AWARE,80,64,4,7,IDEALIZED_SINGLE_PAIR_ANALOG,7168.0,96.12,95.91304647041848,False,False
HfOx_02,10.1088/2634-4386/ac7327,HfOx,FULL_DEVICE_AWARE,81,64,6,6,IDEALIZED_SINGLE_PAIR_ANALOG,3584.0,96.12,95.70416180158708,False,False
HfOx_02,10.1088/2634-4386/ac7327,HfOx,FULL_DEVICE_AWARE,82,256,8,7,IDEALIZED_SINGLE_PAIR_ANALOG,1280.0,96.11,95.91096244733029,False,False
HfOx_02,10.1088/2634-4386/ac7327,HfOx,FULL_DEVICE_AWARE,83,16,5,6,IDEALIZED_SINGLE_PAIR_ANALOG,51200.0,96.11,96.02625778571444,False,False
HfOx_02,10.1088/2634-4386/ac7327,HfOx,FULL_DEVICE_AWARE,84,128,4,8,IDEALIZED_SINGLE_PAIR_ANALOG,4096.0,96.1,96.05730132539679,False,False
HfOx_02,10.1088/2634-4386/ac7327,HfOx,FULL_DEVICE_AWARE,85,32,4,8,IDEALIZED_SINGLE_PAIR_ANALOG,53248.0,96.1,96.0723669206348,False,False
HfOx_02,10.1088/2634-4386/ac7327,HfOx,FULL_DEVICE_AWARE,86,128,4,10,IDEALIZED_SINGLE_PAIR_ANALOG,16384.0,96.08,96.05265668253959,False,False
HfOx_02,10.1088/2634-4386/ac7327,HfOx,FULL_DEVICE_AWARE,87,256,4,9,IDEALIZED_SINGLE_PAIR_ANALOG,5120.0,96.08,96.0534469841269,False,False
HfOx_02,10.1088/2634-4386/ac7327,HfOx,FULL_DEVICE_AWARE,88,128,7,7,IDEALIZED_SINGLE_PAIR_ANALOG,2048.0,96.08,95.89992523015863,False,False
HfOx_02,10.1088/2634-4386/ac7327,HfOx,FULL_DEVICE_AWARE,89,256,7,7,IDEALIZED_SINGLE_PAIR_ANALOG,1280.0,96.07,95.89061281240964,False,False
HfOx_02,10.1088/2634-4386/ac7327,HfOx,FULL_DEVICE_AWARE,90,256,4,10,IDEALIZED_SINGLE_PAIR_ANALOG,10240.0,96.07,96.04805833333332,False,False
HfOx_02,10.1088/2634-4386/ac7327,HfOx,FULL_DEVICE_AWARE,91,128,4,9,IDEALIZED_SINGLE_PAIR_ANALOG,8192.0,96.07,96.06067642063479,False,False
HfOx_02,10.1088/2634-4386/ac7327,HfOx,FULL_DEVICE_AWARE,92,16,4,9,IDEALIZED_SINGLE_PAIR_ANALOG,409600.0,96.06,96.0755924992784,False,False
HfOx_02,10.1088/2634-4386/ac7327,HfOx,FULL_DEVICE_AWARE,93,256,5,7,IDEALIZED_SINGLE_PAIR_ANALOG,1280.0,96.06,95.88924450793662,False,False
HfOx_02,10.1088/2634-4386/ac7327,HfOx,FULL_DEVICE_AWARE,94,16,4,10,IDEALIZED_SINGLE_PAIR_ANALOG,819200.0,96.06,96.07356937301587,False,False
HfOx_02,10.1088/2634-4386/ac7327,HfOx,FULL_DEVICE_AWARE,95,64,4,8,IDEALIZED_SINGLE_PAIR_ANALOG,14336.0,96.06,96.06543078571421,False,False
HfOx_02,10.1088/2634-4386/ac7327,HfOx,FULL_DEVICE_AWARE,96,128,8,7,IDEALIZED_SINGLE_PAIR_ANALOG,2048.0,96.05,95.91144446825383,False,False
HfOx_02,10.1088/2634-4386/ac7327,HfOx,FULL_DEVICE_AWARE,97,64,4,10,IDEALIZED_SINGLE_PAIR_ANALOG,57344.0,96.05,96.06137591269835,False,False
HfOx_02,10.1088/2634-4386/ac7327,HfOx,FULL_DEVICE_AWARE,98,16,4,8,IDEALIZED_SINGLE_PAIR_ANALOG,204800.0,96.05,96.07823369336204,False,False
HfOx_02,10.1088/2634-4386/ac7327,HfOx,FULL_DEVICE_AWARE,99,32,4,6,IDEALIZED_SINGLE_PAIR_ANALOG,13312.0,96.04,95.8738743968254,False,False
HfOx_02,10.1088/2634-4386/ac7327,HfOx,FULL_DEVICE_AWARE,100,64,4,9,IDEALIZED_SINGLE_PAIR_ANALOG,28672.0,96.04,96.06835315079357,False,False
HfOx_02,10.1088/2634-4386/ac7327,HfOx,FULL_DEVICE_AWARE,101,16,4,6,IDEALIZED_SINGLE_PAIR_ANALOG,51200.0,96.04,95.9589070324677,False,False
HfOx_02,10.1088/2634-4386/ac7327,HfOx,FULL_DEVICE_AWARE,102,32,4,10,IDEALIZED_SINGLE_PAIR_ANALOG,212992.0,96.04,96.0718795555555,False,False
HfOx_02,10.1088/2634-4386/ac7327,HfOx,FULL_DEVICE_AWARE,103,32,4,9,IDEALIZED_SINGLE_PAIR_ANALOG,106496.0,96.03,96.07978694877336,False,False
HfOx_02,10.1088/2634-4386/ac7327,HfOx,FULL_DEVICE_AWARE,104,64,5,6,IDEALIZED_SINGLE_PAIR_ANALOG,3584.0,96.02,95.64215702380935,False,False
HfOx_02,10.1088/2634-4386/ac7327,HfOx,FULL_DEVICE_AWARE,105,32,5,6,IDEALIZED_SINGLE_PAIR_ANALOG,13312.0,96.02,95.88916192857135,False,False
HfOx_02,10.1088/2634-4386/ac7327,HfOx,FULL_DEVICE_AWARE,106,32,4,7,IDEALIZED_SINGLE_PAIR_ANALOG,26624.0,96.01,96.03579759956723,False,False
HfOx_02,10.1088/2634-4386/ac7327,HfOx,FULL_DEVICE_AWARE,107,128,4,7,IDEALIZED_SINGLE_PAIR_ANALOG,2048.0,96.01,95.87975884126986,False,False
HfOx_02,10.1088/2634-4386/ac7327,HfOx,FULL_DEVICE_AWARE,108,128,5,7,IDEALIZED_SINGLE_PAIR_ANALOG,2048.0,96.01,95.92886089682557,False,False
HfOx_02,10.1088/2634-4386/ac7327,HfOx,FULL_DEVICE_AWARE,109,16,4,7,IDEALIZED_SINGLE_PAIR_ANALOG,102400.0,96.0,96.05875529004341,False,False
HfOx_02,10.1088/2634-4386/ac7327,HfOx,FULL_DEVICE_AWARE,110,128,6,7,IDEALIZED_SINGLE_PAIR_ANALOG,2048.0,95.99,95.98992310317459,False,True
HfOx_02,10.1088/2634-4386/ac7327,HfOx,FULL_DEVICE_AWARE,111,256,4,7,IDEALIZED_SINGLE_PAIR_ANALOG,1280.0,95.99,95.86422604761904,False,False
HfOx_02,10.1088/2634-4386/ac7327,HfOx,FULL_DEVICE_AWARE,112,16,6,5,IDEALIZED_SINGLE_PAIR_ANALOG,25600.0,95.98,95.22159930158737,False,False
HfOx_02,10.1088/2634-4386/ac7327,HfOx,FULL_DEVICE_AWARE,113,16,5,5,IDEALIZED_SINGLE_PAIR_ANALOG,25600.0,95.91,95.10308232539677,False,False
HfOx_02,10.1088/2634-4386/ac7327,HfOx,FULL_DEVICE_AWARE,114,64,7,6,IDEALIZED_SINGLE_PAIR_ANALOG,3584.0,95.9,95.72577723015863,False,False
HfOx_02,10.1088/2634-4386/ac7327,HfOx,FULL_DEVICE_AWARE,115,64,8,6,IDEALIZED_SINGLE_PAIR_ANALOG,3584.0,95.89,95.73046184920626,False,False
HfOx_02,10.1088/2634-4386/ac7327,HfOx,FULL_DEVICE_AWARE,116,16,8,5,IDEALIZED_SINGLE_PAIR_ANALOG,25600.0,95.87,95.2685654920636,False,False
HfOx_02,10.1088/2634-4386/ac7327,HfOx,FULL_DEVICE_AWARE,117,16,4,5,IDEALIZED_SINGLE_PAIR_ANALOG,25600.0,95.86,95.10357023015868,False,False
HfOx_02,10.1088/2634-4386/ac7327,HfOx,FULL_DEVICE_AWARE,118,16,7,5,IDEALIZED_SINGLE_PAIR_ANALOG,25600.0,95.85,95.2705395873017,False,False
HfOx_02,10.1088/2634-4386/ac7327,HfOx,FULL_DEVICE_AWARE,119,64,4,6,IDEALIZED_SINGLE_PAIR_ANALOG,3584.0,95.79,95.63635911904748,False,False
HfOx_02,10.1088/2634-4386/ac7327,HfOx,FULL_DEVICE_AWARE,120,256,8,6,IDEALIZED_SINGLE_PAIR_ANALOG,640.0,95.75,94.11737125396806,True,True
HfOx_02,10.1088/2634-4386/ac7327,HfOx,FULL_DEVICE_AWARE,121,32,5,5,IDEALIZED_SINGLE_PAIR_ANALOG,6656.0,95.73,94.5109222936509,False,False
HfOx_02,10.1088/2634-4386/ac7327,HfOx,FULL_DEVICE_AWARE,122,256,7,6,IDEALIZED_SINGLE_PAIR_ANALOG,640.0,95.73,94.11665992063472,False,False
HfOx_02,10.1088/2634-4386/ac7327,HfOx,FULL_DEVICE_AWARE,123,128,6,6,IDEALIZED_SINGLE_PAIR_ANALOG,1024.0,95.7,94.57552981746036,False,False
HfOx_02,10.1088/2634-4386/ac7327,HfOx,FULL_DEVICE_AWARE,124,32,6,5,IDEALIZED_SINGLE_PAIR_ANALOG,6656.0,95.7,94.58547868253976,False,False
HfOx_02,10.1088/2634-4386/ac7327,HfOx,FULL_DEVICE_AWARE,125,32,8,5,IDEALIZED_SINGLE_PAIR_ANALOG,6656.0,95.67,94.62390258730166,False,False
HfOx_02,10.1088/2634-4386/ac7327,HfOx,FULL_DEVICE_AWARE,126,128,8,6,IDEALIZED_SINGLE_PAIR_ANALOG,1024.0,95.66,94.61154348412703,False,True
HfOx_02,10.1088/2634-4386/ac7327,HfOx,FULL_DEVICE_AWARE,127,128,4,6,IDEALIZED_SINGLE_PAIR_ANALOG,1024.0,95.65,94.54083869841267,False,False
HfOx_02,10.1088/2634-4386/ac7327,HfOx,FULL_DEVICE_AWARE,128,256,6,6,IDEALIZED_SINGLE_PAIR_ANALOG,640.0,95.63,94.10909882539663,False,False
HfOx_02,10.1088/2634-4386/ac7327,HfOx,FULL_DEVICE_AWARE,129,32,7,5,IDEALIZED_SINGLE_PAIR_ANALOG,6656.0,95.63,94.62475068253974,False,False
HfOx_02,10.1088/2634-4386/ac7327,HfOx,FULL_DEVICE_AWARE,130,256,4,6,IDEALIZED_SINGLE_PAIR_ANALOG,640.0,95.6,94.08449277777768,False,False
HfOx_02,10.1088/2634-4386/ac7327,HfOx,FULL_DEVICE_AWARE,131,256,5,6,IDEALIZED_SINGLE_PAIR_ANALOG,640.0,95.55,94.08730263492056,False,False
HfOx_02,10.1088/2634-4386/ac7327,HfOx,FULL_DEVICE_AWARE,132,128,5,6,IDEALIZED_SINGLE_PAIR_ANALOG,1024.0,95.53,94.54387836507935,False,False
HfOx_02,10.1088/2634-4386/ac7327,HfOx,FULL_DEVICE_AWARE,133,128,7,6,IDEALIZED_SINGLE_PAIR_ANALOG,1024.0,95.49,94.60891548412704,False,False
HfOx_02,10.1088/2634-4386/ac7327,HfOx,FULL_DEVICE_AWARE,134,32,4,5,IDEALIZED_SINGLE_PAIR_ANALOG,6656.0,95.48,94.5125751984128,False,False
HfOx_02,10.1088/2634-4386/ac7327,HfOx,FULL_DEVICE_AWARE,135,64,6,5,IDEALIZED_SINGLE_PAIR_ANALOG,1792.0,95.18,92.7713730567766,False,False
HfOx_02,10.1088/2634-4386/ac7327,HfOx,FULL_DEVICE_AWARE,136,64,7,5,IDEALIZED_SINGLE_PAIR_ANALOG,1792.0,94.99,92.79936100915754,False,False
HfOx_02,10.1088/2634-4386/ac7327,HfOx,FULL_DEVICE_AWARE,137,64,8,5,IDEALIZED_SINGLE_PAIR_ANALOG,1792.0,94.98,92.80023991391946,False,False
HfOx_02,10.1088/2634-4386/ac7327,HfOx,FULL_DEVICE_AWARE,138,16,8,4,IDEALIZED_SINGLE_PAIR_ANALOG,12800.0,94.94,86.4205429523809,False,False
HfOx_02,10.1088/2634-4386/ac7327,HfOx,FULL_DEVICE_AWARE,139,64,5,5,IDEALIZED_SINGLE_PAIR_ANALOG,1792.0,94.86,92.68471174725283,False,False
HfOx_02,10.1088/2634-4386/ac7327,HfOx,FULL_DEVICE_AWARE,140,64,4,5,IDEALIZED_SINGLE_PAIR_ANALOG,1792.0,94.79,92.6802103186814,False,False
HfOx_02,10.1088/2634-4386/ac7327,HfOx,FULL_DEVICE_AWARE,141,16,6,4,IDEALIZED_SINGLE_PAIR_ANALOG,12800.0,94.79,86.40182580952383,False,False
HfOx_02,10.1088/2634-4386/ac7327,HfOx,FULL_DEVICE_AWARE,142,16,7,4,IDEALIZED_SINGLE_PAIR_ANALOG,12800.0,94.78,86.41592095238092,False,False
HfOx_02,10.1088/2634-4386/ac7327,HfOx,FULL_DEVICE_AWARE,143,16,5,4,IDEALIZED_SINGLE_PAIR_ANALOG,12800.0,94.76,86.10906242063486,False,False
HfOx_02,10.1088/2634-4386/ac7327,HfOx,FULL_DEVICE_AWARE,144,16,4,4,IDEALIZED_SINGLE_PAIR_ANALOG,12800.0,94.49,85.51974678571429,False,False
HfOx_02,10.1088/2634-4386/ac7327,HfOx,FULL_DEVICE_AWARE,145,32,6,4,IDEALIZED_SINGLE_PAIR_ANALOG,3328.0,93.76,79.3677021262626,False,False
HfOx_02,10.1088/2634-4386/ac7327,HfOx,FULL_DEVICE_AWARE,146,32,8,4,IDEALIZED_SINGLE_PAIR_ANALOG,3328.0,93.73,79.31243165007209,False,False
HfOx_02,10.1088/2634-4386/ac7327,HfOx,FULL_DEVICE_AWARE,147,32,7,4,IDEALIZED_SINGLE_PAIR_ANALOG,3328.0,93.38,79.31276498340543,False,False
HfOx_02,10.1088/2634-4386/ac7327,HfOx,FULL_DEVICE_AWARE,148,32,5,4,IDEALIZED_SINGLE_PAIR_ANALOG,3328.0,93.19,79.49312391197688,False,False
HfOx_02,10.1088/2634-4386/ac7327,HfOx,FULL_DEVICE_AWARE,149,128,6,5,IDEALIZED_SINGLE_PAIR_ANALOG,512.0,93.17,89.45237089682537,True,False
HfOx_02,10.1088/2634-4386/ac7327,HfOx,FULL_DEVICE_AWARE,150,32,4,4,IDEALIZED_SINGLE_PAIR_ANALOG,3328.0,93.13,79.26669816594517,False,False
HfOx_02,10.1088/2634-4386/ac7327,HfOx,FULL_DEVICE_AWARE,151,128,8,5,IDEALIZED_SINGLE_PAIR_ANALOG,512.0,92.98,89.4638202777777,False,False
HfOx_02,10.1088/2634-4386/ac7327,HfOx,FULL_DEVICE_AWARE,152,128,4,5,IDEALIZED_SINGLE_PAIR_ANALOG,512.0,92.88,89.29143949206366,False,False
HfOx_02,10.1088/2634-4386/ac7327,HfOx,FULL_DEVICE_AWARE,153,128,7,5,IDEALIZED_SINGLE_PAIR_ANALOG,512.0,92.85,89.4724540873015,False,True
HfOx_02,10.1088/2634-4386/ac7327,HfOx,FULL_DEVICE_AWARE,154,256,6,5,IDEALIZED_SINGLE_PAIR_ANALOG,320.0,92.82,85.21788456349216,True,False
HfOx_02,10.1088/2634-4386/ac7327,HfOx,FULL_DEVICE_AWARE,155,256,7,5,IDEALIZED_SINGLE_PAIR_ANALOG,320.0,92.7,85.22863061111129,False,True
HfOx_02,10.1088/2634-4386/ac7327,HfOx,FULL_DEVICE_AWARE,156,256,8,5,IDEALIZED_SINGLE_PAIR_ANALOG,320.0,92.69,85.21821061111127,False,False
HfOx_02,10.1088/2634-4386/ac7327,HfOx,FULL_DEVICE_AWARE,157,256,4,5,IDEALIZED_SINGLE_PAIR_ANALOG,320.0,92.68,85.0842243095239,False,False
HfOx_02,10.1088/2634-4386/ac7327,HfOx,FULL_DEVICE_AWARE,158,128,5,5,IDEALIZED_SINGLE_PAIR_ANALOG,512.0,92.58,89.35837639682553,False,False
HfOx_02,10.1088/2634-4386/ac7327,HfOx,FULL_DEVICE_AWARE,159,256,5,5,IDEALIZED_SINGLE_PAIR_ANALOG,320.0,92.39,85.1492058809525,False,False
HfOx_02,10.1088/2634-4386/ac7327,HfOx,FULL_DEVICE_AWARE,160,32,3,7,IDEALIZED_SINGLE_PAIR_ANALOG,26624.0,92.32,91.88544421428577,False,False
HfOx_02,10.1088/2634-4386/ac7327,HfOx,FULL_DEVICE_AWARE,161,128,3,9,IDEALIZED_SINGLE_PAIR_ANALOG,8192.0,92.3,92.21175750360754,False,False
HfOx_02,10.1088/2634-4386/ac7327,HfOx,FULL_DEVICE_AWARE,162,256,3,8,IDEALIZED_SINGLE_PAIR_ANALOG,2560.0,92.3,92.01951561544021,False,False
HfOx_02,10.1088/2634-4386/ac7327,HfOx,FULL_DEVICE_AWARE,163,256,3,10,IDEALIZED_SINGLE_PAIR_ANALOG,10240.0,92.29,92.25449359090909,False,False
HfOx_02,10.1088/2634-4386/ac7327,HfOx,FULL_DEVICE_AWARE,164,32,3,9,IDEALIZED_SINGLE_PAIR_ANALOG,106496.0,92.29,92.23238411904765,False,False
HfOx_02,10.1088/2634-4386/ac7327,HfOx,FULL_DEVICE_AWARE,165,64,3,8,IDEALIZED_SINGLE_PAIR_ANALOG,14336.0,92.26,92.10030306709957,False,False
HfOx_02,10.1088/2634-4386/ac7327,HfOx,FULL_DEVICE_AWARE,166,256,3,9,IDEALIZED_SINGLE_PAIR_ANALOG,5120.0,92.26,92.26027698773436,False,False
HfOx_02,10.1088/2634-4386/ac7327,HfOx,FULL_DEVICE_AWARE,167,128,3,7,IDEALIZED_SINGLE_PAIR_ANALOG,2048.0,92.26,91.6378694603175,False,False
HfOx_02,10.1088/2634-4386/ac7327,HfOx,FULL_DEVICE_AWARE,168,32,3,8,IDEALIZED_SINGLE_PAIR_ANALOG,53248.0,92.24,92.08467409884557,False,False
HfOx_02,10.1088/2634-4386/ac7327,HfOx,FULL_DEVICE_AWARE,169,16,3,9,IDEALIZED_SINGLE_PAIR_ANALOG,409600.0,92.24,92.2279483492064,False,False
HfOx_02,10.1088/2634-4386/ac7327,HfOx,FULL_DEVICE_AWARE,170,32,3,10,IDEALIZED_SINGLE_PAIR_ANALOG,212992.0,92.23,92.2294657222224,False,False
HfOx_02,10.1088/2634-4386/ac7327,HfOx,FULL_DEVICE_AWARE,171,64,3,10,IDEALIZED_SINGLE_PAIR_ANALOG,57344.0,92.23,92.21273638095242,False,False
HfOx_02,10.1088/2634-4386/ac7327,HfOx,FULL_DEVICE_AWARE,172,128,3,8,IDEALIZED_SINGLE_PAIR_ANALOG,4096.0,92.22,92.0328331075037,False,False
HfOx_02,10.1088/2634-4386/ac7327,HfOx,FULL_DEVICE_AWARE,173,128,3,10,IDEALIZED_SINGLE_PAIR_ANALOG,16384.0,92.22,92.20373198773449,False,False
HfOx_02,10.1088/2634-4386/ac7327,HfOx,FULL_DEVICE_AWARE,174,64,3,9,IDEALIZED_SINGLE_PAIR_ANALOG,28672.0,92.21,92.22331849206348,False,False
HfOx_02,10.1088/2634-4386/ac7327,HfOx,FULL_DEVICE_AWARE,175,16,3,7,IDEALIZED_SINGLE_PAIR_ANALOG,102400.0,92.19,91.98672610317463,False,False
HfOx_02,10.1088/2634-4386/ac7327,HfOx,FULL_DEVICE_AWARE,176,16,3,10,IDEALIZED_SINGLE_PAIR_ANALOG,819200.0,92.18,92.22501302380975,False,False
HfOx_02,10.1088/2634-4386/ac7327,HfOx,FULL_DEVICE_AWARE,177,16,3,8,IDEALIZED_SINGLE_PAIR_ANALOG,204800.0,92.18,92.10019688528138,False,False
HfOx_02,10.1088/2634-4386/ac7327,HfOx,FULL_DEVICE_AWARE,178,256,3,7,IDEALIZED_SINGLE_PAIR_ANALOG,1280.0,92.14,91.58846851587305,False,False
HfOx_02,10.1088/2634-4386/ac7327,HfOx,FULL_DEVICE_AWARE,179,64,3,7,IDEALIZED_SINGLE_PAIR_ANALOG,7168.0,92.12,91.7142371984127,False,False
HfOx_02,10.1088/2634-4386/ac7327,HfOx,FULL_DEVICE_AWARE,180,16,3,6,IDEALIZED_SINGLE_PAIR_ANALOG,51200.0,92.1,91.44773524603166,False,False
HfOx_02,10.1088/2634-4386/ac7327,HfOx,FULL_DEVICE_AWARE,181,32,3,6,IDEALIZED_SINGLE_PAIR_ANALOG,13312.0,91.7,91.1986093174602,False,False
HfOx_02,10.1088/2634-4386/ac7327,HfOx,FULL_DEVICE_AWARE,182,16,3,5,IDEALIZED_SINGLE_PAIR_ANALOG,25600.0,91.47,88.75485011111117,False,False
HfOx_02,10.1088/2634-4386/ac7327,HfOx,FULL_DEVICE_AWARE,183,64,3,6,IDEALIZED_SINGLE_PAIR_ANALOG,3584.0,91.28,90.31003161904759,False,False
HfOx_02,10.1088/2634-4386/ac7327,HfOx,FULL_DEVICE_AWARE,184,32,3,5,IDEALIZED_SINGLE_PAIR_ANALOG,6656.0,91.07,87.8167941428571,False,False
HfOx_02,10.1088/2634-4386/ac7327,HfOx,FULL_DEVICE_AWARE,185,128,3,6,IDEALIZED_SINGLE_PAIR_ANALOG,1024.0,91.05,89.36501758730152,False,False
HfOx_02,10.1088/2634-4386/ac7327,HfOx,FULL_DEVICE_AWARE,186,256,3,6,IDEALIZED_SINGLE_PAIR_ANALOG,640.0,91.04,89.11513137301584,False,False
HfOx_02,10.1088/2634-4386/ac7327,HfOx,FULL_DEVICE_AWARE,187,64,3,5,IDEALIZED_SINGLE_PAIR_ANALOG,1792.0,90.47,84.67256338888882,False,False
HfOx_02,10.1088/2634-4386/ac7327,HfOx,FULL_DEVICE_AWARE,188,16,3,4,IDEALIZED_SINGLE_PAIR_ANALOG,12800.0,90.31,82.78944364285725,False,False
HfOx_02,10.1088/2634-4386/ac7327,HfOx,FULL_DEVICE_AWARE,189,128,3,5,IDEALIZED_SINGLE_PAIR_ANALOG,512.0,89.21,79.35033388888876,False,False
HfOx_02,10.1088/2634-4386/ac7327,HfOx,FULL_DEVICE_AWARE,190,64,6,4,IDEALIZED_SINGLE_PAIR_ANALOG,896.0,88.78,69.64620020634922,False,False
HfOx_02,10.1088/2634-4386/ac7327,HfOx,FULL_DEVICE_AWARE,191,64,8,4,IDEALIZED_SINGLE_PAIR_ANALOG,896.0,88.69,70.06202796825397,False,False
HfOx_02,10.1088/2634-4386/ac7327,HfOx,FULL_DEVICE_AWARE,192,64,4,4,IDEALIZED_SINGLE_PAIR_ANALOG,896.0,88.25,68.07199228571424,False,False
HfOx_02,10.1088/2634-4386/ac7327,HfOx,FULL_DEVICE_AWARE,193,32,3,4,IDEALIZED_SINGLE_PAIR_ANALOG,3328.0,88.19,77.11683616594522,False,False
HfOx_02,10.1088/2634-4386/ac7327,HfOx,FULL_DEVICE_AWARE,194,64,5,4,IDEALIZED_SINGLE_PAIR_ANALOG,896.0,88.14,69.04646463492065,False,False
HfOx_02,10.1088/2634-4386/ac7327,HfOx,FULL_DEVICE_AWARE,195,64,7,4,IDEALIZED_SINGLE_PAIR_ANALOG,896.0,88.12,70.07235330158731,False,False
HfOx_02,10.1088/2634-4386/ac7327,HfOx,FULL_DEVICE_AWARE,196,256,3,5,IDEALIZED_SINGLE_PAIR_ANALOG,320.0,87.92,78.01053543650777,False,False
HfOx_02,10.1088/2634-4386/ac7327,HfOx,FULL_DEVICE_AWARE,197,64,3,4,IDEALIZED_SINGLE_PAIR_ANALOG,896.0,84.46,67.73830757936507,False,False
HfOx_02,10.1088/2634-4386/ac7327,HfOx,FULL_DEVICE_AWARE,198,128,4,4,IDEALIZED_SINGLE_PAIR_ANALOG,256.0,79.93,54.90866173015871,True,False
HfOx_02,10.1088/2634-4386/ac7327,HfOx,FULL_DEVICE_AWARE,199,128,3,4,IDEALIZED_SINGLE_PAIR_ANALOG,256.0,79.72,51.30013565079358,False,False
HfOx_02,10.1088/2634-4386/ac7327,HfOx,FULL_DEVICE_AWARE,200,128,6,4,IDEALIZED_SINGLE_PAIR_ANALOG,256.0,79.07,57.162031087301685,False,False
HfOx_02,10.1088/2634-4386/ac7327,HfOx,FULL_DEVICE_AWARE,201,128,8,4,IDEALIZED_SINGLE_PAIR_ANALOG,256.0,78.84,57.21077396825404,False,True
HfOx_02,10.1088/2634-4386/ac7327,HfOx,FULL_DEVICE_AWARE,202,128,7,4,IDEALIZED_SINGLE_PAIR_ANALOG,256.0,78.78,57.207359301587374,False,False
HfOx_02,10.1088/2634-4386/ac7327,HfOx,FULL_DEVICE_AWARE,203,128,5,4,IDEALIZED_SINGLE_PAIR_ANALOG,256.0,78.28,56.58477273015876,False,False
HfOx_02,10.1088/2634-4386/ac7327,HfOx,FULL_DEVICE_AWARE,204,256,3,4,IDEALIZED_SINGLE_PAIR_ANALOG,160.0,77.12,46.617429738095176,True,False
HfOx_02,10.1088/2634-4386/ac7327,HfOx,FULL_DEVICE_AWARE,205,256,4,4,IDEALIZED_SINGLE_PAIR_ANALOG,160.0,76.78,48.773794595238044,False,False
HfOx_02,10.1088/2634-4386/ac7327,HfOx,FULL_DEVICE_AWARE,206,256,6,4,IDEALIZED_SINGLE_PAIR_ANALOG,160.0,76.45,50.30084126190476,False,False
HfOx_02,10.1088/2634-4386/ac7327,HfOx,FULL_DEVICE_AWARE,207,256,7,4,IDEALIZED_SINGLE_PAIR_ANALOG,160.0,76.35,50.30390626190478,False,False
HfOx_02,10.1088/2634-4386/ac7327,HfOx,FULL_DEVICE_AWARE,208,256,5,4,IDEALIZED_SINGLE_PAIR_ANALOG,160.0,76.04,49.7275938333333,False,False
HfOx_02,10.1088/2634-4386/ac7327,HfOx,FULL_DEVICE_AWARE,209,256,8,4,IDEALIZED_SINGLE_PAIR_ANALOG,160.0,76.02,50.30732092857144,False,True
HfOx_02,10.1088/2634-4386/ac7327,HfOx,FULL_DEVICE_AWARE,210,128,2,5,IDEALIZED_SINGLE_PAIR_ANALOG,512.0,12.18,9.926808103174627,False,False
HfOx_02,10.1088/2634-4386/ac7327,HfOx,FULL_DEVICE_AWARE,211,256,2,5,IDEALIZED_SINGLE_PAIR_ANALOG,320.0,12.12,9.702209412698435,False,False
HfOx_02,10.1088/2634-4386/ac7327,HfOx,FULL_DEVICE_AWARE,212,32,2,4,IDEALIZED_SINGLE_PAIR_ANALOG,3328.0,11.88,10.692168041125544,False,False
HfOx_02,10.1088/2634-4386/ac7327,HfOx,FULL_DEVICE_AWARE,213,32,2,5,IDEALIZED_SINGLE_PAIR_ANALOG,6656.0,11.77,10.796630650793654,False,False
HfOx_02,10.1088/2634-4386/ac7327,HfOx,FULL_DEVICE_AWARE,214,16,2,4,IDEALIZED_SINGLE_PAIR_ANALOG,12800.0,11.58,10.716173588744596,False,False
HfOx_02,10.1088/2634-4386/ac7327,HfOx,FULL_DEVICE_AWARE,215,16,2,5,IDEALIZED_SINGLE_PAIR_ANALOG,25600.0,11.58,10.799984126984127,False,False
HfOx_02,10.1088/2634-4386/ac7327,HfOx,FULL_DEVICE_AWARE,216,256,2,7,IDEALIZED_SINGLE_PAIR_ANALOG,1280.0,11.57,10.87875903174602,False,False
HfOx_02,10.1088/2634-4386/ac7327,HfOx,FULL_DEVICE_AWARE,217,128,2,7,IDEALIZED_SINGLE_PAIR_ANALOG,2048.0,11.57,10.95753307936508,False,False
HfOx_02,10.1088/2634-4386/ac7327,HfOx,FULL_DEVICE_AWARE,218,64,2,5,IDEALIZED_SINGLE_PAIR_ANALOG,1792.0,11.52,10.69182597619048,False,False
HfOx_02,10.1088/2634-4386/ac7327,HfOx,FULL_DEVICE_AWARE,219,32,2,7,IDEALIZED_SINGLE_PAIR_ANALOG,26624.0,11.5,11.198490039682536,False,False
HfOx_02,10.1088/2634-4386/ac7327,HfOx,FULL_DEVICE_AWARE,220,256,2,9,IDEALIZED_SINGLE_PAIR_ANALOG,5120.0,11.45,11.27600767460319,False,False
HfOx_02,10.1088/2634-4386/ac7327,HfOx,FULL_DEVICE_AWARE,221,16,2,7,IDEALIZED_SINGLE_PAIR_ANALOG,102400.0,11.42,11.301540761904773,False,False
HfOx_02,10.1088/2634-4386/ac7327,HfOx,FULL_DEVICE_AWARE,222,16,2,9,IDEALIZED_SINGLE_PAIR_ANALOG,409600.0,11.42,11.328449992063506,False,False
HfOx_02,10.1088/2634-4386/ac7327,HfOx,FULL_DEVICE_AWARE,223,16,2,6,IDEALIZED_SINGLE_PAIR_ANALOG,51200.0,11.39,11.156014063492067,False,False
HfOx_02,10.1088/2634-4386/ac7327,HfOx,FULL_DEVICE_AWARE,224,32,2,9,IDEALIZED_SINGLE_PAIR_ANALOG,106496.0,11.39,11.261583484126994,False,False
HfOx_02,10.1088/2634-4386/ac7327,HfOx,FULL_DEVICE_AWARE,225,128,2,9,IDEALIZED_SINGLE_PAIR_ANALOG,8192.0,11.39,11.270673563492076,False,False
HfOx_02,10.1088/2634-4386/ac7327,HfOx,FULL_DEVICE_AWARE,226,16,2,10,IDEALIZED_SINGLE_PAIR_ANALOG,819200.0,11.38,11.308409063492077,False,False
HfOx_02,10.1088/2634-4386/ac7327,HfOx,FULL_DEVICE_AWARE,227,16,2,8,IDEALIZED_SINGLE_PAIR_ANALOG,204800.0,11.36,11.292276960317468,False,False
HfOx_02,10.1088/2634-4386/ac7327,HfOx,FULL_DEVICE_AWARE,228,64,2,7,IDEALIZED_SINGLE_PAIR_ANALOG,7168.0,11.36,11.137759309523805,False,False
HfOx_02,10.1088/2634-4386/ac7327,HfOx,FULL_DEVICE_AWARE,229,64,2,9,IDEALIZED_SINGLE_PAIR_ANALOG,28672.0,11.32,11.250492206349225,False,False
HfOx_02,10.1088/2634-4386/ac7327,HfOx,FULL_DEVICE_AWARE,230,64,2,4,IDEALIZED_SINGLE_PAIR_ANALOG,896.0,11.3,10.5947202077922,False,False
HfOx_02,10.1088/2634-4386/ac7327,HfOx,FULL_DEVICE_AWARE,231,256,2,10,IDEALIZED_SINGLE_PAIR_ANALOG,10240.0,11.26,11.235002428571415,False,False
HfOx_02,10.1088/2634-4386/ac7327,HfOx,FULL_DEVICE_AWARE,232,128,2,10,IDEALIZED_SINGLE_PAIR_ANALOG,16384.0,11.26,11.21901126984126,False,False
HfOx_02,10.1088/2634-4386/ac7327,HfOx,FULL_DEVICE_AWARE,233,128,2,8,IDEALIZED_SINGLE_PAIR_ANALOG,4096.0,11.26,11.210668769841261,False,False
HfOx_02,10.1088/2634-4386/ac7327,HfOx,FULL_DEVICE_AWARE,234,32,2,8,IDEALIZED_SINGLE_PAIR_ANALOG,53248.0,11.2,11.200533809523806,False,False
HfOx_02,10.1088/2634-4386/ac7327,HfOx,FULL_DEVICE_AWARE,235,64,2,10,IDEALIZED_SINGLE_PAIR_ANALOG,57344.0,11.19,11.20007429365079,False,False
HfOx_02,10.1088/2634-4386/ac7327,HfOx,FULL_DEVICE_AWARE,236,256,2,8,IDEALIZED_SINGLE_PAIR_ANALOG,2560.0,11.18,11.225121952380949,False,False
HfOx_02,10.1088/2634-4386/ac7327,HfOx,FULL_DEVICE_AWARE,237,32,2,10,IDEALIZED_SINGLE_PAIR_ANALOG,212992.0,11.17,11.222544055555556,False,False
HfOx_02,10.1088/2634-4386/ac7327,HfOx,FULL_DEVICE_AWARE,238,128,2,6,IDEALIZED_SINGLE_PAIR_ANALOG,1024.0,11.15,10.699646825396828,False,False
HfOx_02,10.1088/2634-4386/ac7327,HfOx,FULL_DEVICE_AWARE,239,64,2,8,IDEALIZED_SINGLE_PAIR_ANALOG,14336.0,11.13,11.139852555555564,False,False
HfOx_02,10.1088/2634-4386/ac7327,HfOx,FULL_DEVICE_AWARE,240,256,2,6,IDEALIZED_SINGLE_PAIR_ANALOG,640.0,11.03,10.516190595238099,False,False
HfOx_02,10.1088/2634-4386/ac7327,HfOx,FULL_DEVICE_AWARE,241,32,2,6,IDEALIZED_SINGLE_PAIR_ANALOG,13312.0,11.01,11.1054537936508,False,False
HfOx_02,10.1088/2634-4386/ac7327,HfOx,FULL_DEVICE_AWARE,242,128,2,4,IDEALIZED_SINGLE_PAIR_ANALOG,256.0,10.87,9.723541428571428,False,False
HfOx_02,10.1088/2634-4386/ac7327,HfOx,FULL_DEVICE_AWARE,243,64,2,6,IDEALIZED_SINGLE_PAIR_ANALOG,3584.0,10.81,11.106104269841278,False,False
HfOx_02,10.1088/2634-4386/ac7327,HfOx,FULL_DEVICE_AWARE,244,256,2,4,IDEALIZED_SINGLE_PAIR_ANALOG,160.0,9.87,9.46823033333332,False,False
HfZrOx_01,10.1002/pssr.202000524,HfZrOx,HARDWARE_ONLY,0,16,6,10,IDEALIZED_SINGLE_PAIR_ANALOG,819200.0,96.34,96.26477664916614,True,False
HfZrOx_01,10.1002/pssr.202000524,HfZrOx,HARDWARE_ONLY,1,64,6,10,IDEALIZED_SINGLE_PAIR_ANALOG,57344.0,96.3,96.26636941833713,True,True
HfZrOx_01,10.1002/pssr.202000524,HfZrOx,HARDWARE_ONLY,2,64,6,9,IDEALIZED_SINGLE_PAIR_ANALOG,28672.0,96.29,96.202496493945,True,False
HfZrOx_01,10.1002/pssr.202000524,HfZrOx,HARDWARE_ONLY,3,32,8,10,IDEALIZED_SINGLE_PAIR_ANALOG,212992.0,96.27,96.22943874244724,False,False
HfZrOx_01,10.1002/pssr.202000524,HfZrOx,HARDWARE_ONLY,4,32,6,9,IDEALIZED_SINGLE_PAIR_ANALOG,106496.0,96.26,96.22622158166509,False,False
HfZrOx_01,10.1002/pssr.202000524,HfZrOx,HARDWARE_ONLY,5,128,6,9,IDEALIZED_SINGLE_PAIR_ANALOG,8192.0,96.26,96.14865397228259,True,True
HfZrOx_01,10.1002/pssr.202000524,HfZrOx,HARDWARE_ONLY,6,256,6,10,IDEALIZED_SINGLE_PAIR_ANALOG,10240.0,96.25,96.2380820993892,False,True
HfZrOx_01,10.1002/pssr.202000524,HfZrOx,HARDWARE_ONLY,7,32,6,10,IDEALIZED_SINGLE_PAIR_ANALOG,212992.0,96.25,96.26736197280722,False,True
HfZrOx_01,10.1002/pssr.202000524,HfZrOx,HARDWARE_ONLY,8,32,7,9,IDEALIZED_SINGLE_PAIR_ANALOG,106496.0,96.25,96.19267286167776,False,False
HfZrOx_01,10.1002/pssr.202000524,HfZrOx,HARDWARE_ONLY,9,16,8,10,IDEALIZED_SINGLE_PAIR_ANALOG,819200.0,96.24,96.22673911779567,False,False
HfZrOx_01,10.1002/pssr.202000524,HfZrOx,HARDWARE_ONLY,10,32,6,7,IDEALIZED_SINGLE_PAIR_ANALOG,26624.0,96.24,95.92612859959783,False,False
HfZrOx_01,10.1002/pssr.202000524,HfZrOx,HARDWARE_ONLY,11,32,6,8,IDEALIZED_SINGLE_PAIR_ANALOG,53248.0,96.24,96.13910591085867,False,False
HfZrOx_01,10.1002/pssr.202000524,HfZrOx,HARDWARE_ONLY,12,128,6,8,IDEALIZED_SINGLE_PAIR_ANALOG,4096.0,96.24,95.89227521157393,False,True
HfZrOx_01,10.1002/pssr.202000524,HfZrOx,HARDWARE_ONLY,13,64,8,10,IDEALIZED_SINGLE_PAIR_ANALOG,57344.0,96.24,96.22059131840429,False,False
HfZrOx_01,10.1002/pssr.202000524,HfZrOx,HARDWARE_ONLY,14,128,7,9,IDEALIZED_SINGLE_PAIR_ANALOG,8192.0,96.24,96.1294769675407,False,False
HfZrOx_01,10.1002/pssr.202000524,HfZrOx,HARDWARE_ONLY,15,64,7,9,IDEALIZED_SINGLE_PAIR_ANALOG,28672.0,96.24,96.19686368018915,False,False
HfZrOx_01,10.1002/pssr.202000524,HfZrOx,HARDWARE_ONLY,16,128,7,8,IDEALIZED_SINGLE_PAIR_ANALOG,4096.0,96.24,95.79983300603806,False,False
HfZrOx_01,10.1002/pssr.202000524,HfZrOx,HARDWARE_ONLY,17,256,7,9,IDEALIZED_SINGLE_PAIR_ANALOG,5120.0,96.24,96.12399032256458,False,False
HfZrOx_01,10.1002/pssr.202000524,HfZrOx,HARDWARE_ONLY,18,256,7,8,IDEALIZED_SINGLE_PAIR_ANALOG,2560.0,96.24,95.84581010598714,True,False
HfZrOx_01,10.1002/pssr.202000524,HfZrOx,HARDWARE_ONLY,19,128,8,8,IDEALIZED_SINGLE_PAIR_ANALOG,4096.0,96.24,95.7874974121037,False,False
HfZrOx_01,10.1002/pssr.202000524,HfZrOx,HARDWARE_ONLY,20,32,7,10,IDEALIZED_SINGLE_PAIR_ANALOG,212992.0,96.23,96.21677768389625,False,False
HfZrOx_01,10.1002/pssr.202000524,HfZrOx,HARDWARE_ONLY,21,32,8,9,IDEALIZED_SINGLE_PAIR_ANALOG,106496.0,96.23,96.2265004850052,False,False
HfZrOx_01,10.1002/pssr.202000524,HfZrOx,HARDWARE_ONLY,22,16,6,9,IDEALIZED_SINGLE_PAIR_ANALOG,409600.0,96.23,96.23356322394392,False,False
HfZrOx_01,10.1002/pssr.202000524,HfZrOx,HARDWARE_ONLY,23,256,6,9,IDEALIZED_SINGLE_PAIR_ANALOG,5120.0,96.23,96.14599376912714,False,True
HfZrOx_01,10.1002/pssr.202000524,HfZrOx,HARDWARE_ONLY,24,64,5,8,IDEALIZED_SINGLE_PAIR_ANALOG,14336.0,96.23,95.96724988672115,False,False
HfZrOx_01,10.1002/pssr.202000524,HfZrOx,HARDWARE_ONLY,25,128,6,10,IDEALIZED_SINGLE_PAIR_ANALOG,16384.0,96.22,96.24494941158453,False,True
HfZrOx_01,10.1002/pssr.202000524,HfZrOx,HARDWARE_ONLY,26,64,8,9,IDEALIZED_SINGLE_PAIR_ANALOG,28672.0,96.21,96.18581879235964,False,False
HfZrOx_01,10.1002/pssr.202000524,HfZrOx,HARDWARE_ONLY,27,16,6,8,IDEALIZED_SINGLE_PAIR_ANALOG,204800.0,96.21,96.22170731246874,False,False
HfZrOx_01,10.1002/pssr.202000524,HfZrOx,HARDWARE_ONLY,28,32,7,7,IDEALIZED_SINGLE_PAIR_ANALOG,26624.0,96.21,95.90122449681206,False,False
HfZrOx_01,10.1002/pssr.202000524,HfZrOx,HARDWARE_ONLY,29,16,8,9,IDEALIZED_SINGLE_PAIR_ANALOG,409600.0,96.21,96.2215919654871,False,False
HfZrOx_01,10.1002/pssr.202000524,HfZrOx,HARDWARE_ONLY,30,64,6,7,IDEALIZED_SINGLE_PAIR_ANALOG,7168.0,96.21,95.64411645561444,False,False
HfZrOx_01,10.1002/pssr.202000524,HfZrOx,HARDWARE_ONLY,31,128,8,10,IDEALIZED_SINGLE_PAIR_ANALOG,16384.0,96.21,96.20074221004647,False,False
HfZrOx_01,10.1002/pssr.202000524,HfZrOx,HARDWARE_ONLY,32,16,7,8,IDEALIZED_SINGLE_PAIR_ANALOG,204800.0,96.2,96.18660528462975,False,False
HfZrOx_01,10.1002/pssr.202000524,HfZrOx,HARDWARE_ONLY,33,64,6,8,IDEALIZED_SINGLE_PAIR_ANALOG,14336.0,96.2,96.04842345885653,False,False
HfZrOx_01,10.1002/pssr.202000524,HfZrOx,HARDWARE_ONLY,34,128,8,9,IDEALIZED_SINGLE_PAIR_ANALOG,8192.0,96.2,96.13790926525931,False,False
HfZrOx_01,10.1002/pssr.202000524,HfZrOx,HARDWARE_ONLY,35,32,7,8,IDEALIZED_SINGLE_PAIR_ANALOG,53248.0,96.2,96.14549117404528,False,False
HfZrOx_01,10.1002/pssr.202000524,HfZrOx,HARDWARE_ONLY,36,256,8,9,IDEALIZED_SINGLE_PAIR_ANALOG,5120.0,96.2,96.12621018438051,False,False
HfZrOx_01,10.1002/pssr.202000524,HfZrOx,HARDWARE_ONLY,37,128,7,10,IDEALIZED_SINGLE_PAIR_ANALOG,16384.0,96.19,96.20257328289014,False,False
HfZrOx_01,10.1002/pssr.202000524,HfZrOx,HARDWARE_ONLY,38,64,7,10,IDEALIZED_SINGLE_PAIR_ANALOG,57344.0,96.19,96.20639038189591,False,False
HfZrOx_01,10.1002/pssr.202000524,HfZrOx,HARDWARE_ONLY,39,256,6,8,IDEALIZED_SINGLE_PAIR_ANALOG,2560.0,96.19,95.85434464811655,False,True
HfZrOx_01,10.1002/pssr.202000524,HfZrOx,HARDWARE_ONLY,40,16,7,7,IDEALIZED_SINGLE_PAIR_ANALOG,102400.0,96.19,96.06390702941331,False,False
HfZrOx_01,10.1002/pssr.202000524,HfZrOx,HARDWARE_ONLY,41,16,7,9,IDEALIZED_SINGLE_PAIR_ANALOG,409600.0,96.19,96.20880324562371,False,False
HfZrOx_01,10.1002/pssr.202000524,HfZrOx,HARDWARE_ONLY,42,16,7,10,IDEALIZED_SINGLE_PAIR_ANALOG,819200.0,96.19,96.20368258727048,False,False
HfZrOx_01,10.1002/pssr.202000524,HfZrOx,HARDWARE_ONLY,43,128,5,10,IDEALIZED_SINGLE_PAIR_ANALOG,16384.0,96.19,96.13272205261565,False,False
HfZrOx_01,10.1002/pssr.202000524,HfZrOx,HARDWARE_ONLY,44,128,5,9,IDEALIZED_SINGLE_PAIR_ANALOG,8192.0,96.18,96.09025403121419,False,False
HfZrOx_01,10.1002/pssr.202000524,HfZrOx,HARDWARE_ONLY,45,32,8,7,IDEALIZED_SINGLE_PAIR_ANALOG,26624.0,96.18,95.91523870706087,False,False
HfZrOx_01,10.1002/pssr.202000524,HfZrOx,HARDWARE_ONLY,46,256,8,10,IDEALIZED_SINGLE_PAIR_ANALOG,10240.0,96.18,96.22226562734485,False,False
HfZrOx_01,10.1002/pssr.202000524,HfZrOx,HARDWARE_ONLY,47,16,8,7,IDEALIZED_SINGLE_PAIR_ANALOG,102400.0,96.18,96.04585272288948,False,False
HfZrOx_01,10.1002/pssr.202000524,HfZrOx,HARDWARE_ONLY,48,64,8,8,IDEALIZED_SINGLE_PAIR_ANALOG,14336.0,96.18,96.0495308418559,False,False
HfZrOx_01,10.1002/pssr.202000524,HfZrOx,HARDWARE_ONLY,49,64,5,10,IDEALIZED_SINGLE_PAIR_ANALOG,57344.0,96.18,96.15419159434428,False,False
HfZrOx_01,10.1002/pssr.202000524,HfZrOx,HARDWARE_ONLY,50,16,8,8,IDEALIZED_SINGLE_PAIR_ANALOG,204800.0,96.18,96.172143302232,False,False
HfZrOx_01,10.1002/pssr.202000524,HfZrOx,HARDWARE_ONLY,51,16,5,10,IDEALIZED_SINGLE_PAIR_ANALOG,819200.0,96.17,96.12869590398002,False,False
HfZrOx_01,10.1002/pssr.202000524,HfZrOx,HARDWARE_ONLY,52,16,5,9,IDEALIZED_SINGLE_PAIR_ANALOG,409600.0,96.17,96.1498933839427,False,False
HfZrOx_01,10.1002/pssr.202000524,HfZrOx,HARDWARE_ONLY,53,32,5,7,IDEALIZED_SINGLE_PAIR_ANALOG,26624.0,96.17,95.84903057925088,False,False
HfZrOx_01,10.1002/pssr.202000524,HfZrOx,HARDWARE_ONLY,54,16,6,6,IDEALIZED_SINGLE_PAIR_ANALOG,51200.0,96.17,95.7603603568941,False,False
HfZrOx_01,10.1002/pssr.202000524,HfZrOx,HARDWARE_ONLY,55,256,5,10,IDEALIZED_SINGLE_PAIR_ANALOG,10240.0,96.17,96.13100529320724,False,False
HfZrOx_01,10.1002/pssr.202000524,HfZrOx,HARDWARE_ONLY,56,32,5,8,IDEALIZED_SINGLE_PAIR_ANALOG,53248.0,96.17,96.08935006501332,False,False
HfZrOx_01,10.1002/pssr.202000524,HfZrOx,HARDWARE_ONLY,57,32,5,9,IDEALIZED_SINGLE_PAIR_ANALOG,106496.0,96.16,96.1091450950504,False,False
HfZrOx_01,10.1002/pssr.202000524,HfZrOx,HARDWARE_ONLY,58,64,5,9,IDEALIZED_SINGLE_PAIR_ANALOG,28672.0,96.16,96.1277669819386,False,False
HfZrOx_01,10.1002/pssr.202000524,HfZrOx,HARDWARE_ONLY,59,16,6,7,IDEALIZED_SINGLE_PAIR_ANALOG,102400.0,96.16,96.04885617052541,False,False
HfZrOx_01,10.1002/pssr.202000524,HfZrOx,HARDWARE_ONLY,60,64,7,8,IDEALIZED_SINGLE_PAIR_ANALOG,14336.0,96.15,96.0219534730757,False,False
HfZrOx_01,10.1002/pssr.202000524,HfZrOx,HARDWARE_ONLY,61,32,8,8,IDEALIZED_SINGLE_PAIR_ANALOG,53248.0,96.15,96.13368554782964,False,False
HfZrOx_01,10.1002/pssr.202000524,HfZrOx,HARDWARE_ONLY,62,256,5,9,IDEALIZED_SINGLE_PAIR_ANALOG,5120.0,96.15,96.07954663535645,False,False
HfZrOx_01,10.1002/pssr.202000524,HfZrOx,HARDWARE_ONLY,63,256,7,10,IDEALIZED_SINGLE_PAIR_ANALOG,10240.0,96.15,96.19365324756951,False,False
HfZrOx_01,10.1002/pssr.202000524,HfZrOx,HARDWARE_ONLY,64,16,5,8,IDEALIZED_SINGLE_PAIR_ANALOG,204800.0,96.14,96.12049786087108,False,False
HfZrOx_01,10.1002/pssr.202000524,HfZrOx,HARDWARE_ONLY,65,256,8,8,IDEALIZED_SINGLE_PAIR_ANALOG,2560.0,96.14,95.74456695998941,False,False
HfZrOx_01,10.1002/pssr.202000524,HfZrOx,HARDWARE_ONLY,66,128,5,8,IDEALIZED_SINGLE_PAIR_ANALOG,4096.0,96.13,95.7934277186712,False,False
HfZrOx_01,10.1002/pssr.202000524,HfZrOx,HARDWARE_ONLY,67,32,5,10,IDEALIZED_SINGLE_PAIR_ANALOG,212992.0,96.13,96.14137002270114,False,False
HfZrOx_01,10.1002/pssr.202000524,HfZrOx,HARDWARE_ONLY,68,16,8,6,IDEALIZED_SINGLE_PAIR_ANALOG,51200.0,96.13,95.74836498968351,False,False
HfZrOx_01,10.1002/pssr.202000524,HfZrOx,HARDWARE_ONLY,69,128,4,8,IDEALIZED_SINGLE_PAIR_ANALOG,4096.0,96.12,95.70264217040148,False,False
HfZrOx_01,10.1002/pssr.202000524,HfZrOx,HARDWARE_ONLY,70,256,4,9,IDEALIZED_SINGLE_PAIR_ANALOG,5120.0,96.11,95.97318984120615,False,False
HfZrOx_01,10.1002/pssr.202000524,HfZrOx,HARDWARE_ONLY,71,64,7,7,IDEALIZED_SINGLE_PAIR_ANALOG,7168.0,96.1,95.62890582674301,False,False
HfZrOx_01,10.1002/pssr.202000524,HfZrOx,HARDWARE_ONLY,72,16,4,9,IDEALIZED_SINGLE_PAIR_ANALOG,409600.0,96.09,96.05727163474347,False,False
HfZrOx_01,10.1002/pssr.202000524,HfZrOx,HARDWARE_ONLY,73,32,4,9,IDEALIZED_SINGLE_PAIR_ANALOG,106496.0,96.09,96.06357768040291,False,False
HfZrOx_01,10.1002/pssr.202000524,HfZrOx,HARDWARE_ONLY,74,16,4,8,IDEALIZED_SINGLE_PAIR_ANALOG,204800.0,96.09,96.05463697476215,False,False
HfZrOx_01,10.1002/pssr.202000524,HfZrOx,HARDWARE_ONLY,75,32,4,7,IDEALIZED_SINGLE_PAIR_ANALOG,26624.0,96.09,95.80987580966745,False,False
HfZrOx_01,10.1002/pssr.202000524,HfZrOx,HARDWARE_ONLY,76,64,4,8,IDEALIZED_SINGLE_PAIR_ANALOG,14336.0,96.08,95.90895883506202,False,False
HfZrOx_01,10.1002/pssr.202000524,HfZrOx,HARDWARE_ONLY,77,64,4,10,IDEALIZED_SINGLE_PAIR_ANALOG,57344.0,96.08,96.05398718038344,False,False
HfZrOx_01,10.1002/pssr.202000524,HfZrOx,HARDWARE_ONLY,78,128,4,9,IDEALIZED_SINGLE_PAIR_ANALOG,8192.0,96.08,95.99501090930954,False,False
HfZrOx_01,10.1002/pssr.202000524,HfZrOx,HARDWARE_ONLY,79,16,7,6,IDEALIZED_SINGLE_PAIR_ANALOG,51200.0,96.07,95.74998010565608,False,False
HfZrOx_01,10.1002/pssr.202000524,HfZrOx,HARDWARE_ONLY,80,32,4,10,IDEALIZED_SINGLE_PAIR_ANALOG,212992.0,96.07,96.06467805432655,False,False
HfZrOx_01,10.1002/pssr.202000524,HfZrOx,HARDWARE_ONLY,81,256,5,8,IDEALIZED_SINGLE_PAIR_ANALOG,2560.0,96.07,95.61955699970471,False,False
HfZrOx_01,10.1002/pssr.202000524,HfZrOx,HARDWARE_ONLY,82,64,8,7,IDEALIZED_SINGLE_PAIR_ANALOG,7168.0,96.07,95.65849954831273,False,False
HfZrOx_01,10.1002/pssr.202000524,HfZrOx,HARDWARE_ONLY,83,16,4,10,IDEALIZED_SINGLE_PAIR_ANALOG,819200.0,96.07,96.07500789592011,False,False
HfZrOx_01,10.1002/pssr.202000524,HfZrOx,HARDWARE_ONLY,84,16,5,6,IDEALIZED_SINGLE_PAIR_ANALOG,51200.0,96.06,95.67532701018435,False,False
HfZrOx_01,10.1002/pssr.202000524,HfZrOx,HARDWARE_ONLY,85,32,4,8,IDEALIZED_SINGLE_PAIR_ANALOG,53248.0,96.05,95.98958408383987,False,False
HfZrOx_01,10.1002/pssr.202000524,HfZrOx,HARDWARE_ONLY,86,16,5,7,IDEALIZED_SINGLE_PAIR_ANALOG,102400.0,96.05,95.96770046537819,False,False
HfZrOx_01,10.1002/pssr.202000524,HfZrOx,HARDWARE_ONLY,87,64,4,9,IDEALIZED_SINGLE_PAIR_ANALOG,28672.0,96.04,96.06188167243947,False,False
HfZrOx_01,10.1002/pssr.202000524,HfZrOx,HARDWARE_ONLY,88,256,6,7,IDEALIZED_SINGLE_PAIR_ANALOG,1280.0,96.03,93.8852514084787,True,False
HfZrOx_01,10.1002/pssr.202000524,HfZrOx,HARDWARE_ONLY,89,128,6,7,IDEALIZED_SINGLE_PAIR_ANALOG,2048.0,96.02,94.78289615654931,False,False
HfZrOx_01,10.1002/pssr.202000524,HfZrOx,HARDWARE_ONLY,90,64,5,7,IDEALIZED_SINGLE_PAIR_ANALOG,7168.0,96.02,95.56943504005251,False,False
HfZrOx_01,10.1002/pssr.202000524,HfZrOx,HARDWARE_ONLY,91,128,4,10,IDEALIZED_SINGLE_PAIR_ANALOG,16384.0,96.01,96.06544472881531,False,False
HfZrOx_01,10.1002/pssr.202000524,HfZrOx,HARDWARE_ONLY,92,256,4,10,IDEALIZED_SINGLE_PAIR_ANALOG,10240.0,96.0,96.05362296336023,False,False
HfZrOx_01,10.1002/pssr.202000524,HfZrOx,HARDWARE_ONLY,93,256,4,8,IDEALIZED_SINGLE_PAIR_ANALOG,2560.0,95.99,95.68981495309271,False,False
HfZrOx_01,10.1002/pssr.202000524,HfZrOx,HARDWARE_ONLY,94,16,4,7,IDEALIZED_SINGLE_PAIR_ANALOG,102400.0,95.98,95.94660715926885,False,False
HfZrOx_01,10.1002/pssr.202000524,HfZrOx,HARDWARE_ONLY,95,64,4,7,IDEALIZED_SINGLE_PAIR_ANALOG,7168.0,95.96,95.41991733100235,False,False
HfZrOx_01,10.1002/pssr.202000524,HfZrOx,HARDWARE_ONLY,96,32,7,6,IDEALIZED_SINGLE_PAIR_ANALOG,13312.0,95.89,95.31839620053492,False,False
HfZrOx_01,10.1002/pssr.202000524,HfZrOx,HARDWARE_ONLY,97,256,8,7,IDEALIZED_SINGLE_PAIR_ANALOG,1280.0,95.89,93.7516984047618,False,False
HfZrOx_01,10.1002/pssr.202000524,HfZrOx,HARDWARE_ONLY,98,128,7,7,IDEALIZED_SINGLE_PAIR_ANALOG,2048.0,95.89,94.7010352622275,False,False
HfZrOx_01,10.1002/pssr.202000524,HfZrOx,HARDWARE_ONLY,99,256,7,7,IDEALIZED_SINGLE_PAIR_ANALOG,1280.0,95.87,93.91628066610932,False,True
HfZrOx_01,10.1002/pssr.202000524,HfZrOx,HARDWARE_ONLY,100,128,5,7,IDEALIZED_SINGLE_PAIR_ANALOG,2048.0,95.81,94.73543579130337,False,False
HfZrOx_01,10.1002/pssr.202000524,HfZrOx,HARDWARE_ONLY,101,32,6,6,IDEALIZED_SINGLE_PAIR_ANALOG,13312.0,95.81,95.37156689628033,False,False
HfZrOx_01,10.1002/pssr.202000524,HfZrOx,HARDWARE_ONLY,102,16,4,6,IDEALIZED_SINGLE_PAIR_ANALOG,51200.0,95.8,95.56851480759607,False,False
HfZrOx_01,10.1002/pssr.202000524,HfZrOx,HARDWARE_ONLY,103,32,8,6,IDEALIZED_SINGLE_PAIR_ANALOG,13312.0,95.8,95.25633436506791,False,False
HfZrOx_01,10.1002/pssr.202000524,HfZrOx,HARDWARE_ONLY,104,256,5,7,IDEALIZED_SINGLE_PAIR_ANALOG,1280.0,95.79,93.60170063606611,False,False
HfZrOx_01,10.1002/pssr.202000524,HfZrOx,HARDWARE_ONLY,105,128,8,7,IDEALIZED_SINGLE_PAIR_ANALOG,2048.0,95.76,94.90434035635123,False,True
HfZrOx_01,10.1002/pssr.202000524,HfZrOx,HARDWARE_ONLY,106,128,4,7,IDEALIZED_SINGLE_PAIR_ANALOG,2048.0,95.72,94.67966017056143,False,False
HfZrOx_01,10.1002/pssr.202000524,HfZrOx,HARDWARE_ONLY,107,32,5,6,IDEALIZED_SINGLE_PAIR_ANALOG,13312.0,95.71,95.15892655671625,False,False
HfZrOx_01,10.1002/pssr.202000524,HfZrOx,HARDWARE_ONLY,108,256,4,7,IDEALIZED_SINGLE_PAIR_ANALOG,1280.0,95.68,93.60661521482919,False,False
HfZrOx_01,10.1002/pssr.202000524,HfZrOx,HARDWARE_ONLY,109,32,4,6,IDEALIZED_SINGLE_PAIR_ANALOG,13312.0,95.66,95.3054468352375,False,False
HfZrOx_01,10.1002/pssr.202000524,HfZrOx,HARDWARE_ONLY,110,64,8,6,IDEALIZED_SINGLE_PAIR_ANALOG,3584.0,95.54,94.3788778629933,False,False
HfZrOx_01,10.1002/pssr.202000524,HfZrOx,HARDWARE_ONLY,111,64,6,6,IDEALIZED_SINGLE_PAIR_ANALOG,3584.0,95.38,94.31983921069626,False,False
HfZrOx_01,10.1002/pssr.202000524,HfZrOx,HARDWARE_ONLY,112,64,7,6,IDEALIZED_SINGLE_PAIR_ANALOG,3584.0,95.38,94.21857639057794,False,False
HfZrOx_01,10.1002/pssr.202000524,HfZrOx,HARDWARE_ONLY,113,16,7,5,IDEALIZED_SINGLE_PAIR_ANALOG,25600.0,95.36,91.32071354241081,False,False
HfZrOx_01,10.1002/pssr.202000524,HfZrOx,HARDWARE_ONLY,114,16,6,5,IDEALIZED_SINGLE_PAIR_ANALOG,25600.0,95.29,91.45486938132787,False,False
HfZrOx_01,10.1002/pssr.202000524,HfZrOx,HARDWARE_ONLY,115,64,4,6,IDEALIZED_SINGLE_PAIR_ANALOG,3584.0,95.27,94.33070258678863,False,False
HfZrOx_01,10.1002/pssr.202000524,HfZrOx,HARDWARE_ONLY,116,64,5,6,IDEALIZED_SINGLE_PAIR_ANALOG,3584.0,95.22,94.40612538235403,False,False
HfZrOx_01,10.1002/pssr.202000524,HfZrOx,HARDWARE_ONLY,117,16,8,5,IDEALIZED_SINGLE_PAIR_ANALOG,25600.0,95.13,91.20280819035375,False,False
HfZrOx_01,10.1002/pssr.202000524,HfZrOx,HARDWARE_ONLY,118,16,4,5,IDEALIZED_SINGLE_PAIR_ANALOG,25600.0,94.94,92.07508000447748,False,False
HfZrOx_01,10.1002/pssr.202000524,HfZrOx,HARDWARE_ONLY,119,16,5,5,IDEALIZED_SINGLE_PAIR_ANALOG,25600.0,94.87,91.69953968504203,False,False
HfZrOx_01,10.1002/pssr.202000524,HfZrOx,HARDWARE_ONLY,120,128,7,6,IDEALIZED_SINGLE_PAIR_ANALOG,1024.0,94.62,91.6627588793184,True,False
HfZrOx_01,10.1002/pssr.202000524,HfZrOx,HARDWARE_ONLY,121,128,8,6,IDEALIZED_SINGLE_PAIR_ANALOG,1024.0,94.5,91.71465384498381,False,False
HfZrOx_01,10.1002/pssr.202000524,HfZrOx,HARDWARE_ONLY,122,128,6,6,IDEALIZED_SINGLE_PAIR_ANALOG,1024.0,94.49,91.894470789108,False,False
HfZrOx_01,10.1002/pssr.202000524,HfZrOx,HARDWARE_ONLY,123,128,4,6,IDEALIZED_SINGLE_PAIR_ANALOG,1024.0,94.4,91.89866460636128,False,True
HfZrOx_01,10.1002/pssr.202000524,HfZrOx,HARDWARE_ONLY,124,32,7,5,IDEALIZED_SINGLE_PAIR_ANALOG,6656.0,94.32,90.41202383925389,False,False
HfZrOx_01,10.1002/pssr.202000524,HfZrOx,HARDWARE_ONLY,125,128,5,6,IDEALIZED_SINGLE_PAIR_ANALOG,1024.0,94.3,91.81699067030202,False,False
HfZrOx_01,10.1002/pssr.202000524,HfZrOx,HARDWARE_ONLY,126,32,4,5,IDEALIZED_SINGLE_PAIR_ANALOG,6656.0,94.3,89.98515688369369,False,False
HfZrOx_01,10.1002/pssr.202000524,HfZrOx,HARDWARE_ONLY,127,32,8,5,IDEALIZED_SINGLE_PAIR_ANALOG,6656.0,94.28,89.58315385476853,False,False
HfZrOx_01,10.1002/pssr.202000524,HfZrOx,HARDWARE_ONLY,128,32,6,5,IDEALIZED_SINGLE_PAIR_ANALOG,6656.0,94.23,89.52285200851604,False,False
HfZrOx_01,10.1002/pssr.202000524,HfZrOx,HARDWARE_ONLY,129,256,7,6,IDEALIZED_SINGLE_PAIR_ANALOG,640.0,94.02,91.2119571635684,True,False
HfZrOx_01,10.1002/pssr.202000524,HfZrOx,HARDWARE_ONLY,130,256,6,6,IDEALIZED_SINGLE_PAIR_ANALOG,640.0,93.9,91.11332271089685,False,False
HfZrOx_01,10.1002/pssr.202000524,HfZrOx,HARDWARE_ONLY,131,32,5,5,IDEALIZED_SINGLE_PAIR_ANALOG,6656.0,93.84,90.03582513322125,False,False
HfZrOx_01,10.1002/pssr.202000524,HfZrOx,HARDWARE_ONLY,132,256,8,6,IDEALIZED_SINGLE_PAIR_ANALOG,640.0,93.83,91.53361906393938,False,True
HfZrOx_01,10.1002/pssr.202000524,HfZrOx,HARDWARE_ONLY,133,256,4,6,IDEALIZED_SINGLE_PAIR_ANALOG,640.0,93.82,90.95978490083444,False,False
HfZrOx_01,10.1002/pssr.202000524,HfZrOx,HARDWARE_ONLY,134,256,5,6,IDEALIZED_SINGLE_PAIR_ANALOG,640.0,93.75,91.21872007633073,False,False
HfZrOx_01,10.1002/pssr.202000524,HfZrOx,HARDWARE_ONLY,135,64,8,5,IDEALIZED_SINGLE_PAIR_ANALOG,1792.0,92.77,88.20367255228099,False,False
HfZrOx_01,10.1002/pssr.202000524,HfZrOx,HARDWARE_ONLY,136,64,6,5,IDEALIZED_SINGLE_PAIR_ANALOG,1792.0,92.65,87.48777365641068,False,False
HfZrOx_01,10.1002/pssr.202000524,HfZrOx,HARDWARE_ONLY,137,64,7,5,IDEALIZED_SINGLE_PAIR_ANALOG,1792.0,92.46,88.11183858956254,False,False
HfZrOx_01,10.1002/pssr.202000524,HfZrOx,HARDWARE_ONLY,138,64,4,5,IDEALIZED_SINGLE_PAIR_ANALOG,1792.0,92.28,87.11557396218488,False,False
HfZrOx_01,10.1002/pssr.202000524,HfZrOx,HARDWARE_ONLY,139,256,3,10,IDEALIZED_SINGLE_PAIR_ANALOG,10240.0,92.25,92.21267447553232,False,False
HfZrOx_01,10.1002/pssr.202000524,HfZrOx,HARDWARE_ONLY,140,32,3,9,IDEALIZED_SINGLE_PAIR_ANALOG,106496.0,92.24,92.1544336677634,False,False
HfZrOx_01,10.1002/pssr.202000524,HfZrOx,HARDWARE_ONLY,141,256,3,9,IDEALIZED_SINGLE_PAIR_ANALOG,5120.0,92.23,92.11059678908144,False,False
HfZrOx_01,10.1002/pssr.202000524,HfZrOx,HARDWARE_ONLY,142,64,3,10,IDEALIZED_SINGLE_PAIR_ANALOG,57344.0,92.23,92.19731537195645,False,False
HfZrOx_01,10.1002/pssr.202000524,HfZrOx,HARDWARE_ONLY,143,64,3,9,IDEALIZED_SINGLE_PAIR_ANALOG,28672.0,92.23,92.09201245346263,False,False
HfZrOx_01,10.1002/pssr.202000524,HfZrOx,HARDWARE_ONLY,144,16,3,9,IDEALIZED_SINGLE_PAIR_ANALOG,409600.0,92.22,92.19989995477566,False,False
HfZrOx_01,10.1002/pssr.202000524,HfZrOx,HARDWARE_ONLY,145,32,3,10,IDEALIZED_SINGLE_PAIR_ANALOG,212992.0,92.22,92.22390251807332,False,False
HfZrOx_01,10.1002/pssr.202000524,HfZrOx,HARDWARE_ONLY,146,128,3,10,IDEALIZED_SINGLE_PAIR_ANALOG,16384.0,92.22,92.17989507970474,False,False
HfZrOx_01,10.1002/pssr.202000524,HfZrOx,HARDWARE_ONLY,147,16,3,10,IDEALIZED_SINGLE_PAIR_ANALOG,819200.0,92.22,92.22546314046713,False,False
HfZrOx_01,10.1002/pssr.202000524,HfZrOx,HARDWARE_ONLY,148,16,3,8,IDEALIZED_SINGLE_PAIR_ANALOG,204800.0,92.14,92.09095730095561,False,False
HfZrOx_01,10.1002/pssr.202000524,HfZrOx,HARDWARE_ONLY,149,128,3,9,IDEALIZED_SINGLE_PAIR_ANALOG,8192.0,92.08,92.10666465747319,False,False
HfZrOx_01,10.1002/pssr.202000524,HfZrOx,HARDWARE_ONLY,150,32,3,8,IDEALIZED_SINGLE_PAIR_ANALOG,53248.0,92.08,92.07281462998762,False,False
HfZrOx_01,10.1002/pssr.202000524,HfZrOx,HARDWARE_ONLY,151,64,3,8,IDEALIZED_SINGLE_PAIR_ANALOG,14336.0,92.07,92.01246077979451,False,False
HfZrOx_01,10.1002/pssr.202000524,HfZrOx,HARDWARE_ONLY,152,16,3,7,IDEALIZED_SINGLE_PAIR_ANALOG,102400.0,92.06,91.84629193390597,False,False
HfZrOx_01,10.1002/pssr.202000524,HfZrOx,HARDWARE_ONLY,153,64,5,5,IDEALIZED_SINGLE_PAIR_ANALOG,1792.0,91.99,87.73867606818344,False,False
HfZrOx_01,10.1002/pssr.202000524,HfZrOx,HARDWARE_ONLY,154,256,3,8,IDEALIZED_SINGLE_PAIR_ANALOG,2560.0,91.95,91.70552525360638,False,False
HfZrOx_01,10.1002/pssr.202000524,HfZrOx,HARDWARE_ONLY,155,128,3,8,IDEALIZED_SINGLE_PAIR_ANALOG,4096.0,91.9,91.84110941333022,False,False
HfZrOx_01,10.1002/pssr.202000524,HfZrOx,HARDWARE_ONLY,156,32,3,7,IDEALIZED_SINGLE_PAIR_ANALOG,26624.0,91.79,91.38014726493722,False,False
HfZrOx_01,10.1002/pssr.202000524,HfZrOx,HARDWARE_ONLY,157,16,3,6,IDEALIZED_SINGLE_PAIR_ANALOG,51200.0,91.66,91.12909732780139,False,False
HfZrOx_01,10.1002/pssr.202000524,HfZrOx,HARDWARE_ONLY,158,256,3,7,IDEALIZED_SINGLE_PAIR_ANALOG,1280.0,91.56,88.87863965348005,False,False
HfZrOx_01,10.1002/pssr.202000524,HfZrOx,HARDWARE_ONLY,159,128,3,7,IDEALIZED_SINGLE_PAIR_ANALOG,2048.0,91.45,89.32880155605626,False,False
HfZrOx_01,10.1002/pssr.202000524,HfZrOx,HARDWARE_ONLY,160,64,3,7,IDEALIZED_SINGLE_PAIR_ANALOG,7168.0,91.43,90.66915339707256,False,False
HfZrOx_01,10.1002/pssr.202000524,HfZrOx,HARDWARE_ONLY,161,32,3,6,IDEALIZED_SINGLE_PAIR_ANALOG,13312.0,90.92,89.64516876814851,False,False
HfZrOx_01,10.1002/pssr.202000524,HfZrOx,HARDWARE_ONLY,162,64,3,6,IDEALIZED_SINGLE_PAIR_ANALOG,3584.0,89.65,88.61196465426788,False,False
HfZrOx_01,10.1002/pssr.202000524,HfZrOx,HARDWARE_ONLY,163,16,3,5,IDEALIZED_SINGLE_PAIR_ANALOG,25600.0,89.46,88.63900211028832,False,False
HfZrOx_01,10.1002/pssr.202000524,HfZrOx,HARDWARE_ONLY,164,128,6,5,IDEALIZED_SINGLE_PAIR_ANALOG,512.0,89.24,83.43515636095441,True,False
HfZrOx_01,10.1002/pssr.202000524,HfZrOx,HARDWARE_ONLY,165,128,8,5,IDEALIZED_SINGLE_PAIR_ANALOG,512.0,89.2,83.23192294315028,False,False
HfZrOx_01,10.1002/pssr.202000524,HfZrOx,HARDWARE_ONLY,166,128,7,5,IDEALIZED_SINGLE_PAIR_ANALOG,512.0,89.19,82.603155537585,False,False
HfZrOx_01,10.1002/pssr.202000524,HfZrOx,HARDWARE_ONLY,167,128,5,5,IDEALIZED_SINGLE_PAIR_ANALOG,512.0,88.95,82.58977818833453,False,False
HfZrOx_01,10.1002/pssr.202000524,HfZrOx,HARDWARE_ONLY,168,128,4,5,IDEALIZED_SINGLE_PAIR_ANALOG,512.0,88.74,83.80826133597544,False,True
HfZrOx_01,10.1002/pssr.202000524,HfZrOx,HARDWARE_ONLY,169,256,3,6,IDEALIZED_SINGLE_PAIR_ANALOG,640.0,88.14,86.00782759487005,False,False
HfZrOx_01,10.1002/pssr.202000524,HfZrOx,HARDWARE_ONLY,170,128,3,6,IDEALIZED_SINGLE_PAIR_ANALOG,1024.0,88.03,86.57486136319385,False,False
HfZrOx_01,10.1002/pssr.202000524,HfZrOx,HARDWARE_ONLY,171,32,3,5,IDEALIZED_SINGLE_PAIR_ANALOG,6656.0,86.61,86.52752746641265,False,False
HfZrOx_01,10.1002/pssr.202000524,HfZrOx,HARDWARE_ONLY,172,256,4,5,IDEALIZED_SINGLE_PAIR_ANALOG,320.0,84.08,82.54523876474302,True,False
HfZrOx_01,10.1002/pssr.202000524,HfZrOx,HARDWARE_ONLY,173,256,8,5,IDEALIZED_SINGLE_PAIR_ANALOG,320.0,83.7,83.25405729574994,False,True
HfZrOx_01,10.1002/pssr.202000524,HfZrOx,HARDWARE_ONLY,174,256,6,5,IDEALIZED_SINGLE_PAIR_ANALOG,320.0,83.63,82.86441078613706,False,False
HfZrOx_01,10.1002/pssr.202000524,HfZrOx,HARDWARE_ONLY,175,256,7,5,IDEALIZED_SINGLE_PAIR_ANALOG,320.0,83.62,82.23606412206742,False,False
HfZrOx_01,10.1002/pssr.202000524,HfZrOx,HARDWARE_ONLY,176,256,5,5,IDEALIZED_SINGLE_PAIR_ANALOG,320.0,83.15,82.37338254482337,False,False
HfZrOx_01,10.1002/pssr.202000524,HfZrOx,HARDWARE_ONLY,177,64,3,5,IDEALIZED_SINGLE_PAIR_ANALOG,1792.0,82.56,83.7483824022716,False,False
HfZrOx_01,10.1002/pssr.202000524,HfZrOx,HARDWARE_ONLY,178,16,4,4,IDEALIZED_SINGLE_PAIR_ANALOG,12800.0,81.47,84.5232619461926,False,False
HfZrOx_01,10.1002/pssr.202000524,HfZrOx,HARDWARE_ONLY,179,16,6,4,IDEALIZED_SINGLE_PAIR_ANALOG,12800.0,81.02,84.61997882319662,False,False
HfZrOx_01,10.1002/pssr.202000524,HfZrOx,HARDWARE_ONLY,180,16,7,4,IDEALIZED_SINGLE_PAIR_ANALOG,12800.0,80.08,85.61440088709656,False,False
HfZrOx_01,10.1002/pssr.202000524,HfZrOx,HARDWARE_ONLY,181,16,8,4,IDEALIZED_SINGLE_PAIR_ANALOG,12800.0,79.9,84.92117527276976,False,False
HfZrOx_01,10.1002/pssr.202000524,HfZrOx,HARDWARE_ONLY,182,16,5,4,IDEALIZED_SINGLE_PAIR_ANALOG,12800.0,78.96,84.67530922106806,False,False
HfZrOx_01,10.1002/pssr.202000524,HfZrOx,HARDWARE_ONLY,183,16,3,4,IDEALIZED_SINGLE_PAIR_ANALOG,12800.0,77.36,80.48774599344279,False,False
HfZrOx_01,10.1002/pssr.202000524,HfZrOx,HARDWARE_ONLY,184,128,3,5,IDEALIZED_SINGLE_PAIR_ANALOG,512.0,75.06,78.89404693043062,False,False
HfZrOx_01,10.1002/pssr.202000524,HfZrOx,HARDWARE_ONLY,185,256,3,5,IDEALIZED_SINGLE_PAIR_ANALOG,320.0,71.03,78.4610497401568,False,False
HfZrOx_01,10.1002/pssr.202000524,HfZrOx,HARDWARE_ONLY,186,32,3,4,IDEALIZED_SINGLE_PAIR_ANALOG,3328.0,69.52,77.68577801626319,False,False
HfZrOx_01,10.1002/pssr.202000524,HfZrOx,HARDWARE_ONLY,187,32,4,4,IDEALIZED_SINGLE_PAIR_ANALOG,3328.0,69.24,82.83205915964943,False,False
HfZrOx_01,10.1002/pssr.202000524,HfZrOx,HARDWARE_ONLY,188,32,6,4,IDEALIZED_SINGLE_PAIR_ANALOG,3328.0,67.1,83.21339179694652,False,False
HfZrOx_01,10.1002/pssr.202000524,HfZrOx,HARDWARE_ONLY,189,32,7,4,IDEALIZED_SINGLE_PAIR_ANALOG,3328.0,66.42,82.59981706213576,False,False
HfZrOx_01,10.1002/pssr.202000524,HfZrOx,HARDWARE_ONLY,190,32,5,4,IDEALIZED_SINGLE_PAIR_ANALOG,3328.0,66.3,83.588998208042,False,False
HfZrOx_01,10.1002/pssr.202000524,HfZrOx,HARDWARE_ONLY,191,32,8,4,IDEALIZED_SINGLE_PAIR_ANALOG,3328.0,66.17,84.4201590156429,False,False
HfZrOx_01,10.1002/pssr.202000524,HfZrOx,HARDWARE_ONLY,192,64,7,4,IDEALIZED_SINGLE_PAIR_ANALOG,896.0,55.93,79.10939653870773,False,False
HfZrOx_01,10.1002/pssr.202000524,HfZrOx,HARDWARE_ONLY,193,64,8,4,IDEALIZED_SINGLE_PAIR_ANALOG,896.0,55.77,79.16463970808286,False,False
HfZrOx_01,10.1002/pssr.202000524,HfZrOx,HARDWARE_ONLY,194,64,5,4,IDEALIZED_SINGLE_PAIR_ANALOG,896.0,55.5,78.82124584656499,False,False
HfZrOx_01,10.1002/pssr.202000524,HfZrOx,HARDWARE_ONLY,195,64,4,4,IDEALIZED_SINGLE_PAIR_ANALOG,896.0,55.32,78.58179349572197,False,False
HfZrOx_01,10.1002/pssr.202000524,HfZrOx,HARDWARE_ONLY,196,64,6,4,IDEALIZED_SINGLE_PAIR_ANALOG,896.0,54.54,78.99981372327896,False,False
HfZrOx_01,10.1002/pssr.202000524,HfZrOx,HARDWARE_ONLY,197,64,3,4,IDEALIZED_SINGLE_PAIR_ANALOG,896.0,51.46,73.35053612828835,False,False
HfZrOx_01,10.1002/pssr.202000524,HfZrOx,HARDWARE_ONLY,198,128,8,4,IDEALIZED_SINGLE_PAIR_ANALOG,256.0,41.08,68.06460064966736,True,True
HfZrOx_01,10.1002/pssr.202000524,HfZrOx,HARDWARE_ONLY,199,128,7,4,IDEALIZED_SINGLE_PAIR_ANALOG,256.0,40.78,67.81604013175999,False,False
HfZrOx_01,10.1002/pssr.202000524,HfZrOx,HARDWARE_ONLY,200,128,6,4,IDEALIZED_SINGLE_PAIR_ANALOG,256.0,40.38,67.78236497319942,False,False
HfZrOx_01,10.1002/pssr.202000524,HfZrOx,HARDWARE_ONLY,201,128,4,4,IDEALIZED_SINGLE_PAIR_ANALOG,256.0,40.23,67.60989285461764,False,False
HfZrOx_01,10.1002/pssr.202000524,HfZrOx,HARDWARE_ONLY,202,128,5,4,IDEALIZED_SINGLE_PAIR_ANALOG,256.0,40.08,67.22683057012752,False,False
HfZrOx_01,10.1002/pssr.202000524,HfZrOx,HARDWARE_ONLY,203,128,3,4,IDEALIZED_SINGLE_PAIR_ANALOG,256.0,39.48,65.00567941369401,False,False
HfZrOx_01,10.1002/pssr.202000524,HfZrOx,HARDWARE_ONLY,204,256,4,4,IDEALIZED_SINGLE_PAIR_ANALOG,160.0,33.19,65.90994148138138,True,True
HfZrOx_01,10.1002/pssr.202000524,HfZrOx,HARDWARE_ONLY,205,256,8,4,IDEALIZED_SINGLE_PAIR_ANALOG,160.0,32.42,64.69935142537375,False,False
HfZrOx_01,10.1002/pssr.202000524,HfZrOx,HARDWARE_ONLY,206,256,7,4,IDEALIZED_SINGLE_PAIR_ANALOG,160.0,32.29,64.64780921786482,False,False
HfZrOx_01,10.1002/pssr.202000524,HfZrOx,HARDWARE_ONLY,207,256,6,4,IDEALIZED_SINGLE_PAIR_ANALOG,160.0,32.1,65.04420327549306,False,False
HfZrOx_01,10.1002/pssr.202000524,HfZrOx,HARDWARE_ONLY,208,256,3,4,IDEALIZED_SINGLE_PAIR_ANALOG,160.0,31.91,61.21350478899852,False,False
HfZrOx_01,10.1002/pssr.202000524,HfZrOx,HARDWARE_ONLY,209,256,5,4,IDEALIZED_SINGLE_PAIR_ANALOG,160.0,31.62,64.29334622088145,False,False
HfZrOx_01,10.1002/pssr.202000524,HfZrOx,HARDWARE_ONLY,210,64,2,4,IDEALIZED_SINGLE_PAIR_ANALOG,896.0,11.71,11.252623874649512,False,False
HfZrOx_01,10.1002/pssr.202000524,HfZrOx,HARDWARE_ONLY,211,64,2,5,IDEALIZED_SINGLE_PAIR_ANALOG,1792.0,11.41,11.18584244502874,False,False
HfZrOx_01,10.1002/pssr.202000524,HfZrOx,HARDWARE_ONLY,212,16,2,7,IDEALIZED_SINGLE_PAIR_ANALOG,102400.0,11.39,11.297206029696039,False,False
HfZrOx_01,10.1002/pssr.202000524,HfZrOx,HARDWARE_ONLY,213,32,2,7,IDEALIZED_SINGLE_PAIR_ANALOG,26624.0,11.36,11.252860621693669,False,False
HfZrOx_01,10.1002/pssr.202000524,HfZrOx,HARDWARE_ONLY,214,16,2,9,IDEALIZED_SINGLE_PAIR_ANALOG,409600.0,11.36,11.334441498331138,False,False
HfZrOx_01,10.1002/pssr.202000524,HfZrOx,HARDWARE_ONLY,215,64,2,6,IDEALIZED_SINGLE_PAIR_ANALOG,3584.0,11.33,11.035677020684682,False,False
HfZrOx_01,10.1002/pssr.202000524,HfZrOx,HARDWARE_ONLY,216,32,2,9,IDEALIZED_SINGLE_PAIR_ANALOG,106496.0,11.3,11.262733129035137,False,False
HfZrOx_01,10.1002/pssr.202000524,HfZrOx,HARDWARE_ONLY,217,256,2,9,IDEALIZED_SINGLE_PAIR_ANALOG,5120.0,11.28,11.257453701359434,False,False
HfZrOx_01,10.1002/pssr.202000524,HfZrOx,HARDWARE_ONLY,218,32,2,8,IDEALIZED_SINGLE_PAIR_ANALOG,53248.0,11.27,11.356770082489403,False,False
HfZrOx_01,10.1002/pssr.202000524,HfZrOx,HARDWARE_ONLY,219,32,2,10,IDEALIZED_SINGLE_PAIR_ANALOG,212992.0,11.27,11.277511011867215,False,False
HfZrOx_01,10.1002/pssr.202000524,HfZrOx,HARDWARE_ONLY,220,16,2,6,IDEALIZED_SINGLE_PAIR_ANALOG,51200.0,11.26,11.247804386071447,False,False
HfZrOx_01,10.1002/pssr.202000524,HfZrOx,HARDWARE_ONLY,221,64,2,10,IDEALIZED_SINGLE_PAIR_ANALOG,57344.0,11.25,11.265909016943311,False,False
HfZrOx_01,10.1002/pssr.202000524,HfZrOx,HARDWARE_ONLY,222,16,2,8,IDEALIZED_SINGLE_PAIR_ANALOG,204800.0,11.25,11.400073484576476,False,False
HfZrOx_01,10.1002/pssr.202000524,HfZrOx,HARDWARE_ONLY,223,256,2,8,IDEALIZED_SINGLE_PAIR_ANALOG,2560.0,11.25,11.451546703990456,False,False
HfZrOx_01,10.1002/pssr.202000524,HfZrOx,HARDWARE_ONLY,224,16,2,10,IDEALIZED_SINGLE_PAIR_ANALOG,819200.0,11.24,11.435887446965745,False,False
HfZrOx_01,10.1002/pssr.202000524,HfZrOx,HARDWARE_ONLY,225,128,2,9,IDEALIZED_SINGLE_PAIR_ANALOG,8192.0,11.24,11.302802300044727,False,False
HfZrOx_01,10.1002/pssr.202000524,HfZrOx,HARDWARE_ONLY,226,256,2,10,IDEALIZED_SINGLE_PAIR_ANALOG,10240.0,11.22,11.338145694157502,False,False
HfZrOx_01,10.1002/pssr.202000524,HfZrOx,HARDWARE_ONLY,227,64,2,7,IDEALIZED_SINGLE_PAIR_ANALOG,7168.0,11.18,11.028063676854195,False,False
HfZrOx_01,10.1002/pssr.202000524,HfZrOx,HARDWARE_ONLY,228,64,2,9,IDEALIZED_SINGLE_PAIR_ANALOG,28672.0,11.18,11.257756704178526,False,False
HfZrOx_01,10.1002/pssr.202000524,HfZrOx,HARDWARE_ONLY,229,128,2,10,IDEALIZED_SINGLE_PAIR_ANALOG,16384.0,11.15,11.319500465746849,False,False
HfZrOx_01,10.1002/pssr.202000524,HfZrOx,HARDWARE_ONLY,230,128,2,8,IDEALIZED_SINGLE_PAIR_ANALOG,4096.0,11.14,11.493999682961867,False,False
HfZrOx_01,10.1002/pssr.202000524,HfZrOx,HARDWARE_ONLY,231,32,2,6,IDEALIZED_SINGLE_PAIR_ANALOG,13312.0,11.09,11.103269053261151,False,False
HfZrOx_01,10.1002/pssr.202000524,HfZrOx,HARDWARE_ONLY,232,64,2,8,IDEALIZED_SINGLE_PAIR_ANALOG,14336.0,11.07,11.370910153712297,False,False
HfZrOx_01,10.1002/pssr.202000524,HfZrOx,HARDWARE_ONLY,233,128,2,7,IDEALIZED_SINGLE_PAIR_ANALOG,2048.0,11.04,11.23505114327563,False,False
HfZrOx_01,10.1002/pssr.202000524,HfZrOx,HARDWARE_ONLY,234,32,2,5,IDEALIZED_SINGLE_PAIR_ANALOG,6656.0,11.02,11.25720413825837,False,False
HfZrOx_01,10.1002/pssr.202000524,HfZrOx,HARDWARE_ONLY,235,256,2,7,IDEALIZED_SINGLE_PAIR_ANALOG,1280.0,10.89,11.195103818579424,False,False
HfZrOx_01,10.1002/pssr.202000524,HfZrOx,HARDWARE_ONLY,236,128,2,6,IDEALIZED_SINGLE_PAIR_ANALOG,1024.0,10.71,11.084124426888899,False,False
HfZrOx_01,10.1002/pssr.202000524,HfZrOx,HARDWARE_ONLY,237,16,2,5,IDEALIZED_SINGLE_PAIR_ANALOG,25600.0,10.69,11.275100451732913,False,False
HfZrOx_01,10.1002/pssr.202000524,HfZrOx,HARDWARE_ONLY,238,256,2,6,IDEALIZED_SINGLE_PAIR_ANALOG,640.0,10.49,11.012379913189754,False,False
HfZrOx_01,10.1002/pssr.202000524,HfZrOx,HARDWARE_ONLY,239,16,2,4,IDEALIZED_SINGLE_PAIR_ANALOG,12800.0,10.17,11.270016014531045,False,False
HfZrOx_01,10.1002/pssr.202000524,HfZrOx,HARDWARE_ONLY,240,32,2,4,IDEALIZED_SINGLE_PAIR_ANALOG,3328.0,10.1,11.17470375517619,False,False
HfZrOx_01,10.1002/pssr.202000524,HfZrOx,HARDWARE_ONLY,241,128,2,5,IDEALIZED_SINGLE_PAIR_ANALOG,512.0,9.83,11.246201135330626,False,False
HfZrOx_01,10.1002/pssr.202000524,HfZrOx,HARDWARE_ONLY,242,256,2,5,IDEALIZED_SINGLE_PAIR_ANALOG,320.0,9.7,11.088304128601447,False,False
HfZrOx_01,10.1002/pssr.202000524,HfZrOx,HARDWARE_ONLY,243,128,2,4,IDEALIZED_SINGLE_PAIR_ANALOG,256.0,9.43,10.668560557373999,False,False
HfZrOx_01,10.1002/pssr.202000524,HfZrOx,HARDWARE_ONLY,244,256,2,4,IDEALIZED_SINGLE_PAIR_ANALOG,160.0,9.42,10.160456891441891,False,False
HfZrOx_01,10.1002/pssr.202000524,HfZrOx,FULL_DEVICE_AWARE,0,16,6,10,IDEALIZED_SINGLE_PAIR_ANALOG,819200.0,96.34,96.29091111904785,True,True
HfZrOx_01,10.1002/pssr.202000524,HfZrOx,FULL_DEVICE_AWARE,1,64,6,10,IDEALIZED_SINGLE_PAIR_ANALOG,57344.0,96.3,96.28426942063497,True,True
HfZrOx_01,10.1002/pssr.202000524,HfZrOx,FULL_DEVICE_AWARE,2,64,6,9,IDEALIZED_SINGLE_PAIR_ANALOG,28672.0,96.29,96.25831680158736,True,False
HfZrOx_01,10.1002/pssr.202000524,HfZrOx,FULL_DEVICE_AWARE,3,32,8,10,IDEALIZED_SINGLE_PAIR_ANALOG,212992.0,96.27,96.25420955122652,False,False
HfZrOx_01,10.1002/pssr.202000524,HfZrOx,FULL_DEVICE_AWARE,4,32,6,9,IDEALIZED_SINGLE_PAIR_ANALOG,106496.0,96.26,96.25286824603178,False,False
HfZrOx_01,10.1002/pssr.202000524,HfZrOx,FULL_DEVICE_AWARE,5,128,6,9,IDEALIZED_SINGLE_PAIR_ANALOG,8192.0,96.26,96.23676945238104,True,False
HfZrOx_01,10.1002/pssr.202000524,HfZrOx,FULL_DEVICE_AWARE,6,256,6,10,IDEALIZED_SINGLE_PAIR_ANALOG,10240.0,96.25,96.25395818109676,False,True
HfZrOx_01,10.1002/pssr.202000524,HfZrOx,FULL_DEVICE_AWARE,7,32,6,10,IDEALIZED_SINGLE_PAIR_ANALOG,212992.0,96.25,96.28400750000013,False,False
HfZrOx_01,10.1002/pssr.202000524,HfZrOx,FULL_DEVICE_AWARE,8,32,7,9,IDEALIZED_SINGLE_PAIR_ANALOG,106496.0,96.25,96.23918351587294,False,False
HfZrOx_01,10.1002/pssr.202000524,HfZrOx,FULL_DEVICE_AWARE,9,16,8,10,IDEALIZED_SINGLE_PAIR_ANALOG,819200.0,96.24,96.25303891630591,False,False
HfZrOx_01,10.1002/pssr.202000524,HfZrOx,FULL_DEVICE_AWARE,10,32,6,7,IDEALIZED_SINGLE_PAIR_ANALOG,26624.0,96.24,96.15945731385281,False,False
HfZrOx_01,10.1002/pssr.202000524,HfZrOx,FULL_DEVICE_AWARE,11,32,6,8,IDEALIZED_SINGLE_PAIR_ANALOG,53248.0,96.24,96.2257491349206,False,False
HfZrOx_01,10.1002/pssr.202000524,HfZrOx,FULL_DEVICE_AWARE,12,128,6,8,IDEALIZED_SINGLE_PAIR_ANALOG,4096.0,96.24,96.24291588888892,False,False
HfZrOx_01,10.1002/pssr.202000524,HfZrOx,FULL_DEVICE_AWARE,13,64,8,10,IDEALIZED_SINGLE_PAIR_ANALOG,57344.0,96.24,96.24552474675329,False,False
HfZrOx_01,10.1002/pssr.202000524,HfZrOx,FULL_DEVICE_AWARE,14,128,7,9,IDEALIZED_SINGLE_PAIR_ANALOG,8192.0,96.24,96.19631792063471,False,False
HfZrOx_01,10.1002/pssr.202000524,HfZrOx,FULL_DEVICE_AWARE,15,64,7,9,IDEALIZED_SINGLE_PAIR_ANALOG,28672.0,96.24,96.24833954761911,False,False
HfZrOx_01,10.1002/pssr.202000524,HfZrOx,FULL_DEVICE_AWARE,16,128,7,8,IDEALIZED_SINGLE_PAIR_ANALOG,4096.0,96.24,96.22777844444433,False,False
HfZrOx_01,10.1002/pssr.202000524,HfZrOx,FULL_DEVICE_AWARE,17,256,7,9,IDEALIZED_SINGLE_PAIR_ANALOG,5120.0,96.24,96.21608264285706,False,False
HfZrOx_01,10.1002/pssr.202000524,HfZrOx,FULL_DEVICE_AWARE,18,256,7,8,IDEALIZED_SINGLE_PAIR_ANALOG,2560.0,96.24,96.2473060238094,True,True
HfZrOx_01,10.1002/pssr.202000524,HfZrOx,FULL_DEVICE_AWARE,19,128,8,8,IDEALIZED_SINGLE_PAIR_ANALOG,4096.0,96.24,96.21827398412695,False,False
HfZrOx_01,10.1002/pssr.202000524,HfZrOx,FULL_DEVICE_AWARE,20,32,7,10,IDEALIZED_SINGLE_PAIR_ANALOG,212992.0,96.23,96.22821135714273,False,False
HfZrOx_01,10.1002/pssr.202000524,HfZrOx,FULL_DEVICE_AWARE,21,32,8,9,IDEALIZED_SINGLE_PAIR_ANALOG,106496.0,96.23,96.26072927344892,False,False
HfZrOx_01,10.1002/pssr.202000524,HfZrOx,FULL_DEVICE_AWARE,22,16,6,9,IDEALIZED_SINGLE_PAIR_ANALOG,409600.0,96.23,96.26141934126981,False,False
HfZrOx_01,10.1002/pssr.202000524,HfZrOx,FULL_DEVICE_AWARE,23,256,6,9,IDEALIZED_SINGLE_PAIR_ANALOG,5120.0,96.23,96.20252840331901,False,False
HfZrOx_01,10.1002/pssr.202000524,HfZrOx,FULL_DEVICE_AWARE,24,64,5,8,IDEALIZED_SINGLE_PAIR_ANALOG,14336.0,96.23,96.18952579148622,False,False
HfZrOx_01,10.1002/pssr.202000524,HfZrOx,FULL_DEVICE_AWARE,25,128,6,10,IDEALIZED_SINGLE_PAIR_ANALOG,16384.0,96.22,96.26751946031749,False,True
HfZrOx_01,10.1002/pssr.202000524,HfZrOx,FULL_DEVICE_AWARE,26,64,8,9,IDEALIZED_SINGLE_PAIR_ANALOG,28672.0,96.21,96.25045311183264,False,False
HfZrOx_01,10.1002/pssr.202000524,HfZrOx,FULL_DEVICE_AWARE,27,16,6,8,IDEALIZED_SINGLE_PAIR_ANALOG,204800.0,96.21,96.23847123015867,False,False
HfZrOx_01,10.1002/pssr.202000524,HfZrOx,FULL_DEVICE_AWARE,28,32,7,7,IDEALIZED_SINGLE_PAIR_ANALOG,26624.0,96.21,96.16380665873014,False,False
HfZrOx_01,10.1002/pssr.202000524,HfZrOx,FULL_DEVICE_AWARE,29,16,8,9,IDEALIZED_SINGLE_PAIR_ANALOG,409600.0,96.21,96.25850106709974,False,False
HfZrOx_01,10.1002/pssr.202000524,HfZrOx,FULL_DEVICE_AWARE,30,64,6,7,IDEALIZED_SINGLE_PAIR_ANALOG,7168.0,96.21,96.13821698845602,False,False
HfZrOx_01,10.1002/pssr.202000524,HfZrOx,FULL_DEVICE_AWARE,31,128,8,10,IDEALIZED_SINGLE_PAIR_ANALOG,16384.0,96.21,96.18551384126987,False,False
HfZrOx_01,10.1002/pssr.202000524,HfZrOx,FULL_DEVICE_AWARE,32,16,7,8,IDEALIZED_SINGLE_PAIR_ANALOG,204800.0,96.2,96.22275626984128,False,False
HfZrOx_01,10.1002/pssr.202000524,HfZrOx,FULL_DEVICE_AWARE,33,64,6,8,IDEALIZED_SINGLE_PAIR_ANALOG,14336.0,96.2,96.2279498412699,False,False
HfZrOx_01,10.1002/pssr.202000524,HfZrOx,FULL_DEVICE_AWARE,34,128,8,9,IDEALIZED_SINGLE_PAIR_ANALOG,8192.0,96.2,96.18533987301586,False,False
HfZrOx_01,10.1002/pssr.202000524,HfZrOx,FULL_DEVICE_AWARE,35,32,7,8,IDEALIZED_SINGLE_PAIR_ANALOG,53248.0,96.2,96.2242220238095,False,False
HfZrOx_01,10.1002/pssr.202000524,HfZrOx,FULL_DEVICE_AWARE,36,256,8,9,IDEALIZED_SINGLE_PAIR_ANALOG,5120.0,96.2,96.20298367460312,False,False
HfZrOx_01,10.1002/pssr.202000524,HfZrOx,FULL_DEVICE_AWARE,37,128,7,10,IDEALIZED_SINGLE_PAIR_ANALOG,16384.0,96.19,96.20019598412675,False,False
HfZrOx_01,10.1002/pssr.202000524,HfZrOx,FULL_DEVICE_AWARE,38,64,7,10,IDEALIZED_SINGLE_PAIR_ANALOG,57344.0,96.19,96.2371667222222,False,False
HfZrOx_01,10.1002/pssr.202000524,HfZrOx,FULL_DEVICE_AWARE,39,256,6,8,IDEALIZED_SINGLE_PAIR_ANALOG,2560.0,96.19,96.2156360555556,False,False
HfZrOx_01,10.1002/pssr.202000524,HfZrOx,FULL_DEVICE_AWARE,40,16,7,7,IDEALIZED_SINGLE_PAIR_ANALOG,102400.0,96.19,96.20234086507905,False,False
HfZrOx_01,10.1002/pssr.202000524,HfZrOx,FULL_DEVICE_AWARE,41,16,7,9,IDEALIZED_SINGLE_PAIR_ANALOG,409600.0,96.19,96.23036505555562,False,False
HfZrOx_01,10.1002/pssr.202000524,HfZrOx,FULL_DEVICE_AWARE,42,16,7,10,IDEALIZED_SINGLE_PAIR_ANALOG,819200.0,96.19,96.22687325396824,False,False
HfZrOx_01,10.1002/pssr.202000524,HfZrOx,FULL_DEVICE_AWARE,43,128,5,10,IDEALIZED_SINGLE_PAIR_ANALOG,16384.0,96.19,96.16947669624822,False,False
HfZrOx_01,10.1002/pssr.202000524,HfZrOx,FULL_DEVICE_AWARE,44,128,5,9,IDEALIZED_SINGLE_PAIR_ANALOG,8192.0,96.18,96.17874509307357,False,False
HfZrOx_01,10.1002/pssr.202000524,HfZrOx,FULL_DEVICE_AWARE,45,32,8,7,IDEALIZED_SINGLE_PAIR_ANALOG,26624.0,96.18,96.1526662539682,False,False
HfZrOx_01,10.1002/pssr.202000524,HfZrOx,FULL_DEVICE_AWARE,46,256,8,10,IDEALIZED_SINGLE_PAIR_ANALOG,10240.0,96.18,96.20302376190472,False,False
HfZrOx_01,10.1002/pssr.202000524,HfZrOx,FULL_DEVICE_AWARE,47,16,8,7,IDEALIZED_SINGLE_PAIR_ANALOG,102400.0,96.18,96.20080331746,False,False
HfZrOx_01,10.1002/pssr.202000524,HfZrOx,FULL_DEVICE_AWARE,48,64,8,8,IDEALIZED_SINGLE_PAIR_ANALOG,14336.0,96.18,96.21690365873016,False,False
HfZrOx_01,10.1002/pssr.202000524,HfZrOx,FULL_DEVICE_AWARE,49,64,5,10,IDEALIZED_SINGLE_PAIR_ANALOG,57344.0,96.18,96.15765323593072,False,False
HfZrOx_01,10.1002/pssr.202000524,HfZrOx,FULL_DEVICE_AWARE,50,16,8,8,IDEALIZED_SINGLE_PAIR_ANALOG,204800.0,96.18,96.22396004761912,False,False
HfZrOx_01,10.1002/pssr.202000524,HfZrOx,FULL_DEVICE_AWARE,51,16,5,10,IDEALIZED_SINGLE_PAIR_ANALOG,819200.0,96.17,96.13767971428551,False,False
HfZrOx_01,10.1002/pssr.202000524,HfZrOx,FULL_DEVICE_AWARE,52,16,5,9,IDEALIZED_SINGLE_PAIR_ANALOG,409600.0,96.17,96.15570703174585,False,False
HfZrOx_01,10.1002/pssr.202000524,HfZrOx,FULL_DEVICE_AWARE,53,32,5,7,IDEALIZED_SINGLE_PAIR_ANALOG,26624.0,96.17,96.10520569841262,False,False
HfZrOx_01,10.1002/pssr.202000524,HfZrOx,FULL_DEVICE_AWARE,54,16,6,6,IDEALIZED_SINGLE_PAIR_ANALOG,51200.0,96.17,96.03656127128426,False,False
HfZrOx_01,10.1002/pssr.202000524,HfZrOx,FULL_DEVICE_AWARE,55,256,5,10,IDEALIZED_SINGLE_PAIR_ANALOG,10240.0,96.17,96.14692019841267,False,False
HfZrOx_01,10.1002/pssr.202000524,HfZrOx,FULL_DEVICE_AWARE,56,32,5,8,IDEALIZED_SINGLE_PAIR_ANALOG,53248.0,96.17,96.15828718253961,False,False
HfZrOx_01,10.1002/pssr.202000524,HfZrOx,FULL_DEVICE_AWARE,57,32,5,9,IDEALIZED_SINGLE_PAIR_ANALOG,106496.0,96.16,96.15489751587292,False,False
HfZrOx_01,10.1002/pssr.202000524,HfZrOx,FULL_DEVICE_AWARE,58,64,5,9,IDEALIZED_SINGLE_PAIR_ANALOG,28672.0,96.16,96.17031356926405,False,False
HfZrOx_01,10.1002/pssr.202000524,HfZrOx,FULL_DEVICE_AWARE,59,16,6,7,IDEALIZED_SINGLE_PAIR_ANALOG,102400.0,96.16,96.1843053455988,False,False
HfZrOx_01,10.1002/pssr.202000524,HfZrOx,FULL_DEVICE_AWARE,60,64,7,8,IDEALIZED_SINGLE_PAIR_ANALOG,14336.0,96.15,96.21577268253958,False,False
HfZrOx_01,10.1002/pssr.202000524,HfZrOx,FULL_DEVICE_AWARE,61,32,8,8,IDEALIZED_SINGLE_PAIR_ANALOG,53248.0,96.15,96.21731690476196,False,False
HfZrOx_01,10.1002/pssr.202000524,HfZrOx,FULL_DEVICE_AWARE,62,256,5,9,IDEALIZED_SINGLE_PAIR_ANALOG,5120.0,96.15,96.14905053968243,False,False
HfZrOx_01,10.1002/pssr.202000524,HfZrOx,FULL_DEVICE_AWARE,63,256,7,10,IDEALIZED_SINGLE_PAIR_ANALOG,10240.0,96.15,96.21764916666658,False,False
HfZrOx_01,10.1002/pssr.202000524,HfZrOx,FULL_DEVICE_AWARE,64,16,5,8,IDEALIZED_SINGLE_PAIR_ANALOG,204800.0,96.14,96.15802657936499,False,False
HfZrOx_01,10.1002/pssr.202000524,HfZrOx,FULL_DEVICE_AWARE,65,256,8,8,IDEALIZED_SINGLE_PAIR_ANALOG,2560.0,96.14,96.23140803174596,False,False
HfZrOx_01,10.1002/pssr.202000524,HfZrOx,FULL_DEVICE_AWARE,66,128,5,8,IDEALIZED_SINGLE_PAIR_ANALOG,4096.0,96.13,96.18776953751798,False,False
HfZrOx_01,10.1002/pssr.202000524,HfZrOx,FULL_DEVICE_AWARE,67,32,5,10,IDEALIZED_SINGLE_PAIR_ANALOG,212992.0,96.13,96.13840451587281,False,False
HfZrOx_01,10.1002/pssr.202000524,HfZrOx,FULL_DEVICE_AWARE,68,16,8,6,IDEALIZED_SINGLE_PAIR_ANALOG,51200.0,96.13,96.04273702525236,False,False
HfZrOx_01,10.1002/pssr.202000524,HfZrOx,FULL_DEVICE_AWARE,69,128,4,8,IDEALIZED_SINGLE_PAIR_ANALOG,4096.0,96.12,96.06635527777776,False,False
HfZrOx_01,10.1002/pssr.202000524,HfZrOx,FULL_DEVICE_AWARE,70,256,4,9,IDEALIZED_SINGLE_PAIR_ANALOG,5120.0,96.11,96.0597322619049,False,False
HfZrOx_01,10.1002/pssr.202000524,HfZrOx,FULL_DEVICE_AWARE,71,64,7,7,IDEALIZED_SINGLE_PAIR_ANALOG,7168.0,96.1,96.14508195238106,False,False
HfZrOx_01,10.1002/pssr.202000524,HfZrOx,FULL_DEVICE_AWARE,72,16,4,9,IDEALIZED_SINGLE_PAIR_ANALOG,409600.0,96.09,96.05820256349215,False,False
HfZrOx_01,10.1002/pssr.202000524,HfZrOx,FULL_DEVICE_AWARE,73,32,4,9,IDEALIZED_SINGLE_PAIR_ANALOG,106496.0,96.09,96.06104132539699,False,False
HfZrOx_01,10.1002/pssr.202000524,HfZrOx,FULL_DEVICE_AWARE,74,16,4,8,IDEALIZED_SINGLE_PAIR_ANALOG,204800.0,96.09,96.07795846031743,False,False
HfZrOx_01,10.1002/pssr.202000524,HfZrOx,FULL_DEVICE_AWARE,75,32,4,7,IDEALIZED_SINGLE_PAIR_ANALOG,26624.0,96.09,96.00555382539675,False,False
HfZrOx_01,10.1002/pssr.202000524,HfZrOx,FULL_DEVICE_AWARE,76,64,4,8,IDEALIZED_SINGLE_PAIR_ANALOG,14336.0,96.08,96.06430657936512,False,False
HfZrOx_01,10.1002/pssr.202000524,HfZrOx,FULL_DEVICE_AWARE,77,64,4,10,IDEALIZED_SINGLE_PAIR_ANALOG,57344.0,96.08,96.05456526984138,False,False
HfZrOx_01,10.1002/pssr.202000524,HfZrOx,FULL_DEVICE_AWARE,78,128,4,9,IDEALIZED_SINGLE_PAIR_ANALOG,8192.0,96.08,96.06089415873022,False,False
HfZrOx_01,10.1002/pssr.202000524,HfZrOx,FULL_DEVICE_AWARE,79,16,7,6,IDEALIZED_SINGLE_PAIR_ANALOG,51200.0,96.07,96.04831938239523,False,False
HfZrOx_01,10.1002/pssr.202000524,HfZrOx,FULL_DEVICE_AWARE,80,32,4,10,IDEALIZED_SINGLE_PAIR_ANALOG,212992.0,96.07,96.06148742857157,False,False
HfZrOx_01,10.1002/pssr.202000524,HfZrOx,FULL_DEVICE_AWARE,81,256,5,8,IDEALIZED_SINGLE_PAIR_ANALOG,2560.0,96.07,96.1273012619047,False,False
HfZrOx_01,10.1002/pssr.202000524,HfZrOx,FULL_DEVICE_AWARE,82,64,8,7,IDEALIZED_SINGLE_PAIR_ANALOG,7168.0,96.07,96.14129721428576,False,False
HfZrOx_01,10.1002/pssr.202000524,HfZrOx,FULL_DEVICE_AWARE,83,16,4,10,IDEALIZED_SINGLE_PAIR_ANALOG,819200.0,96.07,96.06436016666675,False,False
HfZrOx_01,10.1002/pssr.202000524,HfZrOx,FULL_DEVICE_AWARE,84,16,5,6,IDEALIZED_SINGLE_PAIR_ANALOG,51200.0,96.06,95.99831176334784,False,False
HfZrOx_01,10.1002/pssr.202000524,HfZrOx,FULL_DEVICE_AWARE,85,32,4,8,IDEALIZED_SINGLE_PAIR_ANALOG,53248.0,96.05,96.08078032539684,False,False
HfZrOx_01,10.1002/pssr.202000524,HfZrOx,FULL_DEVICE_AWARE,86,16,5,7,IDEALIZED_SINGLE_PAIR_ANALOG,102400.0,96.05,96.11779342063491,False,False
HfZrOx_01,10.1002/pssr.202000524,HfZrOx,FULL_DEVICE_AWARE,87,64,4,9,IDEALIZED_SINGLE_PAIR_ANALOG,28672.0,96.04,96.05363091269862,False,False
HfZrOx_01,10.1002/pssr.202000524,HfZrOx,FULL_DEVICE_AWARE,88,256,6,7,IDEALIZED_SINGLE_PAIR_ANALOG,1280.0,96.03,95.97042224603172,True,False
HfZrOx_01,10.1002/pssr.202000524,HfZrOx,FULL_DEVICE_AWARE,89,128,6,7,IDEALIZED_SINGLE_PAIR_ANALOG,2048.0,96.02,95.96687452380944,False,False
HfZrOx_01,10.1002/pssr.202000524,HfZrOx,FULL_DEVICE_AWARE,90,64,5,7,IDEALIZED_SINGLE_PAIR_ANALOG,7168.0,96.02,96.06429572222225,False,False
HfZrOx_01,10.1002/pssr.202000524,HfZrOx,FULL_DEVICE_AWARE,91,128,4,10,IDEALIZED_SINGLE_PAIR_ANALOG,16384.0,96.01,96.07393287301593,False,False
HfZrOx_01,10.1002/pssr.202000524,HfZrOx,FULL_DEVICE_AWARE,92,256,4,10,IDEALIZED_SINGLE_PAIR_ANALOG,10240.0,96.0,96.06986301587315,False,False
HfZrOx_01,10.1002/pssr.202000524,HfZrOx,FULL_DEVICE_AWARE,93,256,4,8,IDEALIZED_SINGLE_PAIR_ANALOG,2560.0,95.99,96.08878906349209,False,False
HfZrOx_01,10.1002/pssr.202000524,HfZrOx,FULL_DEVICE_AWARE,94,16,4,7,IDEALIZED_SINGLE_PAIR_ANALOG,102400.0,95.98,96.04042796825404,False,False
HfZrOx_01,10.1002/pssr.202000524,HfZrOx,FULL_DEVICE_AWARE,95,64,4,7,IDEALIZED_SINGLE_PAIR_ANALOG,7168.0,95.96,95.90569419841275,False,False
HfZrOx_01,10.1002/pssr.202000524,HfZrOx,FULL_DEVICE_AWARE,96,32,7,6,IDEALIZED_SINGLE_PAIR_ANALOG,13312.0,95.89,95.96824539033165,False,False
HfZrOx_01,10.1002/pssr.202000524,HfZrOx,FULL_DEVICE_AWARE,97,256,8,7,IDEALIZED_SINGLE_PAIR_ANALOG,1280.0,95.89,95.97144408730162,False,True
HfZrOx_01,10.1002/pssr.202000524,HfZrOx,FULL_DEVICE_AWARE,98,128,7,7,IDEALIZED_SINGLE_PAIR_ANALOG,2048.0,95.89,95.94348688095235,False,False
HfZrOx_01,10.1002/pssr.202000524,HfZrOx,FULL_DEVICE_AWARE,99,256,7,7,IDEALIZED_SINGLE_PAIR_ANALOG,1280.0,95.87,95.94738965079365,False,False
HfZrOx_01,10.1002/pssr.202000524,HfZrOx,FULL_DEVICE_AWARE,100,128,5,7,IDEALIZED_SINGLE_PAIR_ANALOG,2048.0,95.81,95.96174758730167,False,False
HfZrOx_01,10.1002/pssr.202000524,HfZrOx,FULL_DEVICE_AWARE,101,32,6,6,IDEALIZED_SINGLE_PAIR_ANALOG,13312.0,95.81,95.9656448903317,False,False
HfZrOx_01,10.1002/pssr.202000524,HfZrOx,FULL_DEVICE_AWARE,102,16,4,6,IDEALIZED_SINGLE_PAIR_ANALOG,51200.0,95.8,95.96778665079381,False,False
HfZrOx_01,10.1002/pssr.202000524,HfZrOx,FULL_DEVICE_AWARE,103,32,8,6,IDEALIZED_SINGLE_PAIR_ANALOG,13312.0,95.8,95.96676886652213,False,False
HfZrOx_01,10.1002/pssr.202000524,HfZrOx,FULL_DEVICE_AWARE,104,256,5,7,IDEALIZED_SINGLE_PAIR_ANALOG,1280.0,95.79,95.93069877777785,False,False
HfZrOx_01,10.1002/pssr.202000524,HfZrOx,FULL_DEVICE_AWARE,105,128,8,7,IDEALIZED_SINGLE_PAIR_ANALOG,2048.0,95.76,95.96528553968248,False,False
HfZrOx_01,10.1002/pssr.202000524,HfZrOx,FULL_DEVICE_AWARE,106,128,4,7,IDEALIZED_SINGLE_PAIR_ANALOG,2048.0,95.72,95.88753669047631,False,False
HfZrOx_01,10.1002/pssr.202000524,HfZrOx,FULL_DEVICE_AWARE,107,32,5,6,IDEALIZED_SINGLE_PAIR_ANALOG,13312.0,95.71,95.94109421572857,False,False
HfZrOx_01,10.1002/pssr.202000524,HfZrOx,FULL_DEVICE_AWARE,108,256,4,7,IDEALIZED_SINGLE_PAIR_ANALOG,1280.0,95.68,95.88031084920642,False,False
HfZrOx_01,10.1002/pssr.202000524,HfZrOx,FULL_DEVICE_AWARE,109,32,4,6,IDEALIZED_SINGLE_PAIR_ANALOG,13312.0,95.66,95.91721907936507,False,False
HfZrOx_01,10.1002/pssr.202000524,HfZrOx,FULL_DEVICE_AWARE,110,64,8,6,IDEALIZED_SINGLE_PAIR_ANALOG,3584.0,95.54,95.76210277777776,False,False
HfZrOx_01,10.1002/pssr.202000524,HfZrOx,FULL_DEVICE_AWARE,111,64,6,6,IDEALIZED_SINGLE_PAIR_ANALOG,3584.0,95.38,95.74559734920621,False,False
HfZrOx_01,10.1002/pssr.202000524,HfZrOx,FULL_DEVICE_AWARE,112,64,7,6,IDEALIZED_SINGLE_PAIR_ANALOG,3584.0,95.38,95.76298801587296,False,False
HfZrOx_01,10.1002/pssr.202000524,HfZrOx,FULL_DEVICE_AWARE,113,16,7,5,IDEALIZED_SINGLE_PAIR_ANALOG,25600.0,95.36,95.46505995238093,False,False
HfZrOx_01,10.1002/pssr.202000524,HfZrOx,FULL_DEVICE_AWARE,114,16,6,5,IDEALIZED_SINGLE_PAIR_ANALOG,25600.0,95.29,95.43914266666656,False,False
HfZrOx_01,10.1002/pssr.202000524,HfZrOx,FULL_DEVICE_AWARE,115,64,4,6,IDEALIZED_SINGLE_PAIR_ANALOG,3584.0,95.27,95.66728919047605,False,False
HfZrOx_01,10.1002/pssr.202000524,HfZrOx,FULL_DEVICE_AWARE,116,64,5,6,IDEALIZED_SINGLE_PAIR_ANALOG,3584.0,95.22,95.6750689523808,False,False
HfZrOx_01,10.1002/pssr.202000524,HfZrOx,FULL_DEVICE_AWARE,117,16,8,5,IDEALIZED_SINGLE_PAIR_ANALOG,25600.0,95.13,95.4660078571428,False,False
HfZrOx_01,10.1002/pssr.202000524,HfZrOx,FULL_DEVICE_AWARE,118,16,4,5,IDEALIZED_SINGLE_PAIR_ANALOG,25600.0,94.94,95.35141357936503,False,False
HfZrOx_01,10.1002/pssr.202000524,HfZrOx,FULL_DEVICE_AWARE,119,16,5,5,IDEALIZED_SINGLE_PAIR_ANALOG,25600.0,94.87,95.3585520555555,False,False
HfZrOx_01,10.1002/pssr.202000524,HfZrOx,FULL_DEVICE_AWARE,120,128,7,6,IDEALIZED_SINGLE_PAIR_ANALOG,1024.0,94.62,94.79487983910548,True,False
HfZrOx_01,10.1002/pssr.202000524,HfZrOx,FULL_DEVICE_AWARE,121,128,8,6,IDEALIZED_SINGLE_PAIR_ANALOG,1024.0,94.5,94.79750483910547,False,True
HfZrOx_01,10.1002/pssr.202000524,HfZrOx,FULL_DEVICE_AWARE,122,128,6,6,IDEALIZED_SINGLE_PAIR_ANALOG,1024.0,94.49,94.76522945815313,False,False
HfZrOx_01,10.1002/pssr.202000524,HfZrOx,FULL_DEVICE_AWARE,123,128,4,6,IDEALIZED_SINGLE_PAIR_ANALOG,1024.0,94.4,94.75464564862932,False,False
HfZrOx_01,10.1002/pssr.202000524,HfZrOx,FULL_DEVICE_AWARE,124,32,7,5,IDEALIZED_SINGLE_PAIR_ANALOG,6656.0,94.32,95.23005410317474,False,False
HfZrOx_01,10.1002/pssr.202000524,HfZrOx,FULL_DEVICE_AWARE,125,128,5,6,IDEALIZED_SINGLE_PAIR_ANALOG,1024.0,94.3,94.75692245815311,False,False
HfZrOx_01,10.1002/pssr.202000524,HfZrOx,FULL_DEVICE_AWARE,126,32,4,5,IDEALIZED_SINGLE_PAIR_ANALOG,6656.0,94.3,95.1290042222224,False,False
HfZrOx_01,10.1002/pssr.202000524,HfZrOx,FULL_DEVICE_AWARE,127,32,8,5,IDEALIZED_SINGLE_PAIR_ANALOG,6656.0,94.28,95.22950200793663,False,False
HfZrOx_01,10.1002/pssr.202000524,HfZrOx,FULL_DEVICE_AWARE,128,32,6,5,IDEALIZED_SINGLE_PAIR_ANALOG,6656.0,94.23,95.19732924603186,False,False
HfZrOx_01,10.1002/pssr.202000524,HfZrOx,FULL_DEVICE_AWARE,129,256,7,6,IDEALIZED_SINGLE_PAIR_ANALOG,640.0,94.02,94.40287849999989,True,False
HfZrOx_01,10.1002/pssr.202000524,HfZrOx,FULL_DEVICE_AWARE,130,256,6,6,IDEALIZED_SINGLE_PAIR_ANALOG,640.0,93.9,94.41640740476174,False,False
HfZrOx_01,10.1002/pssr.202000524,HfZrOx,FULL_DEVICE_AWARE,131,32,5,5,IDEALIZED_SINGLE_PAIR_ANALOG,6656.0,93.84,95.13446269841289,False,False
HfZrOx_01,10.1002/pssr.202000524,HfZrOx,FULL_DEVICE_AWARE,132,256,8,6,IDEALIZED_SINGLE_PAIR_ANALOG,640.0,93.83,94.4055034999999,False,False
HfZrOx_01,10.1002/pssr.202000524,HfZrOx,FULL_DEVICE_AWARE,133,256,4,6,IDEALIZED_SINGLE_PAIR_ANALOG,640.0,93.82,94.41476426190464,False,False
HfZrOx_01,10.1002/pssr.202000524,HfZrOx,FULL_DEVICE_AWARE,134,256,5,6,IDEALIZED_SINGLE_PAIR_ANALOG,640.0,93.75,94.41704107142844,False,True
HfZrOx_01,10.1002/pssr.202000524,HfZrOx,FULL_DEVICE_AWARE,135,64,8,5,IDEALIZED_SINGLE_PAIR_ANALOG,1792.0,92.77,93.42466623809536,False,False
HfZrOx_01,10.1002/pssr.202000524,HfZrOx,FULL_DEVICE_AWARE,136,64,6,5,IDEALIZED_SINGLE_PAIR_ANALOG,1792.0,92.65,93.4441853492064,False,False
HfZrOx_01,10.1002/pssr.202000524,HfZrOx,FULL_DEVICE_AWARE,137,64,7,5,IDEALIZED_SINGLE_PAIR_ANALOG,1792.0,92.46,93.42714766666678,False,False
HfZrOx_01,10.1002/pssr.202000524,HfZrOx,FULL_DEVICE_AWARE,138,64,4,5,IDEALIZED_SINGLE_PAIR_ANALOG,1792.0,92.28,93.42332444444446,False,False
HfZrOx_01,10.1002/pssr.202000524,HfZrOx,FULL_DEVICE_AWARE,139,256,3,10,IDEALIZED_SINGLE_PAIR_ANALOG,10240.0,92.25,92.26022088888884,False,False
HfZrOx_01,10.1002/pssr.202000524,HfZrOx,FULL_DEVICE_AWARE,140,32,3,9,IDEALIZED_SINGLE_PAIR_ANALOG,106496.0,92.24,92.24417236507934,False,False
HfZrOx_01,10.1002/pssr.202000524,HfZrOx,FULL_DEVICE_AWARE,141,256,3,9,IDEALIZED_SINGLE_PAIR_ANALOG,5120.0,92.23,92.27515541269833,False,False
HfZrOx_01,10.1002/pssr.202000524,HfZrOx,FULL_DEVICE_AWARE,142,64,3,10,IDEALIZED_SINGLE_PAIR_ANALOG,57344.0,92.23,92.21412484920624,False,False
HfZrOx_01,10.1002/pssr.202000524,HfZrOx,FULL_DEVICE_AWARE,143,64,3,9,IDEALIZED_SINGLE_PAIR_ANALOG,28672.0,92.23,92.22604931746017,False,False
HfZrOx_01,10.1002/pssr.202000524,HfZrOx,FULL_DEVICE_AWARE,144,16,3,9,IDEALIZED_SINGLE_PAIR_ANALOG,409600.0,92.22,92.23677409523803,False,False
HfZrOx_01,10.1002/pssr.202000524,HfZrOx,FULL_DEVICE_AWARE,145,32,3,10,IDEALIZED_SINGLE_PAIR_ANALOG,212992.0,92.22,92.23145681746036,False,False
HfZrOx_01,10.1002/pssr.202000524,HfZrOx,FULL_DEVICE_AWARE,146,128,3,10,IDEALIZED_SINGLE_PAIR_ANALOG,16384.0,92.22,92.21918266666658,False,False
HfZrOx_01,10.1002/pssr.202000524,HfZrOx,FULL_DEVICE_AWARE,147,16,3,10,IDEALIZED_SINGLE_PAIR_ANALOG,819200.0,92.22,92.22403830952379,False,False
HfZrOx_01,10.1002/pssr.202000524,HfZrOx,FULL_DEVICE_AWARE,148,16,3,8,IDEALIZED_SINGLE_PAIR_ANALOG,204800.0,92.14,92.13733036147185,False,False
HfZrOx_01,10.1002/pssr.202000524,HfZrOx,FULL_DEVICE_AWARE,149,128,3,9,IDEALIZED_SINGLE_PAIR_ANALOG,8192.0,92.08,92.24886538095227,False,False
HfZrOx_01,10.1002/pssr.202000524,HfZrOx,FULL_DEVICE_AWARE,150,32,3,8,IDEALIZED_SINGLE_PAIR_ANALOG,53248.0,92.08,92.13550729004324,False,False
HfZrOx_01,10.1002/pssr.202000524,HfZrOx,FULL_DEVICE_AWARE,151,64,3,8,IDEALIZED_SINGLE_PAIR_ANALOG,14336.0,92.07,92.16464673448772,False,False
HfZrOx_01,10.1002/pssr.202000524,HfZrOx,FULL_DEVICE_AWARE,152,16,3,7,IDEALIZED_SINGLE_PAIR_ANALOG,102400.0,92.06,91.98659988888886,False,False
HfZrOx_01,10.1002/pssr.202000524,HfZrOx,FULL_DEVICE_AWARE,153,64,5,5,IDEALIZED_SINGLE_PAIR_ANALOG,1792.0,91.99,93.4330535873016,False,False
HfZrOx_01,10.1002/pssr.202000524,HfZrOx,FULL_DEVICE_AWARE,154,256,3,8,IDEALIZED_SINGLE_PAIR_ANALOG,2560.0,91.95,92.13287501226539,False,False
HfZrOx_01,10.1002/pssr.202000524,HfZrOx,FULL_DEVICE_AWARE,155,128,3,8,IDEALIZED_SINGLE_PAIR_ANALOG,4096.0,91.9,92.13440869480526,False,False
HfZrOx_01,10.1002/pssr.202000524,HfZrOx,FULL_DEVICE_AWARE,156,32,3,7,IDEALIZED_SINGLE_PAIR_ANALOG,26624.0,91.79,91.95139713492064,False,False
HfZrOx_01,10.1002/pssr.202000524,HfZrOx,FULL_DEVICE_AWARE,157,16,3,6,IDEALIZED_SINGLE_PAIR_ANALOG,51200.0,91.66,91.33625121428562,False,False
HfZrOx_01,10.1002/pssr.202000524,HfZrOx,FULL_DEVICE_AWARE,158,256,3,7,IDEALIZED_SINGLE_PAIR_ANALOG,1280.0,91.56,91.64091253968267,False,False
HfZrOx_01,10.1002/pssr.202000524,HfZrOx,FULL_DEVICE_AWARE,159,128,3,7,IDEALIZED_SINGLE_PAIR_ANALOG,2048.0,91.45,91.73369434126977,False,False
HfZrOx_01,10.1002/pssr.202000524,HfZrOx,FULL_DEVICE_AWARE,160,64,3,7,IDEALIZED_SINGLE_PAIR_ANALOG,7168.0,91.43,91.85560987301581,False,False
HfZrOx_01,10.1002/pssr.202000524,HfZrOx,FULL_DEVICE_AWARE,161,32,3,6,IDEALIZED_SINGLE_PAIR_ANALOG,13312.0,90.92,91.21523711904752,False,False
HfZrOx_01,10.1002/pssr.202000524,HfZrOx,FULL_DEVICE_AWARE,162,64,3,6,IDEALIZED_SINGLE_PAIR_ANALOG,3584.0,89.65,90.67180405555546,False,False
HfZrOx_01,10.1002/pssr.202000524,HfZrOx,FULL_DEVICE_AWARE,163,16,3,5,IDEALIZED_SINGLE_PAIR_ANALOG,25600.0,89.46,88.3609887619048,False,False
HfZrOx_01,10.1002/pssr.202000524,HfZrOx,FULL_DEVICE_AWARE,164,128,6,5,IDEALIZED_SINGLE_PAIR_ANALOG,512.0,89.24,90.1091442460317,True,True
HfZrOx_01,10.1002/pssr.202000524,HfZrOx,FULL_DEVICE_AWARE,165,128,8,5,IDEALIZED_SINGLE_PAIR_ANALOG,512.0,89.2,90.10592081746036,False,False
HfZrOx_01,10.1002/pssr.202000524,HfZrOx,FULL_DEVICE_AWARE,166,128,7,5,IDEALIZED_SINGLE_PAIR_ANALOG,512.0,89.19,90.10687748412701,False,False
HfZrOx_01,10.1002/pssr.202000524,HfZrOx,FULL_DEVICE_AWARE,167,128,5,5,IDEALIZED_SINGLE_PAIR_ANALOG,512.0,88.95,90.05739452380956,False,False
HfZrOx_01,10.1002/pssr.202000524,HfZrOx,FULL_DEVICE_AWARE,168,128,4,5,IDEALIZED_SINGLE_PAIR_ANALOG,512.0,88.74,90.00372633333339,False,False
HfZrOx_01,10.1002/pssr.202000524,HfZrOx,FULL_DEVICE_AWARE,169,256,3,6,IDEALIZED_SINGLE_PAIR_ANALOG,640.0,88.14,89.54661673809521,False,False
HfZrOx_01,10.1002/pssr.202000524,HfZrOx,FULL_DEVICE_AWARE,170,128,3,6,IDEALIZED_SINGLE_PAIR_ANALOG,1024.0,88.03,89.71638707142858,False,False
HfZrOx_01,10.1002/pssr.202000524,HfZrOx,FULL_DEVICE_AWARE,171,32,3,5,IDEALIZED_SINGLE_PAIR_ANALOG,6656.0,86.61,87.91318434920635,False,False
HfZrOx_01,10.1002/pssr.202000524,HfZrOx,FULL_DEVICE_AWARE,172,256,4,5,IDEALIZED_SINGLE_PAIR_ANALOG,320.0,84.08,87.41158864285728,True,False
HfZrOx_01,10.1002/pssr.202000524,HfZrOx,FULL_DEVICE_AWARE,173,256,8,5,IDEALIZED_SINGLE_PAIR_ANALOG,320.0,83.7,87.52759005555563,False,False
HfZrOx_01,10.1002/pssr.202000524,HfZrOx,FULL_DEVICE_AWARE,174,256,6,5,IDEALIZED_SINGLE_PAIR_ANALOG,320.0,83.63,87.55289310317472,False,True
HfZrOx_01,10.1002/pssr.202000524,HfZrOx,FULL_DEVICE_AWARE,175,256,7,5,IDEALIZED_SINGLE_PAIR_ANALOG,320.0,83.62,87.52854672222229,False,False
HfZrOx_01,10.1002/pssr.202000524,HfZrOx,FULL_DEVICE_AWARE,176,256,5,5,IDEALIZED_SINGLE_PAIR_ANALOG,320.0,83.15,87.44884150000014,False,False
HfZrOx_01,10.1002/pssr.202000524,HfZrOx,FULL_DEVICE_AWARE,177,64,3,5,IDEALIZED_SINGLE_PAIR_ANALOG,1792.0,82.56,85.35248442857142,False,False
HfZrOx_01,10.1002/pssr.202000524,HfZrOx,FULL_DEVICE_AWARE,178,16,4,4,IDEALIZED_SINGLE_PAIR_ANALOG,12800.0,81.47,91.87651913492049,False,False
HfZrOx_01,10.1002/pssr.202000524,HfZrOx,FULL_DEVICE_AWARE,179,16,6,4,IDEALIZED_SINGLE_PAIR_ANALOG,12800.0,81.02,92.28794903968254,False,False
HfZrOx_01,10.1002/pssr.202000524,HfZrOx,FULL_DEVICE_AWARE,180,16,7,4,IDEALIZED_SINGLE_PAIR_ANALOG,12800.0,80.08,92.2808460873015,False,False
HfZrOx_01,10.1002/pssr.202000524,HfZrOx,FULL_DEVICE_AWARE,181,16,8,4,IDEALIZED_SINGLE_PAIR_ANALOG,12800.0,79.9,92.28806575396817,False,False
HfZrOx_01,10.1002/pssr.202000524,HfZrOx,FULL_DEVICE_AWARE,182,16,5,4,IDEALIZED_SINGLE_PAIR_ANALOG,12800.0,78.96,92.20916132539668,False,False
HfZrOx_01,10.1002/pssr.202000524,HfZrOx,FULL_DEVICE_AWARE,183,16,3,4,IDEALIZED_SINGLE_PAIR_ANALOG,12800.0,77.36,83.02486900000012,False,False
HfZrOx_01,10.1002/pssr.202000524,HfZrOx,FULL_DEVICE_AWARE,184,128,3,5,IDEALIZED_SINGLE_PAIR_ANALOG,512.0,75.06,79.70637465873003,False,False
HfZrOx_01,10.1002/pssr.202000524,HfZrOx,FULL_DEVICE_AWARE,185,256,3,5,IDEALIZED_SINGLE_PAIR_ANALOG,320.0,71.03,78.52735689682527,False,False
HfZrOx_01,10.1002/pssr.202000524,HfZrOx,FULL_DEVICE_AWARE,186,32,3,4,IDEALIZED_SINGLE_PAIR_ANALOG,3328.0,69.52,81.33857697619057,False,False
HfZrOx_01,10.1002/pssr.202000524,HfZrOx,FULL_DEVICE_AWARE,187,32,4,4,IDEALIZED_SINGLE_PAIR_ANALOG,3328.0,69.24,89.50010715007205,False,False
HfZrOx_01,10.1002/pssr.202000524,HfZrOx,FULL_DEVICE_AWARE,188,32,6,4,IDEALIZED_SINGLE_PAIR_ANALOG,3328.0,67.1,90.07615698340531,False,False
HfZrOx_01,10.1002/pssr.202000524,HfZrOx,FULL_DEVICE_AWARE,189,32,7,4,IDEALIZED_SINGLE_PAIR_ANALOG,3328.0,66.42,90.1695034595958,False,False
HfZrOx_01,10.1002/pssr.202000524,HfZrOx,FULL_DEVICE_AWARE,190,32,5,4,IDEALIZED_SINGLE_PAIR_ANALOG,3328.0,66.3,89.87419831673873,False,False
HfZrOx_01,10.1002/pssr.202000524,HfZrOx,FULL_DEVICE_AWARE,191,32,8,4,IDEALIZED_SINGLE_PAIR_ANALOG,3328.0,66.17,90.1844974595958,False,False
HfZrOx_01,10.1002/pssr.202000524,HfZrOx,FULL_DEVICE_AWARE,192,64,7,4,IDEALIZED_SINGLE_PAIR_ANALOG,896.0,55.93,81.86410261904749,False,False
HfZrOx_01,10.1002/pssr.202000524,HfZrOx,FULL_DEVICE_AWARE,193,64,8,4,IDEALIZED_SINGLE_PAIR_ANALOG,896.0,55.77,81.7974266190475,False,False
HfZrOx_01,10.1002/pssr.202000524,HfZrOx,FULL_DEVICE_AWARE,194,64,5,4,IDEALIZED_SINGLE_PAIR_ANALOG,896.0,55.5,80.83238783333326,False,False
HfZrOx_01,10.1002/pssr.202000524,HfZrOx,FULL_DEVICE_AWARE,195,64,4,4,IDEALIZED_SINGLE_PAIR_ANALOG,896.0,55.32,79.48898107142847,False,False
HfZrOx_01,10.1002/pssr.202000524,HfZrOx,FULL_DEVICE_AWARE,196,64,6,4,IDEALIZED_SINGLE_PAIR_ANALOG,896.0,54.54,81.40117778571413,False,False
HfZrOx_01,10.1002/pssr.202000524,HfZrOx,FULL_DEVICE_AWARE,197,64,3,4,IDEALIZED_SINGLE_PAIR_ANALOG,896.0,51.46,74.49457332539676,False,False
HfZrOx_01,10.1002/pssr.202000524,HfZrOx,FULL_DEVICE_AWARE,198,128,8,4,IDEALIZED_SINGLE_PAIR_ANALOG,256.0,41.08,63.00346438888891,True,True
HfZrOx_01,10.1002/pssr.202000524,HfZrOx,FULL_DEVICE_AWARE,199,128,7,4,IDEALIZED_SINGLE_PAIR_ANALOG,256.0,40.78,62.939128055555585,False,False
HfZrOx_01,10.1002/pssr.202000524,HfZrOx,FULL_DEVICE_AWARE,200,128,6,4,IDEALIZED_SINGLE_PAIR_ANALOG,256.0,40.38,62.87903167460323,False,False
HfZrOx_01,10.1002/pssr.202000524,HfZrOx,FULL_DEVICE_AWARE,201,128,4,4,IDEALIZED_SINGLE_PAIR_ANALOG,256.0,40.23,59.84845710317453,False,False
HfZrOx_01,10.1002/pssr.202000524,HfZrOx,FULL_DEVICE_AWARE,202,128,5,4,IDEALIZED_SINGLE_PAIR_ANALOG,256.0,40.08,62.2990922936508,False,False
HfZrOx_01,10.1002/pssr.202000524,HfZrOx,FULL_DEVICE_AWARE,203,128,3,4,IDEALIZED_SINGLE_PAIR_ANALOG,256.0,39.48,53.5638492936507,False,False
HfZrOx_01,10.1002/pssr.202000524,HfZrOx,FULL_DEVICE_AWARE,204,256,4,4,IDEALIZED_SINGLE_PAIR_ANALOG,160.0,33.19,53.70786049999998,True,False
HfZrOx_01,10.1002/pssr.202000524,HfZrOx,FULL_DEVICE_AWARE,205,256,8,4,IDEALIZED_SINGLE_PAIR_ANALOG,160.0,32.42,55.62196811904768,False,True
HfZrOx_01,10.1002/pssr.202000524,HfZrOx,FULL_DEVICE_AWARE,206,256,7,4,IDEALIZED_SINGLE_PAIR_ANALOG,160.0,32.29,55.576133119047675,False,False
HfZrOx_01,10.1002/pssr.202000524,HfZrOx,FULL_DEVICE_AWARE,207,256,6,4,IDEALIZED_SINGLE_PAIR_ANALOG,160.0,32.1,55.52160759523811,False,False
HfZrOx_01,10.1002/pssr.202000524,HfZrOx,FULL_DEVICE_AWARE,208,256,3,4,IDEALIZED_SINGLE_PAIR_ANALOG,160.0,31.91,49.986555619047564,False,False
HfZrOx_01,10.1002/pssr.202000524,HfZrOx,FULL_DEVICE_AWARE,209,256,5,4,IDEALIZED_SINGLE_PAIR_ANALOG,160.0,31.62,54.95060497619046,False,False
HfZrOx_01,10.1002/pssr.202000524,HfZrOx,FULL_DEVICE_AWARE,210,64,2,4,IDEALIZED_SINGLE_PAIR_ANALOG,896.0,11.71,10.126749698412691,False,False
HfZrOx_01,10.1002/pssr.202000524,HfZrOx,FULL_DEVICE_AWARE,211,64,2,5,IDEALIZED_SINGLE_PAIR_ANALOG,1792.0,11.41,10.288686317460307,False,False
HfZrOx_01,10.1002/pssr.202000524,HfZrOx,FULL_DEVICE_AWARE,212,16,2,7,IDEALIZED_SINGLE_PAIR_ANALOG,102400.0,11.39,11.216513278499278,False,False
HfZrOx_01,10.1002/pssr.202000524,HfZrOx,FULL_DEVICE_AWARE,213,32,2,7,IDEALIZED_SINGLE_PAIR_ANALOG,26624.0,11.36,11.091757356421345,False,False
HfZrOx_01,10.1002/pssr.202000524,HfZrOx,FULL_DEVICE_AWARE,214,16,2,9,IDEALIZED_SINGLE_PAIR_ANALOG,409600.0,11.36,11.34682870634923,False,False
HfZrOx_01,10.1002/pssr.202000524,HfZrOx,FULL_DEVICE_AWARE,215,64,2,6,IDEALIZED_SINGLE_PAIR_ANALOG,3584.0,11.33,10.85634422294372,False,False
HfZrOx_01,10.1002/pssr.202000524,HfZrOx,FULL_DEVICE_AWARE,216,32,2,9,IDEALIZED_SINGLE_PAIR_ANALOG,106496.0,11.3,11.251572839826858,False,False
HfZrOx_01,10.1002/pssr.202000524,HfZrOx,FULL_DEVICE_AWARE,217,256,2,9,IDEALIZED_SINGLE_PAIR_ANALOG,5120.0,11.28,11.318802023809532,False,False
HfZrOx_01,10.1002/pssr.202000524,HfZrOx,FULL_DEVICE_AWARE,218,32,2,8,IDEALIZED_SINGLE_PAIR_ANALOG,53248.0,11.27,11.168769816017313,False,False
HfZrOx_01,10.1002/pssr.202000524,HfZrOx,FULL_DEVICE_AWARE,219,32,2,10,IDEALIZED_SINGLE_PAIR_ANALOG,212992.0,11.27,11.18586726623375,False,False
HfZrOx_01,10.1002/pssr.202000524,HfZrOx,FULL_DEVICE_AWARE,220,16,2,6,IDEALIZED_SINGLE_PAIR_ANALOG,51200.0,11.26,11.042153984848492,False,False
HfZrOx_01,10.1002/pssr.202000524,HfZrOx,FULL_DEVICE_AWARE,221,64,2,10,IDEALIZED_SINGLE_PAIR_ANALOG,57344.0,11.25,11.188040044011528,False,False
HfZrOx_01,10.1002/pssr.202000524,HfZrOx,FULL_DEVICE_AWARE,222,16,2,8,IDEALIZED_SINGLE_PAIR_ANALOG,204800.0,11.25,11.290815753968257,False,False
HfZrOx_01,10.1002/pssr.202000524,HfZrOx,FULL_DEVICE_AWARE,223,256,2,8,IDEALIZED_SINGLE_PAIR_ANALOG,2560.0,11.25,11.255175253968265,False,False
HfZrOx_01,10.1002/pssr.202000524,HfZrOx,FULL_DEVICE_AWARE,224,16,2,10,IDEALIZED_SINGLE_PAIR_ANALOG,819200.0,11.24,11.302502466089456,False,False
HfZrOx_01,10.1002/pssr.202000524,HfZrOx,FULL_DEVICE_AWARE,225,128,2,9,IDEALIZED_SINGLE_PAIR_ANALOG,8192.0,11.24,11.344726452380954,False,False
HfZrOx_01,10.1002/pssr.202000524,HfZrOx,FULL_DEVICE_AWARE,226,256,2,10,IDEALIZED_SINGLE_PAIR_ANALOG,10240.0,11.22,11.253107116883116,False,False
HfZrOx_01,10.1002/pssr.202000524,HfZrOx,FULL_DEVICE_AWARE,227,64,2,7,IDEALIZED_SINGLE_PAIR_ANALOG,7168.0,11.18,11.045791046897545,False,False
HfZrOx_01,10.1002/pssr.202000524,HfZrOx,FULL_DEVICE_AWARE,228,64,2,9,IDEALIZED_SINGLE_PAIR_ANALOG,28672.0,11.18,11.275253665223675,False,False
HfZrOx_01,10.1002/pssr.202000524,HfZrOx,FULL_DEVICE_AWARE,229,128,2,10,IDEALIZED_SINGLE_PAIR_ANALOG,16384.0,11.15,11.269102402597404,False,False
HfZrOx_01,10.1002/pssr.202000524,HfZrOx,FULL_DEVICE_AWARE,230,128,2,8,IDEALIZED_SINGLE_PAIR_ANALOG,4096.0,11.14,11.271931158730165,False,False
HfZrOx_01,10.1002/pssr.202000524,HfZrOx,FULL_DEVICE_AWARE,231,32,2,6,IDEALIZED_SINGLE_PAIR_ANALOG,13312.0,11.09,10.942495008658007,False,False
HfZrOx_01,10.1002/pssr.202000524,HfZrOx,FULL_DEVICE_AWARE,232,64,2,8,IDEALIZED_SINGLE_PAIR_ANALOG,14336.0,11.07,11.170129284271285,False,False
HfZrOx_01,10.1002/pssr.202000524,HfZrOx,FULL_DEVICE_AWARE,233,128,2,7,IDEALIZED_SINGLE_PAIR_ANALOG,2048.0,11.04,10.959919777777776,False,False
HfZrOx_01,10.1002/pssr.202000524,HfZrOx,FULL_DEVICE_AWARE,234,32,2,5,IDEALIZED_SINGLE_PAIR_ANALOG,6656.0,11.02,10.54766217460316,False,False
HfZrOx_01,10.1002/pssr.202000524,HfZrOx,FULL_DEVICE_AWARE,235,256,2,7,IDEALIZED_SINGLE_PAIR_ANALOG,1280.0,10.89,10.904744555555558,False,False
HfZrOx_01,10.1002/pssr.202000524,HfZrOx,FULL_DEVICE_AWARE,236,128,2,6,IDEALIZED_SINGLE_PAIR_ANALOG,1024.0,10.71,10.68595786507936,False,False
HfZrOx_01,10.1002/pssr.202000524,HfZrOx,FULL_DEVICE_AWARE,237,16,2,5,IDEALIZED_SINGLE_PAIR_ANALOG,25600.0,10.69,10.590100317460305,False,False
HfZrOx_01,10.1002/pssr.202000524,HfZrOx,FULL_DEVICE_AWARE,238,256,2,6,IDEALIZED_SINGLE_PAIR_ANALOG,640.0,10.49,10.57221097619048,False,False
HfZrOx_01,10.1002/pssr.202000524,HfZrOx,FULL_DEVICE_AWARE,239,16,2,4,IDEALIZED_SINGLE_PAIR_ANALOG,12800.0,10.17,10.653124317460318,False,False
HfZrOx_01,10.1002/pssr.202000524,HfZrOx,FULL_DEVICE_AWARE,240,32,2,4,IDEALIZED_SINGLE_PAIR_ANALOG,3328.0,10.1,10.565841460317458,False,False
HfZrOx_01,10.1002/pssr.202000524,HfZrOx,FULL_DEVICE_AWARE,241,128,2,5,IDEALIZED_SINGLE_PAIR_ANALOG,512.0,9.83,10.070342174603168,False,False
HfZrOx_01,10.1002/pssr.202000524,HfZrOx,FULL_DEVICE_AWARE,242,256,2,5,IDEALIZED_SINGLE_PAIR_ANALOG,320.0,9.7,9.95331274603175,False,False
HfZrOx_01,10.1002/pssr.202000524,HfZrOx,FULL_DEVICE_AWARE,243,128,2,4,IDEALIZED_SINGLE_PAIR_ANALOG,256.0,9.43,9.828309325396823,False,False
HfZrOx_01,10.1002/pssr.202000524,HfZrOx,FULL_DEVICE_AWARE,244,256,2,4,IDEALIZED_SINGLE_PAIR_ANALOG,160.0,9.42,9.541526087301586,False,False
TaOx_01,10.1038/s41598-017-18329-3,TaOx,HARDWARE_ONLY,0,64,8,9,SINGLE_DIFFERENTIAL_PAIR,28672.0,96.17,96.19111272619665,True,False
TaOx_01,10.1038/s41598-017-18329-3,TaOx,HARDWARE_ONLY,1,64,7,9,SINGLE_DIFFERENTIAL_PAIR,28672.0,96.17,96.20321584503232,True,False
TaOx_01,10.1038/s41598-017-18329-3,TaOx,HARDWARE_ONLY,2,64,6,9,SINGLE_DIFFERENTIAL_PAIR,28672.0,96.17,96.21552851346631,True,False
TaOx_01,10.1038/s41598-017-18329-3,TaOx,HARDWARE_ONLY,3,64,5,9,SINGLE_DIFFERENTIAL_PAIR,28672.0,96.17,96.12686805367024,True,False
TaOx_01,10.1038/s41598-017-18329-3,TaOx,HARDWARE_ONLY,4,64,4,9,SINGLE_DIFFERENTIAL_PAIR,28672.0,96.17,96.04897518730786,True,False
TaOx_01,10.1038/s41598-017-18329-3,TaOx,HARDWARE_ONLY,5,32,7,7,SINGLE_DIFFERENTIAL_PAIR,26624.0,96.13,95.90214301547633,True,False
TaOx_01,10.1038/s41598-017-18329-3,TaOx,HARDWARE_ONLY,6,32,6,7,SINGLE_DIFFERENTIAL_PAIR,26624.0,96.13,95.93151601188025,True,False
TaOx_01,10.1038/s41598-017-18329-3,TaOx,HARDWARE_ONLY,7,32,5,7,SINGLE_DIFFERENTIAL_PAIR,26624.0,96.13,95.86528855495985,True,False
TaOx_01,10.1038/s41598-017-18329-3,TaOx,HARDWARE_ONLY,8,32,8,7,SINGLE_DIFFERENTIAL_PAIR,26624.0,96.13,95.92459205740238,True,False
TaOx_01,10.1038/s41598-017-18329-3,TaOx,HARDWARE_ONLY,9,32,4,7,SINGLE_DIFFERENTIAL_PAIR,26624.0,96.13,95.8071472351859,True,False
TaOx_01,10.1038/s41598-017-18329-3,TaOx,HARDWARE_ONLY,10,16,7,8,SINGLE_DIFFERENTIAL_PAIR,204800.0,96.12,96.19519035603027,False,False
TaOx_01,10.1038/s41598-017-18329-3,TaOx,HARDWARE_ONLY,11,16,6,8,SINGLE_DIFFERENTIAL_PAIR,204800.0,96.12,96.23135684006519,False,False
TaOx_01,10.1038/s41598-017-18329-3,TaOx,HARDWARE_ONLY,12,16,8,8,SINGLE_DIFFERENTIAL_PAIR,204800.0,96.12,96.1792961145617,False,False
TaOx_01,10.1038/s41598-017-18329-3,TaOx,HARDWARE_ONLY,13,16,5,8,SINGLE_DIFFERENTIAL_PAIR,204800.0,96.12,96.1235623489668,False,False
TaOx_01,10.1038/s41598-017-18329-3,TaOx,HARDWARE_ONLY,14,16,4,8,SINGLE_DIFFERENTIAL_PAIR,204800.0,96.12,96.05102107854405,False,False
TaOx_01,10.1038/s41598-017-18329-3,TaOx,HARDWARE_ONLY,15,32,6,8,SINGLE_DIFFERENTIAL_PAIR,53248.0,96.11,96.15496340130628,False,False
TaOx_01,10.1038/s41598-017-18329-3,TaOx,HARDWARE_ONLY,16,32,5,8,SINGLE_DIFFERENTIAL_PAIR,53248.0,96.11,96.09753269820585,False,False
TaOx_01,10.1038/s41598-017-18329-3,TaOx,HARDWARE_ONLY,17,32,4,8,SINGLE_DIFFERENTIAL_PAIR,53248.0,96.11,95.98153886807145,False,False
TaOx_01,10.1038/s41598-017-18329-3,TaOx,HARDWARE_ONLY,18,16,5,9,SINGLE_DIFFERENTIAL_PAIR,409600.0,96.11,96.15672114330123,False,False
TaOx_01,10.1038/s41598-017-18329-3,TaOx,HARDWARE_ONLY,19,16,8,9,SINGLE_DIFFERENTIAL_PAIR,409600.0,96.11,96.2311475122998,False,False
TaOx_01,10.1038/s41598-017-18329-3,TaOx,HARDWARE_ONLY,20,16,6,9,SINGLE_DIFFERENTIAL_PAIR,409600.0,96.11,96.24755012734664,False,False
TaOx_01,10.1038/s41598-017-18329-3,TaOx,HARDWARE_ONLY,21,64,4,10,SINGLE_DIFFERENTIAL_PAIR,57344.0,96.11,96.05093101599067,False,False
TaOx_01,10.1038/s41598-017-18329-3,TaOx,HARDWARE_ONLY,22,128,6,10,SINGLE_DIFFERENTIAL_PAIR,16384.0,96.11,96.25695861566776,True,True
TaOx_01,10.1038/s41598-017-18329-3,TaOx,HARDWARE_ONLY,23,128,8,10,SINGLE_DIFFERENTIAL_PAIR,16384.0,96.11,96.21215861251899,True,False
TaOx_01,10.1038/s41598-017-18329-3,TaOx,HARDWARE_ONLY,24,128,7,10,SINGLE_DIFFERENTIAL_PAIR,16384.0,96.11,96.21126032694626,True,False
TaOx_01,10.1038/s41598-017-18329-3,TaOx,HARDWARE_ONLY,25,128,5,10,SINGLE_DIFFERENTIAL_PAIR,16384.0,96.11,96.14231542292028,True,False
TaOx_01,10.1038/s41598-017-18329-3,TaOx,HARDWARE_ONLY,26,128,4,10,SINGLE_DIFFERENTIAL_PAIR,16384.0,96.11,96.05405899630763,True,False
TaOx_01,10.1038/s41598-017-18329-3,TaOx,HARDWARE_ONLY,27,64,8,10,SINGLE_DIFFERENTIAL_PAIR,57344.0,96.11,96.23540154386535,False,False
TaOx_01,10.1038/s41598-017-18329-3,TaOx,HARDWARE_ONLY,28,64,7,10,SINGLE_DIFFERENTIAL_PAIR,57344.0,96.11,96.21591269832027,False,False
TaOx_01,10.1038/s41598-017-18329-3,TaOx,HARDWARE_ONLY,29,16,4,9,SINGLE_DIFFERENTIAL_PAIR,409600.0,96.11,96.05502114897679,False,False
TaOx_01,10.1038/s41598-017-18329-3,TaOx,HARDWARE_ONLY,30,64,5,10,SINGLE_DIFFERENTIAL_PAIR,57344.0,96.11,96.16181851061714,False,False
TaOx_01,10.1038/s41598-017-18329-3,TaOx,HARDWARE_ONLY,31,64,6,10,SINGLE_DIFFERENTIAL_PAIR,57344.0,96.11,96.28792665301536,False,True
TaOx_01,10.1038/s41598-017-18329-3,TaOx,HARDWARE_ONLY,32,16,7,9,SINGLE_DIFFERENTIAL_PAIR,409600.0,96.11,96.21679425287293,False,False
TaOx_01,10.1038/s41598-017-18329-3,TaOx,HARDWARE_ONLY,33,32,8,8,SINGLE_DIFFERENTIAL_PAIR,53248.0,96.11,96.13571435860888,False,False
TaOx_01,10.1038/s41598-017-18329-3,TaOx,HARDWARE_ONLY,34,32,7,8,SINGLE_DIFFERENTIAL_PAIR,53248.0,96.11,96.15608728170197,False,False
TaOx_01,10.1038/s41598-017-18329-3,TaOx,HARDWARE_ONLY,35,32,5,10,SINGLE_DIFFERENTIAL_PAIR,212992.0,96.1,96.14491877991608,False,False
TaOx_01,10.1038/s41598-017-18329-3,TaOx,HARDWARE_ONLY,36,256,4,10,SINGLE_DIFFERENTIAL_PAIR,10240.0,96.1,96.04284166179573,True,False
TaOx_01,10.1038/s41598-017-18329-3,TaOx,HARDWARE_ONLY,37,256,8,10,SINGLE_DIFFERENTIAL_PAIR,10240.0,96.1,96.2284437420684,True,False
TaOx_01,10.1038/s41598-017-18329-3,TaOx,HARDWARE_ONLY,38,32,4,9,SINGLE_DIFFERENTIAL_PAIR,106496.0,96.1,96.0630775358084,False,False
TaOx_01,10.1038/s41598-017-18329-3,TaOx,HARDWARE_ONLY,39,32,4,10,SINGLE_DIFFERENTIAL_PAIR,212992.0,96.1,96.06073168346195,False,False
TaOx_01,10.1038/s41598-017-18329-3,TaOx,HARDWARE_ONLY,40,32,5,9,SINGLE_DIFFERENTIAL_PAIR,106496.0,96.1,96.11630677651436,False,False
TaOx_01,10.1038/s41598-017-18329-3,TaOx,HARDWARE_ONLY,41,32,6,10,SINGLE_DIFFERENTIAL_PAIR,212992.0,96.1,96.28411044429575,False,False
TaOx_01,10.1038/s41598-017-18329-3,TaOx,HARDWARE_ONLY,42,32,6,9,SINGLE_DIFFERENTIAL_PAIR,106496.0,96.1,96.24386515445661,False,False
TaOx_01,10.1038/s41598-017-18329-3,TaOx,HARDWARE_ONLY,43,16,6,10,SINGLE_DIFFERENTIAL_PAIR,819200.0,96.1,96.29066023703392,False,True
TaOx_01,10.1038/s41598-017-18329-3,TaOx,HARDWARE_ONLY,44,16,5,10,SINGLE_DIFFERENTIAL_PAIR,819200.0,96.1,96.13661183213178,False,False
TaOx_01,10.1038/s41598-017-18329-3,TaOx,HARDWARE_ONLY,45,16,7,10,SINGLE_DIFFERENTIAL_PAIR,819200.0,96.1,96.21355306478534,False,False
TaOx_01,10.1038/s41598-017-18329-3,TaOx,HARDWARE_ONLY,46,16,4,10,SINGLE_DIFFERENTIAL_PAIR,819200.0,96.1,96.07182344908175,False,False
TaOx_01,10.1038/s41598-017-18329-3,TaOx,HARDWARE_ONLY,47,32,7,10,SINGLE_DIFFERENTIAL_PAIR,212992.0,96.1,96.23100864541998,False,False
TaOx_01,10.1038/s41598-017-18329-3,TaOx,HARDWARE_ONLY,48,32,7,9,SINGLE_DIFFERENTIAL_PAIR,106496.0,96.1,96.20977675440548,False,False
TaOx_01,10.1038/s41598-017-18329-3,TaOx,HARDWARE_ONLY,49,32,8,10,SINGLE_DIFFERENTIAL_PAIR,212992.0,96.1,96.24734254612996,False,False
TaOx_01,10.1038/s41598-017-18329-3,TaOx,HARDWARE_ONLY,50,32,8,9,SINGLE_DIFFERENTIAL_PAIR,106496.0,96.1,96.24210526879969,False,False
TaOx_01,10.1038/s41598-017-18329-3,TaOx,HARDWARE_ONLY,51,256,5,10,SINGLE_DIFFERENTIAL_PAIR,10240.0,96.1,96.13895807973316,True,False
TaOx_01,10.1038/s41598-017-18329-3,TaOx,HARDWARE_ONLY,52,16,8,10,SINGLE_DIFFERENTIAL_PAIR,819200.0,96.1,96.24233196622257,False,False
TaOx_01,10.1038/s41598-017-18329-3,TaOx,HARDWARE_ONLY,53,256,6,10,SINGLE_DIFFERENTIAL_PAIR,10240.0,96.1,96.25465805519954,True,True
TaOx_01,10.1038/s41598-017-18329-3,TaOx,HARDWARE_ONLY,54,256,7,10,SINGLE_DIFFERENTIAL_PAIR,10240.0,96.1,96.19840157831514,True,False
TaOx_01,10.1038/s41598-017-18329-3,TaOx,HARDWARE_ONLY,55,64,5,8,SINGLE_DIFFERENTIAL_PAIR,14336.0,96.08,95.98267151068445,False,False
TaOx_01,10.1038/s41598-017-18329-3,TaOx,HARDWARE_ONLY,56,64,6,8,SINGLE_DIFFERENTIAL_PAIR,14336.0,96.08,96.0663436872474,False,False
TaOx_01,10.1038/s41598-017-18329-3,TaOx,HARDWARE_ONLY,57,64,7,8,SINGLE_DIFFERENTIAL_PAIR,14336.0,96.08,96.0312849690347,False,False
TaOx_01,10.1038/s41598-017-18329-3,TaOx,HARDWARE_ONLY,58,64,8,8,SINGLE_DIFFERENTIAL_PAIR,14336.0,96.08,96.05654855467269,False,False
TaOx_01,10.1038/s41598-017-18329-3,TaOx,HARDWARE_ONLY,59,128,4,9,SINGLE_DIFFERENTIAL_PAIR,8192.0,96.08,95.99547033007839,False,False
TaOx_01,10.1038/s41598-017-18329-3,TaOx,HARDWARE_ONLY,60,128,5,9,SINGLE_DIFFERENTIAL_PAIR,8192.0,96.08,96.10075004717056,False,False
TaOx_01,10.1038/s41598-017-18329-3,TaOx,HARDWARE_ONLY,61,256,4,9,SINGLE_DIFFERENTIAL_PAIR,5120.0,96.08,95.97426808307226,True,False
TaOx_01,10.1038/s41598-017-18329-3,TaOx,HARDWARE_ONLY,62,256,5,9,SINGLE_DIFFERENTIAL_PAIR,5120.0,96.08,96.08917759019948,True,False
TaOx_01,10.1038/s41598-017-18329-3,TaOx,HARDWARE_ONLY,63,256,6,9,SINGLE_DIFFERENTIAL_PAIR,5120.0,96.08,96.15964471909435,True,True
TaOx_01,10.1038/s41598-017-18329-3,TaOx,HARDWARE_ONLY,64,128,7,9,SINGLE_DIFFERENTIAL_PAIR,8192.0,96.08,96.14749899962453,False,False
TaOx_01,10.1038/s41598-017-18329-3,TaOx,HARDWARE_ONLY,65,128,8,9,SINGLE_DIFFERENTIAL_PAIR,8192.0,96.08,96.15030108738439,False,False
TaOx_01,10.1038/s41598-017-18329-3,TaOx,HARDWARE_ONLY,66,128,6,9,SINGLE_DIFFERENTIAL_PAIR,8192.0,96.08,96.16752833407674,False,True
TaOx_01,10.1038/s41598-017-18329-3,TaOx,HARDWARE_ONLY,67,64,4,8,SINGLE_DIFFERENTIAL_PAIR,14336.0,96.08,95.90454020443117,False,False
TaOx_01,10.1038/s41598-017-18329-3,TaOx,HARDWARE_ONLY,68,256,8,9,SINGLE_DIFFERENTIAL_PAIR,5120.0,96.08,96.14003590825206,True,False
TaOx_01,10.1038/s41598-017-18329-3,TaOx,HARDWARE_ONLY,69,256,7,9,SINGLE_DIFFERENTIAL_PAIR,5120.0,96.08,96.1432510161328,True,False
TaOx_01,10.1038/s41598-017-18329-3,TaOx,HARDWARE_ONLY,70,16,6,7,SINGLE_DIFFERENTIAL_PAIR,102400.0,96.07,96.05893182308047,False,False
TaOx_01,10.1038/s41598-017-18329-3,TaOx,HARDWARE_ONLY,71,16,5,7,SINGLE_DIFFERENTIAL_PAIR,102400.0,96.07,95.97135386968206,False,False
TaOx_01,10.1038/s41598-017-18329-3,TaOx,HARDWARE_ONLY,72,16,7,7,SINGLE_DIFFERENTIAL_PAIR,102400.0,96.07,96.0737147245402,False,False
TaOx_01,10.1038/s41598-017-18329-3,TaOx,HARDWARE_ONLY,73,16,4,7,SINGLE_DIFFERENTIAL_PAIR,102400.0,96.07,95.93536552397121,False,False
TaOx_01,10.1038/s41598-017-18329-3,TaOx,HARDWARE_ONLY,74,16,8,7,SINGLE_DIFFERENTIAL_PAIR,102400.0,96.07,96.06019064234766,False,False
TaOx_01,10.1038/s41598-017-18329-3,TaOx,HARDWARE_ONLY,75,16,8,6,SINGLE_DIFFERENTIAL_PAIR,51200.0,96.04,95.74819575179063,False,False
TaOx_01,10.1038/s41598-017-18329-3,TaOx,HARDWARE_ONLY,76,16,7,6,SINGLE_DIFFERENTIAL_PAIR,51200.0,96.04,95.74811990950728,False,False
TaOx_01,10.1038/s41598-017-18329-3,TaOx,HARDWARE_ONLY,77,16,6,6,SINGLE_DIFFERENTIAL_PAIR,51200.0,96.04,95.77916862814114,False,False
TaOx_01,10.1038/s41598-017-18329-3,TaOx,HARDWARE_ONLY,78,128,7,8,SINGLE_DIFFERENTIAL_PAIR,4096.0,96.04,95.8323181535604,True,False
TaOx_01,10.1038/s41598-017-18329-3,TaOx,HARDWARE_ONLY,79,128,6,8,SINGLE_DIFFERENTIAL_PAIR,4096.0,96.04,95.92383540890621,True,True
TaOx_01,10.1038/s41598-017-18329-3,TaOx,HARDWARE_ONLY,80,128,4,8,SINGLE_DIFFERENTIAL_PAIR,4096.0,96.04,95.71336915577729,True,False
TaOx_01,10.1038/s41598-017-18329-3,TaOx,HARDWARE_ONLY,81,128,5,8,SINGLE_DIFFERENTIAL_PAIR,4096.0,96.04,95.79647113934921,True,False
TaOx_01,10.1038/s41598-017-18329-3,TaOx,HARDWARE_ONLY,82,128,8,8,SINGLE_DIFFERENTIAL_PAIR,4096.0,96.04,95.80959335608837,True,False
TaOx_01,10.1038/s41598-017-18329-3,TaOx,HARDWARE_ONLY,83,16,5,6,SINGLE_DIFFERENTIAL_PAIR,51200.0,96.04,95.68278735489508,False,False
TaOx_01,10.1038/s41598-017-18329-3,TaOx,HARDWARE_ONLY,84,16,4,6,SINGLE_DIFFERENTIAL_PAIR,51200.0,96.04,95.54554707201292,False,False
TaOx_01,10.1038/s41598-017-18329-3,TaOx,HARDWARE_ONLY,85,256,4,8,SINGLE_DIFFERENTIAL_PAIR,2560.0,96.03,95.68336817925059,True,False
TaOx_01,10.1038/s41598-017-18329-3,TaOx,HARDWARE_ONLY,86,256,7,8,SINGLE_DIFFERENTIAL_PAIR,2560.0,96.03,95.86493066020122,True,True
TaOx_01,10.1038/s41598-017-18329-3,TaOx,HARDWARE_ONLY,87,256,8,8,SINGLE_DIFFERENTIAL_PAIR,2560.0,96.03,95.78809838821964,True,False
TaOx_01,10.1038/s41598-017-18329-3,TaOx,HARDWARE_ONLY,88,256,6,8,SINGLE_DIFFERENTIAL_PAIR,2560.0,96.03,95.8622823601546,True,False
TaOx_01,10.1038/s41598-017-18329-3,TaOx,HARDWARE_ONLY,89,256,5,8,SINGLE_DIFFERENTIAL_PAIR,2560.0,96.03,95.62454473513708,True,False
TaOx_01,10.1038/s41598-017-18329-3,TaOx,HARDWARE_ONLY,90,256,5,7,SINGLE_DIFFERENTIAL_PAIR,1280.0,96.01,93.61677018344562,True,False
TaOx_01,10.1038/s41598-017-18329-3,TaOx,HARDWARE_ONLY,91,256,4,7,SINGLE_DIFFERENTIAL_PAIR,1280.0,96.01,93.58067557587368,True,False
TaOx_01,10.1038/s41598-017-18329-3,TaOx,HARDWARE_ONLY,92,256,8,7,SINGLE_DIFFERENTIAL_PAIR,1280.0,96.01,93.85346508708457,True,False
TaOx_01,10.1038/s41598-017-18329-3,TaOx,HARDWARE_ONLY,93,256,6,7,SINGLE_DIFFERENTIAL_PAIR,1280.0,96.01,93.93975897950583,True,True
TaOx_01,10.1038/s41598-017-18329-3,TaOx,HARDWARE_ONLY,94,256,7,7,SINGLE_DIFFERENTIAL_PAIR,1280.0,96.01,93.89792319118027,True,False
TaOx_01,10.1038/s41598-017-18329-3,TaOx,HARDWARE_ONLY,95,64,8,6,SINGLE_DIFFERENTIAL_PAIR,3584.0,95.96,94.2696303503179,False,False
TaOx_01,10.1038/s41598-017-18329-3,TaOx,HARDWARE_ONLY,96,64,4,6,SINGLE_DIFFERENTIAL_PAIR,3584.0,95.96,94.2645404804771,False,False
TaOx_01,10.1038/s41598-017-18329-3,TaOx,HARDWARE_ONLY,97,64,5,6,SINGLE_DIFFERENTIAL_PAIR,3584.0,95.96,94.276842189043,False,False
TaOx_01,10.1038/s41598-017-18329-3,TaOx,HARDWARE_ONLY,98,64,6,6,SINGLE_DIFFERENTIAL_PAIR,3584.0,95.96,94.22647858696892,False,False
TaOx_01,10.1038/s41598-017-18329-3,TaOx,HARDWARE_ONLY,99,64,7,6,SINGLE_DIFFERENTIAL_PAIR,3584.0,95.96,94.14471626363434,False,False
TaOx_01,10.1038/s41598-017-18329-3,TaOx,HARDWARE_ONLY,100,128,7,7,SINGLE_DIFFERENTIAL_PAIR,2048.0,95.95,94.7062811380402,False,False
TaOx_01,10.1038/s41598-017-18329-3,TaOx,HARDWARE_ONLY,101,128,8,7,SINGLE_DIFFERENTIAL_PAIR,2048.0,95.95,94.86964875342079,False,True
TaOx_01,10.1038/s41598-017-18329-3,TaOx,HARDWARE_ONLY,102,64,8,7,SINGLE_DIFFERENTIAL_PAIR,7168.0,95.95,95.66648600956722,False,False
TaOx_01,10.1038/s41598-017-18329-3,TaOx,HARDWARE_ONLY,103,128,4,7,SINGLE_DIFFERENTIAL_PAIR,2048.0,95.95,94.64275962962834,False,False
TaOx_01,10.1038/s41598-017-18329-3,TaOx,HARDWARE_ONLY,104,64,6,7,SINGLE_DIFFERENTIAL_PAIR,7168.0,95.95,95.67412797220047,False,False
TaOx_01,10.1038/s41598-017-18329-3,TaOx,HARDWARE_ONLY,105,64,7,7,SINGLE_DIFFERENTIAL_PAIR,7168.0,95.95,95.63891705209002,False,False
TaOx_01,10.1038/s41598-017-18329-3,TaOx,HARDWARE_ONLY,106,128,6,7,SINGLE_DIFFERENTIAL_PAIR,2048.0,95.95,94.81081305500878,False,False
TaOx_01,10.1038/s41598-017-18329-3,TaOx,HARDWARE_ONLY,107,64,5,7,SINGLE_DIFFERENTIAL_PAIR,7168.0,95.95,95.57776843189816,False,False
TaOx_01,10.1038/s41598-017-18329-3,TaOx,HARDWARE_ONLY,108,128,5,7,SINGLE_DIFFERENTIAL_PAIR,2048.0,95.95,94.69801356623286,False,False
TaOx_01,10.1038/s41598-017-18329-3,TaOx,HARDWARE_ONLY,109,64,4,7,SINGLE_DIFFERENTIAL_PAIR,7168.0,95.95,95.41907260488725,False,False
TaOx_01,10.1038/s41598-017-18329-3,TaOx,HARDWARE_ONLY,110,32,4,6,SINGLE_DIFFERENTIAL_PAIR,13312.0,95.95,95.26936870750633,False,False
TaOx_01,10.1038/s41598-017-18329-3,TaOx,HARDWARE_ONLY,111,32,8,6,SINGLE_DIFFERENTIAL_PAIR,13312.0,95.95,95.24963546716191,False,False
TaOx_01,10.1038/s41598-017-18329-3,TaOx,HARDWARE_ONLY,112,32,7,6,SINGLE_DIFFERENTIAL_PAIR,13312.0,95.95,95.32322940131448,False,False
TaOx_01,10.1038/s41598-017-18329-3,TaOx,HARDWARE_ONLY,113,32,5,6,SINGLE_DIFFERENTIAL_PAIR,13312.0,95.95,95.12083269593805,False,False
TaOx_01,10.1038/s41598-017-18329-3,TaOx,HARDWARE_ONLY,114,32,6,6,SINGLE_DIFFERENTIAL_PAIR,13312.0,95.95,95.36728791282896,False,False
TaOx_01,10.1038/s41598-017-18329-3,TaOx,HARDWARE_ONLY,115,16,7,5,SINGLE_DIFFERENTIAL_PAIR,25600.0,95.89,91.24502364521601,False,False
TaOx_01,10.1038/s41598-017-18329-3,TaOx,HARDWARE_ONLY,116,16,8,5,SINGLE_DIFFERENTIAL_PAIR,25600.0,95.89,91.16030530777888,False,False
TaOx_01,10.1038/s41598-017-18329-3,TaOx,HARDWARE_ONLY,117,16,6,5,SINGLE_DIFFERENTIAL_PAIR,25600.0,95.89,91.30618937576541,False,False
TaOx_01,10.1038/s41598-017-18329-3,TaOx,HARDWARE_ONLY,118,16,5,5,SINGLE_DIFFERENTIAL_PAIR,25600.0,95.89,91.51474578024757,False,False
TaOx_01,10.1038/s41598-017-18329-3,TaOx,HARDWARE_ONLY,119,16,4,5,SINGLE_DIFFERENTIAL_PAIR,25600.0,95.89,92.02516102641275,False,False
TaOx_01,10.1038/s41598-017-18329-3,TaOx,HARDWARE_ONLY,120,256,6,6,SINGLE_DIFFERENTIAL_PAIR,640.0,95.8,90.89228153975279,True,False
TaOx_01,10.1038/s41598-017-18329-3,TaOx,HARDWARE_ONLY,121,256,7,6,SINGLE_DIFFERENTIAL_PAIR,640.0,95.8,91.09620255286248,True,False
TaOx_01,10.1038/s41598-017-18329-3,TaOx,HARDWARE_ONLY,122,256,8,6,SINGLE_DIFFERENTIAL_PAIR,640.0,95.8,91.25894162266312,True,True
TaOx_01,10.1038/s41598-017-18329-3,TaOx,HARDWARE_ONLY,123,256,4,6,SINGLE_DIFFERENTIAL_PAIR,640.0,95.8,90.6936348387128,True,False
TaOx_01,10.1038/s41598-017-18329-3,TaOx,HARDWARE_ONLY,124,256,5,6,SINGLE_DIFFERENTIAL_PAIR,640.0,95.8,90.92065534636926,True,False
TaOx_01,10.1038/s41598-017-18329-3,TaOx,HARDWARE_ONLY,125,32,5,5,SINGLE_DIFFERENTIAL_PAIR,6656.0,95.78,89.64450606680514,False,False
TaOx_01,10.1038/s41598-017-18329-3,TaOx,HARDWARE_ONLY,126,32,7,5,SINGLE_DIFFERENTIAL_PAIR,6656.0,95.78,90.21338673798999,False,False
TaOx_01,10.1038/s41598-017-18329-3,TaOx,HARDWARE_ONLY,127,32,6,5,SINGLE_DIFFERENTIAL_PAIR,6656.0,95.78,89.59826442044394,False,False
TaOx_01,10.1038/s41598-017-18329-3,TaOx,HARDWARE_ONLY,128,32,8,5,SINGLE_DIFFERENTIAL_PAIR,6656.0,95.78,89.51971796475749,False,False
TaOx_01,10.1038/s41598-017-18329-3,TaOx,HARDWARE_ONLY,129,32,4,5,SINGLE_DIFFERENTIAL_PAIR,6656.0,95.78,89.81681432400308,False,False
TaOx_01,10.1038/s41598-017-18329-3,TaOx,HARDWARE_ONLY,130,128,6,6,SINGLE_DIFFERENTIAL_PAIR,1024.0,95.73,91.56437210335909,False,False
TaOx_01,10.1038/s41598-017-18329-3,TaOx,HARDWARE_ONLY,131,128,4,6,SINGLE_DIFFERENTIAL_PAIR,1024.0,95.73,91.76468813571053,False,True
TaOx_01,10.1038/s41598-017-18329-3,TaOx,HARDWARE_ONLY,132,128,8,6,SINGLE_DIFFERENTIAL_PAIR,1024.0,95.73,91.57636108546205,False,False
TaOx_01,10.1038/s41598-017-18329-3,TaOx,HARDWARE_ONLY,133,128,5,6,SINGLE_DIFFERENTIAL_PAIR,1024.0,95.73,91.7476333768227,False,False
TaOx_01,10.1038/s41598-017-18329-3,TaOx,HARDWARE_ONLY,134,128,7,6,SINGLE_DIFFERENTIAL_PAIR,1024.0,95.73,91.54756540450234,False,False
TaOx_01,10.1038/s41598-017-18329-3,TaOx,HARDWARE_ONLY,135,64,7,5,SINGLE_DIFFERENTIAL_PAIR,1792.0,95.44,87.88034609917214,False,False
TaOx_01,10.1038/s41598-017-18329-3,TaOx,HARDWARE_ONLY,136,64,8,5,SINGLE_DIFFERENTIAL_PAIR,1792.0,95.44,87.84269440293012,False,False
TaOx_01,10.1038/s41598-017-18329-3,TaOx,HARDWARE_ONLY,137,64,5,5,SINGLE_DIFFERENTIAL_PAIR,1792.0,95.44,87.50553572372075,False,False
TaOx_01,10.1038/s41598-017-18329-3,TaOx,HARDWARE_ONLY,138,64,4,5,SINGLE_DIFFERENTIAL_PAIR,1792.0,95.44,86.7644645413231,False,False
TaOx_01,10.1038/s41598-017-18329-3,TaOx,HARDWARE_ONLY,139,64,6,5,SINGLE_DIFFERENTIAL_PAIR,1792.0,95.44,87.21583785746745,False,False
TaOx_01,10.1038/s41598-017-18329-3,TaOx,HARDWARE_ONLY,140,16,8,4,SINGLE_DIFFERENTIAL_PAIR,12800.0,94.99,83.18710739585951,False,False
TaOx_01,10.1038/s41598-017-18329-3,TaOx,HARDWARE_ONLY,141,16,4,4,SINGLE_DIFFERENTIAL_PAIR,12800.0,94.99,82.86132016281101,False,False
TaOx_01,10.1038/s41598-017-18329-3,TaOx,HARDWARE_ONLY,142,16,7,4,SINGLE_DIFFERENTIAL_PAIR,12800.0,94.99,84.01401760251731,False,False
TaOx_01,10.1038/s41598-017-18329-3,TaOx,HARDWARE_ONLY,143,16,5,4,SINGLE_DIFFERENTIAL_PAIR,12800.0,94.99,82.70603959082509,False,False
TaOx_01,10.1038/s41598-017-18329-3,TaOx,HARDWARE_ONLY,144,16,6,4,SINGLE_DIFFERENTIAL_PAIR,12800.0,94.99,82.99800729265056,False,False
TaOx_01,10.1038/s41598-017-18329-3,TaOx,HARDWARE_ONLY,145,32,4,4,SINGLE_DIFFERENTIAL_PAIR,3328.0,94.5,80.0808670367408,False,False
TaOx_01,10.1038/s41598-017-18329-3,TaOx,HARDWARE_ONLY,146,32,8,4,SINGLE_DIFFERENTIAL_PAIR,3328.0,94.5,81.25392112673205,False,False
TaOx_01,10.1038/s41598-017-18329-3,TaOx,HARDWARE_ONLY,147,32,6,4,SINGLE_DIFFERENTIAL_PAIR,3328.0,94.5,80.39988109828727,False,False
TaOx_01,10.1038/s41598-017-18329-3,TaOx,HARDWARE_ONLY,148,32,5,4,SINGLE_DIFFERENTIAL_PAIR,3328.0,94.5,80.56098811071323,False,False
TaOx_01,10.1038/s41598-017-18329-3,TaOx,HARDWARE_ONLY,149,32,7,4,SINGLE_DIFFERENTIAL_PAIR,3328.0,94.5,79.68024608785014,False,False
TaOx_01,10.1038/s41598-017-18329-3,TaOx,HARDWARE_ONLY,150,128,4,5,SINGLE_DIFFERENTIAL_PAIR,512.0,93.81,82.9737928884816,True,True
TaOx_01,10.1038/s41598-017-18329-3,TaOx,HARDWARE_ONLY,151,128,6,5,SINGLE_DIFFERENTIAL_PAIR,512.0,93.81,82.71285136338496,True,False
TaOx_01,10.1038/s41598-017-18329-3,TaOx,HARDWARE_ONLY,152,128,8,5,SINGLE_DIFFERENTIAL_PAIR,512.0,93.81,82.5930837887586,True,False
TaOx_01,10.1038/s41598-017-18329-3,TaOx,HARDWARE_ONLY,153,128,7,5,SINGLE_DIFFERENTIAL_PAIR,512.0,93.81,81.79436239930236,True,False
TaOx_01,10.1038/s41598-017-18329-3,TaOx,HARDWARE_ONLY,154,128,5,5,SINGLE_DIFFERENTIAL_PAIR,512.0,93.81,81.98727667136674,True,False
TaOx_01,10.1038/s41598-017-18329-3,TaOx,HARDWARE_ONLY,155,256,6,5,SINGLE_DIFFERENTIAL_PAIR,320.0,93.75,81.88805087907188,True,False
TaOx_01,10.1038/s41598-017-18329-3,TaOx,HARDWARE_ONLY,156,256,5,5,SINGLE_DIFFERENTIAL_PAIR,320.0,93.75,81.25357271649102,True,False
TaOx_01,10.1038/s41598-017-18329-3,TaOx,HARDWARE_ONLY,157,256,8,5,SINGLE_DIFFERENTIAL_PAIR,320.0,93.75,82.18326250864992,True,True
TaOx_01,10.1038/s41598-017-18329-3,TaOx,HARDWARE_ONLY,158,256,7,5,SINGLE_DIFFERENTIAL_PAIR,320.0,93.75,81.37305305432753,True,False
TaOx_01,10.1038/s41598-017-18329-3,TaOx,HARDWARE_ONLY,159,256,4,5,SINGLE_DIFFERENTIAL_PAIR,320.0,93.75,81.74739081435077,True,False
TaOx_01,10.1038/s41598-017-18329-3,TaOx,HARDWARE_ONLY,160,128,3,8,SINGLE_DIFFERENTIAL_PAIR,4096.0,92.33,91.79571113700932,False,False
TaOx_01,10.1038/s41598-017-18329-3,TaOx,HARDWARE_ONLY,161,256,3,8,SINGLE_DIFFERENTIAL_PAIR,2560.0,92.31,91.66157294985408,False,False
TaOx_01,10.1038/s41598-017-18329-3,TaOx,HARDWARE_ONLY,162,32,3,9,SINGLE_DIFFERENTIAL_PAIR,106496.0,92.25,92.15388004408977,False,False
TaOx_01,10.1038/s41598-017-18329-3,TaOx,HARDWARE_ONLY,163,16,3,10,SINGLE_DIFFERENTIAL_PAIR,819200.0,92.25,92.22216272935398,False,False
TaOx_01,10.1038/s41598-017-18329-3,TaOx,HARDWARE_ONLY,164,32,3,10,SINGLE_DIFFERENTIAL_PAIR,212992.0,92.25,92.2203202453108,False,False
TaOx_01,10.1038/s41598-017-18329-3,TaOx,HARDWARE_ONLY,165,64,3,9,SINGLE_DIFFERENTIAL_PAIR,28672.0,92.24,92.09054217448559,False,False
TaOx_01,10.1038/s41598-017-18329-3,TaOx,HARDWARE_ONLY,166,64,3,10,SINGLE_DIFFERENTIAL_PAIR,57344.0,92.24,92.19571711858399,False,False
TaOx_01,10.1038/s41598-017-18329-3,TaOx,HARDWARE_ONLY,167,128,3,10,SINGLE_DIFFERENTIAL_PAIR,16384.0,92.23,92.17853683136332,False,False
TaOx_01,10.1038/s41598-017-18329-3,TaOx,HARDWARE_ONLY,168,16,3,7,SINGLE_DIFFERENTIAL_PAIR,102400.0,92.22,91.83949136944938,False,False
TaOx_01,10.1038/s41598-017-18329-3,TaOx,HARDWARE_ONLY,169,32,3,7,SINGLE_DIFFERENTIAL_PAIR,26624.0,92.21,91.3269821695787,False,False
TaOx_01,10.1038/s41598-017-18329-3,TaOx,HARDWARE_ONLY,170,256,3,10,SINGLE_DIFFERENTIAL_PAIR,10240.0,92.21,92.21601651474028,False,False
TaOx_01,10.1038/s41598-017-18329-3,TaOx,HARDWARE_ONLY,171,16,3,8,SINGLE_DIFFERENTIAL_PAIR,204800.0,92.21,92.08336865623879,False,False
TaOx_01,10.1038/s41598-017-18329-3,TaOx,HARDWARE_ONLY,172,16,3,9,SINGLE_DIFFERENTIAL_PAIR,409600.0,92.21,92.20032245442475,False,False
TaOx_01,10.1038/s41598-017-18329-3,TaOx,HARDWARE_ONLY,173,256,3,9,SINGLE_DIFFERENTIAL_PAIR,5120.0,92.19,92.11051550147766,False,False
TaOx_01,10.1038/s41598-017-18329-3,TaOx,HARDWARE_ONLY,174,64,3,7,SINGLE_DIFFERENTIAL_PAIR,7168.0,92.18,90.5535873387093,False,False
TaOx_01,10.1038/s41598-017-18329-3,TaOx,HARDWARE_ONLY,175,256,3,7,SINGLE_DIFFERENTIAL_PAIR,1280.0,92.18,88.80576838006928,False,False
TaOx_01,10.1038/s41598-017-18329-3,TaOx,HARDWARE_ONLY,176,128,3,9,SINGLE_DIFFERENTIAL_PAIR,8192.0,92.18,92.09580545982159,False,False
TaOx_01,10.1038/s41598-017-18329-3,TaOx,HARDWARE_ONLY,177,32,3,8,SINGLE_DIFFERENTIAL_PAIR,53248.0,92.14,92.06709282243332,False,False
TaOx_01,10.1038/s41598-017-18329-3,TaOx,HARDWARE_ONLY,178,64,3,8,SINGLE_DIFFERENTIAL_PAIR,14336.0,92.12,92.00850139346595,False,False
TaOx_01,10.1038/s41598-017-18329-3,TaOx,HARDWARE_ONLY,179,16,3,6,SINGLE_DIFFERENTIAL_PAIR,51200.0,92.11,91.06555048923451,False,False
TaOx_01,10.1038/s41598-017-18329-3,TaOx,HARDWARE_ONLY,180,32,3,6,SINGLE_DIFFERENTIAL_PAIR,13312.0,92.1,89.5196846976304,False,False
TaOx_01,10.1038/s41598-017-18329-3,TaOx,HARDWARE_ONLY,181,128,3,7,SINGLE_DIFFERENTIAL_PAIR,2048.0,92.09,89.23280808842134,False,False
TaOx_01,10.1038/s41598-017-18329-3,TaOx,HARDWARE_ONLY,182,64,8,4,SINGLE_DIFFERENTIAL_PAIR,896.0,91.94,75.23196164677806,False,False
TaOx_01,10.1038/s41598-017-18329-3,TaOx,HARDWARE_ONLY,183,64,6,4,SINGLE_DIFFERENTIAL_PAIR,896.0,91.94,74.44510861795062,False,False
TaOx_01,10.1038/s41598-017-18329-3,TaOx,HARDWARE_ONLY,184,64,5,4,SINGLE_DIFFERENTIAL_PAIR,896.0,91.94,74.81184287941637,False,False
TaOx_01,10.1038/s41598-017-18329-3,TaOx,HARDWARE_ONLY,185,64,4,4,SINGLE_DIFFERENTIAL_PAIR,896.0,91.94,74.88206046136038,False,False
TaOx_01,10.1038/s41598-017-18329-3,TaOx,HARDWARE_ONLY,186,64,7,4,SINGLE_DIFFERENTIAL_PAIR,896.0,91.94,75.18222054038283,False,False
TaOx_01,10.1038/s41598-017-18329-3,TaOx,HARDWARE_ONLY,187,256,3,6,SINGLE_DIFFERENTIAL_PAIR,640.0,91.93,85.56504083879354,False,False
TaOx_01,10.1038/s41598-017-18329-3,TaOx,HARDWARE_ONLY,188,128,3,6,SINGLE_DIFFERENTIAL_PAIR,1024.0,91.85,86.10739553100548,False,False
TaOx_01,10.1038/s41598-017-18329-3,TaOx,HARDWARE_ONLY,189,64,3,6,SINGLE_DIFFERENTIAL_PAIR,3584.0,91.77,88.3797986405539,False,False
TaOx_01,10.1038/s41598-017-18329-3,TaOx,HARDWARE_ONLY,190,16,3,5,SINGLE_DIFFERENTIAL_PAIR,25600.0,91.7,88.32838788296507,False,False
TaOx_01,10.1038/s41598-017-18329-3,TaOx,HARDWARE_ONLY,191,32,3,5,SINGLE_DIFFERENTIAL_PAIR,6656.0,91.62,85.9078155765795,False,False
TaOx_01,10.1038/s41598-017-18329-3,TaOx,HARDWARE_ONLY,192,64,3,5,SINGLE_DIFFERENTIAL_PAIR,1792.0,90.86,82.80958485186709,False,False
TaOx_01,10.1038/s41598-017-18329-3,TaOx,HARDWARE_ONLY,193,128,3,5,SINGLE_DIFFERENTIAL_PAIR,512.0,90.67,77.14986351453936,False,False
TaOx_01,10.1038/s41598-017-18329-3,TaOx,HARDWARE_ONLY,194,16,3,4,SINGLE_DIFFERENTIAL_PAIR,12800.0,90.45,79.04480018669527,False,False
TaOx_01,10.1038/s41598-017-18329-3,TaOx,HARDWARE_ONLY,195,256,3,5,SINGLE_DIFFERENTIAL_PAIR,320.0,90.09,76.20035744027538,False,False
TaOx_01,10.1038/s41598-017-18329-3,TaOx,HARDWARE_ONLY,196,32,3,4,SINGLE_DIFFERENTIAL_PAIR,3328.0,89.1,75.34922047902981,False,False
TaOx_01,10.1038/s41598-017-18329-3,TaOx,HARDWARE_ONLY,197,64,3,4,SINGLE_DIFFERENTIAL_PAIR,896.0,85.97,69.01253282742255,False,False
TaOx_01,10.1038/s41598-017-18329-3,TaOx,HARDWARE_ONLY,198,128,3,4,SINGLE_DIFFERENTIAL_PAIR,256.0,78.27,60.749929075608506,True,False
TaOx_01,10.1038/s41598-017-18329-3,TaOx,HARDWARE_ONLY,199,128,4,4,SINGLE_DIFFERENTIAL_PAIR,256.0,74.42,63.96052988651059,False,False
TaOx_01,10.1038/s41598-017-18329-3,TaOx,HARDWARE_ONLY,200,128,6,4,SINGLE_DIFFERENTIAL_PAIR,256.0,74.42,63.77346713127239,False,False
TaOx_01,10.1038/s41598-017-18329-3,TaOx,HARDWARE_ONLY,201,128,8,4,SINGLE_DIFFERENTIAL_PAIR,256.0,74.42,64.56787839491558,False,True
TaOx_01,10.1038/s41598-017-18329-3,TaOx,HARDWARE_ONLY,202,128,5,4,SINGLE_DIFFERENTIAL_PAIR,256.0,74.42,63.65777923931623,False,False
TaOx_01,10.1038/s41598-017-18329-3,TaOx,HARDWARE_ONLY,203,128,7,4,SINGLE_DIFFERENTIAL_PAIR,256.0,74.42,63.76213143588815,False,False
TaOx_01,10.1038/s41598-017-18329-3,TaOx,HARDWARE_ONLY,204,256,3,4,SINGLE_DIFFERENTIAL_PAIR,160.0,74.41,56.31529792108336,True,False
TaOx_01,10.1038/s41598-017-18329-3,TaOx,HARDWARE_ONLY,205,256,8,4,SINGLE_DIFFERENTIAL_PAIR,160.0,73.32,60.15709107301519,False,False
TaOx_01,10.1038/s41598-017-18329-3,TaOx,HARDWARE_ONLY,206,256,4,4,SINGLE_DIFFERENTIAL_PAIR,160.0,73.32,61.251245585679015,False,True
TaOx_01,10.1038/s41598-017-18329-3,TaOx,HARDWARE_ONLY,207,256,7,4,SINGLE_DIFFERENTIAL_PAIR,160.0,73.32,59.80568919887055,False,False
TaOx_01,10.1038/s41598-017-18329-3,TaOx,HARDWARE_ONLY,208,256,5,4,SINGLE_DIFFERENTIAL_PAIR,160.0,73.32,60.00233509146407,False,False
TaOx_01,10.1038/s41598-017-18329-3,TaOx,HARDWARE_ONLY,209,256,6,4,SINGLE_DIFFERENTIAL_PAIR,160.0,73.32,60.26516796103895,False,False
TaOx_01,10.1038/s41598-017-18329-3,TaOx,HARDWARE_ONLY,210,16,2,4,SINGLE_DIFFERENTIAL_PAIR,12800.0,11.98,11.0688677152994,False,False
TaOx_01,10.1038/s41598-017-18329-3,TaOx,HARDWARE_ONLY,211,32,2,4,SINGLE_DIFFERENTIAL_PAIR,3328.0,11.95,10.972575066833587,False,False
TaOx_01,10.1038/s41598-017-18329-3,TaOx,HARDWARE_ONLY,212,64,2,4,SINGLE_DIFFERENTIAL_PAIR,896.0,11.85,11.229549197270657,False,False
TaOx_01,10.1038/s41598-017-18329-3,TaOx,HARDWARE_ONLY,213,256,2,5,SINGLE_DIFFERENTIAL_PAIR,320.0,11.85,10.84514525543248,False,False
TaOx_01,10.1038/s41598-017-18329-3,TaOx,HARDWARE_ONLY,214,128,2,5,SINGLE_DIFFERENTIAL_PAIR,512.0,11.75,11.044290392968147,False,False
TaOx_01,10.1038/s41598-017-18329-3,TaOx,HARDWARE_ONLY,215,128,2,7,SINGLE_DIFFERENTIAL_PAIR,2048.0,11.61,11.177359814050327,False,False
TaOx_01,10.1038/s41598-017-18329-3,TaOx,HARDWARE_ONLY,216,256,2,7,SINGLE_DIFFERENTIAL_PAIR,1280.0,11.59,11.120106458132442,False,False
TaOx_01,10.1038/s41598-017-18329-3,TaOx,HARDWARE_ONLY,217,32,2,5,SINGLE_DIFFERENTIAL_PAIR,6656.0,11.58,11.194748796546412,False,False
TaOx_01,10.1038/s41598-017-18329-3,TaOx,HARDWARE_ONLY,218,16,2,10,SINGLE_DIFFERENTIAL_PAIR,819200.0,11.53,11.404932760445435,False,False
TaOx_01,10.1038/s41598-017-18329-3,TaOx,HARDWARE_ONLY,219,256,2,8,SINGLE_DIFFERENTIAL_PAIR,2560.0,11.5,11.421086108314894,False,False
TaOx_01,10.1038/s41598-017-18329-3,TaOx,HARDWARE_ONLY,220,16,2,9,SINGLE_DIFFERENTIAL_PAIR,409600.0,11.5,11.317432058928002,False,False
TaOx_01,10.1038/s41598-017-18329-3,TaOx,HARDWARE_ONLY,221,64,2,10,SINGLE_DIFFERENTIAL_PAIR,57344.0,11.48,11.238967181345311,False,False
TaOx_01,10.1038/s41598-017-18329-3,TaOx,HARDWARE_ONLY,222,32,2,10,SINGLE_DIFFERENTIAL_PAIR,212992.0,11.46,11.254049671113869,False,False
TaOx_01,10.1038/s41598-017-18329-3,TaOx,HARDWARE_ONLY,223,64,2,6,SINGLE_DIFFERENTIAL_PAIR,3584.0,11.46,11.021594194635433,False,False
TaOx_01,10.1038/s41598-017-18329-3,TaOx,HARDWARE_ONLY,224,256,2,6,SINGLE_DIFFERENTIAL_PAIR,640.0,11.46,10.89556408939169,False,False
TaOx_01,10.1038/s41598-017-18329-3,TaOx,HARDWARE_ONLY,225,128,2,8,SINGLE_DIFFERENTIAL_PAIR,4096.0,11.45,11.45806701402356,False,False
TaOx_01,10.1038/s41598-017-18329-3,TaOx,HARDWARE_ONLY,226,16,2,5,SINGLE_DIFFERENTIAL_PAIR,25600.0,11.45,11.190571737383362,False,False
TaOx_01,10.1038/s41598-017-18329-3,TaOx,HARDWARE_ONLY,227,32,2,9,SINGLE_DIFFERENTIAL_PAIR,106496.0,11.44,11.250399418354604,False,False
TaOx_01,10.1038/s41598-017-18329-3,TaOx,HARDWARE_ONLY,228,256,2,10,SINGLE_DIFFERENTIAL_PAIR,10240.0,11.42,11.314834878539758,False,False
TaOx_01,10.1038/s41598-017-18329-3,TaOx,HARDWARE_ONLY,229,128,2,9,SINGLE_DIFFERENTIAL_PAIR,8192.0,11.42,11.282223684273166,False,False
TaOx_01,10.1038/s41598-017-18329-3,TaOx,HARDWARE_ONLY,230,128,2,6,SINGLE_DIFFERENTIAL_PAIR,1024.0,11.41,11.004006528781677,False,False
TaOx_01,10.1038/s41598-017-18329-3,TaOx,HARDWARE_ONLY,231,256,2,9,SINGLE_DIFFERENTIAL_PAIR,5120.0,11.41,11.24372658999454,False,False
TaOx_01,10.1038/s41598-017-18329-3,TaOx,HARDWARE_ONLY,232,32,2,7,SINGLE_DIFFERENTIAL_PAIR,26624.0,11.4,11.251719146028787,False,False
TaOx_01,10.1038/s41598-017-18329-3,TaOx,HARDWARE_ONLY,233,64,2,9,SINGLE_DIFFERENTIAL_PAIR,28672.0,11.38,11.233066083014943,False,False
TaOx_01,10.1038/s41598-017-18329-3,TaOx,HARDWARE_ONLY,234,128,2,10,SINGLE_DIFFERENTIAL_PAIR,16384.0,11.36,11.297379645778209,False,False
TaOx_01,10.1038/s41598-017-18329-3,TaOx,HARDWARE_ONLY,235,64,2,8,SINGLE_DIFFERENTIAL_PAIR,14336.0,11.35,11.342866035480855,False,False
TaOx_01,10.1038/s41598-017-18329-3,TaOx,HARDWARE_ONLY,236,32,2,8,SINGLE_DIFFERENTIAL_PAIR,53248.0,11.35,11.347744887202424,False,False
TaOx_01,10.1038/s41598-017-18329-3,TaOx,HARDWARE_ONLY,237,16,2,6,SINGLE_DIFFERENTIAL_PAIR,51200.0,11.35,11.238382095579253,False,False
TaOx_01,10.1038/s41598-017-18329-3,TaOx,HARDWARE_ONLY,238,16,2,7,SINGLE_DIFFERENTIAL_PAIR,102400.0,11.31,11.308034901507495,False,False
TaOx_01,10.1038/s41598-017-18329-3,TaOx,HARDWARE_ONLY,239,16,2,8,SINGLE_DIFFERENTIAL_PAIR,204800.0,11.28,11.396252849211251,False,False
TaOx_01,10.1038/s41598-017-18329-3,TaOx,HARDWARE_ONLY,240,32,2,6,SINGLE_DIFFERENTIAL_PAIR,13312.0,11.27,11.084735131033213,False,False
TaOx_01,10.1038/s41598-017-18329-3,TaOx,HARDWARE_ONLY,241,64,2,5,SINGLE_DIFFERENTIAL_PAIR,1792.0,11.25,11.205051709917276,False,False
TaOx_01,10.1038/s41598-017-18329-3,TaOx,HARDWARE_ONLY,242,64,2,7,SINGLE_DIFFERENTIAL_PAIR,7168.0,11.18,11.026795657176157,False,False
TaOx_01,10.1038/s41598-017-18329-3,TaOx,HARDWARE_ONLY,243,128,2,4,SINGLE_DIFFERENTIAL_PAIR,256.0,10.85,10.490248444808394,False,False
TaOx_01,10.1038/s41598-017-18329-3,TaOx,HARDWARE_ONLY,244,256,2,4,SINGLE_DIFFERENTIAL_PAIR,160.0,10.16,10.059166523058469,False,False
TaOx_01,10.1038/s41598-017-18329-3,TaOx,FULL_DEVICE_AWARE,0,64,8,9,SINGLE_DIFFERENTIAL_PAIR,28672.0,96.17,96.16166207142867,True,False
TaOx_01,10.1038/s41598-017-18329-3,TaOx,FULL_DEVICE_AWARE,1,64,7,9,SINGLE_DIFFERENTIAL_PAIR,28672.0,96.17,96.15970322222229,True,False
TaOx_01,10.1038/s41598-017-18329-3,TaOx,FULL_DEVICE_AWARE,2,64,6,9,SINGLE_DIFFERENTIAL_PAIR,28672.0,96.17,96.17120527777786,True,False
TaOx_01,10.1038/s41598-017-18329-3,TaOx,FULL_DEVICE_AWARE,3,64,5,9,SINGLE_DIFFERENTIAL_PAIR,28672.0,96.17,96.10189350000007,True,False
TaOx_01,10.1038/s41598-017-18329-3,TaOx,FULL_DEVICE_AWARE,4,64,4,9,SINGLE_DIFFERENTIAL_PAIR,28672.0,96.17,96.06290628571433,True,False
TaOx_01,10.1038/s41598-017-18329-3,TaOx,FULL_DEVICE_AWARE,5,32,7,7,SINGLE_DIFFERENTIAL_PAIR,26624.0,96.13,96.16817719047617,True,False
TaOx_01,10.1038/s41598-017-18329-3,TaOx,FULL_DEVICE_AWARE,6,32,6,7,SINGLE_DIFFERENTIAL_PAIR,26624.0,96.13,96.17296619047615,True,False
TaOx_01,10.1038/s41598-017-18329-3,TaOx,FULL_DEVICE_AWARE,7,32,5,7,SINGLE_DIFFERENTIAL_PAIR,26624.0,96.13,96.11651842857138,True,False
TaOx_01,10.1038/s41598-017-18329-3,TaOx,FULL_DEVICE_AWARE,8,32,8,7,SINGLE_DIFFERENTIAL_PAIR,26624.0,96.13,96.16753289682536,True,False
TaOx_01,10.1038/s41598-017-18329-3,TaOx,FULL_DEVICE_AWARE,9,32,4,7,SINGLE_DIFFERENTIAL_PAIR,26624.0,96.13,96.07461158730153,True,False
TaOx_01,10.1038/s41598-017-18329-3,TaOx,FULL_DEVICE_AWARE,10,16,7,8,SINGLE_DIFFERENTIAL_PAIR,204800.0,96.12,96.1650961746031,False,False
TaOx_01,10.1038/s41598-017-18329-3,TaOx,FULL_DEVICE_AWARE,11,16,6,8,SINGLE_DIFFERENTIAL_PAIR,204800.0,96.12,96.17565893650787,False,False
TaOx_01,10.1038/s41598-017-18329-3,TaOx,FULL_DEVICE_AWARE,12,16,8,8,SINGLE_DIFFERENTIAL_PAIR,204800.0,96.12,96.16579653968247,False,False
TaOx_01,10.1038/s41598-017-18329-3,TaOx,FULL_DEVICE_AWARE,13,16,5,8,SINGLE_DIFFERENTIAL_PAIR,204800.0,96.12,96.09581449206345,False,False
TaOx_01,10.1038/s41598-017-18329-3,TaOx,FULL_DEVICE_AWARE,14,16,4,8,SINGLE_DIFFERENTIAL_PAIR,204800.0,96.12,96.06034607936502,False,False
TaOx_01,10.1038/s41598-017-18329-3,TaOx,FULL_DEVICE_AWARE,15,32,6,8,SINGLE_DIFFERENTIAL_PAIR,53248.0,96.11,96.16980134126979,False,False
TaOx_01,10.1038/s41598-017-18329-3,TaOx,FULL_DEVICE_AWARE,16,32,5,8,SINGLE_DIFFERENTIAL_PAIR,53248.0,96.11,96.09651635714282,False,False
TaOx_01,10.1038/s41598-017-18329-3,TaOx,FULL_DEVICE_AWARE,17,32,4,8,SINGLE_DIFFERENTIAL_PAIR,53248.0,96.11,96.05554207936498,False,False
TaOx_01,10.1038/s41598-017-18329-3,TaOx,FULL_DEVICE_AWARE,18,16,5,9,SINGLE_DIFFERENTIAL_PAIR,409600.0,96.11,96.09875046031755,False,False
TaOx_01,10.1038/s41598-017-18329-3,TaOx,FULL_DEVICE_AWARE,19,16,8,9,SINGLE_DIFFERENTIAL_PAIR,409600.0,96.11,96.16380282539674,False,False
TaOx_01,10.1038/s41598-017-18329-3,TaOx,FULL_DEVICE_AWARE,20,16,6,9,SINGLE_DIFFERENTIAL_PAIR,409600.0,96.11,96.17147121428572,False,False
TaOx_01,10.1038/s41598-017-18329-3,TaOx,FULL_DEVICE_AWARE,21,64,4,10,SINGLE_DIFFERENTIAL_PAIR,57344.0,96.11,96.06421047113996,False,False
TaOx_01,10.1038/s41598-017-18329-3,TaOx,FULL_DEVICE_AWARE,22,128,6,10,SINGLE_DIFFERENTIAL_PAIR,16384.0,96.11,96.17424388888888,True,False
TaOx_01,10.1038/s41598-017-18329-3,TaOx,FULL_DEVICE_AWARE,23,128,8,10,SINGLE_DIFFERENTIAL_PAIR,16384.0,96.11,96.16304635714287,True,False
TaOx_01,10.1038/s41598-017-18329-3,TaOx,FULL_DEVICE_AWARE,24,128,7,10,SINGLE_DIFFERENTIAL_PAIR,16384.0,96.11,96.16261007142857,True,False
TaOx_01,10.1038/s41598-017-18329-3,TaOx,FULL_DEVICE_AWARE,25,128,5,10,SINGLE_DIFFERENTIAL_PAIR,16384.0,96.11,96.09510647619031,True,False
TaOx_01,10.1038/s41598-017-18329-3,TaOx,FULL_DEVICE_AWARE,26,128,4,10,SINGLE_DIFFERENTIAL_PAIR,16384.0,96.11,96.06044090476176,True,False
TaOx_01,10.1038/s41598-017-18329-3,TaOx,FULL_DEVICE_AWARE,27,64,8,10,SINGLE_DIFFERENTIAL_PAIR,57344.0,96.11,96.16702138095239,False,False
TaOx_01,10.1038/s41598-017-18329-3,TaOx,FULL_DEVICE_AWARE,28,64,7,10,SINGLE_DIFFERENTIAL_PAIR,57344.0,96.11,96.16450159523814,False,False
TaOx_01,10.1038/s41598-017-18329-3,TaOx,FULL_DEVICE_AWARE,29,16,4,9,SINGLE_DIFFERENTIAL_PAIR,409600.0,96.11,96.06663291269835,False,False
TaOx_01,10.1038/s41598-017-18329-3,TaOx,FULL_DEVICE_AWARE,30,64,5,10,SINGLE_DIFFERENTIAL_PAIR,57344.0,96.11,96.09972985714278,False,False
TaOx_01,10.1038/s41598-017-18329-3,TaOx,FULL_DEVICE_AWARE,31,64,6,10,SINGLE_DIFFERENTIAL_PAIR,57344.0,96.11,96.17752912698413,False,False
TaOx_01,10.1038/s41598-017-18329-3,TaOx,FULL_DEVICE_AWARE,32,16,7,9,SINGLE_DIFFERENTIAL_PAIR,409600.0,96.11,96.1601546984126,False,False
TaOx_01,10.1038/s41598-017-18329-3,TaOx,FULL_DEVICE_AWARE,33,32,8,8,SINGLE_DIFFERENTIAL_PAIR,53248.0,96.11,96.161515563492,False,False
TaOx_01,10.1038/s41598-017-18329-3,TaOx,FULL_DEVICE_AWARE,34,32,7,8,SINGLE_DIFFERENTIAL_PAIR,53248.0,96.11,96.16139131746023,False,False
TaOx_01,10.1038/s41598-017-18329-3,TaOx,FULL_DEVICE_AWARE,35,32,5,10,SINGLE_DIFFERENTIAL_PAIR,212992.0,96.1,96.09682560317461,False,False
TaOx_01,10.1038/s41598-017-18329-3,TaOx,FULL_DEVICE_AWARE,36,256,4,10,SINGLE_DIFFERENTIAL_PAIR,10240.0,96.1,96.0639624047618,True,False
TaOx_01,10.1038/s41598-017-18329-3,TaOx,FULL_DEVICE_AWARE,37,256,8,10,SINGLE_DIFFERENTIAL_PAIR,10240.0,96.1,96.16629847402594,True,False
TaOx_01,10.1038/s41598-017-18329-3,TaOx,FULL_DEVICE_AWARE,38,32,4,9,SINGLE_DIFFERENTIAL_PAIR,106496.0,96.1,96.06019573015874,False,False
TaOx_01,10.1038/s41598-017-18329-3,TaOx,FULL_DEVICE_AWARE,39,32,4,10,SINGLE_DIFFERENTIAL_PAIR,212992.0,96.1,96.05901558225108,False,False
TaOx_01,10.1038/s41598-017-18329-3,TaOx,FULL_DEVICE_AWARE,40,32,5,9,SINGLE_DIFFERENTIAL_PAIR,106496.0,96.1,96.09531286507945,False,False
TaOx_01,10.1038/s41598-017-18329-3,TaOx,FULL_DEVICE_AWARE,41,32,6,10,SINGLE_DIFFERENTIAL_PAIR,212992.0,96.1,96.17736710317465,False,False
TaOx_01,10.1038/s41598-017-18329-3,TaOx,FULL_DEVICE_AWARE,42,32,6,9,SINGLE_DIFFERENTIAL_PAIR,106496.0,96.1,96.16377128571433,False,False
TaOx_01,10.1038/s41598-017-18329-3,TaOx,FULL_DEVICE_AWARE,43,16,6,10,SINGLE_DIFFERENTIAL_PAIR,819200.0,96.1,96.17877331746027,False,False
TaOx_01,10.1038/s41598-017-18329-3,TaOx,FULL_DEVICE_AWARE,44,16,5,10,SINGLE_DIFFERENTIAL_PAIR,819200.0,96.1,96.09821680158727,False,False
TaOx_01,10.1038/s41598-017-18329-3,TaOx,FULL_DEVICE_AWARE,45,16,7,10,SINGLE_DIFFERENTIAL_PAIR,819200.0,96.1,96.16425038888885,False,False
TaOx_01,10.1038/s41598-017-18329-3,TaOx,FULL_DEVICE_AWARE,46,16,4,10,SINGLE_DIFFERENTIAL_PAIR,819200.0,96.1,96.06486012698399,False,False
TaOx_01,10.1038/s41598-017-18329-3,TaOx,FULL_DEVICE_AWARE,47,32,7,10,SINGLE_DIFFERENTIAL_PAIR,212992.0,96.1,96.16254400793653,False,False
TaOx_01,10.1038/s41598-017-18329-3,TaOx,FULL_DEVICE_AWARE,48,32,7,9,SINGLE_DIFFERENTIAL_PAIR,106496.0,96.1,96.15473450793654,False,False
TaOx_01,10.1038/s41598-017-18329-3,TaOx,FULL_DEVICE_AWARE,49,32,8,10,SINGLE_DIFFERENTIAL_PAIR,212992.0,96.1,96.1668679603175,False,False
TaOx_01,10.1038/s41598-017-18329-3,TaOx,FULL_DEVICE_AWARE,50,32,8,9,SINGLE_DIFFERENTIAL_PAIR,106496.0,96.1,96.15808663492064,False,False
TaOx_01,10.1038/s41598-017-18329-3,TaOx,FULL_DEVICE_AWARE,51,256,5,10,SINGLE_DIFFERENTIAL_PAIR,10240.0,96.1,96.09978173809505,True,False
TaOx_01,10.1038/s41598-017-18329-3,TaOx,FULL_DEVICE_AWARE,52,16,8,10,SINGLE_DIFFERENTIAL_PAIR,819200.0,96.1,96.16841648412696,False,False
TaOx_01,10.1038/s41598-017-18329-3,TaOx,FULL_DEVICE_AWARE,53,256,6,10,SINGLE_DIFFERENTIAL_PAIR,10240.0,96.1,96.17780309307359,True,True
TaOx_01,10.1038/s41598-017-18329-3,TaOx,FULL_DEVICE_AWARE,54,256,7,10,SINGLE_DIFFERENTIAL_PAIR,10240.0,96.1,96.16566940259735,True,False
TaOx_01,10.1038/s41598-017-18329-3,TaOx,FULL_DEVICE_AWARE,55,64,5,8,SINGLE_DIFFERENTIAL_PAIR,14336.0,96.08,96.10161784920638,False,False
TaOx_01,10.1038/s41598-017-18329-3,TaOx,FULL_DEVICE_AWARE,56,64,6,8,SINGLE_DIFFERENTIAL_PAIR,14336.0,96.08,96.17349632539687,False,False
TaOx_01,10.1038/s41598-017-18329-3,TaOx,FULL_DEVICE_AWARE,57,64,7,8,SINGLE_DIFFERENTIAL_PAIR,14336.0,96.08,96.15990768253972,False,False
TaOx_01,10.1038/s41598-017-18329-3,TaOx,FULL_DEVICE_AWARE,58,64,8,8,SINGLE_DIFFERENTIAL_PAIR,14336.0,96.08,96.16023642063497,False,False
TaOx_01,10.1038/s41598-017-18329-3,TaOx,FULL_DEVICE_AWARE,59,128,4,9,SINGLE_DIFFERENTIAL_PAIR,8192.0,96.08,96.04664330158731,False,False
TaOx_01,10.1038/s41598-017-18329-3,TaOx,FULL_DEVICE_AWARE,60,128,5,9,SINGLE_DIFFERENTIAL_PAIR,8192.0,96.08,96.09090948412704,False,False
TaOx_01,10.1038/s41598-017-18329-3,TaOx,FULL_DEVICE_AWARE,61,256,4,9,SINGLE_DIFFERENTIAL_PAIR,5120.0,96.08,96.04168896825391,True,False
TaOx_01,10.1038/s41598-017-18329-3,TaOx,FULL_DEVICE_AWARE,62,256,5,9,SINGLE_DIFFERENTIAL_PAIR,5120.0,96.08,96.08946947619047,True,False
TaOx_01,10.1038/s41598-017-18329-3,TaOx,FULL_DEVICE_AWARE,63,256,6,9,SINGLE_DIFFERENTIAL_PAIR,5120.0,96.08,96.15787269047618,True,False
TaOx_01,10.1038/s41598-017-18329-3,TaOx,FULL_DEVICE_AWARE,64,128,7,9,SINGLE_DIFFERENTIAL_PAIR,8192.0,96.08,96.14844141269843,False,False
TaOx_01,10.1038/s41598-017-18329-3,TaOx,FULL_DEVICE_AWARE,65,128,8,9,SINGLE_DIFFERENTIAL_PAIR,8192.0,96.08,96.14896236507943,False,False
TaOx_01,10.1038/s41598-017-18329-3,TaOx,FULL_DEVICE_AWARE,66,128,6,9,SINGLE_DIFFERENTIAL_PAIR,8192.0,96.08,96.15608305555564,False,False
TaOx_01,10.1038/s41598-017-18329-3,TaOx,FULL_DEVICE_AWARE,67,64,4,8,SINGLE_DIFFERENTIAL_PAIR,14336.0,96.08,96.0516732460318,False,False
TaOx_01,10.1038/s41598-017-18329-3,TaOx,FULL_DEVICE_AWARE,68,256,8,9,SINGLE_DIFFERENTIAL_PAIR,5120.0,96.08,96.14860747619049,True,False
TaOx_01,10.1038/s41598-017-18329-3,TaOx,FULL_DEVICE_AWARE,69,256,7,9,SINGLE_DIFFERENTIAL_PAIR,5120.0,96.08,96.1485452142857,True,False
TaOx_01,10.1038/s41598-017-18329-3,TaOx,FULL_DEVICE_AWARE,70,16,6,7,SINGLE_DIFFERENTIAL_PAIR,102400.0,96.07,96.18486621428572,False,True
TaOx_01,10.1038/s41598-017-18329-3,TaOx,FULL_DEVICE_AWARE,71,16,5,7,SINGLE_DIFFERENTIAL_PAIR,102400.0,96.07,96.13419245238092,False,False
TaOx_01,10.1038/s41598-017-18329-3,TaOx,FULL_DEVICE_AWARE,72,16,7,7,SINGLE_DIFFERENTIAL_PAIR,102400.0,96.07,96.18123745238097,False,False
TaOx_01,10.1038/s41598-017-18329-3,TaOx,FULL_DEVICE_AWARE,73,16,4,7,SINGLE_DIFFERENTIAL_PAIR,102400.0,96.07,96.10353713492061,False,False
TaOx_01,10.1038/s41598-017-18329-3,TaOx,FULL_DEVICE_AWARE,74,16,8,7,SINGLE_DIFFERENTIAL_PAIR,102400.0,96.07,96.18139182539686,False,False
TaOx_01,10.1038/s41598-017-18329-3,TaOx,FULL_DEVICE_AWARE,75,16,8,6,SINGLE_DIFFERENTIAL_PAIR,51200.0,96.04,96.12643769047621,False,False
TaOx_01,10.1038/s41598-017-18329-3,TaOx,FULL_DEVICE_AWARE,76,16,7,6,SINGLE_DIFFERENTIAL_PAIR,51200.0,96.04,96.12568557142858,False,False
TaOx_01,10.1038/s41598-017-18329-3,TaOx,FULL_DEVICE_AWARE,77,16,6,6,SINGLE_DIFFERENTIAL_PAIR,51200.0,96.04,96.12661561904761,False,False
TaOx_01,10.1038/s41598-017-18329-3,TaOx,FULL_DEVICE_AWARE,78,128,7,8,SINGLE_DIFFERENTIAL_PAIR,4096.0,96.04,96.15578952164505,True,False
TaOx_01,10.1038/s41598-017-18329-3,TaOx,FULL_DEVICE_AWARE,79,128,6,8,SINGLE_DIFFERENTIAL_PAIR,4096.0,96.04,96.1729876688312,True,True
TaOx_01,10.1038/s41598-017-18329-3,TaOx,FULL_DEVICE_AWARE,80,128,4,8,SINGLE_DIFFERENTIAL_PAIR,4096.0,96.04,96.04323051587305,True,False
TaOx_01,10.1038/s41598-017-18329-3,TaOx,FULL_DEVICE_AWARE,81,128,5,8,SINGLE_DIFFERENTIAL_PAIR,4096.0,96.04,96.09611496825399,True,False
TaOx_01,10.1038/s41598-017-18329-3,TaOx,FULL_DEVICE_AWARE,82,128,8,8,SINGLE_DIFFERENTIAL_PAIR,4096.0,96.04,96.15520785497836,True,False
TaOx_01,10.1038/s41598-017-18329-3,TaOx,FULL_DEVICE_AWARE,83,16,5,6,SINGLE_DIFFERENTIAL_PAIR,51200.0,96.04,96.10614480952387,False,False
TaOx_01,10.1038/s41598-017-18329-3,TaOx,FULL_DEVICE_AWARE,84,16,4,6,SINGLE_DIFFERENTIAL_PAIR,51200.0,96.04,96.05263175396827,False,False
TaOx_01,10.1038/s41598-017-18329-3,TaOx,FULL_DEVICE_AWARE,85,256,4,8,SINGLE_DIFFERENTIAL_PAIR,2560.0,96.03,96.04603279365084,True,False
TaOx_01,10.1038/s41598-017-18329-3,TaOx,FULL_DEVICE_AWARE,86,256,7,8,SINGLE_DIFFERENTIAL_PAIR,2560.0,96.03,96.15339752164503,True,False
TaOx_01,10.1038/s41598-017-18329-3,TaOx,FULL_DEVICE_AWARE,87,256,8,8,SINGLE_DIFFERENTIAL_PAIR,2560.0,96.03,96.15240168831168,True,False
TaOx_01,10.1038/s41598-017-18329-3,TaOx,FULL_DEVICE_AWARE,88,256,6,8,SINGLE_DIFFERENTIAL_PAIR,2560.0,96.03,96.16554371645024,True,True
TaOx_01,10.1038/s41598-017-18329-3,TaOx,FULL_DEVICE_AWARE,89,256,5,8,SINGLE_DIFFERENTIAL_PAIR,2560.0,96.03,96.09174168253978,True,False
TaOx_01,10.1038/s41598-017-18329-3,TaOx,FULL_DEVICE_AWARE,90,256,5,7,SINGLE_DIFFERENTIAL_PAIR,1280.0,96.01,96.08390511111122,True,False
TaOx_01,10.1038/s41598-017-18329-3,TaOx,FULL_DEVICE_AWARE,91,256,4,7,SINGLE_DIFFERENTIAL_PAIR,1280.0,96.01,96.02438378571438,True,False
TaOx_01,10.1038/s41598-017-18329-3,TaOx,FULL_DEVICE_AWARE,92,256,8,7,SINGLE_DIFFERENTIAL_PAIR,1280.0,96.01,96.13497061976922,True,False
TaOx_01,10.1038/s41598-017-18329-3,TaOx,FULL_DEVICE_AWARE,93,256,6,7,SINGLE_DIFFERENTIAL_PAIR,1280.0,96.01,96.13891768326127,True,True
TaOx_01,10.1038/s41598-017-18329-3,TaOx,FULL_DEVICE_AWARE,94,256,7,7,SINGLE_DIFFERENTIAL_PAIR,1280.0,96.01,96.13439638167394,True,False
TaOx_01,10.1038/s41598-017-18329-3,TaOx,FULL_DEVICE_AWARE,95,64,8,6,SINGLE_DIFFERENTIAL_PAIR,3584.0,95.96,96.08377414285728,False,False
TaOx_01,10.1038/s41598-017-18329-3,TaOx,FULL_DEVICE_AWARE,96,64,4,6,SINGLE_DIFFERENTIAL_PAIR,3584.0,95.96,96.00916895238107,False,False
TaOx_01,10.1038/s41598-017-18329-3,TaOx,FULL_DEVICE_AWARE,97,64,5,6,SINGLE_DIFFERENTIAL_PAIR,3584.0,95.96,96.08160785714294,False,False
TaOx_01,10.1038/s41598-017-18329-3,TaOx,FULL_DEVICE_AWARE,98,64,6,6,SINGLE_DIFFERENTIAL_PAIR,3584.0,95.96,96.08657561904774,False,False
TaOx_01,10.1038/s41598-017-18329-3,TaOx,FULL_DEVICE_AWARE,99,64,7,6,SINGLE_DIFFERENTIAL_PAIR,3584.0,95.96,96.08534109523823,False,False
TaOx_01,10.1038/s41598-017-18329-3,TaOx,FULL_DEVICE_AWARE,100,128,7,7,SINGLE_DIFFERENTIAL_PAIR,2048.0,95.95,96.14860778571435,False,False
TaOx_01,10.1038/s41598-017-18329-3,TaOx,FULL_DEVICE_AWARE,101,128,8,7,SINGLE_DIFFERENTIAL_PAIR,2048.0,95.95,96.15045308730166,False,False
TaOx_01,10.1038/s41598-017-18329-3,TaOx,FULL_DEVICE_AWARE,102,64,8,7,SINGLE_DIFFERENTIAL_PAIR,7168.0,95.95,96.17594148268398,False,True
TaOx_01,10.1038/s41598-017-18329-3,TaOx,FULL_DEVICE_AWARE,103,128,4,7,SINGLE_DIFFERENTIAL_PAIR,2048.0,95.95,96.03980464285716,False,False
TaOx_01,10.1038/s41598-017-18329-3,TaOx,FULL_DEVICE_AWARE,104,64,6,7,SINGLE_DIFFERENTIAL_PAIR,7168.0,95.95,96.17578744300148,False,False
TaOx_01,10.1038/s41598-017-18329-3,TaOx,FULL_DEVICE_AWARE,105,64,7,7,SINGLE_DIFFERENTIAL_PAIR,7168.0,95.95,96.17590610966812,False,False
TaOx_01,10.1038/s41598-017-18329-3,TaOx,FULL_DEVICE_AWARE,106,128,6,7,SINGLE_DIFFERENTIAL_PAIR,2048.0,95.95,96.15394942063499,False,True
TaOx_01,10.1038/s41598-017-18329-3,TaOx,FULL_DEVICE_AWARE,107,64,5,7,SINGLE_DIFFERENTIAL_PAIR,7168.0,95.95,96.14070486363636,False,False
TaOx_01,10.1038/s41598-017-18329-3,TaOx,FULL_DEVICE_AWARE,108,128,5,7,SINGLE_DIFFERENTIAL_PAIR,2048.0,95.95,96.1028462619048,False,False
TaOx_01,10.1038/s41598-017-18329-3,TaOx,FULL_DEVICE_AWARE,109,64,4,7,SINGLE_DIFFERENTIAL_PAIR,7168.0,95.95,96.07671438744595,False,False
TaOx_01,10.1038/s41598-017-18329-3,TaOx,FULL_DEVICE_AWARE,110,32,4,6,SINGLE_DIFFERENTIAL_PAIR,13312.0,95.95,96.03889042857146,False,False
TaOx_01,10.1038/s41598-017-18329-3,TaOx,FULL_DEVICE_AWARE,111,32,8,6,SINGLE_DIFFERENTIAL_PAIR,13312.0,95.95,96.12080928571424,False,False
TaOx_01,10.1038/s41598-017-18329-3,TaOx,FULL_DEVICE_AWARE,112,32,7,6,SINGLE_DIFFERENTIAL_PAIR,13312.0,95.95,96.1199567380952,False,False
TaOx_01,10.1038/s41598-017-18329-3,TaOx,FULL_DEVICE_AWARE,113,32,5,6,SINGLE_DIFFERENTIAL_PAIR,13312.0,95.95,96.09711926190481,False,False
TaOx_01,10.1038/s41598-017-18329-3,TaOx,FULL_DEVICE_AWARE,114,32,6,6,SINGLE_DIFFERENTIAL_PAIR,13312.0,95.95,96.120533547619,False,False
TaOx_01,10.1038/s41598-017-18329-3,TaOx,FULL_DEVICE_AWARE,115,16,7,5,SINGLE_DIFFERENTIAL_PAIR,25600.0,95.89,96.05870842063496,False,False
TaOx_01,10.1038/s41598-017-18329-3,TaOx,FULL_DEVICE_AWARE,116,16,8,5,SINGLE_DIFFERENTIAL_PAIR,25600.0,95.89,96.06061813492069,False,False
TaOx_01,10.1038/s41598-017-18329-3,TaOx,FULL_DEVICE_AWARE,117,16,6,5,SINGLE_DIFFERENTIAL_PAIR,25600.0,95.89,96.0553198253969,False,False
TaOx_01,10.1038/s41598-017-18329-3,TaOx,FULL_DEVICE_AWARE,118,16,5,5,SINGLE_DIFFERENTIAL_PAIR,25600.0,95.89,95.98972650000006,False,False
TaOx_01,10.1038/s41598-017-18329-3,TaOx,FULL_DEVICE_AWARE,119,16,4,5,SINGLE_DIFFERENTIAL_PAIR,25600.0,95.89,95.94042388095247,False,False
TaOx_01,10.1038/s41598-017-18329-3,TaOx,FULL_DEVICE_AWARE,120,256,6,6,SINGLE_DIFFERENTIAL_PAIR,640.0,95.8,95.98920001587305,True,False
TaOx_01,10.1038/s41598-017-18329-3,TaOx,FULL_DEVICE_AWARE,121,256,7,6,SINGLE_DIFFERENTIAL_PAIR,640.0,95.8,95.99136469769122,True,False
TaOx_01,10.1038/s41598-017-18329-3,TaOx,FULL_DEVICE_AWARE,122,256,8,6,SINGLE_DIFFERENTIAL_PAIR,640.0,95.8,95.99197417388169,True,True
TaOx_01,10.1038/s41598-017-18329-3,TaOx,FULL_DEVICE_AWARE,123,256,4,6,SINGLE_DIFFERENTIAL_PAIR,640.0,95.8,95.94153973809532,True,False
TaOx_01,10.1038/s41598-017-18329-3,TaOx,FULL_DEVICE_AWARE,124,256,5,6,SINGLE_DIFFERENTIAL_PAIR,640.0,95.8,95.96778013492064,True,False
TaOx_01,10.1038/s41598-017-18329-3,TaOx,FULL_DEVICE_AWARE,125,32,5,5,SINGLE_DIFFERENTIAL_PAIR,6656.0,95.78,95.9223914999999,False,False
TaOx_01,10.1038/s41598-017-18329-3,TaOx,FULL_DEVICE_AWARE,126,32,7,5,SINGLE_DIFFERENTIAL_PAIR,6656.0,95.78,95.97905287301589,False,False
TaOx_01,10.1038/s41598-017-18329-3,TaOx,FULL_DEVICE_AWARE,127,32,6,5,SINGLE_DIFFERENTIAL_PAIR,6656.0,95.78,95.96989961111112,False,False
TaOx_01,10.1038/s41598-017-18329-3,TaOx,FULL_DEVICE_AWARE,128,32,8,5,SINGLE_DIFFERENTIAL_PAIR,6656.0,95.78,95.9770047301587,False,False
TaOx_01,10.1038/s41598-017-18329-3,TaOx,FULL_DEVICE_AWARE,129,32,4,5,SINGLE_DIFFERENTIAL_PAIR,6656.0,95.78,95.87132230952379,False,False
TaOx_01,10.1038/s41598-017-18329-3,TaOx,FULL_DEVICE_AWARE,130,128,6,6,SINGLE_DIFFERENTIAL_PAIR,1024.0,95.73,95.97864696825391,False,False
TaOx_01,10.1038/s41598-017-18329-3,TaOx,FULL_DEVICE_AWARE,131,128,4,6,SINGLE_DIFFERENTIAL_PAIR,1024.0,95.73,95.94712270634929,False,False
TaOx_01,10.1038/s41598-017-18329-3,TaOx,FULL_DEVICE_AWARE,132,128,8,6,SINGLE_DIFFERENTIAL_PAIR,1024.0,95.73,95.98036979292922,False,False
TaOx_01,10.1038/s41598-017-18329-3,TaOx,FULL_DEVICE_AWARE,133,128,5,6,SINGLE_DIFFERENTIAL_PAIR,1024.0,95.73,95.97070713492066,False,False
TaOx_01,10.1038/s41598-017-18329-3,TaOx,FULL_DEVICE_AWARE,134,128,7,6,SINGLE_DIFFERENTIAL_PAIR,1024.0,95.73,95.97980993578636,False,False
TaOx_01,10.1038/s41598-017-18329-3,TaOx,FULL_DEVICE_AWARE,135,64,7,5,SINGLE_DIFFERENTIAL_PAIR,1792.0,95.44,95.78661037012994,False,False
TaOx_01,10.1038/s41598-017-18329-3,TaOx,FULL_DEVICE_AWARE,136,64,8,5,SINGLE_DIFFERENTIAL_PAIR,1792.0,95.44,95.7826153701299,False,False
TaOx_01,10.1038/s41598-017-18329-3,TaOx,FULL_DEVICE_AWARE,137,64,5,5,SINGLE_DIFFERENTIAL_PAIR,1792.0,95.44,95.74910602092359,False,False
TaOx_01,10.1038/s41598-017-18329-3,TaOx,FULL_DEVICE_AWARE,138,64,4,5,SINGLE_DIFFERENTIAL_PAIR,1792.0,95.44,95.73889624314583,False,False
TaOx_01,10.1038/s41598-017-18329-3,TaOx,FULL_DEVICE_AWARE,139,64,6,5,SINGLE_DIFFERENTIAL_PAIR,1792.0,95.44,95.76750041774896,False,False
TaOx_01,10.1038/s41598-017-18329-3,TaOx,FULL_DEVICE_AWARE,140,16,8,4,SINGLE_DIFFERENTIAL_PAIR,12800.0,94.99,95.71351399206353,False,False
TaOx_01,10.1038/s41598-017-18329-3,TaOx,FULL_DEVICE_AWARE,141,16,4,4,SINGLE_DIFFERENTIAL_PAIR,12800.0,94.99,95.67629025396822,False,False
TaOx_01,10.1038/s41598-017-18329-3,TaOx,FULL_DEVICE_AWARE,142,16,7,4,SINGLE_DIFFERENTIAL_PAIR,12800.0,94.99,95.71803813492063,False,False
TaOx_01,10.1038/s41598-017-18329-3,TaOx,FULL_DEVICE_AWARE,143,16,5,4,SINGLE_DIFFERENTIAL_PAIR,12800.0,94.99,95.69380532539677,False,False
TaOx_01,10.1038/s41598-017-18329-3,TaOx,FULL_DEVICE_AWARE,144,16,6,4,SINGLE_DIFFERENTIAL_PAIR,12800.0,94.99,95.7130586587301,False,False
TaOx_01,10.1038/s41598-017-18329-3,TaOx,FULL_DEVICE_AWARE,145,32,4,4,SINGLE_DIFFERENTIAL_PAIR,3328.0,94.5,94.93999168253968,False,False
TaOx_01,10.1038/s41598-017-18329-3,TaOx,FULL_DEVICE_AWARE,146,32,8,4,SINGLE_DIFFERENTIAL_PAIR,3328.0,94.5,95.01325746825405,False,False
TaOx_01,10.1038/s41598-017-18329-3,TaOx,FULL_DEVICE_AWARE,147,32,6,4,SINGLE_DIFFERENTIAL_PAIR,3328.0,94.5,94.99319865873021,False,False
TaOx_01,10.1038/s41598-017-18329-3,TaOx,FULL_DEVICE_AWARE,148,32,5,4,SINGLE_DIFFERENTIAL_PAIR,3328.0,94.5,94.93677601587305,False,False
TaOx_01,10.1038/s41598-017-18329-3,TaOx,FULL_DEVICE_AWARE,149,32,7,4,SINGLE_DIFFERENTIAL_PAIR,3328.0,94.5,95.01052113492071,False,False
TaOx_01,10.1038/s41598-017-18329-3,TaOx,FULL_DEVICE_AWARE,150,128,4,5,SINGLE_DIFFERENTIAL_PAIR,512.0,93.81,94.99835265007212,True,False
TaOx_01,10.1038/s41598-017-18329-3,TaOx,FULL_DEVICE_AWARE,151,128,6,5,SINGLE_DIFFERENTIAL_PAIR,512.0,93.81,95.0539577770563,True,False
TaOx_01,10.1038/s41598-017-18329-3,TaOx,FULL_DEVICE_AWARE,152,128,8,5,SINGLE_DIFFERENTIAL_PAIR,512.0,93.81,95.06169306277056,True,True
TaOx_01,10.1038/s41598-017-18329-3,TaOx,FULL_DEVICE_AWARE,153,128,7,5,SINGLE_DIFFERENTIAL_PAIR,512.0,93.81,95.05496187229437,True,False
TaOx_01,10.1038/s41598-017-18329-3,TaOx,FULL_DEVICE_AWARE,154,128,5,5,SINGLE_DIFFERENTIAL_PAIR,512.0,93.81,95.01598144372291,True,False
TaOx_01,10.1038/s41598-017-18329-3,TaOx,FULL_DEVICE_AWARE,155,256,6,5,SINGLE_DIFFERENTIAL_PAIR,320.0,93.75,94.83234882539685,True,False
TaOx_01,10.1038/s41598-017-18329-3,TaOx,FULL_DEVICE_AWARE,156,256,5,5,SINGLE_DIFFERENTIAL_PAIR,320.0,93.75,94.77663961111101,True,False
TaOx_01,10.1038/s41598-017-18329-3,TaOx,FULL_DEVICE_AWARE,157,256,8,5,SINGLE_DIFFERENTIAL_PAIR,320.0,93.75,94.83776487301587,True,True
TaOx_01,10.1038/s41598-017-18329-3,TaOx,FULL_DEVICE_AWARE,158,256,7,5,SINGLE_DIFFERENTIAL_PAIR,320.0,93.75,94.83472630158731,True,False
TaOx_01,10.1038/s41598-017-18329-3,TaOx,FULL_DEVICE_AWARE,159,256,4,5,SINGLE_DIFFERENTIAL_PAIR,320.0,93.75,94.772605611111,True,False
TaOx_01,10.1038/s41598-017-18329-3,TaOx,FULL_DEVICE_AWARE,160,128,3,8,SINGLE_DIFFERENTIAL_PAIR,4096.0,92.33,92.21175965873026,False,False
TaOx_01,10.1038/s41598-017-18329-3,TaOx,FULL_DEVICE_AWARE,161,256,3,8,SINGLE_DIFFERENTIAL_PAIR,2560.0,92.31,92.20666039682536,False,False
TaOx_01,10.1038/s41598-017-18329-3,TaOx,FULL_DEVICE_AWARE,162,32,3,9,SINGLE_DIFFERENTIAL_PAIR,106496.0,92.25,92.23554917460322,False,False
TaOx_01,10.1038/s41598-017-18329-3,TaOx,FULL_DEVICE_AWARE,163,16,3,10,SINGLE_DIFFERENTIAL_PAIR,819200.0,92.25,92.2373196825397,False,False
TaOx_01,10.1038/s41598-017-18329-3,TaOx,FULL_DEVICE_AWARE,164,32,3,10,SINGLE_DIFFERENTIAL_PAIR,212992.0,92.25,92.23544438095243,False,False
TaOx_01,10.1038/s41598-017-18329-3,TaOx,FULL_DEVICE_AWARE,165,64,3,9,SINGLE_DIFFERENTIAL_PAIR,28672.0,92.24,92.22673009523812,False,False
TaOx_01,10.1038/s41598-017-18329-3,TaOx,FULL_DEVICE_AWARE,166,64,3,10,SINGLE_DIFFERENTIAL_PAIR,57344.0,92.24,92.21847564285717,False,False
TaOx_01,10.1038/s41598-017-18329-3,TaOx,FULL_DEVICE_AWARE,167,128,3,10,SINGLE_DIFFERENTIAL_PAIR,16384.0,92.23,92.22104222222217,False,False
TaOx_01,10.1038/s41598-017-18329-3,TaOx,FULL_DEVICE_AWARE,168,16,3,7,SINGLE_DIFFERENTIAL_PAIR,102400.0,92.22,92.2113186031745,False,False
TaOx_01,10.1038/s41598-017-18329-3,TaOx,FULL_DEVICE_AWARE,169,32,3,7,SINGLE_DIFFERENTIAL_PAIR,26624.0,92.21,92.21024178571423,False,False
TaOx_01,10.1038/s41598-017-18329-3,TaOx,FULL_DEVICE_AWARE,170,256,3,10,SINGLE_DIFFERENTIAL_PAIR,10240.0,92.21,92.22402340476201,False,False
TaOx_01,10.1038/s41598-017-18329-3,TaOx,FULL_DEVICE_AWARE,171,16,3,8,SINGLE_DIFFERENTIAL_PAIR,204800.0,92.21,92.20608111904755,False,False
TaOx_01,10.1038/s41598-017-18329-3,TaOx,FULL_DEVICE_AWARE,172,16,3,9,SINGLE_DIFFERENTIAL_PAIR,409600.0,92.21,92.23558426190479,False,False
TaOx_01,10.1038/s41598-017-18329-3,TaOx,FULL_DEVICE_AWARE,173,256,3,9,SINGLE_DIFFERENTIAL_PAIR,5120.0,92.19,92.22606963492062,False,False
TaOx_01,10.1038/s41598-017-18329-3,TaOx,FULL_DEVICE_AWARE,174,64,3,7,SINGLE_DIFFERENTIAL_PAIR,7168.0,92.18,92.08009103174612,False,False
TaOx_01,10.1038/s41598-017-18329-3,TaOx,FULL_DEVICE_AWARE,175,256,3,7,SINGLE_DIFFERENTIAL_PAIR,1280.0,92.18,92.05752153968257,False,False
TaOx_01,10.1038/s41598-017-18329-3,TaOx,FULL_DEVICE_AWARE,176,128,3,9,SINGLE_DIFFERENTIAL_PAIR,8192.0,92.18,92.24043437301593,False,False
TaOx_01,10.1038/s41598-017-18329-3,TaOx,FULL_DEVICE_AWARE,177,32,3,8,SINGLE_DIFFERENTIAL_PAIR,53248.0,92.14,92.20954890476185,False,False
TaOx_01,10.1038/s41598-017-18329-3,TaOx,FULL_DEVICE_AWARE,178,64,3,8,SINGLE_DIFFERENTIAL_PAIR,14336.0,92.12,92.19415733333324,False,False
TaOx_01,10.1038/s41598-017-18329-3,TaOx,FULL_DEVICE_AWARE,179,16,3,6,SINGLE_DIFFERENTIAL_PAIR,51200.0,92.11,92.11345888095249,False,False
TaOx_01,10.1038/s41598-017-18329-3,TaOx,FULL_DEVICE_AWARE,180,32,3,6,SINGLE_DIFFERENTIAL_PAIR,13312.0,92.1,92.0725964523811,False,False
TaOx_01,10.1038/s41598-017-18329-3,TaOx,FULL_DEVICE_AWARE,181,128,3,7,SINGLE_DIFFERENTIAL_PAIR,2048.0,92.09,92.06079406349207,False,False
TaOx_01,10.1038/s41598-017-18329-3,TaOx,FULL_DEVICE_AWARE,182,64,8,4,SINGLE_DIFFERENTIAL_PAIR,896.0,91.94,91.6233042380953,False,False
TaOx_01,10.1038/s41598-017-18329-3,TaOx,FULL_DEVICE_AWARE,183,64,6,4,SINGLE_DIFFERENTIAL_PAIR,896.0,91.94,91.65473414285722,False,False
TaOx_01,10.1038/s41598-017-18329-3,TaOx,FULL_DEVICE_AWARE,184,64,5,4,SINGLE_DIFFERENTIAL_PAIR,896.0,91.94,91.65844878571441,False,False
TaOx_01,10.1038/s41598-017-18329-3,TaOx,FULL_DEVICE_AWARE,185,64,4,4,SINGLE_DIFFERENTIAL_PAIR,896.0,91.94,91.74158440476205,False,False
TaOx_01,10.1038/s41598-017-18329-3,TaOx,FULL_DEVICE_AWARE,186,64,7,4,SINGLE_DIFFERENTIAL_PAIR,896.0,91.94,91.62110780952388,False,False
TaOx_01,10.1038/s41598-017-18329-3,TaOx,FULL_DEVICE_AWARE,187,256,3,6,SINGLE_DIFFERENTIAL_PAIR,640.0,91.93,91.77066788095256,False,False
TaOx_01,10.1038/s41598-017-18329-3,TaOx,FULL_DEVICE_AWARE,188,128,3,6,SINGLE_DIFFERENTIAL_PAIR,1024.0,91.85,91.89848545238105,False,False
TaOx_01,10.1038/s41598-017-18329-3,TaOx,FULL_DEVICE_AWARE,189,64,3,6,SINGLE_DIFFERENTIAL_PAIR,3584.0,91.77,92.06451891269857,False,False
TaOx_01,10.1038/s41598-017-18329-3,TaOx,FULL_DEVICE_AWARE,190,16,3,5,SINGLE_DIFFERENTIAL_PAIR,25600.0,91.7,91.79234029365074,False,False
TaOx_01,10.1038/s41598-017-18329-3,TaOx,FULL_DEVICE_AWARE,191,32,3,5,SINGLE_DIFFERENTIAL_PAIR,6656.0,91.62,91.62876608730156,False,False
TaOx_01,10.1038/s41598-017-18329-3,TaOx,FULL_DEVICE_AWARE,192,64,3,5,SINGLE_DIFFERENTIAL_PAIR,1792.0,90.86,91.3498451904761,False,False
TaOx_01,10.1038/s41598-017-18329-3,TaOx,FULL_DEVICE_AWARE,193,128,3,5,SINGLE_DIFFERENTIAL_PAIR,512.0,90.67,90.55891772222235,False,False
TaOx_01,10.1038/s41598-017-18329-3,TaOx,FULL_DEVICE_AWARE,194,16,3,4,SINGLE_DIFFERENTIAL_PAIR,12800.0,90.45,90.94367302380945,False,False
TaOx_01,10.1038/s41598-017-18329-3,TaOx,FULL_DEVICE_AWARE,195,256,3,5,SINGLE_DIFFERENTIAL_PAIR,320.0,90.09,90.10456777922089,False,False
TaOx_01,10.1038/s41598-017-18329-3,TaOx,FULL_DEVICE_AWARE,196,32,3,4,SINGLE_DIFFERENTIAL_PAIR,3328.0,89.1,90.42252906349206,False,False
TaOx_01,10.1038/s41598-017-18329-3,TaOx,FULL_DEVICE_AWARE,197,64,3,4,SINGLE_DIFFERENTIAL_PAIR,896.0,85.97,88.88334810317448,False,False
TaOx_01,10.1038/s41598-017-18329-3,TaOx,FULL_DEVICE_AWARE,198,128,3,4,SINGLE_DIFFERENTIAL_PAIR,256.0,78.27,83.12175347619038,True,False
TaOx_01,10.1038/s41598-017-18329-3,TaOx,FULL_DEVICE_AWARE,199,128,4,4,SINGLE_DIFFERENTIAL_PAIR,256.0,74.42,84.30028928571426,False,True
TaOx_01,10.1038/s41598-017-18329-3,TaOx,FULL_DEVICE_AWARE,200,128,6,4,SINGLE_DIFFERENTIAL_PAIR,256.0,74.42,84.02322990476188,False,False
TaOx_01,10.1038/s41598-017-18329-3,TaOx,FULL_DEVICE_AWARE,201,128,8,4,SINGLE_DIFFERENTIAL_PAIR,256.0,74.42,84.0164077380952,False,False
TaOx_01,10.1038/s41598-017-18329-3,TaOx,FULL_DEVICE_AWARE,202,128,5,4,SINGLE_DIFFERENTIAL_PAIR,256.0,74.42,83.95600045238095,False,False
TaOx_01,10.1038/s41598-017-18329-3,TaOx,FULL_DEVICE_AWARE,203,128,7,4,SINGLE_DIFFERENTIAL_PAIR,256.0,74.42,84.01485140476187,False,False
TaOx_01,10.1038/s41598-017-18329-3,TaOx,FULL_DEVICE_AWARE,204,256,3,4,SINGLE_DIFFERENTIAL_PAIR,160.0,74.41,82.74150288095232,True,False
TaOx_01,10.1038/s41598-017-18329-3,TaOx,FULL_DEVICE_AWARE,205,256,8,4,SINGLE_DIFFERENTIAL_PAIR,160.0,73.32,83.95515780952377,False,False
TaOx_01,10.1038/s41598-017-18329-3,TaOx,FULL_DEVICE_AWARE,206,256,4,4,SINGLE_DIFFERENTIAL_PAIR,160.0,73.32,84.18041821428565,False,True
TaOx_01,10.1038/s41598-017-18329-3,TaOx,FULL_DEVICE_AWARE,207,256,7,4,SINGLE_DIFFERENTIAL_PAIR,160.0,73.32,83.95335480952377,False,False
TaOx_01,10.1038/s41598-017-18329-3,TaOx,FULL_DEVICE_AWARE,208,256,5,4,SINGLE_DIFFERENTIAL_PAIR,160.0,73.32,83.86982428571426,False,False
TaOx_01,10.1038/s41598-017-18329-3,TaOx,FULL_DEVICE_AWARE,209,256,6,4,SINGLE_DIFFERENTIAL_PAIR,160.0,73.32,83.95309707142853,False,False
TaOx_01,10.1038/s41598-017-18329-3,TaOx,FULL_DEVICE_AWARE,210,16,2,4,SINGLE_DIFFERENTIAL_PAIR,12800.0,11.98,11.89722273015874,False,False
TaOx_01,10.1038/s41598-017-18329-3,TaOx,FULL_DEVICE_AWARE,211,32,2,4,SINGLE_DIFFERENTIAL_PAIR,3328.0,11.95,11.822266936507928,False,False
TaOx_01,10.1038/s41598-017-18329-3,TaOx,FULL_DEVICE_AWARE,212,64,2,4,SINGLE_DIFFERENTIAL_PAIR,896.0,11.85,12.10377472222222,False,False
TaOx_01,10.1038/s41598-017-18329-3,TaOx,FULL_DEVICE_AWARE,213,256,2,5,SINGLE_DIFFERENTIAL_PAIR,320.0,11.85,11.639092746031745,False,False
TaOx_01,10.1038/s41598-017-18329-3,TaOx,FULL_DEVICE_AWARE,214,128,2,5,SINGLE_DIFFERENTIAL_PAIR,512.0,11.75,11.755822095238088,False,False
TaOx_01,10.1038/s41598-017-18329-3,TaOx,FULL_DEVICE_AWARE,215,128,2,7,SINGLE_DIFFERENTIAL_PAIR,2048.0,11.61,11.48104076118327,False,False
TaOx_01,10.1038/s41598-017-18329-3,TaOx,FULL_DEVICE_AWARE,216,256,2,7,SINGLE_DIFFERENTIAL_PAIR,1280.0,11.59,11.47694376984127,False,False
TaOx_01,10.1038/s41598-017-18329-3,TaOx,FULL_DEVICE_AWARE,217,32,2,5,SINGLE_DIFFERENTIAL_PAIR,6656.0,11.58,11.652922436507929,False,False
TaOx_01,10.1038/s41598-017-18329-3,TaOx,FULL_DEVICE_AWARE,218,16,2,10,SINGLE_DIFFERENTIAL_PAIR,819200.0,11.53,11.445144487013007,False,False
TaOx_01,10.1038/s41598-017-18329-3,TaOx,FULL_DEVICE_AWARE,219,256,2,8,SINGLE_DIFFERENTIAL_PAIR,2560.0,11.5,11.478412642857148,False,False
TaOx_01,10.1038/s41598-017-18329-3,TaOx,FULL_DEVICE_AWARE,220,16,2,9,SINGLE_DIFFERENTIAL_PAIR,409600.0,11.5,11.319197542568547,False,False
TaOx_01,10.1038/s41598-017-18329-3,TaOx,FULL_DEVICE_AWARE,221,64,2,10,SINGLE_DIFFERENTIAL_PAIR,57344.0,11.48,11.342601,False,False
TaOx_01,10.1038/s41598-017-18329-3,TaOx,FULL_DEVICE_AWARE,222,32,2,10,SINGLE_DIFFERENTIAL_PAIR,212992.0,11.46,11.373585047619052,False,False
TaOx_01,10.1038/s41598-017-18329-3,TaOx,FULL_DEVICE_AWARE,223,64,2,6,SINGLE_DIFFERENTIAL_PAIR,3584.0,11.46,11.305665722222226,False,False
TaOx_01,10.1038/s41598-017-18329-3,TaOx,FULL_DEVICE_AWARE,224,256,2,6,SINGLE_DIFFERENTIAL_PAIR,640.0,11.46,11.421677015873001,False,False
TaOx_01,10.1038/s41598-017-18329-3,TaOx,FULL_DEVICE_AWARE,225,128,2,8,SINGLE_DIFFERENTIAL_PAIR,4096.0,11.45,11.47304653174603,False,False
TaOx_01,10.1038/s41598-017-18329-3,TaOx,FULL_DEVICE_AWARE,226,16,2,5,SINGLE_DIFFERENTIAL_PAIR,25600.0,11.45,11.619969873015872,False,False
TaOx_01,10.1038/s41598-017-18329-3,TaOx,FULL_DEVICE_AWARE,227,32,2,9,SINGLE_DIFFERENTIAL_PAIR,106496.0,11.44,11.266032103174602,False,False
TaOx_01,10.1038/s41598-017-18329-3,TaOx,FULL_DEVICE_AWARE,228,256,2,10,SINGLE_DIFFERENTIAL_PAIR,10240.0,11.42,11.309527777777783,False,False
TaOx_01,10.1038/s41598-017-18329-3,TaOx,FULL_DEVICE_AWARE,229,128,2,9,SINGLE_DIFFERENTIAL_PAIR,8192.0,11.42,11.280262412698415,False,False
TaOx_01,10.1038/s41598-017-18329-3,TaOx,FULL_DEVICE_AWARE,230,128,2,6,SINGLE_DIFFERENTIAL_PAIR,1024.0,11.41,11.401192738095231,False,False
TaOx_01,10.1038/s41598-017-18329-3,TaOx,FULL_DEVICE_AWARE,231,256,2,9,SINGLE_DIFFERENTIAL_PAIR,5120.0,11.41,11.296773761904763,False,False
TaOx_01,10.1038/s41598-017-18329-3,TaOx,FULL_DEVICE_AWARE,232,32,2,7,SINGLE_DIFFERENTIAL_PAIR,26624.0,11.4,11.302476214285717,False,False
TaOx_01,10.1038/s41598-017-18329-3,TaOx,FULL_DEVICE_AWARE,233,64,2,9,SINGLE_DIFFERENTIAL_PAIR,28672.0,11.38,11.265376944444442,False,False
TaOx_01,10.1038/s41598-017-18329-3,TaOx,FULL_DEVICE_AWARE,234,128,2,10,SINGLE_DIFFERENTIAL_PAIR,16384.0,11.36,11.30216196825397,False,False
TaOx_01,10.1038/s41598-017-18329-3,TaOx,FULL_DEVICE_AWARE,235,64,2,8,SINGLE_DIFFERENTIAL_PAIR,14336.0,11.35,11.34004234920635,False,False
TaOx_01,10.1038/s41598-017-18329-3,TaOx,FULL_DEVICE_AWARE,236,32,2,8,SINGLE_DIFFERENTIAL_PAIR,53248.0,11.35,11.362410007936504,False,False
TaOx_01,10.1038/s41598-017-18329-3,TaOx,FULL_DEVICE_AWARE,237,16,2,6,SINGLE_DIFFERENTIAL_PAIR,51200.0,11.35,11.358177476190477,False,False
TaOx_01,10.1038/s41598-017-18329-3,TaOx,FULL_DEVICE_AWARE,238,16,2,7,SINGLE_DIFFERENTIAL_PAIR,102400.0,11.31,11.308139000000006,False,False
TaOx_01,10.1038/s41598-017-18329-3,TaOx,FULL_DEVICE_AWARE,239,16,2,8,SINGLE_DIFFERENTIAL_PAIR,204800.0,11.28,11.42115947113998,False,False
TaOx_01,10.1038/s41598-017-18329-3,TaOx,FULL_DEVICE_AWARE,240,32,2,6,SINGLE_DIFFERENTIAL_PAIR,13312.0,11.27,11.354247023809517,False,False
TaOx_01,10.1038/s41598-017-18329-3,TaOx,FULL_DEVICE_AWARE,241,64,2,5,SINGLE_DIFFERENTIAL_PAIR,1792.0,11.25,11.78391163492064,False,False
TaOx_01,10.1038/s41598-017-18329-3,TaOx,FULL_DEVICE_AWARE,242,64,2,7,SINGLE_DIFFERENTIAL_PAIR,7168.0,11.18,11.226926888888901,False,False
TaOx_01,10.1038/s41598-017-18329-3,TaOx,FULL_DEVICE_AWARE,243,128,2,4,SINGLE_DIFFERENTIAL_PAIR,256.0,10.85,11.486917000000002,False,False
TaOx_01,10.1038/s41598-017-18329-3,TaOx,FULL_DEVICE_AWARE,244,256,2,4,SINGLE_DIFFERENTIAL_PAIR,160.0,10.16,10.923815309523818,False,False
TiOx_02_Au,10.1038/s41598-019-44607-3,TiOx,HARDWARE_ONLY,0,64,6,10,IDEALIZED_SINGLE_PAIR_GRADUAL,57344.0,96.32,96.2603318044734,True,True
TiOx_02_Au,10.1038/s41598-019-44607-3,TiOx,HARDWARE_ONLY,1,64,8,10,IDEALIZED_SINGLE_PAIR_GRADUAL,57344.0,96.29,96.22114482389833,False,False
TiOx_02_Au,10.1038/s41598-019-44607-3,TiOx,HARDWARE_ONLY,2,32,6,10,IDEALIZED_SINGLE_PAIR_GRADUAL,212992.0,96.28,96.25906067499153,False,False
TiOx_02_Au,10.1038/s41598-019-44607-3,TiOx,HARDWARE_ONLY,3,32,6,8,IDEALIZED_SINGLE_PAIR_GRADUAL,53248.0,96.28,96.2291745818348,True,False
TiOx_02_Au,10.1038/s41598-019-44607-3,TiOx,HARDWARE_ONLY,4,16,6,9,IDEALIZED_SINGLE_PAIR_GRADUAL,409600.0,96.28,96.24537020124319,False,False
TiOx_02_Au,10.1038/s41598-019-44607-3,TiOx,HARDWARE_ONLY,5,16,6,10,IDEALIZED_SINGLE_PAIR_GRADUAL,819200.0,96.27,96.27082726430439,False,True
TiOx_02_Au,10.1038/s41598-019-44607-3,TiOx,HARDWARE_ONLY,6,128,7,8,IDEALIZED_SINGLE_PAIR_GRADUAL,4096.0,96.27,96.18450067121768,True,False
TiOx_02_Au,10.1038/s41598-019-44607-3,TiOx,HARDWARE_ONLY,7,32,6,9,IDEALIZED_SINGLE_PAIR_GRADUAL,106496.0,96.27,96.23341224148086,False,False
TiOx_02_Au,10.1038/s41598-019-44607-3,TiOx,HARDWARE_ONLY,8,32,7,10,IDEALIZED_SINGLE_PAIR_GRADUAL,212992.0,96.25,96.1985092929294,False,False
TiOx_02_Au,10.1038/s41598-019-44607-3,TiOx,HARDWARE_ONLY,9,32,8,9,IDEALIZED_SINGLE_PAIR_GRADUAL,106496.0,96.25,96.22556095848584,False,False
TiOx_02_Au,10.1038/s41598-019-44607-3,TiOx,HARDWARE_ONLY,10,16,8,10,IDEALIZED_SINGLE_PAIR_GRADUAL,819200.0,96.25,96.23139998135206,False,False
TiOx_02_Au,10.1038/s41598-019-44607-3,TiOx,HARDWARE_ONLY,11,16,7,9,IDEALIZED_SINGLE_PAIR_GRADUAL,409600.0,96.24,96.19889361355307,False,False
TiOx_02_Au,10.1038/s41598-019-44607-3,TiOx,HARDWARE_ONLY,12,16,6,8,IDEALIZED_SINGLE_PAIR_GRADUAL,204800.0,96.24,96.24867703337831,False,False
TiOx_02_Au,10.1038/s41598-019-44607-3,TiOx,HARDWARE_ONLY,13,64,8,9,IDEALIZED_SINGLE_PAIR_GRADUAL,28672.0,96.24,96.21592671839281,False,False
TiOx_02_Au,10.1038/s41598-019-44607-3,TiOx,HARDWARE_ONLY,14,256,7,10,IDEALIZED_SINGLE_PAIR_GRADUAL,10240.0,96.24,96.19323434825961,False,False
TiOx_02_Au,10.1038/s41598-019-44607-3,TiOx,HARDWARE_ONLY,15,256,7,8,IDEALIZED_SINGLE_PAIR_GRADUAL,2560.0,96.23,96.20128975542094,True,False
TiOx_02_Au,10.1038/s41598-019-44607-3,TiOx,HARDWARE_ONLY,16,256,8,10,IDEALIZED_SINGLE_PAIR_GRADUAL,10240.0,96.23,96.21743906027302,False,False
TiOx_02_Au,10.1038/s41598-019-44607-3,TiOx,HARDWARE_ONLY,17,32,6,7,IDEALIZED_SINGLE_PAIR_GRADUAL,26624.0,96.22,96.2318513767898,False,False
TiOx_02_Au,10.1038/s41598-019-44607-3,TiOx,HARDWARE_ONLY,18,16,8,9,IDEALIZED_SINGLE_PAIR_GRADUAL,409600.0,96.22,96.22416799938952,False,False
TiOx_02_Au,10.1038/s41598-019-44607-3,TiOx,HARDWARE_ONLY,19,32,7,9,IDEALIZED_SINGLE_PAIR_GRADUAL,106496.0,96.22,96.21149441683309,False,False
TiOx_02_Au,10.1038/s41598-019-44607-3,TiOx,HARDWARE_ONLY,20,32,7,8,IDEALIZED_SINGLE_PAIR_GRADUAL,53248.0,96.22,96.21294126900884,False,False
TiOx_02_Au,10.1038/s41598-019-44607-3,TiOx,HARDWARE_ONLY,21,128,7,10,IDEALIZED_SINGLE_PAIR_GRADUAL,16384.0,96.22,96.19940005432963,False,False
TiOx_02_Au,10.1038/s41598-019-44607-3,TiOx,HARDWARE_ONLY,22,128,6,10,IDEALIZED_SINGLE_PAIR_GRADUAL,16384.0,96.22,96.24733059232426,False,False
TiOx_02_Au,10.1038/s41598-019-44607-3,TiOx,HARDWARE_ONLY,23,16,7,10,IDEALIZED_SINGLE_PAIR_GRADUAL,819200.0,96.21,96.19978734210243,False,False
TiOx_02_Au,10.1038/s41598-019-44607-3,TiOx,HARDWARE_ONLY,24,16,7,7,IDEALIZED_SINGLE_PAIR_GRADUAL,102400.0,96.21,96.2021591449367,False,False
TiOx_02_Au,10.1038/s41598-019-44607-3,TiOx,HARDWARE_ONLY,25,64,6,9,IDEALIZED_SINGLE_PAIR_GRADUAL,28672.0,96.21,96.25915614696088,False,True
TiOx_02_Au,10.1038/s41598-019-44607-3,TiOx,HARDWARE_ONLY,26,64,7,9,IDEALIZED_SINGLE_PAIR_GRADUAL,28672.0,96.21,96.22663224589306,False,False
TiOx_02_Au,10.1038/s41598-019-44607-3,TiOx,HARDWARE_ONLY,27,16,8,7,IDEALIZED_SINGLE_PAIR_GRADUAL,102400.0,96.21,96.20385974902884,False,False
TiOx_02_Au,10.1038/s41598-019-44607-3,TiOx,HARDWARE_ONLY,28,64,7,10,IDEALIZED_SINGLE_PAIR_GRADUAL,57344.0,96.2,96.2008740739538,False,False
TiOx_02_Au,10.1038/s41598-019-44607-3,TiOx,HARDWARE_ONLY,29,32,8,8,IDEALIZED_SINGLE_PAIR_GRADUAL,53248.0,96.2,96.19242656491883,False,False
TiOx_02_Au,10.1038/s41598-019-44607-3,TiOx,HARDWARE_ONLY,30,32,8,10,IDEALIZED_SINGLE_PAIR_GRADUAL,212992.0,96.2,96.23427042395352,False,False
TiOx_02_Au,10.1038/s41598-019-44607-3,TiOx,HARDWARE_ONLY,31,16,8,8,IDEALIZED_SINGLE_PAIR_GRADUAL,204800.0,96.19,96.2113377822178,False,False
TiOx_02_Au,10.1038/s41598-019-44607-3,TiOx,HARDWARE_ONLY,32,128,8,10,IDEALIZED_SINGLE_PAIR_GRADUAL,16384.0,96.19,96.20890775996223,False,False
TiOx_02_Au,10.1038/s41598-019-44607-3,TiOx,HARDWARE_ONLY,33,256,7,9,IDEALIZED_SINGLE_PAIR_GRADUAL,5120.0,96.18,96.20184327666787,False,False
TiOx_02_Au,10.1038/s41598-019-44607-3,TiOx,HARDWARE_ONLY,34,64,5,9,IDEALIZED_SINGLE_PAIR_GRADUAL,28672.0,96.18,96.15425260245317,False,False
TiOx_02_Au,10.1038/s41598-019-44607-3,TiOx,HARDWARE_ONLY,35,256,6,8,IDEALIZED_SINGLE_PAIR_GRADUAL,2560.0,96.18,96.21449016892582,False,True
TiOx_02_Au,10.1038/s41598-019-44607-3,TiOx,HARDWARE_ONLY,36,32,8,7,IDEALIZED_SINGLE_PAIR_GRADUAL,26624.0,96.18,96.17202544333455,False,False
TiOx_02_Au,10.1038/s41598-019-44607-3,TiOx,HARDWARE_ONLY,37,16,5,8,IDEALIZED_SINGLE_PAIR_GRADUAL,204800.0,96.17,96.13192176920303,False,False
TiOx_02_Au,10.1038/s41598-019-44607-3,TiOx,HARDWARE_ONLY,38,16,7,8,IDEALIZED_SINGLE_PAIR_GRADUAL,204800.0,96.17,96.20722420285432,False,False
TiOx_02_Au,10.1038/s41598-019-44607-3,TiOx,HARDWARE_ONLY,39,16,6,7,IDEALIZED_SINGLE_PAIR_GRADUAL,102400.0,96.17,96.21546641497387,False,False
TiOx_02_Au,10.1038/s41598-019-44607-3,TiOx,HARDWARE_ONLY,40,64,6,7,IDEALIZED_SINGLE_PAIR_GRADUAL,7168.0,96.17,96.17672363258966,False,False
TiOx_02_Au,10.1038/s41598-019-44607-3,TiOx,HARDWARE_ONLY,41,64,5,10,IDEALIZED_SINGLE_PAIR_GRADUAL,57344.0,96.17,96.14676322574638,False,False
TiOx_02_Au,10.1038/s41598-019-44607-3,TiOx,HARDWARE_ONLY,42,256,6,9,IDEALIZED_SINGLE_PAIR_GRADUAL,5120.0,96.16,96.20109455439004,False,False
TiOx_02_Au,10.1038/s41598-019-44607-3,TiOx,HARDWARE_ONLY,43,128,6,9,IDEALIZED_SINGLE_PAIR_GRADUAL,8192.0,96.16,96.2135941856185,False,False
TiOx_02_Au,10.1038/s41598-019-44607-3,TiOx,HARDWARE_ONLY,44,256,5,10,IDEALIZED_SINGLE_PAIR_GRADUAL,10240.0,96.16,96.13995208039911,False,False
TiOx_02_Au,10.1038/s41598-019-44607-3,TiOx,HARDWARE_ONLY,45,256,5,8,IDEALIZED_SINGLE_PAIR_GRADUAL,2560.0,96.16,96.10977119150286,False,False
TiOx_02_Au,10.1038/s41598-019-44607-3,TiOx,HARDWARE_ONLY,46,256,6,10,IDEALIZED_SINGLE_PAIR_GRADUAL,10240.0,96.15,96.24763064934254,False,True
TiOx_02_Au,10.1038/s41598-019-44607-3,TiOx,HARDWARE_ONLY,47,32,5,8,IDEALIZED_SINGLE_PAIR_GRADUAL,53248.0,96.15,96.14885416000668,False,False
TiOx_02_Au,10.1038/s41598-019-44607-3,TiOx,HARDWARE_ONLY,48,16,5,9,IDEALIZED_SINGLE_PAIR_GRADUAL,409600.0,96.15,96.14994411418644,False,False
TiOx_02_Au,10.1038/s41598-019-44607-3,TiOx,HARDWARE_ONLY,49,16,5,10,IDEALIZED_SINGLE_PAIR_GRADUAL,819200.0,96.14,96.13005897077335,False,False
TiOx_02_Au,10.1038/s41598-019-44607-3,TiOx,HARDWARE_ONLY,50,16,5,7,IDEALIZED_SINGLE_PAIR_GRADUAL,102400.0,96.14,96.14159240402074,False,False
TiOx_02_Au,10.1038/s41598-019-44607-3,TiOx,HARDWARE_ONLY,51,32,5,9,IDEALIZED_SINGLE_PAIR_GRADUAL,106496.0,96.14,96.1373948300588,False,False
TiOx_02_Au,10.1038/s41598-019-44607-3,TiOx,HARDWARE_ONLY,52,32,5,10,IDEALIZED_SINGLE_PAIR_GRADUAL,212992.0,96.14,96.1298424578754,False,False
TiOx_02_Au,10.1038/s41598-019-44607-3,TiOx,HARDWARE_ONLY,53,256,8,9,IDEALIZED_SINGLE_PAIR_GRADUAL,5120.0,96.14,96.19303369857917,False,False
TiOx_02_Au,10.1038/s41598-019-44607-3,TiOx,HARDWARE_ONLY,54,128,5,8,IDEALIZED_SINGLE_PAIR_GRADUAL,4096.0,96.14,96.14211523398825,False,False
TiOx_02_Au,10.1038/s41598-019-44607-3,TiOx,HARDWARE_ONLY,55,128,8,9,IDEALIZED_SINGLE_PAIR_GRADUAL,8192.0,96.13,96.19967908893236,False,False
TiOx_02_Au,10.1038/s41598-019-44607-3,TiOx,HARDWARE_ONLY,56,256,8,8,IDEALIZED_SINGLE_PAIR_GRADUAL,2560.0,96.13,96.18045880787196,False,False
TiOx_02_Au,10.1038/s41598-019-44607-3,TiOx,HARDWARE_ONLY,57,128,6,8,IDEALIZED_SINGLE_PAIR_GRADUAL,4096.0,96.13,96.24360635655195,False,True
TiOx_02_Au,10.1038/s41598-019-44607-3,TiOx,HARDWARE_ONLY,58,128,5,10,IDEALIZED_SINGLE_PAIR_GRADUAL,16384.0,96.13,96.13866185026082,False,False
TiOx_02_Au,10.1038/s41598-019-44607-3,TiOx,HARDWARE_ONLY,59,128,4,10,IDEALIZED_SINGLE_PAIR_GRADUAL,16384.0,96.12,96.06203343923725,False,False
TiOx_02_Au,10.1038/s41598-019-44607-3,TiOx,HARDWARE_ONLY,60,128,5,9,IDEALIZED_SINGLE_PAIR_GRADUAL,8192.0,96.12,96.14628761101645,False,False
TiOx_02_Au,10.1038/s41598-019-44607-3,TiOx,HARDWARE_ONLY,61,16,4,7,IDEALIZED_SINGLE_PAIR_GRADUAL,102400.0,96.12,96.0745713365246,False,False
TiOx_02_Au,10.1038/s41598-019-44607-3,TiOx,HARDWARE_ONLY,62,128,7,9,IDEALIZED_SINGLE_PAIR_GRADUAL,8192.0,96.11,96.20045944594298,False,False
TiOx_02_Au,10.1038/s41598-019-44607-3,TiOx,HARDWARE_ONLY,63,16,4,8,IDEALIZED_SINGLE_PAIR_GRADUAL,204800.0,96.11,96.07090027944267,False,False
TiOx_02_Au,10.1038/s41598-019-44607-3,TiOx,HARDWARE_ONLY,64,32,7,7,IDEALIZED_SINGLE_PAIR_GRADUAL,26624.0,96.11,96.20086175013873,False,False
TiOx_02_Au,10.1038/s41598-019-44607-3,TiOx,HARDWARE_ONLY,65,32,4,8,IDEALIZED_SINGLE_PAIR_GRADUAL,53248.0,96.1,96.07004417862696,False,False
TiOx_02_Au,10.1038/s41598-019-44607-3,TiOx,HARDWARE_ONLY,66,64,6,8,IDEALIZED_SINGLE_PAIR_GRADUAL,14336.0,96.1,96.22725294866233,False,False
TiOx_02_Au,10.1038/s41598-019-44607-3,TiOx,HARDWARE_ONLY,67,128,8,8,IDEALIZED_SINGLE_PAIR_GRADUAL,4096.0,96.09,96.1841071539376,False,False
TiOx_02_Au,10.1038/s41598-019-44607-3,TiOx,HARDWARE_ONLY,68,32,4,9,IDEALIZED_SINGLE_PAIR_GRADUAL,106496.0,96.09,96.06375786921404,False,False
TiOx_02_Au,10.1038/s41598-019-44607-3,TiOx,HARDWARE_ONLY,69,128,4,9,IDEALIZED_SINGLE_PAIR_GRADUAL,8192.0,96.08,96.0639693487069,False,False
TiOx_02_Au,10.1038/s41598-019-44607-3,TiOx,HARDWARE_ONLY,70,64,7,7,IDEALIZED_SINGLE_PAIR_GRADUAL,7168.0,96.08,96.1706004322344,False,False
TiOx_02_Au,10.1038/s41598-019-44607-3,TiOx,HARDWARE_ONLY,71,32,5,7,IDEALIZED_SINGLE_PAIR_GRADUAL,26624.0,96.08,96.16108595632144,False,False
TiOx_02_Au,10.1038/s41598-019-44607-3,TiOx,HARDWARE_ONLY,72,256,5,9,IDEALIZED_SINGLE_PAIR_GRADUAL,5120.0,96.08,96.14189558902217,False,False
TiOx_02_Au,10.1038/s41598-019-44607-3,TiOx,HARDWARE_ONLY,73,16,6,6,IDEALIZED_SINGLE_PAIR_GRADUAL,51200.0,96.08,96.19233432693609,False,False
TiOx_02_Au,10.1038/s41598-019-44607-3,TiOx,HARDWARE_ONLY,74,16,4,10,IDEALIZED_SINGLE_PAIR_GRADUAL,819200.0,96.07,96.06981822449768,False,False
TiOx_02_Au,10.1038/s41598-019-44607-3,TiOx,HARDWARE_ONLY,75,64,7,8,IDEALIZED_SINGLE_PAIR_GRADUAL,14336.0,96.07,96.18260219283985,False,False
TiOx_02_Au,10.1038/s41598-019-44607-3,TiOx,HARDWARE_ONLY,76,256,4,9,IDEALIZED_SINGLE_PAIR_GRADUAL,5120.0,96.06,96.0621090689311,False,False
TiOx_02_Au,10.1038/s41598-019-44607-3,TiOx,HARDWARE_ONLY,77,64,8,7,IDEALIZED_SINGLE_PAIR_GRADUAL,7168.0,96.06,96.16222802403158,False,False
TiOx_02_Au,10.1038/s41598-019-44607-3,TiOx,HARDWARE_ONLY,78,32,4,10,IDEALIZED_SINGLE_PAIR_GRADUAL,212992.0,96.04,96.06398064621321,False,False
TiOx_02_Au,10.1038/s41598-019-44607-3,TiOx,HARDWARE_ONLY,79,64,8,8,IDEALIZED_SINGLE_PAIR_GRADUAL,14336.0,96.04,96.18228202233875,False,False
TiOx_02_Au,10.1038/s41598-019-44607-3,TiOx,HARDWARE_ONLY,80,64,4,9,IDEALIZED_SINGLE_PAIR_GRADUAL,28672.0,96.04,96.08588899195257,False,False
TiOx_02_Au,10.1038/s41598-019-44607-3,TiOx,HARDWARE_ONLY,81,256,4,8,IDEALIZED_SINGLE_PAIR_GRADUAL,2560.0,96.04,96.0672299846543,False,False
TiOx_02_Au,10.1038/s41598-019-44607-3,TiOx,HARDWARE_ONLY,82,64,5,8,IDEALIZED_SINGLE_PAIR_GRADUAL,14336.0,96.03,96.16651607342662,False,False
TiOx_02_Au,10.1038/s41598-019-44607-3,TiOx,HARDWARE_ONLY,83,64,4,8,IDEALIZED_SINGLE_PAIR_GRADUAL,14336.0,96.03,96.06185346520145,False,False
TiOx_02_Au,10.1038/s41598-019-44607-3,TiOx,HARDWARE_ONLY,84,16,4,9,IDEALIZED_SINGLE_PAIR_GRADUAL,409600.0,96.03,96.07568490997896,False,False
TiOx_02_Au,10.1038/s41598-019-44607-3,TiOx,HARDWARE_ONLY,85,16,7,6,IDEALIZED_SINGLE_PAIR_GRADUAL,51200.0,96.02,96.14692171118091,False,False
TiOx_02_Au,10.1038/s41598-019-44607-3,TiOx,HARDWARE_ONLY,86,64,4,10,IDEALIZED_SINGLE_PAIR_GRADUAL,57344.0,96.02,96.07290435706621,False,False
TiOx_02_Au,10.1038/s41598-019-44607-3,TiOx,HARDWARE_ONLY,87,256,4,10,IDEALIZED_SINGLE_PAIR_GRADUAL,10240.0,96.01,96.06586828377193,False,False
TiOx_02_Au,10.1038/s41598-019-44607-3,TiOx,HARDWARE_ONLY,88,32,4,7,IDEALIZED_SINGLE_PAIR_GRADUAL,26624.0,95.97,96.0787083738761,False,False
TiOx_02_Au,10.1038/s41598-019-44607-3,TiOx,HARDWARE_ONLY,89,64,5,7,IDEALIZED_SINGLE_PAIR_GRADUAL,7168.0,95.94,96.14509477833278,False,False
TiOx_02_Au,10.1038/s41598-019-44607-3,TiOx,HARDWARE_ONLY,90,256,8,7,IDEALIZED_SINGLE_PAIR_GRADUAL,1280.0,95.93,96.10057298742919,True,False
TiOx_02_Au,10.1038/s41598-019-44607-3,TiOx,HARDWARE_ONLY,91,16,8,6,IDEALIZED_SINGLE_PAIR_GRADUAL,51200.0,95.9,96.17187566736041,False,False
TiOx_02_Au,10.1038/s41598-019-44607-3,TiOx,HARDWARE_ONLY,92,256,7,7,IDEALIZED_SINGLE_PAIR_GRADUAL,1280.0,95.89,96.10269307253856,False,False
TiOx_02_Au,10.1038/s41598-019-44607-3,TiOx,HARDWARE_ONLY,93,128,4,8,IDEALIZED_SINGLE_PAIR_GRADUAL,4096.0,95.86,96.0628234516594,False,False
TiOx_02_Au,10.1038/s41598-019-44607-3,TiOx,HARDWARE_ONLY,94,16,5,6,IDEALIZED_SINGLE_PAIR_GRADUAL,51200.0,95.84,96.10627142153595,False,False
TiOx_02_Au,10.1038/s41598-019-44607-3,TiOx,HARDWARE_ONLY,95,128,6,7,IDEALIZED_SINGLE_PAIR_GRADUAL,2048.0,95.83,96.12007825670082,False,False
TiOx_02_Au,10.1038/s41598-019-44607-3,TiOx,HARDWARE_ONLY,96,128,8,7,IDEALIZED_SINGLE_PAIR_GRADUAL,2048.0,95.82,96.09120926737158,False,False
TiOx_02_Au,10.1038/s41598-019-44607-3,TiOx,HARDWARE_ONLY,97,16,4,6,IDEALIZED_SINGLE_PAIR_GRADUAL,51200.0,95.81,96.00822357098447,False,False
TiOx_02_Au,10.1038/s41598-019-44607-3,TiOx,HARDWARE_ONLY,98,256,6,7,IDEALIZED_SINGLE_PAIR_GRADUAL,1280.0,95.81,96.14953594624994,False,True
TiOx_02_Au,10.1038/s41598-019-44607-3,TiOx,HARDWARE_ONLY,99,128,4,7,IDEALIZED_SINGLE_PAIR_GRADUAL,2048.0,95.77,95.97654792310453,False,False
TiOx_02_Au,10.1038/s41598-019-44607-3,TiOx,HARDWARE_ONLY,100,256,4,7,IDEALIZED_SINGLE_PAIR_GRADUAL,1280.0,95.76,95.9700294911756,False,False
TiOx_02_Au,10.1038/s41598-019-44607-3,TiOx,HARDWARE_ONLY,101,64,4,7,IDEALIZED_SINGLE_PAIR_GRADUAL,7168.0,95.76,96.04471853417814,False,False
TiOx_02_Au,10.1038/s41598-019-44607-3,TiOx,HARDWARE_ONLY,102,128,5,7,IDEALIZED_SINGLE_PAIR_GRADUAL,2048.0,95.7,96.05776731499049,False,False
TiOx_02_Au,10.1038/s41598-019-44607-3,TiOx,HARDWARE_ONLY,103,32,8,6,IDEALIZED_SINGLE_PAIR_GRADUAL,13312.0,95.69,96.11353283083918,False,False
TiOx_02_Au,10.1038/s41598-019-44607-3,TiOx,HARDWARE_ONLY,104,128,7,7,IDEALIZED_SINGLE_PAIR_GRADUAL,2048.0,95.69,96.09398225421793,False,False
TiOx_02_Au,10.1038/s41598-019-44607-3,TiOx,HARDWARE_ONLY,105,32,4,6,IDEALIZED_SINGLE_PAIR_GRADUAL,13312.0,95.63,95.95056736202687,False,False
TiOx_02_Au,10.1038/s41598-019-44607-3,TiOx,HARDWARE_ONLY,106,32,6,6,IDEALIZED_SINGLE_PAIR_GRADUAL,13312.0,95.63,96.10454539438344,False,False
TiOx_02_Au,10.1038/s41598-019-44607-3,TiOx,HARDWARE_ONLY,107,32,7,6,IDEALIZED_SINGLE_PAIR_GRADUAL,13312.0,95.63,96.1149214763014,False,False
TiOx_02_Au,10.1038/s41598-019-44607-3,TiOx,HARDWARE_ONLY,108,256,5,7,IDEALIZED_SINGLE_PAIR_GRADUAL,1280.0,95.58,96.05833700610499,False,False
TiOx_02_Au,10.1038/s41598-019-44607-3,TiOx,HARDWARE_ONLY,109,32,5,6,IDEALIZED_SINGLE_PAIR_GRADUAL,13312.0,95.48,96.03554447435886,False,False
TiOx_02_Au,10.1038/s41598-019-44607-3,TiOx,HARDWARE_ONLY,110,64,7,6,IDEALIZED_SINGLE_PAIR_GRADUAL,3584.0,95.28,95.95429089932281,False,False
TiOx_02_Au,10.1038/s41598-019-44607-3,TiOx,HARDWARE_ONLY,111,64,8,6,IDEALIZED_SINGLE_PAIR_GRADUAL,3584.0,95.27,95.97802855713726,False,False
TiOx_02_Au,10.1038/s41598-019-44607-3,TiOx,HARDWARE_ONLY,112,64,6,6,IDEALIZED_SINGLE_PAIR_GRADUAL,3584.0,95.2,96.00644988786215,False,False
TiOx_02_Au,10.1038/s41598-019-44607-3,TiOx,HARDWARE_ONLY,113,64,5,6,IDEALIZED_SINGLE_PAIR_GRADUAL,3584.0,95.15,95.96081271151067,False,False
TiOx_02_Au,10.1038/s41598-019-44607-3,TiOx,HARDWARE_ONLY,114,64,4,6,IDEALIZED_SINGLE_PAIR_GRADUAL,3584.0,95.02,95.84580898010321,False,False
TiOx_02_Au,10.1038/s41598-019-44607-3,TiOx,HARDWARE_ONLY,115,16,7,5,IDEALIZED_SINGLE_PAIR_GRADUAL,25600.0,94.87,95.9634783931331,False,False
TiOx_02_Au,10.1038/s41598-019-44607-3,TiOx,HARDWARE_ONLY,116,16,8,5,IDEALIZED_SINGLE_PAIR_GRADUAL,25600.0,94.8,95.9532939445831,False,False
TiOx_02_Au,10.1038/s41598-019-44607-3,TiOx,HARDWARE_ONLY,117,16,5,5,IDEALIZED_SINGLE_PAIR_GRADUAL,25600.0,94.74,95.82931258676129,False,False
TiOx_02_Au,10.1038/s41598-019-44607-3,TiOx,HARDWARE_ONLY,118,16,6,5,IDEALIZED_SINGLE_PAIR_GRADUAL,25600.0,94.72,95.99962055716519,False,False
TiOx_02_Au,10.1038/s41598-019-44607-3,TiOx,HARDWARE_ONLY,119,16,4,5,IDEALIZED_SINGLE_PAIR_GRADUAL,25600.0,94.63,95.7489190187981,False,False
TiOx_02_Au,10.1038/s41598-019-44607-3,TiOx,HARDWARE_ONLY,120,128,7,6,IDEALIZED_SINGLE_PAIR_GRADUAL,1024.0,93.8,95.66227326847348,True,False
TiOx_02_Au,10.1038/s41598-019-44607-3,TiOx,HARDWARE_ONLY,121,128,4,6,IDEALIZED_SINGLE_PAIR_GRADUAL,1024.0,93.63,95.60273429112563,False,False
TiOx_02_Au,10.1038/s41598-019-44607-3,TiOx,HARDWARE_ONLY,122,128,8,6,IDEALIZED_SINGLE_PAIR_GRADUAL,1024.0,93.6,95.67632386380285,False,False
TiOx_02_Au,10.1038/s41598-019-44607-3,TiOx,HARDWARE_ONLY,123,128,6,6,IDEALIZED_SINGLE_PAIR_GRADUAL,1024.0,93.55,95.68042936574528,False,True
TiOx_02_Au,10.1038/s41598-019-44607-3,TiOx,HARDWARE_ONLY,124,32,8,5,IDEALIZED_SINGLE_PAIR_GRADUAL,6656.0,93.46,95.71657177203352,False,False
TiOx_02_Au,10.1038/s41598-019-44607-3,TiOx,HARDWARE_ONLY,125,128,5,6,IDEALIZED_SINGLE_PAIR_GRADUAL,1024.0,93.45,95.62220666697687,False,False
TiOx_02_Au,10.1038/s41598-019-44607-3,TiOx,HARDWARE_ONLY,126,32,6,5,IDEALIZED_SINGLE_PAIR_GRADUAL,6656.0,93.45,95.71494837634596,False,False
TiOx_02_Au,10.1038/s41598-019-44607-3,TiOx,HARDWARE_ONLY,127,32,7,5,IDEALIZED_SINGLE_PAIR_GRADUAL,6656.0,93.44,95.71242419635914,False,False
TiOx_02_Au,10.1038/s41598-019-44607-3,TiOx,HARDWARE_ONLY,128,32,5,5,IDEALIZED_SINGLE_PAIR_GRADUAL,6656.0,93.39,95.59913474806561,False,False
TiOx_02_Au,10.1038/s41598-019-44607-3,TiOx,HARDWARE_ONLY,129,256,6,6,IDEALIZED_SINGLE_PAIR_GRADUAL,640.0,93.14,95.63963723165725,True,True
TiOx_02_Au,10.1038/s41598-019-44607-3,TiOx,HARDWARE_ONLY,130,256,8,6,IDEALIZED_SINGLE_PAIR_GRADUAL,640.0,93.1,95.62481800549446,False,False
TiOx_02_Au,10.1038/s41598-019-44607-3,TiOx,HARDWARE_ONLY,131,32,4,5,IDEALIZED_SINGLE_PAIR_GRADUAL,6656.0,93.03,95.51202839804648,False,False
TiOx_02_Au,10.1038/s41598-019-44607-3,TiOx,HARDWARE_ONLY,132,256,7,6,IDEALIZED_SINGLE_PAIR_GRADUAL,640.0,92.94,95.6325998820199,False,False
TiOx_02_Au,10.1038/s41598-019-44607-3,TiOx,HARDWARE_ONLY,133,256,4,6,IDEALIZED_SINGLE_PAIR_GRADUAL,640.0,92.89,95.51124464203278,False,False
TiOx_02_Au,10.1038/s41598-019-44607-3,TiOx,HARDWARE_ONLY,134,256,5,6,IDEALIZED_SINGLE_PAIR_GRADUAL,640.0,92.65,95.54470918584181,False,False
TiOx_02_Au,10.1038/s41598-019-44607-3,TiOx,HARDWARE_ONLY,135,32,3,10,IDEALIZED_SINGLE_PAIR_GRADUAL,212992.0,92.28,92.23195323204587,False,False
TiOx_02_Au,10.1038/s41598-019-44607-3,TiOx,HARDWARE_ONLY,136,64,3,10,IDEALIZED_SINGLE_PAIR_GRADUAL,57344.0,92.26,92.21808590581638,False,False
TiOx_02_Au,10.1038/s41598-019-44607-3,TiOx,HARDWARE_ONLY,137,16,3,10,IDEALIZED_SINGLE_PAIR_GRADUAL,819200.0,92.26,92.22814445343545,False,False
TiOx_02_Au,10.1038/s41598-019-44607-3,TiOx,HARDWARE_ONLY,138,64,3,8,IDEALIZED_SINGLE_PAIR_GRADUAL,14336.0,92.26,92.17753465662113,False,False
TiOx_02_Au,10.1038/s41598-019-44607-3,TiOx,HARDWARE_ONLY,139,16,3,9,IDEALIZED_SINGLE_PAIR_GRADUAL,409600.0,92.26,92.22064811643907,False,False
TiOx_02_Au,10.1038/s41598-019-44607-3,TiOx,HARDWARE_ONLY,140,256,3,10,IDEALIZED_SINGLE_PAIR_GRADUAL,10240.0,92.24,92.23761440145954,False,False
TiOx_02_Au,10.1038/s41598-019-44607-3,TiOx,HARDWARE_ONLY,141,256,3,9,IDEALIZED_SINGLE_PAIR_GRADUAL,5120.0,92.24,92.22021473448768,False,False
TiOx_02_Au,10.1038/s41598-019-44607-3,TiOx,HARDWARE_ONLY,142,128,3,10,IDEALIZED_SINGLE_PAIR_GRADUAL,16384.0,92.23,92.21709725647162,False,False
TiOx_02_Au,10.1038/s41598-019-44607-3,TiOx,HARDWARE_ONLY,143,32,3,9,IDEALIZED_SINGLE_PAIR_GRADUAL,106496.0,92.19,92.23452226936953,False,False
TiOx_02_Au,10.1038/s41598-019-44607-3,TiOx,HARDWARE_ONLY,144,64,3,9,IDEALIZED_SINGLE_PAIR_GRADUAL,28672.0,92.18,92.22411006110552,False,False
TiOx_02_Au,10.1038/s41598-019-44607-3,TiOx,HARDWARE_ONLY,145,16,3,8,IDEALIZED_SINGLE_PAIR_GRADUAL,204800.0,92.13,92.19877969588582,False,False
TiOx_02_Au,10.1038/s41598-019-44607-3,TiOx,HARDWARE_ONLY,146,128,3,8,IDEALIZED_SINGLE_PAIR_GRADUAL,4096.0,92.1,92.19745122172276,False,False
TiOx_02_Au,10.1038/s41598-019-44607-3,TiOx,HARDWARE_ONLY,147,32,3,8,IDEALIZED_SINGLE_PAIR_GRADUAL,53248.0,92.09,92.189012519425,False,False
TiOx_02_Au,10.1038/s41598-019-44607-3,TiOx,HARDWARE_ONLY,148,128,3,9,IDEALIZED_SINGLE_PAIR_GRADUAL,8192.0,92.08,92.21253174765587,False,False
TiOx_02_Au,10.1038/s41598-019-44607-3,TiOx,HARDWARE_ONLY,149,32,3,7,IDEALIZED_SINGLE_PAIR_GRADUAL,26624.0,92.08,92.1554371131237,False,False
TiOx_02_Au,10.1038/s41598-019-44607-3,TiOx,HARDWARE_ONLY,150,256,3,8,IDEALIZED_SINGLE_PAIR_GRADUAL,2560.0,92.0,92.20115178328865,False,False
TiOx_02_Au,10.1038/s41598-019-44607-3,TiOx,HARDWARE_ONLY,151,64,3,7,IDEALIZED_SINGLE_PAIR_GRADUAL,7168.0,91.97,92.00089053502053,False,False
TiOx_02_Au,10.1038/s41598-019-44607-3,TiOx,HARDWARE_ONLY,152,16,3,7,IDEALIZED_SINGLE_PAIR_GRADUAL,102400.0,91.92,92.18365298088507,False,False
TiOx_02_Au,10.1038/s41598-019-44607-3,TiOx,HARDWARE_ONLY,153,128,3,7,IDEALIZED_SINGLE_PAIR_GRADUAL,2048.0,91.74,91.99280571373075,False,False
TiOx_02_Au,10.1038/s41598-019-44607-3,TiOx,HARDWARE_ONLY,154,16,3,6,IDEALIZED_SINGLE_PAIR_GRADUAL,51200.0,91.67,92.05971109901213,False,False
TiOx_02_Au,10.1038/s41598-019-44607-3,TiOx,HARDWARE_ONLY,155,256,3,7,IDEALIZED_SINGLE_PAIR_GRADUAL,1280.0,91.31,92.01873442535232,False,False
TiOx_02_Au,10.1038/s41598-019-44607-3,TiOx,HARDWARE_ONLY,156,32,3,6,IDEALIZED_SINGLE_PAIR_GRADUAL,13312.0,91.08,91.84921159679219,False,False
TiOx_02_Au,10.1038/s41598-019-44607-3,TiOx,HARDWARE_ONLY,157,64,3,6,IDEALIZED_SINGLE_PAIR_GRADUAL,3584.0,90.62,91.5848469844045,False,False
TiOx_02_Au,10.1038/s41598-019-44607-3,TiOx,HARDWARE_ONLY,158,16,3,5,IDEALIZED_SINGLE_PAIR_GRADUAL,25600.0,90.21,91.41393784576523,False,False
TiOx_02_Au,10.1038/s41598-019-44607-3,TiOx,HARDWARE_ONLY,159,16,6,4,IDEALIZED_SINGLE_PAIR_GRADUAL,12800.0,89.65,93.3254718989345,False,False
TiOx_02_Au,10.1038/s41598-019-44607-3,TiOx,HARDWARE_ONLY,160,16,4,4,IDEALIZED_SINGLE_PAIR_GRADUAL,12800.0,89.62,93.19499339180271,False,False
TiOx_02_Au,10.1038/s41598-019-44607-3,TiOx,HARDWARE_ONLY,161,16,8,4,IDEALIZED_SINGLE_PAIR_GRADUAL,12800.0,89.46,93.14429850774552,False,False
TiOx_02_Au,10.1038/s41598-019-44607-3,TiOx,HARDWARE_ONLY,162,16,7,4,IDEALIZED_SINGLE_PAIR_GRADUAL,12800.0,89.12,93.12644959981698,False,False
TiOx_02_Au,10.1038/s41598-019-44607-3,TiOx,HARDWARE_ONLY,163,64,4,5,IDEALIZED_SINGLE_PAIR_GRADUAL,1792.0,89.04,94.9559786235431,False,False
TiOx_02_Au,10.1038/s41598-019-44607-3,TiOx,HARDWARE_ONLY,164,128,3,6,IDEALIZED_SINGLE_PAIR_GRADUAL,1024.0,88.87,91.25433526656681,False,False
TiOx_02_Au,10.1038/s41598-019-44607-3,TiOx,HARDWARE_ONLY,165,32,3,5,IDEALIZED_SINGLE_PAIR_GRADUAL,6656.0,88.84,90.75488271630667,False,False
TiOx_02_Au,10.1038/s41598-019-44607-3,TiOx,HARDWARE_ONLY,166,16,5,4,IDEALIZED_SINGLE_PAIR_GRADUAL,12800.0,88.35,93.00124072055715,False,False
TiOx_02_Au,10.1038/s41598-019-44607-3,TiOx,HARDWARE_ONLY,167,256,3,6,IDEALIZED_SINGLE_PAIR_GRADUAL,640.0,87.94,91.1865908894439,False,False
TiOx_02_Au,10.1038/s41598-019-44607-3,TiOx,HARDWARE_ONLY,168,64,5,5,IDEALIZED_SINGLE_PAIR_GRADUAL,1792.0,87.69,94.97823191008985,False,False
TiOx_02_Au,10.1038/s41598-019-44607-3,TiOx,HARDWARE_ONLY,169,64,6,5,IDEALIZED_SINGLE_PAIR_GRADUAL,1792.0,87.65,95.11202261618945,False,False
TiOx_02_Au,10.1038/s41598-019-44607-3,TiOx,HARDWARE_ONLY,170,64,8,5,IDEALIZED_SINGLE_PAIR_GRADUAL,1792.0,87.64,95.15404708619158,False,False
TiOx_02_Au,10.1038/s41598-019-44607-3,TiOx,HARDWARE_ONLY,171,64,7,5,IDEALIZED_SINGLE_PAIR_GRADUAL,1792.0,87.31,95.13216149589297,False,False
TiOx_02_Au,10.1038/s41598-019-44607-3,TiOx,HARDWARE_ONLY,172,32,6,4,IDEALIZED_SINGLE_PAIR_GRADUAL,3328.0,86.5,90.52163047985348,False,False
TiOx_02_Au,10.1038/s41598-019-44607-3,TiOx,HARDWARE_ONLY,173,32,7,4,IDEALIZED_SINGLE_PAIR_GRADUAL,3328.0,86.42,90.44241480650055,False,False
TiOx_02_Au,10.1038/s41598-019-44607-3,TiOx,HARDWARE_ONLY,174,32,8,4,IDEALIZED_SINGLE_PAIR_GRADUAL,3328.0,86.26,90.45721073043626,False,False
TiOx_02_Au,10.1038/s41598-019-44607-3,TiOx,HARDWARE_ONLY,175,32,4,4,IDEALIZED_SINGLE_PAIR_GRADUAL,3328.0,85.93,90.53131304734161,False,False
TiOx_02_Au,10.1038/s41598-019-44607-3,TiOx,HARDWARE_ONLY,176,32,5,4,IDEALIZED_SINGLE_PAIR_GRADUAL,3328.0,84.04,90.06434802447562,False,False
TiOx_02_Au,10.1038/s41598-019-44607-3,TiOx,HARDWARE_ONLY,177,64,3,5,IDEALIZED_SINGLE_PAIR_GRADUAL,1792.0,83.62,89.79980779989451,False,False
TiOx_02_Au,10.1038/s41598-019-44607-3,TiOx,HARDWARE_ONLY,178,16,3,4,IDEALIZED_SINGLE_PAIR_GRADUAL,12800.0,81.53,88.76266597545929,False,False
TiOx_02_Au,10.1038/s41598-019-44607-3,TiOx,HARDWARE_ONLY,179,64,6,4,IDEALIZED_SINGLE_PAIR_GRADUAL,896.0,74.64,86.25967576620609,False,False
TiOx_02_Au,10.1038/s41598-019-44607-3,TiOx,HARDWARE_ONLY,180,64,8,4,IDEALIZED_SINGLE_PAIR_GRADUAL,896.0,74.49,86.383725005883,False,False
TiOx_02_Au,10.1038/s41598-019-44607-3,TiOx,HARDWARE_ONLY,181,64,7,4,IDEALIZED_SINGLE_PAIR_GRADUAL,896.0,74.38,86.07870172261073,False,False
TiOx_02_Au,10.1038/s41598-019-44607-3,TiOx,HARDWARE_ONLY,182,64,4,4,IDEALIZED_SINGLE_PAIR_GRADUAL,896.0,73.73,85.88745320801415,False,False
TiOx_02_Au,10.1038/s41598-019-44607-3,TiOx,HARDWARE_ONLY,183,64,5,4,IDEALIZED_SINGLE_PAIR_GRADUAL,896.0,73.49,85.60044589282938,False,False
TiOx_02_Au,10.1038/s41598-019-44607-3,TiOx,HARDWARE_ONLY,184,128,4,5,IDEALIZED_SINGLE_PAIR_GRADUAL,512.0,72.97,93.40266488972145,True,False
TiOx_02_Au,10.1038/s41598-019-44607-3,TiOx,HARDWARE_ONLY,185,32,3,4,IDEALIZED_SINGLE_PAIR_GRADUAL,3328.0,72.78,86.99547624605945,False,False
TiOx_02_Au,10.1038/s41598-019-44607-3,TiOx,HARDWARE_ONLY,186,128,3,5,IDEALIZED_SINGLE_PAIR_GRADUAL,512.0,72.44,88.13711593112434,False,False
TiOx_02_Au,10.1038/s41598-019-44607-3,TiOx,HARDWARE_ONLY,187,256,6,5,IDEALIZED_SINGLE_PAIR_GRADUAL,320.0,69.78,92.6043551267899,True,False
TiOx_02_Au,10.1038/s41598-019-44607-3,TiOx,HARDWARE_ONLY,188,256,4,5,IDEALIZED_SINGLE_PAIR_GRADUAL,320.0,69.35,92.648064977245,False,True
TiOx_02_Au,10.1038/s41598-019-44607-3,TiOx,HARDWARE_ONLY,189,256,8,5,IDEALIZED_SINGLE_PAIR_GRADUAL,320.0,68.97,92.61155884123724,False,False
TiOx_02_Au,10.1038/s41598-019-44607-3,TiOx,HARDWARE_ONLY,190,256,7,5,IDEALIZED_SINGLE_PAIR_GRADUAL,320.0,68.8,92.57045114504449,False,False
TiOx_02_Au,10.1038/s41598-019-44607-3,TiOx,HARDWARE_ONLY,191,256,3,5,IDEALIZED_SINGLE_PAIR_GRADUAL,320.0,68.68,87.0541158375513,False,False
TiOx_02_Au,10.1038/s41598-019-44607-3,TiOx,HARDWARE_ONLY,192,128,6,5,IDEALIZED_SINGLE_PAIR_GRADUAL,512.0,68.62,93.71046081929833,False,True
TiOx_02_Au,10.1038/s41598-019-44607-3,TiOx,HARDWARE_ONLY,193,256,5,5,IDEALIZED_SINGLE_PAIR_GRADUAL,320.0,68.04,92.24416905887091,False,False
TiOx_02_Au,10.1038/s41598-019-44607-3,TiOx,HARDWARE_ONLY,194,128,8,5,IDEALIZED_SINGLE_PAIR_GRADUAL,512.0,67.92,93.64900350005067,False,False
TiOx_02_Au,10.1038/s41598-019-44607-3,TiOx,HARDWARE_ONLY,195,128,5,5,IDEALIZED_SINGLE_PAIR_GRADUAL,512.0,67.45,93.44499046581198,False,False
TiOx_02_Au,10.1038/s41598-019-44607-3,TiOx,HARDWARE_ONLY,196,128,7,5,IDEALIZED_SINGLE_PAIR_GRADUAL,512.0,67.27,93.58277633996559,False,False
TiOx_02_Au,10.1038/s41598-019-44607-3,TiOx,HARDWARE_ONLY,197,64,3,4,IDEALIZED_SINGLE_PAIR_GRADUAL,896.0,58.38,81.54631653035688,False,False
TiOx_02_Au,10.1038/s41598-019-44607-3,TiOx,HARDWARE_ONLY,198,128,8,4,IDEALIZED_SINGLE_PAIR_GRADUAL,256.0,54.83,75.25965525529378,True,True
TiOx_02_Au,10.1038/s41598-019-44607-3,TiOx,HARDWARE_ONLY,199,128,4,4,IDEALIZED_SINGLE_PAIR_GRADUAL,256.0,54.43,75.23810788927736,False,False
TiOx_02_Au,10.1038/s41598-019-44607-3,TiOx,HARDWARE_ONLY,200,128,7,4,IDEALIZED_SINGLE_PAIR_GRADUAL,256.0,54.39,74.8765014240433,False,False
TiOx_02_Au,10.1038/s41598-019-44607-3,TiOx,HARDWARE_ONLY,201,128,5,4,IDEALIZED_SINGLE_PAIR_GRADUAL,256.0,54.17,74.62423381504118,False,False
TiOx_02_Au,10.1038/s41598-019-44607-3,TiOx,HARDWARE_ONLY,202,128,6,4,IDEALIZED_SINGLE_PAIR_GRADUAL,256.0,53.92,74.86270784668113,False,False
TiOx_02_Au,10.1038/s41598-019-44607-3,TiOx,HARDWARE_ONLY,203,128,3,4,IDEALIZED_SINGLE_PAIR_GRADUAL,256.0,44.4,73.9687158418901,False,False
TiOx_02_Au,10.1038/s41598-019-44607-3,TiOx,HARDWARE_ONLY,204,256,8,4,IDEALIZED_SINGLE_PAIR_GRADUAL,160.0,42.56,72.28697976717721,True,False
TiOx_02_Au,10.1038/s41598-019-44607-3,TiOx,HARDWARE_ONLY,205,256,7,4,IDEALIZED_SINGLE_PAIR_GRADUAL,160.0,42.05,73.01686313025866,False,False
TiOx_02_Au,10.1038/s41598-019-44607-3,TiOx,HARDWARE_ONLY,206,256,6,4,IDEALIZED_SINGLE_PAIR_GRADUAL,160.0,41.7,72.60088311058445,False,False
TiOx_02_Au,10.1038/s41598-019-44607-3,TiOx,HARDWARE_ONLY,207,256,4,4,IDEALIZED_SINGLE_PAIR_GRADUAL,160.0,41.65,73.46082202047965,False,True
TiOx_02_Au,10.1038/s41598-019-44607-3,TiOx,HARDWARE_ONLY,208,256,5,4,IDEALIZED_SINGLE_PAIR_GRADUAL,160.0,41.49,71.84604338602921,False,False
TiOx_02_Au,10.1038/s41598-019-44607-3,TiOx,HARDWARE_ONLY,209,256,3,4,IDEALIZED_SINGLE_PAIR_GRADUAL,160.0,35.23,70.42610617876566,False,False
TiOx_02_Au,10.1038/s41598-019-44607-3,TiOx,HARDWARE_ONLY,210,64,2,5,IDEALIZED_SINGLE_PAIR_GRADUAL,1792.0,12.4,11.537124878399375,False,False
TiOx_02_Au,10.1038/s41598-019-44607-3,TiOx,HARDWARE_ONLY,211,16,2,5,IDEALIZED_SINGLE_PAIR_GRADUAL,25600.0,12.25,11.365353910755916,False,False
TiOx_02_Au,10.1038/s41598-019-44607-3,TiOx,HARDWARE_ONLY,212,128,2,5,IDEALIZED_SINGLE_PAIR_GRADUAL,512.0,12.22,11.46327742386208,False,False
TiOx_02_Au,10.1038/s41598-019-44607-3,TiOx,HARDWARE_ONLY,213,256,2,7,IDEALIZED_SINGLE_PAIR_GRADUAL,1280.0,12.01,11.403106278110775,False,False
TiOx_02_Au,10.1038/s41598-019-44607-3,TiOx,HARDWARE_ONLY,214,256,2,5,IDEALIZED_SINGLE_PAIR_GRADUAL,320.0,11.97,11.353611134754125,False,False
TiOx_02_Au,10.1038/s41598-019-44607-3,TiOx,HARDWARE_ONLY,215,32,2,5,IDEALIZED_SINGLE_PAIR_GRADUAL,6656.0,11.78,11.509998810744802,False,False
TiOx_02_Au,10.1038/s41598-019-44607-3,TiOx,HARDWARE_ONLY,216,128,2,7,IDEALIZED_SINGLE_PAIR_GRADUAL,2048.0,11.78,11.456421593573097,False,False
TiOx_02_Au,10.1038/s41598-019-44607-3,TiOx,HARDWARE_ONLY,217,128,2,6,IDEALIZED_SINGLE_PAIR_GRADUAL,1024.0,11.7,11.25006146306472,False,False
TiOx_02_Au,10.1038/s41598-019-44607-3,TiOx,HARDWARE_ONLY,218,256,2,6,IDEALIZED_SINGLE_PAIR_GRADUAL,640.0,11.66,11.221796804861796,False,False
TiOx_02_Au,10.1038/s41598-019-44607-3,TiOx,HARDWARE_ONLY,219,64,2,7,IDEALIZED_SINGLE_PAIR_GRADUAL,7168.0,11.65,11.167369908896653,False,False
TiOx_02_Au,10.1038/s41598-019-44607-3,TiOx,HARDWARE_ONLY,220,32,2,7,IDEALIZED_SINGLE_PAIR_GRADUAL,26624.0,11.59,11.34647549750577,False,False
TiOx_02_Au,10.1038/s41598-019-44607-3,TiOx,HARDWARE_ONLY,221,32,2,8,IDEALIZED_SINGLE_PAIR_GRADUAL,53248.0,11.59,11.312625898434904,False,False
TiOx_02_Au,10.1038/s41598-019-44607-3,TiOx,HARDWARE_ONLY,222,16,2,7,IDEALIZED_SINGLE_PAIR_GRADUAL,102400.0,11.58,11.307468428515925,False,False
TiOx_02_Au,10.1038/s41598-019-44607-3,TiOx,HARDWARE_ONLY,223,64,2,8,IDEALIZED_SINGLE_PAIR_GRADUAL,14336.0,11.57,11.258888243173478,False,False
TiOx_02_Au,10.1038/s41598-019-44607-3,TiOx,HARDWARE_ONLY,224,256,2,8,IDEALIZED_SINGLE_PAIR_GRADUAL,2560.0,11.53,11.393514612110117,False,False
TiOx_02_Au,10.1038/s41598-019-44607-3,TiOx,HARDWARE_ONLY,225,16,2,8,IDEALIZED_SINGLE_PAIR_GRADUAL,204800.0,11.5,11.361228299062043,False,False
TiOx_02_Au,10.1038/s41598-019-44607-3,TiOx,HARDWARE_ONLY,226,128,2,8,IDEALIZED_SINGLE_PAIR_GRADUAL,4096.0,11.48,11.379200671134406,False,False
TiOx_02_Au,10.1038/s41598-019-44607-3,TiOx,HARDWARE_ONLY,227,16,2,10,IDEALIZED_SINGLE_PAIR_GRADUAL,819200.0,11.36,11.438624173160179,False,False
TiOx_02_Au,10.1038/s41598-019-44607-3,TiOx,HARDWARE_ONLY,228,16,2,6,IDEALIZED_SINGLE_PAIR_GRADUAL,51200.0,11.35,11.360339504995009,False,False
TiOx_02_Au,10.1038/s41598-019-44607-3,TiOx,HARDWARE_ONLY,229,128,2,10,IDEALIZED_SINGLE_PAIR_GRADUAL,16384.0,11.27,11.266202513098017,False,False
TiOx_02_Au,10.1038/s41598-019-44607-3,TiOx,HARDWARE_ONLY,230,64,2,6,IDEALIZED_SINGLE_PAIR_GRADUAL,3584.0,11.27,11.280106009712515,False,False
TiOx_02_Au,10.1038/s41598-019-44607-3,TiOx,HARDWARE_ONLY,231,32,2,6,IDEALIZED_SINGLE_PAIR_GRADUAL,13312.0,11.22,11.269478081030085,False,False
TiOx_02_Au,10.1038/s41598-019-44607-3,TiOx,HARDWARE_ONLY,232,256,2,10,IDEALIZED_SINGLE_PAIR_GRADUAL,10240.0,11.2,11.290771812896255,False,False
TiOx_02_Au,10.1038/s41598-019-44607-3,TiOx,HARDWARE_ONLY,233,16,2,9,IDEALIZED_SINGLE_PAIR_GRADUAL,409600.0,11.14,11.379461242063496,False,False
TiOx_02_Au,10.1038/s41598-019-44607-3,TiOx,HARDWARE_ONLY,234,64,2,10,IDEALIZED_SINGLE_PAIR_GRADUAL,57344.0,11.13,11.31107287191402,False,False
TiOx_02_Au,10.1038/s41598-019-44607-3,TiOx,HARDWARE_ONLY,235,32,2,9,IDEALIZED_SINGLE_PAIR_GRADUAL,106496.0,11.1,11.35592930394606,False,False
TiOx_02_Au,10.1038/s41598-019-44607-3,TiOx,HARDWARE_ONLY,236,64,2,9,IDEALIZED_SINGLE_PAIR_GRADUAL,28672.0,11.1,11.310496786435785,False,False
TiOx_02_Au,10.1038/s41598-019-44607-3,TiOx,HARDWARE_ONLY,237,32,2,10,IDEALIZED_SINGLE_PAIR_GRADUAL,212992.0,11.09,11.323977538184037,False,False
TiOx_02_Au,10.1038/s41598-019-44607-3,TiOx,HARDWARE_ONLY,238,128,2,9,IDEALIZED_SINGLE_PAIR_GRADUAL,8192.0,11.02,11.33686676055644,False,False
TiOx_02_Au,10.1038/s41598-019-44607-3,TiOx,HARDWARE_ONLY,239,256,2,9,IDEALIZED_SINGLE_PAIR_GRADUAL,5120.0,10.89,11.34894983746809,False,False
TiOx_02_Au,10.1038/s41598-019-44607-3,TiOx,HARDWARE_ONLY,240,16,2,4,IDEALIZED_SINGLE_PAIR_GRADUAL,12800.0,9.8,11.652324550756443,False,False
TiOx_02_Au,10.1038/s41598-019-44607-3,TiOx,HARDWARE_ONLY,241,32,2,4,IDEALIZED_SINGLE_PAIR_GRADUAL,3328.0,9.68,11.59065619632165,False,False
TiOx_02_Au,10.1038/s41598-019-44607-3,TiOx,HARDWARE_ONLY,242,64,2,4,IDEALIZED_SINGLE_PAIR_GRADUAL,896.0,9.52,12.051523317682301,False,False
TiOx_02_Au,10.1038/s41598-019-44607-3,TiOx,HARDWARE_ONLY,243,128,2,4,IDEALIZED_SINGLE_PAIR_GRADUAL,256.0,9.14,11.069705563159063,False,False
TiOx_02_Au,10.1038/s41598-019-44607-3,TiOx,HARDWARE_ONLY,244,256,2,4,IDEALIZED_SINGLE_PAIR_GRADUAL,160.0,8.93,10.51367646170496,False,False
TiOx_02_Au,10.1038/s41598-019-44607-3,TiOx,FULL_DEVICE_AWARE,0,64,6,10,IDEALIZED_SINGLE_PAIR_GRADUAL,57344.0,96.32,96.28066882539684,True,True
TiOx_02_Au,10.1038/s41598-019-44607-3,TiOx,FULL_DEVICE_AWARE,1,64,8,10,IDEALIZED_SINGLE_PAIR_GRADUAL,57344.0,96.29,96.22356571428561,False,False
TiOx_02_Au,10.1038/s41598-019-44607-3,TiOx,FULL_DEVICE_AWARE,2,32,6,10,IDEALIZED_SINGLE_PAIR_GRADUAL,212992.0,96.28,96.27851927777779,False,False
TiOx_02_Au,10.1038/s41598-019-44607-3,TiOx,FULL_DEVICE_AWARE,3,32,6,8,IDEALIZED_SINGLE_PAIR_GRADUAL,53248.0,96.28,96.22835232539677,True,False
TiOx_02_Au,10.1038/s41598-019-44607-3,TiOx,FULL_DEVICE_AWARE,4,16,6,9,IDEALIZED_SINGLE_PAIR_GRADUAL,409600.0,96.28,96.2591953015873,False,False
TiOx_02_Au,10.1038/s41598-019-44607-3,TiOx,FULL_DEVICE_AWARE,5,16,6,10,IDEALIZED_SINGLE_PAIR_GRADUAL,819200.0,96.27,96.29314215079363,False,True
TiOx_02_Au,10.1038/s41598-019-44607-3,TiOx,FULL_DEVICE_AWARE,6,128,7,8,IDEALIZED_SINGLE_PAIR_GRADUAL,4096.0,96.27,96.21738745021652,True,False
TiOx_02_Au,10.1038/s41598-019-44607-3,TiOx,FULL_DEVICE_AWARE,7,32,6,9,IDEALIZED_SINGLE_PAIR_GRADUAL,106496.0,96.27,96.25195516666659,False,False
TiOx_02_Au,10.1038/s41598-019-44607-3,TiOx,FULL_DEVICE_AWARE,8,32,7,10,IDEALIZED_SINGLE_PAIR_GRADUAL,212992.0,96.25,96.21647490909079,False,False
TiOx_02_Au,10.1038/s41598-019-44607-3,TiOx,FULL_DEVICE_AWARE,9,32,8,9,IDEALIZED_SINGLE_PAIR_GRADUAL,106496.0,96.25,96.2336695714286,False,False
TiOx_02_Au,10.1038/s41598-019-44607-3,TiOx,FULL_DEVICE_AWARE,10,16,8,10,IDEALIZED_SINGLE_PAIR_GRADUAL,819200.0,96.25,96.23289725396819,False,False
TiOx_02_Au,10.1038/s41598-019-44607-3,TiOx,FULL_DEVICE_AWARE,11,16,7,9,IDEALIZED_SINGLE_PAIR_GRADUAL,409600.0,96.24,96.21204065873016,False,False
TiOx_02_Au,10.1038/s41598-019-44607-3,TiOx,FULL_DEVICE_AWARE,12,16,6,8,IDEALIZED_SINGLE_PAIR_GRADUAL,204800.0,96.24,96.23749668253967,False,False
TiOx_02_Au,10.1038/s41598-019-44607-3,TiOx,FULL_DEVICE_AWARE,13,64,8,9,IDEALIZED_SINGLE_PAIR_GRADUAL,28672.0,96.24,96.22246889682546,False,False
TiOx_02_Au,10.1038/s41598-019-44607-3,TiOx,FULL_DEVICE_AWARE,14,256,7,10,IDEALIZED_SINGLE_PAIR_GRADUAL,10240.0,96.24,96.1925589603175,False,False
TiOx_02_Au,10.1038/s41598-019-44607-3,TiOx,FULL_DEVICE_AWARE,15,256,7,8,IDEALIZED_SINGLE_PAIR_GRADUAL,2560.0,96.23,96.21593281529577,True,True
TiOx_02_Au,10.1038/s41598-019-44607-3,TiOx,FULL_DEVICE_AWARE,16,256,8,10,IDEALIZED_SINGLE_PAIR_GRADUAL,10240.0,96.23,96.20090015079384,False,False
TiOx_02_Au,10.1038/s41598-019-44607-3,TiOx,FULL_DEVICE_AWARE,17,32,6,7,IDEALIZED_SINGLE_PAIR_GRADUAL,26624.0,96.22,96.20350326190456,False,False
TiOx_02_Au,10.1038/s41598-019-44607-3,TiOx,FULL_DEVICE_AWARE,18,16,8,9,IDEALIZED_SINGLE_PAIR_GRADUAL,409600.0,96.22,96.22448450000002,False,False
TiOx_02_Au,10.1038/s41598-019-44607-3,TiOx,FULL_DEVICE_AWARE,19,32,7,9,IDEALIZED_SINGLE_PAIR_GRADUAL,106496.0,96.22,96.23064868686859,False,False
TiOx_02_Au,10.1038/s41598-019-44607-3,TiOx,FULL_DEVICE_AWARE,20,32,7,8,IDEALIZED_SINGLE_PAIR_GRADUAL,53248.0,96.22,96.20178333333338,False,False
TiOx_02_Au,10.1038/s41598-019-44607-3,TiOx,FULL_DEVICE_AWARE,21,128,7,10,IDEALIZED_SINGLE_PAIR_GRADUAL,16384.0,96.22,96.19913921428561,False,False
TiOx_02_Au,10.1038/s41598-019-44607-3,TiOx,FULL_DEVICE_AWARE,22,128,6,10,IDEALIZED_SINGLE_PAIR_GRADUAL,16384.0,96.22,96.26002517460336,False,True
TiOx_02_Au,10.1038/s41598-019-44607-3,TiOx,FULL_DEVICE_AWARE,23,16,7,10,IDEALIZED_SINGLE_PAIR_GRADUAL,819200.0,96.21,96.20545323015871,False,False
TiOx_02_Au,10.1038/s41598-019-44607-3,TiOx,FULL_DEVICE_AWARE,24,16,7,7,IDEALIZED_SINGLE_PAIR_GRADUAL,102400.0,96.21,96.1825665158729,False,False
TiOx_02_Au,10.1038/s41598-019-44607-3,TiOx,FULL_DEVICE_AWARE,25,64,6,9,IDEALIZED_SINGLE_PAIR_GRADUAL,28672.0,96.21,96.26489407936499,False,True
TiOx_02_Au,10.1038/s41598-019-44607-3,TiOx,FULL_DEVICE_AWARE,26,64,7,9,IDEALIZED_SINGLE_PAIR_GRADUAL,28672.0,96.21,96.23218619047617,False,False
TiOx_02_Au,10.1038/s41598-019-44607-3,TiOx,FULL_DEVICE_AWARE,27,16,8,7,IDEALIZED_SINGLE_PAIR_GRADUAL,102400.0,96.21,96.1700440476191,False,False
TiOx_02_Au,10.1038/s41598-019-44607-3,TiOx,FULL_DEVICE_AWARE,28,64,7,10,IDEALIZED_SINGLE_PAIR_GRADUAL,57344.0,96.2,96.20816412698403,False,False
TiOx_02_Au,10.1038/s41598-019-44607-3,TiOx,FULL_DEVICE_AWARE,29,32,8,8,IDEALIZED_SINGLE_PAIR_GRADUAL,53248.0,96.2,96.18876254689765,False,False
TiOx_02_Au,10.1038/s41598-019-44607-3,TiOx,FULL_DEVICE_AWARE,30,32,8,10,IDEALIZED_SINGLE_PAIR_GRADUAL,212992.0,96.2,96.24307499999989,False,False
TiOx_02_Au,10.1038/s41598-019-44607-3,TiOx,FULL_DEVICE_AWARE,31,16,8,8,IDEALIZED_SINGLE_PAIR_GRADUAL,204800.0,96.19,96.19072261038973,False,False
TiOx_02_Au,10.1038/s41598-019-44607-3,TiOx,FULL_DEVICE_AWARE,32,128,8,10,IDEALIZED_SINGLE_PAIR_GRADUAL,16384.0,96.19,96.20900115873006,False,False
TiOx_02_Au,10.1038/s41598-019-44607-3,TiOx,FULL_DEVICE_AWARE,33,256,7,9,IDEALIZED_SINGLE_PAIR_GRADUAL,5120.0,96.18,96.2196863174603,False,False
TiOx_02_Au,10.1038/s41598-019-44607-3,TiOx,FULL_DEVICE_AWARE,34,64,5,9,IDEALIZED_SINGLE_PAIR_GRADUAL,28672.0,96.18,96.16732254112557,False,False
TiOx_02_Au,10.1038/s41598-019-44607-3,TiOx,FULL_DEVICE_AWARE,35,256,6,8,IDEALIZED_SINGLE_PAIR_GRADUAL,2560.0,96.18,96.21529372943711,False,False
TiOx_02_Au,10.1038/s41598-019-44607-3,TiOx,FULL_DEVICE_AWARE,36,32,8,7,IDEALIZED_SINGLE_PAIR_GRADUAL,26624.0,96.18,96.16744974603179,False,False
TiOx_02_Au,10.1038/s41598-019-44607-3,TiOx,FULL_DEVICE_AWARE,37,16,5,8,IDEALIZED_SINGLE_PAIR_GRADUAL,204800.0,96.17,96.15178757142859,False,False
TiOx_02_Au,10.1038/s41598-019-44607-3,TiOx,FULL_DEVICE_AWARE,38,16,7,8,IDEALIZED_SINGLE_PAIR_GRADUAL,204800.0,96.17,96.19831320634923,False,False
TiOx_02_Au,10.1038/s41598-019-44607-3,TiOx,FULL_DEVICE_AWARE,39,16,6,7,IDEALIZED_SINGLE_PAIR_GRADUAL,102400.0,96.17,96.19554555555536,False,False
TiOx_02_Au,10.1038/s41598-019-44607-3,TiOx,FULL_DEVICE_AWARE,40,64,6,7,IDEALIZED_SINGLE_PAIR_GRADUAL,7168.0,96.17,96.1647374920634,False,False
TiOx_02_Au,10.1038/s41598-019-44607-3,TiOx,FULL_DEVICE_AWARE,41,64,5,10,IDEALIZED_SINGLE_PAIR_GRADUAL,57344.0,96.17,96.16965436507931,False,False
TiOx_02_Au,10.1038/s41598-019-44607-3,TiOx,FULL_DEVICE_AWARE,42,256,6,9,IDEALIZED_SINGLE_PAIR_GRADUAL,5120.0,96.16,96.22163507287154,False,False
TiOx_02_Au,10.1038/s41598-019-44607-3,TiOx,FULL_DEVICE_AWARE,43,128,6,9,IDEALIZED_SINGLE_PAIR_GRADUAL,8192.0,96.16,96.24368018253966,False,True
TiOx_02_Au,10.1038/s41598-019-44607-3,TiOx,FULL_DEVICE_AWARE,44,256,5,10,IDEALIZED_SINGLE_PAIR_GRADUAL,10240.0,96.16,96.12933678571433,False,False
TiOx_02_Au,10.1038/s41598-019-44607-3,TiOx,FULL_DEVICE_AWARE,45,256,5,8,IDEALIZED_SINGLE_PAIR_GRADUAL,2560.0,96.16,96.10275866017318,False,False
TiOx_02_Au,10.1038/s41598-019-44607-3,TiOx,FULL_DEVICE_AWARE,46,256,6,10,IDEALIZED_SINGLE_PAIR_GRADUAL,10240.0,96.15,96.25512152525269,False,True
TiOx_02_Au,10.1038/s41598-019-44607-3,TiOx,FULL_DEVICE_AWARE,47,32,5,8,IDEALIZED_SINGLE_PAIR_GRADUAL,53248.0,96.15,96.1616273095238,False,False
TiOx_02_Au,10.1038/s41598-019-44607-3,TiOx,FULL_DEVICE_AWARE,48,16,5,9,IDEALIZED_SINGLE_PAIR_GRADUAL,409600.0,96.15,96.15833218253954,False,False
TiOx_02_Au,10.1038/s41598-019-44607-3,TiOx,FULL_DEVICE_AWARE,49,16,5,10,IDEALIZED_SINGLE_PAIR_GRADUAL,819200.0,96.14,96.15226445238089,False,False
TiOx_02_Au,10.1038/s41598-019-44607-3,TiOx,FULL_DEVICE_AWARE,50,16,5,7,IDEALIZED_SINGLE_PAIR_GRADUAL,102400.0,96.14,96.08703415873032,False,False
TiOx_02_Au,10.1038/s41598-019-44607-3,TiOx,FULL_DEVICE_AWARE,51,32,5,9,IDEALIZED_SINGLE_PAIR_GRADUAL,106496.0,96.14,96.16024814285713,False,False
TiOx_02_Au,10.1038/s41598-019-44607-3,TiOx,FULL_DEVICE_AWARE,52,32,5,10,IDEALIZED_SINGLE_PAIR_GRADUAL,212992.0,96.14,96.15351284126982,False,False
TiOx_02_Au,10.1038/s41598-019-44607-3,TiOx,FULL_DEVICE_AWARE,53,256,8,9,IDEALIZED_SINGLE_PAIR_GRADUAL,5120.0,96.14,96.20516191269849,False,False
TiOx_02_Au,10.1038/s41598-019-44607-3,TiOx,FULL_DEVICE_AWARE,54,128,5,8,IDEALIZED_SINGLE_PAIR_GRADUAL,4096.0,96.14,96.14617313636356,False,False
TiOx_02_Au,10.1038/s41598-019-44607-3,TiOx,FULL_DEVICE_AWARE,55,128,8,9,IDEALIZED_SINGLE_PAIR_GRADUAL,8192.0,96.13,96.2120943253969,False,False
TiOx_02_Au,10.1038/s41598-019-44607-3,TiOx,FULL_DEVICE_AWARE,56,256,8,8,IDEALIZED_SINGLE_PAIR_GRADUAL,2560.0,96.13,96.19510040259752,False,False
TiOx_02_Au,10.1038/s41598-019-44607-3,TiOx,FULL_DEVICE_AWARE,57,128,6,8,IDEALIZED_SINGLE_PAIR_GRADUAL,4096.0,96.13,96.23291416450206,False,True
TiOx_02_Au,10.1038/s41598-019-44607-3,TiOx,FULL_DEVICE_AWARE,58,128,5,10,IDEALIZED_SINGLE_PAIR_GRADUAL,16384.0,96.13,96.16176946031747,False,False
TiOx_02_Au,10.1038/s41598-019-44607-3,TiOx,FULL_DEVICE_AWARE,59,128,4,10,IDEALIZED_SINGLE_PAIR_GRADUAL,16384.0,96.12,96.0460294523809,False,False
TiOx_02_Au,10.1038/s41598-019-44607-3,TiOx,FULL_DEVICE_AWARE,60,128,5,9,IDEALIZED_SINGLE_PAIR_GRADUAL,8192.0,96.12,96.16001768398267,False,False
TiOx_02_Au,10.1038/s41598-019-44607-3,TiOx,FULL_DEVICE_AWARE,61,16,4,7,IDEALIZED_SINGLE_PAIR_GRADUAL,102400.0,96.12,95.98597193650804,False,False
TiOx_02_Au,10.1038/s41598-019-44607-3,TiOx,FULL_DEVICE_AWARE,62,128,7,9,IDEALIZED_SINGLE_PAIR_GRADUAL,8192.0,96.11,96.22548026190486,False,False
TiOx_02_Au,10.1038/s41598-019-44607-3,TiOx,FULL_DEVICE_AWARE,63,16,4,8,IDEALIZED_SINGLE_PAIR_GRADUAL,204800.0,96.11,96.07335188095223,False,False
TiOx_02_Au,10.1038/s41598-019-44607-3,TiOx,FULL_DEVICE_AWARE,64,32,7,7,IDEALIZED_SINGLE_PAIR_GRADUAL,26624.0,96.11,96.18710574603159,False,False
TiOx_02_Au,10.1038/s41598-019-44607-3,TiOx,FULL_DEVICE_AWARE,65,32,4,8,IDEALIZED_SINGLE_PAIR_GRADUAL,53248.0,96.1,96.06957738095227,False,False
TiOx_02_Au,10.1038/s41598-019-44607-3,TiOx,FULL_DEVICE_AWARE,66,64,6,8,IDEALIZED_SINGLE_PAIR_GRADUAL,14336.0,96.1,96.23280002380953,False,False
TiOx_02_Au,10.1038/s41598-019-44607-3,TiOx,FULL_DEVICE_AWARE,67,128,8,8,IDEALIZED_SINGLE_PAIR_GRADUAL,4096.0,96.09,96.19916860101019,False,False
TiOx_02_Au,10.1038/s41598-019-44607-3,TiOx,FULL_DEVICE_AWARE,68,32,4,9,IDEALIZED_SINGLE_PAIR_GRADUAL,106496.0,96.09,96.07089411111099,False,False
TiOx_02_Au,10.1038/s41598-019-44607-3,TiOx,FULL_DEVICE_AWARE,69,128,4,9,IDEALIZED_SINGLE_PAIR_GRADUAL,8192.0,96.08,96.07132721717166,False,False
TiOx_02_Au,10.1038/s41598-019-44607-3,TiOx,FULL_DEVICE_AWARE,70,64,7,7,IDEALIZED_SINGLE_PAIR_GRADUAL,7168.0,96.08,96.13418454761893,False,False
TiOx_02_Au,10.1038/s41598-019-44607-3,TiOx,FULL_DEVICE_AWARE,71,32,5,7,IDEALIZED_SINGLE_PAIR_GRADUAL,26624.0,96.08,96.09209844444449,False,False
TiOx_02_Au,10.1038/s41598-019-44607-3,TiOx,FULL_DEVICE_AWARE,72,256,5,9,IDEALIZED_SINGLE_PAIR_GRADUAL,5120.0,96.08,96.12607235064938,False,False
TiOx_02_Au,10.1038/s41598-019-44607-3,TiOx,FULL_DEVICE_AWARE,73,16,6,6,IDEALIZED_SINGLE_PAIR_GRADUAL,51200.0,96.08,96.03763550793657,False,False
TiOx_02_Au,10.1038/s41598-019-44607-3,TiOx,FULL_DEVICE_AWARE,74,16,4,10,IDEALIZED_SINGLE_PAIR_GRADUAL,819200.0,96.07,96.06842672222223,False,False
TiOx_02_Au,10.1038/s41598-019-44607-3,TiOx,FULL_DEVICE_AWARE,75,64,7,8,IDEALIZED_SINGLE_PAIR_GRADUAL,14336.0,96.07,96.19516374603191,False,False
TiOx_02_Au,10.1038/s41598-019-44607-3,TiOx,FULL_DEVICE_AWARE,76,256,4,9,IDEALIZED_SINGLE_PAIR_GRADUAL,5120.0,96.06,96.06140299206355,False,False
TiOx_02_Au,10.1038/s41598-019-44607-3,TiOx,FULL_DEVICE_AWARE,77,64,8,7,IDEALIZED_SINGLE_PAIR_GRADUAL,7168.0,96.06,96.12155353174599,False,False
TiOx_02_Au,10.1038/s41598-019-44607-3,TiOx,FULL_DEVICE_AWARE,78,32,4,10,IDEALIZED_SINGLE_PAIR_GRADUAL,212992.0,96.04,96.06516420634922,False,False
TiOx_02_Au,10.1038/s41598-019-44607-3,TiOx,FULL_DEVICE_AWARE,79,64,8,8,IDEALIZED_SINGLE_PAIR_GRADUAL,14336.0,96.04,96.17897643578658,False,False
TiOx_02_Au,10.1038/s41598-019-44607-3,TiOx,FULL_DEVICE_AWARE,80,64,4,9,IDEALIZED_SINGLE_PAIR_GRADUAL,28672.0,96.04,96.07163508730143,False,False
TiOx_02_Au,10.1038/s41598-019-44607-3,TiOx,FULL_DEVICE_AWARE,81,256,4,8,IDEALIZED_SINGLE_PAIR_GRADUAL,2560.0,96.04,96.06796664285713,False,False
TiOx_02_Au,10.1038/s41598-019-44607-3,TiOx,FULL_DEVICE_AWARE,82,64,5,8,IDEALIZED_SINGLE_PAIR_GRADUAL,14336.0,96.03,96.17306556493503,False,False
TiOx_02_Au,10.1038/s41598-019-44607-3,TiOx,FULL_DEVICE_AWARE,83,64,4,8,IDEALIZED_SINGLE_PAIR_GRADUAL,14336.0,96.03,96.06848857936495,False,False
TiOx_02_Au,10.1038/s41598-019-44607-3,TiOx,FULL_DEVICE_AWARE,84,16,4,9,IDEALIZED_SINGLE_PAIR_GRADUAL,409600.0,96.03,96.07650995238086,False,False
TiOx_02_Au,10.1038/s41598-019-44607-3,TiOx,FULL_DEVICE_AWARE,85,16,7,6,IDEALIZED_SINGLE_PAIR_GRADUAL,51200.0,96.02,96.06625979365077,False,False
TiOx_02_Au,10.1038/s41598-019-44607-3,TiOx,FULL_DEVICE_AWARE,86,64,4,10,IDEALIZED_SINGLE_PAIR_GRADUAL,57344.0,96.02,96.0623119682539,False,False
TiOx_02_Au,10.1038/s41598-019-44607-3,TiOx,FULL_DEVICE_AWARE,87,256,4,10,IDEALIZED_SINGLE_PAIR_GRADUAL,10240.0,96.01,96.04001873015875,False,False
TiOx_02_Au,10.1038/s41598-019-44607-3,TiOx,FULL_DEVICE_AWARE,88,32,4,7,IDEALIZED_SINGLE_PAIR_GRADUAL,26624.0,95.97,95.9906195634922,False,False
TiOx_02_Au,10.1038/s41598-019-44607-3,TiOx,FULL_DEVICE_AWARE,89,64,5,7,IDEALIZED_SINGLE_PAIR_GRADUAL,7168.0,95.94,96.0749437142857,False,False
TiOx_02_Au,10.1038/s41598-019-44607-3,TiOx,FULL_DEVICE_AWARE,90,256,8,7,IDEALIZED_SINGLE_PAIR_GRADUAL,1280.0,95.93,95.89225204040392,True,False
TiOx_02_Au,10.1038/s41598-019-44607-3,TiOx,FULL_DEVICE_AWARE,91,16,8,6,IDEALIZED_SINGLE_PAIR_GRADUAL,51200.0,95.9,96.06506079365077,False,False
TiOx_02_Au,10.1038/s41598-019-44607-3,TiOx,FULL_DEVICE_AWARE,92,256,7,7,IDEALIZED_SINGLE_PAIR_GRADUAL,1280.0,95.89,95.912043088023,False,False
TiOx_02_Au,10.1038/s41598-019-44607-3,TiOx,FULL_DEVICE_AWARE,93,128,4,8,IDEALIZED_SINGLE_PAIR_GRADUAL,4096.0,95.86,96.07580098701294,False,False
TiOx_02_Au,10.1038/s41598-019-44607-3,TiOx,FULL_DEVICE_AWARE,94,16,5,6,IDEALIZED_SINGLE_PAIR_GRADUAL,51200.0,95.84,95.97545165079367,False,False
TiOx_02_Au,10.1038/s41598-019-44607-3,TiOx,FULL_DEVICE_AWARE,95,128,6,7,IDEALIZED_SINGLE_PAIR_GRADUAL,2048.0,95.83,95.98946553174618,False,False
TiOx_02_Au,10.1038/s41598-019-44607-3,TiOx,FULL_DEVICE_AWARE,96,128,8,7,IDEALIZED_SINGLE_PAIR_GRADUAL,2048.0,95.82,95.88568856421354,False,False
TiOx_02_Au,10.1038/s41598-019-44607-3,TiOx,FULL_DEVICE_AWARE,97,16,4,6,IDEALIZED_SINGLE_PAIR_GRADUAL,51200.0,95.81,95.95804598412705,False,False
TiOx_02_Au,10.1038/s41598-019-44607-3,TiOx,FULL_DEVICE_AWARE,98,256,6,7,IDEALIZED_SINGLE_PAIR_GRADUAL,1280.0,95.81,95.9969026587302,False,True
TiOx_02_Au,10.1038/s41598-019-44607-3,TiOx,FULL_DEVICE_AWARE,99,128,4,7,IDEALIZED_SINGLE_PAIR_GRADUAL,2048.0,95.77,95.83996926984129,False,False
TiOx_02_Au,10.1038/s41598-019-44607-3,TiOx,FULL_DEVICE_AWARE,100,256,4,7,IDEALIZED_SINGLE_PAIR_GRADUAL,1280.0,95.76,95.83658339682539,False,False
TiOx_02_Au,10.1038/s41598-019-44607-3,TiOx,FULL_DEVICE_AWARE,101,64,4,7,IDEALIZED_SINGLE_PAIR_GRADUAL,7168.0,95.76,95.91976957936522,False,False
TiOx_02_Au,10.1038/s41598-019-44607-3,TiOx,FULL_DEVICE_AWARE,102,128,5,7,IDEALIZED_SINGLE_PAIR_GRADUAL,2048.0,95.7,95.94953666666677,False,False
TiOx_02_Au,10.1038/s41598-019-44607-3,TiOx,FULL_DEVICE_AWARE,103,32,8,6,IDEALIZED_SINGLE_PAIR_GRADUAL,13312.0,95.69,95.83560351587317,False,False
TiOx_02_Au,10.1038/s41598-019-44607-3,TiOx,FULL_DEVICE_AWARE,104,128,7,7,IDEALIZED_SINGLE_PAIR_GRADUAL,2048.0,95.69,95.90563694516592,False,False
TiOx_02_Au,10.1038/s41598-019-44607-3,TiOx,FULL_DEVICE_AWARE,105,32,4,6,IDEALIZED_SINGLE_PAIR_GRADUAL,13312.0,95.63,95.74653583333341,False,False
TiOx_02_Au,10.1038/s41598-019-44607-3,TiOx,FULL_DEVICE_AWARE,106,32,6,6,IDEALIZED_SINGLE_PAIR_GRADUAL,13312.0,95.63,95.80374656349218,False,False
TiOx_02_Au,10.1038/s41598-019-44607-3,TiOx,FULL_DEVICE_AWARE,107,32,7,6,IDEALIZED_SINGLE_PAIR_GRADUAL,13312.0,95.63,95.83734251587316,False,False
TiOx_02_Au,10.1038/s41598-019-44607-3,TiOx,FULL_DEVICE_AWARE,108,256,5,7,IDEALIZED_SINGLE_PAIR_GRADUAL,1280.0,95.58,95.92516740476212,False,False
TiOx_02_Au,10.1038/s41598-019-44607-3,TiOx,FULL_DEVICE_AWARE,109,32,5,6,IDEALIZED_SINGLE_PAIR_GRADUAL,13312.0,95.48,95.75767678571435,False,False
TiOx_02_Au,10.1038/s41598-019-44607-3,TiOx,FULL_DEVICE_AWARE,110,64,7,6,IDEALIZED_SINGLE_PAIR_GRADUAL,3584.0,95.28,95.41552557142832,False,False
TiOx_02_Au,10.1038/s41598-019-44607-3,TiOx,FULL_DEVICE_AWARE,111,64,8,6,IDEALIZED_SINGLE_PAIR_GRADUAL,3584.0,95.27,95.41423557142832,False,False
TiOx_02_Au,10.1038/s41598-019-44607-3,TiOx,FULL_DEVICE_AWARE,112,64,6,6,IDEALIZED_SINGLE_PAIR_GRADUAL,3584.0,95.2,95.38373171428557,False,False
TiOx_02_Au,10.1038/s41598-019-44607-3,TiOx,FULL_DEVICE_AWARE,113,64,5,6,IDEALIZED_SINGLE_PAIR_GRADUAL,3584.0,95.15,95.34189639682535,False,False
TiOx_02_Au,10.1038/s41598-019-44607-3,TiOx,FULL_DEVICE_AWARE,114,64,4,6,IDEALIZED_SINGLE_PAIR_GRADUAL,3584.0,95.02,95.34070039682535,False,False
TiOx_02_Au,10.1038/s41598-019-44607-3,TiOx,FULL_DEVICE_AWARE,115,16,7,5,IDEALIZED_SINGLE_PAIR_GRADUAL,25600.0,94.87,95.11258683333322,False,False
TiOx_02_Au,10.1038/s41598-019-44607-3,TiOx,FULL_DEVICE_AWARE,116,16,8,5,IDEALIZED_SINGLE_PAIR_GRADUAL,25600.0,94.8,95.11160849999989,False,False
TiOx_02_Au,10.1038/s41598-019-44607-3,TiOx,FULL_DEVICE_AWARE,117,16,5,5,IDEALIZED_SINGLE_PAIR_GRADUAL,25600.0,94.74,94.99996595238085,False,False
TiOx_02_Au,10.1038/s41598-019-44607-3,TiOx,FULL_DEVICE_AWARE,118,16,6,5,IDEALIZED_SINGLE_PAIR_GRADUAL,25600.0,94.72,95.07587452380947,False,False
TiOx_02_Au,10.1038/s41598-019-44607-3,TiOx,FULL_DEVICE_AWARE,119,16,4,5,IDEALIZED_SINGLE_PAIR_GRADUAL,25600.0,94.63,95.00056195238086,False,False
TiOx_02_Au,10.1038/s41598-019-44607-3,TiOx,FULL_DEVICE_AWARE,120,128,7,6,IDEALIZED_SINGLE_PAIR_GRADUAL,1024.0,93.8,94.45771898412701,True,True
TiOx_02_Au,10.1038/s41598-019-44607-3,TiOx,FULL_DEVICE_AWARE,121,128,4,6,IDEALIZED_SINGLE_PAIR_GRADUAL,1024.0,93.63,94.38938407142847,False,False
TiOx_02_Au,10.1038/s41598-019-44607-3,TiOx,FULL_DEVICE_AWARE,122,128,8,6,IDEALIZED_SINGLE_PAIR_GRADUAL,1024.0,93.6,94.45736531746036,False,False
TiOx_02_Au,10.1038/s41598-019-44607-3,TiOx,FULL_DEVICE_AWARE,123,128,6,6,IDEALIZED_SINGLE_PAIR_GRADUAL,1024.0,93.55,94.42479448412695,False,False
TiOx_02_Au,10.1038/s41598-019-44607-3,TiOx,FULL_DEVICE_AWARE,124,32,8,5,IDEALIZED_SINGLE_PAIR_GRADUAL,6656.0,93.46,94.26058015079367,False,False
TiOx_02_Au,10.1038/s41598-019-44607-3,TiOx,FULL_DEVICE_AWARE,125,128,5,6,IDEALIZED_SINGLE_PAIR_GRADUAL,1024.0,93.45,94.38853073809513,False,False
TiOx_02_Au,10.1038/s41598-019-44607-3,TiOx,FULL_DEVICE_AWARE,126,32,6,5,IDEALIZED_SINGLE_PAIR_GRADUAL,6656.0,93.45,94.23644619841268,False,False
TiOx_02_Au,10.1038/s41598-019-44607-3,TiOx,FULL_DEVICE_AWARE,127,32,7,5,IDEALIZED_SINGLE_PAIR_GRADUAL,6656.0,93.44,94.263934484127,False,False
TiOx_02_Au,10.1038/s41598-019-44607-3,TiOx,FULL_DEVICE_AWARE,128,32,5,5,IDEALIZED_SINGLE_PAIR_GRADUAL,6656.0,93.39,94.19346746031742,False,False
TiOx_02_Au,10.1038/s41598-019-44607-3,TiOx,FULL_DEVICE_AWARE,129,256,6,6,IDEALIZED_SINGLE_PAIR_GRADUAL,640.0,93.14,93.91001183333333,True,False
TiOx_02_Au,10.1038/s41598-019-44607-3,TiOx,FULL_DEVICE_AWARE,130,256,8,6,IDEALIZED_SINGLE_PAIR_GRADUAL,640.0,93.1,93.9326352380952,False,False
TiOx_02_Au,10.1038/s41598-019-44607-3,TiOx,FULL_DEVICE_AWARE,131,32,4,5,IDEALIZED_SINGLE_PAIR_GRADUAL,6656.0,93.03,94.1916501269841,False,False
TiOx_02_Au,10.1038/s41598-019-44607-3,TiOx,FULL_DEVICE_AWARE,132,256,7,6,IDEALIZED_SINGLE_PAIR_GRADUAL,640.0,92.94,93.93298890476186,False,True
TiOx_02_Au,10.1038/s41598-019-44607-3,TiOx,FULL_DEVICE_AWARE,133,256,4,6,IDEALIZED_SINGLE_PAIR_GRADUAL,640.0,92.89,93.88279066666684,False,False
TiOx_02_Au,10.1038/s41598-019-44607-3,TiOx,FULL_DEVICE_AWARE,134,256,5,6,IDEALIZED_SINGLE_PAIR_GRADUAL,640.0,92.65,93.8819373333335,False,False
TiOx_02_Au,10.1038/s41598-019-44607-3,TiOx,FULL_DEVICE_AWARE,135,32,3,10,IDEALIZED_SINGLE_PAIR_GRADUAL,212992.0,92.28,92.22362646825405,False,False
TiOx_02_Au,10.1038/s41598-019-44607-3,TiOx,FULL_DEVICE_AWARE,136,64,3,10,IDEALIZED_SINGLE_PAIR_GRADUAL,57344.0,92.26,92.22348546825398,False,False
TiOx_02_Au,10.1038/s41598-019-44607-3,TiOx,FULL_DEVICE_AWARE,137,16,3,10,IDEALIZED_SINGLE_PAIR_GRADUAL,819200.0,92.26,92.2215389920637,False,False
TiOx_02_Au,10.1038/s41598-019-44607-3,TiOx,FULL_DEVICE_AWARE,138,64,3,8,IDEALIZED_SINGLE_PAIR_GRADUAL,14336.0,92.26,92.0401271666667,False,False
TiOx_02_Au,10.1038/s41598-019-44607-3,TiOx,FULL_DEVICE_AWARE,139,16,3,9,IDEALIZED_SINGLE_PAIR_GRADUAL,409600.0,92.26,92.20970071428587,False,False
TiOx_02_Au,10.1038/s41598-019-44607-3,TiOx,FULL_DEVICE_AWARE,140,256,3,10,IDEALIZED_SINGLE_PAIR_GRADUAL,10240.0,92.24,92.20576038888888,False,False
TiOx_02_Au,10.1038/s41598-019-44607-3,TiOx,FULL_DEVICE_AWARE,141,256,3,9,IDEALIZED_SINGLE_PAIR_GRADUAL,5120.0,92.24,92.18420917460323,False,False
TiOx_02_Au,10.1038/s41598-019-44607-3,TiOx,FULL_DEVICE_AWARE,142,128,3,10,IDEALIZED_SINGLE_PAIR_GRADUAL,16384.0,92.23,92.19636542857145,False,False
TiOx_02_Au,10.1038/s41598-019-44607-3,TiOx,FULL_DEVICE_AWARE,143,32,3,9,IDEALIZED_SINGLE_PAIR_GRADUAL,106496.0,92.19,92.21212207936512,False,False
TiOx_02_Au,10.1038/s41598-019-44607-3,TiOx,FULL_DEVICE_AWARE,144,64,3,9,IDEALIZED_SINGLE_PAIR_GRADUAL,28672.0,92.18,92.20960557936513,False,False
TiOx_02_Au,10.1038/s41598-019-44607-3,TiOx,FULL_DEVICE_AWARE,145,16,3,8,IDEALIZED_SINGLE_PAIR_GRADUAL,204800.0,92.13,92.06059171428575,False,False
TiOx_02_Au,10.1038/s41598-019-44607-3,TiOx,FULL_DEVICE_AWARE,146,128,3,8,IDEALIZED_SINGLE_PAIR_GRADUAL,4096.0,92.1,91.99577304761912,False,False
TiOx_02_Au,10.1038/s41598-019-44607-3,TiOx,FULL_DEVICE_AWARE,147,32,3,8,IDEALIZED_SINGLE_PAIR_GRADUAL,53248.0,92.09,92.05961004761906,False,False
TiOx_02_Au,10.1038/s41598-019-44607-3,TiOx,FULL_DEVICE_AWARE,148,128,3,9,IDEALIZED_SINGLE_PAIR_GRADUAL,8192.0,92.08,92.17486274603183,False,False
TiOx_02_Au,10.1038/s41598-019-44607-3,TiOx,FULL_DEVICE_AWARE,149,32,3,7,IDEALIZED_SINGLE_PAIR_GRADUAL,26624.0,92.08,91.76637836507938,False,False
TiOx_02_Au,10.1038/s41598-019-44607-3,TiOx,FULL_DEVICE_AWARE,150,256,3,8,IDEALIZED_SINGLE_PAIR_GRADUAL,2560.0,92.0,91.993711952381,False,False
TiOx_02_Au,10.1038/s41598-019-44607-3,TiOx,FULL_DEVICE_AWARE,151,64,3,7,IDEALIZED_SINGLE_PAIR_GRADUAL,7168.0,91.97,91.65547341269851,False,False
TiOx_02_Au,10.1038/s41598-019-44607-3,TiOx,FULL_DEVICE_AWARE,152,16,3,7,IDEALIZED_SINGLE_PAIR_GRADUAL,102400.0,91.92,91.76927236507939,False,False
TiOx_02_Au,10.1038/s41598-019-44607-3,TiOx,FULL_DEVICE_AWARE,153,128,3,7,IDEALIZED_SINGLE_PAIR_GRADUAL,2048.0,91.74,91.60425707936511,False,False
TiOx_02_Au,10.1038/s41598-019-44607-3,TiOx,FULL_DEVICE_AWARE,154,16,3,6,IDEALIZED_SINGLE_PAIR_GRADUAL,51200.0,91.67,90.35510366666654,False,False
TiOx_02_Au,10.1038/s41598-019-44607-3,TiOx,FULL_DEVICE_AWARE,155,256,3,7,IDEALIZED_SINGLE_PAIR_GRADUAL,1280.0,91.31,91.600929984127,False,False
TiOx_02_Au,10.1038/s41598-019-44607-3,TiOx,FULL_DEVICE_AWARE,156,32,3,6,IDEALIZED_SINGLE_PAIR_GRADUAL,13312.0,91.08,90.31261878571415,False,False
TiOx_02_Au,10.1038/s41598-019-44607-3,TiOx,FULL_DEVICE_AWARE,157,64,3,6,IDEALIZED_SINGLE_PAIR_GRADUAL,3584.0,90.62,89.81691357142842,False,False
TiOx_02_Au,10.1038/s41598-019-44607-3,TiOx,FULL_DEVICE_AWARE,158,16,3,5,IDEALIZED_SINGLE_PAIR_GRADUAL,25600.0,90.21,83.88847401587294,False,False
TiOx_02_Au,10.1038/s41598-019-44607-3,TiOx,FULL_DEVICE_AWARE,159,16,6,4,IDEALIZED_SINGLE_PAIR_GRADUAL,12800.0,89.65,79.63995749999991,False,False
TiOx_02_Au,10.1038/s41598-019-44607-3,TiOx,FULL_DEVICE_AWARE,160,16,4,4,IDEALIZED_SINGLE_PAIR_GRADUAL,12800.0,89.62,79.16485515873025,False,False
TiOx_02_Au,10.1038/s41598-019-44607-3,TiOx,FULL_DEVICE_AWARE,161,16,8,4,IDEALIZED_SINGLE_PAIR_GRADUAL,12800.0,89.46,79.72504147619033,False,False
TiOx_02_Au,10.1038/s41598-019-44607-3,TiOx,FULL_DEVICE_AWARE,162,16,7,4,IDEALIZED_SINGLE_PAIR_GRADUAL,12800.0,89.12,79.72504147619033,False,False
TiOx_02_Au,10.1038/s41598-019-44607-3,TiOx,FULL_DEVICE_AWARE,163,64,4,5,IDEALIZED_SINGLE_PAIR_GRADUAL,1792.0,89.04,92.38850171428577,False,False
TiOx_02_Au,10.1038/s41598-019-44607-3,TiOx,FULL_DEVICE_AWARE,164,128,3,6,IDEALIZED_SINGLE_PAIR_GRADUAL,1024.0,88.87,89.2611944761903,False,False
TiOx_02_Au,10.1038/s41598-019-44607-3,TiOx,FULL_DEVICE_AWARE,165,32,3,5,IDEALIZED_SINGLE_PAIR_GRADUAL,6656.0,88.84,83.86090170634914,False,False
TiOx_02_Au,10.1038/s41598-019-44607-3,TiOx,FULL_DEVICE_AWARE,166,16,5,4,IDEALIZED_SINGLE_PAIR_GRADUAL,12800.0,88.35,79.17846577777787,False,False
TiOx_02_Au,10.1038/s41598-019-44607-3,TiOx,FULL_DEVICE_AWARE,167,256,3,6,IDEALIZED_SINGLE_PAIR_GRADUAL,640.0,87.94,89.23554614285698,False,False
TiOx_02_Au,10.1038/s41598-019-44607-3,TiOx,FULL_DEVICE_AWARE,168,64,5,5,IDEALIZED_SINGLE_PAIR_GRADUAL,1792.0,87.69,92.38988838095243,False,False
TiOx_02_Au,10.1038/s41598-019-44607-3,TiOx,FULL_DEVICE_AWARE,169,64,6,5,IDEALIZED_SINGLE_PAIR_GRADUAL,1792.0,87.65,92.521285952381,False,False
TiOx_02_Au,10.1038/s41598-019-44607-3,TiOx,FULL_DEVICE_AWARE,170,64,8,5,IDEALIZED_SINGLE_PAIR_GRADUAL,1792.0,87.64,92.56708319047613,False,False
TiOx_02_Au,10.1038/s41598-019-44607-3,TiOx,FULL_DEVICE_AWARE,171,64,7,5,IDEALIZED_SINGLE_PAIR_GRADUAL,1792.0,87.31,92.57523219047611,False,False
TiOx_02_Au,10.1038/s41598-019-44607-3,TiOx,FULL_DEVICE_AWARE,172,32,6,4,IDEALIZED_SINGLE_PAIR_GRADUAL,3328.0,86.5,67.20310754761901,False,False
TiOx_02_Au,10.1038/s41598-019-44607-3,TiOx,FULL_DEVICE_AWARE,173,32,7,4,IDEALIZED_SINGLE_PAIR_GRADUAL,3328.0,86.42,67.02471564285703,False,False
TiOx_02_Au,10.1038/s41598-019-44607-3,TiOx,FULL_DEVICE_AWARE,174,32,8,4,IDEALIZED_SINGLE_PAIR_GRADUAL,3328.0,86.26,67.0558973095237,False,False
TiOx_02_Au,10.1038/s41598-019-44607-3,TiOx,FULL_DEVICE_AWARE,175,32,4,4,IDEALIZED_SINGLE_PAIR_GRADUAL,3328.0,85.93,68.34079735714282,False,False
TiOx_02_Au,10.1038/s41598-019-44607-3,TiOx,FULL_DEVICE_AWARE,176,32,5,4,IDEALIZED_SINGLE_PAIR_GRADUAL,3328.0,84.04,67.6267247857143,False,False
TiOx_02_Au,10.1038/s41598-019-44607-3,TiOx,FULL_DEVICE_AWARE,177,64,3,5,IDEALIZED_SINGLE_PAIR_GRADUAL,1792.0,83.62,82.47968437301573,False,False
TiOx_02_Au,10.1038/s41598-019-44607-3,TiOx,FULL_DEVICE_AWARE,178,16,3,4,IDEALIZED_SINGLE_PAIR_GRADUAL,12800.0,81.53,79.1343498253969,False,False
TiOx_02_Au,10.1038/s41598-019-44607-3,TiOx,FULL_DEVICE_AWARE,179,64,6,4,IDEALIZED_SINGLE_PAIR_GRADUAL,896.0,74.64,54.97987531746032,False,False
TiOx_02_Au,10.1038/s41598-019-44607-3,TiOx,FULL_DEVICE_AWARE,180,64,8,4,IDEALIZED_SINGLE_PAIR_GRADUAL,896.0,74.49,55.319234603174586,False,False
TiOx_02_Au,10.1038/s41598-019-44607-3,TiOx,FULL_DEVICE_AWARE,181,64,7,4,IDEALIZED_SINGLE_PAIR_GRADUAL,896.0,74.38,55.28805293650791,False,False
TiOx_02_Au,10.1038/s41598-019-44607-3,TiOx,FULL_DEVICE_AWARE,182,64,4,4,IDEALIZED_SINGLE_PAIR_GRADUAL,896.0,73.73,54.22059176984112,False,False
TiOx_02_Au,10.1038/s41598-019-44607-3,TiOx,FULL_DEVICE_AWARE,183,64,5,4,IDEALIZED_SINGLE_PAIR_GRADUAL,896.0,73.49,54.7396658412698,False,False
TiOx_02_Au,10.1038/s41598-019-44607-3,TiOx,FULL_DEVICE_AWARE,184,128,4,5,IDEALIZED_SINGLE_PAIR_GRADUAL,512.0,72.97,88.98293591269858,True,False
TiOx_02_Au,10.1038/s41598-019-44607-3,TiOx,FULL_DEVICE_AWARE,185,32,3,4,IDEALIZED_SINGLE_PAIR_GRADUAL,3328.0,72.78,68.31029202380948,False,False
TiOx_02_Au,10.1038/s41598-019-44607-3,TiOx,FULL_DEVICE_AWARE,186,128,3,5,IDEALIZED_SINGLE_PAIR_GRADUAL,512.0,72.44,79.1468603253967,False,False
TiOx_02_Au,10.1038/s41598-019-44607-3,TiOx,FULL_DEVICE_AWARE,187,256,6,5,IDEALIZED_SINGLE_PAIR_GRADUAL,320.0,69.78,83.88311644444435,True,False
TiOx_02_Au,10.1038/s41598-019-44607-3,TiOx,FULL_DEVICE_AWARE,188,256,4,5,IDEALIZED_SINGLE_PAIR_GRADUAL,320.0,69.35,83.88669223015862,False,False
TiOx_02_Au,10.1038/s41598-019-44607-3,TiOx,FULL_DEVICE_AWARE,189,256,8,5,IDEALIZED_SINGLE_PAIR_GRADUAL,320.0,68.97,83.90201484920632,False,False
TiOx_02_Au,10.1038/s41598-019-44607-3,TiOx,FULL_DEVICE_AWARE,190,256,7,5,IDEALIZED_SINGLE_PAIR_GRADUAL,320.0,68.8,83.91181484920634,False,True
TiOx_02_Au,10.1038/s41598-019-44607-3,TiOx,FULL_DEVICE_AWARE,191,256,3,5,IDEALIZED_SINGLE_PAIR_GRADUAL,320.0,68.68,79.06187699206338,False,False
TiOx_02_Au,10.1038/s41598-019-44607-3,TiOx,FULL_DEVICE_AWARE,192,128,6,5,IDEALIZED_SINGLE_PAIR_GRADUAL,512.0,68.62,89.0538512222223,False,False
TiOx_02_Au,10.1038/s41598-019-44607-3,TiOx,FULL_DEVICE_AWARE,193,256,5,5,IDEALIZED_SINGLE_PAIR_GRADUAL,320.0,68.04,83.86655389682528,False,False
TiOx_02_Au,10.1038/s41598-019-44607-3,TiOx,FULL_DEVICE_AWARE,194,128,8,5,IDEALIZED_SINGLE_PAIR_GRADUAL,512.0,67.92,89.10240512698405,False,False
TiOx_02_Au,10.1038/s41598-019-44607-3,TiOx,FULL_DEVICE_AWARE,195,128,5,5,IDEALIZED_SINGLE_PAIR_GRADUAL,512.0,67.45,88.96279757936526,False,False
TiOx_02_Au,10.1038/s41598-019-44607-3,TiOx,FULL_DEVICE_AWARE,196,128,7,5,IDEALIZED_SINGLE_PAIR_GRADUAL,512.0,67.27,89.11627312698405,False,True
TiOx_02_Au,10.1038/s41598-019-44607-3,TiOx,FULL_DEVICE_AWARE,197,64,3,4,IDEALIZED_SINGLE_PAIR_GRADUAL,896.0,58.38,54.23097176984112,False,False
TiOx_02_Au,10.1038/s41598-019-44607-3,TiOx,FULL_DEVICE_AWARE,198,128,8,4,IDEALIZED_SINGLE_PAIR_GRADUAL,256.0,54.83,40.41870280952378,True,True
TiOx_02_Au,10.1038/s41598-019-44607-3,TiOx,FULL_DEVICE_AWARE,199,128,4,4,IDEALIZED_SINGLE_PAIR_GRADUAL,256.0,54.43,39.929721023809485,False,False
TiOx_02_Au,10.1038/s41598-019-44607-3,TiOx,FULL_DEVICE_AWARE,200,128,7,4,IDEALIZED_SINGLE_PAIR_GRADUAL,256.0,54.39,40.39791595238092,False,False
TiOx_02_Au,10.1038/s41598-019-44607-3,TiOx,FULL_DEVICE_AWARE,201,128,5,4,IDEALIZED_SINGLE_PAIR_GRADUAL,256.0,54.17,39.97825169047618,False,False
TiOx_02_Au,10.1038/s41598-019-44607-3,TiOx,FULL_DEVICE_AWARE,202,128,6,4,IDEALIZED_SINGLE_PAIR_GRADUAL,256.0,53.92,40.184923333333316,False,False
TiOx_02_Au,10.1038/s41598-019-44607-3,TiOx,FULL_DEVICE_AWARE,203,128,3,4,IDEALIZED_SINGLE_PAIR_GRADUAL,256.0,44.4,39.94010102380948,False,False
TiOx_02_Au,10.1038/s41598-019-44607-3,TiOx,FULL_DEVICE_AWARE,204,256,8,4,IDEALIZED_SINGLE_PAIR_GRADUAL,160.0,42.56,32.35582194444449,True,False
TiOx_02_Au,10.1038/s41598-019-44607-3,TiOx,FULL_DEVICE_AWARE,205,256,7,4,IDEALIZED_SINGLE_PAIR_GRADUAL,160.0,42.05,32.335035087301634,False,False
TiOx_02_Au,10.1038/s41598-019-44607-3,TiOx,FULL_DEVICE_AWARE,206,256,6,4,IDEALIZED_SINGLE_PAIR_GRADUAL,160.0,41.7,32.2759615396826,False,False
TiOx_02_Au,10.1038/s41598-019-44607-3,TiOx,FULL_DEVICE_AWARE,207,256,4,4,IDEALIZED_SINGLE_PAIR_GRADUAL,160.0,41.65,32.431724261904776,False,True
TiOx_02_Au,10.1038/s41598-019-44607-3,TiOx,FULL_DEVICE_AWARE,208,256,5,4,IDEALIZED_SINGLE_PAIR_GRADUAL,160.0,41.49,32.290217190476234,False,False
TiOx_02_Au,10.1038/s41598-019-44607-3,TiOx,FULL_DEVICE_AWARE,209,256,3,4,IDEALIZED_SINGLE_PAIR_GRADUAL,160.0,35.23,32.431724261904776,False,True
TiOx_02_Au,10.1038/s41598-019-44607-3,TiOx,FULL_DEVICE_AWARE,210,64,2,5,IDEALIZED_SINGLE_PAIR_GRADUAL,1792.0,12.4,11.087756880952373,False,False
TiOx_02_Au,10.1038/s41598-019-44607-3,TiOx,FULL_DEVICE_AWARE,211,16,2,5,IDEALIZED_SINGLE_PAIR_GRADUAL,25600.0,12.25,10.777340928571418,False,False
TiOx_02_Au,10.1038/s41598-019-44607-3,TiOx,FULL_DEVICE_AWARE,212,128,2,5,IDEALIZED_SINGLE_PAIR_GRADUAL,512.0,12.22,10.100062333333346,False,False
TiOx_02_Au,10.1038/s41598-019-44607-3,TiOx,FULL_DEVICE_AWARE,213,256,2,7,IDEALIZED_SINGLE_PAIR_GRADUAL,1280.0,12.01,10.969570538961033,False,False
TiOx_02_Au,10.1038/s41598-019-44607-3,TiOx,FULL_DEVICE_AWARE,214,256,2,5,IDEALIZED_SINGLE_PAIR_GRADUAL,320.0,11.97,9.966911023809537,False,False
TiOx_02_Au,10.1038/s41598-019-44607-3,TiOx,FULL_DEVICE_AWARE,215,32,2,5,IDEALIZED_SINGLE_PAIR_GRADUAL,6656.0,11.78,10.851411928571412,False,False
TiOx_02_Au,10.1038/s41598-019-44607-3,TiOx,FULL_DEVICE_AWARE,216,128,2,7,IDEALIZED_SINGLE_PAIR_GRADUAL,2048.0,11.78,11.013059681818168,False,False
TiOx_02_Au,10.1038/s41598-019-44607-3,TiOx,FULL_DEVICE_AWARE,217,128,2,6,IDEALIZED_SINGLE_PAIR_GRADUAL,1024.0,11.7,10.781555038961047,False,False
TiOx_02_Au,10.1038/s41598-019-44607-3,TiOx,FULL_DEVICE_AWARE,218,256,2,6,IDEALIZED_SINGLE_PAIR_GRADUAL,640.0,11.66,10.683196610389619,False,False
TiOx_02_Au,10.1038/s41598-019-44607-3,TiOx,FULL_DEVICE_AWARE,219,64,2,7,IDEALIZED_SINGLE_PAIR_GRADUAL,7168.0,11.65,11.184561523809526,False,False
TiOx_02_Au,10.1038/s41598-019-44607-3,TiOx,FULL_DEVICE_AWARE,220,32,2,7,IDEALIZED_SINGLE_PAIR_GRADUAL,26624.0,11.59,11.27994538095239,False,False
TiOx_02_Au,10.1038/s41598-019-44607-3,TiOx,FULL_DEVICE_AWARE,221,32,2,8,IDEALIZED_SINGLE_PAIR_GRADUAL,53248.0,11.59,11.27086516666668,False,False
TiOx_02_Au,10.1038/s41598-019-44607-3,TiOx,FULL_DEVICE_AWARE,222,16,2,7,IDEALIZED_SINGLE_PAIR_GRADUAL,102400.0,11.58,11.294295547619049,False,False
TiOx_02_Au,10.1038/s41598-019-44607-3,TiOx,FULL_DEVICE_AWARE,223,64,2,8,IDEALIZED_SINGLE_PAIR_GRADUAL,14336.0,11.57,11.169582761904753,False,False
TiOx_02_Au,10.1038/s41598-019-44607-3,TiOx,FULL_DEVICE_AWARE,224,256,2,8,IDEALIZED_SINGLE_PAIR_GRADUAL,2560.0,11.53,11.132505722222218,False,False
TiOx_02_Au,10.1038/s41598-019-44607-3,TiOx,FULL_DEVICE_AWARE,225,16,2,8,IDEALIZED_SINGLE_PAIR_GRADUAL,204800.0,11.5,11.28334830952382,False,False
TiOx_02_Au,10.1038/s41598-019-44607-3,TiOx,FULL_DEVICE_AWARE,226,128,2,8,IDEALIZED_SINGLE_PAIR_GRADUAL,4096.0,11.48,11.131628018037494,False,False
TiOx_02_Au,10.1038/s41598-019-44607-3,TiOx,FULL_DEVICE_AWARE,227,16,2,10,IDEALIZED_SINGLE_PAIR_GRADUAL,819200.0,11.36,11.281997666666683,False,False
TiOx_02_Au,10.1038/s41598-019-44607-3,TiOx,FULL_DEVICE_AWARE,228,16,2,6,IDEALIZED_SINGLE_PAIR_GRADUAL,51200.0,11.35,11.163165896825392,False,False
TiOx_02_Au,10.1038/s41598-019-44607-3,TiOx,FULL_DEVICE_AWARE,229,128,2,10,IDEALIZED_SINGLE_PAIR_GRADUAL,16384.0,11.27,11.190197351370832,False,False
TiOx_02_Au,10.1038/s41598-019-44607-3,TiOx,FULL_DEVICE_AWARE,230,64,2,6,IDEALIZED_SINGLE_PAIR_GRADUAL,3584.0,11.27,11.211762492063498,False,False
TiOx_02_Au,10.1038/s41598-019-44607-3,TiOx,FULL_DEVICE_AWARE,231,32,2,6,IDEALIZED_SINGLE_PAIR_GRADUAL,13312.0,11.22,11.16149001587302,False,False
TiOx_02_Au,10.1038/s41598-019-44607-3,TiOx,FULL_DEVICE_AWARE,232,256,2,10,IDEALIZED_SINGLE_PAIR_GRADUAL,10240.0,11.2,11.180262380952383,False,False
TiOx_02_Au,10.1038/s41598-019-44607-3,TiOx,FULL_DEVICE_AWARE,233,16,2,9,IDEALIZED_SINGLE_PAIR_GRADUAL,409600.0,11.14,11.296436309523815,False,False
TiOx_02_Au,10.1038/s41598-019-44607-3,TiOx,FULL_DEVICE_AWARE,234,64,2,10,IDEALIZED_SINGLE_PAIR_GRADUAL,57344.0,11.13,11.206884523809517,False,False
TiOx_02_Au,10.1038/s41598-019-44607-3,TiOx,FULL_DEVICE_AWARE,235,32,2,9,IDEALIZED_SINGLE_PAIR_GRADUAL,106496.0,11.1,11.287619452380953,False,False
TiOx_02_Au,10.1038/s41598-019-44607-3,TiOx,FULL_DEVICE_AWARE,236,64,2,9,IDEALIZED_SINGLE_PAIR_GRADUAL,28672.0,11.1,11.209900865079355,False,False
TiOx_02_Au,10.1038/s41598-019-44607-3,TiOx,FULL_DEVICE_AWARE,237,32,2,10,IDEALIZED_SINGLE_PAIR_GRADUAL,212992.0,11.09,11.274508714285728,False,False
TiOx_02_Au,10.1038/s41598-019-44607-3,TiOx,FULL_DEVICE_AWARE,238,128,2,9,IDEALIZED_SINGLE_PAIR_GRADUAL,8192.0,11.02,11.19496950216448,False,False
TiOx_02_Au,10.1038/s41598-019-44607-3,TiOx,FULL_DEVICE_AWARE,239,256,2,9,IDEALIZED_SINGLE_PAIR_GRADUAL,5120.0,10.89,11.18456753174603,False,False
TiOx_02_Au,10.1038/s41598-019-44607-3,TiOx,FULL_DEVICE_AWARE,240,16,2,4,IDEALIZED_SINGLE_PAIR_GRADUAL,12800.0,9.8,10.485966825396824,False,False
TiOx_02_Au,10.1038/s41598-019-44607-3,TiOx,FULL_DEVICE_AWARE,241,32,2,4,IDEALIZED_SINGLE_PAIR_GRADUAL,3328.0,9.68,10.557210492063488,False,False
TiOx_02_Au,10.1038/s41598-019-44607-3,TiOx,FULL_DEVICE_AWARE,242,64,2,4,IDEALIZED_SINGLE_PAIR_GRADUAL,896.0,9.52,10.828510539682542,False,False
TiOx_02_Au,10.1038/s41598-019-44607-3,TiOx,FULL_DEVICE_AWARE,243,128,2,4,IDEALIZED_SINGLE_PAIR_GRADUAL,256.0,9.14,9.834348015873038,False,False
TiOx_02_Au,10.1038/s41598-019-44607-3,TiOx,FULL_DEVICE_AWARE,244,256,2,4,IDEALIZED_SINGLE_PAIR_GRADUAL,160.0,8.93,9.727429039682566,False,False
TiOx_02_Ni,10.1038/s41598-019-44607-3,TiOx,HARDWARE_ONLY,0,32,7,10,IDEALIZED_SINGLE_PAIR_GRADUAL,212992.0,96.31,96.19850929292937,True,False
TiOx_02_Ni,10.1038/s41598-019-44607-3,TiOx,HARDWARE_ONLY,1,32,6,10,IDEALIZED_SINGLE_PAIR_GRADUAL,212992.0,96.29,96.25906067499155,False,False
TiOx_02_Ni,10.1038/s41598-019-44607-3,TiOx,HARDWARE_ONLY,2,64,6,10,IDEALIZED_SINGLE_PAIR_GRADUAL,57344.0,96.28,96.26033180447338,True,True
TiOx_02_Ni,10.1038/s41598-019-44607-3,TiOx,HARDWARE_ONLY,3,16,6,10,IDEALIZED_SINGLE_PAIR_GRADUAL,819200.0,96.25,96.2708272643044,False,True
TiOx_02_Ni,10.1038/s41598-019-44607-3,TiOx,HARDWARE_ONLY,4,32,8,10,IDEALIZED_SINGLE_PAIR_GRADUAL,212992.0,96.24,96.2342704239535,False,False
TiOx_02_Ni,10.1038/s41598-019-44607-3,TiOx,HARDWARE_ONLY,5,256,8,10,IDEALIZED_SINGLE_PAIR_GRADUAL,10240.0,96.24,96.21743906027302,True,False
TiOx_02_Ni,10.1038/s41598-019-44607-3,TiOx,HARDWARE_ONLY,6,64,5,10,IDEALIZED_SINGLE_PAIR_GRADUAL,57344.0,96.23,96.14676322574638,False,False
TiOx_02_Ni,10.1038/s41598-019-44607-3,TiOx,HARDWARE_ONLY,7,32,5,10,IDEALIZED_SINGLE_PAIR_GRADUAL,212992.0,96.23,96.12984245787541,False,False
TiOx_02_Ni,10.1038/s41598-019-44607-3,TiOx,HARDWARE_ONLY,8,64,7,10,IDEALIZED_SINGLE_PAIR_GRADUAL,57344.0,96.21,96.20087407395381,False,False
TiOx_02_Ni,10.1038/s41598-019-44607-3,TiOx,HARDWARE_ONLY,9,128,8,10,IDEALIZED_SINGLE_PAIR_GRADUAL,16384.0,96.21,96.20890775996223,False,False
TiOx_02_Ni,10.1038/s41598-019-44607-3,TiOx,HARDWARE_ONLY,10,16,7,9,IDEALIZED_SINGLE_PAIR_GRADUAL,409600.0,96.2,96.19889361355307,False,False
TiOx_02_Ni,10.1038/s41598-019-44607-3,TiOx,HARDWARE_ONLY,11,128,7,10,IDEALIZED_SINGLE_PAIR_GRADUAL,16384.0,96.19,96.19940005432963,False,False
TiOx_02_Ni,10.1038/s41598-019-44607-3,TiOx,HARDWARE_ONLY,12,16,7,10,IDEALIZED_SINGLE_PAIR_GRADUAL,819200.0,96.19,96.19978734210244,False,False
TiOx_02_Ni,10.1038/s41598-019-44607-3,TiOx,HARDWARE_ONLY,13,128,6,10,IDEALIZED_SINGLE_PAIR_GRADUAL,16384.0,96.19,96.24733059232427,False,False
TiOx_02_Ni,10.1038/s41598-019-44607-3,TiOx,HARDWARE_ONLY,14,256,6,10,IDEALIZED_SINGLE_PAIR_GRADUAL,10240.0,96.18,96.24763064934254,False,True
TiOx_02_Ni,10.1038/s41598-019-44607-3,TiOx,HARDWARE_ONLY,15,16,5,9,IDEALIZED_SINGLE_PAIR_GRADUAL,409600.0,96.18,96.14994411418643,False,False
TiOx_02_Ni,10.1038/s41598-019-44607-3,TiOx,HARDWARE_ONLY,16,16,8,10,IDEALIZED_SINGLE_PAIR_GRADUAL,819200.0,96.17,96.23139998135206,False,False
TiOx_02_Ni,10.1038/s41598-019-44607-3,TiOx,HARDWARE_ONLY,17,16,8,9,IDEALIZED_SINGLE_PAIR_GRADUAL,409600.0,96.14,96.22416799938954,False,False
TiOx_02_Ni,10.1038/s41598-019-44607-3,TiOx,HARDWARE_ONLY,18,16,5,10,IDEALIZED_SINGLE_PAIR_GRADUAL,819200.0,96.14,96.13005897077335,False,False
TiOx_02_Ni,10.1038/s41598-019-44607-3,TiOx,HARDWARE_ONLY,19,64,8,10,IDEALIZED_SINGLE_PAIR_GRADUAL,57344.0,96.14,96.22114482389833,False,False
TiOx_02_Ni,10.1038/s41598-019-44607-3,TiOx,HARDWARE_ONLY,20,32,8,9,IDEALIZED_SINGLE_PAIR_GRADUAL,106496.0,96.13,96.22556095848584,False,False
TiOx_02_Ni,10.1038/s41598-019-44607-3,TiOx,HARDWARE_ONLY,21,32,6,9,IDEALIZED_SINGLE_PAIR_GRADUAL,106496.0,96.12,96.23341224148088,False,False
TiOx_02_Ni,10.1038/s41598-019-44607-3,TiOx,HARDWARE_ONLY,22,16,4,10,IDEALIZED_SINGLE_PAIR_GRADUAL,819200.0,96.1,96.06981822449768,False,False
TiOx_02_Ni,10.1038/s41598-019-44607-3,TiOx,HARDWARE_ONLY,23,256,7,10,IDEALIZED_SINGLE_PAIR_GRADUAL,10240.0,96.09,96.1932343482596,False,False
TiOx_02_Ni,10.1038/s41598-019-44607-3,TiOx,HARDWARE_ONLY,24,32,4,10,IDEALIZED_SINGLE_PAIR_GRADUAL,212992.0,96.08,96.06398064621321,False,False
TiOx_02_Ni,10.1038/s41598-019-44607-3,TiOx,HARDWARE_ONLY,25,128,5,10,IDEALIZED_SINGLE_PAIR_GRADUAL,16384.0,96.08,96.13866185026082,False,False
TiOx_02_Ni,10.1038/s41598-019-44607-3,TiOx,HARDWARE_ONLY,26,256,5,10,IDEALIZED_SINGLE_PAIR_GRADUAL,10240.0,96.06,96.13995208039913,False,False
TiOx_02_Ni,10.1038/s41598-019-44607-3,TiOx,HARDWARE_ONLY,27,16,6,9,IDEALIZED_SINGLE_PAIR_GRADUAL,409600.0,96.06,96.24537020124319,False,False
TiOx_02_Ni,10.1038/s41598-019-44607-3,TiOx,HARDWARE_ONLY,28,32,7,9,IDEALIZED_SINGLE_PAIR_GRADUAL,106496.0,96.05,96.2114944168331,False,False
TiOx_02_Ni,10.1038/s41598-019-44607-3,TiOx,HARDWARE_ONLY,29,16,7,8,IDEALIZED_SINGLE_PAIR_GRADUAL,204800.0,96.03,96.20722420285432,False,False
TiOx_02_Ni,10.1038/s41598-019-44607-3,TiOx,HARDWARE_ONLY,30,32,4,9,IDEALIZED_SINGLE_PAIR_GRADUAL,106496.0,96.03,96.06375786921404,False,False
TiOx_02_Ni,10.1038/s41598-019-44607-3,TiOx,HARDWARE_ONLY,31,16,4,9,IDEALIZED_SINGLE_PAIR_GRADUAL,409600.0,96.0,96.07568490997896,False,False
TiOx_02_Ni,10.1038/s41598-019-44607-3,TiOx,HARDWARE_ONLY,32,64,4,10,IDEALIZED_SINGLE_PAIR_GRADUAL,57344.0,96.0,96.0729043570662,False,False
TiOx_02_Ni,10.1038/s41598-019-44607-3,TiOx,HARDWARE_ONLY,33,16,6,8,IDEALIZED_SINGLE_PAIR_GRADUAL,204800.0,95.97,96.2486770333783,False,False
TiOx_02_Ni,10.1038/s41598-019-44607-3,TiOx,HARDWARE_ONLY,34,16,5,8,IDEALIZED_SINGLE_PAIR_GRADUAL,204800.0,95.97,96.13192176920303,False,False
TiOx_02_Ni,10.1038/s41598-019-44607-3,TiOx,HARDWARE_ONLY,35,128,4,10,IDEALIZED_SINGLE_PAIR_GRADUAL,16384.0,95.96,96.06203343923725,False,False
TiOx_02_Ni,10.1038/s41598-019-44607-3,TiOx,HARDWARE_ONLY,36,256,4,10,IDEALIZED_SINGLE_PAIR_GRADUAL,10240.0,95.95,96.06586828377193,False,False
TiOx_02_Ni,10.1038/s41598-019-44607-3,TiOx,HARDWARE_ONLY,37,64,7,9,IDEALIZED_SINGLE_PAIR_GRADUAL,28672.0,95.95,96.22663224589303,False,False
TiOx_02_Ni,10.1038/s41598-019-44607-3,TiOx,HARDWARE_ONLY,38,64,5,9,IDEALIZED_SINGLE_PAIR_GRADUAL,28672.0,95.89,96.15425260245318,False,False
TiOx_02_Ni,10.1038/s41598-019-44607-3,TiOx,HARDWARE_ONLY,39,64,4,9,IDEALIZED_SINGLE_PAIR_GRADUAL,28672.0,95.89,96.08588899195256,False,False
TiOx_02_Ni,10.1038/s41598-019-44607-3,TiOx,HARDWARE_ONLY,40,16,4,8,IDEALIZED_SINGLE_PAIR_GRADUAL,204800.0,95.88,96.07090027944267,False,False
TiOx_02_Ni,10.1038/s41598-019-44607-3,TiOx,HARDWARE_ONLY,41,32,5,9,IDEALIZED_SINGLE_PAIR_GRADUAL,106496.0,95.88,96.13739483005878,False,False
TiOx_02_Ni,10.1038/s41598-019-44607-3,TiOx,HARDWARE_ONLY,42,64,8,9,IDEALIZED_SINGLE_PAIR_GRADUAL,28672.0,95.85,96.21592671839281,False,False
TiOx_02_Ni,10.1038/s41598-019-44607-3,TiOx,HARDWARE_ONLY,43,16,8,8,IDEALIZED_SINGLE_PAIR_GRADUAL,204800.0,95.85,96.2113377822178,False,False
TiOx_02_Ni,10.1038/s41598-019-44607-3,TiOx,HARDWARE_ONLY,44,64,6,9,IDEALIZED_SINGLE_PAIR_GRADUAL,28672.0,95.83,96.25915614696086,False,True
TiOx_02_Ni,10.1038/s41598-019-44607-3,TiOx,HARDWARE_ONLY,45,256,6,9,IDEALIZED_SINGLE_PAIR_GRADUAL,5120.0,95.73,96.20109455439005,True,False
TiOx_02_Ni,10.1038/s41598-019-44607-3,TiOx,HARDWARE_ONLY,46,128,8,9,IDEALIZED_SINGLE_PAIR_GRADUAL,8192.0,95.73,96.19967908893236,False,False
TiOx_02_Ni,10.1038/s41598-019-44607-3,TiOx,HARDWARE_ONLY,47,128,7,9,IDEALIZED_SINGLE_PAIR_GRADUAL,8192.0,95.69,96.20045944594298,False,False
TiOx_02_Ni,10.1038/s41598-019-44607-3,TiOx,HARDWARE_ONLY,48,128,6,9,IDEALIZED_SINGLE_PAIR_GRADUAL,8192.0,95.67,96.2135941856185,False,False
TiOx_02_Ni,10.1038/s41598-019-44607-3,TiOx,HARDWARE_ONLY,49,128,5,9,IDEALIZED_SINGLE_PAIR_GRADUAL,8192.0,95.66,96.14628761101645,False,False
TiOx_02_Ni,10.1038/s41598-019-44607-3,TiOx,HARDWARE_ONLY,50,256,8,9,IDEALIZED_SINGLE_PAIR_GRADUAL,5120.0,95.65,96.19303369857917,False,False
TiOx_02_Ni,10.1038/s41598-019-44607-3,TiOx,HARDWARE_ONLY,51,256,5,9,IDEALIZED_SINGLE_PAIR_GRADUAL,5120.0,95.63,96.14189558902217,False,False
TiOx_02_Ni,10.1038/s41598-019-44607-3,TiOx,HARDWARE_ONLY,52,32,5,8,IDEALIZED_SINGLE_PAIR_GRADUAL,53248.0,95.6,96.14885416000668,False,False
TiOx_02_Ni,10.1038/s41598-019-44607-3,TiOx,HARDWARE_ONLY,53,32,7,8,IDEALIZED_SINGLE_PAIR_GRADUAL,53248.0,95.56,96.21294126900885,False,False
TiOx_02_Ni,10.1038/s41598-019-44607-3,TiOx,HARDWARE_ONLY,54,256,7,9,IDEALIZED_SINGLE_PAIR_GRADUAL,5120.0,95.55,96.20184327666786,False,False
TiOx_02_Ni,10.1038/s41598-019-44607-3,TiOx,HARDWARE_ONLY,55,32,8,8,IDEALIZED_SINGLE_PAIR_GRADUAL,53248.0,95.54,96.19242656491882,False,False
TiOx_02_Ni,10.1038/s41598-019-44607-3,TiOx,HARDWARE_ONLY,56,32,6,8,IDEALIZED_SINGLE_PAIR_GRADUAL,53248.0,95.48,96.2291745818348,False,False
TiOx_02_Ni,10.1038/s41598-019-44607-3,TiOx,HARDWARE_ONLY,57,128,4,9,IDEALIZED_SINGLE_PAIR_GRADUAL,8192.0,95.47,96.0639693487069,False,False
TiOx_02_Ni,10.1038/s41598-019-44607-3,TiOx,HARDWARE_ONLY,58,256,4,9,IDEALIZED_SINGLE_PAIR_GRADUAL,5120.0,95.36,96.0621090689311,False,False
TiOx_02_Ni,10.1038/s41598-019-44607-3,TiOx,HARDWARE_ONLY,59,32,4,8,IDEALIZED_SINGLE_PAIR_GRADUAL,53248.0,95.28,96.07004417862696,False,False
TiOx_02_Ni,10.1038/s41598-019-44607-3,TiOx,HARDWARE_ONLY,60,64,8,8,IDEALIZED_SINGLE_PAIR_GRADUAL,14336.0,94.99,96.18228202233875,False,False
TiOx_02_Ni,10.1038/s41598-019-44607-3,TiOx,HARDWARE_ONLY,61,16,7,7,IDEALIZED_SINGLE_PAIR_GRADUAL,102400.0,94.89,96.20215914493672,False,False
TiOx_02_Ni,10.1038/s41598-019-44607-3,TiOx,HARDWARE_ONLY,62,64,7,8,IDEALIZED_SINGLE_PAIR_GRADUAL,14336.0,94.86,96.18260219283984,False,False
TiOx_02_Ni,10.1038/s41598-019-44607-3,TiOx,HARDWARE_ONLY,63,64,6,8,IDEALIZED_SINGLE_PAIR_GRADUAL,14336.0,94.85,96.22725294866233,False,False
TiOx_02_Ni,10.1038/s41598-019-44607-3,TiOx,HARDWARE_ONLY,64,64,4,8,IDEALIZED_SINGLE_PAIR_GRADUAL,14336.0,94.79,96.06185346520145,False,False
TiOx_02_Ni,10.1038/s41598-019-44607-3,TiOx,HARDWARE_ONLY,65,16,6,7,IDEALIZED_SINGLE_PAIR_GRADUAL,102400.0,94.79,96.21546641497387,False,False
TiOx_02_Ni,10.1038/s41598-019-44607-3,TiOx,HARDWARE_ONLY,66,16,8,7,IDEALIZED_SINGLE_PAIR_GRADUAL,102400.0,94.78,96.20385974902882,False,False
TiOx_02_Ni,10.1038/s41598-019-44607-3,TiOx,HARDWARE_ONLY,67,16,4,7,IDEALIZED_SINGLE_PAIR_GRADUAL,102400.0,94.72,96.0745713365246,False,False
TiOx_02_Ni,10.1038/s41598-019-44607-3,TiOx,HARDWARE_ONLY,68,64,5,8,IDEALIZED_SINGLE_PAIR_GRADUAL,14336.0,94.63,96.1665160734266,False,False
TiOx_02_Ni,10.1038/s41598-019-44607-3,TiOx,HARDWARE_ONLY,69,16,5,7,IDEALIZED_SINGLE_PAIR_GRADUAL,102400.0,94.53,96.14159240402076,False,False
TiOx_02_Ni,10.1038/s41598-019-44607-3,TiOx,HARDWARE_ONLY,70,32,4,7,IDEALIZED_SINGLE_PAIR_GRADUAL,26624.0,93.9,96.07870837387611,False,False
TiOx_02_Ni,10.1038/s41598-019-44607-3,TiOx,HARDWARE_ONLY,71,32,8,7,IDEALIZED_SINGLE_PAIR_GRADUAL,26624.0,93.89,96.17202544333453,False,False
TiOx_02_Ni,10.1038/s41598-019-44607-3,TiOx,HARDWARE_ONLY,72,32,7,7,IDEALIZED_SINGLE_PAIR_GRADUAL,26624.0,93.76,96.20086175013873,False,False
TiOx_02_Ni,10.1038/s41598-019-44607-3,TiOx,HARDWARE_ONLY,73,32,6,7,IDEALIZED_SINGLE_PAIR_GRADUAL,26624.0,93.57,96.23185137678979,False,False
TiOx_02_Ni,10.1038/s41598-019-44607-3,TiOx,HARDWARE_ONLY,74,32,5,7,IDEALIZED_SINGLE_PAIR_GRADUAL,26624.0,93.56,96.16108595632146,False,False
TiOx_02_Ni,10.1038/s41598-019-44607-3,TiOx,HARDWARE_ONLY,75,128,6,8,IDEALIZED_SINGLE_PAIR_GRADUAL,4096.0,93.22,96.24360635655195,True,True
TiOx_02_Ni,10.1038/s41598-019-44607-3,TiOx,HARDWARE_ONLY,76,128,4,8,IDEALIZED_SINGLE_PAIR_GRADUAL,4096.0,93.11,96.0628234516594,False,False
TiOx_02_Ni,10.1038/s41598-019-44607-3,TiOx,HARDWARE_ONLY,77,128,7,8,IDEALIZED_SINGLE_PAIR_GRADUAL,4096.0,92.9,96.18450067121768,False,False
TiOx_02_Ni,10.1038/s41598-019-44607-3,TiOx,HARDWARE_ONLY,78,128,8,8,IDEALIZED_SINGLE_PAIR_GRADUAL,4096.0,92.87,96.1841071539376,False,False
TiOx_02_Ni,10.1038/s41598-019-44607-3,TiOx,HARDWARE_ONLY,79,256,6,8,IDEALIZED_SINGLE_PAIR_GRADUAL,2560.0,92.8,96.21449016892582,True,True
TiOx_02_Ni,10.1038/s41598-019-44607-3,TiOx,HARDWARE_ONLY,80,256,8,8,IDEALIZED_SINGLE_PAIR_GRADUAL,2560.0,92.69,96.18045880787197,False,False
TiOx_02_Ni,10.1038/s41598-019-44607-3,TiOx,HARDWARE_ONLY,81,256,4,8,IDEALIZED_SINGLE_PAIR_GRADUAL,2560.0,92.69,96.0672299846543,False,False
TiOx_02_Ni,10.1038/s41598-019-44607-3,TiOx,HARDWARE_ONLY,82,128,5,8,IDEALIZED_SINGLE_PAIR_GRADUAL,4096.0,92.67,96.14211523398825,False,False
TiOx_02_Ni,10.1038/s41598-019-44607-3,TiOx,HARDWARE_ONLY,83,16,6,6,IDEALIZED_SINGLE_PAIR_GRADUAL,51200.0,92.63,96.1923343269361,False,False
TiOx_02_Ni,10.1038/s41598-019-44607-3,TiOx,HARDWARE_ONLY,84,256,7,8,IDEALIZED_SINGLE_PAIR_GRADUAL,2560.0,92.62,96.20128975542093,False,False
TiOx_02_Ni,10.1038/s41598-019-44607-3,TiOx,HARDWARE_ONLY,85,16,7,6,IDEALIZED_SINGLE_PAIR_GRADUAL,51200.0,92.54,96.1469217111809,False,False
TiOx_02_Ni,10.1038/s41598-019-44607-3,TiOx,HARDWARE_ONLY,86,16,8,6,IDEALIZED_SINGLE_PAIR_GRADUAL,51200.0,92.52,96.1718756673604,False,False
TiOx_02_Ni,10.1038/s41598-019-44607-3,TiOx,HARDWARE_ONLY,87,16,5,6,IDEALIZED_SINGLE_PAIR_GRADUAL,51200.0,92.36,96.10627142153596,False,False
TiOx_02_Ni,10.1038/s41598-019-44607-3,TiOx,HARDWARE_ONLY,88,16,3,10,IDEALIZED_SINGLE_PAIR_GRADUAL,819200.0,92.17,92.22814445343546,False,False
TiOx_02_Ni,10.1038/s41598-019-44607-3,TiOx,HARDWARE_ONLY,89,256,5,8,IDEALIZED_SINGLE_PAIR_GRADUAL,2560.0,92.15,96.10977119150286,False,False
TiOx_02_Ni,10.1038/s41598-019-44607-3,TiOx,HARDWARE_ONLY,90,32,3,10,IDEALIZED_SINGLE_PAIR_GRADUAL,212992.0,92.09,92.23195323204587,False,False
TiOx_02_Ni,10.1038/s41598-019-44607-3,TiOx,HARDWARE_ONLY,91,64,3,10,IDEALIZED_SINGLE_PAIR_GRADUAL,57344.0,92.02,92.21808590581638,False,False
TiOx_02_Ni,10.1038/s41598-019-44607-3,TiOx,HARDWARE_ONLY,92,16,3,9,IDEALIZED_SINGLE_PAIR_GRADUAL,409600.0,92.0,92.22064811643907,False,False
TiOx_02_Ni,10.1038/s41598-019-44607-3,TiOx,HARDWARE_ONLY,93,256,3,10,IDEALIZED_SINGLE_PAIR_GRADUAL,10240.0,91.98,92.23761440145954,False,False
TiOx_02_Ni,10.1038/s41598-019-44607-3,TiOx,HARDWARE_ONLY,94,128,3,10,IDEALIZED_SINGLE_PAIR_GRADUAL,16384.0,91.93,92.21709725647162,False,False
TiOx_02_Ni,10.1038/s41598-019-44607-3,TiOx,HARDWARE_ONLY,95,16,4,6,IDEALIZED_SINGLE_PAIR_GRADUAL,51200.0,91.86,96.00822357098444,False,False
TiOx_02_Ni,10.1038/s41598-019-44607-3,TiOx,HARDWARE_ONLY,96,64,6,7,IDEALIZED_SINGLE_PAIR_GRADUAL,7168.0,91.61,96.17672363258964,False,False
TiOx_02_Ni,10.1038/s41598-019-44607-3,TiOx,HARDWARE_ONLY,97,64,8,7,IDEALIZED_SINGLE_PAIR_GRADUAL,7168.0,91.55,96.16222802403158,False,False
TiOx_02_Ni,10.1038/s41598-019-44607-3,TiOx,HARDWARE_ONLY,98,32,3,9,IDEALIZED_SINGLE_PAIR_GRADUAL,106496.0,91.54,92.23452226936952,False,False
TiOx_02_Ni,10.1038/s41598-019-44607-3,TiOx,HARDWARE_ONLY,99,64,7,7,IDEALIZED_SINGLE_PAIR_GRADUAL,7168.0,91.37,96.1706004322344,False,False
TiOx_02_Ni,10.1038/s41598-019-44607-3,TiOx,HARDWARE_ONLY,100,16,3,8,IDEALIZED_SINGLE_PAIR_GRADUAL,204800.0,91.35,92.19877969588583,False,False
TiOx_02_Ni,10.1038/s41598-019-44607-3,TiOx,HARDWARE_ONLY,101,32,3,8,IDEALIZED_SINGLE_PAIR_GRADUAL,53248.0,91.25,92.189012519425,False,False
TiOx_02_Ni,10.1038/s41598-019-44607-3,TiOx,HARDWARE_ONLY,102,64,3,9,IDEALIZED_SINGLE_PAIR_GRADUAL,28672.0,91.16,92.22411006110552,False,False
TiOx_02_Ni,10.1038/s41598-019-44607-3,TiOx,HARDWARE_ONLY,103,128,3,9,IDEALIZED_SINGLE_PAIR_GRADUAL,8192.0,91.11,92.21253174765587,False,False
TiOx_02_Ni,10.1038/s41598-019-44607-3,TiOx,HARDWARE_ONLY,104,256,3,9,IDEALIZED_SINGLE_PAIR_GRADUAL,5120.0,91.06,92.2202147344877,False,False
TiOx_02_Ni,10.1038/s41598-019-44607-3,TiOx,HARDWARE_ONLY,105,64,4,7,IDEALIZED_SINGLE_PAIR_GRADUAL,7168.0,91.03,96.04471853417814,False,False
TiOx_02_Ni,10.1038/s41598-019-44607-3,TiOx,HARDWARE_ONLY,106,64,5,7,IDEALIZED_SINGLE_PAIR_GRADUAL,7168.0,90.94,96.14509477833279,False,False
TiOx_02_Ni,10.1038/s41598-019-44607-3,TiOx,HARDWARE_ONLY,107,64,3,8,IDEALIZED_SINGLE_PAIR_GRADUAL,14336.0,90.53,92.17753465662113,False,False
TiOx_02_Ni,10.1038/s41598-019-44607-3,TiOx,HARDWARE_ONLY,108,32,4,6,IDEALIZED_SINGLE_PAIR_GRADUAL,13312.0,90.0,95.95056736202687,False,False
TiOx_02_Ni,10.1038/s41598-019-44607-3,TiOx,HARDWARE_ONLY,109,32,6,6,IDEALIZED_SINGLE_PAIR_GRADUAL,13312.0,89.54,96.10454539438344,False,False
TiOx_02_Ni,10.1038/s41598-019-44607-3,TiOx,HARDWARE_ONLY,110,32,8,6,IDEALIZED_SINGLE_PAIR_GRADUAL,13312.0,89.4,96.11353283083919,False,False
TiOx_02_Ni,10.1038/s41598-019-44607-3,TiOx,HARDWARE_ONLY,111,16,3,7,IDEALIZED_SINGLE_PAIR_GRADUAL,102400.0,89.31,92.18365298088509,False,False
TiOx_02_Ni,10.1038/s41598-019-44607-3,TiOx,HARDWARE_ONLY,112,32,7,6,IDEALIZED_SINGLE_PAIR_GRADUAL,13312.0,89.22,96.11492147630139,False,False
TiOx_02_Ni,10.1038/s41598-019-44607-3,TiOx,HARDWARE_ONLY,113,128,3,8,IDEALIZED_SINGLE_PAIR_GRADUAL,4096.0,88.96,92.19745122172277,False,False
TiOx_02_Ni,10.1038/s41598-019-44607-3,TiOx,HARDWARE_ONLY,114,32,5,6,IDEALIZED_SINGLE_PAIR_GRADUAL,13312.0,88.58,96.03554447435889,False,False
TiOx_02_Ni,10.1038/s41598-019-44607-3,TiOx,HARDWARE_ONLY,115,256,3,8,IDEALIZED_SINGLE_PAIR_GRADUAL,2560.0,87.94,92.20115178328867,False,False
TiOx_02_Ni,10.1038/s41598-019-44607-3,TiOx,HARDWARE_ONLY,116,128,6,7,IDEALIZED_SINGLE_PAIR_GRADUAL,2048.0,85.27,96.12007825670081,True,False
TiOx_02_Ni,10.1038/s41598-019-44607-3,TiOx,HARDWARE_ONLY,117,128,8,7,IDEALIZED_SINGLE_PAIR_GRADUAL,2048.0,85.0,96.09120926737158,False,False
TiOx_02_Ni,10.1038/s41598-019-44607-3,TiOx,HARDWARE_ONLY,118,128,7,7,IDEALIZED_SINGLE_PAIR_GRADUAL,2048.0,84.83,96.09398225421792,False,False
TiOx_02_Ni,10.1038/s41598-019-44607-3,TiOx,HARDWARE_ONLY,119,32,3,7,IDEALIZED_SINGLE_PAIR_GRADUAL,26624.0,84.82,92.1554371131237,False,False
TiOx_02_Ni,10.1038/s41598-019-44607-3,TiOx,HARDWARE_ONLY,120,16,3,6,IDEALIZED_SINGLE_PAIR_GRADUAL,51200.0,84.44,92.05971109901215,False,False
TiOx_02_Ni,10.1038/s41598-019-44607-3,TiOx,HARDWARE_ONLY,121,128,5,7,IDEALIZED_SINGLE_PAIR_GRADUAL,2048.0,84.41,96.05776731499047,False,False
TiOx_02_Ni,10.1038/s41598-019-44607-3,TiOx,HARDWARE_ONLY,122,128,4,7,IDEALIZED_SINGLE_PAIR_GRADUAL,2048.0,84.08,95.97654792310456,False,False
TiOx_02_Ni,10.1038/s41598-019-44607-3,TiOx,HARDWARE_ONLY,123,64,4,6,IDEALIZED_SINGLE_PAIR_GRADUAL,3584.0,82.65,95.8458089801032,False,False
TiOx_02_Ni,10.1038/s41598-019-44607-3,TiOx,HARDWARE_ONLY,124,64,6,6,IDEALIZED_SINGLE_PAIR_GRADUAL,3584.0,81.45,96.00644988786215,False,False
TiOx_02_Ni,10.1038/s41598-019-44607-3,TiOx,HARDWARE_ONLY,125,64,7,6,IDEALIZED_SINGLE_PAIR_GRADUAL,3584.0,81.3,95.9542908993228,False,False
TiOx_02_Ni,10.1038/s41598-019-44607-3,TiOx,HARDWARE_ONLY,126,64,8,6,IDEALIZED_SINGLE_PAIR_GRADUAL,3584.0,81.27,95.97802855713729,False,False
TiOx_02_Ni,10.1038/s41598-019-44607-3,TiOx,HARDWARE_ONLY,127,64,5,6,IDEALIZED_SINGLE_PAIR_GRADUAL,3584.0,81.17,95.96081271151067,False,False
TiOx_02_Ni,10.1038/s41598-019-44607-3,TiOx,HARDWARE_ONLY,128,64,3,7,IDEALIZED_SINGLE_PAIR_GRADUAL,7168.0,80.3,92.00089053502052,False,False
TiOx_02_Ni,10.1038/s41598-019-44607-3,TiOx,HARDWARE_ONLY,129,256,4,7,IDEALIZED_SINGLE_PAIR_GRADUAL,1280.0,75.99,95.9700294911756,True,False
TiOx_02_Ni,10.1038/s41598-019-44607-3,TiOx,HARDWARE_ONLY,130,256,6,7,IDEALIZED_SINGLE_PAIR_GRADUAL,1280.0,75.86,96.14953594624994,False,True
TiOx_02_Ni,10.1038/s41598-019-44607-3,TiOx,HARDWARE_ONLY,131,256,5,7,IDEALIZED_SINGLE_PAIR_GRADUAL,1280.0,75.63,96.05833700610498,False,False
TiOx_02_Ni,10.1038/s41598-019-44607-3,TiOx,HARDWARE_ONLY,132,256,8,7,IDEALIZED_SINGLE_PAIR_GRADUAL,1280.0,75.47,96.10057298742919,False,False
TiOx_02_Ni,10.1038/s41598-019-44607-3,TiOx,HARDWARE_ONLY,133,256,7,7,IDEALIZED_SINGLE_PAIR_GRADUAL,1280.0,75.43,96.10269307253856,False,False
TiOx_02_Ni,10.1038/s41598-019-44607-3,TiOx,HARDWARE_ONLY,134,32,3,6,IDEALIZED_SINGLE_PAIR_GRADUAL,13312.0,72.96,91.8492115967922,False,False
TiOx_02_Ni,10.1038/s41598-019-44607-3,TiOx,HARDWARE_ONLY,135,128,3,7,IDEALIZED_SINGLE_PAIR_GRADUAL,2048.0,68.32,91.99280571373073,False,False
TiOx_02_Ni,10.1038/s41598-019-44607-3,TiOx,HARDWARE_ONLY,136,16,3,5,IDEALIZED_SINGLE_PAIR_GRADUAL,25600.0,66.31,91.41393784576523,False,False
TiOx_02_Ni,10.1038/s41598-019-44607-3,TiOx,HARDWARE_ONLY,137,128,4,6,IDEALIZED_SINGLE_PAIR_GRADUAL,1024.0,64.3,95.60273429112561,True,False
TiOx_02_Ni,10.1038/s41598-019-44607-3,TiOx,HARDWARE_ONLY,138,256,3,7,IDEALIZED_SINGLE_PAIR_GRADUAL,1280.0,63.8,92.01873442535235,False,False
TiOx_02_Ni,10.1038/s41598-019-44607-3,TiOx,HARDWARE_ONLY,139,128,7,6,IDEALIZED_SINGLE_PAIR_GRADUAL,1024.0,63.6,95.6622732684735,False,False
TiOx_02_Ni,10.1038/s41598-019-44607-3,TiOx,HARDWARE_ONLY,140,128,5,6,IDEALIZED_SINGLE_PAIR_GRADUAL,1024.0,63.58,95.62220666697687,False,False
TiOx_02_Ni,10.1038/s41598-019-44607-3,TiOx,HARDWARE_ONLY,141,128,8,6,IDEALIZED_SINGLE_PAIR_GRADUAL,1024.0,63.55,95.67632386380284,False,False
TiOx_02_Ni,10.1038/s41598-019-44607-3,TiOx,HARDWARE_ONLY,142,128,6,6,IDEALIZED_SINGLE_PAIR_GRADUAL,1024.0,63.41,95.68042936574527,False,True
TiOx_02_Ni,10.1038/s41598-019-44607-3,TiOx,HARDWARE_ONLY,143,64,3,6,IDEALIZED_SINGLE_PAIR_GRADUAL,3584.0,63.11,91.58484698440448,False,False
TiOx_02_Ni,10.1038/s41598-019-44607-3,TiOx,HARDWARE_ONLY,144,16,4,5,IDEALIZED_SINGLE_PAIR_GRADUAL,25600.0,63.04,95.74891901879809,False,False
TiOx_02_Ni,10.1038/s41598-019-44607-3,TiOx,HARDWARE_ONLY,145,16,5,5,IDEALIZED_SINGLE_PAIR_GRADUAL,25600.0,59.05,95.8293125867613,False,False
TiOx_02_Ni,10.1038/s41598-019-44607-3,TiOx,HARDWARE_ONLY,146,256,8,6,IDEALIZED_SINGLE_PAIR_GRADUAL,640.0,58.76,95.62481800549445,True,False
TiOx_02_Ni,10.1038/s41598-019-44607-3,TiOx,HARDWARE_ONLY,147,256,7,6,IDEALIZED_SINGLE_PAIR_GRADUAL,640.0,58.34,95.63259988201992,False,False
TiOx_02_Ni,10.1038/s41598-019-44607-3,TiOx,HARDWARE_ONLY,148,256,5,6,IDEALIZED_SINGLE_PAIR_GRADUAL,640.0,58.13,95.54470918584181,False,False
TiOx_02_Ni,10.1038/s41598-019-44607-3,TiOx,HARDWARE_ONLY,149,256,6,6,IDEALIZED_SINGLE_PAIR_GRADUAL,640.0,57.91,95.63963723165725,False,True
TiOx_02_Ni,10.1038/s41598-019-44607-3,TiOx,HARDWARE_ONLY,150,256,4,6,IDEALIZED_SINGLE_PAIR_GRADUAL,640.0,56.97,95.51124464203278,False,False
TiOx_02_Ni,10.1038/s41598-019-44607-3,TiOx,HARDWARE_ONLY,151,16,7,5,IDEALIZED_SINGLE_PAIR_GRADUAL,25600.0,56.92,95.96347839313309,False,False
TiOx_02_Ni,10.1038/s41598-019-44607-3,TiOx,HARDWARE_ONLY,152,16,8,5,IDEALIZED_SINGLE_PAIR_GRADUAL,25600.0,56.46,95.95329394458308,False,False
TiOx_02_Ni,10.1038/s41598-019-44607-3,TiOx,HARDWARE_ONLY,153,16,6,5,IDEALIZED_SINGLE_PAIR_GRADUAL,25600.0,55.55,95.9996205571652,False,False
TiOx_02_Ni,10.1038/s41598-019-44607-3,TiOx,HARDWARE_ONLY,154,32,3,5,IDEALIZED_SINGLE_PAIR_GRADUAL,6656.0,51.64,90.75488271630665,False,False
TiOx_02_Ni,10.1038/s41598-019-44607-3,TiOx,HARDWARE_ONLY,155,128,3,6,IDEALIZED_SINGLE_PAIR_GRADUAL,1024.0,49.35,91.2543352665668,False,False
TiOx_02_Ni,10.1038/s41598-019-44607-3,TiOx,HARDWARE_ONLY,156,32,4,5,IDEALIZED_SINGLE_PAIR_GRADUAL,6656.0,48.08,95.51202839804648,False,False
TiOx_02_Ni,10.1038/s41598-019-44607-3,TiOx,HARDWARE_ONLY,157,32,7,5,IDEALIZED_SINGLE_PAIR_GRADUAL,6656.0,47.3,95.71242419635914,False,False
TiOx_02_Ni,10.1038/s41598-019-44607-3,TiOx,HARDWARE_ONLY,158,32,8,5,IDEALIZED_SINGLE_PAIR_GRADUAL,6656.0,46.63,95.71657177203353,False,False
TiOx_02_Ni,10.1038/s41598-019-44607-3,TiOx,HARDWARE_ONLY,159,32,6,5,IDEALIZED_SINGLE_PAIR_GRADUAL,6656.0,46.29,95.71494837634596,False,False
TiOx_02_Ni,10.1038/s41598-019-44607-3,TiOx,HARDWARE_ONLY,160,32,5,5,IDEALIZED_SINGLE_PAIR_GRADUAL,6656.0,45.99,95.59913474806561,False,False
TiOx_02_Ni,10.1038/s41598-019-44607-3,TiOx,HARDWARE_ONLY,161,256,3,6,IDEALIZED_SINGLE_PAIR_GRADUAL,640.0,44.66,91.18659088944392,False,False
TiOx_02_Ni,10.1038/s41598-019-44607-3,TiOx,HARDWARE_ONLY,162,64,7,5,IDEALIZED_SINGLE_PAIR_GRADUAL,1792.0,37.92,95.13216149589299,False,False
TiOx_02_Ni,10.1038/s41598-019-44607-3,TiOx,HARDWARE_ONLY,163,64,8,5,IDEALIZED_SINGLE_PAIR_GRADUAL,1792.0,37.65,95.15404708619158,False,False
TiOx_02_Ni,10.1038/s41598-019-44607-3,TiOx,HARDWARE_ONLY,164,64,4,5,IDEALIZED_SINGLE_PAIR_GRADUAL,1792.0,37.19,94.95597862354309,False,False
TiOx_02_Ni,10.1038/s41598-019-44607-3,TiOx,HARDWARE_ONLY,165,64,6,5,IDEALIZED_SINGLE_PAIR_GRADUAL,1792.0,36.96,95.11202261618944,False,False
TiOx_02_Ni,10.1038/s41598-019-44607-3,TiOx,HARDWARE_ONLY,166,64,5,5,IDEALIZED_SINGLE_PAIR_GRADUAL,1792.0,36.89,94.97823191008985,False,False
TiOx_02_Ni,10.1038/s41598-019-44607-3,TiOx,HARDWARE_ONLY,167,64,3,5,IDEALIZED_SINGLE_PAIR_GRADUAL,1792.0,36.8,89.79980779989451,False,False
TiOx_02_Ni,10.1038/s41598-019-44607-3,TiOx,HARDWARE_ONLY,168,256,7,5,IDEALIZED_SINGLE_PAIR_GRADUAL,320.0,24.68,92.57045114504449,True,False
TiOx_02_Ni,10.1038/s41598-019-44607-3,TiOx,HARDWARE_ONLY,169,256,8,5,IDEALIZED_SINGLE_PAIR_GRADUAL,320.0,24.56,92.61155884123725,False,False
TiOx_02_Ni,10.1038/s41598-019-44607-3,TiOx,HARDWARE_ONLY,170,256,5,5,IDEALIZED_SINGLE_PAIR_GRADUAL,320.0,24.4,92.24416905887091,False,False
TiOx_02_Ni,10.1038/s41598-019-44607-3,TiOx,HARDWARE_ONLY,171,256,6,5,IDEALIZED_SINGLE_PAIR_GRADUAL,320.0,24.1,92.6043551267899,False,False
TiOx_02_Ni,10.1038/s41598-019-44607-3,TiOx,HARDWARE_ONLY,172,256,4,5,IDEALIZED_SINGLE_PAIR_GRADUAL,320.0,23.24,92.64806497724501,False,True
TiOx_02_Ni,10.1038/s41598-019-44607-3,TiOx,HARDWARE_ONLY,173,128,4,5,IDEALIZED_SINGLE_PAIR_GRADUAL,512.0,22.86,93.40266488972145,False,False
TiOx_02_Ni,10.1038/s41598-019-44607-3,TiOx,HARDWARE_ONLY,174,128,6,5,IDEALIZED_SINGLE_PAIR_GRADUAL,512.0,22.71,93.71046081929833,False,True
TiOx_02_Ni,10.1038/s41598-019-44607-3,TiOx,HARDWARE_ONLY,175,128,7,5,IDEALIZED_SINGLE_PAIR_GRADUAL,512.0,22.55,93.58277633996559,False,False
TiOx_02_Ni,10.1038/s41598-019-44607-3,TiOx,HARDWARE_ONLY,176,256,3,5,IDEALIZED_SINGLE_PAIR_GRADUAL,320.0,22.51,87.05411583755131,False,False
TiOx_02_Ni,10.1038/s41598-019-44607-3,TiOx,HARDWARE_ONLY,177,128,8,5,IDEALIZED_SINGLE_PAIR_GRADUAL,512.0,22.39,93.64900350005067,False,False
TiOx_02_Ni,10.1038/s41598-019-44607-3,TiOx,HARDWARE_ONLY,178,128,3,5,IDEALIZED_SINGLE_PAIR_GRADUAL,512.0,21.02,88.13711593112433,False,False
TiOx_02_Ni,10.1038/s41598-019-44607-3,TiOx,HARDWARE_ONLY,179,128,5,5,IDEALIZED_SINGLE_PAIR_GRADUAL,512.0,20.6,93.44499046581196,False,False
TiOx_02_Ni,10.1038/s41598-019-44607-3,TiOx,HARDWARE_ONLY,180,64,2,8,IDEALIZED_SINGLE_PAIR_GRADUAL,14336.0,12.06,11.258888243173478,False,False
TiOx_02_Ni,10.1038/s41598-019-44607-3,TiOx,HARDWARE_ONLY,181,128,2,8,IDEALIZED_SINGLE_PAIR_GRADUAL,4096.0,12.04,11.379200671134408,False,False
TiOx_02_Ni,10.1038/s41598-019-44607-3,TiOx,HARDWARE_ONLY,182,256,2,8,IDEALIZED_SINGLE_PAIR_GRADUAL,2560.0,11.76,11.393514612110117,False,False
TiOx_02_Ni,10.1038/s41598-019-44607-3,TiOx,HARDWARE_ONLY,183,256,2,10,IDEALIZED_SINGLE_PAIR_GRADUAL,10240.0,11.74,11.290771812896256,False,False
TiOx_02_Ni,10.1038/s41598-019-44607-3,TiOx,HARDWARE_ONLY,184,128,2,10,IDEALIZED_SINGLE_PAIR_GRADUAL,16384.0,11.62,11.266202513098017,False,False
TiOx_02_Ni,10.1038/s41598-019-44607-3,TiOx,HARDWARE_ONLY,185,32,2,8,IDEALIZED_SINGLE_PAIR_GRADUAL,53248.0,11.6,11.312625898434902,False,False
TiOx_02_Ni,10.1038/s41598-019-44607-3,TiOx,HARDWARE_ONLY,186,16,2,8,IDEALIZED_SINGLE_PAIR_GRADUAL,204800.0,11.45,11.361228299062043,False,False
TiOx_02_Ni,10.1038/s41598-019-44607-3,TiOx,HARDWARE_ONLY,187,16,2,10,IDEALIZED_SINGLE_PAIR_GRADUAL,819200.0,11.38,11.438624173160179,False,False
TiOx_02_Ni,10.1038/s41598-019-44607-3,TiOx,HARDWARE_ONLY,188,32,2,10,IDEALIZED_SINGLE_PAIR_GRADUAL,212992.0,11.27,11.323977538184037,False,False
TiOx_02_Ni,10.1038/s41598-019-44607-3,TiOx,HARDWARE_ONLY,189,128,2,9,IDEALIZED_SINGLE_PAIR_GRADUAL,8192.0,11.22,11.33686676055644,False,False
TiOx_02_Ni,10.1038/s41598-019-44607-3,TiOx,HARDWARE_ONLY,190,64,2,10,IDEALIZED_SINGLE_PAIR_GRADUAL,57344.0,11.19,11.31107287191402,False,False
TiOx_02_Ni,10.1038/s41598-019-44607-3,TiOx,HARDWARE_ONLY,191,16,2,9,IDEALIZED_SINGLE_PAIR_GRADUAL,409600.0,11.15,11.379461242063496,False,False
TiOx_02_Ni,10.1038/s41598-019-44607-3,TiOx,HARDWARE_ONLY,192,16,2,7,IDEALIZED_SINGLE_PAIR_GRADUAL,102400.0,10.96,11.307468428515927,False,False
TiOx_02_Ni,10.1038/s41598-019-44607-3,TiOx,HARDWARE_ONLY,193,32,2,9,IDEALIZED_SINGLE_PAIR_GRADUAL,106496.0,10.9,11.355929303946061,False,False
TiOx_02_Ni,10.1038/s41598-019-44607-3,TiOx,HARDWARE_ONLY,194,256,2,9,IDEALIZED_SINGLE_PAIR_GRADUAL,5120.0,10.86,11.348949837468092,False,False
TiOx_02_Ni,10.1038/s41598-019-44607-3,TiOx,HARDWARE_ONLY,195,64,2,9,IDEALIZED_SINGLE_PAIR_GRADUAL,28672.0,10.81,11.310496786435785,False,False
TiOx_02_Ni,10.1038/s41598-019-44607-3,TiOx,HARDWARE_ONLY,196,32,2,7,IDEALIZED_SINGLE_PAIR_GRADUAL,26624.0,10.52,11.346475497505768,False,False
TiOx_02_Ni,10.1038/s41598-019-44607-3,TiOx,HARDWARE_ONLY,197,16,2,6,IDEALIZED_SINGLE_PAIR_GRADUAL,51200.0,10.31,11.360339504995009,False,False
TiOx_02_Ni,10.1038/s41598-019-44607-3,TiOx,HARDWARE_ONLY,198,32,2,6,IDEALIZED_SINGLE_PAIR_GRADUAL,13312.0,9.99,11.269478081030085,False,False
TiOx_02_Ni,10.1038/s41598-019-44607-3,TiOx,HARDWARE_ONLY,199,16,2,5,IDEALIZED_SINGLE_PAIR_GRADUAL,25600.0,9.72,11.365353910755916,False,False
TiOx_02_Ni,10.1038/s41598-019-44607-3,TiOx,HARDWARE_ONLY,200,64,2,7,IDEALIZED_SINGLE_PAIR_GRADUAL,7168.0,9.62,11.167369908896653,False,False
TiOx_02_Ni,10.1038/s41598-019-44607-3,TiOx,HARDWARE_ONLY,201,64,2,6,IDEALIZED_SINGLE_PAIR_GRADUAL,3584.0,9.57,11.280106009712517,False,False
TiOx_02_Ni,10.1038/s41598-019-44607-3,TiOx,HARDWARE_ONLY,202,32,2,5,IDEALIZED_SINGLE_PAIR_GRADUAL,6656.0,9.44,11.509998810744802,False,False
TiOx_02_Ni,10.1038/s41598-019-44607-3,TiOx,HARDWARE_ONLY,203,128,2,7,IDEALIZED_SINGLE_PAIR_GRADUAL,2048.0,9.38,11.456421593573097,False,False
TiOx_02_Ni,10.1038/s41598-019-44607-3,TiOx,HARDWARE_ONLY,204,128,2,6,IDEALIZED_SINGLE_PAIR_GRADUAL,1024.0,9.26,11.25006146306472,False,False
TiOx_02_Ni,10.1038/s41598-019-44607-3,TiOx,HARDWARE_ONLY,205,256,2,7,IDEALIZED_SINGLE_PAIR_GRADUAL,1280.0,8.98,11.403106278110775,False,False
TiOx_02_Ni,10.1038/s41598-019-44607-3,TiOx,HARDWARE_ONLY,206,256,2,6,IDEALIZED_SINGLE_PAIR_GRADUAL,640.0,8.96,11.221796804861798,False,False
TiOx_02_Ni,10.1038/s41598-019-44607-3,TiOx,HARDWARE_ONLY,207,128,2,5,IDEALIZED_SINGLE_PAIR_GRADUAL,512.0,8.95,11.463277423862078,False,False
TiOx_02_Ni,10.1038/s41598-019-44607-3,TiOx,HARDWARE_ONLY,208,64,2,5,IDEALIZED_SINGLE_PAIR_GRADUAL,1792.0,8.95,11.537124878399373,False,False
TiOx_02_Ni,10.1038/s41598-019-44607-3,TiOx,HARDWARE_ONLY,209,16,4,4,IDEALIZED_SINGLE_PAIR_GRADUAL,12800.0,8.92,93.19499339180271,False,False
TiOx_02_Ni,10.1038/s41598-019-44607-3,TiOx,HARDWARE_ONLY,210,16,6,4,IDEALIZED_SINGLE_PAIR_GRADUAL,12800.0,8.92,93.32547189893448,False,False
TiOx_02_Ni,10.1038/s41598-019-44607-3,TiOx,HARDWARE_ONLY,211,16,8,4,IDEALIZED_SINGLE_PAIR_GRADUAL,12800.0,8.92,93.14429850774552,False,False
TiOx_02_Ni,10.1038/s41598-019-44607-3,TiOx,HARDWARE_ONLY,212,32,2,4,IDEALIZED_SINGLE_PAIR_GRADUAL,3328.0,8.92,11.590656196321646,False,False
TiOx_02_Ni,10.1038/s41598-019-44607-3,TiOx,HARDWARE_ONLY,213,64,4,4,IDEALIZED_SINGLE_PAIR_GRADUAL,896.0,8.92,85.88745320801415,False,False
TiOx_02_Ni,10.1038/s41598-019-44607-3,TiOx,HARDWARE_ONLY,214,64,3,4,IDEALIZED_SINGLE_PAIR_GRADUAL,896.0,8.92,81.54631653035688,False,False
TiOx_02_Ni,10.1038/s41598-019-44607-3,TiOx,HARDWARE_ONLY,215,32,8,4,IDEALIZED_SINGLE_PAIR_GRADUAL,3328.0,8.92,90.45721073043627,False,False
TiOx_02_Ni,10.1038/s41598-019-44607-3,TiOx,HARDWARE_ONLY,216,64,2,4,IDEALIZED_SINGLE_PAIR_GRADUAL,896.0,8.92,12.051523317682301,False,False
TiOx_02_Ni,10.1038/s41598-019-44607-3,TiOx,HARDWARE_ONLY,217,32,4,4,IDEALIZED_SINGLE_PAIR_GRADUAL,3328.0,8.92,90.53131304734161,False,False
TiOx_02_Ni,10.1038/s41598-019-44607-3,TiOx,HARDWARE_ONLY,218,32,5,4,IDEALIZED_SINGLE_PAIR_GRADUAL,3328.0,8.92,90.06434802447562,False,False
TiOx_02_Ni,10.1038/s41598-019-44607-3,TiOx,HARDWARE_ONLY,219,32,6,4,IDEALIZED_SINGLE_PAIR_GRADUAL,3328.0,8.92,90.52163047985347,False,False
TiOx_02_Ni,10.1038/s41598-019-44607-3,TiOx,HARDWARE_ONLY,220,32,7,4,IDEALIZED_SINGLE_PAIR_GRADUAL,3328.0,8.92,90.44241480650057,False,False
TiOx_02_Ni,10.1038/s41598-019-44607-3,TiOx,HARDWARE_ONLY,221,32,3,4,IDEALIZED_SINGLE_PAIR_GRADUAL,3328.0,8.92,86.99547624605945,False,False
TiOx_02_Ni,10.1038/s41598-019-44607-3,TiOx,HARDWARE_ONLY,222,16,3,4,IDEALIZED_SINGLE_PAIR_GRADUAL,12800.0,8.92,88.76266597545927,False,False
TiOx_02_Ni,10.1038/s41598-019-44607-3,TiOx,HARDWARE_ONLY,223,16,2,4,IDEALIZED_SINGLE_PAIR_GRADUAL,12800.0,8.92,11.652324550756443,False,False
TiOx_02_Ni,10.1038/s41598-019-44607-3,TiOx,HARDWARE_ONLY,224,16,5,4,IDEALIZED_SINGLE_PAIR_GRADUAL,12800.0,8.92,93.00124072055713,False,False
TiOx_02_Ni,10.1038/s41598-019-44607-3,TiOx,HARDWARE_ONLY,225,16,7,4,IDEALIZED_SINGLE_PAIR_GRADUAL,12800.0,8.92,93.12644959981698,False,False
TiOx_02_Ni,10.1038/s41598-019-44607-3,TiOx,HARDWARE_ONLY,226,64,5,4,IDEALIZED_SINGLE_PAIR_GRADUAL,896.0,8.92,85.60044589282937,False,False
TiOx_02_Ni,10.1038/s41598-019-44607-3,TiOx,HARDWARE_ONLY,227,64,8,4,IDEALIZED_SINGLE_PAIR_GRADUAL,896.0,8.92,86.383725005883,False,False
TiOx_02_Ni,10.1038/s41598-019-44607-3,TiOx,HARDWARE_ONLY,228,128,2,4,IDEALIZED_SINGLE_PAIR_GRADUAL,256.0,8.92,11.069705563159063,False,False
TiOx_02_Ni,10.1038/s41598-019-44607-3,TiOx,HARDWARE_ONLY,229,128,6,4,IDEALIZED_SINGLE_PAIR_GRADUAL,256.0,8.92,74.86270784668115,False,False
TiOx_02_Ni,10.1038/s41598-019-44607-3,TiOx,HARDWARE_ONLY,230,128,5,4,IDEALIZED_SINGLE_PAIR_GRADUAL,256.0,8.92,74.6242338150412,False,False
TiOx_02_Ni,10.1038/s41598-019-44607-3,TiOx,HARDWARE_ONLY,231,128,3,4,IDEALIZED_SINGLE_PAIR_GRADUAL,256.0,8.92,73.9687158418901,False,False
TiOx_02_Ni,10.1038/s41598-019-44607-3,TiOx,HARDWARE_ONLY,232,128,4,4,IDEALIZED_SINGLE_PAIR_GRADUAL,256.0,8.92,75.23810788927739,False,False
TiOx_02_Ni,10.1038/s41598-019-44607-3,TiOx,HARDWARE_ONLY,233,64,6,4,IDEALIZED_SINGLE_PAIR_GRADUAL,896.0,8.92,86.25967576620606,False,False
TiOx_02_Ni,10.1038/s41598-019-44607-3,TiOx,HARDWARE_ONLY,234,64,7,4,IDEALIZED_SINGLE_PAIR_GRADUAL,896.0,8.92,86.07870172261075,False,False
TiOx_02_Ni,10.1038/s41598-019-44607-3,TiOx,HARDWARE_ONLY,235,128,8,4,IDEALIZED_SINGLE_PAIR_GRADUAL,256.0,8.92,75.25965525529378,False,True
TiOx_02_Ni,10.1038/s41598-019-44607-3,TiOx,HARDWARE_ONLY,236,128,7,4,IDEALIZED_SINGLE_PAIR_GRADUAL,256.0,8.92,74.87650142404331,False,False
TiOx_02_Ni,10.1038/s41598-019-44607-3,TiOx,HARDWARE_ONLY,237,256,4,4,IDEALIZED_SINGLE_PAIR_GRADUAL,160.0,8.92,73.46082202047965,True,True
TiOx_02_Ni,10.1038/s41598-019-44607-3,TiOx,HARDWARE_ONLY,238,256,3,4,IDEALIZED_SINGLE_PAIR_GRADUAL,160.0,8.92,70.42610617876565,True,False
TiOx_02_Ni,10.1038/s41598-019-44607-3,TiOx,HARDWARE_ONLY,239,256,2,5,IDEALIZED_SINGLE_PAIR_GRADUAL,320.0,8.92,11.35361113475412,False,False
TiOx_02_Ni,10.1038/s41598-019-44607-3,TiOx,HARDWARE_ONLY,240,256,2,4,IDEALIZED_SINGLE_PAIR_GRADUAL,160.0,8.92,10.51367646170496,True,False
TiOx_02_Ni,10.1038/s41598-019-44607-3,TiOx,HARDWARE_ONLY,241,256,6,4,IDEALIZED_SINGLE_PAIR_GRADUAL,160.0,8.92,72.60088311058446,True,False
TiOx_02_Ni,10.1038/s41598-019-44607-3,TiOx,HARDWARE_ONLY,242,256,5,4,IDEALIZED_SINGLE_PAIR_GRADUAL,160.0,8.92,71.84604338602924,True,False
TiOx_02_Ni,10.1038/s41598-019-44607-3,TiOx,HARDWARE_ONLY,243,256,7,4,IDEALIZED_SINGLE_PAIR_GRADUAL,160.0,8.92,73.01686313025867,True,False
TiOx_02_Ni,10.1038/s41598-019-44607-3,TiOx,HARDWARE_ONLY,244,256,8,4,IDEALIZED_SINGLE_PAIR_GRADUAL,160.0,8.92,72.28697976717721,True,False
TiOx_02_Ni,10.1038/s41598-019-44607-3,TiOx,FULL_DEVICE_AWARE,0,32,7,10,IDEALIZED_SINGLE_PAIR_GRADUAL,212992.0,96.31,96.21647490909079,True,False
TiOx_02_Ni,10.1038/s41598-019-44607-3,TiOx,FULL_DEVICE_AWARE,1,32,6,10,IDEALIZED_SINGLE_PAIR_GRADUAL,212992.0,96.29,96.2785192777778,False,False
TiOx_02_Ni,10.1038/s41598-019-44607-3,TiOx,FULL_DEVICE_AWARE,2,64,6,10,IDEALIZED_SINGLE_PAIR_GRADUAL,57344.0,96.28,96.28066882539684,True,True
TiOx_02_Ni,10.1038/s41598-019-44607-3,TiOx,FULL_DEVICE_AWARE,3,16,6,10,IDEALIZED_SINGLE_PAIR_GRADUAL,819200.0,96.25,96.29314215079364,False,True
TiOx_02_Ni,10.1038/s41598-019-44607-3,TiOx,FULL_DEVICE_AWARE,4,32,8,10,IDEALIZED_SINGLE_PAIR_GRADUAL,212992.0,96.24,96.2430749999999,False,False
TiOx_02_Ni,10.1038/s41598-019-44607-3,TiOx,FULL_DEVICE_AWARE,5,256,8,10,IDEALIZED_SINGLE_PAIR_GRADUAL,10240.0,96.24,96.20090015079383,True,False
TiOx_02_Ni,10.1038/s41598-019-44607-3,TiOx,FULL_DEVICE_AWARE,6,64,5,10,IDEALIZED_SINGLE_PAIR_GRADUAL,57344.0,96.23,96.16965436507931,False,False
TiOx_02_Ni,10.1038/s41598-019-44607-3,TiOx,FULL_DEVICE_AWARE,7,32,5,10,IDEALIZED_SINGLE_PAIR_GRADUAL,212992.0,96.23,96.15351284126983,False,False
TiOx_02_Ni,10.1038/s41598-019-44607-3,TiOx,FULL_DEVICE_AWARE,8,64,7,10,IDEALIZED_SINGLE_PAIR_GRADUAL,57344.0,96.21,96.20816412698403,False,False
TiOx_02_Ni,10.1038/s41598-019-44607-3,TiOx,FULL_DEVICE_AWARE,9,128,8,10,IDEALIZED_SINGLE_PAIR_GRADUAL,16384.0,96.21,96.20900115873006,False,False
TiOx_02_Ni,10.1038/s41598-019-44607-3,TiOx,FULL_DEVICE_AWARE,10,16,7,9,IDEALIZED_SINGLE_PAIR_GRADUAL,409600.0,96.2,96.21204065873017,False,False
TiOx_02_Ni,10.1038/s41598-019-44607-3,TiOx,FULL_DEVICE_AWARE,11,128,7,10,IDEALIZED_SINGLE_PAIR_GRADUAL,16384.0,96.19,96.19913921428561,False,False
TiOx_02_Ni,10.1038/s41598-019-44607-3,TiOx,FULL_DEVICE_AWARE,12,16,7,10,IDEALIZED_SINGLE_PAIR_GRADUAL,819200.0,96.19,96.20545323015871,False,False
TiOx_02_Ni,10.1038/s41598-019-44607-3,TiOx,FULL_DEVICE_AWARE,13,128,6,10,IDEALIZED_SINGLE_PAIR_GRADUAL,16384.0,96.19,96.26002517460337,False,True
TiOx_02_Ni,10.1038/s41598-019-44607-3,TiOx,FULL_DEVICE_AWARE,14,256,6,10,IDEALIZED_SINGLE_PAIR_GRADUAL,10240.0,96.18,96.25512152525269,False,True
TiOx_02_Ni,10.1038/s41598-019-44607-3,TiOx,FULL_DEVICE_AWARE,15,16,5,9,IDEALIZED_SINGLE_PAIR_GRADUAL,409600.0,96.18,96.15833218253955,False,False
TiOx_02_Ni,10.1038/s41598-019-44607-3,TiOx,FULL_DEVICE_AWARE,16,16,8,10,IDEALIZED_SINGLE_PAIR_GRADUAL,819200.0,96.17,96.23289725396819,False,False
TiOx_02_Ni,10.1038/s41598-019-44607-3,TiOx,FULL_DEVICE_AWARE,17,16,8,9,IDEALIZED_SINGLE_PAIR_GRADUAL,409600.0,96.14,96.22448450000005,False,False
TiOx_02_Ni,10.1038/s41598-019-44607-3,TiOx,FULL_DEVICE_AWARE,18,16,5,10,IDEALIZED_SINGLE_PAIR_GRADUAL,819200.0,96.14,96.1522644523809,False,False
TiOx_02_Ni,10.1038/s41598-019-44607-3,TiOx,FULL_DEVICE_AWARE,19,64,8,10,IDEALIZED_SINGLE_PAIR_GRADUAL,57344.0,96.14,96.2235657142856,False,False
TiOx_02_Ni,10.1038/s41598-019-44607-3,TiOx,FULL_DEVICE_AWARE,20,32,8,9,IDEALIZED_SINGLE_PAIR_GRADUAL,106496.0,96.13,96.23366957142862,False,False
TiOx_02_Ni,10.1038/s41598-019-44607-3,TiOx,FULL_DEVICE_AWARE,21,32,6,9,IDEALIZED_SINGLE_PAIR_GRADUAL,106496.0,96.12,96.2519551666666,False,False
TiOx_02_Ni,10.1038/s41598-019-44607-3,TiOx,FULL_DEVICE_AWARE,22,16,4,10,IDEALIZED_SINGLE_PAIR_GRADUAL,819200.0,96.1,96.06842672222224,False,False
TiOx_02_Ni,10.1038/s41598-019-44607-3,TiOx,FULL_DEVICE_AWARE,23,256,7,10,IDEALIZED_SINGLE_PAIR_GRADUAL,10240.0,96.09,96.19255896031747,False,False
TiOx_02_Ni,10.1038/s41598-019-44607-3,TiOx,FULL_DEVICE_AWARE,24,32,4,10,IDEALIZED_SINGLE_PAIR_GRADUAL,212992.0,96.08,96.06516420634924,False,False
TiOx_02_Ni,10.1038/s41598-019-44607-3,TiOx,FULL_DEVICE_AWARE,25,128,5,10,IDEALIZED_SINGLE_PAIR_GRADUAL,16384.0,96.08,96.16176946031744,False,False
TiOx_02_Ni,10.1038/s41598-019-44607-3,TiOx,FULL_DEVICE_AWARE,26,256,5,10,IDEALIZED_SINGLE_PAIR_GRADUAL,10240.0,96.06,96.12933678571433,False,False
TiOx_02_Ni,10.1038/s41598-019-44607-3,TiOx,FULL_DEVICE_AWARE,27,16,6,9,IDEALIZED_SINGLE_PAIR_GRADUAL,409600.0,96.06,96.2591953015873,False,False
TiOx_02_Ni,10.1038/s41598-019-44607-3,TiOx,FULL_DEVICE_AWARE,28,32,7,9,IDEALIZED_SINGLE_PAIR_GRADUAL,106496.0,96.05,96.23064868686859,False,False
TiOx_02_Ni,10.1038/s41598-019-44607-3,TiOx,FULL_DEVICE_AWARE,29,16,7,8,IDEALIZED_SINGLE_PAIR_GRADUAL,204800.0,96.03,96.19831320634924,False,False
TiOx_02_Ni,10.1038/s41598-019-44607-3,TiOx,FULL_DEVICE_AWARE,30,32,4,9,IDEALIZED_SINGLE_PAIR_GRADUAL,106496.0,96.03,96.07089411111099,False,False
TiOx_02_Ni,10.1038/s41598-019-44607-3,TiOx,FULL_DEVICE_AWARE,31,16,4,9,IDEALIZED_SINGLE_PAIR_GRADUAL,409600.0,96.0,96.07650995238086,False,False
TiOx_02_Ni,10.1038/s41598-019-44607-3,TiOx,FULL_DEVICE_AWARE,32,64,4,10,IDEALIZED_SINGLE_PAIR_GRADUAL,57344.0,96.0,96.06231196825391,False,False
TiOx_02_Ni,10.1038/s41598-019-44607-3,TiOx,FULL_DEVICE_AWARE,33,16,6,8,IDEALIZED_SINGLE_PAIR_GRADUAL,204800.0,95.97,96.23749668253969,False,False
TiOx_02_Ni,10.1038/s41598-019-44607-3,TiOx,FULL_DEVICE_AWARE,34,16,5,8,IDEALIZED_SINGLE_PAIR_GRADUAL,204800.0,95.97,96.1517875714286,False,False
TiOx_02_Ni,10.1038/s41598-019-44607-3,TiOx,FULL_DEVICE_AWARE,35,128,4,10,IDEALIZED_SINGLE_PAIR_GRADUAL,16384.0,95.96,96.04602945238092,False,False
TiOx_02_Ni,10.1038/s41598-019-44607-3,TiOx,FULL_DEVICE_AWARE,36,256,4,10,IDEALIZED_SINGLE_PAIR_GRADUAL,10240.0,95.95,96.04001873015875,False,False
TiOx_02_Ni,10.1038/s41598-019-44607-3,TiOx,FULL_DEVICE_AWARE,37,64,7,9,IDEALIZED_SINGLE_PAIR_GRADUAL,28672.0,95.95,96.23218619047617,False,False
TiOx_02_Ni,10.1038/s41598-019-44607-3,TiOx,FULL_DEVICE_AWARE,38,64,5,9,IDEALIZED_SINGLE_PAIR_GRADUAL,28672.0,95.89,96.16732254112557,False,False
TiOx_02_Ni,10.1038/s41598-019-44607-3,TiOx,FULL_DEVICE_AWARE,39,64,4,9,IDEALIZED_SINGLE_PAIR_GRADUAL,28672.0,95.89,96.07163508730142,False,False
TiOx_02_Ni,10.1038/s41598-019-44607-3,TiOx,FULL_DEVICE_AWARE,40,16,4,8,IDEALIZED_SINGLE_PAIR_GRADUAL,204800.0,95.88,96.07335188095223,False,False
TiOx_02_Ni,10.1038/s41598-019-44607-3,TiOx,FULL_DEVICE_AWARE,41,32,5,9,IDEALIZED_SINGLE_PAIR_GRADUAL,106496.0,95.88,96.16024814285711,False,False
TiOx_02_Ni,10.1038/s41598-019-44607-3,TiOx,FULL_DEVICE_AWARE,42,64,8,9,IDEALIZED_SINGLE_PAIR_GRADUAL,28672.0,95.85,96.22246889682546,False,False
TiOx_02_Ni,10.1038/s41598-019-44607-3,TiOx,FULL_DEVICE_AWARE,43,16,8,8,IDEALIZED_SINGLE_PAIR_GRADUAL,204800.0,95.85,96.19072261038971,False,False
TiOx_02_Ni,10.1038/s41598-019-44607-3,TiOx,FULL_DEVICE_AWARE,44,64,6,9,IDEALIZED_SINGLE_PAIR_GRADUAL,28672.0,95.83,96.26489407936502,False,True
TiOx_02_Ni,10.1038/s41598-019-44607-3,TiOx,FULL_DEVICE_AWARE,45,256,6,9,IDEALIZED_SINGLE_PAIR_GRADUAL,5120.0,95.73,96.22163507287154,True,False
TiOx_02_Ni,10.1038/s41598-019-44607-3,TiOx,FULL_DEVICE_AWARE,46,128,8,9,IDEALIZED_SINGLE_PAIR_GRADUAL,8192.0,95.73,96.2120943253969,False,False
TiOx_02_Ni,10.1038/s41598-019-44607-3,TiOx,FULL_DEVICE_AWARE,47,128,7,9,IDEALIZED_SINGLE_PAIR_GRADUAL,8192.0,95.69,96.22548026190488,False,False
TiOx_02_Ni,10.1038/s41598-019-44607-3,TiOx,FULL_DEVICE_AWARE,48,128,6,9,IDEALIZED_SINGLE_PAIR_GRADUAL,8192.0,95.67,96.24368018253968,False,True
TiOx_02_Ni,10.1038/s41598-019-44607-3,TiOx,FULL_DEVICE_AWARE,49,128,5,9,IDEALIZED_SINGLE_PAIR_GRADUAL,8192.0,95.66,96.16001768398266,False,False
TiOx_02_Ni,10.1038/s41598-019-44607-3,TiOx,FULL_DEVICE_AWARE,50,256,8,9,IDEALIZED_SINGLE_PAIR_GRADUAL,5120.0,95.65,96.20516191269847,False,False
TiOx_02_Ni,10.1038/s41598-019-44607-3,TiOx,FULL_DEVICE_AWARE,51,256,5,9,IDEALIZED_SINGLE_PAIR_GRADUAL,5120.0,95.63,96.12607235064938,False,False
TiOx_02_Ni,10.1038/s41598-019-44607-3,TiOx,FULL_DEVICE_AWARE,52,32,5,8,IDEALIZED_SINGLE_PAIR_GRADUAL,53248.0,95.6,96.1616273095238,False,False
TiOx_02_Ni,10.1038/s41598-019-44607-3,TiOx,FULL_DEVICE_AWARE,53,32,7,8,IDEALIZED_SINGLE_PAIR_GRADUAL,53248.0,95.56,96.20178333333341,False,False
TiOx_02_Ni,10.1038/s41598-019-44607-3,TiOx,FULL_DEVICE_AWARE,54,256,7,9,IDEALIZED_SINGLE_PAIR_GRADUAL,5120.0,95.55,96.21968631746029,False,False
TiOx_02_Ni,10.1038/s41598-019-44607-3,TiOx,FULL_DEVICE_AWARE,55,32,8,8,IDEALIZED_SINGLE_PAIR_GRADUAL,53248.0,95.54,96.18876254689764,False,False
TiOx_02_Ni,10.1038/s41598-019-44607-3,TiOx,FULL_DEVICE_AWARE,56,32,6,8,IDEALIZED_SINGLE_PAIR_GRADUAL,53248.0,95.48,96.22835232539678,False,False
TiOx_02_Ni,10.1038/s41598-019-44607-3,TiOx,FULL_DEVICE_AWARE,57,128,4,9,IDEALIZED_SINGLE_PAIR_GRADUAL,8192.0,95.47,96.07132721717166,False,False
TiOx_02_Ni,10.1038/s41598-019-44607-3,TiOx,FULL_DEVICE_AWARE,58,256,4,9,IDEALIZED_SINGLE_PAIR_GRADUAL,5120.0,95.36,96.06140299206353,False,False
TiOx_02_Ni,10.1038/s41598-019-44607-3,TiOx,FULL_DEVICE_AWARE,59,32,4,8,IDEALIZED_SINGLE_PAIR_GRADUAL,53248.0,95.28,96.06957738095227,False,False
TiOx_02_Ni,10.1038/s41598-019-44607-3,TiOx,FULL_DEVICE_AWARE,60,64,8,8,IDEALIZED_SINGLE_PAIR_GRADUAL,14336.0,94.99,96.17897643578657,False,False
TiOx_02_Ni,10.1038/s41598-019-44607-3,TiOx,FULL_DEVICE_AWARE,61,16,7,7,IDEALIZED_SINGLE_PAIR_GRADUAL,102400.0,94.89,96.18256651587289,False,False
TiOx_02_Ni,10.1038/s41598-019-44607-3,TiOx,FULL_DEVICE_AWARE,62,64,7,8,IDEALIZED_SINGLE_PAIR_GRADUAL,14336.0,94.86,96.19516374603191,False,False
TiOx_02_Ni,10.1038/s41598-019-44607-3,TiOx,FULL_DEVICE_AWARE,63,64,6,8,IDEALIZED_SINGLE_PAIR_GRADUAL,14336.0,94.85,96.23280002380955,False,False
TiOx_02_Ni,10.1038/s41598-019-44607-3,TiOx,FULL_DEVICE_AWARE,64,64,4,8,IDEALIZED_SINGLE_PAIR_GRADUAL,14336.0,94.79,96.06848857936495,False,False
TiOx_02_Ni,10.1038/s41598-019-44607-3,TiOx,FULL_DEVICE_AWARE,65,16,6,7,IDEALIZED_SINGLE_PAIR_GRADUAL,102400.0,94.79,96.19554555555536,False,False
TiOx_02_Ni,10.1038/s41598-019-44607-3,TiOx,FULL_DEVICE_AWARE,66,16,8,7,IDEALIZED_SINGLE_PAIR_GRADUAL,102400.0,94.78,96.17004404761909,False,False
TiOx_02_Ni,10.1038/s41598-019-44607-3,TiOx,FULL_DEVICE_AWARE,67,16,4,7,IDEALIZED_SINGLE_PAIR_GRADUAL,102400.0,94.72,95.98597193650805,False,False
TiOx_02_Ni,10.1038/s41598-019-44607-3,TiOx,FULL_DEVICE_AWARE,68,64,5,8,IDEALIZED_SINGLE_PAIR_GRADUAL,14336.0,94.63,96.17306556493503,False,False
TiOx_02_Ni,10.1038/s41598-019-44607-3,TiOx,FULL_DEVICE_AWARE,69,16,5,7,IDEALIZED_SINGLE_PAIR_GRADUAL,102400.0,94.53,96.08703415873032,False,False
TiOx_02_Ni,10.1038/s41598-019-44607-3,TiOx,FULL_DEVICE_AWARE,70,32,4,7,IDEALIZED_SINGLE_PAIR_GRADUAL,26624.0,93.9,95.99061956349219,False,False
TiOx_02_Ni,10.1038/s41598-019-44607-3,TiOx,FULL_DEVICE_AWARE,71,32,8,7,IDEALIZED_SINGLE_PAIR_GRADUAL,26624.0,93.89,96.16744974603182,False,False
TiOx_02_Ni,10.1038/s41598-019-44607-3,TiOx,FULL_DEVICE_AWARE,72,32,7,7,IDEALIZED_SINGLE_PAIR_GRADUAL,26624.0,93.76,96.18710574603159,False,False
TiOx_02_Ni,10.1038/s41598-019-44607-3,TiOx,FULL_DEVICE_AWARE,73,32,6,7,IDEALIZED_SINGLE_PAIR_GRADUAL,26624.0,93.57,96.20350326190457,False,False
TiOx_02_Ni,10.1038/s41598-019-44607-3,TiOx,FULL_DEVICE_AWARE,74,32,5,7,IDEALIZED_SINGLE_PAIR_GRADUAL,26624.0,93.56,96.09209844444449,False,False
TiOx_02_Ni,10.1038/s41598-019-44607-3,TiOx,FULL_DEVICE_AWARE,75,128,6,8,IDEALIZED_SINGLE_PAIR_GRADUAL,4096.0,93.22,96.23291416450208,True,True
TiOx_02_Ni,10.1038/s41598-019-44607-3,TiOx,FULL_DEVICE_AWARE,76,128,4,8,IDEALIZED_SINGLE_PAIR_GRADUAL,4096.0,93.11,96.07580098701294,False,False
TiOx_02_Ni,10.1038/s41598-019-44607-3,TiOx,FULL_DEVICE_AWARE,77,128,7,8,IDEALIZED_SINGLE_PAIR_GRADUAL,4096.0,92.9,96.21738745021652,False,False
TiOx_02_Ni,10.1038/s41598-019-44607-3,TiOx,FULL_DEVICE_AWARE,78,128,8,8,IDEALIZED_SINGLE_PAIR_GRADUAL,4096.0,92.87,96.19916860101016,False,False
TiOx_02_Ni,10.1038/s41598-019-44607-3,TiOx,FULL_DEVICE_AWARE,79,256,6,8,IDEALIZED_SINGLE_PAIR_GRADUAL,2560.0,92.8,96.21529372943711,True,False
TiOx_02_Ni,10.1038/s41598-019-44607-3,TiOx,FULL_DEVICE_AWARE,80,256,8,8,IDEALIZED_SINGLE_PAIR_GRADUAL,2560.0,92.69,96.1951004025975,False,False
TiOx_02_Ni,10.1038/s41598-019-44607-3,TiOx,FULL_DEVICE_AWARE,81,256,4,8,IDEALIZED_SINGLE_PAIR_GRADUAL,2560.0,92.69,96.06796664285716,False,False
TiOx_02_Ni,10.1038/s41598-019-44607-3,TiOx,FULL_DEVICE_AWARE,82,128,5,8,IDEALIZED_SINGLE_PAIR_GRADUAL,4096.0,92.67,96.14617313636356,False,False
TiOx_02_Ni,10.1038/s41598-019-44607-3,TiOx,FULL_DEVICE_AWARE,83,16,6,6,IDEALIZED_SINGLE_PAIR_GRADUAL,51200.0,92.63,96.03763550793654,False,False
TiOx_02_Ni,10.1038/s41598-019-44607-3,TiOx,FULL_DEVICE_AWARE,84,256,7,8,IDEALIZED_SINGLE_PAIR_GRADUAL,2560.0,92.62,96.21593281529576,False,True
TiOx_02_Ni,10.1038/s41598-019-44607-3,TiOx,FULL_DEVICE_AWARE,85,16,7,6,IDEALIZED_SINGLE_PAIR_GRADUAL,51200.0,92.54,96.06625979365076,False,False
TiOx_02_Ni,10.1038/s41598-019-44607-3,TiOx,FULL_DEVICE_AWARE,86,16,8,6,IDEALIZED_SINGLE_PAIR_GRADUAL,51200.0,92.52,96.06506079365076,False,False
TiOx_02_Ni,10.1038/s41598-019-44607-3,TiOx,FULL_DEVICE_AWARE,87,16,5,6,IDEALIZED_SINGLE_PAIR_GRADUAL,51200.0,92.36,95.97545165079364,False,False
TiOx_02_Ni,10.1038/s41598-019-44607-3,TiOx,FULL_DEVICE_AWARE,88,16,3,10,IDEALIZED_SINGLE_PAIR_GRADUAL,819200.0,92.17,92.2215389920637,False,False
TiOx_02_Ni,10.1038/s41598-019-44607-3,TiOx,FULL_DEVICE_AWARE,89,256,5,8,IDEALIZED_SINGLE_PAIR_GRADUAL,2560.0,92.15,96.10275866017318,False,False
TiOx_02_Ni,10.1038/s41598-019-44607-3,TiOx,FULL_DEVICE_AWARE,90,32,3,10,IDEALIZED_SINGLE_PAIR_GRADUAL,212992.0,92.09,92.22362646825405,False,False
TiOx_02_Ni,10.1038/s41598-019-44607-3,TiOx,FULL_DEVICE_AWARE,91,64,3,10,IDEALIZED_SINGLE_PAIR_GRADUAL,57344.0,92.02,92.223485468254,False,False
TiOx_02_Ni,10.1038/s41598-019-44607-3,TiOx,FULL_DEVICE_AWARE,92,16,3,9,IDEALIZED_SINGLE_PAIR_GRADUAL,409600.0,92.0,92.20970071428589,False,False
TiOx_02_Ni,10.1038/s41598-019-44607-3,TiOx,FULL_DEVICE_AWARE,93,256,3,10,IDEALIZED_SINGLE_PAIR_GRADUAL,10240.0,91.98,92.20576038888888,False,False
TiOx_02_Ni,10.1038/s41598-019-44607-3,TiOx,FULL_DEVICE_AWARE,94,128,3,10,IDEALIZED_SINGLE_PAIR_GRADUAL,16384.0,91.93,92.19636542857147,False,False
TiOx_02_Ni,10.1038/s41598-019-44607-3,TiOx,FULL_DEVICE_AWARE,95,16,4,6,IDEALIZED_SINGLE_PAIR_GRADUAL,51200.0,91.86,95.95804598412703,False,False
TiOx_02_Ni,10.1038/s41598-019-44607-3,TiOx,FULL_DEVICE_AWARE,96,64,6,7,IDEALIZED_SINGLE_PAIR_GRADUAL,7168.0,91.61,96.1647374920634,False,False
TiOx_02_Ni,10.1038/s41598-019-44607-3,TiOx,FULL_DEVICE_AWARE,97,64,8,7,IDEALIZED_SINGLE_PAIR_GRADUAL,7168.0,91.55,96.121553531746,False,False
TiOx_02_Ni,10.1038/s41598-019-44607-3,TiOx,FULL_DEVICE_AWARE,98,32,3,9,IDEALIZED_SINGLE_PAIR_GRADUAL,106496.0,91.54,92.21212207936513,False,False
TiOx_02_Ni,10.1038/s41598-019-44607-3,TiOx,FULL_DEVICE_AWARE,99,64,7,7,IDEALIZED_SINGLE_PAIR_GRADUAL,7168.0,91.37,96.13418454761894,False,False
TiOx_02_Ni,10.1038/s41598-019-44607-3,TiOx,FULL_DEVICE_AWARE,100,16,3,8,IDEALIZED_SINGLE_PAIR_GRADUAL,204800.0,91.35,92.06059171428574,False,False
TiOx_02_Ni,10.1038/s41598-019-44607-3,TiOx,FULL_DEVICE_AWARE,101,32,3,8,IDEALIZED_SINGLE_PAIR_GRADUAL,53248.0,91.25,92.05961004761906,False,False
TiOx_02_Ni,10.1038/s41598-019-44607-3,TiOx,FULL_DEVICE_AWARE,102,64,3,9,IDEALIZED_SINGLE_PAIR_GRADUAL,28672.0,91.16,92.20960557936515,False,False
TiOx_02_Ni,10.1038/s41598-019-44607-3,TiOx,FULL_DEVICE_AWARE,103,128,3,9,IDEALIZED_SINGLE_PAIR_GRADUAL,8192.0,91.11,92.17486274603183,False,False
TiOx_02_Ni,10.1038/s41598-019-44607-3,TiOx,FULL_DEVICE_AWARE,104,256,3,9,IDEALIZED_SINGLE_PAIR_GRADUAL,5120.0,91.06,92.18420917460321,False,False
TiOx_02_Ni,10.1038/s41598-019-44607-3,TiOx,FULL_DEVICE_AWARE,105,64,4,7,IDEALIZED_SINGLE_PAIR_GRADUAL,7168.0,91.03,95.91976957936521,False,False
TiOx_02_Ni,10.1038/s41598-019-44607-3,TiOx,FULL_DEVICE_AWARE,106,64,5,7,IDEALIZED_SINGLE_PAIR_GRADUAL,7168.0,90.94,96.07494371428571,False,False
TiOx_02_Ni,10.1038/s41598-019-44607-3,TiOx,FULL_DEVICE_AWARE,107,64,3,8,IDEALIZED_SINGLE_PAIR_GRADUAL,14336.0,90.53,92.0401271666667,False,False
TiOx_02_Ni,10.1038/s41598-019-44607-3,TiOx,FULL_DEVICE_AWARE,108,32,4,6,IDEALIZED_SINGLE_PAIR_GRADUAL,13312.0,90.0,95.74653583333341,False,False
TiOx_02_Ni,10.1038/s41598-019-44607-3,TiOx,FULL_DEVICE_AWARE,109,32,6,6,IDEALIZED_SINGLE_PAIR_GRADUAL,13312.0,89.54,95.8037465634922,False,False
TiOx_02_Ni,10.1038/s41598-019-44607-3,TiOx,FULL_DEVICE_AWARE,110,32,8,6,IDEALIZED_SINGLE_PAIR_GRADUAL,13312.0,89.4,95.83560351587319,False,False
TiOx_02_Ni,10.1038/s41598-019-44607-3,TiOx,FULL_DEVICE_AWARE,111,16,3,7,IDEALIZED_SINGLE_PAIR_GRADUAL,102400.0,89.31,91.76927236507939,False,False
TiOx_02_Ni,10.1038/s41598-019-44607-3,TiOx,FULL_DEVICE_AWARE,112,32,7,6,IDEALIZED_SINGLE_PAIR_GRADUAL,13312.0,89.22,95.83734251587319,False,False
TiOx_02_Ni,10.1038/s41598-019-44607-3,TiOx,FULL_DEVICE_AWARE,113,128,3,8,IDEALIZED_SINGLE_PAIR_GRADUAL,4096.0,88.96,91.99577304761912,False,False
TiOx_02_Ni,10.1038/s41598-019-44607-3,TiOx,FULL_DEVICE_AWARE,114,32,5,6,IDEALIZED_SINGLE_PAIR_GRADUAL,13312.0,88.58,95.75767678571434,False,False
TiOx_02_Ni,10.1038/s41598-019-44607-3,TiOx,FULL_DEVICE_AWARE,115,256,3,8,IDEALIZED_SINGLE_PAIR_GRADUAL,2560.0,87.94,91.993711952381,False,False
TiOx_02_Ni,10.1038/s41598-019-44607-3,TiOx,FULL_DEVICE_AWARE,116,128,6,7,IDEALIZED_SINGLE_PAIR_GRADUAL,2048.0,85.27,95.98946553174619,True,False
TiOx_02_Ni,10.1038/s41598-019-44607-3,TiOx,FULL_DEVICE_AWARE,117,128,8,7,IDEALIZED_SINGLE_PAIR_GRADUAL,2048.0,85.0,95.8856885642135,False,False
TiOx_02_Ni,10.1038/s41598-019-44607-3,TiOx,FULL_DEVICE_AWARE,118,128,7,7,IDEALIZED_SINGLE_PAIR_GRADUAL,2048.0,84.83,95.90563694516588,False,False
TiOx_02_Ni,10.1038/s41598-019-44607-3,TiOx,FULL_DEVICE_AWARE,119,32,3,7,IDEALIZED_SINGLE_PAIR_GRADUAL,26624.0,84.82,91.76637836507938,False,False
TiOx_02_Ni,10.1038/s41598-019-44607-3,TiOx,FULL_DEVICE_AWARE,120,16,3,6,IDEALIZED_SINGLE_PAIR_GRADUAL,51200.0,84.44,90.35510366666654,False,False
TiOx_02_Ni,10.1038/s41598-019-44607-3,TiOx,FULL_DEVICE_AWARE,121,128,5,7,IDEALIZED_SINGLE_PAIR_GRADUAL,2048.0,84.41,95.94953666666677,False,False
TiOx_02_Ni,10.1038/s41598-019-44607-3,TiOx,FULL_DEVICE_AWARE,122,128,4,7,IDEALIZED_SINGLE_PAIR_GRADUAL,2048.0,84.08,95.83996926984129,False,False
TiOx_02_Ni,10.1038/s41598-019-44607-3,TiOx,FULL_DEVICE_AWARE,123,64,4,6,IDEALIZED_SINGLE_PAIR_GRADUAL,3584.0,82.65,95.34070039682535,False,False
TiOx_02_Ni,10.1038/s41598-019-44607-3,TiOx,FULL_DEVICE_AWARE,124,64,6,6,IDEALIZED_SINGLE_PAIR_GRADUAL,3584.0,81.45,95.38373171428556,False,False
TiOx_02_Ni,10.1038/s41598-019-44607-3,TiOx,FULL_DEVICE_AWARE,125,64,7,6,IDEALIZED_SINGLE_PAIR_GRADUAL,3584.0,81.3,95.41552557142832,False,False
TiOx_02_Ni,10.1038/s41598-019-44607-3,TiOx,FULL_DEVICE_AWARE,126,64,8,6,IDEALIZED_SINGLE_PAIR_GRADUAL,3584.0,81.27,95.4142355714283,False,False
TiOx_02_Ni,10.1038/s41598-019-44607-3,TiOx,FULL_DEVICE_AWARE,127,64,5,6,IDEALIZED_SINGLE_PAIR_GRADUAL,3584.0,81.17,95.34189639682533,False,False
TiOx_02_Ni,10.1038/s41598-019-44607-3,TiOx,FULL_DEVICE_AWARE,128,64,3,7,IDEALIZED_SINGLE_PAIR_GRADUAL,7168.0,80.3,91.65547341269851,False,False
TiOx_02_Ni,10.1038/s41598-019-44607-3,TiOx,FULL_DEVICE_AWARE,129,256,4,7,IDEALIZED_SINGLE_PAIR_GRADUAL,1280.0,75.99,95.83658339682539,True,False
TiOx_02_Ni,10.1038/s41598-019-44607-3,TiOx,FULL_DEVICE_AWARE,130,256,6,7,IDEALIZED_SINGLE_PAIR_GRADUAL,1280.0,75.86,95.99690265873022,False,True
TiOx_02_Ni,10.1038/s41598-019-44607-3,TiOx,FULL_DEVICE_AWARE,131,256,5,7,IDEALIZED_SINGLE_PAIR_GRADUAL,1280.0,75.63,95.9251674047621,False,False
TiOx_02_Ni,10.1038/s41598-019-44607-3,TiOx,FULL_DEVICE_AWARE,132,256,8,7,IDEALIZED_SINGLE_PAIR_GRADUAL,1280.0,75.47,95.8922520404039,False,False
TiOx_02_Ni,10.1038/s41598-019-44607-3,TiOx,FULL_DEVICE_AWARE,133,256,7,7,IDEALIZED_SINGLE_PAIR_GRADUAL,1280.0,75.43,95.91204308802297,False,False
TiOx_02_Ni,10.1038/s41598-019-44607-3,TiOx,FULL_DEVICE_AWARE,134,32,3,6,IDEALIZED_SINGLE_PAIR_GRADUAL,13312.0,72.96,90.31261878571416,False,False
TiOx_02_Ni,10.1038/s41598-019-44607-3,TiOx,FULL_DEVICE_AWARE,135,128,3,7,IDEALIZED_SINGLE_PAIR_GRADUAL,2048.0,68.32,91.6042570793651,False,False
TiOx_02_Ni,10.1038/s41598-019-44607-3,TiOx,FULL_DEVICE_AWARE,136,16,3,5,IDEALIZED_SINGLE_PAIR_GRADUAL,25600.0,66.31,83.88847401587294,False,False
TiOx_02_Ni,10.1038/s41598-019-44607-3,TiOx,FULL_DEVICE_AWARE,137,128,4,6,IDEALIZED_SINGLE_PAIR_GRADUAL,1024.0,64.3,94.38938407142848,True,False
TiOx_02_Ni,10.1038/s41598-019-44607-3,TiOx,FULL_DEVICE_AWARE,138,256,3,7,IDEALIZED_SINGLE_PAIR_GRADUAL,1280.0,63.8,91.600929984127,False,False
TiOx_02_Ni,10.1038/s41598-019-44607-3,TiOx,FULL_DEVICE_AWARE,139,128,7,6,IDEALIZED_SINGLE_PAIR_GRADUAL,1024.0,63.6,94.45771898412701,False,True
TiOx_02_Ni,10.1038/s41598-019-44607-3,TiOx,FULL_DEVICE_AWARE,140,128,5,6,IDEALIZED_SINGLE_PAIR_GRADUAL,1024.0,63.58,94.38853073809513,False,False
TiOx_02_Ni,10.1038/s41598-019-44607-3,TiOx,FULL_DEVICE_AWARE,141,128,8,6,IDEALIZED_SINGLE_PAIR_GRADUAL,1024.0,63.55,94.45736531746036,False,False
TiOx_02_Ni,10.1038/s41598-019-44607-3,TiOx,FULL_DEVICE_AWARE,142,128,6,6,IDEALIZED_SINGLE_PAIR_GRADUAL,1024.0,63.41,94.42479448412696,False,False
TiOx_02_Ni,10.1038/s41598-019-44607-3,TiOx,FULL_DEVICE_AWARE,143,64,3,6,IDEALIZED_SINGLE_PAIR_GRADUAL,3584.0,63.11,89.81691357142842,False,False
TiOx_02_Ni,10.1038/s41598-019-44607-3,TiOx,FULL_DEVICE_AWARE,144,16,4,5,IDEALIZED_SINGLE_PAIR_GRADUAL,25600.0,63.04,95.00056195238088,False,False
TiOx_02_Ni,10.1038/s41598-019-44607-3,TiOx,FULL_DEVICE_AWARE,145,16,5,5,IDEALIZED_SINGLE_PAIR_GRADUAL,25600.0,59.05,94.99996595238085,False,False
TiOx_02_Ni,10.1038/s41598-019-44607-3,TiOx,FULL_DEVICE_AWARE,146,256,8,6,IDEALIZED_SINGLE_PAIR_GRADUAL,640.0,58.76,93.9326352380952,True,False
TiOx_02_Ni,10.1038/s41598-019-44607-3,TiOx,FULL_DEVICE_AWARE,147,256,7,6,IDEALIZED_SINGLE_PAIR_GRADUAL,640.0,58.34,93.93298890476186,False,True
TiOx_02_Ni,10.1038/s41598-019-44607-3,TiOx,FULL_DEVICE_AWARE,148,256,5,6,IDEALIZED_SINGLE_PAIR_GRADUAL,640.0,58.13,93.88193733333348,False,False
TiOx_02_Ni,10.1038/s41598-019-44607-3,TiOx,FULL_DEVICE_AWARE,149,256,6,6,IDEALIZED_SINGLE_PAIR_GRADUAL,640.0,57.91,93.91001183333333,False,False
TiOx_02_Ni,10.1038/s41598-019-44607-3,TiOx,FULL_DEVICE_AWARE,150,256,4,6,IDEALIZED_SINGLE_PAIR_GRADUAL,640.0,56.97,93.88279066666682,False,False
TiOx_02_Ni,10.1038/s41598-019-44607-3,TiOx,FULL_DEVICE_AWARE,151,16,7,5,IDEALIZED_SINGLE_PAIR_GRADUAL,25600.0,56.92,95.11258683333322,False,False
TiOx_02_Ni,10.1038/s41598-019-44607-3,TiOx,FULL_DEVICE_AWARE,152,16,8,5,IDEALIZED_SINGLE_PAIR_GRADUAL,25600.0,56.46,95.11160849999989,False,False
TiOx_02_Ni,10.1038/s41598-019-44607-3,TiOx,FULL_DEVICE_AWARE,153,16,6,5,IDEALIZED_SINGLE_PAIR_GRADUAL,25600.0,55.55,95.07587452380947,False,False
TiOx_02_Ni,10.1038/s41598-019-44607-3,TiOx,FULL_DEVICE_AWARE,154,32,3,5,IDEALIZED_SINGLE_PAIR_GRADUAL,6656.0,51.64,83.86090170634914,False,False
TiOx_02_Ni,10.1038/s41598-019-44607-3,TiOx,FULL_DEVICE_AWARE,155,128,3,6,IDEALIZED_SINGLE_PAIR_GRADUAL,1024.0,49.35,89.2611944761903,False,False
TiOx_02_Ni,10.1038/s41598-019-44607-3,TiOx,FULL_DEVICE_AWARE,156,32,4,5,IDEALIZED_SINGLE_PAIR_GRADUAL,6656.0,48.08,94.1916501269841,False,False
TiOx_02_Ni,10.1038/s41598-019-44607-3,TiOx,FULL_DEVICE_AWARE,157,32,7,5,IDEALIZED_SINGLE_PAIR_GRADUAL,6656.0,47.3,94.26393448412699,False,False
TiOx_02_Ni,10.1038/s41598-019-44607-3,TiOx,FULL_DEVICE_AWARE,158,32,8,5,IDEALIZED_SINGLE_PAIR_GRADUAL,6656.0,46.63,94.26058015079367,False,False
TiOx_02_Ni,10.1038/s41598-019-44607-3,TiOx,FULL_DEVICE_AWARE,159,32,6,5,IDEALIZED_SINGLE_PAIR_GRADUAL,6656.0,46.29,94.23644619841266,False,False
TiOx_02_Ni,10.1038/s41598-019-44607-3,TiOx,FULL_DEVICE_AWARE,160,32,5,5,IDEALIZED_SINGLE_PAIR_GRADUAL,6656.0,45.99,94.19346746031741,False,False
TiOx_02_Ni,10.1038/s41598-019-44607-3,TiOx,FULL_DEVICE_AWARE,161,256,3,6,IDEALIZED_SINGLE_PAIR_GRADUAL,640.0,44.66,89.23554614285698,False,False
TiOx_02_Ni,10.1038/s41598-019-44607-3,TiOx,FULL_DEVICE_AWARE,162,64,7,5,IDEALIZED_SINGLE_PAIR_GRADUAL,1792.0,37.92,92.5752321904761,False,False
TiOx_02_Ni,10.1038/s41598-019-44607-3,TiOx,FULL_DEVICE_AWARE,163,64,8,5,IDEALIZED_SINGLE_PAIR_GRADUAL,1792.0,37.65,92.56708319047611,False,False
TiOx_02_Ni,10.1038/s41598-019-44607-3,TiOx,FULL_DEVICE_AWARE,164,64,4,5,IDEALIZED_SINGLE_PAIR_GRADUAL,1792.0,37.19,92.38850171428577,False,False
TiOx_02_Ni,10.1038/s41598-019-44607-3,TiOx,FULL_DEVICE_AWARE,165,64,6,5,IDEALIZED_SINGLE_PAIR_GRADUAL,1792.0,36.96,92.52128595238102,False,False
TiOx_02_Ni,10.1038/s41598-019-44607-3,TiOx,FULL_DEVICE_AWARE,166,64,5,5,IDEALIZED_SINGLE_PAIR_GRADUAL,1792.0,36.89,92.38988838095243,False,False
TiOx_02_Ni,10.1038/s41598-019-44607-3,TiOx,FULL_DEVICE_AWARE,167,64,3,5,IDEALIZED_SINGLE_PAIR_GRADUAL,1792.0,36.8,82.47968437301574,False,False
TiOx_02_Ni,10.1038/s41598-019-44607-3,TiOx,FULL_DEVICE_AWARE,168,256,7,5,IDEALIZED_SINGLE_PAIR_GRADUAL,320.0,24.68,83.91181484920634,True,True
TiOx_02_Ni,10.1038/s41598-019-44607-3,TiOx,FULL_DEVICE_AWARE,169,256,8,5,IDEALIZED_SINGLE_PAIR_GRADUAL,320.0,24.56,83.90201484920634,False,False
TiOx_02_Ni,10.1038/s41598-019-44607-3,TiOx,FULL_DEVICE_AWARE,170,256,5,5,IDEALIZED_SINGLE_PAIR_GRADUAL,320.0,24.4,83.8665538968253,False,False
TiOx_02_Ni,10.1038/s41598-019-44607-3,TiOx,FULL_DEVICE_AWARE,171,256,6,5,IDEALIZED_SINGLE_PAIR_GRADUAL,320.0,24.1,83.88311644444435,False,False
TiOx_02_Ni,10.1038/s41598-019-44607-3,TiOx,FULL_DEVICE_AWARE,172,256,4,5,IDEALIZED_SINGLE_PAIR_GRADUAL,320.0,23.24,83.88669223015863,False,False
TiOx_02_Ni,10.1038/s41598-019-44607-3,TiOx,FULL_DEVICE_AWARE,173,128,4,5,IDEALIZED_SINGLE_PAIR_GRADUAL,512.0,22.86,88.9829359126986,False,False
TiOx_02_Ni,10.1038/s41598-019-44607-3,TiOx,FULL_DEVICE_AWARE,174,128,6,5,IDEALIZED_SINGLE_PAIR_GRADUAL,512.0,22.71,89.0538512222223,False,False
TiOx_02_Ni,10.1038/s41598-019-44607-3,TiOx,FULL_DEVICE_AWARE,175,128,7,5,IDEALIZED_SINGLE_PAIR_GRADUAL,512.0,22.55,89.11627312698407,False,True
TiOx_02_Ni,10.1038/s41598-019-44607-3,TiOx,FULL_DEVICE_AWARE,176,256,3,5,IDEALIZED_SINGLE_PAIR_GRADUAL,320.0,22.51,79.06187699206335,False,False
TiOx_02_Ni,10.1038/s41598-019-44607-3,TiOx,FULL_DEVICE_AWARE,177,128,8,5,IDEALIZED_SINGLE_PAIR_GRADUAL,512.0,22.39,89.10240512698407,False,False
TiOx_02_Ni,10.1038/s41598-019-44607-3,TiOx,FULL_DEVICE_AWARE,178,128,3,5,IDEALIZED_SINGLE_PAIR_GRADUAL,512.0,21.02,79.14686032539669,False,False
TiOx_02_Ni,10.1038/s41598-019-44607-3,TiOx,FULL_DEVICE_AWARE,179,128,5,5,IDEALIZED_SINGLE_PAIR_GRADUAL,512.0,20.6,88.96279757936526,False,False
TiOx_02_Ni,10.1038/s41598-019-44607-3,TiOx,FULL_DEVICE_AWARE,180,64,2,8,IDEALIZED_SINGLE_PAIR_GRADUAL,14336.0,12.06,11.169582761904753,False,False
TiOx_02_Ni,10.1038/s41598-019-44607-3,TiOx,FULL_DEVICE_AWARE,181,128,2,8,IDEALIZED_SINGLE_PAIR_GRADUAL,4096.0,12.04,11.131628018037494,False,False
TiOx_02_Ni,10.1038/s41598-019-44607-3,TiOx,FULL_DEVICE_AWARE,182,256,2,8,IDEALIZED_SINGLE_PAIR_GRADUAL,2560.0,11.76,11.132505722222216,False,False
TiOx_02_Ni,10.1038/s41598-019-44607-3,TiOx,FULL_DEVICE_AWARE,183,256,2,10,IDEALIZED_SINGLE_PAIR_GRADUAL,10240.0,11.74,11.180262380952382,False,False
TiOx_02_Ni,10.1038/s41598-019-44607-3,TiOx,FULL_DEVICE_AWARE,184,128,2,10,IDEALIZED_SINGLE_PAIR_GRADUAL,16384.0,11.62,11.190197351370834,False,False
TiOx_02_Ni,10.1038/s41598-019-44607-3,TiOx,FULL_DEVICE_AWARE,185,32,2,8,IDEALIZED_SINGLE_PAIR_GRADUAL,53248.0,11.6,11.270865166666681,False,False
TiOx_02_Ni,10.1038/s41598-019-44607-3,TiOx,FULL_DEVICE_AWARE,186,16,2,8,IDEALIZED_SINGLE_PAIR_GRADUAL,204800.0,11.45,11.28334830952382,False,False
TiOx_02_Ni,10.1038/s41598-019-44607-3,TiOx,FULL_DEVICE_AWARE,187,16,2,10,IDEALIZED_SINGLE_PAIR_GRADUAL,819200.0,11.38,11.281997666666683,False,False
TiOx_02_Ni,10.1038/s41598-019-44607-3,TiOx,FULL_DEVICE_AWARE,188,32,2,10,IDEALIZED_SINGLE_PAIR_GRADUAL,212992.0,11.27,11.274508714285732,False,False
TiOx_02_Ni,10.1038/s41598-019-44607-3,TiOx,FULL_DEVICE_AWARE,189,128,2,9,IDEALIZED_SINGLE_PAIR_GRADUAL,8192.0,11.22,11.19496950216448,False,False
TiOx_02_Ni,10.1038/s41598-019-44607-3,TiOx,FULL_DEVICE_AWARE,190,64,2,10,IDEALIZED_SINGLE_PAIR_GRADUAL,57344.0,11.19,11.206884523809517,False,False
TiOx_02_Ni,10.1038/s41598-019-44607-3,TiOx,FULL_DEVICE_AWARE,191,16,2,9,IDEALIZED_SINGLE_PAIR_GRADUAL,409600.0,11.15,11.296436309523813,False,False
TiOx_02_Ni,10.1038/s41598-019-44607-3,TiOx,FULL_DEVICE_AWARE,192,16,2,7,IDEALIZED_SINGLE_PAIR_GRADUAL,102400.0,10.96,11.294295547619047,False,False
TiOx_02_Ni,10.1038/s41598-019-44607-3,TiOx,FULL_DEVICE_AWARE,193,32,2,9,IDEALIZED_SINGLE_PAIR_GRADUAL,106496.0,10.9,11.287619452380955,False,False
TiOx_02_Ni,10.1038/s41598-019-44607-3,TiOx,FULL_DEVICE_AWARE,194,256,2,9,IDEALIZED_SINGLE_PAIR_GRADUAL,5120.0,10.86,11.184567531746028,False,False
TiOx_02_Ni,10.1038/s41598-019-44607-3,TiOx,FULL_DEVICE_AWARE,195,64,2,9,IDEALIZED_SINGLE_PAIR_GRADUAL,28672.0,10.81,11.209900865079357,False,False
TiOx_02_Ni,10.1038/s41598-019-44607-3,TiOx,FULL_DEVICE_AWARE,196,32,2,7,IDEALIZED_SINGLE_PAIR_GRADUAL,26624.0,10.52,11.27994538095239,False,False
TiOx_02_Ni,10.1038/s41598-019-44607-3,TiOx,FULL_DEVICE_AWARE,197,16,2,6,IDEALIZED_SINGLE_PAIR_GRADUAL,51200.0,10.31,11.16316589682539,False,False
TiOx_02_Ni,10.1038/s41598-019-44607-3,TiOx,FULL_DEVICE_AWARE,198,32,2,6,IDEALIZED_SINGLE_PAIR_GRADUAL,13312.0,9.99,11.16149001587302,False,False
TiOx_02_Ni,10.1038/s41598-019-44607-3,TiOx,FULL_DEVICE_AWARE,199,16,2,5,IDEALIZED_SINGLE_PAIR_GRADUAL,25600.0,9.72,10.777340928571418,False,False
TiOx_02_Ni,10.1038/s41598-019-44607-3,TiOx,FULL_DEVICE_AWARE,200,64,2,7,IDEALIZED_SINGLE_PAIR_GRADUAL,7168.0,9.62,11.184561523809524,False,False
TiOx_02_Ni,10.1038/s41598-019-44607-3,TiOx,FULL_DEVICE_AWARE,201,64,2,6,IDEALIZED_SINGLE_PAIR_GRADUAL,3584.0,9.57,11.211762492063494,False,False
TiOx_02_Ni,10.1038/s41598-019-44607-3,TiOx,FULL_DEVICE_AWARE,202,32,2,5,IDEALIZED_SINGLE_PAIR_GRADUAL,6656.0,9.44,10.85141192857141,False,False
TiOx_02_Ni,10.1038/s41598-019-44607-3,TiOx,FULL_DEVICE_AWARE,203,128,2,7,IDEALIZED_SINGLE_PAIR_GRADUAL,2048.0,9.38,11.01305968181817,False,False
TiOx_02_Ni,10.1038/s41598-019-44607-3,TiOx,FULL_DEVICE_AWARE,204,128,2,6,IDEALIZED_SINGLE_PAIR_GRADUAL,1024.0,9.26,10.781555038961049,False,False
TiOx_02_Ni,10.1038/s41598-019-44607-3,TiOx,FULL_DEVICE_AWARE,205,256,2,7,IDEALIZED_SINGLE_PAIR_GRADUAL,1280.0,8.98,10.969570538961033,False,False
TiOx_02_Ni,10.1038/s41598-019-44607-3,TiOx,FULL_DEVICE_AWARE,206,256,2,6,IDEALIZED_SINGLE_PAIR_GRADUAL,640.0,8.96,10.683196610389619,False,False
TiOx_02_Ni,10.1038/s41598-019-44607-3,TiOx,FULL_DEVICE_AWARE,207,128,2,5,IDEALIZED_SINGLE_PAIR_GRADUAL,512.0,8.95,10.100062333333346,False,False
TiOx_02_Ni,10.1038/s41598-019-44607-3,TiOx,FULL_DEVICE_AWARE,208,64,2,5,IDEALIZED_SINGLE_PAIR_GRADUAL,1792.0,8.95,11.087756880952371,False,False
TiOx_02_Ni,10.1038/s41598-019-44607-3,TiOx,FULL_DEVICE_AWARE,209,16,4,4,IDEALIZED_SINGLE_PAIR_GRADUAL,12800.0,8.92,79.16485515873023,False,False
TiOx_02_Ni,10.1038/s41598-019-44607-3,TiOx,FULL_DEVICE_AWARE,210,16,6,4,IDEALIZED_SINGLE_PAIR_GRADUAL,12800.0,8.92,79.63995749999991,False,False
TiOx_02_Ni,10.1038/s41598-019-44607-3,TiOx,FULL_DEVICE_AWARE,211,16,8,4,IDEALIZED_SINGLE_PAIR_GRADUAL,12800.0,8.92,79.72504147619033,False,False
TiOx_02_Ni,10.1038/s41598-019-44607-3,TiOx,FULL_DEVICE_AWARE,212,32,2,4,IDEALIZED_SINGLE_PAIR_GRADUAL,3328.0,8.92,10.557210492063488,False,False
TiOx_02_Ni,10.1038/s41598-019-44607-3,TiOx,FULL_DEVICE_AWARE,213,64,4,4,IDEALIZED_SINGLE_PAIR_GRADUAL,896.0,8.92,54.22059176984112,False,False
TiOx_02_Ni,10.1038/s41598-019-44607-3,TiOx,FULL_DEVICE_AWARE,214,64,3,4,IDEALIZED_SINGLE_PAIR_GRADUAL,896.0,8.92,54.23097176984112,False,False
TiOx_02_Ni,10.1038/s41598-019-44607-3,TiOx,FULL_DEVICE_AWARE,215,32,8,4,IDEALIZED_SINGLE_PAIR_GRADUAL,3328.0,8.92,67.0558973095237,False,False
TiOx_02_Ni,10.1038/s41598-019-44607-3,TiOx,FULL_DEVICE_AWARE,216,64,2,4,IDEALIZED_SINGLE_PAIR_GRADUAL,896.0,8.92,10.828510539682542,False,False
TiOx_02_Ni,10.1038/s41598-019-44607-3,TiOx,FULL_DEVICE_AWARE,217,32,4,4,IDEALIZED_SINGLE_PAIR_GRADUAL,3328.0,8.92,68.34079735714283,False,False
TiOx_02_Ni,10.1038/s41598-019-44607-3,TiOx,FULL_DEVICE_AWARE,218,32,5,4,IDEALIZED_SINGLE_PAIR_GRADUAL,3328.0,8.92,67.6267247857143,False,False
TiOx_02_Ni,10.1038/s41598-019-44607-3,TiOx,FULL_DEVICE_AWARE,219,32,6,4,IDEALIZED_SINGLE_PAIR_GRADUAL,3328.0,8.92,67.20310754761903,False,False
TiOx_02_Ni,10.1038/s41598-019-44607-3,TiOx,FULL_DEVICE_AWARE,220,32,7,4,IDEALIZED_SINGLE_PAIR_GRADUAL,3328.0,8.92,67.02471564285703,False,False
TiOx_02_Ni,10.1038/s41598-019-44607-3,TiOx,FULL_DEVICE_AWARE,221,32,3,4,IDEALIZED_SINGLE_PAIR_GRADUAL,3328.0,8.92,68.3102920238095,False,False
TiOx_02_Ni,10.1038/s41598-019-44607-3,TiOx,FULL_DEVICE_AWARE,222,16,3,4,IDEALIZED_SINGLE_PAIR_GRADUAL,12800.0,8.92,79.1343498253969,False,False
TiOx_02_Ni,10.1038/s41598-019-44607-3,TiOx,FULL_DEVICE_AWARE,223,16,2,4,IDEALIZED_SINGLE_PAIR_GRADUAL,12800.0,8.92,10.485966825396826,False,False
TiOx_02_Ni,10.1038/s41598-019-44607-3,TiOx,FULL_DEVICE_AWARE,224,16,5,4,IDEALIZED_SINGLE_PAIR_GRADUAL,12800.0,8.92,79.17846577777787,False,False
TiOx_02_Ni,10.1038/s41598-019-44607-3,TiOx,FULL_DEVICE_AWARE,225,16,7,4,IDEALIZED_SINGLE_PAIR_GRADUAL,12800.0,8.92,79.72504147619033,False,False
TiOx_02_Ni,10.1038/s41598-019-44607-3,TiOx,FULL_DEVICE_AWARE,226,64,5,4,IDEALIZED_SINGLE_PAIR_GRADUAL,896.0,8.92,54.739665841269805,False,False
TiOx_02_Ni,10.1038/s41598-019-44607-3,TiOx,FULL_DEVICE_AWARE,227,64,8,4,IDEALIZED_SINGLE_PAIR_GRADUAL,896.0,8.92,55.31923460317459,False,False
TiOx_02_Ni,10.1038/s41598-019-44607-3,TiOx,FULL_DEVICE_AWARE,228,128,2,4,IDEALIZED_SINGLE_PAIR_GRADUAL,256.0,8.92,9.834348015873038,False,False
TiOx_02_Ni,10.1038/s41598-019-44607-3,TiOx,FULL_DEVICE_AWARE,229,128,6,4,IDEALIZED_SINGLE_PAIR_GRADUAL,256.0,8.92,40.184923333333316,False,False
TiOx_02_Ni,10.1038/s41598-019-44607-3,TiOx,FULL_DEVICE_AWARE,230,128,5,4,IDEALIZED_SINGLE_PAIR_GRADUAL,256.0,8.92,39.97825169047618,False,False
TiOx_02_Ni,10.1038/s41598-019-44607-3,TiOx,FULL_DEVICE_AWARE,231,128,3,4,IDEALIZED_SINGLE_PAIR_GRADUAL,256.0,8.92,39.94010102380949,False,False
TiOx_02_Ni,10.1038/s41598-019-44607-3,TiOx,FULL_DEVICE_AWARE,232,128,4,4,IDEALIZED_SINGLE_PAIR_GRADUAL,256.0,8.92,39.92972102380949,False,False
TiOx_02_Ni,10.1038/s41598-019-44607-3,TiOx,FULL_DEVICE_AWARE,233,64,6,4,IDEALIZED_SINGLE_PAIR_GRADUAL,896.0,8.92,54.97987531746033,False,False
TiOx_02_Ni,10.1038/s41598-019-44607-3,TiOx,FULL_DEVICE_AWARE,234,64,7,4,IDEALIZED_SINGLE_PAIR_GRADUAL,896.0,8.92,55.28805293650792,False,False
TiOx_02_Ni,10.1038/s41598-019-44607-3,TiOx,FULL_DEVICE_AWARE,235,128,8,4,IDEALIZED_SINGLE_PAIR_GRADUAL,256.0,8.92,40.418702809523786,False,True
TiOx_02_Ni,10.1038/s41598-019-44607-3,TiOx,FULL_DEVICE_AWARE,236,128,7,4,IDEALIZED_SINGLE_PAIR_GRADUAL,256.0,8.92,40.39791595238093,False,False
TiOx_02_Ni,10.1038/s41598-019-44607-3,TiOx,FULL_DEVICE_AWARE,237,256,4,4,IDEALIZED_SINGLE_PAIR_GRADUAL,160.0,8.92,32.43172426190477,True,True
TiOx_02_Ni,10.1038/s41598-019-44607-3,TiOx,FULL_DEVICE_AWARE,238,256,3,4,IDEALIZED_SINGLE_PAIR_GRADUAL,160.0,8.92,32.43172426190477,True,True
TiOx_02_Ni,10.1038/s41598-019-44607-3,TiOx,FULL_DEVICE_AWARE,239,256,2,5,IDEALIZED_SINGLE_PAIR_GRADUAL,320.0,8.92,9.966911023809537,False,False
TiOx_02_Ni,10.1038/s41598-019-44607-3,TiOx,FULL_DEVICE_AWARE,240,256,2,4,IDEALIZED_SINGLE_PAIR_GRADUAL,160.0,8.92,9.727429039682562,True,False
TiOx_02_Ni,10.1038/s41598-019-44607-3,TiOx,FULL_DEVICE_AWARE,241,256,6,4,IDEALIZED_SINGLE_PAIR_GRADUAL,160.0,8.92,32.27596153968259,True,False
TiOx_02_Ni,10.1038/s41598-019-44607-3,TiOx,FULL_DEVICE_AWARE,242,256,5,4,IDEALIZED_SINGLE_PAIR_GRADUAL,160.0,8.92,32.29021719047623,True,False
TiOx_02_Ni,10.1038/s41598-019-44607-3,TiOx,FULL_DEVICE_AWARE,243,256,7,4,IDEALIZED_SINGLE_PAIR_GRADUAL,160.0,8.92,32.33503508730163,True,False
TiOx_02_Ni,10.1038/s41598-019-44607-3,TiOx,FULL_DEVICE_AWARE,244,256,8,4,IDEALIZED_SINGLE_PAIR_GRADUAL,160.0,8.92,32.355821944444486,True,False
TiOx_02_Pt,10.1038/s41598-019-44607-3,TiOx,HARDWARE_ONLY,0,128,6,8,IDEALIZED_SINGLE_PAIR_GRADUAL,4096.0,96.35,96.24360635655192,True,True
TiOx_02_Pt,10.1038/s41598-019-44607-3,TiOx,HARDWARE_ONLY,1,32,8,9,IDEALIZED_SINGLE_PAIR_GRADUAL,106496.0,96.32,96.22556095848583,False,False
TiOx_02_Pt,10.1038/s41598-019-44607-3,TiOx,HARDWARE_ONLY,2,16,6,10,IDEALIZED_SINGLE_PAIR_GRADUAL,819200.0,96.31,96.2708272643044,False,True
TiOx_02_Pt,10.1038/s41598-019-44607-3,TiOx,HARDWARE_ONLY,3,64,8,9,IDEALIZED_SINGLE_PAIR_GRADUAL,28672.0,96.31,96.21592671839281,False,False
TiOx_02_Pt,10.1038/s41598-019-44607-3,TiOx,HARDWARE_ONLY,4,256,6,10,IDEALIZED_SINGLE_PAIR_GRADUAL,10240.0,96.3,96.24763064934254,False,True
TiOx_02_Pt,10.1038/s41598-019-44607-3,TiOx,HARDWARE_ONLY,5,64,6,9,IDEALIZED_SINGLE_PAIR_GRADUAL,28672.0,96.29,96.25915614696089,False,True
TiOx_02_Pt,10.1038/s41598-019-44607-3,TiOx,HARDWARE_ONLY,6,128,7,8,IDEALIZED_SINGLE_PAIR_GRADUAL,4096.0,96.28,96.18450067121768,False,False
TiOx_02_Pt,10.1038/s41598-019-44607-3,TiOx,HARDWARE_ONLY,7,256,6,8,IDEALIZED_SINGLE_PAIR_GRADUAL,2560.0,96.28,96.2144901689258,True,True
TiOx_02_Pt,10.1038/s41598-019-44607-3,TiOx,HARDWARE_ONLY,8,128,6,9,IDEALIZED_SINGLE_PAIR_GRADUAL,8192.0,96.28,96.21359418561849,False,False
TiOx_02_Pt,10.1038/s41598-019-44607-3,TiOx,HARDWARE_ONLY,9,64,6,10,IDEALIZED_SINGLE_PAIR_GRADUAL,57344.0,96.28,96.26033180447338,False,True
TiOx_02_Pt,10.1038/s41598-019-44607-3,TiOx,HARDWARE_ONLY,10,256,7,8,IDEALIZED_SINGLE_PAIR_GRADUAL,2560.0,96.28,96.20128975542093,True,False
TiOx_02_Pt,10.1038/s41598-019-44607-3,TiOx,HARDWARE_ONLY,11,128,6,10,IDEALIZED_SINGLE_PAIR_GRADUAL,16384.0,96.27,96.24733059232425,False,False
TiOx_02_Pt,10.1038/s41598-019-44607-3,TiOx,HARDWARE_ONLY,12,32,6,10,IDEALIZED_SINGLE_PAIR_GRADUAL,212992.0,96.27,96.25906067499155,False,False
TiOx_02_Pt,10.1038/s41598-019-44607-3,TiOx,HARDWARE_ONLY,13,32,6,9,IDEALIZED_SINGLE_PAIR_GRADUAL,106496.0,96.26,96.23341224148083,False,False
TiOx_02_Pt,10.1038/s41598-019-44607-3,TiOx,HARDWARE_ONLY,14,32,8,8,IDEALIZED_SINGLE_PAIR_GRADUAL,53248.0,96.26,96.19242656491883,False,False
TiOx_02_Pt,10.1038/s41598-019-44607-3,TiOx,HARDWARE_ONLY,15,16,6,9,IDEALIZED_SINGLE_PAIR_GRADUAL,409600.0,96.26,96.24537020124319,False,False
TiOx_02_Pt,10.1038/s41598-019-44607-3,TiOx,HARDWARE_ONLY,16,16,8,9,IDEALIZED_SINGLE_PAIR_GRADUAL,409600.0,96.26,96.22416799938954,False,False
TiOx_02_Pt,10.1038/s41598-019-44607-3,TiOx,HARDWARE_ONLY,17,64,7,9,IDEALIZED_SINGLE_PAIR_GRADUAL,28672.0,96.26,96.22663224589304,False,False
TiOx_02_Pt,10.1038/s41598-019-44607-3,TiOx,HARDWARE_ONLY,18,64,8,10,IDEALIZED_SINGLE_PAIR_GRADUAL,57344.0,96.25,96.22114482389833,False,False
TiOx_02_Pt,10.1038/s41598-019-44607-3,TiOx,HARDWARE_ONLY,19,16,8,10,IDEALIZED_SINGLE_PAIR_GRADUAL,819200.0,96.25,96.23139998135206,False,False
TiOx_02_Pt,10.1038/s41598-019-44607-3,TiOx,HARDWARE_ONLY,20,32,7,9,IDEALIZED_SINGLE_PAIR_GRADUAL,106496.0,96.25,96.21149441683312,False,False
TiOx_02_Pt,10.1038/s41598-019-44607-3,TiOx,HARDWARE_ONLY,21,32,8,10,IDEALIZED_SINGLE_PAIR_GRADUAL,212992.0,96.24,96.2342704239535,False,False
TiOx_02_Pt,10.1038/s41598-019-44607-3,TiOx,HARDWARE_ONLY,22,256,6,9,IDEALIZED_SINGLE_PAIR_GRADUAL,5120.0,96.24,96.20109455439004,False,False
TiOx_02_Pt,10.1038/s41598-019-44607-3,TiOx,HARDWARE_ONLY,23,128,8,8,IDEALIZED_SINGLE_PAIR_GRADUAL,4096.0,96.24,96.1841071539376,False,False
TiOx_02_Pt,10.1038/s41598-019-44607-3,TiOx,HARDWARE_ONLY,24,128,5,8,IDEALIZED_SINGLE_PAIR_GRADUAL,4096.0,96.23,96.14211523398825,False,False
TiOx_02_Pt,10.1038/s41598-019-44607-3,TiOx,HARDWARE_ONLY,25,64,7,10,IDEALIZED_SINGLE_PAIR_GRADUAL,57344.0,96.23,96.20087407395383,False,False
TiOx_02_Pt,10.1038/s41598-019-44607-3,TiOx,HARDWARE_ONLY,26,32,7,10,IDEALIZED_SINGLE_PAIR_GRADUAL,212992.0,96.23,96.1985092929294,False,False
TiOx_02_Pt,10.1038/s41598-019-44607-3,TiOx,HARDWARE_ONLY,27,16,7,8,IDEALIZED_SINGLE_PAIR_GRADUAL,204800.0,96.23,96.2072242028543,False,False
TiOx_02_Pt,10.1038/s41598-019-44607-3,TiOx,HARDWARE_ONLY,28,16,6,8,IDEALIZED_SINGLE_PAIR_GRADUAL,204800.0,96.23,96.24867703337831,False,False
TiOx_02_Pt,10.1038/s41598-019-44607-3,TiOx,HARDWARE_ONLY,29,256,8,8,IDEALIZED_SINGLE_PAIR_GRADUAL,2560.0,96.23,96.18045880787197,False,False
TiOx_02_Pt,10.1038/s41598-019-44607-3,TiOx,HARDWARE_ONLY,30,256,7,10,IDEALIZED_SINGLE_PAIR_GRADUAL,10240.0,96.23,96.19323434825961,False,False
TiOx_02_Pt,10.1038/s41598-019-44607-3,TiOx,HARDWARE_ONLY,31,16,7,10,IDEALIZED_SINGLE_PAIR_GRADUAL,819200.0,96.22,96.19978734210244,False,False
TiOx_02_Pt,10.1038/s41598-019-44607-3,TiOx,HARDWARE_ONLY,32,16,7,9,IDEALIZED_SINGLE_PAIR_GRADUAL,409600.0,96.22,96.19889361355307,False,False
TiOx_02_Pt,10.1038/s41598-019-44607-3,TiOx,HARDWARE_ONLY,33,16,8,8,IDEALIZED_SINGLE_PAIR_GRADUAL,204800.0,96.22,96.21133778221781,False,False
TiOx_02_Pt,10.1038/s41598-019-44607-3,TiOx,HARDWARE_ONLY,34,64,5,8,IDEALIZED_SINGLE_PAIR_GRADUAL,14336.0,96.22,96.1665160734266,False,False
TiOx_02_Pt,10.1038/s41598-019-44607-3,TiOx,HARDWARE_ONLY,35,128,5,10,IDEALIZED_SINGLE_PAIR_GRADUAL,16384.0,96.21,96.13866185026082,False,False
TiOx_02_Pt,10.1038/s41598-019-44607-3,TiOx,HARDWARE_ONLY,36,256,7,9,IDEALIZED_SINGLE_PAIR_GRADUAL,5120.0,96.21,96.20184327666786,False,False
TiOx_02_Pt,10.1038/s41598-019-44607-3,TiOx,HARDWARE_ONLY,37,16,7,7,IDEALIZED_SINGLE_PAIR_GRADUAL,102400.0,96.21,96.2021591449367,False,False
TiOx_02_Pt,10.1038/s41598-019-44607-3,TiOx,HARDWARE_ONLY,38,16,8,7,IDEALIZED_SINGLE_PAIR_GRADUAL,102400.0,96.21,96.20385974902884,False,False
TiOx_02_Pt,10.1038/s41598-019-44607-3,TiOx,HARDWARE_ONLY,39,64,8,8,IDEALIZED_SINGLE_PAIR_GRADUAL,14336.0,96.21,96.18228202233877,False,False
TiOx_02_Pt,10.1038/s41598-019-44607-3,TiOx,HARDWARE_ONLY,40,128,7,10,IDEALIZED_SINGLE_PAIR_GRADUAL,16384.0,96.2,96.19940005432963,False,False
TiOx_02_Pt,10.1038/s41598-019-44607-3,TiOx,HARDWARE_ONLY,41,256,8,9,IDEALIZED_SINGLE_PAIR_GRADUAL,5120.0,96.2,96.19303369857919,False,False
TiOx_02_Pt,10.1038/s41598-019-44607-3,TiOx,HARDWARE_ONLY,42,256,8,10,IDEALIZED_SINGLE_PAIR_GRADUAL,10240.0,96.19,96.21743906027302,False,False
TiOx_02_Pt,10.1038/s41598-019-44607-3,TiOx,HARDWARE_ONLY,43,128,7,9,IDEALIZED_SINGLE_PAIR_GRADUAL,8192.0,96.19,96.20045944594298,False,False
TiOx_02_Pt,10.1038/s41598-019-44607-3,TiOx,HARDWARE_ONLY,44,64,8,7,IDEALIZED_SINGLE_PAIR_GRADUAL,7168.0,96.19,96.1622280240316,False,False
TiOx_02_Pt,10.1038/s41598-019-44607-3,TiOx,HARDWARE_ONLY,45,32,7,7,IDEALIZED_SINGLE_PAIR_GRADUAL,26624.0,96.19,96.20086175013873,False,False
TiOx_02_Pt,10.1038/s41598-019-44607-3,TiOx,HARDWARE_ONLY,46,32,6,8,IDEALIZED_SINGLE_PAIR_GRADUAL,53248.0,96.19,96.2291745818348,False,False
TiOx_02_Pt,10.1038/s41598-019-44607-3,TiOx,HARDWARE_ONLY,47,32,7,8,IDEALIZED_SINGLE_PAIR_GRADUAL,53248.0,96.19,96.21294126900885,False,False
TiOx_02_Pt,10.1038/s41598-019-44607-3,TiOx,HARDWARE_ONLY,48,64,7,8,IDEALIZED_SINGLE_PAIR_GRADUAL,14336.0,96.18,96.18260219283984,False,False
TiOx_02_Pt,10.1038/s41598-019-44607-3,TiOx,HARDWARE_ONLY,49,64,5,9,IDEALIZED_SINGLE_PAIR_GRADUAL,28672.0,96.18,96.15425260245321,False,False
TiOx_02_Pt,10.1038/s41598-019-44607-3,TiOx,HARDWARE_ONLY,50,16,5,8,IDEALIZED_SINGLE_PAIR_GRADUAL,204800.0,96.17,96.13192176920303,False,False
TiOx_02_Pt,10.1038/s41598-019-44607-3,TiOx,HARDWARE_ONLY,51,256,5,9,IDEALIZED_SINGLE_PAIR_GRADUAL,5120.0,96.17,96.14189558902217,False,False
TiOx_02_Pt,10.1038/s41598-019-44607-3,TiOx,HARDWARE_ONLY,52,64,7,7,IDEALIZED_SINGLE_PAIR_GRADUAL,7168.0,96.17,96.17060043223437,False,False
TiOx_02_Pt,10.1038/s41598-019-44607-3,TiOx,HARDWARE_ONLY,53,128,5,9,IDEALIZED_SINGLE_PAIR_GRADUAL,8192.0,96.16,96.14628761101645,False,False
TiOx_02_Pt,10.1038/s41598-019-44607-3,TiOx,HARDWARE_ONLY,54,32,5,8,IDEALIZED_SINGLE_PAIR_GRADUAL,53248.0,96.16,96.14885416000666,False,False
TiOx_02_Pt,10.1038/s41598-019-44607-3,TiOx,HARDWARE_ONLY,55,32,5,9,IDEALIZED_SINGLE_PAIR_GRADUAL,106496.0,96.16,96.13739483005877,False,False
TiOx_02_Pt,10.1038/s41598-019-44607-3,TiOx,HARDWARE_ONLY,56,16,6,7,IDEALIZED_SINGLE_PAIR_GRADUAL,102400.0,96.15,96.21546641497387,False,False
TiOx_02_Pt,10.1038/s41598-019-44607-3,TiOx,HARDWARE_ONLY,57,16,5,7,IDEALIZED_SINGLE_PAIR_GRADUAL,102400.0,96.15,96.14159240402074,False,False
TiOx_02_Pt,10.1038/s41598-019-44607-3,TiOx,HARDWARE_ONLY,58,256,5,10,IDEALIZED_SINGLE_PAIR_GRADUAL,10240.0,96.15,96.13995208039914,False,False
TiOx_02_Pt,10.1038/s41598-019-44607-3,TiOx,HARDWARE_ONLY,59,128,8,10,IDEALIZED_SINGLE_PAIR_GRADUAL,16384.0,96.15,96.20890775996223,False,False
TiOx_02_Pt,10.1038/s41598-019-44607-3,TiOx,HARDWARE_ONLY,60,128,8,9,IDEALIZED_SINGLE_PAIR_GRADUAL,8192.0,96.15,96.19967908893236,False,False
TiOx_02_Pt,10.1038/s41598-019-44607-3,TiOx,HARDWARE_ONLY,61,64,5,10,IDEALIZED_SINGLE_PAIR_GRADUAL,57344.0,96.14,96.1467632257464,False,False
TiOx_02_Pt,10.1038/s41598-019-44607-3,TiOx,HARDWARE_ONLY,62,16,5,9,IDEALIZED_SINGLE_PAIR_GRADUAL,409600.0,96.14,96.14994411418643,False,False
TiOx_02_Pt,10.1038/s41598-019-44607-3,TiOx,HARDWARE_ONLY,63,16,5,10,IDEALIZED_SINGLE_PAIR_GRADUAL,819200.0,96.14,96.13005897077333,False,False
TiOx_02_Pt,10.1038/s41598-019-44607-3,TiOx,HARDWARE_ONLY,64,32,6,7,IDEALIZED_SINGLE_PAIR_GRADUAL,26624.0,96.14,96.23185137678979,False,False
TiOx_02_Pt,10.1038/s41598-019-44607-3,TiOx,HARDWARE_ONLY,65,32,5,10,IDEALIZED_SINGLE_PAIR_GRADUAL,212992.0,96.13,96.12984245787537,False,False
TiOx_02_Pt,10.1038/s41598-019-44607-3,TiOx,HARDWARE_ONLY,66,64,6,8,IDEALIZED_SINGLE_PAIR_GRADUAL,14336.0,96.12,96.22725294866231,False,False
TiOx_02_Pt,10.1038/s41598-019-44607-3,TiOx,HARDWARE_ONLY,67,16,4,7,IDEALIZED_SINGLE_PAIR_GRADUAL,102400.0,96.11,96.0745713365246,False,False
TiOx_02_Pt,10.1038/s41598-019-44607-3,TiOx,HARDWARE_ONLY,68,32,4,9,IDEALIZED_SINGLE_PAIR_GRADUAL,106496.0,96.1,96.06375786921404,False,False
TiOx_02_Pt,10.1038/s41598-019-44607-3,TiOx,HARDWARE_ONLY,69,16,4,8,IDEALIZED_SINGLE_PAIR_GRADUAL,204800.0,96.09,96.07090027944267,False,False
TiOx_02_Pt,10.1038/s41598-019-44607-3,TiOx,HARDWARE_ONLY,70,128,4,10,IDEALIZED_SINGLE_PAIR_GRADUAL,16384.0,96.09,96.06203343923727,False,False
TiOx_02_Pt,10.1038/s41598-019-44607-3,TiOx,HARDWARE_ONLY,71,256,4,8,IDEALIZED_SINGLE_PAIR_GRADUAL,2560.0,96.09,96.0672299846543,False,False
TiOx_02_Pt,10.1038/s41598-019-44607-3,TiOx,HARDWARE_ONLY,72,32,5,7,IDEALIZED_SINGLE_PAIR_GRADUAL,26624.0,96.09,96.16108595632144,False,False
TiOx_02_Pt,10.1038/s41598-019-44607-3,TiOx,HARDWARE_ONLY,73,16,7,6,IDEALIZED_SINGLE_PAIR_GRADUAL,51200.0,96.09,96.1469217111809,False,False
TiOx_02_Pt,10.1038/s41598-019-44607-3,TiOx,HARDWARE_ONLY,74,16,4,10,IDEALIZED_SINGLE_PAIR_GRADUAL,819200.0,96.09,96.06981822449768,False,False
TiOx_02_Pt,10.1038/s41598-019-44607-3,TiOx,HARDWARE_ONLY,75,32,8,7,IDEALIZED_SINGLE_PAIR_GRADUAL,26624.0,96.09,96.17202544333455,False,False
TiOx_02_Pt,10.1038/s41598-019-44607-3,TiOx,HARDWARE_ONLY,76,32,4,8,IDEALIZED_SINGLE_PAIR_GRADUAL,53248.0,96.08,96.07004417862696,False,False
TiOx_02_Pt,10.1038/s41598-019-44607-3,TiOx,HARDWARE_ONLY,77,256,5,8,IDEALIZED_SINGLE_PAIR_GRADUAL,2560.0,96.08,96.10977119150286,False,False
TiOx_02_Pt,10.1038/s41598-019-44607-3,TiOx,HARDWARE_ONLY,78,32,4,10,IDEALIZED_SINGLE_PAIR_GRADUAL,212992.0,96.08,96.0639806462132,False,False
TiOx_02_Pt,10.1038/s41598-019-44607-3,TiOx,HARDWARE_ONLY,79,256,4,10,IDEALIZED_SINGLE_PAIR_GRADUAL,10240.0,96.08,96.06586828377193,False,False
TiOx_02_Pt,10.1038/s41598-019-44607-3,TiOx,HARDWARE_ONLY,80,64,4,8,IDEALIZED_SINGLE_PAIR_GRADUAL,14336.0,96.07,96.06185346520145,False,False
TiOx_02_Pt,10.1038/s41598-019-44607-3,TiOx,HARDWARE_ONLY,81,64,6,7,IDEALIZED_SINGLE_PAIR_GRADUAL,7168.0,96.07,96.17672363258963,False,False
TiOx_02_Pt,10.1038/s41598-019-44607-3,TiOx,HARDWARE_ONLY,82,64,4,9,IDEALIZED_SINGLE_PAIR_GRADUAL,28672.0,96.06,96.08588899195256,False,False
TiOx_02_Pt,10.1038/s41598-019-44607-3,TiOx,HARDWARE_ONLY,83,16,8,6,IDEALIZED_SINGLE_PAIR_GRADUAL,51200.0,96.06,96.17187566736041,False,False
TiOx_02_Pt,10.1038/s41598-019-44607-3,TiOx,HARDWARE_ONLY,84,64,4,10,IDEALIZED_SINGLE_PAIR_GRADUAL,57344.0,96.04,96.0729043570662,False,False
TiOx_02_Pt,10.1038/s41598-019-44607-3,TiOx,HARDWARE_ONLY,85,16,4,9,IDEALIZED_SINGLE_PAIR_GRADUAL,409600.0,96.04,96.07568490997896,False,False
TiOx_02_Pt,10.1038/s41598-019-44607-3,TiOx,HARDWARE_ONLY,86,128,4,9,IDEALIZED_SINGLE_PAIR_GRADUAL,8192.0,96.04,96.0639693487069,False,False
TiOx_02_Pt,10.1038/s41598-019-44607-3,TiOx,HARDWARE_ONLY,87,128,4,8,IDEALIZED_SINGLE_PAIR_GRADUAL,4096.0,96.03,96.06282345165941,False,False
TiOx_02_Pt,10.1038/s41598-019-44607-3,TiOx,HARDWARE_ONLY,88,256,4,9,IDEALIZED_SINGLE_PAIR_GRADUAL,5120.0,96.03,96.0621090689311,False,False
TiOx_02_Pt,10.1038/s41598-019-44607-3,TiOx,HARDWARE_ONLY,89,64,5,7,IDEALIZED_SINGLE_PAIR_GRADUAL,7168.0,96.03,96.14509477833278,False,False
TiOx_02_Pt,10.1038/s41598-019-44607-3,TiOx,HARDWARE_ONLY,90,16,6,6,IDEALIZED_SINGLE_PAIR_GRADUAL,51200.0,96.03,96.19233432693608,False,False
TiOx_02_Pt,10.1038/s41598-019-44607-3,TiOx,HARDWARE_ONLY,91,16,5,6,IDEALIZED_SINGLE_PAIR_GRADUAL,51200.0,96.02,96.10627142153596,False,False
TiOx_02_Pt,10.1038/s41598-019-44607-3,TiOx,HARDWARE_ONLY,92,128,8,7,IDEALIZED_SINGLE_PAIR_GRADUAL,2048.0,96.01,96.0912092673716,False,False
TiOx_02_Pt,10.1038/s41598-019-44607-3,TiOx,HARDWARE_ONLY,93,256,6,7,IDEALIZED_SINGLE_PAIR_GRADUAL,1280.0,96.01,96.14953594624993,True,True
TiOx_02_Pt,10.1038/s41598-019-44607-3,TiOx,HARDWARE_ONLY,94,32,6,6,IDEALIZED_SINGLE_PAIR_GRADUAL,13312.0,96.0,96.10454539438344,False,False
TiOx_02_Pt,10.1038/s41598-019-44607-3,TiOx,HARDWARE_ONLY,95,32,5,6,IDEALIZED_SINGLE_PAIR_GRADUAL,13312.0,95.98,96.03554447435887,False,False
TiOx_02_Pt,10.1038/s41598-019-44607-3,TiOx,HARDWARE_ONLY,96,32,8,6,IDEALIZED_SINGLE_PAIR_GRADUAL,13312.0,95.98,96.11353283083918,False,False
TiOx_02_Pt,10.1038/s41598-019-44607-3,TiOx,HARDWARE_ONLY,97,16,4,6,IDEALIZED_SINGLE_PAIR_GRADUAL,51200.0,95.97,96.00822357098447,False,False
TiOx_02_Pt,10.1038/s41598-019-44607-3,TiOx,HARDWARE_ONLY,98,128,4,7,IDEALIZED_SINGLE_PAIR_GRADUAL,2048.0,95.97,95.97654792310456,False,False
TiOx_02_Pt,10.1038/s41598-019-44607-3,TiOx,HARDWARE_ONLY,99,128,6,7,IDEALIZED_SINGLE_PAIR_GRADUAL,2048.0,95.96,96.12007825670081,False,False
TiOx_02_Pt,10.1038/s41598-019-44607-3,TiOx,HARDWARE_ONLY,100,32,4,7,IDEALIZED_SINGLE_PAIR_GRADUAL,26624.0,95.96,96.0787083738761,False,False
TiOx_02_Pt,10.1038/s41598-019-44607-3,TiOx,HARDWARE_ONLY,101,32,7,6,IDEALIZED_SINGLE_PAIR_GRADUAL,13312.0,95.95,96.11492147630142,False,False
TiOx_02_Pt,10.1038/s41598-019-44607-3,TiOx,HARDWARE_ONLY,102,256,8,7,IDEALIZED_SINGLE_PAIR_GRADUAL,1280.0,95.95,96.10057298742922,False,False
TiOx_02_Pt,10.1038/s41598-019-44607-3,TiOx,HARDWARE_ONLY,103,128,7,7,IDEALIZED_SINGLE_PAIR_GRADUAL,2048.0,95.92,96.09398225421793,False,False
TiOx_02_Pt,10.1038/s41598-019-44607-3,TiOx,HARDWARE_ONLY,104,128,5,7,IDEALIZED_SINGLE_PAIR_GRADUAL,2048.0,95.88,96.05776731499047,False,False
TiOx_02_Pt,10.1038/s41598-019-44607-3,TiOx,HARDWARE_ONLY,105,32,4,6,IDEALIZED_SINGLE_PAIR_GRADUAL,13312.0,95.88,95.95056736202689,False,False
TiOx_02_Pt,10.1038/s41598-019-44607-3,TiOx,HARDWARE_ONLY,106,256,5,7,IDEALIZED_SINGLE_PAIR_GRADUAL,1280.0,95.86,96.05833700610498,False,False
TiOx_02_Pt,10.1038/s41598-019-44607-3,TiOx,HARDWARE_ONLY,107,64,6,6,IDEALIZED_SINGLE_PAIR_GRADUAL,3584.0,95.86,96.00644988786213,False,False
TiOx_02_Pt,10.1038/s41598-019-44607-3,TiOx,HARDWARE_ONLY,108,64,7,6,IDEALIZED_SINGLE_PAIR_GRADUAL,3584.0,95.84,95.9542908993228,False,False
TiOx_02_Pt,10.1038/s41598-019-44607-3,TiOx,HARDWARE_ONLY,109,64,4,7,IDEALIZED_SINGLE_PAIR_GRADUAL,7168.0,95.83,96.04471853417813,False,False
TiOx_02_Pt,10.1038/s41598-019-44607-3,TiOx,HARDWARE_ONLY,110,256,4,7,IDEALIZED_SINGLE_PAIR_GRADUAL,1280.0,95.83,95.97002949117562,False,False
TiOx_02_Pt,10.1038/s41598-019-44607-3,TiOx,HARDWARE_ONLY,111,256,7,7,IDEALIZED_SINGLE_PAIR_GRADUAL,1280.0,95.81,96.10269307253857,False,False
TiOx_02_Pt,10.1038/s41598-019-44607-3,TiOx,HARDWARE_ONLY,112,64,8,6,IDEALIZED_SINGLE_PAIR_GRADUAL,3584.0,95.76,95.9780285571373,False,False
TiOx_02_Pt,10.1038/s41598-019-44607-3,TiOx,HARDWARE_ONLY,113,64,5,6,IDEALIZED_SINGLE_PAIR_GRADUAL,3584.0,95.67,95.96081271151068,False,False
TiOx_02_Pt,10.1038/s41598-019-44607-3,TiOx,HARDWARE_ONLY,114,16,7,5,IDEALIZED_SINGLE_PAIR_GRADUAL,25600.0,95.57,95.9634783931331,False,False
TiOx_02_Pt,10.1038/s41598-019-44607-3,TiOx,HARDWARE_ONLY,115,64,4,6,IDEALIZED_SINGLE_PAIR_GRADUAL,3584.0,95.47,95.8458089801032,False,False
TiOx_02_Pt,10.1038/s41598-019-44607-3,TiOx,HARDWARE_ONLY,116,16,6,5,IDEALIZED_SINGLE_PAIR_GRADUAL,25600.0,95.46,95.99962055716519,False,False
TiOx_02_Pt,10.1038/s41598-019-44607-3,TiOx,HARDWARE_ONLY,117,16,4,5,IDEALIZED_SINGLE_PAIR_GRADUAL,25600.0,95.44,95.7489190187981,False,False
TiOx_02_Pt,10.1038/s41598-019-44607-3,TiOx,HARDWARE_ONLY,118,16,8,5,IDEALIZED_SINGLE_PAIR_GRADUAL,25600.0,95.42,95.95329394458308,False,False
TiOx_02_Pt,10.1038/s41598-019-44607-3,TiOx,HARDWARE_ONLY,119,32,6,5,IDEALIZED_SINGLE_PAIR_GRADUAL,6656.0,95.26,95.71494837634596,False,False
TiOx_02_Pt,10.1038/s41598-019-44607-3,TiOx,HARDWARE_ONLY,120,32,8,5,IDEALIZED_SINGLE_PAIR_GRADUAL,6656.0,95.26,95.7165717720335,False,False
TiOx_02_Pt,10.1038/s41598-019-44607-3,TiOx,HARDWARE_ONLY,121,16,5,5,IDEALIZED_SINGLE_PAIR_GRADUAL,25600.0,95.18,95.82931258676129,False,False
TiOx_02_Pt,10.1038/s41598-019-44607-3,TiOx,HARDWARE_ONLY,122,32,7,5,IDEALIZED_SINGLE_PAIR_GRADUAL,6656.0,95.15,95.71242419635917,False,False
TiOx_02_Pt,10.1038/s41598-019-44607-3,TiOx,HARDWARE_ONLY,123,32,5,5,IDEALIZED_SINGLE_PAIR_GRADUAL,6656.0,94.98,95.59913474806562,False,False
TiOx_02_Pt,10.1038/s41598-019-44607-3,TiOx,HARDWARE_ONLY,124,32,4,5,IDEALIZED_SINGLE_PAIR_GRADUAL,6656.0,94.98,95.51202839804648,False,False
TiOx_02_Pt,10.1038/s41598-019-44607-3,TiOx,HARDWARE_ONLY,125,128,8,6,IDEALIZED_SINGLE_PAIR_GRADUAL,1024.0,94.89,95.67632386380282,True,False
TiOx_02_Pt,10.1038/s41598-019-44607-3,TiOx,HARDWARE_ONLY,126,128,5,6,IDEALIZED_SINGLE_PAIR_GRADUAL,1024.0,94.83,95.62220666697688,False,False
TiOx_02_Pt,10.1038/s41598-019-44607-3,TiOx,HARDWARE_ONLY,127,128,7,6,IDEALIZED_SINGLE_PAIR_GRADUAL,1024.0,94.83,95.6622732684735,False,False
TiOx_02_Pt,10.1038/s41598-019-44607-3,TiOx,HARDWARE_ONLY,128,128,6,6,IDEALIZED_SINGLE_PAIR_GRADUAL,1024.0,94.74,95.68042936574525,False,True
TiOx_02_Pt,10.1038/s41598-019-44607-3,TiOx,HARDWARE_ONLY,129,128,4,6,IDEALIZED_SINGLE_PAIR_GRADUAL,1024.0,94.67,95.60273429112561,False,False
TiOx_02_Pt,10.1038/s41598-019-44607-3,TiOx,HARDWARE_ONLY,130,256,4,6,IDEALIZED_SINGLE_PAIR_GRADUAL,640.0,94.41,95.51124464203279,True,False
TiOx_02_Pt,10.1038/s41598-019-44607-3,TiOx,HARDWARE_ONLY,131,256,6,6,IDEALIZED_SINGLE_PAIR_GRADUAL,640.0,94.39,95.63963723165726,False,True
TiOx_02_Pt,10.1038/s41598-019-44607-3,TiOx,HARDWARE_ONLY,132,256,5,6,IDEALIZED_SINGLE_PAIR_GRADUAL,640.0,94.37,95.54470918584181,False,False
TiOx_02_Pt,10.1038/s41598-019-44607-3,TiOx,HARDWARE_ONLY,133,256,8,6,IDEALIZED_SINGLE_PAIR_GRADUAL,640.0,94.36,95.62481800549446,False,False
TiOx_02_Pt,10.1038/s41598-019-44607-3,TiOx,HARDWARE_ONLY,134,256,7,6,IDEALIZED_SINGLE_PAIR_GRADUAL,640.0,94.31,95.6325998820199,False,False
TiOx_02_Pt,10.1038/s41598-019-44607-3,TiOx,HARDWARE_ONLY,135,64,6,5,IDEALIZED_SINGLE_PAIR_GRADUAL,1792.0,93.39,95.11202261618944,False,False
TiOx_02_Pt,10.1038/s41598-019-44607-3,TiOx,HARDWARE_ONLY,136,64,4,5,IDEALIZED_SINGLE_PAIR_GRADUAL,1792.0,93.35,94.95597862354309,False,False
TiOx_02_Pt,10.1038/s41598-019-44607-3,TiOx,HARDWARE_ONLY,137,64,8,5,IDEALIZED_SINGLE_PAIR_GRADUAL,1792.0,93.34,95.15404708619158,False,False
TiOx_02_Pt,10.1038/s41598-019-44607-3,TiOx,HARDWARE_ONLY,138,64,5,5,IDEALIZED_SINGLE_PAIR_GRADUAL,1792.0,93.14,94.97823191008986,False,False
TiOx_02_Pt,10.1038/s41598-019-44607-3,TiOx,HARDWARE_ONLY,139,64,7,5,IDEALIZED_SINGLE_PAIR_GRADUAL,1792.0,93.07,95.13216149589299,False,False
TiOx_02_Pt,10.1038/s41598-019-44607-3,TiOx,HARDWARE_ONLY,140,16,4,4,IDEALIZED_SINGLE_PAIR_GRADUAL,12800.0,92.8,93.19499339180271,False,False
TiOx_02_Pt,10.1038/s41598-019-44607-3,TiOx,HARDWARE_ONLY,141,16,8,4,IDEALIZED_SINGLE_PAIR_GRADUAL,12800.0,92.49,93.14429850774553,False,False
TiOx_02_Pt,10.1038/s41598-019-44607-3,TiOx,HARDWARE_ONLY,142,16,6,4,IDEALIZED_SINGLE_PAIR_GRADUAL,12800.0,92.42,93.32547189893448,False,False
TiOx_02_Pt,10.1038/s41598-019-44607-3,TiOx,HARDWARE_ONLY,143,256,3,9,IDEALIZED_SINGLE_PAIR_GRADUAL,5120.0,92.33,92.22021473448768,False,False
TiOx_02_Pt,10.1038/s41598-019-44607-3,TiOx,HARDWARE_ONLY,144,128,3,9,IDEALIZED_SINGLE_PAIR_GRADUAL,8192.0,92.31,92.21253174765589,False,False
TiOx_02_Pt,10.1038/s41598-019-44607-3,TiOx,HARDWARE_ONLY,145,256,3,10,IDEALIZED_SINGLE_PAIR_GRADUAL,10240.0,92.27,92.23761440145954,False,False
TiOx_02_Pt,10.1038/s41598-019-44607-3,TiOx,HARDWARE_ONLY,146,16,7,4,IDEALIZED_SINGLE_PAIR_GRADUAL,12800.0,92.27,93.126449599817,False,False
TiOx_02_Pt,10.1038/s41598-019-44607-3,TiOx,HARDWARE_ONLY,147,32,3,9,IDEALIZED_SINGLE_PAIR_GRADUAL,106496.0,92.26,92.23452226936952,False,False
TiOx_02_Pt,10.1038/s41598-019-44607-3,TiOx,HARDWARE_ONLY,148,32,3,10,IDEALIZED_SINGLE_PAIR_GRADUAL,212992.0,92.24,92.23195323204585,False,False
TiOx_02_Pt,10.1038/s41598-019-44607-3,TiOx,HARDWARE_ONLY,149,16,3,10,IDEALIZED_SINGLE_PAIR_GRADUAL,819200.0,92.22,92.22814445343545,False,False
TiOx_02_Pt,10.1038/s41598-019-44607-3,TiOx,HARDWARE_ONLY,150,64,3,9,IDEALIZED_SINGLE_PAIR_GRADUAL,28672.0,92.21,92.2241100611055,False,False
TiOx_02_Pt,10.1038/s41598-019-44607-3,TiOx,HARDWARE_ONLY,151,16,3,9,IDEALIZED_SINGLE_PAIR_GRADUAL,409600.0,92.21,92.22064811643905,False,False
TiOx_02_Pt,10.1038/s41598-019-44607-3,TiOx,HARDWARE_ONLY,152,16,3,7,IDEALIZED_SINGLE_PAIR_GRADUAL,102400.0,92.2,92.18365298088509,False,False
TiOx_02_Pt,10.1038/s41598-019-44607-3,TiOx,HARDWARE_ONLY,153,64,3,10,IDEALIZED_SINGLE_PAIR_GRADUAL,57344.0,92.19,92.21808590581637,False,False
TiOx_02_Pt,10.1038/s41598-019-44607-3,TiOx,HARDWARE_ONLY,154,16,5,4,IDEALIZED_SINGLE_PAIR_GRADUAL,12800.0,92.15,93.00124072055715,False,False
TiOx_02_Pt,10.1038/s41598-019-44607-3,TiOx,HARDWARE_ONLY,155,128,3,10,IDEALIZED_SINGLE_PAIR_GRADUAL,16384.0,92.15,92.21709725647162,False,False
TiOx_02_Pt,10.1038/s41598-019-44607-3,TiOx,HARDWARE_ONLY,156,64,3,8,IDEALIZED_SINGLE_PAIR_GRADUAL,14336.0,92.14,92.17753465662112,False,False
TiOx_02_Pt,10.1038/s41598-019-44607-3,TiOx,HARDWARE_ONLY,157,16,3,8,IDEALIZED_SINGLE_PAIR_GRADUAL,204800.0,92.11,92.19877969588583,False,False
TiOx_02_Pt,10.1038/s41598-019-44607-3,TiOx,HARDWARE_ONLY,158,256,3,8,IDEALIZED_SINGLE_PAIR_GRADUAL,2560.0,92.09,92.20115178328867,False,False
TiOx_02_Pt,10.1038/s41598-019-44607-3,TiOx,HARDWARE_ONLY,159,32,3,8,IDEALIZED_SINGLE_PAIR_GRADUAL,53248.0,92.06,92.18901251942502,False,False
TiOx_02_Pt,10.1038/s41598-019-44607-3,TiOx,HARDWARE_ONLY,160,128,3,8,IDEALIZED_SINGLE_PAIR_GRADUAL,4096.0,92.06,92.19745122172277,False,False
TiOx_02_Pt,10.1038/s41598-019-44607-3,TiOx,HARDWARE_ONLY,161,32,3,7,IDEALIZED_SINGLE_PAIR_GRADUAL,26624.0,91.81,92.15543711312368,False,False
TiOx_02_Pt,10.1038/s41598-019-44607-3,TiOx,HARDWARE_ONLY,162,64,3,7,IDEALIZED_SINGLE_PAIR_GRADUAL,7168.0,91.74,92.00089053502055,False,False
TiOx_02_Pt,10.1038/s41598-019-44607-3,TiOx,HARDWARE_ONLY,163,128,3,7,IDEALIZED_SINGLE_PAIR_GRADUAL,2048.0,91.71,91.99280571373073,False,False
TiOx_02_Pt,10.1038/s41598-019-44607-3,TiOx,HARDWARE_ONLY,164,256,3,7,IDEALIZED_SINGLE_PAIR_GRADUAL,1280.0,91.65,92.01873442535235,False,False
TiOx_02_Pt,10.1038/s41598-019-44607-3,TiOx,HARDWARE_ONLY,165,16,3,6,IDEALIZED_SINGLE_PAIR_GRADUAL,51200.0,91.62,92.05971109901213,False,False
TiOx_02_Pt,10.1038/s41598-019-44607-3,TiOx,HARDWARE_ONLY,166,32,3,6,IDEALIZED_SINGLE_PAIR_GRADUAL,13312.0,91.42,91.84921159679219,False,False
TiOx_02_Pt,10.1038/s41598-019-44607-3,TiOx,HARDWARE_ONLY,167,128,8,5,IDEALIZED_SINGLE_PAIR_GRADUAL,512.0,90.37,93.64900350005065,True,False
TiOx_02_Pt,10.1038/s41598-019-44607-3,TiOx,HARDWARE_ONLY,168,32,7,4,IDEALIZED_SINGLE_PAIR_GRADUAL,3328.0,90.33,90.44241480650057,False,False
TiOx_02_Pt,10.1038/s41598-019-44607-3,TiOx,HARDWARE_ONLY,169,32,8,4,IDEALIZED_SINGLE_PAIR_GRADUAL,3328.0,90.31,90.45721073043627,False,False
TiOx_02_Pt,10.1038/s41598-019-44607-3,TiOx,HARDWARE_ONLY,170,128,6,5,IDEALIZED_SINGLE_PAIR_GRADUAL,512.0,90.25,93.71046081929835,False,True
TiOx_02_Pt,10.1038/s41598-019-44607-3,TiOx,HARDWARE_ONLY,171,32,6,4,IDEALIZED_SINGLE_PAIR_GRADUAL,3328.0,90.23,90.52163047985347,False,False
TiOx_02_Pt,10.1038/s41598-019-44607-3,TiOx,HARDWARE_ONLY,172,128,5,5,IDEALIZED_SINGLE_PAIR_GRADUAL,512.0,90.14,93.44499046581197,False,False
TiOx_02_Pt,10.1038/s41598-019-44607-3,TiOx,HARDWARE_ONLY,173,64,3,6,IDEALIZED_SINGLE_PAIR_GRADUAL,3584.0,90.12,91.58484698440449,False,False
TiOx_02_Pt,10.1038/s41598-019-44607-3,TiOx,HARDWARE_ONLY,174,32,4,4,IDEALIZED_SINGLE_PAIR_GRADUAL,3328.0,90.11,90.53131304734163,False,False
TiOx_02_Pt,10.1038/s41598-019-44607-3,TiOx,HARDWARE_ONLY,175,128,7,5,IDEALIZED_SINGLE_PAIR_GRADUAL,512.0,90.09,93.58277633996559,False,False
TiOx_02_Pt,10.1038/s41598-019-44607-3,TiOx,HARDWARE_ONLY,176,16,3,5,IDEALIZED_SINGLE_PAIR_GRADUAL,25600.0,90.01,91.41393784576523,False,False
TiOx_02_Pt,10.1038/s41598-019-44607-3,TiOx,HARDWARE_ONLY,177,128,4,5,IDEALIZED_SINGLE_PAIR_GRADUAL,512.0,89.99,93.40266488972145,False,False
TiOx_02_Pt,10.1038/s41598-019-44607-3,TiOx,HARDWARE_ONLY,178,32,5,4,IDEALIZED_SINGLE_PAIR_GRADUAL,3328.0,89.86,90.06434802447562,False,False
TiOx_02_Pt,10.1038/s41598-019-44607-3,TiOx,HARDWARE_ONLY,179,128,3,6,IDEALIZED_SINGLE_PAIR_GRADUAL,1024.0,89.81,91.25433526656681,False,False
TiOx_02_Pt,10.1038/s41598-019-44607-3,TiOx,HARDWARE_ONLY,180,256,3,6,IDEALIZED_SINGLE_PAIR_GRADUAL,640.0,89.1,91.18659088944392,False,False
TiOx_02_Pt,10.1038/s41598-019-44607-3,TiOx,HARDWARE_ONLY,181,32,3,5,IDEALIZED_SINGLE_PAIR_GRADUAL,6656.0,88.5,90.75488271630667,False,False
TiOx_02_Pt,10.1038/s41598-019-44607-3,TiOx,HARDWARE_ONLY,182,256,6,5,IDEALIZED_SINGLE_PAIR_GRADUAL,320.0,87.75,92.6043551267899,True,False
TiOx_02_Pt,10.1038/s41598-019-44607-3,TiOx,HARDWARE_ONLY,183,256,8,5,IDEALIZED_SINGLE_PAIR_GRADUAL,320.0,87.57,92.61155884123725,False,False
TiOx_02_Pt,10.1038/s41598-019-44607-3,TiOx,HARDWARE_ONLY,184,256,5,5,IDEALIZED_SINGLE_PAIR_GRADUAL,320.0,87.42,92.24416905887088,False,False
TiOx_02_Pt,10.1038/s41598-019-44607-3,TiOx,HARDWARE_ONLY,185,256,7,5,IDEALIZED_SINGLE_PAIR_GRADUAL,320.0,87.14,92.57045114504447,False,False
TiOx_02_Pt,10.1038/s41598-019-44607-3,TiOx,HARDWARE_ONLY,186,256,4,5,IDEALIZED_SINGLE_PAIR_GRADUAL,320.0,86.69,92.648064977245,False,True
TiOx_02_Pt,10.1038/s41598-019-44607-3,TiOx,HARDWARE_ONLY,187,16,3,4,IDEALIZED_SINGLE_PAIR_GRADUAL,12800.0,85.3,88.76266597545927,False,False
TiOx_02_Pt,10.1038/s41598-019-44607-3,TiOx,HARDWARE_ONLY,188,64,3,5,IDEALIZED_SINGLE_PAIR_GRADUAL,1792.0,84.17,89.79980779989448,False,False
TiOx_02_Pt,10.1038/s41598-019-44607-3,TiOx,HARDWARE_ONLY,189,64,7,4,IDEALIZED_SINGLE_PAIR_GRADUAL,896.0,82.23,86.07870172261073,False,False
TiOx_02_Pt,10.1038/s41598-019-44607-3,TiOx,HARDWARE_ONLY,190,64,8,4,IDEALIZED_SINGLE_PAIR_GRADUAL,896.0,82.13,86.383725005883,False,False
TiOx_02_Pt,10.1038/s41598-019-44607-3,TiOx,HARDWARE_ONLY,191,64,6,4,IDEALIZED_SINGLE_PAIR_GRADUAL,896.0,81.83,86.25967576620609,False,False
TiOx_02_Pt,10.1038/s41598-019-44607-3,TiOx,HARDWARE_ONLY,192,64,5,4,IDEALIZED_SINGLE_PAIR_GRADUAL,896.0,81.37,85.60044589282938,False,False
TiOx_02_Pt,10.1038/s41598-019-44607-3,TiOx,HARDWARE_ONLY,193,128,3,5,IDEALIZED_SINGLE_PAIR_GRADUAL,512.0,80.66,88.13711593112436,False,False
TiOx_02_Pt,10.1038/s41598-019-44607-3,TiOx,HARDWARE_ONLY,194,64,4,4,IDEALIZED_SINGLE_PAIR_GRADUAL,896.0,80.61,85.88745320801415,False,False
TiOx_02_Pt,10.1038/s41598-019-44607-3,TiOx,HARDWARE_ONLY,195,32,3,4,IDEALIZED_SINGLE_PAIR_GRADUAL,3328.0,79.61,86.99547624605945,False,False
TiOx_02_Pt,10.1038/s41598-019-44607-3,TiOx,HARDWARE_ONLY,196,256,3,5,IDEALIZED_SINGLE_PAIR_GRADUAL,320.0,75.79,87.0541158375513,False,False
TiOx_02_Pt,10.1038/s41598-019-44607-3,TiOx,HARDWARE_ONLY,197,64,3,4,IDEALIZED_SINGLE_PAIR_GRADUAL,896.0,71.87,81.54631653035688,False,False
TiOx_02_Pt,10.1038/s41598-019-44607-3,TiOx,HARDWARE_ONLY,198,128,6,4,IDEALIZED_SINGLE_PAIR_GRADUAL,256.0,64.39,74.86270784668113,True,False
TiOx_02_Pt,10.1038/s41598-019-44607-3,TiOx,HARDWARE_ONLY,199,128,5,4,IDEALIZED_SINGLE_PAIR_GRADUAL,256.0,64.05,74.6242338150412,False,False
TiOx_02_Pt,10.1038/s41598-019-44607-3,TiOx,HARDWARE_ONLY,200,128,8,4,IDEALIZED_SINGLE_PAIR_GRADUAL,256.0,63.72,75.25965525529377,False,True
TiOx_02_Pt,10.1038/s41598-019-44607-3,TiOx,HARDWARE_ONLY,201,128,7,4,IDEALIZED_SINGLE_PAIR_GRADUAL,256.0,63.25,74.8765014240433,False,False
TiOx_02_Pt,10.1038/s41598-019-44607-3,TiOx,HARDWARE_ONLY,202,128,4,4,IDEALIZED_SINGLE_PAIR_GRADUAL,256.0,63.24,75.23810788927739,False,False
TiOx_02_Pt,10.1038/s41598-019-44607-3,TiOx,HARDWARE_ONLY,203,256,5,4,IDEALIZED_SINGLE_PAIR_GRADUAL,160.0,57.18,71.84604338602924,True,False
TiOx_02_Pt,10.1038/s41598-019-44607-3,TiOx,HARDWARE_ONLY,204,256,6,4,IDEALIZED_SINGLE_PAIR_GRADUAL,160.0,56.24,72.60088311058445,False,False
TiOx_02_Pt,10.1038/s41598-019-44607-3,TiOx,HARDWARE_ONLY,205,256,4,4,IDEALIZED_SINGLE_PAIR_GRADUAL,160.0,55.95,73.46082202047965,False,True
TiOx_02_Pt,10.1038/s41598-019-44607-3,TiOx,HARDWARE_ONLY,206,256,8,4,IDEALIZED_SINGLE_PAIR_GRADUAL,160.0,55.63,72.2869797671772,False,False
TiOx_02_Pt,10.1038/s41598-019-44607-3,TiOx,HARDWARE_ONLY,207,256,7,4,IDEALIZED_SINGLE_PAIR_GRADUAL,160.0,55.55,73.01686313025867,False,False
TiOx_02_Pt,10.1038/s41598-019-44607-3,TiOx,HARDWARE_ONLY,208,128,3,4,IDEALIZED_SINGLE_PAIR_GRADUAL,256.0,48.04,73.96871584189009,False,False
TiOx_02_Pt,10.1038/s41598-019-44607-3,TiOx,HARDWARE_ONLY,209,256,3,4,IDEALIZED_SINGLE_PAIR_GRADUAL,160.0,44.92,70.42610617876564,False,False
TiOx_02_Pt,10.1038/s41598-019-44607-3,TiOx,HARDWARE_ONLY,210,16,2,4,IDEALIZED_SINGLE_PAIR_GRADUAL,12800.0,11.44,11.652324550756441,False,False
TiOx_02_Pt,10.1038/s41598-019-44607-3,TiOx,HARDWARE_ONLY,211,16,2,9,IDEALIZED_SINGLE_PAIR_GRADUAL,409600.0,11.42,11.379461242063496,False,False
TiOx_02_Pt,10.1038/s41598-019-44607-3,TiOx,HARDWARE_ONLY,212,64,2,9,IDEALIZED_SINGLE_PAIR_GRADUAL,28672.0,11.42,11.310496786435785,False,False
TiOx_02_Pt,10.1038/s41598-019-44607-3,TiOx,HARDWARE_ONLY,213,128,2,8,IDEALIZED_SINGLE_PAIR_GRADUAL,4096.0,11.4,11.379200671134406,False,False
TiOx_02_Pt,10.1038/s41598-019-44607-3,TiOx,HARDWARE_ONLY,214,256,2,9,IDEALIZED_SINGLE_PAIR_GRADUAL,5120.0,11.38,11.348949837468087,False,False
TiOx_02_Pt,10.1038/s41598-019-44607-3,TiOx,HARDWARE_ONLY,215,16,2,7,IDEALIZED_SINGLE_PAIR_GRADUAL,102400.0,11.37,11.307468428515925,False,False
TiOx_02_Pt,10.1038/s41598-019-44607-3,TiOx,HARDWARE_ONLY,216,16,2,10,IDEALIZED_SINGLE_PAIR_GRADUAL,819200.0,11.36,11.438624173160177,False,False
TiOx_02_Pt,10.1038/s41598-019-44607-3,TiOx,HARDWARE_ONLY,217,128,2,9,IDEALIZED_SINGLE_PAIR_GRADUAL,8192.0,11.36,11.33686676055644,False,False
TiOx_02_Pt,10.1038/s41598-019-44607-3,TiOx,HARDWARE_ONLY,218,16,2,8,IDEALIZED_SINGLE_PAIR_GRADUAL,204800.0,11.35,11.361228299062045,False,False
TiOx_02_Pt,10.1038/s41598-019-44607-3,TiOx,HARDWARE_ONLY,219,256,2,8,IDEALIZED_SINGLE_PAIR_GRADUAL,2560.0,11.26,11.393514612110117,False,False
TiOx_02_Pt,10.1038/s41598-019-44607-3,TiOx,HARDWARE_ONLY,220,128,2,10,IDEALIZED_SINGLE_PAIR_GRADUAL,16384.0,11.25,11.266202513098019,False,False
TiOx_02_Pt,10.1038/s41598-019-44607-3,TiOx,HARDWARE_ONLY,221,256,2,10,IDEALIZED_SINGLE_PAIR_GRADUAL,10240.0,11.25,11.290771812896256,False,False
TiOx_02_Pt,10.1038/s41598-019-44607-3,TiOx,HARDWARE_ONLY,222,16,2,6,IDEALIZED_SINGLE_PAIR_GRADUAL,51200.0,11.23,11.360339504995009,False,False
TiOx_02_Pt,10.1038/s41598-019-44607-3,TiOx,HARDWARE_ONLY,223,32,2,9,IDEALIZED_SINGLE_PAIR_GRADUAL,106496.0,11.18,11.355929303946061,False,False
TiOx_02_Pt,10.1038/s41598-019-44607-3,TiOx,HARDWARE_ONLY,224,64,2,10,IDEALIZED_SINGLE_PAIR_GRADUAL,57344.0,11.13,11.31107287191402,False,False
TiOx_02_Pt,10.1038/s41598-019-44607-3,TiOx,HARDWARE_ONLY,225,32,2,10,IDEALIZED_SINGLE_PAIR_GRADUAL,212992.0,11.12,11.323977538184037,False,False
TiOx_02_Pt,10.1038/s41598-019-44607-3,TiOx,HARDWARE_ONLY,226,32,2,4,IDEALIZED_SINGLE_PAIR_GRADUAL,3328.0,11.1,11.590656196321648,False,False
TiOx_02_Pt,10.1038/s41598-019-44607-3,TiOx,HARDWARE_ONLY,227,32,2,8,IDEALIZED_SINGLE_PAIR_GRADUAL,53248.0,11.1,11.312625898434902,False,False
TiOx_02_Pt,10.1038/s41598-019-44607-3,TiOx,HARDWARE_ONLY,228,32,2,7,IDEALIZED_SINGLE_PAIR_GRADUAL,26624.0,11.09,11.346475497505768,False,False
TiOx_02_Pt,10.1038/s41598-019-44607-3,TiOx,HARDWARE_ONLY,229,64,2,7,IDEALIZED_SINGLE_PAIR_GRADUAL,7168.0,11.04,11.167369908896655,False,False
TiOx_02_Pt,10.1038/s41598-019-44607-3,TiOx,HARDWARE_ONLY,230,64,2,8,IDEALIZED_SINGLE_PAIR_GRADUAL,14336.0,11.01,11.25888824317348,False,False
TiOx_02_Pt,10.1038/s41598-019-44607-3,TiOx,HARDWARE_ONLY,231,64,2,6,IDEALIZED_SINGLE_PAIR_GRADUAL,3584.0,10.95,11.280106009712515,False,False
TiOx_02_Pt,10.1038/s41598-019-44607-3,TiOx,HARDWARE_ONLY,232,32,2,6,IDEALIZED_SINGLE_PAIR_GRADUAL,13312.0,10.9,11.269478081030083,False,False
TiOx_02_Pt,10.1038/s41598-019-44607-3,TiOx,HARDWARE_ONLY,233,128,2,7,IDEALIZED_SINGLE_PAIR_GRADUAL,2048.0,10.88,11.456421593573097,False,False
TiOx_02_Pt,10.1038/s41598-019-44607-3,TiOx,HARDWARE_ONLY,234,16,2,5,IDEALIZED_SINGLE_PAIR_GRADUAL,25600.0,10.79,11.365353910755914,False,False
TiOx_02_Pt,10.1038/s41598-019-44607-3,TiOx,HARDWARE_ONLY,235,128,2,6,IDEALIZED_SINGLE_PAIR_GRADUAL,1024.0,10.75,11.25006146306472,False,False
TiOx_02_Pt,10.1038/s41598-019-44607-3,TiOx,HARDWARE_ONLY,236,256,2,7,IDEALIZED_SINGLE_PAIR_GRADUAL,1280.0,10.75,11.403106278110776,False,False
TiOx_02_Pt,10.1038/s41598-019-44607-3,TiOx,HARDWARE_ONLY,237,32,2,5,IDEALIZED_SINGLE_PAIR_GRADUAL,6656.0,10.48,11.509998810744802,False,False
TiOx_02_Pt,10.1038/s41598-019-44607-3,TiOx,HARDWARE_ONLY,238,256,2,6,IDEALIZED_SINGLE_PAIR_GRADUAL,640.0,10.18,11.221796804861796,False,False
TiOx_02_Pt,10.1038/s41598-019-44607-3,TiOx,HARDWARE_ONLY,239,64,2,4,IDEALIZED_SINGLE_PAIR_GRADUAL,896.0,10.03,12.051523317682301,False,False
TiOx_02_Pt,10.1038/s41598-019-44607-3,TiOx,HARDWARE_ONLY,240,64,2,5,IDEALIZED_SINGLE_PAIR_GRADUAL,1792.0,9.97,11.537124878399371,False,False
TiOx_02_Pt,10.1038/s41598-019-44607-3,TiOx,HARDWARE_ONLY,241,128,2,4,IDEALIZED_SINGLE_PAIR_GRADUAL,256.0,9.82,11.069705563159063,False,False
TiOx_02_Pt,10.1038/s41598-019-44607-3,TiOx,HARDWARE_ONLY,242,128,2,5,IDEALIZED_SINGLE_PAIR_GRADUAL,512.0,9.72,11.46327742386208,False,False
TiOx_02_Pt,10.1038/s41598-019-44607-3,TiOx,HARDWARE_ONLY,243,256,2,5,IDEALIZED_SINGLE_PAIR_GRADUAL,320.0,9.15,11.353611134754123,False,False
TiOx_02_Pt,10.1038/s41598-019-44607-3,TiOx,HARDWARE_ONLY,244,256,2,4,IDEALIZED_SINGLE_PAIR_GRADUAL,160.0,9.06,10.513676461704963,False,False
TiOx_02_Pt,10.1038/s41598-019-44607-3,TiOx,FULL_DEVICE_AWARE,0,128,6,8,IDEALIZED_SINGLE_PAIR_GRADUAL,4096.0,96.35,96.23291416450206,True,True
TiOx_02_Pt,10.1038/s41598-019-44607-3,TiOx,FULL_DEVICE_AWARE,1,32,8,9,IDEALIZED_SINGLE_PAIR_GRADUAL,106496.0,96.32,96.2336695714286,False,False
TiOx_02_Pt,10.1038/s41598-019-44607-3,TiOx,FULL_DEVICE_AWARE,2,16,6,10,IDEALIZED_SINGLE_PAIR_GRADUAL,819200.0,96.31,96.29314215079363,False,True
TiOx_02_Pt,10.1038/s41598-019-44607-3,TiOx,FULL_DEVICE_AWARE,3,64,8,9,IDEALIZED_SINGLE_PAIR_GRADUAL,28672.0,96.31,96.22246889682546,False,False
TiOx_02_Pt,10.1038/s41598-019-44607-3,TiOx,FULL_DEVICE_AWARE,4,256,6,10,IDEALIZED_SINGLE_PAIR_GRADUAL,10240.0,96.3,96.25512152525269,False,True
TiOx_02_Pt,10.1038/s41598-019-44607-3,TiOx,FULL_DEVICE_AWARE,5,64,6,9,IDEALIZED_SINGLE_PAIR_GRADUAL,28672.0,96.29,96.26489407936502,False,True
TiOx_02_Pt,10.1038/s41598-019-44607-3,TiOx,FULL_DEVICE_AWARE,6,128,7,8,IDEALIZED_SINGLE_PAIR_GRADUAL,4096.0,96.28,96.21738745021652,False,False
TiOx_02_Pt,10.1038/s41598-019-44607-3,TiOx,FULL_DEVICE_AWARE,7,256,6,8,IDEALIZED_SINGLE_PAIR_GRADUAL,2560.0,96.28,96.21529372943711,True,False
TiOx_02_Pt,10.1038/s41598-019-44607-3,TiOx,FULL_DEVICE_AWARE,8,128,6,9,IDEALIZED_SINGLE_PAIR_GRADUAL,8192.0,96.28,96.24368018253966,False,True
TiOx_02_Pt,10.1038/s41598-019-44607-3,TiOx,FULL_DEVICE_AWARE,9,64,6,10,IDEALIZED_SINGLE_PAIR_GRADUAL,57344.0,96.28,96.28066882539686,False,True
TiOx_02_Pt,10.1038/s41598-019-44607-3,TiOx,FULL_DEVICE_AWARE,10,256,7,8,IDEALIZED_SINGLE_PAIR_GRADUAL,2560.0,96.28,96.21593281529577,True,True
TiOx_02_Pt,10.1038/s41598-019-44607-3,TiOx,FULL_DEVICE_AWARE,11,128,6,10,IDEALIZED_SINGLE_PAIR_GRADUAL,16384.0,96.27,96.26002517460336,False,True
TiOx_02_Pt,10.1038/s41598-019-44607-3,TiOx,FULL_DEVICE_AWARE,12,32,6,10,IDEALIZED_SINGLE_PAIR_GRADUAL,212992.0,96.27,96.27851927777779,False,False
TiOx_02_Pt,10.1038/s41598-019-44607-3,TiOx,FULL_DEVICE_AWARE,13,32,6,9,IDEALIZED_SINGLE_PAIR_GRADUAL,106496.0,96.26,96.25195516666659,False,False
TiOx_02_Pt,10.1038/s41598-019-44607-3,TiOx,FULL_DEVICE_AWARE,14,32,8,8,IDEALIZED_SINGLE_PAIR_GRADUAL,53248.0,96.26,96.18876254689765,False,False
TiOx_02_Pt,10.1038/s41598-019-44607-3,TiOx,FULL_DEVICE_AWARE,15,16,6,9,IDEALIZED_SINGLE_PAIR_GRADUAL,409600.0,96.26,96.2591953015873,False,False
TiOx_02_Pt,10.1038/s41598-019-44607-3,TiOx,FULL_DEVICE_AWARE,16,16,8,9,IDEALIZED_SINGLE_PAIR_GRADUAL,409600.0,96.26,96.22448450000003,False,False
TiOx_02_Pt,10.1038/s41598-019-44607-3,TiOx,FULL_DEVICE_AWARE,17,64,7,9,IDEALIZED_SINGLE_PAIR_GRADUAL,28672.0,96.26,96.23218619047617,False,False
TiOx_02_Pt,10.1038/s41598-019-44607-3,TiOx,FULL_DEVICE_AWARE,18,64,8,10,IDEALIZED_SINGLE_PAIR_GRADUAL,57344.0,96.25,96.22356571428563,False,False
TiOx_02_Pt,10.1038/s41598-019-44607-3,TiOx,FULL_DEVICE_AWARE,19,16,8,10,IDEALIZED_SINGLE_PAIR_GRADUAL,819200.0,96.25,96.23289725396816,False,False
TiOx_02_Pt,10.1038/s41598-019-44607-3,TiOx,FULL_DEVICE_AWARE,20,32,7,9,IDEALIZED_SINGLE_PAIR_GRADUAL,106496.0,96.25,96.23064868686858,False,False
TiOx_02_Pt,10.1038/s41598-019-44607-3,TiOx,FULL_DEVICE_AWARE,21,32,8,10,IDEALIZED_SINGLE_PAIR_GRADUAL,212992.0,96.24,96.24307499999989,False,False
TiOx_02_Pt,10.1038/s41598-019-44607-3,TiOx,FULL_DEVICE_AWARE,22,256,6,9,IDEALIZED_SINGLE_PAIR_GRADUAL,5120.0,96.24,96.22163507287154,False,False
TiOx_02_Pt,10.1038/s41598-019-44607-3,TiOx,FULL_DEVICE_AWARE,23,128,8,8,IDEALIZED_SINGLE_PAIR_GRADUAL,4096.0,96.24,96.19916860101017,False,False
TiOx_02_Pt,10.1038/s41598-019-44607-3,TiOx,FULL_DEVICE_AWARE,24,128,5,8,IDEALIZED_SINGLE_PAIR_GRADUAL,4096.0,96.23,96.14617313636357,False,False
TiOx_02_Pt,10.1038/s41598-019-44607-3,TiOx,FULL_DEVICE_AWARE,25,64,7,10,IDEALIZED_SINGLE_PAIR_GRADUAL,57344.0,96.23,96.20816412698402,False,False
TiOx_02_Pt,10.1038/s41598-019-44607-3,TiOx,FULL_DEVICE_AWARE,26,32,7,10,IDEALIZED_SINGLE_PAIR_GRADUAL,212992.0,96.23,96.21647490909079,False,False
TiOx_02_Pt,10.1038/s41598-019-44607-3,TiOx,FULL_DEVICE_AWARE,27,16,7,8,IDEALIZED_SINGLE_PAIR_GRADUAL,204800.0,96.23,96.19831320634924,False,False
TiOx_02_Pt,10.1038/s41598-019-44607-3,TiOx,FULL_DEVICE_AWARE,28,16,6,8,IDEALIZED_SINGLE_PAIR_GRADUAL,204800.0,96.23,96.23749668253967,False,False
TiOx_02_Pt,10.1038/s41598-019-44607-3,TiOx,FULL_DEVICE_AWARE,29,256,8,8,IDEALIZED_SINGLE_PAIR_GRADUAL,2560.0,96.23,96.19510040259752,False,False
TiOx_02_Pt,10.1038/s41598-019-44607-3,TiOx,FULL_DEVICE_AWARE,30,256,7,10,IDEALIZED_SINGLE_PAIR_GRADUAL,10240.0,96.23,96.19255896031747,False,False
TiOx_02_Pt,10.1038/s41598-019-44607-3,TiOx,FULL_DEVICE_AWARE,31,16,7,10,IDEALIZED_SINGLE_PAIR_GRADUAL,819200.0,96.22,96.20545323015871,False,False
TiOx_02_Pt,10.1038/s41598-019-44607-3,TiOx,FULL_DEVICE_AWARE,32,16,7,9,IDEALIZED_SINGLE_PAIR_GRADUAL,409600.0,96.22,96.21204065873016,False,False
TiOx_02_Pt,10.1038/s41598-019-44607-3,TiOx,FULL_DEVICE_AWARE,33,16,8,8,IDEALIZED_SINGLE_PAIR_GRADUAL,204800.0,96.22,96.19072261038973,False,False
TiOx_02_Pt,10.1038/s41598-019-44607-3,TiOx,FULL_DEVICE_AWARE,34,64,5,8,IDEALIZED_SINGLE_PAIR_GRADUAL,14336.0,96.22,96.17306556493504,False,False
TiOx_02_Pt,10.1038/s41598-019-44607-3,TiOx,FULL_DEVICE_AWARE,35,128,5,10,IDEALIZED_SINGLE_PAIR_GRADUAL,16384.0,96.21,96.16176946031747,False,False
TiOx_02_Pt,10.1038/s41598-019-44607-3,TiOx,FULL_DEVICE_AWARE,36,256,7,9,IDEALIZED_SINGLE_PAIR_GRADUAL,5120.0,96.21,96.2196863174603,False,False
TiOx_02_Pt,10.1038/s41598-019-44607-3,TiOx,FULL_DEVICE_AWARE,37,16,7,7,IDEALIZED_SINGLE_PAIR_GRADUAL,102400.0,96.21,96.1825665158729,False,False
TiOx_02_Pt,10.1038/s41598-019-44607-3,TiOx,FULL_DEVICE_AWARE,38,16,8,7,IDEALIZED_SINGLE_PAIR_GRADUAL,102400.0,96.21,96.17004404761909,False,False
TiOx_02_Pt,10.1038/s41598-019-44607-3,TiOx,FULL_DEVICE_AWARE,39,64,8,8,IDEALIZED_SINGLE_PAIR_GRADUAL,14336.0,96.21,96.17897643578658,False,False
TiOx_02_Pt,10.1038/s41598-019-44607-3,TiOx,FULL_DEVICE_AWARE,40,128,7,10,IDEALIZED_SINGLE_PAIR_GRADUAL,16384.0,96.2,96.19913921428561,False,False
TiOx_02_Pt,10.1038/s41598-019-44607-3,TiOx,FULL_DEVICE_AWARE,41,256,8,9,IDEALIZED_SINGLE_PAIR_GRADUAL,5120.0,96.2,96.20516191269847,False,False
TiOx_02_Pt,10.1038/s41598-019-44607-3,TiOx,FULL_DEVICE_AWARE,42,256,8,10,IDEALIZED_SINGLE_PAIR_GRADUAL,10240.0,96.19,96.20090015079381,False,False
TiOx_02_Pt,10.1038/s41598-019-44607-3,TiOx,FULL_DEVICE_AWARE,43,128,7,9,IDEALIZED_SINGLE_PAIR_GRADUAL,8192.0,96.19,96.22548026190488,False,False
TiOx_02_Pt,10.1038/s41598-019-44607-3,TiOx,FULL_DEVICE_AWARE,44,64,8,7,IDEALIZED_SINGLE_PAIR_GRADUAL,7168.0,96.19,96.12155353174599,False,False
TiOx_02_Pt,10.1038/s41598-019-44607-3,TiOx,FULL_DEVICE_AWARE,45,32,7,7,IDEALIZED_SINGLE_PAIR_GRADUAL,26624.0,96.19,96.18710574603159,False,False
TiOx_02_Pt,10.1038/s41598-019-44607-3,TiOx,FULL_DEVICE_AWARE,46,32,6,8,IDEALIZED_SINGLE_PAIR_GRADUAL,53248.0,96.19,96.22835232539678,False,False
TiOx_02_Pt,10.1038/s41598-019-44607-3,TiOx,FULL_DEVICE_AWARE,47,32,7,8,IDEALIZED_SINGLE_PAIR_GRADUAL,53248.0,96.19,96.20178333333338,False,False
TiOx_02_Pt,10.1038/s41598-019-44607-3,TiOx,FULL_DEVICE_AWARE,48,64,7,8,IDEALIZED_SINGLE_PAIR_GRADUAL,14336.0,96.18,96.1951637460319,False,False
TiOx_02_Pt,10.1038/s41598-019-44607-3,TiOx,FULL_DEVICE_AWARE,49,64,5,9,IDEALIZED_SINGLE_PAIR_GRADUAL,28672.0,96.18,96.16732254112556,False,False
TiOx_02_Pt,10.1038/s41598-019-44607-3,TiOx,FULL_DEVICE_AWARE,50,16,5,8,IDEALIZED_SINGLE_PAIR_GRADUAL,204800.0,96.17,96.15178757142861,False,False
TiOx_02_Pt,10.1038/s41598-019-44607-3,TiOx,FULL_DEVICE_AWARE,51,256,5,9,IDEALIZED_SINGLE_PAIR_GRADUAL,5120.0,96.17,96.1260723506494,False,False
TiOx_02_Pt,10.1038/s41598-019-44607-3,TiOx,FULL_DEVICE_AWARE,52,64,7,7,IDEALIZED_SINGLE_PAIR_GRADUAL,7168.0,96.17,96.13418454761893,False,False
TiOx_02_Pt,10.1038/s41598-019-44607-3,TiOx,FULL_DEVICE_AWARE,53,128,5,9,IDEALIZED_SINGLE_PAIR_GRADUAL,8192.0,96.16,96.16001768398269,False,False
TiOx_02_Pt,10.1038/s41598-019-44607-3,TiOx,FULL_DEVICE_AWARE,54,32,5,8,IDEALIZED_SINGLE_PAIR_GRADUAL,53248.0,96.16,96.16162730952381,False,False
TiOx_02_Pt,10.1038/s41598-019-44607-3,TiOx,FULL_DEVICE_AWARE,55,32,5,9,IDEALIZED_SINGLE_PAIR_GRADUAL,106496.0,96.16,96.16024814285713,False,False
TiOx_02_Pt,10.1038/s41598-019-44607-3,TiOx,FULL_DEVICE_AWARE,56,16,6,7,IDEALIZED_SINGLE_PAIR_GRADUAL,102400.0,96.15,96.19554555555536,False,False
TiOx_02_Pt,10.1038/s41598-019-44607-3,TiOx,FULL_DEVICE_AWARE,57,16,5,7,IDEALIZED_SINGLE_PAIR_GRADUAL,102400.0,96.15,96.08703415873032,False,False
TiOx_02_Pt,10.1038/s41598-019-44607-3,TiOx,FULL_DEVICE_AWARE,58,256,5,10,IDEALIZED_SINGLE_PAIR_GRADUAL,10240.0,96.15,96.12933678571434,False,False
TiOx_02_Pt,10.1038/s41598-019-44607-3,TiOx,FULL_DEVICE_AWARE,59,128,8,10,IDEALIZED_SINGLE_PAIR_GRADUAL,16384.0,96.15,96.20900115873008,False,False
TiOx_02_Pt,10.1038/s41598-019-44607-3,TiOx,FULL_DEVICE_AWARE,60,128,8,9,IDEALIZED_SINGLE_PAIR_GRADUAL,8192.0,96.15,96.2120943253969,False,False
TiOx_02_Pt,10.1038/s41598-019-44607-3,TiOx,FULL_DEVICE_AWARE,61,64,5,10,IDEALIZED_SINGLE_PAIR_GRADUAL,57344.0,96.14,96.16965436507931,False,False
TiOx_02_Pt,10.1038/s41598-019-44607-3,TiOx,FULL_DEVICE_AWARE,62,16,5,9,IDEALIZED_SINGLE_PAIR_GRADUAL,409600.0,96.14,96.15833218253955,False,False
TiOx_02_Pt,10.1038/s41598-019-44607-3,TiOx,FULL_DEVICE_AWARE,63,16,5,10,IDEALIZED_SINGLE_PAIR_GRADUAL,819200.0,96.14,96.15226445238089,False,False
TiOx_02_Pt,10.1038/s41598-019-44607-3,TiOx,FULL_DEVICE_AWARE,64,32,6,7,IDEALIZED_SINGLE_PAIR_GRADUAL,26624.0,96.14,96.20350326190456,False,False
TiOx_02_Pt,10.1038/s41598-019-44607-3,TiOx,FULL_DEVICE_AWARE,65,32,5,10,IDEALIZED_SINGLE_PAIR_GRADUAL,212992.0,96.13,96.15351284126983,False,False
TiOx_02_Pt,10.1038/s41598-019-44607-3,TiOx,FULL_DEVICE_AWARE,66,64,6,8,IDEALIZED_SINGLE_PAIR_GRADUAL,14336.0,96.12,96.23280002380953,False,False
TiOx_02_Pt,10.1038/s41598-019-44607-3,TiOx,FULL_DEVICE_AWARE,67,16,4,7,IDEALIZED_SINGLE_PAIR_GRADUAL,102400.0,96.11,95.98597193650807,False,False
TiOx_02_Pt,10.1038/s41598-019-44607-3,TiOx,FULL_DEVICE_AWARE,68,32,4,9,IDEALIZED_SINGLE_PAIR_GRADUAL,106496.0,96.1,96.070894111111,False,False
TiOx_02_Pt,10.1038/s41598-019-44607-3,TiOx,FULL_DEVICE_AWARE,69,16,4,8,IDEALIZED_SINGLE_PAIR_GRADUAL,204800.0,96.09,96.07335188095223,False,False
TiOx_02_Pt,10.1038/s41598-019-44607-3,TiOx,FULL_DEVICE_AWARE,70,128,4,10,IDEALIZED_SINGLE_PAIR_GRADUAL,16384.0,96.09,96.04602945238092,False,False
TiOx_02_Pt,10.1038/s41598-019-44607-3,TiOx,FULL_DEVICE_AWARE,71,256,4,8,IDEALIZED_SINGLE_PAIR_GRADUAL,2560.0,96.09,96.06796664285713,False,False
TiOx_02_Pt,10.1038/s41598-019-44607-3,TiOx,FULL_DEVICE_AWARE,72,32,5,7,IDEALIZED_SINGLE_PAIR_GRADUAL,26624.0,96.09,96.0920984444445,False,False
TiOx_02_Pt,10.1038/s41598-019-44607-3,TiOx,FULL_DEVICE_AWARE,73,16,7,6,IDEALIZED_SINGLE_PAIR_GRADUAL,51200.0,96.09,96.06625979365076,False,False
TiOx_02_Pt,10.1038/s41598-019-44607-3,TiOx,FULL_DEVICE_AWARE,74,16,4,10,IDEALIZED_SINGLE_PAIR_GRADUAL,819200.0,96.09,96.06842672222224,False,False
TiOx_02_Pt,10.1038/s41598-019-44607-3,TiOx,FULL_DEVICE_AWARE,75,32,8,7,IDEALIZED_SINGLE_PAIR_GRADUAL,26624.0,96.09,96.1674497460318,False,False
TiOx_02_Pt,10.1038/s41598-019-44607-3,TiOx,FULL_DEVICE_AWARE,76,32,4,8,IDEALIZED_SINGLE_PAIR_GRADUAL,53248.0,96.08,96.06957738095228,False,False
TiOx_02_Pt,10.1038/s41598-019-44607-3,TiOx,FULL_DEVICE_AWARE,77,256,5,8,IDEALIZED_SINGLE_PAIR_GRADUAL,2560.0,96.08,96.1027586601732,False,False
TiOx_02_Pt,10.1038/s41598-019-44607-3,TiOx,FULL_DEVICE_AWARE,78,32,4,10,IDEALIZED_SINGLE_PAIR_GRADUAL,212992.0,96.08,96.06516420634924,False,False
TiOx_02_Pt,10.1038/s41598-019-44607-3,TiOx,FULL_DEVICE_AWARE,79,256,4,10,IDEALIZED_SINGLE_PAIR_GRADUAL,10240.0,96.08,96.04001873015878,False,False
TiOx_02_Pt,10.1038/s41598-019-44607-3,TiOx,FULL_DEVICE_AWARE,80,64,4,8,IDEALIZED_SINGLE_PAIR_GRADUAL,14336.0,96.07,96.06848857936497,False,False
TiOx_02_Pt,10.1038/s41598-019-44607-3,TiOx,FULL_DEVICE_AWARE,81,64,6,7,IDEALIZED_SINGLE_PAIR_GRADUAL,7168.0,96.07,96.16473749206338,False,False
TiOx_02_Pt,10.1038/s41598-019-44607-3,TiOx,FULL_DEVICE_AWARE,82,64,4,9,IDEALIZED_SINGLE_PAIR_GRADUAL,28672.0,96.06,96.07163508730146,False,False
TiOx_02_Pt,10.1038/s41598-019-44607-3,TiOx,FULL_DEVICE_AWARE,83,16,8,6,IDEALIZED_SINGLE_PAIR_GRADUAL,51200.0,96.06,96.06506079365076,False,False
TiOx_02_Pt,10.1038/s41598-019-44607-3,TiOx,FULL_DEVICE_AWARE,84,64,4,10,IDEALIZED_SINGLE_PAIR_GRADUAL,57344.0,96.04,96.06231196825392,False,False
TiOx_02_Pt,10.1038/s41598-019-44607-3,TiOx,FULL_DEVICE_AWARE,85,16,4,9,IDEALIZED_SINGLE_PAIR_GRADUAL,409600.0,96.04,96.07650995238087,False,False
TiOx_02_Pt,10.1038/s41598-019-44607-3,TiOx,FULL_DEVICE_AWARE,86,128,4,9,IDEALIZED_SINGLE_PAIR_GRADUAL,8192.0,96.04,96.07132721717166,False,False
TiOx_02_Pt,10.1038/s41598-019-44607-3,TiOx,FULL_DEVICE_AWARE,87,128,4,8,IDEALIZED_SINGLE_PAIR_GRADUAL,4096.0,96.03,96.07580098701293,False,False
TiOx_02_Pt,10.1038/s41598-019-44607-3,TiOx,FULL_DEVICE_AWARE,88,256,4,9,IDEALIZED_SINGLE_PAIR_GRADUAL,5120.0,96.03,96.06140299206355,False,False
TiOx_02_Pt,10.1038/s41598-019-44607-3,TiOx,FULL_DEVICE_AWARE,89,64,5,7,IDEALIZED_SINGLE_PAIR_GRADUAL,7168.0,96.03,96.07494371428572,False,False
TiOx_02_Pt,10.1038/s41598-019-44607-3,TiOx,FULL_DEVICE_AWARE,90,16,6,6,IDEALIZED_SINGLE_PAIR_GRADUAL,51200.0,96.03,96.03763550793654,False,False
TiOx_02_Pt,10.1038/s41598-019-44607-3,TiOx,FULL_DEVICE_AWARE,91,16,5,6,IDEALIZED_SINGLE_PAIR_GRADUAL,51200.0,96.02,95.97545165079364,False,False
TiOx_02_Pt,10.1038/s41598-019-44607-3,TiOx,FULL_DEVICE_AWARE,92,128,8,7,IDEALIZED_SINGLE_PAIR_GRADUAL,2048.0,96.01,95.88568856421351,False,False
TiOx_02_Pt,10.1038/s41598-019-44607-3,TiOx,FULL_DEVICE_AWARE,93,256,6,7,IDEALIZED_SINGLE_PAIR_GRADUAL,1280.0,96.01,95.9969026587302,True,True
TiOx_02_Pt,10.1038/s41598-019-44607-3,TiOx,FULL_DEVICE_AWARE,94,32,6,6,IDEALIZED_SINGLE_PAIR_GRADUAL,13312.0,96.0,95.8037465634922,False,False
TiOx_02_Pt,10.1038/s41598-019-44607-3,TiOx,FULL_DEVICE_AWARE,95,32,5,6,IDEALIZED_SINGLE_PAIR_GRADUAL,13312.0,95.98,95.75767678571437,False,False
TiOx_02_Pt,10.1038/s41598-019-44607-3,TiOx,FULL_DEVICE_AWARE,96,32,8,6,IDEALIZED_SINGLE_PAIR_GRADUAL,13312.0,95.98,95.83560351587317,False,False
TiOx_02_Pt,10.1038/s41598-019-44607-3,TiOx,FULL_DEVICE_AWARE,97,16,4,6,IDEALIZED_SINGLE_PAIR_GRADUAL,51200.0,95.97,95.95804598412703,False,False
TiOx_02_Pt,10.1038/s41598-019-44607-3,TiOx,FULL_DEVICE_AWARE,98,128,4,7,IDEALIZED_SINGLE_PAIR_GRADUAL,2048.0,95.97,95.83996926984126,False,False
TiOx_02_Pt,10.1038/s41598-019-44607-3,TiOx,FULL_DEVICE_AWARE,99,128,6,7,IDEALIZED_SINGLE_PAIR_GRADUAL,2048.0,95.96,95.98946553174618,False,False
TiOx_02_Pt,10.1038/s41598-019-44607-3,TiOx,FULL_DEVICE_AWARE,100,32,4,7,IDEALIZED_SINGLE_PAIR_GRADUAL,26624.0,95.96,95.9906195634922,False,False
TiOx_02_Pt,10.1038/s41598-019-44607-3,TiOx,FULL_DEVICE_AWARE,101,32,7,6,IDEALIZED_SINGLE_PAIR_GRADUAL,13312.0,95.95,95.83734251587316,False,False
TiOx_02_Pt,10.1038/s41598-019-44607-3,TiOx,FULL_DEVICE_AWARE,102,256,8,7,IDEALIZED_SINGLE_PAIR_GRADUAL,1280.0,95.95,95.8922520404039,False,False
TiOx_02_Pt,10.1038/s41598-019-44607-3,TiOx,FULL_DEVICE_AWARE,103,128,7,7,IDEALIZED_SINGLE_PAIR_GRADUAL,2048.0,95.92,95.9056369451659,False,False
TiOx_02_Pt,10.1038/s41598-019-44607-3,TiOx,FULL_DEVICE_AWARE,104,128,5,7,IDEALIZED_SINGLE_PAIR_GRADUAL,2048.0,95.88,95.9495366666668,False,False
TiOx_02_Pt,10.1038/s41598-019-44607-3,TiOx,FULL_DEVICE_AWARE,105,32,4,6,IDEALIZED_SINGLE_PAIR_GRADUAL,13312.0,95.88,95.74653583333343,False,False
TiOx_02_Pt,10.1038/s41598-019-44607-3,TiOx,FULL_DEVICE_AWARE,106,256,5,7,IDEALIZED_SINGLE_PAIR_GRADUAL,1280.0,95.86,95.92516740476213,False,False
TiOx_02_Pt,10.1038/s41598-019-44607-3,TiOx,FULL_DEVICE_AWARE,107,64,6,6,IDEALIZED_SINGLE_PAIR_GRADUAL,3584.0,95.86,95.38373171428557,False,False
TiOx_02_Pt,10.1038/s41598-019-44607-3,TiOx,FULL_DEVICE_AWARE,108,64,7,6,IDEALIZED_SINGLE_PAIR_GRADUAL,3584.0,95.84,95.41552557142833,False,False
TiOx_02_Pt,10.1038/s41598-019-44607-3,TiOx,FULL_DEVICE_AWARE,109,64,4,7,IDEALIZED_SINGLE_PAIR_GRADUAL,7168.0,95.83,95.91976957936524,False,False
TiOx_02_Pt,10.1038/s41598-019-44607-3,TiOx,FULL_DEVICE_AWARE,110,256,4,7,IDEALIZED_SINGLE_PAIR_GRADUAL,1280.0,95.83,95.83658339682539,False,False
TiOx_02_Pt,10.1038/s41598-019-44607-3,TiOx,FULL_DEVICE_AWARE,111,256,7,7,IDEALIZED_SINGLE_PAIR_GRADUAL,1280.0,95.81,95.91204308802297,False,False
TiOx_02_Pt,10.1038/s41598-019-44607-3,TiOx,FULL_DEVICE_AWARE,112,64,8,6,IDEALIZED_SINGLE_PAIR_GRADUAL,3584.0,95.76,95.41423557142832,False,False
TiOx_02_Pt,10.1038/s41598-019-44607-3,TiOx,FULL_DEVICE_AWARE,113,64,5,6,IDEALIZED_SINGLE_PAIR_GRADUAL,3584.0,95.67,95.34189639682536,False,False
TiOx_02_Pt,10.1038/s41598-019-44607-3,TiOx,FULL_DEVICE_AWARE,114,16,7,5,IDEALIZED_SINGLE_PAIR_GRADUAL,25600.0,95.57,95.11258683333324,False,False
TiOx_02_Pt,10.1038/s41598-019-44607-3,TiOx,FULL_DEVICE_AWARE,115,64,4,6,IDEALIZED_SINGLE_PAIR_GRADUAL,3584.0,95.47,95.34070039682537,False,False
TiOx_02_Pt,10.1038/s41598-019-44607-3,TiOx,FULL_DEVICE_AWARE,116,16,6,5,IDEALIZED_SINGLE_PAIR_GRADUAL,25600.0,95.46,95.07587452380949,False,False
TiOx_02_Pt,10.1038/s41598-019-44607-3,TiOx,FULL_DEVICE_AWARE,117,16,4,5,IDEALIZED_SINGLE_PAIR_GRADUAL,25600.0,95.44,95.00056195238088,False,False
TiOx_02_Pt,10.1038/s41598-019-44607-3,TiOx,FULL_DEVICE_AWARE,118,16,8,5,IDEALIZED_SINGLE_PAIR_GRADUAL,25600.0,95.42,95.1116084999999,False,False
TiOx_02_Pt,10.1038/s41598-019-44607-3,TiOx,FULL_DEVICE_AWARE,119,32,6,5,IDEALIZED_SINGLE_PAIR_GRADUAL,6656.0,95.26,94.23644619841266,False,False
TiOx_02_Pt,10.1038/s41598-019-44607-3,TiOx,FULL_DEVICE_AWARE,120,32,8,5,IDEALIZED_SINGLE_PAIR_GRADUAL,6656.0,95.26,94.26058015079366,False,False
TiOx_02_Pt,10.1038/s41598-019-44607-3,TiOx,FULL_DEVICE_AWARE,121,16,5,5,IDEALIZED_SINGLE_PAIR_GRADUAL,25600.0,95.18,94.99996595238085,False,False
TiOx_02_Pt,10.1038/s41598-019-44607-3,TiOx,FULL_DEVICE_AWARE,122,32,7,5,IDEALIZED_SINGLE_PAIR_GRADUAL,6656.0,95.15,94.26393448412698,False,False
TiOx_02_Pt,10.1038/s41598-019-44607-3,TiOx,FULL_DEVICE_AWARE,123,32,5,5,IDEALIZED_SINGLE_PAIR_GRADUAL,6656.0,94.98,94.1934674603174,False,False
TiOx_02_Pt,10.1038/s41598-019-44607-3,TiOx,FULL_DEVICE_AWARE,124,32,4,5,IDEALIZED_SINGLE_PAIR_GRADUAL,6656.0,94.98,94.19165012698409,False,False
TiOx_02_Pt,10.1038/s41598-019-44607-3,TiOx,FULL_DEVICE_AWARE,125,128,8,6,IDEALIZED_SINGLE_PAIR_GRADUAL,1024.0,94.89,94.45736531746037,True,False
TiOx_02_Pt,10.1038/s41598-019-44607-3,TiOx,FULL_DEVICE_AWARE,126,128,5,6,IDEALIZED_SINGLE_PAIR_GRADUAL,1024.0,94.83,94.38853073809513,False,False
TiOx_02_Pt,10.1038/s41598-019-44607-3,TiOx,FULL_DEVICE_AWARE,127,128,7,6,IDEALIZED_SINGLE_PAIR_GRADUAL,1024.0,94.83,94.45771898412701,False,True
TiOx_02_Pt,10.1038/s41598-019-44607-3,TiOx,FULL_DEVICE_AWARE,128,128,6,6,IDEALIZED_SINGLE_PAIR_GRADUAL,1024.0,94.74,94.42479448412698,False,False
TiOx_02_Pt,10.1038/s41598-019-44607-3,TiOx,FULL_DEVICE_AWARE,129,128,4,6,IDEALIZED_SINGLE_PAIR_GRADUAL,1024.0,94.67,94.38938407142848,False,False
TiOx_02_Pt,10.1038/s41598-019-44607-3,TiOx,FULL_DEVICE_AWARE,130,256,4,6,IDEALIZED_SINGLE_PAIR_GRADUAL,640.0,94.41,93.88279066666682,True,False
TiOx_02_Pt,10.1038/s41598-019-44607-3,TiOx,FULL_DEVICE_AWARE,131,256,6,6,IDEALIZED_SINGLE_PAIR_GRADUAL,640.0,94.39,93.91001183333333,False,False
TiOx_02_Pt,10.1038/s41598-019-44607-3,TiOx,FULL_DEVICE_AWARE,132,256,5,6,IDEALIZED_SINGLE_PAIR_GRADUAL,640.0,94.37,93.8819373333335,False,False
TiOx_02_Pt,10.1038/s41598-019-44607-3,TiOx,FULL_DEVICE_AWARE,133,256,8,6,IDEALIZED_SINGLE_PAIR_GRADUAL,640.0,94.36,93.93263523809522,False,False
TiOx_02_Pt,10.1038/s41598-019-44607-3,TiOx,FULL_DEVICE_AWARE,134,256,7,6,IDEALIZED_SINGLE_PAIR_GRADUAL,640.0,94.31,93.93298890476186,False,True
TiOx_02_Pt,10.1038/s41598-019-44607-3,TiOx,FULL_DEVICE_AWARE,135,64,6,5,IDEALIZED_SINGLE_PAIR_GRADUAL,1792.0,93.39,92.52128595238099,False,False
TiOx_02_Pt,10.1038/s41598-019-44607-3,TiOx,FULL_DEVICE_AWARE,136,64,4,5,IDEALIZED_SINGLE_PAIR_GRADUAL,1792.0,93.35,92.38850171428575,False,False
TiOx_02_Pt,10.1038/s41598-019-44607-3,TiOx,FULL_DEVICE_AWARE,137,64,8,5,IDEALIZED_SINGLE_PAIR_GRADUAL,1792.0,93.34,92.5670831904761,False,False
TiOx_02_Pt,10.1038/s41598-019-44607-3,TiOx,FULL_DEVICE_AWARE,138,64,5,5,IDEALIZED_SINGLE_PAIR_GRADUAL,1792.0,93.14,92.38988838095241,False,False
TiOx_02_Pt,10.1038/s41598-019-44607-3,TiOx,FULL_DEVICE_AWARE,139,64,7,5,IDEALIZED_SINGLE_PAIR_GRADUAL,1792.0,93.07,92.5752321904761,False,False
TiOx_02_Pt,10.1038/s41598-019-44607-3,TiOx,FULL_DEVICE_AWARE,140,16,4,4,IDEALIZED_SINGLE_PAIR_GRADUAL,12800.0,92.8,79.16485515873022,False,False
TiOx_02_Pt,10.1038/s41598-019-44607-3,TiOx,FULL_DEVICE_AWARE,141,16,8,4,IDEALIZED_SINGLE_PAIR_GRADUAL,12800.0,92.49,79.72504147619031,False,False
TiOx_02_Pt,10.1038/s41598-019-44607-3,TiOx,FULL_DEVICE_AWARE,142,16,6,4,IDEALIZED_SINGLE_PAIR_GRADUAL,12800.0,92.42,79.6399574999999,False,False
TiOx_02_Pt,10.1038/s41598-019-44607-3,TiOx,FULL_DEVICE_AWARE,143,256,3,9,IDEALIZED_SINGLE_PAIR_GRADUAL,5120.0,92.33,92.18420917460323,False,False
TiOx_02_Pt,10.1038/s41598-019-44607-3,TiOx,FULL_DEVICE_AWARE,144,128,3,9,IDEALIZED_SINGLE_PAIR_GRADUAL,8192.0,92.31,92.17486274603183,False,False
TiOx_02_Pt,10.1038/s41598-019-44607-3,TiOx,FULL_DEVICE_AWARE,145,256,3,10,IDEALIZED_SINGLE_PAIR_GRADUAL,10240.0,92.27,92.20576038888889,False,False
TiOx_02_Pt,10.1038/s41598-019-44607-3,TiOx,FULL_DEVICE_AWARE,146,16,7,4,IDEALIZED_SINGLE_PAIR_GRADUAL,12800.0,92.27,79.72504147619031,False,False
TiOx_02_Pt,10.1038/s41598-019-44607-3,TiOx,FULL_DEVICE_AWARE,147,32,3,9,IDEALIZED_SINGLE_PAIR_GRADUAL,106496.0,92.26,92.21212207936514,False,False
TiOx_02_Pt,10.1038/s41598-019-44607-3,TiOx,FULL_DEVICE_AWARE,148,32,3,10,IDEALIZED_SINGLE_PAIR_GRADUAL,212992.0,92.24,92.22362646825405,False,False
TiOx_02_Pt,10.1038/s41598-019-44607-3,TiOx,FULL_DEVICE_AWARE,149,16,3,10,IDEALIZED_SINGLE_PAIR_GRADUAL,819200.0,92.22,92.2215389920637,False,False
TiOx_02_Pt,10.1038/s41598-019-44607-3,TiOx,FULL_DEVICE_AWARE,150,64,3,9,IDEALIZED_SINGLE_PAIR_GRADUAL,28672.0,92.21,92.20960557936516,False,False
TiOx_02_Pt,10.1038/s41598-019-44607-3,TiOx,FULL_DEVICE_AWARE,151,16,3,9,IDEALIZED_SINGLE_PAIR_GRADUAL,409600.0,92.21,92.2097007142859,False,False
TiOx_02_Pt,10.1038/s41598-019-44607-3,TiOx,FULL_DEVICE_AWARE,152,16,3,7,IDEALIZED_SINGLE_PAIR_GRADUAL,102400.0,92.2,91.76927236507939,False,False
TiOx_02_Pt,10.1038/s41598-019-44607-3,TiOx,FULL_DEVICE_AWARE,153,64,3,10,IDEALIZED_SINGLE_PAIR_GRADUAL,57344.0,92.19,92.22348546825401,False,False
TiOx_02_Pt,10.1038/s41598-019-44607-3,TiOx,FULL_DEVICE_AWARE,154,16,5,4,IDEALIZED_SINGLE_PAIR_GRADUAL,12800.0,92.15,79.17846577777783,False,False
TiOx_02_Pt,10.1038/s41598-019-44607-3,TiOx,FULL_DEVICE_AWARE,155,128,3,10,IDEALIZED_SINGLE_PAIR_GRADUAL,16384.0,92.15,92.19636542857147,False,False
TiOx_02_Pt,10.1038/s41598-019-44607-3,TiOx,FULL_DEVICE_AWARE,156,64,3,8,IDEALIZED_SINGLE_PAIR_GRADUAL,14336.0,92.14,92.04012716666668,False,False
TiOx_02_Pt,10.1038/s41598-019-44607-3,TiOx,FULL_DEVICE_AWARE,157,16,3,8,IDEALIZED_SINGLE_PAIR_GRADUAL,204800.0,92.11,92.06059171428574,False,False
TiOx_02_Pt,10.1038/s41598-019-44607-3,TiOx,FULL_DEVICE_AWARE,158,256,3,8,IDEALIZED_SINGLE_PAIR_GRADUAL,2560.0,92.09,91.99371195238099,False,False
TiOx_02_Pt,10.1038/s41598-019-44607-3,TiOx,FULL_DEVICE_AWARE,159,32,3,8,IDEALIZED_SINGLE_PAIR_GRADUAL,53248.0,92.06,92.05961004761906,False,False
TiOx_02_Pt,10.1038/s41598-019-44607-3,TiOx,FULL_DEVICE_AWARE,160,128,3,8,IDEALIZED_SINGLE_PAIR_GRADUAL,4096.0,92.06,91.9957730476191,False,False
TiOx_02_Pt,10.1038/s41598-019-44607-3,TiOx,FULL_DEVICE_AWARE,161,32,3,7,IDEALIZED_SINGLE_PAIR_GRADUAL,26624.0,91.81,91.76637836507938,False,False
TiOx_02_Pt,10.1038/s41598-019-44607-3,TiOx,FULL_DEVICE_AWARE,162,64,3,7,IDEALIZED_SINGLE_PAIR_GRADUAL,7168.0,91.74,91.6554734126985,False,False
TiOx_02_Pt,10.1038/s41598-019-44607-3,TiOx,FULL_DEVICE_AWARE,163,128,3,7,IDEALIZED_SINGLE_PAIR_GRADUAL,2048.0,91.71,91.6042570793651,False,False
TiOx_02_Pt,10.1038/s41598-019-44607-3,TiOx,FULL_DEVICE_AWARE,164,256,3,7,IDEALIZED_SINGLE_PAIR_GRADUAL,1280.0,91.65,91.600929984127,False,False
TiOx_02_Pt,10.1038/s41598-019-44607-3,TiOx,FULL_DEVICE_AWARE,165,16,3,6,IDEALIZED_SINGLE_PAIR_GRADUAL,51200.0,91.62,90.35510366666654,False,False
TiOx_02_Pt,10.1038/s41598-019-44607-3,TiOx,FULL_DEVICE_AWARE,166,32,3,6,IDEALIZED_SINGLE_PAIR_GRADUAL,13312.0,91.42,90.31261878571415,False,False
TiOx_02_Pt,10.1038/s41598-019-44607-3,TiOx,FULL_DEVICE_AWARE,167,128,8,5,IDEALIZED_SINGLE_PAIR_GRADUAL,512.0,90.37,89.10240512698407,True,False
TiOx_02_Pt,10.1038/s41598-019-44607-3,TiOx,FULL_DEVICE_AWARE,168,32,7,4,IDEALIZED_SINGLE_PAIR_GRADUAL,3328.0,90.33,67.02471564285703,False,False
TiOx_02_Pt,10.1038/s41598-019-44607-3,TiOx,FULL_DEVICE_AWARE,169,32,8,4,IDEALIZED_SINGLE_PAIR_GRADUAL,3328.0,90.31,67.0558973095237,False,False
TiOx_02_Pt,10.1038/s41598-019-44607-3,TiOx,FULL_DEVICE_AWARE,170,128,6,5,IDEALIZED_SINGLE_PAIR_GRADUAL,512.0,90.25,89.05385122222232,False,False
TiOx_02_Pt,10.1038/s41598-019-44607-3,TiOx,FULL_DEVICE_AWARE,171,32,6,4,IDEALIZED_SINGLE_PAIR_GRADUAL,3328.0,90.23,67.20310754761903,False,False
TiOx_02_Pt,10.1038/s41598-019-44607-3,TiOx,FULL_DEVICE_AWARE,172,128,5,5,IDEALIZED_SINGLE_PAIR_GRADUAL,512.0,90.14,88.96279757936524,False,False
TiOx_02_Pt,10.1038/s41598-019-44607-3,TiOx,FULL_DEVICE_AWARE,173,64,3,6,IDEALIZED_SINGLE_PAIR_GRADUAL,3584.0,90.12,89.81691357142842,False,False
TiOx_02_Pt,10.1038/s41598-019-44607-3,TiOx,FULL_DEVICE_AWARE,174,32,4,4,IDEALIZED_SINGLE_PAIR_GRADUAL,3328.0,90.11,68.34079735714282,False,False
TiOx_02_Pt,10.1038/s41598-019-44607-3,TiOx,FULL_DEVICE_AWARE,175,128,7,5,IDEALIZED_SINGLE_PAIR_GRADUAL,512.0,90.09,89.11627312698407,False,True
TiOx_02_Pt,10.1038/s41598-019-44607-3,TiOx,FULL_DEVICE_AWARE,176,16,3,5,IDEALIZED_SINGLE_PAIR_GRADUAL,25600.0,90.01,83.88847401587297,False,False
TiOx_02_Pt,10.1038/s41598-019-44607-3,TiOx,FULL_DEVICE_AWARE,177,128,4,5,IDEALIZED_SINGLE_PAIR_GRADUAL,512.0,89.99,88.98293591269858,False,False
TiOx_02_Pt,10.1038/s41598-019-44607-3,TiOx,FULL_DEVICE_AWARE,178,32,5,4,IDEALIZED_SINGLE_PAIR_GRADUAL,3328.0,89.86,67.6267247857143,False,False
TiOx_02_Pt,10.1038/s41598-019-44607-3,TiOx,FULL_DEVICE_AWARE,179,128,3,6,IDEALIZED_SINGLE_PAIR_GRADUAL,1024.0,89.81,89.2611944761903,False,False
TiOx_02_Pt,10.1038/s41598-019-44607-3,TiOx,FULL_DEVICE_AWARE,180,256,3,6,IDEALIZED_SINGLE_PAIR_GRADUAL,640.0,89.1,89.23554614285698,False,False
TiOx_02_Pt,10.1038/s41598-019-44607-3,TiOx,FULL_DEVICE_AWARE,181,32,3,5,IDEALIZED_SINGLE_PAIR_GRADUAL,6656.0,88.5,83.86090170634917,False,False
TiOx_02_Pt,10.1038/s41598-019-44607-3,TiOx,FULL_DEVICE_AWARE,182,256,6,5,IDEALIZED_SINGLE_PAIR_GRADUAL,320.0,87.75,83.88311644444437,True,False
TiOx_02_Pt,10.1038/s41598-019-44607-3,TiOx,FULL_DEVICE_AWARE,183,256,8,5,IDEALIZED_SINGLE_PAIR_GRADUAL,320.0,87.57,83.90201484920637,False,False
TiOx_02_Pt,10.1038/s41598-019-44607-3,TiOx,FULL_DEVICE_AWARE,184,256,5,5,IDEALIZED_SINGLE_PAIR_GRADUAL,320.0,87.42,83.86655389682532,False,False
TiOx_02_Pt,10.1038/s41598-019-44607-3,TiOx,FULL_DEVICE_AWARE,185,256,7,5,IDEALIZED_SINGLE_PAIR_GRADUAL,320.0,87.14,83.91181484920635,False,True
TiOx_02_Pt,10.1038/s41598-019-44607-3,TiOx,FULL_DEVICE_AWARE,186,256,4,5,IDEALIZED_SINGLE_PAIR_GRADUAL,320.0,86.69,83.88669223015864,False,False
TiOx_02_Pt,10.1038/s41598-019-44607-3,TiOx,FULL_DEVICE_AWARE,187,16,3,4,IDEALIZED_SINGLE_PAIR_GRADUAL,12800.0,85.3,79.13434982539688,False,False
TiOx_02_Pt,10.1038/s41598-019-44607-3,TiOx,FULL_DEVICE_AWARE,188,64,3,5,IDEALIZED_SINGLE_PAIR_GRADUAL,1792.0,84.17,82.47968437301573,False,False
TiOx_02_Pt,10.1038/s41598-019-44607-3,TiOx,FULL_DEVICE_AWARE,189,64,7,4,IDEALIZED_SINGLE_PAIR_GRADUAL,896.0,82.23,55.28805293650792,False,False
TiOx_02_Pt,10.1038/s41598-019-44607-3,TiOx,FULL_DEVICE_AWARE,190,64,8,4,IDEALIZED_SINGLE_PAIR_GRADUAL,896.0,82.13,55.31923460317459,False,False
TiOx_02_Pt,10.1038/s41598-019-44607-3,TiOx,FULL_DEVICE_AWARE,191,64,6,4,IDEALIZED_SINGLE_PAIR_GRADUAL,896.0,81.83,54.979875317460326,False,False
TiOx_02_Pt,10.1038/s41598-019-44607-3,TiOx,FULL_DEVICE_AWARE,192,64,5,4,IDEALIZED_SINGLE_PAIR_GRADUAL,896.0,81.37,54.7396658412698,False,False
TiOx_02_Pt,10.1038/s41598-019-44607-3,TiOx,FULL_DEVICE_AWARE,193,128,3,5,IDEALIZED_SINGLE_PAIR_GRADUAL,512.0,80.66,79.14686032539673,False,False
TiOx_02_Pt,10.1038/s41598-019-44607-3,TiOx,FULL_DEVICE_AWARE,194,64,4,4,IDEALIZED_SINGLE_PAIR_GRADUAL,896.0,80.61,54.220591769841114,False,False
TiOx_02_Pt,10.1038/s41598-019-44607-3,TiOx,FULL_DEVICE_AWARE,195,32,3,4,IDEALIZED_SINGLE_PAIR_GRADUAL,3328.0,79.61,68.31029202380948,False,False
TiOx_02_Pt,10.1038/s41598-019-44607-3,TiOx,FULL_DEVICE_AWARE,196,256,3,5,IDEALIZED_SINGLE_PAIR_GRADUAL,320.0,75.79,79.06187699206339,False,False
TiOx_02_Pt,10.1038/s41598-019-44607-3,TiOx,FULL_DEVICE_AWARE,197,64,3,4,IDEALIZED_SINGLE_PAIR_GRADUAL,896.0,71.87,54.23097176984111,False,False
TiOx_02_Pt,10.1038/s41598-019-44607-3,TiOx,FULL_DEVICE_AWARE,198,128,6,4,IDEALIZED_SINGLE_PAIR_GRADUAL,256.0,64.39,40.18492333333331,True,False
TiOx_02_Pt,10.1038/s41598-019-44607-3,TiOx,FULL_DEVICE_AWARE,199,128,5,4,IDEALIZED_SINGLE_PAIR_GRADUAL,256.0,64.05,39.97825169047617,False,False
TiOx_02_Pt,10.1038/s41598-019-44607-3,TiOx,FULL_DEVICE_AWARE,200,128,8,4,IDEALIZED_SINGLE_PAIR_GRADUAL,256.0,63.72,40.41870280952378,False,True
TiOx_02_Pt,10.1038/s41598-019-44607-3,TiOx,FULL_DEVICE_AWARE,201,128,7,4,IDEALIZED_SINGLE_PAIR_GRADUAL,256.0,63.25,40.39791595238092,False,False
TiOx_02_Pt,10.1038/s41598-019-44607-3,TiOx,FULL_DEVICE_AWARE,202,128,4,4,IDEALIZED_SINGLE_PAIR_GRADUAL,256.0,63.24,39.929721023809485,False,False
TiOx_02_Pt,10.1038/s41598-019-44607-3,TiOx,FULL_DEVICE_AWARE,203,256,5,4,IDEALIZED_SINGLE_PAIR_GRADUAL,160.0,57.18,32.290217190476234,True,False
TiOx_02_Pt,10.1038/s41598-019-44607-3,TiOx,FULL_DEVICE_AWARE,204,256,6,4,IDEALIZED_SINGLE_PAIR_GRADUAL,160.0,56.24,32.27596153968259,False,False
TiOx_02_Pt,10.1038/s41598-019-44607-3,TiOx,FULL_DEVICE_AWARE,205,256,4,4,IDEALIZED_SINGLE_PAIR_GRADUAL,160.0,55.95,32.43172426190477,False,True
TiOx_02_Pt,10.1038/s41598-019-44607-3,TiOx,FULL_DEVICE_AWARE,206,256,8,4,IDEALIZED_SINGLE_PAIR_GRADUAL,160.0,55.63,32.355821944444486,False,False
TiOx_02_Pt,10.1038/s41598-019-44607-3,TiOx,FULL_DEVICE_AWARE,207,256,7,4,IDEALIZED_SINGLE_PAIR_GRADUAL,160.0,55.55,32.335035087301634,False,False
TiOx_02_Pt,10.1038/s41598-019-44607-3,TiOx,FULL_DEVICE_AWARE,208,128,3,4,IDEALIZED_SINGLE_PAIR_GRADUAL,256.0,48.04,39.94010102380948,False,False
TiOx_02_Pt,10.1038/s41598-019-44607-3,TiOx,FULL_DEVICE_AWARE,209,256,3,4,IDEALIZED_SINGLE_PAIR_GRADUAL,160.0,44.92,32.43172426190477,False,True
TiOx_02_Pt,10.1038/s41598-019-44607-3,TiOx,FULL_DEVICE_AWARE,210,16,2,4,IDEALIZED_SINGLE_PAIR_GRADUAL,12800.0,11.44,10.485966825396822,False,False
TiOx_02_Pt,10.1038/s41598-019-44607-3,TiOx,FULL_DEVICE_AWARE,211,16,2,9,IDEALIZED_SINGLE_PAIR_GRADUAL,409600.0,11.42,11.296436309523811,False,False
TiOx_02_Pt,10.1038/s41598-019-44607-3,TiOx,FULL_DEVICE_AWARE,212,64,2,9,IDEALIZED_SINGLE_PAIR_GRADUAL,28672.0,11.42,11.209900865079355,False,False
TiOx_02_Pt,10.1038/s41598-019-44607-3,TiOx,FULL_DEVICE_AWARE,213,128,2,8,IDEALIZED_SINGLE_PAIR_GRADUAL,4096.0,11.4,11.131628018037492,False,False
TiOx_02_Pt,10.1038/s41598-019-44607-3,TiOx,FULL_DEVICE_AWARE,214,256,2,9,IDEALIZED_SINGLE_PAIR_GRADUAL,5120.0,11.38,11.184567531746028,False,False
TiOx_02_Pt,10.1038/s41598-019-44607-3,TiOx,FULL_DEVICE_AWARE,215,16,2,7,IDEALIZED_SINGLE_PAIR_GRADUAL,102400.0,11.37,11.294295547619047,False,False
TiOx_02_Pt,10.1038/s41598-019-44607-3,TiOx,FULL_DEVICE_AWARE,216,16,2,10,IDEALIZED_SINGLE_PAIR_GRADUAL,819200.0,11.36,11.28199766666668,False,False
TiOx_02_Pt,10.1038/s41598-019-44607-3,TiOx,FULL_DEVICE_AWARE,217,128,2,9,IDEALIZED_SINGLE_PAIR_GRADUAL,8192.0,11.36,11.19496950216448,False,False
TiOx_02_Pt,10.1038/s41598-019-44607-3,TiOx,FULL_DEVICE_AWARE,218,16,2,8,IDEALIZED_SINGLE_PAIR_GRADUAL,204800.0,11.35,11.283348309523818,False,False
TiOx_02_Pt,10.1038/s41598-019-44607-3,TiOx,FULL_DEVICE_AWARE,219,256,2,8,IDEALIZED_SINGLE_PAIR_GRADUAL,2560.0,11.26,11.132505722222216,False,False
TiOx_02_Pt,10.1038/s41598-019-44607-3,TiOx,FULL_DEVICE_AWARE,220,128,2,10,IDEALIZED_SINGLE_PAIR_GRADUAL,16384.0,11.25,11.190197351370832,False,False
TiOx_02_Pt,10.1038/s41598-019-44607-3,TiOx,FULL_DEVICE_AWARE,221,256,2,10,IDEALIZED_SINGLE_PAIR_GRADUAL,10240.0,11.25,11.180262380952383,False,False
TiOx_02_Pt,10.1038/s41598-019-44607-3,TiOx,FULL_DEVICE_AWARE,222,16,2,6,IDEALIZED_SINGLE_PAIR_GRADUAL,51200.0,11.23,11.16316589682539,False,False
TiOx_02_Pt,10.1038/s41598-019-44607-3,TiOx,FULL_DEVICE_AWARE,223,32,2,9,IDEALIZED_SINGLE_PAIR_GRADUAL,106496.0,11.18,11.287619452380953,False,False
TiOx_02_Pt,10.1038/s41598-019-44607-3,TiOx,FULL_DEVICE_AWARE,224,64,2,10,IDEALIZED_SINGLE_PAIR_GRADUAL,57344.0,11.13,11.206884523809515,False,False
TiOx_02_Pt,10.1038/s41598-019-44607-3,TiOx,FULL_DEVICE_AWARE,225,32,2,10,IDEALIZED_SINGLE_PAIR_GRADUAL,212992.0,11.12,11.274508714285728,False,False
TiOx_02_Pt,10.1038/s41598-019-44607-3,TiOx,FULL_DEVICE_AWARE,226,32,2,4,IDEALIZED_SINGLE_PAIR_GRADUAL,3328.0,11.1,10.557210492063488,False,False
TiOx_02_Pt,10.1038/s41598-019-44607-3,TiOx,FULL_DEVICE_AWARE,227,32,2,8,IDEALIZED_SINGLE_PAIR_GRADUAL,53248.0,11.1,11.27086516666668,False,False
TiOx_02_Pt,10.1038/s41598-019-44607-3,TiOx,FULL_DEVICE_AWARE,228,32,2,7,IDEALIZED_SINGLE_PAIR_GRADUAL,26624.0,11.09,11.27994538095239,False,False
TiOx_02_Pt,10.1038/s41598-019-44607-3,TiOx,FULL_DEVICE_AWARE,229,64,2,7,IDEALIZED_SINGLE_PAIR_GRADUAL,7168.0,11.04,11.184561523809524,False,False
TiOx_02_Pt,10.1038/s41598-019-44607-3,TiOx,FULL_DEVICE_AWARE,230,64,2,8,IDEALIZED_SINGLE_PAIR_GRADUAL,14336.0,11.01,11.169582761904751,False,False
TiOx_02_Pt,10.1038/s41598-019-44607-3,TiOx,FULL_DEVICE_AWARE,231,64,2,6,IDEALIZED_SINGLE_PAIR_GRADUAL,3584.0,10.95,11.211762492063494,False,False
TiOx_02_Pt,10.1038/s41598-019-44607-3,TiOx,FULL_DEVICE_AWARE,232,32,2,6,IDEALIZED_SINGLE_PAIR_GRADUAL,13312.0,10.9,11.16149001587302,False,False
TiOx_02_Pt,10.1038/s41598-019-44607-3,TiOx,FULL_DEVICE_AWARE,233,128,2,7,IDEALIZED_SINGLE_PAIR_GRADUAL,2048.0,10.88,11.013059681818168,False,False
TiOx_02_Pt,10.1038/s41598-019-44607-3,TiOx,FULL_DEVICE_AWARE,234,16,2,5,IDEALIZED_SINGLE_PAIR_GRADUAL,25600.0,10.79,10.777340928571418,False,False
TiOx_02_Pt,10.1038/s41598-019-44607-3,TiOx,FULL_DEVICE_AWARE,235,128,2,6,IDEALIZED_SINGLE_PAIR_GRADUAL,1024.0,10.75,10.781555038961047,False,False
TiOx_02_Pt,10.1038/s41598-019-44607-3,TiOx,FULL_DEVICE_AWARE,236,256,2,7,IDEALIZED_SINGLE_PAIR_GRADUAL,1280.0,10.75,10.969570538961035,False,False
TiOx_02_Pt,10.1038/s41598-019-44607-3,TiOx,FULL_DEVICE_AWARE,237,32,2,5,IDEALIZED_SINGLE_PAIR_GRADUAL,6656.0,10.48,10.85141192857141,False,False
TiOx_02_Pt,10.1038/s41598-019-44607-3,TiOx,FULL_DEVICE_AWARE,238,256,2,6,IDEALIZED_SINGLE_PAIR_GRADUAL,640.0,10.18,10.683196610389619,False,False
TiOx_02_Pt,10.1038/s41598-019-44607-3,TiOx,FULL_DEVICE_AWARE,239,64,2,4,IDEALIZED_SINGLE_PAIR_GRADUAL,896.0,10.03,10.82851053968254,False,False
TiOx_02_Pt,10.1038/s41598-019-44607-3,TiOx,FULL_DEVICE_AWARE,240,64,2,5,IDEALIZED_SINGLE_PAIR_GRADUAL,1792.0,9.97,11.08775688095237,False,False
TiOx_02_Pt,10.1038/s41598-019-44607-3,TiOx,FULL_DEVICE_AWARE,241,128,2,4,IDEALIZED_SINGLE_PAIR_GRADUAL,256.0,9.82,9.834348015873038,False,False
TiOx_02_Pt,10.1038/s41598-019-44607-3,TiOx,FULL_DEVICE_AWARE,242,128,2,5,IDEALIZED_SINGLE_PAIR_GRADUAL,512.0,9.72,10.100062333333344,False,False
TiOx_02_Pt,10.1038/s41598-019-44607-3,TiOx,FULL_DEVICE_AWARE,243,256,2,5,IDEALIZED_SINGLE_PAIR_GRADUAL,320.0,9.15,9.966911023809537,False,False
TiOx_02_Pt,10.1038/s41598-019-44607-3,TiOx,FULL_DEVICE_AWARE,244,256,2,4,IDEALIZED_SINGLE_PAIR_GRADUAL,160.0,9.06,9.727429039682564,False,False
TiOx_03,10.1016/j.spmi.2017.10.031,TiOx,HARDWARE_ONLY,0,256,6,8,IDEALIZED_SINGLE_PAIR_ANALOG,2560.0,96.34,95.83554165541986,True,False
TiOx_03,10.1016/j.spmi.2017.10.031,TiOx,HARDWARE_ONLY,1,128,6,8,IDEALIZED_SINGLE_PAIR_ANALOG,4096.0,96.33,95.88518882023222,False,True
TiOx_03,10.1016/j.spmi.2017.10.031,TiOx,HARDWARE_ONLY,2,32,6,10,IDEALIZED_SINGLE_PAIR_ANALOG,212992.0,96.31,96.26055184252213,False,False
TiOx_03,10.1016/j.spmi.2017.10.031,TiOx,HARDWARE_ONLY,3,16,6,10,IDEALIZED_SINGLE_PAIR_ANALOG,819200.0,96.29,96.26977913876625,False,True
TiOx_03,10.1016/j.spmi.2017.10.031,TiOx,HARDWARE_ONLY,4,128,6,10,IDEALIZED_SINGLE_PAIR_ANALOG,16384.0,96.29,96.23718150884737,False,False
TiOx_03,10.1016/j.spmi.2017.10.031,TiOx,HARDWARE_ONLY,5,64,6,10,IDEALIZED_SINGLE_PAIR_ANALOG,57344.0,96.29,96.26747335155176,False,True
TiOx_03,10.1016/j.spmi.2017.10.031,TiOx,HARDWARE_ONLY,6,32,6,9,IDEALIZED_SINGLE_PAIR_ANALOG,106496.0,96.28,96.22370160303907,False,False
TiOx_03,10.1016/j.spmi.2017.10.031,TiOx,HARDWARE_ONLY,7,32,8,6,IDEALIZED_SINGLE_PAIR_ANALOG,13312.0,96.28,95.21107339006029,False,False
TiOx_03,10.1016/j.spmi.2017.10.031,TiOx,HARDWARE_ONLY,8,64,8,10,IDEALIZED_SINGLE_PAIR_ANALOG,57344.0,96.27,96.21700995227978,False,False
TiOx_03,10.1016/j.spmi.2017.10.031,TiOx,HARDWARE_ONLY,9,32,6,8,IDEALIZED_SINGLE_PAIR_ANALOG,53248.0,96.27,96.13796189264652,False,False
TiOx_03,10.1016/j.spmi.2017.10.031,TiOx,HARDWARE_ONLY,10,32,8,9,IDEALIZED_SINGLE_PAIR_ANALOG,106496.0,96.27,96.22250334964441,False,False
TiOx_03,10.1016/j.spmi.2017.10.031,TiOx,HARDWARE_ONLY,11,64,6,8,IDEALIZED_SINGLE_PAIR_ANALOG,14336.0,96.27,96.04562717352901,False,False
TiOx_03,10.1016/j.spmi.2017.10.031,TiOx,HARDWARE_ONLY,12,16,8,7,IDEALIZED_SINGLE_PAIR_ANALOG,102400.0,96.27,96.03739548042157,False,False
TiOx_03,10.1016/j.spmi.2017.10.031,TiOx,HARDWARE_ONLY,13,128,7,10,IDEALIZED_SINGLE_PAIR_ANALOG,16384.0,96.26,96.19459290018197,False,False
TiOx_03,10.1016/j.spmi.2017.10.031,TiOx,HARDWARE_ONLY,14,64,6,9,IDEALIZED_SINGLE_PAIR_ANALOG,28672.0,96.26,96.20657052087451,False,False
TiOx_03,10.1016/j.spmi.2017.10.031,TiOx,HARDWARE_ONLY,15,16,6,8,IDEALIZED_SINGLE_PAIR_ANALOG,204800.0,96.26,96.21631023220557,False,False
TiOx_03,10.1016/j.spmi.2017.10.031,TiOx,HARDWARE_ONLY,16,16,8,8,IDEALIZED_SINGLE_PAIR_ANALOG,204800.0,96.26,96.16399163272516,False,False
TiOx_03,10.1016/j.spmi.2017.10.031,TiOx,HARDWARE_ONLY,17,16,8,10,IDEALIZED_SINGLE_PAIR_ANALOG,819200.0,96.26,96.22416574394578,False,False
TiOx_03,10.1016/j.spmi.2017.10.031,TiOx,HARDWARE_ONLY,18,16,6,7,IDEALIZED_SINGLE_PAIR_ANALOG,102400.0,96.25,96.03895624307324,False,False
TiOx_03,10.1016/j.spmi.2017.10.031,TiOx,HARDWARE_ONLY,19,32,8,7,IDEALIZED_SINGLE_PAIR_ANALOG,26624.0,96.25,95.91232274370937,False,False
TiOx_03,10.1016/j.spmi.2017.10.031,TiOx,HARDWARE_ONLY,20,32,6,7,IDEALIZED_SINGLE_PAIR_ANALOG,26624.0,96.25,95.92250049332854,False,False
TiOx_03,10.1016/j.spmi.2017.10.031,TiOx,HARDWARE_ONLY,21,64,7,7,IDEALIZED_SINGLE_PAIR_ANALOG,7168.0,96.25,95.60558056599598,False,False
TiOx_03,10.1016/j.spmi.2017.10.031,TiOx,HARDWARE_ONLY,22,32,6,6,IDEALIZED_SINGLE_PAIR_ANALOG,13312.0,96.24,95.3303623525891,False,False
TiOx_03,10.1016/j.spmi.2017.10.031,TiOx,HARDWARE_ONLY,23,16,6,9,IDEALIZED_SINGLE_PAIR_ANALOG,409600.0,96.24,96.23235611319139,False,False
TiOx_03,10.1016/j.spmi.2017.10.031,TiOx,HARDWARE_ONLY,24,16,7,8,IDEALIZED_SINGLE_PAIR_ANALOG,204800.0,96.24,96.1818186986067,False,False
TiOx_03,10.1016/j.spmi.2017.10.031,TiOx,HARDWARE_ONLY,25,256,7,8,IDEALIZED_SINGLE_PAIR_ANALOG,2560.0,96.24,95.84865613708902,False,True
TiOx_03,10.1016/j.spmi.2017.10.031,TiOx,HARDWARE_ONLY,26,64,5,7,IDEALIZED_SINGLE_PAIR_ANALOG,7168.0,96.24,95.53997828687656,False,False
TiOx_03,10.1016/j.spmi.2017.10.031,TiOx,HARDWARE_ONLY,27,256,6,10,IDEALIZED_SINGLE_PAIR_ANALOG,10240.0,96.24,96.23888925209754,False,True
TiOx_03,10.1016/j.spmi.2017.10.031,TiOx,HARDWARE_ONLY,28,64,5,8,IDEALIZED_SINGLE_PAIR_ANALOG,14336.0,96.24,95.96421733923138,False,False
TiOx_03,10.1016/j.spmi.2017.10.031,TiOx,HARDWARE_ONLY,29,32,8,10,IDEALIZED_SINGLE_PAIR_ANALOG,212992.0,96.24,96.23262925424551,False,False
TiOx_03,10.1016/j.spmi.2017.10.031,TiOx,HARDWARE_ONLY,30,32,7,7,IDEALIZED_SINGLE_PAIR_ANALOG,26624.0,96.24,95.9041493645057,False,False
TiOx_03,10.1016/j.spmi.2017.10.031,TiOx,HARDWARE_ONLY,31,32,7,8,IDEALIZED_SINGLE_PAIR_ANALOG,53248.0,96.24,96.14146669435284,False,False
TiOx_03,10.1016/j.spmi.2017.10.031,TiOx,HARDWARE_ONLY,32,64,8,7,IDEALIZED_SINGLE_PAIR_ANALOG,7168.0,96.23,95.64426362866219,False,False
TiOx_03,10.1016/j.spmi.2017.10.031,TiOx,HARDWARE_ONLY,33,64,8,8,IDEALIZED_SINGLE_PAIR_ANALOG,14336.0,96.23,96.04210617659805,False,False
TiOx_03,10.1016/j.spmi.2017.10.031,TiOx,HARDWARE_ONLY,34,128,5,7,IDEALIZED_SINGLE_PAIR_ANALOG,2048.0,96.23,94.68320468303867,True,False
TiOx_03,10.1016/j.spmi.2017.10.031,TiOx,HARDWARE_ONLY,35,32,7,9,IDEALIZED_SINGLE_PAIR_ANALOG,106496.0,96.23,96.19548519250539,False,False
TiOx_03,10.1016/j.spmi.2017.10.031,TiOx,HARDWARE_ONLY,36,128,8,9,IDEALIZED_SINGLE_PAIR_ANALOG,8192.0,96.23,96.13352433669108,False,False
TiOx_03,10.1016/j.spmi.2017.10.031,TiOx,HARDWARE_ONLY,37,16,8,9,IDEALIZED_SINGLE_PAIR_ANALOG,409600.0,96.22,96.22071331667671,False,False
TiOx_03,10.1016/j.spmi.2017.10.031,TiOx,HARDWARE_ONLY,38,16,7,7,IDEALIZED_SINGLE_PAIR_ANALOG,102400.0,96.22,96.05963879878578,False,False
TiOx_03,10.1016/j.spmi.2017.10.031,TiOx,HARDWARE_ONLY,39,16,7,9,IDEALIZED_SINGLE_PAIR_ANALOG,409600.0,96.22,96.20501591426117,False,False
TiOx_03,10.1016/j.spmi.2017.10.031,TiOx,HARDWARE_ONLY,40,128,6,7,IDEALIZED_SINGLE_PAIR_ANALOG,2048.0,96.22,94.77236601247793,False,False
TiOx_03,10.1016/j.spmi.2017.10.031,TiOx,HARDWARE_ONLY,41,64,7,10,IDEALIZED_SINGLE_PAIR_ANALOG,57344.0,96.22,96.20300123266829,False,False
TiOx_03,10.1016/j.spmi.2017.10.031,TiOx,HARDWARE_ONLY,42,128,8,10,IDEALIZED_SINGLE_PAIR_ANALOG,16384.0,96.22,96.19963515977442,False,False
TiOx_03,10.1016/j.spmi.2017.10.031,TiOx,HARDWARE_ONLY,43,256,8,10,IDEALIZED_SINGLE_PAIR_ANALOG,10240.0,96.22,96.21785064442588,False,False
TiOx_03,10.1016/j.spmi.2017.10.031,TiOx,HARDWARE_ONLY,44,16,7,10,IDEALIZED_SINGLE_PAIR_ANALOG,819200.0,96.22,96.20017815434585,False,False
TiOx_03,10.1016/j.spmi.2017.10.031,TiOx,HARDWARE_ONLY,45,128,6,9,IDEALIZED_SINGLE_PAIR_ANALOG,8192.0,96.22,96.15278348423472,False,True
TiOx_03,10.1016/j.spmi.2017.10.031,TiOx,HARDWARE_ONLY,46,256,7,10,IDEALIZED_SINGLE_PAIR_ANALOG,10240.0,96.22,96.18617927705371,False,False
TiOx_03,10.1016/j.spmi.2017.10.031,TiOx,HARDWARE_ONLY,47,128,7,8,IDEALIZED_SINGLE_PAIR_ANALOG,4096.0,96.21,95.80504734465534,False,False
TiOx_03,10.1016/j.spmi.2017.10.031,TiOx,HARDWARE_ONLY,48,32,7,10,IDEALIZED_SINGLE_PAIR_ANALOG,212992.0,96.21,96.21897488034597,False,False
TiOx_03,10.1016/j.spmi.2017.10.031,TiOx,HARDWARE_ONLY,49,64,7,9,IDEALIZED_SINGLE_PAIR_ANALOG,28672.0,96.21,96.20016983271093,False,False
TiOx_03,10.1016/j.spmi.2017.10.031,TiOx,HARDWARE_ONLY,50,64,8,9,IDEALIZED_SINGLE_PAIR_ANALOG,28672.0,96.21,96.18559005760766,False,False
TiOx_03,10.1016/j.spmi.2017.10.031,TiOx,HARDWARE_ONLY,51,16,7,5,IDEALIZED_SINGLE_PAIR_ANALOG,25600.0,96.2,91.25021114675214,False,False
TiOx_03,10.1016/j.spmi.2017.10.031,TiOx,HARDWARE_ONLY,52,16,6,6,IDEALIZED_SINGLE_PAIR_ANALOG,51200.0,96.2,95.7574419794008,False,False
TiOx_03,10.1016/j.spmi.2017.10.031,TiOx,HARDWARE_ONLY,53,256,5,9,IDEALIZED_SINGLE_PAIR_ANALOG,5120.0,96.2,96.07530217717742,False,False
TiOx_03,10.1016/j.spmi.2017.10.031,TiOx,HARDWARE_ONLY,54,64,6,7,IDEALIZED_SINGLE_PAIR_ANALOG,7168.0,96.2,95.64318262099042,False,False
TiOx_03,10.1016/j.spmi.2017.10.031,TiOx,HARDWARE_ONLY,55,128,7,9,IDEALIZED_SINGLE_PAIR_ANALOG,8192.0,96.2,96.13439142817309,False,False
TiOx_03,10.1016/j.spmi.2017.10.031,TiOx,HARDWARE_ONLY,56,128,8,7,IDEALIZED_SINGLE_PAIR_ANALOG,2048.0,96.2,94.83625957389506,False,True
TiOx_03,10.1016/j.spmi.2017.10.031,TiOx,HARDWARE_ONLY,57,256,8,9,IDEALIZED_SINGLE_PAIR_ANALOG,5120.0,96.19,96.12809044367911,False,False
TiOx_03,10.1016/j.spmi.2017.10.031,TiOx,HARDWARE_ONLY,58,256,6,7,IDEALIZED_SINGLE_PAIR_ANALOG,1280.0,96.19,93.89574112023956,True,True
TiOx_03,10.1016/j.spmi.2017.10.031,TiOx,HARDWARE_ONLY,59,32,7,6,IDEALIZED_SINGLE_PAIR_ANALOG,13312.0,96.18,95.29083938653571,False,False
TiOx_03,10.1016/j.spmi.2017.10.031,TiOx,HARDWARE_ONLY,60,16,8,6,IDEALIZED_SINGLE_PAIR_ANALOG,51200.0,96.18,95.73816725582567,False,False
TiOx_03,10.1016/j.spmi.2017.10.031,TiOx,HARDWARE_ONLY,61,128,5,9,IDEALIZED_SINGLE_PAIR_ANALOG,8192.0,96.18,96.09055904579728,False,False
TiOx_03,10.1016/j.spmi.2017.10.031,TiOx,HARDWARE_ONLY,62,256,8,8,IDEALIZED_SINGLE_PAIR_ANALOG,2560.0,96.18,95.74345186206956,False,False
TiOx_03,10.1016/j.spmi.2017.10.031,TiOx,HARDWARE_ONLY,63,16,5,7,IDEALIZED_SINGLE_PAIR_ANALOG,102400.0,96.17,95.95860058354525,False,False
TiOx_03,10.1016/j.spmi.2017.10.031,TiOx,HARDWARE_ONLY,64,32,8,8,IDEALIZED_SINGLE_PAIR_ANALOG,53248.0,96.17,96.13122712947994,False,False
TiOx_03,10.1016/j.spmi.2017.10.031,TiOx,HARDWARE_ONLY,65,256,7,9,IDEALIZED_SINGLE_PAIR_ANALOG,5120.0,96.17,96.1325690247055,False,False
TiOx_03,10.1016/j.spmi.2017.10.031,TiOx,HARDWARE_ONLY,66,64,7,8,IDEALIZED_SINGLE_PAIR_ANALOG,14336.0,96.17,96.0235591676216,False,False
TiOx_03,10.1016/j.spmi.2017.10.031,TiOx,HARDWARE_ONLY,67,16,5,9,IDEALIZED_SINGLE_PAIR_ANALOG,409600.0,96.17,96.15014248372944,False,False
TiOx_03,10.1016/j.spmi.2017.10.031,TiOx,HARDWARE_ONLY,68,256,6,9,IDEALIZED_SINGLE_PAIR_ANALOG,5120.0,96.17,96.152012190282,False,True
TiOx_03,10.1016/j.spmi.2017.10.031,TiOx,HARDWARE_ONLY,69,128,8,8,IDEALIZED_SINGLE_PAIR_ANALOG,4096.0,96.17,95.79562868214693,False,False
TiOx_03,10.1016/j.spmi.2017.10.031,TiOx,HARDWARE_ONLY,70,64,5,9,IDEALIZED_SINGLE_PAIR_ANALOG,28672.0,96.16,96.1279310270318,False,False
TiOx_03,10.1016/j.spmi.2017.10.031,TiOx,HARDWARE_ONLY,71,16,4,7,IDEALIZED_SINGLE_PAIR_ANALOG,102400.0,96.16,95.92747727156836,False,False
TiOx_03,10.1016/j.spmi.2017.10.031,TiOx,HARDWARE_ONLY,72,32,5,7,IDEALIZED_SINGLE_PAIR_ANALOG,26624.0,96.16,95.84640107016347,False,False
TiOx_03,10.1016/j.spmi.2017.10.031,TiOx,HARDWARE_ONLY,73,128,5,10,IDEALIZED_SINGLE_PAIR_ANALOG,16384.0,96.15,96.13694790959353,False,False
TiOx_03,10.1016/j.spmi.2017.10.031,TiOx,HARDWARE_ONLY,74,256,7,7,IDEALIZED_SINGLE_PAIR_ANALOG,1280.0,96.15,93.87590193408734,False,False
TiOx_03,10.1016/j.spmi.2017.10.031,TiOx,HARDWARE_ONLY,75,64,5,6,IDEALIZED_SINGLE_PAIR_ANALOG,3584.0,96.15,94.31926484834719,False,False
TiOx_03,10.1016/j.spmi.2017.10.031,TiOx,HARDWARE_ONLY,76,64,6,6,IDEALIZED_SINGLE_PAIR_ANALOG,3584.0,96.14,94.2390020189174,False,False
TiOx_03,10.1016/j.spmi.2017.10.031,TiOx,HARDWARE_ONLY,77,128,7,7,IDEALIZED_SINGLE_PAIR_ANALOG,2048.0,96.14,94.67393306225965,False,False
TiOx_03,10.1016/j.spmi.2017.10.031,TiOx,HARDWARE_ONLY,78,16,7,6,IDEALIZED_SINGLE_PAIR_ANALOG,51200.0,96.14,95.73928539617863,False,False
TiOx_03,10.1016/j.spmi.2017.10.031,TiOx,HARDWARE_ONLY,79,32,5,9,IDEALIZED_SINGLE_PAIR_ANALOG,106496.0,96.13,96.11207732709104,False,False
TiOx_03,10.1016/j.spmi.2017.10.031,TiOx,HARDWARE_ONLY,80,256,5,10,IDEALIZED_SINGLE_PAIR_ANALOG,10240.0,96.13,96.13539636911135,False,False
TiOx_03,10.1016/j.spmi.2017.10.031,TiOx,HARDWARE_ONLY,81,16,5,10,IDEALIZED_SINGLE_PAIR_ANALOG,819200.0,96.13,96.13307571385353,False,False
TiOx_03,10.1016/j.spmi.2017.10.031,TiOx,HARDWARE_ONLY,82,16,8,5,IDEALIZED_SINGLE_PAIR_ANALOG,25600.0,96.13,91.07667778548563,False,False
TiOx_03,10.1016/j.spmi.2017.10.031,TiOx,HARDWARE_ONLY,83,32,5,8,IDEALIZED_SINGLE_PAIR_ANALOG,53248.0,96.13,96.0933660028502,False,False
TiOx_03,10.1016/j.spmi.2017.10.031,TiOx,HARDWARE_ONLY,84,256,8,7,IDEALIZED_SINGLE_PAIR_ANALOG,1280.0,96.12,93.75899736426003,False,False
TiOx_03,10.1016/j.spmi.2017.10.031,TiOx,HARDWARE_ONLY,85,64,5,10,IDEALIZED_SINGLE_PAIR_ANALOG,57344.0,96.12,96.16122785705328,False,False
TiOx_03,10.1016/j.spmi.2017.10.031,TiOx,HARDWARE_ONLY,86,64,4,9,IDEALIZED_SINGLE_PAIR_ANALOG,28672.0,96.12,96.0524768497584,False,False
TiOx_03,10.1016/j.spmi.2017.10.031,TiOx,HARDWARE_ONLY,87,16,5,8,IDEALIZED_SINGLE_PAIR_ANALOG,204800.0,96.12,96.12274208046038,False,False
TiOx_03,10.1016/j.spmi.2017.10.031,TiOx,HARDWARE_ONLY,88,16,6,5,IDEALIZED_SINGLE_PAIR_ANALOG,25600.0,96.12,91.2938180577428,False,False
TiOx_03,10.1016/j.spmi.2017.10.031,TiOx,HARDWARE_ONLY,89,16,5,6,IDEALIZED_SINGLE_PAIR_ANALOG,51200.0,96.12,95.6656563349999,False,False
TiOx_03,10.1016/j.spmi.2017.10.031,TiOx,HARDWARE_ONLY,90,32,5,10,IDEALIZED_SINGLE_PAIR_ANALOG,212992.0,96.12,96.14264003155175,False,False
TiOx_03,10.1016/j.spmi.2017.10.031,TiOx,HARDWARE_ONLY,91,128,5,8,IDEALIZED_SINGLE_PAIR_ANALOG,4096.0,96.12,95.78980479188182,False,False
TiOx_03,10.1016/j.spmi.2017.10.031,TiOx,HARDWARE_ONLY,92,64,7,6,IDEALIZED_SINGLE_PAIR_ANALOG,3584.0,96.11,94.12402118723794,False,False
TiOx_03,10.1016/j.spmi.2017.10.031,TiOx,HARDWARE_ONLY,93,64,4,7,IDEALIZED_SINGLE_PAIR_ANALOG,7168.0,96.09,95.40403438892064,False,False
TiOx_03,10.1016/j.spmi.2017.10.031,TiOx,HARDWARE_ONLY,94,256,5,7,IDEALIZED_SINGLE_PAIR_ANALOG,1280.0,96.09,93.5692006680668,False,False
TiOx_03,10.1016/j.spmi.2017.10.031,TiOx,HARDWARE_ONLY,95,32,7,5,IDEALIZED_SINGLE_PAIR_ANALOG,6656.0,96.09,90.16746251631109,False,False
TiOx_03,10.1016/j.spmi.2017.10.031,TiOx,HARDWARE_ONLY,96,16,4,9,IDEALIZED_SINGLE_PAIR_ANALOG,409600.0,96.09,96.05697595274994,False,False
TiOx_03,10.1016/j.spmi.2017.10.031,TiOx,HARDWARE_ONLY,97,64,8,6,IDEALIZED_SINGLE_PAIR_ANALOG,3584.0,96.09,94.31700534165977,False,False
TiOx_03,10.1016/j.spmi.2017.10.031,TiOx,HARDWARE_ONLY,98,32,4,9,IDEALIZED_SINGLE_PAIR_ANALOG,106496.0,96.08,96.06479022670793,False,False
TiOx_03,10.1016/j.spmi.2017.10.031,TiOx,HARDWARE_ONLY,99,256,4,10,IDEALIZED_SINGLE_PAIR_ANALOG,10240.0,96.08,96.04499404357576,False,False
TiOx_03,10.1016/j.spmi.2017.10.031,TiOx,HARDWARE_ONLY,100,256,5,8,IDEALIZED_SINGLE_PAIR_ANALOG,2560.0,96.08,95.61484020723287,False,False
TiOx_03,10.1016/j.spmi.2017.10.031,TiOx,HARDWARE_ONLY,101,64,4,10,IDEALIZED_SINGLE_PAIR_ANALOG,57344.0,96.07,96.05487479879595,False,False
TiOx_03,10.1016/j.spmi.2017.10.031,TiOx,HARDWARE_ONLY,102,128,4,10,IDEALIZED_SINGLE_PAIR_ANALOG,16384.0,96.07,96.05914805836234,False,False
TiOx_03,10.1016/j.spmi.2017.10.031,TiOx,HARDWARE_ONLY,103,16,4,10,IDEALIZED_SINGLE_PAIR_ANALOG,819200.0,96.07,96.07506982034046,False,False
TiOx_03,10.1016/j.spmi.2017.10.031,TiOx,HARDWARE_ONLY,104,32,4,7,IDEALIZED_SINGLE_PAIR_ANALOG,26624.0,96.06,95.81078272406212,False,False
TiOx_03,10.1016/j.spmi.2017.10.031,TiOx,HARDWARE_ONLY,105,64,4,8,IDEALIZED_SINGLE_PAIR_ANALOG,14336.0,96.05,95.91293435129568,False,False
TiOx_03,10.1016/j.spmi.2017.10.031,TiOx,HARDWARE_ONLY,106,32,5,6,IDEALIZED_SINGLE_PAIR_ANALOG,13312.0,96.05,95.11016237114848,False,False
TiOx_03,10.1016/j.spmi.2017.10.031,TiOx,HARDWARE_ONLY,107,32,4,8,IDEALIZED_SINGLE_PAIR_ANALOG,53248.0,96.05,95.98951488365233,False,False
TiOx_03,10.1016/j.spmi.2017.10.031,TiOx,HARDWARE_ONLY,108,16,4,6,IDEALIZED_SINGLE_PAIR_ANALOG,51200.0,96.04,95.5395808628561,False,False
TiOx_03,10.1016/j.spmi.2017.10.031,TiOx,HARDWARE_ONLY,109,32,4,10,IDEALIZED_SINGLE_PAIR_ANALOG,212992.0,96.04,96.06811244516126,False,False
TiOx_03,10.1016/j.spmi.2017.10.031,TiOx,HARDWARE_ONLY,110,16,4,8,IDEALIZED_SINGLE_PAIR_ANALOG,204800.0,96.04,96.06010680294385,False,False
TiOx_03,10.1016/j.spmi.2017.10.031,TiOx,HARDWARE_ONLY,111,256,4,9,IDEALIZED_SINGLE_PAIR_ANALOG,5120.0,96.03,95.9837199428078,False,False
TiOx_03,10.1016/j.spmi.2017.10.031,TiOx,HARDWARE_ONLY,112,256,4,8,IDEALIZED_SINGLE_PAIR_ANALOG,2560.0,96.03,95.68481648618906,False,False
TiOx_03,10.1016/j.spmi.2017.10.031,TiOx,HARDWARE_ONLY,113,128,4,7,IDEALIZED_SINGLE_PAIR_ANALOG,2048.0,96.03,94.61634053960732,False,False
TiOx_03,10.1016/j.spmi.2017.10.031,TiOx,HARDWARE_ONLY,114,128,4,9,IDEALIZED_SINGLE_PAIR_ANALOG,8192.0,96.03,96.00122212758734,False,False
TiOx_03,10.1016/j.spmi.2017.10.031,TiOx,HARDWARE_ONLY,115,128,5,6,IDEALIZED_SINGLE_PAIR_ANALOG,1024.0,96.02,91.56842854209675,True,False
TiOx_03,10.1016/j.spmi.2017.10.031,TiOx,HARDWARE_ONLY,116,16,5,5,IDEALIZED_SINGLE_PAIR_ANALOG,25600.0,96.01,91.56552532356527,False,False
TiOx_03,10.1016/j.spmi.2017.10.031,TiOx,HARDWARE_ONLY,117,32,4,6,IDEALIZED_SINGLE_PAIR_ANALOG,13312.0,96.0,95.27113129049232,False,False
TiOx_03,10.1016/j.spmi.2017.10.031,TiOx,HARDWARE_ONLY,118,256,4,7,IDEALIZED_SINGLE_PAIR_ANALOG,1280.0,96.0,93.55006466182567,False,False
TiOx_03,10.1016/j.spmi.2017.10.031,TiOx,HARDWARE_ONLY,119,256,7,6,IDEALIZED_SINGLE_PAIR_ANALOG,640.0,95.99,91.09221089663936,True,False
TiOx_03,10.1016/j.spmi.2017.10.031,TiOx,HARDWARE_ONLY,120,128,4,8,IDEALIZED_SINGLE_PAIR_ANALOG,4096.0,95.98,95.71907195819371,False,False
TiOx_03,10.1016/j.spmi.2017.10.031,TiOx,HARDWARE_ONLY,121,256,8,6,IDEALIZED_SINGLE_PAIR_ANALOG,640.0,95.97,91.26293978353458,False,True
TiOx_03,10.1016/j.spmi.2017.10.031,TiOx,HARDWARE_ONLY,122,64,4,6,IDEALIZED_SINGLE_PAIR_ANALOG,3584.0,95.96,94.28704671624457,False,False
TiOx_03,10.1016/j.spmi.2017.10.031,TiOx,HARDWARE_ONLY,123,32,6,5,IDEALIZED_SINGLE_PAIR_ANALOG,6656.0,95.95,89.12754593987368,False,False
TiOx_03,10.1016/j.spmi.2017.10.031,TiOx,HARDWARE_ONLY,124,32,8,5,IDEALIZED_SINGLE_PAIR_ANALOG,6656.0,95.93,89.41771448775201,False,False
TiOx_03,10.1016/j.spmi.2017.10.031,TiOx,HARDWARE_ONLY,125,256,6,6,IDEALIZED_SINGLE_PAIR_ANALOG,640.0,95.92,90.97347763905701,False,False
TiOx_03,10.1016/j.spmi.2017.10.031,TiOx,HARDWARE_ONLY,126,128,7,6,IDEALIZED_SINGLE_PAIR_ANALOG,1024.0,95.9,91.50772729091246,False,False
TiOx_03,10.1016/j.spmi.2017.10.031,TiOx,HARDWARE_ONLY,127,16,4,5,IDEALIZED_SINGLE_PAIR_ANALOG,25600.0,95.89,92.00619575569725,False,False
TiOx_03,10.1016/j.spmi.2017.10.031,TiOx,HARDWARE_ONLY,128,128,8,6,IDEALIZED_SINGLE_PAIR_ANALOG,1024.0,95.89,91.60824475415355,False,False
TiOx_03,10.1016/j.spmi.2017.10.031,TiOx,HARDWARE_ONLY,129,32,5,5,IDEALIZED_SINGLE_PAIR_ANALOG,6656.0,95.89,89.71554788120868,False,False
TiOx_03,10.1016/j.spmi.2017.10.031,TiOx,HARDWARE_ONLY,130,256,5,6,IDEALIZED_SINGLE_PAIR_ANALOG,640.0,95.88,91.01032099728589,False,False
TiOx_03,10.1016/j.spmi.2017.10.031,TiOx,HARDWARE_ONLY,131,128,6,6,IDEALIZED_SINGLE_PAIR_ANALOG,1024.0,95.88,91.75990160172019,False,False
TiOx_03,10.1016/j.spmi.2017.10.031,TiOx,HARDWARE_ONLY,132,128,4,6,IDEALIZED_SINGLE_PAIR_ANALOG,1024.0,95.8,91.80105492211375,False,True
TiOx_03,10.1016/j.spmi.2017.10.031,TiOx,HARDWARE_ONLY,133,256,4,6,IDEALIZED_SINGLE_PAIR_ANALOG,640.0,95.76,90.74754277677876,False,False
TiOx_03,10.1016/j.spmi.2017.10.031,TiOx,HARDWARE_ONLY,134,32,4,5,IDEALIZED_SINGLE_PAIR_ANALOG,6656.0,95.7,89.83990753826887,False,False
TiOx_03,10.1016/j.spmi.2017.10.031,TiOx,HARDWARE_ONLY,135,64,7,5,IDEALIZED_SINGLE_PAIR_ANALOG,1792.0,95.67,87.85413103308161,False,False
TiOx_03,10.1016/j.spmi.2017.10.031,TiOx,HARDWARE_ONLY,136,64,6,5,IDEALIZED_SINGLE_PAIR_ANALOG,1792.0,95.57,87.17698155379473,False,False
TiOx_03,10.1016/j.spmi.2017.10.031,TiOx,HARDWARE_ONLY,137,16,7,4,IDEALIZED_SINGLE_PAIR_ANALOG,12800.0,95.54,83.78703116309023,False,False
TiOx_03,10.1016/j.spmi.2017.10.031,TiOx,HARDWARE_ONLY,138,16,6,4,IDEALIZED_SINGLE_PAIR_ANALOG,12800.0,95.52,82.94539922172433,False,False
TiOx_03,10.1016/j.spmi.2017.10.031,TiOx,HARDWARE_ONLY,139,64,8,5,IDEALIZED_SINGLE_PAIR_ANALOG,1792.0,95.49,87.82742614335838,False,False
TiOx_03,10.1016/j.spmi.2017.10.031,TiOx,HARDWARE_ONLY,140,64,5,5,IDEALIZED_SINGLE_PAIR_ANALOG,1792.0,95.48,87.21846965110224,False,False
TiOx_03,10.1016/j.spmi.2017.10.031,TiOx,HARDWARE_ONLY,141,16,8,4,IDEALIZED_SINGLE_PAIR_ANALOG,12800.0,95.47,82.9659247229013,False,False
TiOx_03,10.1016/j.spmi.2017.10.031,TiOx,HARDWARE_ONLY,142,16,5,4,IDEALIZED_SINGLE_PAIR_ANALOG,12800.0,95.47,82.93667260215608,False,False
TiOx_03,10.1016/j.spmi.2017.10.031,TiOx,HARDWARE_ONLY,143,64,4,5,IDEALIZED_SINGLE_PAIR_ANALOG,1792.0,95.42,86.80180585374099,False,False
TiOx_03,10.1016/j.spmi.2017.10.031,TiOx,HARDWARE_ONLY,144,16,4,4,IDEALIZED_SINGLE_PAIR_ANALOG,12800.0,95.3,82.93341719034889,False,False
TiOx_03,10.1016/j.spmi.2017.10.031,TiOx,HARDWARE_ONLY,145,128,8,5,IDEALIZED_SINGLE_PAIR_ANALOG,512.0,94.63,82.67999498178433,True,False
TiOx_03,10.1016/j.spmi.2017.10.031,TiOx,HARDWARE_ONLY,146,128,6,5,IDEALIZED_SINGLE_PAIR_ANALOG,512.0,94.5,82.83573638757531,False,False
TiOx_03,10.1016/j.spmi.2017.10.031,TiOx,HARDWARE_ONLY,147,128,5,5,IDEALIZED_SINGLE_PAIR_ANALOG,512.0,94.45,81.93100202542553,False,False
TiOx_03,10.1016/j.spmi.2017.10.031,TiOx,HARDWARE_ONLY,148,128,7,5,IDEALIZED_SINGLE_PAIR_ANALOG,512.0,94.42,82.09933486210791,False,False
TiOx_03,10.1016/j.spmi.2017.10.031,TiOx,HARDWARE_ONLY,149,32,7,4,IDEALIZED_SINGLE_PAIR_ANALOG,3328.0,94.36,79.59757960575043,False,False
TiOx_03,10.1016/j.spmi.2017.10.031,TiOx,HARDWARE_ONLY,150,32,8,4,IDEALIZED_SINGLE_PAIR_ANALOG,3328.0,94.31,81.40605635272411,False,False
TiOx_03,10.1016/j.spmi.2017.10.031,TiOx,HARDWARE_ONLY,151,256,6,5,IDEALIZED_SINGLE_PAIR_ANALOG,320.0,94.23,81.60891915348408,True,False
TiOx_03,10.1016/j.spmi.2017.10.031,TiOx,HARDWARE_ONLY,152,32,6,4,IDEALIZED_SINGLE_PAIR_ANALOG,3328.0,94.21,80.12682989756358,False,False
TiOx_03,10.1016/j.spmi.2017.10.031,TiOx,HARDWARE_ONLY,153,256,7,5,IDEALIZED_SINGLE_PAIR_ANALOG,320.0,94.17,81.1511901890068,False,False
TiOx_03,10.1016/j.spmi.2017.10.031,TiOx,HARDWARE_ONLY,154,128,4,5,IDEALIZED_SINGLE_PAIR_ANALOG,512.0,94.16,83.3260316075554,False,True
TiOx_03,10.1016/j.spmi.2017.10.031,TiOx,HARDWARE_ONLY,155,256,8,5,IDEALIZED_SINGLE_PAIR_ANALOG,320.0,94.08,81.96596191294266,False,True
TiOx_03,10.1016/j.spmi.2017.10.031,TiOx,HARDWARE_ONLY,156,32,4,4,IDEALIZED_SINGLE_PAIR_ANALOG,3328.0,94.07,79.88338012053784,False,False
TiOx_03,10.1016/j.spmi.2017.10.031,TiOx,HARDWARE_ONLY,157,256,5,5,IDEALIZED_SINGLE_PAIR_ANALOG,320.0,94.01,81.08464131878398,False,False
TiOx_03,10.1016/j.spmi.2017.10.031,TiOx,HARDWARE_ONLY,158,256,4,5,IDEALIZED_SINGLE_PAIR_ANALOG,320.0,93.99,81.57837162207672,False,False
TiOx_03,10.1016/j.spmi.2017.10.031,TiOx,HARDWARE_ONLY,159,32,5,4,IDEALIZED_SINGLE_PAIR_ANALOG,3328.0,93.95,80.425863585213,False,False
TiOx_03,10.1016/j.spmi.2017.10.031,TiOx,HARDWARE_ONLY,160,64,3,8,IDEALIZED_SINGLE_PAIR_ANALOG,14336.0,92.28,91.98988549378022,False,False
TiOx_03,10.1016/j.spmi.2017.10.031,TiOx,HARDWARE_ONLY,161,256,3,8,IDEALIZED_SINGLE_PAIR_ANALOG,2560.0,92.28,91.66823232767555,False,False
TiOx_03,10.1016/j.spmi.2017.10.031,TiOx,HARDWARE_ONLY,162,16,3,9,IDEALIZED_SINGLE_PAIR_ANALOG,409600.0,92.27,92.19445712354153,False,False
TiOx_03,10.1016/j.spmi.2017.10.031,TiOx,HARDWARE_ONLY,163,128,3,8,IDEALIZED_SINGLE_PAIR_ANALOG,4096.0,92.27,91.79591706351654,False,False
TiOx_03,10.1016/j.spmi.2017.10.031,TiOx,HARDWARE_ONLY,164,16,3,10,IDEALIZED_SINGLE_PAIR_ANALOG,819200.0,92.26,92.22095029654339,False,False
TiOx_03,10.1016/j.spmi.2017.10.031,TiOx,HARDWARE_ONLY,165,128,3,9,IDEALIZED_SINGLE_PAIR_ANALOG,8192.0,92.26,92.08679524755803,False,False
TiOx_03,10.1016/j.spmi.2017.10.031,TiOx,HARDWARE_ONLY,166,32,3,10,IDEALIZED_SINGLE_PAIR_ANALOG,212992.0,92.25,92.22040792504276,False,False
TiOx_03,10.1016/j.spmi.2017.10.031,TiOx,HARDWARE_ONLY,167,16,3,7,IDEALIZED_SINGLE_PAIR_ANALOG,102400.0,92.24,91.82599927026533,False,False
TiOx_03,10.1016/j.spmi.2017.10.031,TiOx,HARDWARE_ONLY,168,256,3,9,IDEALIZED_SINGLE_PAIR_ANALOG,5120.0,92.24,92.11009273922681,False,False
TiOx_03,10.1016/j.spmi.2017.10.031,TiOx,HARDWARE_ONLY,169,16,3,8,IDEALIZED_SINGLE_PAIR_ANALOG,204800.0,92.24,92.07935919144742,False,False
TiOx_03,10.1016/j.spmi.2017.10.031,TiOx,HARDWARE_ONLY,170,256,3,10,IDEALIZED_SINGLE_PAIR_ANALOG,10240.0,92.22,92.21574208163291,False,False
TiOx_03,10.1016/j.spmi.2017.10.031,TiOx,HARDWARE_ONLY,171,128,3,10,IDEALIZED_SINGLE_PAIR_ANALOG,16384.0,92.21,92.18076925008242,False,False
TiOx_03,10.1016/j.spmi.2017.10.031,TiOx,HARDWARE_ONLY,172,32,3,9,IDEALIZED_SINGLE_PAIR_ANALOG,106496.0,92.2,92.15966599112271,False,False
TiOx_03,10.1016/j.spmi.2017.10.031,TiOx,HARDWARE_ONLY,173,64,3,9,IDEALIZED_SINGLE_PAIR_ANALOG,28672.0,92.2,92.09470148898156,False,False
TiOx_03,10.1016/j.spmi.2017.10.031,TiOx,HARDWARE_ONLY,174,32,3,8,IDEALIZED_SINGLE_PAIR_ANALOG,53248.0,92.19,92.06145421236116,False,False
TiOx_03,10.1016/j.spmi.2017.10.031,TiOx,HARDWARE_ONLY,175,32,3,7,IDEALIZED_SINGLE_PAIR_ANALOG,26624.0,92.18,91.3357111676902,False,False
TiOx_03,10.1016/j.spmi.2017.10.031,TiOx,HARDWARE_ONLY,176,64,3,10,IDEALIZED_SINGLE_PAIR_ANALOG,57344.0,92.17,92.20376879611484,False,False
TiOx_03,10.1016/j.spmi.2017.10.031,TiOx,HARDWARE_ONLY,177,16,3,6,IDEALIZED_SINGLE_PAIR_ANALOG,51200.0,92.13,91.07473445521146,False,False
TiOx_03,10.1016/j.spmi.2017.10.031,TiOx,HARDWARE_ONLY,178,32,3,6,IDEALIZED_SINGLE_PAIR_ANALOG,13312.0,92.12,89.537851416924,False,False
TiOx_03,10.1016/j.spmi.2017.10.031,TiOx,HARDWARE_ONLY,179,64,3,6,IDEALIZED_SINGLE_PAIR_ANALOG,3584.0,92.1,88.32172112964523,False,False
TiOx_03,10.1016/j.spmi.2017.10.031,TiOx,HARDWARE_ONLY,180,256,3,7,IDEALIZED_SINGLE_PAIR_ANALOG,1280.0,92.01,88.8343672221944,False,False
TiOx_03,10.1016/j.spmi.2017.10.031,TiOx,HARDWARE_ONLY,181,64,3,7,IDEALIZED_SINGLE_PAIR_ANALOG,7168.0,91.99,90.59795685658376,False,False
TiOx_03,10.1016/j.spmi.2017.10.031,TiOx,HARDWARE_ONLY,182,128,3,7,IDEALIZED_SINGLE_PAIR_ANALOG,2048.0,91.99,89.30631829836504,False,False
TiOx_03,10.1016/j.spmi.2017.10.031,TiOx,HARDWARE_ONLY,183,16,3,5,IDEALIZED_SINGLE_PAIR_ANALOG,25600.0,91.77,88.37294464142069,False,False
TiOx_03,10.1016/j.spmi.2017.10.031,TiOx,HARDWARE_ONLY,184,128,3,6,IDEALIZED_SINGLE_PAIR_ANALOG,1024.0,91.75,86.23343595125544,False,False
TiOx_03,10.1016/j.spmi.2017.10.031,TiOx,HARDWARE_ONLY,185,256,3,6,IDEALIZED_SINGLE_PAIR_ANALOG,640.0,91.7,85.61467703772513,False,False
TiOx_03,10.1016/j.spmi.2017.10.031,TiOx,HARDWARE_ONLY,186,32,3,5,IDEALIZED_SINGLE_PAIR_ANALOG,6656.0,91.49,86.02562961885012,False,False
TiOx_03,10.1016/j.spmi.2017.10.031,TiOx,HARDWARE_ONLY,187,64,3,5,IDEALIZED_SINGLE_PAIR_ANALOG,1792.0,91.16,82.6724151078026,False,False
TiOx_03,10.1016/j.spmi.2017.10.031,TiOx,HARDWARE_ONLY,188,64,4,4,IDEALIZED_SINGLE_PAIR_ANALOG,896.0,90.55,74.39411627292579,False,False
TiOx_03,10.1016/j.spmi.2017.10.031,TiOx,HARDWARE_ONLY,189,16,3,4,IDEALIZED_SINGLE_PAIR_ANALOG,12800.0,90.55,79.12950428518873,False,False
TiOx_03,10.1016/j.spmi.2017.10.031,TiOx,HARDWARE_ONLY,190,64,6,4,IDEALIZED_SINGLE_PAIR_ANALOG,896.0,90.17,75.16425806093149,False,False
TiOx_03,10.1016/j.spmi.2017.10.031,TiOx,HARDWARE_ONLY,191,128,3,5,IDEALIZED_SINGLE_PAIR_ANALOG,512.0,90.17,77.3372272386732,False,False
TiOx_03,10.1016/j.spmi.2017.10.031,TiOx,HARDWARE_ONLY,192,64,7,4,IDEALIZED_SINGLE_PAIR_ANALOG,896.0,90.03,75.34126244519344,False,False
TiOx_03,10.1016/j.spmi.2017.10.031,TiOx,HARDWARE_ONLY,193,64,8,4,IDEALIZED_SINGLE_PAIR_ANALOG,896.0,89.9,75.31827223279721,False,False
TiOx_03,10.1016/j.spmi.2017.10.031,TiOx,HARDWARE_ONLY,194,64,5,4,IDEALIZED_SINGLE_PAIR_ANALOG,896.0,89.77,74.931873655449,False,False
TiOx_03,10.1016/j.spmi.2017.10.031,TiOx,HARDWARE_ONLY,195,32,3,4,IDEALIZED_SINGLE_PAIR_ANALOG,3328.0,89.62,75.31367631773169,False,False
TiOx_03,10.1016/j.spmi.2017.10.031,TiOx,HARDWARE_ONLY,196,256,3,5,IDEALIZED_SINGLE_PAIR_ANALOG,320.0,89.45,76.27770809018895,False,False
TiOx_03,10.1016/j.spmi.2017.10.031,TiOx,HARDWARE_ONLY,197,64,3,4,IDEALIZED_SINGLE_PAIR_ANALOG,896.0,86.46,69.45178708832835,False,False
TiOx_03,10.1016/j.spmi.2017.10.031,TiOx,HARDWARE_ONLY,198,256,4,4,IDEALIZED_SINGLE_PAIR_ANALOG,160.0,77.68,60.90997688915572,True,True
TiOx_03,10.1016/j.spmi.2017.10.031,TiOx,HARDWARE_ONLY,199,128,4,4,IDEALIZED_SINGLE_PAIR_ANALOG,256.0,77.41,63.371764741900286,False,False
TiOx_03,10.1016/j.spmi.2017.10.031,TiOx,HARDWARE_ONLY,200,128,3,4,IDEALIZED_SINGLE_PAIR_ANALOG,256.0,76.2,61.044853230193446,False,False
TiOx_03,10.1016/j.spmi.2017.10.031,TiOx,HARDWARE_ONLY,201,128,6,4,IDEALIZED_SINGLE_PAIR_ANALOG,256.0,75.65,64.09105685810002,False,False
TiOx_03,10.1016/j.spmi.2017.10.031,TiOx,HARDWARE_ONLY,202,256,6,4,IDEALIZED_SINGLE_PAIR_ANALOG,160.0,75.58,60.34718225270969,False,False
TiOx_03,10.1016/j.spmi.2017.10.031,TiOx,HARDWARE_ONLY,203,256,7,4,IDEALIZED_SINGLE_PAIR_ANALOG,160.0,75.36,59.858798299762,False,False
TiOx_03,10.1016/j.spmi.2017.10.031,TiOx,HARDWARE_ONLY,204,128,8,4,IDEALIZED_SINGLE_PAIR_ANALOG,256.0,75.28,64.29527059185682,False,True
TiOx_03,10.1016/j.spmi.2017.10.031,TiOx,HARDWARE_ONLY,205,256,8,4,IDEALIZED_SINGLE_PAIR_ANALOG,160.0,75.23,59.81592974860543,False,False
TiOx_03,10.1016/j.spmi.2017.10.031,TiOx,HARDWARE_ONLY,206,128,7,4,IDEALIZED_SINGLE_PAIR_ANALOG,256.0,74.92,64.04096839668598,False,False
TiOx_03,10.1016/j.spmi.2017.10.031,TiOx,HARDWARE_ONLY,207,256,5,4,IDEALIZED_SINGLE_PAIR_ANALOG,160.0,74.77,59.233335408722,False,False
TiOx_03,10.1016/j.spmi.2017.10.031,TiOx,HARDWARE_ONLY,208,128,5,4,IDEALIZED_SINGLE_PAIR_ANALOG,256.0,74.52,63.31203864500524,False,False
TiOx_03,10.1016/j.spmi.2017.10.031,TiOx,HARDWARE_ONLY,209,256,3,4,IDEALIZED_SINGLE_PAIR_ANALOG,160.0,73.41,56.31003549052738,False,False
TiOx_03,10.1016/j.spmi.2017.10.031,TiOx,HARDWARE_ONLY,210,64,2,4,IDEALIZED_SINGLE_PAIR_ANALOG,896.0,12.52,11.159466698581971,False,False
TiOx_03,10.1016/j.spmi.2017.10.031,TiOx,HARDWARE_ONLY,211,64,2,5,IDEALIZED_SINGLE_PAIR_ANALOG,1792.0,12.05,11.118841366317984,False,False
TiOx_03,10.1016/j.spmi.2017.10.031,TiOx,HARDWARE_ONLY,212,16,2,4,IDEALIZED_SINGLE_PAIR_ANALOG,12800.0,12.04,11.065437697859338,False,False
TiOx_03,10.1016/j.spmi.2017.10.031,TiOx,HARDWARE_ONLY,213,128,2,5,IDEALIZED_SINGLE_PAIR_ANALOG,512.0,11.98,10.997956537482144,False,False
TiOx_03,10.1016/j.spmi.2017.10.031,TiOx,HARDWARE_ONLY,214,256,2,5,IDEALIZED_SINGLE_PAIR_ANALOG,320.0,11.93,10.848891733673966,False,False
TiOx_03,10.1016/j.spmi.2017.10.031,TiOx,HARDWARE_ONLY,215,128,2,4,IDEALIZED_SINGLE_PAIR_ANALOG,256.0,11.86,10.396283508065453,False,False
TiOx_03,10.1016/j.spmi.2017.10.031,TiOx,HARDWARE_ONLY,216,32,2,5,IDEALIZED_SINGLE_PAIR_ANALOG,6656.0,11.72,11.17747508428335,False,False
TiOx_03,10.1016/j.spmi.2017.10.031,TiOx,HARDWARE_ONLY,217,16,2,5,IDEALIZED_SINGLE_PAIR_ANALOG,25600.0,11.58,11.173192366269344,False,False
TiOx_03,10.1016/j.spmi.2017.10.031,TiOx,HARDWARE_ONLY,218,32,2,4,IDEALIZED_SINGLE_PAIR_ANALOG,3328.0,11.55,11.010038226173213,False,False
TiOx_03,10.1016/j.spmi.2017.10.031,TiOx,HARDWARE_ONLY,219,256,2,8,IDEALIZED_SINGLE_PAIR_ANALOG,2560.0,11.51,11.422737577669317,False,False
TiOx_03,10.1016/j.spmi.2017.10.031,TiOx,HARDWARE_ONLY,220,32,2,9,IDEALIZED_SINGLE_PAIR_ANALOG,106496.0,11.49,11.241534289664596,False,False
TiOx_03,10.1016/j.spmi.2017.10.031,TiOx,HARDWARE_ONLY,221,16,2,10,IDEALIZED_SINGLE_PAIR_ANALOG,819200.0,11.49,11.408167729278293,False,False
TiOx_03,10.1016/j.spmi.2017.10.031,TiOx,HARDWARE_ONLY,222,128,2,8,IDEALIZED_SINGLE_PAIR_ANALOG,4096.0,11.47,11.456011290420797,False,False
TiOx_03,10.1016/j.spmi.2017.10.031,TiOx,HARDWARE_ONLY,223,16,2,9,IDEALIZED_SINGLE_PAIR_ANALOG,409600.0,11.46,11.323246333462295,False,False
TiOx_03,10.1016/j.spmi.2017.10.031,TiOx,HARDWARE_ONLY,224,16,2,8,IDEALIZED_SINGLE_PAIR_ANALOG,204800.0,11.46,11.377927083948736,False,False
TiOx_03,10.1016/j.spmi.2017.10.031,TiOx,HARDWARE_ONLY,225,128,2,7,IDEALIZED_SINGLE_PAIR_ANALOG,2048.0,11.46,11.187714017543856,False,False
TiOx_03,10.1016/j.spmi.2017.10.031,TiOx,HARDWARE_ONLY,226,64,2,9,IDEALIZED_SINGLE_PAIR_ANALOG,28672.0,11.42,11.231100645402154,False,False
TiOx_03,10.1016/j.spmi.2017.10.031,TiOx,HARDWARE_ONLY,227,128,2,9,IDEALIZED_SINGLE_PAIR_ANALOG,8192.0,11.41,11.284090663357887,False,False
TiOx_03,10.1016/j.spmi.2017.10.031,TiOx,HARDWARE_ONLY,228,32,2,8,IDEALIZED_SINGLE_PAIR_ANALOG,53248.0,11.4,11.342218426712352,False,False
TiOx_03,10.1016/j.spmi.2017.10.031,TiOx,HARDWARE_ONLY,229,32,2,6,IDEALIZED_SINGLE_PAIR_ANALOG,13312.0,11.38,11.070148550363031,False,False
TiOx_03,10.1016/j.spmi.2017.10.031,TiOx,HARDWARE_ONLY,230,256,2,9,IDEALIZED_SINGLE_PAIR_ANALOG,5120.0,11.38,11.246009023092919,False,False
TiOx_03,10.1016/j.spmi.2017.10.031,TiOx,HARDWARE_ONLY,231,64,2,8,IDEALIZED_SINGLE_PAIR_ANALOG,14336.0,11.38,11.336076594539444,False,False
TiOx_03,10.1016/j.spmi.2017.10.031,TiOx,HARDWARE_ONLY,232,32,2,10,IDEALIZED_SINGLE_PAIR_ANALOG,212992.0,11.28,11.276900563523075,False,False
TiOx_03,10.1016/j.spmi.2017.10.031,TiOx,HARDWARE_ONLY,233,256,2,7,IDEALIZED_SINGLE_PAIR_ANALOG,1280.0,11.27,11.149446797126936,False,False
TiOx_03,10.1016/j.spmi.2017.10.031,TiOx,HARDWARE_ONLY,234,16,2,6,IDEALIZED_SINGLE_PAIR_ANALOG,51200.0,11.26,11.246841048072332,False,False
TiOx_03,10.1016/j.spmi.2017.10.031,TiOx,HARDWARE_ONLY,235,64,2,10,IDEALIZED_SINGLE_PAIR_ANALOG,57344.0,11.25,11.265724554844539,False,False
TiOx_03,10.1016/j.spmi.2017.10.031,TiOx,HARDWARE_ONLY,236,32,2,7,IDEALIZED_SINGLE_PAIR_ANALOG,26624.0,11.23,11.267982457913005,False,False
TiOx_03,10.1016/j.spmi.2017.10.031,TiOx,HARDWARE_ONLY,237,128,2,10,IDEALIZED_SINGLE_PAIR_ANALOG,16384.0,11.22,11.31107737440097,False,False
TiOx_03,10.1016/j.spmi.2017.10.031,TiOx,HARDWARE_ONLY,238,256,2,10,IDEALIZED_SINGLE_PAIR_ANALOG,10240.0,11.18,11.340967820979078,False,False
TiOx_03,10.1016/j.spmi.2017.10.031,TiOx,HARDWARE_ONLY,239,16,2,7,IDEALIZED_SINGLE_PAIR_ANALOG,102400.0,11.13,11.326302785394772,False,False
TiOx_03,10.1016/j.spmi.2017.10.031,TiOx,HARDWARE_ONLY,240,256,2,4,IDEALIZED_SINGLE_PAIR_ANALOG,160.0,11.11,9.96735812735304,False,False
TiOx_03,10.1016/j.spmi.2017.10.031,TiOx,HARDWARE_ONLY,241,64,2,6,IDEALIZED_SINGLE_PAIR_ANALOG,3584.0,11.07,11.065980934500583,False,False
TiOx_03,10.1016/j.spmi.2017.10.031,TiOx,HARDWARE_ONLY,242,64,2,7,IDEALIZED_SINGLE_PAIR_ANALOG,7168.0,11.04,11.044781057444721,False,False
TiOx_03,10.1016/j.spmi.2017.10.031,TiOx,HARDWARE_ONLY,243,128,2,6,IDEALIZED_SINGLE_PAIR_ANALOG,1024.0,11.03,11.04546722647776,False,False
TiOx_03,10.1016/j.spmi.2017.10.031,TiOx,HARDWARE_ONLY,244,256,2,6,IDEALIZED_SINGLE_PAIR_ANALOG,640.0,10.89,10.966046626194231,False,False
TiOx_03,10.1016/j.spmi.2017.10.031,TiOx,FULL_DEVICE_AWARE,0,256,6,8,IDEALIZED_SINGLE_PAIR_ANALOG,2560.0,96.34,96.23447186507937,True,True
TiOx_03,10.1016/j.spmi.2017.10.031,TiOx,FULL_DEVICE_AWARE,1,128,6,8,IDEALIZED_SINGLE_PAIR_ANALOG,4096.0,96.33,96.25145615873011,False,True
TiOx_03,10.1016/j.spmi.2017.10.031,TiOx,FULL_DEVICE_AWARE,2,32,6,10,IDEALIZED_SINGLE_PAIR_ANALOG,212992.0,96.31,96.28164446031752,False,False
TiOx_03,10.1016/j.spmi.2017.10.031,TiOx,FULL_DEVICE_AWARE,3,16,6,10,IDEALIZED_SINGLE_PAIR_ANALOG,819200.0,96.29,96.28946818253974,False,True
TiOx_03,10.1016/j.spmi.2017.10.031,TiOx,FULL_DEVICE_AWARE,4,128,6,10,IDEALIZED_SINGLE_PAIR_ANALOG,16384.0,96.29,96.2740139033188,False,False
TiOx_03,10.1016/j.spmi.2017.10.031,TiOx,FULL_DEVICE_AWARE,5,64,6,10,IDEALIZED_SINGLE_PAIR_ANALOG,57344.0,96.29,96.28263225252523,False,True
TiOx_03,10.1016/j.spmi.2017.10.031,TiOx,FULL_DEVICE_AWARE,6,32,6,9,IDEALIZED_SINGLE_PAIR_ANALOG,106496.0,96.28,96.25595290476186,False,False
TiOx_03,10.1016/j.spmi.2017.10.031,TiOx,FULL_DEVICE_AWARE,7,32,8,6,IDEALIZED_SINGLE_PAIR_ANALOG,13312.0,96.28,96.20076561904763,False,False
TiOx_03,10.1016/j.spmi.2017.10.031,TiOx,FULL_DEVICE_AWARE,8,64,8,10,IDEALIZED_SINGLE_PAIR_ANALOG,57344.0,96.27,96.23359059668107,False,False
TiOx_03,10.1016/j.spmi.2017.10.031,TiOx,FULL_DEVICE_AWARE,9,32,6,8,IDEALIZED_SINGLE_PAIR_ANALOG,53248.0,96.27,96.25062323015862,False,False
TiOx_03,10.1016/j.spmi.2017.10.031,TiOx,FULL_DEVICE_AWARE,10,32,8,9,IDEALIZED_SINGLE_PAIR_ANALOG,106496.0,96.27,96.24401879797992,False,False
TiOx_03,10.1016/j.spmi.2017.10.031,TiOx,FULL_DEVICE_AWARE,11,64,6,8,IDEALIZED_SINGLE_PAIR_ANALOG,14336.0,96.27,96.26062711111118,False,False
TiOx_03,10.1016/j.spmi.2017.10.031,TiOx,FULL_DEVICE_AWARE,12,16,8,7,IDEALIZED_SINGLE_PAIR_ANALOG,102400.0,96.27,96.21006723998218,False,False
TiOx_03,10.1016/j.spmi.2017.10.031,TiOx,FULL_DEVICE_AWARE,13,128,7,10,IDEALIZED_SINGLE_PAIR_ANALOG,16384.0,96.26,96.21709855555542,False,False
TiOx_03,10.1016/j.spmi.2017.10.031,TiOx,FULL_DEVICE_AWARE,14,64,6,9,IDEALIZED_SINGLE_PAIR_ANALOG,28672.0,96.26,96.27038358730175,False,False
TiOx_03,10.1016/j.spmi.2017.10.031,TiOx,FULL_DEVICE_AWARE,15,16,6,8,IDEALIZED_SINGLE_PAIR_ANALOG,204800.0,96.26,96.27923050000014,False,False
TiOx_03,10.1016/j.spmi.2017.10.031,TiOx,FULL_DEVICE_AWARE,16,16,8,8,IDEALIZED_SINGLE_PAIR_ANALOG,204800.0,96.26,96.22928183405477,False,False
TiOx_03,10.1016/j.spmi.2017.10.031,TiOx,FULL_DEVICE_AWARE,17,16,8,10,IDEALIZED_SINGLE_PAIR_ANALOG,819200.0,96.26,96.25678455555564,False,False
TiOx_03,10.1016/j.spmi.2017.10.031,TiOx,FULL_DEVICE_AWARE,18,16,6,7,IDEALIZED_SINGLE_PAIR_ANALOG,102400.0,96.25,96.25325259884559,False,False
TiOx_03,10.1016/j.spmi.2017.10.031,TiOx,FULL_DEVICE_AWARE,19,32,8,7,IDEALIZED_SINGLE_PAIR_ANALOG,26624.0,96.25,96.17159839321789,False,False
TiOx_03,10.1016/j.spmi.2017.10.031,TiOx,FULL_DEVICE_AWARE,20,32,6,7,IDEALIZED_SINGLE_PAIR_ANALOG,26624.0,96.25,96.23652793650794,False,False
TiOx_03,10.1016/j.spmi.2017.10.031,TiOx,FULL_DEVICE_AWARE,21,64,7,7,IDEALIZED_SINGLE_PAIR_ANALOG,7168.0,96.25,96.20615411904761,False,False
TiOx_03,10.1016/j.spmi.2017.10.031,TiOx,FULL_DEVICE_AWARE,22,32,6,6,IDEALIZED_SINGLE_PAIR_ANALOG,13312.0,96.24,96.2007840793651,False,False
TiOx_03,10.1016/j.spmi.2017.10.031,TiOx,FULL_DEVICE_AWARE,23,16,6,9,IDEALIZED_SINGLE_PAIR_ANALOG,409600.0,96.24,96.2797521269842,False,False
TiOx_03,10.1016/j.spmi.2017.10.031,TiOx,FULL_DEVICE_AWARE,24,16,7,8,IDEALIZED_SINGLE_PAIR_ANALOG,204800.0,96.24,96.22609631746028,False,False
TiOx_03,10.1016/j.spmi.2017.10.031,TiOx,FULL_DEVICE_AWARE,25,256,7,8,IDEALIZED_SINGLE_PAIR_ANALOG,2560.0,96.24,96.22253700432898,False,False
TiOx_03,10.1016/j.spmi.2017.10.031,TiOx,FULL_DEVICE_AWARE,26,64,5,7,IDEALIZED_SINGLE_PAIR_ANALOG,7168.0,96.24,96.18443534126978,False,False
TiOx_03,10.1016/j.spmi.2017.10.031,TiOx,FULL_DEVICE_AWARE,27,256,6,10,IDEALIZED_SINGLE_PAIR_ANALOG,10240.0,96.24,96.27412814935067,False,True
TiOx_03,10.1016/j.spmi.2017.10.031,TiOx,FULL_DEVICE_AWARE,28,64,5,8,IDEALIZED_SINGLE_PAIR_ANALOG,14336.0,96.24,96.15743924603177,False,False
TiOx_03,10.1016/j.spmi.2017.10.031,TiOx,FULL_DEVICE_AWARE,29,32,8,10,IDEALIZED_SINGLE_PAIR_ANALOG,212992.0,96.24,96.25527515079374,False,False
TiOx_03,10.1016/j.spmi.2017.10.031,TiOx,FULL_DEVICE_AWARE,30,32,7,7,IDEALIZED_SINGLE_PAIR_ANALOG,26624.0,96.24,96.20218941341977,False,False
TiOx_03,10.1016/j.spmi.2017.10.031,TiOx,FULL_DEVICE_AWARE,31,32,7,8,IDEALIZED_SINGLE_PAIR_ANALOG,53248.0,96.24,96.23041502308797,False,False
TiOx_03,10.1016/j.spmi.2017.10.031,TiOx,FULL_DEVICE_AWARE,32,64,8,7,IDEALIZED_SINGLE_PAIR_ANALOG,7168.0,96.23,96.19601926551228,False,False
TiOx_03,10.1016/j.spmi.2017.10.031,TiOx,FULL_DEVICE_AWARE,33,64,8,8,IDEALIZED_SINGLE_PAIR_ANALOG,14336.0,96.23,96.20569330952372,False,False
TiOx_03,10.1016/j.spmi.2017.10.031,TiOx,FULL_DEVICE_AWARE,34,128,5,7,IDEALIZED_SINGLE_PAIR_ANALOG,2048.0,96.23,96.12516116666681,True,False
TiOx_03,10.1016/j.spmi.2017.10.031,TiOx,FULL_DEVICE_AWARE,35,32,7,9,IDEALIZED_SINGLE_PAIR_ANALOG,106496.0,96.23,96.22087602308785,False,False
TiOx_03,10.1016/j.spmi.2017.10.031,TiOx,FULL_DEVICE_AWARE,36,128,8,9,IDEALIZED_SINGLE_PAIR_ANALOG,8192.0,96.23,96.22799273737374,False,False
TiOx_03,10.1016/j.spmi.2017.10.031,TiOx,FULL_DEVICE_AWARE,37,16,8,9,IDEALIZED_SINGLE_PAIR_ANALOG,409600.0,96.22,96.24876153607514,False,False
TiOx_03,10.1016/j.spmi.2017.10.031,TiOx,FULL_DEVICE_AWARE,38,16,7,7,IDEALIZED_SINGLE_PAIR_ANALOG,102400.0,96.22,96.22630374791866,False,False
TiOx_03,10.1016/j.spmi.2017.10.031,TiOx,FULL_DEVICE_AWARE,39,16,7,9,IDEALIZED_SINGLE_PAIR_ANALOG,409600.0,96.22,96.21826305555541,False,False
TiOx_03,10.1016/j.spmi.2017.10.031,TiOx,FULL_DEVICE_AWARE,40,128,6,7,IDEALIZED_SINGLE_PAIR_ANALOG,2048.0,96.22,96.1636010079366,False,False
TiOx_03,10.1016/j.spmi.2017.10.031,TiOx,FULL_DEVICE_AWARE,41,64,7,10,IDEALIZED_SINGLE_PAIR_ANALOG,57344.0,96.22,96.22404962698417,False,False
TiOx_03,10.1016/j.spmi.2017.10.031,TiOx,FULL_DEVICE_AWARE,42,128,8,10,IDEALIZED_SINGLE_PAIR_ANALOG,16384.0,96.22,96.22948753318897,False,False
TiOx_03,10.1016/j.spmi.2017.10.031,TiOx,FULL_DEVICE_AWARE,43,256,8,10,IDEALIZED_SINGLE_PAIR_ANALOG,10240.0,96.22,96.23440231096686,False,False
TiOx_03,10.1016/j.spmi.2017.10.031,TiOx,FULL_DEVICE_AWARE,44,16,7,10,IDEALIZED_SINGLE_PAIR_ANALOG,819200.0,96.22,96.22186900793648,False,False
TiOx_03,10.1016/j.spmi.2017.10.031,TiOx,FULL_DEVICE_AWARE,45,128,6,9,IDEALIZED_SINGLE_PAIR_ANALOG,8192.0,96.22,96.24218561255412,False,False
TiOx_03,10.1016/j.spmi.2017.10.031,TiOx,FULL_DEVICE_AWARE,46,256,7,10,IDEALIZED_SINGLE_PAIR_ANALOG,10240.0,96.22,96.22239443650795,False,False
TiOx_03,10.1016/j.spmi.2017.10.031,TiOx,FULL_DEVICE_AWARE,47,128,7,8,IDEALIZED_SINGLE_PAIR_ANALOG,4096.0,96.21,96.199306472583,False,False
TiOx_03,10.1016/j.spmi.2017.10.031,TiOx,FULL_DEVICE_AWARE,48,32,7,10,IDEALIZED_SINGLE_PAIR_ANALOG,212992.0,96.21,96.22029936507931,False,False
TiOx_03,10.1016/j.spmi.2017.10.031,TiOx,FULL_DEVICE_AWARE,49,64,7,9,IDEALIZED_SINGLE_PAIR_ANALOG,28672.0,96.21,96.23551368614721,False,False
TiOx_03,10.1016/j.spmi.2017.10.031,TiOx,FULL_DEVICE_AWARE,50,64,8,9,IDEALIZED_SINGLE_PAIR_ANALOG,28672.0,96.21,96.22976375324664,False,False
TiOx_03,10.1016/j.spmi.2017.10.031,TiOx,FULL_DEVICE_AWARE,51,16,7,5,IDEALIZED_SINGLE_PAIR_ANALOG,25600.0,96.2,95.96155596031755,False,False
TiOx_03,10.1016/j.spmi.2017.10.031,TiOx,FULL_DEVICE_AWARE,52,16,6,6,IDEALIZED_SINGLE_PAIR_ANALOG,51200.0,96.2,96.19519694444436,False,False
TiOx_03,10.1016/j.spmi.2017.10.031,TiOx,FULL_DEVICE_AWARE,53,256,5,9,IDEALIZED_SINGLE_PAIR_ANALOG,5120.0,96.2,96.13979607142852,False,False
TiOx_03,10.1016/j.spmi.2017.10.031,TiOx,FULL_DEVICE_AWARE,54,64,6,7,IDEALIZED_SINGLE_PAIR_ANALOG,7168.0,96.2,96.22281572222224,False,False
TiOx_03,10.1016/j.spmi.2017.10.031,TiOx,FULL_DEVICE_AWARE,55,128,7,9,IDEALIZED_SINGLE_PAIR_ANALOG,8192.0,96.2,96.2218066623375,False,False
TiOx_03,10.1016/j.spmi.2017.10.031,TiOx,FULL_DEVICE_AWARE,56,128,8,7,IDEALIZED_SINGLE_PAIR_ANALOG,2048.0,96.2,96.14733169047628,False,False
TiOx_03,10.1016/j.spmi.2017.10.031,TiOx,FULL_DEVICE_AWARE,57,256,8,9,IDEALIZED_SINGLE_PAIR_ANALOG,5120.0,96.19,96.22440502380961,False,False
TiOx_03,10.1016/j.spmi.2017.10.031,TiOx,FULL_DEVICE_AWARE,58,256,6,7,IDEALIZED_SINGLE_PAIR_ANALOG,1280.0,96.19,96.17443624603176,True,True
TiOx_03,10.1016/j.spmi.2017.10.031,TiOx,FULL_DEVICE_AWARE,59,32,7,6,IDEALIZED_SINGLE_PAIR_ANALOG,13312.0,96.18,96.20530715873011,False,False
TiOx_03,10.1016/j.spmi.2017.10.031,TiOx,FULL_DEVICE_AWARE,60,16,8,6,IDEALIZED_SINGLE_PAIR_ANALOG,51200.0,96.18,96.19628565873016,False,False
TiOx_03,10.1016/j.spmi.2017.10.031,TiOx,FULL_DEVICE_AWARE,61,128,5,9,IDEALIZED_SINGLE_PAIR_ANALOG,8192.0,96.18,96.14793692857157,False,False
TiOx_03,10.1016/j.spmi.2017.10.031,TiOx,FULL_DEVICE_AWARE,62,256,8,8,IDEALIZED_SINGLE_PAIR_ANALOG,2560.0,96.18,96.21916158730153,False,False
TiOx_03,10.1016/j.spmi.2017.10.031,TiOx,FULL_DEVICE_AWARE,63,16,5,7,IDEALIZED_SINGLE_PAIR_ANALOG,102400.0,96.17,96.16410106349211,False,False
TiOx_03,10.1016/j.spmi.2017.10.031,TiOx,FULL_DEVICE_AWARE,64,32,8,8,IDEALIZED_SINGLE_PAIR_ANALOG,53248.0,96.17,96.22813635786426,False,False
TiOx_03,10.1016/j.spmi.2017.10.031,TiOx,FULL_DEVICE_AWARE,65,256,7,9,IDEALIZED_SINGLE_PAIR_ANALOG,5120.0,96.17,96.22595839321788,False,False
TiOx_03,10.1016/j.spmi.2017.10.031,TiOx,FULL_DEVICE_AWARE,66,64,7,8,IDEALIZED_SINGLE_PAIR_ANALOG,14336.0,96.17,96.21718572655115,False,False
TiOx_03,10.1016/j.spmi.2017.10.031,TiOx,FULL_DEVICE_AWARE,67,16,5,9,IDEALIZED_SINGLE_PAIR_ANALOG,409600.0,96.17,96.14317926984121,False,False
TiOx_03,10.1016/j.spmi.2017.10.031,TiOx,FULL_DEVICE_AWARE,68,256,6,9,IDEALIZED_SINGLE_PAIR_ANALOG,5120.0,96.17,96.23491858080813,False,False
TiOx_03,10.1016/j.spmi.2017.10.031,TiOx,FULL_DEVICE_AWARE,69,128,8,8,IDEALIZED_SINGLE_PAIR_ANALOG,4096.0,96.17,96.20472211904762,False,False
TiOx_03,10.1016/j.spmi.2017.10.031,TiOx,FULL_DEVICE_AWARE,70,64,5,9,IDEALIZED_SINGLE_PAIR_ANALOG,28672.0,96.16,96.15389242063503,False,False
TiOx_03,10.1016/j.spmi.2017.10.031,TiOx,FULL_DEVICE_AWARE,71,16,4,7,IDEALIZED_SINGLE_PAIR_ANALOG,102400.0,96.16,96.0580429920634,False,False
TiOx_03,10.1016/j.spmi.2017.10.031,TiOx,FULL_DEVICE_AWARE,72,32,5,7,IDEALIZED_SINGLE_PAIR_ANALOG,26624.0,96.16,96.16232127777776,False,False
TiOx_03,10.1016/j.spmi.2017.10.031,TiOx,FULL_DEVICE_AWARE,73,128,5,10,IDEALIZED_SINGLE_PAIR_ANALOG,16384.0,96.15,96.14524561904764,False,False
TiOx_03,10.1016/j.spmi.2017.10.031,TiOx,FULL_DEVICE_AWARE,74,256,7,7,IDEALIZED_SINGLE_PAIR_ANALOG,1280.0,96.15,96.15427655555563,False,False
TiOx_03,10.1016/j.spmi.2017.10.031,TiOx,FULL_DEVICE_AWARE,75,64,5,6,IDEALIZED_SINGLE_PAIR_ANALOG,3584.0,96.15,96.07709957142882,False,False
TiOx_03,10.1016/j.spmi.2017.10.031,TiOx,FULL_DEVICE_AWARE,76,64,6,6,IDEALIZED_SINGLE_PAIR_ANALOG,3584.0,96.14,96.08177396825418,False,False
TiOx_03,10.1016/j.spmi.2017.10.031,TiOx,FULL_DEVICE_AWARE,77,128,7,7,IDEALIZED_SINGLE_PAIR_ANALOG,2048.0,96.14,96.14270822222237,False,False
TiOx_03,10.1016/j.spmi.2017.10.031,TiOx,FULL_DEVICE_AWARE,78,16,7,6,IDEALIZED_SINGLE_PAIR_ANALOG,51200.0,96.14,96.19669176984117,False,False
TiOx_03,10.1016/j.spmi.2017.10.031,TiOx,FULL_DEVICE_AWARE,79,32,5,9,IDEALIZED_SINGLE_PAIR_ANALOG,106496.0,96.13,96.1395943650794,False,False
TiOx_03,10.1016/j.spmi.2017.10.031,TiOx,FULL_DEVICE_AWARE,80,256,5,10,IDEALIZED_SINGLE_PAIR_ANALOG,10240.0,96.13,96.14399700793633,False,False
TiOx_03,10.1016/j.spmi.2017.10.031,TiOx,FULL_DEVICE_AWARE,81,16,5,10,IDEALIZED_SINGLE_PAIR_ANALOG,819200.0,96.13,96.13981649206333,False,False
TiOx_03,10.1016/j.spmi.2017.10.031,TiOx,FULL_DEVICE_AWARE,82,16,8,5,IDEALIZED_SINGLE_PAIR_ANALOG,25600.0,96.13,95.96693442857148,False,False
TiOx_03,10.1016/j.spmi.2017.10.031,TiOx,FULL_DEVICE_AWARE,83,32,5,8,IDEALIZED_SINGLE_PAIR_ANALOG,53248.0,96.13,96.13953688888898,False,False
TiOx_03,10.1016/j.spmi.2017.10.031,TiOx,FULL_DEVICE_AWARE,84,256,8,7,IDEALIZED_SINGLE_PAIR_ANALOG,1280.0,96.12,96.15715957142865,False,False
TiOx_03,10.1016/j.spmi.2017.10.031,TiOx,FULL_DEVICE_AWARE,85,64,5,10,IDEALIZED_SINGLE_PAIR_ANALOG,57344.0,96.12,96.15466749206351,False,False
TiOx_03,10.1016/j.spmi.2017.10.031,TiOx,FULL_DEVICE_AWARE,86,64,4,9,IDEALIZED_SINGLE_PAIR_ANALOG,28672.0,96.12,96.05799776190483,False,False
TiOx_03,10.1016/j.spmi.2017.10.031,TiOx,FULL_DEVICE_AWARE,87,16,5,8,IDEALIZED_SINGLE_PAIR_ANALOG,204800.0,96.12,96.13792215079361,False,False
TiOx_03,10.1016/j.spmi.2017.10.031,TiOx,FULL_DEVICE_AWARE,88,16,6,5,IDEALIZED_SINGLE_PAIR_ANALOG,25600.0,96.12,95.98565899206348,False,False
TiOx_03,10.1016/j.spmi.2017.10.031,TiOx,FULL_DEVICE_AWARE,89,16,5,6,IDEALIZED_SINGLE_PAIR_ANALOG,51200.0,96.12,96.13899584920641,False,False
TiOx_03,10.1016/j.spmi.2017.10.031,TiOx,FULL_DEVICE_AWARE,90,32,5,10,IDEALIZED_SINGLE_PAIR_ANALOG,212992.0,96.12,96.14209668253962,False,False
TiOx_03,10.1016/j.spmi.2017.10.031,TiOx,FULL_DEVICE_AWARE,91,128,5,8,IDEALIZED_SINGLE_PAIR_ANALOG,4096.0,96.12,96.15929457936502,False,False
TiOx_03,10.1016/j.spmi.2017.10.031,TiOx,FULL_DEVICE_AWARE,92,64,7,6,IDEALIZED_SINGLE_PAIR_ANALOG,3584.0,96.11,96.06288120634937,False,False
TiOx_03,10.1016/j.spmi.2017.10.031,TiOx,FULL_DEVICE_AWARE,93,64,4,7,IDEALIZED_SINGLE_PAIR_ANALOG,7168.0,96.09,96.06715150577212,False,False
TiOx_03,10.1016/j.spmi.2017.10.031,TiOx,FULL_DEVICE_AWARE,94,256,5,7,IDEALIZED_SINGLE_PAIR_ANALOG,1280.0,96.09,96.12335459523828,False,False
TiOx_03,10.1016/j.spmi.2017.10.031,TiOx,FULL_DEVICE_AWARE,95,32,7,5,IDEALIZED_SINGLE_PAIR_ANALOG,6656.0,96.09,95.79727617460327,False,False
TiOx_03,10.1016/j.spmi.2017.10.031,TiOx,FULL_DEVICE_AWARE,96,16,4,9,IDEALIZED_SINGLE_PAIR_ANALOG,409600.0,96.09,96.0556163174603,False,False
TiOx_03,10.1016/j.spmi.2017.10.031,TiOx,FULL_DEVICE_AWARE,97,64,8,6,IDEALIZED_SINGLE_PAIR_ANALOG,3584.0,96.09,96.05942842857158,False,False
TiOx_03,10.1016/j.spmi.2017.10.031,TiOx,FULL_DEVICE_AWARE,98,32,4,9,IDEALIZED_SINGLE_PAIR_ANALOG,106496.0,96.08,96.05081842857155,False,False
TiOx_03,10.1016/j.spmi.2017.10.031,TiOx,FULL_DEVICE_AWARE,99,256,4,10,IDEALIZED_SINGLE_PAIR_ANALOG,10240.0,96.08,96.0647788290044,False,False
TiOx_03,10.1016/j.spmi.2017.10.031,TiOx,FULL_DEVICE_AWARE,100,256,5,8,IDEALIZED_SINGLE_PAIR_ANALOG,2560.0,96.08,96.14250297619049,False,False
TiOx_03,10.1016/j.spmi.2017.10.031,TiOx,FULL_DEVICE_AWARE,101,64,4,10,IDEALIZED_SINGLE_PAIR_ANALOG,57344.0,96.07,96.06086473809528,False,False
TiOx_03,10.1016/j.spmi.2017.10.031,TiOx,FULL_DEVICE_AWARE,102,128,4,10,IDEALIZED_SINGLE_PAIR_ANALOG,16384.0,96.07,96.06342547979803,False,False
TiOx_03,10.1016/j.spmi.2017.10.031,TiOx,FULL_DEVICE_AWARE,103,16,4,10,IDEALIZED_SINGLE_PAIR_ANALOG,819200.0,96.07,96.06008789466067,False,False
TiOx_03,10.1016/j.spmi.2017.10.031,TiOx,FULL_DEVICE_AWARE,104,32,4,7,IDEALIZED_SINGLE_PAIR_ANALOG,26624.0,96.06,96.06384040476178,False,False
TiOx_03,10.1016/j.spmi.2017.10.031,TiOx,FULL_DEVICE_AWARE,105,64,4,8,IDEALIZED_SINGLE_PAIR_ANALOG,14336.0,96.05,96.06903963492066,False,False
TiOx_03,10.1016/j.spmi.2017.10.031,TiOx,FULL_DEVICE_AWARE,106,32,5,6,IDEALIZED_SINGLE_PAIR_ANALOG,13312.0,96.05,96.13948784126985,False,False
TiOx_03,10.1016/j.spmi.2017.10.031,TiOx,FULL_DEVICE_AWARE,107,32,4,8,IDEALIZED_SINGLE_PAIR_ANALOG,53248.0,96.05,96.06631061111125,False,False
TiOx_03,10.1016/j.spmi.2017.10.031,TiOx,FULL_DEVICE_AWARE,108,16,4,6,IDEALIZED_SINGLE_PAIR_ANALOG,51200.0,96.04,96.0414268809524,False,False
TiOx_03,10.1016/j.spmi.2017.10.031,TiOx,FULL_DEVICE_AWARE,109,32,4,10,IDEALIZED_SINGLE_PAIR_ANALOG,212992.0,96.04,96.057340005772,False,False
TiOx_03,10.1016/j.spmi.2017.10.031,TiOx,FULL_DEVICE_AWARE,110,16,4,8,IDEALIZED_SINGLE_PAIR_ANALOG,204800.0,96.04,96.06618995238095,False,False
TiOx_03,10.1016/j.spmi.2017.10.031,TiOx,FULL_DEVICE_AWARE,111,256,4,9,IDEALIZED_SINGLE_PAIR_ANALOG,5120.0,96.03,96.06335429725824,False,False
TiOx_03,10.1016/j.spmi.2017.10.031,TiOx,FULL_DEVICE_AWARE,112,256,4,8,IDEALIZED_SINGLE_PAIR_ANALOG,2560.0,96.03,96.09278750360743,False,False
TiOx_03,10.1016/j.spmi.2017.10.031,TiOx,FULL_DEVICE_AWARE,113,128,4,7,IDEALIZED_SINGLE_PAIR_ANALOG,2048.0,96.03,96.03183595021645,False,False
TiOx_03,10.1016/j.spmi.2017.10.031,TiOx,FULL_DEVICE_AWARE,114,128,4,9,IDEALIZED_SINGLE_PAIR_ANALOG,8192.0,96.03,96.06699696392494,False,False
TiOx_03,10.1016/j.spmi.2017.10.031,TiOx,FULL_DEVICE_AWARE,115,128,5,6,IDEALIZED_SINGLE_PAIR_ANALOG,1024.0,96.02,95.66028113492062,True,False
TiOx_03,10.1016/j.spmi.2017.10.031,TiOx,FULL_DEVICE_AWARE,116,16,5,5,IDEALIZED_SINGLE_PAIR_ANALOG,25600.0,96.01,95.9355351046176,False,False
TiOx_03,10.1016/j.spmi.2017.10.031,TiOx,FULL_DEVICE_AWARE,117,32,4,6,IDEALIZED_SINGLE_PAIR_ANALOG,13312.0,96.0,96.00518444444448,False,False
TiOx_03,10.1016/j.spmi.2017.10.031,TiOx,FULL_DEVICE_AWARE,118,256,4,7,IDEALIZED_SINGLE_PAIR_ANALOG,1280.0,96.0,96.02020733910537,False,False
TiOx_03,10.1016/j.spmi.2017.10.031,TiOx,FULL_DEVICE_AWARE,119,256,7,6,IDEALIZED_SINGLE_PAIR_ANALOG,640.0,95.99,95.76023490476186,True,False
TiOx_03,10.1016/j.spmi.2017.10.031,TiOx,FULL_DEVICE_AWARE,120,128,4,8,IDEALIZED_SINGLE_PAIR_ANALOG,4096.0,95.98,96.08630947979795,False,False
TiOx_03,10.1016/j.spmi.2017.10.031,TiOx,FULL_DEVICE_AWARE,121,256,8,6,IDEALIZED_SINGLE_PAIR_ANALOG,640.0,95.97,95.77206438095244,False,True
TiOx_03,10.1016/j.spmi.2017.10.031,TiOx,FULL_DEVICE_AWARE,122,64,4,6,IDEALIZED_SINGLE_PAIR_ANALOG,3584.0,95.96,95.96999267460318,False,False
TiOx_03,10.1016/j.spmi.2017.10.031,TiOx,FULL_DEVICE_AWARE,123,32,6,5,IDEALIZED_SINGLE_PAIR_ANALOG,6656.0,95.95,95.7915337539683,False,False
TiOx_03,10.1016/j.spmi.2017.10.031,TiOx,FULL_DEVICE_AWARE,124,32,8,5,IDEALIZED_SINGLE_PAIR_ANALOG,6656.0,95.93,95.81320869841277,False,False
TiOx_03,10.1016/j.spmi.2017.10.031,TiOx,FULL_DEVICE_AWARE,125,256,6,6,IDEALIZED_SINGLE_PAIR_ANALOG,640.0,95.92,95.74961363492058,False,False
TiOx_03,10.1016/j.spmi.2017.10.031,TiOx,FULL_DEVICE_AWARE,126,128,7,6,IDEALIZED_SINGLE_PAIR_ANALOG,1024.0,95.9,95.7213886984126,False,False
TiOx_03,10.1016/j.spmi.2017.10.031,TiOx,FULL_DEVICE_AWARE,127,16,4,5,IDEALIZED_SINGLE_PAIR_ANALOG,25600.0,95.89,95.87720524603166,False,False
TiOx_03,10.1016/j.spmi.2017.10.031,TiOx,FULL_DEVICE_AWARE,128,128,8,6,IDEALIZED_SINGLE_PAIR_ANALOG,1024.0,95.89,95.73606984126984,False,False
TiOx_03,10.1016/j.spmi.2017.10.031,TiOx,FULL_DEVICE_AWARE,129,32,5,5,IDEALIZED_SINGLE_PAIR_ANALOG,6656.0,95.89,95.74330811616166,False,False
TiOx_03,10.1016/j.spmi.2017.10.031,TiOx,FULL_DEVICE_AWARE,130,256,5,6,IDEALIZED_SINGLE_PAIR_ANALOG,640.0,95.88,95.67388792857135,False,False
TiOx_03,10.1016/j.spmi.2017.10.031,TiOx,FULL_DEVICE_AWARE,131,128,6,6,IDEALIZED_SINGLE_PAIR_ANALOG,1024.0,95.88,95.71910564285703,False,False
TiOx_03,10.1016/j.spmi.2017.10.031,TiOx,FULL_DEVICE_AWARE,132,128,4,6,IDEALIZED_SINGLE_PAIR_ANALOG,1024.0,95.8,95.6656518571428,False,False
TiOx_03,10.1016/j.spmi.2017.10.031,TiOx,FULL_DEVICE_AWARE,133,256,4,6,IDEALIZED_SINGLE_PAIR_ANALOG,640.0,95.76,95.67497040476177,False,False
TiOx_03,10.1016/j.spmi.2017.10.031,TiOx,FULL_DEVICE_AWARE,134,32,4,5,IDEALIZED_SINGLE_PAIR_ANALOG,6656.0,95.7,95.68084567965383,False,False
TiOx_03,10.1016/j.spmi.2017.10.031,TiOx,FULL_DEVICE_AWARE,135,64,7,5,IDEALIZED_SINGLE_PAIR_ANALOG,1792.0,95.67,95.2617013852813,False,False
TiOx_03,10.1016/j.spmi.2017.10.031,TiOx,FULL_DEVICE_AWARE,136,64,6,5,IDEALIZED_SINGLE_PAIR_ANALOG,1792.0,95.57,95.22605466666658,False,False
TiOx_03,10.1016/j.spmi.2017.10.031,TiOx,FULL_DEVICE_AWARE,137,16,7,4,IDEALIZED_SINGLE_PAIR_ANALOG,12800.0,95.54,94.85158174603167,False,False
TiOx_03,10.1016/j.spmi.2017.10.031,TiOx,FULL_DEVICE_AWARE,138,16,6,4,IDEALIZED_SINGLE_PAIR_ANALOG,12800.0,95.52,94.82191641269834,False,False
TiOx_03,10.1016/j.spmi.2017.10.031,TiOx,FULL_DEVICE_AWARE,139,64,8,5,IDEALIZED_SINGLE_PAIR_ANALOG,1792.0,95.49,95.26421374242418,False,False
TiOx_03,10.1016/j.spmi.2017.10.031,TiOx,FULL_DEVICE_AWARE,140,64,5,5,IDEALIZED_SINGLE_PAIR_ANALOG,1792.0,95.48,95.18794588095228,False,False
TiOx_03,10.1016/j.spmi.2017.10.031,TiOx,FULL_DEVICE_AWARE,141,16,8,4,IDEALIZED_SINGLE_PAIR_ANALOG,12800.0,95.47,94.85295491269834,False,False
TiOx_03,10.1016/j.spmi.2017.10.031,TiOx,FULL_DEVICE_AWARE,142,16,5,4,IDEALIZED_SINGLE_PAIR_ANALOG,12800.0,95.47,94.78154311904753,False,False
TiOx_03,10.1016/j.spmi.2017.10.031,TiOx,FULL_DEVICE_AWARE,143,64,4,5,IDEALIZED_SINGLE_PAIR_ANALOG,1792.0,95.42,95.17216802380948,False,False
TiOx_03,10.1016/j.spmi.2017.10.031,TiOx,FULL_DEVICE_AWARE,144,16,4,4,IDEALIZED_SINGLE_PAIR_ANALOG,12800.0,95.3,94.77658073809513,False,False
TiOx_03,10.1016/j.spmi.2017.10.031,TiOx,FULL_DEVICE_AWARE,145,128,8,5,IDEALIZED_SINGLE_PAIR_ANALOG,512.0,94.63,93.49444526190481,True,False
TiOx_03,10.1016/j.spmi.2017.10.031,TiOx,FULL_DEVICE_AWARE,146,128,6,5,IDEALIZED_SINGLE_PAIR_ANALOG,512.0,94.5,93.49463134126994,False,False
TiOx_03,10.1016/j.spmi.2017.10.031,TiOx,FULL_DEVICE_AWARE,147,128,5,5,IDEALIZED_SINGLE_PAIR_ANALOG,512.0,94.45,93.33462392063508,False,False
TiOx_03,10.1016/j.spmi.2017.10.031,TiOx,FULL_DEVICE_AWARE,148,128,7,5,IDEALIZED_SINGLE_PAIR_ANALOG,512.0,94.42,93.49961366666673,False,True
TiOx_03,10.1016/j.spmi.2017.10.031,TiOx,FULL_DEVICE_AWARE,149,32,7,4,IDEALIZED_SINGLE_PAIR_ANALOG,3328.0,94.36,94.05056421428559,False,False
TiOx_03,10.1016/j.spmi.2017.10.031,TiOx,FULL_DEVICE_AWARE,150,32,8,4,IDEALIZED_SINGLE_PAIR_ANALOG,3328.0,94.31,94.04978688095225,False,False
TiOx_03,10.1016/j.spmi.2017.10.031,TiOx,FULL_DEVICE_AWARE,151,256,6,5,IDEALIZED_SINGLE_PAIR_ANALOG,320.0,94.23,93.23321138888888,True,False
TiOx_03,10.1016/j.spmi.2017.10.031,TiOx,FULL_DEVICE_AWARE,152,32,6,4,IDEALIZED_SINGLE_PAIR_ANALOG,3328.0,94.21,94.02110861904754,False,False
TiOx_03,10.1016/j.spmi.2017.10.031,TiOx,FULL_DEVICE_AWARE,153,256,7,5,IDEALIZED_SINGLE_PAIR_ANALOG,320.0,94.17,93.2441651031745,False,False
TiOx_03,10.1016/j.spmi.2017.10.031,TiOx,FULL_DEVICE_AWARE,154,128,4,5,IDEALIZED_SINGLE_PAIR_ANALOG,512.0,94.16,93.32721175396837,False,False
TiOx_03,10.1016/j.spmi.2017.10.031,TiOx,FULL_DEVICE_AWARE,155,256,8,5,IDEALIZED_SINGLE_PAIR_ANALOG,320.0,94.08,93.24974346031736,False,True
TiOx_03,10.1016/j.spmi.2017.10.031,TiOx,FULL_DEVICE_AWARE,156,32,4,4,IDEALIZED_SINGLE_PAIR_ANALOG,3328.0,94.07,93.96012317460315,False,False
TiOx_03,10.1016/j.spmi.2017.10.031,TiOx,FULL_DEVICE_AWARE,157,256,5,5,IDEALIZED_SINGLE_PAIR_ANALOG,320.0,94.01,93.10115356204928,False,False
TiOx_03,10.1016/j.spmi.2017.10.031,TiOx,FULL_DEVICE_AWARE,158,256,4,5,IDEALIZED_SINGLE_PAIR_ANALOG,320.0,93.99,93.11284118109681,False,False
TiOx_03,10.1016/j.spmi.2017.10.031,TiOx,FULL_DEVICE_AWARE,159,32,5,4,IDEALIZED_SINGLE_PAIR_ANALOG,3328.0,93.95,93.95504317460315,False,False
TiOx_03,10.1016/j.spmi.2017.10.031,TiOx,FULL_DEVICE_AWARE,160,64,3,8,IDEALIZED_SINGLE_PAIR_ANALOG,14336.0,92.28,92.2072419444444,False,False
TiOx_03,10.1016/j.spmi.2017.10.031,TiOx,FULL_DEVICE_AWARE,161,256,3,8,IDEALIZED_SINGLE_PAIR_ANALOG,2560.0,92.28,92.25555571428563,False,False
TiOx_03,10.1016/j.spmi.2017.10.031,TiOx,FULL_DEVICE_AWARE,162,16,3,9,IDEALIZED_SINGLE_PAIR_ANALOG,409600.0,92.27,92.21668844444434,False,False
TiOx_03,10.1016/j.spmi.2017.10.031,TiOx,FULL_DEVICE_AWARE,163,128,3,8,IDEALIZED_SINGLE_PAIR_ANALOG,4096.0,92.27,92.25312361111105,False,False
TiOx_03,10.1016/j.spmi.2017.10.031,TiOx,FULL_DEVICE_AWARE,164,16,3,10,IDEALIZED_SINGLE_PAIR_ANALOG,819200.0,92.26,92.22374552380954,False,False
TiOx_03,10.1016/j.spmi.2017.10.031,TiOx,FULL_DEVICE_AWARE,165,128,3,9,IDEALIZED_SINGLE_PAIR_ANALOG,8192.0,92.26,92.22923950793648,False,False
TiOx_03,10.1016/j.spmi.2017.10.031,TiOx,FULL_DEVICE_AWARE,166,32,3,10,IDEALIZED_SINGLE_PAIR_ANALOG,212992.0,92.25,92.2312600476191,False,False
TiOx_03,10.1016/j.spmi.2017.10.031,TiOx,FULL_DEVICE_AWARE,167,16,3,7,IDEALIZED_SINGLE_PAIR_ANALOG,102400.0,92.24,92.21833560317455,False,False
TiOx_03,10.1016/j.spmi.2017.10.031,TiOx,FULL_DEVICE_AWARE,168,256,3,9,IDEALIZED_SINGLE_PAIR_ANALOG,5120.0,92.24,92.22440069047619,False,False
TiOx_03,10.1016/j.spmi.2017.10.031,TiOx,FULL_DEVICE_AWARE,169,16,3,8,IDEALIZED_SINGLE_PAIR_ANALOG,204800.0,92.24,92.21564932683988,False,False
TiOx_03,10.1016/j.spmi.2017.10.031,TiOx,FULL_DEVICE_AWARE,170,256,3,10,IDEALIZED_SINGLE_PAIR_ANALOG,10240.0,92.22,92.23232874603181,False,False
TiOx_03,10.1016/j.spmi.2017.10.031,TiOx,FULL_DEVICE_AWARE,171,128,3,10,IDEALIZED_SINGLE_PAIR_ANALOG,16384.0,92.21,92.2265809444445,False,False
TiOx_03,10.1016/j.spmi.2017.10.031,TiOx,FULL_DEVICE_AWARE,172,32,3,9,IDEALIZED_SINGLE_PAIR_ANALOG,106496.0,92.2,92.23335701587293,False,False
TiOx_03,10.1016/j.spmi.2017.10.031,TiOx,FULL_DEVICE_AWARE,173,64,3,9,IDEALIZED_SINGLE_PAIR_ANALOG,28672.0,92.2,92.2293895,False,False
TiOx_03,10.1016/j.spmi.2017.10.031,TiOx,FULL_DEVICE_AWARE,174,32,3,8,IDEALIZED_SINGLE_PAIR_ANALOG,53248.0,92.19,92.22931085858585,False,False
TiOx_03,10.1016/j.spmi.2017.10.031,TiOx,FULL_DEVICE_AWARE,175,32,3,7,IDEALIZED_SINGLE_PAIR_ANALOG,26624.0,92.18,92.22960560317459,False,False
TiOx_03,10.1016/j.spmi.2017.10.031,TiOx,FULL_DEVICE_AWARE,176,64,3,10,IDEALIZED_SINGLE_PAIR_ANALOG,57344.0,92.17,92.22709438095245,False,False
TiOx_03,10.1016/j.spmi.2017.10.031,TiOx,FULL_DEVICE_AWARE,177,16,3,6,IDEALIZED_SINGLE_PAIR_ANALOG,51200.0,92.13,91.90964796825403,False,False
TiOx_03,10.1016/j.spmi.2017.10.031,TiOx,FULL_DEVICE_AWARE,178,32,3,6,IDEALIZED_SINGLE_PAIR_ANALOG,13312.0,92.12,91.85718068253978,False,False
TiOx_03,10.1016/j.spmi.2017.10.031,TiOx,FULL_DEVICE_AWARE,179,64,3,6,IDEALIZED_SINGLE_PAIR_ANALOG,3584.0,92.1,91.7318893015874,False,False
TiOx_03,10.1016/j.spmi.2017.10.031,TiOx,FULL_DEVICE_AWARE,180,256,3,7,IDEALIZED_SINGLE_PAIR_ANALOG,1280.0,92.01,92.14266142063488,False,False
TiOx_03,10.1016/j.spmi.2017.10.031,TiOx,FULL_DEVICE_AWARE,181,64,3,7,IDEALIZED_SINGLE_PAIR_ANALOG,7168.0,91.99,92.1600005,False,False
TiOx_03,10.1016/j.spmi.2017.10.031,TiOx,FULL_DEVICE_AWARE,182,128,3,7,IDEALIZED_SINGLE_PAIR_ANALOG,2048.0,91.99,92.14684223015858,False,False
TiOx_03,10.1016/j.spmi.2017.10.031,TiOx,FULL_DEVICE_AWARE,183,16,3,5,IDEALIZED_SINGLE_PAIR_ANALOG,25600.0,91.77,91.55791187950935,False,False
TiOx_03,10.1016/j.spmi.2017.10.031,TiOx,FULL_DEVICE_AWARE,184,128,3,6,IDEALIZED_SINGLE_PAIR_ANALOG,1024.0,91.75,91.62281670634925,False,False
TiOx_03,10.1016/j.spmi.2017.10.031,TiOx,FULL_DEVICE_AWARE,185,256,3,6,IDEALIZED_SINGLE_PAIR_ANALOG,640.0,91.7,91.55412289682539,False,False
TiOx_03,10.1016/j.spmi.2017.10.031,TiOx,FULL_DEVICE_AWARE,186,32,3,5,IDEALIZED_SINGLE_PAIR_ANALOG,6656.0,91.49,91.30645437950938,False,False
TiOx_03,10.1016/j.spmi.2017.10.031,TiOx,FULL_DEVICE_AWARE,187,64,3,5,IDEALIZED_SINGLE_PAIR_ANALOG,1792.0,91.16,90.89320385714282,False,False
TiOx_03,10.1016/j.spmi.2017.10.031,TiOx,FULL_DEVICE_AWARE,188,64,4,4,IDEALIZED_SINGLE_PAIR_ANALOG,896.0,90.55,89.35277507142857,False,False
TiOx_03,10.1016/j.spmi.2017.10.031,TiOx,FULL_DEVICE_AWARE,189,16,3,4,IDEALIZED_SINGLE_PAIR_ANALOG,12800.0,90.55,90.3031052619048,False,False
TiOx_03,10.1016/j.spmi.2017.10.031,TiOx,FULL_DEVICE_AWARE,190,64,6,4,IDEALIZED_SINGLE_PAIR_ANALOG,896.0,90.17,89.42275182034629,False,False
TiOx_03,10.1016/j.spmi.2017.10.031,TiOx,FULL_DEVICE_AWARE,191,128,3,5,IDEALIZED_SINGLE_PAIR_ANALOG,512.0,90.17,90.0101708095237,False,False
TiOx_03,10.1016/j.spmi.2017.10.031,TiOx,FULL_DEVICE_AWARE,192,64,7,4,IDEALIZED_SINGLE_PAIR_ANALOG,896.0,90.03,89.39621466161609,False,False
TiOx_03,10.1016/j.spmi.2017.10.031,TiOx,FULL_DEVICE_AWARE,193,64,8,4,IDEALIZED_SINGLE_PAIR_ANALOG,896.0,89.9,89.39090466161609,False,False
TiOx_03,10.1016/j.spmi.2017.10.031,TiOx,FULL_DEVICE_AWARE,194,64,5,4,IDEALIZED_SINGLE_PAIR_ANALOG,896.0,89.77,89.37120649999999,False,False
TiOx_03,10.1016/j.spmi.2017.10.031,TiOx,FULL_DEVICE_AWARE,195,32,3,4,IDEALIZED_SINGLE_PAIR_ANALOG,3328.0,89.62,89.52865500000016,False,False
TiOx_03,10.1016/j.spmi.2017.10.031,TiOx,FULL_DEVICE_AWARE,196,256,3,5,IDEALIZED_SINGLE_PAIR_ANALOG,320.0,89.45,89.72129510317448,False,False
TiOx_03,10.1016/j.spmi.2017.10.031,TiOx,FULL_DEVICE_AWARE,197,64,3,4,IDEALIZED_SINGLE_PAIR_ANALOG,896.0,86.46,86.615379,False,False
TiOx_03,10.1016/j.spmi.2017.10.031,TiOx,FULL_DEVICE_AWARE,198,256,4,4,IDEALIZED_SINGLE_PAIR_ANALOG,160.0,77.68,76.13829766666665,True,True
TiOx_03,10.1016/j.spmi.2017.10.031,TiOx,FULL_DEVICE_AWARE,199,128,4,4,IDEALIZED_SINGLE_PAIR_ANALOG,256.0,77.41,76.54870004761892,False,True
TiOx_03,10.1016/j.spmi.2017.10.031,TiOx,FULL_DEVICE_AWARE,200,128,3,4,IDEALIZED_SINGLE_PAIR_ANALOG,256.0,76.2,76.27058519841255,False,False
TiOx_03,10.1016/j.spmi.2017.10.031,TiOx,FULL_DEVICE_AWARE,201,128,6,4,IDEALIZED_SINGLE_PAIR_ANALOG,256.0,75.65,75.7338558412697,False,False
TiOx_03,10.1016/j.spmi.2017.10.031,TiOx,FULL_DEVICE_AWARE,202,256,6,4,IDEALIZED_SINGLE_PAIR_ANALOG,160.0,75.58,75.63075396031739,False,False
TiOx_03,10.1016/j.spmi.2017.10.031,TiOx,FULL_DEVICE_AWARE,203,256,7,4,IDEALIZED_SINGLE_PAIR_ANALOG,160.0,75.36,75.62988957936503,False,False
TiOx_03,10.1016/j.spmi.2017.10.031,TiOx,FULL_DEVICE_AWARE,204,128,8,4,IDEALIZED_SINGLE_PAIR_ANALOG,256.0,75.28,75.7445994761904,False,False
TiOx_03,10.1016/j.spmi.2017.10.031,TiOx,FULL_DEVICE_AWARE,205,256,8,4,IDEALIZED_SINGLE_PAIR_ANALOG,160.0,75.23,75.67640357142855,False,False
TiOx_03,10.1016/j.spmi.2017.10.031,TiOx,FULL_DEVICE_AWARE,206,128,7,4,IDEALIZED_SINGLE_PAIR_ANALOG,256.0,74.92,75.70998665079355,False,False
TiOx_03,10.1016/j.spmi.2017.10.031,TiOx,FULL_DEVICE_AWARE,207,256,5,4,IDEALIZED_SINGLE_PAIR_ANALOG,160.0,74.77,75.64160669841262,False,False
TiOx_03,10.1016/j.spmi.2017.10.031,TiOx,FULL_DEVICE_AWARE,208,128,5,4,IDEALIZED_SINGLE_PAIR_ANALOG,256.0,74.52,75.79256512698394,False,False
TiOx_03,10.1016/j.spmi.2017.10.031,TiOx,FULL_DEVICE_AWARE,209,256,3,4,IDEALIZED_SINGLE_PAIR_ANALOG,160.0,73.41,74.7472050873015,False,False
TiOx_03,10.1016/j.spmi.2017.10.031,TiOx,FULL_DEVICE_AWARE,210,64,2,4,IDEALIZED_SINGLE_PAIR_ANALOG,896.0,12.52,11.882961507936512,False,False
TiOx_03,10.1016/j.spmi.2017.10.031,TiOx,FULL_DEVICE_AWARE,211,64,2,5,IDEALIZED_SINGLE_PAIR_ANALOG,1792.0,12.05,11.650083293650795,False,False
TiOx_03,10.1016/j.spmi.2017.10.031,TiOx,FULL_DEVICE_AWARE,212,16,2,4,IDEALIZED_SINGLE_PAIR_ANALOG,12800.0,12.04,11.806337440836938,False,False
TiOx_03,10.1016/j.spmi.2017.10.031,TiOx,FULL_DEVICE_AWARE,213,128,2,5,IDEALIZED_SINGLE_PAIR_ANALOG,512.0,11.98,11.866627023809523,False,False
TiOx_03,10.1016/j.spmi.2017.10.031,TiOx,FULL_DEVICE_AWARE,214,256,2,5,IDEALIZED_SINGLE_PAIR_ANALOG,320.0,11.93,11.754038268398247,False,False
TiOx_03,10.1016/j.spmi.2017.10.031,TiOx,FULL_DEVICE_AWARE,215,128,2,4,IDEALIZED_SINGLE_PAIR_ANALOG,256.0,11.86,11.259861198412707,False,False
TiOx_03,10.1016/j.spmi.2017.10.031,TiOx,FULL_DEVICE_AWARE,216,32,2,5,IDEALIZED_SINGLE_PAIR_ANALOG,6656.0,11.72,11.689918214285715,False,False
TiOx_03,10.1016/j.spmi.2017.10.031,TiOx,FULL_DEVICE_AWARE,217,16,2,5,IDEALIZED_SINGLE_PAIR_ANALOG,25600.0,11.58,11.639432976190477,False,False
TiOx_03,10.1016/j.spmi.2017.10.031,TiOx,FULL_DEVICE_AWARE,218,32,2,4,IDEALIZED_SINGLE_PAIR_ANALOG,3328.0,11.55,11.795379036075024,False,False
TiOx_03,10.1016/j.spmi.2017.10.031,TiOx,FULL_DEVICE_AWARE,219,256,2,8,IDEALIZED_SINGLE_PAIR_ANALOG,2560.0,11.51,11.41473538095238,False,False
TiOx_03,10.1016/j.spmi.2017.10.031,TiOx,FULL_DEVICE_AWARE,220,32,2,9,IDEALIZED_SINGLE_PAIR_ANALOG,106496.0,11.49,11.297925500000007,False,False
TiOx_03,10.1016/j.spmi.2017.10.031,TiOx,FULL_DEVICE_AWARE,221,16,2,10,IDEALIZED_SINGLE_PAIR_ANALOG,819200.0,11.49,11.437679380952387,False,False
TiOx_03,10.1016/j.spmi.2017.10.031,TiOx,FULL_DEVICE_AWARE,222,128,2,8,IDEALIZED_SINGLE_PAIR_ANALOG,4096.0,11.47,11.40701278571428,False,False
TiOx_03,10.1016/j.spmi.2017.10.031,TiOx,FULL_DEVICE_AWARE,223,16,2,9,IDEALIZED_SINGLE_PAIR_ANALOG,409600.0,11.46,11.349968515873023,False,False
TiOx_03,10.1016/j.spmi.2017.10.031,TiOx,FULL_DEVICE_AWARE,224,16,2,8,IDEALIZED_SINGLE_PAIR_ANALOG,204800.0,11.46,11.38014830952381,False,False
TiOx_03,10.1016/j.spmi.2017.10.031,TiOx,FULL_DEVICE_AWARE,225,128,2,7,IDEALIZED_SINGLE_PAIR_ANALOG,2048.0,11.46,11.45335319047618,False,False
TiOx_03,10.1016/j.spmi.2017.10.031,TiOx,FULL_DEVICE_AWARE,226,64,2,9,IDEALIZED_SINGLE_PAIR_ANALOG,28672.0,11.42,11.281321396825403,False,False
TiOx_03,10.1016/j.spmi.2017.10.031,TiOx,FULL_DEVICE_AWARE,227,128,2,9,IDEALIZED_SINGLE_PAIR_ANALOG,8192.0,11.41,11.332665809523801,False,False
TiOx_03,10.1016/j.spmi.2017.10.031,TiOx,FULL_DEVICE_AWARE,228,32,2,8,IDEALIZED_SINGLE_PAIR_ANALOG,53248.0,11.4,11.328573801587302,False,False
TiOx_03,10.1016/j.spmi.2017.10.031,TiOx,FULL_DEVICE_AWARE,229,32,2,6,IDEALIZED_SINGLE_PAIR_ANALOG,13312.0,11.38,11.232945269841263,False,False
TiOx_03,10.1016/j.spmi.2017.10.031,TiOx,FULL_DEVICE_AWARE,230,256,2,9,IDEALIZED_SINGLE_PAIR_ANALOG,5120.0,11.38,11.338027666666662,False,False
TiOx_03,10.1016/j.spmi.2017.10.031,TiOx,FULL_DEVICE_AWARE,231,64,2,8,IDEALIZED_SINGLE_PAIR_ANALOG,14336.0,11.38,11.290558023809528,False,False
TiOx_03,10.1016/j.spmi.2017.10.031,TiOx,FULL_DEVICE_AWARE,232,32,2,10,IDEALIZED_SINGLE_PAIR_ANALOG,212992.0,11.28,11.3846799047619,False,False
TiOx_03,10.1016/j.spmi.2017.10.031,TiOx,FULL_DEVICE_AWARE,233,256,2,7,IDEALIZED_SINGLE_PAIR_ANALOG,1280.0,11.27,11.45680182106782,False,False
TiOx_03,10.1016/j.spmi.2017.10.031,TiOx,FULL_DEVICE_AWARE,234,16,2,6,IDEALIZED_SINGLE_PAIR_ANALOG,51200.0,11.26,11.283260031746016,False,False
TiOx_03,10.1016/j.spmi.2017.10.031,TiOx,FULL_DEVICE_AWARE,235,64,2,10,IDEALIZED_SINGLE_PAIR_ANALOG,57344.0,11.25,11.356857357142866,False,False
TiOx_03,10.1016/j.spmi.2017.10.031,TiOx,FULL_DEVICE_AWARE,236,32,2,7,IDEALIZED_SINGLE_PAIR_ANALOG,26624.0,11.23,11.324209095238093,False,False
TiOx_03,10.1016/j.spmi.2017.10.031,TiOx,FULL_DEVICE_AWARE,237,128,2,10,IDEALIZED_SINGLE_PAIR_ANALOG,16384.0,11.22,11.354205063492065,False,False
TiOx_03,10.1016/j.spmi.2017.10.031,TiOx,FULL_DEVICE_AWARE,238,256,2,10,IDEALIZED_SINGLE_PAIR_ANALOG,10240.0,11.18,11.352698666666674,False,False
TiOx_03,10.1016/j.spmi.2017.10.031,TiOx,FULL_DEVICE_AWARE,239,16,2,7,IDEALIZED_SINGLE_PAIR_ANALOG,102400.0,11.13,11.343294142857143,False,False
TiOx_03,10.1016/j.spmi.2017.10.031,TiOx,FULL_DEVICE_AWARE,240,256,2,4,IDEALIZED_SINGLE_PAIR_ANALOG,160.0,11.11,10.694865111111117,False,False
TiOx_03,10.1016/j.spmi.2017.10.031,TiOx,FULL_DEVICE_AWARE,241,64,2,6,IDEALIZED_SINGLE_PAIR_ANALOG,3584.0,11.07,11.204086698412691,False,False
TiOx_03,10.1016/j.spmi.2017.10.031,TiOx,FULL_DEVICE_AWARE,242,64,2,7,IDEALIZED_SINGLE_PAIR_ANALOG,7168.0,11.04,11.252370753968254,False,False
TiOx_03,10.1016/j.spmi.2017.10.031,TiOx,FULL_DEVICE_AWARE,243,128,2,6,IDEALIZED_SINGLE_PAIR_ANALOG,1024.0,11.03,11.254133079365081,False,False
TiOx_03,10.1016/j.spmi.2017.10.031,TiOx,FULL_DEVICE_AWARE,244,256,2,6,IDEALIZED_SINGLE_PAIR_ANALOG,640.0,10.89,11.284123460317469,False,False
TiOx_04,10.1007/s42835-019-00107-y,TiOx,HARDWARE_ONLY,0,16,6,8,IDEALIZED_SINGLE_PAIR_GRADUAL,204800.0,96.32,96.20859686745285,True,False
TiOx_04,10.1007/s42835-019-00107-y,TiOx,HARDWARE_ONLY,1,128,6,10,IDEALIZED_SINGLE_PAIR_GRADUAL,16384.0,96.31,96.23500854379392,True,True
TiOx_04,10.1007/s42835-019-00107-y,TiOx,HARDWARE_ONLY,2,64,6,9,IDEALIZED_SINGLE_PAIR_GRADUAL,28672.0,96.31,96.20057187803042,False,False
TiOx_04,10.1007/s42835-019-00107-y,TiOx,HARDWARE_ONLY,3,16,6,9,IDEALIZED_SINGLE_PAIR_GRADUAL,409600.0,96.29,96.22668356200008,False,False
TiOx_04,10.1007/s42835-019-00107-y,TiOx,HARDWARE_ONLY,4,32,7,6,IDEALIZED_SINGLE_PAIR_GRADUAL,13312.0,96.29,95.27330898414623,False,False
TiOx_04,10.1007/s42835-019-00107-y,TiOx,HARDWARE_ONLY,5,128,6,8,IDEALIZED_SINGLE_PAIR_GRADUAL,4096.0,96.29,95.88914067313077,True,True
TiOx_04,10.1007/s42835-019-00107-y,TiOx,HARDWARE_ONLY,6,256,6,10,IDEALIZED_SINGLE_PAIR_GRADUAL,10240.0,96.29,96.23364757075366,False,True
TiOx_04,10.1007/s42835-019-00107-y,TiOx,HARDWARE_ONLY,7,32,6,7,IDEALIZED_SINGLE_PAIR_GRADUAL,26624.0,96.28,95.92208289590475,False,False
TiOx_04,10.1007/s42835-019-00107-y,TiOx,HARDWARE_ONLY,8,64,6,10,IDEALIZED_SINGLE_PAIR_GRADUAL,57344.0,96.28,96.26843863284597,False,True
TiOx_04,10.1007/s42835-019-00107-y,TiOx,HARDWARE_ONLY,9,32,6,10,IDEALIZED_SINGLE_PAIR_GRADUAL,212992.0,96.28,96.26375440547322,False,False
TiOx_04,10.1007/s42835-019-00107-y,TiOx,HARDWARE_ONLY,10,32,8,10,IDEALIZED_SINGLE_PAIR_GRADUAL,212992.0,96.28,96.22785285883879,False,False
TiOx_04,10.1007/s42835-019-00107-y,TiOx,HARDWARE_ONLY,11,16,6,10,IDEALIZED_SINGLE_PAIR_GRADUAL,819200.0,96.27,96.27227529335212,False,True
TiOx_04,10.1007/s42835-019-00107-y,TiOx,HARDWARE_ONLY,12,16,6,7,IDEALIZED_SINGLE_PAIR_GRADUAL,102400.0,96.27,96.0393247865682,False,False
TiOx_04,10.1007/s42835-019-00107-y,TiOx,HARDWARE_ONLY,13,256,6,9,IDEALIZED_SINGLE_PAIR_GRADUAL,5120.0,96.27,96.1410438921294,False,True
TiOx_04,10.1007/s42835-019-00107-y,TiOx,HARDWARE_ONLY,14,64,7,9,IDEALIZED_SINGLE_PAIR_GRADUAL,28672.0,96.27,96.19459798539722,False,False
TiOx_04,10.1007/s42835-019-00107-y,TiOx,HARDWARE_ONLY,15,32,8,9,IDEALIZED_SINGLE_PAIR_GRADUAL,106496.0,96.27,96.22234283191858,False,False
TiOx_04,10.1007/s42835-019-00107-y,TiOx,HARDWARE_ONLY,16,128,6,7,IDEALIZED_SINGLE_PAIR_GRADUAL,2048.0,96.26,94.76564149191168,True,False
TiOx_04,10.1007/s42835-019-00107-y,TiOx,HARDWARE_ONLY,17,16,8,9,IDEALIZED_SINGLE_PAIR_GRADUAL,409600.0,96.26,96.21622838202323,False,False
TiOx_04,10.1007/s42835-019-00107-y,TiOx,HARDWARE_ONLY,18,16,8,10,IDEALIZED_SINGLE_PAIR_GRADUAL,819200.0,96.26,96.22426992802649,False,False
TiOx_04,10.1007/s42835-019-00107-y,TiOx,HARDWARE_ONLY,19,16,8,8,IDEALIZED_SINGLE_PAIR_GRADUAL,204800.0,96.25,96.16432115767245,False,False
TiOx_04,10.1007/s42835-019-00107-y,TiOx,HARDWARE_ONLY,20,128,7,9,IDEALIZED_SINGLE_PAIR_GRADUAL,8192.0,96.25,96.12802917188866,False,False
TiOx_04,10.1007/s42835-019-00107-y,TiOx,HARDWARE_ONLY,21,256,8,10,IDEALIZED_SINGLE_PAIR_GRADUAL,10240.0,96.25,96.21430467760347,False,False
TiOx_04,10.1007/s42835-019-00107-y,TiOx,HARDWARE_ONLY,22,256,6,8,IDEALIZED_SINGLE_PAIR_GRADUAL,2560.0,96.25,95.84937749080174,False,False
TiOx_04,10.1007/s42835-019-00107-y,TiOx,HARDWARE_ONLY,23,128,8,9,IDEALIZED_SINGLE_PAIR_GRADUAL,8192.0,96.25,96.1298898446668,False,False
TiOx_04,10.1007/s42835-019-00107-y,TiOx,HARDWARE_ONLY,24,128,6,9,IDEALIZED_SINGLE_PAIR_GRADUAL,8192.0,96.24,96.14946964556663,False,True
TiOx_04,10.1007/s42835-019-00107-y,TiOx,HARDWARE_ONLY,25,64,6,8,IDEALIZED_SINGLE_PAIR_GRADUAL,14336.0,96.24,96.04951173198859,False,False
TiOx_04,10.1007/s42835-019-00107-y,TiOx,HARDWARE_ONLY,26,64,7,7,IDEALIZED_SINGLE_PAIR_GRADUAL,7168.0,96.24,95.60712769130544,False,False
TiOx_04,10.1007/s42835-019-00107-y,TiOx,HARDWARE_ONLY,27,64,8,9,IDEALIZED_SINGLE_PAIR_GRADUAL,28672.0,96.24,96.18309245623645,False,False
TiOx_04,10.1007/s42835-019-00107-y,TiOx,HARDWARE_ONLY,28,32,6,9,IDEALIZED_SINGLE_PAIR_GRADUAL,106496.0,96.24,96.228206491659,False,False
TiOx_04,10.1007/s42835-019-00107-y,TiOx,HARDWARE_ONLY,29,256,7,9,IDEALIZED_SINGLE_PAIR_GRADUAL,5120.0,96.24,96.1253110944513,False,False
TiOx_04,10.1007/s42835-019-00107-y,TiOx,HARDWARE_ONLY,30,32,8,8,IDEALIZED_SINGLE_PAIR_GRADUAL,53248.0,96.23,96.12392262532066,False,False
TiOx_04,10.1007/s42835-019-00107-y,TiOx,HARDWARE_ONLY,31,16,6,5,IDEALIZED_SINGLE_PAIR_GRADUAL,25600.0,96.23,91.23772770129213,False,False
TiOx_04,10.1007/s42835-019-00107-y,TiOx,HARDWARE_ONLY,32,32,7,8,IDEALIZED_SINGLE_PAIR_GRADUAL,53248.0,96.23,96.1426363759128,False,False
TiOx_04,10.1007/s42835-019-00107-y,TiOx,HARDWARE_ONLY,33,256,7,8,IDEALIZED_SINGLE_PAIR_GRADUAL,2560.0,96.23,95.8536751620569,False,True
TiOx_04,10.1007/s42835-019-00107-y,TiOx,HARDWARE_ONLY,34,128,8,10,IDEALIZED_SINGLE_PAIR_GRADUAL,16384.0,96.23,96.19845160226872,False,False
TiOx_04,10.1007/s42835-019-00107-y,TiOx,HARDWARE_ONLY,35,64,8,10,IDEALIZED_SINGLE_PAIR_GRADUAL,57344.0,96.23,96.22146912476737,False,False
TiOx_04,10.1007/s42835-019-00107-y,TiOx,HARDWARE_ONLY,36,16,7,8,IDEALIZED_SINGLE_PAIR_GRADUAL,204800.0,96.23,96.18324600396664,False,False
TiOx_04,10.1007/s42835-019-00107-y,TiOx,HARDWARE_ONLY,37,16,8,5,IDEALIZED_SINGLE_PAIR_GRADUAL,25600.0,96.23,91.1182376238876,False,False
TiOx_04,10.1007/s42835-019-00107-y,TiOx,HARDWARE_ONLY,38,16,7,10,IDEALIZED_SINGLE_PAIR_GRADUAL,819200.0,96.23,96.19879363490499,False,False
TiOx_04,10.1007/s42835-019-00107-y,TiOx,HARDWARE_ONLY,39,256,6,7,IDEALIZED_SINGLE_PAIR_GRADUAL,1280.0,96.22,93.87305771856568,True,False
TiOx_04,10.1007/s42835-019-00107-y,TiOx,HARDWARE_ONLY,40,256,8,9,IDEALIZED_SINGLE_PAIR_GRADUAL,5120.0,96.22,96.12396182582768,False,False
TiOx_04,10.1007/s42835-019-00107-y,TiOx,HARDWARE_ONLY,41,32,7,10,IDEALIZED_SINGLE_PAIR_GRADUAL,212992.0,96.22,96.21805297247167,False,False
TiOx_04,10.1007/s42835-019-00107-y,TiOx,HARDWARE_ONLY,42,64,7,8,IDEALIZED_SINGLE_PAIR_GRADUAL,14336.0,96.22,96.0168002342353,False,False
TiOx_04,10.1007/s42835-019-00107-y,TiOx,HARDWARE_ONLY,43,32,6,6,IDEALIZED_SINGLE_PAIR_GRADUAL,13312.0,96.22,95.3446576515478,False,False
TiOx_04,10.1007/s42835-019-00107-y,TiOx,HARDWARE_ONLY,44,32,6,8,IDEALIZED_SINGLE_PAIR_GRADUAL,53248.0,96.22,96.14327392249918,False,False
TiOx_04,10.1007/s42835-019-00107-y,TiOx,HARDWARE_ONLY,45,128,7,10,IDEALIZED_SINGLE_PAIR_GRADUAL,16384.0,96.22,96.1990437786265,False,False
TiOx_04,10.1007/s42835-019-00107-y,TiOx,HARDWARE_ONLY,46,16,5,7,IDEALIZED_SINGLE_PAIR_GRADUAL,102400.0,96.21,95.9532683994859,False,False
TiOx_04,10.1007/s42835-019-00107-y,TiOx,HARDWARE_ONLY,47,256,8,8,IDEALIZED_SINGLE_PAIR_GRADUAL,2560.0,96.21,95.74555137236959,False,False
TiOx_04,10.1007/s42835-019-00107-y,TiOx,HARDWARE_ONLY,48,64,5,7,IDEALIZED_SINGLE_PAIR_GRADUAL,7168.0,96.21,95.54857538005264,False,False
TiOx_04,10.1007/s42835-019-00107-y,TiOx,HARDWARE_ONLY,49,64,6,7,IDEALIZED_SINGLE_PAIR_GRADUAL,7168.0,96.21,95.63543616202915,False,False
TiOx_04,10.1007/s42835-019-00107-y,TiOx,HARDWARE_ONLY,50,128,8,7,IDEALIZED_SINGLE_PAIR_GRADUAL,2048.0,96.21,94.8441301835292,False,True
TiOx_04,10.1007/s42835-019-00107-y,TiOx,HARDWARE_ONLY,51,64,7,10,IDEALIZED_SINGLE_PAIR_GRADUAL,57344.0,96.21,96.20419394123202,False,False
TiOx_04,10.1007/s42835-019-00107-y,TiOx,HARDWARE_ONLY,52,16,8,7,IDEALIZED_SINGLE_PAIR_GRADUAL,102400.0,96.2,96.0431466615179,False,False
TiOx_04,10.1007/s42835-019-00107-y,TiOx,HARDWARE_ONLY,53,256,7,10,IDEALIZED_SINGLE_PAIR_GRADUAL,10240.0,96.2,96.18844536138548,False,False
TiOx_04,10.1007/s42835-019-00107-y,TiOx,HARDWARE_ONLY,54,256,8,7,IDEALIZED_SINGLE_PAIR_GRADUAL,1280.0,96.2,93.74221575429797,False,False
TiOx_04,10.1007/s42835-019-00107-y,TiOx,HARDWARE_ONLY,55,16,7,9,IDEALIZED_SINGLE_PAIR_GRADUAL,409600.0,96.2,96.20729200094476,False,False
TiOx_04,10.1007/s42835-019-00107-y,TiOx,HARDWARE_ONLY,56,64,5,9,IDEALIZED_SINGLE_PAIR_GRADUAL,28672.0,96.19,96.12497604301913,False,False
TiOx_04,10.1007/s42835-019-00107-y,TiOx,HARDWARE_ONLY,57,32,7,9,IDEALIZED_SINGLE_PAIR_GRADUAL,106496.0,96.19,96.19977285583369,False,False
TiOx_04,10.1007/s42835-019-00107-y,TiOx,HARDWARE_ONLY,58,16,7,7,IDEALIZED_SINGLE_PAIR_GRADUAL,102400.0,96.19,96.06537240503107,False,False
TiOx_04,10.1007/s42835-019-00107-y,TiOx,HARDWARE_ONLY,59,32,8,6,IDEALIZED_SINGLE_PAIR_GRADUAL,13312.0,96.19,95.21979351724653,False,False
TiOx_04,10.1007/s42835-019-00107-y,TiOx,HARDWARE_ONLY,60,32,7,7,IDEALIZED_SINGLE_PAIR_GRADUAL,26624.0,96.19,95.90949839882823,False,False
TiOx_04,10.1007/s42835-019-00107-y,TiOx,HARDWARE_ONLY,61,128,7,8,IDEALIZED_SINGLE_PAIR_GRADUAL,4096.0,96.19,95.80855744401848,False,False
TiOx_04,10.1007/s42835-019-00107-y,TiOx,HARDWARE_ONLY,62,64,8,7,IDEALIZED_SINGLE_PAIR_GRADUAL,7168.0,96.19,95.64570269063952,False,False
TiOx_04,10.1007/s42835-019-00107-y,TiOx,HARDWARE_ONLY,63,256,5,7,IDEALIZED_SINGLE_PAIR_GRADUAL,1280.0,96.19,93.58583913871742,False,False
TiOx_04,10.1007/s42835-019-00107-y,TiOx,HARDWARE_ONLY,64,64,8,8,IDEALIZED_SINGLE_PAIR_GRADUAL,14336.0,96.18,96.0447929338424,False,False
TiOx_04,10.1007/s42835-019-00107-y,TiOx,HARDWARE_ONLY,65,16,6,6,IDEALIZED_SINGLE_PAIR_GRADUAL,51200.0,96.17,95.76386255663266,False,False
TiOx_04,10.1007/s42835-019-00107-y,TiOx,HARDWARE_ONLY,66,16,8,6,IDEALIZED_SINGLE_PAIR_GRADUAL,51200.0,96.17,95.74418820784686,False,False
TiOx_04,10.1007/s42835-019-00107-y,TiOx,HARDWARE_ONLY,67,128,5,7,IDEALIZED_SINGLE_PAIR_GRADUAL,2048.0,96.17,94.67527305201993,False,False
TiOx_04,10.1007/s42835-019-00107-y,TiOx,HARDWARE_ONLY,68,64,5,10,IDEALIZED_SINGLE_PAIR_GRADUAL,57344.0,96.17,96.15535687395455,False,False
TiOx_04,10.1007/s42835-019-00107-y,TiOx,HARDWARE_ONLY,69,128,5,8,IDEALIZED_SINGLE_PAIR_GRADUAL,4096.0,96.17,95.78518704440005,False,False
TiOx_04,10.1007/s42835-019-00107-y,TiOx,HARDWARE_ONLY,70,128,7,7,IDEALIZED_SINGLE_PAIR_GRADUAL,2048.0,96.16,94.6575038208187,False,False
TiOx_04,10.1007/s42835-019-00107-y,TiOx,HARDWARE_ONLY,71,32,5,10,IDEALIZED_SINGLE_PAIR_GRADUAL,212992.0,96.16,96.13799672577879,False,False
TiOx_04,10.1007/s42835-019-00107-y,TiOx,HARDWARE_ONLY,72,128,8,8,IDEALIZED_SINGLE_PAIR_GRADUAL,4096.0,96.16,95.79488642997362,False,False
TiOx_04,10.1007/s42835-019-00107-y,TiOx,HARDWARE_ONLY,73,16,5,8,IDEALIZED_SINGLE_PAIR_GRADUAL,204800.0,96.15,96.11942102147356,False,False
TiOx_04,10.1007/s42835-019-00107-y,TiOx,HARDWARE_ONLY,74,16,5,9,IDEALIZED_SINGLE_PAIR_GRADUAL,409600.0,96.15,96.15244964911545,False,False
TiOx_04,10.1007/s42835-019-00107-y,TiOx,HARDWARE_ONLY,75,256,7,7,IDEALIZED_SINGLE_PAIR_GRADUAL,1280.0,96.15,93.91610274224125,False,True
TiOx_04,10.1007/s42835-019-00107-y,TiOx,HARDWARE_ONLY,76,32,5,6,IDEALIZED_SINGLE_PAIR_GRADUAL,13312.0,96.15,95.10667310814125,False,False
TiOx_04,10.1007/s42835-019-00107-y,TiOx,HARDWARE_ONLY,77,256,5,10,IDEALIZED_SINGLE_PAIR_GRADUAL,10240.0,96.14,96.13453865809123,False,False
TiOx_04,10.1007/s42835-019-00107-y,TiOx,HARDWARE_ONLY,78,128,5,10,IDEALIZED_SINGLE_PAIR_GRADUAL,16384.0,96.14,96.13828819632091,False,False
TiOx_04,10.1007/s42835-019-00107-y,TiOx,HARDWARE_ONLY,79,16,5,6,IDEALIZED_SINGLE_PAIR_GRADUAL,51200.0,96.14,95.66717693633484,False,False
TiOx_04,10.1007/s42835-019-00107-y,TiOx,HARDWARE_ONLY,80,64,7,6,IDEALIZED_SINGLE_PAIR_GRADUAL,3584.0,96.13,94.1614430263506,False,False
TiOx_04,10.1007/s42835-019-00107-y,TiOx,HARDWARE_ONLY,81,16,5,10,IDEALIZED_SINGLE_PAIR_GRADUAL,819200.0,96.13,96.13306371385353,False,False
TiOx_04,10.1007/s42835-019-00107-y,TiOx,HARDWARE_ONLY,82,32,5,7,IDEALIZED_SINGLE_PAIR_GRADUAL,26624.0,96.13,95.85445739257672,False,False
TiOx_04,10.1007/s42835-019-00107-y,TiOx,HARDWARE_ONLY,83,64,5,8,IDEALIZED_SINGLE_PAIR_GRADUAL,14336.0,96.13,95.97762261671873,False,False
TiOx_04,10.1007/s42835-019-00107-y,TiOx,HARDWARE_ONLY,84,256,5,8,IDEALIZED_SINGLE_PAIR_GRADUAL,2560.0,96.12,95.60875732321873,False,False
TiOx_04,10.1007/s42835-019-00107-y,TiOx,HARDWARE_ONLY,85,256,5,9,IDEALIZED_SINGLE_PAIR_GRADUAL,5120.0,96.12,96.0836079182944,False,False
TiOx_04,10.1007/s42835-019-00107-y,TiOx,HARDWARE_ONLY,86,16,7,6,IDEALIZED_SINGLE_PAIR_GRADUAL,51200.0,96.12,95.7442876064524,False,False
TiOx_04,10.1007/s42835-019-00107-y,TiOx,HARDWARE_ONLY,87,128,5,9,IDEALIZED_SINGLE_PAIR_GRADUAL,8192.0,96.12,96.0968937438395,False,False
TiOx_04,10.1007/s42835-019-00107-y,TiOx,HARDWARE_ONLY,88,32,5,9,IDEALIZED_SINGLE_PAIR_GRADUAL,106496.0,96.11,96.11432850080361,False,False
TiOx_04,10.1007/s42835-019-00107-y,TiOx,HARDWARE_ONLY,89,64,8,6,IDEALIZED_SINGLE_PAIR_GRADUAL,3584.0,96.11,94.29500380649382,False,False
TiOx_04,10.1007/s42835-019-00107-y,TiOx,HARDWARE_ONLY,90,64,5,6,IDEALIZED_SINGLE_PAIR_GRADUAL,3584.0,96.11,94.30751788561105,False,False
TiOx_04,10.1007/s42835-019-00107-y,TiOx,HARDWARE_ONLY,91,64,6,6,IDEALIZED_SINGLE_PAIR_GRADUAL,3584.0,96.11,94.2541208311806,False,False
TiOx_04,10.1007/s42835-019-00107-y,TiOx,HARDWARE_ONLY,92,16,4,7,IDEALIZED_SINGLE_PAIR_GRADUAL,102400.0,96.1,95.93558063227452,False,False
TiOx_04,10.1007/s42835-019-00107-y,TiOx,HARDWARE_ONLY,93,32,5,8,IDEALIZED_SINGLE_PAIR_GRADUAL,53248.0,96.1,96.09779274744861,False,False
TiOx_04,10.1007/s42835-019-00107-y,TiOx,HARDWARE_ONLY,94,32,8,7,IDEALIZED_SINGLE_PAIR_GRADUAL,26624.0,96.1,95.93061045024098,False,False
TiOx_04,10.1007/s42835-019-00107-y,TiOx,HARDWARE_ONLY,95,256,4,8,IDEALIZED_SINGLE_PAIR_GRADUAL,2560.0,96.1,95.67790050081007,False,False
TiOx_04,10.1007/s42835-019-00107-y,TiOx,HARDWARE_ONLY,96,128,4,9,IDEALIZED_SINGLE_PAIR_GRADUAL,8192.0,96.09,95.99530804374541,False,False
TiOx_04,10.1007/s42835-019-00107-y,TiOx,HARDWARE_ONLY,97,16,7,5,IDEALIZED_SINGLE_PAIR_GRADUAL,25600.0,96.09,91.35518640496802,False,False
TiOx_04,10.1007/s42835-019-00107-y,TiOx,HARDWARE_ONLY,98,64,4,9,IDEALIZED_SINGLE_PAIR_GRADUAL,28672.0,96.09,96.05580699742568,False,False
TiOx_04,10.1007/s42835-019-00107-y,TiOx,HARDWARE_ONLY,99,64,4,8,IDEALIZED_SINGLE_PAIR_GRADUAL,14336.0,96.09,95.9094459148875,False,False
TiOx_04,10.1007/s42835-019-00107-y,TiOx,HARDWARE_ONLY,100,256,4,10,IDEALIZED_SINGLE_PAIR_GRADUAL,10240.0,96.08,96.04532019867074,False,False
TiOx_04,10.1007/s42835-019-00107-y,TiOx,HARDWARE_ONLY,101,32,4,7,IDEALIZED_SINGLE_PAIR_GRADUAL,26624.0,96.08,95.80721884352572,False,False
TiOx_04,10.1007/s42835-019-00107-y,TiOx,HARDWARE_ONLY,102,64,4,10,IDEALIZED_SINGLE_PAIR_GRADUAL,57344.0,96.08,96.05391886596752,False,False
TiOx_04,10.1007/s42835-019-00107-y,TiOx,HARDWARE_ONLY,103,32,4,9,IDEALIZED_SINGLE_PAIR_GRADUAL,106496.0,96.07,96.06580418904304,False,False
TiOx_04,10.1007/s42835-019-00107-y,TiOx,HARDWARE_ONLY,104,32,6,5,IDEALIZED_SINGLE_PAIR_GRADUAL,6656.0,96.07,89.23873265459542,False,False
TiOx_04,10.1007/s42835-019-00107-y,TiOx,HARDWARE_ONLY,105,32,4,10,IDEALIZED_SINGLE_PAIR_GRADUAL,212992.0,96.07,96.06455212892493,False,False
TiOx_04,10.1007/s42835-019-00107-y,TiOx,HARDWARE_ONLY,106,16,4,10,IDEALIZED_SINGLE_PAIR_GRADUAL,819200.0,96.07,96.07521698400286,False,False
TiOx_04,10.1007/s42835-019-00107-y,TiOx,HARDWARE_ONLY,107,128,4,8,IDEALIZED_SINGLE_PAIR_GRADUAL,4096.0,96.06,95.7202197728888,False,False
TiOx_04,10.1007/s42835-019-00107-y,TiOx,HARDWARE_ONLY,108,16,4,8,IDEALIZED_SINGLE_PAIR_GRADUAL,204800.0,96.06,96.05826843915386,False,False
TiOx_04,10.1007/s42835-019-00107-y,TiOx,HARDWARE_ONLY,109,64,4,7,IDEALIZED_SINGLE_PAIR_GRADUAL,7168.0,96.06,95.4061875746,False,False
TiOx_04,10.1007/s42835-019-00107-y,TiOx,HARDWARE_ONLY,110,128,4,10,IDEALIZED_SINGLE_PAIR_GRADUAL,16384.0,96.05,96.06152656376963,False,False
TiOx_04,10.1007/s42835-019-00107-y,TiOx,HARDWARE_ONLY,111,16,5,5,IDEALIZED_SINGLE_PAIR_GRADUAL,25600.0,96.05,91.5435390445758,False,False
TiOx_04,10.1007/s42835-019-00107-y,TiOx,HARDWARE_ONLY,112,16,4,6,IDEALIZED_SINGLE_PAIR_GRADUAL,51200.0,96.05,95.54297409076409,False,False
TiOx_04,10.1007/s42835-019-00107-y,TiOx,HARDWARE_ONLY,113,128,4,7,IDEALIZED_SINGLE_PAIR_GRADUAL,2048.0,96.05,94.61572525604133,False,False
TiOx_04,10.1007/s42835-019-00107-y,TiOx,HARDWARE_ONLY,114,32,4,8,IDEALIZED_SINGLE_PAIR_GRADUAL,53248.0,96.04,95.99027066284852,False,False
TiOx_04,10.1007/s42835-019-00107-y,TiOx,HARDWARE_ONLY,115,32,7,5,IDEALIZED_SINGLE_PAIR_GRADUAL,6656.0,96.04,90.06235222696743,False,False
TiOx_04,10.1007/s42835-019-00107-y,TiOx,HARDWARE_ONLY,116,16,4,9,IDEALIZED_SINGLE_PAIR_GRADUAL,409600.0,96.03,96.06366080449614,False,False
TiOx_04,10.1007/s42835-019-00107-y,TiOx,HARDWARE_ONLY,117,64,4,6,IDEALIZED_SINGLE_PAIR_GRADUAL,3584.0,96.03,94.28086527193368,False,False
TiOx_04,10.1007/s42835-019-00107-y,TiOx,HARDWARE_ONLY,118,256,6,6,IDEALIZED_SINGLE_PAIR_GRADUAL,640.0,96.01,90.95289669645803,True,False
TiOx_04,10.1007/s42835-019-00107-y,TiOx,HARDWARE_ONLY,119,256,4,9,IDEALIZED_SINGLE_PAIR_GRADUAL,5120.0,96.01,95.98688912835233,False,False
TiOx_04,10.1007/s42835-019-00107-y,TiOx,HARDWARE_ONLY,120,32,4,6,IDEALIZED_SINGLE_PAIR_GRADUAL,13312.0,96.0,95.27213644177758,False,False
TiOx_04,10.1007/s42835-019-00107-y,TiOx,HARDWARE_ONLY,121,256,4,7,IDEALIZED_SINGLE_PAIR_GRADUAL,1280.0,96.0,93.57421031526812,False,False
TiOx_04,10.1007/s42835-019-00107-y,TiOx,HARDWARE_ONLY,122,32,8,5,IDEALIZED_SINGLE_PAIR_GRADUAL,6656.0,95.96,89.37944390491928,False,False
TiOx_04,10.1007/s42835-019-00107-y,TiOx,HARDWARE_ONLY,123,256,8,6,IDEALIZED_SINGLE_PAIR_GRADUAL,640.0,95.96,91.25732487243857,False,True
TiOx_04,10.1007/s42835-019-00107-y,TiOx,HARDWARE_ONLY,124,256,7,6,IDEALIZED_SINGLE_PAIR_GRADUAL,640.0,95.92,91.09479004307137,False,False
TiOx_04,10.1007/s42835-019-00107-y,TiOx,HARDWARE_ONLY,125,128,5,6,IDEALIZED_SINGLE_PAIR_GRADUAL,1024.0,95.89,91.5436952689592,False,False
TiOx_04,10.1007/s42835-019-00107-y,TiOx,HARDWARE_ONLY,126,128,8,6,IDEALIZED_SINGLE_PAIR_GRADUAL,1024.0,95.89,91.67028614484532,False,False
TiOx_04,10.1007/s42835-019-00107-y,TiOx,HARDWARE_ONLY,127,128,6,6,IDEALIZED_SINGLE_PAIR_GRADUAL,1024.0,95.89,91.77985142493279,False,False
TiOx_04,10.1007/s42835-019-00107-y,TiOx,HARDWARE_ONLY,128,128,7,6,IDEALIZED_SINGLE_PAIR_GRADUAL,1024.0,95.88,91.518030683446,False,False
TiOx_04,10.1007/s42835-019-00107-y,TiOx,HARDWARE_ONLY,129,16,4,5,IDEALIZED_SINGLE_PAIR_GRADUAL,25600.0,95.87,91.9499879662087,False,False
TiOx_04,10.1007/s42835-019-00107-y,TiOx,HARDWARE_ONLY,130,128,4,6,IDEALIZED_SINGLE_PAIR_GRADUAL,1024.0,95.86,91.80757617341322,False,True
TiOx_04,10.1007/s42835-019-00107-y,TiOx,HARDWARE_ONLY,131,32,5,5,IDEALIZED_SINGLE_PAIR_GRADUAL,6656.0,95.86,89.7127817710623,False,False
TiOx_04,10.1007/s42835-019-00107-y,TiOx,HARDWARE_ONLY,132,256,5,6,IDEALIZED_SINGLE_PAIR_GRADUAL,640.0,95.82,90.99839774360812,False,False
TiOx_04,10.1007/s42835-019-00107-y,TiOx,HARDWARE_ONLY,133,256,4,6,IDEALIZED_SINGLE_PAIR_GRADUAL,640.0,95.71,90.7519132972028,False,False
TiOx_04,10.1007/s42835-019-00107-y,TiOx,HARDWARE_ONLY,134,64,7,5,IDEALIZED_SINGLE_PAIR_GRADUAL,1792.0,95.65,87.87492923148757,False,False
TiOx_04,10.1007/s42835-019-00107-y,TiOx,HARDWARE_ONLY,135,32,4,5,IDEALIZED_SINGLE_PAIR_GRADUAL,6656.0,95.63,89.77391195558519,False,False
TiOx_04,10.1007/s42835-019-00107-y,TiOx,HARDWARE_ONLY,136,16,5,4,IDEALIZED_SINGLE_PAIR_GRADUAL,12800.0,95.59,82.84482659644587,False,False
TiOx_04,10.1007/s42835-019-00107-y,TiOx,HARDWARE_ONLY,137,16,7,4,IDEALIZED_SINGLE_PAIR_GRADUAL,12800.0,95.54,83.77007238531246,False,False
TiOx_04,10.1007/s42835-019-00107-y,TiOx,HARDWARE_ONLY,138,64,8,5,IDEALIZED_SINGLE_PAIR_GRADUAL,1792.0,95.53,87.95356127287738,False,False
TiOx_04,10.1007/s42835-019-00107-y,TiOx,HARDWARE_ONLY,139,64,6,5,IDEALIZED_SINGLE_PAIR_GRADUAL,1792.0,95.5,87.1969062560189,False,False
TiOx_04,10.1007/s42835-019-00107-y,TiOx,HARDWARE_ONLY,140,64,4,5,IDEALIZED_SINGLE_PAIR_GRADUAL,1792.0,95.48,86.87906951354316,False,False
TiOx_04,10.1007/s42835-019-00107-y,TiOx,HARDWARE_ONLY,141,16,6,4,IDEALIZED_SINGLE_PAIR_GRADUAL,12800.0,95.47,83.02595794790992,False,False
TiOx_04,10.1007/s42835-019-00107-y,TiOx,HARDWARE_ONLY,142,64,5,5,IDEALIZED_SINGLE_PAIR_GRADUAL,1792.0,95.43,87.20447426010585,False,False
TiOx_04,10.1007/s42835-019-00107-y,TiOx,HARDWARE_ONLY,143,16,4,4,IDEALIZED_SINGLE_PAIR_GRADUAL,12800.0,95.42,82.73345571414956,False,False
TiOx_04,10.1007/s42835-019-00107-y,TiOx,HARDWARE_ONLY,144,16,8,4,IDEALIZED_SINGLE_PAIR_GRADUAL,12800.0,95.41,82.90673163786016,False,False
TiOx_04,10.1007/s42835-019-00107-y,TiOx,HARDWARE_ONLY,145,128,7,5,IDEALIZED_SINGLE_PAIR_GRADUAL,512.0,94.5,82.10460678579874,True,False
TiOx_04,10.1007/s42835-019-00107-y,TiOx,HARDWARE_ONLY,146,128,8,5,IDEALIZED_SINGLE_PAIR_GRADUAL,512.0,94.48,82.72344934820441,False,False
TiOx_04,10.1007/s42835-019-00107-y,TiOx,HARDWARE_ONLY,147,128,6,5,IDEALIZED_SINGLE_PAIR_GRADUAL,512.0,94.39,82.76381148497903,False,False
TiOx_04,10.1007/s42835-019-00107-y,TiOx,HARDWARE_ONLY,148,128,5,5,IDEALIZED_SINGLE_PAIR_GRADUAL,512.0,94.36,81.97472663158914,False,False
TiOx_04,10.1007/s42835-019-00107-y,TiOx,HARDWARE_ONLY,149,32,7,4,IDEALIZED_SINGLE_PAIR_GRADUAL,3328.0,94.31,79.60471096524878,False,False
TiOx_04,10.1007/s42835-019-00107-y,TiOx,HARDWARE_ONLY,150,32,8,4,IDEALIZED_SINGLE_PAIR_GRADUAL,3328.0,94.28,81.41599784165183,False,False
TiOx_04,10.1007/s42835-019-00107-y,TiOx,HARDWARE_ONLY,151,128,4,5,IDEALIZED_SINGLE_PAIR_GRADUAL,512.0,94.26,83.30223641126533,False,True
TiOx_04,10.1007/s42835-019-00107-y,TiOx,HARDWARE_ONLY,152,32,6,4,IDEALIZED_SINGLE_PAIR_GRADUAL,3328.0,94.26,80.12661858268987,False,False
TiOx_04,10.1007/s42835-019-00107-y,TiOx,HARDWARE_ONLY,153,32,4,4,IDEALIZED_SINGLE_PAIR_GRADUAL,3328.0,94.11,79.82300365659263,False,False
TiOx_04,10.1007/s42835-019-00107-y,TiOx,HARDWARE_ONLY,154,256,8,5,IDEALIZED_SINGLE_PAIR_GRADUAL,320.0,94.05,81.65854435934324,True,False
TiOx_04,10.1007/s42835-019-00107-y,TiOx,HARDWARE_ONLY,155,256,6,5,IDEALIZED_SINGLE_PAIR_GRADUAL,320.0,94.03,81.69614420523267,False,True
TiOx_04,10.1007/s42835-019-00107-y,TiOx,HARDWARE_ONLY,156,256,7,5,IDEALIZED_SINGLE_PAIR_GRADUAL,320.0,94.03,81.19377044272338,False,False
TiOx_04,10.1007/s42835-019-00107-y,TiOx,HARDWARE_ONLY,157,32,5,4,IDEALIZED_SINGLE_PAIR_GRADUAL,3328.0,94.02,80.22348603765846,False,False
TiOx_04,10.1007/s42835-019-00107-y,TiOx,HARDWARE_ONLY,158,256,4,5,IDEALIZED_SINGLE_PAIR_GRADUAL,320.0,93.97,81.57553476666907,False,False
TiOx_04,10.1007/s42835-019-00107-y,TiOx,HARDWARE_ONLY,159,256,5,5,IDEALIZED_SINGLE_PAIR_GRADUAL,320.0,93.95,81.12845423715537,False,False
TiOx_04,10.1007/s42835-019-00107-y,TiOx,HARDWARE_ONLY,160,32,3,8,IDEALIZED_SINGLE_PAIR_GRADUAL,53248.0,92.3,92.04995392124866,False,False
TiOx_04,10.1007/s42835-019-00107-y,TiOx,HARDWARE_ONLY,161,128,3,8,IDEALIZED_SINGLE_PAIR_GRADUAL,4096.0,92.3,91.78247593691451,False,False
TiOx_04,10.1007/s42835-019-00107-y,TiOx,HARDWARE_ONLY,162,16,3,10,IDEALIZED_SINGLE_PAIR_GRADUAL,819200.0,92.24,92.22313736781837,False,False
TiOx_04,10.1007/s42835-019-00107-y,TiOx,HARDWARE_ONLY,163,256,3,9,IDEALIZED_SINGLE_PAIR_GRADUAL,5120.0,92.24,92.10990294651643,False,False
TiOx_04,10.1007/s42835-019-00107-y,TiOx,HARDWARE_ONLY,164,32,3,10,IDEALIZED_SINGLE_PAIR_GRADUAL,212992.0,92.23,92.22224220686627,False,False
TiOx_04,10.1007/s42835-019-00107-y,TiOx,HARDWARE_ONLY,165,256,3,10,IDEALIZED_SINGLE_PAIR_GRADUAL,10240.0,92.22,92.21515499335015,False,False
TiOx_04,10.1007/s42835-019-00107-y,TiOx,HARDWARE_ONLY,166,64,3,10,IDEALIZED_SINGLE_PAIR_GRADUAL,57344.0,92.22,92.197934404553,False,False
TiOx_04,10.1007/s42835-019-00107-y,TiOx,HARDWARE_ONLY,167,128,3,10,IDEALIZED_SINGLE_PAIR_GRADUAL,16384.0,92.21,92.1804961636615,False,False
TiOx_04,10.1007/s42835-019-00107-y,TiOx,HARDWARE_ONLY,168,128,3,9,IDEALIZED_SINGLE_PAIR_GRADUAL,8192.0,92.21,92.09138507753602,False,False
TiOx_04,10.1007/s42835-019-00107-y,TiOx,HARDWARE_ONLY,169,64,3,9,IDEALIZED_SINGLE_PAIR_GRADUAL,28672.0,92.21,92.09655479632949,False,False
TiOx_04,10.1007/s42835-019-00107-y,TiOx,HARDWARE_ONLY,170,16,3,8,IDEALIZED_SINGLE_PAIR_GRADUAL,204800.0,92.2,92.08633940755489,False,False
TiOx_04,10.1007/s42835-019-00107-y,TiOx,HARDWARE_ONLY,171,16,3,6,IDEALIZED_SINGLE_PAIR_GRADUAL,51200.0,92.2,91.06981869127286,False,False
TiOx_04,10.1007/s42835-019-00107-y,TiOx,HARDWARE_ONLY,172,16,3,7,IDEALIZED_SINGLE_PAIR_GRADUAL,102400.0,92.2,91.82917189027691,False,False
TiOx_04,10.1007/s42835-019-00107-y,TiOx,HARDWARE_ONLY,173,256,3,8,IDEALIZED_SINGLE_PAIR_GRADUAL,2560.0,92.2,91.66937416359937,False,False
TiOx_04,10.1007/s42835-019-00107-y,TiOx,HARDWARE_ONLY,174,32,3,9,IDEALIZED_SINGLE_PAIR_GRADUAL,106496.0,92.19,92.16160054083153,False,False
TiOx_04,10.1007/s42835-019-00107-y,TiOx,HARDWARE_ONLY,175,16,3,9,IDEALIZED_SINGLE_PAIR_GRADUAL,409600.0,92.18,92.20410556023386,False,False
TiOx_04,10.1007/s42835-019-00107-y,TiOx,HARDWARE_ONLY,176,64,3,8,IDEALIZED_SINGLE_PAIR_GRADUAL,14336.0,92.15,92.00385987908403,False,False
TiOx_04,10.1007/s42835-019-00107-y,TiOx,HARDWARE_ONLY,177,32,3,7,IDEALIZED_SINGLE_PAIR_GRADUAL,26624.0,92.13,91.33348915554647,False,False
TiOx_04,10.1007/s42835-019-00107-y,TiOx,HARDWARE_ONLY,178,64,3,7,IDEALIZED_SINGLE_PAIR_GRADUAL,7168.0,92.07,90.59757612802117,False,False
TiOx_04,10.1007/s42835-019-00107-y,TiOx,HARDWARE_ONLY,179,64,3,6,IDEALIZED_SINGLE_PAIR_GRADUAL,3584.0,92.01,88.33249260292979,False,False
TiOx_04,10.1007/s42835-019-00107-y,TiOx,HARDWARE_ONLY,180,128,3,7,IDEALIZED_SINGLE_PAIR_GRADUAL,2048.0,91.94,89.2736850676498,False,False
TiOx_04,10.1007/s42835-019-00107-y,TiOx,HARDWARE_ONLY,181,256,3,7,IDEALIZED_SINGLE_PAIR_GRADUAL,1280.0,91.93,88.84605375829234,False,False
TiOx_04,10.1007/s42835-019-00107-y,TiOx,HARDWARE_ONLY,182,32,3,6,IDEALIZED_SINGLE_PAIR_GRADUAL,13312.0,91.89,89.60861715356212,False,False
TiOx_04,10.1007/s42835-019-00107-y,TiOx,HARDWARE_ONLY,183,256,3,6,IDEALIZED_SINGLE_PAIR_GRADUAL,640.0,91.85,85.51466696685537,False,False
TiOx_04,10.1007/s42835-019-00107-y,TiOx,HARDWARE_ONLY,184,128,3,6,IDEALIZED_SINGLE_PAIR_GRADUAL,1024.0,91.75,86.23389198155849,False,False
TiOx_04,10.1007/s42835-019-00107-y,TiOx,HARDWARE_ONLY,185,16,3,5,IDEALIZED_SINGLE_PAIR_GRADUAL,25600.0,91.73,88.34259116918871,False,False
TiOx_04,10.1007/s42835-019-00107-y,TiOx,HARDWARE_ONLY,186,32,3,5,IDEALIZED_SINGLE_PAIR_GRADUAL,6656.0,91.3,86.06098691388682,False,False
TiOx_04,10.1007/s42835-019-00107-y,TiOx,HARDWARE_ONLY,187,64,3,5,IDEALIZED_SINGLE_PAIR_GRADUAL,1792.0,91.24,82.66363523738433,False,False
TiOx_04,10.1007/s42835-019-00107-y,TiOx,HARDWARE_ONLY,188,64,4,4,IDEALIZED_SINGLE_PAIR_GRADUAL,896.0,90.66,74.39102204566119,False,False
TiOx_04,10.1007/s42835-019-00107-y,TiOx,HARDWARE_ONLY,189,16,3,4,IDEALIZED_SINGLE_PAIR_GRADUAL,12800.0,90.41,79.14440096867513,False,False
TiOx_04,10.1007/s42835-019-00107-y,TiOx,HARDWARE_ONLY,190,64,6,4,IDEALIZED_SINGLE_PAIR_GRADUAL,896.0,90.22,75.15962332838072,False,False
TiOx_04,10.1007/s42835-019-00107-y,TiOx,HARDWARE_ONLY,191,128,3,5,IDEALIZED_SINGLE_PAIR_GRADUAL,512.0,89.97,77.40484585815815,False,False
TiOx_04,10.1007/s42835-019-00107-y,TiOx,HARDWARE_ONLY,192,64,8,4,IDEALIZED_SINGLE_PAIR_GRADUAL,896.0,89.96,75.38695998744056,False,False
TiOx_04,10.1007/s42835-019-00107-y,TiOx,HARDWARE_ONLY,193,64,5,4,IDEALIZED_SINGLE_PAIR_GRADUAL,896.0,89.94,74.4816707868243,False,False
TiOx_04,10.1007/s42835-019-00107-y,TiOx,HARDWARE_ONLY,194,64,7,4,IDEALIZED_SINGLE_PAIR_GRADUAL,896.0,89.88,75.2225931102421,False,False
TiOx_04,10.1007/s42835-019-00107-y,TiOx,HARDWARE_ONLY,195,32,3,4,IDEALIZED_SINGLE_PAIR_GRADUAL,3328.0,89.8,75.29246665569151,False,False
TiOx_04,10.1007/s42835-019-00107-y,TiOx,HARDWARE_ONLY,196,256,3,5,IDEALIZED_SINGLE_PAIR_GRADUAL,320.0,89.62,76.24377732394208,False,False
TiOx_04,10.1007/s42835-019-00107-y,TiOx,HARDWARE_ONLY,197,64,3,4,IDEALIZED_SINGLE_PAIR_GRADUAL,896.0,86.47,69.45066173237873,False,False
TiOx_04,10.1007/s42835-019-00107-y,TiOx,HARDWARE_ONLY,198,256,4,4,IDEALIZED_SINGLE_PAIR_GRADUAL,160.0,77.76,60.89811137362966,True,True
TiOx_04,10.1007/s42835-019-00107-y,TiOx,HARDWARE_ONLY,199,128,4,4,IDEALIZED_SINGLE_PAIR_GRADUAL,256.0,77.53,63.32614879205919,False,False
TiOx_04,10.1007/s42835-019-00107-y,TiOx,HARDWARE_ONLY,200,256,8,4,IDEALIZED_SINGLE_PAIR_GRADUAL,160.0,76.33,59.90313058591896,False,False
TiOx_04,10.1007/s42835-019-00107-y,TiOx,HARDWARE_ONLY,201,128,3,4,IDEALIZED_SINGLE_PAIR_GRADUAL,256.0,76.23,61.11160248523659,False,False
TiOx_04,10.1007/s42835-019-00107-y,TiOx,HARDWARE_ONLY,202,128,6,4,IDEALIZED_SINGLE_PAIR_GRADUAL,256.0,76.18,64.1159522185217,False,False
TiOx_04,10.1007/s42835-019-00107-y,TiOx,HARDWARE_ONLY,203,256,7,4,IDEALIZED_SINGLE_PAIR_GRADUAL,160.0,75.95,59.80521566305397,False,False
TiOx_04,10.1007/s42835-019-00107-y,TiOx,HARDWARE_ONLY,204,128,8,4,IDEALIZED_SINGLE_PAIR_GRADUAL,256.0,75.89,64.22274991380151,False,True
TiOx_04,10.1007/s42835-019-00107-y,TiOx,HARDWARE_ONLY,205,256,6,4,IDEALIZED_SINGLE_PAIR_GRADUAL,160.0,75.86,60.05112868206308,False,False
TiOx_04,10.1007/s42835-019-00107-y,TiOx,HARDWARE_ONLY,206,128,7,4,IDEALIZED_SINGLE_PAIR_GRADUAL,256.0,75.6,63.962690961705825,False,False
TiOx_04,10.1007/s42835-019-00107-y,TiOx,HARDWARE_ONLY,207,128,5,4,IDEALIZED_SINGLE_PAIR_GRADUAL,256.0,75.41,63.16929211746324,False,False
TiOx_04,10.1007/s42835-019-00107-y,TiOx,HARDWARE_ONLY,208,256,5,4,IDEALIZED_SINGLE_PAIR_GRADUAL,160.0,75.4,59.14777790977504,False,False
TiOx_04,10.1007/s42835-019-00107-y,TiOx,HARDWARE_ONLY,209,256,3,4,IDEALIZED_SINGLE_PAIR_GRADUAL,160.0,73.33,56.31876114027632,False,False
TiOx_04,10.1007/s42835-019-00107-y,TiOx,HARDWARE_ONLY,210,64,2,4,IDEALIZED_SINGLE_PAIR_GRADUAL,896.0,12.54,11.157130287169569,False,False
TiOx_04,10.1007/s42835-019-00107-y,TiOx,HARDWARE_ONLY,211,64,2,5,IDEALIZED_SINGLE_PAIR_GRADUAL,1792.0,12.05,11.118839261054823,False,False
TiOx_04,10.1007/s42835-019-00107-y,TiOx,HARDWARE_ONLY,212,16,2,4,IDEALIZED_SINGLE_PAIR_GRADUAL,12800.0,12.0,11.070129392439254,False,False
TiOx_04,10.1007/s42835-019-00107-y,TiOx,HARDWARE_ONLY,213,128,2,5,IDEALIZED_SINGLE_PAIR_GRADUAL,512.0,12.0,10.995621442374633,False,False
TiOx_04,10.1007/s42835-019-00107-y,TiOx,HARDWARE_ONLY,214,256,2,5,IDEALIZED_SINGLE_PAIR_GRADUAL,320.0,11.85,10.858030675460773,False,False
TiOx_04,10.1007/s42835-019-00107-y,TiOx,HARDWARE_ONLY,215,128,2,4,IDEALIZED_SINGLE_PAIR_GRADUAL,256.0,11.83,10.399485185055136,False,False
TiOx_04,10.1007/s42835-019-00107-y,TiOx,HARDWARE_ONLY,216,32,2,5,IDEALIZED_SINGLE_PAIR_GRADUAL,6656.0,11.73,11.17588329082029,False,False
TiOx_04,10.1007/s42835-019-00107-y,TiOx,HARDWARE_ONLY,217,32,2,4,IDEALIZED_SINGLE_PAIR_GRADUAL,3328.0,11.65,10.999870308622747,False,False
TiOx_04,10.1007/s42835-019-00107-y,TiOx,HARDWARE_ONLY,218,16,2,5,IDEALIZED_SINGLE_PAIR_GRADUAL,25600.0,11.61,11.170351409543064,False,False
TiOx_04,10.1007/s42835-019-00107-y,TiOx,HARDWARE_ONLY,219,256,2,8,IDEALIZED_SINGLE_PAIR_GRADUAL,2560.0,11.56,11.417289433159034,False,False
TiOx_04,10.1007/s42835-019-00107-y,TiOx,HARDWARE_ONLY,220,128,2,8,IDEALIZED_SINGLE_PAIR_GRADUAL,4096.0,11.56,11.448032891521878,False,False
TiOx_04,10.1007/s42835-019-00107-y,TiOx,HARDWARE_ONLY,221,32,2,10,IDEALIZED_SINGLE_PAIR_GRADUAL,212992.0,11.54,11.248472743126149,False,False
TiOx_04,10.1007/s42835-019-00107-y,TiOx,HARDWARE_ONLY,222,16,2,10,IDEALIZED_SINGLE_PAIR_GRADUAL,819200.0,11.51,11.405011812031105,False,False
TiOx_04,10.1007/s42835-019-00107-y,TiOx,HARDWARE_ONLY,223,64,2,10,IDEALIZED_SINGLE_PAIR_GRADUAL,57344.0,11.51,11.236564703643026,False,False
TiOx_04,10.1007/s42835-019-00107-y,TiOx,HARDWARE_ONLY,224,16,2,8,IDEALIZED_SINGLE_PAIR_GRADUAL,204800.0,11.49,11.374535309625026,False,False
TiOx_04,10.1007/s42835-019-00107-y,TiOx,HARDWARE_ONLY,225,256,2,7,IDEALIZED_SINGLE_PAIR_GRADUAL,1280.0,11.49,11.122139444586358,False,False
TiOx_04,10.1007/s42835-019-00107-y,TiOx,HARDWARE_ONLY,226,128,2,7,IDEALIZED_SINGLE_PAIR_GRADUAL,2048.0,11.49,11.183725494092506,False,False
TiOx_04,10.1007/s42835-019-00107-y,TiOx,HARDWARE_ONLY,227,128,2,10,IDEALIZED_SINGLE_PAIR_GRADUAL,16384.0,11.46,11.285851589022087,False,False
TiOx_04,10.1007/s42835-019-00107-y,TiOx,HARDWARE_ONLY,228,256,2,10,IDEALIZED_SINGLE_PAIR_GRADUAL,10240.0,11.46,11.309826317466333,False,False
TiOx_04,10.1007/s42835-019-00107-y,TiOx,HARDWARE_ONLY,229,64,2,8,IDEALIZED_SINGLE_PAIR_GRADUAL,14336.0,11.4,11.334085723163149,False,False
TiOx_04,10.1007/s42835-019-00107-y,TiOx,HARDWARE_ONLY,230,16,2,6,IDEALIZED_SINGLE_PAIR_GRADUAL,51200.0,11.38,11.23410976622398,False,False
TiOx_04,10.1007/s42835-019-00107-y,TiOx,HARDWARE_ONLY,231,32,2,8,IDEALIZED_SINGLE_PAIR_GRADUAL,53248.0,11.37,11.345321371830348,False,False
TiOx_04,10.1007/s42835-019-00107-y,TiOx,HARDWARE_ONLY,232,32,2,6,IDEALIZED_SINGLE_PAIR_GRADUAL,13312.0,11.36,11.07002001657664,False,False
TiOx_04,10.1007/s42835-019-00107-y,TiOx,HARDWARE_ONLY,233,16,2,9,IDEALIZED_SINGLE_PAIR_GRADUAL,409600.0,11.28,11.343039404245742,False,False
TiOx_04,10.1007/s42835-019-00107-y,TiOx,HARDWARE_ONLY,234,256,2,9,IDEALIZED_SINGLE_PAIR_GRADUAL,5120.0,11.28,11.255571629827692,False,False
TiOx_04,10.1007/s42835-019-00107-y,TiOx,HARDWARE_ONLY,235,32,2,7,IDEALIZED_SINGLE_PAIR_GRADUAL,26624.0,11.27,11.26346490326503,False,False
TiOx_04,10.1007/s42835-019-00107-y,TiOx,HARDWARE_ONLY,236,64,2,9,IDEALIZED_SINGLE_PAIR_GRADUAL,28672.0,11.27,11.24837522038238,False,False
TiOx_04,10.1007/s42835-019-00107-y,TiOx,HARDWARE_ONLY,237,128,2,9,IDEALIZED_SINGLE_PAIR_GRADUAL,8192.0,11.27,11.298795617227546,False,False
TiOx_04,10.1007/s42835-019-00107-y,TiOx,HARDWARE_ONLY,238,32,2,9,IDEALIZED_SINGLE_PAIR_GRADUAL,106496.0,11.26,11.26616194505168,False,False
TiOx_04,10.1007/s42835-019-00107-y,TiOx,HARDWARE_ONLY,239,256,2,4,IDEALIZED_SINGLE_PAIR_GRADUAL,160.0,11.23,9.958719063658311,False,False
TiOx_04,10.1007/s42835-019-00107-y,TiOx,HARDWARE_ONLY,240,64,2,6,IDEALIZED_SINGLE_PAIR_GRADUAL,3584.0,11.18,11.051154450951017,False,False
TiOx_04,10.1007/s42835-019-00107-y,TiOx,HARDWARE_ONLY,241,16,2,7,IDEALIZED_SINGLE_PAIR_GRADUAL,102400.0,11.14,11.32519241293784,False,False
TiOx_04,10.1007/s42835-019-00107-y,TiOx,HARDWARE_ONLY,242,128,2,6,IDEALIZED_SINGLE_PAIR_GRADUAL,1024.0,11.11,11.032665895550517,False,False
TiOx_04,10.1007/s42835-019-00107-y,TiOx,HARDWARE_ONLY,243,64,2,7,IDEALIZED_SINGLE_PAIR_GRADUAL,7168.0,11.06,11.04413998746026,False,False
TiOx_04,10.1007/s42835-019-00107-y,TiOx,HARDWARE_ONLY,244,256,2,6,IDEALIZED_SINGLE_PAIR_GRADUAL,640.0,10.92,10.962600352055562,False,False
TiOx_04,10.1007/s42835-019-00107-y,TiOx,FULL_DEVICE_AWARE,0,16,6,8,IDEALIZED_SINGLE_PAIR_GRADUAL,204800.0,96.32,96.27449319841278,True,False
TiOx_04,10.1007/s42835-019-00107-y,TiOx,FULL_DEVICE_AWARE,1,128,6,10,IDEALIZED_SINGLE_PAIR_GRADUAL,16384.0,96.31,96.27907934126993,True,False
TiOx_04,10.1007/s42835-019-00107-y,TiOx,FULL_DEVICE_AWARE,2,64,6,9,IDEALIZED_SINGLE_PAIR_GRADUAL,28672.0,96.31,96.25775684920647,False,False
TiOx_04,10.1007/s42835-019-00107-y,TiOx,FULL_DEVICE_AWARE,3,16,6,9,IDEALIZED_SINGLE_PAIR_GRADUAL,409600.0,96.29,96.27616830158743,False,False
TiOx_04,10.1007/s42835-019-00107-y,TiOx,FULL_DEVICE_AWARE,4,32,7,6,IDEALIZED_SINGLE_PAIR_GRADUAL,13312.0,96.29,96.15691707142855,False,False
TiOx_04,10.1007/s42835-019-00107-y,TiOx,FULL_DEVICE_AWARE,5,128,6,8,IDEALIZED_SINGLE_PAIR_GRADUAL,4096.0,96.29,96.28986934126995,True,True
TiOx_04,10.1007/s42835-019-00107-y,TiOx,FULL_DEVICE_AWARE,6,256,6,10,IDEALIZED_SINGLE_PAIR_GRADUAL,10240.0,96.29,96.28876026190517,False,False
TiOx_04,10.1007/s42835-019-00107-y,TiOx,FULL_DEVICE_AWARE,7,32,6,7,IDEALIZED_SINGLE_PAIR_GRADUAL,26624.0,96.28,96.23362052164512,False,False
TiOx_04,10.1007/s42835-019-00107-y,TiOx,FULL_DEVICE_AWARE,8,64,6,10,IDEALIZED_SINGLE_PAIR_GRADUAL,57344.0,96.28,96.28240404761904,False,False
TiOx_04,10.1007/s42835-019-00107-y,TiOx,FULL_DEVICE_AWARE,9,32,6,10,IDEALIZED_SINGLE_PAIR_GRADUAL,212992.0,96.28,96.29301576984145,False,True
TiOx_04,10.1007/s42835-019-00107-y,TiOx,FULL_DEVICE_AWARE,10,32,8,10,IDEALIZED_SINGLE_PAIR_GRADUAL,212992.0,96.28,96.24560235409032,False,False
TiOx_04,10.1007/s42835-019-00107-y,TiOx,FULL_DEVICE_AWARE,11,16,6,10,IDEALIZED_SINGLE_PAIR_GRADUAL,819200.0,96.27,96.29702636507949,False,True
TiOx_04,10.1007/s42835-019-00107-y,TiOx,FULL_DEVICE_AWARE,12,16,6,7,IDEALIZED_SINGLE_PAIR_GRADUAL,102400.0,96.27,96.23649209523839,False,False
TiOx_04,10.1007/s42835-019-00107-y,TiOx,FULL_DEVICE_AWARE,13,256,6,9,IDEALIZED_SINGLE_PAIR_GRADUAL,5120.0,96.27,96.24819430158733,False,False
TiOx_04,10.1007/s42835-019-00107-y,TiOx,FULL_DEVICE_AWARE,14,64,7,9,IDEALIZED_SINGLE_PAIR_GRADUAL,28672.0,96.27,96.21895485714283,False,False
TiOx_04,10.1007/s42835-019-00107-y,TiOx,FULL_DEVICE_AWARE,15,32,8,9,IDEALIZED_SINGLE_PAIR_GRADUAL,106496.0,96.27,96.24862571123325,False,False
TiOx_04,10.1007/s42835-019-00107-y,TiOx,FULL_DEVICE_AWARE,16,128,6,7,IDEALIZED_SINGLE_PAIR_GRADUAL,2048.0,96.26,96.18492805555563,True,True
TiOx_04,10.1007/s42835-019-00107-y,TiOx,FULL_DEVICE_AWARE,17,16,8,9,IDEALIZED_SINGLE_PAIR_GRADUAL,409600.0,96.26,96.24763302380964,False,False
TiOx_04,10.1007/s42835-019-00107-y,TiOx,FULL_DEVICE_AWARE,18,16,8,10,IDEALIZED_SINGLE_PAIR_GRADUAL,819200.0,96.26,96.24694747619054,False,False
TiOx_04,10.1007/s42835-019-00107-y,TiOx,FULL_DEVICE_AWARE,19,16,8,8,IDEALIZED_SINGLE_PAIR_GRADUAL,204800.0,96.25,96.23358174314572,False,False
TiOx_04,10.1007/s42835-019-00107-y,TiOx,FULL_DEVICE_AWARE,20,128,7,9,IDEALIZED_SINGLE_PAIR_GRADUAL,8192.0,96.25,96.20635413492059,False,False
TiOx_04,10.1007/s42835-019-00107-y,TiOx,FULL_DEVICE_AWARE,21,256,8,10,IDEALIZED_SINGLE_PAIR_GRADUAL,10240.0,96.25,96.23097882539686,False,False
TiOx_04,10.1007/s42835-019-00107-y,TiOx,FULL_DEVICE_AWARE,22,256,6,8,IDEALIZED_SINGLE_PAIR_GRADUAL,2560.0,96.25,96.27523981746033,False,True
TiOx_04,10.1007/s42835-019-00107-y,TiOx,FULL_DEVICE_AWARE,23,128,8,9,IDEALIZED_SINGLE_PAIR_GRADUAL,8192.0,96.25,96.20479657936502,False,False
TiOx_04,10.1007/s42835-019-00107-y,TiOx,FULL_DEVICE_AWARE,24,128,6,9,IDEALIZED_SINGLE_PAIR_GRADUAL,8192.0,96.24,96.25270146031752,False,False
TiOx_04,10.1007/s42835-019-00107-y,TiOx,FULL_DEVICE_AWARE,25,64,6,8,IDEALIZED_SINGLE_PAIR_GRADUAL,14336.0,96.24,96.26092515079374,False,False
TiOx_04,10.1007/s42835-019-00107-y,TiOx,FULL_DEVICE_AWARE,26,64,7,7,IDEALIZED_SINGLE_PAIR_GRADUAL,7168.0,96.24,96.25210500000017,False,False
TiOx_04,10.1007/s42835-019-00107-y,TiOx,FULL_DEVICE_AWARE,27,64,8,9,IDEALIZED_SINGLE_PAIR_GRADUAL,28672.0,96.24,96.23339225757577,False,False
TiOx_04,10.1007/s42835-019-00107-y,TiOx,FULL_DEVICE_AWARE,28,32,6,9,IDEALIZED_SINGLE_PAIR_GRADUAL,106496.0,96.24,96.2648714206349,False,False
TiOx_04,10.1007/s42835-019-00107-y,TiOx,FULL_DEVICE_AWARE,29,256,7,9,IDEALIZED_SINGLE_PAIR_GRADUAL,5120.0,96.24,96.20649717460333,False,False
TiOx_04,10.1007/s42835-019-00107-y,TiOx,FULL_DEVICE_AWARE,30,32,8,8,IDEALIZED_SINGLE_PAIR_GRADUAL,53248.0,96.23,96.22877447818844,False,False
TiOx_04,10.1007/s42835-019-00107-y,TiOx,FULL_DEVICE_AWARE,31,16,6,5,IDEALIZED_SINGLE_PAIR_GRADUAL,25600.0,96.23,96.12426315873017,False,False
TiOx_04,10.1007/s42835-019-00107-y,TiOx,FULL_DEVICE_AWARE,32,32,7,8,IDEALIZED_SINGLE_PAIR_GRADUAL,53248.0,96.23,96.22817398773437,False,False
TiOx_04,10.1007/s42835-019-00107-y,TiOx,FULL_DEVICE_AWARE,33,256,7,8,IDEALIZED_SINGLE_PAIR_GRADUAL,2560.0,96.23,96.21976338095236,False,False
TiOx_04,10.1007/s42835-019-00107-y,TiOx,FULL_DEVICE_AWARE,34,128,8,10,IDEALIZED_SINGLE_PAIR_GRADUAL,16384.0,96.23,96.22170539682533,False,False
TiOx_04,10.1007/s42835-019-00107-y,TiOx,FULL_DEVICE_AWARE,35,64,8,10,IDEALIZED_SINGLE_PAIR_GRADUAL,57344.0,96.23,96.24120482900427,False,False
TiOx_04,10.1007/s42835-019-00107-y,TiOx,FULL_DEVICE_AWARE,36,16,7,8,IDEALIZED_SINGLE_PAIR_GRADUAL,204800.0,96.23,96.22664800360755,False,False
TiOx_04,10.1007/s42835-019-00107-y,TiOx,FULL_DEVICE_AWARE,37,16,8,5,IDEALIZED_SINGLE_PAIR_GRADUAL,25600.0,96.23,96.14453560317473,False,False
TiOx_04,10.1007/s42835-019-00107-y,TiOx,FULL_DEVICE_AWARE,38,16,7,10,IDEALIZED_SINGLE_PAIR_GRADUAL,819200.0,96.23,96.21442714285715,False,False
TiOx_04,10.1007/s42835-019-00107-y,TiOx,FULL_DEVICE_AWARE,39,256,6,7,IDEALIZED_SINGLE_PAIR_GRADUAL,1280.0,96.22,96.17272697619042,True,True
TiOx_04,10.1007/s42835-019-00107-y,TiOx,FULL_DEVICE_AWARE,40,256,8,9,IDEALIZED_SINGLE_PAIR_GRADUAL,5120.0,96.22,96.20603910317466,False,False
TiOx_04,10.1007/s42835-019-00107-y,TiOx,FULL_DEVICE_AWARE,41,32,7,10,IDEALIZED_SINGLE_PAIR_GRADUAL,212992.0,96.22,96.21431139682541,False,False
TiOx_04,10.1007/s42835-019-00107-y,TiOx,FULL_DEVICE_AWARE,42,64,7,8,IDEALIZED_SINGLE_PAIR_GRADUAL,14336.0,96.22,96.2065694047619,False,False
TiOx_04,10.1007/s42835-019-00107-y,TiOx,FULL_DEVICE_AWARE,43,32,6,6,IDEALIZED_SINGLE_PAIR_GRADUAL,13312.0,96.22,96.17031011111106,False,False
TiOx_04,10.1007/s42835-019-00107-y,TiOx,FULL_DEVICE_AWARE,44,32,6,8,IDEALIZED_SINGLE_PAIR_GRADUAL,53248.0,96.22,96.26535561904763,False,False
TiOx_04,10.1007/s42835-019-00107-y,TiOx,FULL_DEVICE_AWARE,45,128,7,10,IDEALIZED_SINGLE_PAIR_GRADUAL,16384.0,96.22,96.22221454761895,False,False
TiOx_04,10.1007/s42835-019-00107-y,TiOx,FULL_DEVICE_AWARE,46,16,5,7,IDEALIZED_SINGLE_PAIR_GRADUAL,102400.0,96.21,96.17871661904759,False,False
TiOx_04,10.1007/s42835-019-00107-y,TiOx,FULL_DEVICE_AWARE,47,256,8,8,IDEALIZED_SINGLE_PAIR_GRADUAL,2560.0,96.21,96.21033177128429,False,False
TiOx_04,10.1007/s42835-019-00107-y,TiOx,FULL_DEVICE_AWARE,48,64,5,7,IDEALIZED_SINGLE_PAIR_GRADUAL,7168.0,96.21,96.2084464920635,False,False
TiOx_04,10.1007/s42835-019-00107-y,TiOx,FULL_DEVICE_AWARE,49,64,6,7,IDEALIZED_SINGLE_PAIR_GRADUAL,7168.0,96.21,96.2537210714287,False,False
TiOx_04,10.1007/s42835-019-00107-y,TiOx,FULL_DEVICE_AWARE,50,128,8,7,IDEALIZED_SINGLE_PAIR_GRADUAL,2048.0,96.21,96.18366675396823,False,False
TiOx_04,10.1007/s42835-019-00107-y,TiOx,FULL_DEVICE_AWARE,51,64,7,10,IDEALIZED_SINGLE_PAIR_GRADUAL,57344.0,96.21,96.21842299999993,False,False
TiOx_04,10.1007/s42835-019-00107-y,TiOx,FULL_DEVICE_AWARE,52,16,8,7,IDEALIZED_SINGLE_PAIR_GRADUAL,102400.0,96.2,96.23083421428592,False,False
TiOx_04,10.1007/s42835-019-00107-y,TiOx,FULL_DEVICE_AWARE,53,256,7,10,IDEALIZED_SINGLE_PAIR_GRADUAL,10240.0,96.2,96.22872973015886,False,False
TiOx_04,10.1007/s42835-019-00107-y,TiOx,FULL_DEVICE_AWARE,54,256,8,7,IDEALIZED_SINGLE_PAIR_GRADUAL,1280.0,96.2,96.15879041269832,False,False
TiOx_04,10.1007/s42835-019-00107-y,TiOx,FULL_DEVICE_AWARE,55,16,7,9,IDEALIZED_SINGLE_PAIR_GRADUAL,409600.0,96.2,96.22495311111128,False,False
TiOx_04,10.1007/s42835-019-00107-y,TiOx,FULL_DEVICE_AWARE,56,64,5,9,IDEALIZED_SINGLE_PAIR_GRADUAL,28672.0,96.19,96.14941352380949,False,False
TiOx_04,10.1007/s42835-019-00107-y,TiOx,FULL_DEVICE_AWARE,57,32,7,9,IDEALIZED_SINGLE_PAIR_GRADUAL,106496.0,96.19,96.2293267619048,False,False
TiOx_04,10.1007/s42835-019-00107-y,TiOx,FULL_DEVICE_AWARE,58,16,7,7,IDEALIZED_SINGLE_PAIR_GRADUAL,102400.0,96.19,96.22623971428601,False,False
TiOx_04,10.1007/s42835-019-00107-y,TiOx,FULL_DEVICE_AWARE,59,32,8,6,IDEALIZED_SINGLE_PAIR_GRADUAL,13312.0,96.19,96.18261290476195,False,False
TiOx_04,10.1007/s42835-019-00107-y,TiOx,FULL_DEVICE_AWARE,60,32,7,7,IDEALIZED_SINGLE_PAIR_GRADUAL,26624.0,96.19,96.22167592640706,False,False
TiOx_04,10.1007/s42835-019-00107-y,TiOx,FULL_DEVICE_AWARE,61,128,7,8,IDEALIZED_SINGLE_PAIR_GRADUAL,4096.0,96.19,96.2110424682539,False,False
TiOx_04,10.1007/s42835-019-00107-y,TiOx,FULL_DEVICE_AWARE,62,64,8,7,IDEALIZED_SINGLE_PAIR_GRADUAL,7168.0,96.19,96.25265923809536,False,False
TiOx_04,10.1007/s42835-019-00107-y,TiOx,FULL_DEVICE_AWARE,63,256,5,7,IDEALIZED_SINGLE_PAIR_GRADUAL,1280.0,96.19,96.11955712698413,False,False
TiOx_04,10.1007/s42835-019-00107-y,TiOx,FULL_DEVICE_AWARE,64,64,8,8,IDEALIZED_SINGLE_PAIR_GRADUAL,14336.0,96.18,96.20381116017315,False,False
TiOx_04,10.1007/s42835-019-00107-y,TiOx,FULL_DEVICE_AWARE,65,16,6,6,IDEALIZED_SINGLE_PAIR_GRADUAL,51200.0,96.17,96.20211938095228,False,False
TiOx_04,10.1007/s42835-019-00107-y,TiOx,FULL_DEVICE_AWARE,66,16,8,6,IDEALIZED_SINGLE_PAIR_GRADUAL,51200.0,96.17,96.21182561904753,False,False
TiOx_04,10.1007/s42835-019-00107-y,TiOx,FULL_DEVICE_AWARE,67,128,5,7,IDEALIZED_SINGLE_PAIR_GRADUAL,2048.0,96.17,96.15639240476189,False,False
TiOx_04,10.1007/s42835-019-00107-y,TiOx,FULL_DEVICE_AWARE,68,64,5,10,IDEALIZED_SINGLE_PAIR_GRADUAL,57344.0,96.17,96.13540537301593,False,False
TiOx_04,10.1007/s42835-019-00107-y,TiOx,FULL_DEVICE_AWARE,69,128,5,8,IDEALIZED_SINGLE_PAIR_GRADUAL,4096.0,96.17,96.16037258852259,False,False
TiOx_04,10.1007/s42835-019-00107-y,TiOx,FULL_DEVICE_AWARE,70,128,7,7,IDEALIZED_SINGLE_PAIR_GRADUAL,2048.0,96.16,96.17685982539676,False,False
TiOx_04,10.1007/s42835-019-00107-y,TiOx,FULL_DEVICE_AWARE,71,32,5,10,IDEALIZED_SINGLE_PAIR_GRADUAL,212992.0,96.16,96.12852161904772,False,False
TiOx_04,10.1007/s42835-019-00107-y,TiOx,FULL_DEVICE_AWARE,72,128,8,8,IDEALIZED_SINGLE_PAIR_GRADUAL,4096.0,96.16,96.20052358874456,False,False
TiOx_04,10.1007/s42835-019-00107-y,TiOx,FULL_DEVICE_AWARE,73,16,5,8,IDEALIZED_SINGLE_PAIR_GRADUAL,204800.0,96.15,96.14161433333328,False,False
TiOx_04,10.1007/s42835-019-00107-y,TiOx,FULL_DEVICE_AWARE,74,16,5,9,IDEALIZED_SINGLE_PAIR_GRADUAL,409600.0,96.15,96.14527774603167,False,False
TiOx_04,10.1007/s42835-019-00107-y,TiOx,FULL_DEVICE_AWARE,75,256,7,7,IDEALIZED_SINGLE_PAIR_GRADUAL,1280.0,96.15,96.16472167460303,False,False
TiOx_04,10.1007/s42835-019-00107-y,TiOx,FULL_DEVICE_AWARE,76,32,5,6,IDEALIZED_SINGLE_PAIR_GRADUAL,13312.0,96.15,96.10196474603181,False,False
TiOx_04,10.1007/s42835-019-00107-y,TiOx,FULL_DEVICE_AWARE,77,256,5,10,IDEALIZED_SINGLE_PAIR_GRADUAL,10240.0,96.14,96.1384446984125,False,False
TiOx_04,10.1007/s42835-019-00107-y,TiOx,FULL_DEVICE_AWARE,78,128,5,10,IDEALIZED_SINGLE_PAIR_GRADUAL,16384.0,96.14,96.13619570634917,False,False
TiOx_04,10.1007/s42835-019-00107-y,TiOx,FULL_DEVICE_AWARE,79,16,5,6,IDEALIZED_SINGLE_PAIR_GRADUAL,51200.0,96.14,96.11893025396824,False,False
TiOx_04,10.1007/s42835-019-00107-y,TiOx,FULL_DEVICE_AWARE,80,64,7,6,IDEALIZED_SINGLE_PAIR_GRADUAL,3584.0,96.13,96.10243303968245,False,False
TiOx_04,10.1007/s42835-019-00107-y,TiOx,FULL_DEVICE_AWARE,81,16,5,10,IDEALIZED_SINGLE_PAIR_GRADUAL,819200.0,96.13,96.12581576984137,False,False
TiOx_04,10.1007/s42835-019-00107-y,TiOx,FULL_DEVICE_AWARE,82,32,5,7,IDEALIZED_SINGLE_PAIR_GRADUAL,26624.0,96.13,96.18463825396807,False,False
TiOx_04,10.1007/s42835-019-00107-y,TiOx,FULL_DEVICE_AWARE,83,64,5,8,IDEALIZED_SINGLE_PAIR_GRADUAL,14336.0,96.13,96.17569500793658,False,False
TiOx_04,10.1007/s42835-019-00107-y,TiOx,FULL_DEVICE_AWARE,84,256,5,8,IDEALIZED_SINGLE_PAIR_GRADUAL,2560.0,96.12,96.13560404884016,False,False
TiOx_04,10.1007/s42835-019-00107-y,TiOx,FULL_DEVICE_AWARE,85,256,5,9,IDEALIZED_SINGLE_PAIR_GRADUAL,5120.0,96.12,96.14903860317455,False,False
TiOx_04,10.1007/s42835-019-00107-y,TiOx,FULL_DEVICE_AWARE,86,16,7,6,IDEALIZED_SINGLE_PAIR_GRADUAL,51200.0,96.12,96.18771757142846,False,False
TiOx_04,10.1007/s42835-019-00107-y,TiOx,FULL_DEVICE_AWARE,87,128,5,9,IDEALIZED_SINGLE_PAIR_GRADUAL,8192.0,96.12,96.15313943650797,False,False
TiOx_04,10.1007/s42835-019-00107-y,TiOx,FULL_DEVICE_AWARE,88,32,5,9,IDEALIZED_SINGLE_PAIR_GRADUAL,106496.0,96.11,96.14773392857144,False,False
TiOx_04,10.1007/s42835-019-00107-y,TiOx,FULL_DEVICE_AWARE,89,64,8,6,IDEALIZED_SINGLE_PAIR_GRADUAL,3584.0,96.11,96.10332625396823,False,False
TiOx_04,10.1007/s42835-019-00107-y,TiOx,FULL_DEVICE_AWARE,90,64,5,6,IDEALIZED_SINGLE_PAIR_GRADUAL,3584.0,96.11,96.10653412698417,False,False
TiOx_04,10.1007/s42835-019-00107-y,TiOx,FULL_DEVICE_AWARE,91,64,6,6,IDEALIZED_SINGLE_PAIR_GRADUAL,3584.0,96.11,96.11722868253972,False,False
TiOx_04,10.1007/s42835-019-00107-y,TiOx,FULL_DEVICE_AWARE,92,16,4,7,IDEALIZED_SINGLE_PAIR_GRADUAL,102400.0,96.1,96.10900766666661,False,False
TiOx_04,10.1007/s42835-019-00107-y,TiOx,FULL_DEVICE_AWARE,93,32,5,8,IDEALIZED_SINGLE_PAIR_GRADUAL,53248.0,96.1,96.15971442857136,False,False
TiOx_04,10.1007/s42835-019-00107-y,TiOx,FULL_DEVICE_AWARE,94,32,8,7,IDEALIZED_SINGLE_PAIR_GRADUAL,26624.0,96.1,96.22450499783561,False,False
TiOx_04,10.1007/s42835-019-00107-y,TiOx,FULL_DEVICE_AWARE,95,256,4,8,IDEALIZED_SINGLE_PAIR_GRADUAL,2560.0,96.1,96.04347840476174,False,False
TiOx_04,10.1007/s42835-019-00107-y,TiOx,FULL_DEVICE_AWARE,96,128,4,9,IDEALIZED_SINGLE_PAIR_GRADUAL,8192.0,96.09,96.04651476190469,False,False
TiOx_04,10.1007/s42835-019-00107-y,TiOx,FULL_DEVICE_AWARE,97,16,7,5,IDEALIZED_SINGLE_PAIR_GRADUAL,25600.0,96.09,96.14627922222223,False,False
TiOx_04,10.1007/s42835-019-00107-y,TiOx,FULL_DEVICE_AWARE,98,64,4,9,IDEALIZED_SINGLE_PAIR_GRADUAL,28672.0,96.09,96.06784853174594,False,False
TiOx_04,10.1007/s42835-019-00107-y,TiOx,FULL_DEVICE_AWARE,99,64,4,8,IDEALIZED_SINGLE_PAIR_GRADUAL,14336.0,96.09,96.04868417965362,False,False
TiOx_04,10.1007/s42835-019-00107-y,TiOx,FULL_DEVICE_AWARE,100,256,4,10,IDEALIZED_SINGLE_PAIR_GRADUAL,10240.0,96.08,96.06334621428557,False,False
TiOx_04,10.1007/s42835-019-00107-y,TiOx,FULL_DEVICE_AWARE,101,32,4,7,IDEALIZED_SINGLE_PAIR_GRADUAL,26624.0,96.08,96.09738735714285,False,False
TiOx_04,10.1007/s42835-019-00107-y,TiOx,FULL_DEVICE_AWARE,102,64,4,10,IDEALIZED_SINGLE_PAIR_GRADUAL,57344.0,96.08,96.06497276984122,False,False
TiOx_04,10.1007/s42835-019-00107-y,TiOx,FULL_DEVICE_AWARE,103,32,4,9,IDEALIZED_SINGLE_PAIR_GRADUAL,106496.0,96.07,96.06405453174608,False,False
TiOx_04,10.1007/s42835-019-00107-y,TiOx,FULL_DEVICE_AWARE,104,32,6,5,IDEALIZED_SINGLE_PAIR_GRADUAL,6656.0,96.07,95.89246929220772,False,False
TiOx_04,10.1007/s42835-019-00107-y,TiOx,FULL_DEVICE_AWARE,105,32,4,10,IDEALIZED_SINGLE_PAIR_GRADUAL,212992.0,96.07,96.06073312698418,False,False
TiOx_04,10.1007/s42835-019-00107-y,TiOx,FULL_DEVICE_AWARE,106,16,4,10,IDEALIZED_SINGLE_PAIR_GRADUAL,819200.0,96.07,96.06645788888883,False,False
TiOx_04,10.1007/s42835-019-00107-y,TiOx,FULL_DEVICE_AWARE,107,128,4,8,IDEALIZED_SINGLE_PAIR_GRADUAL,4096.0,96.06,96.03642854473289,False,False
TiOx_04,10.1007/s42835-019-00107-y,TiOx,FULL_DEVICE_AWARE,108,16,4,8,IDEALIZED_SINGLE_PAIR_GRADUAL,204800.0,96.06,96.06259862409813,False,False
TiOx_04,10.1007/s42835-019-00107-y,TiOx,FULL_DEVICE_AWARE,109,64,4,7,IDEALIZED_SINGLE_PAIR_GRADUAL,7168.0,96.06,96.06840657936516,False,False
TiOx_04,10.1007/s42835-019-00107-y,TiOx,FULL_DEVICE_AWARE,110,128,4,10,IDEALIZED_SINGLE_PAIR_GRADUAL,16384.0,96.05,96.06141966666651,False,False
TiOx_04,10.1007/s42835-019-00107-y,TiOx,FULL_DEVICE_AWARE,111,16,5,5,IDEALIZED_SINGLE_PAIR_GRADUAL,25600.0,96.05,95.97574407575759,False,False
TiOx_04,10.1007/s42835-019-00107-y,TiOx,FULL_DEVICE_AWARE,112,16,4,6,IDEALIZED_SINGLE_PAIR_GRADUAL,51200.0,96.05,96.02561048917768,False,False
TiOx_04,10.1007/s42835-019-00107-y,TiOx,FULL_DEVICE_AWARE,113,128,4,7,IDEALIZED_SINGLE_PAIR_GRADUAL,2048.0,96.05,96.04439948412704,False,False
TiOx_04,10.1007/s42835-019-00107-y,TiOx,FULL_DEVICE_AWARE,114,32,4,8,IDEALIZED_SINGLE_PAIR_GRADUAL,53248.0,96.04,96.05896171933622,False,False
TiOx_04,10.1007/s42835-019-00107-y,TiOx,FULL_DEVICE_AWARE,115,32,7,5,IDEALIZED_SINGLE_PAIR_GRADUAL,6656.0,96.04,95.94803657936508,False,False
TiOx_04,10.1007/s42835-019-00107-y,TiOx,FULL_DEVICE_AWARE,116,16,4,9,IDEALIZED_SINGLE_PAIR_GRADUAL,409600.0,96.03,96.07182031746036,False,False
TiOx_04,10.1007/s42835-019-00107-y,TiOx,FULL_DEVICE_AWARE,117,64,4,6,IDEALIZED_SINGLE_PAIR_GRADUAL,3584.0,96.03,95.93987448917737,False,False
TiOx_04,10.1007/s42835-019-00107-y,TiOx,FULL_DEVICE_AWARE,118,256,6,6,IDEALIZED_SINGLE_PAIR_GRADUAL,640.0,96.01,95.85003459307362,True,False
TiOx_04,10.1007/s42835-019-00107-y,TiOx,FULL_DEVICE_AWARE,119,256,4,9,IDEALIZED_SINGLE_PAIR_GRADUAL,5120.0,96.01,96.04785288095236,False,False
TiOx_04,10.1007/s42835-019-00107-y,TiOx,FULL_DEVICE_AWARE,120,32,4,6,IDEALIZED_SINGLE_PAIR_GRADUAL,13312.0,96.0,95.96423843362203,False,False
TiOx_04,10.1007/s42835-019-00107-y,TiOx,FULL_DEVICE_AWARE,121,256,4,7,IDEALIZED_SINGLE_PAIR_GRADUAL,1280.0,96.0,96.03953918253976,False,False
TiOx_04,10.1007/s42835-019-00107-y,TiOx,FULL_DEVICE_AWARE,122,32,8,5,IDEALIZED_SINGLE_PAIR_GRADUAL,6656.0,95.96,95.9662830079366,False,False
TiOx_04,10.1007/s42835-019-00107-y,TiOx,FULL_DEVICE_AWARE,123,256,8,6,IDEALIZED_SINGLE_PAIR_GRADUAL,640.0,95.96,95.85010338672426,False,False
TiOx_04,10.1007/s42835-019-00107-y,TiOx,FULL_DEVICE_AWARE,124,256,7,6,IDEALIZED_SINGLE_PAIR_GRADUAL,640.0,95.92,95.85702695815296,False,True
TiOx_04,10.1007/s42835-019-00107-y,TiOx,FULL_DEVICE_AWARE,125,128,5,6,IDEALIZED_SINGLE_PAIR_GRADUAL,1024.0,95.89,95.7304210238097,False,False
TiOx_04,10.1007/s42835-019-00107-y,TiOx,FULL_DEVICE_AWARE,126,128,8,6,IDEALIZED_SINGLE_PAIR_GRADUAL,1024.0,95.89,95.84723124386714,False,False
TiOx_04,10.1007/s42835-019-00107-y,TiOx,FULL_DEVICE_AWARE,127,128,6,6,IDEALIZED_SINGLE_PAIR_GRADUAL,1024.0,95.89,95.84696050577203,False,False
TiOx_04,10.1007/s42835-019-00107-y,TiOx,FULL_DEVICE_AWARE,128,128,7,6,IDEALIZED_SINGLE_PAIR_GRADUAL,1024.0,95.88,95.85406881529582,False,False
TiOx_04,10.1007/s42835-019-00107-y,TiOx,FULL_DEVICE_AWARE,129,16,4,5,IDEALIZED_SINGLE_PAIR_GRADUAL,25600.0,95.87,95.8985538968252,False,False
TiOx_04,10.1007/s42835-019-00107-y,TiOx,FULL_DEVICE_AWARE,130,128,4,6,IDEALIZED_SINGLE_PAIR_GRADUAL,1024.0,95.86,95.7506402222224,False,False
TiOx_04,10.1007/s42835-019-00107-y,TiOx,FULL_DEVICE_AWARE,131,32,5,5,IDEALIZED_SINGLE_PAIR_GRADUAL,6656.0,95.86,95.84553629220778,False,False
TiOx_04,10.1007/s42835-019-00107-y,TiOx,FULL_DEVICE_AWARE,132,256,5,6,IDEALIZED_SINGLE_PAIR_GRADUAL,640.0,95.82,95.75132788095262,False,False
TiOx_04,10.1007/s42835-019-00107-y,TiOx,FULL_DEVICE_AWARE,133,256,4,6,IDEALIZED_SINGLE_PAIR_GRADUAL,640.0,95.71,95.77820516666691,False,False
TiOx_04,10.1007/s42835-019-00107-y,TiOx,FULL_DEVICE_AWARE,134,64,7,5,IDEALIZED_SINGLE_PAIR_GRADUAL,1792.0,95.65,95.57329059729148,False,False
TiOx_04,10.1007/s42835-019-00107-y,TiOx,FULL_DEVICE_AWARE,135,32,4,5,IDEALIZED_SINGLE_PAIR_GRADUAL,6656.0,95.63,95.76506635497826,False,False
TiOx_04,10.1007/s42835-019-00107-y,TiOx,FULL_DEVICE_AWARE,136,16,5,4,IDEALIZED_SINGLE_PAIR_GRADUAL,12800.0,95.59,95.3015113253968,False,False
TiOx_04,10.1007/s42835-019-00107-y,TiOx,FULL_DEVICE_AWARE,137,16,7,4,IDEALIZED_SINGLE_PAIR_GRADUAL,12800.0,95.54,95.32006768253963,False,False
TiOx_04,10.1007/s42835-019-00107-y,TiOx,FULL_DEVICE_AWARE,138,64,8,5,IDEALIZED_SINGLE_PAIR_GRADUAL,1792.0,95.53,95.5638294544343,False,False
TiOx_04,10.1007/s42835-019-00107-y,TiOx,FULL_DEVICE_AWARE,139,64,6,5,IDEALIZED_SINGLE_PAIR_GRADUAL,1792.0,95.5,95.53720303235654,False,False
TiOx_04,10.1007/s42835-019-00107-y,TiOx,FULL_DEVICE_AWARE,140,64,4,5,IDEALIZED_SINGLE_PAIR_GRADUAL,1792.0,95.48,95.42926228571463,False,False
TiOx_04,10.1007/s42835-019-00107-y,TiOx,FULL_DEVICE_AWARE,141,16,6,4,IDEALIZED_SINGLE_PAIR_GRADUAL,12800.0,95.47,95.32240463492069,False,False
TiOx_04,10.1007/s42835-019-00107-y,TiOx,FULL_DEVICE_AWARE,142,64,5,5,IDEALIZED_SINGLE_PAIR_GRADUAL,1792.0,95.43,95.49999612759461,False,False
TiOx_04,10.1007/s42835-019-00107-y,TiOx,FULL_DEVICE_AWARE,143,16,4,4,IDEALIZED_SINGLE_PAIR_GRADUAL,12800.0,95.42,95.23882189682533,False,False
TiOx_04,10.1007/s42835-019-00107-y,TiOx,FULL_DEVICE_AWARE,144,16,8,4,IDEALIZED_SINGLE_PAIR_GRADUAL,12800.0,95.41,95.32080634920631,False,False
TiOx_04,10.1007/s42835-019-00107-y,TiOx,FULL_DEVICE_AWARE,145,128,7,5,IDEALIZED_SINGLE_PAIR_GRADUAL,512.0,94.5,94.43557736630034,True,False
TiOx_04,10.1007/s42835-019-00107-y,TiOx,FULL_DEVICE_AWARE,146,128,8,5,IDEALIZED_SINGLE_PAIR_GRADUAL,512.0,94.48,94.4397698901099,False,False
TiOx_04,10.1007/s42835-019-00107-y,TiOx,FULL_DEVICE_AWARE,147,128,6,5,IDEALIZED_SINGLE_PAIR_GRADUAL,512.0,94.39,94.45048410439566,False,True
TiOx_04,10.1007/s42835-019-00107-y,TiOx,FULL_DEVICE_AWARE,148,128,5,5,IDEALIZED_SINGLE_PAIR_GRADUAL,512.0,94.36,94.29461381746026,False,False
TiOx_04,10.1007/s42835-019-00107-y,TiOx,FULL_DEVICE_AWARE,149,32,7,4,IDEALIZED_SINGLE_PAIR_GRADUAL,3328.0,94.31,94.1792592142858,False,False
TiOx_04,10.1007/s42835-019-00107-y,TiOx,FULL_DEVICE_AWARE,150,32,8,4,IDEALIZED_SINGLE_PAIR_GRADUAL,3328.0,94.28,94.17934054761913,False,False
TiOx_04,10.1007/s42835-019-00107-y,TiOx,FULL_DEVICE_AWARE,151,128,4,5,IDEALIZED_SINGLE_PAIR_GRADUAL,512.0,94.26,94.18704396825397,False,False
TiOx_04,10.1007/s42835-019-00107-y,TiOx,FULL_DEVICE_AWARE,152,32,6,4,IDEALIZED_SINGLE_PAIR_GRADUAL,3328.0,94.26,94.14910500000002,False,False
TiOx_04,10.1007/s42835-019-00107-y,TiOx,FULL_DEVICE_AWARE,153,32,4,4,IDEALIZED_SINGLE_PAIR_GRADUAL,3328.0,94.11,94.09873064285718,False,False
TiOx_04,10.1007/s42835-019-00107-y,TiOx,FULL_DEVICE_AWARE,154,256,8,5,IDEALIZED_SINGLE_PAIR_GRADUAL,320.0,94.05,94.08813542857136,True,False
TiOx_04,10.1007/s42835-019-00107-y,TiOx,FULL_DEVICE_AWARE,155,256,6,5,IDEALIZED_SINGLE_PAIR_GRADUAL,320.0,94.03,94.06502778571428,False,False
TiOx_04,10.1007/s42835-019-00107-y,TiOx,FULL_DEVICE_AWARE,156,256,7,5,IDEALIZED_SINGLE_PAIR_GRADUAL,320.0,94.03,94.08924642857136,False,True
TiOx_04,10.1007/s42835-019-00107-y,TiOx,FULL_DEVICE_AWARE,157,32,5,4,IDEALIZED_SINGLE_PAIR_GRADUAL,3328.0,94.02,94.08770330952385,False,False
TiOx_04,10.1007/s42835-019-00107-y,TiOx,FULL_DEVICE_AWARE,158,256,4,5,IDEALIZED_SINGLE_PAIR_GRADUAL,320.0,93.97,93.8136006190478,False,False
TiOx_04,10.1007/s42835-019-00107-y,TiOx,FULL_DEVICE_AWARE,159,256,5,5,IDEALIZED_SINGLE_PAIR_GRADUAL,320.0,93.95,93.8540292380954,False,False
TiOx_04,10.1007/s42835-019-00107-y,TiOx,FULL_DEVICE_AWARE,160,32,3,8,IDEALIZED_SINGLE_PAIR_GRADUAL,53248.0,92.3,92.192521041514,False,False
TiOx_04,10.1007/s42835-019-00107-y,TiOx,FULL_DEVICE_AWARE,161,128,3,8,IDEALIZED_SINGLE_PAIR_GRADUAL,4096.0,92.3,92.21766737484737,False,False
TiOx_04,10.1007/s42835-019-00107-y,TiOx,FULL_DEVICE_AWARE,162,16,3,10,IDEALIZED_SINGLE_PAIR_GRADUAL,819200.0,92.24,92.22618657936492,False,False
TiOx_04,10.1007/s42835-019-00107-y,TiOx,FULL_DEVICE_AWARE,163,256,3,9,IDEALIZED_SINGLE_PAIR_GRADUAL,5120.0,92.24,92.20786779365078,False,False
TiOx_04,10.1007/s42835-019-00107-y,TiOx,FULL_DEVICE_AWARE,164,32,3,10,IDEALIZED_SINGLE_PAIR_GRADUAL,212992.0,92.23,92.22482834126963,False,False
TiOx_04,10.1007/s42835-019-00107-y,TiOx,FULL_DEVICE_AWARE,165,256,3,10,IDEALIZED_SINGLE_PAIR_GRADUAL,10240.0,92.22,92.2237059285715,False,False
TiOx_04,10.1007/s42835-019-00107-y,TiOx,FULL_DEVICE_AWARE,166,64,3,10,IDEALIZED_SINGLE_PAIR_GRADUAL,57344.0,92.22,92.21413557142851,False,False
TiOx_04,10.1007/s42835-019-00107-y,TiOx,FULL_DEVICE_AWARE,167,128,3,10,IDEALIZED_SINGLE_PAIR_GRADUAL,16384.0,92.21,92.21206071428573,False,False
TiOx_04,10.1007/s42835-019-00107-y,TiOx,FULL_DEVICE_AWARE,168,128,3,9,IDEALIZED_SINGLE_PAIR_GRADUAL,8192.0,92.21,92.20899363492069,False,False
TiOx_04,10.1007/s42835-019-00107-y,TiOx,FULL_DEVICE_AWARE,169,64,3,9,IDEALIZED_SINGLE_PAIR_GRADUAL,28672.0,92.21,92.21475061111103,False,False
TiOx_04,10.1007/s42835-019-00107-y,TiOx,FULL_DEVICE_AWARE,170,16,3,8,IDEALIZED_SINGLE_PAIR_GRADUAL,204800.0,92.2,92.20449404945043,False,False
TiOx_04,10.1007/s42835-019-00107-y,TiOx,FULL_DEVICE_AWARE,171,16,3,6,IDEALIZED_SINGLE_PAIR_GRADUAL,51200.0,92.2,92.12681642063481,False,False
TiOx_04,10.1007/s42835-019-00107-y,TiOx,FULL_DEVICE_AWARE,172,16,3,7,IDEALIZED_SINGLE_PAIR_GRADUAL,102400.0,92.2,92.19467573809544,False,False
TiOx_04,10.1007/s42835-019-00107-y,TiOx,FULL_DEVICE_AWARE,173,256,3,8,IDEALIZED_SINGLE_PAIR_GRADUAL,2560.0,92.2,92.23449670634918,False,False
TiOx_04,10.1007/s42835-019-00107-y,TiOx,FULL_DEVICE_AWARE,174,32,3,9,IDEALIZED_SINGLE_PAIR_GRADUAL,106496.0,92.19,92.2179823888887,False,False
TiOx_04,10.1007/s42835-019-00107-y,TiOx,FULL_DEVICE_AWARE,175,16,3,9,IDEALIZED_SINGLE_PAIR_GRADUAL,409600.0,92.18,92.21839050793636,False,False
TiOx_04,10.1007/s42835-019-00107-y,TiOx,FULL_DEVICE_AWARE,176,64,3,8,IDEALIZED_SINGLE_PAIR_GRADUAL,14336.0,92.15,92.19216001770455,False,False
TiOx_04,10.1007/s42835-019-00107-y,TiOx,FULL_DEVICE_AWARE,177,32,3,7,IDEALIZED_SINGLE_PAIR_GRADUAL,26624.0,92.13,92.19360435714299,False,False
TiOx_04,10.1007/s42835-019-00107-y,TiOx,FULL_DEVICE_AWARE,178,64,3,7,IDEALIZED_SINGLE_PAIR_GRADUAL,7168.0,92.07,92.07637159523814,False,False
TiOx_04,10.1007/s42835-019-00107-y,TiOx,FULL_DEVICE_AWARE,179,64,3,6,IDEALIZED_SINGLE_PAIR_GRADUAL,3584.0,92.01,92.0789434047619,False,False
TiOx_04,10.1007/s42835-019-00107-y,TiOx,FULL_DEVICE_AWARE,180,128,3,7,IDEALIZED_SINGLE_PAIR_GRADUAL,2048.0,91.94,92.06941496153847,False,False
TiOx_04,10.1007/s42835-019-00107-y,TiOx,FULL_DEVICE_AWARE,181,256,3,7,IDEALIZED_SINGLE_PAIR_GRADUAL,1280.0,91.93,92.09246667582423,False,False
TiOx_04,10.1007/s42835-019-00107-y,TiOx,FULL_DEVICE_AWARE,182,32,3,6,IDEALIZED_SINGLE_PAIR_GRADUAL,13312.0,91.89,92.12282723015862,False,False
TiOx_04,10.1007/s42835-019-00107-y,TiOx,FULL_DEVICE_AWARE,183,256,3,6,IDEALIZED_SINGLE_PAIR_GRADUAL,640.0,91.85,91.76180727777776,False,False
TiOx_04,10.1007/s42835-019-00107-y,TiOx,FULL_DEVICE_AWARE,184,128,3,6,IDEALIZED_SINGLE_PAIR_GRADUAL,1024.0,91.75,91.9449364603175,False,False
TiOx_04,10.1007/s42835-019-00107-y,TiOx,FULL_DEVICE_AWARE,185,16,3,5,IDEALIZED_SINGLE_PAIR_GRADUAL,25600.0,91.73,91.5618579523809,False,False
TiOx_04,10.1007/s42835-019-00107-y,TiOx,FULL_DEVICE_AWARE,186,32,3,5,IDEALIZED_SINGLE_PAIR_GRADUAL,6656.0,91.3,91.38080830952374,False,False
TiOx_04,10.1007/s42835-019-00107-y,TiOx,FULL_DEVICE_AWARE,187,64,3,5,IDEALIZED_SINGLE_PAIR_GRADUAL,1792.0,91.24,90.8371821904761,False,False
TiOx_04,10.1007/s42835-019-00107-y,TiOx,FULL_DEVICE_AWARE,188,64,4,4,IDEALIZED_SINGLE_PAIR_GRADUAL,896.0,90.66,90.69310872655107,False,False
TiOx_04,10.1007/s42835-019-00107-y,TiOx,FULL_DEVICE_AWARE,189,16,3,4,IDEALIZED_SINGLE_PAIR_GRADUAL,12800.0,90.41,90.3409370555556,False,False
TiOx_04,10.1007/s42835-019-00107-y,TiOx,FULL_DEVICE_AWARE,190,64,6,4,IDEALIZED_SINGLE_PAIR_GRADUAL,896.0,90.22,90.81627585353523,False,False
TiOx_04,10.1007/s42835-019-00107-y,TiOx,FULL_DEVICE_AWARE,191,128,3,5,IDEALIZED_SINGLE_PAIR_GRADUAL,512.0,89.97,89.95557724603165,False,False
TiOx_04,10.1007/s42835-019-00107-y,TiOx,FULL_DEVICE_AWARE,192,64,8,4,IDEALIZED_SINGLE_PAIR_GRADUAL,896.0,89.96,90.83084004401154,False,False
TiOx_04,10.1007/s42835-019-00107-y,TiOx,FULL_DEVICE_AWARE,193,64,5,4,IDEALIZED_SINGLE_PAIR_GRADUAL,896.0,89.94,90.7396451868685,False,False
TiOx_04,10.1007/s42835-019-00107-y,TiOx,FULL_DEVICE_AWARE,194,64,7,4,IDEALIZED_SINGLE_PAIR_GRADUAL,896.0,89.88,90.82953013924963,False,False
TiOx_04,10.1007/s42835-019-00107-y,TiOx,FULL_DEVICE_AWARE,195,32,3,4,IDEALIZED_SINGLE_PAIR_GRADUAL,3328.0,89.8,89.62654517460318,False,False
TiOx_04,10.1007/s42835-019-00107-y,TiOx,FULL_DEVICE_AWARE,196,256,3,5,IDEALIZED_SINGLE_PAIR_GRADUAL,320.0,89.62,89.56931446825384,False,False
TiOx_04,10.1007/s42835-019-00107-y,TiOx,FULL_DEVICE_AWARE,197,64,3,4,IDEALIZED_SINGLE_PAIR_GRADUAL,896.0,86.47,87.04181842063491,False,False
TiOx_04,10.1007/s42835-019-00107-y,TiOx,FULL_DEVICE_AWARE,198,256,4,4,IDEALIZED_SINGLE_PAIR_GRADUAL,160.0,77.76,77.8050716666666,True,True
TiOx_04,10.1007/s42835-019-00107-y,TiOx,FULL_DEVICE_AWARE,199,128,4,4,IDEALIZED_SINGLE_PAIR_GRADUAL,256.0,77.53,78.9619304126983,False,True
TiOx_04,10.1007/s42835-019-00107-y,TiOx,FULL_DEVICE_AWARE,200,256,8,4,IDEALIZED_SINGLE_PAIR_GRADUAL,160.0,76.33,77.2971874047618,False,False
TiOx_04,10.1007/s42835-019-00107-y,TiOx,FULL_DEVICE_AWARE,201,128,3,4,IDEALIZED_SINGLE_PAIR_GRADUAL,256.0,76.23,77.90181380158724,False,False
TiOx_04,10.1007/s42835-019-00107-y,TiOx,FULL_DEVICE_AWARE,202,128,6,4,IDEALIZED_SINGLE_PAIR_GRADUAL,256.0,76.18,78.55318999206342,False,False
TiOx_04,10.1007/s42835-019-00107-y,TiOx,FULL_DEVICE_AWARE,203,256,7,4,IDEALIZED_SINGLE_PAIR_GRADUAL,160.0,75.95,77.30026383333323,False,False
TiOx_04,10.1007/s42835-019-00107-y,TiOx,FULL_DEVICE_AWARE,204,128,8,4,IDEALIZED_SINGLE_PAIR_GRADUAL,256.0,75.89,78.41445894444436,False,False
TiOx_04,10.1007/s42835-019-00107-y,TiOx,FULL_DEVICE_AWARE,205,256,6,4,IDEALIZED_SINGLE_PAIR_GRADUAL,160.0,75.86,77.47035197619044,False,False
TiOx_04,10.1007/s42835-019-00107-y,TiOx,FULL_DEVICE_AWARE,206,128,7,4,IDEALIZED_SINGLE_PAIR_GRADUAL,256.0,75.6,78.41944537301579,False,False
TiOx_04,10.1007/s42835-019-00107-y,TiOx,FULL_DEVICE_AWARE,207,128,5,4,IDEALIZED_SINGLE_PAIR_GRADUAL,256.0,75.41,78.46177875396815,False,False
TiOx_04,10.1007/s42835-019-00107-y,TiOx,FULL_DEVICE_AWARE,208,256,5,4,IDEALIZED_SINGLE_PAIR_GRADUAL,160.0,75.4,77.44130719047615,False,False
TiOx_04,10.1007/s42835-019-00107-y,TiOx,FULL_DEVICE_AWARE,209,256,3,4,IDEALIZED_SINGLE_PAIR_GRADUAL,160.0,73.33,76.55014174603171,False,False
TiOx_04,10.1007/s42835-019-00107-y,TiOx,FULL_DEVICE_AWARE,210,64,2,4,IDEALIZED_SINGLE_PAIR_GRADUAL,896.0,12.54,12.11368406132755,False,False
TiOx_04,10.1007/s42835-019-00107-y,TiOx,FULL_DEVICE_AWARE,211,64,2,5,IDEALIZED_SINGLE_PAIR_GRADUAL,1792.0,12.05,11.204723664502145,False,False
TiOx_04,10.1007/s42835-019-00107-y,TiOx,FULL_DEVICE_AWARE,212,16,2,4,IDEALIZED_SINGLE_PAIR_GRADUAL,12800.0,12.0,11.923893458152966,False,False
TiOx_04,10.1007/s42835-019-00107-y,TiOx,FULL_DEVICE_AWARE,213,128,2,5,IDEALIZED_SINGLE_PAIR_GRADUAL,512.0,12.0,11.158768950216457,False,False
TiOx_04,10.1007/s42835-019-00107-y,TiOx,FULL_DEVICE_AWARE,214,256,2,5,IDEALIZED_SINGLE_PAIR_GRADUAL,320.0,11.85,11.184884999999996,False,False
TiOx_04,10.1007/s42835-019-00107-y,TiOx,FULL_DEVICE_AWARE,215,128,2,4,IDEALIZED_SINGLE_PAIR_GRADUAL,256.0,11.83,11.465280418470426,False,False
TiOx_04,10.1007/s42835-019-00107-y,TiOx,FULL_DEVICE_AWARE,216,32,2,5,IDEALIZED_SINGLE_PAIR_GRADUAL,6656.0,11.73,11.222587267676738,False,False
TiOx_04,10.1007/s42835-019-00107-y,TiOx,FULL_DEVICE_AWARE,217,32,2,4,IDEALIZED_SINGLE_PAIR_GRADUAL,3328.0,11.65,11.915438648629145,False,False
TiOx_04,10.1007/s42835-019-00107-y,TiOx,FULL_DEVICE_AWARE,218,16,2,5,IDEALIZED_SINGLE_PAIR_GRADUAL,25600.0,11.61,11.208456196248168,False,False
TiOx_04,10.1007/s42835-019-00107-y,TiOx,FULL_DEVICE_AWARE,219,256,2,8,IDEALIZED_SINGLE_PAIR_GRADUAL,2560.0,11.56,11.361828744588744,False,False
TiOx_04,10.1007/s42835-019-00107-y,TiOx,FULL_DEVICE_AWARE,220,128,2,8,IDEALIZED_SINGLE_PAIR_GRADUAL,4096.0,11.56,11.368224109668114,False,False
TiOx_04,10.1007/s42835-019-00107-y,TiOx,FULL_DEVICE_AWARE,221,32,2,10,IDEALIZED_SINGLE_PAIR_GRADUAL,212992.0,11.54,11.283714010100995,False,False
TiOx_04,10.1007/s42835-019-00107-y,TiOx,FULL_DEVICE_AWARE,222,16,2,10,IDEALIZED_SINGLE_PAIR_GRADUAL,819200.0,11.51,11.377861873015865,False,False
TiOx_04,10.1007/s42835-019-00107-y,TiOx,FULL_DEVICE_AWARE,223,64,2,10,IDEALIZED_SINGLE_PAIR_GRADUAL,57344.0,11.51,11.238601826118316,False,False
TiOx_04,10.1007/s42835-019-00107-y,TiOx,FULL_DEVICE_AWARE,224,16,2,8,IDEALIZED_SINGLE_PAIR_GRADUAL,204800.0,11.49,11.328321857142845,False,False
TiOx_04,10.1007/s42835-019-00107-y,TiOx,FULL_DEVICE_AWARE,225,256,2,7,IDEALIZED_SINGLE_PAIR_GRADUAL,1280.0,11.49,11.438419054112549,False,False
TiOx_04,10.1007/s42835-019-00107-y,TiOx,FULL_DEVICE_AWARE,226,128,2,7,IDEALIZED_SINGLE_PAIR_GRADUAL,2048.0,11.49,11.452287276334776,False,False
TiOx_04,10.1007/s42835-019-00107-y,TiOx,FULL_DEVICE_AWARE,227,128,2,10,IDEALIZED_SINGLE_PAIR_GRADUAL,16384.0,11.46,11.238760963203456,False,False
TiOx_04,10.1007/s42835-019-00107-y,TiOx,FULL_DEVICE_AWARE,228,256,2,10,IDEALIZED_SINGLE_PAIR_GRADUAL,10240.0,11.46,11.245514352092348,False,False
TiOx_04,10.1007/s42835-019-00107-y,TiOx,FULL_DEVICE_AWARE,229,64,2,8,IDEALIZED_SINGLE_PAIR_GRADUAL,14336.0,11.4,11.247064801587294,False,False
TiOx_04,10.1007/s42835-019-00107-y,TiOx,FULL_DEVICE_AWARE,230,16,2,6,IDEALIZED_SINGLE_PAIR_GRADUAL,51200.0,11.38,11.460005690476212,False,False
TiOx_04,10.1007/s42835-019-00107-y,TiOx,FULL_DEVICE_AWARE,231,32,2,8,IDEALIZED_SINGLE_PAIR_GRADUAL,53248.0,11.37,11.29650349999998,False,False
TiOx_04,10.1007/s42835-019-00107-y,TiOx,FULL_DEVICE_AWARE,232,32,2,6,IDEALIZED_SINGLE_PAIR_GRADUAL,13312.0,11.36,11.459084833333362,False,False
TiOx_04,10.1007/s42835-019-00107-y,TiOx,FULL_DEVICE_AWARE,233,16,2,9,IDEALIZED_SINGLE_PAIR_GRADUAL,409600.0,11.28,11.408309301587295,False,False
TiOx_04,10.1007/s42835-019-00107-y,TiOx,FULL_DEVICE_AWARE,234,256,2,9,IDEALIZED_SINGLE_PAIR_GRADUAL,5120.0,11.28,11.358979776334786,False,False
TiOx_04,10.1007/s42835-019-00107-y,TiOx,FULL_DEVICE_AWARE,235,32,2,7,IDEALIZED_SINGLE_PAIR_GRADUAL,26624.0,11.27,11.303024952380948,False,False
TiOx_04,10.1007/s42835-019-00107-y,TiOx,FULL_DEVICE_AWARE,236,64,2,9,IDEALIZED_SINGLE_PAIR_GRADUAL,28672.0,11.27,11.338796227994232,False,False
TiOx_04,10.1007/s42835-019-00107-y,TiOx,FULL_DEVICE_AWARE,237,128,2,9,IDEALIZED_SINGLE_PAIR_GRADUAL,8192.0,11.27,11.371042506493515,False,False
TiOx_04,10.1007/s42835-019-00107-y,TiOx,FULL_DEVICE_AWARE,238,32,2,9,IDEALIZED_SINGLE_PAIR_GRADUAL,106496.0,11.26,11.379237126262606,False,False
TiOx_04,10.1007/s42835-019-00107-y,TiOx,FULL_DEVICE_AWARE,239,256,2,4,IDEALIZED_SINGLE_PAIR_GRADUAL,160.0,11.23,11.043203692640697,False,False
TiOx_04,10.1007/s42835-019-00107-y,TiOx,FULL_DEVICE_AWARE,240,64,2,6,IDEALIZED_SINGLE_PAIR_GRADUAL,3584.0,11.18,11.46913609523812,False,False
TiOx_04,10.1007/s42835-019-00107-y,TiOx,FULL_DEVICE_AWARE,241,16,2,7,IDEALIZED_SINGLE_PAIR_GRADUAL,102400.0,11.14,11.324732738095234,False,False
TiOx_04,10.1007/s42835-019-00107-y,TiOx,FULL_DEVICE_AWARE,242,128,2,6,IDEALIZED_SINGLE_PAIR_GRADUAL,1024.0,11.11,11.58821673015873,False,False
TiOx_04,10.1007/s42835-019-00107-y,TiOx,FULL_DEVICE_AWARE,243,64,2,7,IDEALIZED_SINGLE_PAIR_GRADUAL,7168.0,11.06,11.228736253968249,False,False
TiOx_04,10.1007/s42835-019-00107-y,TiOx,FULL_DEVICE_AWARE,244,256,2,6,IDEALIZED_SINGLE_PAIR_GRADUAL,640.0,10.92,11.605894126984127,False,False
ZnO_01,10.3390/electronics7120445,ZnO,HARDWARE_ONLY,0,16,6,6,BINARY_BIT_SLICED_DIFFERENTIAL,256000.0,96.31,95.75487695857397,True,False
ZnO_01,10.3390/electronics7120445,ZnO,HARDWARE_ONLY,1,16,6,8,BINARY_BIT_SLICED_DIFFERENTIAL,1024000.0,96.3,96.2114869171775,False,False
ZnO_01,10.3390/electronics7120445,ZnO,HARDWARE_ONLY,2,64,6,8,BINARY_BIT_SLICED_DIFFERENTIAL,71680.0,96.3,96.04224557809513,False,False
ZnO_01,10.3390/electronics7120445,ZnO,HARDWARE_ONLY,3,256,6,10,BINARY_BIT_SLICED_DIFFERENTIAL,51200.0,96.3,96.23199265999018,True,True
ZnO_01,10.3390/electronics7120445,ZnO,HARDWARE_ONLY,4,16,6,10,BINARY_BIT_SLICED_DIFFERENTIAL,4096000.0,96.29,96.27007124343079,False,True
ZnO_01,10.3390/electronics7120445,ZnO,HARDWARE_ONLY,5,32,6,8,BINARY_BIT_SLICED_DIFFERENTIAL,266240.0,96.29,96.13543993600354,False,False
ZnO_01,10.3390/electronics7120445,ZnO,HARDWARE_ONLY,6,256,6,9,BINARY_BIT_SLICED_DIFFERENTIAL,25600.0,96.29,96.13706532878233,True,True
ZnO_01,10.3390/electronics7120445,ZnO,HARDWARE_ONLY,7,32,6,10,BINARY_BIT_SLICED_DIFFERENTIAL,1064960.0,96.29,96.26316621378422,False,False
ZnO_01,10.3390/electronics7120445,ZnO,HARDWARE_ONLY,8,16,6,7,BINARY_BIT_SLICED_DIFFERENTIAL,512000.0,96.28,96.03647343352368,False,False
ZnO_01,10.3390/electronics7120445,ZnO,HARDWARE_ONLY,9,64,6,10,BINARY_BIT_SLICED_DIFFERENTIAL,286720.0,96.28,96.26682661939375,False,True
ZnO_01,10.3390/electronics7120445,ZnO,HARDWARE_ONLY,10,32,6,7,BINARY_BIT_SLICED_DIFFERENTIAL,133120.0,96.28,95.9212192136929,False,False
ZnO_01,10.3390/electronics7120445,ZnO,HARDWARE_ONLY,11,256,8,10,BINARY_BIT_SLICED_DIFFERENTIAL,71680.0,96.28,96.20835060366599,False,False
ZnO_01,10.3390/electronics7120445,ZnO,HARDWARE_ONLY,12,16,8,9,BINARY_BIT_SLICED_DIFFERENTIAL,2867200.0,96.27,96.21359579331616,False,False
ZnO_01,10.3390/electronics7120445,ZnO,HARDWARE_ONLY,13,256,6,6,BINARY_BIT_SLICED_DIFFERENTIAL,3200.0,96.27,90.91709962630863,True,False
ZnO_01,10.3390/electronics7120445,ZnO,HARDWARE_ONLY,14,64,8,10,BINARY_BIT_SLICED_DIFFERENTIAL,401408.0,96.27,96.2183984749275,False,False
ZnO_01,10.3390/electronics7120445,ZnO,HARDWARE_ONLY,15,128,6,10,BINARY_BIT_SLICED_DIFFERENTIAL,81920.0,96.27,96.23910467611202,False,True
ZnO_01,10.3390/electronics7120445,ZnO,HARDWARE_ONLY,16,16,6,9,BINARY_BIT_SLICED_DIFFERENTIAL,2048000.0,96.27,96.227906884501,False,False
ZnO_01,10.3390/electronics7120445,ZnO,HARDWARE_ONLY,17,32,6,5,BINARY_BIT_SLICED_DIFFERENTIAL,33280.0,96.27,89.59330387513957,False,False
ZnO_01,10.3390/electronics7120445,ZnO,HARDWARE_ONLY,18,16,8,10,BINARY_BIT_SLICED_DIFFERENTIAL,5734400.0,96.27,96.22258437262904,False,False
ZnO_01,10.3390/electronics7120445,ZnO,HARDWARE_ONLY,19,128,8,10,BINARY_BIT_SLICED_DIFFERENTIAL,114688.0,96.27,96.1945170024612,False,False
ZnO_01,10.3390/electronics7120445,ZnO,HARDWARE_ONLY,20,256,6,7,BINARY_BIT_SLICED_DIFFERENTIAL,6400.0,96.27,93.86419489798058,False,False
ZnO_01,10.3390/electronics7120445,ZnO,HARDWARE_ONLY,21,128,7,7,BINARY_BIT_SLICED_DIFFERENTIAL,12288.0,96.27,94.6848364480487,False,False
ZnO_01,10.3390/electronics7120445,ZnO,HARDWARE_ONLY,22,32,8,8,BINARY_BIT_SLICED_DIFFERENTIAL,372736.0,96.26,96.11898655160358,False,False
ZnO_01,10.3390/electronics7120445,ZnO,HARDWARE_ONLY,23,32,8,7,BINARY_BIT_SLICED_DIFFERENTIAL,186368.0,96.26,95.91037903627307,False,False
ZnO_01,10.3390/electronics7120445,ZnO,HARDWARE_ONLY,24,128,8,7,BINARY_BIT_SLICED_DIFFERENTIAL,14336.0,96.26,94.84571237354841,False,False
ZnO_01,10.3390/electronics7120445,ZnO,HARDWARE_ONLY,25,64,6,9,BINARY_BIT_SLICED_DIFFERENTIAL,143360.0,96.26,96.20642946945605,False,False
ZnO_01,10.3390/electronics7120445,ZnO,HARDWARE_ONLY,26,32,8,10,BINARY_BIT_SLICED_DIFFERENTIAL,1490944.0,96.26,96.23052342840944,False,False
ZnO_01,10.3390/electronics7120445,ZnO,HARDWARE_ONLY,27,16,8,5,BINARY_BIT_SLICED_DIFFERENTIAL,179200.0,96.26,91.11457971517376,False,False
ZnO_01,10.3390/electronics7120445,ZnO,HARDWARE_ONLY,28,16,8,8,BINARY_BIT_SLICED_DIFFERENTIAL,1433600.0,96.26,96.16439364432163,False,False
ZnO_01,10.3390/electronics7120445,ZnO,HARDWARE_ONLY,29,16,8,7,BINARY_BIT_SLICED_DIFFERENTIAL,716800.0,96.26,96.03941130016543,False,False
ZnO_01,10.3390/electronics7120445,ZnO,HARDWARE_ONLY,30,32,6,9,BINARY_BIT_SLICED_DIFFERENTIAL,532480.0,96.26,96.22580984340175,False,False
ZnO_01,10.3390/electronics7120445,ZnO,HARDWARE_ONLY,31,128,6,8,BINARY_BIT_SLICED_DIFFERENTIAL,20480.0,96.25,95.89483726481282,False,False
ZnO_01,10.3390/electronics7120445,ZnO,HARDWARE_ONLY,32,256,7,7,BINARY_BIT_SLICED_DIFFERENTIAL,7680.0,96.25,93.89308621487653,False,False
ZnO_01,10.3390/electronics7120445,ZnO,HARDWARE_ONLY,33,256,6,8,BINARY_BIT_SLICED_DIFFERENTIAL,12800.0,96.25,95.83779108920322,False,True
ZnO_01,10.3390/electronics7120445,ZnO,HARDWARE_ONLY,34,16,8,6,BINARY_BIT_SLICED_DIFFERENTIAL,358400.0,96.25,95.72544723904177,False,False
ZnO_01,10.3390/electronics7120445,ZnO,HARDWARE_ONLY,35,128,6,7,BINARY_BIT_SLICED_DIFFERENTIAL,10240.0,96.24,94.79073472737682,False,False
ZnO_01,10.3390/electronics7120445,ZnO,HARDWARE_ONLY,36,256,7,10,BINARY_BIT_SLICED_DIFFERENTIAL,61440.0,96.24,96.18271757587016,False,False
ZnO_01,10.3390/electronics7120445,ZnO,HARDWARE_ONLY,37,32,5,6,BINARY_BIT_SLICED_DIFFERENTIAL,53248.0,96.24,95.07750629688637,False,False
ZnO_01,10.3390/electronics7120445,ZnO,HARDWARE_ONLY,38,32,6,4,BINARY_BIT_SLICED_DIFFERENTIAL,16640.0,96.24,80.3237191436577,False,False
ZnO_01,10.3390/electronics7120445,ZnO,HARDWARE_ONLY,39,32,7,8,BINARY_BIT_SLICED_DIFFERENTIAL,319488.0,96.24,96.14078161102465,False,False
ZnO_01,10.3390/electronics7120445,ZnO,HARDWARE_ONLY,40,16,6,5,BINARY_BIT_SLICED_DIFFERENTIAL,128000.0,96.24,91.20656145997663,False,False
ZnO_01,10.3390/electronics7120445,ZnO,HARDWARE_ONLY,41,256,8,7,BINARY_BIT_SLICED_DIFFERENTIAL,8960.0,96.24,93.83974601966256,False,False
ZnO_01,10.3390/electronics7120445,ZnO,HARDWARE_ONLY,42,128,6,9,BINARY_BIT_SLICED_DIFFERENTIAL,40960.0,96.24,96.15082638323437,False,True
ZnO_01,10.3390/electronics7120445,ZnO,HARDWARE_ONLY,43,16,7,7,BINARY_BIT_SLICED_DIFFERENTIAL,614400.0,96.24,96.05825754580714,False,False
ZnO_01,10.3390/electronics7120445,ZnO,HARDWARE_ONLY,44,32,8,9,BINARY_BIT_SLICED_DIFFERENTIAL,745472.0,96.23,96.22806350568543,False,False
ZnO_01,10.3390/electronics7120445,ZnO,HARDWARE_ONLY,45,64,8,5,BINARY_BIT_SLICED_DIFFERENTIAL,12544.0,96.23,87.75765566092443,False,False
ZnO_01,10.3390/electronics7120445,ZnO,HARDWARE_ONLY,46,128,8,8,BINARY_BIT_SLICED_DIFFERENTIAL,28672.0,96.23,95.79229029385158,False,False
ZnO_01,10.3390/electronics7120445,ZnO,HARDWARE_ONLY,47,64,8,7,BINARY_BIT_SLICED_DIFFERENTIAL,50176.0,96.23,95.62961422303019,False,False
ZnO_01,10.3390/electronics7120445,ZnO,HARDWARE_ONLY,48,64,5,7,BINARY_BIT_SLICED_DIFFERENTIAL,28672.0,96.23,95.54806827894275,False,False
ZnO_01,10.3390/electronics7120445,ZnO,HARDWARE_ONLY,49,16,7,8,BINARY_BIT_SLICED_DIFFERENTIAL,1228800.0,96.22,96.1845699508302,False,False
ZnO_01,10.3390/electronics7120445,ZnO,HARDWARE_ONLY,50,16,7,9,BINARY_BIT_SLICED_DIFFERENTIAL,2457600.0,96.22,96.20448276474343,False,False
ZnO_01,10.3390/electronics7120445,ZnO,HARDWARE_ONLY,51,32,7,10,BINARY_BIT_SLICED_DIFFERENTIAL,1277952.0,96.22,96.21710334293131,False,False
ZnO_01,10.3390/electronics7120445,ZnO,HARDWARE_ONLY,52,32,7,6,BINARY_BIT_SLICED_DIFFERENTIAL,79872.0,96.22,95.29226614871102,False,False
ZnO_01,10.3390/electronics7120445,ZnO,HARDWARE_ONLY,53,256,8,6,BINARY_BIT_SLICED_DIFFERENTIAL,4480.0,96.22,91.21956190723,False,False
ZnO_01,10.3390/electronics7120445,ZnO,HARDWARE_ONLY,54,64,6,6,BINARY_BIT_SLICED_DIFFERENTIAL,17920.0,96.22,94.15565651370211,False,False
ZnO_01,10.3390/electronics7120445,ZnO,HARDWARE_ONLY,55,64,6,7,BINARY_BIT_SLICED_DIFFERENTIAL,35840.0,96.22,95.64320974328328,False,False
ZnO_01,10.3390/electronics7120445,ZnO,HARDWARE_ONLY,56,64,7,10,BINARY_BIT_SLICED_DIFFERENTIAL,344064.0,96.22,96.20396241693113,False,False
ZnO_01,10.3390/electronics7120445,ZnO,HARDWARE_ONLY,57,64,8,9,BINARY_BIT_SLICED_DIFFERENTIAL,200704.0,96.22,96.18563706862425,False,False
ZnO_01,10.3390/electronics7120445,ZnO,HARDWARE_ONLY,58,64,7,7,BINARY_BIT_SLICED_DIFFERENTIAL,43008.0,96.22,95.60875550299949,False,False
ZnO_01,10.3390/electronics7120445,ZnO,HARDWARE_ONLY,59,128,7,10,BINARY_BIT_SLICED_DIFFERENTIAL,98304.0,96.22,96.19936306368821,False,False
ZnO_01,10.3390/electronics7120445,ZnO,HARDWARE_ONLY,60,128,8,9,BINARY_BIT_SLICED_DIFFERENTIAL,57344.0,96.22,96.13378917726453,False,False
ZnO_01,10.3390/electronics7120445,ZnO,HARDWARE_ONLY,61,16,7,6,BINARY_BIT_SLICED_DIFFERENTIAL,307200.0,96.22,95.7234196728296,False,False
ZnO_01,10.3390/electronics7120445,ZnO,HARDWARE_ONLY,62,256,8,9,BINARY_BIT_SLICED_DIFFERENTIAL,35840.0,96.22,96.12376384546612,False,False
ZnO_01,10.3390/electronics7120445,ZnO,HARDWARE_ONLY,63,32,8,6,BINARY_BIT_SLICED_DIFFERENTIAL,93184.0,96.21,95.23464397368474,False,False
ZnO_01,10.3390/electronics7120445,ZnO,HARDWARE_ONLY,64,32,7,5,BINARY_BIT_SLICED_DIFFERENTIAL,39936.0,96.21,90.16107714013116,False,False
ZnO_01,10.3390/electronics7120445,ZnO,HARDWARE_ONLY,65,16,7,5,BINARY_BIT_SLICED_DIFFERENTIAL,153600.0,96.21,91.28859538958108,False,False
ZnO_01,10.3390/electronics7120445,ZnO,HARDWARE_ONLY,66,32,7,7,BINARY_BIT_SLICED_DIFFERENTIAL,159744.0,96.21,95.89371393006674,False,False
ZnO_01,10.3390/electronics7120445,ZnO,HARDWARE_ONLY,67,32,7,9,BINARY_BIT_SLICED_DIFFERENTIAL,638976.0,96.21,96.19749911290675,False,False
ZnO_01,10.3390/electronics7120445,ZnO,HARDWARE_ONLY,68,16,7,10,BINARY_BIT_SLICED_DIFFERENTIAL,4915200.0,96.21,96.20222222263689,False,False
ZnO_01,10.3390/electronics7120445,ZnO,HARDWARE_ONLY,69,64,7,5,BINARY_BIT_SLICED_DIFFERENTIAL,10752.0,96.21,87.83580517952804,False,False
ZnO_01,10.3390/electronics7120445,ZnO,HARDWARE_ONLY,70,64,8,8,BINARY_BIT_SLICED_DIFFERENTIAL,100352.0,96.21,96.04271110785783,False,False
ZnO_01,10.3390/electronics7120445,ZnO,HARDWARE_ONLY,71,256,5,6,BINARY_BIT_SLICED_DIFFERENTIAL,2560.0,96.21,90.8484966442054,True,True
ZnO_01,10.3390/electronics7120445,ZnO,HARDWARE_ONLY,72,256,8,8,BINARY_BIT_SLICED_DIFFERENTIAL,17920.0,96.21,95.76460727494892,False,False
ZnO_01,10.3390/electronics7120445,ZnO,HARDWARE_ONLY,73,64,7,8,BINARY_BIT_SLICED_DIFFERENTIAL,86016.0,96.21,96.01899436523284,False,False
ZnO_01,10.3390/electronics7120445,ZnO,HARDWARE_ONLY,74,16,5,6,BINARY_BIT_SLICED_DIFFERENTIAL,204800.0,96.2,95.6702033555595,False,False
ZnO_01,10.3390/electronics7120445,ZnO,HARDWARE_ONLY,75,32,6,6,BINARY_BIT_SLICED_DIFFERENTIAL,66560.0,96.2,95.33951213593382,False,False
ZnO_01,10.3390/electronics7120445,ZnO,HARDWARE_ONLY,76,128,7,6,BINARY_BIT_SLICED_DIFFERENTIAL,6144.0,96.2,91.47043807497069,False,False
ZnO_01,10.3390/electronics7120445,ZnO,HARDWARE_ONLY,77,64,7,9,BINARY_BIT_SLICED_DIFFERENTIAL,172032.0,96.2,96.20017951115312,False,False
ZnO_01,10.3390/electronics7120445,ZnO,HARDWARE_ONLY,78,64,7,6,BINARY_BIT_SLICED_DIFFERENTIAL,21504.0,96.2,94.13521054558746,False,False
ZnO_01,10.3390/electronics7120445,ZnO,HARDWARE_ONLY,79,128,8,6,BINARY_BIT_SLICED_DIFFERENTIAL,7168.0,96.2,91.55335738478199,False,False
ZnO_01,10.3390/electronics7120445,ZnO,HARDWARE_ONLY,80,128,7,9,BINARY_BIT_SLICED_DIFFERENTIAL,49152.0,96.2,96.134865099165,False,False
ZnO_01,10.3390/electronics7120445,ZnO,HARDWARE_ONLY,81,256,7,9,BINARY_BIT_SLICED_DIFFERENTIAL,30720.0,96.2,96.12933790620319,False,False
ZnO_01,10.3390/electronics7120445,ZnO,HARDWARE_ONLY,82,256,7,6,BINARY_BIT_SLICED_DIFFERENTIAL,3840.0,96.2,91.04156313502027,False,False
ZnO_01,10.3390/electronics7120445,ZnO,HARDWARE_ONLY,83,256,7,8,BINARY_BIT_SLICED_DIFFERENTIAL,15360.0,96.2,95.83837748749292,False,False
ZnO_01,10.3390/electronics7120445,ZnO,HARDWARE_ONLY,84,32,8,5,BINARY_BIT_SLICED_DIFFERENTIAL,46592.0,96.2,89.48076523917021,False,False
ZnO_01,10.3390/electronics7120445,ZnO,HARDWARE_ONLY,85,128,7,8,BINARY_BIT_SLICED_DIFFERENTIAL,24576.0,96.19,95.81562587281272,False,False
ZnO_01,10.3390/electronics7120445,ZnO,HARDWARE_ONLY,86,256,5,8,BINARY_BIT_SLICED_DIFFERENTIAL,10240.0,96.19,95.61282766220639,False,False
ZnO_01,10.3390/electronics7120445,ZnO,HARDWARE_ONLY,87,64,6,5,BINARY_BIT_SLICED_DIFFERENTIAL,8960.0,96.19,87.20484499849027,False,False
ZnO_01,10.3390/electronics7120445,ZnO,HARDWARE_ONLY,88,64,5,6,BINARY_BIT_SLICED_DIFFERENTIAL,14336.0,96.19,94.26585557449252,False,False
ZnO_01,10.3390/electronics7120445,ZnO,HARDWARE_ONLY,89,64,8,6,BINARY_BIT_SLICED_DIFFERENTIAL,25088.0,96.19,94.23416437767291,False,False
ZnO_01,10.3390/electronics7120445,ZnO,HARDWARE_ONLY,90,32,5,8,BINARY_BIT_SLICED_DIFFERENTIAL,212992.0,96.18,96.08948816813908,False,False
ZnO_01,10.3390/electronics7120445,ZnO,HARDWARE_ONLY,91,16,8,4,BINARY_BIT_SLICED_DIFFERENTIAL,89600.0,96.17,83.03222643052688,False,False
ZnO_01,10.3390/electronics7120445,ZnO,HARDWARE_ONLY,92,32,5,7,BINARY_BIT_SLICED_DIFFERENTIAL,106496.0,96.17,95.85792207452853,False,False
ZnO_01,10.3390/electronics7120445,ZnO,HARDWARE_ONLY,93,256,5,7,BINARY_BIT_SLICED_DIFFERENTIAL,5120.0,96.17,93.6161517782447,False,True
ZnO_01,10.3390/electronics7120445,ZnO,HARDWARE_ONLY,94,16,7,4,BINARY_BIT_SLICED_DIFFERENTIAL,76800.0,96.17,83.70896741521807,False,False
ZnO_01,10.3390/electronics7120445,ZnO,HARDWARE_ONLY,95,128,5,8,BINARY_BIT_SLICED_DIFFERENTIAL,16384.0,96.17,95.78108877118791,False,False
ZnO_01,10.3390/electronics7120445,ZnO,HARDWARE_ONLY,96,128,6,6,BINARY_BIT_SLICED_DIFFERENTIAL,5120.0,96.17,91.55832748001842,False,False
ZnO_01,10.3390/electronics7120445,ZnO,HARDWARE_ONLY,97,16,5,5,BINARY_BIT_SLICED_DIFFERENTIAL,102400.0,96.16,91.4710545241767,False,False
ZnO_01,10.3390/electronics7120445,ZnO,HARDWARE_ONLY,98,32,5,5,BINARY_BIT_SLICED_DIFFERENTIAL,26624.0,96.15,89.68174124613111,False,False
ZnO_01,10.3390/electronics7120445,ZnO,HARDWARE_ONLY,99,32,8,4,BINARY_BIT_SLICED_DIFFERENTIAL,23296.0,96.15,80.93686940048245,False,False
ZnO_01,10.3390/electronics7120445,ZnO,HARDWARE_ONLY,100,16,5,10,BINARY_BIT_SLICED_DIFFERENTIAL,3276800.0,96.15,96.13099287224628,False,False
ZnO_01,10.3390/electronics7120445,ZnO,HARDWARE_ONLY,101,32,5,10,BINARY_BIT_SLICED_DIFFERENTIAL,851968.0,96.14,96.14047312677833,False,False
ZnO_01,10.3390/electronics7120445,ZnO,HARDWARE_ONLY,102,256,5,10,BINARY_BIT_SLICED_DIFFERENTIAL,40960.0,96.14,96.13428985981331,False,False
ZnO_01,10.3390/electronics7120445,ZnO,HARDWARE_ONLY,103,16,5,7,BINARY_BIT_SLICED_DIFFERENTIAL,409600.0,96.14,95.96166119398166,False,False
ZnO_01,10.3390/electronics7120445,ZnO,HARDWARE_ONLY,104,32,7,4,BINARY_BIT_SLICED_DIFFERENTIAL,19968.0,96.14,79.54154465602204,False,False
ZnO_01,10.3390/electronics7120445,ZnO,HARDWARE_ONLY,105,256,5,9,BINARY_BIT_SLICED_DIFFERENTIAL,20480.0,96.13,96.08373655683532,False,True
ZnO_01,10.3390/electronics7120445,ZnO,HARDWARE_ONLY,106,32,5,9,BINARY_BIT_SLICED_DIFFERENTIAL,425984.0,96.13,96.11321755403095,False,False
ZnO_01,10.3390/electronics7120445,ZnO,HARDWARE_ONLY,107,64,5,9,BINARY_BIT_SLICED_DIFFERENTIAL,114688.0,96.13,96.13158659445943,False,False
ZnO_01,10.3390/electronics7120445,ZnO,HARDWARE_ONLY,108,64,5,10,BINARY_BIT_SLICED_DIFFERENTIAL,229376.0,96.13,96.15961281342517,False,False
ZnO_01,10.3390/electronics7120445,ZnO,HARDWARE_ONLY,109,128,5,7,BINARY_BIT_SLICED_DIFFERENTIAL,8192.0,96.12,94.67826126838688,False,False
ZnO_01,10.3390/electronics7120445,ZnO,HARDWARE_ONLY,110,128,5,9,BINARY_BIT_SLICED_DIFFERENTIAL,32768.0,96.12,96.09633417818141,False,False
ZnO_01,10.3390/electronics7120445,ZnO,HARDWARE_ONLY,111,16,6,4,BINARY_BIT_SLICED_DIFFERENTIAL,64000.0,96.12,83.03020634756744,False,False
ZnO_01,10.3390/electronics7120445,ZnO,HARDWARE_ONLY,112,128,5,10,BINARY_BIT_SLICED_DIFFERENTIAL,65536.0,96.11,96.14260107944062,False,False
ZnO_01,10.3390/electronics7120445,ZnO,HARDWARE_ONLY,113,16,5,9,BINARY_BIT_SLICED_DIFFERENTIAL,1638400.0,96.11,96.15684011481481,False,False
ZnO_01,10.3390/electronics7120445,ZnO,HARDWARE_ONLY,114,16,5,8,BINARY_BIT_SLICED_DIFFERENTIAL,819200.0,96.11,96.12464390262673,False,False
ZnO_01,10.3390/electronics7120445,ZnO,HARDWARE_ONLY,115,128,5,6,BINARY_BIT_SLICED_DIFFERENTIAL,4096.0,96.11,91.68531765857351,False,False
ZnO_01,10.3390/electronics7120445,ZnO,HARDWARE_ONLY,116,16,4,6,BINARY_BIT_SLICED_DIFFERENTIAL,153600.0,96.1,95.54959147858303,False,False
ZnO_01,10.3390/electronics7120445,ZnO,HARDWARE_ONLY,117,64,5,8,BINARY_BIT_SLICED_DIFFERENTIAL,57344.0,96.1,95.98272144755899,False,False
ZnO_01,10.3390/electronics7120445,ZnO,HARDWARE_ONLY,118,64,4,7,BINARY_BIT_SLICED_DIFFERENTIAL,21504.0,96.1,95.41034911404046,False,False
ZnO_01,10.3390/electronics7120445,ZnO,HARDWARE_ONLY,119,16,4,7,BINARY_BIT_SLICED_DIFFERENTIAL,307200.0,96.09,95.93343550392412,False,False
ZnO_01,10.3390/electronics7120445,ZnO,HARDWARE_ONLY,120,64,4,5,BINARY_BIT_SLICED_DIFFERENTIAL,5376.0,96.09,86.55773136512768,False,False
ZnO_01,10.3390/electronics7120445,ZnO,HARDWARE_ONLY,121,256,8,5,BINARY_BIT_SLICED_DIFFERENTIAL,2240.0,96.09,81.98700954805366,True,False
ZnO_01,10.3390/electronics7120445,ZnO,HARDWARE_ONLY,122,128,4,6,BINARY_BIT_SLICED_DIFFERENTIAL,3072.0,96.08,91.67567878885833,False,True
ZnO_01,10.3390/electronics7120445,ZnO,HARDWARE_ONLY,123,64,4,6,BINARY_BIT_SLICED_DIFFERENTIAL,10752.0,96.08,94.26773483917394,False,False
ZnO_01,10.3390/electronics7120445,ZnO,HARDWARE_ONLY,124,256,4,10,BINARY_BIT_SLICED_DIFFERENTIAL,30720.0,96.07,96.04612805776111,False,False
ZnO_01,10.3390/electronics7120445,ZnO,HARDWARE_ONLY,125,16,4,9,BINARY_BIT_SLICED_DIFFERENTIAL,1228800.0,96.07,96.0591520477872,False,False
ZnO_01,10.3390/electronics7120445,ZnO,HARDWARE_ONLY,126,16,4,8,BINARY_BIT_SLICED_DIFFERENTIAL,614400.0,96.07,96.05577049837257,False,False
ZnO_01,10.3390/electronics7120445,ZnO,HARDWARE_ONLY,127,64,5,5,BINARY_BIT_SLICED_DIFFERENTIAL,7168.0,96.07,87.45342110208912,False,False
ZnO_01,10.3390/electronics7120445,ZnO,HARDWARE_ONLY,128,32,4,6,BINARY_BIT_SLICED_DIFFERENTIAL,39936.0,96.07,95.2690812319694,False,False
ZnO_01,10.3390/electronics7120445,ZnO,HARDWARE_ONLY,129,32,4,8,BINARY_BIT_SLICED_DIFFERENTIAL,159744.0,96.07,95.98557366045392,False,False
ZnO_01,10.3390/electronics7120445,ZnO,HARDWARE_ONLY,130,128,4,8,BINARY_BIT_SLICED_DIFFERENTIAL,12288.0,96.06,95.70895316012748,False,True
ZnO_01,10.3390/electronics7120445,ZnO,HARDWARE_ONLY,131,128,4,10,BINARY_BIT_SLICED_DIFFERENTIAL,49152.0,96.06,96.05919809187252,False,False
ZnO_01,10.3390/electronics7120445,ZnO,HARDWARE_ONLY,132,128,8,5,BINARY_BIT_SLICED_DIFFERENTIAL,3584.0,96.06,82.20852898615438,False,False
ZnO_01,10.3390/electronics7120445,ZnO,HARDWARE_ONLY,133,32,4,10,BINARY_BIT_SLICED_DIFFERENTIAL,638976.0,96.06,96.06518563077856,False,False
ZnO_01,10.3390/electronics7120445,ZnO,HARDWARE_ONLY,134,32,4,5,BINARY_BIT_SLICED_DIFFERENTIAL,19968.0,96.06,89.85688033572613,False,False
ZnO_01,10.3390/electronics7120445,ZnO,HARDWARE_ONLY,135,16,4,10,BINARY_BIT_SLICED_DIFFERENTIAL,2457600.0,96.06,96.07638672382197,False,False
ZnO_01,10.3390/electronics7120445,ZnO,HARDWARE_ONLY,136,16,5,4,BINARY_BIT_SLICED_DIFFERENTIAL,51200.0,96.06,82.37634104472897,False,False
ZnO_01,10.3390/electronics7120445,ZnO,HARDWARE_ONLY,137,64,4,10,BINARY_BIT_SLICED_DIFFERENTIAL,172032.0,96.06,96.05650663363605,False,False
ZnO_01,10.3390/electronics7120445,ZnO,HARDWARE_ONLY,138,32,4,7,BINARY_BIT_SLICED_DIFFERENTIAL,79872.0,96.05,95.81744143783831,False,False
ZnO_01,10.3390/electronics7120445,ZnO,HARDWARE_ONLY,139,128,6,5,BINARY_BIT_SLICED_DIFFERENTIAL,2560.0,96.05,82.40440948204727,False,False
ZnO_01,10.3390/electronics7120445,ZnO,HARDWARE_ONLY,140,256,4,8,BINARY_BIT_SLICED_DIFFERENTIAL,7680.0,96.05,95.67535372767904,False,True
ZnO_01,10.3390/electronics7120445,ZnO,HARDWARE_ONLY,141,256,4,9,BINARY_BIT_SLICED_DIFFERENTIAL,15360.0,96.05,95.97747005372898,False,True
ZnO_01,10.3390/electronics7120445,ZnO,HARDWARE_ONLY,142,64,4,8,BINARY_BIT_SLICED_DIFFERENTIAL,43008.0,96.04,95.91036821067013,False,False
ZnO_01,10.3390/electronics7120445,ZnO,HARDWARE_ONLY,143,128,4,9,BINARY_BIT_SLICED_DIFFERENTIAL,24576.0,96.04,95.99941577831804,False,False
ZnO_01,10.3390/electronics7120445,ZnO,HARDWARE_ONLY,144,64,7,4,BINARY_BIT_SLICED_DIFFERENTIAL,5376.0,96.04,74.66634728273193,False,False
ZnO_01,10.3390/electronics7120445,ZnO,HARDWARE_ONLY,145,256,4,7,BINARY_BIT_SLICED_DIFFERENTIAL,3840.0,96.04,93.55111153671008,False,True
ZnO_01,10.3390/electronics7120445,ZnO,HARDWARE_ONLY,146,256,6,5,BINARY_BIT_SLICED_DIFFERENTIAL,1600.0,96.04,81.41241448585217,True,False
ZnO_01,10.3390/electronics7120445,ZnO,HARDWARE_ONLY,147,256,4,6,BINARY_BIT_SLICED_DIFFERENTIAL,1920.0,96.04,90.6885829677801,False,True
ZnO_01,10.3390/electronics7120445,ZnO,HARDWARE_ONLY,148,32,4,9,BINARY_BIT_SLICED_DIFFERENTIAL,319488.0,96.04,96.06992894178296,False,False
ZnO_01,10.3390/electronics7120445,ZnO,HARDWARE_ONLY,149,64,4,9,BINARY_BIT_SLICED_DIFFERENTIAL,86016.0,96.03,96.06390043201078,False,False
ZnO_01,10.3390/electronics7120445,ZnO,HARDWARE_ONLY,150,128,4,7,BINARY_BIT_SLICED_DIFFERENTIAL,6144.0,96.03,94.6180747149227,False,True
ZnO_01,10.3390/electronics7120445,ZnO,HARDWARE_ONLY,151,32,5,4,BINARY_BIT_SLICED_DIFFERENTIAL,13312.0,95.99,80.30986453427741,False,False
ZnO_01,10.3390/electronics7120445,ZnO,HARDWARE_ONLY,152,32,4,4,BINARY_BIT_SLICED_DIFFERENTIAL,9984.0,95.97,79.87246384426876,False,False
ZnO_01,10.3390/electronics7120445,ZnO,HARDWARE_ONLY,153,16,4,5,BINARY_BIT_SLICED_DIFFERENTIAL,76800.0,95.96,91.9872184505277,False,False
ZnO_01,10.3390/electronics7120445,ZnO,HARDWARE_ONLY,154,64,8,4,BINARY_BIT_SLICED_DIFFERENTIAL,6272.0,95.95,74.66402248060677,False,False
ZnO_01,10.3390/electronics7120445,ZnO,HARDWARE_ONLY,155,16,4,4,BINARY_BIT_SLICED_DIFFERENTIAL,38400.0,95.95,82.90880702993674,False,False
ZnO_01,10.3390/electronics7120445,ZnO,HARDWARE_ONLY,156,256,7,5,BINARY_BIT_SLICED_DIFFERENTIAL,1920.0,95.94,81.03252098999535,False,False
ZnO_01,10.3390/electronics7120445,ZnO,HARDWARE_ONLY,157,64,6,4,BINARY_BIT_SLICED_DIFFERENTIAL,4480.0,95.93,73.97484271268925,False,False
ZnO_01,10.3390/electronics7120445,ZnO,HARDWARE_ONLY,158,128,5,5,BINARY_BIT_SLICED_DIFFERENTIAL,2048.0,95.91,81.69586015667672,False,False
ZnO_01,10.3390/electronics7120445,ZnO,HARDWARE_ONLY,159,128,7,5,BINARY_BIT_SLICED_DIFFERENTIAL,3072.0,95.9,81.48288932856329,False,False
ZnO_01,10.3390/electronics7120445,ZnO,HARDWARE_ONLY,160,256,4,5,BINARY_BIT_SLICED_DIFFERENTIAL,960.0,95.89,81.67137984878511,True,True
ZnO_01,10.3390/electronics7120445,ZnO,HARDWARE_ONLY,161,256,5,5,BINARY_BIT_SLICED_DIFFERENTIAL,1280.0,95.87,80.86820773511931,False,False
ZnO_01,10.3390/electronics7120445,ZnO,HARDWARE_ONLY,162,128,4,5,BINARY_BIT_SLICED_DIFFERENTIAL,1536.0,95.86,82.80495103551173,False,False
ZnO_01,10.3390/electronics7120445,ZnO,HARDWARE_ONLY,163,64,4,4,BINARY_BIT_SLICED_DIFFERENTIAL,2688.0,95.75,74.12945848876674,False,False
ZnO_01,10.3390/electronics7120445,ZnO,HARDWARE_ONLY,164,64,5,4,BINARY_BIT_SLICED_DIFFERENTIAL,3584.0,95.73,74.62029879301252,False,False
ZnO_01,10.3390/electronics7120445,ZnO,HARDWARE_ONLY,165,128,8,4,BINARY_BIT_SLICED_DIFFERENTIAL,1792.0,95.32,62.23078600894206,False,False
ZnO_01,10.3390/electronics7120445,ZnO,HARDWARE_ONLY,166,128,6,4,BINARY_BIT_SLICED_DIFFERENTIAL,1280.0,95.27,61.62530093035473,False,False
ZnO_01,10.3390/electronics7120445,ZnO,HARDWARE_ONLY,167,256,7,4,BINARY_BIT_SLICED_DIFFERENTIAL,960.0,95.27,57.67054981846248,False,False
ZnO_01,10.3390/electronics7120445,ZnO,HARDWARE_ONLY,168,128,7,4,BINARY_BIT_SLICED_DIFFERENTIAL,1536.0,95.24,61.2572324644593,False,False
ZnO_01,10.3390/electronics7120445,ZnO,HARDWARE_ONLY,169,256,8,4,BINARY_BIT_SLICED_DIFFERENTIAL,1120.0,95.19,57.688246405654816,False,False
ZnO_01,10.3390/electronics7120445,ZnO,HARDWARE_ONLY,170,256,6,4,BINARY_BIT_SLICED_DIFFERENTIAL,800.0,95.15,57.56140395729906,True,False
ZnO_01,10.3390/electronics7120445,ZnO,HARDWARE_ONLY,171,128,5,4,BINARY_BIT_SLICED_DIFFERENTIAL,1024.0,95.08,61.1655919033809,False,False
ZnO_01,10.3390/electronics7120445,ZnO,HARDWARE_ONLY,172,256,5,4,BINARY_BIT_SLICED_DIFFERENTIAL,640.0,95.07,57.83830577730957,True,False
ZnO_01,10.3390/electronics7120445,ZnO,HARDWARE_ONLY,173,128,4,4,BINARY_BIT_SLICED_DIFFERENTIAL,768.0,94.56,61.95933419677275,False,False
ZnO_01,10.3390/electronics7120445,ZnO,HARDWARE_ONLY,174,256,4,4,BINARY_BIT_SLICED_DIFFERENTIAL,480.0,94.44,58.80887276908715,True,True
ZnO_01,10.3390/electronics7120445,ZnO,HARDWARE_ONLY,175,128,3,9,BINARY_BIT_SLICED_DIFFERENTIAL,16384.0,92.26,92.08625218346027,False,False
ZnO_01,10.3390/electronics7120445,ZnO,HARDWARE_ONLY,176,32,3,9,BINARY_BIT_SLICED_DIFFERENTIAL,212992.0,92.26,92.15142689224366,False,False
ZnO_01,10.3390/electronics7120445,ZnO,HARDWARE_ONLY,177,16,3,5,BINARY_BIT_SLICED_DIFFERENTIAL,51200.0,92.25,88.32874043032994,False,False
ZnO_01,10.3390/electronics7120445,ZnO,HARDWARE_ONLY,178,64,3,9,BINARY_BIT_SLICED_DIFFERENTIAL,57344.0,92.25,92.09091466062527,False,False
ZnO_01,10.3390/electronics7120445,ZnO,HARDWARE_ONLY,179,16,3,10,BINARY_BIT_SLICED_DIFFERENTIAL,1638400.0,92.24,92.22345831042523,False,False
ZnO_01,10.3390/electronics7120445,ZnO,HARDWARE_ONLY,180,32,3,7,BINARY_BIT_SLICED_DIFFERENTIAL,53248.0,92.23,91.32610060704157,False,False
ZnO_01,10.3390/electronics7120445,ZnO,HARDWARE_ONLY,181,32,3,10,BINARY_BIT_SLICED_DIFFERENTIAL,425984.0,92.23,92.22235052031515,False,False
ZnO_01,10.3390/electronics7120445,ZnO,HARDWARE_ONLY,182,16,3,9,BINARY_BIT_SLICED_DIFFERENTIAL,819200.0,92.23,92.19846544614246,False,False
ZnO_01,10.3390/electronics7120445,ZnO,HARDWARE_ONLY,183,64,3,10,BINARY_BIT_SLICED_DIFFERENTIAL,114688.0,92.22,92.1985030672457,False,False
ZnO_01,10.3390/electronics7120445,ZnO,HARDWARE_ONLY,184,16,3,7,BINARY_BIT_SLICED_DIFFERENTIAL,204800.0,92.22,91.83361801294014,False,False
ZnO_01,10.3390/electronics7120445,ZnO,HARDWARE_ONLY,185,256,3,10,BINARY_BIT_SLICED_DIFFERENTIAL,20480.0,92.22,92.2151162141207,False,False
ZnO_01,10.3390/electronics7120445,ZnO,HARDWARE_ONLY,186,128,3,10,BINARY_BIT_SLICED_DIFFERENTIAL,32768.0,92.22,92.17894303174596,False,False
ZnO_01,10.3390/electronics7120445,ZnO,HARDWARE_ONLY,187,256,3,9,BINARY_BIT_SLICED_DIFFERENTIAL,10240.0,92.21,92.10986679257506,False,False
ZnO_01,10.3390/electronics7120445,ZnO,HARDWARE_ONLY,188,16,3,8,BINARY_BIT_SLICED_DIFFERENTIAL,409600.0,92.19,92.0858668818077,False,False
ZnO_01,10.3390/electronics7120445,ZnO,HARDWARE_ONLY,189,64,3,8,BINARY_BIT_SLICED_DIFFERENTIAL,28672.0,92.19,91.99940382279647,False,False
ZnO_01,10.3390/electronics7120445,ZnO,HARDWARE_ONLY,190,64,3,7,BINARY_BIT_SLICED_DIFFERENTIAL,14336.0,92.19,90.55371918763079,False,False
ZnO_01,10.3390/electronics7120445,ZnO,HARDWARE_ONLY,191,32,3,8,BINARY_BIT_SLICED_DIFFERENTIAL,106496.0,92.19,92.06106188980486,False,False
ZnO_01,10.3390/electronics7120445,ZnO,HARDWARE_ONLY,192,128,3,8,BINARY_BIT_SLICED_DIFFERENTIAL,8192.0,92.18,91.81145265971288,False,False
ZnO_01,10.3390/electronics7120445,ZnO,HARDWARE_ONLY,193,256,3,8,BINARY_BIT_SLICED_DIFFERENTIAL,5120.0,92.14,91.68557806784503,False,False
ZnO_01,10.3390/electronics7120445,ZnO,HARDWARE_ONLY,194,256,3,7,BINARY_BIT_SLICED_DIFFERENTIAL,2560.0,92.14,88.88278329810062,False,False
ZnO_01,10.3390/electronics7120445,ZnO,HARDWARE_ONLY,195,128,3,7,BINARY_BIT_SLICED_DIFFERENTIAL,4096.0,92.11,89.2574873807679,False,False
ZnO_01,10.3390/electronics7120445,ZnO,HARDWARE_ONLY,196,16,3,6,BINARY_BIT_SLICED_DIFFERENTIAL,102400.0,92.1,91.06663049112971,False,False
ZnO_01,10.3390/electronics7120445,ZnO,HARDWARE_ONLY,197,64,3,6,BINARY_BIT_SLICED_DIFFERENTIAL,7168.0,92.09,88.34618152224412,False,False
ZnO_01,10.3390/electronics7120445,ZnO,HARDWARE_ONLY,198,32,3,6,BINARY_BIT_SLICED_DIFFERENTIAL,26624.0,92.07,89.5374872139843,False,False
ZnO_01,10.3390/electronics7120445,ZnO,HARDWARE_ONLY,199,128,3,6,BINARY_BIT_SLICED_DIFFERENTIAL,2048.0,92.05,85.9876380133265,False,False
ZnO_01,10.3390/electronics7120445,ZnO,HARDWARE_ONLY,200,32,3,5,BINARY_BIT_SLICED_DIFFERENTIAL,13312.0,91.91,85.86903814021433,False,False
ZnO_01,10.3390/electronics7120445,ZnO,HARDWARE_ONLY,201,16,3,4,BINARY_BIT_SLICED_DIFFERENTIAL,25600.0,91.91,78.80582110100035,False,False
ZnO_01,10.3390/electronics7120445,ZnO,HARDWARE_ONLY,202,256,3,6,BINARY_BIT_SLICED_DIFFERENTIAL,1280.0,91.79,85.54892645609489,False,True
ZnO_01,10.3390/electronics7120445,ZnO,HARDWARE_ONLY,203,64,3,5,BINARY_BIT_SLICED_DIFFERENTIAL,3584.0,91.77,82.83948813365143,False,False
ZnO_01,10.3390/electronics7120445,ZnO,HARDWARE_ONLY,204,32,3,4,BINARY_BIT_SLICED_DIFFERENTIAL,6656.0,91.65,75.03678769744025,False,False
ZnO_01,10.3390/electronics7120445,ZnO,HARDWARE_ONLY,205,64,3,4,BINARY_BIT_SLICED_DIFFERENTIAL,1792.0,91.63,68.68610227489494,False,False
ZnO_01,10.3390/electronics7120445,ZnO,HARDWARE_ONLY,206,128,3,5,BINARY_BIT_SLICED_DIFFERENTIAL,1024.0,91.6,76.9733629631643,False,False
ZnO_01,10.3390/electronics7120445,ZnO,HARDWARE_ONLY,207,256,3,5,BINARY_BIT_SLICED_DIFFERENTIAL,640.0,91.45,76.10110454175079,False,True
ZnO_01,10.3390/electronics7120445,ZnO,HARDWARE_ONLY,208,128,3,4,BINARY_BIT_SLICED_DIFFERENTIAL,512.0,90.83,59.155413156728514,False,True
ZnO_01,10.3390/electronics7120445,ZnO,HARDWARE_ONLY,209,256,3,4,BINARY_BIT_SLICED_DIFFERENTIAL,320.0,90.46,55.08636300555889,True,True
ZnO_01,10.3390/electronics7120445,ZnO,HARDWARE_ONLY,210,16,2,4,BINARY_BIT_SLICED_DIFFERENTIAL,12800.0,12.06,11.060467330847269,False,False
ZnO_01,10.3390/electronics7120445,ZnO,HARDWARE_ONLY,211,256,2,5,BINARY_BIT_SLICED_DIFFERENTIAL,320.0,11.96,10.830410442972067,False,False
ZnO_01,10.3390/electronics7120445,ZnO,HARDWARE_ONLY,212,64,2,4,BINARY_BIT_SLICED_DIFFERENTIAL,896.0,11.91,11.222819983736342,False,False
ZnO_01,10.3390/electronics7120445,ZnO,HARDWARE_ONLY,213,32,2,4,BINARY_BIT_SLICED_DIFFERENTIAL,3328.0,11.91,10.981459432382984,False,False
ZnO_01,10.3390/electronics7120445,ZnO,HARDWARE_ONLY,214,128,2,5,BINARY_BIT_SLICED_DIFFERENTIAL,512.0,11.77,11.041342961239044,False,False
ZnO_01,10.3390/electronics7120445,ZnO,HARDWARE_ONLY,215,256,2,6,BINARY_BIT_SLICED_DIFFERENTIAL,640.0,11.73,10.871966753772377,False,False
ZnO_01,10.3390/electronics7120445,ZnO,HARDWARE_ONLY,216,32,2,5,BINARY_BIT_SLICED_DIFFERENTIAL,6656.0,11.73,11.169891854634429,False,False
ZnO_01,10.3390/electronics7120445,ZnO,HARDWARE_ONLY,217,128,2,6,BINARY_BIT_SLICED_DIFFERENTIAL,1024.0,11.68,10.978654745622023,False,False
ZnO_01,10.3390/electronics7120445,ZnO,HARDWARE_ONLY,218,16,2,10,BINARY_BIT_SLICED_DIFFERENTIAL,819200.0,11.53,11.404948316000988,False,False
ZnO_01,10.3390/electronics7120445,ZnO,HARDWARE_ONLY,219,128,2,7,BINARY_BIT_SLICED_DIFFERENTIAL,2048.0,11.53,11.188284244933177,False,False
ZnO_01,10.3390/electronics7120445,ZnO,HARDWARE_ONLY,220,256,2,7,BINARY_BIT_SLICED_DIFFERENTIAL,1280.0,11.52,11.127711365077307,False,False
ZnO_01,10.3390/electronics7120445,ZnO,HARDWARE_ONLY,221,16,2,8,BINARY_BIT_SLICED_DIFFERENTIAL,204800.0,11.51,11.370583754763205,False,False
ZnO_01,10.3390/electronics7120445,ZnO,HARDWARE_ONLY,222,256,2,8,BINARY_BIT_SLICED_DIFFERENTIAL,2560.0,11.5,11.421410917649336,False,False
ZnO_01,10.3390/electronics7120445,ZnO,HARDWARE_ONLY,223,16,2,5,BINARY_BIT_SLICED_DIFFERENTIAL,25600.0,11.48,11.1868343791519,False,False
ZnO_01,10.3390/electronics7120445,ZnO,HARDWARE_ONLY,224,128,2,8,BINARY_BIT_SLICED_DIFFERENTIAL,4096.0,11.48,11.45682478249365,False,False
ZnO_01,10.3390/electronics7120445,ZnO,HARDWARE_ONLY,225,64,2,6,BINARY_BIT_SLICED_DIFFERENTIAL,3584.0,11.48,11.013571077192415,False,False
ZnO_01,10.3390/electronics7120445,ZnO,HARDWARE_ONLY,226,32,2,10,BINARY_BIT_SLICED_DIFFERENTIAL,212992.0,11.39,11.264601126122235,False,False
ZnO_01,10.3390/electronics7120445,ZnO,HARDWARE_ONLY,227,32,2,7,BINARY_BIT_SLICED_DIFFERENTIAL,26624.0,11.38,11.254616353559484,False,False
ZnO_01,10.3390/electronics7120445,ZnO,HARDWARE_ONLY,228,32,2,8,BINARY_BIT_SLICED_DIFFERENTIAL,53248.0,11.37,11.34578237730896,False,False
ZnO_01,10.3390/electronics7120445,ZnO,HARDWARE_ONLY,229,16,2,6,BINARY_BIT_SLICED_DIFFERENTIAL,51200.0,11.37,11.234237074600228,False,False
ZnO_01,10.3390/electronics7120445,ZnO,HARDWARE_ONLY,230,16,2,7,BINARY_BIT_SLICED_DIFFERENTIAL,102400.0,11.36,11.302882621449328,False,False
ZnO_01,10.3390/electronics7120445,ZnO,HARDWARE_ONLY,231,64,2,8,BINARY_BIT_SLICED_DIFFERENTIAL,14336.0,11.35,11.34342536602777,False,False
ZnO_01,10.3390/electronics7120445,ZnO,HARDWARE_ONLY,232,64,2,5,BINARY_BIT_SLICED_DIFFERENTIAL,1792.0,11.33,11.196221958605916,False,False
ZnO_01,10.3390/electronics7120445,ZnO,HARDWARE_ONLY,233,64,2,10,BINARY_BIT_SLICED_DIFFERENTIAL,57344.0,11.33,11.25661875192618,False,False
ZnO_01,10.3390/electronics7120445,ZnO,HARDWARE_ONLY,234,256,2,10,BINARY_BIT_SLICED_DIFFERENTIAL,10240.0,11.3,11.327259803026186,False,False
ZnO_01,10.3390/electronics7120445,ZnO,HARDWARE_ONLY,235,32,2,6,BINARY_BIT_SLICED_DIFFERENTIAL,13312.0,11.27,11.084591528096933,False,False
ZnO_01,10.3390/electronics7120445,ZnO,HARDWARE_ONLY,236,128,2,10,BINARY_BIT_SLICED_DIFFERENTIAL,16384.0,11.24,11.309781880575313,False,False
ZnO_01,10.3390/electronics7120445,ZnO,HARDWARE_ONLY,237,64,2,7,BINARY_BIT_SLICED_DIFFERENTIAL,7168.0,11.23,11.02056018237697,False,False
ZnO_01,10.3390/electronics7120445,ZnO,HARDWARE_ONLY,238,256,2,9,BINARY_BIT_SLICED_DIFFERENTIAL,5120.0,11.21,11.265500618852347,False,False
ZnO_01,10.3390/electronics7120445,ZnO,HARDWARE_ONLY,239,128,2,9,BINARY_BIT_SLICED_DIFFERENTIAL,8192.0,11.21,11.306901232367904,False,False
ZnO_01,10.3390/electronics7120445,ZnO,HARDWARE_ONLY,240,64,2,9,BINARY_BIT_SLICED_DIFFERENTIAL,28672.0,11.19,11.254142413214241,False,False
ZnO_01,10.3390/electronics7120445,ZnO,HARDWARE_ONLY,241,16,2,9,BINARY_BIT_SLICED_DIFFERENTIAL,409600.0,11.17,11.353292407473496,False,False
ZnO_01,10.3390/electronics7120445,ZnO,HARDWARE_ONLY,242,32,2,9,BINARY_BIT_SLICED_DIFFERENTIAL,106496.0,11.14,11.284465660493197,False,False
ZnO_01,10.3390/electronics7120445,ZnO,HARDWARE_ONLY,243,128,2,4,BINARY_BIT_SLICED_DIFFERENTIAL,256.0,10.98,10.474480692394815,True,True
ZnO_01,10.3390/electronics7120445,ZnO,HARDWARE_ONLY,244,256,2,4,BINARY_BIT_SLICED_DIFFERENTIAL,160.0,10.16,10.059108745280694,True,True
ZnO_01,10.3390/electronics7120445,ZnO,FULL_DEVICE_AWARE,0,16,6,6,BINARY_BIT_SLICED_DIFFERENTIAL,256000.0,96.31,96.18506859523814,True,False
ZnO_01,10.3390/electronics7120445,ZnO,FULL_DEVICE_AWARE,1,16,6,8,BINARY_BIT_SLICED_DIFFERENTIAL,1024000.0,96.3,96.27711714285724,False,False
ZnO_01,10.3390/electronics7120445,ZnO,FULL_DEVICE_AWARE,2,64,6,8,BINARY_BIT_SLICED_DIFFERENTIAL,71680.0,96.3,96.26343857142847,False,False
ZnO_01,10.3390/electronics7120445,ZnO,FULL_DEVICE_AWARE,3,256,6,10,BINARY_BIT_SLICED_DIFFERENTIAL,51200.0,96.3,96.2760436904763,True,False
ZnO_01,10.3390/electronics7120445,ZnO,FULL_DEVICE_AWARE,4,16,6,10,BINARY_BIT_SLICED_DIFFERENTIAL,4096000.0,96.29,96.291930793651,False,False
ZnO_01,10.3390/electronics7120445,ZnO,FULL_DEVICE_AWARE,5,32,6,8,BINARY_BIT_SLICED_DIFFERENTIAL,266240.0,96.29,96.26063080952372,False,False
ZnO_01,10.3390/electronics7120445,ZnO,FULL_DEVICE_AWARE,6,256,6,9,BINARY_BIT_SLICED_DIFFERENTIAL,25600.0,96.29,96.23124465873013,True,False
ZnO_01,10.3390/electronics7120445,ZnO,FULL_DEVICE_AWARE,7,32,6,10,BINARY_BIT_SLICED_DIFFERENTIAL,1064960.0,96.29,96.28990813492088,False,False
ZnO_01,10.3390/electronics7120445,ZnO,FULL_DEVICE_AWARE,8,16,6,7,BINARY_BIT_SLICED_DIFFERENTIAL,512000.0,96.28,96.2465500396826,False,False
ZnO_01,10.3390/electronics7120445,ZnO,FULL_DEVICE_AWARE,9,64,6,10,BINARY_BIT_SLICED_DIFFERENTIAL,286720.0,96.28,96.28763899206366,False,False
ZnO_01,10.3390/electronics7120445,ZnO,FULL_DEVICE_AWARE,10,32,6,7,BINARY_BIT_SLICED_DIFFERENTIAL,133120.0,96.28,96.24463875396822,False,False
ZnO_01,10.3390/electronics7120445,ZnO,FULL_DEVICE_AWARE,11,256,8,10,BINARY_BIT_SLICED_DIFFERENTIAL,71680.0,96.28,96.2203606031748,False,False
ZnO_01,10.3390/electronics7120445,ZnO,FULL_DEVICE_AWARE,12,16,8,9,BINARY_BIT_SLICED_DIFFERENTIAL,2867200.0,96.27,96.24836007070715,False,False
ZnO_01,10.3390/electronics7120445,ZnO,FULL_DEVICE_AWARE,13,256,6,6,BINARY_BIT_SLICED_DIFFERENTIAL,3200.0,96.27,95.94603172222232,True,True
ZnO_01,10.3390/electronics7120445,ZnO,FULL_DEVICE_AWARE,14,64,8,10,BINARY_BIT_SLICED_DIFFERENTIAL,401408.0,96.27,96.24121280158735,False,False
ZnO_01,10.3390/electronics7120445,ZnO,FULL_DEVICE_AWARE,15,128,6,10,BINARY_BIT_SLICED_DIFFERENTIAL,81920.0,96.27,96.28409140476218,False,False
ZnO_01,10.3390/electronics7120445,ZnO,FULL_DEVICE_AWARE,16,16,6,9,BINARY_BIT_SLICED_DIFFERENTIAL,2048000.0,96.27,96.2737329126986,False,False
ZnO_01,10.3390/electronics7120445,ZnO,FULL_DEVICE_AWARE,17,32,6,5,BINARY_BIT_SLICED_DIFFERENTIAL,33280.0,96.27,95.95662009523811,False,False
ZnO_01,10.3390/electronics7120445,ZnO,FULL_DEVICE_AWARE,18,16,8,10,BINARY_BIT_SLICED_DIFFERENTIAL,5734400.0,96.27,96.25373319769122,False,False
ZnO_01,10.3390/electronics7120445,ZnO,FULL_DEVICE_AWARE,19,128,8,10,BINARY_BIT_SLICED_DIFFERENTIAL,114688.0,96.27,96.2277771904763,False,False
ZnO_01,10.3390/electronics7120445,ZnO,FULL_DEVICE_AWARE,20,256,6,7,BINARY_BIT_SLICED_DIFFERENTIAL,6400.0,96.27,96.19052841341987,False,True
ZnO_01,10.3390/electronics7120445,ZnO,FULL_DEVICE_AWARE,21,128,7,7,BINARY_BIT_SLICED_DIFFERENTIAL,12288.0,96.27,96.16636262698411,False,False
ZnO_01,10.3390/electronics7120445,ZnO,FULL_DEVICE_AWARE,22,32,8,8,BINARY_BIT_SLICED_DIFFERENTIAL,372736.0,96.26,96.21860771428572,False,False
ZnO_01,10.3390/electronics7120445,ZnO,FULL_DEVICE_AWARE,23,32,8,7,BINARY_BIT_SLICED_DIFFERENTIAL,186368.0,96.26,96.20606177777782,False,False
ZnO_01,10.3390/electronics7120445,ZnO,FULL_DEVICE_AWARE,24,128,8,7,BINARY_BIT_SLICED_DIFFERENTIAL,14336.0,96.26,96.18917454689752,False,False
ZnO_01,10.3390/electronics7120445,ZnO,FULL_DEVICE_AWARE,25,64,6,9,BINARY_BIT_SLICED_DIFFERENTIAL,143360.0,96.26,96.26665671428587,False,False
ZnO_01,10.3390/electronics7120445,ZnO,FULL_DEVICE_AWARE,26,32,8,10,BINARY_BIT_SLICED_DIFFERENTIAL,1490944.0,96.26,96.25736180880234,False,False
ZnO_01,10.3390/electronics7120445,ZnO,FULL_DEVICE_AWARE,27,16,8,5,BINARY_BIT_SLICED_DIFFERENTIAL,179200.0,96.26,96.15020465079374,False,False
ZnO_01,10.3390/electronics7120445,ZnO,FULL_DEVICE_AWARE,28,16,8,8,BINARY_BIT_SLICED_DIFFERENTIAL,1433600.0,96.26,96.23175626190476,False,False
ZnO_01,10.3390/electronics7120445,ZnO,FULL_DEVICE_AWARE,29,16,8,7,BINARY_BIT_SLICED_DIFFERENTIAL,716800.0,96.26,96.2248876269841,False,False
ZnO_01,10.3390/electronics7120445,ZnO,FULL_DEVICE_AWARE,30,32,6,9,BINARY_BIT_SLICED_DIFFERENTIAL,532480.0,96.26,96.26021783333339,False,False
ZnO_01,10.3390/electronics7120445,ZnO,FULL_DEVICE_AWARE,31,128,6,8,BINARY_BIT_SLICED_DIFFERENTIAL,20480.0,96.25,96.2980661291486,False,True
ZnO_01,10.3390/electronics7120445,ZnO,FULL_DEVICE_AWARE,32,256,7,7,BINARY_BIT_SLICED_DIFFERENTIAL,7680.0,96.25,96.15556230230862,False,False
ZnO_01,10.3390/electronics7120445,ZnO,FULL_DEVICE_AWARE,33,256,6,8,BINARY_BIT_SLICED_DIFFERENTIAL,12800.0,96.25,96.27332247835486,False,True
ZnO_01,10.3390/electronics7120445,ZnO,FULL_DEVICE_AWARE,34,16,8,6,BINARY_BIT_SLICED_DIFFERENTIAL,358400.0,96.25,96.18710261904756,False,False
ZnO_01,10.3390/electronics7120445,ZnO,FULL_DEVICE_AWARE,35,128,6,7,BINARY_BIT_SLICED_DIFFERENTIAL,10240.0,96.24,96.20895792857137,False,True
ZnO_01,10.3390/electronics7120445,ZnO,FULL_DEVICE_AWARE,36,256,7,10,BINARY_BIT_SLICED_DIFFERENTIAL,61440.0,96.24,96.21670175396834,False,False
ZnO_01,10.3390/electronics7120445,ZnO,FULL_DEVICE_AWARE,37,32,5,6,BINARY_BIT_SLICED_DIFFERENTIAL,53248.0,96.24,96.10175504328998,False,False
ZnO_01,10.3390/electronics7120445,ZnO,FULL_DEVICE_AWARE,38,32,6,4,BINARY_BIT_SLICED_DIFFERENTIAL,16640.0,96.24,94.33058438095237,False,False
ZnO_01,10.3390/electronics7120445,ZnO,FULL_DEVICE_AWARE,39,32,7,8,BINARY_BIT_SLICED_DIFFERENTIAL,319488.0,96.24,96.22588967460321,False,False
ZnO_01,10.3390/electronics7120445,ZnO,FULL_DEVICE_AWARE,40,16,6,5,BINARY_BIT_SLICED_DIFFERENTIAL,128000.0,96.24,96.14080954761913,False,False
ZnO_01,10.3390/electronics7120445,ZnO,FULL_DEVICE_AWARE,41,256,8,7,BINARY_BIT_SLICED_DIFFERENTIAL,8960.0,96.24,96.164019103896,False,False
ZnO_01,10.3390/electronics7120445,ZnO,FULL_DEVICE_AWARE,42,128,6,9,BINARY_BIT_SLICED_DIFFERENTIAL,40960.0,96.24,96.24662492857131,False,False
ZnO_01,10.3390/electronics7120445,ZnO,FULL_DEVICE_AWARE,43,16,7,7,BINARY_BIT_SLICED_DIFFERENTIAL,614400.0,96.24,96.23049084126995,False,False
ZnO_01,10.3390/electronics7120445,ZnO,FULL_DEVICE_AWARE,44,32,8,9,BINARY_BIT_SLICED_DIFFERENTIAL,745472.0,96.23,96.25447022150081,False,False
ZnO_01,10.3390/electronics7120445,ZnO,FULL_DEVICE_AWARE,45,64,8,5,BINARY_BIT_SLICED_DIFFERENTIAL,12544.0,96.23,95.55971600000004,False,False
ZnO_01,10.3390/electronics7120445,ZnO,FULL_DEVICE_AWARE,46,128,8,8,BINARY_BIT_SLICED_DIFFERENTIAL,28672.0,96.23,96.18747819841266,False,False
ZnO_01,10.3390/electronics7120445,ZnO,FULL_DEVICE_AWARE,47,64,8,7,BINARY_BIT_SLICED_DIFFERENTIAL,50176.0,96.23,96.22484984271273,False,False
ZnO_01,10.3390/electronics7120445,ZnO,FULL_DEVICE_AWARE,48,64,5,7,BINARY_BIT_SLICED_DIFFERENTIAL,28672.0,96.23,96.20241103968247,False,False
ZnO_01,10.3390/electronics7120445,ZnO,FULL_DEVICE_AWARE,49,16,7,8,BINARY_BIT_SLICED_DIFFERENTIAL,1228800.0,96.22,96.2306326428572,False,False
ZnO_01,10.3390/electronics7120445,ZnO,FULL_DEVICE_AWARE,50,16,7,9,BINARY_BIT_SLICED_DIFFERENTIAL,2457600.0,96.22,96.21786939682536,False,False
ZnO_01,10.3390/electronics7120445,ZnO,FULL_DEVICE_AWARE,51,32,7,10,BINARY_BIT_SLICED_DIFFERENTIAL,1277952.0,96.22,96.2157631601732,False,False
ZnO_01,10.3390/electronics7120445,ZnO,FULL_DEVICE_AWARE,52,32,7,6,BINARY_BIT_SLICED_DIFFERENTIAL,79872.0,96.22,96.21060182539685,False,False
ZnO_01,10.3390/electronics7120445,ZnO,FULL_DEVICE_AWARE,53,256,8,6,BINARY_BIT_SLICED_DIFFERENTIAL,4480.0,96.22,95.94868872222227,False,False
ZnO_01,10.3390/electronics7120445,ZnO,FULL_DEVICE_AWARE,54,64,6,6,BINARY_BIT_SLICED_DIFFERENTIAL,17920.0,96.22,96.12113466666669,False,False
ZnO_01,10.3390/electronics7120445,ZnO,FULL_DEVICE_AWARE,55,64,6,7,BINARY_BIT_SLICED_DIFFERENTIAL,35840.0,96.22,96.22844205699853,False,False
ZnO_01,10.3390/electronics7120445,ZnO,FULL_DEVICE_AWARE,56,64,7,10,BINARY_BIT_SLICED_DIFFERENTIAL,344064.0,96.22,96.22078758585843,False,False
ZnO_01,10.3390/electronics7120445,ZnO,FULL_DEVICE_AWARE,57,64,8,9,BINARY_BIT_SLICED_DIFFERENTIAL,200704.0,96.22,96.23269092857142,False,False
ZnO_01,10.3390/electronics7120445,ZnO,FULL_DEVICE_AWARE,58,64,7,7,BINARY_BIT_SLICED_DIFFERENTIAL,43008.0,96.22,96.23237193795084,False,False
ZnO_01,10.3390/electronics7120445,ZnO,FULL_DEVICE_AWARE,59,128,7,10,BINARY_BIT_SLICED_DIFFERENTIAL,98304.0,96.22,96.22758172222211,False,False
ZnO_01,10.3390/electronics7120445,ZnO,FULL_DEVICE_AWARE,60,128,8,9,BINARY_BIT_SLICED_DIFFERENTIAL,57344.0,96.22,96.21836029365076,False,False
ZnO_01,10.3390/electronics7120445,ZnO,FULL_DEVICE_AWARE,61,16,7,6,BINARY_BIT_SLICED_DIFFERENTIAL,307200.0,96.22,96.16759667460313,False,False
ZnO_01,10.3390/electronics7120445,ZnO,FULL_DEVICE_AWARE,62,256,8,9,BINARY_BIT_SLICED_DIFFERENTIAL,35840.0,96.22,96.20625361111118,False,False
ZnO_01,10.3390/electronics7120445,ZnO,FULL_DEVICE_AWARE,63,32,8,6,BINARY_BIT_SLICED_DIFFERENTIAL,93184.0,96.21,96.21948679365083,False,False
ZnO_01,10.3390/electronics7120445,ZnO,FULL_DEVICE_AWARE,64,32,7,5,BINARY_BIT_SLICED_DIFFERENTIAL,39936.0,96.21,95.99629661111123,False,False
ZnO_01,10.3390/electronics7120445,ZnO,FULL_DEVICE_AWARE,65,16,7,5,BINARY_BIT_SLICED_DIFFERENTIAL,153600.0,96.21,96.13924976984129,False,False
ZnO_01,10.3390/electronics7120445,ZnO,FULL_DEVICE_AWARE,66,32,7,7,BINARY_BIT_SLICED_DIFFERENTIAL,159744.0,96.21,96.22753676984128,False,False
ZnO_01,10.3390/electronics7120445,ZnO,FULL_DEVICE_AWARE,67,32,7,9,BINARY_BIT_SLICED_DIFFERENTIAL,638976.0,96.21,96.22060902380949,False,False
ZnO_01,10.3390/electronics7120445,ZnO,FULL_DEVICE_AWARE,68,16,7,10,BINARY_BIT_SLICED_DIFFERENTIAL,4915200.0,96.21,96.2195451522368,False,False
ZnO_01,10.3390/electronics7120445,ZnO,FULL_DEVICE_AWARE,69,64,7,5,BINARY_BIT_SLICED_DIFFERENTIAL,10752.0,96.21,95.58822830158738,False,False
ZnO_01,10.3390/electronics7120445,ZnO,FULL_DEVICE_AWARE,70,64,8,8,BINARY_BIT_SLICED_DIFFERENTIAL,100352.0,96.21,96.19940532539685,False,False
ZnO_01,10.3390/electronics7120445,ZnO,FULL_DEVICE_AWARE,71,256,5,6,BINARY_BIT_SLICED_DIFFERENTIAL,2560.0,96.21,95.856301484127,True,True
ZnO_01,10.3390/electronics7120445,ZnO,FULL_DEVICE_AWARE,72,256,8,8,BINARY_BIT_SLICED_DIFFERENTIAL,17920.0,96.21,96.20154419841263,False,False
ZnO_01,10.3390/electronics7120445,ZnO,FULL_DEVICE_AWARE,73,64,7,8,BINARY_BIT_SLICED_DIFFERENTIAL,86016.0,96.21,96.2044608585858,False,False
ZnO_01,10.3390/electronics7120445,ZnO,FULL_DEVICE_AWARE,74,16,5,6,BINARY_BIT_SLICED_DIFFERENTIAL,204800.0,96.2,96.11204392424239,False,False
ZnO_01,10.3390/electronics7120445,ZnO,FULL_DEVICE_AWARE,75,32,6,6,BINARY_BIT_SLICED_DIFFERENTIAL,66560.0,96.2,96.21544395238108,False,False
ZnO_01,10.3390/electronics7120445,ZnO,FULL_DEVICE_AWARE,76,128,7,6,BINARY_BIT_SLICED_DIFFERENTIAL,6144.0,96.2,95.89758711904742,False,False
ZnO_01,10.3390/electronics7120445,ZnO,FULL_DEVICE_AWARE,77,64,7,9,BINARY_BIT_SLICED_DIFFERENTIAL,172032.0,96.2,96.22383892857131,False,False
ZnO_01,10.3390/electronics7120445,ZnO,FULL_DEVICE_AWARE,78,64,7,6,BINARY_BIT_SLICED_DIFFERENTIAL,21504.0,96.2,96.11099730952394,False,False
ZnO_01,10.3390/electronics7120445,ZnO,FULL_DEVICE_AWARE,79,128,8,6,BINARY_BIT_SLICED_DIFFERENTIAL,7168.0,96.2,95.89864057936491,False,False
ZnO_01,10.3390/electronics7120445,ZnO,FULL_DEVICE_AWARE,80,128,7,9,BINARY_BIT_SLICED_DIFFERENTIAL,49152.0,96.2,96.2168089444443,False,False
ZnO_01,10.3390/electronics7120445,ZnO,FULL_DEVICE_AWARE,81,256,7,9,BINARY_BIT_SLICED_DIFFERENTIAL,30720.0,96.2,96.20585627777787,False,False
ZnO_01,10.3390/electronics7120445,ZnO,FULL_DEVICE_AWARE,82,256,7,6,BINARY_BIT_SLICED_DIFFERENTIAL,3840.0,96.2,95.94840986507941,False,False
ZnO_01,10.3390/electronics7120445,ZnO,FULL_DEVICE_AWARE,83,256,7,8,BINARY_BIT_SLICED_DIFFERENTIAL,15360.0,96.2,96.21560708874455,False,False
ZnO_01,10.3390/electronics7120445,ZnO,FULL_DEVICE_AWARE,84,32,8,5,BINARY_BIT_SLICED_DIFFERENTIAL,46592.0,96.2,95.98569345238097,False,False
ZnO_01,10.3390/electronics7120445,ZnO,FULL_DEVICE_AWARE,85,128,7,8,BINARY_BIT_SLICED_DIFFERENTIAL,24576.0,96.19,96.20124292207777,False,False
ZnO_01,10.3390/electronics7120445,ZnO,FULL_DEVICE_AWARE,86,256,5,8,BINARY_BIT_SLICED_DIFFERENTIAL,10240.0,96.19,96.11360207936504,False,False
ZnO_01,10.3390/electronics7120445,ZnO,FULL_DEVICE_AWARE,87,64,6,5,BINARY_BIT_SLICED_DIFFERENTIAL,8960.0,96.19,95.52448976984137,False,False
ZnO_01,10.3390/electronics7120445,ZnO,FULL_DEVICE_AWARE,88,64,5,6,BINARY_BIT_SLICED_DIFFERENTIAL,14336.0,96.19,96.11605968614712,False,False
ZnO_01,10.3390/electronics7120445,ZnO,FULL_DEVICE_AWARE,89,64,8,6,BINARY_BIT_SLICED_DIFFERENTIAL,25088.0,96.19,96.10126328571427,False,False
ZnO_01,10.3390/electronics7120445,ZnO,FULL_DEVICE_AWARE,90,32,5,8,BINARY_BIT_SLICED_DIFFERENTIAL,212992.0,96.18,96.12888206854262,False,False
ZnO_01,10.3390/electronics7120445,ZnO,FULL_DEVICE_AWARE,91,16,8,4,BINARY_BIT_SLICED_DIFFERENTIAL,89600.0,96.17,95.34049311111106,False,False
ZnO_01,10.3390/electronics7120445,ZnO,FULL_DEVICE_AWARE,92,32,5,7,BINARY_BIT_SLICED_DIFFERENTIAL,106496.0,96.17,96.17239758730153,False,False
ZnO_01,10.3390/electronics7120445,ZnO,FULL_DEVICE_AWARE,93,256,5,7,BINARY_BIT_SLICED_DIFFERENTIAL,5120.0,96.17,96.13204772222227,False,True
ZnO_01,10.3390/electronics7120445,ZnO,FULL_DEVICE_AWARE,94,16,7,4,BINARY_BIT_SLICED_DIFFERENTIAL,76800.0,96.17,95.36114775396817,False,False
ZnO_01,10.3390/electronics7120445,ZnO,FULL_DEVICE_AWARE,95,128,5,8,BINARY_BIT_SLICED_DIFFERENTIAL,16384.0,96.17,96.15081571428554,False,False
ZnO_01,10.3390/electronics7120445,ZnO,FULL_DEVICE_AWARE,96,128,6,6,BINARY_BIT_SLICED_DIFFERENTIAL,5120.0,96.17,95.8976737619046,False,False
ZnO_01,10.3390/electronics7120445,ZnO,FULL_DEVICE_AWARE,97,16,5,5,BINARY_BIT_SLICED_DIFFERENTIAL,102400.0,96.16,95.99134483333329,False,False
ZnO_01,10.3390/electronics7120445,ZnO,FULL_DEVICE_AWARE,98,32,5,5,BINARY_BIT_SLICED_DIFFERENTIAL,26624.0,96.15,95.85909611904746,False,False
ZnO_01,10.3390/electronics7120445,ZnO,FULL_DEVICE_AWARE,99,32,8,4,BINARY_BIT_SLICED_DIFFERENTIAL,23296.0,96.15,94.37462796825383,False,False
ZnO_01,10.3390/electronics7120445,ZnO,FULL_DEVICE_AWARE,100,16,5,10,BINARY_BIT_SLICED_DIFFERENTIAL,3276800.0,96.15,96.1316387431457,False,False
ZnO_01,10.3390/electronics7120445,ZnO,FULL_DEVICE_AWARE,101,32,5,10,BINARY_BIT_SLICED_DIFFERENTIAL,851968.0,96.14,96.13169302886,False,False
ZnO_01,10.3390/electronics7120445,ZnO,FULL_DEVICE_AWARE,102,256,5,10,BINARY_BIT_SLICED_DIFFERENTIAL,40960.0,96.14,96.14078311111113,False,False
ZnO_01,10.3390/electronics7120445,ZnO,FULL_DEVICE_AWARE,103,16,5,7,BINARY_BIT_SLICED_DIFFERENTIAL,409600.0,96.14,96.18138919841266,False,False
ZnO_01,10.3390/electronics7120445,ZnO,FULL_DEVICE_AWARE,104,32,7,4,BINARY_BIT_SLICED_DIFFERENTIAL,19968.0,96.14,94.3722584920634,False,False
ZnO_01,10.3390/electronics7120445,ZnO,FULL_DEVICE_AWARE,105,256,5,9,BINARY_BIT_SLICED_DIFFERENTIAL,20480.0,96.13,96.14639915873018,False,False
ZnO_01,10.3390/electronics7120445,ZnO,FULL_DEVICE_AWARE,106,32,5,9,BINARY_BIT_SLICED_DIFFERENTIAL,425984.0,96.13,96.1347397034632,False,False
ZnO_01,10.3390/electronics7120445,ZnO,FULL_DEVICE_AWARE,107,64,5,9,BINARY_BIT_SLICED_DIFFERENTIAL,114688.0,96.13,96.16375184126979,False,False
ZnO_01,10.3390/electronics7120445,ZnO,FULL_DEVICE_AWARE,108,64,5,10,BINARY_BIT_SLICED_DIFFERENTIAL,229376.0,96.13,96.14817668253974,False,False
ZnO_01,10.3390/electronics7120445,ZnO,FULL_DEVICE_AWARE,109,128,5,7,BINARY_BIT_SLICED_DIFFERENTIAL,8192.0,96.12,96.17345770634914,False,False
ZnO_01,10.3390/electronics7120445,ZnO,FULL_DEVICE_AWARE,110,128,5,9,BINARY_BIT_SLICED_DIFFERENTIAL,32768.0,96.12,96.15522009523804,False,False
ZnO_01,10.3390/electronics7120445,ZnO,FULL_DEVICE_AWARE,111,16,6,4,BINARY_BIT_SLICED_DIFFERENTIAL,64000.0,96.12,95.35157992857135,False,False
ZnO_01,10.3390/electronics7120445,ZnO,FULL_DEVICE_AWARE,112,128,5,10,BINARY_BIT_SLICED_DIFFERENTIAL,65536.0,96.11,96.14138434920629,False,False
ZnO_01,10.3390/electronics7120445,ZnO,FULL_DEVICE_AWARE,113,16,5,9,BINARY_BIT_SLICED_DIFFERENTIAL,1638400.0,96.11,96.14728105266957,False,False
ZnO_01,10.3390/electronics7120445,ZnO,FULL_DEVICE_AWARE,114,16,5,8,BINARY_BIT_SLICED_DIFFERENTIAL,819200.0,96.11,96.13623842568538,False,False
ZnO_01,10.3390/electronics7120445,ZnO,FULL_DEVICE_AWARE,115,128,5,6,BINARY_BIT_SLICED_DIFFERENTIAL,4096.0,96.11,95.84830314285722,False,False
ZnO_01,10.3390/electronics7120445,ZnO,FULL_DEVICE_AWARE,116,16,4,6,BINARY_BIT_SLICED_DIFFERENTIAL,153600.0,96.1,96.03747233333367,False,False
ZnO_01,10.3390/electronics7120445,ZnO,FULL_DEVICE_AWARE,117,64,5,8,BINARY_BIT_SLICED_DIFFERENTIAL,57344.0,96.1,96.17354085714274,False,False
ZnO_01,10.3390/electronics7120445,ZnO,FULL_DEVICE_AWARE,118,64,4,7,BINARY_BIT_SLICED_DIFFERENTIAL,21504.0,96.1,96.02233442857123,False,False
ZnO_01,10.3390/electronics7120445,ZnO,FULL_DEVICE_AWARE,119,16,4,7,BINARY_BIT_SLICED_DIFFERENTIAL,307200.0,96.09,96.09734148412684,False,False
ZnO_01,10.3390/electronics7120445,ZnO,FULL_DEVICE_AWARE,120,64,4,5,BINARY_BIT_SLICED_DIFFERENTIAL,5376.0,96.09,95.4328486984129,False,False
ZnO_01,10.3390/electronics7120445,ZnO,FULL_DEVICE_AWARE,121,256,8,5,BINARY_BIT_SLICED_DIFFERENTIAL,2240.0,96.09,94.0611897380952,True,False
ZnO_01,10.3390/electronics7120445,ZnO,FULL_DEVICE_AWARE,122,128,4,6,BINARY_BIT_SLICED_DIFFERENTIAL,3072.0,96.08,95.77536485714297,False,False
ZnO_01,10.3390/electronics7120445,ZnO,FULL_DEVICE_AWARE,123,64,4,6,BINARY_BIT_SLICED_DIFFERENTIAL,10752.0,96.08,95.96258644444416,False,False
ZnO_01,10.3390/electronics7120445,ZnO,FULL_DEVICE_AWARE,124,256,4,10,BINARY_BIT_SLICED_DIFFERENTIAL,30720.0,96.07,96.07358987301572,False,False
ZnO_01,10.3390/electronics7120445,ZnO,FULL_DEVICE_AWARE,125,16,4,9,BINARY_BIT_SLICED_DIFFERENTIAL,1228800.0,96.07,96.0858428520925,False,False
ZnO_01,10.3390/electronics7120445,ZnO,FULL_DEVICE_AWARE,126,16,4,8,BINARY_BIT_SLICED_DIFFERENTIAL,614400.0,96.07,96.07608751875915,False,False
ZnO_01,10.3390/electronics7120445,ZnO,FULL_DEVICE_AWARE,127,64,5,5,BINARY_BIT_SLICED_DIFFERENTIAL,7168.0,96.07,95.47430040476209,False,False
ZnO_01,10.3390/electronics7120445,ZnO,FULL_DEVICE_AWARE,128,32,4,6,BINARY_BIT_SLICED_DIFFERENTIAL,39936.0,96.07,95.97448996825374,False,False
ZnO_01,10.3390/electronics7120445,ZnO,FULL_DEVICE_AWARE,129,32,4,8,BINARY_BIT_SLICED_DIFFERENTIAL,159744.0,96.07,96.0727449632036,False,False
ZnO_01,10.3390/electronics7120445,ZnO,FULL_DEVICE_AWARE,130,128,4,8,BINARY_BIT_SLICED_DIFFERENTIAL,12288.0,96.06,96.03597318253988,False,False
ZnO_01,10.3390/electronics7120445,ZnO,FULL_DEVICE_AWARE,131,128,4,10,BINARY_BIT_SLICED_DIFFERENTIAL,49152.0,96.06,96.07639920634934,False,False
ZnO_01,10.3390/electronics7120445,ZnO,FULL_DEVICE_AWARE,132,128,8,5,BINARY_BIT_SLICED_DIFFERENTIAL,3584.0,96.06,94.36527332467523,False,False
ZnO_01,10.3390/electronics7120445,ZnO,FULL_DEVICE_AWARE,133,32,4,10,BINARY_BIT_SLICED_DIFFERENTIAL,638976.0,96.06,96.07687099999971,False,False
ZnO_01,10.3390/electronics7120445,ZnO,FULL_DEVICE_AWARE,134,32,4,5,BINARY_BIT_SLICED_DIFFERENTIAL,19968.0,96.06,95.72263083333337,False,False
ZnO_01,10.3390/electronics7120445,ZnO,FULL_DEVICE_AWARE,135,16,4,10,BINARY_BIT_SLICED_DIFFERENTIAL,2457600.0,96.06,96.0784439603172,False,False
ZnO_01,10.3390/electronics7120445,ZnO,FULL_DEVICE_AWARE,136,16,5,4,BINARY_BIT_SLICED_DIFFERENTIAL,51200.0,96.06,95.3347890396825,False,False
ZnO_01,10.3390/electronics7120445,ZnO,FULL_DEVICE_AWARE,137,64,4,10,BINARY_BIT_SLICED_DIFFERENTIAL,172032.0,96.06,96.08778524891784,False,False
ZnO_01,10.3390/electronics7120445,ZnO,FULL_DEVICE_AWARE,138,32,4,7,BINARY_BIT_SLICED_DIFFERENTIAL,79872.0,96.05,96.10687419841244,False,False
ZnO_01,10.3390/electronics7120445,ZnO,FULL_DEVICE_AWARE,139,128,6,5,BINARY_BIT_SLICED_DIFFERENTIAL,2560.0,96.05,94.34780111038948,False,False
ZnO_01,10.3390/electronics7120445,ZnO,FULL_DEVICE_AWARE,140,256,4,8,BINARY_BIT_SLICED_DIFFERENTIAL,7680.0,96.05,96.03609033333308,False,False
ZnO_01,10.3390/electronics7120445,ZnO,FULL_DEVICE_AWARE,141,256,4,9,BINARY_BIT_SLICED_DIFFERENTIAL,15360.0,96.05,96.05446601587332,False,False
ZnO_01,10.3390/electronics7120445,ZnO,FULL_DEVICE_AWARE,142,64,4,8,BINARY_BIT_SLICED_DIFFERENTIAL,43008.0,96.04,96.06777966955295,False,False
ZnO_01,10.3390/electronics7120445,ZnO,FULL_DEVICE_AWARE,143,128,4,9,BINARY_BIT_SLICED_DIFFERENTIAL,24576.0,96.04,96.0610946349209,False,False
ZnO_01,10.3390/electronics7120445,ZnO,FULL_DEVICE_AWARE,144,64,7,4,BINARY_BIT_SLICED_DIFFERENTIAL,5376.0,96.04,90.6231887380953,False,False
ZnO_01,10.3390/electronics7120445,ZnO,FULL_DEVICE_AWARE,145,256,4,7,BINARY_BIT_SLICED_DIFFERENTIAL,3840.0,96.04,96.01366214285721,False,True
ZnO_01,10.3390/electronics7120445,ZnO,FULL_DEVICE_AWARE,146,256,6,5,BINARY_BIT_SLICED_DIFFERENTIAL,1600.0,96.04,94.04882098412699,True,False
ZnO_01,10.3390/electronics7120445,ZnO,FULL_DEVICE_AWARE,147,256,4,6,BINARY_BIT_SLICED_DIFFERENTIAL,1920.0,96.04,95.78158862698412,False,True
ZnO_01,10.3390/electronics7120445,ZnO,FULL_DEVICE_AWARE,148,32,4,9,BINARY_BIT_SLICED_DIFFERENTIAL,319488.0,96.04,96.08282217748891,False,False
ZnO_01,10.3390/electronics7120445,ZnO,FULL_DEVICE_AWARE,149,64,4,9,BINARY_BIT_SLICED_DIFFERENTIAL,86016.0,96.03,96.111269307359,False,False
ZnO_01,10.3390/electronics7120445,ZnO,FULL_DEVICE_AWARE,150,128,4,7,BINARY_BIT_SLICED_DIFFERENTIAL,6144.0,96.03,96.00619952380943,False,False
ZnO_01,10.3390/electronics7120445,ZnO,FULL_DEVICE_AWARE,151,32,5,4,BINARY_BIT_SLICED_DIFFERENTIAL,13312.0,95.99,94.22715791269844,False,False
ZnO_01,10.3390/electronics7120445,ZnO,FULL_DEVICE_AWARE,152,32,4,4,BINARY_BIT_SLICED_DIFFERENTIAL,9984.0,95.97,94.24052885714279,False,False
ZnO_01,10.3390/electronics7120445,ZnO,FULL_DEVICE_AWARE,153,16,4,5,BINARY_BIT_SLICED_DIFFERENTIAL,76800.0,95.96,95.87997028571397,False,False
ZnO_01,10.3390/electronics7120445,ZnO,FULL_DEVICE_AWARE,154,64,8,4,BINARY_BIT_SLICED_DIFFERENTIAL,6272.0,95.95,90.62351338095242,False,False
ZnO_01,10.3390/electronics7120445,ZnO,FULL_DEVICE_AWARE,155,16,4,4,BINARY_BIT_SLICED_DIFFERENTIAL,38400.0,95.95,95.22729710317454,False,False
ZnO_01,10.3390/electronics7120445,ZnO,FULL_DEVICE_AWARE,156,256,7,5,BINARY_BIT_SLICED_DIFFERENTIAL,1920.0,95.94,94.05318727777774,False,False
ZnO_01,10.3390/electronics7120445,ZnO,FULL_DEVICE_AWARE,157,64,6,4,BINARY_BIT_SLICED_DIFFERENTIAL,4480.0,95.93,90.69976293650798,False,False
ZnO_01,10.3390/electronics7120445,ZnO,FULL_DEVICE_AWARE,158,128,5,5,BINARY_BIT_SLICED_DIFFERENTIAL,2048.0,95.91,94.2297202849926,False,False
ZnO_01,10.3390/electronics7120445,ZnO,FULL_DEVICE_AWARE,159,128,7,5,BINARY_BIT_SLICED_DIFFERENTIAL,3072.0,95.9,94.35024849927828,False,False
ZnO_01,10.3390/electronics7120445,ZnO,FULL_DEVICE_AWARE,160,256,4,5,BINARY_BIT_SLICED_DIFFERENTIAL,960.0,95.89,93.86445521428561,True,True
ZnO_01,10.3390/electronics7120445,ZnO,FULL_DEVICE_AWARE,161,256,5,5,BINARY_BIT_SLICED_DIFFERENTIAL,1280.0,95.87,93.89215661111113,False,True
ZnO_01,10.3390/electronics7120445,ZnO,FULL_DEVICE_AWARE,162,128,4,5,BINARY_BIT_SLICED_DIFFERENTIAL,1536.0,95.86,94.13399366666651,False,True
ZnO_01,10.3390/electronics7120445,ZnO,FULL_DEVICE_AWARE,163,64,4,4,BINARY_BIT_SLICED_DIFFERENTIAL,2688.0,95.75,90.8497374523811,False,False
ZnO_01,10.3390/electronics7120445,ZnO,FULL_DEVICE_AWARE,164,64,5,4,BINARY_BIT_SLICED_DIFFERENTIAL,3584.0,95.73,90.69458990476195,False,False
ZnO_01,10.3390/electronics7120445,ZnO,FULL_DEVICE_AWARE,165,128,8,4,BINARY_BIT_SLICED_DIFFERENTIAL,1792.0,95.32,75.31476960533891,False,False
ZnO_01,10.3390/electronics7120445,ZnO,FULL_DEVICE_AWARE,166,128,6,4,BINARY_BIT_SLICED_DIFFERENTIAL,1280.0,95.27,75.34745443867226,False,False
ZnO_01,10.3390/electronics7120445,ZnO,FULL_DEVICE_AWARE,167,256,7,4,BINARY_BIT_SLICED_DIFFERENTIAL,960.0,95.27,75.26212324819608,False,False
ZnO_01,10.3390/electronics7120445,ZnO,FULL_DEVICE_AWARE,168,128,7,4,BINARY_BIT_SLICED_DIFFERENTIAL,1536.0,95.24,75.29260260533889,False,False
ZnO_01,10.3390/electronics7120445,ZnO,FULL_DEVICE_AWARE,169,256,8,4,BINARY_BIT_SLICED_DIFFERENTIAL,1120.0,95.19,75.28978924819609,False,False
ZnO_01,10.3390/electronics7120445,ZnO,FULL_DEVICE_AWARE,170,256,6,4,BINARY_BIT_SLICED_DIFFERENTIAL,800.0,95.15,75.30646808152946,True,False
ZnO_01,10.3390/electronics7120445,ZnO,FULL_DEVICE_AWARE,171,128,5,4,BINARY_BIT_SLICED_DIFFERENTIAL,1024.0,95.08,75.15603131168818,False,False
ZnO_01,10.3390/electronics7120445,ZnO,FULL_DEVICE_AWARE,172,256,5,4,BINARY_BIT_SLICED_DIFFERENTIAL,640.0,95.07,75.0586483831168,True,False
ZnO_01,10.3390/electronics7120445,ZnO,FULL_DEVICE_AWARE,173,128,4,4,BINARY_BIT_SLICED_DIFFERENTIAL,768.0,94.56,76.82090855555552,False,False
ZnO_01,10.3390/electronics7120445,ZnO,FULL_DEVICE_AWARE,174,256,4,4,BINARY_BIT_SLICED_DIFFERENTIAL,480.0,94.44,76.4940491507936,True,True
ZnO_01,10.3390/electronics7120445,ZnO,FULL_DEVICE_AWARE,175,128,3,9,BINARY_BIT_SLICED_DIFFERENTIAL,16384.0,92.26,92.21559808730164,False,False
ZnO_01,10.3390/electronics7120445,ZnO,FULL_DEVICE_AWARE,176,32,3,9,BINARY_BIT_SLICED_DIFFERENTIAL,212992.0,92.26,92.22779717460325,False,False
ZnO_01,10.3390/electronics7120445,ZnO,FULL_DEVICE_AWARE,177,16,3,5,BINARY_BIT_SLICED_DIFFERENTIAL,51200.0,92.25,91.67623771428568,False,False
ZnO_01,10.3390/electronics7120445,ZnO,FULL_DEVICE_AWARE,178,64,3,9,BINARY_BIT_SLICED_DIFFERENTIAL,57344.0,92.25,92.21807651587301,False,False
ZnO_01,10.3390/electronics7120445,ZnO,FULL_DEVICE_AWARE,179,16,3,10,BINARY_BIT_SLICED_DIFFERENTIAL,1638400.0,92.24,92.24048289466089,False,False
ZnO_01,10.3390/electronics7120445,ZnO,FULL_DEVICE_AWARE,180,32,3,7,BINARY_BIT_SLICED_DIFFERENTIAL,53248.0,92.23,92.20220093650774,False,False
ZnO_01,10.3390/electronics7120445,ZnO,FULL_DEVICE_AWARE,181,32,3,10,BINARY_BIT_SLICED_DIFFERENTIAL,425984.0,92.23,92.23963643434347,False,False
ZnO_01,10.3390/electronics7120445,ZnO,FULL_DEVICE_AWARE,182,16,3,9,BINARY_BIT_SLICED_DIFFERENTIAL,819200.0,92.23,92.22723387301588,False,False
ZnO_01,10.3390/electronics7120445,ZnO,FULL_DEVICE_AWARE,183,64,3,10,BINARY_BIT_SLICED_DIFFERENTIAL,114688.0,92.22,92.22142963275614,False,False
ZnO_01,10.3390/electronics7120445,ZnO,FULL_DEVICE_AWARE,184,16,3,7,BINARY_BIT_SLICED_DIFFERENTIAL,204800.0,92.22,92.20827443650786,False,False
ZnO_01,10.3390/electronics7120445,ZnO,FULL_DEVICE_AWARE,185,256,3,10,BINARY_BIT_SLICED_DIFFERENTIAL,20480.0,92.22,92.2220189227994,False,False
ZnO_01,10.3390/electronics7120445,ZnO,FULL_DEVICE_AWARE,186,128,3,10,BINARY_BIT_SLICED_DIFFERENTIAL,32768.0,92.22,92.21801880375176,False,False
ZnO_01,10.3390/electronics7120445,ZnO,FULL_DEVICE_AWARE,187,256,3,9,BINARY_BIT_SLICED_DIFFERENTIAL,10240.0,92.21,92.21798537301589,False,False
ZnO_01,10.3390/electronics7120445,ZnO,FULL_DEVICE_AWARE,188,16,3,8,BINARY_BIT_SLICED_DIFFERENTIAL,409600.0,92.19,92.20323681746021,False,False
ZnO_01,10.3390/electronics7120445,ZnO,FULL_DEVICE_AWARE,189,64,3,8,BINARY_BIT_SLICED_DIFFERENTIAL,28672.0,92.19,92.19276538888882,False,False
ZnO_01,10.3390/electronics7120445,ZnO,FULL_DEVICE_AWARE,190,64,3,7,BINARY_BIT_SLICED_DIFFERENTIAL,14336.0,92.19,92.08322331746035,False,False
ZnO_01,10.3390/electronics7120445,ZnO,FULL_DEVICE_AWARE,191,32,3,8,BINARY_BIT_SLICED_DIFFERENTIAL,106496.0,92.19,92.20074338888884,False,False
ZnO_01,10.3390/electronics7120445,ZnO,FULL_DEVICE_AWARE,192,128,3,8,BINARY_BIT_SLICED_DIFFERENTIAL,8192.0,92.18,92.26972215873016,False,False
ZnO_01,10.3390/electronics7120445,ZnO,FULL_DEVICE_AWARE,193,256,3,8,BINARY_BIT_SLICED_DIFFERENTIAL,5120.0,92.14,92.27761145238094,False,False
ZnO_01,10.3390/electronics7120445,ZnO,FULL_DEVICE_AWARE,194,256,3,7,BINARY_BIT_SLICED_DIFFERENTIAL,2560.0,92.14,92.06720642063493,False,False
ZnO_01,10.3390/electronics7120445,ZnO,FULL_DEVICE_AWARE,195,128,3,7,BINARY_BIT_SLICED_DIFFERENTIAL,4096.0,92.11,92.06416744444445,False,False
ZnO_01,10.3390/electronics7120445,ZnO,FULL_DEVICE_AWARE,196,16,3,6,BINARY_BIT_SLICED_DIFFERENTIAL,102400.0,92.1,92.10549452380955,False,False
ZnO_01,10.3390/electronics7120445,ZnO,FULL_DEVICE_AWARE,197,64,3,6,BINARY_BIT_SLICED_DIFFERENTIAL,7168.0,92.09,91.96509755627704,False,False
ZnO_01,10.3390/electronics7120445,ZnO,FULL_DEVICE_AWARE,198,32,3,6,BINARY_BIT_SLICED_DIFFERENTIAL,26624.0,92.07,92.04922386580088,False,False
ZnO_01,10.3390/electronics7120445,ZnO,FULL_DEVICE_AWARE,199,128,3,6,BINARY_BIT_SLICED_DIFFERENTIAL,2048.0,92.05,91.83251780158731,False,False
ZnO_01,10.3390/electronics7120445,ZnO,FULL_DEVICE_AWARE,200,32,3,5,BINARY_BIT_SLICED_DIFFERENTIAL,13312.0,91.91,91.42943326984138,False,False
ZnO_01,10.3390/electronics7120445,ZnO,FULL_DEVICE_AWARE,201,16,3,4,BINARY_BIT_SLICED_DIFFERENTIAL,25600.0,91.91,90.36202876190477,False,False
ZnO_01,10.3390/electronics7120445,ZnO,FULL_DEVICE_AWARE,202,256,3,6,BINARY_BIT_SLICED_DIFFERENTIAL,1280.0,91.79,91.79051346825398,False,False
ZnO_01,10.3390/electronics7120445,ZnO,FULL_DEVICE_AWARE,203,64,3,5,BINARY_BIT_SLICED_DIFFERENTIAL,3584.0,91.77,90.95814113492065,False,False
ZnO_01,10.3390/electronics7120445,ZnO,FULL_DEVICE_AWARE,204,32,3,4,BINARY_BIT_SLICED_DIFFERENTIAL,6656.0,91.65,89.39806186507951,False,False
ZnO_01,10.3390/electronics7120445,ZnO,FULL_DEVICE_AWARE,205,64,3,4,BINARY_BIT_SLICED_DIFFERENTIAL,1792.0,91.63,86.39255974603164,False,False
ZnO_01,10.3390/electronics7120445,ZnO,FULL_DEVICE_AWARE,206,128,3,5,BINARY_BIT_SLICED_DIFFERENTIAL,1024.0,91.6,90.06208346825382,False,False
ZnO_01,10.3390/electronics7120445,ZnO,FULL_DEVICE_AWARE,207,256,3,5,BINARY_BIT_SLICED_DIFFERENTIAL,640.0,91.45,89.632753015873,False,True
ZnO_01,10.3390/electronics7120445,ZnO,FULL_DEVICE_AWARE,208,128,3,4,BINARY_BIT_SLICED_DIFFERENTIAL,512.0,90.83,76.22651111111101,False,False
ZnO_01,10.3390/electronics7120445,ZnO,FULL_DEVICE_AWARE,209,256,3,4,BINARY_BIT_SLICED_DIFFERENTIAL,320.0,90.46,74.21061027777776,True,True
ZnO_01,10.3390/electronics7120445,ZnO,FULL_DEVICE_AWARE,210,16,2,4,BINARY_BIT_SLICED_DIFFERENTIAL,12800.0,12.06,11.86159590476192,False,False
ZnO_01,10.3390/electronics7120445,ZnO,FULL_DEVICE_AWARE,211,256,2,5,BINARY_BIT_SLICED_DIFFERENTIAL,320.0,11.96,11.62947044444445,False,False
ZnO_01,10.3390/electronics7120445,ZnO,FULL_DEVICE_AWARE,212,64,2,4,BINARY_BIT_SLICED_DIFFERENTIAL,896.0,11.91,12.084310634920632,False,False
ZnO_01,10.3390/electronics7120445,ZnO,FULL_DEVICE_AWARE,213,32,2,4,BINARY_BIT_SLICED_DIFFERENTIAL,3328.0,11.91,11.80416728571429,False,False
ZnO_01,10.3390/electronics7120445,ZnO,FULL_DEVICE_AWARE,214,128,2,5,BINARY_BIT_SLICED_DIFFERENTIAL,512.0,11.77,11.757737063492057,False,False
ZnO_01,10.3390/electronics7120445,ZnO,FULL_DEVICE_AWARE,215,256,2,6,BINARY_BIT_SLICED_DIFFERENTIAL,640.0,11.73,11.2852091962482,False,False
ZnO_01,10.3390/electronics7120445,ZnO,FULL_DEVICE_AWARE,216,32,2,5,BINARY_BIT_SLICED_DIFFERENTIAL,6656.0,11.73,11.62782192857142,False,False
ZnO_01,10.3390/electronics7120445,ZnO,FULL_DEVICE_AWARE,217,128,2,6,BINARY_BIT_SLICED_DIFFERENTIAL,1024.0,11.68,11.297355706349208,False,False
ZnO_01,10.3390/electronics7120445,ZnO,FULL_DEVICE_AWARE,218,16,2,10,BINARY_BIT_SLICED_DIFFERENTIAL,819200.0,11.53,11.475305817460336,False,False
ZnO_01,10.3390/electronics7120445,ZnO,FULL_DEVICE_AWARE,219,128,2,7,BINARY_BIT_SLICED_DIFFERENTIAL,2048.0,11.53,11.473290857142867,False,False
ZnO_01,10.3390/electronics7120445,ZnO,FULL_DEVICE_AWARE,220,256,2,7,BINARY_BIT_SLICED_DIFFERENTIAL,1280.0,11.52,11.48107564862916,False,False
ZnO_01,10.3390/electronics7120445,ZnO,FULL_DEVICE_AWARE,221,16,2,8,BINARY_BIT_SLICED_DIFFERENTIAL,204800.0,11.51,11.37235738095238,False,False
ZnO_01,10.3390/electronics7120445,ZnO,FULL_DEVICE_AWARE,222,256,2,8,BINARY_BIT_SLICED_DIFFERENTIAL,2560.0,11.5,11.487579037518056,False,False
ZnO_01,10.3390/electronics7120445,ZnO,FULL_DEVICE_AWARE,223,16,2,5,BINARY_BIT_SLICED_DIFFERENTIAL,25600.0,11.48,11.609885603174597,False,False
ZnO_01,10.3390/electronics7120445,ZnO,FULL_DEVICE_AWARE,224,128,2,8,BINARY_BIT_SLICED_DIFFERENTIAL,4096.0,11.48,11.472774857142864,False,False
ZnO_01,10.3390/electronics7120445,ZnO,FULL_DEVICE_AWARE,225,64,2,6,BINARY_BIT_SLICED_DIFFERENTIAL,3584.0,11.48,11.270113492063496,False,False
ZnO_01,10.3390/electronics7120445,ZnO,FULL_DEVICE_AWARE,226,32,2,10,BINARY_BIT_SLICED_DIFFERENTIAL,212992.0,11.39,11.443673555555556,False,False
ZnO_01,10.3390/electronics7120445,ZnO,FULL_DEVICE_AWARE,227,32,2,7,BINARY_BIT_SLICED_DIFFERENTIAL,26624.0,11.38,11.289467698412686,False,False
ZnO_01,10.3390/electronics7120445,ZnO,FULL_DEVICE_AWARE,228,32,2,8,BINARY_BIT_SLICED_DIFFERENTIAL,53248.0,11.37,11.36334396825397,False,False
ZnO_01,10.3390/electronics7120445,ZnO,FULL_DEVICE_AWARE,229,16,2,6,BINARY_BIT_SLICED_DIFFERENTIAL,51200.0,11.37,11.332651047619049,False,False
ZnO_01,10.3390/electronics7120445,ZnO,FULL_DEVICE_AWARE,230,16,2,7,BINARY_BIT_SLICED_DIFFERENTIAL,102400.0,11.36,11.275072825396824,False,False
ZnO_01,10.3390/electronics7120445,ZnO,FULL_DEVICE_AWARE,231,64,2,8,BINARY_BIT_SLICED_DIFFERENTIAL,14336.0,11.35,11.345638555555574,False,False
ZnO_01,10.3390/electronics7120445,ZnO,FULL_DEVICE_AWARE,232,64,2,5,BINARY_BIT_SLICED_DIFFERENTIAL,1792.0,11.33,11.800116507936506,False,False
ZnO_01,10.3390/electronics7120445,ZnO,FULL_DEVICE_AWARE,233,64,2,10,BINARY_BIT_SLICED_DIFFERENTIAL,57344.0,11.33,11.423335444444449,False,False
ZnO_01,10.3390/electronics7120445,ZnO,FULL_DEVICE_AWARE,234,256,2,10,BINARY_BIT_SLICED_DIFFERENTIAL,10240.0,11.3,11.388009165945173,False,False
ZnO_01,10.3390/electronics7120445,ZnO,FULL_DEVICE_AWARE,235,32,2,6,BINARY_BIT_SLICED_DIFFERENTIAL,13312.0,11.27,11.331322769841266,False,False
ZnO_01,10.3390/electronics7120445,ZnO,FULL_DEVICE_AWARE,236,128,2,10,BINARY_BIT_SLICED_DIFFERENTIAL,16384.0,11.24,11.38883693001443,False,False
ZnO_01,10.3390/electronics7120445,ZnO,FULL_DEVICE_AWARE,237,64,2,7,BINARY_BIT_SLICED_DIFFERENTIAL,7168.0,11.23,11.212665960317478,False,False
ZnO_01,10.3390/electronics7120445,ZnO,FULL_DEVICE_AWARE,238,256,2,9,BINARY_BIT_SLICED_DIFFERENTIAL,5120.0,11.21,11.39312314862915,False,False
ZnO_01,10.3390/electronics7120445,ZnO,FULL_DEVICE_AWARE,239,128,2,9,BINARY_BIT_SLICED_DIFFERENTIAL,8192.0,11.21,11.386100055555556,False,False
ZnO_01,10.3390/electronics7120445,ZnO,FULL_DEVICE_AWARE,240,64,2,9,BINARY_BIT_SLICED_DIFFERENTIAL,28672.0,11.19,11.375116984126993,False,False
ZnO_01,10.3390/electronics7120445,ZnO,FULL_DEVICE_AWARE,241,16,2,9,BINARY_BIT_SLICED_DIFFERENTIAL,409600.0,11.17,11.424415952380954,False,False
ZnO_01,10.3390/electronics7120445,ZnO,FULL_DEVICE_AWARE,242,32,2,9,BINARY_BIT_SLICED_DIFFERENTIAL,106496.0,11.14,11.401888904761895,False,False
ZnO_01,10.3390/electronics7120445,ZnO,FULL_DEVICE_AWARE,243,128,2,4,BINARY_BIT_SLICED_DIFFERENTIAL,256.0,10.98,11.495113888888888,True,True
ZnO_01,10.3390/electronics7120445,ZnO,FULL_DEVICE_AWARE,244,256,2,4,BINARY_BIT_SLICED_DIFFERENTIAL,160.0,10.16,10.955853857142861,True,True
