device_id,technology_family,device_on_off_ratio,device_log10_on_off_ratio,state_count_available,physical_state_count,device_conductance_mode,device_state_count_status,parameter_source,mapping_strategy,precision_basis,crossbar_size,requested_weight_bits,effective_weight_levels,slices_per_branch,physical_cells_per_weight,adc_bits,estimated_memristor_cells,estimated_physical_crossbar_tiles,adc_levels,relative_hardware_cost_proxy,accuracy,accuracy_loss,predicted_accuracy,prediction_uncertainty,confidence_lower_bound,prediction_error_pp,absolute_prediction_error_pp,held_out_device,held_out_family,is_true_near_optimal
HfOx_02,HfOx,5.0,0.6989700043360189,0,0,ANALOG,NOT_REPORTED,normalized_from_ratio,IDEALIZED_SINGLE_PAIR_ANALOG,IDEALIZED_ANALOG_MAPPING,16,6,63,0,2,10,203264,800,1024,819200,96.3,-0.0699999999999931,96.2901498124098,0.013719807930652372,96.27643000447914,-0.009850187590203063,0.009850187590203063,HfOx_02,HfOx,True
HfOx_02,HfOx,5.0,0.6989700043360189,0,0,ANALOG,NOT_REPORTED,normalized_from_ratio,IDEALIZED_SINGLE_PAIR_ANALOG,IDEALIZED_ANALOG_MAPPING,64,6,63,0,2,8,203264,56,256,14336,96.3,-0.0699999999999931,96.27885081746031,0.02407507954312863,96.25477573791719,-0.021149182539687672,0.021149182539687672,HfOx_02,HfOx,True
HfOx_02,HfOx,5.0,0.6989700043360189,0,0,ANALOG,NOT_REPORTED,normalized_from_ratio,IDEALIZED_SINGLE_PAIR_ANALOG,IDEALIZED_ANALOG_MAPPING,64,6,63,0,2,10,203264,56,1024,57344,96.29,-0.0600000000000022,96.28557028138528,0.01510237382862109,96.27046790755665,-0.004429718614730405,0.004429718614730405,HfOx_02,HfOx,True
HfOx_02,HfOx,5.0,0.6989700043360189,0,0,ANALOG,NOT_REPORTED,normalized_from_ratio,IDEALIZED_SINGLE_PAIR_ANALOG,IDEALIZED_ANALOG_MAPPING,16,6,63,0,2,9,203264,800,512,409600,96.28,-0.0499999999999971,96.25676920129871,0.017000350510016325,96.23976885078869,-0.023230798701291633,0.023230798701291633,HfOx_02,HfOx,True
HfOx_02,HfOx,5.0,0.6989700043360189,0,0,ANALOG,NOT_REPORTED,normalized_from_ratio,IDEALIZED_SINGLE_PAIR_ANALOG,IDEALIZED_ANALOG_MAPPING,16,7,127,0,2,7,203264,800,128,102400,96.28,-0.0499999999999971,96.2332194126984,0.012232033360530546,96.22098737933787,-0.04678058730159762,0.04678058730159762,HfOx_02,HfOx,True
HfOx_02,HfOx,5.0,0.6989700043360189,0,0,ANALOG,NOT_REPORTED,normalized_from_ratio,IDEALIZED_SINGLE_PAIR_ANALOG,IDEALIZED_ANALOG_MAPPING,32,6,63,0,2,10,203264,208,1024,212992,96.28,-0.0499999999999971,96.29186458297258,0.011723817382824369,96.28014076558975,0.011864582972577864,0.011864582972577864,HfOx_02,HfOx,True
HfOx_02,HfOx,5.0,0.6989700043360189,0,0,ANALOG,NOT_REPORTED,normalized_from_ratio,IDEALIZED_SINGLE_PAIR_ANALOG,IDEALIZED_ANALOG_MAPPING,64,6,63,0,2,9,203264,56,512,28672,96.27,-0.039999999999992,96.25398376479077,0.02161953720134144,96.23236422758943,-0.016016235209221463,0.016016235209221463,HfOx_02,HfOx,True
HfOx_02,HfOx,5.0,0.6989700043360189,0,0,ANALOG,NOT_REPORTED,normalized_from_ratio,IDEALIZED_SINGLE_PAIR_ANALOG,IDEALIZED_ANALOG_MAPPING,16,6,63,0,2,7,203264,800,128,102400,96.27,-0.039999999999992,96.24532011904762,0.019613139956428407,96.22570697909119,-0.02467988095237672,0.02467988095237672,HfOx_02,HfOx,True
HfOx_02,HfOx,5.0,0.6989700043360189,0,0,ANALOG,NOT_REPORTED,normalized_from_ratio,IDEALIZED_SINGLE_PAIR_ANALOG,IDEALIZED_ANALOG_MAPPING,32,8,255,0,2,10,203264,208,1024,212992,96.26,-0.0300000000000011,96.24756932972582,0.015469422477895728,96.23209990724793,-0.012430670274184763,0.012430670274184763,HfOx_02,HfOx,True
HfOx_02,HfOx,5.0,0.6989700043360189,0,0,ANALOG,NOT_REPORTED,normalized_from_ratio,IDEALIZED_SINGLE_PAIR_ANALOG,IDEALIZED_ANALOG_MAPPING,64,7,127,0,2,9,203264,56,512,28672,96.26,-0.0300000000000011,96.20839963492064,0.01405418044985483,96.19434545447078,-0.051600365079366384,0.051600365079366384,HfOx_02,HfOx,True
HfOx_02,HfOx,5.0,0.6989700043360189,0,0,ANALOG,NOT_REPORTED,normalized_from_ratio,IDEALIZED_SINGLE_PAIR_ANALOG,IDEALIZED_ANALOG_MAPPING,256,6,63,0,2,10,203264,10,1024,10240,96.26,-0.0300000000000011,96.25883513564213,0.03402625956325075,96.22480887607888,-0.0011648643578752171,0.0011648643578752171,HfOx_02,HfOx,True
HfOx_02,HfOx,5.0,0.6989700043360189,0,0,ANALOG,NOT_REPORTED,normalized_from_ratio,IDEALIZED_SINGLE_PAIR_ANALOG,IDEALIZED_ANALOG_MAPPING,128,6,63,0,2,10,203264,16,1024,16384,96.26,-0.0300000000000011,96.27370286075036,0.0258455996176429,96.24785726113272,0.013702860750356649,0.013702860750356649,HfOx_02,HfOx,True
HfOx_02,HfOx,5.0,0.6989700043360189,0,0,ANALOG,NOT_REPORTED,normalized_from_ratio,IDEALIZED_SINGLE_PAIR_ANALOG,IDEALIZED_ANALOG_MAPPING,16,7,127,0,2,6,203264,800,64,51200,96.25,-0.019999999999996,96.17670136363637,0.028800495963873428,96.14790086767249,-0.07329863636363143,0.07329863636363143,HfOx_02,HfOx,True
HfOx_02,HfOx,5.0,0.6989700043360189,0,0,ANALOG,NOT_REPORTED,normalized_from_ratio,IDEALIZED_SINGLE_PAIR_ANALOG,IDEALIZED_ANALOG_MAPPING,256,7,127,0,2,8,203264,10,256,2560,96.25,-0.019999999999996,96.19897676406926,0.0263371488606478,96.17263961520861,-0.05102323593074232,0.05102323593074232,HfOx_02,HfOx,True
HfOx_02,HfOx,5.0,0.6989700043360189,0,0,ANALOG,NOT_REPORTED,normalized_from_ratio,IDEALIZED_SINGLE_PAIR_ANALOG,IDEALIZED_ANALOG_MAPPING,64,7,127,0,2,10,203264,56,1024,57344,96.25,-0.019999999999996,96.22269234920635,0.014549475766111689,96.20814287344024,-0.027307650793645166,0.027307650793645166,HfOx_02,HfOx,True
HfOx_02,HfOx,5.0,0.6989700043360189,0,0,ANALOG,NOT_REPORTED,normalized_from_ratio,IDEALIZED_SINGLE_PAIR_ANALOG,IDEALIZED_ANALOG_MAPPING,16,6,63,0,2,8,203264,800,256,204800,96.25,-0.019999999999996,96.27166646825397,0.01890224124899644,96.25276422700497,0.021666468253968674,0.021666468253968674,HfOx_02,HfOx,True
HfOx_02,HfOx,5.0,0.6989700043360189,0,0,ANALOG,NOT_REPORTED,normalized_from_ratio,IDEALIZED_SINGLE_PAIR_ANALOG,IDEALIZED_ANALOG_MAPPING,16,8,255,0,2,10,203264,800,1024,819200,96.25,-0.019999999999996,96.2501104011544,0.013625579373014783,96.23648482178139,0.00011040115440152931,0.00011040115440152931,HfOx_02,HfOx,True
HfOx_02,HfOx,5.0,0.6989700043360189,0,0,ANALOG,NOT_REPORTED,normalized_from_ratio,IDEALIZED_SINGLE_PAIR_ANALOG,IDEALIZED_ANALOG_MAPPING,16,8,255,0,2,9,203264,800,512,409600,96.25,-0.019999999999996,96.24350682539682,0.017623915006165603,96.22588291039065,-0.006493174603178886,0.006493174603178886,HfOx_02,HfOx,True
HfOx_02,HfOx,5.0,0.6989700043360189,0,0,ANALOG,NOT_REPORTED,normalized_from_ratio,IDEALIZED_SINGLE_PAIR_ANALOG,IDEALIZED_ANALOG_MAPPING,32,7,127,0,2,8,203264,208,256,53248,96.25,-0.019999999999996,96.22684516666666,0.01791534426093623,96.20892982240572,-0.023154833333336455,0.023154833333336455,HfOx_02,HfOx,True
HfOx_02,HfOx,5.0,0.6989700043360189,0,0,ANALOG,NOT_REPORTED,normalized_from_ratio,IDEALIZED_SINGLE_PAIR_ANALOG,IDEALIZED_ANALOG_MAPPING,32,6,63,0,2,7,203264,208,128,26624,96.24,-0.0099999999999909,96.246354,0.020600615567331927,96.22575338443266,0.006354000000001747,0.006354000000001747,HfOx_02,HfOx,True
HfOx_02,HfOx,5.0,0.6989700043360189,0,0,ANALOG,NOT_REPORTED,normalized_from_ratio,IDEALIZED_SINGLE_PAIR_ANALOG,IDEALIZED_ANALOG_MAPPING,16,7,127,0,2,10,203264,800,1024,819200,96.24,-0.0099999999999909,96.2208105793651,0.008950530675389343,96.2118600486897,-0.01918942063490192,0.01918942063490192,HfOx_02,HfOx,True
HfOx_02,HfOx,5.0,0.6989700043360189,0,0,ANALOG,NOT_REPORTED,normalized_from_ratio,IDEALIZED_SINGLE_PAIR_ANALOG,IDEALIZED_ANALOG_MAPPING,32,7,127,0,2,9,203264,208,512,106496,96.24,-0.0099999999999909,96.22378487301587,0.010483699630345813,96.21330117338553,-0.016215126984121753,0.016215126984121753,HfOx_02,HfOx,True
HfOx_02,HfOx,5.0,0.6989700043360189,0,0,ANALOG,NOT_REPORTED,normalized_from_ratio,IDEALIZED_SINGLE_PAIR_ANALOG,IDEALIZED_ANALOG_MAPPING,32,6,63,0,2,9,203264,208,512,106496,96.24,-0.0099999999999909,96.26080465367966,0.017845981901806533,96.24295867177786,0.020804653679661556,0.020804653679661556,HfOx_02,HfOx,True
HfOx_02,HfOx,5.0,0.6989700043360189,0,0,ANALOG,NOT_REPORTED,normalized_from_ratio,IDEALIZED_SINGLE_PAIR_ANALOG,IDEALIZED_ANALOG_MAPPING,256,7,127,0,2,9,203264,10,512,5120,96.24,-0.0099999999999909,96.19467574025974,0.018507102216659632,96.17616863804308,-0.045324259740255,0.045324259740255,HfOx_02,HfOx,True
HfOx_02,HfOx,5.0,0.6989700043360189,0,0,ANALOG,NOT_REPORTED,normalized_from_ratio,IDEALIZED_SINGLE_PAIR_ANALOG,IDEALIZED_ANALOG_MAPPING,128,8,255,0,2,8,203264,16,256,4096,96.24,-0.0099999999999909,96.19384787301588,0.01923291461441577,96.17461495840146,-0.04615212698411142,0.04615212698411142,HfOx_02,HfOx,True
HfOx_02,HfOx,5.0,0.6989700043360189,0,0,ANALOG,NOT_REPORTED,normalized_from_ratio,IDEALIZED_SINGLE_PAIR_ANALOG,IDEALIZED_ANALOG_MAPPING,64,8,255,0,2,8,203264,56,256,14336,96.23,0.0,96.20984316666666,0.020576624953970953,96.18926654171268,-0.020156833333345503,0.020156833333345503,HfOx_02,HfOx,True
HfOx_02,HfOx,5.0,0.6989700043360189,0,0,ANALOG,NOT_REPORTED,normalized_from_ratio,IDEALIZED_SINGLE_PAIR_ANALOG,IDEALIZED_ANALOG_MAPPING,256,8,255,0,2,8,203264,10,256,2560,96.23,0.0,96.18493631962482,0.022637191325771976,96.16229912829905,-0.04506368037517916,0.04506368037517916,HfOx_02,HfOx,True
HfOx_02,HfOx,5.0,0.6989700043360189,0,0,ANALOG,NOT_REPORTED,normalized_from_ratio,IDEALIZED_SINGLE_PAIR_ANALOG,IDEALIZED_ANALOG_MAPPING,16,8,255,0,2,7,203264,800,128,102400,96.23,0.0,96.25253761904763,0.014937193692558557,96.23760042535507,0.022537619047625412,0.022537619047625412,HfOx_02,HfOx,True
HfOx_02,HfOx,5.0,0.6989700043360189,0,0,ANALOG,NOT_REPORTED,normalized_from_ratio,IDEALIZED_SINGLE_PAIR_ANALOG,IDEALIZED_ANALOG_MAPPING,128,6,63,0,2,8,203264,16,256,4096,96.23,0.0,96.28757669047619,0.03808331529512525,96.24949337518106,0.05757669047618208,0.05757669047618208,HfOx_02,HfOx,True
HfOx_02,HfOx,5.0,0.6989700043360189,0,0,ANALOG,NOT_REPORTED,normalized_from_ratio,IDEALIZED_SINGLE_PAIR_ANALOG,IDEALIZED_ANALOG_MAPPING,16,7,127,0,2,9,203264,800,512,409600,96.23,0.0,96.22359346825398,0.007292533189689259,96.2163009350643,-0.006406531746023347,0.006406531746023347,HfOx_02,HfOx,True
HfOx_02,HfOx,5.0,0.6989700043360189,0,0,ANALOG,NOT_REPORTED,normalized_from_ratio,IDEALIZED_SINGLE_PAIR_ANALOG,IDEALIZED_ANALOG_MAPPING,64,7,127,0,2,8,203264,56,256,14336,96.22,0.0100000000000051,96.2063203968254,0.021403312252161695,96.18491708457324,-0.01367960317459449,0.01367960317459449,HfOx_02,HfOx,True
HfOx_02,HfOx,5.0,0.6989700043360189,0,0,ANALOG,NOT_REPORTED,normalized_from_ratio,IDEALIZED_SINGLE_PAIR_ANALOG,IDEALIZED_ANALOG_MAPPING,128,8,255,0,2,9,203264,16,512,8192,96.22,0.0100000000000051,96.20724327777778,0.019197340572268268,96.18804593720552,-0.012756722222221129,0.012756722222221129,HfOx_02,HfOx,True
HfOx_02,HfOx,5.0,0.6989700043360189,0,0,ANALOG,NOT_REPORTED,normalized_from_ratio,IDEALIZED_SINGLE_PAIR_ANALOG,IDEALIZED_ANALOG_MAPPING,64,8,255,0,2,10,203264,56,1024,57344,96.22,0.0100000000000051,96.24443254401154,0.017954592342575692,96.22647795166897,0.024432544011546042,0.024432544011546042,HfOx_02,HfOx,True
HfOx_02,HfOx,5.0,0.6989700043360189,0,0,ANALOG,NOT_REPORTED,normalized_from_ratio,IDEALIZED_SINGLE_PAIR_ANALOG,IDEALIZED_ANALOG_MAPPING,16,7,127,0,2,8,203264,800,256,204800,96.22,0.0100000000000051,96.23039697619048,0.012123276914047673,96.21827369927642,0.010396976190477858,0.010396976190477858,HfOx_02,HfOx,True
HfOx_02,HfOx,5.0,0.6989700043360189,0,0,ANALOG,NOT_REPORTED,normalized_from_ratio,IDEALIZED_SINGLE_PAIR_ANALOG,IDEALIZED_ANALOG_MAPPING,256,8,255,0,2,9,203264,10,512,5120,96.22,0.0100000000000051,96.19189293867245,0.019142373438738355,96.17275056523371,-0.028107061327546035,0.028107061327546035,HfOx_02,HfOx,True
HfOx_02,HfOx,5.0,0.6989700043360189,0,0,ANALOG,NOT_REPORTED,normalized_from_ratio,IDEALIZED_SINGLE_PAIR_ANALOG,IDEALIZED_ANALOG_MAPPING,256,7,127,0,2,10,203264,10,1024,10240,96.22,0.0100000000000051,96.22224247619049,0.019132588285776395,96.20310988790472,0.0022424761904886736,0.0022424761904886736,HfOx_02,HfOx,True
HfOx_02,HfOx,5.0,0.6989700043360189,0,0,ANALOG,NOT_REPORTED,normalized_from_ratio,IDEALIZED_SINGLE_PAIR_ANALOG,IDEALIZED_ANALOG_MAPPING,128,8,255,0,2,10,203264,16,1024,16384,96.22,0.0100000000000051,96.232249484127,0.01773922612280441,96.2145102580042,0.01224948412699689,0.01224948412699689,HfOx_02,HfOx,True
HfOx_02,HfOx,5.0,0.6989700043360189,0,0,ANALOG,NOT_REPORTED,normalized_from_ratio,IDEALIZED_SINGLE_PAIR_ANALOG,IDEALIZED_ANALOG_MAPPING,16,8,255,0,2,8,203264,800,256,204800,96.22,0.0100000000000051,96.2422480952381,0.024328334869110794,96.21791976036899,0.022248095238097676,0.022248095238097676,HfOx_02,HfOx,True
HfOx_02,HfOx,5.0,0.6989700043360189,0,0,ANALOG,NOT_REPORTED,normalized_from_ratio,IDEALIZED_SINGLE_PAIR_ANALOG,IDEALIZED_ANALOG_MAPPING,32,8,255,0,2,9,203264,208,512,106496,96.22,0.0100000000000051,96.23943869047618,0.020231676022432497,96.21920701445374,0.019438690476178522,0.019438690476178522,HfOx_02,HfOx,True
HfOx_02,HfOx,5.0,0.6989700043360189,0,0,ANALOG,NOT_REPORTED,normalized_from_ratio,IDEALIZED_SINGLE_PAIR_ANALOG,IDEALIZED_ANALOG_MAPPING,32,7,127,0,2,7,203264,208,128,26624,96.21,0.0200000000000102,96.23457335714286,0.01316590995163879,96.22140744719123,0.024573357142870123,0.024573357142870123,HfOx_02,HfOx,True
HfOx_02,HfOx,5.0,0.6989700043360189,0,0,ANALOG,NOT_REPORTED,normalized_from_ratio,IDEALIZED_SINGLE_PAIR_ANALOG,IDEALIZED_ANALOG_MAPPING,256,8,255,0,2,10,203264,10,1024,10240,96.21,0.0200000000000102,96.22067515873016,0.02205228985694021,96.19862286887322,0.01067515873016589,0.01067515873016589,HfOx_02,HfOx,True
HfOx_02,HfOx,5.0,0.6989700043360189,0,0,ANALOG,NOT_REPORTED,normalized_from_ratio,IDEALIZED_SINGLE_PAIR_ANALOG,IDEALIZED_ANALOG_MAPPING,64,8,255,0,2,9,203264,56,512,28672,96.21,0.0200000000000102,96.22248533333334,0.018912588411615028,96.20357274492173,0.012485333333344784,0.012485333333344784,HfOx_02,HfOx,True
HfOx_02,HfOx,5.0,0.6989700043360189,0,0,ANALOG,NOT_REPORTED,normalized_from_ratio,IDEALIZED_SINGLE_PAIR_ANALOG,IDEALIZED_ANALOG_MAPPING,32,7,127,0,2,10,203264,208,1024,212992,96.21,0.0200000000000102,96.22097776984127,0.010461956216516993,96.21051581362475,0.01097776984127563,0.01097776984127563,HfOx_02,HfOx,True
HfOx_02,HfOx,5.0,0.6989700043360189,0,0,ANALOG,NOT_REPORTED,normalized_from_ratio,IDEALIZED_SINGLE_PAIR_ANALOG,IDEALIZED_ANALOG_MAPPING,32,8,255,0,2,6,203264,208,64,13312,96.21,0.0200000000000102,96.20748741919192,0.04363716268480772,96.16385025650712,-0.0025125808080730394,0.0025125808080730394,HfOx_02,HfOx,True
HfOx_02,HfOx,5.0,0.6989700043360189,0,0,ANALOG,NOT_REPORTED,normalized_from_ratio,IDEALIZED_SINGLE_PAIR_ANALOG,IDEALIZED_ANALOG_MAPPING,32,6,63,0,2,8,203264,208,256,53248,96.21,0.0200000000000102,96.27534496825396,0.017436495855576623,96.25790847239838,0.0653449682539673,0.0653449682539673,HfOx_02,HfOx,True
HfOx_02,HfOx,5.0,0.6989700043360189,0,0,ANALOG,NOT_REPORTED,normalized_from_ratio,IDEALIZED_SINGLE_PAIR_ANALOG,IDEALIZED_ANALOG_MAPPING,128,7,127,0,2,9,203264,16,512,8192,96.2,0.0300000000000011,96.20398853174603,0.01713518026960738,96.18685335147643,0.003988531746031754,0.003988531746031754,HfOx_02,HfOx,True
HfOx_02,HfOx,5.0,0.6989700043360189,0,0,ANALOG,NOT_REPORTED,normalized_from_ratio,IDEALIZED_SINGLE_PAIR_ANALOG,IDEALIZED_ANALOG_MAPPING,128,7,127,0,2,10,203264,16,1024,16384,96.2,0.0300000000000011,96.2299122777778,0.015945340232833383,96.21396693754497,0.029912277777796703,0.029912277777796703,HfOx_02,HfOx,True
HfOx_02,HfOx,5.0,0.6989700043360189,0,0,ANALOG,NOT_REPORTED,normalized_from_ratio,IDEALIZED_SINGLE_PAIR_ANALOG,IDEALIZED_ANALOG_MAPPING,256,6,63,0,2,8,203264,10,256,2560,96.2,0.0300000000000011,96.27952023809523,0.04879539328938808,96.23072484480585,0.07952023809522757,0.07952023809522757,HfOx_02,HfOx,True
HfOx_02,HfOx,5.0,0.6989700043360189,0,0,ANALOG,NOT_REPORTED,normalized_from_ratio,IDEALIZED_SINGLE_PAIR_ANALOG,IDEALIZED_ANALOG_MAPPING,16,6,63,0,2,6,203264,800,64,51200,96.2,0.0300000000000011,96.1894088874459,0.035968463771394545,96.1534404236745,-0.010591112554109827,0.010591112554109827,HfOx_02,HfOx,True
HfOx_02,HfOx,5.0,0.6989700043360189,0,0,ANALOG,NOT_REPORTED,normalized_from_ratio,IDEALIZED_SINGLE_PAIR_ANALOG,IDEALIZED_ANALOG_MAPPING,64,5,31,0,2,8,203264,56,256,14336,96.2,0.0300000000000011,96.17735971428573,0.04240706364905681,96.13495265063668,-0.022640285714274455,0.022640285714274455,HfOx_02,HfOx,True
HfOx_02,HfOx,5.0,0.6989700043360189,0,0,ANALOG,NOT_REPORTED,normalized_from_ratio,IDEALIZED_SINGLE_PAIR_ANALOG,IDEALIZED_ANALOG_MAPPING,128,5,31,0,2,9,203264,16,512,8192,96.2,0.0300000000000011,96.1635478968254,0.02405322194874941,96.13949467487666,-0.03645210317459657,0.03645210317459657,HfOx_02,HfOx,True
HfOx_02,HfOx,5.0,0.6989700043360189,0,0,ANALOG,NOT_REPORTED,normalized_from_ratio,IDEALIZED_SINGLE_PAIR_ANALOG,IDEALIZED_ANALOG_MAPPING,128,6,63,0,2,9,203264,16,512,8192,96.2,0.0300000000000011,96.23556716955267,0.030475559778424983,96.20509160977424,0.03556716955266381,0.03556716955266381,HfOx_02,HfOx,True
HfOx_02,HfOx,5.0,0.6989700043360189,0,0,ANALOG,NOT_REPORTED,normalized_from_ratio,IDEALIZED_SINGLE_PAIR_ANALOG,IDEALIZED_ANALOG_MAPPING,32,6,63,0,2,6,203264,208,64,13312,96.19,0.0400000000000062,96.20322245887446,0.04110646598141339,96.16211599289305,0.01322245887446627,0.01322245887446627,HfOx_02,HfOx,True
HfOx_02,HfOx,5.0,0.6989700043360189,0,0,ANALOG,NOT_REPORTED,normalized_from_ratio,IDEALIZED_SINGLE_PAIR_ANALOG,IDEALIZED_ANALOG_MAPPING,256,6,63,0,2,7,203264,10,128,1280,96.19,0.0400000000000062,96.21517442857143,0.03129199388941105,96.18388243468202,0.025174428571432372,0.025174428571432372,HfOx_02,HfOx,True
HfOx_02,HfOx,5.0,0.6989700043360189,0,0,ANALOG,NOT_REPORTED,normalized_from_ratio,IDEALIZED_SINGLE_PAIR_ANALOG,IDEALIZED_ANALOG_MAPPING,64,8,255,0,2,7,203264,56,128,7168,96.19,0.0400000000000062,96.22539503968255,0.024475164949146252,96.2009198747334,0.03539503968255531,0.03539503968255531,HfOx_02,HfOx,True
HfOx_02,HfOx,5.0,0.6989700043360189,0,0,ANALOG,NOT_REPORTED,normalized_from_ratio,IDEALIZED_SINGLE_PAIR_ANALOG,IDEALIZED_ANALOG_MAPPING,128,5,31,0,2,8,203264,16,256,4096,96.19,0.0400000000000062,96.15117643650794,0.04175745059752949,96.10941898591041,-0.038823563492059066,0.038823563492059066,HfOx_02,HfOx,True
HfOx_02,HfOx,5.0,0.6989700043360189,0,0,ANALOG,NOT_REPORTED,normalized_from_ratio,IDEALIZED_SINGLE_PAIR_ANALOG,IDEALIZED_ANALOG_MAPPING,128,7,127,0,2,8,203264,16,256,4096,96.18,0.0499999999999971,96.19946719841269,0.020414742466632003,96.17905245594606,0.019467198412684183,0.019467198412684183,HfOx_02,HfOx,True
HfOx_02,HfOx,5.0,0.6989700043360189,0,0,ANALOG,NOT_REPORTED,normalized_from_ratio,IDEALIZED_SINGLE_PAIR_ANALOG,IDEALIZED_ANALOG_MAPPING,64,7,127,0,2,7,203264,56,128,7168,96.18,0.0499999999999971,96.22338823809524,0.027221147122050794,96.19616709097319,0.04338823809523262,0.04338823809523262,HfOx_02,HfOx,True
HfOx_02,HfOx,5.0,0.6989700043360189,0,0,ANALOG,NOT_REPORTED,normalized_from_ratio,IDEALIZED_SINGLE_PAIR_ANALOG,IDEALIZED_ANALOG_MAPPING,32,8,255,0,2,8,203264,208,256,53248,96.18,0.0499999999999971,96.22471146031745,0.02756203287191658,96.19714942744554,0.04471146031744411,0.04471146031744411,HfOx_02,HfOx,True
HfOx_02,HfOx,5.0,0.6989700043360189,0,0,ANALOG,NOT_REPORTED,normalized_from_ratio,IDEALIZED_SINGLE_PAIR_ANALOG,IDEALIZED_ANALOG_MAPPING,32,5,31,0,2,9,203264,208,512,106496,96.17,0.0600000000000022,96.14294386507937,0.01667131745059268,96.12627254762879,-0.027056134920627528,0.027056134920627528,HfOx_02,HfOx,True
HfOx_02,HfOx,5.0,0.6989700043360189,0,0,ANALOG,NOT_REPORTED,normalized_from_ratio,IDEALIZED_SINGLE_PAIR_ANALOG,IDEALIZED_ANALOG_MAPPING,32,5,31,0,2,7,203264,208,128,26624,96.17,0.0600000000000022,96.1682926111111,0.028069759988206714,96.14022285112289,-0.0017073888889029831,0.0017073888889029831,HfOx_02,HfOx,True
HfOx_02,HfOx,5.0,0.6989700043360189,0,0,ANALOG,NOT_REPORTED,normalized_from_ratio,IDEALIZED_SINGLE_PAIR_ANALOG,IDEALIZED_ANALOG_MAPPING,32,7,127,0,2,6,203264,208,64,13312,96.17,0.0600000000000022,96.19317493506495,0.04016228019876955,96.15301265486617,0.023174935064943725,0.023174935064943725,HfOx_02,HfOx,True
HfOx_02,HfOx,5.0,0.6989700043360189,0,0,ANALOG,NOT_REPORTED,normalized_from_ratio,IDEALIZED_SINGLE_PAIR_ANALOG,IDEALIZED_ANALOG_MAPPING,16,8,255,0,2,6,203264,800,64,51200,96.17,0.0600000000000022,96.18917124458875,0.03894750305385333,96.1502237415349,0.019171244588747527,0.019171244588747527,HfOx_02,HfOx,True
HfOx_02,HfOx,5.0,0.6989700043360189,0,0,ANALOG,NOT_REPORTED,normalized_from_ratio,IDEALIZED_SINGLE_PAIR_ANALOG,IDEALIZED_ANALOG_MAPPING,16,5,31,0,2,9,203264,800,512,409600,96.17,0.0600000000000022,96.14342675396826,0.016822168121227738,96.12660458584703,-0.026573246031745157,0.026573246031745157,HfOx_02,HfOx,True
HfOx_02,HfOx,5.0,0.6989700043360189,0,0,ANALOG,NOT_REPORTED,normalized_from_ratio,IDEALIZED_SINGLE_PAIR_ANALOG,IDEALIZED_ANALOG_MAPPING,64,5,31,0,2,7,203264,56,128,7168,96.17,0.0600000000000022,96.21127636507937,0.029408183557328178,96.18186818152205,0.04127636507936927,0.04127636507936927,HfOx_02,HfOx,True
HfOx_02,HfOx,5.0,0.6989700043360189,0,0,ANALOG,NOT_REPORTED,normalized_from_ratio,IDEALIZED_SINGLE_PAIR_ANALOG,IDEALIZED_ANALOG_MAPPING,256,5,31,0,2,9,203264,10,512,5120,96.17,0.0600000000000022,96.15077887301587,0.037571050993675775,96.11320782202219,-0.01922112698413514,0.01922112698413514,HfOx_02,HfOx,True
HfOx_02,HfOx,5.0,0.6989700043360189,0,0,ANALOG,NOT_REPORTED,normalized_from_ratio,IDEALIZED_SINGLE_PAIR_ANALOG,IDEALIZED_ANALOG_MAPPING,256,5,31,0,2,10,203264,10,1024,10240,96.16,0.0700000000000073,96.13426196825397,0.030096270597175404,96.1041656976568,-0.025738031746030288,0.025738031746030288,HfOx_02,HfOx,True
HfOx_02,HfOx,5.0,0.6989700043360189,0,0,ANALOG,NOT_REPORTED,normalized_from_ratio,IDEALIZED_SINGLE_PAIR_ANALOG,IDEALIZED_ANALOG_MAPPING,64,5,31,0,2,10,203264,56,1024,57344,96.16,0.0700000000000073,96.13874263492063,0.0238123388606012,96.11493029606004,-0.021257365079364376,0.021257365079364376,HfOx_02,HfOx,True
HfOx_02,HfOx,5.0,0.6989700043360189,0,0,ANALOG,NOT_REPORTED,normalized_from_ratio,IDEALIZED_SINGLE_PAIR_ANALOG,IDEALIZED_ANALOG_MAPPING,16,5,31,0,2,7,203264,800,128,102400,96.16,0.0700000000000073,96.16485203968253,0.02746476895676273,96.13738727072577,0.00485203968253245,0.00485203968253245,HfOx_02,HfOx,True
HfOx_02,HfOx,5.0,0.6989700043360189,0,0,ANALOG,NOT_REPORTED,normalized_from_ratio,IDEALIZED_SINGLE_PAIR_ANALOG,IDEALIZED_ANALOG_MAPPING,256,4,15,0,2,8,203264,10,256,2560,96.16,0.0700000000000073,96.0205494047619,0.015516106432432767,96.00503329832947,-0.13945059523810244,0.13945059523810244,HfOx_02,HfOx,True
HfOx_02,HfOx,5.0,0.6989700043360189,0,0,ANALOG,NOT_REPORTED,normalized_from_ratio,IDEALIZED_SINGLE_PAIR_ANALOG,IDEALIZED_ANALOG_MAPPING,16,5,31,0,2,8,203264,800,256,204800,96.15,0.0799999999999983,96.13632052380953,0.0218699035126547,96.11445062029688,-0.01367947619047527,0.01367947619047527,HfOx_02,HfOx,True
HfOx_02,HfOx,5.0,0.6989700043360189,0,0,ANALOG,NOT_REPORTED,normalized_from_ratio,IDEALIZED_SINGLE_PAIR_ANALOG,IDEALIZED_ANALOG_MAPPING,64,6,63,0,2,7,203264,56,128,7168,96.15,0.0799999999999983,96.22354479365079,0.02248122674647989,96.20106356690431,0.07354479365078248,0.07354479365078248,HfOx_02,HfOx,True
HfOx_02,HfOx,5.0,0.6989700043360189,0,0,ANALOG,NOT_REPORTED,normalized_from_ratio,IDEALIZED_SINGLE_PAIR_ANALOG,IDEALIZED_ANALOG_MAPPING,128,5,31,0,2,10,203264,16,1024,16384,96.15,0.0799999999999983,96.14150732539683,0.020207525972329426,96.1212997994245,-0.008492674603175487,0.008492674603175487,HfOx_02,HfOx,True
HfOx_02,HfOx,5.0,0.6989700043360189,0,0,ANALOG,NOT_REPORTED,normalized_from_ratio,IDEALIZED_SINGLE_PAIR_ANALOG,IDEALIZED_ANALOG_MAPPING,32,8,255,0,2,7,203264,208,128,26624,96.15,0.0799999999999983,96.24277792857141,0.01887736554244196,96.22390056302898,0.0927779285714081,0.0927779285714081,HfOx_02,HfOx,True
HfOx_02,HfOx,5.0,0.6989700043360189,0,0,ANALOG,NOT_REPORTED,normalized_from_ratio,IDEALIZED_SINGLE_PAIR_ANALOG,IDEALIZED_ANALOG_MAPPING,64,5,31,0,2,9,203264,56,512,28672,96.14,0.0900000000000034,96.16352292063492,0.027589513588809563,96.13593340704611,0.023522920634917455,0.023522920634917455,HfOx_02,HfOx,True
HfOx_02,HfOx,5.0,0.6989700043360189,0,0,ANALOG,NOT_REPORTED,normalized_from_ratio,IDEALIZED_SINGLE_PAIR_ANALOG,IDEALIZED_ANALOG_MAPPING,256,5,31,0,2,8,203264,10,256,2560,96.14,0.0900000000000034,96.12861815873015,0.04314242171421151,96.08547573701594,-0.011381841269852089,0.011381841269852089,HfOx_02,HfOx,True
HfOx_02,HfOx,5.0,0.6989700043360189,0,0,ANALOG,NOT_REPORTED,normalized_from_ratio,IDEALIZED_SINGLE_PAIR_ANALOG,IDEALIZED_ANALOG_MAPPING,256,6,63,0,2,9,203264,10,512,5120,96.13,0.1000000000000085,96.22689128571429,0.03618661008051996,96.19070467563377,0.09689128571429251,0.09689128571429251,HfOx_02,HfOx,True
HfOx_02,HfOx,5.0,0.6989700043360189,0,0,ANALOG,NOT_REPORTED,normalized_from_ratio,IDEALIZED_SINGLE_PAIR_ANALOG,IDEALIZED_ANALOG_MAPPING,16,5,31,0,2,10,203264,800,1024,819200,96.13,0.1000000000000085,96.13383527777778,0.011841002210441721,96.12199427556733,0.003835277777781698,0.003835277777781698,HfOx_02,HfOx,True
HfOx_02,HfOx,5.0,0.6989700043360189,0,0,ANALOG,NOT_REPORTED,normalized_from_ratio,IDEALIZED_SINGLE_PAIR_ANALOG,IDEALIZED_ANALOG_MAPPING,32,5,31,0,2,8,203264,208,256,53248,96.13,0.1000000000000085,96.14325718253968,0.024886927539537213,96.11837025500014,0.013257182539689438,0.013257182539689438,HfOx_02,HfOx,True
HfOx_02,HfOx,5.0,0.6989700043360189,0,0,ANALOG,NOT_REPORTED,normalized_from_ratio,IDEALIZED_SINGLE_PAIR_ANALOG,IDEALIZED_ANALOG_MAPPING,32,5,31,0,2,10,203264,208,1024,212992,96.13,0.1000000000000085,96.13000538888888,0.009465809937230786,96.12053957895165,5.388888880020204e-06,5.388888880020204e-06,HfOx_02,HfOx,True
HfOx_02,HfOx,5.0,0.6989700043360189,0,0,ANALOG,NOT_REPORTED,normalized_from_ratio,IDEALIZED_SINGLE_PAIR_ANALOG,IDEALIZED_ANALOG_MAPPING,64,4,15,0,2,7,203264,56,128,7168,96.12,0.1099999999999994,96.05055142857142,0.04819229648105619,96.00235913209036,-0.06944857142858041,0.06944857142858041,HfOx_02,HfOx,True
HfOx_02,HfOx,5.0,0.6989700043360189,0,0,ANALOG,NOT_REPORTED,normalized_from_ratio,IDEALIZED_SINGLE_PAIR_ANALOG,IDEALIZED_ANALOG_MAPPING,64,6,63,0,2,6,203264,56,64,3584,96.12,0.1099999999999994,96.13734805844156,0.04285556254791184,96.09449249589365,0.017348058441555736,0.017348058441555736,HfOx_02,HfOx,True
HfOx_02,HfOx,5.0,0.6989700043360189,0,0,ANALOG,NOT_REPORTED,normalized_from_ratio,IDEALIZED_SINGLE_PAIR_ANALOG,IDEALIZED_ANALOG_MAPPING,256,8,255,0,2,7,203264,10,128,1280,96.11,0.1200000000000045,96.1640421868687,0.03008971080359139,96.1339524760651,0.054042186868699105,0.054042186868699105,HfOx_02,HfOx,True
HfOx_02,HfOx,5.0,0.6989700043360189,0,0,ANALOG,NOT_REPORTED,normalized_from_ratio,IDEALIZED_SINGLE_PAIR_ANALOG,IDEALIZED_ANALOG_MAPPING,16,5,31,0,2,6,203264,800,64,51200,96.11,0.1200000000000045,96.11088192063491,0.0529286939551589,96.05795322667976,0.000881920634910216,0.000881920634910216,HfOx_02,HfOx,True
HfOx_02,HfOx,5.0,0.6989700043360189,0,0,ANALOG,NOT_REPORTED,normalized_from_ratio,IDEALIZED_SINGLE_PAIR_ANALOG,IDEALIZED_ANALOG_MAPPING,128,4,15,0,2,8,203264,16,256,4096,96.1,0.1300000000000096,96.0217521984127,0.018894597258541854,96.00285760115416,-0.07824780158729538,0.07824780158729538,HfOx_02,HfOx,True
HfOx_02,HfOx,5.0,0.6989700043360189,0,0,ANALOG,NOT_REPORTED,normalized_from_ratio,IDEALIZED_SINGLE_PAIR_ANALOG,IDEALIZED_ANALOG_MAPPING,32,4,15,0,2,8,203264,208,256,53248,96.1,0.1300000000000096,96.05916634054834,0.019619455447648287,96.03954688510069,-0.04083365945164985,0.04083365945164985,HfOx_02,HfOx,True
HfOx_02,HfOx,5.0,0.6989700043360189,0,0,ANALOG,NOT_REPORTED,normalized_from_ratio,IDEALIZED_SINGLE_PAIR_ANALOG,IDEALIZED_ANALOG_MAPPING,128,4,15,0,2,10,203264,16,1024,16384,96.08,0.1500000000000056,96.0671423015873,0.01418556171597982,96.05295673987132,-0.012857698412702234,0.012857698412702234,HfOx_02,HfOx,True
HfOx_02,HfOx,5.0,0.6989700043360189,0,0,ANALOG,NOT_REPORTED,normalized_from_ratio,IDEALIZED_SINGLE_PAIR_ANALOG,IDEALIZED_ANALOG_MAPPING,256,4,15,0,2,9,203264,10,512,5120,96.08,0.1500000000000056,96.04415453174603,0.020271533731459235,96.02388299801457,-0.03584546825396728,0.03584546825396728,HfOx_02,HfOx,True
HfOx_02,HfOx,5.0,0.6989700043360189,0,0,ANALOG,NOT_REPORTED,normalized_from_ratio,IDEALIZED_SINGLE_PAIR_ANALOG,IDEALIZED_ANALOG_MAPPING,128,7,127,0,2,7,203264,16,128,2048,96.08,0.1500000000000056,96.18588111327563,0.03623881794655789,96.14964229532907,0.10588111327562899,0.10588111327562899,HfOx_02,HfOx,True
HfOx_02,HfOx,5.0,0.6989700043360189,0,0,ANALOG,NOT_REPORTED,normalized_from_ratio,IDEALIZED_SINGLE_PAIR_ANALOG,IDEALIZED_ANALOG_MAPPING,256,7,127,0,2,7,203264,10,128,1280,96.07,0.1600000000000108,96.16724302020202,0.03388290073734192,96.13336011946468,0.09724302020202913,0.09724302020202913,HfOx_02,HfOx,True
HfOx_02,HfOx,5.0,0.6989700043360189,0,0,ANALOG,NOT_REPORTED,normalized_from_ratio,IDEALIZED_SINGLE_PAIR_ANALOG,IDEALIZED_ANALOG_MAPPING,256,4,15,0,2,10,203264,10,1024,10240,96.07,0.1600000000000108,96.06715693650793,0.013509854662196598,96.05364708184572,-0.002843063492065312,0.002843063492065312,HfOx_02,HfOx,True
HfOx_02,HfOx,5.0,0.6989700043360189,0,0,ANALOG,NOT_REPORTED,normalized_from_ratio,IDEALIZED_SINGLE_PAIR_ANALOG,IDEALIZED_ANALOG_MAPPING,128,4,15,0,2,9,203264,16,512,8192,96.07,0.1600000000000108,96.04494918253968,0.022127599466443947,96.02282158307324,-0.025050817460311237,0.025050817460311237,HfOx_02,HfOx,True
HfOx_02,HfOx,5.0,0.6989700043360189,0,0,ANALOG,NOT_REPORTED,normalized_from_ratio,IDEALIZED_SINGLE_PAIR_ANALOG,IDEALIZED_ANALOG_MAPPING,16,4,15,0,2,9,203264,800,512,409600,96.06,0.1700000000000017,96.08217142063492,0.017295218752419645,96.0648762018825,0.02217142063491906,0.02217142063491906,HfOx_02,HfOx,True
HfOx_02,HfOx,5.0,0.6989700043360189,0,0,ANALOG,NOT_REPORTED,normalized_from_ratio,IDEALIZED_SINGLE_PAIR_ANALOG,IDEALIZED_ANALOG_MAPPING,256,5,31,0,2,7,203264,10,128,1280,96.06,0.1700000000000017,96.13966672222222,0.06252404471130685,96.0771426775109,0.07966672222221405,0.07966672222221405,HfOx_02,HfOx,True
HfOx_02,HfOx,5.0,0.6989700043360189,0,0,ANALOG,NOT_REPORTED,normalized_from_ratio,IDEALIZED_SINGLE_PAIR_ANALOG,IDEALIZED_ANALOG_MAPPING,16,4,15,0,2,10,203264,800,1024,819200,96.06,0.1700000000000017,96.07013853968255,0.014484323058934311,96.05565421662361,0.010138539682543524,0.010138539682543524,HfOx_02,HfOx,True
HfOx_02,HfOx,5.0,0.6989700043360189,0,0,ANALOG,NOT_REPORTED,normalized_from_ratio,IDEALIZED_SINGLE_PAIR_ANALOG,IDEALIZED_ANALOG_MAPPING,64,4,15,0,2,8,203264,56,256,14336,96.06,0.1700000000000017,96.05487042857142,0.020806271705131017,96.0340641568663,-0.005129571428582835,0.005129571428582835,HfOx_02,HfOx,True
HfOx_02,HfOx,5.0,0.6989700043360189,0,0,ANALOG,NOT_REPORTED,normalized_from_ratio,IDEALIZED_SINGLE_PAIR_ANALOG,IDEALIZED_ANALOG_MAPPING,128,8,255,0,2,7,203264,16,128,2048,96.05,0.1800000000000068,96.1878653037518,0.0346130664183853,96.15325223733342,0.13786530375180917,0.13786530375180917,HfOx_02,HfOx,True
HfOx_02,HfOx,5.0,0.6989700043360189,0,0,ANALOG,NOT_REPORTED,normalized_from_ratio,IDEALIZED_SINGLE_PAIR_ANALOG,IDEALIZED_ANALOG_MAPPING,64,4,15,0,2,10,203264,56,1024,57344,96.05,0.1800000000000068,96.07240573015872,0.017744964177399975,96.05466076598132,0.022405730158723713,0.022405730158723713,HfOx_02,HfOx,True
HfOx_02,HfOx,5.0,0.6989700043360189,0,0,ANALOG,NOT_REPORTED,normalized_from_ratio,IDEALIZED_SINGLE_PAIR_ANALOG,IDEALIZED_ANALOG_MAPPING,16,4,15,0,2,8,203264,800,256,204800,96.05,0.1800000000000068,96.06678465800866,0.026873299001171365,96.03991135900749,0.016784658008660358,0.016784658008660358,HfOx_02,HfOx,True
HfOx_02,HfOx,5.0,0.6989700043360189,0,0,ANALOG,NOT_REPORTED,normalized_from_ratio,IDEALIZED_SINGLE_PAIR_ANALOG,IDEALIZED_ANALOG_MAPPING,32,4,15,0,2,6,203264,208,64,13312,96.04,0.1899999999999977,95.99599966666668,0.03410300747924413,95.96189665918743,-0.04400033333332942,0.04400033333332942,HfOx_02,HfOx,True
HfOx_02,HfOx,5.0,0.6989700043360189,0,0,ANALOG,NOT_REPORTED,normalized_from_ratio,IDEALIZED_SINGLE_PAIR_ANALOG,IDEALIZED_ANALOG_MAPPING,64,4,15,0,2,9,203264,56,512,28672,96.04,0.1899999999999977,96.08126175396825,0.0329871226059266,96.04827463136232,0.04126175396824294,0.04126175396824294,HfOx_02,HfOx,True
HfOx_02,HfOx,5.0,0.6989700043360189,0,0,ANALOG,NOT_REPORTED,normalized_from_ratio,IDEALIZED_SINGLE_PAIR_ANALOG,IDEALIZED_ANALOG_MAPPING,16,4,15,0,2,6,203264,800,64,51200,96.04,0.1899999999999977,96.04913104761904,0.019725960807307687,96.02940508681174,0.009131047619035826,0.009131047619035826,HfOx_02,HfOx,True
HfOx_02,HfOx,5.0,0.6989700043360189,0,0,ANALOG,NOT_REPORTED,normalized_from_ratio,IDEALIZED_SINGLE_PAIR_ANALOG,IDEALIZED_ANALOG_MAPPING,32,4,15,0,2,10,203264,208,1024,212992,96.04,0.1899999999999977,96.06365496031746,0.014064917279223346,96.04959004303824,0.023654960317458062,0.023654960317458062,HfOx_02,HfOx,True
HfOx_02,HfOx,5.0,0.6989700043360189,0,0,ANALOG,NOT_REPORTED,normalized_from_ratio,IDEALIZED_SINGLE_PAIR_ANALOG,IDEALIZED_ANALOG_MAPPING,32,4,15,0,2,9,203264,208,512,106496,96.03,0.2000000000000028,96.07617703174601,0.020333362334420565,96.05584366941159,0.046177031746012176,0.046177031746012176,HfOx_02,HfOx,True
HfOx_02,HfOx,5.0,0.6989700043360189,0,0,ANALOG,NOT_REPORTED,normalized_from_ratio,IDEALIZED_SINGLE_PAIR_ANALOG,IDEALIZED_ANALOG_MAPPING,64,5,31,0,2,6,203264,56,64,3584,96.02,0.2100000000000079,96.1117968968254,0.06210883766878987,96.04968805915661,0.09179689682540015,0.09179689682540015,HfOx_02,HfOx,True
HfOx_02,HfOx,5.0,0.6989700043360189,0,0,ANALOG,NOT_REPORTED,normalized_from_ratio,IDEALIZED_SINGLE_PAIR_ANALOG,IDEALIZED_ANALOG_MAPPING,32,5,31,0,2,6,203264,208,64,13312,96.02,0.2100000000000079,96.11323265873017,0.06460171817136943,96.0486309405588,0.09323265873017306,0.09323265873017306,HfOx_02,HfOx,True
HfOx_02,HfOx,5.0,0.6989700043360189,0,0,ANALOG,NOT_REPORTED,normalized_from_ratio,IDEALIZED_SINGLE_PAIR_ANALOG,IDEALIZED_ANALOG_MAPPING,32,4,15,0,2,7,203264,208,128,26624,96.01,0.2199999999999988,96.08888417388168,0.031239226755481773,96.05764494712619,0.07888417388167568,0.07888417388167568,HfOx_02,HfOx,True
HfOx_02,HfOx,5.0,0.6989700043360189,0,0,ANALOG,NOT_REPORTED,normalized_from_ratio,IDEALIZED_SINGLE_PAIR_ANALOG,IDEALIZED_ANALOG_MAPPING,128,4,15,0,2,7,203264,16,128,2048,96.01,0.2199999999999988,96.01623854761905,0.037046213813831996,95.97919233380522,0.006238547619048518,0.006238547619048518,HfOx_02,HfOx,True
HfOx_02,HfOx,5.0,0.6989700043360189,0,0,ANALOG,NOT_REPORTED,normalized_from_ratio,IDEALIZED_SINGLE_PAIR_ANALOG,IDEALIZED_ANALOG_MAPPING,128,5,31,0,2,7,203264,16,128,2048,96.01,0.2199999999999988,96.17977318253968,0.04954383795733233,96.13022934458235,0.16977318253967155,0.16977318253967155,HfOx_02,HfOx,True
HfOx_02,HfOx,5.0,0.6989700043360189,0,0,ANALOG,NOT_REPORTED,normalized_from_ratio,IDEALIZED_SINGLE_PAIR_ANALOG,IDEALIZED_ANALOG_MAPPING,16,4,15,0,2,7,203264,800,128,102400,96.0,0.2300000000000039,96.0984933008658,0.028114581575770983,96.07037871929003,0.09849330086579755,0.09849330086579755,HfOx_02,HfOx,True
HfOx_02,HfOx,5.0,0.6989700043360189,0,0,ANALOG,NOT_REPORTED,normalized_from_ratio,IDEALIZED_SINGLE_PAIR_ANALOG,IDEALIZED_ANALOG_MAPPING,128,6,63,0,2,7,203264,16,128,2048,95.99,0.2400000000000091,96.21868713492064,0.02576641183887978,96.19292072308177,0.22868713492064785,0.22868713492064785,HfOx_02,HfOx,True
HfOx_02,HfOx,5.0,0.6989700043360189,0,0,ANALOG,NOT_REPORTED,normalized_from_ratio,IDEALIZED_SINGLE_PAIR_ANALOG,IDEALIZED_ANALOG_MAPPING,256,4,15,0,2,7,203264,10,128,1280,95.99,0.2400000000000091,96.02274578571429,0.020993990513062458,96.00175179520123,0.032745785714297426,0.032745785714297426,HfOx_02,HfOx,True
HfOx_02,HfOx,5.0,0.6989700043360189,0,0,ANALOG,NOT_REPORTED,normalized_from_ratio,IDEALIZED_SINGLE_PAIR_ANALOG,IDEALIZED_ANALOG_MAPPING,16,6,63,0,2,5,203264,800,32,25600,95.98,0.25,96.05806561904761,0.08227933276361193,95.975786286284,0.07806561904760656,0.07806561904760656,HfOx_02,HfOx,True
HfOx_02,HfOx,5.0,0.6989700043360189,0,0,ANALOG,NOT_REPORTED,normalized_from_ratio,IDEALIZED_SINGLE_PAIR_ANALOG,IDEALIZED_ANALOG_MAPPING,16,5,31,0,2,5,203264,800,32,25600,95.91,0.3200000000000074,95.98417261904763,0.08651333832809292,95.89765928071954,0.07417261904762995,0.07417261904762995,HfOx_02,HfOx,True
HfOx_02,HfOx,5.0,0.6989700043360189,0,0,ANALOG,NOT_REPORTED,normalized_from_ratio,IDEALIZED_SINGLE_PAIR_ANALOG,IDEALIZED_ANALOG_MAPPING,64,7,127,0,2,6,203264,56,64,3584,95.9,0.3299999999999983,96.13011905844157,0.03759201109125901,96.0925270473503,0.23011905844155933,0.23011905844155933,HfOx_02,HfOx,True
HfOx_02,HfOx,5.0,0.6989700043360189,0,0,ANALOG,NOT_REPORTED,normalized_from_ratio,IDEALIZED_SINGLE_PAIR_ANALOG,IDEALIZED_ANALOG_MAPPING,64,8,255,0,2,6,203264,56,64,3584,95.89,0.3400000000000034,96.1370793997114,0.04972062897545865,96.08735877073593,0.2470793997113958,0.2470793997113958,HfOx_02,HfOx,True
HfOx_02,HfOx,5.0,0.6989700043360189,0,0,ANALOG,NOT_REPORTED,normalized_from_ratio,IDEALIZED_SINGLE_PAIR_ANALOG,IDEALIZED_ANALOG_MAPPING,16,8,255,0,2,5,203264,800,32,25600,95.87,0.3599999999999994,96.09929396031747,0.06393862898432401,96.03535533133315,0.22929396031746307,0.22929396031746307,HfOx_02,HfOx,True
HfOx_02,HfOx,5.0,0.6989700043360189,0,0,ANALOG,NOT_REPORTED,normalized_from_ratio,IDEALIZED_SINGLE_PAIR_ANALOG,IDEALIZED_ANALOG_MAPPING,16,4,15,0,2,5,203264,800,32,25600,95.86,0.3700000000000045,95.90633261111113,0.054103681774010426,95.85222892933712,0.04633261111112574,0.04633261111112574,HfOx_02,HfOx,True
HfOx_02,HfOx,5.0,0.6989700043360189,0,0,ANALOG,NOT_REPORTED,normalized_from_ratio,IDEALIZED_SINGLE_PAIR_ANALOG,IDEALIZED_ANALOG_MAPPING,16,7,127,0,2,5,203264,800,32,25600,95.85,0.3800000000000096,96.10327462698413,0.05987284326192038,96.04340178372222,0.25327462698413683,0.25327462698413683,HfOx_02,HfOx,True
HfOx_02,HfOx,5.0,0.6989700043360189,0,0,ANALOG,NOT_REPORTED,normalized_from_ratio,IDEALIZED_SINGLE_PAIR_ANALOG,IDEALIZED_ANALOG_MAPPING,64,4,15,0,2,6,203264,56,64,3584,95.79,0.4399999999999977,95.99554614285714,0.03346499542909709,95.96208114742804,0.20554614285713058,0.20554614285713058,HfOx_02,HfOx,False
HfOx_02,HfOx,5.0,0.6989700043360189,0,0,ANALOG,NOT_REPORTED,normalized_from_ratio,IDEALIZED_SINGLE_PAIR_ANALOG,IDEALIZED_ANALOG_MAPPING,256,8,255,0,2,6,203264,10,64,640,95.75,0.480000000000004,95.95005330952382,0.03960146872242927,95.9104518408014,0.20005330952382394,0.20005330952382394,HfOx_02,HfOx,False
HfOx_02,HfOx,5.0,0.6989700043360189,0,0,ANALOG,NOT_REPORTED,normalized_from_ratio,IDEALIZED_SINGLE_PAIR_ANALOG,IDEALIZED_ANALOG_MAPPING,32,5,31,0,2,5,203264,208,32,6656,95.73,0.5,95.90108630952382,0.09278878720359564,95.80829752232022,0.17108630952381532,0.17108630952381532,HfOx_02,HfOx,False
HfOx_02,HfOx,5.0,0.6989700043360189,0,0,ANALOG,NOT_REPORTED,normalized_from_ratio,IDEALIZED_SINGLE_PAIR_ANALOG,IDEALIZED_ANALOG_MAPPING,256,7,127,0,2,6,203264,10,64,640,95.73,0.5,95.94918342857143,0.03839679441269279,95.91078663415874,0.21918342857142648,0.21918342857142648,HfOx_02,HfOx,False
HfOx_02,HfOx,5.0,0.6989700043360189,0,0,ANALOG,NOT_REPORTED,normalized_from_ratio,IDEALIZED_SINGLE_PAIR_ANALOG,IDEALIZED_ANALOG_MAPPING,128,6,63,0,2,6,203264,16,64,1024,95.7,0.5300000000000011,95.92669683982683,0.06625610079919653,95.86044073902764,0.22669683982682898,0.22669683982682898,HfOx_02,HfOx,False
HfOx_02,HfOx,5.0,0.6989700043360189,0,0,ANALOG,NOT_REPORTED,normalized_from_ratio,IDEALIZED_SINGLE_PAIR_ANALOG,IDEALIZED_ANALOG_MAPPING,32,6,63,0,2,5,203264,208,32,6656,95.7,0.5300000000000011,95.97663326984127,0.08268524102704924,95.89394802881422,0.2766332698412697,0.2766332698412697,HfOx_02,HfOx,False
HfOx_02,HfOx,5.0,0.6989700043360189,0,0,ANALOG,NOT_REPORTED,normalized_from_ratio,IDEALIZED_SINGLE_PAIR_ANALOG,IDEALIZED_ANALOG_MAPPING,32,8,255,0,2,5,203264,208,32,6656,95.67,0.5600000000000023,96.02220118253969,0.07848074799107511,95.94372043454861,0.35220118253968735,0.35220118253968735,HfOx_02,HfOx,False
HfOx_02,HfOx,5.0,0.6989700043360189,0,0,ANALOG,NOT_REPORTED,normalized_from_ratio,IDEALIZED_SINGLE_PAIR_ANALOG,IDEALIZED_ANALOG_MAPPING,128,8,255,0,2,6,203264,16,64,1024,95.66,0.5700000000000074,95.92266814935064,0.05585573485139377,95.86681241449925,0.2626681493506453,0.2626681493506453,HfOx_02,HfOx,False
HfOx_02,HfOx,5.0,0.6989700043360189,0,0,ANALOG,NOT_REPORTED,normalized_from_ratio,IDEALIZED_SINGLE_PAIR_ANALOG,IDEALIZED_ANALOG_MAPPING,128,4,15,0,2,6,203264,16,64,1024,95.65,0.5799999999999983,95.81126715873016,0.08681747579291484,95.72444968293725,0.16126715873015485,0.16126715873015485,HfOx_02,HfOx,False
HfOx_02,HfOx,5.0,0.6989700043360189,0,0,ANALOG,NOT_REPORTED,normalized_from_ratio,IDEALIZED_SINGLE_PAIR_ANALOG,IDEALIZED_ANALOG_MAPPING,256,6,63,0,2,6,203264,10,64,640,95.63,0.6000000000000085,95.94866447619047,0.05554090324595751,95.89312357294452,0.31866447619047733,0.31866447619047733,HfOx_02,HfOx,False
HfOx_02,HfOx,5.0,0.6989700043360189,0,0,ANALOG,NOT_REPORTED,normalized_from_ratio,IDEALIZED_SINGLE_PAIR_ANALOG,IDEALIZED_ANALOG_MAPPING,32,7,127,0,2,5,203264,208,32,6656,95.63,0.6000000000000085,96.02572651587302,0.07977210437439125,95.94595441149863,0.3957265158730223,0.3957265158730223,HfOx_02,HfOx,False
HfOx_02,HfOx,5.0,0.6989700043360189,0,0,ANALOG,NOT_REPORTED,normalized_from_ratio,IDEALIZED_SINGLE_PAIR_ANALOG,IDEALIZED_ANALOG_MAPPING,256,4,15,0,2,6,203264,10,64,640,95.6,0.6300000000000097,95.83762280952381,0.06830169608180481,95.769321113442,0.23762280952381332,0.23762280952381332,HfOx_02,HfOx,False
HfOx_02,HfOx,5.0,0.6989700043360189,0,0,ANALOG,NOT_REPORTED,normalized_from_ratio,IDEALIZED_SINGLE_PAIR_ANALOG,IDEALIZED_ANALOG_MAPPING,256,5,31,0,2,6,203264,10,64,640,95.55,0.6800000000000068,95.99168484920637,0.075319766892377,95.91636508231399,0.44168484920636786,0.44168484920636786,HfOx_02,HfOx,False
HfOx_02,HfOx,5.0,0.6989700043360189,0,0,ANALOG,NOT_REPORTED,normalized_from_ratio,IDEALIZED_SINGLE_PAIR_ANALOG,IDEALIZED_ANALOG_MAPPING,128,5,31,0,2,6,203264,16,64,1024,95.53,0.7000000000000028,95.99633323809523,0.09143606336541052,95.90489717472983,0.4663332380952312,0.4663332380952312,HfOx_02,HfOx,False
HfOx_02,HfOx,5.0,0.6989700043360189,0,0,ANALOG,NOT_REPORTED,normalized_from_ratio,IDEALIZED_SINGLE_PAIR_ANALOG,IDEALIZED_ANALOG_MAPPING,128,7,127,0,2,6,203264,16,64,1024,95.49,0.7400000000000091,95.9214817922078,0.05291668765768854,95.86856510455011,0.4314817922078049,0.4314817922078049,HfOx_02,HfOx,False
HfOx_02,HfOx,5.0,0.6989700043360189,0,0,ANALOG,NOT_REPORTED,normalized_from_ratio,IDEALIZED_SINGLE_PAIR_ANALOG,IDEALIZED_ANALOG_MAPPING,32,4,15,0,2,5,203264,208,32,6656,95.48,0.75,95.79341379365079,0.07423334925918901,95.7191804443916,0.31341379365078126,0.31341379365078126,HfOx_02,HfOx,False
HfOx_02,HfOx,5.0,0.6989700043360189,0,0,ANALOG,NOT_REPORTED,normalized_from_ratio,IDEALIZED_SINGLE_PAIR_ANALOG,IDEALIZED_ANALOG_MAPPING,64,6,63,0,2,5,203264,56,32,1792,95.18,1.0499999999999972,95.57078958730158,0.12002734397871649,95.45076224332286,0.390789587301569,0.390789587301569,HfOx_02,HfOx,False
HfOx_02,HfOx,5.0,0.6989700043360189,0,0,ANALOG,NOT_REPORTED,normalized_from_ratio,IDEALIZED_SINGLE_PAIR_ANALOG,IDEALIZED_ANALOG_MAPPING,64,7,127,0,2,5,203264,56,32,1792,94.99,1.240000000000009,95.5952081111111,0.1209360467230141,95.47427206438809,0.6052081111111107,0.6052081111111107,HfOx_02,HfOx,False
HfOx_02,HfOx,5.0,0.6989700043360189,0,0,ANALOG,NOT_REPORTED,normalized_from_ratio,IDEALIZED_SINGLE_PAIR_ANALOG,IDEALIZED_ANALOG_MAPPING,64,8,255,0,2,5,203264,56,32,1792,94.98,1.25,95.59456277777777,0.11558602314576517,95.478976754632,0.6145627777777634,0.6145627777777634,HfOx_02,HfOx,False
HfOx_02,HfOx,5.0,0.6989700043360189,0,0,ANALOG,NOT_REPORTED,normalized_from_ratio,IDEALIZED_SINGLE_PAIR_ANALOG,IDEALIZED_ANALOG_MAPPING,16,8,255,0,2,4,203264,800,16,12800,94.94,1.2900000000000065,95.44525885425683,0.22229101842583024,95.222967835831,0.5052588542568373,0.5052588542568373,HfOx_02,HfOx,False
HfOx_02,HfOx,5.0,0.6989700043360189,0,0,ANALOG,NOT_REPORTED,normalized_from_ratio,IDEALIZED_SINGLE_PAIR_ANALOG,IDEALIZED_ANALOG_MAPPING,64,5,31,0,2,5,203264,56,32,1792,94.86,1.3700000000000043,95.50199066300367,0.11435102855529107,95.38763963444838,0.6419906630036678,0.6419906630036678,HfOx_02,HfOx,False
HfOx_02,HfOx,5.0,0.6989700043360189,0,0,ANALOG,NOT_REPORTED,normalized_from_ratio,IDEALIZED_SINGLE_PAIR_ANALOG,IDEALIZED_ANALOG_MAPPING,64,4,15,0,2,5,203264,56,32,1792,94.79,1.4399999999999975,95.47806652014653,0.0892425499066882,95.38882397023984,0.6880665201465206,0.6880665201465206,HfOx_02,HfOx,False
HfOx_02,HfOx,5.0,0.6989700043360189,0,0,ANALOG,NOT_REPORTED,normalized_from_ratio,IDEALIZED_SINGLE_PAIR_ANALOG,IDEALIZED_ANALOG_MAPPING,16,6,63,0,2,4,203264,800,16,12800,94.79,1.4399999999999975,95.42944268759018,0.22434378563469798,95.20509890195548,0.6394426875901758,0.6394426875901758,HfOx_02,HfOx,False
HfOx_02,HfOx,5.0,0.6989700043360189,0,0,ANALOG,NOT_REPORTED,normalized_from_ratio,IDEALIZED_SINGLE_PAIR_ANALOG,IDEALIZED_ANALOG_MAPPING,16,7,127,0,2,4,203264,800,16,12800,94.78,1.4500000000000028,95.44648318759018,0.22170990719742142,95.22477328039275,0.666483187590174,0.666483187590174,HfOx_02,HfOx,False
HfOx_02,HfOx,5.0,0.6989700043360189,0,0,ANALOG,NOT_REPORTED,normalized_from_ratio,IDEALIZED_SINGLE_PAIR_ANALOG,IDEALIZED_ANALOG_MAPPING,16,5,31,0,2,4,203264,800,16,12800,94.76,1.4699999999999989,95.3905338066378,0.23487121524456198,95.15566259139324,0.6305338066377999,0.6305338066377999,HfOx_02,HfOx,False
HfOx_02,HfOx,5.0,0.6989700043360189,0,0,ANALOG,NOT_REPORTED,normalized_from_ratio,IDEALIZED_SINGLE_PAIR_ANALOG,IDEALIZED_ANALOG_MAPPING,16,4,15,0,2,4,203264,800,16,12800,94.49,1.740000000000009,95.3215051875902,0.5244311111487324,94.79707407644148,0.83150518759021,0.83150518759021,HfOx_02,HfOx,False
HfOx_02,HfOx,5.0,0.6989700043360189,0,0,ANALOG,NOT_REPORTED,normalized_from_ratio,IDEALIZED_SINGLE_PAIR_ANALOG,IDEALIZED_ANALOG_MAPPING,32,6,63,0,2,4,203264,208,16,3328,93.76,2.469999999999999,94.1839616904762,0.35383108714129013,93.83013060333491,0.42396169047619026,0.42396169047619026,HfOx_02,HfOx,False
HfOx_02,HfOx,5.0,0.6989700043360189,0,0,ANALOG,NOT_REPORTED,normalized_from_ratio,IDEALIZED_SINGLE_PAIR_ANALOG,IDEALIZED_ANALOG_MAPPING,32,8,255,0,2,4,203264,208,16,3328,93.73,2.5,94.24977647402598,0.2288858884879555,94.02089058553803,0.5197764740259743,0.5197764740259743,HfOx_02,HfOx,False
HfOx_02,HfOx,5.0,0.6989700043360189,0,0,ANALOG,NOT_REPORTED,normalized_from_ratio,IDEALIZED_SINGLE_PAIR_ANALOG,IDEALIZED_ANALOG_MAPPING,32,7,127,0,2,4,203264,208,16,3328,93.38,2.8500000000000085,94.24259447402598,0.30461644948008487,93.9379780245459,0.8625944740259825,0.8625944740259825,HfOx_02,HfOx,False
HfOx_02,HfOx,5.0,0.6989700043360189,0,0,ANALOG,NOT_REPORTED,normalized_from_ratio,IDEALIZED_SINGLE_PAIR_ANALOG,IDEALIZED_ANALOG_MAPPING,32,5,31,0,2,4,203264,208,16,3328,93.19,3.0400000000000063,94.11302536507937,0.38248233311173296,93.73054303196763,0.9230253650793685,0.9230253650793685,HfOx_02,HfOx,False
HfOx_02,HfOx,5.0,0.6989700043360189,0,0,ANALOG,NOT_REPORTED,normalized_from_ratio,IDEALIZED_SINGLE_PAIR_ANALOG,IDEALIZED_ANALOG_MAPPING,128,6,63,0,2,5,203264,16,32,512,93.17,3.0600000000000023,94.42096920634921,0.14731817104402137,94.27365103530519,1.250969206349211,1.250969206349211,HfOx_02,HfOx,False
HfOx_02,HfOx,5.0,0.6989700043360189,0,0,ANALOG,NOT_REPORTED,normalized_from_ratio,IDEALIZED_SINGLE_PAIR_ANALOG,IDEALIZED_ANALOG_MAPPING,32,4,15,0,2,4,203264,208,16,3328,93.13,3.1000000000000085,94.05659666666666,0.5842010804637683,93.4723955862029,0.9265966666666685,0.9265966666666685,HfOx_02,HfOx,False
HfOx_02,HfOx,5.0,0.6989700043360189,0,0,ANALOG,NOT_REPORTED,normalized_from_ratio,IDEALIZED_SINGLE_PAIR_ANALOG,IDEALIZED_ANALOG_MAPPING,128,8,255,0,2,5,203264,16,32,512,92.98,3.25,94.45138730158729,0.12335091272527215,94.32803638886202,1.471387301587285,1.471387301587285,HfOx_02,HfOx,False
HfOx_02,HfOx,5.0,0.6989700043360189,0,0,ANALOG,NOT_REPORTED,normalized_from_ratio,IDEALIZED_SINGLE_PAIR_ANALOG,IDEALIZED_ANALOG_MAPPING,128,4,15,0,2,5,203264,16,32,512,92.88,3.3500000000000085,94.15770682539683,0.2287065301570451,93.92900029523979,1.2777068253968338,1.2777068253968338,HfOx_02,HfOx,False
HfOx_02,HfOx,5.0,0.6989700043360189,0,0,ANALOG,NOT_REPORTED,normalized_from_ratio,IDEALIZED_SINGLE_PAIR_ANALOG,IDEALIZED_ANALOG_MAPPING,128,7,127,0,2,5,203264,16,32,512,92.85,3.3800000000000097,94.45275263492064,0.12311388030079476,94.32963875461985,1.6027526349206482,1.6027526349206482,HfOx_02,HfOx,False
HfOx_02,HfOx,5.0,0.6989700043360189,0,0,ANALOG,NOT_REPORTED,normalized_from_ratio,IDEALIZED_SINGLE_PAIR_ANALOG,IDEALIZED_ANALOG_MAPPING,256,6,63,0,2,5,203264,10,32,320,92.82,3.410000000000011,94.1825396031746,0.1343934538414442,94.04814614933316,1.3625396031746106,1.3625396031746106,HfOx_02,HfOx,False
HfOx_02,HfOx,5.0,0.6989700043360189,0,0,ANALOG,NOT_REPORTED,normalized_from_ratio,IDEALIZED_SINGLE_PAIR_ANALOG,IDEALIZED_ANALOG_MAPPING,256,7,127,0,2,5,203264,10,32,320,92.7,3.530000000000001,94.20028822222223,0.1318684194462569,94.06841980277596,1.500288222222224,1.500288222222224,HfOx_02,HfOx,False
HfOx_02,HfOx,5.0,0.6989700043360189,0,0,ANALOG,NOT_REPORTED,normalized_from_ratio,IDEALIZED_SINGLE_PAIR_ANALOG,IDEALIZED_ANALOG_MAPPING,256,8,255,0,2,5,203264,10,32,320,92.69,3.5400000000000063,94.19892288888889,0.12944853217782976,94.06947435671105,1.5089228888888897,1.5089228888888897,HfOx_02,HfOx,False
HfOx_02,HfOx,5.0,0.6989700043360189,0,0,ANALOG,NOT_REPORTED,normalized_from_ratio,IDEALIZED_SINGLE_PAIR_ANALOG,IDEALIZED_ANALOG_MAPPING,256,4,15,0,2,5,203264,10,32,320,92.68,3.549999999999997,94.04020574603175,0.15063301289835226,93.88957273313339,1.3602057460317383,1.3602057460317383,HfOx_02,HfOx,False
HfOx_02,HfOx,5.0,0.6989700043360189,0,0,ANALOG,NOT_REPORTED,normalized_from_ratio,IDEALIZED_SINGLE_PAIR_ANALOG,IDEALIZED_ANALOG_MAPPING,128,5,31,0,2,5,203264,16,32,512,92.58,3.6500000000000057,94.28159108730158,0.21528398517603695,94.06630710212553,1.7015910873015798,1.7015910873015798,HfOx_02,HfOx,False
HfOx_02,HfOx,5.0,0.6989700043360189,0,0,ANALOG,NOT_REPORTED,normalized_from_ratio,IDEALIZED_SINGLE_PAIR_ANALOG,IDEALIZED_ANALOG_MAPPING,256,5,31,0,2,5,203264,10,32,320,92.39,3.8400000000000034,94.10330674603173,0.1608791260663951,93.94242761996534,1.7133067460317335,1.7133067460317335,HfOx_02,HfOx,False
HfOx_02,HfOx,5.0,0.6989700043360189,0,0,ANALOG,NOT_REPORTED,normalized_from_ratio,IDEALIZED_SINGLE_PAIR_ANALOG,IDEALIZED_ANALOG_MAPPING,32,3,7,0,2,7,203264,208,128,26624,92.32,3.910000000000011,92.17783232539682,0.06568746287961515,92.11214486251721,-0.14216767460317214,0.14216767460317214,HfOx_02,HfOx,False
HfOx_02,HfOx,5.0,0.6989700043360189,0,0,ANALOG,NOT_REPORTED,normalized_from_ratio,IDEALIZED_SINGLE_PAIR_ANALOG,IDEALIZED_ANALOG_MAPPING,128,3,7,0,2,9,203264,16,512,8192,92.3,3.930000000000007,92.23383873809524,0.02420674007958553,92.20963199801565,-0.06616126190475313,0.06616126190475313,HfOx_02,HfOx,False
HfOx_02,HfOx,5.0,0.6989700043360189,0,0,ANALOG,NOT_REPORTED,normalized_from_ratio,IDEALIZED_SINGLE_PAIR_ANALOG,IDEALIZED_ANALOG_MAPPING,256,3,7,0,2,8,203264,10,256,2560,92.3,3.930000000000007,92.26160037301587,0.04574646906724217,92.21585390394863,-0.038399626984130464,0.038399626984130464,HfOx_02,HfOx,False
HfOx_02,HfOx,5.0,0.6989700043360189,0,0,ANALOG,NOT_REPORTED,normalized_from_ratio,IDEALIZED_SINGLE_PAIR_ANALOG,IDEALIZED_ANALOG_MAPPING,256,3,7,0,2,10,203264,10,1024,10240,92.29,3.9399999999999977,92.22077040476191,0.019101580633724337,92.20166882412818,-0.0692295952380988,0.0692295952380988,HfOx_02,HfOx,False
HfOx_02,HfOx,5.0,0.6989700043360189,0,0,ANALOG,NOT_REPORTED,normalized_from_ratio,IDEALIZED_SINGLE_PAIR_ANALOG,IDEALIZED_ANALOG_MAPPING,32,3,7,0,2,9,203264,208,512,106496,92.29,3.9399999999999977,92.22842991269842,0.022997447453466078,92.20543246524495,-0.06157008730158964,0.06157008730158964,HfOx_02,HfOx,False
HfOx_02,HfOx,5.0,0.6989700043360189,0,0,ANALOG,NOT_REPORTED,normalized_from_ratio,IDEALIZED_SINGLE_PAIR_ANALOG,IDEALIZED_ANALOG_MAPPING,64,3,7,0,2,8,203264,56,256,14336,92.26,3.969999999999999,92.23187688888889,0.04512951234010764,92.18674737654878,-0.028123111111113985,0.028123111111113985,HfOx_02,HfOx,False
HfOx_02,HfOx,5.0,0.6989700043360189,0,0,ANALOG,NOT_REPORTED,normalized_from_ratio,IDEALIZED_SINGLE_PAIR_ANALOG,IDEALIZED_ANALOG_MAPPING,256,3,7,0,2,9,203264,10,512,5120,92.26,3.969999999999999,92.23158390476189,0.023450335309937568,92.20813356945196,-0.02841609523811428,0.02841609523811428,HfOx_02,HfOx,False
HfOx_02,HfOx,5.0,0.6989700043360189,0,0,ANALOG,NOT_REPORTED,normalized_from_ratio,IDEALIZED_SINGLE_PAIR_ANALOG,IDEALIZED_ANALOG_MAPPING,128,3,7,0,2,7,203264,16,128,2048,92.26,3.969999999999999,92.0359219126984,0.062178570102449406,91.97374334259595,-0.2240780873016064,0.2240780873016064,HfOx_02,HfOx,False
HfOx_02,HfOx,5.0,0.6989700043360189,0,0,ANALOG,NOT_REPORTED,normalized_from_ratio,IDEALIZED_SINGLE_PAIR_ANALOG,IDEALIZED_ANALOG_MAPPING,32,3,7,0,2,8,203264,208,256,53248,92.24,3.990000000000009,92.21903150000001,0.03336345594904151,92.18566804405097,-0.02096849999998085,0.02096849999998085,HfOx_02,HfOx,False
HfOx_02,HfOx,5.0,0.6989700043360189,0,0,ANALOG,NOT_REPORTED,normalized_from_ratio,IDEALIZED_SINGLE_PAIR_ANALOG,IDEALIZED_ANALOG_MAPPING,16,3,7,0,2,9,203264,800,512,409600,92.24,3.990000000000009,92.24097954761905,0.021036621307874117,92.21994292631118,0.0009795476190532781,0.0009795476190532781,HfOx_02,HfOx,False
HfOx_02,HfOx,5.0,0.6989700043360189,0,0,ANALOG,NOT_REPORTED,normalized_from_ratio,IDEALIZED_SINGLE_PAIR_ANALOG,IDEALIZED_ANALOG_MAPPING,32,3,7,0,2,10,203264,208,1024,212992,92.23,4.0,92.2334206984127,0.023227600930839944,92.21019309748186,0.0034206984126967654,0.0034206984126967654,HfOx_02,HfOx,False
HfOx_02,HfOx,5.0,0.6989700043360189,0,0,ANALOG,NOT_REPORTED,normalized_from_ratio,IDEALIZED_SINGLE_PAIR_ANALOG,IDEALIZED_ANALOG_MAPPING,64,3,7,0,2,10,203264,56,1024,57344,92.23,4.0,92.20853745238095,0.022013724411540633,92.18652372796942,-0.021462547619051975,0.021462547619051975,HfOx_02,HfOx,False
HfOx_02,HfOx,5.0,0.6989700043360189,0,0,ANALOG,NOT_REPORTED,normalized_from_ratio,IDEALIZED_SINGLE_PAIR_ANALOG,IDEALIZED_ANALOG_MAPPING,128,3,7,0,2,8,203264,16,256,4096,92.22,4.010000000000005,92.26205618253967,0.046121230051228625,92.21593495248844,0.042056182539667475,0.042056182539667475,HfOx_02,HfOx,False
HfOx_02,HfOx,5.0,0.6989700043360189,0,0,ANALOG,NOT_REPORTED,normalized_from_ratio,IDEALIZED_SINGLE_PAIR_ANALOG,IDEALIZED_ANALOG_MAPPING,128,3,7,0,2,10,203264,16,1024,16384,92.22,4.010000000000005,92.22038956349206,0.02018863247705705,92.200200931015,0.0003895634920638713,0.0003895634920638713,HfOx_02,HfOx,False
HfOx_02,HfOx,5.0,0.6989700043360189,0,0,ANALOG,NOT_REPORTED,normalized_from_ratio,IDEALIZED_SINGLE_PAIR_ANALOG,IDEALIZED_ANALOG_MAPPING,64,3,7,0,2,9,203264,56,512,28672,92.21,4.02000000000001,92.21599015873015,0.026002127550400655,92.18998803117975,0.005990158730156736,0.005990158730156736,HfOx_02,HfOx,False
HfOx_02,HfOx,5.0,0.6989700043360189,0,0,ANALOG,NOT_REPORTED,normalized_from_ratio,IDEALIZED_SINGLE_PAIR_ANALOG,IDEALIZED_ANALOG_MAPPING,16,3,7,0,2,7,203264,800,128,102400,92.19,4.040000000000006,92.19278957936508,0.06708360456807616,92.125705974797,0.002789579365085615,0.002789579365085615,HfOx_02,HfOx,False
HfOx_02,HfOx,5.0,0.6989700043360189,0,0,ANALOG,NOT_REPORTED,normalized_from_ratio,IDEALIZED_SINGLE_PAIR_ANALOG,IDEALIZED_ANALOG_MAPPING,16,3,7,0,2,10,203264,800,1024,819200,92.18,4.049999999999997,92.24579785714288,0.019219955531259818,92.22657790161162,0.06579785714286857,0.06579785714286857,HfOx_02,HfOx,False
HfOx_02,HfOx,5.0,0.6989700043360189,0,0,ANALOG,NOT_REPORTED,normalized_from_ratio,IDEALIZED_SINGLE_PAIR_ANALOG,IDEALIZED_ANALOG_MAPPING,16,3,7,0,2,8,203264,800,256,204800,92.18,4.049999999999997,92.23114353968253,0.026743986785858296,92.20439955289667,0.05114353968252772,0.05114353968252772,HfOx_02,HfOx,False
HfOx_02,HfOx,5.0,0.6989700043360189,0,0,ANALOG,NOT_REPORTED,normalized_from_ratio,IDEALIZED_SINGLE_PAIR_ANALOG,IDEALIZED_ANALOG_MAPPING,256,3,7,0,2,7,203264,10,128,1280,92.14,4.090000000000003,92.04098426190475,0.06862530200976555,91.97235895989499,-0.09901573809524677,0.09901573809524677,HfOx_02,HfOx,False
HfOx_02,HfOx,5.0,0.6989700043360189,0,0,ANALOG,NOT_REPORTED,normalized_from_ratio,IDEALIZED_SINGLE_PAIR_ANALOG,IDEALIZED_ANALOG_MAPPING,64,3,7,0,2,7,203264,56,128,7168,92.12,4.109999999999999,92.08626207142856,0.09099301816018357,91.99526905326839,-0.033737928571440534,0.033737928571440534,HfOx_02,HfOx,False
HfOx_02,HfOx,5.0,0.6989700043360189,0,0,ANALOG,NOT_REPORTED,normalized_from_ratio,IDEALIZED_SINGLE_PAIR_ANALOG,IDEALIZED_ANALOG_MAPPING,16,3,7,0,2,6,203264,800,64,51200,92.1,4.13000000000001,92.10783529509379,0.03954670489627519,92.06828859019751,0.007835295093798322,0.007835295093798322,HfOx_02,HfOx,False
HfOx_02,HfOx,5.0,0.6989700043360189,0,0,ANALOG,NOT_REPORTED,normalized_from_ratio,IDEALIZED_SINGLE_PAIR_ANALOG,IDEALIZED_ANALOG_MAPPING,32,3,7,0,2,6,203264,208,64,13312,91.7,4.530000000000001,92.10478272366522,0.039451741181381346,92.06533098248384,0.40478272366522106,0.40478272366522106,HfOx_02,HfOx,False
HfOx_02,HfOx,5.0,0.6989700043360189,0,0,ANALOG,NOT_REPORTED,normalized_from_ratio,IDEALIZED_SINGLE_PAIR_ANALOG,IDEALIZED_ANALOG_MAPPING,16,3,7,0,2,5,203264,800,32,25600,91.47,4.760000000000005,91.57223464285713,0.38474983200330765,91.18748481085382,0.1022346428571268,0.1022346428571268,HfOx_02,HfOx,False
HfOx_02,HfOx,5.0,0.6989700043360189,0,0,ANALOG,NOT_REPORTED,normalized_from_ratio,IDEALIZED_SINGLE_PAIR_ANALOG,IDEALIZED_ANALOG_MAPPING,64,3,7,0,2,6,203264,56,64,3584,91.28,4.950000000000003,92.00952704906204,0.12379539329047407,91.88573165577156,0.7295270490620425,0.7295270490620425,HfOx_02,HfOx,False
HfOx_02,HfOx,5.0,0.6989700043360189,0,0,ANALOG,NOT_REPORTED,normalized_from_ratio,IDEALIZED_SINGLE_PAIR_ANALOG,IDEALIZED_ANALOG_MAPPING,32,3,7,0,2,5,203264,208,32,6656,91.07,5.160000000000011,91.50309002380953,0.36303629220138034,91.14005373160815,0.433090023809541,0.433090023809541,HfOx_02,HfOx,False
HfOx_02,HfOx,5.0,0.6989700043360189,0,0,ANALOG,NOT_REPORTED,normalized_from_ratio,IDEALIZED_SINGLE_PAIR_ANALOG,IDEALIZED_ANALOG_MAPPING,128,3,7,0,2,6,203264,16,64,1024,91.05,5.180000000000007,91.8467396904762,0.12088684660101459,91.72585284387519,0.7967396904762012,0.7967396904762012,HfOx_02,HfOx,False
HfOx_02,HfOx,5.0,0.6989700043360189,0,0,ANALOG,NOT_REPORTED,normalized_from_ratio,IDEALIZED_SINGLE_PAIR_ANALOG,IDEALIZED_ANALOG_MAPPING,256,3,7,0,2,6,203264,10,64,640,91.04,5.189999999999998,91.80175192857142,0.08298884861634674,91.71876307995507,0.7617519285714138,0.7617519285714138,HfOx_02,HfOx,False
HfOx_02,HfOx,5.0,0.6989700043360189,0,0,ANALOG,NOT_REPORTED,normalized_from_ratio,IDEALIZED_SINGLE_PAIR_ANALOG,IDEALIZED_ANALOG_MAPPING,64,3,7,0,2,5,203264,56,32,1792,90.47,5.760000000000005,91.1427561984127,0.43536400107323686,90.70739219733946,0.6727561984126993,0.6727561984126993,HfOx_02,HfOx,False
HfOx_02,HfOx,5.0,0.6989700043360189,0,0,ANALOG,NOT_REPORTED,normalized_from_ratio,IDEALIZED_SINGLE_PAIR_ANALOG,IDEALIZED_ANALOG_MAPPING,16,3,7,0,2,4,203264,800,16,12800,90.31,5.920000000000002,90.14647629365079,1.3674440554193192,88.77903223823148,-0.16352370634920987,0.16352370634920987,HfOx_02,HfOx,False
HfOx_02,HfOx,5.0,0.6989700043360189,0,0,ANALOG,NOT_REPORTED,normalized_from_ratio,IDEALIZED_SINGLE_PAIR_ANALOG,IDEALIZED_ANALOG_MAPPING,128,3,7,0,2,5,203264,16,32,512,89.21,7.02000000000001,90.56163704761904,0.5265486043848682,90.03508844323417,1.3516370476190502,1.3516370476190502,HfOx_02,HfOx,False
HfOx_02,HfOx,5.0,0.6989700043360189,0,0,ANALOG,NOT_REPORTED,normalized_from_ratio,IDEALIZED_SINGLE_PAIR_ANALOG,IDEALIZED_ANALOG_MAPPING,64,6,63,0,2,4,203264,56,16,896,88.78,7.450000000000003,90.2309834920635,0.6787841554337817,89.55219933662971,1.4509834920635,1.4509834920635,HfOx_02,HfOx,False
HfOx_02,HfOx,5.0,0.6989700043360189,0,0,ANALOG,NOT_REPORTED,normalized_from_ratio,IDEALIZED_SINGLE_PAIR_ANALOG,IDEALIZED_ANALOG_MAPPING,64,8,255,0,2,4,203264,56,16,896,88.69,7.540000000000006,90.22124001587302,0.735436464105398,89.48580355176762,1.5312400158730242,1.5312400158730242,HfOx_02,HfOx,False
HfOx_02,HfOx,5.0,0.6989700043360189,0,0,ANALOG,NOT_REPORTED,normalized_from_ratio,IDEALIZED_SINGLE_PAIR_ANALOG,IDEALIZED_ANALOG_MAPPING,64,4,15,0,2,4,203264,56,16,896,88.25,7.980000000000004,90.2318081111111,0.8376116015629386,89.39419650954817,1.981808111111107,1.981808111111107,HfOx_02,HfOx,False
HfOx_02,HfOx,5.0,0.6989700043360189,0,0,ANALOG,NOT_REPORTED,normalized_from_ratio,IDEALIZED_SINGLE_PAIR_ANALOG,IDEALIZED_ANALOG_MAPPING,32,3,7,0,2,4,203264,208,16,3328,88.19,8.040000000000006,89.75316915079365,1.2148752400264307,88.53829391076722,1.5631691507936551,1.5631691507936551,HfOx_02,HfOx,False
HfOx_02,HfOx,5.0,0.6989700043360189,0,0,ANALOG,NOT_REPORTED,normalized_from_ratio,IDEALIZED_SINGLE_PAIR_ANALOG,IDEALIZED_ANALOG_MAPPING,64,5,31,0,2,4,203264,56,16,896,88.14,8.090000000000003,90.21734830158731,0.7249349841185193,89.49241331746879,2.077348301587307,2.077348301587307,HfOx_02,HfOx,False
HfOx_02,HfOx,5.0,0.6989700043360189,0,0,ANALOG,NOT_REPORTED,normalized_from_ratio,IDEALIZED_SINGLE_PAIR_ANALOG,IDEALIZED_ANALOG_MAPPING,64,7,127,0,2,4,203264,56,16,896,88.12,8.11,90.21677934920635,0.7265223416014979,89.49025700760485,2.0967793492063436,2.0967793492063436,HfOx_02,HfOx,False
HfOx_02,HfOx,5.0,0.6989700043360189,0,0,ANALOG,NOT_REPORTED,normalized_from_ratio,IDEALIZED_SINGLE_PAIR_ANALOG,IDEALIZED_ANALOG_MAPPING,256,3,7,0,2,5,203264,10,32,320,87.92,8.310000000000002,90.2728256904762,0.5131764886005822,89.75964920187562,2.3528256904761946,2.3528256904761946,HfOx_02,HfOx,False
HfOx_02,HfOx,5.0,0.6989700043360189,0,0,ANALOG,NOT_REPORTED,normalized_from_ratio,IDEALIZED_SINGLE_PAIR_ANALOG,IDEALIZED_ANALOG_MAPPING,64,3,7,0,2,4,203264,56,16,896,84.46,11.77000000000001,88.36713986507937,1.647397725416243,86.71974213966313,3.9071398650793725,3.9071398650793725,HfOx_02,HfOx,False
HfOx_02,HfOx,5.0,0.6989700043360189,0,0,ANALOG,NOT_REPORTED,normalized_from_ratio,IDEALIZED_SINGLE_PAIR_ANALOG,IDEALIZED_ANALOG_MAPPING,128,4,15,0,2,4,203264,16,16,256,79.93,16.299999999999997,76.60030513492063,1.1520891838508251,75.44821595106981,-3.329694865079375,3.329694865079375,HfOx_02,HfOx,False
HfOx_02,HfOx,5.0,0.6989700043360189,0,0,ANALOG,NOT_REPORTED,normalized_from_ratio,IDEALIZED_SINGLE_PAIR_ANALOG,IDEALIZED_ANALOG_MAPPING,128,3,7,0,2,4,203264,16,16,256,79.72,16.510000000000005,76.47825584920635,1.291849495576577,75.18640635362978,-3.24174415079365,3.24174415079365,HfOx_02,HfOx,False
HfOx_02,HfOx,5.0,0.6989700043360189,0,0,ANALOG,NOT_REPORTED,normalized_from_ratio,IDEALIZED_SINGLE_PAIR_ANALOG,IDEALIZED_ANALOG_MAPPING,128,6,63,0,2,4,203264,16,16,256,79.07,17.16000000000001,75.40447476984127,0.8182205668792513,74.58625420296202,-3.665525230158721,3.665525230158721,HfOx_02,HfOx,False
HfOx_02,HfOx,5.0,0.6989700043360189,0,0,ANALOG,NOT_REPORTED,normalized_from_ratio,IDEALIZED_SINGLE_PAIR_ANALOG,IDEALIZED_ANALOG_MAPPING,128,8,255,0,2,4,203264,16,16,256,78.84,17.39,75.25758577056278,0.7466091580821987,74.51097661248059,-3.5824142294372194,3.5824142294372194,HfOx_02,HfOx,False
HfOx_02,HfOx,5.0,0.6989700043360189,0,0,ANALOG,NOT_REPORTED,normalized_from_ratio,IDEALIZED_SINGLE_PAIR_ANALOG,IDEALIZED_ANALOG_MAPPING,128,7,127,0,2,4,203264,16,16,256,78.78,17.450000000000003,75.26765781818182,0.7547007853251749,74.51295703285665,-3.512342181818184,3.512342181818184,HfOx_02,HfOx,False
HfOx_02,HfOx,5.0,0.6989700043360189,0,0,ANALOG,NOT_REPORTED,normalized_from_ratio,IDEALIZED_SINGLE_PAIR_ANALOG,IDEALIZED_ANALOG_MAPPING,128,5,31,0,2,4,203264,16,16,256,78.28,17.950000000000003,75.24639803174604,1.0237466718063042,74.22265135993973,-3.0336019682539614,3.0336019682539614,HfOx_02,HfOx,False
HfOx_02,HfOx,5.0,0.6989700043360189,0,0,ANALOG,NOT_REPORTED,normalized_from_ratio,IDEALIZED_SINGLE_PAIR_ANALOG,IDEALIZED_ANALOG_MAPPING,256,3,7,0,2,4,203264,10,16,160,77.12,19.11,75.0779881111111,1.5860187429485042,73.49196936816259,-2.042011888888908,2.042011888888908,HfOx_02,HfOx,False
HfOx_02,HfOx,5.0,0.6989700043360189,0,0,ANALOG,NOT_REPORTED,normalized_from_ratio,IDEALIZED_SINGLE_PAIR_ANALOG,IDEALIZED_ANALOG_MAPPING,256,4,15,0,2,4,203264,10,16,160,76.78,19.450000000000003,75.96694562698413,1.4227563916941521,74.54418923528998,-0.8130543730158735,0.8130543730158735,HfOx_02,HfOx,False
HfOx_02,HfOx,5.0,0.6989700043360189,0,0,ANALOG,NOT_REPORTED,normalized_from_ratio,IDEALIZED_SINGLE_PAIR_ANALOG,IDEALIZED_ANALOG_MAPPING,256,6,63,0,2,4,203264,10,16,160,76.45,19.78,75.35300932539683,0.549617655747189,74.80339166964964,-1.0969906746031768,1.0969906746031768,HfOx_02,HfOx,False
HfOx_02,HfOx,5.0,0.6989700043360189,0,0,ANALOG,NOT_REPORTED,normalized_from_ratio,IDEALIZED_SINGLE_PAIR_ANALOG,IDEALIZED_ANALOG_MAPPING,256,7,127,0,2,4,203264,10,16,160,76.35,19.88000000000001,75.26059449278499,0.40537042499142073,74.85522406779357,-1.0894055072150053,1.0894055072150053,HfOx_02,HfOx,False
HfOx_02,HfOx,5.0,0.6989700043360189,0,0,ANALOG,NOT_REPORTED,normalized_from_ratio,IDEALIZED_SINGLE_PAIR_ANALOG,IDEALIZED_ANALOG_MAPPING,256,5,31,0,2,4,203264,10,16,160,76.04,20.19,75.10587692857143,0.8953176570032307,74.2105592715682,-0.9341230714285729,0.9341230714285729,HfOx_02,HfOx,False
HfOx_02,HfOx,5.0,0.6989700043360189,0,0,ANALOG,NOT_REPORTED,normalized_from_ratio,IDEALIZED_SINGLE_PAIR_ANALOG,IDEALIZED_ANALOG_MAPPING,256,8,255,0,2,4,203264,10,16,160,76.02,20.210000000000008,75.25290111183261,0.3867775597141742,74.86612355211844,-0.7670988881673821,0.7670988881673821,HfOx_02,HfOx,False
HfOx_02,HfOx,5.0,0.6989700043360189,0,0,ANALOG,NOT_REPORTED,normalized_from_ratio,IDEALIZED_SINGLE_PAIR_ANALOG,IDEALIZED_ANALOG_MAPPING,128,2,3,0,2,5,203264,16,32,512,12.18,84.05000000000001,11.893952007936509,0.1789632189920304,11.714988788944478,-0.28604799206349085,0.28604799206349085,HfOx_02,HfOx,False
HfOx_02,HfOx,5.0,0.6989700043360189,0,0,ANALOG,NOT_REPORTED,normalized_from_ratio,IDEALIZED_SINGLE_PAIR_ANALOG,IDEALIZED_ANALOG_MAPPING,256,2,3,0,2,5,203264,10,32,320,12.12,84.11,11.74297234126984,0.37821632796306853,11.364756013306772,-0.3770276587301584,0.3770276587301584,HfOx_02,HfOx,False
HfOx_02,HfOx,5.0,0.6989700043360189,0,0,ANALOG,NOT_REPORTED,normalized_from_ratio,IDEALIZED_SINGLE_PAIR_ANALOG,IDEALIZED_ANALOG_MAPPING,32,2,3,0,2,4,203264,208,16,3328,11.88,84.35000000000001,11.868970920634922,0.2115951443197882,11.657375776315133,-0.011029079365078687,0.011029079365078687,HfOx_02,HfOx,False
HfOx_02,HfOx,5.0,0.6989700043360189,0,0,ANALOG,NOT_REPORTED,normalized_from_ratio,IDEALIZED_SINGLE_PAIR_ANALOG,IDEALIZED_ANALOG_MAPPING,32,2,3,0,2,5,203264,208,32,6656,11.77,84.46000000000001,11.727308825396825,0.15330460450693628,11.57400422088989,-0.042691174603174176,0.042691174603174176,HfOx_02,HfOx,False
HfOx_02,HfOx,5.0,0.6989700043360189,0,0,ANALOG,NOT_REPORTED,normalized_from_ratio,IDEALIZED_SINGLE_PAIR_ANALOG,IDEALIZED_ANALOG_MAPPING,16,2,3,0,2,4,203264,800,16,12800,11.58,84.65,11.944166174603176,0.19526062937377,11.748905545229405,0.36416617460317546,0.36416617460317546,HfOx_02,HfOx,False
HfOx_02,HfOx,5.0,0.6989700043360189,0,0,ANALOG,NOT_REPORTED,normalized_from_ratio,IDEALIZED_SINGLE_PAIR_ANALOG,IDEALIZED_ANALOG_MAPPING,16,2,3,0,2,5,203264,800,32,25600,11.58,84.65,11.71307538888889,0.1735217366196917,11.539553652269198,0.1330753888888907,0.1330753888888907,HfOx_02,HfOx,False
HfOx_02,HfOx,5.0,0.6989700043360189,0,0,ANALOG,NOT_REPORTED,normalized_from_ratio,IDEALIZED_SINGLE_PAIR_ANALOG,IDEALIZED_ANALOG_MAPPING,256,2,3,0,2,7,203264,10,128,1280,11.57,84.66,11.277210738095238,0.16226442864684976,11.114946309448388,-0.29278926190476184,0.29278926190476184,HfOx_02,HfOx,False
HfOx_02,HfOx,5.0,0.6989700043360189,0,0,ANALOG,NOT_REPORTED,normalized_from_ratio,IDEALIZED_SINGLE_PAIR_ANALOG,IDEALIZED_ANALOG_MAPPING,128,2,3,0,2,7,203264,16,128,2048,11.57,84.66,11.28901042857143,0.1550530348293197,11.13395739374211,-0.2809895714285702,0.2809895714285702,HfOx_02,HfOx,False
HfOx_02,HfOx,5.0,0.6989700043360189,0,0,ANALOG,NOT_REPORTED,normalized_from_ratio,IDEALIZED_SINGLE_PAIR_ANALOG,IDEALIZED_ANALOG_MAPPING,64,2,3,0,2,5,203264,56,32,1792,11.52,84.71000000000001,11.87267657936508,0.28303093883856745,11.589645640526513,0.352676579365081,0.352676579365081,HfOx_02,HfOx,False
HfOx_02,HfOx,5.0,0.6989700043360189,0,0,ANALOG,NOT_REPORTED,normalized_from_ratio,IDEALIZED_SINGLE_PAIR_ANALOG,IDEALIZED_ANALOG_MAPPING,32,2,3,0,2,7,203264,208,128,26624,11.5,84.73,11.237886987179488,0.0815627860951758,11.156324201084312,-0.262113012820512,0.262113012820512,HfOx_02,HfOx,False
HfOx_02,HfOx,5.0,0.6989700043360189,0,0,ANALOG,NOT_REPORTED,normalized_from_ratio,IDEALIZED_SINGLE_PAIR_ANALOG,IDEALIZED_ANALOG_MAPPING,256,2,3,0,2,9,203264,10,512,5120,11.45,84.78,11.368369825396824,0.08604090544071594,11.282328919956107,-0.08163017460317512,0.08163017460317512,HfOx_02,HfOx,False
HfOx_02,HfOx,5.0,0.6989700043360189,0,0,ANALOG,NOT_REPORTED,normalized_from_ratio,IDEALIZED_SINGLE_PAIR_ANALOG,IDEALIZED_ANALOG_MAPPING,16,2,3,0,2,7,203264,800,128,102400,11.42,84.81,11.242754137973137,0.0873451908964529,11.155408947076683,-0.17724586202686332,0.17724586202686332,HfOx_02,HfOx,False
HfOx_02,HfOx,5.0,0.6989700043360189,0,0,ANALOG,NOT_REPORTED,normalized_from_ratio,IDEALIZED_SINGLE_PAIR_ANALOG,IDEALIZED_ANALOG_MAPPING,16,2,3,0,2,9,203264,800,512,409600,11.42,84.81,11.448197,0.056656431558101364,11.391540568441899,0.02819700000000047,0.02819700000000047,HfOx_02,HfOx,False
HfOx_02,HfOx,5.0,0.6989700043360189,0,0,ANALOG,NOT_REPORTED,normalized_from_ratio,IDEALIZED_SINGLE_PAIR_ANALOG,IDEALIZED_ANALOG_MAPPING,16,2,3,0,2,6,203264,800,64,51200,11.39,84.84,11.241349026862027,0.10885963307748774,11.132489393784539,-0.1486509731379737,0.1486509731379737,HfOx_02,HfOx,False
HfOx_02,HfOx,5.0,0.6989700043360189,0,0,ANALOG,NOT_REPORTED,normalized_from_ratio,IDEALIZED_SINGLE_PAIR_ANALOG,IDEALIZED_ANALOG_MAPPING,32,2,3,0,2,9,203264,208,512,106496,11.39,84.84,11.42503096031746,0.060494113365803605,11.364536846951657,0.035030960317460114,0.035030960317460114,HfOx_02,HfOx,False
HfOx_02,HfOx,5.0,0.6989700043360189,0,0,ANALOG,NOT_REPORTED,normalized_from_ratio,IDEALIZED_SINGLE_PAIR_ANALOG,IDEALIZED_ANALOG_MAPPING,128,2,3,0,2,9,203264,16,512,8192,11.39,84.84,11.391799952380952,0.06804599312548223,11.32375395925547,0.0017999523809510976,0.0017999523809510976,HfOx_02,HfOx,False
HfOx_02,HfOx,5.0,0.6989700043360189,0,0,ANALOG,NOT_REPORTED,normalized_from_ratio,IDEALIZED_SINGLE_PAIR_ANALOG,IDEALIZED_ANALOG_MAPPING,16,2,3,0,2,10,203264,800,1024,819200,11.38,84.85000000000001,11.406512714285713,0.09885753344637548,11.307655180839337,0.02651271428571178,0.02651271428571178,HfOx_02,HfOx,False
HfOx_02,HfOx,5.0,0.6989700043360189,0,0,ANALOG,NOT_REPORTED,normalized_from_ratio,IDEALIZED_SINGLE_PAIR_ANALOG,IDEALIZED_ANALOG_MAPPING,16,2,3,0,2,8,203264,800,256,204800,11.36,84.87,11.430974801587302,0.05658597748218893,11.374388824105113,0.07097480158730285,0.07097480158730285,HfOx_02,HfOx,False
HfOx_02,HfOx,5.0,0.6989700043360189,0,0,ANALOG,NOT_REPORTED,normalized_from_ratio,IDEALIZED_SINGLE_PAIR_ANALOG,IDEALIZED_ANALOG_MAPPING,64,2,3,0,2,7,203264,56,128,7168,11.36,84.87,11.178337507936508,0.10047962546917844,11.07785788246733,-0.1816624920634915,0.1816624920634915,HfOx_02,HfOx,False
HfOx_02,HfOx,5.0,0.6989700043360189,0,0,ANALOG,NOT_REPORTED,normalized_from_ratio,IDEALIZED_SINGLE_PAIR_ANALOG,IDEALIZED_ANALOG_MAPPING,64,2,3,0,2,9,203264,56,512,28672,11.32,84.91,11.392205301587303,0.06556983621935725,11.326635465367946,0.07220530158730298,0.07220530158730298,HfOx_02,HfOx,False
HfOx_02,HfOx,5.0,0.6989700043360189,0,0,ANALOG,NOT_REPORTED,normalized_from_ratio,IDEALIZED_SINGLE_PAIR_ANALOG,IDEALIZED_ANALOG_MAPPING,64,2,3,0,2,4,203264,56,16,896,11.3,84.93,12.0455686984127,0.24401236945883703,11.801556328953863,0.7455686984126988,0.7455686984126988,HfOx_02,HfOx,False
HfOx_02,HfOx,5.0,0.6989700043360189,0,0,ANALOG,NOT_REPORTED,normalized_from_ratio,IDEALIZED_SINGLE_PAIR_ANALOG,IDEALIZED_ANALOG_MAPPING,256,2,3,0,2,10,203264,10,1024,10240,11.26,84.97,11.263084976190475,0.0735181176506187,11.189566858539857,0.0030849761904754303,0.0030849761904754303,HfOx_02,HfOx,False
HfOx_02,HfOx,5.0,0.6989700043360189,0,0,ANALOG,NOT_REPORTED,normalized_from_ratio,IDEALIZED_SINGLE_PAIR_ANALOG,IDEALIZED_ANALOG_MAPPING,128,2,3,0,2,10,203264,16,1024,16384,11.26,84.97,11.269143047619048,0.06919878852137085,11.199944259097677,0.009143047619048161,0.009143047619048161,HfOx_02,HfOx,False
HfOx_02,HfOx,5.0,0.6989700043360189,0,0,ANALOG,NOT_REPORTED,normalized_from_ratio,IDEALIZED_SINGLE_PAIR_ANALOG,IDEALIZED_ANALOG_MAPPING,128,2,3,0,2,8,203264,16,256,4096,11.26,84.97,11.433982952380953,0.06258678651826627,11.371396165862686,0.1739829523809533,0.1739829523809533,HfOx_02,HfOx,False
HfOx_02,HfOx,5.0,0.6989700043360189,0,0,ANALOG,NOT_REPORTED,normalized_from_ratio,IDEALIZED_SINGLE_PAIR_ANALOG,IDEALIZED_ANALOG_MAPPING,32,2,3,0,2,8,203264,208,256,53248,11.2,85.03,11.41181358730159,0.04911799577357615,11.362695591528013,0.21181358730158983,0.21181358730158983,HfOx_02,HfOx,False
HfOx_02,HfOx,5.0,0.6989700043360189,0,0,ANALOG,NOT_REPORTED,normalized_from_ratio,IDEALIZED_SINGLE_PAIR_ANALOG,IDEALIZED_ANALOG_MAPPING,64,2,3,0,2,10,203264,56,1024,57344,11.19,85.04,11.300904896825397,0.07601924169686354,11.224885655128533,0.11090489682539761,0.11090489682539761,HfOx_02,HfOx,False
HfOx_02,HfOx,5.0,0.6989700043360189,0,0,ANALOG,NOT_REPORTED,normalized_from_ratio,IDEALIZED_SINGLE_PAIR_ANALOG,IDEALIZED_ANALOG_MAPPING,256,2,3,0,2,8,203264,10,256,2560,11.18,85.05000000000001,11.414736468253968,0.10209214892018781,11.312644319333781,0.23473646825396877,0.23473646825396877,HfOx_02,HfOx,False
HfOx_02,HfOx,5.0,0.6989700043360189,0,0,ANALOG,NOT_REPORTED,normalized_from_ratio,IDEALIZED_SINGLE_PAIR_ANALOG,IDEALIZED_ANALOG_MAPPING,32,2,3,0,2,10,203264,208,1024,212992,11.17,85.06,11.344602341269841,0.08517416731482882,11.259428173955012,0.17460234126984098,0.17460234126984098,HfOx_02,HfOx,False
HfOx_02,HfOx,5.0,0.6989700043360189,0,0,ANALOG,NOT_REPORTED,normalized_from_ratio,IDEALIZED_SINGLE_PAIR_ANALOG,IDEALIZED_ANALOG_MAPPING,128,2,3,0,2,6,203264,16,64,1024,11.15,85.08,11.142519761904762,0.18904576127706488,10.953474000627697,-0.007480238095238789,0.007480238095238789,HfOx_02,HfOx,False
HfOx_02,HfOx,5.0,0.6989700043360189,0,0,ANALOG,NOT_REPORTED,normalized_from_ratio,IDEALIZED_SINGLE_PAIR_ANALOG,IDEALIZED_ANALOG_MAPPING,64,2,3,0,2,8,203264,56,256,14336,11.13,85.10000000000001,11.39022453968254,0.06507493646749035,11.32514960321505,0.26022453968253956,0.26022453968253956,HfOx_02,HfOx,False
HfOx_02,HfOx,5.0,0.6989700043360189,0,0,ANALOG,NOT_REPORTED,normalized_from_ratio,IDEALIZED_SINGLE_PAIR_ANALOG,IDEALIZED_ANALOG_MAPPING,256,2,3,0,2,6,203264,10,64,640,11.03,85.2,11.150317833333334,0.21722263575212858,10.933095197581206,0.12031783333333479,0.12031783333333479,HfOx_02,HfOx,False
HfOx_02,HfOx,5.0,0.6989700043360189,0,0,ANALOG,NOT_REPORTED,normalized_from_ratio,IDEALIZED_SINGLE_PAIR_ANALOG,IDEALIZED_ANALOG_MAPPING,32,2,3,0,2,6,203264,208,64,13312,11.01,85.22,11.238653955433456,0.10826623878727898,11.130387716646178,0.22865395543345635,0.22865395543345635,HfOx_02,HfOx,False
HfOx_02,HfOx,5.0,0.6989700043360189,0,0,ANALOG,NOT_REPORTED,normalized_from_ratio,IDEALIZED_SINGLE_PAIR_ANALOG,IDEALIZED_ANALOG_MAPPING,128,2,3,0,2,4,203264,16,16,256,10.87,85.36,11.629776738095238,0.49001550038760266,11.139761237707635,0.7597767380952387,0.7597767380952387,HfOx_02,HfOx,False
HfOx_02,HfOx,5.0,0.6989700043360189,0,0,ANALOG,NOT_REPORTED,normalized_from_ratio,IDEALIZED_SINGLE_PAIR_ANALOG,IDEALIZED_ANALOG_MAPPING,64,2,3,0,2,6,203264,56,64,3584,10.81,85.42,11.125260309523808,0.13229841637712852,10.99296189314668,0.3152603095238078,0.3152603095238078,HfOx_02,HfOx,False
HfOx_02,HfOx,5.0,0.6989700043360189,0,0,ANALOG,NOT_REPORTED,normalized_from_ratio,IDEALIZED_SINGLE_PAIR_ANALOG,IDEALIZED_ANALOG_MAPPING,256,2,3,0,2,4,203264,10,16,160,9.87,86.36,11.083602714285712,0.6390592481794559,10.444543466106257,1.213602714285713,1.213602714285713,HfOx_02,HfOx,False
TaOx_01,TaOx,2909.09,3.463757157444634,1,7,DISCRETE_MULTILEVEL,DERIVED,absolute,SINGLE_DIFFERENTIAL_PAIR,DERIVED_DEVICE_STATE_CAP,64,8,13,0,2,9,203264,56,512,28672,96.17,0.0600000000000022,96.15200645021646,0.08098438852976755,96.07102206168669,-0.017993549783540175,0.017993549783540175,TaOx_01,TaOx,True
TaOx_01,TaOx,2909.09,3.463757157444634,1,7,DISCRETE_MULTILEVEL,DERIVED,absolute,SINGLE_DIFFERENTIAL_PAIR,DERIVED_DEVICE_STATE_CAP,64,7,13,0,2,9,203264,56,512,28672,96.17,0.0600000000000022,96.15139749783552,0.08048164110135594,96.07091585673416,-0.01860250216448378,0.01860250216448378,TaOx_01,TaOx,True
TaOx_01,TaOx,2909.09,3.463757157444634,1,7,DISCRETE_MULTILEVEL,DERIVED,absolute,SINGLE_DIFFERENTIAL_PAIR,DERIVED_DEVICE_STATE_CAP,64,6,13,0,2,9,203264,56,512,28672,96.17,0.0600000000000022,96.16035995021646,0.08898229561222615,96.07137765460423,-0.009640049783541826,0.009640049783541826,TaOx_01,TaOx,True
TaOx_01,TaOx,2909.09,3.463757157444634,1,7,DISCRETE_MULTILEVEL,DERIVED,absolute,SINGLE_DIFFERENTIAL_PAIR,DERIVED_DEVICE_STATE_CAP,64,5,13,0,2,9,203264,56,512,28672,96.17,0.0600000000000022,96.10302268253969,0.04899238798938725,96.0540302945503,-0.06697731746031366,0.06697731746031366,TaOx_01,TaOx,True
TaOx_01,TaOx,2909.09,3.463757157444634,1,7,DISCRETE_MULTILEVEL,DERIVED,absolute,SINGLE_DIFFERENTIAL_PAIR,DERIVED_DEVICE_STATE_CAP,64,4,13,0,2,9,203264,56,512,28672,96.17,0.0600000000000022,96.06213127777778,0.02472167057368374,96.0374096072041,-0.10786872222222144,0.10786872222222144,TaOx_01,TaOx,True
TaOx_01,TaOx,2909.09,3.463757157444634,1,7,DISCRETE_MULTILEVEL,DERIVED,absolute,SINGLE_DIFFERENTIAL_PAIR,DERIVED_DEVICE_STATE_CAP,32,7,13,0,2,7,203264,208,128,26624,96.13,0.1000000000000085,96.16063439682539,0.07842639044045281,96.08220800638493,0.030634396825391264,0.030634396825391264,TaOx_01,TaOx,True
TaOx_01,TaOx,2909.09,3.463757157444634,1,7,DISCRETE_MULTILEVEL,DERIVED,absolute,SINGLE_DIFFERENTIAL_PAIR,DERIVED_DEVICE_STATE_CAP,32,6,13,0,2,7,203264,208,128,26624,96.13,0.1000000000000085,96.16469977777777,0.0827364226729472,96.08196335510482,0.03469977777777444,0.03469977777777444,TaOx_01,TaOx,True
TaOx_01,TaOx,2909.09,3.463757157444634,1,7,DISCRETE_MULTILEVEL,DERIVED,absolute,SINGLE_DIFFERENTIAL_PAIR,DERIVED_DEVICE_STATE_CAP,32,5,13,0,2,7,203264,208,128,26624,96.13,0.1000000000000085,96.11660498412698,0.05378394553771868,96.06282103858926,-0.013395015873015836,0.013395015873015836,TaOx_01,TaOx,True
TaOx_01,TaOx,2909.09,3.463757157444634,1,7,DISCRETE_MULTILEVEL,DERIVED,absolute,SINGLE_DIFFERENTIAL_PAIR,DERIVED_DEVICE_STATE_CAP,32,8,13,0,2,7,203264,208,128,26624,96.13,0.1000000000000085,96.16058395238096,0.07872607257981556,96.08185787980115,0.03058395238096523,0.03058395238096523,TaOx_01,TaOx,True
TaOx_01,TaOx,2909.09,3.463757157444634,1,7,DISCRETE_MULTILEVEL,DERIVED,absolute,SINGLE_DIFFERENTIAL_PAIR,DERIVED_DEVICE_STATE_CAP,32,4,13,0,2,7,203264,208,128,26624,96.13,0.1000000000000085,96.06939142063491,0.02648309975023602,96.04290832088468,-0.06060857936508057,0.06060857936508057,TaOx_01,TaOx,True
TaOx_01,TaOx,2909.09,3.463757157444634,1,7,DISCRETE_MULTILEVEL,DERIVED,absolute,SINGLE_DIFFERENTIAL_PAIR,DERIVED_DEVICE_STATE_CAP,16,7,13,0,2,8,203264,800,256,204800,96.12,0.1099999999999994,96.15363815873016,0.08442096804007204,96.06921719069008,0.033638158730155965,0.033638158730155965,TaOx_01,TaOx,True
TaOx_01,TaOx,2909.09,3.463757157444634,1,7,DISCRETE_MULTILEVEL,DERIVED,absolute,SINGLE_DIFFERENTIAL_PAIR,DERIVED_DEVICE_STATE_CAP,16,6,13,0,2,8,203264,800,256,204800,96.12,0.1099999999999994,96.16260492063492,0.09430951922552651,96.06829540140939,0.042604920634914833,0.042604920634914833,TaOx_01,TaOx,True
TaOx_01,TaOx,2909.09,3.463757157444634,1,7,DISCRETE_MULTILEVEL,DERIVED,absolute,SINGLE_DIFFERENTIAL_PAIR,DERIVED_DEVICE_STATE_CAP,16,8,13,0,2,8,203264,800,256,204800,96.12,0.1099999999999994,96.15474933333334,0.08577217808321265,96.06897715525012,0.03474933333333752,0.03474933333333752,TaOx_01,TaOx,True
TaOx_01,TaOx,2909.09,3.463757157444634,1,7,DISCRETE_MULTILEVEL,DERIVED,absolute,SINGLE_DIFFERENTIAL_PAIR,DERIVED_DEVICE_STATE_CAP,16,5,13,0,2,8,203264,800,256,204800,96.12,0.1099999999999994,96.09916361111111,0.03946333546810566,96.05970027564301,-0.020836388888895385,0.020836388888895385,TaOx_01,TaOx,True
TaOx_01,TaOx,2909.09,3.463757157444634,1,7,DISCRETE_MULTILEVEL,DERIVED,absolute,SINGLE_DIFFERENTIAL_PAIR,DERIVED_DEVICE_STATE_CAP,16,4,13,0,2,8,203264,800,256,204800,96.12,0.1099999999999994,96.06516764285713,0.01938852009324931,96.04577912276389,-0.05483235714287105,0.05483235714287105,TaOx_01,TaOx,True
TaOx_01,TaOx,2909.09,3.463757157444634,1,7,DISCRETE_MULTILEVEL,DERIVED,absolute,SINGLE_DIFFERENTIAL_PAIR,DERIVED_DEVICE_STATE_CAP,32,6,13,0,2,8,203264,208,256,53248,96.11,0.1200000000000045,96.16336803968254,0.09687751098384917,96.0664905286987,0.05336803968253889,0.05336803968253889,TaOx_01,TaOx,True
TaOx_01,TaOx,2909.09,3.463757157444634,1,7,DISCRETE_MULTILEVEL,DERIVED,absolute,SINGLE_DIFFERENTIAL_PAIR,DERIVED_DEVICE_STATE_CAP,32,5,13,0,2,8,203264,208,256,53248,96.11,0.1200000000000045,96.1000912857143,0.04615296303236464,96.05393832268193,-0.009908714285700171,0.009908714285700171,TaOx_01,TaOx,True
TaOx_01,TaOx,2909.09,3.463757157444634,1,7,DISCRETE_MULTILEVEL,DERIVED,absolute,SINGLE_DIFFERENTIAL_PAIR,DERIVED_DEVICE_STATE_CAP,32,4,13,0,2,8,203264,208,256,53248,96.11,0.1200000000000045,96.05758866666665,0.013394854010752976,96.04419381265589,-0.05241133333335313,0.05241133333335313,TaOx_01,TaOx,True
TaOx_01,TaOx,2909.09,3.463757157444634,1,7,DISCRETE_MULTILEVEL,DERIVED,absolute,SINGLE_DIFFERENTIAL_PAIR,DERIVED_DEVICE_STATE_CAP,16,5,13,0,2,9,203264,800,512,409600,96.11,0.1200000000000045,96.10383448412699,0.036279546618023614,96.06755493750897,-0.006165515873007621,0.006165515873007621,TaOx_01,TaOx,True
TaOx_01,TaOx,2909.09,3.463757157444634,1,7,DISCRETE_MULTILEVEL,DERIVED,absolute,SINGLE_DIFFERENTIAL_PAIR,DERIVED_DEVICE_STATE_CAP,16,8,13,0,2,9,203264,800,512,409600,96.11,0.1200000000000045,96.15563061688312,0.07841830085731853,96.0772123160258,0.045630616883116204,0.045630616883116204,TaOx_01,TaOx,True
TaOx_01,TaOx,2909.09,3.463757157444634,1,7,DISCRETE_MULTILEVEL,DERIVED,absolute,SINGLE_DIFFERENTIAL_PAIR,DERIVED_DEVICE_STATE_CAP,16,6,13,0,2,9,203264,800,512,409600,96.11,0.1200000000000045,96.16104604545454,0.08423992213979853,96.07680612331474,0.051046045454540945,0.051046045454540945,TaOx_01,TaOx,True
TaOx_01,TaOx,2909.09,3.463757157444634,1,7,DISCRETE_MULTILEVEL,DERIVED,absolute,SINGLE_DIFFERENTIAL_PAIR,DERIVED_DEVICE_STATE_CAP,64,4,13,0,2,10,203264,56,1024,57344,96.11,0.1200000000000045,96.0630866904762,0.01639707240393104,96.04668961807226,-0.04691330952380213,0.04691330952380213,TaOx_01,TaOx,True
TaOx_01,TaOx,2909.09,3.463757157444634,1,7,DISCRETE_MULTILEVEL,DERIVED,absolute,SINGLE_DIFFERENTIAL_PAIR,DERIVED_DEVICE_STATE_CAP,128,6,13,0,2,10,203264,16,1024,16384,96.11,0.1200000000000045,96.15976547619049,0.09355211773495468,96.06621335845553,0.04976547619048688,0.04976547619048688,TaOx_01,TaOx,True
TaOx_01,TaOx,2909.09,3.463757157444634,1,7,DISCRETE_MULTILEVEL,DERIVED,absolute,SINGLE_DIFFERENTIAL_PAIR,DERIVED_DEVICE_STATE_CAP,128,8,13,0,2,10,203264,16,1024,16384,96.11,0.1200000000000045,96.1534703015873,0.08671023585476642,96.06676006573254,0.04347030158730547,0.04347030158730547,TaOx_01,TaOx,True
TaOx_01,TaOx,2909.09,3.463757157444634,1,7,DISCRETE_MULTILEVEL,DERIVED,absolute,SINGLE_DIFFERENTIAL_PAIR,DERIVED_DEVICE_STATE_CAP,128,7,13,0,2,10,203264,16,1024,16384,96.11,0.1200000000000045,96.15306787301589,0.08628836201975403,96.06677951099613,0.043067873015885993,0.043067873015885993,TaOx_01,TaOx,True
TaOx_01,TaOx,2909.09,3.463757157444634,1,7,DISCRETE_MULTILEVEL,DERIVED,absolute,SINGLE_DIFFERENTIAL_PAIR,DERIVED_DEVICE_STATE_CAP,128,5,13,0,2,10,203264,16,1024,16384,96.11,0.1200000000000045,96.09734725396827,0.039175426737279036,96.05817182723099,-0.012652746031733386,0.012652746031733386,TaOx_01,TaOx,True
TaOx_01,TaOx,2909.09,3.463757157444634,1,7,DISCRETE_MULTILEVEL,DERIVED,absolute,SINGLE_DIFFERENTIAL_PAIR,DERIVED_DEVICE_STATE_CAP,128,4,13,0,2,10,203264,16,1024,16384,96.11,0.1200000000000045,96.06194763492063,0.01468069158325093,96.04726694333738,-0.048052365079371384,0.048052365079371384,TaOx_01,TaOx,True
TaOx_01,TaOx,2909.09,3.463757157444634,1,7,DISCRETE_MULTILEVEL,DERIVED,absolute,SINGLE_DIFFERENTIAL_PAIR,DERIVED_DEVICE_STATE_CAP,64,8,13,0,2,10,203264,56,1024,57344,96.11,0.1200000000000045,96.15585524603175,0.08884221552345795,96.06701303050829,0.045855246031749175,0.045855246031749175,TaOx_01,TaOx,True
TaOx_01,TaOx,2909.09,3.463757157444634,1,7,DISCRETE_MULTILEVEL,DERIVED,absolute,SINGLE_DIFFERENTIAL_PAIR,DERIVED_DEVICE_STATE_CAP,64,7,13,0,2,10,203264,56,1024,57344,96.11,0.1200000000000045,96.15475353174602,0.0877735010754167,96.0669800306706,0.04475353174602503,0.04475353174602503,TaOx_01,TaOx,True
TaOx_01,TaOx,2909.09,3.463757157444634,1,7,DISCRETE_MULTILEVEL,DERIVED,absolute,SINGLE_DIFFERENTIAL_PAIR,DERIVED_DEVICE_STATE_CAP,16,4,13,0,2,9,203264,800,512,409600,96.11,0.1200000000000045,96.07281344444445,0.016444318984221815,96.05636912546022,-0.03718655555555017,0.03718655555555017,TaOx_01,TaOx,True
TaOx_01,TaOx,2909.09,3.463757157444634,1,7,DISCRETE_MULTILEVEL,DERIVED,absolute,SINGLE_DIFFERENTIAL_PAIR,DERIVED_DEVICE_STATE_CAP,64,5,13,0,2,10,203264,56,1024,57344,96.11,0.1200000000000045,96.09691722222223,0.03792682033732952,96.0589904018849,-0.013082777777768229,0.013082777777768229,TaOx_01,TaOx,True
TaOx_01,TaOx,2909.09,3.463757157444634,1,7,DISCRETE_MULTILEVEL,DERIVED,absolute,SINGLE_DIFFERENTIAL_PAIR,DERIVED_DEVICE_STATE_CAP,64,6,13,0,2,10,203264,56,1024,57344,96.11,0.1200000000000045,96.16550810317459,0.09889149537942506,96.06661660779517,0.05550810317458854,0.05550810317458854,TaOx_01,TaOx,True
TaOx_01,TaOx,2909.09,3.463757157444634,1,7,DISCRETE_MULTILEVEL,DERIVED,absolute,SINGLE_DIFFERENTIAL_PAIR,DERIVED_DEVICE_STATE_CAP,16,7,13,0,2,9,203264,800,512,409600,96.11,0.1200000000000045,96.15337466450218,0.07595501330487932,96.0774196511973,0.043374664502181304,0.043374664502181304,TaOx_01,TaOx,True
TaOx_01,TaOx,2909.09,3.463757157444634,1,7,DISCRETE_MULTILEVEL,DERIVED,absolute,SINGLE_DIFFERENTIAL_PAIR,DERIVED_DEVICE_STATE_CAP,32,8,13,0,2,8,203264,208,256,53248,96.11,0.1200000000000045,96.15226578571429,0.0859117336816794,96.06635405203261,0.04226578571429229,0.04226578571429229,TaOx_01,TaOx,True
TaOx_01,TaOx,2909.09,3.463757157444634,1,7,DISCRETE_MULTILEVEL,DERIVED,absolute,SINGLE_DIFFERENTIAL_PAIR,DERIVED_DEVICE_STATE_CAP,32,7,13,0,2,8,203264,208,256,53248,96.11,0.1200000000000045,96.1536668015873,0.08678033242230404,96.066886469165,0.043666801587306736,0.043666801587306736,TaOx_01,TaOx,True
TaOx_01,TaOx,2909.09,3.463757157444634,1,7,DISCRETE_MULTILEVEL,DERIVED,absolute,SINGLE_DIFFERENTIAL_PAIR,DERIVED_DEVICE_STATE_CAP,32,5,13,0,2,10,203264,208,1024,212992,96.1,0.1300000000000096,96.09436946031745,0.04061259258058391,96.05375686773687,-0.005630539682542235,0.005630539682542235,TaOx_01,TaOx,True
TaOx_01,TaOx,2909.09,3.463757157444634,1,7,DISCRETE_MULTILEVEL,DERIVED,absolute,SINGLE_DIFFERENTIAL_PAIR,DERIVED_DEVICE_STATE_CAP,256,4,13,0,2,10,203264,10,1024,10240,96.1,0.1300000000000096,96.06507046031746,0.014047359291370028,96.05102310102609,-0.03492953968253687,0.03492953968253687,TaOx_01,TaOx,True
TaOx_01,TaOx,2909.09,3.463757157444634,1,7,DISCRETE_MULTILEVEL,DERIVED,absolute,SINGLE_DIFFERENTIAL_PAIR,DERIVED_DEVICE_STATE_CAP,256,8,13,0,2,10,203264,10,1024,10240,96.1,0.1300000000000096,96.1552659047619,0.08454723131677401,96.07071867344513,0.05526590476191018,0.05526590476191018,TaOx_01,TaOx,True
TaOx_01,TaOx,2909.09,3.463757157444634,1,7,DISCRETE_MULTILEVEL,DERIVED,absolute,SINGLE_DIFFERENTIAL_PAIR,DERIVED_DEVICE_STATE_CAP,32,4,13,0,2,9,203264,208,512,106496,96.1,0.1300000000000096,96.06135246825397,0.020304354407432886,96.04104811384654,-0.03864753174602242,0.03864753174602242,TaOx_01,TaOx,True
TaOx_01,TaOx,2909.09,3.463757157444634,1,7,DISCRETE_MULTILEVEL,DERIVED,absolute,SINGLE_DIFFERENTIAL_PAIR,DERIVED_DEVICE_STATE_CAP,32,4,13,0,2,10,203264,208,1024,212992,96.1,0.1300000000000096,96.05658878571427,0.012117091004894288,96.04447169470937,-0.04341121428572592,0.04341121428572592,TaOx_01,TaOx,True
TaOx_01,TaOx,2909.09,3.463757157444634,1,7,DISCRETE_MULTILEVEL,DERIVED,absolute,SINGLE_DIFFERENTIAL_PAIR,DERIVED_DEVICE_STATE_CAP,32,5,13,0,2,9,203264,208,512,106496,96.1,0.1300000000000096,96.0997573968254,0.04359517059767064,96.05616222622773,-0.00024260317459834368,0.00024260317459834368,TaOx_01,TaOx,True
TaOx_01,TaOx,2909.09,3.463757157444634,1,7,DISCRETE_MULTILEVEL,DERIVED,absolute,SINGLE_DIFFERENTIAL_PAIR,DERIVED_DEVICE_STATE_CAP,32,6,13,0,2,10,203264,208,1024,212992,96.1,0.1300000000000096,96.16399623015872,0.10286742488161472,96.06112880527711,0.0639962301587218,0.0639962301587218,TaOx_01,TaOx,True
TaOx_01,TaOx,2909.09,3.463757157444634,1,7,DISCRETE_MULTILEVEL,DERIVED,absolute,SINGLE_DIFFERENTIAL_PAIR,DERIVED_DEVICE_STATE_CAP,32,6,13,0,2,9,203264,208,512,106496,96.1,0.1300000000000096,96.15771275974028,0.08927571016375242,96.06843704957653,0.05771275974028356,0.05771275974028356,TaOx_01,TaOx,True
TaOx_01,TaOx,2909.09,3.463757157444634,1,7,DISCRETE_MULTILEVEL,DERIVED,absolute,SINGLE_DIFFERENTIAL_PAIR,DERIVED_DEVICE_STATE_CAP,16,6,13,0,2,10,203264,800,1024,819200,96.1,0.1300000000000096,96.16875737301586,0.0988171652951736,96.06994020772069,0.06875737301587037,0.06875737301587037,TaOx_01,TaOx,True
TaOx_01,TaOx,2909.09,3.463757157444634,1,7,DISCRETE_MULTILEVEL,DERIVED,absolute,SINGLE_DIFFERENTIAL_PAIR,DERIVED_DEVICE_STATE_CAP,16,5,13,0,2,10,203264,800,1024,819200,96.1,0.1300000000000096,96.09961133333333,0.03500421687368653,96.06460711645964,-0.00038866666666592664,0.00038866666666592664,TaOx_01,TaOx,True
TaOx_01,TaOx,2909.09,3.463757157444634,1,7,DISCRETE_MULTILEVEL,DERIVED,absolute,SINGLE_DIFFERENTIAL_PAIR,DERIVED_DEVICE_STATE_CAP,16,7,13,0,2,10,203264,800,1024,819200,96.1,0.1300000000000096,96.15571834126983,0.08547229447616249,96.07024604679367,0.05571834126983788,0.05571834126983788,TaOx_01,TaOx,True
TaOx_01,TaOx,2909.09,3.463757157444634,1,7,DISCRETE_MULTILEVEL,DERIVED,absolute,SINGLE_DIFFERENTIAL_PAIR,DERIVED_DEVICE_STATE_CAP,16,4,13,0,2,10,203264,800,1024,819200,96.1,0.1300000000000096,96.0676663095238,0.013170716128857724,96.05449559339495,-0.032333690476193055,0.032333690476193055,TaOx_01,TaOx,True
TaOx_01,TaOx,2909.09,3.463757157444634,1,7,DISCRETE_MULTILEVEL,DERIVED,absolute,SINGLE_DIFFERENTIAL_PAIR,DERIVED_DEVICE_STATE_CAP,32,7,13,0,2,10,203264,208,1024,212992,96.1,0.1300000000000096,96.15096676984126,0.0895089276004579,96.0614578422408,0.05096676984126702,0.05096676984126702,TaOx_01,TaOx,True
TaOx_01,TaOx,2909.09,3.463757157444634,1,7,DISCRETE_MULTILEVEL,DERIVED,absolute,SINGLE_DIFFERENTIAL_PAIR,DERIVED_DEVICE_STATE_CAP,32,7,13,0,2,9,203264,208,512,106496,96.1,0.1300000000000096,96.15001699783551,0.08118765303219203,96.06882934480332,0.050016997835513166,0.050016997835513166,TaOx_01,TaOx,True
TaOx_01,TaOx,2909.09,3.463757157444634,1,7,DISCRETE_MULTILEVEL,DERIVED,absolute,SINGLE_DIFFERENTIAL_PAIR,DERIVED_DEVICE_STATE_CAP,32,8,13,0,2,10,203264,208,1024,212992,96.1,0.1300000000000096,96.15361824603175,0.09197806928478276,96.06164017674698,0.053618246031760464,0.053618246031760464,TaOx_01,TaOx,True
TaOx_01,TaOx,2909.09,3.463757157444634,1,7,DISCRETE_MULTILEVEL,DERIVED,absolute,SINGLE_DIFFERENTIAL_PAIR,DERIVED_DEVICE_STATE_CAP,32,8,13,0,2,9,203264,208,512,106496,96.1,0.1300000000000096,96.15126395021645,0.08253371175485077,96.0687302384616,0.051263950216451803,0.051263950216451803,TaOx_01,TaOx,True
TaOx_01,TaOx,2909.09,3.463757157444634,1,7,DISCRETE_MULTILEVEL,DERIVED,absolute,SINGLE_DIFFERENTIAL_PAIR,DERIVED_DEVICE_STATE_CAP,256,5,13,0,2,10,203264,10,1024,10240,96.1,0.1300000000000096,96.10153816666667,0.04048554601284291,96.06105262065383,0.0015381666666769434,0.0015381666666769434,TaOx_01,TaOx,True
TaOx_01,TaOx,2909.09,3.463757157444634,1,7,DISCRETE_MULTILEVEL,DERIVED,absolute,SINGLE_DIFFERENTIAL_PAIR,DERIVED_DEVICE_STATE_CAP,16,8,13,0,2,10,203264,800,1024,819200,96.1,0.1300000000000096,96.15895257936506,0.088481840130857,96.07047073923421,0.05895257936506937,0.05895257936506937,TaOx_01,TaOx,True
TaOx_01,TaOx,2909.09,3.463757157444634,1,7,DISCRETE_MULTILEVEL,DERIVED,absolute,SINGLE_DIFFERENTIAL_PAIR,DERIVED_DEVICE_STATE_CAP,256,6,13,0,2,10,203264,10,1024,10240,96.1,0.1300000000000096,96.16069493650794,0.0905642317899753,96.07013070471797,0.060694936507943,0.060694936507943,TaOx_01,TaOx,True
TaOx_01,TaOx,2909.09,3.463757157444634,1,7,DISCRETE_MULTILEVEL,DERIVED,absolute,SINGLE_DIFFERENTIAL_PAIR,DERIVED_DEVICE_STATE_CAP,256,7,13,0,2,10,203264,10,1024,10240,96.1,0.1300000000000096,96.15487204761905,0.0840951440239507,96.0707769035951,0.05487204761905673,0.05487204761905673,TaOx_01,TaOx,True
TaOx_01,TaOx,2909.09,3.463757157444634,1,7,DISCRETE_MULTILEVEL,DERIVED,absolute,SINGLE_DIFFERENTIAL_PAIR,DERIVED_DEVICE_STATE_CAP,64,5,13,0,2,8,203264,56,256,14336,96.08,0.1500000000000056,96.10939249999998,0.06308042677480197,96.04631207322518,0.029392499999985944,0.029392499999985944,TaOx_01,TaOx,True
TaOx_01,TaOx,2909.09,3.463757157444634,1,7,DISCRETE_MULTILEVEL,DERIVED,absolute,SINGLE_DIFFERENTIAL_PAIR,DERIVED_DEVICE_STATE_CAP,64,6,13,0,2,8,203264,56,256,14336,96.08,0.1500000000000056,96.1708332063492,0.10065315500143482,96.07018005134776,0.09083320634920256,0.09083320634920256,TaOx_01,TaOx,True
TaOx_01,TaOx,2909.09,3.463757157444634,1,7,DISCRETE_MULTILEVEL,DERIVED,absolute,SINGLE_DIFFERENTIAL_PAIR,DERIVED_DEVICE_STATE_CAP,64,7,13,0,2,8,203264,56,256,14336,96.08,0.1500000000000056,96.15813168253968,0.08975784190973111,96.06837384062995,0.07813168253967717,0.07813168253967717,TaOx_01,TaOx,True
TaOx_01,TaOx,2909.09,3.463757157444634,1,7,DISCRETE_MULTILEVEL,DERIVED,absolute,SINGLE_DIFFERENTIAL_PAIR,DERIVED_DEVICE_STATE_CAP,64,8,13,0,2,8,203264,56,256,14336,96.08,0.1500000000000056,96.15819020634922,0.08983367741235027,96.06835652893687,0.07819020634921969,0.07819020634921969,TaOx_01,TaOx,True
TaOx_01,TaOx,2909.09,3.463757157444634,1,7,DISCRETE_MULTILEVEL,DERIVED,absolute,SINGLE_DIFFERENTIAL_PAIR,DERIVED_DEVICE_STATE_CAP,128,4,13,0,2,9,203264,16,512,8192,96.08,0.1500000000000056,96.04282687301587,0.017538552021721675,96.02528832099415,-0.03717312698412911,0.03717312698412911,TaOx_01,TaOx,True
TaOx_01,TaOx,2909.09,3.463757157444634,1,7,DISCRETE_MULTILEVEL,DERIVED,absolute,SINGLE_DIFFERENTIAL_PAIR,DERIVED_DEVICE_STATE_CAP,128,5,13,0,2,9,203264,16,512,8192,96.08,0.1500000000000056,96.09614781746032,0.05818217568190393,96.03796564177841,0.01614781746032179,0.01614781746032179,TaOx_01,TaOx,True
TaOx_01,TaOx,2909.09,3.463757157444634,1,7,DISCRETE_MULTILEVEL,DERIVED,absolute,SINGLE_DIFFERENTIAL_PAIR,DERIVED_DEVICE_STATE_CAP,256,4,13,0,2,9,203264,10,512,5120,96.08,0.1500000000000056,96.04666815079365,0.01825398191055487,96.02841416888309,-0.03333184920634835,0.03333184920634835,TaOx_01,TaOx,True
TaOx_01,TaOx,2909.09,3.463757157444634,1,7,DISCRETE_MULTILEVEL,DERIVED,absolute,SINGLE_DIFFERENTIAL_PAIR,DERIVED_DEVICE_STATE_CAP,256,5,13,0,2,9,203264,10,512,5120,96.08,0.1500000000000056,96.09987796825396,0.057942087809730695,96.04193588044423,0.01987796825396515,0.01987796825396515,TaOx_01,TaOx,True
TaOx_01,TaOx,2909.09,3.463757157444634,1,7,DISCRETE_MULTILEVEL,DERIVED,absolute,SINGLE_DIFFERENTIAL_PAIR,DERIVED_DEVICE_STATE_CAP,256,6,13,0,2,9,203264,10,512,5120,96.08,0.1500000000000056,96.14829973809523,0.08980489077647547,96.05849484731876,0.06829973809523437,0.06829973809523437,TaOx_01,TaOx,True
TaOx_01,TaOx,2909.09,3.463757157444634,1,7,DISCRETE_MULTILEVEL,DERIVED,absolute,SINGLE_DIFFERENTIAL_PAIR,DERIVED_DEVICE_STATE_CAP,128,7,13,0,2,9,203264,16,512,8192,96.08,0.1500000000000056,96.13962794444446,0.08243633137578082,96.05719161306868,0.059627944444457626,0.059627944444457626,TaOx_01,TaOx,True
TaOx_01,TaOx,2909.09,3.463757157444634,1,7,DISCRETE_MULTILEVEL,DERIVED,absolute,SINGLE_DIFFERENTIAL_PAIR,DERIVED_DEVICE_STATE_CAP,128,8,13,0,2,9,203264,16,512,8192,96.08,0.1500000000000056,96.14009994444444,0.0828431340096304,96.05725681043481,0.06009994444444544,0.06009994444444544,TaOx_01,TaOx,True
TaOx_01,TaOx,2909.09,3.463757157444634,1,7,DISCRETE_MULTILEVEL,DERIVED,absolute,SINGLE_DIFFERENTIAL_PAIR,DERIVED_DEVICE_STATE_CAP,128,6,13,0,2,9,203264,16,512,8192,96.08,0.1500000000000056,96.14612115873017,0.08890541976118035,96.05721573896899,0.06612115873016933,0.06612115873016933,TaOx_01,TaOx,True
TaOx_01,TaOx,2909.09,3.463757157444634,1,7,DISCRETE_MULTILEVEL,DERIVED,absolute,SINGLE_DIFFERENTIAL_PAIR,DERIVED_DEVICE_STATE_CAP,64,4,13,0,2,8,203264,56,256,14336,96.08,0.1500000000000056,96.05575666666665,0.018743135055195568,96.03701353161146,-0.024243333333345163,0.024243333333345163,TaOx_01,TaOx,True
TaOx_01,TaOx,2909.09,3.463757157444634,1,7,DISCRETE_MULTILEVEL,DERIVED,absolute,SINGLE_DIFFERENTIAL_PAIR,DERIVED_DEVICE_STATE_CAP,256,8,13,0,2,9,203264,10,512,5120,96.08,0.1500000000000056,96.14147842857143,0.08258345705093126,96.0588949715205,0.061478428571433597,0.061478428571433597,TaOx_01,TaOx,True
TaOx_01,TaOx,2909.09,3.463757157444634,1,7,DISCRETE_MULTILEVEL,DERIVED,absolute,SINGLE_DIFFERENTIAL_PAIR,DERIVED_DEVICE_STATE_CAP,256,7,13,0,2,9,203264,10,512,5120,96.08,0.1500000000000056,96.1410930952381,0.08231160215034666,96.05878149308776,0.0610930952381068,0.0610930952381068,TaOx_01,TaOx,True
TaOx_01,TaOx,2909.09,3.463757157444634,1,7,DISCRETE_MULTILEVEL,DERIVED,absolute,SINGLE_DIFFERENTIAL_PAIR,DERIVED_DEVICE_STATE_CAP,16,6,13,0,2,7,203264,800,128,102400,96.07,0.1600000000000108,96.173735015873,0.07581225245388178,96.09792276341912,0.10373501587301348,0.10373501587301348,TaOx_01,TaOx,True
TaOx_01,TaOx,2909.09,3.463757157444634,1,7,DISCRETE_MULTILEVEL,DERIVED,absolute,SINGLE_DIFFERENTIAL_PAIR,DERIVED_DEVICE_STATE_CAP,16,5,13,0,2,7,203264,800,128,102400,96.07,0.1600000000000108,96.12614442063493,0.04194170643242541,96.0842027142025,0.05614442063493641,0.05614442063493641,TaOx_01,TaOx,True
TaOx_01,TaOx,2909.09,3.463757157444634,1,7,DISCRETE_MULTILEVEL,DERIVED,absolute,SINGLE_DIFFERENTIAL_PAIR,DERIVED_DEVICE_STATE_CAP,16,7,13,0,2,7,203264,800,128,102400,96.07,0.1600000000000108,96.17077603968255,0.07253033773772316,96.09824570194483,0.10077603968255744,0.10077603968255744,TaOx_01,TaOx,True
TaOx_01,TaOx,2909.09,3.463757157444634,1,7,DISCRETE_MULTILEVEL,DERIVED,absolute,SINGLE_DIFFERENTIAL_PAIR,DERIVED_DEVICE_STATE_CAP,16,4,13,0,2,7,203264,800,128,102400,96.07,0.1600000000000108,96.09267573015872,0.030352416909720147,96.062323313249,0.02267573015872415,0.02267573015872415,TaOx_01,TaOx,True
TaOx_01,TaOx,2909.09,3.463757157444634,1,7,DISCRETE_MULTILEVEL,DERIVED,absolute,SINGLE_DIFFERENTIAL_PAIR,DERIVED_DEVICE_STATE_CAP,16,8,13,0,2,7,203264,800,128,102400,96.07,0.1600000000000108,96.17215073809524,0.07394021682517149,96.09821052127006,0.1021507380952471,0.1021507380952471,TaOx_01,TaOx,True
TaOx_01,TaOx,2909.09,3.463757157444634,1,7,DISCRETE_MULTILEVEL,DERIVED,absolute,SINGLE_DIFFERENTIAL_PAIR,DERIVED_DEVICE_STATE_CAP,16,8,13,0,2,6,203264,800,64,51200,96.04,0.1899999999999977,96.13460262265514,0.08761440198818272,96.04698822066696,0.09460262265513109,0.09460262265513109,TaOx_01,TaOx,True
TaOx_01,TaOx,2909.09,3.463757157444634,1,7,DISCRETE_MULTILEVEL,DERIVED,absolute,SINGLE_DIFFERENTIAL_PAIR,DERIVED_DEVICE_STATE_CAP,16,7,13,0,2,6,203264,800,64,51200,96.04,0.1899999999999977,96.13320890836941,0.08635111744601824,96.0468577909234,0.09320890836940521,0.09320890836940521,TaOx_01,TaOx,True
TaOx_01,TaOx,2909.09,3.463757157444634,1,7,DISCRETE_MULTILEVEL,DERIVED,absolute,SINGLE_DIFFERENTIAL_PAIR,DERIVED_DEVICE_STATE_CAP,16,6,13,0,2,6,203264,800,64,51200,96.04,0.1899999999999977,96.13505628932178,0.0880016108152912,96.04705467850648,0.09505628932177501,0.09505628932177501,TaOx_01,TaOx,True
TaOx_01,TaOx,2909.09,3.463757157444634,1,7,DISCRETE_MULTILEVEL,DERIVED,absolute,SINGLE_DIFFERENTIAL_PAIR,DERIVED_DEVICE_STATE_CAP,128,7,13,0,2,8,203264,16,256,4096,96.04,0.1899999999999977,96.14339435930736,0.09431012596615426,96.0490842333412,0.10339435930735874,0.10339435930735874,TaOx_01,TaOx,True
TaOx_01,TaOx,2909.09,3.463757157444634,1,7,DISCRETE_MULTILEVEL,DERIVED,absolute,SINGLE_DIFFERENTIAL_PAIR,DERIVED_DEVICE_STATE_CAP,128,6,13,0,2,8,203264,16,256,4096,96.04,0.1899999999999977,96.15709975613275,0.10717568208147452,96.04992407405128,0.11709975613274537,0.11709975613274537,TaOx_01,TaOx,True
TaOx_01,TaOx,2909.09,3.463757157444634,1,7,DISCRETE_MULTILEVEL,DERIVED,absolute,SINGLE_DIFFERENTIAL_PAIR,DERIVED_DEVICE_STATE_CAP,128,4,13,0,2,8,203264,16,256,4096,96.04,0.1899999999999977,96.03622907664557,0.021821541170916725,96.01440753547465,-0.0037709233544376275,0.0037709233544376275,TaOx_01,TaOx,True
TaOx_01,TaOx,2909.09,3.463757157444634,1,7,DISCRETE_MULTILEVEL,DERIVED,absolute,SINGLE_DIFFERENTIAL_PAIR,DERIVED_DEVICE_STATE_CAP,128,5,13,0,2,8,203264,16,256,4096,96.04,0.1899999999999977,96.09348777994228,0.06346148511491309,96.03002629482737,0.05348777994227305,0.05348777994227305,TaOx_01,TaOx,True
TaOx_01,TaOx,2909.09,3.463757157444634,1,7,DISCRETE_MULTILEVEL,DERIVED,absolute,SINGLE_DIFFERENTIAL_PAIR,DERIVED_DEVICE_STATE_CAP,128,8,13,0,2,8,203264,16,256,4096,96.04,0.1899999999999977,96.14266112121211,0.0939026324835078,96.04875848872861,0.10266112121210824,0.10266112121210824,TaOx_01,TaOx,True
TaOx_01,TaOx,2909.09,3.463757157444634,1,7,DISCRETE_MULTILEVEL,DERIVED,absolute,SINGLE_DIFFERENTIAL_PAIR,DERIVED_DEVICE_STATE_CAP,16,5,13,0,2,6,203264,800,64,51200,96.04,0.1899999999999977,96.09871848412699,0.06991025934631626,96.02880822478068,0.05871848412698455,0.05871848412698455,TaOx_01,TaOx,True
TaOx_01,TaOx,2909.09,3.463757157444634,1,7,DISCRETE_MULTILEVEL,DERIVED,absolute,SINGLE_DIFFERENTIAL_PAIR,DERIVED_DEVICE_STATE_CAP,16,4,13,0,2,6,203264,800,64,51200,96.04,0.1899999999999977,96.05662115079363,0.045216722024105,96.01140442876952,0.01662115079362536,0.01662115079362536,TaOx_01,TaOx,True
TaOx_01,TaOx,2909.09,3.463757157444634,1,7,DISCRETE_MULTILEVEL,DERIVED,absolute,SINGLE_DIFFERENTIAL_PAIR,DERIVED_DEVICE_STATE_CAP,256,4,13,0,2,8,203264,10,256,2560,96.03,0.2000000000000028,96.04185304978354,0.024120288262573602,96.01773276152096,0.011853049783539404,0.011853049783539404,TaOx_01,TaOx,True
TaOx_01,TaOx,2909.09,3.463757157444634,1,7,DISCRETE_MULTILEVEL,DERIVED,absolute,SINGLE_DIFFERENTIAL_PAIR,DERIVED_DEVICE_STATE_CAP,256,7,13,0,2,8,203264,10,256,2560,96.03,0.2000000000000028,96.1442620021645,0.09401566796864146,96.05024633419585,0.11426200216449445,0.11426200216449445,TaOx_01,TaOx,True
TaOx_01,TaOx,2909.09,3.463757157444634,1,7,DISCRETE_MULTILEVEL,DERIVED,absolute,SINGLE_DIFFERENTIAL_PAIR,DERIVED_DEVICE_STATE_CAP,256,8,13,0,2,8,203264,10,256,2560,96.03,0.2000000000000028,96.1429510974026,0.09322258635668142,96.04972851104591,0.11295109740260045,0.11295109740260045,TaOx_01,TaOx,True
TaOx_01,TaOx,2909.09,3.463757157444634,1,7,DISCRETE_MULTILEVEL,DERIVED,absolute,SINGLE_DIFFERENTIAL_PAIR,DERIVED_DEVICE_STATE_CAP,256,6,13,0,2,8,203264,10,256,2560,96.03,0.2000000000000028,96.15649297041847,0.10602570682014797,96.05046726359832,0.12649297041846808,0.12649297041846808,TaOx_01,TaOx,True
TaOx_01,TaOx,2909.09,3.463757157444634,1,7,DISCRETE_MULTILEVEL,DERIVED,absolute,SINGLE_DIFFERENTIAL_PAIR,DERIVED_DEVICE_STATE_CAP,256,5,13,0,2,8,203264,10,256,2560,96.03,0.2000000000000028,96.09296738311689,0.05863122104615939,96.03433616207073,0.06296738311688443,0.06296738311688443,TaOx_01,TaOx,True
TaOx_01,TaOx,2909.09,3.463757157444634,1,7,DISCRETE_MULTILEVEL,DERIVED,absolute,SINGLE_DIFFERENTIAL_PAIR,DERIVED_DEVICE_STATE_CAP,256,5,13,0,2,7,203264,10,128,1280,96.01,0.2199999999999988,96.07912226406927,0.06375900820200636,96.01536325586726,0.06912226406926436,0.06912226406926436,TaOx_01,TaOx,True
TaOx_01,TaOx,2909.09,3.463757157444634,1,7,DISCRETE_MULTILEVEL,DERIVED,absolute,SINGLE_DIFFERENTIAL_PAIR,DERIVED_DEVICE_STATE_CAP,256,4,13,0,2,7,203264,10,128,1280,96.01,0.2199999999999988,96.02650224819625,0.023737415027703344,96.00276483316856,0.016502248196246683,0.016502248196246683,TaOx_01,TaOx,True
TaOx_01,TaOx,2909.09,3.463757157444634,1,7,DISCRETE_MULTILEVEL,DERIVED,absolute,SINGLE_DIFFERENTIAL_PAIR,DERIVED_DEVICE_STATE_CAP,256,8,13,0,2,7,203264,10,128,1280,96.01,0.2199999999999988,96.12715572294371,0.0918723880377236,96.03528333490598,0.11715572294370702,0.11715572294370702,TaOx_01,TaOx,True
TaOx_01,TaOx,2909.09,3.463757157444634,1,7,DISCRETE_MULTILEVEL,DERIVED,absolute,SINGLE_DIFFERENTIAL_PAIR,DERIVED_DEVICE_STATE_CAP,256,6,13,0,2,7,203264,10,128,1280,96.01,0.2199999999999988,96.13073781168832,0.09431429061169057,96.03642352107663,0.12073781168831488,0.12073781168831488,TaOx_01,TaOx,True
TaOx_01,TaOx,2909.09,3.463757157444634,1,7,DISCRETE_MULTILEVEL,DERIVED,absolute,SINGLE_DIFFERENTIAL_PAIR,DERIVED_DEVICE_STATE_CAP,256,7,13,0,2,7,203264,10,128,1280,96.01,0.2199999999999988,96.1274383896104,0.0921319956320434,96.03530639397836,0.11743838961039899,0.11743838961039899,TaOx_01,TaOx,True
TaOx_01,TaOx,2909.09,3.463757157444634,1,7,DISCRETE_MULTILEVEL,DERIVED,absolute,SINGLE_DIFFERENTIAL_PAIR,DERIVED_DEVICE_STATE_CAP,64,8,13,0,2,6,203264,56,64,3584,95.96,0.2700000000000102,96.07922978571429,0.10611397217319155,95.9731158135411,0.1192297857142961,0.1192297857142961,TaOx_01,TaOx,True
TaOx_01,TaOx,2909.09,3.463757157444634,1,7,DISCRETE_MULTILEVEL,DERIVED,absolute,SINGLE_DIFFERENTIAL_PAIR,DERIVED_DEVICE_STATE_CAP,64,4,13,0,2,6,203264,56,64,3584,95.96,0.2700000000000102,96.0118189920635,0.09275454801252646,95.91906444405097,0.05181899206350238,0.05181899206350238,TaOx_01,TaOx,True
TaOx_01,TaOx,2909.09,3.463757157444634,1,7,DISCRETE_MULTILEVEL,DERIVED,absolute,SINGLE_DIFFERENTIAL_PAIR,DERIVED_DEVICE_STATE_CAP,64,5,13,0,2,6,203264,56,64,3584,95.96,0.2700000000000102,96.06236702380953,0.10126150421775731,95.96110551959177,0.10236702380953489,0.10236702380953489,TaOx_01,TaOx,True
TaOx_01,TaOx,2909.09,3.463757157444634,1,7,DISCRETE_MULTILEVEL,DERIVED,absolute,SINGLE_DIFFERENTIAL_PAIR,DERIVED_DEVICE_STATE_CAP,64,6,13,0,2,6,203264,56,64,3584,95.96,0.2700000000000102,96.08287645238097,0.10447522305139882,95.97840122932958,0.12287645238097866,0.12287645238097866,TaOx_01,TaOx,True
TaOx_01,TaOx,2909.09,3.463757157444634,1,7,DISCRETE_MULTILEVEL,DERIVED,absolute,SINGLE_DIFFERENTIAL_PAIR,DERIVED_DEVICE_STATE_CAP,64,7,13,0,2,6,203264,56,64,3584,95.96,0.2700000000000102,96.08031145238095,0.10508602111385579,95.97522543126709,0.1203114523809603,0.1203114523809603,TaOx_01,TaOx,True
TaOx_01,TaOx,2909.09,3.463757157444634,1,7,DISCRETE_MULTILEVEL,DERIVED,absolute,SINGLE_DIFFERENTIAL_PAIR,DERIVED_DEVICE_STATE_CAP,128,7,13,0,2,7,203264,16,128,2048,95.95,0.2800000000000011,96.13876231024531,0.09161044301795407,96.04715186722736,0.1887623102453091,0.1887623102453091,TaOx_01,TaOx,True
TaOx_01,TaOx,2909.09,3.463757157444634,1,7,DISCRETE_MULTILEVEL,DERIVED,absolute,SINGLE_DIFFERENTIAL_PAIR,DERIVED_DEVICE_STATE_CAP,128,8,13,0,2,7,203264,16,128,2048,95.95,0.2800000000000011,96.13864164357865,0.09141349358642625,96.04722814999222,0.18864164357864865,0.18864164357864865,TaOx_01,TaOx,True
TaOx_01,TaOx,2909.09,3.463757157444634,1,7,DISCRETE_MULTILEVEL,DERIVED,absolute,SINGLE_DIFFERENTIAL_PAIR,DERIVED_DEVICE_STATE_CAP,64,8,13,0,2,7,203264,56,128,7168,95.95,0.2800000000000011,96.16820308730158,0.06843992671517841,96.0997631605864,0.21820308730157478,0.21820308730157478,TaOx_01,TaOx,True
TaOx_01,TaOx,2909.09,3.463757157444634,1,7,DISCRETE_MULTILEVEL,DERIVED,absolute,SINGLE_DIFFERENTIAL_PAIR,DERIVED_DEVICE_STATE_CAP,128,4,13,0,2,7,203264,16,128,2048,95.95,0.2800000000000011,96.03186623537576,0.023638831897472092,96.00822740347829,0.08186623537575599,0.08186623537575599,TaOx_01,TaOx,True
TaOx_01,TaOx,2909.09,3.463757157444634,1,7,DISCRETE_MULTILEVEL,DERIVED,absolute,SINGLE_DIFFERENTIAL_PAIR,DERIVED_DEVICE_STATE_CAP,64,6,13,0,2,7,203264,56,128,7168,95.95,0.2800000000000011,96.16768239682538,0.0688789972474766,96.0988033995779,0.21768239682538137,0.21768239682538137,TaOx_01,TaOx,True
TaOx_01,TaOx,2909.09,3.463757157444634,1,7,DISCRETE_MULTILEVEL,DERIVED,absolute,SINGLE_DIFFERENTIAL_PAIR,DERIVED_DEVICE_STATE_CAP,64,7,13,0,2,7,203264,56,128,7168,95.95,0.2800000000000011,96.16825375396826,0.0684475765730002,96.09980617739525,0.21825375396825564,0.21825375396825564,TaOx_01,TaOx,True
TaOx_01,TaOx,2909.09,3.463757157444634,1,7,DISCRETE_MULTILEVEL,DERIVED,absolute,SINGLE_DIFFERENTIAL_PAIR,DERIVED_DEVICE_STATE_CAP,128,6,13,0,2,7,203264,16,128,2048,95.95,0.2800000000000011,96.14084825613276,0.09285755256790167,96.04799070356485,0.19084825613275314,0.19084825613275314,TaOx_01,TaOx,True
TaOx_01,TaOx,2909.09,3.463757157444634,1,7,DISCRETE_MULTILEVEL,DERIVED,absolute,SINGLE_DIFFERENTIAL_PAIR,DERIVED_DEVICE_STATE_CAP,64,5,13,0,2,7,203264,56,128,7168,95.95,0.2800000000000011,96.1393668968254,0.0641985321113437,96.07516836471405,0.18936689682539054,0.18936689682539054,TaOx_01,TaOx,True
TaOx_01,TaOx,2909.09,3.463757157444634,1,7,DISCRETE_MULTILEVEL,DERIVED,absolute,SINGLE_DIFFERENTIAL_PAIR,DERIVED_DEVICE_STATE_CAP,128,5,13,0,2,7,203264,16,128,2048,95.95,0.2800000000000011,96.09559018470419,0.07333264635460453,96.02225753834959,0.14559018470419005,0.14559018470419005,TaOx_01,TaOx,True
TaOx_01,TaOx,2909.09,3.463757157444634,1,7,DISCRETE_MULTILEVEL,DERIVED,absolute,SINGLE_DIFFERENTIAL_PAIR,DERIVED_DEVICE_STATE_CAP,64,4,13,0,2,7,203264,56,128,7168,95.95,0.2800000000000011,96.08299513492064,0.023998647207195398,96.05899648771344,0.13299513492063397,0.13299513492063397,TaOx_01,TaOx,True
TaOx_01,TaOx,2909.09,3.463757157444634,1,7,DISCRETE_MULTILEVEL,DERIVED,absolute,SINGLE_DIFFERENTIAL_PAIR,DERIVED_DEVICE_STATE_CAP,32,4,13,0,2,6,203264,208,64,13312,95.95,0.2800000000000011,96.04612938095237,0.046938689333080444,95.99919069161929,0.09612938095236245,0.09612938095236245,TaOx_01,TaOx,True
TaOx_01,TaOx,2909.09,3.463757157444634,1,7,DISCRETE_MULTILEVEL,DERIVED,absolute,SINGLE_DIFFERENTIAL_PAIR,DERIVED_DEVICE_STATE_CAP,32,8,13,0,2,6,203264,208,64,13312,95.95,0.2800000000000011,96.12903275757577,0.09182123280145126,96.03721152477432,0.17903275757576864,0.17903275757576864,TaOx_01,TaOx,True
TaOx_01,TaOx,2909.09,3.463757157444634,1,7,DISCRETE_MULTILEVEL,DERIVED,absolute,SINGLE_DIFFERENTIAL_PAIR,DERIVED_DEVICE_STATE_CAP,32,7,13,0,2,6,203264,208,64,13312,95.95,0.2800000000000011,96.12606104329004,0.08889949837001683,96.03716154492002,0.17606104329003358,0.17606104329003358,TaOx_01,TaOx,True
TaOx_01,TaOx,2909.09,3.463757157444634,1,7,DISCRETE_MULTILEVEL,DERIVED,absolute,SINGLE_DIFFERENTIAL_PAIR,DERIVED_DEVICE_STATE_CAP,32,5,13,0,2,6,203264,208,64,13312,95.95,0.2800000000000011,96.0859240952381,0.07135419324173232,96.01456990199637,0.1359240952380958,0.1359240952380958,TaOx_01,TaOx,True
TaOx_01,TaOx,2909.09,3.463757157444634,1,7,DISCRETE_MULTILEVEL,DERIVED,absolute,SINGLE_DIFFERENTIAL_PAIR,DERIVED_DEVICE_STATE_CAP,32,6,13,0,2,6,203264,208,64,13312,95.95,0.2800000000000011,96.1278892813853,0.09052957428600357,96.03735970709928,0.1778892813852906,0.1778892813852906,TaOx_01,TaOx,True
TaOx_01,TaOx,2909.09,3.463757157444634,1,7,DISCRETE_MULTILEVEL,DERIVED,absolute,SINGLE_DIFFERENTIAL_PAIR,DERIVED_DEVICE_STATE_CAP,16,7,13,0,2,5,203264,800,32,25600,95.89,0.3400000000000034,96.05988492496391,0.11854700188542103,95.94133792307849,0.1698849249639096,0.1698849249639096,TaOx_01,TaOx,True
TaOx_01,TaOx,2909.09,3.463757157444634,1,7,DISCRETE_MULTILEVEL,DERIVED,absolute,SINGLE_DIFFERENTIAL_PAIR,DERIVED_DEVICE_STATE_CAP,16,8,13,0,2,5,203264,800,32,25600,95.89,0.3400000000000034,96.05783759163059,0.11945655490052391,95.93838103673006,0.16783759163058676,0.16783759163058676,TaOx_01,TaOx,True
TaOx_01,TaOx,2909.09,3.463757157444634,1,7,DISCRETE_MULTILEVEL,DERIVED,absolute,SINGLE_DIFFERENTIAL_PAIR,DERIVED_DEVICE_STATE_CAP,16,6,13,0,2,5,203264,800,32,25600,95.89,0.3400000000000034,96.04791097258297,0.11666158049162134,95.93124939209135,0.15791097258296816,0.15791097258296816,TaOx_01,TaOx,True
TaOx_01,TaOx,2909.09,3.463757157444634,1,7,DISCRETE_MULTILEVEL,DERIVED,absolute,SINGLE_DIFFERENTIAL_PAIR,DERIVED_DEVICE_STATE_CAP,16,5,13,0,2,5,203264,800,32,25600,95.89,0.3400000000000034,96.01636142496392,0.10742369017143928,95.90893773479247,0.12636142496391756,0.12636142496391756,TaOx_01,TaOx,True
TaOx_01,TaOx,2909.09,3.463757157444634,1,7,DISCRETE_MULTILEVEL,DERIVED,absolute,SINGLE_DIFFERENTIAL_PAIR,DERIVED_DEVICE_STATE_CAP,16,4,13,0,2,5,203264,800,32,25600,95.89,0.3400000000000034,95.99597571067821,0.1087255688789666,95.88725014179924,0.10597571067820866,0.10597571067820866,TaOx_01,TaOx,True
TaOx_01,TaOx,2909.09,3.463757157444634,1,7,DISCRETE_MULTILEVEL,DERIVED,absolute,SINGLE_DIFFERENTIAL_PAIR,DERIVED_DEVICE_STATE_CAP,256,6,13,0,2,6,203264,10,64,640,95.8,0.4300000000000068,96.00655935714286,0.158618206524637,95.84794115061823,0.206559357142865,0.206559357142865,TaOx_01,TaOx,True
TaOx_01,TaOx,2909.09,3.463757157444634,1,7,DISCRETE_MULTILEVEL,DERIVED,absolute,SINGLE_DIFFERENTIAL_PAIR,DERIVED_DEVICE_STATE_CAP,256,7,13,0,2,6,203264,10,64,640,95.8,0.4300000000000068,96.00951978571428,0.15750653653114907,95.85201324918313,0.20951978571427787,0.20951978571427787,TaOx_01,TaOx,True
TaOx_01,TaOx,2909.09,3.463757157444634,1,7,DISCRETE_MULTILEVEL,DERIVED,absolute,SINGLE_DIFFERENTIAL_PAIR,DERIVED_DEVICE_STATE_CAP,256,8,13,0,2,6,203264,10,64,640,95.8,0.4300000000000068,96.00953645238094,0.15751270424519348,95.85202374813575,0.2095364523809451,0.2095364523809451,TaOx_01,TaOx,True
TaOx_01,TaOx,2909.09,3.463757157444634,1,7,DISCRETE_MULTILEVEL,DERIVED,absolute,SINGLE_DIFFERENTIAL_PAIR,DERIVED_DEVICE_STATE_CAP,256,4,13,0,2,6,203264,10,64,640,95.8,0.4300000000000068,95.937435015873,0.14758810159303662,95.78984691427998,0.13743501587300955,0.13743501587300955,TaOx_01,TaOx,True
TaOx_01,TaOx,2909.09,3.463757157444634,1,7,DISCRETE_MULTILEVEL,DERIVED,absolute,SINGLE_DIFFERENTIAL_PAIR,DERIVED_DEVICE_STATE_CAP,256,5,13,0,2,6,203264,10,64,640,95.8,0.4300000000000068,95.98077064285714,0.1557658083578181,95.82500483449932,0.18077064285714073,0.18077064285714073,TaOx_01,TaOx,True
TaOx_01,TaOx,2909.09,3.463757157444634,1,7,DISCRETE_MULTILEVEL,DERIVED,absolute,SINGLE_DIFFERENTIAL_PAIR,DERIVED_DEVICE_STATE_CAP,32,5,13,0,2,5,203264,208,32,6656,95.78,0.4500000000000028,95.9744835836941,0.12821005627395562,95.84627352742014,0.1944835836940939,0.1944835836940939,TaOx_01,TaOx,True
TaOx_01,TaOx,2909.09,3.463757157444634,1,7,DISCRETE_MULTILEVEL,DERIVED,absolute,SINGLE_DIFFERENTIAL_PAIR,DERIVED_DEVICE_STATE_CAP,32,7,13,0,2,5,203264,208,32,6656,95.78,0.4500000000000028,96.01010225036075,0.1368129268803592,95.87328932348039,0.23010225036074416,0.23010225036074416,TaOx_01,TaOx,True
TaOx_01,TaOx,2909.09,3.463757157444634,1,7,DISCRETE_MULTILEVEL,DERIVED,absolute,SINGLE_DIFFERENTIAL_PAIR,DERIVED_DEVICE_STATE_CAP,32,6,13,0,2,5,203264,208,32,6656,95.78,0.4500000000000028,95.9998322979798,0.13448414758014435,95.86534815039965,0.2198322979797922,0.2198322979797922,TaOx_01,TaOx,True
TaOx_01,TaOx,2909.09,3.463757157444634,1,7,DISCRETE_MULTILEVEL,DERIVED,absolute,SINGLE_DIFFERENTIAL_PAIR,DERIVED_DEVICE_STATE_CAP,32,8,13,0,2,5,203264,208,32,6656,95.78,0.4500000000000028,96.00822658369408,0.13712437172804462,95.87110221196603,0.2282265836940809,0.2282265836940809,TaOx_01,TaOx,True
TaOx_01,TaOx,2909.09,3.463757157444634,1,7,DISCRETE_MULTILEVEL,DERIVED,absolute,SINGLE_DIFFERENTIAL_PAIR,DERIVED_DEVICE_STATE_CAP,32,4,13,0,2,5,203264,208,32,6656,95.78,0.4500000000000028,95.95442953607504,0.1308543204907524,95.82357521558428,0.17442953607503853,0.17442953607503853,TaOx_01,TaOx,True
TaOx_01,TaOx,2909.09,3.463757157444634,1,7,DISCRETE_MULTILEVEL,DERIVED,absolute,SINGLE_DIFFERENTIAL_PAIR,DERIVED_DEVICE_STATE_CAP,128,6,13,0,2,6,203264,16,64,1024,95.73,0.5,96.01023683333332,0.13789711996605844,95.87233971336727,0.28023683333331917,0.28023683333331917,TaOx_01,TaOx,True
TaOx_01,TaOx,2909.09,3.463757157444634,1,7,DISCRETE_MULTILEVEL,DERIVED,absolute,SINGLE_DIFFERENTIAL_PAIR,DERIVED_DEVICE_STATE_CAP,128,4,13,0,2,6,203264,16,64,1024,95.73,0.5,95.95967315873014,0.13235064021278994,95.82732251851735,0.2296731587301366,0.2296731587301366,TaOx_01,TaOx,True
TaOx_01,TaOx,2909.09,3.463757157444634,1,7,DISCRETE_MULTILEVEL,DERIVED,absolute,SINGLE_DIFFERENTIAL_PAIR,DERIVED_DEVICE_STATE_CAP,128,8,13,0,2,6,203264,16,64,1024,95.73,0.5,96.01227202380952,0.13746113989135164,95.87481088391816,0.28227202380951155,0.28227202380951155,TaOx_01,TaOx,True
TaOx_01,TaOx,2909.09,3.463757157444634,1,7,DISCRETE_MULTILEVEL,DERIVED,absolute,SINGLE_DIFFERENTIAL_PAIR,DERIVED_DEVICE_STATE_CAP,128,5,13,0,2,6,203264,16,64,1024,95.73,0.5,96.00203852380952,0.13016046955912078,95.8718780542504,0.2720385238095133,0.2720385238095133,TaOx_01,TaOx,True
TaOx_01,TaOx,2909.09,3.463757157444634,1,7,DISCRETE_MULTILEVEL,DERIVED,absolute,SINGLE_DIFFERENTIAL_PAIR,DERIVED_DEVICE_STATE_CAP,128,7,13,0,2,6,203264,16,64,1024,95.73,0.5,96.01212669047621,0.13754816575899487,95.87457852471721,0.2821266904762041,0.2821266904762041,TaOx_01,TaOx,True
TaOx_01,TaOx,2909.09,3.463757157444634,1,7,DISCRETE_MULTILEVEL,DERIVED,absolute,SINGLE_DIFFERENTIAL_PAIR,DERIVED_DEVICE_STATE_CAP,64,7,13,0,2,5,203264,56,32,1792,95.44,0.7900000000000063,95.83204435353534,0.2964136523109449,95.53563070122439,0.39204435353533995,0.39204435353533995,TaOx_01,TaOx,False
TaOx_01,TaOx,2909.09,3.463757157444634,1,7,DISCRETE_MULTILEVEL,DERIVED,absolute,SINGLE_DIFFERENTIAL_PAIR,DERIVED_DEVICE_STATE_CAP,64,8,13,0,2,5,203264,56,32,1792,95.44,0.7900000000000063,95.83244768686869,0.2956804975420568,95.53676718932664,0.39244768686869236,0.39244768686869236,TaOx_01,TaOx,False
TaOx_01,TaOx,2909.09,3.463757157444634,1,7,DISCRETE_MULTILEVEL,DERIVED,absolute,SINGLE_DIFFERENTIAL_PAIR,DERIVED_DEVICE_STATE_CAP,64,5,13,0,2,5,203264,56,32,1792,95.44,0.7900000000000063,95.81345311544013,0.29427023126294133,95.51918288417718,0.37345311544012816,0.37345311544012816,TaOx_01,TaOx,False
TaOx_01,TaOx,2909.09,3.463757157444634,1,7,DISCRETE_MULTILEVEL,DERIVED,absolute,SINGLE_DIFFERENTIAL_PAIR,DERIVED_DEVICE_STATE_CAP,64,4,13,0,2,5,203264,56,32,1792,95.44,0.7900000000000063,95.80611573448773,0.28551120317878914,95.52060453130895,0.36611573448773527,0.36611573448773527,TaOx_01,TaOx,False
TaOx_01,TaOx,2909.09,3.463757157444634,1,7,DISCRETE_MULTILEVEL,DERIVED,absolute,SINGLE_DIFFERENTIAL_PAIR,DERIVED_DEVICE_STATE_CAP,64,6,13,0,2,5,203264,56,32,1792,95.44,0.7900000000000063,95.82868459163059,0.2971059971272041,95.53157859450339,0.388684591630593,0.388684591630593,TaOx_01,TaOx,False
TaOx_01,TaOx,2909.09,3.463757157444634,1,7,DISCRETE_MULTILEVEL,DERIVED,absolute,SINGLE_DIFFERENTIAL_PAIR,DERIVED_DEVICE_STATE_CAP,16,8,13,0,2,4,203264,800,16,12800,94.99,1.240000000000009,95.33066993650795,1.1242170814603425,94.2064528550476,0.3406699365079504,0.3406699365079504,TaOx_01,TaOx,False
TaOx_01,TaOx,2909.09,3.463757157444634,1,7,DISCRETE_MULTILEVEL,DERIVED,absolute,SINGLE_DIFFERENTIAL_PAIR,DERIVED_DEVICE_STATE_CAP,16,4,13,0,2,4,203264,800,16,12800,94.99,1.240000000000009,95.27546455555556,1.1440847516143555,94.1313798039412,0.2854645555555635,0.2854645555555635,TaOx_01,TaOx,False
TaOx_01,TaOx,2909.09,3.463757157444634,1,7,DISCRETE_MULTILEVEL,DERIVED,absolute,SINGLE_DIFFERENTIAL_PAIR,DERIVED_DEVICE_STATE_CAP,16,7,13,0,2,4,203264,800,16,12800,94.99,1.240000000000009,95.33126993650795,1.124224684622222,94.20704525188573,0.3412699365079561,0.3412699365079561,TaOx_01,TaOx,False
TaOx_01,TaOx,2909.09,3.463757157444634,1,7,DISCRETE_MULTILEVEL,DERIVED,absolute,SINGLE_DIFFERENTIAL_PAIR,DERIVED_DEVICE_STATE_CAP,16,5,13,0,2,4,203264,800,16,12800,94.99,1.240000000000009,95.30630688888888,1.114761757331992,94.1915451315569,0.3163068888888887,0.3163068888888887,TaOx_01,TaOx,False
TaOx_01,TaOx,2909.09,3.463757157444634,1,7,DISCRETE_MULTILEVEL,DERIVED,absolute,SINGLE_DIFFERENTIAL_PAIR,DERIVED_DEVICE_STATE_CAP,16,6,13,0,2,4,203264,800,16,12800,94.99,1.240000000000009,95.32706260317461,1.1223381793690757,94.20472442380553,0.33706260317461556,0.33706260317461556,TaOx_01,TaOx,False
TaOx_01,TaOx,2909.09,3.463757157444634,1,7,DISCRETE_MULTILEVEL,DERIVED,absolute,SINGLE_DIFFERENTIAL_PAIR,DERIVED_DEVICE_STATE_CAP,32,4,13,0,2,4,203264,208,16,3328,94.5,1.730000000000004,94.41416197619047,1.306185826844989,93.10797614934548,-0.08583802380952932,0.08583802380952932,TaOx_01,TaOx,False
TaOx_01,TaOx,2909.09,3.463757157444634,1,7,DISCRETE_MULTILEVEL,DERIVED,absolute,SINGLE_DIFFERENTIAL_PAIR,DERIVED_DEVICE_STATE_CAP,32,8,13,0,2,4,203264,208,16,3328,94.5,1.730000000000004,94.52166507509159,1.2523297774683688,93.26933529762321,0.021665075091590325,0.021665075091590325,TaOx_01,TaOx,False
TaOx_01,TaOx,2909.09,3.463757157444634,1,7,DISCRETE_MULTILEVEL,DERIVED,absolute,SINGLE_DIFFERENTIAL_PAIR,DERIVED_DEVICE_STATE_CAP,32,6,13,0,2,4,203264,208,16,3328,94.5,1.730000000000004,94.50348707509157,1.257175495628327,93.24631157946324,0.003487075091570091,0.003487075091570091,TaOx_01,TaOx,False
TaOx_01,TaOx,2909.09,3.463757157444634,1,7,DISCRETE_MULTILEVEL,DERIVED,absolute,SINGLE_DIFFERENTIAL_PAIR,DERIVED_DEVICE_STATE_CAP,32,5,13,0,2,4,203264,208,16,3328,94.5,1.730000000000004,94.43915764285714,1.2881376497946428,93.15101999306249,-0.06084235714286024,0.06084235714286024,TaOx_01,TaOx,False
TaOx_01,TaOx,2909.09,3.463757157444634,1,7,DISCRETE_MULTILEVEL,DERIVED,absolute,SINGLE_DIFFERENTIAL_PAIR,DERIVED_DEVICE_STATE_CAP,32,7,13,0,2,4,203264,208,16,3328,94.5,1.730000000000004,94.51877574175825,1.2530495085277316,93.26572623323051,0.018775741758247477,0.018775741758247477,TaOx_01,TaOx,False
TaOx_01,TaOx,2909.09,3.463757157444634,1,7,DISCRETE_MULTILEVEL,DERIVED,absolute,SINGLE_DIFFERENTIAL_PAIR,DERIVED_DEVICE_STATE_CAP,128,4,13,0,2,5,203264,16,32,512,93.81,2.4200000000000017,95.30039850144301,0.7537476498181291,94.54665085162489,1.4903985014430106,1.4903985014430106,TaOx_01,TaOx,False
TaOx_01,TaOx,2909.09,3.463757157444634,1,7,DISCRETE_MULTILEVEL,DERIVED,absolute,SINGLE_DIFFERENTIAL_PAIR,DERIVED_DEVICE_STATE_CAP,128,6,13,0,2,5,203264,16,32,512,93.81,2.4200000000000017,95.32338670490621,0.7511161451452192,94.572270559761,1.5133867049062104,1.5133867049062104,TaOx_01,TaOx,False
TaOx_01,TaOx,2909.09,3.463757157444634,1,7,DISCRETE_MULTILEVEL,DERIVED,absolute,SINGLE_DIFFERENTIAL_PAIR,DERIVED_DEVICE_STATE_CAP,128,8,13,0,2,5,203264,16,32,512,93.81,2.4200000000000017,95.33198484776335,0.7504742187044603,94.5815106290589,1.521984847763349,1.521984847763349,TaOx_01,TaOx,False
TaOx_01,TaOx,2909.09,3.463757157444634,1,7,DISCRETE_MULTILEVEL,DERIVED,absolute,SINGLE_DIFFERENTIAL_PAIR,DERIVED_DEVICE_STATE_CAP,128,7,13,0,2,5,203264,16,32,512,93.81,2.4200000000000017,95.32709970490622,0.7461610867214179,94.5809386181848,1.5170997049062152,1.5170997049062152,TaOx_01,TaOx,False
TaOx_01,TaOx,2909.09,3.463757157444634,1,7,DISCRETE_MULTILEVEL,DERIVED,absolute,SINGLE_DIFFERENTIAL_PAIR,DERIVED_DEVICE_STATE_CAP,128,5,13,0,2,5,203264,16,32,512,93.81,2.4200000000000017,95.30380226334776,0.7496903504636651,94.5541119128841,1.4938022633477601,1.4938022633477601,TaOx_01,TaOx,False
TaOx_01,TaOx,2909.09,3.463757157444634,1,7,DISCRETE_MULTILEVEL,DERIVED,absolute,SINGLE_DIFFERENTIAL_PAIR,DERIVED_DEVICE_STATE_CAP,256,6,13,0,2,5,203264,10,32,320,93.75,2.480000000000004,95.19647773376624,0.9014028859662165,94.29507484780002,1.446477733766244,1.446477733766244,TaOx_01,TaOx,False
TaOx_01,TaOx,2909.09,3.463757157444634,1,7,DISCRETE_MULTILEVEL,DERIVED,absolute,SINGLE_DIFFERENTIAL_PAIR,DERIVED_DEVICE_STATE_CAP,256,5,13,0,2,5,203264,10,32,320,93.75,2.480000000000004,95.17641316666666,0.8984633370486295,94.27794982961804,1.4264131666666628,1.4264131666666628,TaOx_01,TaOx,False
TaOx_01,TaOx,2909.09,3.463757157444634,1,7,DISCRETE_MULTILEVEL,DERIVED,absolute,SINGLE_DIFFERENTIAL_PAIR,DERIVED_DEVICE_STATE_CAP,256,8,13,0,2,5,203264,10,32,320,93.75,2.480000000000004,95.20503320995671,0.9006909540664896,94.30434225589022,1.45503320995671,1.45503320995671,TaOx_01,TaOx,False
TaOx_01,TaOx,2909.09,3.463757157444634,1,7,DISCRETE_MULTILEVEL,DERIVED,absolute,SINGLE_DIFFERENTIAL_PAIR,DERIVED_DEVICE_STATE_CAP,256,7,13,0,2,5,203264,10,32,320,93.75,2.480000000000004,95.20014806709956,0.8964073681548189,94.30374069894474,1.450148067099562,1.450148067099562,TaOx_01,TaOx,False
TaOx_01,TaOx,2909.09,3.463757157444634,1,7,DISCRETE_MULTILEVEL,DERIVED,absolute,SINGLE_DIFFERENTIAL_PAIR,DERIVED_DEVICE_STATE_CAP,256,4,13,0,2,5,203264,10,32,320,93.75,2.480000000000004,95.17420740476192,0.9002316922155545,94.27397571254636,1.4242074047619155,1.4242074047619155,TaOx_01,TaOx,False
TaOx_01,TaOx,2909.09,3.463757157444634,1,7,DISCRETE_MULTILEVEL,DERIVED,absolute,SINGLE_DIFFERENTIAL_PAIR,DERIVED_DEVICE_STATE_CAP,128,3,7,0,2,8,203264,16,256,4096,92.33,3.9000000000000057,92.21593551587301,0.04550003960798788,92.17043547626503,-0.11406448412698467,0.11406448412698467,TaOx_01,TaOx,False
TaOx_01,TaOx,2909.09,3.463757157444634,1,7,DISCRETE_MULTILEVEL,DERIVED,absolute,SINGLE_DIFFERENTIAL_PAIR,DERIVED_DEVICE_STATE_CAP,256,3,7,0,2,8,203264,10,256,2560,92.31,3.9200000000000017,92.2153963968254,0.04978619815280627,92.1656101986726,-0.0946036031746047,0.0946036031746047,TaOx_01,TaOx,False
TaOx_01,TaOx,2909.09,3.463757157444634,1,7,DISCRETE_MULTILEVEL,DERIVED,absolute,SINGLE_DIFFERENTIAL_PAIR,DERIVED_DEVICE_STATE_CAP,32,3,7,0,2,9,203264,208,512,106496,92.25,3.980000000000004,92.23679986940837,0.0197173824275028,92.21708248698087,-0.013200130591627612,0.013200130591627612,TaOx_01,TaOx,False
TaOx_01,TaOx,2909.09,3.463757157444634,1,7,DISCRETE_MULTILEVEL,DERIVED,absolute,SINGLE_DIFFERENTIAL_PAIR,DERIVED_DEVICE_STATE_CAP,16,3,7,0,2,10,203264,800,1024,819200,92.25,3.980000000000004,92.23620715079365,0.016115536029580838,92.22009161476406,-0.013792849206353708,0.013792849206353708,TaOx_01,TaOx,False
TaOx_01,TaOx,2909.09,3.463757157444634,1,7,DISCRETE_MULTILEVEL,DERIVED,absolute,SINGLE_DIFFERENTIAL_PAIR,DERIVED_DEVICE_STATE_CAP,32,3,7,0,2,10,203264,208,1024,212992,92.25,3.980000000000004,92.23198138888888,0.016714876122313375,92.21526651276658,-0.01801861111111691,0.01801861111111691,TaOx_01,TaOx,False
TaOx_01,TaOx,2909.09,3.463757157444634,1,7,DISCRETE_MULTILEVEL,DERIVED,absolute,SINGLE_DIFFERENTIAL_PAIR,DERIVED_DEVICE_STATE_CAP,64,3,7,0,2,9,203264,56,512,28672,92.24,3.990000000000009,92.2303116803752,0.024316638888897492,92.2059950414863,-0.009688319624800101,0.009688319624800101,TaOx_01,TaOx,False
TaOx_01,TaOx,2909.09,3.463757157444634,1,7,DISCRETE_MULTILEVEL,DERIVED,absolute,SINGLE_DIFFERENTIAL_PAIR,DERIVED_DEVICE_STATE_CAP,64,3,7,0,2,10,203264,56,1024,57344,92.24,3.990000000000009,92.21602187445887,0.018889910588382092,92.19713196387049,-0.02397812554112022,0.02397812554112022,TaOx_01,TaOx,False
TaOx_01,TaOx,2909.09,3.463757157444634,1,7,DISCRETE_MULTILEVEL,DERIVED,absolute,SINGLE_DIFFERENTIAL_PAIR,DERIVED_DEVICE_STATE_CAP,128,3,7,0,2,10,203264,16,1024,16384,92.23,4.0,92.22062196031747,0.016038301388533394,92.20458365892894,-0.009378039682530925,0.009378039682530925,TaOx_01,TaOx,False
TaOx_01,TaOx,2909.09,3.463757157444634,1,7,DISCRETE_MULTILEVEL,DERIVED,absolute,SINGLE_DIFFERENTIAL_PAIR,DERIVED_DEVICE_STATE_CAP,16,3,7,0,2,7,203264,800,128,102400,92.22,4.010000000000005,92.21673966666665,0.034825256757894545,92.18191440990876,-0.0032603333333440787,0.0032603333333440787,TaOx_01,TaOx,False
TaOx_01,TaOx,2909.09,3.463757157444634,1,7,DISCRETE_MULTILEVEL,DERIVED,absolute,SINGLE_DIFFERENTIAL_PAIR,DERIVED_DEVICE_STATE_CAP,32,3,7,0,2,7,203264,208,128,26624,92.21,4.02000000000001,92.21839528571428,0.03912496969297421,92.1792703160213,0.00839528571428616,0.00839528571428616,TaOx_01,TaOx,False
TaOx_01,TaOx,2909.09,3.463757157444634,1,7,DISCRETE_MULTILEVEL,DERIVED,absolute,SINGLE_DIFFERENTIAL_PAIR,DERIVED_DEVICE_STATE_CAP,256,3,7,0,2,10,203264,10,1024,10240,92.21,4.02000000000001,92.22438017460317,0.021096321166899187,92.20328385343628,0.014380174603175533,0.014380174603175533,TaOx_01,TaOx,False
TaOx_01,TaOx,2909.09,3.463757157444634,1,7,DISCRETE_MULTILEVEL,DERIVED,absolute,SINGLE_DIFFERENTIAL_PAIR,DERIVED_DEVICE_STATE_CAP,16,3,7,0,2,8,203264,800,256,204800,92.21,4.02000000000001,92.20768734126986,0.02814991466282347,92.17953742660704,-0.002312658730133421,0.002312658730133421,TaOx_01,TaOx,False
TaOx_01,TaOx,2909.09,3.463757157444634,1,7,DISCRETE_MULTILEVEL,DERIVED,absolute,SINGLE_DIFFERENTIAL_PAIR,DERIVED_DEVICE_STATE_CAP,16,3,7,0,2,9,203264,800,512,409600,92.21,4.02000000000001,92.24126993290044,0.016630750196545183,92.2246391827039,0.03126993290044311,0.03126993290044311,TaOx_01,TaOx,False
TaOx_01,TaOx,2909.09,3.463757157444634,1,7,DISCRETE_MULTILEVEL,DERIVED,absolute,SINGLE_DIFFERENTIAL_PAIR,DERIVED_DEVICE_STATE_CAP,256,3,7,0,2,9,203264,10,512,5120,92.19,4.040000000000006,92.23599392496394,0.02554598328726992,92.21044794167666,0.045993924963937616,0.045993924963937616,TaOx_01,TaOx,False
TaOx_01,TaOx,2909.09,3.463757157444634,1,7,DISCRETE_MULTILEVEL,DERIVED,absolute,SINGLE_DIFFERENTIAL_PAIR,DERIVED_DEVICE_STATE_CAP,64,3,7,0,2,7,203264,56,128,7168,92.18,4.049999999999997,92.10452654761906,0.07775353732180959,92.02677301029725,-0.07547345238094749,0.07547345238094749,TaOx_01,TaOx,False
TaOx_01,TaOx,2909.09,3.463757157444634,1,7,DISCRETE_MULTILEVEL,DERIVED,absolute,SINGLE_DIFFERENTIAL_PAIR,DERIVED_DEVICE_STATE_CAP,256,3,7,0,2,7,203264,10,128,1280,92.18,4.049999999999997,92.08601038095239,0.062251887515682086,92.0237584934367,-0.09398961904761904,0.09398961904761904,TaOx_01,TaOx,False
TaOx_01,TaOx,2909.09,3.463757157444634,1,7,DISCRETE_MULTILEVEL,DERIVED,absolute,SINGLE_DIFFERENTIAL_PAIR,DERIVED_DEVICE_STATE_CAP,128,3,7,0,2,9,203264,16,512,8192,92.18,4.049999999999997,92.24182738528138,0.022056503953341938,92.21977088132805,0.06182738528137577,0.06182738528137577,TaOx_01,TaOx,False
TaOx_01,TaOx,2909.09,3.463757157444634,1,7,DISCRETE_MULTILEVEL,DERIVED,absolute,SINGLE_DIFFERENTIAL_PAIR,DERIVED_DEVICE_STATE_CAP,32,3,7,0,2,8,203264,208,256,53248,92.14,4.090000000000003,92.20510118253968,0.02867311881878132,92.17642806372089,0.0651011825396779,0.0651011825396779,TaOx_01,TaOx,False
TaOx_01,TaOx,2909.09,3.463757157444634,1,7,DISCRETE_MULTILEVEL,DERIVED,absolute,SINGLE_DIFFERENTIAL_PAIR,DERIVED_DEVICE_STATE_CAP,64,3,7,0,2,8,203264,56,256,14336,92.12,4.109999999999999,92.21294704112555,0.03698277119531773,92.17596426993023,0.09294704112554086,0.09294704112554086,TaOx_01,TaOx,False
TaOx_01,TaOx,2909.09,3.463757157444634,1,7,DISCRETE_MULTILEVEL,DERIVED,absolute,SINGLE_DIFFERENTIAL_PAIR,DERIVED_DEVICE_STATE_CAP,16,3,7,0,2,6,203264,800,64,51200,92.11,4.1200000000000045,92.09024087373737,0.0576175225369483,92.03262335120043,-0.019759126262627547,0.019759126262627547,TaOx_01,TaOx,False
TaOx_01,TaOx,2909.09,3.463757157444634,1,7,DISCRETE_MULTILEVEL,DERIVED,absolute,SINGLE_DIFFERENTIAL_PAIR,DERIVED_DEVICE_STATE_CAP,32,3,7,0,2,6,203264,208,64,13312,92.1,4.13000000000001,92.07530808802308,0.0811278507526478,91.99418023727043,-0.024691911976916003,0.024691911976916003,TaOx_01,TaOx,False
TaOx_01,TaOx,2909.09,3.463757157444634,1,7,DISCRETE_MULTILEVEL,DERIVED,absolute,SINGLE_DIFFERENTIAL_PAIR,DERIVED_DEVICE_STATE_CAP,128,3,7,0,2,7,203264,16,128,2048,92.09,4.140000000000001,92.08847659523809,0.07100141140496308,92.01747518383313,-0.0015234047619117064,0.0015234047619117064,TaOx_01,TaOx,False
TaOx_01,TaOx,2909.09,3.463757157444634,1,7,DISCRETE_MULTILEVEL,DERIVED,absolute,SINGLE_DIFFERENTIAL_PAIR,DERIVED_DEVICE_STATE_CAP,64,8,13,0,2,4,203264,56,16,896,91.94,4.290000000000006,91.41964157142857,2.4647019125622274,88.95493965886634,-0.5203584285714271,0.5203584285714271,TaOx_01,TaOx,False
TaOx_01,TaOx,2909.09,3.463757157444634,1,7,DISCRETE_MULTILEVEL,DERIVED,absolute,SINGLE_DIFFERENTIAL_PAIR,DERIVED_DEVICE_STATE_CAP,64,6,13,0,2,4,203264,56,16,896,91.94,4.290000000000006,91.43915680952382,2.4514071427480335,88.98774966677578,-0.500843190476175,0.500843190476175,TaOx_01,TaOx,False
TaOx_01,TaOx,2909.09,3.463757157444634,1,7,DISCRETE_MULTILEVEL,DERIVED,absolute,SINGLE_DIFFERENTIAL_PAIR,DERIVED_DEVICE_STATE_CAP,64,5,13,0,2,4,203264,56,16,896,91.94,4.290000000000006,91.41056080952382,2.485576626331707,88.92498418319211,-0.5294391904761824,0.5294391904761824,TaOx_01,TaOx,False
TaOx_01,TaOx,2909.09,3.463757157444634,1,7,DISCRETE_MULTILEVEL,DERIVED,absolute,SINGLE_DIFFERENTIAL_PAIR,DERIVED_DEVICE_STATE_CAP,64,4,13,0,2,4,203264,56,16,896,91.94,4.290000000000006,91.39778611904762,2.523787964152242,88.87399815489538,-0.5422138809523744,0.5422138809523744,TaOx_01,TaOx,False
TaOx_01,TaOx,2909.09,3.463757157444634,1,7,DISCRETE_MULTILEVEL,DERIVED,absolute,SINGLE_DIFFERENTIAL_PAIR,DERIVED_DEVICE_STATE_CAP,64,7,13,0,2,4,203264,56,16,896,91.94,4.290000000000006,91.41225757142858,2.467923652497077,88.9443339189315,-0.5277424285714147,0.5277424285714147,TaOx_01,TaOx,False
TaOx_01,TaOx,2909.09,3.463757157444634,1,7,DISCRETE_MULTILEVEL,DERIVED,absolute,SINGLE_DIFFERENTIAL_PAIR,DERIVED_DEVICE_STATE_CAP,256,3,7,0,2,6,203264,10,64,640,91.93,4.299999999999997,91.75678337301588,0.25654032847798314,91.5002430445379,-0.17321662698412865,0.17321662698412865,TaOx_01,TaOx,False
TaOx_01,TaOx,2909.09,3.463757157444634,1,7,DISCRETE_MULTILEVEL,DERIVED,absolute,SINGLE_DIFFERENTIAL_PAIR,DERIVED_DEVICE_STATE_CAP,128,3,7,0,2,6,203264,16,64,1024,91.85,4.38000000000001,91.84482208730158,0.20532634231911287,91.63949574498247,-0.005177912698414389,0.005177912698414389,TaOx_01,TaOx,False
TaOx_01,TaOx,2909.09,3.463757157444634,1,7,DISCRETE_MULTILEVEL,DERIVED,absolute,SINGLE_DIFFERENTIAL_PAIR,DERIVED_DEVICE_STATE_CAP,64,3,7,0,2,6,203264,56,64,3584,91.77,4.460000000000008,92.03921454834054,0.14188486803697017,91.89732968030357,0.2692145483405426,0.2692145483405426,TaOx_01,TaOx,False
TaOx_01,TaOx,2909.09,3.463757157444634,1,7,DISCRETE_MULTILEVEL,DERIVED,absolute,SINGLE_DIFFERENTIAL_PAIR,DERIVED_DEVICE_STATE_CAP,16,3,7,0,2,5,203264,800,32,25600,91.7,4.530000000000001,91.73256428571429,0.3343808516810468,91.39818343403324,0.03256428571428671,0.03256428571428671,TaOx_01,TaOx,False
TaOx_01,TaOx,2909.09,3.463757157444634,1,7,DISCRETE_MULTILEVEL,DERIVED,absolute,SINGLE_DIFFERENTIAL_PAIR,DERIVED_DEVICE_STATE_CAP,32,3,7,0,2,5,203264,208,32,6656,91.62,4.609999999999999,91.67117442857142,0.35456788750651363,91.3166065410649,0.05117442857141441,0.05117442857141441,TaOx_01,TaOx,False
TaOx_01,TaOx,2909.09,3.463757157444634,1,7,DISCRETE_MULTILEVEL,DERIVED,absolute,SINGLE_DIFFERENTIAL_PAIR,DERIVED_DEVICE_STATE_CAP,64,3,7,0,2,5,203264,56,32,1792,90.86,5.3700000000000045,91.45642607936507,0.49550703274027796,90.9609190466248,0.5964260793650737,0.5964260793650737,TaOx_01,TaOx,False
TaOx_01,TaOx,2909.09,3.463757157444634,1,7,DISCRETE_MULTILEVEL,DERIVED,absolute,SINGLE_DIFFERENTIAL_PAIR,DERIVED_DEVICE_STATE_CAP,128,3,7,0,2,5,203264,16,32,512,90.67,5.560000000000002,90.75859098412698,0.8925669212718327,89.86602406285515,0.08859098412698074,0.08859098412698074,TaOx_01,TaOx,False
TaOx_01,TaOx,2909.09,3.463757157444634,1,7,DISCRETE_MULTILEVEL,DERIVED,absolute,SINGLE_DIFFERENTIAL_PAIR,DERIVED_DEVICE_STATE_CAP,16,3,7,0,2,4,203264,800,16,12800,90.45,5.780000000000001,90.95776329220779,1.253431578044724,89.70433171416306,0.5077632922077839,0.5077632922077839,TaOx_01,TaOx,False
TaOx_01,TaOx,2909.09,3.463757157444634,1,7,DISCRETE_MULTILEVEL,DERIVED,absolute,SINGLE_DIFFERENTIAL_PAIR,DERIVED_DEVICE_STATE_CAP,256,3,7,0,2,5,203264,10,32,320,90.09,6.140000000000001,90.3150350952381,1.0265488620112835,89.28848623322682,0.2250350952380984,0.2250350952380984,TaOx_01,TaOx,False
TaOx_01,TaOx,2909.09,3.463757157444634,1,7,DISCRETE_MULTILEVEL,DERIVED,absolute,SINGLE_DIFFERENTIAL_PAIR,DERIVED_DEVICE_STATE_CAP,32,3,7,0,2,4,203264,208,16,3328,89.1,7.13000000000001,90.64423830014431,1.3448266924971826,89.29941160764713,1.5442383001443147,1.5442383001443147,TaOx_01,TaOx,False
TaOx_01,TaOx,2909.09,3.463757157444634,1,7,DISCRETE_MULTILEVEL,DERIVED,absolute,SINGLE_DIFFERENTIAL_PAIR,DERIVED_DEVICE_STATE_CAP,64,3,7,0,2,4,203264,56,16,896,85.97,10.260000000000003,89.5994625952381,2.4950534467290932,87.104409148509,3.6294625952380954,3.6294625952380954,TaOx_01,TaOx,False
TaOx_01,TaOx,2909.09,3.463757157444634,1,7,DISCRETE_MULTILEVEL,DERIVED,absolute,SINGLE_DIFFERENTIAL_PAIR,DERIVED_DEVICE_STATE_CAP,128,3,7,0,2,4,203264,16,16,256,78.27,17.960000000000008,85.48218305555555,7.959768629083783,77.52241442647177,7.212183055555556,7.212183055555556,TaOx_01,TaOx,False
TaOx_01,TaOx,2909.09,3.463757157444634,1,7,DISCRETE_MULTILEVEL,DERIVED,absolute,SINGLE_DIFFERENTIAL_PAIR,DERIVED_DEVICE_STATE_CAP,128,4,13,0,2,4,203264,16,16,256,74.42,21.81,86.1035010952381,8.199710062073862,77.90379103316424,11.6835010952381,11.6835010952381,TaOx_01,TaOx,False
TaOx_01,TaOx,2909.09,3.463757157444634,1,7,DISCRETE_MULTILEVEL,DERIVED,absolute,SINGLE_DIFFERENTIAL_PAIR,DERIVED_DEVICE_STATE_CAP,128,6,13,0,2,4,203264,16,16,256,74.42,21.81,86.04062095238095,8.612527861581235,77.4280930907997,11.620620952380946,11.620620952380946,TaOx_01,TaOx,False
TaOx_01,TaOx,2909.09,3.463757157444634,1,7,DISCRETE_MULTILEVEL,DERIVED,absolute,SINGLE_DIFFERENTIAL_PAIR,DERIVED_DEVICE_STATE_CAP,128,8,13,0,2,4,203264,16,16,256,74.42,21.81,86.02276776190476,8.645649306695601,77.37711845520916,11.602767761904758,11.602767761904758,TaOx_01,TaOx,False
TaOx_01,TaOx,2909.09,3.463757157444634,1,7,DISCRETE_MULTILEVEL,DERIVED,absolute,SINGLE_DIFFERENTIAL_PAIR,DERIVED_DEVICE_STATE_CAP,128,5,13,0,2,4,203264,16,16,256,74.42,21.81,85.99702054761904,8.570680576747396,77.42633997087165,11.577020547619043,11.577020547619043,TaOx_01,TaOx,False
TaOx_01,TaOx,2909.09,3.463757157444634,1,7,DISCRETE_MULTILEVEL,DERIVED,absolute,SINGLE_DIFFERENTIAL_PAIR,DERIVED_DEVICE_STATE_CAP,128,7,13,0,2,4,203264,16,16,256,74.42,21.81,86.02323442857143,8.644273685710733,77.3789607428607,11.603234428571426,11.603234428571426,TaOx_01,TaOx,False
TaOx_01,TaOx,2909.09,3.463757157444634,1,7,DISCRETE_MULTILEVEL,DERIVED,absolute,SINGLE_DIFFERENTIAL_PAIR,DERIVED_DEVICE_STATE_CAP,256,3,7,0,2,4,203264,10,16,160,74.41,21.820000000000007,85.33776231746032,8.216044790290548,77.12171752716976,10.92776231746032,10.92776231746032,TaOx_01,TaOx,False
TaOx_01,TaOx,2909.09,3.463757157444634,1,7,DISCRETE_MULTILEVEL,DERIVED,absolute,SINGLE_DIFFERENTIAL_PAIR,DERIVED_DEVICE_STATE_CAP,256,8,13,0,2,4,203264,10,16,160,73.32,22.91000000000001,85.97188364285714,8.777576586679217,77.19430705617792,12.651883642857143,12.651883642857143,TaOx_01,TaOx,False
TaOx_01,TaOx,2909.09,3.463757157444634,1,7,DISCRETE_MULTILEVEL,DERIVED,absolute,SINGLE_DIFFERENTIAL_PAIR,DERIVED_DEVICE_STATE_CAP,256,4,13,0,2,4,203264,10,16,160,73.32,22.91000000000001,85.98994740476192,8.413501881389012,77.57644552337291,12.669947404761928,12.669947404761928,TaOx_01,TaOx,False
TaOx_01,TaOx,2909.09,3.463757157444634,1,7,DISCRETE_MULTILEVEL,DERIVED,absolute,SINGLE_DIFFERENTIAL_PAIR,DERIVED_DEVICE_STATE_CAP,256,7,13,0,2,4,203264,10,16,160,73.32,22.91000000000001,85.97235030952382,8.77622435567497,77.19612595384885,12.652350309523825,12.652350309523825,TaOx_01,TaOx,False
TaOx_01,TaOx,2909.09,3.463757157444634,1,7,DISCRETE_MULTILEVEL,DERIVED,absolute,SINGLE_DIFFERENTIAL_PAIR,DERIVED_DEVICE_STATE_CAP,256,5,13,0,2,4,203264,10,16,160,73.32,22.91000000000001,85.88256869047619,8.782253432264847,77.10031525821134,12.562568690476198,12.562568690476198,TaOx_01,TaOx,False
TaOx_01,TaOx,2909.09,3.463757157444634,1,7,DISCRETE_MULTILEVEL,DERIVED,absolute,SINGLE_DIFFERENTIAL_PAIR,DERIVED_DEVICE_STATE_CAP,256,6,13,0,2,4,203264,10,16,160,73.32,22.91000000000001,85.9656765,8.772087733686337,77.19358876631367,12.645676500000008,12.645676500000008,TaOx_01,TaOx,False
TaOx_01,TaOx,2909.09,3.463757157444634,1,7,DISCRETE_MULTILEVEL,DERIVED,absolute,SINGLE_DIFFERENTIAL_PAIR,DERIVED_DEVICE_STATE_CAP,16,2,3,0,2,4,203264,800,16,12800,11.98,84.25,11.877083087301587,0.19699305689260957,11.680090030408978,-0.1029169126984133,0.1029169126984133,TaOx_01,TaOx,False
TaOx_01,TaOx,2909.09,3.463757157444634,1,7,DISCRETE_MULTILEVEL,DERIVED,absolute,SINGLE_DIFFERENTIAL_PAIR,DERIVED_DEVICE_STATE_CAP,32,2,3,0,2,4,203264,208,16,3328,11.95,84.28,11.842361992063491,0.1948471656900287,11.647514826373463,-0.10763800793650802,0.10763800793650802,TaOx_01,TaOx,False
TaOx_01,TaOx,2909.09,3.463757157444634,1,7,DISCRETE_MULTILEVEL,DERIVED,absolute,SINGLE_DIFFERENTIAL_PAIR,DERIVED_DEVICE_STATE_CAP,64,2,3,0,2,4,203264,56,16,896,11.85,84.38000000000001,11.870747333333332,0.34514575250668716,11.525601580826645,0.020747333333332563,0.020747333333332563,TaOx_01,TaOx,False
TaOx_01,TaOx,2909.09,3.463757157444634,1,7,DISCRETE_MULTILEVEL,DERIVED,absolute,SINGLE_DIFFERENTIAL_PAIR,DERIVED_DEVICE_STATE_CAP,256,2,3,0,2,5,203264,10,32,320,11.85,84.38000000000001,11.702194143578643,0.4711246733492318,11.23106947022941,-0.1478058564213569,0.1478058564213569,TaOx_01,TaOx,False
TaOx_01,TaOx,2909.09,3.463757157444634,1,7,DISCRETE_MULTILEVEL,DERIVED,absolute,SINGLE_DIFFERENTIAL_PAIR,DERIVED_DEVICE_STATE_CAP,128,2,3,0,2,5,203264,16,32,512,11.75,84.48,11.812421262626263,0.2878043854311342,11.524616877195129,0.062421262626262575,0.062421262626262575,TaOx_01,TaOx,False
TaOx_01,TaOx,2909.09,3.463757157444634,1,7,DISCRETE_MULTILEVEL,DERIVED,absolute,SINGLE_DIFFERENTIAL_PAIR,DERIVED_DEVICE_STATE_CAP,128,2,3,0,2,7,203264,16,128,2048,11.61,84.62,11.471372373015873,0.10512298645783177,11.36624938655804,-0.13862762698412645,0.13862762698412645,TaOx_01,TaOx,False
TaOx_01,TaOx,2909.09,3.463757157444634,1,7,DISCRETE_MULTILEVEL,DERIVED,absolute,SINGLE_DIFFERENTIAL_PAIR,DERIVED_DEVICE_STATE_CAP,256,2,3,0,2,7,203264,10,128,1280,11.59,84.64,11.469316253968252,0.11803049680036057,11.351285757167892,-0.12068374603174803,0.12068374603174803,TaOx_01,TaOx,False
TaOx_01,TaOx,2909.09,3.463757157444634,1,7,DISCRETE_MULTILEVEL,DERIVED,absolute,SINGLE_DIFFERENTIAL_PAIR,DERIVED_DEVICE_STATE_CAP,32,2,3,0,2,5,203264,208,32,6656,11.58,84.65,11.674264753968254,0.14798057699737394,11.52628417697088,0.09426475396825396,0.09426475396825396,TaOx_01,TaOx,False
TaOx_01,TaOx,2909.09,3.463757157444634,1,7,DISCRETE_MULTILEVEL,DERIVED,absolute,SINGLE_DIFFERENTIAL_PAIR,DERIVED_DEVICE_STATE_CAP,16,2,3,0,2,10,203264,800,1024,819200,11.53,84.7,11.413147912698411,0.0873026959840516,11.32584521671436,-0.11685208730158791,0.11685208730158791,TaOx_01,TaOx,False
TaOx_01,TaOx,2909.09,3.463757157444634,1,7,DISCRETE_MULTILEVEL,DERIVED,absolute,SINGLE_DIFFERENTIAL_PAIR,DERIVED_DEVICE_STATE_CAP,256,2,3,0,2,8,203264,10,256,2560,11.5,84.73,11.455946825396826,0.09331719898010148,11.362629626416725,-0.04405317460317448,0.04405317460317448,TaOx_01,TaOx,False
TaOx_01,TaOx,2909.09,3.463757157444634,1,7,DISCRETE_MULTILEVEL,DERIVED,absolute,SINGLE_DIFFERENTIAL_PAIR,DERIVED_DEVICE_STATE_CAP,16,2,3,0,2,9,203264,800,512,409600,11.5,84.73,11.351465492063493,0.12644668846241464,11.22501880360108,-0.1485345079365068,0.1485345079365068,TaOx_01,TaOx,False
TaOx_01,TaOx,2909.09,3.463757157444634,1,7,DISCRETE_MULTILEVEL,DERIVED,absolute,SINGLE_DIFFERENTIAL_PAIR,DERIVED_DEVICE_STATE_CAP,64,2,3,0,2,10,203264,56,1024,57344,11.48,84.75,11.292714347041848,0.06367930354984748,11.229035043492,-0.18728565295815258,0.18728565295815258,TaOx_01,TaOx,False
TaOx_01,TaOx,2909.09,3.463757157444634,1,7,DISCRETE_MULTILEVEL,DERIVED,absolute,SINGLE_DIFFERENTIAL_PAIR,DERIVED_DEVICE_STATE_CAP,32,2,3,0,2,10,203264,208,1024,212992,11.46,84.77000000000001,11.32447217893218,0.0802799967582096,11.24419218217397,-0.13552782106782146,0.13552782106782146,TaOx_01,TaOx,False
TaOx_01,TaOx,2909.09,3.463757157444634,1,7,DISCRETE_MULTILEVEL,DERIVED,absolute,SINGLE_DIFFERENTIAL_PAIR,DERIVED_DEVICE_STATE_CAP,64,2,3,0,2,6,203264,56,64,3584,11.46,84.77000000000001,11.271272849206351,0.2254845073440135,11.045788341862337,-0.18872715079364966,0.18872715079364966,TaOx_01,TaOx,False
TaOx_01,TaOx,2909.09,3.463757157444634,1,7,DISCRETE_MULTILEVEL,DERIVED,absolute,SINGLE_DIFFERENTIAL_PAIR,DERIVED_DEVICE_STATE_CAP,256,2,3,0,2,6,203264,10,64,640,11.46,84.77000000000001,11.367018984126986,0.29368932109905116,11.073329663027934,-0.09298101587301488,0.09298101587301488,TaOx_01,TaOx,False
TaOx_01,TaOx,2909.09,3.463757157444634,1,7,DISCRETE_MULTILEVEL,DERIVED,absolute,SINGLE_DIFFERENTIAL_PAIR,DERIVED_DEVICE_STATE_CAP,128,2,3,0,2,8,203264,16,256,4096,11.45,84.78,11.451047650793651,0.08399821466172634,11.367049436131925,0.0010476507936516555,0.0010476507936516555,TaOx_01,TaOx,False
TaOx_01,TaOx,2909.09,3.463757157444634,1,7,DISCRETE_MULTILEVEL,DERIVED,absolute,SINGLE_DIFFERENTIAL_PAIR,DERIVED_DEVICE_STATE_CAP,16,2,3,0,2,5,203264,800,32,25600,11.45,84.78,11.637650992063493,0.1569591387864176,11.480691853277076,0.18765099206349412,0.18765099206349412,TaOx_01,TaOx,False
TaOx_01,TaOx,2909.09,3.463757157444634,1,7,DISCRETE_MULTILEVEL,DERIVED,absolute,SINGLE_DIFFERENTIAL_PAIR,DERIVED_DEVICE_STATE_CAP,32,2,3,0,2,9,203264,208,512,106496,11.44,84.79,11.291422186868687,0.11538389699438852,11.176038289874299,-0.1485778131313129,0.1485778131313129,TaOx_01,TaOx,False
TaOx_01,TaOx,2909.09,3.463757157444634,1,7,DISCRETE_MULTILEVEL,DERIVED,absolute,SINGLE_DIFFERENTIAL_PAIR,DERIVED_DEVICE_STATE_CAP,256,2,3,0,2,10,203264,10,1024,10240,11.42,84.81,11.286222235930737,0.07582242686751862,11.210399809063219,-0.13377776406926323,0.13377776406926323,TaOx_01,TaOx,False
TaOx_01,TaOx,2909.09,3.463757157444634,1,7,DISCRETE_MULTILEVEL,DERIVED,absolute,SINGLE_DIFFERENTIAL_PAIR,DERIVED_DEVICE_STATE_CAP,128,2,3,0,2,9,203264,16,512,8192,11.42,84.81,11.304391238095238,0.10802862309081995,11.196362615004418,-0.11560876190476144,0.11560876190476144,TaOx_01,TaOx,False
TaOx_01,TaOx,2909.09,3.463757157444634,1,7,DISCRETE_MULTILEVEL,DERIVED,absolute,SINGLE_DIFFERENTIAL_PAIR,DERIVED_DEVICE_STATE_CAP,128,2,3,0,2,6,203264,16,64,1024,11.41,84.82000000000001,11.37241053174603,0.2711476660795109,11.10126286566652,-0.03758946825396947,0.03758946825396947,TaOx_01,TaOx,False
TaOx_01,TaOx,2909.09,3.463757157444634,1,7,DISCRETE_MULTILEVEL,DERIVED,absolute,SINGLE_DIFFERENTIAL_PAIR,DERIVED_DEVICE_STATE_CAP,256,2,3,0,2,9,203264,10,512,5120,11.41,84.82000000000001,11.31274846031746,0.1068026459787557,11.205945814338705,-0.09725153968254041,0.09725153968254041,TaOx_01,TaOx,False
TaOx_01,TaOx,2909.09,3.463757157444634,1,7,DISCRETE_MULTILEVEL,DERIVED,absolute,SINGLE_DIFFERENTIAL_PAIR,DERIVED_DEVICE_STATE_CAP,32,2,3,0,2,7,203264,208,128,26624,11.4,84.83,11.304491012265514,0.08778957050679503,11.216701441758719,-0.0955089877344868,0.0955089877344868,TaOx_01,TaOx,False
TaOx_01,TaOx,2909.09,3.463757157444634,1,7,DISCRETE_MULTILEVEL,DERIVED,absolute,SINGLE_DIFFERENTIAL_PAIR,DERIVED_DEVICE_STATE_CAP,64,2,3,0,2,9,203264,56,512,28672,11.38,84.85000000000001,11.273637015873016,0.09352081070425763,11.180116205168758,-0.10636298412698508,0.10636298412698508,TaOx_01,TaOx,False
TaOx_01,TaOx,2909.09,3.463757157444634,1,7,DISCRETE_MULTILEVEL,DERIVED,absolute,SINGLE_DIFFERENTIAL_PAIR,DERIVED_DEVICE_STATE_CAP,128,2,3,0,2,10,203264,16,1024,16384,11.36,84.87,11.27693395815296,0.06788572908372283,11.209048229069236,-0.08306604184704014,0.08306604184704014,TaOx_01,TaOx,False
TaOx_01,TaOx,2909.09,3.463757157444634,1,7,DISCRETE_MULTILEVEL,DERIVED,absolute,SINGLE_DIFFERENTIAL_PAIR,DERIVED_DEVICE_STATE_CAP,64,2,3,0,2,8,203264,56,256,14336,11.35,84.88000000000001,11.33148900793651,0.08794138287094233,11.243547625065567,-0.01851099206349005,0.01851099206349005,TaOx_01,TaOx,False
TaOx_01,TaOx,2909.09,3.463757157444634,1,7,DISCRETE_MULTILEVEL,DERIVED,absolute,SINGLE_DIFFERENTIAL_PAIR,DERIVED_DEVICE_STATE_CAP,32,2,3,0,2,8,203264,208,256,53248,11.35,84.88000000000001,11.363262924963925,0.07211729595970068,11.291145629004225,0.013262924963925116,0.013262924963925116,TaOx_01,TaOx,False
TaOx_01,TaOx,2909.09,3.463757157444634,1,7,DISCRETE_MULTILEVEL,DERIVED,absolute,SINGLE_DIFFERENTIAL_PAIR,DERIVED_DEVICE_STATE_CAP,16,2,3,0,2,6,203264,800,64,51200,11.35,84.88000000000001,11.361473753968253,0.12117521489039189,11.24029853907786,0.011473753968253675,0.011473753968253675,TaOx_01,TaOx,False
TaOx_01,TaOx,2909.09,3.463757157444634,1,7,DISCRETE_MULTILEVEL,DERIVED,absolute,SINGLE_DIFFERENTIAL_PAIR,DERIVED_DEVICE_STATE_CAP,16,2,3,0,2,7,203264,800,128,102400,11.31,84.92,11.329016142857142,0.09367303157952273,11.23534311127762,0.019016142857141816,0.019016142857141816,TaOx_01,TaOx,False
TaOx_01,TaOx,2909.09,3.463757157444634,1,7,DISCRETE_MULTILEVEL,DERIVED,absolute,SINGLE_DIFFERENTIAL_PAIR,DERIVED_DEVICE_STATE_CAP,16,2,3,0,2,8,203264,800,256,204800,11.28,84.95,11.410285246031746,0.07639412693095891,11.333891119100787,0.13028524603174674,0.13028524603174674,TaOx_01,TaOx,False
TaOx_01,TaOx,2909.09,3.463757157444634,1,7,DISCRETE_MULTILEVEL,DERIVED,absolute,SINGLE_DIFFERENTIAL_PAIR,DERIVED_DEVICE_STATE_CAP,32,2,3,0,2,6,203264,208,64,13312,11.27,84.96000000000001,11.330846373015873,0.14721436113165184,11.183632011884221,0.06084637301587392,0.06084637301587392,TaOx_01,TaOx,False
TaOx_01,TaOx,2909.09,3.463757157444634,1,7,DISCRETE_MULTILEVEL,DERIVED,absolute,SINGLE_DIFFERENTIAL_PAIR,DERIVED_DEVICE_STATE_CAP,64,2,3,0,2,5,203264,56,32,1792,11.25,84.98,11.715457174603173,0.2718001733463097,11.443657001256863,0.4654571746031735,0.4654571746031735,TaOx_01,TaOx,False
TaOx_01,TaOx,2909.09,3.463757157444634,1,7,DISCRETE_MULTILEVEL,DERIVED,absolute,SINGLE_DIFFERENTIAL_PAIR,DERIVED_DEVICE_STATE_CAP,64,2,3,0,2,7,203264,56,128,7168,11.18,85.05000000000001,11.264521650793649,0.1086706614348256,11.155850989358823,0.08452165079364882,0.08452165079364882,TaOx_01,TaOx,False
TaOx_01,TaOx,2909.09,3.463757157444634,1,7,DISCRETE_MULTILEVEL,DERIVED,absolute,SINGLE_DIFFERENTIAL_PAIR,DERIVED_DEVICE_STATE_CAP,128,2,3,0,2,4,203264,16,16,256,10.85,85.38000000000001,11.419655944444443,0.50639083526103,10.913265109183413,0.5696559444444436,0.5696559444444436,TaOx_01,TaOx,False
TaOx_01,TaOx,2909.09,3.463757157444634,1,7,DISCRETE_MULTILEVEL,DERIVED,absolute,SINGLE_DIFFERENTIAL_PAIR,DERIVED_DEVICE_STATE_CAP,256,2,3,0,2,4,203264,10,16,160,10.16,86.07000000000001,10.787694198412696,0.5752992129423881,10.212394985470308,0.627694198412696,0.627694198412696,TaOx_01,TaOx,False
TiOx_03,TiOx,80.0,1.9030899869919435,0,0,ANALOG,NOT_REPORTED,normalized_from_ratio,IDEALIZED_SINGLE_PAIR_ANALOG,IDEALIZED_ANALOG_MAPPING,256,6,63,0,2,8,203264,10,256,2560,96.34,-0.1099999999999994,96.20652926190476,0.03471181226810763,96.17181744963665,-0.1334707380952409,0.1334707380952409,TiOx_03,TiOx,True
TiOx_03,TiOx,80.0,1.9030899869919435,0,0,ANALOG,NOT_REPORTED,normalized_from_ratio,IDEALIZED_SINGLE_PAIR_ANALOG,IDEALIZED_ANALOG_MAPPING,128,6,63,0,2,8,203264,16,256,4096,96.33,-0.0999999999999943,96.21552796825397,0.03022881874753884,96.18529914950642,-0.1144720317460326,0.1144720317460326,TiOx_03,TiOx,True
TiOx_03,TiOx,80.0,1.9030899869919435,0,0,ANALOG,NOT_REPORTED,normalized_from_ratio,IDEALIZED_SINGLE_PAIR_ANALOG,IDEALIZED_ANALOG_MAPPING,32,6,63,0,2,10,203264,208,1024,212992,96.31,-0.0799999999999983,96.27707730303031,0.018052268453539775,96.25902503457677,-0.032922696969691856,0.032922696969691856,TiOx_03,TiOx,True
TiOx_03,TiOx,80.0,1.9030899869919435,0,0,ANALOG,NOT_REPORTED,normalized_from_ratio,IDEALIZED_SINGLE_PAIR_ANALOG,IDEALIZED_ANALOG_MAPPING,16,6,63,0,2,10,203264,800,1024,819200,96.29,-0.0600000000000022,96.28211518337218,0.014938718804517886,96.26717646456767,-0.007884816627822033,0.007884816627822033,TiOx_03,TiOx,True
TiOx_03,TiOx,80.0,1.9030899869919435,0,0,ANALOG,NOT_REPORTED,normalized_from_ratio,IDEALIZED_SINGLE_PAIR_ANALOG,IDEALIZED_ANALOG_MAPPING,128,6,63,0,2,10,203264,16,1024,16384,96.29,-0.0600000000000022,96.24790815079366,0.03156838757683492,96.21633976321682,-0.04209184920634357,0.04209184920634357,TiOx_03,TiOx,True
TiOx_03,TiOx,80.0,1.9030899869919435,0,0,ANALOG,NOT_REPORTED,normalized_from_ratio,IDEALIZED_SINGLE_PAIR_ANALOG,IDEALIZED_ANALOG_MAPPING,64,6,63,0,2,10,203264,56,1024,57344,96.29,-0.0600000000000022,96.28160086652238,0.01376920437630395,96.26783166214608,-0.008399133477624332,0.008399133477624332,TiOx_03,TiOx,True
TiOx_03,TiOx,80.0,1.9030899869919435,0,0,ANALOG,NOT_REPORTED,normalized_from_ratio,IDEALIZED_SINGLE_PAIR_ANALOG,IDEALIZED_ANALOG_MAPPING,32,6,63,0,2,9,203264,208,512,106496,96.28,-0.0499999999999971,96.25192876984127,0.019135262644779882,96.23279350719649,-0.02807123015873003,0.02807123015873003,TiOx_03,TiOx,True
TiOx_03,TiOx,80.0,1.9030899869919435,0,0,ANALOG,NOT_REPORTED,normalized_from_ratio,IDEALIZED_SINGLE_PAIR_ANALOG,IDEALIZED_ANALOG_MAPPING,32,8,255,0,2,6,203264,208,64,13312,96.28,-0.0499999999999971,96.17157681746032,0.0676091912354289,96.10396762622489,-0.1084231825396813,0.1084231825396813,TiOx_03,TiOx,True
TiOx_03,TiOx,80.0,1.9030899869919435,0,0,ANALOG,NOT_REPORTED,normalized_from_ratio,IDEALIZED_SINGLE_PAIR_ANALOG,IDEALIZED_ANALOG_MAPPING,64,8,255,0,2,10,203264,56,1024,57344,96.27,-0.039999999999992,96.23082461904762,0.01718694043673524,96.2136376786109,-0.03917538095237205,0.03917538095237205,TiOx_03,TiOx,True
TiOx_03,TiOx,80.0,1.9030899869919435,0,0,ANALOG,NOT_REPORTED,normalized_from_ratio,IDEALIZED_SINGLE_PAIR_ANALOG,IDEALIZED_ANALOG_MAPPING,32,6,63,0,2,8,203264,208,256,53248,96.27,-0.039999999999992,96.2478045079365,0.025266571151226675,96.22253793678527,-0.022195492063502797,0.022195492063502797,TiOx_03,TiOx,True
TiOx_03,TiOx,80.0,1.9030899869919435,0,0,ANALOG,NOT_REPORTED,normalized_from_ratio,IDEALIZED_SINGLE_PAIR_ANALOG,IDEALIZED_ANALOG_MAPPING,32,8,255,0,2,9,203264,208,512,106496,96.27,-0.039999999999992,96.22554627777778,0.0192803809481554,96.20626589682962,-0.04445372222221522,0.04445372222221522,TiOx_03,TiOx,True
TiOx_03,TiOx,80.0,1.9030899869919435,0,0,ANALOG,NOT_REPORTED,normalized_from_ratio,IDEALIZED_SINGLE_PAIR_ANALOG,IDEALIZED_ANALOG_MAPPING,64,6,63,0,2,8,203264,56,256,14336,96.27,-0.039999999999992,96.26370219047618,0.031162782068287195,96.23253940840789,-0.00629780952381509,0.00629780952381509,TiOx_03,TiOx,True
TiOx_03,TiOx,80.0,1.9030899869919435,0,0,ANALOG,NOT_REPORTED,normalized_from_ratio,IDEALIZED_SINGLE_PAIR_ANALOG,IDEALIZED_ANALOG_MAPPING,16,8,255,0,2,7,203264,800,128,102400,96.27,-0.039999999999992,96.23032171428572,0.03727295663763919,96.19304875764809,-0.0396782857142739,0.0396782857142739,TiOx_03,TiOx,True
TiOx_03,TiOx,80.0,1.9030899869919435,0,0,ANALOG,NOT_REPORTED,normalized_from_ratio,IDEALIZED_SINGLE_PAIR_ANALOG,IDEALIZED_ANALOG_MAPPING,128,7,127,0,2,10,203264,16,1024,16384,96.26,-0.0300000000000011,96.2135818968254,0.01730477650288696,96.19627712032252,-0.046418103174602265,0.046418103174602265,TiOx_03,TiOx,True
TiOx_03,TiOx,80.0,1.9030899869919435,0,0,ANALOG,NOT_REPORTED,normalized_from_ratio,IDEALIZED_SINGLE_PAIR_ANALOG,IDEALIZED_ANALOG_MAPPING,64,6,63,0,2,9,203264,56,512,28672,96.26,-0.0300000000000011,96.2645419047619,0.02312145446306569,96.24142045029883,0.004541904761893534,0.004541904761893534,TiOx_03,TiOx,True
TiOx_03,TiOx,80.0,1.9030899869919435,0,0,ANALOG,NOT_REPORTED,normalized_from_ratio,IDEALIZED_SINGLE_PAIR_ANALOG,IDEALIZED_ANALOG_MAPPING,16,6,63,0,2,8,203264,800,256,204800,96.26,-0.0300000000000011,96.25820699145298,0.02157096180577772,96.2366360296472,-0.0017930085470254653,0.0017930085470254653,TiOx_03,TiOx,True
TiOx_03,TiOx,80.0,1.9030899869919435,0,0,ANALOG,NOT_REPORTED,normalized_from_ratio,IDEALIZED_SINGLE_PAIR_ANALOG,IDEALIZED_ANALOG_MAPPING,16,8,255,0,2,8,203264,800,256,204800,96.26,-0.0300000000000011,96.22576441269842,0.018404924760716927,96.20735948793771,-0.034235587301580495,0.034235587301580495,TiOx_03,TiOx,True
TiOx_03,TiOx,80.0,1.9030899869919435,0,0,ANALOG,NOT_REPORTED,normalized_from_ratio,IDEALIZED_SINGLE_PAIR_ANALOG,IDEALIZED_ANALOG_MAPPING,16,8,255,0,2,10,203264,800,1024,819200,96.26,-0.0300000000000011,96.24299396031746,0.014121908973725703,96.22887205134374,-0.017006039682541996,0.017006039682541996,TiOx_03,TiOx,True
TiOx_03,TiOx,80.0,1.9030899869919435,0,0,ANALOG,NOT_REPORTED,normalized_from_ratio,IDEALIZED_SINGLE_PAIR_ANALOG,IDEALIZED_ANALOG_MAPPING,16,6,63,0,2,7,203264,800,128,102400,96.25,-0.019999999999996,96.24859190476191,0.028597030385110776,96.2199948743768,-0.001408095238090823,0.001408095238090823,TiOx_03,TiOx,True
TiOx_03,TiOx,80.0,1.9030899869919435,0,0,ANALOG,NOT_REPORTED,normalized_from_ratio,IDEALIZED_SINGLE_PAIR_ANALOG,IDEALIZED_ANALOG_MAPPING,32,8,255,0,2,7,203264,208,128,26624,96.25,-0.019999999999996,96.19338715007216,0.03518996961244064,96.15819718045971,-0.05661284992784488,0.05661284992784488,TiOx_03,TiOx,True
TiOx_03,TiOx,80.0,1.9030899869919435,0,0,ANALOG,NOT_REPORTED,normalized_from_ratio,IDEALIZED_SINGLE_PAIR_ANALOG,IDEALIZED_ANALOG_MAPPING,32,6,63,0,2,7,203264,208,128,26624,96.25,-0.019999999999996,96.2224526976912,0.03541559475989847,96.1870371029313,-0.027547302308803978,0.027547302308803978,TiOx_03,TiOx,True
TiOx_03,TiOx,80.0,1.9030899869919435,0,0,ANALOG,NOT_REPORTED,normalized_from_ratio,IDEALIZED_SINGLE_PAIR_ANALOG,IDEALIZED_ANALOG_MAPPING,64,7,127,0,2,7,203264,56,128,7168,96.25,-0.019999999999996,96.18787445165947,0.03415464648828801,96.15371980517118,-0.06212554834053208,0.06212554834053208,TiOx_03,TiOx,True
TiOx_03,TiOx,80.0,1.9030899869919435,0,0,ANALOG,NOT_REPORTED,normalized_from_ratio,IDEALIZED_SINGLE_PAIR_ANALOG,IDEALIZED_ANALOG_MAPPING,32,6,63,0,2,6,203264,208,64,13312,96.24,-0.0099999999999909,96.16948702380952,0.05812400752112962,96.1113630162884,-0.07051297619047148,0.07051297619047148,TiOx_03,TiOx,True
TiOx_03,TiOx,80.0,1.9030899869919435,0,0,ANALOG,NOT_REPORTED,normalized_from_ratio,IDEALIZED_SINGLE_PAIR_ANALOG,IDEALIZED_ANALOG_MAPPING,16,6,63,0,2,9,203264,800,512,409600,96.24,-0.0099999999999909,96.26244787240536,0.01626514449997383,96.24618272790539,0.022447872405365388,0.022447872405365388,TiOx_03,TiOx,True
TiOx_03,TiOx,80.0,1.9030899869919435,0,0,ANALOG,NOT_REPORTED,normalized_from_ratio,IDEALIZED_SINGLE_PAIR_ANALOG,IDEALIZED_ANALOG_MAPPING,16,7,127,0,2,8,203264,800,256,204800,96.24,-0.0099999999999909,96.23009507936507,0.015297004845181856,96.21479807451989,-0.009904920634923542,0.009904920634923542,TiOx_03,TiOx,True
TiOx_03,TiOx,80.0,1.9030899869919435,0,0,ANALOG,NOT_REPORTED,normalized_from_ratio,IDEALIZED_SINGLE_PAIR_ANALOG,IDEALIZED_ANALOG_MAPPING,256,7,127,0,2,8,203264,10,256,2560,96.24,-0.0099999999999909,96.22672684776336,0.021211471215045217,96.20551537654832,-0.01327315223663561,0.01327315223663561,TiOx_03,TiOx,True
TiOx_03,TiOx,80.0,1.9030899869919435,0,0,ANALOG,NOT_REPORTED,normalized_from_ratio,IDEALIZED_SINGLE_PAIR_ANALOG,IDEALIZED_ANALOG_MAPPING,64,5,31,0,2,7,203264,56,128,7168,96.24,-0.0099999999999909,96.16657653607504,0.039269492870231675,96.12730704320481,-0.07342346392495358,0.07342346392495358,TiOx_03,TiOx,True
TiOx_03,TiOx,80.0,1.9030899869919435,0,0,ANALOG,NOT_REPORTED,normalized_from_ratio,IDEALIZED_SINGLE_PAIR_ANALOG,IDEALIZED_ANALOG_MAPPING,256,6,63,0,2,10,203264,10,1024,10240,96.24,-0.0099999999999909,96.24221373015874,0.0390497582503672,96.20316397190837,0.0022137301587434877,0.0022137301587434877,TiOx_03,TiOx,True
TiOx_03,TiOx,80.0,1.9030899869919435,0,0,ANALOG,NOT_REPORTED,normalized_from_ratio,IDEALIZED_SINGLE_PAIR_ANALOG,IDEALIZED_ANALOG_MAPPING,64,5,31,0,2,8,203264,56,256,14336,96.24,-0.0099999999999909,96.1665912857143,0.025533611903158764,96.14105767381115,-0.07340871428569073,0.07340871428569073,TiOx_03,TiOx,True
TiOx_03,TiOx,80.0,1.9030899869919435,0,0,ANALOG,NOT_REPORTED,normalized_from_ratio,IDEALIZED_SINGLE_PAIR_ANALOG,IDEALIZED_ANALOG_MAPPING,32,8,255,0,2,10,203264,208,1024,212992,96.24,-0.0099999999999909,96.23593283333334,0.01951191989142688,96.21642091344191,-0.004067166666658295,0.004067166666658295,TiOx_03,TiOx,True
TiOx_03,TiOx,80.0,1.9030899869919435,0,0,ANALOG,NOT_REPORTED,normalized_from_ratio,IDEALIZED_SINGLE_PAIR_ANALOG,IDEALIZED_ANALOG_MAPPING,32,7,127,0,2,7,203264,208,128,26624,96.24,-0.0099999999999909,96.20620615800865,0.03153374167151807,96.17467241633713,-0.033793841991339946,0.033793841991339946,TiOx_03,TiOx,True
TiOx_03,TiOx,80.0,1.9030899869919435,0,0,ANALOG,NOT_REPORTED,normalized_from_ratio,IDEALIZED_SINGLE_PAIR_ANALOG,IDEALIZED_ANALOG_MAPPING,32,7,127,0,2,8,203264,208,256,53248,96.24,-0.0099999999999909,96.22910529076479,0.018252887106395225,96.2108524036584,-0.010894709235202527,0.010894709235202527,TiOx_03,TiOx,True
TiOx_03,TiOx,80.0,1.9030899869919435,0,0,ANALOG,NOT_REPORTED,normalized_from_ratio,IDEALIZED_SINGLE_PAIR_ANALOG,IDEALIZED_ANALOG_MAPPING,64,8,255,0,2,7,203264,56,128,7168,96.23,0.0,96.17806630086582,0.03574838386416138,96.14231791700166,-0.051933699134181666,0.051933699134181666,TiOx_03,TiOx,True
TiOx_03,TiOx,80.0,1.9030899869919435,0,0,ANALOG,NOT_REPORTED,normalized_from_ratio,IDEALIZED_SINGLE_PAIR_ANALOG,IDEALIZED_ANALOG_MAPPING,64,8,255,0,2,8,203264,56,256,14336,96.23,0.0,96.21853461904763,0.01841031364495389,96.20012430540268,-0.011465380952373039,0.011465380952373039,TiOx_03,TiOx,True
TiOx_03,TiOx,80.0,1.9030899869919435,0,0,ANALOG,NOT_REPORTED,normalized_from_ratio,IDEALIZED_SINGLE_PAIR_ANALOG,IDEALIZED_ANALOG_MAPPING,128,5,31,0,2,7,203264,16,128,2048,96.23,0.0,96.09644052380952,0.05825889819943036,96.0381816256101,-0.13355947619048436,0.13355947619048436,TiOx_03,TiOx,True
TiOx_03,TiOx,80.0,1.9030899869919435,0,0,ANALOG,NOT_REPORTED,normalized_from_ratio,IDEALIZED_SINGLE_PAIR_ANALOG,IDEALIZED_ANALOG_MAPPING,32,7,127,0,2,9,203264,208,512,106496,96.23,0.0,96.2351285021645,0.014582537349260776,96.22054596481524,0.005128502164495785,0.005128502164495785,TiOx_03,TiOx,True
TiOx_03,TiOx,80.0,1.9030899869919435,0,0,ANALOG,NOT_REPORTED,normalized_from_ratio,IDEALIZED_SINGLE_PAIR_ANALOG,IDEALIZED_ANALOG_MAPPING,128,8,255,0,2,9,203264,16,512,8192,96.23,0.0,96.21715138095239,0.01402693730072778,96.20312444365166,-0.012848619047616694,0.012848619047616694,TiOx_03,TiOx,True
TiOx_03,TiOx,80.0,1.9030899869919435,0,0,ANALOG,NOT_REPORTED,normalized_from_ratio,IDEALIZED_SINGLE_PAIR_ANALOG,IDEALIZED_ANALOG_MAPPING,16,8,255,0,2,9,203264,800,512,409600,96.22,0.0100000000000051,96.23630365079364,0.014652247819892905,96.22165140297375,0.016303650793645375,0.016303650793645375,TiOx_03,TiOx,True
TiOx_03,TiOx,80.0,1.9030899869919435,0,0,ANALOG,NOT_REPORTED,normalized_from_ratio,IDEALIZED_SINGLE_PAIR_ANALOG,IDEALIZED_ANALOG_MAPPING,16,7,127,0,2,7,203264,800,128,102400,96.22,0.0100000000000051,96.23875154761906,0.029772367874265526,96.2089791797448,0.01875154761906117,0.01875154761906117,TiOx_03,TiOx,True
TiOx_03,TiOx,80.0,1.9030899869919435,0,0,ANALOG,NOT_REPORTED,normalized_from_ratio,IDEALIZED_SINGLE_PAIR_ANALOG,IDEALIZED_ANALOG_MAPPING,16,7,127,0,2,9,203264,800,512,409600,96.22,0.0100000000000051,96.23548129076478,0.011941689466774156,96.223539601298,0.01548129076478233,0.01548129076478233,TiOx_03,TiOx,True
TiOx_03,TiOx,80.0,1.9030899869919435,0,0,ANALOG,NOT_REPORTED,normalized_from_ratio,IDEALIZED_SINGLE_PAIR_ANALOG,IDEALIZED_ANALOG_MAPPING,128,6,63,0,2,7,203264,16,128,2048,96.22,0.0100000000000051,96.10663098412698,0.08226398991449087,96.02436699421249,-0.11336901587301895,0.11336901587301895,TiOx_03,TiOx,True
TiOx_03,TiOx,80.0,1.9030899869919435,0,0,ANALOG,NOT_REPORTED,normalized_from_ratio,IDEALIZED_SINGLE_PAIR_ANALOG,IDEALIZED_ANALOG_MAPPING,64,7,127,0,2,10,203264,56,1024,57344,96.22,0.0100000000000051,96.23493866378065,0.01626666750925886,96.2186719962714,0.014938663780654338,0.014938663780654338,TiOx_03,TiOx,True
TiOx_03,TiOx,80.0,1.9030899869919435,0,0,ANALOG,NOT_REPORTED,normalized_from_ratio,IDEALIZED_SINGLE_PAIR_ANALOG,IDEALIZED_ANALOG_MAPPING,128,8,255,0,2,10,203264,16,1024,16384,96.22,0.0100000000000051,96.22049707936507,0.015201092401557694,96.20529598696352,0.0004970793650755922,0.0004970793650755922,TiOx_03,TiOx,True
TiOx_03,TiOx,80.0,1.9030899869919435,0,0,ANALOG,NOT_REPORTED,normalized_from_ratio,IDEALIZED_SINGLE_PAIR_ANALOG,IDEALIZED_ANALOG_MAPPING,256,8,255,0,2,10,203264,10,1024,10240,96.22,0.0100000000000051,96.22231648412699,0.015253035491366355,96.20706344863562,0.0023164841269931458,0.0023164841269931458,TiOx_03,TiOx,True
TiOx_03,TiOx,80.0,1.9030899869919435,0,0,ANALOG,NOT_REPORTED,normalized_from_ratio,IDEALIZED_SINGLE_PAIR_ANALOG,IDEALIZED_ANALOG_MAPPING,16,7,127,0,2,10,203264,800,1024,819200,96.22,0.0100000000000051,96.23522879076478,0.013533693811416716,96.22169509695337,0.015228790764780342,0.015228790764780342,TiOx_03,TiOx,True
TiOx_03,TiOx,80.0,1.9030899869919435,0,0,ANALOG,NOT_REPORTED,normalized_from_ratio,IDEALIZED_SINGLE_PAIR_ANALOG,IDEALIZED_ANALOG_MAPPING,128,6,63,0,2,9,203264,16,512,8192,96.22,0.0100000000000051,96.21321090476191,0.03516678745979113,96.17804411730212,-0.006789095238090681,0.006789095238090681,TiOx_03,TiOx,True
TiOx_03,TiOx,80.0,1.9030899869919435,0,0,ANALOG,NOT_REPORTED,normalized_from_ratio,IDEALIZED_SINGLE_PAIR_ANALOG,IDEALIZED_ANALOG_MAPPING,256,7,127,0,2,10,203264,10,1024,10240,96.22,0.0100000000000051,96.22440596825396,0.016732901499030877,96.20767306675494,0.0044059682539625555,0.0044059682539625555,TiOx_03,TiOx,True
TiOx_03,TiOx,80.0,1.9030899869919435,0,0,ANALOG,NOT_REPORTED,normalized_from_ratio,IDEALIZED_SINGLE_PAIR_ANALOG,IDEALIZED_ANALOG_MAPPING,128,7,127,0,2,8,203264,16,256,4096,96.21,0.0200000000000102,96.20857476984128,0.020656638990333376,96.18791813085095,-0.0014252301587163174,0.0014252301587163174,TiOx_03,TiOx,True
TiOx_03,TiOx,80.0,1.9030899869919435,0,0,ANALOG,NOT_REPORTED,normalized_from_ratio,IDEALIZED_SINGLE_PAIR_ANALOG,IDEALIZED_ANALOG_MAPPING,32,7,127,0,2,10,203264,208,1024,212992,96.21,0.0200000000000102,96.2327597164502,0.015088100448722264,96.21767161600148,0.02275971645021002,0.02275971645021002,TiOx_03,TiOx,True
TiOx_03,TiOx,80.0,1.9030899869919435,0,0,ANALOG,NOT_REPORTED,normalized_from_ratio,IDEALIZED_SINGLE_PAIR_ANALOG,IDEALIZED_ANALOG_MAPPING,64,7,127,0,2,9,203264,56,512,28672,96.21,0.0200000000000102,96.23693074314573,0.017666782512974114,96.21926396063276,0.02693074314574062,0.02693074314574062,TiOx_03,TiOx,True
TiOx_03,TiOx,80.0,1.9030899869919435,0,0,ANALOG,NOT_REPORTED,normalized_from_ratio,IDEALIZED_SINGLE_PAIR_ANALOG,IDEALIZED_ANALOG_MAPPING,64,8,255,0,2,9,203264,56,512,28672,96.21,0.0200000000000102,96.22407659523809,0.015533367285814894,96.20854322795228,0.01407659523809457,0.01407659523809457,TiOx_03,TiOx,True
TiOx_03,TiOx,80.0,1.9030899869919435,0,0,ANALOG,NOT_REPORTED,normalized_from_ratio,IDEALIZED_SINGLE_PAIR_ANALOG,IDEALIZED_ANALOG_MAPPING,16,7,127,0,2,5,203264,800,32,25600,96.2,0.0300000000000011,95.88330438095238,0.056324001431455196,95.82698037952093,-0.31669561904762134,0.31669561904762134,TiOx_03,TiOx,True
TiOx_03,TiOx,80.0,1.9030899869919435,0,0,ANALOG,NOT_REPORTED,normalized_from_ratio,IDEALIZED_SINGLE_PAIR_ANALOG,IDEALIZED_ANALOG_MAPPING,16,6,63,0,2,6,203264,800,64,51200,96.2,0.0300000000000011,96.1900675873016,0.051473800022236685,96.13859378727936,-0.009932412698404391,0.009932412698404391,TiOx_03,TiOx,True
TiOx_03,TiOx,80.0,1.9030899869919435,0,0,ANALOG,NOT_REPORTED,normalized_from_ratio,IDEALIZED_SINGLE_PAIR_ANALOG,IDEALIZED_ANALOG_MAPPING,256,5,31,0,2,9,203264,10,512,5120,96.2,0.0300000000000011,96.157138,0.024435489912786847,96.13270251008721,-0.04286199999999951,0.04286199999999951,TiOx_03,TiOx,True
TiOx_03,TiOx,80.0,1.9030899869919435,0,0,ANALOG,NOT_REPORTED,normalized_from_ratio,IDEALIZED_SINGLE_PAIR_ANALOG,IDEALIZED_ANALOG_MAPPING,64,6,63,0,2,7,203264,56,128,7168,96.2,0.0300000000000011,96.19968349134199,0.04608064856827525,96.15360284277371,-0.00031650865801680084,0.00031650865801680084,TiOx_03,TiOx,True
TiOx_03,TiOx,80.0,1.9030899869919435,0,0,ANALOG,NOT_REPORTED,normalized_from_ratio,IDEALIZED_SINGLE_PAIR_ANALOG,IDEALIZED_ANALOG_MAPPING,128,7,127,0,2,9,203264,16,512,8192,96.2,0.0300000000000011,96.2077711984127,0.019135907466063005,96.18863529094664,0.0077711984126977995,0.0077711984126977995,TiOx_03,TiOx,True
TiOx_03,TiOx,80.0,1.9030899869919435,0,0,ANALOG,NOT_REPORTED,normalized_from_ratio,IDEALIZED_SINGLE_PAIR_ANALOG,IDEALIZED_ANALOG_MAPPING,128,8,255,0,2,7,203264,16,128,2048,96.2,0.0300000000000011,96.08608122222222,0.06602177357449568,96.02005944864773,-0.11391877777778348,0.11391877777778348,TiOx_03,TiOx,True
TiOx_03,TiOx,80.0,1.9030899869919435,0,0,ANALOG,NOT_REPORTED,normalized_from_ratio,IDEALIZED_SINGLE_PAIR_ANALOG,IDEALIZED_ANALOG_MAPPING,256,8,255,0,2,9,203264,10,512,5120,96.19,0.0400000000000062,96.22319782395381,0.015165268781496006,96.20803255517231,0.0331978239538131,0.0331978239538131,TiOx_03,TiOx,True
TiOx_03,TiOx,80.0,1.9030899869919435,0,0,ANALOG,NOT_REPORTED,normalized_from_ratio,IDEALIZED_SINGLE_PAIR_ANALOG,IDEALIZED_ANALOG_MAPPING,256,6,63,0,2,7,203264,10,128,1280,96.19,0.0400000000000062,96.13407252380954,0.06521941669811382,96.06885310711142,-0.05592747619046179,0.05592747619046179,TiOx_03,TiOx,True
TiOx_03,TiOx,80.0,1.9030899869919435,0,0,ANALOG,NOT_REPORTED,normalized_from_ratio,IDEALIZED_SINGLE_PAIR_ANALOG,IDEALIZED_ANALOG_MAPPING,32,7,127,0,2,6,203264,208,64,13312,96.18,0.0499999999999971,96.1742250952381,0.06614822708308032,96.10807686815502,-0.005774904761906896,0.005774904761906896,TiOx_03,TiOx,True
TiOx_03,TiOx,80.0,1.9030899869919435,0,0,ANALOG,NOT_REPORTED,normalized_from_ratio,IDEALIZED_SINGLE_PAIR_ANALOG,IDEALIZED_ANALOG_MAPPING,16,8,255,0,2,6,203264,800,64,51200,96.18,0.0499999999999971,96.19496015873015,0.04974195363261143,96.14521820509755,0.014960158730147555,0.014960158730147555,TiOx_03,TiOx,True
TiOx_03,TiOx,80.0,1.9030899869919435,0,0,ANALOG,NOT_REPORTED,normalized_from_ratio,IDEALIZED_SINGLE_PAIR_ANALOG,IDEALIZED_ANALOG_MAPPING,128,5,31,0,2,9,203264,16,512,8192,96.18,0.0499999999999971,96.16653284920636,0.02520345370474563,96.14132939550161,-0.013467150793644578,0.013467150793644578,TiOx_03,TiOx,True
TiOx_03,TiOx,80.0,1.9030899869919435,0,0,ANALOG,NOT_REPORTED,normalized_from_ratio,IDEALIZED_SINGLE_PAIR_ANALOG,IDEALIZED_ANALOG_MAPPING,256,8,255,0,2,8,203264,10,256,2560,96.18,0.0499999999999971,96.22879291125541,0.015563420936990336,96.21322949031843,0.04879291125540419,0.04879291125540419,TiOx_03,TiOx,True
TiOx_03,TiOx,80.0,1.9030899869919435,0,0,ANALOG,NOT_REPORTED,normalized_from_ratio,IDEALIZED_SINGLE_PAIR_ANALOG,IDEALIZED_ANALOG_MAPPING,16,5,31,0,2,7,203264,800,128,102400,96.17,0.0600000000000022,96.15136342496393,0.031177714194929512,96.12018571076901,-0.018636575036069303,0.018636575036069303,TiOx_03,TiOx,True
TiOx_03,TiOx,80.0,1.9030899869919435,0,0,ANALOG,NOT_REPORTED,normalized_from_ratio,IDEALIZED_SINGLE_PAIR_ANALOG,IDEALIZED_ANALOG_MAPPING,32,8,255,0,2,8,203264,208,256,53248,96.17,0.0600000000000022,96.21396480158731,0.02062204795700962,96.1933427536303,0.043964801587307534,0.043964801587307534,TiOx_03,TiOx,True
TiOx_03,TiOx,80.0,1.9030899869919435,0,0,ANALOG,NOT_REPORTED,normalized_from_ratio,IDEALIZED_SINGLE_PAIR_ANALOG,IDEALIZED_ANALOG_MAPPING,256,7,127,0,2,9,203264,10,512,5120,96.17,0.0600000000000022,96.22426494300144,0.022572605365229224,96.20169233763622,0.054264943001442134,0.054264943001442134,TiOx_03,TiOx,True
TiOx_03,TiOx,80.0,1.9030899869919435,0,0,ANALOG,NOT_REPORTED,normalized_from_ratio,IDEALIZED_SINGLE_PAIR_ANALOG,IDEALIZED_ANALOG_MAPPING,64,7,127,0,2,8,203264,56,256,14336,96.17,0.0600000000000022,96.22915803679653,0.018946029991927505,96.21021200680461,0.05915803679653209,0.05915803679653209,TiOx_03,TiOx,True
TiOx_03,TiOx,80.0,1.9030899869919435,0,0,ANALOG,NOT_REPORTED,normalized_from_ratio,IDEALIZED_SINGLE_PAIR_ANALOG,IDEALIZED_ANALOG_MAPPING,16,5,31,0,2,9,203264,800,512,409600,96.17,0.0600000000000022,96.15073196031747,0.016078965243824274,96.13465299507365,-0.019268039682529547,0.019268039682529547,TiOx_03,TiOx,True
TiOx_03,TiOx,80.0,1.9030899869919435,0,0,ANALOG,NOT_REPORTED,normalized_from_ratio,IDEALIZED_SINGLE_PAIR_ANALOG,IDEALIZED_ANALOG_MAPPING,256,6,63,0,2,9,203264,10,512,5120,96.17,0.0600000000000022,96.20384576984127,0.03979104165456742,96.1640547281867,0.03384576984126397,0.03384576984126397,TiOx_03,TiOx,True
TiOx_03,TiOx,80.0,1.9030899869919435,0,0,ANALOG,NOT_REPORTED,normalized_from_ratio,IDEALIZED_SINGLE_PAIR_ANALOG,IDEALIZED_ANALOG_MAPPING,128,8,255,0,2,8,203264,16,256,4096,96.17,0.0600000000000022,96.22184007142857,0.01793149113919367,96.20390858028938,0.05184007142857183,0.05184007142857183,TiOx_03,TiOx,True
TiOx_03,TiOx,80.0,1.9030899869919435,0,0,ANALOG,NOT_REPORTED,normalized_from_ratio,IDEALIZED_SINGLE_PAIR_ANALOG,IDEALIZED_ANALOG_MAPPING,64,5,31,0,2,9,203264,56,512,28672,96.16,0.0700000000000073,96.1579323968254,0.019889327944933918,96.13804306888046,-0.0020676031745949786,0.0020676031745949786,TiOx_03,TiOx,True
TiOx_03,TiOx,80.0,1.9030899869919435,0,0,ANALOG,NOT_REPORTED,normalized_from_ratio,IDEALIZED_SINGLE_PAIR_ANALOG,IDEALIZED_ANALOG_MAPPING,16,4,15,0,2,7,203264,800,128,102400,96.16,0.0700000000000073,96.03954313492062,0.02898862741212881,96.01055450750849,-0.12045686507937603,0.12045686507937603,TiOx_03,TiOx,True
TiOx_03,TiOx,80.0,1.9030899869919435,0,0,ANALOG,NOT_REPORTED,normalized_from_ratio,IDEALIZED_SINGLE_PAIR_ANALOG,IDEALIZED_ANALOG_MAPPING,32,5,31,0,2,7,203264,208,128,26624,96.16,0.0700000000000073,96.15860424242425,0.03127564439967415,96.12732859802458,-0.0013957575757501672,0.0013957575757501672,TiOx_03,TiOx,True
TiOx_03,TiOx,80.0,1.9030899869919435,0,0,ANALOG,NOT_REPORTED,normalized_from_ratio,IDEALIZED_SINGLE_PAIR_ANALOG,IDEALIZED_ANALOG_MAPPING,128,5,31,0,2,10,203264,16,1024,16384,96.15,0.0799999999999983,96.15307886507937,0.021943690800948254,96.13113517427841,0.003078865079359616,0.003078865079359616,TiOx_03,TiOx,True
TiOx_03,TiOx,80.0,1.9030899869919435,0,0,ANALOG,NOT_REPORTED,normalized_from_ratio,IDEALIZED_SINGLE_PAIR_ANALOG,IDEALIZED_ANALOG_MAPPING,256,7,127,0,2,7,203264,10,128,1280,96.15,0.0799999999999983,96.12000369841269,0.06111092907176946,96.05889276934091,-0.029996301587317475,0.029996301587317475,TiOx_03,TiOx,True
TiOx_03,TiOx,80.0,1.9030899869919435,0,0,ANALOG,NOT_REPORTED,normalized_from_ratio,IDEALIZED_SINGLE_PAIR_ANALOG,IDEALIZED_ANALOG_MAPPING,64,5,31,0,2,6,203264,56,64,3584,96.15,0.0799999999999983,96.00342044372294,0.09247222519197508,95.91094821853098,-0.14657955627706087,0.14657955627706087,TiOx_03,TiOx,True
TiOx_03,TiOx,80.0,1.9030899869919435,0,0,ANALOG,NOT_REPORTED,normalized_from_ratio,IDEALIZED_SINGLE_PAIR_ANALOG,IDEALIZED_ANALOG_MAPPING,64,6,63,0,2,6,203264,56,64,3584,96.14,0.0900000000000034,96.0164772063492,0.12993394798328603,95.8865432583659,-0.12352279365080676,0.12352279365080676,TiOx_03,TiOx,True
TiOx_03,TiOx,80.0,1.9030899869919435,0,0,ANALOG,NOT_REPORTED,normalized_from_ratio,IDEALIZED_SINGLE_PAIR_ANALOG,IDEALIZED_ANALOG_MAPPING,128,7,127,0,2,7,203264,16,128,2048,96.14,0.0900000000000034,96.09034993650793,0.07039864296164268,96.01995129354628,-0.049650063492066465,0.049650063492066465,TiOx_03,TiOx,True
TiOx_03,TiOx,80.0,1.9030899869919435,0,0,ANALOG,NOT_REPORTED,normalized_from_ratio,IDEALIZED_SINGLE_PAIR_ANALOG,IDEALIZED_ANALOG_MAPPING,16,7,127,0,2,6,203264,800,64,51200,96.14,0.0900000000000034,96.19909811111111,0.04704478014912444,96.15205333096199,0.05909811111111196,0.05909811111111196,TiOx_03,TiOx,True
TiOx_03,TiOx,80.0,1.9030899869919435,0,0,ANALOG,NOT_REPORTED,normalized_from_ratio,IDEALIZED_SINGLE_PAIR_ANALOG,IDEALIZED_ANALOG_MAPPING,32,5,31,0,2,9,203264,208,512,106496,96.13,0.1000000000000085,96.15282296031745,0.014845411103852374,96.1379775492136,0.022822960317455454,0.022822960317455454,TiOx_03,TiOx,True
TiOx_03,TiOx,80.0,1.9030899869919435,0,0,ANALOG,NOT_REPORTED,normalized_from_ratio,IDEALIZED_SINGLE_PAIR_ANALOG,IDEALIZED_ANALOG_MAPPING,256,5,31,0,2,10,203264,10,1024,10240,96.13,0.1000000000000085,96.14965538095238,0.019334429741017924,96.13032095121136,0.01965538095238628,0.01965538095238628,TiOx_03,TiOx,True
TiOx_03,TiOx,80.0,1.9030899869919435,0,0,ANALOG,NOT_REPORTED,normalized_from_ratio,IDEALIZED_SINGLE_PAIR_ANALOG,IDEALIZED_ANALOG_MAPPING,16,5,31,0,2,10,203264,800,1024,819200,96.13,0.1000000000000085,96.14212235714285,0.011993809347494892,96.13012854779535,0.012122357142857254,0.012122357142857254,TiOx_03,TiOx,True
TiOx_03,TiOx,80.0,1.9030899869919435,0,0,ANALOG,NOT_REPORTED,normalized_from_ratio,IDEALIZED_SINGLE_PAIR_ANALOG,IDEALIZED_ANALOG_MAPPING,16,8,255,0,2,5,203264,800,32,25600,96.13,0.1000000000000085,95.88222882539681,0.05590394993978409,95.82632487545702,-0.2477711746031872,0.2477711746031872,TiOx_03,TiOx,True
TiOx_03,TiOx,80.0,1.9030899869919435,0,0,ANALOG,NOT_REPORTED,normalized_from_ratio,IDEALIZED_SINGLE_PAIR_ANALOG,IDEALIZED_ANALOG_MAPPING,32,5,31,0,2,8,203264,208,256,53248,96.13,0.1000000000000085,96.15252513492064,0.017696198864307768,96.13482893605632,0.022525134920641676,0.022525134920641676,TiOx_03,TiOx,True
TiOx_03,TiOx,80.0,1.9030899869919435,0,0,ANALOG,NOT_REPORTED,normalized_from_ratio,IDEALIZED_SINGLE_PAIR_ANALOG,IDEALIZED_ANALOG_MAPPING,256,8,255,0,2,7,203264,10,128,1280,96.12,0.1099999999999994,96.11522426984128,0.05780104176897686,96.0574232280723,-0.0047757301587267875,0.0047757301587267875,TiOx_03,TiOx,True
TiOx_03,TiOx,80.0,1.9030899869919435,0,0,ANALOG,NOT_REPORTED,normalized_from_ratio,IDEALIZED_SINGLE_PAIR_ANALOG,IDEALIZED_ANALOG_MAPPING,64,5,31,0,2,10,203264,56,1024,57344,96.12,0.1099999999999994,96.14803005555554,0.015611850025454491,96.13241820553009,0.02803005555553284,0.02803005555553284,TiOx_03,TiOx,True
TiOx_03,TiOx,80.0,1.9030899869919435,0,0,ANALOG,NOT_REPORTED,normalized_from_ratio,IDEALIZED_SINGLE_PAIR_ANALOG,IDEALIZED_ANALOG_MAPPING,64,4,15,0,2,9,203264,56,512,28672,96.12,0.1099999999999994,96.04318201587303,0.011505312150080644,96.03167670372295,-0.0768179841269756,0.0768179841269756,TiOx_03,TiOx,True
TiOx_03,TiOx,80.0,1.9030899869919435,0,0,ANALOG,NOT_REPORTED,normalized_from_ratio,IDEALIZED_SINGLE_PAIR_ANALOG,IDEALIZED_ANALOG_MAPPING,16,5,31,0,2,8,203264,800,256,204800,96.12,0.1099999999999994,96.14727741269843,0.017313285878028502,96.1299641268204,0.02727741269842454,0.02727741269842454,TiOx_03,TiOx,True
TiOx_03,TiOx,80.0,1.9030899869919435,0,0,ANALOG,NOT_REPORTED,normalized_from_ratio,IDEALIZED_SINGLE_PAIR_ANALOG,IDEALIZED_ANALOG_MAPPING,16,6,63,0,2,5,203264,800,32,25600,96.12,0.1099999999999994,95.91289238095239,0.05682817208659461,95.85606420886579,-0.2071076190476191,0.2071076190476191,TiOx_03,TiOx,True
TiOx_03,TiOx,80.0,1.9030899869919435,0,0,ANALOG,NOT_REPORTED,normalized_from_ratio,IDEALIZED_SINGLE_PAIR_ANALOG,IDEALIZED_ANALOG_MAPPING,16,5,31,0,2,6,203264,800,64,51200,96.12,0.1099999999999994,96.09996073809523,0.0661569441290324,96.0338037939662,-0.020039261904770456,0.020039261904770456,TiOx_03,TiOx,True
TiOx_03,TiOx,80.0,1.9030899869919435,0,0,ANALOG,NOT_REPORTED,normalized_from_ratio,IDEALIZED_SINGLE_PAIR_ANALOG,IDEALIZED_ANALOG_MAPPING,32,5,31,0,2,10,203264,208,1024,212992,96.12,0.1099999999999994,96.14251040476191,0.01113444762006725,96.13137595714184,0.02251040476190269,0.02251040476190269,TiOx_03,TiOx,True
TiOx_03,TiOx,80.0,1.9030899869919435,0,0,ANALOG,NOT_REPORTED,normalized_from_ratio,IDEALIZED_SINGLE_PAIR_ANALOG,IDEALIZED_ANALOG_MAPPING,128,5,31,0,2,8,203264,16,256,4096,96.12,0.1099999999999994,96.16893689682539,0.03059085010655669,96.13834604671882,0.04893689682538138,0.04893689682538138,TiOx_03,TiOx,True
TiOx_03,TiOx,80.0,1.9030899869919435,0,0,ANALOG,NOT_REPORTED,normalized_from_ratio,IDEALIZED_SINGLE_PAIR_ANALOG,IDEALIZED_ANALOG_MAPPING,64,7,127,0,2,6,203264,56,64,3584,96.11,0.1200000000000045,95.99263441269842,0.13457843457348492,95.85805597812494,-0.11736558730157753,0.11736558730157753,TiOx_03,TiOx,True
TiOx_03,TiOx,80.0,1.9030899869919435,0,0,ANALOG,NOT_REPORTED,normalized_from_ratio,IDEALIZED_SINGLE_PAIR_ANALOG,IDEALIZED_ANALOG_MAPPING,64,4,15,0,2,7,203264,56,128,7168,96.09,0.1400000000000005,96.05278138095238,0.05660108398757986,95.99618029696481,-0.03721861904762136,0.03721861904762136,TiOx_03,TiOx,True
TiOx_03,TiOx,80.0,1.9030899869919435,0,0,ANALOG,NOT_REPORTED,normalized_from_ratio,IDEALIZED_SINGLE_PAIR_ANALOG,IDEALIZED_ANALOG_MAPPING,256,5,31,0,2,7,203264,10,128,1280,96.09,0.1400000000000005,96.09518053968253,0.048236928998018264,96.04694361068451,0.0051805396825272965,0.0051805396825272965,TiOx_03,TiOx,True
TiOx_03,TiOx,80.0,1.9030899869919435,0,0,ANALOG,NOT_REPORTED,normalized_from_ratio,IDEALIZED_SINGLE_PAIR_ANALOG,IDEALIZED_ANALOG_MAPPING,32,7,127,0,2,5,203264,208,32,6656,96.09,0.1400000000000005,95.6605819047619,0.05846190130156531,95.60212000346033,-0.4294180952381055,0.4294180952381055,TiOx_03,TiOx,True
TiOx_03,TiOx,80.0,1.9030899869919435,0,0,ANALOG,NOT_REPORTED,normalized_from_ratio,IDEALIZED_SINGLE_PAIR_ANALOG,IDEALIZED_ANALOG_MAPPING,16,4,15,0,2,9,203264,800,512,409600,96.09,0.1400000000000005,96.05626888095239,0.011303905283945306,96.04496497566845,-0.03373111904761572,0.03373111904761572,TiOx_03,TiOx,True
TiOx_03,TiOx,80.0,1.9030899869919435,0,0,ANALOG,NOT_REPORTED,normalized_from_ratio,IDEALIZED_SINGLE_PAIR_ANALOG,IDEALIZED_ANALOG_MAPPING,64,8,255,0,2,6,203264,56,64,3584,96.09,0.1400000000000005,95.99162092063493,0.1273534435043125,95.86426747713061,-0.09837907936507406,0.09837907936507406,TiOx_03,TiOx,True
TiOx_03,TiOx,80.0,1.9030899869919435,0,0,ANALOG,NOT_REPORTED,normalized_from_ratio,IDEALIZED_SINGLE_PAIR_ANALOG,IDEALIZED_ANALOG_MAPPING,32,4,15,0,2,9,203264,208,512,106496,96.08,0.1500000000000056,96.04421292857143,0.01242435859234567,96.03178856997908,-0.0357870714285724,0.0357870714285724,TiOx_03,TiOx,True
TiOx_03,TiOx,80.0,1.9030899869919435,0,0,ANALOG,NOT_REPORTED,normalized_from_ratio,IDEALIZED_SINGLE_PAIR_ANALOG,IDEALIZED_ANALOG_MAPPING,256,4,15,0,2,10,203264,10,1024,10240,96.08,0.1500000000000056,96.07903066305916,0.016553312679630516,96.06247735037952,-0.0009693369408410035,0.0009693369408410035,TiOx_03,TiOx,True
TiOx_03,TiOx,80.0,1.9030899869919435,0,0,ANALOG,NOT_REPORTED,normalized_from_ratio,IDEALIZED_SINGLE_PAIR_ANALOG,IDEALIZED_ANALOG_MAPPING,256,5,31,0,2,8,203264,10,256,2560,96.08,0.1500000000000056,96.15656297619047,0.03127975078288346,96.12528322540759,0.07656297619047336,0.07656297619047336,TiOx_03,TiOx,True
TiOx_03,TiOx,80.0,1.9030899869919435,0,0,ANALOG,NOT_REPORTED,normalized_from_ratio,IDEALIZED_SINGLE_PAIR_ANALOG,IDEALIZED_ANALOG_MAPPING,64,4,15,0,2,10,203264,56,1024,57344,96.07,0.1600000000000108,96.05055232539682,0.009704380384132169,96.04084794501269,-0.019447674603171095,0.019447674603171095,TiOx_03,TiOx,True
TiOx_03,TiOx,80.0,1.9030899869919435,0,0,ANALOG,NOT_REPORTED,normalized_from_ratio,IDEALIZED_SINGLE_PAIR_ANALOG,IDEALIZED_ANALOG_MAPPING,128,4,15,0,2,10,203264,16,1024,16384,96.07,0.1600000000000108,96.07295114718613,0.014172621004559368,96.05877852618157,0.0029511471861383143,0.0029511471861383143,TiOx_03,TiOx,True
TiOx_03,TiOx,80.0,1.9030899869919435,0,0,ANALOG,NOT_REPORTED,normalized_from_ratio,IDEALIZED_SINGLE_PAIR_ANALOG,IDEALIZED_ANALOG_MAPPING,16,4,15,0,2,10,203264,800,1024,819200,96.07,0.1600000000000108,96.05776254761905,0.008102353823299616,96.04966019379575,-0.012237452380944092,0.012237452380944092,TiOx_03,TiOx,True
TiOx_03,TiOx,80.0,1.9030899869919435,0,0,ANALOG,NOT_REPORTED,normalized_from_ratio,IDEALIZED_SINGLE_PAIR_ANALOG,IDEALIZED_ANALOG_MAPPING,32,4,15,0,2,7,203264,208,128,26624,96.06,0.1700000000000017,96.05411980158729,0.04443101771934096,96.00968878386794,-0.005880198412711479,0.005880198412711479,TiOx_03,TiOx,True
TiOx_03,TiOx,80.0,1.9030899869919435,0,0,ANALOG,NOT_REPORTED,normalized_from_ratio,IDEALIZED_SINGLE_PAIR_ANALOG,IDEALIZED_ANALOG_MAPPING,64,4,15,0,2,8,203264,56,256,14336,96.05,0.1800000000000068,96.06595172222221,0.020082529980758095,96.04586919224145,0.015951722222212084,0.015951722222212084,TiOx_03,TiOx,True
TiOx_03,TiOx,80.0,1.9030899869919435,0,0,ANALOG,NOT_REPORTED,normalized_from_ratio,IDEALIZED_SINGLE_PAIR_ANALOG,IDEALIZED_ANALOG_MAPPING,32,5,31,0,2,6,203264,208,64,13312,96.05,0.1800000000000068,96.06772825324676,0.08011379274050683,95.98761446050625,0.01772825324675864,0.01772825324675864,TiOx_03,TiOx,True
TiOx_03,TiOx,80.0,1.9030899869919435,0,0,ANALOG,NOT_REPORTED,normalized_from_ratio,IDEALIZED_SINGLE_PAIR_ANALOG,IDEALIZED_ANALOG_MAPPING,32,4,15,0,2,8,203264,208,256,53248,96.05,0.1800000000000068,96.07023596031746,0.017781599266686793,96.05245436105078,0.02023596031746422,0.02023596031746422,TiOx_03,TiOx,True
TiOx_03,TiOx,80.0,1.9030899869919435,0,0,ANALOG,NOT_REPORTED,normalized_from_ratio,IDEALIZED_SINGLE_PAIR_ANALOG,IDEALIZED_ANALOG_MAPPING,16,4,15,0,2,6,203264,800,64,51200,96.04,0.1899999999999977,96.05112721428571,0.04035669792748421,96.01077051635824,0.01112721428570751,0.01112721428570751,TiOx_03,TiOx,True
TiOx_03,TiOx,80.0,1.9030899869919435,0,0,ANALOG,NOT_REPORTED,normalized_from_ratio,IDEALIZED_SINGLE_PAIR_ANALOG,IDEALIZED_ANALOG_MAPPING,32,4,15,0,2,10,203264,208,1024,212992,96.04,0.1899999999999977,96.0499379126984,0.009743140081302091,96.0401947726171,0.009937912698390505,0.009937912698390505,TiOx_03,TiOx,True
TiOx_03,TiOx,80.0,1.9030899869919435,0,0,ANALOG,NOT_REPORTED,normalized_from_ratio,IDEALIZED_SINGLE_PAIR_ANALOG,IDEALIZED_ANALOG_MAPPING,16,4,15,0,2,8,203264,800,256,204800,96.04,0.1899999999999977,96.06869310317461,0.014797409452262445,96.05389569372235,0.028693103174603607,0.028693103174603607,TiOx_03,TiOx,True
TiOx_03,TiOx,80.0,1.9030899869919435,0,0,ANALOG,NOT_REPORTED,normalized_from_ratio,IDEALIZED_SINGLE_PAIR_ANALOG,IDEALIZED_ANALOG_MAPPING,256,4,15,0,2,9,203264,10,512,5120,96.03,0.2000000000000028,96.07885012337661,0.02141074707496581,96.05743937630164,0.0488501233766101,0.0488501233766101,TiOx_03,TiOx,True
TiOx_03,TiOx,80.0,1.9030899869919435,0,0,ANALOG,NOT_REPORTED,normalized_from_ratio,IDEALIZED_SINGLE_PAIR_ANALOG,IDEALIZED_ANALOG_MAPPING,256,4,15,0,2,8,203264,10,256,2560,96.03,0.2000000000000028,96.09909736147185,0.028159872775874645,96.07093748869598,0.06909736147184731,0.06909736147184731,TiOx_03,TiOx,True
TiOx_03,TiOx,80.0,1.9030899869919435,0,0,ANALOG,NOT_REPORTED,normalized_from_ratio,IDEALIZED_SINGLE_PAIR_ANALOG,IDEALIZED_ANALOG_MAPPING,128,4,15,0,2,7,203264,16,128,2048,96.03,0.2000000000000028,96.01662746031745,0.040897372242613576,95.97573008807484,-0.0133725396825497,0.0133725396825497,TiOx_03,TiOx,True
TiOx_03,TiOx,80.0,1.9030899869919435,0,0,ANALOG,NOT_REPORTED,normalized_from_ratio,IDEALIZED_SINGLE_PAIR_ANALOG,IDEALIZED_ANALOG_MAPPING,128,4,15,0,2,9,203264,16,512,8192,96.03,0.2000000000000028,96.07023036940836,0.02061129393755079,96.04961907547082,0.040230369408362776,0.040230369408362776,TiOx_03,TiOx,True
TiOx_03,TiOx,80.0,1.9030899869919435,0,0,ANALOG,NOT_REPORTED,normalized_from_ratio,IDEALIZED_SINGLE_PAIR_ANALOG,IDEALIZED_ANALOG_MAPPING,128,5,31,0,2,6,203264,16,64,1024,96.02,0.2100000000000079,95.62852043650793,0.14174777973744263,95.48677265677048,-0.39147956349206936,0.39147956349206936,TiOx_03,TiOx,True
TiOx_03,TiOx,80.0,1.9030899869919435,0,0,ANALOG,NOT_REPORTED,normalized_from_ratio,IDEALIZED_SINGLE_PAIR_ANALOG,IDEALIZED_ANALOG_MAPPING,16,5,31,0,2,5,203264,800,32,25600,96.01,0.2199999999999988,95.9051093015873,0.05545723201360091,95.84965206957371,-0.10489069841270293,0.10489069841270293,TiOx_03,TiOx,True
TiOx_03,TiOx,80.0,1.9030899869919435,0,0,ANALOG,NOT_REPORTED,normalized_from_ratio,IDEALIZED_SINGLE_PAIR_ANALOG,IDEALIZED_ANALOG_MAPPING,32,4,15,0,2,6,203264,208,64,13312,96.0,0.2300000000000039,95.9925680952381,0.067194790857986,95.92537330438012,-0.0074319047619013645,0.0074319047619013645,TiOx_03,TiOx,True
TiOx_03,TiOx,80.0,1.9030899869919435,0,0,ANALOG,NOT_REPORTED,normalized_from_ratio,IDEALIZED_SINGLE_PAIR_ANALOG,IDEALIZED_ANALOG_MAPPING,256,4,15,0,2,7,203264,10,128,1280,96.0,0.2300000000000039,96.02123022222221,0.02421947416891108,95.9970107480533,0.021230222222214934,0.021230222222214934,TiOx_03,TiOx,True
TiOx_03,TiOx,80.0,1.9030899869919435,0,0,ANALOG,NOT_REPORTED,normalized_from_ratio,IDEALIZED_SINGLE_PAIR_ANALOG,IDEALIZED_ANALOG_MAPPING,256,7,127,0,2,6,203264,10,64,640,95.99,0.2400000000000091,95.71650146031746,0.15661674291178126,95.55988471740568,-0.2734985396825351,0.2734985396825351,TiOx_03,TiOx,True
TiOx_03,TiOx,80.0,1.9030899869919435,0,0,ANALOG,NOT_REPORTED,normalized_from_ratio,IDEALIZED_SINGLE_PAIR_ANALOG,IDEALIZED_ANALOG_MAPPING,128,4,15,0,2,8,203264,16,256,4096,95.98,0.25,96.09232941702741,0.029324561098759246,96.06300485592865,0.11232941702741073,0.11232941702741073,TiOx_03,TiOx,True
TiOx_03,TiOx,80.0,1.9030899869919435,0,0,ANALOG,NOT_REPORTED,normalized_from_ratio,IDEALIZED_SINGLE_PAIR_ANALOG,IDEALIZED_ANALOG_MAPPING,256,8,255,0,2,6,203264,10,64,640,95.97,0.2600000000000051,95.7336051031746,0.14848770651954277,95.58511739665505,-0.23639489682540216,0.23639489682540216,TiOx_03,TiOx,True
TiOx_03,TiOx,80.0,1.9030899869919435,0,0,ANALOG,NOT_REPORTED,normalized_from_ratio,IDEALIZED_SINGLE_PAIR_ANALOG,IDEALIZED_ANALOG_MAPPING,64,4,15,0,2,6,203264,56,64,3584,95.96,0.2700000000000102,95.94043671428572,0.07931076385032565,95.8611259504354,-0.019563285714269796,0.019563285714269796,TiOx_03,TiOx,True
TiOx_03,TiOx,80.0,1.9030899869919435,0,0,ANALOG,NOT_REPORTED,normalized_from_ratio,IDEALIZED_SINGLE_PAIR_ANALOG,IDEALIZED_ANALOG_MAPPING,32,6,63,0,2,5,203264,208,32,6656,95.95,0.2800000000000011,95.65860142857142,0.06509860082922558,95.59350282774218,-0.29139857142858716,0.29139857142858716,TiOx_03,TiOx,True
TiOx_03,TiOx,80.0,1.9030899869919435,0,0,ANALOG,NOT_REPORTED,normalized_from_ratio,IDEALIZED_SINGLE_PAIR_ANALOG,IDEALIZED_ANALOG_MAPPING,32,8,255,0,2,5,203264,208,32,6656,95.93,0.2999999999999971,95.66059357142858,0.05821338839272886,95.60238018303585,-0.26940642857142905,0.26940642857142905,TiOx_03,TiOx,True
TiOx_03,TiOx,80.0,1.9030899869919435,0,0,ANALOG,NOT_REPORTED,normalized_from_ratio,IDEALIZED_SINGLE_PAIR_ANALOG,IDEALIZED_ANALOG_MAPPING,256,6,63,0,2,6,203264,10,64,640,95.92,0.3100000000000023,95.71139243650795,0.160837184026734,95.55055525248122,-0.2086075634920519,0.2086075634920519,TiOx_03,TiOx,True
TiOx_03,TiOx,80.0,1.9030899869919435,0,0,ANALOG,NOT_REPORTED,normalized_from_ratio,IDEALIZED_SINGLE_PAIR_ANALOG,IDEALIZED_ANALOG_MAPPING,128,7,127,0,2,6,203264,16,64,1024,95.9,0.3299999999999983,95.68864904761905,0.16981484877635591,95.5188341988427,-0.21135095238095403,0.21135095238095403,TiOx_03,TiOx,True
TiOx_03,TiOx,80.0,1.9030899869919435,0,0,ANALOG,NOT_REPORTED,normalized_from_ratio,IDEALIZED_SINGLE_PAIR_ANALOG,IDEALIZED_ANALOG_MAPPING,16,4,15,0,2,5,203264,800,32,25600,95.89,0.3400000000000034,95.88886615873017,0.039867469468823837,95.84899868926135,-0.0011338412698336242,0.0011338412698336242,TiOx_03,TiOx,True
TiOx_03,TiOx,80.0,1.9030899869919435,0,0,ANALOG,NOT_REPORTED,normalized_from_ratio,IDEALIZED_SINGLE_PAIR_ANALOG,IDEALIZED_ANALOG_MAPPING,128,8,255,0,2,6,203264,16,64,1024,95.89,0.3400000000000034,95.70713192857143,0.16089855779086096,95.54623337078057,-0.18286807142857242,0.18286807142857242,TiOx_03,TiOx,True
TiOx_03,TiOx,80.0,1.9030899869919435,0,0,ANALOG,NOT_REPORTED,normalized_from_ratio,IDEALIZED_SINGLE_PAIR_ANALOG,IDEALIZED_ANALOG_MAPPING,32,5,31,0,2,5,203264,208,32,6656,95.89,0.3400000000000034,95.65443333333333,0.07979887666083128,95.5746344566725,-0.2355666666666707,0.2355666666666707,TiOx_03,TiOx,True
TiOx_03,TiOx,80.0,1.9030899869919435,0,0,ANALOG,NOT_REPORTED,normalized_from_ratio,IDEALIZED_SINGLE_PAIR_ANALOG,IDEALIZED_ANALOG_MAPPING,256,5,31,0,2,6,203264,10,64,640,95.88,0.3500000000000085,95.6417424047619,0.14397109889118445,95.49777130587071,-0.2382575952380961,0.2382575952380961,TiOx_03,TiOx,True
TiOx_03,TiOx,80.0,1.9030899869919435,0,0,ANALOG,NOT_REPORTED,normalized_from_ratio,IDEALIZED_SINGLE_PAIR_ANALOG,IDEALIZED_ANALOG_MAPPING,128,6,63,0,2,6,203264,16,64,1024,95.88,0.3500000000000085,95.69069302380953,0.1702705447063469,95.52042247910319,-0.18930697619046555,0.18930697619046555,TiOx_03,TiOx,True
TiOx_03,TiOx,80.0,1.9030899869919435,0,0,ANALOG,NOT_REPORTED,normalized_from_ratio,IDEALIZED_SINGLE_PAIR_ANALOG,IDEALIZED_ANALOG_MAPPING,128,4,15,0,2,6,203264,16,64,1024,95.8,0.4300000000000068,95.64284066666666,0.09525467418144942,95.54758599248521,-0.15715933333333965,0.15715933333333965,TiOx_03,TiOx,False
TiOx_03,TiOx,80.0,1.9030899869919435,0,0,ANALOG,NOT_REPORTED,normalized_from_ratio,IDEALIZED_SINGLE_PAIR_ANALOG,IDEALIZED_ANALOG_MAPPING,256,4,15,0,2,6,203264,10,64,640,95.76,0.4699999999999988,95.66022977777777,0.10864174839567824,95.55158802938209,-0.09977022222223297,0.09977022222223297,TiOx_03,TiOx,False
TiOx_03,TiOx,80.0,1.9030899869919435,0,0,ANALOG,NOT_REPORTED,normalized_from_ratio,IDEALIZED_SINGLE_PAIR_ANALOG,IDEALIZED_ANALOG_MAPPING,32,4,15,0,2,5,203264,208,32,6656,95.7,0.5300000000000011,95.65358642857143,0.07550003711413408,95.57808639145729,-0.046413571428573164,0.046413571428573164,TiOx_03,TiOx,False
TiOx_03,TiOx,80.0,1.9030899869919435,0,0,ANALOG,NOT_REPORTED,normalized_from_ratio,IDEALIZED_SINGLE_PAIR_ANALOG,IDEALIZED_ANALOG_MAPPING,64,7,127,0,2,5,203264,56,32,1792,95.67,0.5600000000000023,95.02662307142856,0.12768741045418067,94.89893566097437,-0.6433769285714419,0.6433769285714419,TiOx_03,TiOx,False
TiOx_03,TiOx,80.0,1.9030899869919435,0,0,ANALOG,NOT_REPORTED,normalized_from_ratio,IDEALIZED_SINGLE_PAIR_ANALOG,IDEALIZED_ANALOG_MAPPING,64,6,63,0,2,5,203264,56,32,1792,95.57,0.6600000000000108,95.02312945238094,0.14392992335733876,94.87919952902361,-0.5468705476190507,0.5468705476190507,TiOx_03,TiOx,False
TiOx_03,TiOx,80.0,1.9030899869919435,0,0,ANALOG,NOT_REPORTED,normalized_from_ratio,IDEALIZED_SINGLE_PAIR_ANALOG,IDEALIZED_ANALOG_MAPPING,16,7,127,0,2,4,203264,800,16,12800,95.54,0.6899999999999977,94.76386640476191,0.2755269953911144,94.4883394093708,-0.7761335952380932,0.7761335952380932,TiOx_03,TiOx,False
TiOx_03,TiOx,80.0,1.9030899869919435,0,0,ANALOG,NOT_REPORTED,normalized_from_ratio,IDEALIZED_SINGLE_PAIR_ANALOG,IDEALIZED_ANALOG_MAPPING,16,6,63,0,2,4,203264,800,16,12800,95.52,0.710000000000008,94.73616138095237,0.26920320561756916,94.4669581753348,-0.7838386190476285,0.7838386190476285,TiOx_03,TiOx,False
TiOx_03,TiOx,80.0,1.9030899869919435,0,0,ANALOG,NOT_REPORTED,normalized_from_ratio,IDEALIZED_SINGLE_PAIR_ANALOG,IDEALIZED_ANALOG_MAPPING,64,8,255,0,2,5,203264,56,32,1792,95.49,0.7400000000000091,95.02687140476192,0.12652176656362785,94.90034963819829,-0.46312859523807504,0.46312859523807504,TiOx_03,TiOx,False
TiOx_03,TiOx,80.0,1.9030899869919435,0,0,ANALOG,NOT_REPORTED,normalized_from_ratio,IDEALIZED_SINGLE_PAIR_ANALOG,IDEALIZED_ANALOG_MAPPING,64,5,31,0,2,5,203264,56,32,1792,95.48,0.75,94.95495934920636,0.15760639513467362,94.79735295407168,-0.5250406507936418,0.5250406507936418,TiOx_03,TiOx,False
TiOx_03,TiOx,80.0,1.9030899869919435,0,0,ANALOG,NOT_REPORTED,normalized_from_ratio,IDEALIZED_SINGLE_PAIR_ANALOG,IDEALIZED_ANALOG_MAPPING,16,8,255,0,2,4,203264,800,16,12800,95.47,0.7600000000000051,94.7575193095238,0.3227926079806158,94.43472670154318,-0.7124806904761982,0.7124806904761982,TiOx_03,TiOx,False
TiOx_03,TiOx,80.0,1.9030899869919435,0,0,ANALOG,NOT_REPORTED,normalized_from_ratio,IDEALIZED_SINGLE_PAIR_ANALOG,IDEALIZED_ANALOG_MAPPING,16,5,31,0,2,4,203264,800,16,12800,95.47,0.7600000000000051,94.67728738095238,0.32542638845872496,94.35186099249366,-0.7927126190476201,0.7927126190476201,TiOx_03,TiOx,False
TiOx_03,TiOx,80.0,1.9030899869919435,0,0,ANALOG,NOT_REPORTED,normalized_from_ratio,IDEALIZED_SINGLE_PAIR_ANALOG,IDEALIZED_ANALOG_MAPPING,64,4,15,0,2,5,203264,56,32,1792,95.42,0.8100000000000023,94.96703368253968,0.1749051181709869,94.7921285643687,-0.4529663174603229,0.4529663174603229,TiOx_03,TiOx,False
TiOx_03,TiOx,80.0,1.9030899869919435,0,0,ANALOG,NOT_REPORTED,normalized_from_ratio,IDEALIZED_SINGLE_PAIR_ANALOG,IDEALIZED_ANALOG_MAPPING,16,4,15,0,2,4,203264,800,16,12800,95.3,0.9300000000000068,94.58437766666667,0.6389223667859653,93.9454552998807,-0.7156223333333287,0.7156223333333287,TiOx_03,TiOx,False
TiOx_03,TiOx,80.0,1.9030899869919435,0,0,ANALOG,NOT_REPORTED,normalized_from_ratio,IDEALIZED_SINGLE_PAIR_ANALOG,IDEALIZED_ANALOG_MAPPING,128,8,255,0,2,5,203264,16,32,512,94.63,1.6000000000000083,92.93684784126985,0.1225155905584411,92.81433225071142,-1.6931521587301432,1.6931521587301432,TiOx_03,TiOx,False
TiOx_03,TiOx,80.0,1.9030899869919435,0,0,ANALOG,NOT_REPORTED,normalized_from_ratio,IDEALIZED_SINGLE_PAIR_ANALOG,IDEALIZED_ANALOG_MAPPING,128,6,63,0,2,5,203264,16,32,512,94.5,1.730000000000004,92.92903353174604,0.15394414967393907,92.77508938207211,-1.5709664682539568,1.5709664682539568,TiOx_03,TiOx,False
TiOx_03,TiOx,80.0,1.9030899869919435,0,0,ANALOG,NOT_REPORTED,normalized_from_ratio,IDEALIZED_SINGLE_PAIR_ANALOG,IDEALIZED_ANALOG_MAPPING,128,5,31,0,2,5,203264,16,32,512,94.45,1.7800000000000011,92.75773311111111,0.19999183911653526,92.55774127199457,-1.692266888888895,1.692266888888895,TiOx_03,TiOx,False
TiOx_03,TiOx,80.0,1.9030899869919435,0,0,ANALOG,NOT_REPORTED,normalized_from_ratio,IDEALIZED_SINGLE_PAIR_ANALOG,IDEALIZED_ANALOG_MAPPING,128,7,127,0,2,5,203264,16,32,512,94.42,1.8100000000000025,92.9333425079365,0.12983825697146648,92.80350425096503,-1.4866574920635003,1.4866574920635003,TiOx_03,TiOx,False
TiOx_03,TiOx,80.0,1.9030899869919435,0,0,ANALOG,NOT_REPORTED,normalized_from_ratio,IDEALIZED_SINGLE_PAIR_ANALOG,IDEALIZED_ANALOG_MAPPING,32,7,127,0,2,4,203264,208,16,3328,94.36,1.8700000000000043,93.6001009920635,0.5009481588943274,93.09915283316917,-0.7598990079364967,0.7598990079364967,TiOx_03,TiOx,False
TiOx_03,TiOx,80.0,1.9030899869919435,0,0,ANALOG,NOT_REPORTED,normalized_from_ratio,IDEALIZED_SINGLE_PAIR_ANALOG,IDEALIZED_ANALOG_MAPPING,32,8,255,0,2,4,203264,208,16,3328,94.31,1.9200000000000017,93.58933599206348,0.5209100491542638,93.06842594290922,-0.7206640079365201,0.7206640079365201,TiOx_03,TiOx,False
TiOx_03,TiOx,80.0,1.9030899869919435,0,0,ANALOG,NOT_REPORTED,normalized_from_ratio,IDEALIZED_SINGLE_PAIR_ANALOG,IDEALIZED_ANALOG_MAPPING,256,6,63,0,2,5,203264,10,32,320,94.23,2.0,92.72756753968254,0.13353170655915328,92.59403583312339,-1.5024324603174648,1.5024324603174648,TiOx_03,TiOx,False
TiOx_03,TiOx,80.0,1.9030899869919435,0,0,ANALOG,NOT_REPORTED,normalized_from_ratio,IDEALIZED_SINGLE_PAIR_ANALOG,IDEALIZED_ANALOG_MAPPING,32,6,63,0,2,4,203264,208,16,3328,94.21,2.0200000000000102,93.5686646111111,0.522033560417364,93.04663105069373,-0.6413353888888906,0.6413353888888906,TiOx_03,TiOx,False
TiOx_03,TiOx,80.0,1.9030899869919435,0,0,ANALOG,NOT_REPORTED,normalized_from_ratio,IDEALIZED_SINGLE_PAIR_ANALOG,IDEALIZED_ANALOG_MAPPING,256,7,127,0,2,5,203264,10,32,320,94.17,2.0600000000000023,92.73997513492064,0.11541488305652495,92.62456025186411,-1.4300248650793606,1.4300248650793606,TiOx_03,TiOx,False
TiOx_03,TiOx,80.0,1.9030899869919435,0,0,ANALOG,NOT_REPORTED,normalized_from_ratio,IDEALIZED_SINGLE_PAIR_ANALOG,IDEALIZED_ANALOG_MAPPING,128,4,15,0,2,5,203264,16,32,512,94.16,2.0700000000000074,92.79658427777777,0.22069480677586914,92.5758894710019,-1.3634157222222285,1.3634157222222285,TiOx_03,TiOx,False
TiOx_03,TiOx,80.0,1.9030899869919435,0,0,ANALOG,NOT_REPORTED,normalized_from_ratio,IDEALIZED_SINGLE_PAIR_ANALOG,IDEALIZED_ANALOG_MAPPING,256,8,255,0,2,5,203264,10,32,320,94.08,2.1500000000000057,92.74348046825396,0.11327419426182692,92.63020627399213,-1.3365195317460348,1.3365195317460348,TiOx_03,TiOx,False
TiOx_03,TiOx,80.0,1.9030899869919435,0,0,ANALOG,NOT_REPORTED,normalized_from_ratio,IDEALIZED_SINGLE_PAIR_ANALOG,IDEALIZED_ANALOG_MAPPING,32,4,15,0,2,4,203264,208,16,3328,94.07,2.160000000000011,93.38390428571428,0.7993171652833745,92.58458712043091,-0.6860957142857131,0.6860957142857131,TiOx_03,TiOx,False
TiOx_03,TiOx,80.0,1.9030899869919435,0,0,ANALOG,NOT_REPORTED,normalized_from_ratio,IDEALIZED_SINGLE_PAIR_ANALOG,IDEALIZED_ANALOG_MAPPING,256,5,31,0,2,5,203264,10,32,320,94.01,2.219999999999999,92.6177357142857,0.10484699599488613,92.51288871829081,-1.3922642857143046,1.3922642857143046,TiOx_03,TiOx,False
TiOx_03,TiOx,80.0,1.9030899869919435,0,0,ANALOG,NOT_REPORTED,normalized_from_ratio,IDEALIZED_SINGLE_PAIR_ANALOG,IDEALIZED_ANALOG_MAPPING,256,4,15,0,2,5,203264,10,32,320,93.99,2.240000000000009,92.65852921428572,0.17525391559249695,92.48327529869323,-1.3314707857142736,1.3314707857142736,TiOx_03,TiOx,False
TiOx_03,TiOx,80.0,1.9030899869919435,0,0,ANALOG,NOT_REPORTED,normalized_from_ratio,IDEALIZED_SINGLE_PAIR_ANALOG,IDEALIZED_ANALOG_MAPPING,32,5,31,0,2,4,203264,208,16,3328,93.95,2.280000000000001,93.44640395238095,0.5965283278194042,92.84987562456155,-0.5035960476190553,0.5035960476190553,TiOx_03,TiOx,False
TiOx_03,TiOx,80.0,1.9030899869919435,0,0,ANALOG,NOT_REPORTED,normalized_from_ratio,IDEALIZED_SINGLE_PAIR_ANALOG,IDEALIZED_ANALOG_MAPPING,64,3,7,0,2,8,203264,56,256,14336,92.28,3.950000000000003,92.21915966666667,0.039781297393017806,92.17937836927365,-0.06084033333333139,0.06084033333333139,TiOx_03,TiOx,False
TiOx_03,TiOx,80.0,1.9030899869919435,0,0,ANALOG,NOT_REPORTED,normalized_from_ratio,IDEALIZED_SINGLE_PAIR_ANALOG,IDEALIZED_ANALOG_MAPPING,256,3,7,0,2,8,203264,10,256,2560,92.28,3.950000000000003,92.2548307063492,0.04563415609803269,92.20919655025116,-0.025169293650805002,0.025169293650805002,TiOx_03,TiOx,False
TiOx_03,TiOx,80.0,1.9030899869919435,0,0,ANALOG,NOT_REPORTED,normalized_from_ratio,IDEALIZED_SINGLE_PAIR_ANALOG,IDEALIZED_ANALOG_MAPPING,16,3,7,0,2,9,203264,800,512,409600,92.27,3.960000000000008,92.2267647936508,0.026458112523254536,92.20030668112754,-0.043235206349194755,0.043235206349194755,TiOx_03,TiOx,False
TiOx_03,TiOx,80.0,1.9030899869919435,0,0,ANALOG,NOT_REPORTED,normalized_from_ratio,IDEALIZED_SINGLE_PAIR_ANALOG,IDEALIZED_ANALOG_MAPPING,128,3,7,0,2,8,203264,16,256,4096,92.27,3.960000000000008,92.24853450793653,0.04143163147475095,92.20710287646178,-0.021465492063470037,0.021465492063470037,TiOx_03,TiOx,False
TiOx_03,TiOx,80.0,1.9030899869919435,0,0,ANALOG,NOT_REPORTED,normalized_from_ratio,IDEALIZED_SINGLE_PAIR_ANALOG,IDEALIZED_ANALOG_MAPPING,16,3,7,0,2,10,203264,800,1024,819200,92.26,3.969999999999999,92.21786784126985,0.02020799651757393,92.19765984475228,-0.042132158730154856,0.042132158730154856,TiOx_03,TiOx,False
TiOx_03,TiOx,80.0,1.9030899869919435,0,0,ANALOG,NOT_REPORTED,normalized_from_ratio,IDEALIZED_SINGLE_PAIR_ANALOG,IDEALIZED_ANALOG_MAPPING,128,3,7,0,2,9,203264,16,512,8192,92.26,3.969999999999999,92.25588928571428,0.02832412354341442,92.22756516217086,-0.004110714285729955,0.004110714285729955,TiOx_03,TiOx,False
TiOx_03,TiOx,80.0,1.9030899869919435,0,0,ANALOG,NOT_REPORTED,normalized_from_ratio,IDEALIZED_SINGLE_PAIR_ANALOG,IDEALIZED_ANALOG_MAPPING,32,3,7,0,2,10,203264,208,1024,212992,92.25,3.980000000000004,92.2384184920635,0.023035128152695643,92.2153833639108,-0.011581507936497815,0.011581507936497815,TiOx_03,TiOx,False
TiOx_03,TiOx,80.0,1.9030899869919435,0,0,ANALOG,NOT_REPORTED,normalized_from_ratio,IDEALIZED_SINGLE_PAIR_ANALOG,IDEALIZED_ANALOG_MAPPING,16,3,7,0,2,7,203264,800,128,102400,92.24,3.990000000000009,92.21878991269841,0.030635440941477163,92.18815447175693,-0.021210087301582803,0.021210087301582803,TiOx_03,TiOx,False
TiOx_03,TiOx,80.0,1.9030899869919435,0,0,ANALOG,NOT_REPORTED,normalized_from_ratio,IDEALIZED_SINGLE_PAIR_ANALOG,IDEALIZED_ANALOG_MAPPING,256,3,7,0,2,9,203264,10,512,5120,92.24,3.990000000000009,92.25821644444444,0.03239612281829866,92.22582032162614,0.018216444444448143,0.018216444444448143,TiOx_03,TiOx,False
TiOx_03,TiOx,80.0,1.9030899869919435,0,0,ANALOG,NOT_REPORTED,normalized_from_ratio,IDEALIZED_SINGLE_PAIR_ANALOG,IDEALIZED_ANALOG_MAPPING,16,3,7,0,2,8,203264,800,256,204800,92.24,3.990000000000009,92.20673531529583,0.028382848293219808,92.17835246700261,-0.03326468470416444,0.03326468470416444,TiOx_03,TiOx,False
TiOx_03,TiOx,80.0,1.9030899869919435,0,0,ANALOG,NOT_REPORTED,normalized_from_ratio,IDEALIZED_SINGLE_PAIR_ANALOG,IDEALIZED_ANALOG_MAPPING,256,3,7,0,2,10,203264,10,1024,10240,92.22,4.010000000000005,92.2503129054834,0.029653854371286165,92.22065905111211,0.030312905483398822,0.030312905483398822,TiOx_03,TiOx,False
TiOx_03,TiOx,80.0,1.9030899869919435,0,0,ANALOG,NOT_REPORTED,normalized_from_ratio,IDEALIZED_SINGLE_PAIR_ANALOG,IDEALIZED_ANALOG_MAPPING,128,3,7,0,2,10,203264,16,1024,16384,92.21,4.02000000000001,92.24183280952381,0.024647563000105736,92.21718524652371,0.03183280952382006,0.03183280952382006,TiOx_03,TiOx,False
TiOx_03,TiOx,80.0,1.9030899869919435,0,0,ANALOG,NOT_REPORTED,normalized_from_ratio,IDEALIZED_SINGLE_PAIR_ANALOG,IDEALIZED_ANALOG_MAPPING,32,3,7,0,2,9,203264,208,512,106496,92.2,4.030000000000001,92.25615215800866,0.02350464476486731,92.23264751324379,0.05615215800865769,0.05615215800865769,TiOx_03,TiOx,False
TiOx_03,TiOx,80.0,1.9030899869919435,0,0,ANALOG,NOT_REPORTED,normalized_from_ratio,IDEALIZED_SINGLE_PAIR_ANALOG,IDEALIZED_ANALOG_MAPPING,64,3,7,0,2,9,203264,56,512,28672,92.2,4.030000000000001,92.24210265873018,0.02342060646773592,92.21868205226244,0.04210265873017249,0.04210265873017249,TiOx_03,TiOx,False
TiOx_03,TiOx,80.0,1.9030899869919435,0,0,ANALOG,NOT_REPORTED,normalized_from_ratio,IDEALIZED_SINGLE_PAIR_ANALOG,IDEALIZED_ANALOG_MAPPING,32,3,7,0,2,8,203264,208,256,53248,92.19,4.040000000000006,92.2309541796537,0.04134217176624535,92.18961200788745,0.04095417965369563,0.04095417965369563,TiOx_03,TiOx,False
TiOx_03,TiOx,80.0,1.9030899869919435,0,0,ANALOG,NOT_REPORTED,normalized_from_ratio,IDEALIZED_SINGLE_PAIR_ANALOG,IDEALIZED_ANALOG_MAPPING,32,3,7,0,2,7,203264,208,128,26624,92.18,4.049999999999997,92.24405206782106,0.0353881886180952,92.20866387920296,0.0640520678210521,0.0640520678210521,TiOx_03,TiOx,False
TiOx_03,TiOx,80.0,1.9030899869919435,0,0,ANALOG,NOT_REPORTED,normalized_from_ratio,IDEALIZED_SINGLE_PAIR_ANALOG,IDEALIZED_ANALOG_MAPPING,64,3,7,0,2,10,203264,56,1024,57344,92.17,4.060000000000002,92.22928999206351,0.016432764905537862,92.21285722715798,0.05928999206351193,0.05928999206351193,TiOx_03,TiOx,False
TiOx_03,TiOx,80.0,1.9030899869919435,0,0,ANALOG,NOT_REPORTED,normalized_from_ratio,IDEALIZED_SINGLE_PAIR_ANALOG,IDEALIZED_ANALOG_MAPPING,16,3,7,0,2,6,203264,800,64,51200,92.13,4.1000000000000085,91.77117995238095,0.338888131873634,91.43229182050732,-0.35882004761904795,0.35882004761904795,TiOx_03,TiOx,False
TiOx_03,TiOx,80.0,1.9030899869919435,0,0,ANALOG,NOT_REPORTED,normalized_from_ratio,IDEALIZED_SINGLE_PAIR_ANALOG,IDEALIZED_ANALOG_MAPPING,32,3,7,0,2,6,203264,208,64,13312,92.12,4.109999999999999,91.73353141269841,0.33242607576429134,91.40110533693412,-0.38646858730159295,0.38646858730159295,TiOx_03,TiOx,False
TiOx_03,TiOx,80.0,1.9030899869919435,0,0,ANALOG,NOT_REPORTED,normalized_from_ratio,IDEALIZED_SINGLE_PAIR_ANALOG,IDEALIZED_ANALOG_MAPPING,64,3,7,0,2,6,203264,56,64,3584,92.1,4.13000000000001,91.5325747936508,0.3475598284882384,91.18501496516255,-0.5674252063491991,0.5674252063491991,TiOx_03,TiOx,False
TiOx_03,TiOx,80.0,1.9030899869919435,0,0,ANALOG,NOT_REPORTED,normalized_from_ratio,IDEALIZED_SINGLE_PAIR_ANALOG,IDEALIZED_ANALOG_MAPPING,256,3,7,0,2,7,203264,10,128,1280,92.01,4.219999999999999,92.18501673520923,0.048983349931492136,92.13603338527774,0.17501673520922623,0.17501673520922623,TiOx_03,TiOx,False
TiOx_03,TiOx,80.0,1.9030899869919435,0,0,ANALOG,NOT_REPORTED,normalized_from_ratio,IDEALIZED_SINGLE_PAIR_ANALOG,IDEALIZED_ANALOG_MAPPING,64,3,7,0,2,7,203264,56,128,7168,91.99,4.240000000000009,92.18688113997113,0.04603217555273966,92.1408489644184,0.19688113997113987,0.19688113997113987,TiOx_03,TiOx,False
TiOx_03,TiOx,80.0,1.9030899869919435,0,0,ANALOG,NOT_REPORTED,normalized_from_ratio,IDEALIZED_SINGLE_PAIR_ANALOG,IDEALIZED_ANALOG_MAPPING,128,3,7,0,2,7,203264,16,128,2048,91.99,4.240000000000009,92.18586321933623,0.055161430030485445,92.13070178930575,0.19586321933623196,0.19586321933623196,TiOx_03,TiOx,False
TiOx_03,TiOx,80.0,1.9030899869919435,0,0,ANALOG,NOT_REPORTED,normalized_from_ratio,IDEALIZED_SINGLE_PAIR_ANALOG,IDEALIZED_ANALOG_MAPPING,16,3,7,0,2,5,203264,800,32,25600,91.77,4.460000000000008,91.12268107575757,0.7511482014671876,90.37153287429038,-0.6473189242424269,0.6473189242424269,TiOx_03,TiOx,False
TiOx_03,TiOx,80.0,1.9030899869919435,0,0,ANALOG,NOT_REPORTED,normalized_from_ratio,IDEALIZED_SINGLE_PAIR_ANALOG,IDEALIZED_ANALOG_MAPPING,128,3,7,0,2,6,203264,16,64,1024,91.75,4.480000000000004,91.4085436031746,0.34984556514810305,91.0586980380265,-0.34145639682539297,0.34145639682539297,TiOx_03,TiOx,False
TiOx_03,TiOx,80.0,1.9030899869919435,0,0,ANALOG,NOT_REPORTED,normalized_from_ratio,IDEALIZED_SINGLE_PAIR_ANALOG,IDEALIZED_ANALOG_MAPPING,256,3,7,0,2,6,203264,10,64,640,91.7,4.530000000000001,91.37006341269843,0.37013952310342235,90.99992388959501,-0.3299365873015745,0.3299365873015745,TiOx_03,TiOx,False
TiOx_03,TiOx,80.0,1.9030899869919435,0,0,ANALOG,NOT_REPORTED,normalized_from_ratio,IDEALIZED_SINGLE_PAIR_ANALOG,IDEALIZED_ANALOG_MAPPING,32,3,7,0,2,5,203264,208,32,6656,91.49,4.740000000000009,91.07184326623376,0.7333602821953259,90.33848298403844,-0.41815673376623863,0.41815673376623863,TiOx_03,TiOx,False
TiOx_03,TiOx,80.0,1.9030899869919435,0,0,ANALOG,NOT_REPORTED,normalized_from_ratio,IDEALIZED_SINGLE_PAIR_ANALOG,IDEALIZED_ANALOG_MAPPING,64,3,7,0,2,5,203264,56,32,1792,91.16,5.070000000000007,90.7017169090909,0.7381614161917605,89.96355549289915,-0.4582830909090916,0.4582830909090916,TiOx_03,TiOx,False
TiOx_03,TiOx,80.0,1.9030899869919435,0,0,ANALOG,NOT_REPORTED,normalized_from_ratio,IDEALIZED_SINGLE_PAIR_ANALOG,IDEALIZED_ANALOG_MAPPING,64,4,15,0,2,4,203264,56,16,896,90.55,5.680000000000007,88.69829210317461,1.835512565960717,86.8627795372139,-1.8517078968253884,1.8517078968253884,TiOx_03,TiOx,False
TiOx_03,TiOx,80.0,1.9030899869919435,0,0,ANALOG,NOT_REPORTED,normalized_from_ratio,IDEALIZED_SINGLE_PAIR_ANALOG,IDEALIZED_ANALOG_MAPPING,16,3,7,0,2,4,203264,800,16,12800,90.55,5.680000000000007,89.9623482222222,1.4787109821851614,88.48363724003704,-0.5876517777777934,0.5876517777777934,TiOx_03,TiOx,False
TiOx_03,TiOx,80.0,1.9030899869919435,0,0,ANALOG,NOT_REPORTED,normalized_from_ratio,IDEALIZED_SINGLE_PAIR_ANALOG,IDEALIZED_ANALOG_MAPPING,64,6,63,0,2,4,203264,56,16,896,90.17,6.060000000000002,88.98836716666666,1.5532232618462105,87.43514390482045,-1.1816328333333388,1.1816328333333388,TiOx_03,TiOx,False
TiOx_03,TiOx,80.0,1.9030899869919435,0,0,ANALOG,NOT_REPORTED,normalized_from_ratio,IDEALIZED_SINGLE_PAIR_ANALOG,IDEALIZED_ANALOG_MAPPING,128,3,7,0,2,5,203264,16,32,512,90.17,6.060000000000002,89.99536317893217,0.9582251597527399,89.03713801917942,-0.1746368210678355,0.1746368210678355,TiOx_03,TiOx,False
TiOx_03,TiOx,80.0,1.9030899869919435,0,0,ANALOG,NOT_REPORTED,normalized_from_ratio,IDEALIZED_SINGLE_PAIR_ANALOG,IDEALIZED_ANALOG_MAPPING,64,7,127,0,2,4,203264,56,16,896,90.03,6.200000000000003,89.01941959523809,1.5281157791200768,87.49130381611802,-1.0105804047619102,1.0105804047619102,TiOx_03,TiOx,False
TiOx_03,TiOx,80.0,1.9030899869919435,0,0,ANALOG,NOT_REPORTED,normalized_from_ratio,IDEALIZED_SINGLE_PAIR_ANALOG,IDEALIZED_ANALOG_MAPPING,64,8,255,0,2,4,203264,56,16,896,89.9,6.329999999999998,89.00842792857145,1.4895286563376904,87.51889927223375,-0.8915720714285555,0.8915720714285555,TiOx_03,TiOx,False
TiOx_03,TiOx,80.0,1.9030899869919435,0,0,ANALOG,NOT_REPORTED,normalized_from_ratio,IDEALIZED_SINGLE_PAIR_ANALOG,IDEALIZED_ANALOG_MAPPING,64,5,31,0,2,4,203264,56,16,896,89.77,6.460000000000008,88.84017929365078,1.6459035482268156,87.19427574542397,-0.9298207063492185,0.9298207063492185,TiOx_03,TiOx,False
TiOx_03,TiOx,80.0,1.9030899869919435,0,0,ANALOG,NOT_REPORTED,normalized_from_ratio,IDEALIZED_SINGLE_PAIR_ANALOG,IDEALIZED_ANALOG_MAPPING,32,3,7,0,2,4,203264,208,16,3328,89.62,6.609999999999999,89.50324688095239,1.4053989502987736,88.09784793065361,-0.11675311904761543,0.11675311904761543,TiOx_03,TiOx,False
TiOx_03,TiOx,80.0,1.9030899869919435,0,0,ANALOG,NOT_REPORTED,normalized_from_ratio,IDEALIZED_SINGLE_PAIR_ANALOG,IDEALIZED_ANALOG_MAPPING,256,3,7,0,2,5,203264,10,32,320,89.45,6.780000000000001,89.70300210750362,0.9070683851690657,88.79593372233455,0.25300210750361884,0.25300210750361884,TiOx_03,TiOx,False
TiOx_03,TiOx,80.0,1.9030899869919435,0,0,ANALOG,NOT_REPORTED,normalized_from_ratio,IDEALIZED_SINGLE_PAIR_ANALOG,IDEALIZED_ANALOG_MAPPING,64,3,7,0,2,4,203264,56,16,896,86.46,9.77000000000001,87.40128347619047,1.828949807460133,85.57233366873034,0.9412834761904776,0.9412834761904776,TiOx_03,TiOx,False
TiOx_03,TiOx,80.0,1.9030899869919435,0,0,ANALOG,NOT_REPORTED,normalized_from_ratio,IDEALIZED_SINGLE_PAIR_ANALOG,IDEALIZED_ANALOG_MAPPING,256,4,15,0,2,4,203264,10,16,160,77.68,18.55,76.7489185952381,0.9718804057371017,75.777038189501,-0.9310814047619118,0.9310814047619118,TiOx_03,TiOx,False
TiOx_03,TiOx,80.0,1.9030899869919435,0,0,ANALOG,NOT_REPORTED,normalized_from_ratio,IDEALIZED_SINGLE_PAIR_ANALOG,IDEALIZED_ANALOG_MAPPING,128,4,15,0,2,4,203264,16,16,256,77.41,18.820000000000007,79.26767366017317,1.0405146704052464,78.22715898976793,1.8576736601731767,1.8576736601731767,TiOx_03,TiOx,False
TiOx_03,TiOx,80.0,1.9030899869919435,0,0,ANALOG,NOT_REPORTED,normalized_from_ratio,IDEALIZED_SINGLE_PAIR_ANALOG,IDEALIZED_ANALOG_MAPPING,128,3,7,0,2,4,203264,16,16,256,76.2,20.03,79.26167193795095,1.2194585550564003,78.04221338289454,3.0616719379509476,3.0616719379509476,TiOx_03,TiOx,False
TiOx_03,TiOx,80.0,1.9030899869919435,0,0,ANALOG,NOT_REPORTED,normalized_from_ratio,IDEALIZED_SINGLE_PAIR_ANALOG,IDEALIZED_ANALOG_MAPPING,128,6,63,0,2,4,203264,16,16,256,75.65,20.58,78.87287937518037,0.9634667765109027,77.90941259866948,3.2228793751803693,3.2228793751803693,TiOx_03,TiOx,False
TiOx_03,TiOx,80.0,1.9030899869919435,0,0,ANALOG,NOT_REPORTED,normalized_from_ratio,IDEALIZED_SINGLE_PAIR_ANALOG,IDEALIZED_ANALOG_MAPPING,256,6,63,0,2,4,203264,10,16,160,75.58,20.65000000000001,76.50261334126984,1.0230335390833414,75.47957980218649,0.9226133412698374,0.9226133412698374,TiOx_03,TiOx,False
TiOx_03,TiOx,80.0,1.9030899869919435,0,0,ANALOG,NOT_REPORTED,normalized_from_ratio,IDEALIZED_SINGLE_PAIR_ANALOG,IDEALIZED_ANALOG_MAPPING,256,7,127,0,2,4,203264,10,16,160,75.36,20.870000000000005,76.43302529365079,1.0281130129187326,75.40491228073205,1.0730252936507867,1.0730252936507867,TiOx_03,TiOx,False
TiOx_03,TiOx,80.0,1.9030899869919435,0,0,ANALOG,NOT_REPORTED,normalized_from_ratio,IDEALIZED_SINGLE_PAIR_ANALOG,IDEALIZED_ANALOG_MAPPING,128,8,255,0,2,4,203264,16,16,256,75.28,20.950000000000003,78.82465132756133,0.955013750178443,77.86963757738289,3.5446513275613256,3.5446513275613256,TiOx_03,TiOx,False
TiOx_03,TiOx,80.0,1.9030899869919435,0,0,ANALOG,NOT_REPORTED,normalized_from_ratio,IDEALIZED_SINGLE_PAIR_ANALOG,IDEALIZED_ANALOG_MAPPING,256,8,255,0,2,4,203264,10,16,160,75.23,21.0,76.4330672936508,1.0238237675124309,75.40924352613837,1.2030672936507898,1.2030672936507898,TiOx_03,TiOx,False
TiOx_03,TiOx,80.0,1.9030899869919435,0,0,ANALOG,NOT_REPORTED,normalized_from_ratio,IDEALIZED_SINGLE_PAIR_ANALOG,IDEALIZED_ANALOG_MAPPING,128,7,127,0,2,4,203264,16,16,256,74.92,21.31,78.82460932756133,0.9597154886160421,77.86489383894529,3.9046093275613316,3.9046093275613316,TiOx_03,TiOx,False
TiOx_03,TiOx,80.0,1.9030899869919435,0,0,ANALOG,NOT_REPORTED,normalized_from_ratio,IDEALIZED_SINGLE_PAIR_ANALOG,IDEALIZED_ANALOG_MAPPING,256,5,31,0,2,4,203264,10,16,160,74.77,21.460000000000008,76.55904554761905,0.9380547222521108,75.62099082536695,1.7890455476190539,1.7890455476190539,TiOx_03,TiOx,False
TiOx_03,TiOx,80.0,1.9030899869919435,0,0,ANALOG,NOT_REPORTED,normalized_from_ratio,IDEALIZED_SINGLE_PAIR_ANALOG,IDEALIZED_ANALOG_MAPPING,128,5,31,0,2,4,203264,16,16,256,74.52,21.710000000000008,78.99380833549783,1.0533926175254686,77.94041571797236,4.473808335497836,4.473808335497836,TiOx_03,TiOx,False
TiOx_03,TiOx,80.0,1.9030899869919435,0,0,ANALOG,NOT_REPORTED,normalized_from_ratio,IDEALIZED_SINGLE_PAIR_ANALOG,IDEALIZED_ANALOG_MAPPING,256,3,7,0,2,4,203264,10,16,160,73.41,22.820000000000007,76.7601580952381,0.9843485691873053,75.7758095260508,3.3501580952381005,3.3501580952381005,TiOx_03,TiOx,False
TiOx_03,TiOx,80.0,1.9030899869919435,0,0,ANALOG,NOT_REPORTED,normalized_from_ratio,IDEALIZED_SINGLE_PAIR_ANALOG,IDEALIZED_ANALOG_MAPPING,64,2,3,0,2,4,203264,56,16,896,12.52,83.71000000000001,11.528516285714286,0.3303381477037147,11.19817813801057,-0.9914837142857138,0.9914837142857138,TiOx_03,TiOx,False
TiOx_03,TiOx,80.0,1.9030899869919435,0,0,ANALOG,NOT_REPORTED,normalized_from_ratio,IDEALIZED_SINGLE_PAIR_ANALOG,IDEALIZED_ANALOG_MAPPING,64,2,3,0,2,5,203264,56,32,1792,12.05,84.18,11.511167571428572,0.21544026727244622,11.295727304156125,-0.5388324285714283,0.5388324285714283,TiOx_03,TiOx,False
TiOx_03,TiOx,80.0,1.9030899869919435,0,0,ANALOG,NOT_REPORTED,normalized_from_ratio,IDEALIZED_SINGLE_PAIR_ANALOG,IDEALIZED_ANALOG_MAPPING,16,2,3,0,2,4,203264,800,16,12800,12.04,84.19,11.727424579365081,0.2480710354410582,11.479353543924024,-0.31257542063491783,0.31257542063491783,TiOx_03,TiOx,False
TiOx_03,TiOx,80.0,1.9030899869919435,0,0,ANALOG,NOT_REPORTED,normalized_from_ratio,IDEALIZED_SINGLE_PAIR_ANALOG,IDEALIZED_ANALOG_MAPPING,128,2,3,0,2,5,203264,16,32,512,11.98,84.25,11.843746492063492,0.288565672519787,11.555180819543704,-0.1362535079365088,0.1362535079365088,TiOx_03,TiOx,False
TiOx_03,TiOx,80.0,1.9030899869919435,0,0,ANALOG,NOT_REPORTED,normalized_from_ratio,IDEALIZED_SINGLE_PAIR_ANALOG,IDEALIZED_ANALOG_MAPPING,256,2,3,0,2,5,203264,10,32,320,11.93,84.30000000000001,11.82636038888889,0.4337238841265665,11.392636504762324,-0.10363961111110953,0.10363961111110953,TiOx_03,TiOx,False
TiOx_03,TiOx,80.0,1.9030899869919435,0,0,ANALOG,NOT_REPORTED,normalized_from_ratio,IDEALIZED_SINGLE_PAIR_ANALOG,IDEALIZED_ANALOG_MAPPING,128,2,3,0,2,4,203264,16,16,256,11.86,84.37,10.995863904761903,0.438760406623339,10.557103498138563,-0.8641360952380968,0.8641360952380968,TiOx_03,TiOx,False
TiOx_03,TiOx,80.0,1.9030899869919435,0,0,ANALOG,NOT_REPORTED,normalized_from_ratio,IDEALIZED_SINGLE_PAIR_ANALOG,IDEALIZED_ANALOG_MAPPING,32,2,3,0,2,5,203264,208,32,6656,11.72,84.51,11.655951238095238,0.12423757592608264,11.531713662169155,-0.06404876190476294,0.06404876190476294,TiOx_03,TiOx,False
TiOx_03,TiOx,80.0,1.9030899869919435,0,0,ANALOG,NOT_REPORTED,normalized_from_ratio,IDEALIZED_SINGLE_PAIR_ANALOG,IDEALIZED_ANALOG_MAPPING,16,2,3,0,2,5,203264,800,32,25600,11.58,84.65,11.595207007936507,0.1295488732828101,11.465658134653697,0.015207007936506756,0.015207007936506756,TiOx_03,TiOx,False
TiOx_03,TiOx,80.0,1.9030899869919435,0,0,ANALOG,NOT_REPORTED,normalized_from_ratio,IDEALIZED_SINGLE_PAIR_ANALOG,IDEALIZED_ANALOG_MAPPING,32,2,3,0,2,4,203264,208,16,3328,11.55,84.68,11.72235738888889,0.24015151123237682,11.482205877656513,0.17235738888888896,0.17235738888888896,TiOx_03,TiOx,False
TiOx_03,TiOx,80.0,1.9030899869919435,0,0,ANALOG,NOT_REPORTED,normalized_from_ratio,IDEALIZED_SINGLE_PAIR_ANALOG,IDEALIZED_ANALOG_MAPPING,256,2,3,0,2,8,203264,10,256,2560,11.51,84.72,11.313769626984127,0.1449487672232046,11.168820859760922,-0.19623037301587232,0.19623037301587232,TiOx_03,TiOx,False
TiOx_03,TiOx,80.0,1.9030899869919435,0,0,ANALOG,NOT_REPORTED,normalized_from_ratio,IDEALIZED_SINGLE_PAIR_ANALOG,IDEALIZED_ANALOG_MAPPING,32,2,3,0,2,9,203264,208,512,106496,11.49,84.74000000000001,11.322774373015873,0.0872269629993121,11.235547410016562,-0.16722562698412702,0.16722562698412702,TiOx_03,TiOx,False
TiOx_03,TiOx,80.0,1.9030899869919435,0,0,ANALOG,NOT_REPORTED,normalized_from_ratio,IDEALIZED_SINGLE_PAIR_ANALOG,IDEALIZED_ANALOG_MAPPING,16,2,3,0,2,10,203264,800,1024,819200,11.49,84.74000000000001,11.373180855921857,0.09411455131281384,11.279066304609044,-0.11681914407814276,0.11681914407814276,TiOx_03,TiOx,False
TiOx_03,TiOx,80.0,1.9030899869919435,0,0,ANALOG,NOT_REPORTED,normalized_from_ratio,IDEALIZED_SINGLE_PAIR_ANALOG,IDEALIZED_ANALOG_MAPPING,128,2,3,0,2,8,203264,16,256,4096,11.47,84.76,11.308835611111112,0.1184900493450819,11.19034556176603,-0.1611643888888885,0.1611643888888885,TiOx_03,TiOx,False
TiOx_03,TiOx,80.0,1.9030899869919435,0,0,ANALOG,NOT_REPORTED,normalized_from_ratio,IDEALIZED_SINGLE_PAIR_ANALOG,IDEALIZED_ANALOG_MAPPING,16,2,3,0,2,9,203264,800,512,409600,11.46,84.77000000000001,11.372436213064713,0.07152206353861208,11.3009141495261,-0.08756378693528788,0.08756378693528788,TiOx_03,TiOx,False
TiOx_03,TiOx,80.0,1.9030899869919435,0,0,ANALOG,NOT_REPORTED,normalized_from_ratio,IDEALIZED_SINGLE_PAIR_ANALOG,IDEALIZED_ANALOG_MAPPING,16,2,3,0,2,8,203264,800,256,204800,11.46,84.77000000000001,11.352856482905983,0.08117468735395526,11.271681795552027,-0.10714351709401804,0.10714351709401804,TiOx_03,TiOx,False
TiOx_03,TiOx,80.0,1.9030899869919435,0,0,ANALOG,NOT_REPORTED,normalized_from_ratio,IDEALIZED_SINGLE_PAIR_ANALOG,IDEALIZED_ANALOG_MAPPING,128,2,3,0,2,7,203264,16,128,2048,11.46,84.77000000000001,11.47952830952381,0.12355125692456485,11.355977052599245,0.019528309523808574,0.019528309523808574,TiOx_03,TiOx,False
TiOx_03,TiOx,80.0,1.9030899869919435,0,0,ANALOG,NOT_REPORTED,normalized_from_ratio,IDEALIZED_SINGLE_PAIR_ANALOG,IDEALIZED_ANALOG_MAPPING,64,2,3,0,2,9,203264,56,512,28672,11.42,84.81,11.303481214285716,0.08815371641037867,11.215327497875338,-0.11651878571428398,0.11651878571428398,TiOx_03,TiOx,False
TiOx_03,TiOx,80.0,1.9030899869919435,0,0,ANALOG,NOT_REPORTED,normalized_from_ratio,IDEALIZED_SINGLE_PAIR_ANALOG,IDEALIZED_ANALOG_MAPPING,128,2,3,0,2,9,203264,16,512,8192,11.41,84.82000000000001,11.345749976190476,0.07298519631313247,11.272764779877344,-0.06425002380952449,0.06425002380952449,TiOx_03,TiOx,False
TiOx_03,TiOx,80.0,1.9030899869919435,0,0,ANALOG,NOT_REPORTED,normalized_from_ratio,IDEALIZED_SINGLE_PAIR_ANALOG,IDEALIZED_ANALOG_MAPPING,32,2,3,0,2,8,203264,208,256,53248,11.4,84.83,11.28290914774115,0.09254816956008628,11.190360978181063,-0.11709085225885119,0.11709085225885119,TiOx_03,TiOx,False
TiOx_03,TiOx,80.0,1.9030899869919435,0,0,ANALOG,NOT_REPORTED,normalized_from_ratio,IDEALIZED_SINGLE_PAIR_ANALOG,IDEALIZED_ANALOG_MAPPING,32,2,3,0,2,6,203264,208,64,13312,11.38,84.85000000000001,11.177668203296705,0.16196518167015841,11.015703021626546,-0.20233179670329626,0.20233179670329626,TiOx_03,TiOx,False
TiOx_03,TiOx,80.0,1.9030899869919435,0,0,ANALOG,NOT_REPORTED,normalized_from_ratio,IDEALIZED_SINGLE_PAIR_ANALOG,IDEALIZED_ANALOG_MAPPING,256,2,3,0,2,9,203264,10,512,5120,11.38,84.85000000000001,11.342971857142857,0.1042017038225957,11.23877015332026,-0.037028142857144175,0.037028142857144175,TiOx_03,TiOx,False
TiOx_03,TiOx,80.0,1.9030899869919435,0,0,ANALOG,NOT_REPORTED,normalized_from_ratio,IDEALIZED_SINGLE_PAIR_ANALOG,IDEALIZED_ANALOG_MAPPING,64,2,3,0,2,8,203264,56,256,14336,11.38,84.85000000000001,11.234178302863802,0.08384943613413195,11.15032886672967,-0.1458216971361992,0.1458216971361992,TiOx_03,TiOx,False
TiOx_03,TiOx,80.0,1.9030899869919435,0,0,ANALOG,NOT_REPORTED,normalized_from_ratio,IDEALIZED_SINGLE_PAIR_ANALOG,IDEALIZED_ANALOG_MAPPING,32,2,3,0,2,10,203264,208,1024,212992,11.28,84.95,11.294093674603177,0.09659297790785104,11.197500696695325,0.014093674603177675,0.014093674603177675,TiOx_03,TiOx,False
TiOx_03,TiOx,80.0,1.9030899869919435,0,0,ANALOG,NOT_REPORTED,normalized_from_ratio,IDEALIZED_SINGLE_PAIR_ANALOG,IDEALIZED_ANALOG_MAPPING,256,2,3,0,2,7,203264,10,128,1280,11.27,84.96000000000001,11.476593369408368,0.16788962614621858,11.30870374326215,0.2065933694083686,0.2065933694083686,TiOx_03,TiOx,False
TiOx_03,TiOx,80.0,1.9030899869919435,0,0,ANALOG,NOT_REPORTED,normalized_from_ratio,IDEALIZED_SINGLE_PAIR_ANALOG,IDEALIZED_ANALOG_MAPPING,16,2,3,0,2,6,203264,800,64,51200,11.26,84.97,11.249585244810746,0.1684283704806663,11.081156874330079,-0.010414755189254166,0.010414755189254166,TiOx_03,TiOx,False
TiOx_03,TiOx,80.0,1.9030899869919435,0,0,ANALOG,NOT_REPORTED,normalized_from_ratio,IDEALIZED_SINGLE_PAIR_ANALOG,IDEALIZED_ANALOG_MAPPING,64,2,3,0,2,10,203264,56,1024,57344,11.25,84.98,11.267080682539683,0.08635801525216555,11.180722667287517,0.017080682539683423,0.017080682539683423,TiOx_03,TiOx,False
TiOx_03,TiOx,80.0,1.9030899869919435,0,0,ANALOG,NOT_REPORTED,normalized_from_ratio,IDEALIZED_SINGLE_PAIR_ANALOG,IDEALIZED_ANALOG_MAPPING,32,2,3,0,2,7,203264,208,128,26624,11.23,85.0,11.387420346153846,0.11171629278711535,11.27570405336673,0.15742034615384526,0.15742034615384526,TiOx_03,TiOx,False
TiOx_03,TiOx,80.0,1.9030899869919435,0,0,ANALOG,NOT_REPORTED,normalized_from_ratio,IDEALIZED_SINGLE_PAIR_ANALOG,IDEALIZED_ANALOG_MAPPING,128,2,3,0,2,10,203264,16,1024,16384,11.22,85.01,11.283909952380952,0.0650656894761548,11.218844262904797,0.06390995238095165,0.06390995238095165,TiOx_03,TiOx,False
TiOx_03,TiOx,80.0,1.9030899869919435,0,0,ANALOG,NOT_REPORTED,normalized_from_ratio,IDEALIZED_SINGLE_PAIR_ANALOG,IDEALIZED_ANALOG_MAPPING,256,2,3,0,2,10,203264,10,1024,10240,11.18,85.05000000000001,11.28787807142857,0.09420602257156047,11.19367204885701,0.10787807142857098,0.10787807142857098,TiOx_03,TiOx,False
TiOx_03,TiOx,80.0,1.9030899869919435,0,0,ANALOG,NOT_REPORTED,normalized_from_ratio,IDEALIZED_SINGLE_PAIR_ANALOG,IDEALIZED_ANALOG_MAPPING,16,2,3,0,2,7,203264,800,128,102400,11.13,85.10000000000001,11.411198046398047,0.06961893631866946,11.341579110079378,0.28119804639804613,0.28119804639804613,TiOx_03,TiOx,False
TiOx_03,TiOx,80.0,1.9030899869919435,0,0,ANALOG,NOT_REPORTED,normalized_from_ratio,IDEALIZED_SINGLE_PAIR_ANALOG,IDEALIZED_ANALOG_MAPPING,256,2,3,0,2,4,203264,10,16,160,11.11,85.12,10.39597638095238,0.5068814047605261,9.889094976191855,-0.7140236190476195,0.7140236190476195,TiOx_03,TiOx,False
TiOx_03,TiOx,80.0,1.9030899869919435,0,0,ANALOG,NOT_REPORTED,normalized_from_ratio,IDEALIZED_SINGLE_PAIR_ANALOG,IDEALIZED_ANALOG_MAPPING,64,2,3,0,2,6,203264,56,64,3584,11.07,85.16,11.129743084249084,0.1749411704943913,10.954801913754693,0.05974308424908337,0.05974308424908337,TiOx_03,TiOx,False
TiOx_03,TiOx,80.0,1.9030899869919435,0,0,ANALOG,NOT_REPORTED,normalized_from_ratio,IDEALIZED_SINGLE_PAIR_ANALOG,IDEALIZED_ANALOG_MAPPING,64,2,3,0,2,7,203264,56,128,7168,11.04,85.19,11.337572326673326,0.13897123662859212,11.198601090044734,0.2975723266733272,0.2975723266733272,TiOx_03,TiOx,False
TiOx_03,TiOx,80.0,1.9030899869919435,0,0,ANALOG,NOT_REPORTED,normalized_from_ratio,IDEALIZED_SINGLE_PAIR_ANALOG,IDEALIZED_ANALOG_MAPPING,128,2,3,0,2,6,203264,16,64,1024,11.03,85.2,11.229071142857144,0.24396135567920096,10.985109787177944,0.19907114285714478,0.19907114285714478,TiOx_03,TiOx,False
TiOx_03,TiOx,80.0,1.9030899869919435,0,0,ANALOG,NOT_REPORTED,normalized_from_ratio,IDEALIZED_SINGLE_PAIR_ANALOG,IDEALIZED_ANALOG_MAPPING,256,2,3,0,2,6,203264,10,64,640,10.89,85.34,11.27359863924964,0.28166832254074464,10.991930316708896,0.3835986392496391,0.3835986392496391,TiOx_03,TiOx,False
ZnO_01,ZnO,1000.0,3.0,1,2,DISCRETE_BINARY,REPORTED,normalized_from_ratio,BINARY_BIT_SLICED_DIFFERENTIAL,BIT_SLICED_BINARY_MAPPING,16,6,63,5,10,6,1016320,4000,64,256000,96.31,-0.0799999999999983,96.19161713059165,0.029427847326367922,96.16218928326528,-0.11838286940835019,0.11838286940835019,ZnO_01,ZnO,True
ZnO_01,ZnO,1000.0,3.0,1,2,DISCRETE_BINARY,REPORTED,normalized_from_ratio,BINARY_BIT_SLICED_DIFFERENTIAL,BIT_SLICED_BINARY_MAPPING,16,6,63,5,10,8,1016320,4000,256,1024000,96.3,-0.0699999999999931,96.26337362026861,0.019082647309584116,96.24429097295902,-0.036626379731387715,0.036626379731387715,ZnO_01,ZnO,True
ZnO_01,ZnO,1000.0,3.0,1,2,DISCRETE_BINARY,REPORTED,normalized_from_ratio,BINARY_BIT_SLICED_DIFFERENTIAL,BIT_SLICED_BINARY_MAPPING,64,6,63,5,10,8,1016320,280,256,71680,96.3,-0.0699999999999931,96.2774251904762,0.02341638435636512,96.25400880611983,-0.022574809523803196,0.022574809523803196,ZnO_01,ZnO,True
ZnO_01,ZnO,1000.0,3.0,1,2,DISCRETE_BINARY,REPORTED,normalized_from_ratio,BINARY_BIT_SLICED_DIFFERENTIAL,BIT_SLICED_BINARY_MAPPING,256,6,63,5,10,10,1016320,50,1024,51200,96.3,-0.0699999999999931,96.24894387301588,0.03367357996562548,96.21527029305025,-0.051056126984121875,0.051056126984121875,ZnO_01,ZnO,True
ZnO_01,ZnO,1000.0,3.0,1,2,DISCRETE_BINARY,REPORTED,normalized_from_ratio,BINARY_BIT_SLICED_DIFFERENTIAL,BIT_SLICED_BINARY_MAPPING,16,6,63,5,10,10,1016320,4000,1024,4096000,96.29,-0.0600000000000022,96.29154319047619,0.012570976085650977,96.27897221439054,0.0015431904761840087,0.0015431904761840087,ZnO_01,ZnO,True
ZnO_01,ZnO,1000.0,3.0,1,2,DISCRETE_BINARY,REPORTED,normalized_from_ratio,BINARY_BIT_SLICED_DIFFERENTIAL,BIT_SLICED_BINARY_MAPPING,32,6,63,5,10,8,1016320,1040,256,266240,96.29,-0.0600000000000022,96.2659733821734,0.021029951436047484,96.24494343073735,-0.024026617826606866,0.024026617826606866,ZnO_01,ZnO,True
ZnO_01,ZnO,1000.0,3.0,1,2,DISCRETE_BINARY,REPORTED,normalized_from_ratio,BINARY_BIT_SLICED_DIFFERENTIAL,BIT_SLICED_BINARY_MAPPING,256,6,63,5,10,9,1016320,50,512,25600,96.29,-0.0600000000000022,96.20498499206349,0.04910385707959666,96.15588113498389,-0.08501500793651928,0.08501500793651928,ZnO_01,ZnO,True
ZnO_01,ZnO,1000.0,3.0,1,2,DISCRETE_BINARY,REPORTED,normalized_from_ratio,BINARY_BIT_SLICED_DIFFERENTIAL,BIT_SLICED_BINARY_MAPPING,32,6,63,5,10,10,1016320,1040,1024,1064960,96.29,-0.0600000000000022,96.29194616666666,0.01204353435486081,96.2799026323118,0.001946166666655813,0.001946166666655813,ZnO_01,ZnO,True
ZnO_01,ZnO,1000.0,3.0,1,2,DISCRETE_BINARY,REPORTED,normalized_from_ratio,BINARY_BIT_SLICED_DIFFERENTIAL,BIT_SLICED_BINARY_MAPPING,16,6,63,5,10,7,1016320,4000,128,512000,96.28,-0.0499999999999971,96.24927842979244,0.014490941188794187,96.23478748860364,-0.030721570207560944,0.030721570207560944,ZnO_01,ZnO,True
ZnO_01,ZnO,1000.0,3.0,1,2,DISCRETE_BINARY,REPORTED,normalized_from_ratio,BINARY_BIT_SLICED_DIFFERENTIAL,BIT_SLICED_BINARY_MAPPING,64,6,63,5,10,10,1016320,280,1024,286720,96.28,-0.0499999999999971,96.28993587301588,0.011692548427178139,96.2782433245887,0.00993587301587695,0.00993587301587695,ZnO_01,ZnO,True
ZnO_01,ZnO,1000.0,3.0,1,2,DISCRETE_BINARY,REPORTED,normalized_from_ratio,BINARY_BIT_SLICED_DIFFERENTIAL,BIT_SLICED_BINARY_MAPPING,32,6,63,5,10,7,1016320,1040,128,133120,96.28,-0.0499999999999971,96.24030399905651,0.016635005578315525,96.2236689934782,-0.03969600094349346,0.03969600094349346,ZnO_01,ZnO,True
ZnO_01,ZnO,1000.0,3.0,1,2,DISCRETE_BINARY,REPORTED,normalized_from_ratio,BINARY_BIT_SLICED_DIFFERENTIAL,BIT_SLICED_BINARY_MAPPING,256,8,255,7,14,10,1422848,70,1024,71680,96.28,-0.0499999999999971,96.21974973809525,0.013852186662127317,96.20589755143313,-0.060250261904755575,0.060250261904755575,ZnO_01,ZnO,True
ZnO_01,ZnO,1000.0,3.0,1,2,DISCRETE_BINARY,REPORTED,normalized_from_ratio,BINARY_BIT_SLICED_DIFFERENTIAL,BIT_SLICED_BINARY_MAPPING,16,8,255,7,14,9,1422848,5600,512,2867200,96.27,-0.039999999999992,96.24065613492063,0.015106931718944719,96.22554920320168,-0.029343865079368925,0.029343865079368925,ZnO_01,ZnO,True
ZnO_01,ZnO,1000.0,3.0,1,2,DISCRETE_BINARY,REPORTED,normalized_from_ratio,BINARY_BIT_SLICED_DIFFERENTIAL,BIT_SLICED_BINARY_MAPPING,256,6,63,5,10,6,1016320,50,64,3200,96.27,-0.039999999999992,95.92026905555555,0.048264946948880796,95.87200410860667,-0.3497309444444454,0.3497309444444454,ZnO_01,ZnO,True
ZnO_01,ZnO,1000.0,3.0,1,2,DISCRETE_BINARY,REPORTED,normalized_from_ratio,BINARY_BIT_SLICED_DIFFERENTIAL,BIT_SLICED_BINARY_MAPPING,64,8,255,7,14,10,1422848,392,1024,401408,96.27,-0.039999999999992,96.24155223809524,0.017601869362845773,96.22395036873239,-0.02844776190475784,0.02844776190475784,ZnO_01,ZnO,True
ZnO_01,ZnO,1000.0,3.0,1,2,DISCRETE_BINARY,REPORTED,normalized_from_ratio,BINARY_BIT_SLICED_DIFFERENTIAL,BIT_SLICED_BINARY_MAPPING,128,6,63,5,10,10,1016320,80,1024,81920,96.27,-0.039999999999992,96.26988086507937,0.024116226650815403,96.24576463842855,-0.00011913492062376463,0.00011913492062376463,ZnO_01,ZnO,True
ZnO_01,ZnO,1000.0,3.0,1,2,DISCRETE_BINARY,REPORTED,normalized_from_ratio,BINARY_BIT_SLICED_DIFFERENTIAL,BIT_SLICED_BINARY_MAPPING,16,6,63,5,10,9,1016320,4000,512,2048000,96.27,-0.039999999999992,96.25965843650793,0.013334655148468714,96.24632378135946,-0.010341563492062278,0.010341563492062278,ZnO_01,ZnO,True
ZnO_01,ZnO,1000.0,3.0,1,2,DISCRETE_BINARY,REPORTED,normalized_from_ratio,BINARY_BIT_SLICED_DIFFERENTIAL,BIT_SLICED_BINARY_MAPPING,32,6,63,5,10,5,1016320,1040,32,33280,96.27,-0.039999999999992,95.9166103968254,0.09181483931077225,95.82479555751463,-0.3533896031745911,0.3533896031745911,ZnO_01,ZnO,True
ZnO_01,ZnO,1000.0,3.0,1,2,DISCRETE_BINARY,REPORTED,normalized_from_ratio,BINARY_BIT_SLICED_DIFFERENTIAL,BIT_SLICED_BINARY_MAPPING,16,8,255,7,14,10,1422848,5600,1024,5734400,96.27,-0.039999999999992,96.25038722222223,0.010862181915641813,96.23952504030659,-0.019612777777766155,0.019612777777766155,ZnO_01,ZnO,True
ZnO_01,ZnO,1000.0,3.0,1,2,DISCRETE_BINARY,REPORTED,normalized_from_ratio,BINARY_BIT_SLICED_DIFFERENTIAL,BIT_SLICED_BINARY_MAPPING,128,8,255,7,14,10,1422848,112,1024,114688,96.27,-0.039999999999992,96.22703346031747,0.015160360751456622,96.21187309956602,-0.042966539682524285,0.042966539682524285,ZnO_01,ZnO,True
ZnO_01,ZnO,1000.0,3.0,1,2,DISCRETE_BINARY,REPORTED,normalized_from_ratio,BINARY_BIT_SLICED_DIFFERENTIAL,BIT_SLICED_BINARY_MAPPING,256,6,63,5,10,7,1016320,50,128,6400,96.27,-0.039999999999992,96.17694199206349,0.030051760047402894,96.14689023201609,-0.09305800793650576,0.09305800793650576,ZnO_01,ZnO,True
ZnO_01,ZnO,1000.0,3.0,1,2,DISCRETE_BINARY,REPORTED,normalized_from_ratio,BINARY_BIT_SLICED_DIFFERENTIAL,BIT_SLICED_BINARY_MAPPING,128,7,127,6,12,7,1219584,96,128,12288,96.27,-0.039999999999992,96.15935935714286,0.04031577013106149,96.1190435870118,-0.11064064285713471,0.11064064285713471,ZnO_01,ZnO,True
ZnO_01,ZnO,1000.0,3.0,1,2,DISCRETE_BINARY,REPORTED,normalized_from_ratio,BINARY_BIT_SLICED_DIFFERENTIAL,BIT_SLICED_BINARY_MAPPING,32,8,255,7,14,8,1422848,1456,256,372736,96.26,-0.0300000000000011,96.20900443650795,0.028076701383644133,96.18092773512431,-0.05099556349205159,0.05099556349205159,ZnO_01,ZnO,True
ZnO_01,ZnO,1000.0,3.0,1,2,DISCRETE_BINARY,REPORTED,normalized_from_ratio,BINARY_BIT_SLICED_DIFFERENTIAL,BIT_SLICED_BINARY_MAPPING,32,8,255,7,14,7,1422848,1456,128,186368,96.26,-0.0300000000000011,96.23318688888888,0.024772230907727545,96.20841465798115,-0.0268131111111245,0.0268131111111245,ZnO_01,ZnO,True
ZnO_01,ZnO,1000.0,3.0,1,2,DISCRETE_BINARY,REPORTED,normalized_from_ratio,BINARY_BIT_SLICED_DIFFERENTIAL,BIT_SLICED_BINARY_MAPPING,128,8,255,7,14,7,1422848,112,128,14336,96.26,-0.0300000000000011,96.1601305,0.04063416599617063,96.11949633400383,-0.09986950000001116,0.09986950000001116,ZnO_01,ZnO,True
ZnO_01,ZnO,1000.0,3.0,1,2,DISCRETE_BINARY,REPORTED,normalized_from_ratio,BINARY_BIT_SLICED_DIFFERENTIAL,BIT_SLICED_BINARY_MAPPING,64,6,63,5,10,9,1016320,280,512,143360,96.26,-0.0300000000000011,96.26500115079365,0.017267315632166748,96.24773383516148,0.0050011507936460475,0.0050011507936460475,ZnO_01,ZnO,True
ZnO_01,ZnO,1000.0,3.0,1,2,DISCRETE_BINARY,REPORTED,normalized_from_ratio,BINARY_BIT_SLICED_DIFFERENTIAL,BIT_SLICED_BINARY_MAPPING,32,8,255,7,14,10,1422848,1456,1024,1490944,96.26,-0.0300000000000011,96.24882745238095,0.015589565852980342,96.23323788652797,-0.011172547619054285,0.011172547619054285,ZnO_01,ZnO,True
ZnO_01,ZnO,1000.0,3.0,1,2,DISCRETE_BINARY,REPORTED,normalized_from_ratio,BINARY_BIT_SLICED_DIFFERENTIAL,BIT_SLICED_BINARY_MAPPING,16,8,255,7,14,5,1422848,5600,32,179200,96.26,-0.0300000000000011,96.0790799047619,0.08889124202083201,95.99018866274106,-0.1809200952381076,0.1809200952381076,ZnO_01,ZnO,True
ZnO_01,ZnO,1000.0,3.0,1,2,DISCRETE_BINARY,REPORTED,normalized_from_ratio,BINARY_BIT_SLICED_DIFFERENTIAL,BIT_SLICED_BINARY_MAPPING,16,8,255,7,14,8,1422848,5600,256,1433600,96.26,-0.0300000000000011,96.23561276190478,0.02307562704384366,96.21253713486094,-0.02438723809522969,0.02438723809522969,ZnO_01,ZnO,True
ZnO_01,ZnO,1000.0,3.0,1,2,DISCRETE_BINARY,REPORTED,normalized_from_ratio,BINARY_BIT_SLICED_DIFFERENTIAL,BIT_SLICED_BINARY_MAPPING,16,8,255,7,14,7,1422848,5600,128,716800,96.26,-0.0300000000000011,96.2506337063492,0.01505515135856479,96.23557855499064,-0.009366293650799662,0.009366293650799662,ZnO_01,ZnO,True
ZnO_01,ZnO,1000.0,3.0,1,2,DISCRETE_BINARY,REPORTED,normalized_from_ratio,BINARY_BIT_SLICED_DIFFERENTIAL,BIT_SLICED_BINARY_MAPPING,32,6,63,5,10,9,1016320,1040,512,532480,96.26,-0.0300000000000011,96.26246196031745,0.015221243688778474,96.24724071662867,0.002461960317447165,0.002461960317447165,ZnO_01,ZnO,True
ZnO_01,ZnO,1000.0,3.0,1,2,DISCRETE_BINARY,REPORTED,normalized_from_ratio,BINARY_BIT_SLICED_DIFFERENTIAL,BIT_SLICED_BINARY_MAPPING,128,6,63,5,10,8,1016320,80,256,20480,96.25,-0.019999999999996,96.28296819841269,0.04388982127597769,96.2390783771367,0.032968198412689276,0.032968198412689276,ZnO_01,ZnO,True
ZnO_01,ZnO,1000.0,3.0,1,2,DISCRETE_BINARY,REPORTED,normalized_from_ratio,BINARY_BIT_SLICED_DIFFERENTIAL,BIT_SLICED_BINARY_MAPPING,256,7,127,6,12,7,1219584,60,128,7680,96.25,-0.019999999999996,96.15106469047619,0.02543489787517292,96.12562979260102,-0.09893530952381013,0.09893530952381013,ZnO_01,ZnO,True
ZnO_01,ZnO,1000.0,3.0,1,2,DISCRETE_BINARY,REPORTED,normalized_from_ratio,BINARY_BIT_SLICED_DIFFERENTIAL,BIT_SLICED_BINARY_MAPPING,256,6,63,5,10,8,1016320,50,256,12800,96.25,-0.019999999999996,96.26474166666667,0.0562639437933077,96.20847772287335,0.014741666666665765,0.014741666666665765,ZnO_01,ZnO,True
ZnO_01,ZnO,1000.0,3.0,1,2,DISCRETE_BINARY,REPORTED,normalized_from_ratio,BINARY_BIT_SLICED_DIFFERENTIAL,BIT_SLICED_BINARY_MAPPING,16,8,255,7,14,6,1422848,5600,64,358400,96.25,-0.019999999999996,96.18738266233768,0.03812945534749996,96.14925320699018,-0.06261733766231714,0.06261733766231714,ZnO_01,ZnO,True
ZnO_01,ZnO,1000.0,3.0,1,2,DISCRETE_BINARY,REPORTED,normalized_from_ratio,BINARY_BIT_SLICED_DIFFERENTIAL,BIT_SLICED_BINARY_MAPPING,128,6,63,5,10,7,1016320,80,128,10240,96.24,-0.0099999999999909,96.1821638968254,0.04180256814077488,96.14036132868462,-0.0578361031745942,0.0578361031745942,ZnO_01,ZnO,True
ZnO_01,ZnO,1000.0,3.0,1,2,DISCRETE_BINARY,REPORTED,normalized_from_ratio,BINARY_BIT_SLICED_DIFFERENTIAL,BIT_SLICED_BINARY_MAPPING,256,7,127,6,12,10,1219584,60,1024,61440,96.24,-0.0099999999999909,96.22410326190476,0.015136878016183037,96.20896638388858,-0.015896738095236174,0.015896738095236174,ZnO_01,ZnO,True
ZnO_01,ZnO,1000.0,3.0,1,2,DISCRETE_BINARY,REPORTED,normalized_from_ratio,BINARY_BIT_SLICED_DIFFERENTIAL,BIT_SLICED_BINARY_MAPPING,32,5,31,4,8,6,813056,832,64,53248,96.24,-0.0099999999999909,96.06635765873015,0.06269460793845591,96.0036630507917,-0.17364234126984002,0.17364234126984002,ZnO_01,ZnO,True
ZnO_01,ZnO,1000.0,3.0,1,2,DISCRETE_BINARY,REPORTED,normalized_from_ratio,BINARY_BIT_SLICED_DIFFERENTIAL,BIT_SLICED_BINARY_MAPPING,32,6,63,5,10,4,1016320,1040,16,16640,96.24,-0.0099999999999909,94.34260857509157,0.1894314113954554,94.15317716369611,-1.8973914249084203,1.8973914249084203,ZnO_01,ZnO,True
ZnO_01,ZnO,1000.0,3.0,1,2,DISCRETE_BINARY,REPORTED,normalized_from_ratio,BINARY_BIT_SLICED_DIFFERENTIAL,BIT_SLICED_BINARY_MAPPING,32,7,127,6,12,8,1219584,1248,256,319488,96.24,-0.0099999999999909,96.22213294444445,0.021923390849373885,96.20020955359507,-0.017867055555541356,0.017867055555541356,ZnO_01,ZnO,True
ZnO_01,ZnO,1000.0,3.0,1,2,DISCRETE_BINARY,REPORTED,normalized_from_ratio,BINARY_BIT_SLICED_DIFFERENTIAL,BIT_SLICED_BINARY_MAPPING,16,6,63,5,10,5,1016320,4000,32,128000,96.24,-0.0099999999999909,96.05102723809524,0.08876914632947087,95.96225809176578,-0.18897276190475054,0.18897276190475054,ZnO_01,ZnO,True
ZnO_01,ZnO,1000.0,3.0,1,2,DISCRETE_BINARY,REPORTED,normalized_from_ratio,BINARY_BIT_SLICED_DIFFERENTIAL,BIT_SLICED_BINARY_MAPPING,256,8,255,7,14,7,1422848,70,128,8960,96.24,-0.0099999999999909,96.1502775,0.025878898037415818,96.12439860196258,-0.08972249999999349,0.08972249999999349,ZnO_01,ZnO,True
ZnO_01,ZnO,1000.0,3.0,1,2,DISCRETE_BINARY,REPORTED,normalized_from_ratio,BINARY_BIT_SLICED_DIFFERENTIAL,BIT_SLICED_BINARY_MAPPING,128,6,63,5,10,9,1016320,80,512,40960,96.24,-0.0099999999999909,96.23243382539681,0.04332392076365303,96.18910990463316,-0.007566174603184095,0.007566174603184095,ZnO_01,ZnO,True
ZnO_01,ZnO,1000.0,3.0,1,2,DISCRETE_BINARY,REPORTED,normalized_from_ratio,BINARY_BIT_SLICED_DIFFERENTIAL,BIT_SLICED_BINARY_MAPPING,16,7,127,6,12,7,1219584,4800,128,614400,96.24,-0.0099999999999909,96.24635453174604,0.014586724128723442,96.23176780761732,0.006354531746040948,0.006354531746040948,ZnO_01,ZnO,True
ZnO_01,ZnO,1000.0,3.0,1,2,DISCRETE_BINARY,REPORTED,normalized_from_ratio,BINARY_BIT_SLICED_DIFFERENTIAL,BIT_SLICED_BINARY_MAPPING,32,8,255,7,14,9,1422848,1456,512,745472,96.23,0.0,96.23838846825396,0.021145629860047043,96.21724283839391,0.008388468253954784,0.008388468253954784,ZnO_01,ZnO,True
ZnO_01,ZnO,1000.0,3.0,1,2,DISCRETE_BINARY,REPORTED,normalized_from_ratio,BINARY_BIT_SLICED_DIFFERENTIAL,BIT_SLICED_BINARY_MAPPING,64,8,255,7,14,5,1422848,392,32,12544,96.23,0.0,95.54152576190475,0.07812658359041141,95.46339917831433,-0.6884742380952531,0.6884742380952531,ZnO_01,ZnO,True
ZnO_01,ZnO,1000.0,3.0,1,2,DISCRETE_BINARY,REPORTED,normalized_from_ratio,BINARY_BIT_SLICED_DIFFERENTIAL,BIT_SLICED_BINARY_MAPPING,128,8,255,7,14,8,1422848,112,256,28672,96.23,0.0,96.19672906349207,0.02046806766688094,96.17626099582519,-0.03327093650793245,0.03327093650793245,ZnO_01,ZnO,True
ZnO_01,ZnO,1000.0,3.0,1,2,DISCRETE_BINARY,REPORTED,normalized_from_ratio,BINARY_BIT_SLICED_DIFFERENTIAL,BIT_SLICED_BINARY_MAPPING,64,8,255,7,14,7,1422848,392,128,50176,96.23,0.0,96.22291358730159,0.024313773948680006,96.19859981335291,-0.007086412698413369,0.007086412698413369,ZnO_01,ZnO,True
ZnO_01,ZnO,1000.0,3.0,1,2,DISCRETE_BINARY,REPORTED,normalized_from_ratio,BINARY_BIT_SLICED_DIFFERENTIAL,BIT_SLICED_BINARY_MAPPING,64,5,31,4,8,7,813056,224,128,28672,96.23,0.0,96.20693968986569,0.041758965854210885,96.16518072401148,-0.02306031013431209,0.02306031013431209,ZnO_01,ZnO,True
ZnO_01,ZnO,1000.0,3.0,1,2,DISCRETE_BINARY,REPORTED,normalized_from_ratio,BINARY_BIT_SLICED_DIFFERENTIAL,BIT_SLICED_BINARY_MAPPING,16,7,127,6,12,8,1219584,4800,256,1228800,96.22,0.0100000000000051,96.23125175396827,0.013387778337317979,96.21786397563095,0.011251753968267053,0.011251753968267053,ZnO_01,ZnO,True
ZnO_01,ZnO,1000.0,3.0,1,2,DISCRETE_BINARY,REPORTED,normalized_from_ratio,BINARY_BIT_SLICED_DIFFERENTIAL,BIT_SLICED_BINARY_MAPPING,16,7,127,6,12,9,1219584,4800,512,2457600,96.22,0.0100000000000051,96.22662407936508,0.007969963058838679,96.21865411630624,0.006624079365082025,0.006624079365082025,ZnO_01,ZnO,True
ZnO_01,ZnO,1000.0,3.0,1,2,DISCRETE_BINARY,REPORTED,normalized_from_ratio,BINARY_BIT_SLICED_DIFFERENTIAL,BIT_SLICED_BINARY_MAPPING,32,7,127,6,12,10,1219584,1248,1024,1277952,96.22,0.0100000000000051,96.22230855555556,0.011758718882348277,96.21054983667321,0.0023085555555582005,0.0023085555555582005,ZnO_01,ZnO,True
ZnO_01,ZnO,1000.0,3.0,1,2,DISCRETE_BINARY,REPORTED,normalized_from_ratio,BINARY_BIT_SLICED_DIFFERENTIAL,BIT_SLICED_BINARY_MAPPING,32,7,127,6,12,6,1219584,1248,64,79872,96.22,0.0100000000000051,96.19530900360752,0.038216435182059146,96.15709256842545,-0.024690996392479292,0.024690996392479292,ZnO_01,ZnO,True
ZnO_01,ZnO,1000.0,3.0,1,2,DISCRETE_BINARY,REPORTED,normalized_from_ratio,BINARY_BIT_SLICED_DIFFERENTIAL,BIT_SLICED_BINARY_MAPPING,256,8,255,7,14,6,1422848,70,64,4480,96.22,0.0100000000000051,95.93258321428571,0.04714858273402433,95.88543463155169,-0.2874167857142851,0.2874167857142851,ZnO_01,ZnO,True
ZnO_01,ZnO,1000.0,3.0,1,2,DISCRETE_BINARY,REPORTED,normalized_from_ratio,BINARY_BIT_SLICED_DIFFERENTIAL,BIT_SLICED_BINARY_MAPPING,64,6,63,5,10,6,1016320,280,64,17920,96.22,0.0100000000000051,96.1034643015873,0.05254034680820742,96.0509239547791,-0.11653569841270439,0.11653569841270439,ZnO_01,ZnO,True
ZnO_01,ZnO,1000.0,3.0,1,2,DISCRETE_BINARY,REPORTED,normalized_from_ratio,BINARY_BIT_SLICED_DIFFERENTIAL,BIT_SLICED_BINARY_MAPPING,64,6,63,5,10,7,1016320,280,128,35840,96.22,0.0100000000000051,96.21909385497835,0.030360654977771562,96.18873320000058,-0.0009061450216449884,0.0009061450216449884,ZnO_01,ZnO,True
ZnO_01,ZnO,1000.0,3.0,1,2,DISCRETE_BINARY,REPORTED,normalized_from_ratio,BINARY_BIT_SLICED_DIFFERENTIAL,BIT_SLICED_BINARY_MAPPING,64,7,127,6,12,10,1219584,336,1024,344064,96.22,0.0100000000000051,96.22629464285714,0.015355884869286627,96.21093875798786,0.0062946428571422075,0.0062946428571422075,ZnO_01,ZnO,True
ZnO_01,ZnO,1000.0,3.0,1,2,DISCRETE_BINARY,REPORTED,normalized_from_ratio,BINARY_BIT_SLICED_DIFFERENTIAL,BIT_SLICED_BINARY_MAPPING,64,8,255,7,14,9,1422848,392,512,200704,96.22,0.0100000000000051,96.2238727936508,0.018792028450257042,96.20508076520053,0.003872793650799622,0.003872793650799622,ZnO_01,ZnO,True
ZnO_01,ZnO,1000.0,3.0,1,2,DISCRETE_BINARY,REPORTED,normalized_from_ratio,BINARY_BIT_SLICED_DIFFERENTIAL,BIT_SLICED_BINARY_MAPPING,64,7,127,6,12,7,1219584,336,128,43008,96.22,0.0100000000000051,96.2224442936508,0.02514307676722918,96.19730121688356,0.0024442936507966806,0.0024442936507966806,ZnO_01,ZnO,True
ZnO_01,ZnO,1000.0,3.0,1,2,DISCRETE_BINARY,REPORTED,normalized_from_ratio,BINARY_BIT_SLICED_DIFFERENTIAL,BIT_SLICED_BINARY_MAPPING,128,7,127,6,12,10,1219584,96,1024,98304,96.22,0.0100000000000051,96.22862916666668,0.016832308391116258,96.21179685827556,0.008629166666679566,0.008629166666679566,ZnO_01,ZnO,True
ZnO_01,ZnO,1000.0,3.0,1,2,DISCRETE_BINARY,REPORTED,normalized_from_ratio,BINARY_BIT_SLICED_DIFFERENTIAL,BIT_SLICED_BINARY_MAPPING,128,8,255,7,14,9,1422848,112,512,57344,96.22,0.0100000000000051,96.21096081746032,0.017423128226720253,96.1935376892336,-0.009039182539680723,0.009039182539680723,ZnO_01,ZnO,True
ZnO_01,ZnO,1000.0,3.0,1,2,DISCRETE_BINARY,REPORTED,normalized_from_ratio,BINARY_BIT_SLICED_DIFFERENTIAL,BIT_SLICED_BINARY_MAPPING,16,7,127,6,12,6,1219584,4800,64,307200,96.22,0.0100000000000051,96.18053586075037,0.028293634833497,96.15224222591686,-0.0394641392496311,0.0394641392496311,ZnO_01,ZnO,True
ZnO_01,ZnO,1000.0,3.0,1,2,DISCRETE_BINARY,REPORTED,normalized_from_ratio,BINARY_BIT_SLICED_DIFFERENTIAL,BIT_SLICED_BINARY_MAPPING,256,8,255,7,14,9,1422848,70,512,35840,96.22,0.0100000000000051,96.19748516666668,0.018383547215562162,96.17910161945112,-0.02251483333331805,0.02251483333331805,ZnO_01,ZnO,True
ZnO_01,ZnO,1000.0,3.0,1,2,DISCRETE_BINARY,REPORTED,normalized_from_ratio,BINARY_BIT_SLICED_DIFFERENTIAL,BIT_SLICED_BINARY_MAPPING,32,8,255,7,14,6,1422848,1456,64,93184,96.21,0.0200000000000102,96.21231782900435,0.044713776219271605,96.16760405278508,0.0023178290043546212,0.0023178290043546212,ZnO_01,ZnO,True
ZnO_01,ZnO,1000.0,3.0,1,2,DISCRETE_BINARY,REPORTED,normalized_from_ratio,BINARY_BIT_SLICED_DIFFERENTIAL,BIT_SLICED_BINARY_MAPPING,32,7,127,6,12,5,1219584,1248,32,39936,96.21,0.0200000000000102,95.94875787301586,0.10082214452342678,95.84793572849244,-0.2612421269841292,0.2612421269841292,ZnO_01,ZnO,True
ZnO_01,ZnO,1000.0,3.0,1,2,DISCRETE_BINARY,REPORTED,normalized_from_ratio,BINARY_BIT_SLICED_DIFFERENTIAL,BIT_SLICED_BINARY_MAPPING,16,7,127,6,12,5,1219584,4800,32,153600,96.21,0.0200000000000102,96.07952152380953,0.09067270993908894,95.98884881387045,-0.13047847619046138,0.13047847619046138,ZnO_01,ZnO,True
ZnO_01,ZnO,1000.0,3.0,1,2,DISCRETE_BINARY,REPORTED,normalized_from_ratio,BINARY_BIT_SLICED_DIFFERENTIAL,BIT_SLICED_BINARY_MAPPING,32,7,127,6,12,7,1219584,1248,128,159744,96.21,0.0200000000000102,96.23747725396825,0.013639205796015779,96.22383804817224,0.027477253968257287,0.027477253968257287,ZnO_01,ZnO,True
ZnO_01,ZnO,1000.0,3.0,1,2,DISCRETE_BINARY,REPORTED,normalized_from_ratio,BINARY_BIT_SLICED_DIFFERENTIAL,BIT_SLICED_BINARY_MAPPING,32,7,127,6,12,9,1219584,1248,512,638976,96.21,0.0200000000000102,96.22729987301588,0.012520840488676948,96.2147790325272,0.017299873015886646,0.017299873015886646,ZnO_01,ZnO,True
ZnO_01,ZnO,1000.0,3.0,1,2,DISCRETE_BINARY,REPORTED,normalized_from_ratio,BINARY_BIT_SLICED_DIFFERENTIAL,BIT_SLICED_BINARY_MAPPING,16,7,127,6,12,10,1219584,4800,1024,4915200,96.21,0.0200000000000102,96.22592426984127,0.010567306968077528,96.2153569628732,0.01592426984127826,0.01592426984127826,ZnO_01,ZnO,True
ZnO_01,ZnO,1000.0,3.0,1,2,DISCRETE_BINARY,REPORTED,normalized_from_ratio,BINARY_BIT_SLICED_DIFFERENTIAL,BIT_SLICED_BINARY_MAPPING,64,7,127,6,12,5,1219584,336,32,10752,96.21,0.0200000000000102,95.54219242857143,0.07686049870185292,95.46533192986958,-0.6678075714285683,0.6678075714285683,ZnO_01,ZnO,True
ZnO_01,ZnO,1000.0,3.0,1,2,DISCRETE_BINARY,REPORTED,normalized_from_ratio,BINARY_BIT_SLICED_DIFFERENTIAL,BIT_SLICED_BINARY_MAPPING,64,8,255,7,14,8,1422848,392,256,100352,96.21,0.0200000000000102,96.20817352380953,0.02063576607607596,96.18753775773345,-0.0018264761904589477,0.0018264761904589477,ZnO_01,ZnO,True
ZnO_01,ZnO,1000.0,3.0,1,2,DISCRETE_BINARY,REPORTED,normalized_from_ratio,BINARY_BIT_SLICED_DIFFERENTIAL,BIT_SLICED_BINARY_MAPPING,256,5,31,4,8,6,813056,40,64,2560,96.21,0.0200000000000102,95.90840948412698,0.06395821797432191,95.84445126615266,-0.30159051587301633,0.30159051587301633,ZnO_01,ZnO,True
ZnO_01,ZnO,1000.0,3.0,1,2,DISCRETE_BINARY,REPORTED,normalized_from_ratio,BINARY_BIT_SLICED_DIFFERENTIAL,BIT_SLICED_BINARY_MAPPING,256,8,255,7,14,8,1422848,70,256,17920,96.21,0.0200000000000102,96.20007038095238,0.02538875038325277,96.17468163056913,-0.009929619047611027,0.009929619047611027,ZnO_01,ZnO,True
ZnO_01,ZnO,1000.0,3.0,1,2,DISCRETE_BINARY,REPORTED,normalized_from_ratio,BINARY_BIT_SLICED_DIFFERENTIAL,BIT_SLICED_BINARY_MAPPING,64,7,127,6,12,8,1219584,336,256,86016,96.21,0.0200000000000102,96.20821212698412,0.0204683929099328,96.18774373407419,-0.0017878730158713552,0.0017878730158713552,ZnO_01,ZnO,True
ZnO_01,ZnO,1000.0,3.0,1,2,DISCRETE_BINARY,REPORTED,normalized_from_ratio,BINARY_BIT_SLICED_DIFFERENTIAL,BIT_SLICED_BINARY_MAPPING,16,5,31,4,8,6,813056,3200,64,204800,96.2,0.0300000000000011,96.09200492063492,0.03786948872672348,96.0541354319082,-0.10799507936508235,0.10799507936508235,ZnO_01,ZnO,True
ZnO_01,ZnO,1000.0,3.0,1,2,DISCRETE_BINARY,REPORTED,normalized_from_ratio,BINARY_BIT_SLICED_DIFFERENTIAL,BIT_SLICED_BINARY_MAPPING,32,6,63,5,10,6,1016320,1040,64,66560,96.2,0.0300000000000011,96.20609128932179,0.03601601975271221,96.17007526956908,0.006091289321787485,0.006091289321787485,ZnO_01,ZnO,True
ZnO_01,ZnO,1000.0,3.0,1,2,DISCRETE_BINARY,REPORTED,normalized_from_ratio,BINARY_BIT_SLICED_DIFFERENTIAL,BIT_SLICED_BINARY_MAPPING,128,7,127,6,12,6,1219584,96,64,6144,96.2,0.0300000000000011,95.90872961111111,0.05744664251263862,95.85128296859847,-0.2912703888888899,0.2912703888888899,ZnO_01,ZnO,True
ZnO_01,ZnO,1000.0,3.0,1,2,DISCRETE_BINARY,REPORTED,normalized_from_ratio,BINARY_BIT_SLICED_DIFFERENTIAL,BIT_SLICED_BINARY_MAPPING,64,7,127,6,12,9,1219584,336,512,172032,96.2,0.0300000000000011,96.21695238095236,0.016006524991008814,96.20094585596135,0.016952380952361068,0.016952380952361068,ZnO_01,ZnO,True
ZnO_01,ZnO,1000.0,3.0,1,2,DISCRETE_BINARY,REPORTED,normalized_from_ratio,BINARY_BIT_SLICED_DIFFERENTIAL,BIT_SLICED_BINARY_MAPPING,64,7,127,6,12,6,1219584,336,64,21504,96.2,0.0300000000000011,96.07389000000002,0.0684338081642701,96.00545619183575,-0.12610999999998285,0.12610999999998285,ZnO_01,ZnO,True
ZnO_01,ZnO,1000.0,3.0,1,2,DISCRETE_BINARY,REPORTED,normalized_from_ratio,BINARY_BIT_SLICED_DIFFERENTIAL,BIT_SLICED_BINARY_MAPPING,128,8,255,7,14,6,1422848,112,64,7168,96.2,0.0300000000000011,95.90903161111112,0.05687851527551777,95.8521530958356,-0.290968388888885,0.290968388888885,ZnO_01,ZnO,True
ZnO_01,ZnO,1000.0,3.0,1,2,DISCRETE_BINARY,REPORTED,normalized_from_ratio,BINARY_BIT_SLICED_DIFFERENTIAL,BIT_SLICED_BINARY_MAPPING,128,7,127,6,12,9,1219584,96,512,49152,96.2,0.0300000000000011,96.20642273015874,0.015659713718574303,96.19076301644016,0.006422730158732293,0.006422730158732293,ZnO_01,ZnO,True
ZnO_01,ZnO,1000.0,3.0,1,2,DISCRETE_BINARY,REPORTED,normalized_from_ratio,BINARY_BIT_SLICED_DIFFERENTIAL,BIT_SLICED_BINARY_MAPPING,256,7,127,6,12,9,1219584,60,512,30720,96.2,0.0300000000000011,96.19863563492065,0.02208022542376177,96.17655540949688,-0.0013643650793540019,0.0013643650793540019,ZnO_01,ZnO,True
ZnO_01,ZnO,1000.0,3.0,1,2,DISCRETE_BINARY,REPORTED,normalized_from_ratio,BINARY_BIT_SLICED_DIFFERENTIAL,BIT_SLICED_BINARY_MAPPING,256,7,127,6,12,6,1219584,60,64,3840,96.2,0.0300000000000011,95.93232254761904,0.04791262993365307,95.88440991768539,-0.2676774523809655,0.2676774523809655,ZnO_01,ZnO,True
ZnO_01,ZnO,1000.0,3.0,1,2,DISCRETE_BINARY,REPORTED,normalized_from_ratio,BINARY_BIT_SLICED_DIFFERENTIAL,BIT_SLICED_BINARY_MAPPING,256,7,127,6,12,8,1219584,60,256,15360,96.2,0.0300000000000011,96.21550323015873,0.028810971953332865,96.1866922582054,0.015503230158728343,0.015503230158728343,ZnO_01,ZnO,True
ZnO_01,ZnO,1000.0,3.0,1,2,DISCRETE_BINARY,REPORTED,normalized_from_ratio,BINARY_BIT_SLICED_DIFFERENTIAL,BIT_SLICED_BINARY_MAPPING,32,8,255,7,14,5,1422848,1456,32,46592,96.2,0.0300000000000011,95.94763853968253,0.09860081822726008,95.84903772145528,-0.25236146031747353,0.25236146031747353,ZnO_01,ZnO,True
ZnO_01,ZnO,1000.0,3.0,1,2,DISCRETE_BINARY,REPORTED,normalized_from_ratio,BINARY_BIT_SLICED_DIFFERENTIAL,BIT_SLICED_BINARY_MAPPING,128,7,127,6,12,8,1219584,96,256,24576,96.19,0.0400000000000062,96.20508073809525,0.023430970106599475,96.18164976798865,0.015080738095250013,0.015080738095250013,ZnO_01,ZnO,True
ZnO_01,ZnO,1000.0,3.0,1,2,DISCRETE_BINARY,REPORTED,normalized_from_ratio,BINARY_BIT_SLICED_DIFFERENTIAL,BIT_SLICED_BINARY_MAPPING,256,5,31,4,8,8,813056,40,256,10240,96.19,0.0400000000000062,96.12428007936508,0.0401973060581567,96.08408277330692,-0.06571992063491905,0.06571992063491905,ZnO_01,ZnO,True
ZnO_01,ZnO,1000.0,3.0,1,2,DISCRETE_BINARY,REPORTED,normalized_from_ratio,BINARY_BIT_SLICED_DIFFERENTIAL,BIT_SLICED_BINARY_MAPPING,64,6,63,5,10,5,1016320,280,32,8960,96.19,0.0400000000000062,95.52496688095238,0.07448797303412757,95.45047890791825,-0.6650331190476209,0.6650331190476209,ZnO_01,ZnO,True
ZnO_01,ZnO,1000.0,3.0,1,2,DISCRETE_BINARY,REPORTED,normalized_from_ratio,BINARY_BIT_SLICED_DIFFERENTIAL,BIT_SLICED_BINARY_MAPPING,64,5,31,4,8,6,813056,224,64,14336,96.19,0.0400000000000062,96.07267382539683,0.06826249477383191,96.004411330623,-0.11732617460316419,0.11732617460316419,ZnO_01,ZnO,True
ZnO_01,ZnO,1000.0,3.0,1,2,DISCRETE_BINARY,REPORTED,normalized_from_ratio,BINARY_BIT_SLICED_DIFFERENTIAL,BIT_SLICED_BINARY_MAPPING,64,8,255,7,14,6,1422848,392,64,25088,96.19,0.0400000000000062,96.06468095238097,0.07245275786126915,95.9922281945197,-0.1253190476190298,0.1253190476190298,ZnO_01,ZnO,True
ZnO_01,ZnO,1000.0,3.0,1,2,DISCRETE_BINARY,REPORTED,normalized_from_ratio,BINARY_BIT_SLICED_DIFFERENTIAL,BIT_SLICED_BINARY_MAPPING,32,5,31,4,8,8,813056,832,256,212992,96.18,0.0499999999999971,96.13434525396826,0.014922054948817199,96.11942319901945,-0.0456547460317438,0.0456547460317438,ZnO_01,ZnO,True
ZnO_01,ZnO,1000.0,3.0,1,2,DISCRETE_BINARY,REPORTED,normalized_from_ratio,BINARY_BIT_SLICED_DIFFERENTIAL,BIT_SLICED_BINARY_MAPPING,16,8,255,7,14,4,1422848,5600,16,89600,96.17,0.0600000000000022,95.23293393362192,0.23915266678211786,94.9937812668398,-0.9370660663780797,0.9370660663780797,ZnO_01,ZnO,True
ZnO_01,ZnO,1000.0,3.0,1,2,DISCRETE_BINARY,REPORTED,normalized_from_ratio,BINARY_BIT_SLICED_DIFFERENTIAL,BIT_SLICED_BINARY_MAPPING,32,5,31,4,8,7,813056,832,128,106496,96.17,0.0600000000000022,96.16416926129428,0.025805425754835968,96.13836383553944,-0.00583073870572548,0.00583073870572548,ZnO_01,ZnO,True
ZnO_01,ZnO,1000.0,3.0,1,2,DISCRETE_BINARY,REPORTED,normalized_from_ratio,BINARY_BIT_SLICED_DIFFERENTIAL,BIT_SLICED_BINARY_MAPPING,256,5,31,4,8,7,813056,40,128,5120,96.17,0.0600000000000022,96.1090936904762,0.05552376231996378,96.05356992815624,-0.06090630952380138,0.06090630952380138,ZnO_01,ZnO,True
ZnO_01,ZnO,1000.0,3.0,1,2,DISCRETE_BINARY,REPORTED,normalized_from_ratio,BINARY_BIT_SLICED_DIFFERENTIAL,BIT_SLICED_BINARY_MAPPING,16,7,127,6,12,4,1219584,4800,16,76800,96.17,0.0600000000000022,95.23003524314575,0.24452290102185728,94.9855123421239,-0.939964756854252,0.939964756854252,ZnO_01,ZnO,True
ZnO_01,ZnO,1000.0,3.0,1,2,DISCRETE_BINARY,REPORTED,normalized_from_ratio,BINARY_BIT_SLICED_DIFFERENTIAL,BIT_SLICED_BINARY_MAPPING,128,5,31,4,8,8,813056,64,256,16384,96.17,0.0600000000000022,96.16287881746032,0.04448871336179977,96.11839010409852,-0.0071211825396773065,0.0071211825396773065,ZnO_01,ZnO,True
ZnO_01,ZnO,1000.0,3.0,1,2,DISCRETE_BINARY,REPORTED,normalized_from_ratio,BINARY_BIT_SLICED_DIFFERENTIAL,BIT_SLICED_BINARY_MAPPING,128,6,63,5,10,6,1016320,80,64,5120,96.17,0.0600000000000022,95.90527445238095,0.06029331941932039,95.84498113296164,-0.26472554761905087,0.26472554761905087,ZnO_01,ZnO,True
ZnO_01,ZnO,1000.0,3.0,1,2,DISCRETE_BINARY,REPORTED,normalized_from_ratio,BINARY_BIT_SLICED_DIFFERENTIAL,BIT_SLICED_BINARY_MAPPING,16,5,31,4,8,5,813056,3200,32,102400,96.16,0.0700000000000073,95.96724104761905,0.08104238898754856,95.8861986586315,-0.19275895238094165,0.19275895238094165,ZnO_01,ZnO,True
ZnO_01,ZnO,1000.0,3.0,1,2,DISCRETE_BINARY,REPORTED,normalized_from_ratio,BINARY_BIT_SLICED_DIFFERENTIAL,BIT_SLICED_BINARY_MAPPING,32,5,31,4,8,5,813056,832,32,26624,96.15,0.0799999999999983,95.8664915079365,0.08980000149674608,95.77669150643976,-0.28350849206350404,0.28350849206350404,ZnO_01,ZnO,True
ZnO_01,ZnO,1000.0,3.0,1,2,DISCRETE_BINARY,REPORTED,normalized_from_ratio,BINARY_BIT_SLICED_DIFFERENTIAL,BIT_SLICED_BINARY_MAPPING,32,8,255,7,14,4,1422848,1456,16,23296,96.15,0.0799999999999983,94.36559540842491,0.1743861600127256,94.19120924841218,-1.7844045915750968,1.7844045915750968,ZnO_01,ZnO,True
ZnO_01,ZnO,1000.0,3.0,1,2,DISCRETE_BINARY,REPORTED,normalized_from_ratio,BINARY_BIT_SLICED_DIFFERENTIAL,BIT_SLICED_BINARY_MAPPING,16,5,31,4,8,10,813056,3200,1024,3276800,96.15,0.0799999999999983,96.1304341904762,0.010768636285128922,96.11966555419106,-0.019565809523811595,0.019565809523811595,ZnO_01,ZnO,True
ZnO_01,ZnO,1000.0,3.0,1,2,DISCRETE_BINARY,REPORTED,normalized_from_ratio,BINARY_BIT_SLICED_DIFFERENTIAL,BIT_SLICED_BINARY_MAPPING,32,5,31,4,8,10,813056,832,1024,851968,96.14,0.0900000000000034,96.12761921428572,0.006613191604906942,96.1210060226808,-0.012380785714285025,0.012380785714285025,ZnO_01,ZnO,True
ZnO_01,ZnO,1000.0,3.0,1,2,DISCRETE_BINARY,REPORTED,normalized_from_ratio,BINARY_BIT_SLICED_DIFFERENTIAL,BIT_SLICED_BINARY_MAPPING,256,5,31,4,8,10,813056,40,1024,40960,96.14,0.0900000000000034,96.14238628571428,0.022840707171317327,96.11954557854297,0.002386285714280234,0.002386285714280234,ZnO_01,ZnO,True
ZnO_01,ZnO,1000.0,3.0,1,2,DISCRETE_BINARY,REPORTED,normalized_from_ratio,BINARY_BIT_SLICED_DIFFERENTIAL,BIT_SLICED_BINARY_MAPPING,16,5,31,4,8,7,813056,3200,128,409600,96.14,0.0900000000000034,96.1660374041514,0.02572592125303857,96.14031148289835,0.02603740415139555,0.02603740415139555,ZnO_01,ZnO,True
ZnO_01,ZnO,1000.0,3.0,1,2,DISCRETE_BINARY,REPORTED,normalized_from_ratio,BINARY_BIT_SLICED_DIFFERENTIAL,BIT_SLICED_BINARY_MAPPING,32,7,127,6,12,4,1219584,1248,16,19968,96.14,0.0900000000000034,94.36609040842491,0.17505577977697329,94.19103462864794,-1.7739095915750909,1.7739095915750909,ZnO_01,ZnO,True
ZnO_01,ZnO,1000.0,3.0,1,2,DISCRETE_BINARY,REPORTED,normalized_from_ratio,BINARY_BIT_SLICED_DIFFERENTIAL,BIT_SLICED_BINARY_MAPPING,256,5,31,4,8,9,813056,40,512,20480,96.13,0.1000000000000085,96.16004588888889,0.03163806852596207,96.12840782036292,0.03004588888889259,0.03004588888889259,ZnO_01,ZnO,True
ZnO_01,ZnO,1000.0,3.0,1,2,DISCRETE_BINARY,REPORTED,normalized_from_ratio,BINARY_BIT_SLICED_DIFFERENTIAL,BIT_SLICED_BINARY_MAPPING,32,5,31,4,8,9,813056,832,512,425984,96.13,0.1000000000000085,96.14511696825397,0.01654599276672249,96.12857097548725,0.015116968253977348,0.015116968253977348,ZnO_01,ZnO,True
ZnO_01,ZnO,1000.0,3.0,1,2,DISCRETE_BINARY,REPORTED,normalized_from_ratio,BINARY_BIT_SLICED_DIFFERENTIAL,BIT_SLICED_BINARY_MAPPING,64,5,31,4,8,9,813056,224,512,114688,96.13,0.1000000000000085,96.17261974603176,0.02891567456979165,96.14370407146197,0.042619746031761,0.042619746031761,ZnO_01,ZnO,True
ZnO_01,ZnO,1000.0,3.0,1,2,DISCRETE_BINARY,REPORTED,normalized_from_ratio,BINARY_BIT_SLICED_DIFFERENTIAL,BIT_SLICED_BINARY_MAPPING,64,5,31,4,8,10,813056,224,1024,229376,96.13,0.1000000000000085,96.1422797698413,0.025049912123301845,96.11722985771799,0.012279769841299526,0.012279769841299526,ZnO_01,ZnO,True
ZnO_01,ZnO,1000.0,3.0,1,2,DISCRETE_BINARY,REPORTED,normalized_from_ratio,BINARY_BIT_SLICED_DIFFERENTIAL,BIT_SLICED_BINARY_MAPPING,128,5,31,4,8,7,813056,64,128,8192,96.12,0.1099999999999994,96.16310128571428,0.06928648490864434,96.09381480080563,0.04310128571427185,0.04310128571427185,ZnO_01,ZnO,True
ZnO_01,ZnO,1000.0,3.0,1,2,DISCRETE_BINARY,REPORTED,normalized_from_ratio,BINARY_BIT_SLICED_DIFFERENTIAL,BIT_SLICED_BINARY_MAPPING,128,5,31,4,8,9,813056,64,512,32768,96.12,0.1099999999999994,96.17385421428573,0.022315696015893522,96.15153851826983,0.053854214285721014,0.053854214285721014,ZnO_01,ZnO,True
ZnO_01,ZnO,1000.0,3.0,1,2,DISCRETE_BINARY,REPORTED,normalized_from_ratio,BINARY_BIT_SLICED_DIFFERENTIAL,BIT_SLICED_BINARY_MAPPING,16,6,63,5,10,4,1016320,4000,16,64000,96.12,0.1099999999999994,95.20957126695528,0.24142026567989486,94.96815100127539,-0.9104287330447249,0.9104287330447249,ZnO_01,ZnO,True
ZnO_01,ZnO,1000.0,3.0,1,2,DISCRETE_BINARY,REPORTED,normalized_from_ratio,BINARY_BIT_SLICED_DIFFERENTIAL,BIT_SLICED_BINARY_MAPPING,128,5,31,4,8,10,813056,64,1024,65536,96.11,0.1200000000000045,96.1453416825397,0.017583523113017783,96.12775815942668,0.03534168253969483,0.03534168253969483,ZnO_01,ZnO,True
ZnO_01,ZnO,1000.0,3.0,1,2,DISCRETE_BINARY,REPORTED,normalized_from_ratio,BINARY_BIT_SLICED_DIFFERENTIAL,BIT_SLICED_BINARY_MAPPING,16,5,31,4,8,9,813056,3200,512,1638400,96.11,0.1200000000000045,96.15158157936509,0.016869980018183448,96.1347115993469,0.04158157936508644,0.04158157936508644,ZnO_01,ZnO,True
ZnO_01,ZnO,1000.0,3.0,1,2,DISCRETE_BINARY,REPORTED,normalized_from_ratio,BINARY_BIT_SLICED_DIFFERENTIAL,BIT_SLICED_BINARY_MAPPING,16,5,31,4,8,8,813056,3200,256,819200,96.11,0.1200000000000045,96.13866815079366,0.017671705870899355,96.12099644492277,0.02866815079366347,0.02866815079366347,ZnO_01,ZnO,True
ZnO_01,ZnO,1000.0,3.0,1,2,DISCRETE_BINARY,REPORTED,normalized_from_ratio,BINARY_BIT_SLICED_DIFFERENTIAL,BIT_SLICED_BINARY_MAPPING,128,5,31,4,8,6,813056,64,64,4096,96.11,0.1200000000000045,95.89705009523809,0.08327733111997211,95.81377276411811,-0.21294990476191344,0.21294990476191344,ZnO_01,ZnO,True
ZnO_01,ZnO,1000.0,3.0,1,2,DISCRETE_BINARY,REPORTED,normalized_from_ratio,BINARY_BIT_SLICED_DIFFERENTIAL,BIT_SLICED_BINARY_MAPPING,16,4,15,3,6,6,609792,2400,64,153600,96.1,0.1300000000000096,96.04080904761902,0.01852416375441452,96.0222848838646,-0.05919095238097327,0.05919095238097327,ZnO_01,ZnO,True
ZnO_01,ZnO,1000.0,3.0,1,2,DISCRETE_BINARY,REPORTED,normalized_from_ratio,BINARY_BIT_SLICED_DIFFERENTIAL,BIT_SLICED_BINARY_MAPPING,64,5,31,4,8,8,813056,224,256,57344,96.1,0.1300000000000096,96.19446327777777,0.04081418927565625,96.15364908850212,0.09446327777777697,0.09446327777777697,ZnO_01,ZnO,True
ZnO_01,ZnO,1000.0,3.0,1,2,DISCRETE_BINARY,REPORTED,normalized_from_ratio,BINARY_BIT_SLICED_DIFFERENTIAL,BIT_SLICED_BINARY_MAPPING,64,4,15,3,6,7,609792,168,128,21504,96.1,0.1300000000000096,96.0098048095238,0.06129897640378705,95.94850583312001,-0.0901951904761944,0.0901951904761944,ZnO_01,ZnO,True
ZnO_01,ZnO,1000.0,3.0,1,2,DISCRETE_BINARY,REPORTED,normalized_from_ratio,BINARY_BIT_SLICED_DIFFERENTIAL,BIT_SLICED_BINARY_MAPPING,16,4,15,3,6,7,609792,2400,128,307200,96.09,0.1400000000000005,96.08396252380952,0.03199243571816755,96.05197008809135,-0.006037476190485336,0.006037476190485336,ZnO_01,ZnO,True
ZnO_01,ZnO,1000.0,3.0,1,2,DISCRETE_BINARY,REPORTED,normalized_from_ratio,BINARY_BIT_SLICED_DIFFERENTIAL,BIT_SLICED_BINARY_MAPPING,64,4,15,3,6,5,609792,168,32,5376,96.09,0.1400000000000005,95.44588531746032,0.046076705785176336,95.39980861167514,-0.64411468253968,0.64411468253968,ZnO_01,ZnO,True
ZnO_01,ZnO,1000.0,3.0,1,2,DISCRETE_BINARY,REPORTED,normalized_from_ratio,BINARY_BIT_SLICED_DIFFERENTIAL,BIT_SLICED_BINARY_MAPPING,256,8,255,7,14,5,1422848,70,32,2240,96.09,0.1400000000000005,94.06569268253968,0.23669281821800775,93.82899986432167,-2.0243073174603268,2.0243073174603268,ZnO_01,ZnO,True
ZnO_01,ZnO,1000.0,3.0,1,2,DISCRETE_BINARY,REPORTED,normalized_from_ratio,BINARY_BIT_SLICED_DIFFERENTIAL,BIT_SLICED_BINARY_MAPPING,128,4,15,3,6,6,609792,48,64,3072,96.08,0.1500000000000056,95.76162411904762,0.04223616486321663,95.71938795418441,-0.3183758809523738,0.3183758809523738,ZnO_01,ZnO,True
ZnO_01,ZnO,1000.0,3.0,1,2,DISCRETE_BINARY,REPORTED,normalized_from_ratio,BINARY_BIT_SLICED_DIFFERENTIAL,BIT_SLICED_BINARY_MAPPING,64,4,15,3,6,6,609792,168,64,10752,96.08,0.1500000000000056,95.94058365079364,0.05247412721713633,95.8881095235765,-0.13941634920635693,0.13941634920635693,ZnO_01,ZnO,True
ZnO_01,ZnO,1000.0,3.0,1,2,DISCRETE_BINARY,REPORTED,normalized_from_ratio,BINARY_BIT_SLICED_DIFFERENTIAL,BIT_SLICED_BINARY_MAPPING,256,4,15,3,6,10,609792,30,1024,30720,96.07,0.1600000000000108,96.08389299999997,0.021605385702904982,96.06228761429708,0.013892999999981726,0.013892999999981726,ZnO_01,ZnO,True
ZnO_01,ZnO,1000.0,3.0,1,2,DISCRETE_BINARY,REPORTED,normalized_from_ratio,BINARY_BIT_SLICED_DIFFERENTIAL,BIT_SLICED_BINARY_MAPPING,16,4,15,3,6,9,609792,2400,512,1228800,96.07,0.1600000000000108,96.09537571428571,0.019064976995249776,96.07631073729046,0.02537571428571539,0.02537571428571539,ZnO_01,ZnO,True
ZnO_01,ZnO,1000.0,3.0,1,2,DISCRETE_BINARY,REPORTED,normalized_from_ratio,BINARY_BIT_SLICED_DIFFERENTIAL,BIT_SLICED_BINARY_MAPPING,16,4,15,3,6,8,609792,2400,256,614400,96.07,0.1600000000000108,96.08974474603176,0.03421442766645687,96.0555303183653,0.019744746031761906,0.019744746031761906,ZnO_01,ZnO,True
ZnO_01,ZnO,1000.0,3.0,1,2,DISCRETE_BINARY,REPORTED,normalized_from_ratio,BINARY_BIT_SLICED_DIFFERENTIAL,BIT_SLICED_BINARY_MAPPING,64,5,31,4,8,5,813056,224,32,7168,96.07,0.1600000000000108,95.45985676984128,0.058259041288498396,95.40159772855279,-0.6101432301587124,0.6101432301587124,ZnO_01,ZnO,True
ZnO_01,ZnO,1000.0,3.0,1,2,DISCRETE_BINARY,REPORTED,normalized_from_ratio,BINARY_BIT_SLICED_DIFFERENTIAL,BIT_SLICED_BINARY_MAPPING,32,4,15,3,6,6,609792,624,64,39936,96.07,0.1600000000000108,95.97363423015872,0.03940104887959258,95.93423318127913,-0.09636576984127032,0.09636576984127032,ZnO_01,ZnO,True
ZnO_01,ZnO,1000.0,3.0,1,2,DISCRETE_BINARY,REPORTED,normalized_from_ratio,BINARY_BIT_SLICED_DIFFERENTIAL,BIT_SLICED_BINARY_MAPPING,32,4,15,3,6,8,609792,624,256,159744,96.07,0.1600000000000108,96.08642922222221,0.03055510975685303,96.05587411246536,0.016429222222214435,0.016429222222214435,ZnO_01,ZnO,True
ZnO_01,ZnO,1000.0,3.0,1,2,DISCRETE_BINARY,REPORTED,normalized_from_ratio,BINARY_BIT_SLICED_DIFFERENTIAL,BIT_SLICED_BINARY_MAPPING,128,4,15,3,6,8,609792,48,256,12288,96.06,0.1700000000000017,96.03443881746033,0.020687428785455278,96.01375138867488,-0.025561182539675542,0.025561182539675542,ZnO_01,ZnO,True
ZnO_01,ZnO,1000.0,3.0,1,2,DISCRETE_BINARY,REPORTED,normalized_from_ratio,BINARY_BIT_SLICED_DIFFERENTIAL,BIT_SLICED_BINARY_MAPPING,128,4,15,3,6,10,609792,48,1024,49152,96.06,0.1700000000000017,96.08746399999998,0.026462239014170167,96.06100176098582,0.027463999999980615,0.027463999999980615,ZnO_01,ZnO,True
ZnO_01,ZnO,1000.0,3.0,1,2,DISCRETE_BINARY,REPORTED,normalized_from_ratio,BINARY_BIT_SLICED_DIFFERENTIAL,BIT_SLICED_BINARY_MAPPING,128,8,255,7,14,5,1422848,112,32,3584,96.06,0.1700000000000017,94.24751297619048,0.3116180801496672,93.93589489604081,-1.812487023809524,1.812487023809524,ZnO_01,ZnO,True
ZnO_01,ZnO,1000.0,3.0,1,2,DISCRETE_BINARY,REPORTED,normalized_from_ratio,BINARY_BIT_SLICED_DIFFERENTIAL,BIT_SLICED_BINARY_MAPPING,32,4,15,3,6,10,609792,624,1024,638976,96.06,0.1700000000000017,96.08338161111111,0.02220355251598648,96.06117805859512,0.02338161111110537,0.02338161111110537,ZnO_01,ZnO,True
ZnO_01,ZnO,1000.0,3.0,1,2,DISCRETE_BINARY,REPORTED,normalized_from_ratio,BINARY_BIT_SLICED_DIFFERENTIAL,BIT_SLICED_BINARY_MAPPING,32,4,15,3,6,5,609792,624,32,19968,96.06,0.1700000000000017,95.76673153968252,0.07113076487954846,95.69560077480297,-0.2932684603174778,0.2932684603174778,ZnO_01,ZnO,True
ZnO_01,ZnO,1000.0,3.0,1,2,DISCRETE_BINARY,REPORTED,normalized_from_ratio,BINARY_BIT_SLICED_DIFFERENTIAL,BIT_SLICED_BINARY_MAPPING,16,4,15,3,6,10,609792,2400,1024,2457600,96.06,0.1700000000000017,96.08620761904761,0.018919473596556897,96.06728814545106,0.02620761904761082,0.02620761904761082,ZnO_01,ZnO,True
ZnO_01,ZnO,1000.0,3.0,1,2,DISCRETE_BINARY,REPORTED,normalized_from_ratio,BINARY_BIT_SLICED_DIFFERENTIAL,BIT_SLICED_BINARY_MAPPING,16,5,31,4,8,4,813056,3200,16,51200,96.06,0.1700000000000017,95.18085071139971,0.25013297393893896,94.93071773746078,-0.8791492886002885,0.8791492886002885,ZnO_01,ZnO,True
ZnO_01,ZnO,1000.0,3.0,1,2,DISCRETE_BINARY,REPORTED,normalized_from_ratio,BINARY_BIT_SLICED_DIFFERENTIAL,BIT_SLICED_BINARY_MAPPING,64,4,15,3,6,10,609792,168,1024,172032,96.06,0.1700000000000017,96.09519542857142,0.026950666408965884,96.06824476216245,0.03519542857141289,0.03519542857141289,ZnO_01,ZnO,True
ZnO_01,ZnO,1000.0,3.0,1,2,DISCRETE_BINARY,REPORTED,normalized_from_ratio,BINARY_BIT_SLICED_DIFFERENTIAL,BIT_SLICED_BINARY_MAPPING,32,4,15,3,6,7,609792,624,128,79872,96.05,0.1800000000000068,96.09799177777779,0.0372794603944108,96.06071231738338,0.04799177777779562,0.04799177777779562,ZnO_01,ZnO,True
ZnO_01,ZnO,1000.0,3.0,1,2,DISCRETE_BINARY,REPORTED,normalized_from_ratio,BINARY_BIT_SLICED_DIFFERENTIAL,BIT_SLICED_BINARY_MAPPING,128,6,63,5,10,5,1016320,80,32,2560,96.05,0.1800000000000068,94.22523654761905,0.30945616221950184,93.91578038539954,-1.8247634523809495,1.8247634523809495,ZnO_01,ZnO,True
ZnO_01,ZnO,1000.0,3.0,1,2,DISCRETE_BINARY,REPORTED,normalized_from_ratio,BINARY_BIT_SLICED_DIFFERENTIAL,BIT_SLICED_BINARY_MAPPING,256,4,15,3,6,8,609792,30,256,7680,96.05,0.1800000000000068,96.03334129365078,0.0229482384143483,96.01039305523643,-0.016658706349218733,0.016658706349218733,ZnO_01,ZnO,True
ZnO_01,ZnO,1000.0,3.0,1,2,DISCRETE_BINARY,REPORTED,normalized_from_ratio,BINARY_BIT_SLICED_DIFFERENTIAL,BIT_SLICED_BINARY_MAPPING,256,4,15,3,6,9,609792,30,512,15360,96.05,0.1800000000000068,96.06707733333332,0.02042258549199242,96.04665474784133,0.017077333333318734,0.017077333333318734,ZnO_01,ZnO,True
ZnO_01,ZnO,1000.0,3.0,1,2,DISCRETE_BINARY,REPORTED,normalized_from_ratio,BINARY_BIT_SLICED_DIFFERENTIAL,BIT_SLICED_BINARY_MAPPING,64,4,15,3,6,8,609792,168,256,43008,96.04,0.1899999999999977,96.07214874603174,0.028063707393397867,96.04408503863834,0.03214874603173712,0.03214874603173712,ZnO_01,ZnO,True
ZnO_01,ZnO,1000.0,3.0,1,2,DISCRETE_BINARY,REPORTED,normalized_from_ratio,BINARY_BIT_SLICED_DIFFERENTIAL,BIT_SLICED_BINARY_MAPPING,128,4,15,3,6,9,609792,48,512,24576,96.04,0.1899999999999977,96.06648366666667,0.021838580962162943,96.0446450857045,0.026483666666663908,0.026483666666663908,ZnO_01,ZnO,True
ZnO_01,ZnO,1000.0,3.0,1,2,DISCRETE_BINARY,REPORTED,normalized_from_ratio,BINARY_BIT_SLICED_DIFFERENTIAL,BIT_SLICED_BINARY_MAPPING,64,7,127,6,12,4,1219584,336,16,5376,96.04,0.1899999999999977,90.89938851515153,1.0391520287762581,89.86023648637527,-5.140611484848478,5.140611484848478,ZnO_01,ZnO,True
ZnO_01,ZnO,1000.0,3.0,1,2,DISCRETE_BINARY,REPORTED,normalized_from_ratio,BINARY_BIT_SLICED_DIFFERENTIAL,BIT_SLICED_BINARY_MAPPING,256,4,15,3,6,7,609792,30,128,3840,96.04,0.1899999999999977,96.01209203174602,0.019999957167034173,95.99209207457899,-0.02790796825398445,0.02790796825398445,ZnO_01,ZnO,True
ZnO_01,ZnO,1000.0,3.0,1,2,DISCRETE_BINARY,REPORTED,normalized_from_ratio,BINARY_BIT_SLICED_DIFFERENTIAL,BIT_SLICED_BINARY_MAPPING,256,6,63,5,10,5,1016320,50,32,1600,96.04,0.1899999999999977,94.05133273015873,0.23472240503840397,93.81661032512034,-1.9886672698412724,1.9886672698412724,ZnO_01,ZnO,True
ZnO_01,ZnO,1000.0,3.0,1,2,DISCRETE_BINARY,REPORTED,normalized_from_ratio,BINARY_BIT_SLICED_DIFFERENTIAL,BIT_SLICED_BINARY_MAPPING,256,4,15,3,6,6,609792,30,64,1920,96.04,0.1899999999999977,95.79216647619047,0.03485716606201364,95.75730931012846,-0.2478335238095326,0.2478335238095326,ZnO_01,ZnO,True
ZnO_01,ZnO,1000.0,3.0,1,2,DISCRETE_BINARY,REPORTED,normalized_from_ratio,BINARY_BIT_SLICED_DIFFERENTIAL,BIT_SLICED_BINARY_MAPPING,32,4,15,3,6,9,609792,624,512,319488,96.04,0.1899999999999977,96.08979399206349,0.01956520415376868,96.07022878790973,0.04979399206348489,0.04979399206348489,ZnO_01,ZnO,True
ZnO_01,ZnO,1000.0,3.0,1,2,DISCRETE_BINARY,REPORTED,normalized_from_ratio,BINARY_BIT_SLICED_DIFFERENTIAL,BIT_SLICED_BINARY_MAPPING,64,4,15,3,6,9,609792,168,512,86016,96.03,0.2000000000000028,96.12583900000001,0.04437471439693555,96.08146428560308,0.09583900000001222,0.09583900000001222,ZnO_01,ZnO,True
ZnO_01,ZnO,1000.0,3.0,1,2,DISCRETE_BINARY,REPORTED,normalized_from_ratio,BINARY_BIT_SLICED_DIFFERENTIAL,BIT_SLICED_BINARY_MAPPING,128,4,15,3,6,7,609792,48,128,6144,96.03,0.2000000000000028,95.99137400000001,0.042067519750935416,95.94930648024908,-0.03862599999999361,0.03862599999999361,ZnO_01,ZnO,True
ZnO_01,ZnO,1000.0,3.0,1,2,DISCRETE_BINARY,REPORTED,normalized_from_ratio,BINARY_BIT_SLICED_DIFFERENTIAL,BIT_SLICED_BINARY_MAPPING,32,5,31,4,8,4,813056,832,16,13312,95.99,0.2400000000000091,94.300665,0.2378768305497067,94.06278816945029,-1.6893349999999998,1.6893349999999998,ZnO_01,ZnO,True
ZnO_01,ZnO,1000.0,3.0,1,2,DISCRETE_BINARY,REPORTED,normalized_from_ratio,BINARY_BIT_SLICED_DIFFERENTIAL,BIT_SLICED_BINARY_MAPPING,32,4,15,3,6,4,609792,624,16,9984,95.97,0.2600000000000051,94.2988921904762,0.2898674550132893,94.0090247354629,-1.6711078095238037,1.6711078095238037,ZnO_01,ZnO,True
ZnO_01,ZnO,1000.0,3.0,1,2,DISCRETE_BINARY,REPORTED,normalized_from_ratio,BINARY_BIT_SLICED_DIFFERENTIAL,BIT_SLICED_BINARY_MAPPING,16,4,15,3,6,5,609792,2400,32,76800,95.96,0.2700000000000102,95.89071706349208,0.04776548721890195,95.84295157627318,-0.06928293650791773,0.06928293650791773,ZnO_01,ZnO,True
ZnO_01,ZnO,1000.0,3.0,1,2,DISCRETE_BINARY,REPORTED,normalized_from_ratio,BINARY_BIT_SLICED_DIFFERENTIAL,BIT_SLICED_BINARY_MAPPING,64,8,255,7,14,4,1422848,392,16,6272,95.95,0.2800000000000011,90.90488984848486,1.031168067098583,89.87372178138628,-5.045110151515146,5.045110151515146,ZnO_01,ZnO,True
ZnO_01,ZnO,1000.0,3.0,1,2,DISCRETE_BINARY,REPORTED,normalized_from_ratio,BINARY_BIT_SLICED_DIFFERENTIAL,BIT_SLICED_BINARY_MAPPING,16,4,15,3,6,4,609792,2400,16,38400,95.95,0.2800000000000011,95.131742497114,0.35542197157193894,94.77632052554206,-0.8182575028859986,0.8182575028859986,ZnO_01,ZnO,True
ZnO_01,ZnO,1000.0,3.0,1,2,DISCRETE_BINARY,REPORTED,normalized_from_ratio,BINARY_BIT_SLICED_DIFFERENTIAL,BIT_SLICED_BINARY_MAPPING,256,7,127,6,12,5,1219584,60,32,1920,95.94,0.2900000000000062,94.06709349206349,0.2381112752434263,93.82898221682007,-1.8729065079365057,1.8729065079365057,ZnO_01,ZnO,True
ZnO_01,ZnO,1000.0,3.0,1,2,DISCRETE_BINARY,REPORTED,normalized_from_ratio,BINARY_BIT_SLICED_DIFFERENTIAL,BIT_SLICED_BINARY_MAPPING,64,6,63,5,10,4,1016320,280,16,4480,95.93,0.2999999999999971,90.93355484848486,1.013253797654767,89.92030105083009,-4.996445151515147,4.996445151515147,ZnO_01,ZnO,True
ZnO_01,ZnO,1000.0,3.0,1,2,DISCRETE_BINARY,REPORTED,normalized_from_ratio,BINARY_BIT_SLICED_DIFFERENTIAL,BIT_SLICED_BINARY_MAPPING,128,5,31,4,8,5,813056,64,32,2048,95.91,0.3200000000000074,94.1043611904762,0.2922199579352836,93.81214123254091,-1.8056388095237992,1.8056388095237992,ZnO_01,ZnO,True
ZnO_01,ZnO,1000.0,3.0,1,2,DISCRETE_BINARY,REPORTED,normalized_from_ratio,BINARY_BIT_SLICED_DIFFERENTIAL,BIT_SLICED_BINARY_MAPPING,128,7,127,6,12,5,1219584,96,32,3072,95.9,0.3299999999999983,94.24891378571428,0.3118796323203112,93.93703415339397,-1.6510862142857263,1.6510862142857263,ZnO_01,ZnO,True
ZnO_01,ZnO,1000.0,3.0,1,2,DISCRETE_BINARY,REPORTED,normalized_from_ratio,BINARY_BIT_SLICED_DIFFERENTIAL,BIT_SLICED_BINARY_MAPPING,256,4,15,3,6,5,609792,30,32,960,95.89,0.3400000000000034,93.90206896825397,0.16252878244095362,93.73954018581301,-1.9879310317460295,1.9879310317460295,ZnO_01,ZnO,True
ZnO_01,ZnO,1000.0,3.0,1,2,DISCRETE_BINARY,REPORTED,normalized_from_ratio,BINARY_BIT_SLICED_DIFFERENTIAL,BIT_SLICED_BINARY_MAPPING,256,5,31,4,8,5,813056,40,32,1280,95.87,0.3599999999999994,93.97258955555554,0.21227826155807347,93.76031129399747,-1.8974104444444606,1.8974104444444606,ZnO_01,ZnO,True
ZnO_01,ZnO,1000.0,3.0,1,2,DISCRETE_BINARY,REPORTED,normalized_from_ratio,BINARY_BIT_SLICED_DIFFERENTIAL,BIT_SLICED_BINARY_MAPPING,128,4,15,3,6,5,609792,48,32,1536,95.86,0.3700000000000045,93.97197886507936,0.21796616909083236,93.75401269598854,-1.8880211349206348,1.8880211349206348,ZnO_01,ZnO,True
ZnO_01,ZnO,1000.0,3.0,1,2,DISCRETE_BINARY,REPORTED,normalized_from_ratio,BINARY_BIT_SLICED_DIFFERENTIAL,BIT_SLICED_BINARY_MAPPING,64,4,15,3,6,4,609792,168,16,2688,95.75,0.480000000000004,90.73120749206349,1.3577194106546466,89.37348808140884,-5.01879250793651,5.01879250793651,ZnO_01,ZnO,False
ZnO_01,ZnO,1000.0,3.0,1,2,DISCRETE_BINARY,REPORTED,normalized_from_ratio,BINARY_BIT_SLICED_DIFFERENTIAL,BIT_SLICED_BINARY_MAPPING,64,5,31,4,8,4,813056,224,16,3584,95.73,0.5,90.85521295238094,1.1270093519978148,89.72820360038313,-4.874787047619066,4.874787047619066,ZnO_01,ZnO,False
ZnO_01,ZnO,1000.0,3.0,1,2,DISCRETE_BINARY,REPORTED,normalized_from_ratio,BINARY_BIT_SLICED_DIFFERENTIAL,BIT_SLICED_BINARY_MAPPING,128,8,255,7,14,4,1422848,112,16,1792,95.32,0.9100000000000108,75.01057387373737,0.5410129400594434,74.46956093367793,-20.309426126262622,20.309426126262622,ZnO_01,ZnO,False
ZnO_01,ZnO,1000.0,3.0,1,2,DISCRETE_BINARY,REPORTED,normalized_from_ratio,BINARY_BIT_SLICED_DIFFERENTIAL,BIT_SLICED_BINARY_MAPPING,128,6,63,5,10,4,1016320,80,16,1280,95.27,0.960000000000008,75.14215164285714,0.6833702149425349,74.4587814279146,-20.127848357142852,20.127848357142852,ZnO_01,ZnO,False
ZnO_01,ZnO,1000.0,3.0,1,2,DISCRETE_BINARY,REPORTED,normalized_from_ratio,BINARY_BIT_SLICED_DIFFERENTIAL,BIT_SLICED_BINARY_MAPPING,256,7,127,6,12,4,1219584,60,16,960,95.27,0.960000000000008,74.81636758008658,0.9191103296243792,73.8972572504622,-20.45363241991342,20.45363241991342,ZnO_01,ZnO,False
ZnO_01,ZnO,1000.0,3.0,1,2,DISCRETE_BINARY,REPORTED,normalized_from_ratio,BINARY_BIT_SLICED_DIFFERENTIAL,BIT_SLICED_BINARY_MAPPING,128,7,127,6,12,4,1219584,96,16,1536,95.24,0.9900000000000092,75.02232068326117,0.5608302934708264,74.46149038979034,-20.217679316738824,20.217679316738824,ZnO_01,ZnO,False
ZnO_01,ZnO,1000.0,3.0,1,2,DISCRETE_BINARY,REPORTED,normalized_from_ratio,BINARY_BIT_SLICED_DIFFERENTIAL,BIT_SLICED_BINARY_MAPPING,256,8,255,7,14,4,1422848,70,16,1120,95.19,1.0400000000000065,74.80466743722944,0.9045126955186871,73.90015474171075,-20.385332562770557,20.385332562770557,ZnO_01,ZnO,False
ZnO_01,ZnO,1000.0,3.0,1,2,DISCRETE_BINARY,REPORTED,normalized_from_ratio,BINARY_BIT_SLICED_DIFFERENTIAL,BIT_SLICED_BINARY_MAPPING,256,6,63,5,10,4,1016320,50,16,800,95.15,1.0799999999999983,74.90035111111112,1.027652746307607,73.87269836480351,-20.249648888888885,20.249648888888885,ZnO_01,ZnO,False
ZnO_01,ZnO,1000.0,3.0,1,2,DISCRETE_BINARY,REPORTED,normalized_from_ratio,BINARY_BIT_SLICED_DIFFERENTIAL,BIT_SLICED_BINARY_MAPPING,128,5,31,4,8,4,813056,64,16,1024,95.08,1.1500000000000057,75.02493223665223,0.8669541878461662,74.15797804880607,-20.055067763347765,20.055067763347765,ZnO_01,ZnO,False
ZnO_01,ZnO,1000.0,3.0,1,2,DISCRETE_BINARY,REPORTED,normalized_from_ratio,BINARY_BIT_SLICED_DIFFERENTIAL,BIT_SLICED_BINARY_MAPPING,256,5,31,4,8,4,813056,40,16,640,95.07,1.1600000000000108,74.69701384920634,1.1353654708470546,73.5616483783593,-20.37298615079365,20.37298615079365,ZnO_01,ZnO,False
ZnO_01,ZnO,1000.0,3.0,1,2,DISCRETE_BINARY,REPORTED,normalized_from_ratio,BINARY_BIT_SLICED_DIFFERENTIAL,BIT_SLICED_BINARY_MAPPING,128,4,15,3,6,4,609792,48,16,768,94.56,1.6700000000000017,76.11719638744589,1.2435052422881516,74.87369114515774,-18.442803612554115,18.442803612554115,ZnO_01,ZnO,False
ZnO_01,ZnO,1000.0,3.0,1,2,DISCRETE_BINARY,REPORTED,normalized_from_ratio,BINARY_BIT_SLICED_DIFFERENTIAL,BIT_SLICED_BINARY_MAPPING,256,4,15,3,6,4,609792,30,16,480,94.44,1.7900000000000065,75.44436736507936,1.6003540890895969,73.84401327598977,-18.99563263492064,18.99563263492064,ZnO_01,ZnO,False
ZnO_01,ZnO,1000.0,3.0,1,2,DISCRETE_BINARY,REPORTED,normalized_from_ratio,BINARY_BIT_SLICED_DIFFERENTIAL,BIT_SLICED_BINARY_MAPPING,128,3,7,2,4,9,406528,32,512,16384,92.26,3.969999999999999,92.22750012698413,0.033796355366506665,92.19370377161762,-0.03249987301587964,0.03249987301587964,ZnO_01,ZnO,False
ZnO_01,ZnO,1000.0,3.0,1,2,DISCRETE_BINARY,REPORTED,normalized_from_ratio,BINARY_BIT_SLICED_DIFFERENTIAL,BIT_SLICED_BINARY_MAPPING,32,3,7,2,4,9,406528,416,512,212992,92.26,3.969999999999999,92.2298725873016,0.02404789618903008,92.20582469111257,-0.030127412698405465,0.030127412698405465,ZnO_01,ZnO,False
ZnO_01,ZnO,1000.0,3.0,1,2,DISCRETE_BINARY,REPORTED,normalized_from_ratio,BINARY_BIT_SLICED_DIFFERENTIAL,BIT_SLICED_BINARY_MAPPING,16,3,7,2,4,5,406528,1600,32,51200,92.25,3.980000000000004,91.58010708730158,0.1561680707614316,91.42393901654015,-0.6698929126984154,0.6698929126984154,ZnO_01,ZnO,False
ZnO_01,ZnO,1000.0,3.0,1,2,DISCRETE_BINARY,REPORTED,normalized_from_ratio,BINARY_BIT_SLICED_DIFFERENTIAL,BIT_SLICED_BINARY_MAPPING,64,3,7,2,4,9,406528,112,512,57344,92.25,3.980000000000004,92.21714459523811,0.02641269809792148,92.19073189714018,-0.03285540476188942,0.03285540476188942,ZnO_01,ZnO,False
ZnO_01,ZnO,1000.0,3.0,1,2,DISCRETE_BINARY,REPORTED,normalized_from_ratio,BINARY_BIT_SLICED_DIFFERENTIAL,BIT_SLICED_BINARY_MAPPING,16,3,7,2,4,10,406528,1600,1024,1638400,92.24,3.990000000000009,92.24091080952381,0.01727039765815434,92.22364041186566,0.0009108095238161695,0.0009108095238161695,ZnO_01,ZnO,False
ZnO_01,ZnO,1000.0,3.0,1,2,DISCRETE_BINARY,REPORTED,normalized_from_ratio,BINARY_BIT_SLICED_DIFFERENTIAL,BIT_SLICED_BINARY_MAPPING,32,3,7,2,4,7,406528,416,128,53248,92.23,4.0,92.21067593290043,0.04030443515179964,92.17037149774863,-0.019324067099574904,0.019324067099574904,ZnO_01,ZnO,False
ZnO_01,ZnO,1000.0,3.0,1,2,DISCRETE_BINARY,REPORTED,normalized_from_ratio,BINARY_BIT_SLICED_DIFFERENTIAL,BIT_SLICED_BINARY_MAPPING,32,3,7,2,4,10,406528,416,1024,425984,92.23,4.0,92.23816459523809,0.019035303529099025,92.219129291709,0.008164595238085326,0.008164595238085326,ZnO_01,ZnO,False
ZnO_01,ZnO,1000.0,3.0,1,2,DISCRETE_BINARY,REPORTED,normalized_from_ratio,BINARY_BIT_SLICED_DIFFERENTIAL,BIT_SLICED_BINARY_MAPPING,16,3,7,2,4,9,406528,1600,512,819200,92.23,4.0,92.23429153968254,0.021397309104008742,92.21289423057854,0.0042915396825407015,0.0042915396825407015,ZnO_01,ZnO,False
ZnO_01,ZnO,1000.0,3.0,1,2,DISCRETE_BINARY,REPORTED,normalized_from_ratio,BINARY_BIT_SLICED_DIFFERENTIAL,BIT_SLICED_BINARY_MAPPING,64,3,7,2,4,10,406528,112,1024,114688,92.22,4.010000000000005,92.22098654761905,0.023506238428579414,92.19748030919047,0.0009865476190498157,0.0009865476190498157,ZnO_01,ZnO,False
ZnO_01,ZnO,1000.0,3.0,1,2,DISCRETE_BINARY,REPORTED,normalized_from_ratio,BINARY_BIT_SLICED_DIFFERENTIAL,BIT_SLICED_BINARY_MAPPING,16,3,7,2,4,7,406528,1600,128,204800,92.22,4.010000000000005,92.21214213131313,0.036046902795439324,92.1760952285177,-0.007857868686869551,0.007857868686869551,ZnO_01,ZnO,False
ZnO_01,ZnO,1000.0,3.0,1,2,DISCRETE_BINARY,REPORTED,normalized_from_ratio,BINARY_BIT_SLICED_DIFFERENTIAL,BIT_SLICED_BINARY_MAPPING,256,3,7,2,4,10,406528,20,1024,20480,92.22,4.010000000000005,92.22355436507937,0.021796730015470854,92.2017576350639,0.0035543650793670167,0.0035543650793670167,ZnO_01,ZnO,False
ZnO_01,ZnO,1000.0,3.0,1,2,DISCRETE_BINARY,REPORTED,normalized_from_ratio,BINARY_BIT_SLICED_DIFFERENTIAL,BIT_SLICED_BINARY_MAPPING,128,3,7,2,4,10,406528,32,1024,32768,92.22,4.010000000000005,92.22044141269842,0.018635832955642147,92.20180557974278,0.0004414126984215727,0.0004414126984215727,ZnO_01,ZnO,False
ZnO_01,ZnO,1000.0,3.0,1,2,DISCRETE_BINARY,REPORTED,normalized_from_ratio,BINARY_BIT_SLICED_DIFFERENTIAL,BIT_SLICED_BINARY_MAPPING,256,3,7,2,4,9,406528,20,512,10240,92.21,4.02000000000001,92.22969117460318,0.03363022934427486,92.1960609452589,0.019691174603181594,0.019691174603181594,ZnO_01,ZnO,False
ZnO_01,ZnO,1000.0,3.0,1,2,DISCRETE_BINARY,REPORTED,normalized_from_ratio,BINARY_BIT_SLICED_DIFFERENTIAL,BIT_SLICED_BINARY_MAPPING,16,3,7,2,4,8,406528,1600,256,409600,92.19,4.040000000000006,92.2023763809524,0.036598363167943924,92.16577801778446,0.012376380952403565,0.012376380952403565,ZnO_01,ZnO,False
ZnO_01,ZnO,1000.0,3.0,1,2,DISCRETE_BINARY,REPORTED,normalized_from_ratio,BINARY_BIT_SLICED_DIFFERENTIAL,BIT_SLICED_BINARY_MAPPING,64,3,7,2,4,8,406528,112,256,28672,92.19,4.040000000000006,92.21006092857142,0.05244878251208372,92.15761214605934,0.020060928571425052,0.020060928571425052,ZnO_01,ZnO,False
ZnO_01,ZnO,1000.0,3.0,1,2,DISCRETE_BINARY,REPORTED,normalized_from_ratio,BINARY_BIT_SLICED_DIFFERENTIAL,BIT_SLICED_BINARY_MAPPING,64,3,7,2,4,7,406528,112,128,14336,92.19,4.040000000000006,92.10907423809525,0.07200379529576806,92.03707044279948,-0.08092576190475143,0.08092576190475143,ZnO_01,ZnO,False
ZnO_01,ZnO,1000.0,3.0,1,2,DISCRETE_BINARY,REPORTED,normalized_from_ratio,BINARY_BIT_SLICED_DIFFERENTIAL,BIT_SLICED_BINARY_MAPPING,32,3,7,2,4,8,406528,416,256,106496,92.19,4.040000000000006,92.19805238095238,0.0394853047884243,92.15856707616395,0.008052380952378257,0.008052380952378257,ZnO_01,ZnO,False
ZnO_01,ZnO,1000.0,3.0,1,2,DISCRETE_BINARY,REPORTED,normalized_from_ratio,BINARY_BIT_SLICED_DIFFERENTIAL,BIT_SLICED_BINARY_MAPPING,128,3,7,2,4,8,406528,32,256,8192,92.18,4.049999999999997,92.26401411904762,0.05073109269440706,92.21328302635321,0.08401411904760892,0.08401411904760892,ZnO_01,ZnO,False
ZnO_01,ZnO,1000.0,3.0,1,2,DISCRETE_BINARY,REPORTED,normalized_from_ratio,BINARY_BIT_SLICED_DIFFERENTIAL,BIT_SLICED_BINARY_MAPPING,256,3,7,2,4,8,406528,20,256,5120,92.14,4.090000000000003,92.27820897619046,0.043037059907832076,92.23517191628262,0.13820897619045525,0.13820897619045525,ZnO_01,ZnO,False
ZnO_01,ZnO,1000.0,3.0,1,2,DISCRETE_BINARY,REPORTED,normalized_from_ratio,BINARY_BIT_SLICED_DIFFERENTIAL,BIT_SLICED_BINARY_MAPPING,256,3,7,2,4,7,406528,20,128,2560,92.14,4.090000000000003,92.09595514285716,0.06543109633838073,92.03052404651878,-0.044044857142836236,0.044044857142836236,ZnO_01,ZnO,False
ZnO_01,ZnO,1000.0,3.0,1,2,DISCRETE_BINARY,REPORTED,normalized_from_ratio,BINARY_BIT_SLICED_DIFFERENTIAL,BIT_SLICED_BINARY_MAPPING,128,3,7,2,4,7,406528,32,128,4096,92.11,4.1200000000000045,92.09248602380953,0.0684902511488716,92.02399577266065,-0.01751397619047168,0.01751397619047168,ZnO_01,ZnO,False
ZnO_01,ZnO,1000.0,3.0,1,2,DISCRETE_BINARY,REPORTED,normalized_from_ratio,BINARY_BIT_SLICED_DIFFERENTIAL,BIT_SLICED_BINARY_MAPPING,16,3,7,2,4,6,406528,1600,64,102400,92.1,4.13000000000001,92.09048688095237,0.06342527541416616,92.02706160553821,-0.009513119047625196,0.009513119047625196,ZnO_01,ZnO,False
ZnO_01,ZnO,1000.0,3.0,1,2,DISCRETE_BINARY,REPORTED,normalized_from_ratio,BINARY_BIT_SLICED_DIFFERENTIAL,BIT_SLICED_BINARY_MAPPING,64,3,7,2,4,6,406528,112,64,7168,92.09,4.140000000000001,91.90509684920634,0.17884183765959474,91.72625501154675,-0.1849031507936587,0.1849031507936587,ZnO_01,ZnO,False
ZnO_01,ZnO,1000.0,3.0,1,2,DISCRETE_BINARY,REPORTED,normalized_from_ratio,BINARY_BIT_SLICED_DIFFERENTIAL,BIT_SLICED_BINARY_MAPPING,32,3,7,2,4,6,406528,416,64,26624,92.07,4.160000000000011,92.0607929126984,0.10247960163675718,91.95831331106164,-0.009207087301589922,0.009207087301589922,ZnO_01,ZnO,False
ZnO_01,ZnO,1000.0,3.0,1,2,DISCRETE_BINARY,REPORTED,normalized_from_ratio,BINARY_BIT_SLICED_DIFFERENTIAL,BIT_SLICED_BINARY_MAPPING,128,3,7,2,4,6,406528,32,64,2048,92.05,4.180000000000007,91.78315761111111,0.17029313094433884,91.61286448016676,-0.26684238888888956,0.26684238888888956,ZnO_01,ZnO,False
ZnO_01,ZnO,1000.0,3.0,1,2,DISCRETE_BINARY,REPORTED,normalized_from_ratio,BINARY_BIT_SLICED_DIFFERENTIAL,BIT_SLICED_BINARY_MAPPING,32,3,7,2,4,5,406528,416,32,13312,91.91,4.320000000000007,91.46661201587303,0.20230178462178747,91.26431023125124,-0.44338798412697145,0.44338798412697145,ZnO_01,ZnO,False
ZnO_01,ZnO,1000.0,3.0,1,2,DISCRETE_BINARY,REPORTED,normalized_from_ratio,BINARY_BIT_SLICED_DIFFERENTIAL,BIT_SLICED_BINARY_MAPPING,16,3,7,2,4,4,406528,1600,16,25600,91.91,4.320000000000007,90.18324464285715,0.8863628497321167,89.29688179312502,-1.7267553571428493,1.7267553571428493,ZnO_01,ZnO,False
ZnO_01,ZnO,1000.0,3.0,1,2,DISCRETE_BINARY,REPORTED,normalized_from_ratio,BINARY_BIT_SLICED_DIFFERENTIAL,BIT_SLICED_BINARY_MAPPING,256,3,7,2,4,6,406528,20,64,1280,91.79,4.439999999999998,91.75916851587303,0.19479524569028853,91.56437327018274,-0.03083148412697767,0.03083148412697767,ZnO_01,ZnO,False
ZnO_01,ZnO,1000.0,3.0,1,2,DISCRETE_BINARY,REPORTED,normalized_from_ratio,BINARY_BIT_SLICED_DIFFERENTIAL,BIT_SLICED_BINARY_MAPPING,64,3,7,2,4,5,406528,112,32,3584,91.77,4.460000000000008,90.9199344047619,0.3726097637460672,90.54732464101583,-0.8500655952380924,0.8500655952380924,ZnO_01,ZnO,False
ZnO_01,ZnO,1000.0,3.0,1,2,DISCRETE_BINARY,REPORTED,normalized_from_ratio,BINARY_BIT_SLICED_DIFFERENTIAL,BIT_SLICED_BINARY_MAPPING,32,3,7,2,4,4,406528,416,16,6656,91.65,4.579999999999998,89.44933183333333,0.9614807803662719,88.48785105296706,-2.2006681666666736,2.2006681666666736,ZnO_01,ZnO,False
ZnO_01,ZnO,1000.0,3.0,1,2,DISCRETE_BINARY,REPORTED,normalized_from_ratio,BINARY_BIT_SLICED_DIFFERENTIAL,BIT_SLICED_BINARY_MAPPING,64,3,7,2,4,4,406528,112,16,1792,91.63,4.6000000000000085,87.26819806349206,2.4151977315404602,84.8530003319516,-4.361801936507931,4.361801936507931,ZnO_01,ZnO,False
ZnO_01,ZnO,1000.0,3.0,1,2,DISCRETE_BINARY,REPORTED,normalized_from_ratio,BINARY_BIT_SLICED_DIFFERENTIAL,BIT_SLICED_BINARY_MAPPING,128,3,7,2,4,5,406528,32,32,1024,91.6,4.63000000000001,90.10337181457432,0.5548182697097078,89.5485535448646,-1.4966281854256778,1.4966281854256778,ZnO_01,ZnO,False
ZnO_01,ZnO,1000.0,3.0,1,2,DISCRETE_BINARY,REPORTED,normalized_from_ratio,BINARY_BIT_SLICED_DIFFERENTIAL,BIT_SLICED_BINARY_MAPPING,256,3,7,2,4,5,406528,20,32,640,91.45,4.780000000000001,89.6695536955267,0.6219098395175615,89.04764385600915,-1.7804463044733012,1.7804463044733012,ZnO_01,ZnO,False
ZnO_01,ZnO,1000.0,3.0,1,2,DISCRETE_BINARY,REPORTED,normalized_from_ratio,BINARY_BIT_SLICED_DIFFERENTIAL,BIT_SLICED_BINARY_MAPPING,128,3,7,2,4,4,406528,32,16,512,90.83,5.400000000000006,76.10597572222223,1.1618241736426014,74.94415154857963,-14.724024277777772,14.724024277777772,ZnO_01,ZnO,False
ZnO_01,ZnO,1000.0,3.0,1,2,DISCRETE_BINARY,REPORTED,normalized_from_ratio,BINARY_BIT_SLICED_DIFFERENTIAL,BIT_SLICED_BINARY_MAPPING,256,3,7,2,4,4,406528,20,16,320,90.46,5.77000000000001,74.69117844444443,1.3395943451204306,73.351584099324,-15.768821555555562,15.768821555555562,ZnO_01,ZnO,False
ZnO_01,ZnO,1000.0,3.0,1,2,DISCRETE_BINARY,REPORTED,normalized_from_ratio,BINARY_BIT_SLICED_DIFFERENTIAL,BIT_SLICED_BINARY_MAPPING,16,2,3,1,2,4,203264,800,16,12800,12.06,84.17,11.85836523015873,0.21889856673044233,11.639466663428289,-0.20163476984127016,0.20163476984127016,ZnO_01,ZnO,False
ZnO_01,ZnO,1000.0,3.0,1,2,DISCRETE_BINARY,REPORTED,normalized_from_ratio,BINARY_BIT_SLICED_DIFFERENTIAL,BIT_SLICED_BINARY_MAPPING,256,2,3,1,2,5,203264,10,32,320,11.96,84.27000000000001,11.682592690476191,0.44987487416207106,11.232717816314121,-0.27740730952380943,0.27740730952380943,ZnO_01,ZnO,False
ZnO_01,ZnO,1000.0,3.0,1,2,DISCRETE_BINARY,REPORTED,normalized_from_ratio,BINARY_BIT_SLICED_DIFFERENTIAL,BIT_SLICED_BINARY_MAPPING,64,2,3,1,2,4,203264,56,16,896,11.91,84.32000000000001,11.869716468253968,0.3554979824943273,11.51421848575964,-0.04028353174603261,0.04028353174603261,ZnO_01,ZnO,False
ZnO_01,ZnO,1000.0,3.0,1,2,DISCRETE_BINARY,REPORTED,normalized_from_ratio,BINARY_BIT_SLICED_DIFFERENTIAL,BIT_SLICED_BINARY_MAPPING,32,2,3,1,2,4,203264,208,16,3328,11.91,84.32000000000001,11.829680611111112,0.22670624176780058,11.602974369343311,-0.08031938888888845,0.08031938888888845,ZnO_01,ZnO,False
ZnO_01,ZnO,1000.0,3.0,1,2,DISCRETE_BINARY,REPORTED,normalized_from_ratio,BINARY_BIT_SLICED_DIFFERENTIAL,BIT_SLICED_BINARY_MAPPING,128,2,3,1,2,5,203264,16,32,512,11.77,84.46000000000001,11.781632031746032,0.3130923073179181,11.468539724428114,0.011632031746032112,0.011632031746032112,ZnO_01,ZnO,False
ZnO_01,ZnO,1000.0,3.0,1,2,DISCRETE_BINARY,REPORTED,normalized_from_ratio,BINARY_BIT_SLICED_DIFFERENTIAL,BIT_SLICED_BINARY_MAPPING,256,2,3,1,2,6,203264,10,64,640,11.73,84.5,11.26821214935065,0.23120227401945448,11.037009875331195,-0.46178785064935113,0.46178785064935113,ZnO_01,ZnO,False
ZnO_01,ZnO,1000.0,3.0,1,2,DISCRETE_BINARY,REPORTED,normalized_from_ratio,BINARY_BIT_SLICED_DIFFERENTIAL,BIT_SLICED_BINARY_MAPPING,32,2,3,1,2,5,203264,208,32,6656,11.73,84.5,11.644183738095238,0.16664055876452505,11.477543179330713,-0.08581626190476221,0.08581626190476221,ZnO_01,ZnO,False
ZnO_01,ZnO,1000.0,3.0,1,2,DISCRETE_BINARY,REPORTED,normalized_from_ratio,BINARY_BIT_SLICED_DIFFERENTIAL,BIT_SLICED_BINARY_MAPPING,128,2,3,1,2,6,203264,16,64,1024,11.68,84.55000000000001,11.27308980952381,0.20373814144023336,11.069351668083577,-0.40691019047618937,0.40691019047618937,ZnO_01,ZnO,False
ZnO_01,ZnO,1000.0,3.0,1,2,DISCRETE_BINARY,REPORTED,normalized_from_ratio,BINARY_BIT_SLICED_DIFFERENTIAL,BIT_SLICED_BINARY_MAPPING,16,2,3,1,2,10,203264,800,1024,819200,11.53,84.7,11.442559669552669,0.07993116182577702,11.36262850772689,-0.0874403304473308,0.0874403304473308,ZnO_01,ZnO,False
ZnO_01,ZnO,1000.0,3.0,1,2,DISCRETE_BINARY,REPORTED,normalized_from_ratio,BINARY_BIT_SLICED_DIFFERENTIAL,BIT_SLICED_BINARY_MAPPING,128,2,3,1,2,7,203264,16,128,2048,11.53,84.7,11.460233626984126,0.1253078476278789,11.334925779356247,-0.06976637301587374,0.06976637301587374,ZnO_01,ZnO,False
ZnO_01,ZnO,1000.0,3.0,1,2,DISCRETE_BINARY,REPORTED,normalized_from_ratio,BINARY_BIT_SLICED_DIFFERENTIAL,BIT_SLICED_BINARY_MAPPING,256,2,3,1,2,7,203264,10,128,1280,11.52,84.71000000000001,11.465172585137086,0.12602341264413755,11.339149172492949,-0.054827414862913315,0.054827414862913315,ZnO_01,ZnO,False
ZnO_01,ZnO,1000.0,3.0,1,2,DISCRETE_BINARY,REPORTED,normalized_from_ratio,BINARY_BIT_SLICED_DIFFERENTIAL,BIT_SLICED_BINARY_MAPPING,16,2,3,1,2,8,203264,800,256,204800,11.51,84.72,11.36616209018759,0.07005676931325887,11.29610532087433,-0.14383790981240985,0.14383790981240985,ZnO_01,ZnO,False
ZnO_01,ZnO,1000.0,3.0,1,2,DISCRETE_BINARY,REPORTED,normalized_from_ratio,BINARY_BIT_SLICED_DIFFERENTIAL,BIT_SLICED_BINARY_MAPPING,256,2,3,1,2,8,203264,10,256,2560,11.5,84.73,11.458555331168832,0.07572294433032013,11.382832386838512,-0.041444668831168485,0.041444668831168485,ZnO_01,ZnO,False
ZnO_01,ZnO,1000.0,3.0,1,2,DISCRETE_BINARY,REPORTED,normalized_from_ratio,BINARY_BIT_SLICED_DIFFERENTIAL,BIT_SLICED_BINARY_MAPPING,16,2,3,1,2,5,203264,800,32,25600,11.48,84.75,11.627025404761904,0.1647531285793046,11.462272276182599,0.1470254047619033,0.1470254047619033,ZnO_01,ZnO,False
ZnO_01,ZnO,1000.0,3.0,1,2,DISCRETE_BINARY,REPORTED,normalized_from_ratio,BINARY_BIT_SLICED_DIFFERENTIAL,BIT_SLICED_BINARY_MAPPING,128,2,3,1,2,8,203264,16,256,4096,11.48,84.75,11.447101920634923,0.06597819113966688,11.381123729495256,-0.03289807936507749,0.03289807936507749,ZnO_01,ZnO,False
ZnO_01,ZnO,1000.0,3.0,1,2,DISCRETE_BINARY,REPORTED,normalized_from_ratio,BINARY_BIT_SLICED_DIFFERENTIAL,BIT_SLICED_BINARY_MAPPING,64,2,3,1,2,6,203264,56,64,3584,11.48,84.75,11.239967365079364,0.18919699694238423,11.05077036813698,-0.2400326349206363,0.2400326349206363,ZnO_01,ZnO,False
ZnO_01,ZnO,1000.0,3.0,1,2,DISCRETE_BINARY,REPORTED,normalized_from_ratio,BINARY_BIT_SLICED_DIFFERENTIAL,BIT_SLICED_BINARY_MAPPING,32,2,3,1,2,10,203264,208,1024,212992,11.39,84.84,11.393480653679653,0.09192263301790163,11.301558020661751,0.0034806536796523346,0.0034806536796523346,ZnO_01,ZnO,False
ZnO_01,ZnO,1000.0,3.0,1,2,DISCRETE_BINARY,REPORTED,normalized_from_ratio,BINARY_BIT_SLICED_DIFFERENTIAL,BIT_SLICED_BINARY_MAPPING,32,2,3,1,2,7,203264,208,128,26624,11.38,84.85000000000001,11.301420277777778,0.09001241806250478,11.211407859715273,-0.07857972222222287,0.07857972222222287,ZnO_01,ZnO,False
ZnO_01,ZnO,1000.0,3.0,1,2,DISCRETE_BINARY,REPORTED,normalized_from_ratio,BINARY_BIT_SLICED_DIFFERENTIAL,BIT_SLICED_BINARY_MAPPING,32,2,3,1,2,8,203264,208,256,53248,11.37,84.86,11.358994375901876,0.06174966650657692,11.297244709395299,-0.011005624098123334,0.011005624098123334,ZnO_01,ZnO,False
ZnO_01,ZnO,1000.0,3.0,1,2,DISCRETE_BINARY,REPORTED,normalized_from_ratio,BINARY_BIT_SLICED_DIFFERENTIAL,BIT_SLICED_BINARY_MAPPING,16,2,3,1,2,6,203264,800,64,51200,11.37,84.86,11.319287246031747,0.08176967435361787,11.23751757167813,-0.050712753968252144,0.050712753968252144,ZnO_01,ZnO,False
ZnO_01,ZnO,1000.0,3.0,1,2,DISCRETE_BINARY,REPORTED,normalized_from_ratio,BINARY_BIT_SLICED_DIFFERENTIAL,BIT_SLICED_BINARY_MAPPING,16,2,3,1,2,7,203264,800,128,102400,11.36,84.87,11.298957674603175,0.08679995001640545,11.212157724586769,-0.06104232539682464,0.06104232539682464,ZnO_01,ZnO,False
ZnO_01,ZnO,1000.0,3.0,1,2,DISCRETE_BINARY,REPORTED,normalized_from_ratio,BINARY_BIT_SLICED_DIFFERENTIAL,BIT_SLICED_BINARY_MAPPING,64,2,3,1,2,8,203264,56,256,14336,11.35,84.88000000000001,11.337218698412698,0.08461128055785246,11.252607417854845,-0.012781301587301286,0.012781301587301286,ZnO_01,ZnO,False
ZnO_01,ZnO,1000.0,3.0,1,2,DISCRETE_BINARY,REPORTED,normalized_from_ratio,BINARY_BIT_SLICED_DIFFERENTIAL,BIT_SLICED_BINARY_MAPPING,64,2,3,1,2,5,203264,56,32,1792,11.33,84.9,11.726419007936506,0.3062969798118245,11.420122028124682,0.3964190079365064,0.3964190079365064,ZnO_01,ZnO,False
ZnO_01,ZnO,1000.0,3.0,1,2,DISCRETE_BINARY,REPORTED,normalized_from_ratio,BINARY_BIT_SLICED_DIFFERENTIAL,BIT_SLICED_BINARY_MAPPING,64,2,3,1,2,10,203264,56,1024,57344,11.33,84.9,11.36081511111111,0.10030588925553238,11.260509221855578,0.030815111111110127,0.030815111111110127,ZnO_01,ZnO,False
ZnO_01,ZnO,1000.0,3.0,1,2,DISCRETE_BINARY,REPORTED,normalized_from_ratio,BINARY_BIT_SLICED_DIFFERENTIAL,BIT_SLICED_BINARY_MAPPING,256,2,3,1,2,10,203264,10,1024,10240,11.3,84.93,11.34852765873016,0.10078098046445452,11.247746678265704,0.04852765873015841,0.04852765873015841,ZnO_01,ZnO,False
ZnO_01,ZnO,1000.0,3.0,1,2,DISCRETE_BINARY,REPORTED,normalized_from_ratio,BINARY_BIT_SLICED_DIFFERENTIAL,BIT_SLICED_BINARY_MAPPING,32,2,3,1,2,6,203264,208,64,13312,11.27,84.96000000000001,11.304424357142857,0.10450105276608775,11.19992330437677,0.034424357142857076,0.034424357142857076,ZnO_01,ZnO,False
ZnO_01,ZnO,1000.0,3.0,1,2,DISCRETE_BINARY,REPORTED,normalized_from_ratio,BINARY_BIT_SLICED_DIFFERENTIAL,BIT_SLICED_BINARY_MAPPING,128,2,3,1,2,10,203264,16,1024,16384,11.24,84.99000000000001,11.342351777777777,0.09258405279109937,11.249767724986677,0.10235177777777693,0.10235177777777693,ZnO_01,ZnO,False
ZnO_01,ZnO,1000.0,3.0,1,2,DISCRETE_BINARY,REPORTED,normalized_from_ratio,BINARY_BIT_SLICED_DIFFERENTIAL,BIT_SLICED_BINARY_MAPPING,64,2,3,1,2,7,203264,56,128,7168,11.23,85.0,11.26708134126984,0.11173092358309274,11.155350417686748,0.03708134126983964,0.03708134126983964,ZnO_01,ZnO,False
ZnO_01,ZnO,1000.0,3.0,1,2,DISCRETE_BINARY,REPORTED,normalized_from_ratio,BINARY_BIT_SLICED_DIFFERENTIAL,BIT_SLICED_BINARY_MAPPING,256,2,3,1,2,9,203264,10,512,5120,11.21,85.02000000000001,11.419722738095238,0.05464758452778629,11.365075153567451,0.20972273809523756,0.20972273809523756,ZnO_01,ZnO,False
ZnO_01,ZnO,1000.0,3.0,1,2,DISCRETE_BINARY,REPORTED,normalized_from_ratio,BINARY_BIT_SLICED_DIFFERENTIAL,BIT_SLICED_BINARY_MAPPING,128,2,3,1,2,9,203264,16,512,8192,11.21,85.02000000000001,11.416546634920635,0.03922939198219331,11.377317242938442,0.20654663492063463,0.20654663492063463,ZnO_01,ZnO,False
ZnO_01,ZnO,1000.0,3.0,1,2,DISCRETE_BINARY,REPORTED,normalized_from_ratio,BINARY_BIT_SLICED_DIFFERENTIAL,BIT_SLICED_BINARY_MAPPING,64,2,3,1,2,9,203264,56,512,28672,11.19,85.04,11.402019714285714,0.05781900920880251,11.344200705076911,0.21201971428571476,0.21201971428571476,ZnO_01,ZnO,False
ZnO_01,ZnO,1000.0,3.0,1,2,DISCRETE_BINARY,REPORTED,normalized_from_ratio,BINARY_BIT_SLICED_DIFFERENTIAL,BIT_SLICED_BINARY_MAPPING,16,2,3,1,2,9,203264,800,512,409600,11.17,85.06,11.459246566378066,0.050147628859126527,11.409098937518939,0.28924656637806656,0.28924656637806656,ZnO_01,ZnO,False
ZnO_01,ZnO,1000.0,3.0,1,2,DISCRETE_BINARY,REPORTED,normalized_from_ratio,BINARY_BIT_SLICED_DIFFERENTIAL,BIT_SLICED_BINARY_MAPPING,32,2,3,1,2,9,203264,208,512,106496,11.14,85.09,11.434616026695526,0.04627391331386723,11.38834211338166,0.29461602669552533,0.29461602669552533,ZnO_01,ZnO,False
ZnO_01,ZnO,1000.0,3.0,1,2,DISCRETE_BINARY,REPORTED,normalized_from_ratio,BINARY_BIT_SLICED_DIFFERENTIAL,BIT_SLICED_BINARY_MAPPING,128,2,3,1,2,4,203264,16,16,256,10.98,85.25,11.438573626984125,0.5327114804003388,10.905862146583786,0.4585736269841245,0.4585736269841245,ZnO_01,ZnO,False
ZnO_01,ZnO,1000.0,3.0,1,2,DISCRETE_BINARY,REPORTED,normalized_from_ratio,BINARY_BIT_SLICED_DIFFERENTIAL,BIT_SLICED_BINARY_MAPPING,256,2,3,1,2,4,203264,10,16,160,10.16,86.07000000000001,10.82476826984127,0.6178669471317054,10.206901322709564,0.6647682698412698,0.6647682698412698,ZnO_01,ZnO,False
