device_id,study_id,technology_family,device_on_off_ratio,device_log10_on_off_ratio,state_count_available,physical_state_count,device_conductance_mode,device_state_count_status,parameter_source,mapping_strategy,precision_basis,crossbar_size,requested_weight_bits,effective_weight_levels,slices_per_branch,physical_cells_per_weight,adc_bits,estimated_memristor_cells,estimated_physical_crossbar_tiles,adc_levels,relative_hardware_cost_proxy,accuracy,accuracy_loss,predicted_accuracy,prediction_uncertainty,confidence_lower_bound,prediction_error_pp,absolute_prediction_error_pp,is_true_near_optimal,validation_mode,held_out_group,held_out_device,held_out_study,held_out_family,training_devices,training_studies,training_families,same_study_training_leakage
HfZrOx_01,10.1002/pssr.202000524,HfZrOx,2.0,0.3010299956639812,0,0,ANALOG,NOT_REPORTED,normalized_from_ratio,IDEALIZED_SINGLE_PAIR_ANALOG,IDEALIZED_ANALOG_MAPPING,16,6,63,0,2,10,203264,800,1024,819200,96.34,-0.1099999999999994,96.291481,0.01190246678887857,96.27957853321112,-0.04851899999999887,0.04851899999999887,True,LEAVE_ONE_STUDY_OUT,10.1002/pssr.202000524,HfZrOx_01,10.1002/pssr.202000524,HfZrOx,8,6,4,False
HfZrOx_01,10.1002/pssr.202000524,HfZrOx,2.0,0.3010299956639812,0,0,ANALOG,NOT_REPORTED,normalized_from_ratio,IDEALIZED_SINGLE_PAIR_ANALOG,IDEALIZED_ANALOG_MAPPING,64,6,63,0,2,10,203264,56,1024,57344,96.3,-0.0699999999999931,96.2833441111111,0.013746180825037037,96.26959793028607,-0.016655888888891468,0.016655888888891468,True,LEAVE_ONE_STUDY_OUT,10.1002/pssr.202000524,HfZrOx_01,10.1002/pssr.202000524,HfZrOx,8,6,4,False
HfZrOx_01,10.1002/pssr.202000524,HfZrOx,2.0,0.3010299956639812,0,0,ANALOG,NOT_REPORTED,normalized_from_ratio,IDEALIZED_SINGLE_PAIR_ANALOG,IDEALIZED_ANALOG_MAPPING,64,6,63,0,2,9,203264,56,512,28672,96.29,-0.0600000000000022,96.25380712698411,0.03542309559890316,96.21838403138521,-0.036192873015892246,0.036192873015892246,True,LEAVE_ONE_STUDY_OUT,10.1002/pssr.202000524,HfZrOx_01,10.1002/pssr.202000524,HfZrOx,8,6,4,False
HfZrOx_01,10.1002/pssr.202000524,HfZrOx,2.0,0.3010299956639812,0,0,ANALOG,NOT_REPORTED,normalized_from_ratio,IDEALIZED_SINGLE_PAIR_ANALOG,IDEALIZED_ANALOG_MAPPING,32,8,255,0,2,10,203264,208,1024,212992,96.27,-0.039999999999992,96.2550003174603,0.022435022243839225,96.23256529521646,-0.014999682539695414,0.014999682539695414,True,LEAVE_ONE_STUDY_OUT,10.1002/pssr.202000524,HfZrOx_01,10.1002/pssr.202000524,HfZrOx,8,6,4,False
HfZrOx_01,10.1002/pssr.202000524,HfZrOx,2.0,0.3010299956639812,0,0,ANALOG,NOT_REPORTED,normalized_from_ratio,IDEALIZED_SINGLE_PAIR_ANALOG,IDEALIZED_ANALOG_MAPPING,32,6,63,0,2,9,203264,208,512,106496,96.26,-0.0300000000000011,96.25062980158731,0.02181724870888639,96.22881255287842,-0.009370198412696595,0.009370198412696595,True,LEAVE_ONE_STUDY_OUT,10.1002/pssr.202000524,HfZrOx_01,10.1002/pssr.202000524,HfZrOx,8,6,4,False
HfZrOx_01,10.1002/pssr.202000524,HfZrOx,2.0,0.3010299956639812,0,0,ANALOG,NOT_REPORTED,normalized_from_ratio,IDEALIZED_SINGLE_PAIR_ANALOG,IDEALIZED_ANALOG_MAPPING,128,6,63,0,2,9,203264,16,512,8192,96.26,-0.0300000000000011,96.23641096825398,0.040917284680372284,96.1954936835736,-0.023589031746027445,0.023589031746027445,True,LEAVE_ONE_STUDY_OUT,10.1002/pssr.202000524,HfZrOx_01,10.1002/pssr.202000524,HfZrOx,8,6,4,False
HfZrOx_01,10.1002/pssr.202000524,HfZrOx,2.0,0.3010299956639812,0,0,ANALOG,NOT_REPORTED,normalized_from_ratio,IDEALIZED_SINGLE_PAIR_ANALOG,IDEALIZED_ANALOG_MAPPING,256,6,63,0,2,10,203264,10,1024,10240,96.25,-0.019999999999996,96.25641743650793,0.03021697638962608,96.2262004601183,0.006417436507931029,0.006417436507931029,True,LEAVE_ONE_STUDY_OUT,10.1002/pssr.202000524,HfZrOx_01,10.1002/pssr.202000524,HfZrOx,8,6,4,False
HfZrOx_01,10.1002/pssr.202000524,HfZrOx,2.0,0.3010299956639812,0,0,ANALOG,NOT_REPORTED,normalized_from_ratio,IDEALIZED_SINGLE_PAIR_ANALOG,IDEALIZED_ANALOG_MAPPING,32,6,63,0,2,10,203264,208,1024,212992,96.25,-0.019999999999996,96.2843435952381,0.011164770289417545,96.27317882494869,0.0343435952380986,0.0343435952380986,True,LEAVE_ONE_STUDY_OUT,10.1002/pssr.202000524,HfZrOx_01,10.1002/pssr.202000524,HfZrOx,8,6,4,False
HfZrOx_01,10.1002/pssr.202000524,HfZrOx,2.0,0.3010299956639812,0,0,ANALOG,NOT_REPORTED,normalized_from_ratio,IDEALIZED_SINGLE_PAIR_ANALOG,IDEALIZED_ANALOG_MAPPING,32,7,127,0,2,9,203264,208,512,106496,96.25,-0.019999999999996,96.23921586652237,0.014912491210734218,96.22430337531164,-0.010784133477628188,0.010784133477628188,True,LEAVE_ONE_STUDY_OUT,10.1002/pssr.202000524,HfZrOx_01,10.1002/pssr.202000524,HfZrOx,8,6,4,False
HfZrOx_01,10.1002/pssr.202000524,HfZrOx,2.0,0.3010299956639812,0,0,ANALOG,NOT_REPORTED,normalized_from_ratio,IDEALIZED_SINGLE_PAIR_ANALOG,IDEALIZED_ANALOG_MAPPING,16,8,255,0,2,10,203264,800,1024,819200,96.24,-0.0099999999999909,96.25446295238095,0.01729384083624914,96.2371691115447,0.014462952380952743,0.014462952380952743,True,LEAVE_ONE_STUDY_OUT,10.1002/pssr.202000524,HfZrOx_01,10.1002/pssr.202000524,HfZrOx,8,6,4,False
HfZrOx_01,10.1002/pssr.202000524,HfZrOx,2.0,0.3010299956639812,0,0,ANALOG,NOT_REPORTED,normalized_from_ratio,IDEALIZED_SINGLE_PAIR_ANALOG,IDEALIZED_ANALOG_MAPPING,32,6,63,0,2,7,203264,208,128,26624,96.24,-0.0099999999999909,96.15743922222222,0.037675484238726756,96.11976373798349,-0.08256077777777193,0.08256077777777193,True,LEAVE_ONE_STUDY_OUT,10.1002/pssr.202000524,HfZrOx_01,10.1002/pssr.202000524,HfZrOx,8,6,4,False
HfZrOx_01,10.1002/pssr.202000524,HfZrOx,2.0,0.3010299956639812,0,0,ANALOG,NOT_REPORTED,normalized_from_ratio,IDEALIZED_SINGLE_PAIR_ANALOG,IDEALIZED_ANALOG_MAPPING,32,6,63,0,2,8,203264,208,256,53248,96.24,-0.0099999999999909,96.22006960750359,0.032429815270946696,96.18763979223264,-0.019930392496405602,0.019930392496405602,True,LEAVE_ONE_STUDY_OUT,10.1002/pssr.202000524,HfZrOx_01,10.1002/pssr.202000524,HfZrOx,8,6,4,False
HfZrOx_01,10.1002/pssr.202000524,HfZrOx,2.0,0.3010299956639812,0,0,ANALOG,NOT_REPORTED,normalized_from_ratio,IDEALIZED_SINGLE_PAIR_ANALOG,IDEALIZED_ANALOG_MAPPING,128,6,63,0,2,8,203264,16,256,4096,96.24,-0.0099999999999909,96.24781576984127,0.051830459811172735,96.1959853100301,0.007815769841272413,0.007815769841272413,True,LEAVE_ONE_STUDY_OUT,10.1002/pssr.202000524,HfZrOx_01,10.1002/pssr.202000524,HfZrOx,8,6,4,False
HfZrOx_01,10.1002/pssr.202000524,HfZrOx,2.0,0.3010299956639812,0,0,ANALOG,NOT_REPORTED,normalized_from_ratio,IDEALIZED_SINGLE_PAIR_ANALOG,IDEALIZED_ANALOG_MAPPING,64,8,255,0,2,10,203264,56,1024,57344,96.24,-0.0099999999999909,96.24559865079365,0.029108995522359644,96.21648965527129,0.0055986507936580665,0.0055986507936580665,True,LEAVE_ONE_STUDY_OUT,10.1002/pssr.202000524,HfZrOx_01,10.1002/pssr.202000524,HfZrOx,8,6,4,False
HfZrOx_01,10.1002/pssr.202000524,HfZrOx,2.0,0.3010299956639812,0,0,ANALOG,NOT_REPORTED,normalized_from_ratio,IDEALIZED_SINGLE_PAIR_ANALOG,IDEALIZED_ANALOG_MAPPING,128,7,127,0,2,9,203264,16,512,8192,96.24,-0.0099999999999909,96.19699336002887,0.02567757822940265,96.17131578179946,-0.04300663997112508,0.04300663997112508,True,LEAVE_ONE_STUDY_OUT,10.1002/pssr.202000524,HfZrOx_01,10.1002/pssr.202000524,HfZrOx,8,6,4,False
HfZrOx_01,10.1002/pssr.202000524,HfZrOx,2.0,0.3010299956639812,0,0,ANALOG,NOT_REPORTED,normalized_from_ratio,IDEALIZED_SINGLE_PAIR_ANALOG,IDEALIZED_ANALOG_MAPPING,64,7,127,0,2,9,203264,56,512,28672,96.24,-0.0099999999999909,96.24407373160173,0.024539161943731153,96.219534569658,0.004073731601735631,0.004073731601735631,True,LEAVE_ONE_STUDY_OUT,10.1002/pssr.202000524,HfZrOx_01,10.1002/pssr.202000524,HfZrOx,8,6,4,False
HfZrOx_01,10.1002/pssr.202000524,HfZrOx,2.0,0.3010299956639812,0,0,ANALOG,NOT_REPORTED,normalized_from_ratio,IDEALIZED_SINGLE_PAIR_ANALOG,IDEALIZED_ANALOG_MAPPING,128,7,127,0,2,8,203264,16,256,4096,96.24,-0.0099999999999909,96.23166697474747,0.03447374747083304,96.19719322727664,-0.008333025252525772,0.008333025252525772,True,LEAVE_ONE_STUDY_OUT,10.1002/pssr.202000524,HfZrOx_01,10.1002/pssr.202000524,HfZrOx,8,6,4,False
HfZrOx_01,10.1002/pssr.202000524,HfZrOx,2.0,0.3010299956639812,0,0,ANALOG,NOT_REPORTED,normalized_from_ratio,IDEALIZED_SINGLE_PAIR_ANALOG,IDEALIZED_ANALOG_MAPPING,256,7,127,0,2,9,203264,10,512,5120,96.24,-0.0099999999999909,96.21557489177489,0.02113246463006872,96.19444242714482,-0.024425108225102576,0.024425108225102576,True,LEAVE_ONE_STUDY_OUT,10.1002/pssr.202000524,HfZrOx_01,10.1002/pssr.202000524,HfZrOx,8,6,4,False
HfZrOx_01,10.1002/pssr.202000524,HfZrOx,2.0,0.3010299956639812,0,0,ANALOG,NOT_REPORTED,normalized_from_ratio,IDEALIZED_SINGLE_PAIR_ANALOG,IDEALIZED_ANALOG_MAPPING,256,7,127,0,2,8,203264,10,256,2560,96.24,-0.0099999999999909,96.24787755627705,0.023202014563479985,96.22467554171357,0.007877556277051667,0.007877556277051667,True,LEAVE_ONE_STUDY_OUT,10.1002/pssr.202000524,HfZrOx_01,10.1002/pssr.202000524,HfZrOx,8,6,4,False
HfZrOx_01,10.1002/pssr.202000524,HfZrOx,2.0,0.3010299956639812,0,0,ANALOG,NOT_REPORTED,normalized_from_ratio,IDEALIZED_SINGLE_PAIR_ANALOG,IDEALIZED_ANALOG_MAPPING,128,8,255,0,2,8,203264,16,256,4096,96.24,-0.0099999999999909,96.22294566305916,0.03178108920780912,96.19116457385135,-0.017054336940830694,0.017054336940830694,True,LEAVE_ONE_STUDY_OUT,10.1002/pssr.202000524,HfZrOx_01,10.1002/pssr.202000524,HfZrOx,8,6,4,False
HfZrOx_01,10.1002/pssr.202000524,HfZrOx,2.0,0.3010299956639812,0,0,ANALOG,NOT_REPORTED,normalized_from_ratio,IDEALIZED_SINGLE_PAIR_ANALOG,IDEALIZED_ANALOG_MAPPING,32,7,127,0,2,10,203264,208,1024,212992,96.23,0.0,96.22756783333334,0.01176425920855137,96.21580357412479,-0.0024321666666651254,0.0024321666666651254,True,LEAVE_ONE_STUDY_OUT,10.1002/pssr.202000524,HfZrOx_01,10.1002/pssr.202000524,HfZrOx,8,6,4,False
HfZrOx_01,10.1002/pssr.202000524,HfZrOx,2.0,0.3010299956639812,0,0,ANALOG,NOT_REPORTED,normalized_from_ratio,IDEALIZED_SINGLE_PAIR_ANALOG,IDEALIZED_ANALOG_MAPPING,32,8,255,0,2,9,203264,208,512,106496,96.23,0.0,96.26798629365078,0.03019979304371593,96.23778650060706,0.03798629365077488,0.03798629365077488,True,LEAVE_ONE_STUDY_OUT,10.1002/pssr.202000524,HfZrOx_01,10.1002/pssr.202000524,HfZrOx,8,6,4,False
HfZrOx_01,10.1002/pssr.202000524,HfZrOx,2.0,0.3010299956639812,0,0,ANALOG,NOT_REPORTED,normalized_from_ratio,IDEALIZED_SINGLE_PAIR_ANALOG,IDEALIZED_ANALOG_MAPPING,16,6,63,0,2,9,203264,800,512,409600,96.23,0.0,96.2592744126984,0.019720655927092146,96.23955375677131,0.029274412698399033,0.029274412698399033,True,LEAVE_ONE_STUDY_OUT,10.1002/pssr.202000524,HfZrOx_01,10.1002/pssr.202000524,HfZrOx,8,6,4,False
HfZrOx_01,10.1002/pssr.202000524,HfZrOx,2.0,0.3010299956639812,0,0,ANALOG,NOT_REPORTED,normalized_from_ratio,IDEALIZED_SINGLE_PAIR_ANALOG,IDEALIZED_ANALOG_MAPPING,256,6,63,0,2,9,203264,10,512,5120,96.23,0.0,96.20103968686868,0.043545981705318704,96.15749370516336,-0.028960313131321413,0.028960313131321413,True,LEAVE_ONE_STUDY_OUT,10.1002/pssr.202000524,HfZrOx_01,10.1002/pssr.202000524,HfZrOx,8,6,4,False
HfZrOx_01,10.1002/pssr.202000524,HfZrOx,2.0,0.3010299956639812,0,0,ANALOG,NOT_REPORTED,normalized_from_ratio,IDEALIZED_SINGLE_PAIR_ANALOG,IDEALIZED_ANALOG_MAPPING,64,5,31,0,2,8,203264,56,256,14336,96.23,0.0,96.19035114407815,0.03197564457113668,96.15837549950702,-0.039648855921853965,0.039648855921853965,True,LEAVE_ONE_STUDY_OUT,10.1002/pssr.202000524,HfZrOx_01,10.1002/pssr.202000524,HfZrOx,8,6,4,False
HfZrOx_01,10.1002/pssr.202000524,HfZrOx,2.0,0.3010299956639812,0,0,ANALOG,NOT_REPORTED,normalized_from_ratio,IDEALIZED_SINGLE_PAIR_ANALOG,IDEALIZED_ANALOG_MAPPING,128,6,63,0,2,10,203264,16,1024,16384,96.22,0.0100000000000051,96.26648842063493,0.017776272144453827,96.24871214849047,0.04648842063492964,0.04648842063492964,True,LEAVE_ONE_STUDY_OUT,10.1002/pssr.202000524,HfZrOx_01,10.1002/pssr.202000524,HfZrOx,8,6,4,False
HfZrOx_01,10.1002/pssr.202000524,HfZrOx,2.0,0.3010299956639812,0,0,ANALOG,NOT_REPORTED,normalized_from_ratio,IDEALIZED_SINGLE_PAIR_ANALOG,IDEALIZED_ANALOG_MAPPING,64,8,255,0,2,9,203264,56,512,28672,96.21,0.0200000000000102,96.25706330952382,0.036673201002827734,96.22039010852099,0.04706330952382132,0.04706330952382132,True,LEAVE_ONE_STUDY_OUT,10.1002/pssr.202000524,HfZrOx_01,10.1002/pssr.202000524,HfZrOx,8,6,4,False
HfZrOx_01,10.1002/pssr.202000524,HfZrOx,2.0,0.3010299956639812,0,0,ANALOG,NOT_REPORTED,normalized_from_ratio,IDEALIZED_SINGLE_PAIR_ANALOG,IDEALIZED_ANALOG_MAPPING,16,6,63,0,2,8,203264,800,256,204800,96.21,0.0200000000000102,96.23054995670996,0.0316584241055583,96.1988915326044,0.02054995670997073,0.02054995670997073,True,LEAVE_ONE_STUDY_OUT,10.1002/pssr.202000524,HfZrOx_01,10.1002/pssr.202000524,HfZrOx,8,6,4,False
HfZrOx_01,10.1002/pssr.202000524,HfZrOx,2.0,0.3010299956639812,0,0,ANALOG,NOT_REPORTED,normalized_from_ratio,IDEALIZED_SINGLE_PAIR_ANALOG,IDEALIZED_ANALOG_MAPPING,32,7,127,0,2,7,203264,208,128,26624,96.21,0.0200000000000102,96.16170673015874,0.03335022891378523,96.12835650124495,-0.048293269841252595,0.048293269841252595,True,LEAVE_ONE_STUDY_OUT,10.1002/pssr.202000524,HfZrOx_01,10.1002/pssr.202000524,HfZrOx,8,6,4,False
HfZrOx_01,10.1002/pssr.202000524,HfZrOx,2.0,0.3010299956639812,0,0,ANALOG,NOT_REPORTED,normalized_from_ratio,IDEALIZED_SINGLE_PAIR_ANALOG,IDEALIZED_ANALOG_MAPPING,16,8,255,0,2,9,203264,800,512,409600,96.21,0.0200000000000102,96.26510592857143,0.02668125725194388,96.23842467131949,0.055105928571435925,0.055105928571435925,True,LEAVE_ONE_STUDY_OUT,10.1002/pssr.202000524,HfZrOx_01,10.1002/pssr.202000524,HfZrOx,8,6,4,False
HfZrOx_01,10.1002/pssr.202000524,HfZrOx,2.0,0.3010299956639812,0,0,ANALOG,NOT_REPORTED,normalized_from_ratio,IDEALIZED_SINGLE_PAIR_ANALOG,IDEALIZED_ANALOG_MAPPING,64,6,63,0,2,7,203264,56,128,7168,96.21,0.0200000000000102,96.13468034920635,0.03539305543041813,96.09928729377593,-0.07531965079364511,0.07531965079364511,True,LEAVE_ONE_STUDY_OUT,10.1002/pssr.202000524,HfZrOx_01,10.1002/pssr.202000524,HfZrOx,8,6,4,False
HfZrOx_01,10.1002/pssr.202000524,HfZrOx,2.0,0.3010299956639812,0,0,ANALOG,NOT_REPORTED,normalized_from_ratio,IDEALIZED_SINGLE_PAIR_ANALOG,IDEALIZED_ANALOG_MAPPING,128,8,255,0,2,10,203264,16,1024,16384,96.21,0.0200000000000102,96.18800333549784,0.02652717740507255,96.16147615809277,-0.021996664502154317,0.021996664502154317,True,LEAVE_ONE_STUDY_OUT,10.1002/pssr.202000524,HfZrOx_01,10.1002/pssr.202000524,HfZrOx,8,6,4,False
HfZrOx_01,10.1002/pssr.202000524,HfZrOx,2.0,0.3010299956639812,0,0,ANALOG,NOT_REPORTED,normalized_from_ratio,IDEALIZED_SINGLE_PAIR_ANALOG,IDEALIZED_ANALOG_MAPPING,16,7,127,0,2,8,203264,800,256,204800,96.2,0.0300000000000011,96.22219486219338,0.014554208608557242,96.20764065358482,0.02219486219337341,0.02219486219337341,True,LEAVE_ONE_STUDY_OUT,10.1002/pssr.202000524,HfZrOx_01,10.1002/pssr.202000524,HfZrOx,8,6,4,False
HfZrOx_01,10.1002/pssr.202000524,HfZrOx,2.0,0.3010299956639812,0,0,ANALOG,NOT_REPORTED,normalized_from_ratio,IDEALIZED_SINGLE_PAIR_ANALOG,IDEALIZED_ANALOG_MAPPING,64,6,63,0,2,8,203264,56,256,14336,96.2,0.0300000000000011,96.22529384920635,0.05197073219994708,96.1733231170064,0.02529384920634925,0.02529384920634925,True,LEAVE_ONE_STUDY_OUT,10.1002/pssr.202000524,HfZrOx_01,10.1002/pssr.202000524,HfZrOx,8,6,4,False
HfZrOx_01,10.1002/pssr.202000524,HfZrOx,2.0,0.3010299956639812,0,0,ANALOG,NOT_REPORTED,normalized_from_ratio,IDEALIZED_SINGLE_PAIR_ANALOG,IDEALIZED_ANALOG_MAPPING,128,8,255,0,2,9,203264,16,512,8192,96.2,0.0300000000000011,96.18973753391053,0.03209160840640146,96.15764592550413,-0.0102624660894719,0.0102624660894719,True,LEAVE_ONE_STUDY_OUT,10.1002/pssr.202000524,HfZrOx_01,10.1002/pssr.202000524,HfZrOx,8,6,4,False
HfZrOx_01,10.1002/pssr.202000524,HfZrOx,2.0,0.3010299956639812,0,0,ANALOG,NOT_REPORTED,normalized_from_ratio,IDEALIZED_SINGLE_PAIR_ANALOG,IDEALIZED_ANALOG_MAPPING,32,7,127,0,2,8,203264,208,256,53248,96.2,0.0300000000000011,96.22288059235208,0.021157980248129173,96.20172261210395,0.022880592352080953,0.022880592352080953,True,LEAVE_ONE_STUDY_OUT,10.1002/pssr.202000524,HfZrOx_01,10.1002/pssr.202000524,HfZrOx,8,6,4,False
HfZrOx_01,10.1002/pssr.202000524,HfZrOx,2.0,0.3010299956639812,0,0,ANALOG,NOT_REPORTED,normalized_from_ratio,IDEALIZED_SINGLE_PAIR_ANALOG,IDEALIZED_ANALOG_MAPPING,256,8,255,0,2,9,203264,10,512,5120,96.2,0.0300000000000011,96.2042523037518,0.023752999606474107,96.18049930414533,0.004252303751798081,0.004252303751798081,True,LEAVE_ONE_STUDY_OUT,10.1002/pssr.202000524,HfZrOx_01,10.1002/pssr.202000524,HfZrOx,8,6,4,False
HfZrOx_01,10.1002/pssr.202000524,HfZrOx,2.0,0.3010299956639812,0,0,ANALOG,NOT_REPORTED,normalized_from_ratio,IDEALIZED_SINGLE_PAIR_ANALOG,IDEALIZED_ANALOG_MAPPING,128,7,127,0,2,10,203264,16,1024,16384,96.19,0.0400000000000062,96.19960013780664,0.02215145128756783,96.17744868651907,0.00960013780664326,0.00960013780664326,True,LEAVE_ONE_STUDY_OUT,10.1002/pssr.202000524,HfZrOx_01,10.1002/pssr.202000524,HfZrOx,8,6,4,False
HfZrOx_01,10.1002/pssr.202000524,HfZrOx,2.0,0.3010299956639812,0,0,ANALOG,NOT_REPORTED,normalized_from_ratio,IDEALIZED_SINGLE_PAIR_ANALOG,IDEALIZED_ANALOG_MAPPING,64,7,127,0,2,10,203264,56,1024,57344,96.19,0.0400000000000062,96.23514085714287,0.018997477219387646,96.21614337992348,0.04514085714286864,0.04514085714286864,True,LEAVE_ONE_STUDY_OUT,10.1002/pssr.202000524,HfZrOx_01,10.1002/pssr.202000524,HfZrOx,8,6,4,False
HfZrOx_01,10.1002/pssr.202000524,HfZrOx,2.0,0.3010299956639812,0,0,ANALOG,NOT_REPORTED,normalized_from_ratio,IDEALIZED_SINGLE_PAIR_ANALOG,IDEALIZED_ANALOG_MAPPING,256,6,63,0,2,8,203264,10,256,2560,96.19,0.0400000000000062,96.22003077417027,0.050686431457703233,96.16934434271256,0.030030774170271002,0.030030774170271002,True,LEAVE_ONE_STUDY_OUT,10.1002/pssr.202000524,HfZrOx_01,10.1002/pssr.202000524,HfZrOx,8,6,4,False
HfZrOx_01,10.1002/pssr.202000524,HfZrOx,2.0,0.3010299956639812,0,0,ANALOG,NOT_REPORTED,normalized_from_ratio,IDEALIZED_SINGLE_PAIR_ANALOG,IDEALIZED_ANALOG_MAPPING,16,7,127,0,2,7,203264,800,128,102400,96.19,0.0400000000000062,96.20424862698414,0.029439196685026866,96.1748094302991,0.01424862698414131,0.01424862698414131,True,LEAVE_ONE_STUDY_OUT,10.1002/pssr.202000524,HfZrOx_01,10.1002/pssr.202000524,HfZrOx,8,6,4,False
HfZrOx_01,10.1002/pssr.202000524,HfZrOx,2.0,0.3010299956639812,0,0,ANALOG,NOT_REPORTED,normalized_from_ratio,IDEALIZED_SINGLE_PAIR_ANALOG,IDEALIZED_ANALOG_MAPPING,16,7,127,0,2,9,203264,800,512,409600,96.19,0.0400000000000062,96.23160762842713,0.013322953777000428,96.21828467465012,0.04160762842712984,0.04160762842712984,True,LEAVE_ONE_STUDY_OUT,10.1002/pssr.202000524,HfZrOx_01,10.1002/pssr.202000524,HfZrOx,8,6,4,False
HfZrOx_01,10.1002/pssr.202000524,HfZrOx,2.0,0.3010299956639812,0,0,ANALOG,NOT_REPORTED,normalized_from_ratio,IDEALIZED_SINGLE_PAIR_ANALOG,IDEALIZED_ANALOG_MAPPING,16,7,127,0,2,10,203264,800,1024,819200,96.19,0.0400000000000062,96.22721975396826,0.008755622934042653,96.21846413103421,0.03721975396825883,0.03721975396825883,True,LEAVE_ONE_STUDY_OUT,10.1002/pssr.202000524,HfZrOx_01,10.1002/pssr.202000524,HfZrOx,8,6,4,False
HfZrOx_01,10.1002/pssr.202000524,HfZrOx,2.0,0.3010299956639812,0,0,ANALOG,NOT_REPORTED,normalized_from_ratio,IDEALIZED_SINGLE_PAIR_ANALOG,IDEALIZED_ANALOG_MAPPING,128,5,31,0,2,10,203264,16,1024,16384,96.19,0.0400000000000062,96.16780274819627,0.025883577888132,96.14191917030813,-0.022197251803731888,0.022197251803731888,True,LEAVE_ONE_STUDY_OUT,10.1002/pssr.202000524,HfZrOx_01,10.1002/pssr.202000524,HfZrOx,8,6,4,False
HfZrOx_01,10.1002/pssr.202000524,HfZrOx,2.0,0.3010299956639812,0,0,ANALOG,NOT_REPORTED,normalized_from_ratio,IDEALIZED_SINGLE_PAIR_ANALOG,IDEALIZED_ANALOG_MAPPING,128,5,31,0,2,9,203264,16,512,8192,96.18,0.0499999999999971,96.17980635209236,0.024495343172292256,96.15531100892007,-0.0001936479076505293,0.0001936479076505293,True,LEAVE_ONE_STUDY_OUT,10.1002/pssr.202000524,HfZrOx_01,10.1002/pssr.202000524,HfZrOx,8,6,4,False
HfZrOx_01,10.1002/pssr.202000524,HfZrOx,2.0,0.3010299956639812,0,0,ANALOG,NOT_REPORTED,normalized_from_ratio,IDEALIZED_SINGLE_PAIR_ANALOG,IDEALIZED_ANALOG_MAPPING,32,8,255,0,2,7,203264,208,128,26624,96.18,0.0499999999999971,96.15454871861472,0.03392003650876855,96.12062868210595,-0.02545128138528696,0.02545128138528696,True,LEAVE_ONE_STUDY_OUT,10.1002/pssr.202000524,HfZrOx_01,10.1002/pssr.202000524,HfZrOx,8,6,4,False
HfZrOx_01,10.1002/pssr.202000524,HfZrOx,2.0,0.3010299956639812,0,0,ANALOG,NOT_REPORTED,normalized_from_ratio,IDEALIZED_SINGLE_PAIR_ANALOG,IDEALIZED_ANALOG_MAPPING,256,8,255,0,2,10,203264,10,1024,10240,96.18,0.0499999999999971,96.20195096248194,0.02044753728686838,96.18150342519507,0.021950962481938063,0.021950962481938063,True,LEAVE_ONE_STUDY_OUT,10.1002/pssr.202000524,HfZrOx_01,10.1002/pssr.202000524,HfZrOx,8,6,4,False
HfZrOx_01,10.1002/pssr.202000524,HfZrOx,2.0,0.3010299956639812,0,0,ANALOG,NOT_REPORTED,normalized_from_ratio,IDEALIZED_SINGLE_PAIR_ANALOG,IDEALIZED_ANALOG_MAPPING,16,8,255,0,2,7,203264,800,128,102400,96.18,0.0499999999999971,96.20538130158731,0.029452777170017052,96.17592852441729,0.02538130158730212,0.02538130158730212,True,LEAVE_ONE_STUDY_OUT,10.1002/pssr.202000524,HfZrOx_01,10.1002/pssr.202000524,HfZrOx,8,6,4,False
HfZrOx_01,10.1002/pssr.202000524,HfZrOx,2.0,0.3010299956639812,0,0,ANALOG,NOT_REPORTED,normalized_from_ratio,IDEALIZED_SINGLE_PAIR_ANALOG,IDEALIZED_ANALOG_MAPPING,64,8,255,0,2,8,203264,56,256,14336,96.18,0.0499999999999971,96.22067789682539,0.025234645334769115,96.19544325149063,0.04067789682538603,0.04067789682538603,True,LEAVE_ONE_STUDY_OUT,10.1002/pssr.202000524,HfZrOx_01,10.1002/pssr.202000524,HfZrOx,8,6,4,False
HfZrOx_01,10.1002/pssr.202000524,HfZrOx,2.0,0.3010299956639812,0,0,ANALOG,NOT_REPORTED,normalized_from_ratio,IDEALIZED_SINGLE_PAIR_ANALOG,IDEALIZED_ANALOG_MAPPING,64,5,31,0,2,10,203264,56,1024,57344,96.18,0.0499999999999971,96.15535786507937,0.01837695949135024,96.13698090558802,-0.024642134920640046,0.024642134920640046,True,LEAVE_ONE_STUDY_OUT,10.1002/pssr.202000524,HfZrOx_01,10.1002/pssr.202000524,HfZrOx,8,6,4,False
HfZrOx_01,10.1002/pssr.202000524,HfZrOx,2.0,0.3010299956639812,0,0,ANALOG,NOT_REPORTED,normalized_from_ratio,IDEALIZED_SINGLE_PAIR_ANALOG,IDEALIZED_ANALOG_MAPPING,16,8,255,0,2,8,203264,800,256,204800,96.18,0.0499999999999971,96.2289454018759,0.024017424675346608,96.20492797720055,0.04894540187589769,0.04894540187589769,True,LEAVE_ONE_STUDY_OUT,10.1002/pssr.202000524,HfZrOx_01,10.1002/pssr.202000524,HfZrOx,8,6,4,False
HfZrOx_01,10.1002/pssr.202000524,HfZrOx,2.0,0.3010299956639812,0,0,ANALOG,NOT_REPORTED,normalized_from_ratio,IDEALIZED_SINGLE_PAIR_ANALOG,IDEALIZED_ANALOG_MAPPING,16,5,31,0,2,10,203264,800,1024,819200,96.17,0.0600000000000022,96.13751025541127,0.010120323495193366,96.12738993191608,-0.03248974458873022,0.03248974458873022,True,LEAVE_ONE_STUDY_OUT,10.1002/pssr.202000524,HfZrOx_01,10.1002/pssr.202000524,HfZrOx,8,6,4,False
HfZrOx_01,10.1002/pssr.202000524,HfZrOx,2.0,0.3010299956639812,0,0,ANALOG,NOT_REPORTED,normalized_from_ratio,IDEALIZED_SINGLE_PAIR_ANALOG,IDEALIZED_ANALOG_MAPPING,16,5,31,0,2,9,203264,800,512,409600,96.17,0.0600000000000022,96.15729812698413,0.011469045062686688,96.14582908192145,-0.012701873015871001,0.012701873015871001,True,LEAVE_ONE_STUDY_OUT,10.1002/pssr.202000524,HfZrOx_01,10.1002/pssr.202000524,HfZrOx,8,6,4,False
HfZrOx_01,10.1002/pssr.202000524,HfZrOx,2.0,0.3010299956639812,0,0,ANALOG,NOT_REPORTED,normalized_from_ratio,IDEALIZED_SINGLE_PAIR_ANALOG,IDEALIZED_ANALOG_MAPPING,32,5,31,0,2,7,203264,208,128,26624,96.17,0.0600000000000022,96.09945451781553,0.05648417893306411,96.04297033888247,-0.0705454821844711,0.0705454821844711,True,LEAVE_ONE_STUDY_OUT,10.1002/pssr.202000524,HfZrOx_01,10.1002/pssr.202000524,HfZrOx,8,6,4,False
HfZrOx_01,10.1002/pssr.202000524,HfZrOx,2.0,0.3010299956639812,0,0,ANALOG,NOT_REPORTED,normalized_from_ratio,IDEALIZED_SINGLE_PAIR_ANALOG,IDEALIZED_ANALOG_MAPPING,16,6,63,0,2,6,203264,800,64,51200,96.17,0.0600000000000022,96.03485800000001,0.03131693025960962,96.00354106974041,-0.13514199999998766,0.13514199999998766,True,LEAVE_ONE_STUDY_OUT,10.1002/pssr.202000524,HfZrOx_01,10.1002/pssr.202000524,HfZrOx,8,6,4,False
HfZrOx_01,10.1002/pssr.202000524,HfZrOx,2.0,0.3010299956639812,0,0,ANALOG,NOT_REPORTED,normalized_from_ratio,IDEALIZED_SINGLE_PAIR_ANALOG,IDEALIZED_ANALOG_MAPPING,256,5,31,0,2,10,203264,10,1024,10240,96.17,0.0600000000000022,96.15021702597403,0.030536754463511298,96.11968027151052,-0.019782974025972067,0.019782974025972067,True,LEAVE_ONE_STUDY_OUT,10.1002/pssr.202000524,HfZrOx_01,10.1002/pssr.202000524,HfZrOx,8,6,4,False
HfZrOx_01,10.1002/pssr.202000524,HfZrOx,2.0,0.3010299956639812,0,0,ANALOG,NOT_REPORTED,normalized_from_ratio,IDEALIZED_SINGLE_PAIR_ANALOG,IDEALIZED_ANALOG_MAPPING,32,5,31,0,2,8,203264,208,256,53248,96.17,0.0600000000000022,96.15528481868132,0.022089238958170405,96.13319557972315,-0.014715181318678106,0.014715181318678106,True,LEAVE_ONE_STUDY_OUT,10.1002/pssr.202000524,HfZrOx_01,10.1002/pssr.202000524,HfZrOx,8,6,4,False
HfZrOx_01,10.1002/pssr.202000524,HfZrOx,2.0,0.3010299956639812,0,0,ANALOG,NOT_REPORTED,normalized_from_ratio,IDEALIZED_SINGLE_PAIR_ANALOG,IDEALIZED_ANALOG_MAPPING,32,5,31,0,2,9,203264,208,512,106496,96.16,0.0700000000000073,96.15719264357863,0.01266419947483954,96.14452844410378,-0.00280735642137131,0.00280735642137131,True,LEAVE_ONE_STUDY_OUT,10.1002/pssr.202000524,HfZrOx_01,10.1002/pssr.202000524,HfZrOx,8,6,4,False
HfZrOx_01,10.1002/pssr.202000524,HfZrOx,2.0,0.3010299956639812,0,0,ANALOG,NOT_REPORTED,normalized_from_ratio,IDEALIZED_SINGLE_PAIR_ANALOG,IDEALIZED_ANALOG_MAPPING,64,5,31,0,2,9,203264,56,512,28672,96.16,0.0700000000000073,96.1677037943723,0.020113113598954346,96.14759068077335,0.0077037943723041735,0.0077037943723041735,True,LEAVE_ONE_STUDY_OUT,10.1002/pssr.202000524,HfZrOx_01,10.1002/pssr.202000524,HfZrOx,8,6,4,False
HfZrOx_01,10.1002/pssr.202000524,HfZrOx,2.0,0.3010299956639812,0,0,ANALOG,NOT_REPORTED,normalized_from_ratio,IDEALIZED_SINGLE_PAIR_ANALOG,IDEALIZED_ANALOG_MAPPING,16,6,63,0,2,7,203264,800,128,102400,96.16,0.0700000000000073,96.18834340476191,0.03751143546031184,96.15083196930159,0.02834340476191244,0.02834340476191244,True,LEAVE_ONE_STUDY_OUT,10.1002/pssr.202000524,HfZrOx_01,10.1002/pssr.202000524,HfZrOx,8,6,4,False
HfZrOx_01,10.1002/pssr.202000524,HfZrOx,2.0,0.3010299956639812,0,0,ANALOG,NOT_REPORTED,normalized_from_ratio,IDEALIZED_SINGLE_PAIR_ANALOG,IDEALIZED_ANALOG_MAPPING,64,7,127,0,2,8,203264,56,256,14336,96.15,0.0799999999999983,96.21443497763349,0.024728314262816447,96.18970666337067,0.06443497763348205,0.06443497763348205,True,LEAVE_ONE_STUDY_OUT,10.1002/pssr.202000524,HfZrOx_01,10.1002/pssr.202000524,HfZrOx,8,6,4,False
HfZrOx_01,10.1002/pssr.202000524,HfZrOx,2.0,0.3010299956639812,0,0,ANALOG,NOT_REPORTED,normalized_from_ratio,IDEALIZED_SINGLE_PAIR_ANALOG,IDEALIZED_ANALOG_MAPPING,32,8,255,0,2,8,203264,208,256,53248,96.15,0.0799999999999983,96.22165140981242,0.03298412767431898,96.1886672821381,0.07165140981241791,0.07165140981241791,True,LEAVE_ONE_STUDY_OUT,10.1002/pssr.202000524,HfZrOx_01,10.1002/pssr.202000524,HfZrOx,8,6,4,False
HfZrOx_01,10.1002/pssr.202000524,HfZrOx,2.0,0.3010299956639812,0,0,ANALOG,NOT_REPORTED,normalized_from_ratio,IDEALIZED_SINGLE_PAIR_ANALOG,IDEALIZED_ANALOG_MAPPING,256,5,31,0,2,9,203264,10,512,5120,96.15,0.0799999999999983,96.15413572510822,0.03641278552214166,96.11772293958607,0.004135725108213251,0.004135725108213251,True,LEAVE_ONE_STUDY_OUT,10.1002/pssr.202000524,HfZrOx_01,10.1002/pssr.202000524,HfZrOx,8,6,4,False
HfZrOx_01,10.1002/pssr.202000524,HfZrOx,2.0,0.3010299956639812,0,0,ANALOG,NOT_REPORTED,normalized_from_ratio,IDEALIZED_SINGLE_PAIR_ANALOG,IDEALIZED_ANALOG_MAPPING,256,7,127,0,2,10,203264,10,1024,10240,96.15,0.0799999999999983,96.21539133621933,0.016134828910138777,96.19925650730919,0.0653913362193208,0.0653913362193208,True,LEAVE_ONE_STUDY_OUT,10.1002/pssr.202000524,HfZrOx_01,10.1002/pssr.202000524,HfZrOx,8,6,4,False
HfZrOx_01,10.1002/pssr.202000524,HfZrOx,2.0,0.3010299956639812,0,0,ANALOG,NOT_REPORTED,normalized_from_ratio,IDEALIZED_SINGLE_PAIR_ANALOG,IDEALIZED_ANALOG_MAPPING,16,5,31,0,2,8,203264,800,256,204800,96.14,0.0900000000000034,96.15396385042736,0.018582158928290446,96.13538169149906,0.013963850427359148,0.013963850427359148,True,LEAVE_ONE_STUDY_OUT,10.1002/pssr.202000524,HfZrOx_01,10.1002/pssr.202000524,HfZrOx,8,6,4,False
HfZrOx_01,10.1002/pssr.202000524,HfZrOx,2.0,0.3010299956639812,0,0,ANALOG,NOT_REPORTED,normalized_from_ratio,IDEALIZED_SINGLE_PAIR_ANALOG,IDEALIZED_ANALOG_MAPPING,256,8,255,0,2,8,203264,10,256,2560,96.14,0.0900000000000034,96.23275658730158,0.024050621628368768,96.20870596567322,0.09275658730157943,0.09275658730157943,True,LEAVE_ONE_STUDY_OUT,10.1002/pssr.202000524,HfZrOx_01,10.1002/pssr.202000524,HfZrOx,8,6,4,False
HfZrOx_01,10.1002/pssr.202000524,HfZrOx,2.0,0.3010299956639812,0,0,ANALOG,NOT_REPORTED,normalized_from_ratio,IDEALIZED_SINGLE_PAIR_ANALOG,IDEALIZED_ANALOG_MAPPING,128,5,31,0,2,8,203264,16,256,4096,96.13,0.1000000000000085,96.18455050122101,0.039163321036085164,96.14538718018493,0.05455050122101568,0.05455050122101568,True,LEAVE_ONE_STUDY_OUT,10.1002/pssr.202000524,HfZrOx_01,10.1002/pssr.202000524,HfZrOx,8,6,4,False
HfZrOx_01,10.1002/pssr.202000524,HfZrOx,2.0,0.3010299956639812,0,0,ANALOG,NOT_REPORTED,normalized_from_ratio,IDEALIZED_SINGLE_PAIR_ANALOG,IDEALIZED_ANALOG_MAPPING,32,5,31,0,2,10,203264,208,1024,212992,96.13,0.1000000000000085,96.13754438239538,0.010935988804636282,96.12660839359074,0.007544382395380467,0.007544382395380467,True,LEAVE_ONE_STUDY_OUT,10.1002/pssr.202000524,HfZrOx_01,10.1002/pssr.202000524,HfZrOx,8,6,4,False
HfZrOx_01,10.1002/pssr.202000524,HfZrOx,2.0,0.3010299956639812,0,0,ANALOG,NOT_REPORTED,normalized_from_ratio,IDEALIZED_SINGLE_PAIR_ANALOG,IDEALIZED_ANALOG_MAPPING,16,8,255,0,2,6,203264,800,64,51200,96.13,0.1000000000000085,96.03642154761906,0.03925315747353841,95.99716839014552,-0.09357845238093887,0.09357845238093887,True,LEAVE_ONE_STUDY_OUT,10.1002/pssr.202000524,HfZrOx_01,10.1002/pssr.202000524,HfZrOx,8,6,4,False
HfZrOx_01,10.1002/pssr.202000524,HfZrOx,2.0,0.3010299956639812,0,0,ANALOG,NOT_REPORTED,normalized_from_ratio,IDEALIZED_SINGLE_PAIR_ANALOG,IDEALIZED_ANALOG_MAPPING,128,4,15,0,2,8,203264,16,256,4096,96.12,0.1099999999999994,96.06737253968255,0.042818070871497575,96.02455446881106,-0.0526274603174528,0.0526274603174528,True,LEAVE_ONE_STUDY_OUT,10.1002/pssr.202000524,HfZrOx_01,10.1002/pssr.202000524,HfZrOx,8,6,4,False
HfZrOx_01,10.1002/pssr.202000524,HfZrOx,2.0,0.3010299956639812,0,0,ANALOG,NOT_REPORTED,normalized_from_ratio,IDEALIZED_SINGLE_PAIR_ANALOG,IDEALIZED_ANALOG_MAPPING,256,4,15,0,2,9,203264,10,512,5120,96.11,0.1200000000000045,96.06425100793652,0.0246016428545701,96.03964936508196,-0.04574899206347993,0.04574899206347993,True,LEAVE_ONE_STUDY_OUT,10.1002/pssr.202000524,HfZrOx_01,10.1002/pssr.202000524,HfZrOx,8,6,4,False
HfZrOx_01,10.1002/pssr.202000524,HfZrOx,2.0,0.3010299956639812,0,0,ANALOG,NOT_REPORTED,normalized_from_ratio,IDEALIZED_SINGLE_PAIR_ANALOG,IDEALIZED_ANALOG_MAPPING,64,7,127,0,2,7,203264,56,128,7168,96.1,0.1300000000000096,96.14351255555557,0.036200859075258246,96.10731169648031,0.04351255555557998,0.04351255555557998,True,LEAVE_ONE_STUDY_OUT,10.1002/pssr.202000524,HfZrOx_01,10.1002/pssr.202000524,HfZrOx,8,6,4,False
HfZrOx_01,10.1002/pssr.202000524,HfZrOx,2.0,0.3010299956639812,0,0,ANALOG,NOT_REPORTED,normalized_from_ratio,IDEALIZED_SINGLE_PAIR_ANALOG,IDEALIZED_ANALOG_MAPPING,16,4,15,0,2,9,203264,800,512,409600,96.09,0.1400000000000005,96.05946166089466,0.016958800416150496,96.0425028604785,-0.0305383391053482,0.0305383391053482,True,LEAVE_ONE_STUDY_OUT,10.1002/pssr.202000524,HfZrOx_01,10.1002/pssr.202000524,HfZrOx,8,6,4,False
HfZrOx_01,10.1002/pssr.202000524,HfZrOx,2.0,0.3010299956639812,0,0,ANALOG,NOT_REPORTED,normalized_from_ratio,IDEALIZED_SINGLE_PAIR_ANALOG,IDEALIZED_ANALOG_MAPPING,32,4,15,0,2,9,203264,208,512,106496,96.09,0.1400000000000005,96.06193245815295,0.022442355845449524,96.0394901023075,-0.028067541847050848,0.028067541847050848,True,LEAVE_ONE_STUDY_OUT,10.1002/pssr.202000524,HfZrOx_01,10.1002/pssr.202000524,HfZrOx,8,6,4,False
HfZrOx_01,10.1002/pssr.202000524,HfZrOx,2.0,0.3010299956639812,0,0,ANALOG,NOT_REPORTED,normalized_from_ratio,IDEALIZED_SINGLE_PAIR_ANALOG,IDEALIZED_ANALOG_MAPPING,16,4,15,0,2,8,203264,800,256,204800,96.09,0.1400000000000005,96.07481783838382,0.020377628154496157,96.05444021022933,-0.015182161616181133,0.015182161616181133,True,LEAVE_ONE_STUDY_OUT,10.1002/pssr.202000524,HfZrOx_01,10.1002/pssr.202000524,HfZrOx,8,6,4,False
HfZrOx_01,10.1002/pssr.202000524,HfZrOx,2.0,0.3010299956639812,0,0,ANALOG,NOT_REPORTED,normalized_from_ratio,IDEALIZED_SINGLE_PAIR_ANALOG,IDEALIZED_ANALOG_MAPPING,32,4,15,0,2,7,203264,208,128,26624,96.09,0.1400000000000005,96.00314307142858,0.05278798117193911,95.95035509025664,-0.08685692857142158,0.08685692857142158,True,LEAVE_ONE_STUDY_OUT,10.1002/pssr.202000524,HfZrOx_01,10.1002/pssr.202000524,HfZrOx,8,6,4,False
HfZrOx_01,10.1002/pssr.202000524,HfZrOx,2.0,0.3010299956639812,0,0,ANALOG,NOT_REPORTED,normalized_from_ratio,IDEALIZED_SINGLE_PAIR_ANALOG,IDEALIZED_ANALOG_MAPPING,64,4,15,0,2,8,203264,56,256,14336,96.08,0.1500000000000056,96.06311723088024,0.026045452474419733,96.03707177840582,-0.01688276911976061,0.01688276911976061,True,LEAVE_ONE_STUDY_OUT,10.1002/pssr.202000524,HfZrOx_01,10.1002/pssr.202000524,HfZrOx,8,6,4,False
HfZrOx_01,10.1002/pssr.202000524,HfZrOx,2.0,0.3010299956639812,0,0,ANALOG,NOT_REPORTED,normalized_from_ratio,IDEALIZED_SINGLE_PAIR_ANALOG,IDEALIZED_ANALOG_MAPPING,64,4,15,0,2,10,203264,56,1024,57344,96.08,0.1500000000000056,96.05533435064935,0.01570964726047138,96.03962470338888,-0.024665649350652075,0.024665649350652075,True,LEAVE_ONE_STUDY_OUT,10.1002/pssr.202000524,HfZrOx_01,10.1002/pssr.202000524,HfZrOx,8,6,4,False
HfZrOx_01,10.1002/pssr.202000524,HfZrOx,2.0,0.3010299956639812,0,0,ANALOG,NOT_REPORTED,normalized_from_ratio,IDEALIZED_SINGLE_PAIR_ANALOG,IDEALIZED_ANALOG_MAPPING,128,4,15,0,2,9,203264,16,512,8192,96.08,0.1500000000000056,96.06010106349207,0.02128678060319548,96.03881428288888,-0.01989893650792851,0.01989893650792851,True,LEAVE_ONE_STUDY_OUT,10.1002/pssr.202000524,HfZrOx_01,10.1002/pssr.202000524,HfZrOx,8,6,4,False
HfZrOx_01,10.1002/pssr.202000524,HfZrOx,2.0,0.3010299956639812,0,0,ANALOG,NOT_REPORTED,normalized_from_ratio,IDEALIZED_SINGLE_PAIR_ANALOG,IDEALIZED_ANALOG_MAPPING,16,7,127,0,2,6,203264,800,64,51200,96.07,0.1600000000000108,96.04245573809524,0.03562418148088043,96.00683155661436,-0.02754426190475101,0.02754426190475101,True,LEAVE_ONE_STUDY_OUT,10.1002/pssr.202000524,HfZrOx_01,10.1002/pssr.202000524,HfZrOx,8,6,4,False
HfZrOx_01,10.1002/pssr.202000524,HfZrOx,2.0,0.3010299956639812,0,0,ANALOG,NOT_REPORTED,normalized_from_ratio,IDEALIZED_SINGLE_PAIR_ANALOG,IDEALIZED_ANALOG_MAPPING,32,4,15,0,2,10,203264,208,1024,212992,96.07,0.1600000000000108,96.06302356493505,0.020242053101229566,96.04278151183382,-0.006976435064942166,0.006976435064942166,True,LEAVE_ONE_STUDY_OUT,10.1002/pssr.202000524,HfZrOx_01,10.1002/pssr.202000524,HfZrOx,8,6,4,False
HfZrOx_01,10.1002/pssr.202000524,HfZrOx,2.0,0.3010299956639812,0,0,ANALOG,NOT_REPORTED,normalized_from_ratio,IDEALIZED_SINGLE_PAIR_ANALOG,IDEALIZED_ANALOG_MAPPING,256,5,31,0,2,8,203264,10,256,2560,96.07,0.1600000000000108,96.13063746153846,0.0438898125559866,96.08674764898247,0.06063746153846239,0.06063746153846239,True,LEAVE_ONE_STUDY_OUT,10.1002/pssr.202000524,HfZrOx_01,10.1002/pssr.202000524,HfZrOx,8,6,4,False
HfZrOx_01,10.1002/pssr.202000524,HfZrOx,2.0,0.3010299956639812,0,0,ANALOG,NOT_REPORTED,normalized_from_ratio,IDEALIZED_SINGLE_PAIR_ANALOG,IDEALIZED_ANALOG_MAPPING,64,8,255,0,2,7,203264,56,128,7168,96.07,0.1600000000000108,96.14239075036076,0.035728557708497075,96.10666219265227,0.0723907503607677,0.0723907503607677,True,LEAVE_ONE_STUDY_OUT,10.1002/pssr.202000524,HfZrOx_01,10.1002/pssr.202000524,HfZrOx,8,6,4,False
HfZrOx_01,10.1002/pssr.202000524,HfZrOx,2.0,0.3010299956639812,0,0,ANALOG,NOT_REPORTED,normalized_from_ratio,IDEALIZED_SINGLE_PAIR_ANALOG,IDEALIZED_ANALOG_MAPPING,16,4,15,0,2,10,203264,800,1024,819200,96.07,0.1600000000000108,96.06494138239536,0.015088728631820954,96.04985265376354,-0.005058617604632332,0.005058617604632332,True,LEAVE_ONE_STUDY_OUT,10.1002/pssr.202000524,HfZrOx_01,10.1002/pssr.202000524,HfZrOx,8,6,4,False
HfZrOx_01,10.1002/pssr.202000524,HfZrOx,2.0,0.3010299956639812,0,0,ANALOG,NOT_REPORTED,normalized_from_ratio,IDEALIZED_SINGLE_PAIR_ANALOG,IDEALIZED_ANALOG_MAPPING,16,5,31,0,2,6,203264,800,64,51200,96.06,0.1700000000000017,96.00123100793651,0.059007178496973324,95.94222382943954,-0.05876899206349151,0.05876899206349151,True,LEAVE_ONE_STUDY_OUT,10.1002/pssr.202000524,HfZrOx_01,10.1002/pssr.202000524,HfZrOx,8,6,4,False
HfZrOx_01,10.1002/pssr.202000524,HfZrOx,2.0,0.3010299956639812,0,0,ANALOG,NOT_REPORTED,normalized_from_ratio,IDEALIZED_SINGLE_PAIR_ANALOG,IDEALIZED_ANALOG_MAPPING,32,4,15,0,2,8,203264,208,256,53248,96.05,0.1800000000000068,96.0791808975469,0.02053916914641642,96.05864172840049,0.029180897546908113,0.029180897546908113,True,LEAVE_ONE_STUDY_OUT,10.1002/pssr.202000524,HfZrOx_01,10.1002/pssr.202000524,HfZrOx,8,6,4,False
HfZrOx_01,10.1002/pssr.202000524,HfZrOx,2.0,0.3010299956639812,0,0,ANALOG,NOT_REPORTED,normalized_from_ratio,IDEALIZED_SINGLE_PAIR_ANALOG,IDEALIZED_ANALOG_MAPPING,16,5,31,0,2,7,203264,800,128,102400,96.05,0.1800000000000068,96.11570356543459,0.0533043469969622,96.06239921843762,0.065703565434589,0.065703565434589,True,LEAVE_ONE_STUDY_OUT,10.1002/pssr.202000524,HfZrOx_01,10.1002/pssr.202000524,HfZrOx,8,6,4,False
HfZrOx_01,10.1002/pssr.202000524,HfZrOx,2.0,0.3010299956639812,0,0,ANALOG,NOT_REPORTED,normalized_from_ratio,IDEALIZED_SINGLE_PAIR_ANALOG,IDEALIZED_ANALOG_MAPPING,64,4,15,0,2,9,203264,56,512,28672,96.04,0.1899999999999977,96.05289986291486,0.016174369838172532,96.03672549307669,0.012899862914849791,0.012899862914849791,True,LEAVE_ONE_STUDY_OUT,10.1002/pssr.202000524,HfZrOx_01,10.1002/pssr.202000524,HfZrOx,8,6,4,False
HfZrOx_01,10.1002/pssr.202000524,HfZrOx,2.0,0.3010299956639812,0,0,ANALOG,NOT_REPORTED,normalized_from_ratio,IDEALIZED_SINGLE_PAIR_ANALOG,IDEALIZED_ANALOG_MAPPING,256,6,63,0,2,7,203264,10,128,1280,96.03,0.2000000000000028,95.97178149350648,0.0854170968991078,95.88636439660738,-0.05821850649351745,0.05821850649351745,True,LEAVE_ONE_STUDY_OUT,10.1002/pssr.202000524,HfZrOx_01,10.1002/pssr.202000524,HfZrOx,8,6,4,False
HfZrOx_01,10.1002/pssr.202000524,HfZrOx,2.0,0.3010299956639812,0,0,ANALOG,NOT_REPORTED,normalized_from_ratio,IDEALIZED_SINGLE_PAIR_ANALOG,IDEALIZED_ANALOG_MAPPING,128,6,63,0,2,7,203264,16,128,2048,96.02,0.2100000000000079,95.9646418109668,0.0690946180391825,95.89554719292761,-0.05535818903319978,0.05535818903319978,True,LEAVE_ONE_STUDY_OUT,10.1002/pssr.202000524,HfZrOx_01,10.1002/pssr.202000524,HfZrOx,8,6,4,False
HfZrOx_01,10.1002/pssr.202000524,HfZrOx,2.0,0.3010299956639812,0,0,ANALOG,NOT_REPORTED,normalized_from_ratio,IDEALIZED_SINGLE_PAIR_ANALOG,IDEALIZED_ANALOG_MAPPING,64,5,31,0,2,7,203264,56,128,7168,96.02,0.2100000000000079,96.04911551709404,0.09713386526821484,95.95198165182582,0.029115517094041365,0.029115517094041365,True,LEAVE_ONE_STUDY_OUT,10.1002/pssr.202000524,HfZrOx_01,10.1002/pssr.202000524,HfZrOx,8,6,4,False
HfZrOx_01,10.1002/pssr.202000524,HfZrOx,2.0,0.3010299956639812,0,0,ANALOG,NOT_REPORTED,normalized_from_ratio,IDEALIZED_SINGLE_PAIR_ANALOG,IDEALIZED_ANALOG_MAPPING,128,4,15,0,2,10,203264,16,1024,16384,96.01,0.2199999999999988,96.0746942936508,0.01766342085012642,96.05703087280067,0.06469429365078838,0.06469429365078838,True,LEAVE_ONE_STUDY_OUT,10.1002/pssr.202000524,HfZrOx_01,10.1002/pssr.202000524,HfZrOx,8,6,4,False
HfZrOx_01,10.1002/pssr.202000524,HfZrOx,2.0,0.3010299956639812,0,0,ANALOG,NOT_REPORTED,normalized_from_ratio,IDEALIZED_SINGLE_PAIR_ANALOG,IDEALIZED_ANALOG_MAPPING,256,4,15,0,2,10,203264,10,1024,10240,96.0,0.2300000000000039,96.07279464285713,0.018284208979183886,96.05451043387795,0.07279464285713289,0.07279464285713289,True,LEAVE_ONE_STUDY_OUT,10.1002/pssr.202000524,HfZrOx_01,10.1002/pssr.202000524,HfZrOx,8,6,4,False
HfZrOx_01,10.1002/pssr.202000524,HfZrOx,2.0,0.3010299956639812,0,0,ANALOG,NOT_REPORTED,normalized_from_ratio,IDEALIZED_SINGLE_PAIR_ANALOG,IDEALIZED_ANALOG_MAPPING,256,4,15,0,2,8,203264,10,256,2560,95.99,0.2400000000000091,96.09115382611833,0.044155946353159746,96.04699787976517,0.10115382611833468,0.10115382611833468,True,LEAVE_ONE_STUDY_OUT,10.1002/pssr.202000524,HfZrOx_01,10.1002/pssr.202000524,HfZrOx,8,6,4,False
HfZrOx_01,10.1002/pssr.202000524,HfZrOx,2.0,0.3010299956639812,0,0,ANALOG,NOT_REPORTED,normalized_from_ratio,IDEALIZED_SINGLE_PAIR_ANALOG,IDEALIZED_ANALOG_MAPPING,16,4,15,0,2,7,203264,800,128,102400,95.98,0.25,96.04228742857144,0.06344266994991346,95.97884475862153,0.06228742857143743,0.06228742857143743,True,LEAVE_ONE_STUDY_OUT,10.1002/pssr.202000524,HfZrOx_01,10.1002/pssr.202000524,HfZrOx,8,6,4,False
HfZrOx_01,10.1002/pssr.202000524,HfZrOx,2.0,0.3010299956639812,0,0,ANALOG,NOT_REPORTED,normalized_from_ratio,IDEALIZED_SINGLE_PAIR_ANALOG,IDEALIZED_ANALOG_MAPPING,64,4,15,0,2,7,203264,56,128,7168,95.96,0.2700000000000102,95.91164320634921,0.09576163383675984,95.81588157251245,-0.04835679365078249,0.04835679365078249,True,LEAVE_ONE_STUDY_OUT,10.1002/pssr.202000524,HfZrOx_01,10.1002/pssr.202000524,HfZrOx,8,6,4,False
HfZrOx_01,10.1002/pssr.202000524,HfZrOx,2.0,0.3010299956639812,0,0,ANALOG,NOT_REPORTED,normalized_from_ratio,IDEALIZED_SINGLE_PAIR_ANALOG,IDEALIZED_ANALOG_MAPPING,32,7,127,0,2,6,203264,208,64,13312,95.89,0.3400000000000034,95.96681375396825,0.05210703877612719,95.91470671519212,0.07681375396825274,0.07681375396825274,True,LEAVE_ONE_STUDY_OUT,10.1002/pssr.202000524,HfZrOx_01,10.1002/pssr.202000524,HfZrOx,8,6,4,False
HfZrOx_01,10.1002/pssr.202000524,HfZrOx,2.0,0.3010299956639812,0,0,ANALOG,NOT_REPORTED,normalized_from_ratio,IDEALIZED_SINGLE_PAIR_ANALOG,IDEALIZED_ANALOG_MAPPING,256,8,255,0,2,7,203264,10,128,1280,95.89,0.3400000000000034,95.97247411255412,0.07905604806403801,95.89341806449009,0.08247411255412374,0.08247411255412374,True,LEAVE_ONE_STUDY_OUT,10.1002/pssr.202000524,HfZrOx_01,10.1002/pssr.202000524,HfZrOx,8,6,4,False
HfZrOx_01,10.1002/pssr.202000524,HfZrOx,2.0,0.3010299956639812,0,0,ANALOG,NOT_REPORTED,normalized_from_ratio,IDEALIZED_SINGLE_PAIR_ANALOG,IDEALIZED_ANALOG_MAPPING,128,7,127,0,2,7,203264,16,128,2048,95.89,0.3400000000000034,95.94072477922077,0.07859714343102936,95.86212763578975,0.05072477922077212,0.05072477922077212,True,LEAVE_ONE_STUDY_OUT,10.1002/pssr.202000524,HfZrOx_01,10.1002/pssr.202000524,HfZrOx,8,6,4,False
HfZrOx_01,10.1002/pssr.202000524,HfZrOx,2.0,0.3010299956639812,0,0,ANALOG,NOT_REPORTED,normalized_from_ratio,IDEALIZED_SINGLE_PAIR_ANALOG,IDEALIZED_ANALOG_MAPPING,256,7,127,0,2,7,203264,10,128,1280,95.87,0.3599999999999994,95.9482161125541,0.09296428514671133,95.8552518274074,0.07821611255410232,0.07821611255410232,True,LEAVE_ONE_STUDY_OUT,10.1002/pssr.202000524,HfZrOx_01,10.1002/pssr.202000524,HfZrOx,8,6,4,False
HfZrOx_01,10.1002/pssr.202000524,HfZrOx,2.0,0.3010299956639812,0,0,ANALOG,NOT_REPORTED,normalized_from_ratio,IDEALIZED_SINGLE_PAIR_ANALOG,IDEALIZED_ANALOG_MAPPING,128,5,31,0,2,7,203264,16,128,2048,95.81,0.4200000000000017,95.94640995360194,0.12014921252689116,95.82626074107505,0.13640995360194097,0.13640995360194097,False,LEAVE_ONE_STUDY_OUT,10.1002/pssr.202000524,HfZrOx_01,10.1002/pssr.202000524,HfZrOx,8,6,4,False
HfZrOx_01,10.1002/pssr.202000524,HfZrOx,2.0,0.3010299956639812,0,0,ANALOG,NOT_REPORTED,normalized_from_ratio,IDEALIZED_SINGLE_PAIR_ANALOG,IDEALIZED_ANALOG_MAPPING,32,6,63,0,2,6,203264,208,64,13312,95.81,0.4200000000000017,95.96248846031746,0.057397262673335336,95.90509119764413,0.152488460317457,0.152488460317457,False,LEAVE_ONE_STUDY_OUT,10.1002/pssr.202000524,HfZrOx_01,10.1002/pssr.202000524,HfZrOx,8,6,4,False
HfZrOx_01,10.1002/pssr.202000524,HfZrOx,2.0,0.3010299956639812,0,0,ANALOG,NOT_REPORTED,normalized_from_ratio,IDEALIZED_SINGLE_PAIR_ANALOG,IDEALIZED_ANALOG_MAPPING,16,4,15,0,2,6,203264,800,64,51200,95.8,0.4300000000000068,95.97163265079365,0.07540968488819637,95.89622296590545,0.1716326507936543,0.1716326507936543,False,LEAVE_ONE_STUDY_OUT,10.1002/pssr.202000524,HfZrOx_01,10.1002/pssr.202000524,HfZrOx,8,6,4,False
HfZrOx_01,10.1002/pssr.202000524,HfZrOx,2.0,0.3010299956639812,0,0,ANALOG,NOT_REPORTED,normalized_from_ratio,IDEALIZED_SINGLE_PAIR_ANALOG,IDEALIZED_ANALOG_MAPPING,32,8,255,0,2,6,203264,208,64,13312,95.8,0.4300000000000068,95.96592137301587,0.051852799987830434,95.91406857302805,0.16592137301587684,0.16592137301587684,False,LEAVE_ONE_STUDY_OUT,10.1002/pssr.202000524,HfZrOx_01,10.1002/pssr.202000524,HfZrOx,8,6,4,False
HfZrOx_01,10.1002/pssr.202000524,HfZrOx,2.0,0.3010299956639812,0,0,ANALOG,NOT_REPORTED,normalized_from_ratio,IDEALIZED_SINGLE_PAIR_ANALOG,IDEALIZED_ANALOG_MAPPING,256,5,31,0,2,7,203264,10,128,1280,95.79,0.4399999999999977,95.91791522344323,0.11424249442576237,95.80367272901746,0.1279152234432246,0.1279152234432246,False,LEAVE_ONE_STUDY_OUT,10.1002/pssr.202000524,HfZrOx_01,10.1002/pssr.202000524,HfZrOx,8,6,4,False
HfZrOx_01,10.1002/pssr.202000524,HfZrOx,2.0,0.3010299956639812,0,0,ANALOG,NOT_REPORTED,normalized_from_ratio,IDEALIZED_SINGLE_PAIR_ANALOG,IDEALIZED_ANALOG_MAPPING,128,8,255,0,2,7,203264,16,128,2048,95.76,0.4699999999999988,95.96520425541125,0.06352683113447809,95.90167742427677,0.2052042554112461,0.2052042554112461,False,LEAVE_ONE_STUDY_OUT,10.1002/pssr.202000524,HfZrOx_01,10.1002/pssr.202000524,HfZrOx,8,6,4,False
HfZrOx_01,10.1002/pssr.202000524,HfZrOx,2.0,0.3010299956639812,0,0,ANALOG,NOT_REPORTED,normalized_from_ratio,IDEALIZED_SINGLE_PAIR_ANALOG,IDEALIZED_ANALOG_MAPPING,128,4,15,0,2,7,203264,16,128,2048,95.72,0.5100000000000051,95.89351603968254,0.07183490688123846,95.8216811328013,0.17351603968253926,0.17351603968253926,False,LEAVE_ONE_STUDY_OUT,10.1002/pssr.202000524,HfZrOx_01,10.1002/pssr.202000524,HfZrOx,8,6,4,False
HfZrOx_01,10.1002/pssr.202000524,HfZrOx,2.0,0.3010299956639812,0,0,ANALOG,NOT_REPORTED,normalized_from_ratio,IDEALIZED_SINGLE_PAIR_ANALOG,IDEALIZED_ANALOG_MAPPING,32,5,31,0,2,6,203264,208,64,13312,95.71,0.5200000000000102,95.94570081746032,0.07389351754428591,95.87180729991603,0.23570081746032656,0.23570081746032656,False,LEAVE_ONE_STUDY_OUT,10.1002/pssr.202000524,HfZrOx_01,10.1002/pssr.202000524,HfZrOx,8,6,4,False
HfZrOx_01,10.1002/pssr.202000524,HfZrOx,2.0,0.3010299956639812,0,0,ANALOG,NOT_REPORTED,normalized_from_ratio,IDEALIZED_SINGLE_PAIR_ANALOG,IDEALIZED_ANALOG_MAPPING,256,4,15,0,2,7,203264,10,128,1280,95.68,0.5499999999999972,95.88626077561328,0.07417726728160155,95.81208350833168,0.2062607756132735,0.2062607756132735,False,LEAVE_ONE_STUDY_OUT,10.1002/pssr.202000524,HfZrOx_01,10.1002/pssr.202000524,HfZrOx,8,6,4,False
HfZrOx_01,10.1002/pssr.202000524,HfZrOx,2.0,0.3010299956639812,0,0,ANALOG,NOT_REPORTED,normalized_from_ratio,IDEALIZED_SINGLE_PAIR_ANALOG,IDEALIZED_ANALOG_MAPPING,32,4,15,0,2,6,203264,208,64,13312,95.66,0.5700000000000074,95.9261065793651,0.0842538612631839,95.84185271810192,0.2661065793651005,0.2661065793651005,False,LEAVE_ONE_STUDY_OUT,10.1002/pssr.202000524,HfZrOx_01,10.1002/pssr.202000524,HfZrOx,8,6,4,False
HfZrOx_01,10.1002/pssr.202000524,HfZrOx,2.0,0.3010299956639812,0,0,ANALOG,NOT_REPORTED,normalized_from_ratio,IDEALIZED_SINGLE_PAIR_ANALOG,IDEALIZED_ANALOG_MAPPING,64,8,255,0,2,6,203264,56,64,3584,95.54,0.6899999999999977,95.76309736507936,0.10810327967036451,95.654994085409,0.2230973650793544,0.2230973650793544,False,LEAVE_ONE_STUDY_OUT,10.1002/pssr.202000524,HfZrOx_01,10.1002/pssr.202000524,HfZrOx,8,6,4,False
HfZrOx_01,10.1002/pssr.202000524,HfZrOx,2.0,0.3010299956639812,0,0,ANALOG,NOT_REPORTED,normalized_from_ratio,IDEALIZED_SINGLE_PAIR_ANALOG,IDEALIZED_ANALOG_MAPPING,64,6,63,0,2,6,203264,56,64,3584,95.38,0.8500000000000085,95.73540569841269,0.13512315609510372,95.60028254231759,0.35540569841269587,0.35540569841269587,False,LEAVE_ONE_STUDY_OUT,10.1002/pssr.202000524,HfZrOx_01,10.1002/pssr.202000524,HfZrOx,8,6,4,False
HfZrOx_01,10.1002/pssr.202000524,HfZrOx,2.0,0.3010299956639812,0,0,ANALOG,NOT_REPORTED,normalized_from_ratio,IDEALIZED_SINGLE_PAIR_ANALOG,IDEALIZED_ANALOG_MAPPING,64,7,127,0,2,6,203264,56,64,3584,95.38,0.8500000000000085,95.76070936507935,0.12040762254424457,95.6403017425351,0.3807093650793547,0.3807093650793547,False,LEAVE_ONE_STUDY_OUT,10.1002/pssr.202000524,HfZrOx_01,10.1002/pssr.202000524,HfZrOx,8,6,4,False
HfZrOx_01,10.1002/pssr.202000524,HfZrOx,2.0,0.3010299956639812,0,0,ANALOG,NOT_REPORTED,normalized_from_ratio,IDEALIZED_SINGLE_PAIR_ANALOG,IDEALIZED_ANALOG_MAPPING,16,7,127,0,2,5,203264,800,32,25600,95.36,0.8700000000000045,95.45460621428572,0.14434999875957924,95.31025621552614,0.09460621428571869,0.09460621428571869,False,LEAVE_ONE_STUDY_OUT,10.1002/pssr.202000524,HfZrOx_01,10.1002/pssr.202000524,HfZrOx,8,6,4,False
HfZrOx_01,10.1002/pssr.202000524,HfZrOx,2.0,0.3010299956639812,0,0,ANALOG,NOT_REPORTED,normalized_from_ratio,IDEALIZED_SINGLE_PAIR_ANALOG,IDEALIZED_ANALOG_MAPPING,16,6,63,0,2,5,203264,800,32,25600,95.29,0.9399999999999976,95.42614830158729,0.1740053591393292,95.25214294244796,0.13614830158728353,0.13614830158728353,False,LEAVE_ONE_STUDY_OUT,10.1002/pssr.202000524,HfZrOx_01,10.1002/pssr.202000524,HfZrOx,8,6,4,False
HfZrOx_01,10.1002/pssr.202000524,HfZrOx,2.0,0.3010299956639812,0,0,ANALOG,NOT_REPORTED,normalized_from_ratio,IDEALIZED_SINGLE_PAIR_ANALOG,IDEALIZED_ANALOG_MAPPING,64,4,15,0,2,6,203264,56,64,3584,95.27,0.960000000000008,95.67080234920634,0.13941481491679922,95.53138753428954,0.4008023492063444,0.4008023492063444,False,LEAVE_ONE_STUDY_OUT,10.1002/pssr.202000524,HfZrOx_01,10.1002/pssr.202000524,HfZrOx,8,6,4,False
HfZrOx_01,10.1002/pssr.202000524,HfZrOx,2.0,0.3010299956639812,0,0,ANALOG,NOT_REPORTED,normalized_from_ratio,IDEALIZED_SINGLE_PAIR_ANALOG,IDEALIZED_ANALOG_MAPPING,64,5,31,0,2,6,203264,56,64,3584,95.22,1.0100000000000051,95.67480749206348,0.14031122067372367,95.53449627138976,0.45480749206348037,0.45480749206348037,False,LEAVE_ONE_STUDY_OUT,10.1002/pssr.202000524,HfZrOx_01,10.1002/pssr.202000524,HfZrOx,8,6,4,False
HfZrOx_01,10.1002/pssr.202000524,HfZrOx,2.0,0.3010299956639812,0,0,ANALOG,NOT_REPORTED,normalized_from_ratio,IDEALIZED_SINGLE_PAIR_ANALOG,IDEALIZED_ANALOG_MAPPING,16,8,255,0,2,5,203264,800,32,25600,95.13,1.1000000000000083,95.45298688095238,0.15473217480358,95.2982547061488,0.32298688095238504,0.32298688095238504,False,LEAVE_ONE_STUDY_OUT,10.1002/pssr.202000524,HfZrOx_01,10.1002/pssr.202000524,HfZrOx,8,6,4,False
HfZrOx_01,10.1002/pssr.202000524,HfZrOx,2.0,0.3010299956639812,0,0,ANALOG,NOT_REPORTED,normalized_from_ratio,IDEALIZED_SINGLE_PAIR_ANALOG,IDEALIZED_ANALOG_MAPPING,16,4,15,0,2,5,203264,800,32,25600,94.94,1.2900000000000065,95.33921734126983,0.22221081804874432,95.11700652322108,0.3992173412698321,0.3992173412698321,False,LEAVE_ONE_STUDY_OUT,10.1002/pssr.202000524,HfZrOx_01,10.1002/pssr.202000524,HfZrOx,8,6,4,False
HfZrOx_01,10.1002/pssr.202000524,HfZrOx,2.0,0.3010299956639812,0,0,ANALOG,NOT_REPORTED,normalized_from_ratio,IDEALIZED_SINGLE_PAIR_ANALOG,IDEALIZED_ANALOG_MAPPING,16,5,31,0,2,5,203264,800,32,25600,94.87,1.3599999999999994,95.33923900793651,0.22128968143616468,95.11794932650035,0.4692390079365083,0.4692390079365083,False,LEAVE_ONE_STUDY_OUT,10.1002/pssr.202000524,HfZrOx_01,10.1002/pssr.202000524,HfZrOx,8,6,4,False
HfZrOx_01,10.1002/pssr.202000524,HfZrOx,2.0,0.3010299956639812,0,0,ANALOG,NOT_REPORTED,normalized_from_ratio,IDEALIZED_SINGLE_PAIR_ANALOG,IDEALIZED_ANALOG_MAPPING,128,7,127,0,2,6,203264,16,64,1024,94.62,1.6099999999999994,94.79122842063491,0.13275235641713576,94.65847606421778,0.17122842063490396,0.17122842063490396,False,LEAVE_ONE_STUDY_OUT,10.1002/pssr.202000524,HfZrOx_01,10.1002/pssr.202000524,HfZrOx,8,6,4,False
HfZrOx_01,10.1002/pssr.202000524,HfZrOx,2.0,0.3010299956639812,0,0,ANALOG,NOT_REPORTED,normalized_from_ratio,IDEALIZED_SINGLE_PAIR_ANALOG,IDEALIZED_ANALOG_MAPPING,128,8,255,0,2,6,203264,16,64,1024,94.5,1.730000000000004,94.79036442063493,0.13296390778869155,94.65740051284624,0.29036442063492984,0.29036442063492984,False,LEAVE_ONE_STUDY_OUT,10.1002/pssr.202000524,HfZrOx_01,10.1002/pssr.202000524,HfZrOx,8,6,4,False
HfZrOx_01,10.1002/pssr.202000524,HfZrOx,2.0,0.3010299956639812,0,0,ANALOG,NOT_REPORTED,normalized_from_ratio,IDEALIZED_SINGLE_PAIR_ANALOG,IDEALIZED_ANALOG_MAPPING,128,6,63,0,2,6,203264,16,64,1024,94.49,1.740000000000009,94.760140515873,0.12479500152050928,94.6353455143525,0.2701405158730097,0.2701405158730097,False,LEAVE_ONE_STUDY_OUT,10.1002/pssr.202000524,HfZrOx_01,10.1002/pssr.202000524,HfZrOx,8,6,4,False
HfZrOx_01,10.1002/pssr.202000524,HfZrOx,2.0,0.3010299956639812,0,0,ANALOG,NOT_REPORTED,normalized_from_ratio,IDEALIZED_SINGLE_PAIR_ANALOG,IDEALIZED_ANALOG_MAPPING,128,4,15,0,2,6,203264,16,64,1024,94.4,1.8299999999999983,94.75200443650792,0.11879809596949202,94.63320634053842,0.3520044365079116,0.3520044365079116,False,LEAVE_ONE_STUDY_OUT,10.1002/pssr.202000524,HfZrOx_01,10.1002/pssr.202000524,HfZrOx,8,6,4,False
HfZrOx_01,10.1002/pssr.202000524,HfZrOx,2.0,0.3010299956639812,0,0,ANALOG,NOT_REPORTED,normalized_from_ratio,IDEALIZED_SINGLE_PAIR_ANALOG,IDEALIZED_ANALOG_MAPPING,32,7,127,0,2,5,203264,208,32,6656,94.32,1.9100000000000108,95.22358703968254,0.21036251281807186,95.01322452686448,0.9035870396825487,0.9035870396825487,False,LEAVE_ONE_STUDY_OUT,10.1002/pssr.202000524,HfZrOx_01,10.1002/pssr.202000524,HfZrOx,8,6,4,False
HfZrOx_01,10.1002/pssr.202000524,HfZrOx,2.0,0.3010299956639812,0,0,ANALOG,NOT_REPORTED,normalized_from_ratio,IDEALIZED_SINGLE_PAIR_ANALOG,IDEALIZED_ANALOG_MAPPING,128,5,31,0,2,6,203264,16,64,1024,94.3,1.9300000000000068,94.75280943650793,0.11999709631816945,94.63281234018976,0.45280943650793404,0.45280943650793404,False,LEAVE_ONE_STUDY_OUT,10.1002/pssr.202000524,HfZrOx_01,10.1002/pssr.202000524,HfZrOx,8,6,4,False
HfZrOx_01,10.1002/pssr.202000524,HfZrOx,2.0,0.3010299956639812,0,0,ANALOG,NOT_REPORTED,normalized_from_ratio,IDEALIZED_SINGLE_PAIR_ANALOG,IDEALIZED_ANALOG_MAPPING,32,4,15,0,2,5,203264,208,32,6656,94.3,1.9300000000000068,95.12502152380952,0.2190878851964016,94.90593363861312,0.8250215238095251,0.8250215238095251,False,LEAVE_ONE_STUDY_OUT,10.1002/pssr.202000524,HfZrOx_01,10.1002/pssr.202000524,HfZrOx,8,6,4,False
HfZrOx_01,10.1002/pssr.202000524,HfZrOx,2.0,0.3010299956639812,0,0,ANALOG,NOT_REPORTED,normalized_from_ratio,IDEALIZED_SINGLE_PAIR_ANALOG,IDEALIZED_ANALOG_MAPPING,32,8,255,0,2,5,203264,208,32,6656,94.28,1.9500000000000028,95.22331270634922,0.21640545021444635,95.00690725613477,0.9433127063492179,0.9433127063492179,False,LEAVE_ONE_STUDY_OUT,10.1002/pssr.202000524,HfZrOx_01,10.1002/pssr.202000524,HfZrOx,8,6,4,False
HfZrOx_01,10.1002/pssr.202000524,HfZrOx,2.0,0.3010299956639812,0,0,ANALOG,NOT_REPORTED,normalized_from_ratio,IDEALIZED_SINGLE_PAIR_ANALOG,IDEALIZED_ANALOG_MAPPING,32,6,63,0,2,5,203264,208,32,6656,94.23,2.0,95.19492491269843,0.22488664527629976,94.97003826742213,0.9649249126984216,0.9649249126984216,False,LEAVE_ONE_STUDY_OUT,10.1002/pssr.202000524,HfZrOx_01,10.1002/pssr.202000524,HfZrOx,8,6,4,False
HfZrOx_01,10.1002/pssr.202000524,HfZrOx,2.0,0.3010299956639812,0,0,ANALOG,NOT_REPORTED,normalized_from_ratio,IDEALIZED_SINGLE_PAIR_ANALOG,IDEALIZED_ANALOG_MAPPING,256,7,127,0,2,6,203264,10,64,640,94.02,2.210000000000008,94.38775326984127,0.11729733975285614,94.27045593008842,0.3677532698412733,0.3677532698412733,False,LEAVE_ONE_STUDY_OUT,10.1002/pssr.202000524,HfZrOx_01,10.1002/pssr.202000524,HfZrOx,8,6,4,False
HfZrOx_01,10.1002/pssr.202000524,HfZrOx,2.0,0.3010299956639812,0,0,ANALOG,NOT_REPORTED,normalized_from_ratio,IDEALIZED_SINGLE_PAIR_ANALOG,IDEALIZED_ANALOG_MAPPING,256,6,63,0,2,6,203264,10,64,640,93.9,2.3299999999999983,94.40281926984127,0.10962605941229511,94.29319321042898,0.5028192698412681,0.5028192698412681,False,LEAVE_ONE_STUDY_OUT,10.1002/pssr.202000524,HfZrOx_01,10.1002/pssr.202000524,HfZrOx,8,6,4,False
HfZrOx_01,10.1002/pssr.202000524,HfZrOx,2.0,0.3010299956639812,0,0,ANALOG,NOT_REPORTED,normalized_from_ratio,IDEALIZED_SINGLE_PAIR_ANALOG,IDEALIZED_ANALOG_MAPPING,32,5,31,0,2,5,203264,208,32,6656,93.84,2.390000000000001,95.12083452380953,0.22991761976092745,94.89091690404861,1.2808345238095313,1.2808345238095313,False,LEAVE_ONE_STUDY_OUT,10.1002/pssr.202000524,HfZrOx_01,10.1002/pssr.202000524,HfZrOx,8,6,4,False
HfZrOx_01,10.1002/pssr.202000524,HfZrOx,2.0,0.3010299956639812,0,0,ANALOG,NOT_REPORTED,normalized_from_ratio,IDEALIZED_SINGLE_PAIR_ANALOG,IDEALIZED_ANALOG_MAPPING,256,8,255,0,2,6,203264,10,64,640,93.83,2.4000000000000057,94.38688926984128,0.11452631264531625,94.27236295719597,0.5568892698412782,0.5568892698412782,False,LEAVE_ONE_STUDY_OUT,10.1002/pssr.202000524,HfZrOx_01,10.1002/pssr.202000524,HfZrOx,8,6,4,False
HfZrOx_01,10.1002/pssr.202000524,HfZrOx,2.0,0.3010299956639812,0,0,ANALOG,NOT_REPORTED,normalized_from_ratio,IDEALIZED_SINGLE_PAIR_ANALOG,IDEALIZED_ANALOG_MAPPING,256,4,15,0,2,6,203264,10,64,640,93.82,2.410000000000011,94.40391963492063,0.09416592865578263,94.30975370626484,0.5839196349206333,0.5839196349206333,False,LEAVE_ONE_STUDY_OUT,10.1002/pssr.202000524,HfZrOx_01,10.1002/pssr.202000524,HfZrOx,8,6,4,False
HfZrOx_01,10.1002/pssr.202000524,HfZrOx,2.0,0.3010299956639812,0,0,ANALOG,NOT_REPORTED,normalized_from_ratio,IDEALIZED_SINGLE_PAIR_ANALOG,IDEALIZED_ANALOG_MAPPING,256,5,31,0,2,6,203264,10,64,640,93.75,2.480000000000004,94.40472463492064,0.0985650914279313,94.30615954349271,0.6547246349206404,0.6547246349206404,False,LEAVE_ONE_STUDY_OUT,10.1002/pssr.202000524,HfZrOx_01,10.1002/pssr.202000524,HfZrOx,8,6,4,False
HfZrOx_01,10.1002/pssr.202000524,HfZrOx,2.0,0.3010299956639812,0,0,ANALOG,NOT_REPORTED,normalized_from_ratio,IDEALIZED_SINGLE_PAIR_ANALOG,IDEALIZED_ANALOG_MAPPING,64,8,255,0,2,5,203264,56,32,1792,92.77,3.460000000000008,93.39930420634921,0.6208302789445279,92.77847392740469,0.629304206349218,0.629304206349218,False,LEAVE_ONE_STUDY_OUT,10.1002/pssr.202000524,HfZrOx_01,10.1002/pssr.202000524,HfZrOx,8,6,4,False
HfZrOx_01,10.1002/pssr.202000524,HfZrOx,2.0,0.3010299956639812,0,0,ANALOG,NOT_REPORTED,normalized_from_ratio,IDEALIZED_SINGLE_PAIR_ANALOG,IDEALIZED_ANALOG_MAPPING,64,6,63,0,2,5,203264,56,32,1792,92.65,3.5799999999999983,93.42358844444443,0.6778754825576927,92.74571296188674,0.7735884444444281,0.7735884444444281,False,LEAVE_ONE_STUDY_OUT,10.1002/pssr.202000524,HfZrOx_01,10.1002/pssr.202000524,HfZrOx,8,6,4,False
HfZrOx_01,10.1002/pssr.202000524,HfZrOx,2.0,0.3010299956639812,0,0,ANALOG,NOT_REPORTED,normalized_from_ratio,IDEALIZED_SINGLE_PAIR_ANALOG,IDEALIZED_ANALOG_MAPPING,64,7,127,0,2,5,203264,56,32,1792,92.46,3.77000000000001,93.40406182539682,0.6503703507806646,92.75369147461616,0.9440618253968296,0.9440618253968296,False,LEAVE_ONE_STUDY_OUT,10.1002/pssr.202000524,HfZrOx_01,10.1002/pssr.202000524,HfZrOx,8,6,4,False
HfZrOx_01,10.1002/pssr.202000524,HfZrOx,2.0,0.3010299956639812,0,0,ANALOG,NOT_REPORTED,normalized_from_ratio,IDEALIZED_SINGLE_PAIR_ANALOG,IDEALIZED_ANALOG_MAPPING,64,4,15,0,2,5,203264,56,32,1792,92.28,3.950000000000003,93.39818996825396,0.6495182106644435,92.74867175758952,1.118189968253958,1.118189968253958,False,LEAVE_ONE_STUDY_OUT,10.1002/pssr.202000524,HfZrOx_01,10.1002/pssr.202000524,HfZrOx,8,6,4,False
HfZrOx_01,10.1002/pssr.202000524,HfZrOx,2.0,0.3010299956639812,0,0,ANALOG,NOT_REPORTED,normalized_from_ratio,IDEALIZED_SINGLE_PAIR_ANALOG,IDEALIZED_ANALOG_MAPPING,256,3,7,0,2,10,203264,10,1024,10240,92.25,3.980000000000004,92.25844404761905,0.04740072734713174,92.21104332027191,0.00844404761905082,0.00844404761905082,False,LEAVE_ONE_STUDY_OUT,10.1002/pssr.202000524,HfZrOx_01,10.1002/pssr.202000524,HfZrOx,8,6,4,False
HfZrOx_01,10.1002/pssr.202000524,HfZrOx,2.0,0.3010299956639812,0,0,ANALOG,NOT_REPORTED,normalized_from_ratio,IDEALIZED_SINGLE_PAIR_ANALOG,IDEALIZED_ANALOG_MAPPING,32,3,7,0,2,9,203264,208,512,106496,92.24,3.990000000000009,92.24715939682538,0.02550020320146041,92.22165919362392,0.007159396825386466,0.007159396825386466,False,LEAVE_ONE_STUDY_OUT,10.1002/pssr.202000524,HfZrOx_01,10.1002/pssr.202000524,HfZrOx,8,6,4,False
HfZrOx_01,10.1002/pssr.202000524,HfZrOx,2.0,0.3010299956639812,0,0,ANALOG,NOT_REPORTED,normalized_from_ratio,IDEALIZED_SINGLE_PAIR_ANALOG,IDEALIZED_ANALOG_MAPPING,256,3,7,0,2,9,203264,10,512,5120,92.23,4.0,92.2735445,0.04735662688444756,92.22618787311555,0.04354449999999588,0.04354449999999588,False,LEAVE_ONE_STUDY_OUT,10.1002/pssr.202000524,HfZrOx_01,10.1002/pssr.202000524,HfZrOx,8,6,4,False
HfZrOx_01,10.1002/pssr.202000524,HfZrOx,2.0,0.3010299956639812,0,0,ANALOG,NOT_REPORTED,normalized_from_ratio,IDEALIZED_SINGLE_PAIR_ANALOG,IDEALIZED_ANALOG_MAPPING,64,3,7,0,2,10,203264,56,1024,57344,92.23,4.0,92.21330943650794,0.022991553728215593,92.19031788277972,-0.016690563492062438,0.016690563492062438,False,LEAVE_ONE_STUDY_OUT,10.1002/pssr.202000524,HfZrOx_01,10.1002/pssr.202000524,HfZrOx,8,6,4,False
HfZrOx_01,10.1002/pssr.202000524,HfZrOx,2.0,0.3010299956639812,0,0,ANALOG,NOT_REPORTED,normalized_from_ratio,IDEALIZED_SINGLE_PAIR_ANALOG,IDEALIZED_ANALOG_MAPPING,64,3,7,0,2,9,203264,56,512,28672,92.23,4.0,92.22836621428573,0.032757971876696254,92.19560824240904,-0.0016337857142758594,0.0016337857142758594,False,LEAVE_ONE_STUDY_OUT,10.1002/pssr.202000524,HfZrOx_01,10.1002/pssr.202000524,HfZrOx,8,6,4,False
HfZrOx_01,10.1002/pssr.202000524,HfZrOx,2.0,0.3010299956639812,0,0,ANALOG,NOT_REPORTED,normalized_from_ratio,IDEALIZED_SINGLE_PAIR_ANALOG,IDEALIZED_ANALOG_MAPPING,16,3,7,0,2,9,203264,800,512,409600,92.22,4.010000000000005,92.23748628571428,0.02525051964791574,92.21223576606637,0.017486285714284122,0.017486285714284122,False,LEAVE_ONE_STUDY_OUT,10.1002/pssr.202000524,HfZrOx_01,10.1002/pssr.202000524,HfZrOx,8,6,4,False
HfZrOx_01,10.1002/pssr.202000524,HfZrOx,2.0,0.3010299956639812,0,0,ANALOG,NOT_REPORTED,normalized_from_ratio,IDEALIZED_SINGLE_PAIR_ANALOG,IDEALIZED_ANALOG_MAPPING,32,3,7,0,2,10,203264,208,1024,212992,92.22,4.010000000000005,92.2328425,0.023093854363308384,92.2097486456367,0.012842500000004975,0.012842500000004975,False,LEAVE_ONE_STUDY_OUT,10.1002/pssr.202000524,HfZrOx_01,10.1002/pssr.202000524,HfZrOx,8,6,4,False
HfZrOx_01,10.1002/pssr.202000524,HfZrOx,2.0,0.3010299956639812,0,0,ANALOG,NOT_REPORTED,normalized_from_ratio,IDEALIZED_SINGLE_PAIR_ANALOG,IDEALIZED_ANALOG_MAPPING,128,3,7,0,2,10,203264,16,1024,16384,92.22,4.010000000000005,92.22316465873017,0.04165812241928584,92.18150653631088,0.0031646587301707996,0.0031646587301707996,False,LEAVE_ONE_STUDY_OUT,10.1002/pssr.202000524,HfZrOx_01,10.1002/pssr.202000524,HfZrOx,8,6,4,False
HfZrOx_01,10.1002/pssr.202000524,HfZrOx,2.0,0.3010299956639812,0,0,ANALOG,NOT_REPORTED,normalized_from_ratio,IDEALIZED_SINGLE_PAIR_ANALOG,IDEALIZED_ANALOG_MAPPING,16,3,7,0,2,10,203264,800,1024,819200,92.22,4.010000000000005,92.22376515079365,0.02248605841144733,92.20127909238221,0.0037651507936544704,0.0037651507936544704,False,LEAVE_ONE_STUDY_OUT,10.1002/pssr.202000524,HfZrOx_01,10.1002/pssr.202000524,HfZrOx,8,6,4,False
HfZrOx_01,10.1002/pssr.202000524,HfZrOx,2.0,0.3010299956639812,0,0,ANALOG,NOT_REPORTED,normalized_from_ratio,IDEALIZED_SINGLE_PAIR_ANALOG,IDEALIZED_ANALOG_MAPPING,16,3,7,0,2,8,203264,800,256,204800,92.14,4.090000000000003,92.14304500793651,0.05908469274698107,92.08396031518953,0.0030450079365067495,0.0030450079365067495,False,LEAVE_ONE_STUDY_OUT,10.1002/pssr.202000524,HfZrOx_01,10.1002/pssr.202000524,HfZrOx,8,6,4,False
HfZrOx_01,10.1002/pssr.202000524,HfZrOx,2.0,0.3010299956639812,0,0,ANALOG,NOT_REPORTED,normalized_from_ratio,IDEALIZED_SINGLE_PAIR_ANALOG,IDEALIZED_ANALOG_MAPPING,128,3,7,0,2,9,203264,16,512,8192,92.08,4.150000000000006,92.2541683095238,0.04918383561978669,92.20498447390402,0.17416830952380735,0.17416830952380735,False,LEAVE_ONE_STUDY_OUT,10.1002/pssr.202000524,HfZrOx_01,10.1002/pssr.202000524,HfZrOx,8,6,4,False
HfZrOx_01,10.1002/pssr.202000524,HfZrOx,2.0,0.3010299956639812,0,0,ANALOG,NOT_REPORTED,normalized_from_ratio,IDEALIZED_SINGLE_PAIR_ANALOG,IDEALIZED_ANALOG_MAPPING,32,3,7,0,2,8,203264,208,256,53248,92.08,4.150000000000006,92.13887655555556,0.06596382959190754,92.07291272596365,0.05887655555555682,0.05887655555555682,False,LEAVE_ONE_STUDY_OUT,10.1002/pssr.202000524,HfZrOx_01,10.1002/pssr.202000524,HfZrOx,8,6,4,False
HfZrOx_01,10.1002/pssr.202000524,HfZrOx,2.0,0.3010299956639812,0,0,ANALOG,NOT_REPORTED,normalized_from_ratio,IDEALIZED_SINGLE_PAIR_ANALOG,IDEALIZED_ANALOG_MAPPING,64,3,7,0,2,8,203264,56,256,14336,92.07,4.160000000000011,92.16643815079367,0.06915114496694896,92.09728700582671,0.09643815079367357,0.09643815079367357,False,LEAVE_ONE_STUDY_OUT,10.1002/pssr.202000524,HfZrOx_01,10.1002/pssr.202000524,HfZrOx,8,6,4,False
HfZrOx_01,10.1002/pssr.202000524,HfZrOx,2.0,0.3010299956639812,0,0,ANALOG,NOT_REPORTED,normalized_from_ratio,IDEALIZED_SINGLE_PAIR_ANALOG,IDEALIZED_ANALOG_MAPPING,16,3,7,0,2,7,203264,800,128,102400,92.06,4.170000000000002,91.9814161984127,0.1328240417501156,91.84859215666259,-0.07858380158729972,0.07858380158729972,False,LEAVE_ONE_STUDY_OUT,10.1002/pssr.202000524,HfZrOx_01,10.1002/pssr.202000524,HfZrOx,8,6,4,False
HfZrOx_01,10.1002/pssr.202000524,HfZrOx,2.0,0.3010299956639812,0,0,ANALOG,NOT_REPORTED,normalized_from_ratio,IDEALIZED_SINGLE_PAIR_ANALOG,IDEALIZED_ANALOG_MAPPING,64,5,31,0,2,5,203264,56,32,1792,91.99,4.240000000000009,93.3954823015873,0.6447042936167146,92.75077800797058,1.4054823015872984,1.4054823015872984,False,LEAVE_ONE_STUDY_OUT,10.1002/pssr.202000524,HfZrOx_01,10.1002/pssr.202000524,HfZrOx,8,6,4,False
HfZrOx_01,10.1002/pssr.202000524,HfZrOx,2.0,0.3010299956639812,0,0,ANALOG,NOT_REPORTED,normalized_from_ratio,IDEALIZED_SINGLE_PAIR_ANALOG,IDEALIZED_ANALOG_MAPPING,256,3,7,0,2,8,203264,10,256,2560,91.95,4.280000000000001,92.13195627777779,0.10873474690978298,92.023221530868,0.1819562777777861,0.1819562777777861,False,LEAVE_ONE_STUDY_OUT,10.1002/pssr.202000524,HfZrOx_01,10.1002/pssr.202000524,HfZrOx,8,6,4,False
HfZrOx_01,10.1002/pssr.202000524,HfZrOx,2.0,0.3010299956639812,0,0,ANALOG,NOT_REPORTED,normalized_from_ratio,IDEALIZED_SINGLE_PAIR_ANALOG,IDEALIZED_ANALOG_MAPPING,128,3,7,0,2,8,203264,16,256,4096,91.9,4.329999999999998,92.13729284920633,0.08722921576733814,92.050063633439,0.23729284920632665,0.23729284920632665,False,LEAVE_ONE_STUDY_OUT,10.1002/pssr.202000524,HfZrOx_01,10.1002/pssr.202000524,HfZrOx,8,6,4,False
HfZrOx_01,10.1002/pssr.202000524,HfZrOx,2.0,0.3010299956639812,0,0,ANALOG,NOT_REPORTED,normalized_from_ratio,IDEALIZED_SINGLE_PAIR_ANALOG,IDEALIZED_ANALOG_MAPPING,32,3,7,0,2,7,203264,208,128,26624,91.79,4.439999999999998,91.94304458730159,0.13305781693786123,91.80998677036372,0.15304458730157933,0.15304458730157933,False,LEAVE_ONE_STUDY_OUT,10.1002/pssr.202000524,HfZrOx_01,10.1002/pssr.202000524,HfZrOx,8,6,4,False
HfZrOx_01,10.1002/pssr.202000524,HfZrOx,2.0,0.3010299956639812,0,0,ANALOG,NOT_REPORTED,normalized_from_ratio,IDEALIZED_SINGLE_PAIR_ANALOG,IDEALIZED_ANALOG_MAPPING,16,3,7,0,2,6,203264,800,64,51200,91.66,4.570000000000007,91.37059187301587,0.4513410115785358,90.91925086143733,-0.289408126984128,0.289408126984128,False,LEAVE_ONE_STUDY_OUT,10.1002/pssr.202000524,HfZrOx_01,10.1002/pssr.202000524,HfZrOx,8,6,4,False
HfZrOx_01,10.1002/pssr.202000524,HfZrOx,2.0,0.3010299956639812,0,0,ANALOG,NOT_REPORTED,normalized_from_ratio,IDEALIZED_SINGLE_PAIR_ANALOG,IDEALIZED_ANALOG_MAPPING,256,3,7,0,2,7,203264,10,128,1280,91.56,4.670000000000002,91.65006702380953,0.18172287117616137,91.46834415263336,0.09006702380952447,0.09006702380952447,False,LEAVE_ONE_STUDY_OUT,10.1002/pssr.202000524,HfZrOx_01,10.1002/pssr.202000524,HfZrOx,8,6,4,False
HfZrOx_01,10.1002/pssr.202000524,HfZrOx,2.0,0.3010299956639812,0,0,ANALOG,NOT_REPORTED,normalized_from_ratio,IDEALIZED_SINGLE_PAIR_ANALOG,IDEALIZED_ANALOG_MAPPING,128,3,7,0,2,7,203264,16,128,2048,91.45,4.780000000000001,91.73990586507938,0.149686147912925,91.59021971716645,0.2899058650793762,0.2899058650793762,False,LEAVE_ONE_STUDY_OUT,10.1002/pssr.202000524,HfZrOx_01,10.1002/pssr.202000524,HfZrOx,8,6,4,False
HfZrOx_01,10.1002/pssr.202000524,HfZrOx,2.0,0.3010299956639812,0,0,ANALOG,NOT_REPORTED,normalized_from_ratio,IDEALIZED_SINGLE_PAIR_ANALOG,IDEALIZED_ANALOG_MAPPING,64,3,7,0,2,7,203264,56,128,7168,91.43,4.799999999999997,91.85751062698412,0.13037005996795617,91.72714056701616,0.427510626984116,0.427510626984116,False,LEAVE_ONE_STUDY_OUT,10.1002/pssr.202000524,HfZrOx_01,10.1002/pssr.202000524,HfZrOx,8,6,4,False
HfZrOx_01,10.1002/pssr.202000524,HfZrOx,2.0,0.3010299956639812,0,0,ANALOG,NOT_REPORTED,normalized_from_ratio,IDEALIZED_SINGLE_PAIR_ANALOG,IDEALIZED_ANALOG_MAPPING,32,3,7,0,2,6,203264,208,64,13312,90.92,5.310000000000002,91.25894603968254,0.43151422235285314,90.82743181732968,0.3389460396825399,0.3389460396825399,False,LEAVE_ONE_STUDY_OUT,10.1002/pssr.202000524,HfZrOx_01,10.1002/pssr.202000524,HfZrOx,8,6,4,False
HfZrOx_01,10.1002/pssr.202000524,HfZrOx,2.0,0.3010299956639812,0,0,ANALOG,NOT_REPORTED,normalized_from_ratio,IDEALIZED_SINGLE_PAIR_ANALOG,IDEALIZED_ANALOG_MAPPING,64,3,7,0,2,6,203264,56,64,3584,89.65,6.579999999999998,90.6729982936508,0.6007542563212541,90.07224403732955,1.0229982936508009,1.0229982936508009,False,LEAVE_ONE_STUDY_OUT,10.1002/pssr.202000524,HfZrOx_01,10.1002/pssr.202000524,HfZrOx,8,6,4,False
HfZrOx_01,10.1002/pssr.202000524,HfZrOx,2.0,0.3010299956639812,0,0,ANALOG,NOT_REPORTED,normalized_from_ratio,IDEALIZED_SINGLE_PAIR_ANALOG,IDEALIZED_ANALOG_MAPPING,16,3,7,0,2,5,203264,800,32,25600,89.46,6.77000000000001,88.4249807077922,2.3036268531744506,86.12135385461775,-1.0350192922077923,1.0350192922077923,False,LEAVE_ONE_STUDY_OUT,10.1002/pssr.202000524,HfZrOx_01,10.1002/pssr.202000524,HfZrOx,8,6,4,False
HfZrOx_01,10.1002/pssr.202000524,HfZrOx,2.0,0.3010299956639812,0,0,ANALOG,NOT_REPORTED,normalized_from_ratio,IDEALIZED_SINGLE_PAIR_ANALOG,IDEALIZED_ANALOG_MAPPING,128,6,63,0,2,5,203264,16,32,512,89.24,6.990000000000009,90.05472878571427,0.7932685604887253,89.26146022522555,0.81472878571428,0.81472878571428,False,LEAVE_ONE_STUDY_OUT,10.1002/pssr.202000524,HfZrOx_01,10.1002/pssr.202000524,HfZrOx,8,6,4,False
HfZrOx_01,10.1002/pssr.202000524,HfZrOx,2.0,0.3010299956639812,0,0,ANALOG,NOT_REPORTED,normalized_from_ratio,IDEALIZED_SINGLE_PAIR_ANALOG,IDEALIZED_ANALOG_MAPPING,128,8,255,0,2,5,203264,16,32,512,89.2,7.030000000000001,90.09252796031747,0.7603095064387572,89.33221845387871,0.8925279603174658,0.8925279603174658,False,LEAVE_ONE_STUDY_OUT,10.1002/pssr.202000524,HfZrOx_01,10.1002/pssr.202000524,HfZrOx,8,6,4,False
HfZrOx_01,10.1002/pssr.202000524,HfZrOx,2.0,0.3010299956639812,0,0,ANALOG,NOT_REPORTED,normalized_from_ratio,IDEALIZED_SINGLE_PAIR_ANALOG,IDEALIZED_ANALOG_MAPPING,128,7,127,0,2,5,203264,16,32,512,89.19,7.040000000000006,90.07652024603175,0.7960109477083418,89.28050929832341,0.8865202460317505,0.8865202460317505,False,LEAVE_ONE_STUDY_OUT,10.1002/pssr.202000524,HfZrOx_01,10.1002/pssr.202000524,HfZrOx,8,6,4,False
HfZrOx_01,10.1002/pssr.202000524,HfZrOx,2.0,0.3010299956639812,0,0,ANALOG,NOT_REPORTED,normalized_from_ratio,IDEALIZED_SINGLE_PAIR_ANALOG,IDEALIZED_ANALOG_MAPPING,128,5,31,0,2,5,203264,16,32,512,88.95,7.280000000000001,89.95869119841271,0.9366059586570659,89.02208523975564,1.0086911984127056,1.0086911984127056,False,LEAVE_ONE_STUDY_OUT,10.1002/pssr.202000524,HfZrOx_01,10.1002/pssr.202000524,HfZrOx,8,6,4,False
HfZrOx_01,10.1002/pssr.202000524,HfZrOx,2.0,0.3010299956639812,0,0,ANALOG,NOT_REPORTED,normalized_from_ratio,IDEALIZED_SINGLE_PAIR_ANALOG,IDEALIZED_ANALOG_MAPPING,128,4,15,0,2,5,203264,16,32,512,88.74,7.490000000000009,89.91490553174603,1.144641994346773,88.77026353739926,1.1749055317460346,1.1749055317460346,False,LEAVE_ONE_STUDY_OUT,10.1002/pssr.202000524,HfZrOx_01,10.1002/pssr.202000524,HfZrOx,8,6,4,False
HfZrOx_01,10.1002/pssr.202000524,HfZrOx,2.0,0.3010299956639812,0,0,ANALOG,NOT_REPORTED,normalized_from_ratio,IDEALIZED_SINGLE_PAIR_ANALOG,IDEALIZED_ANALOG_MAPPING,256,3,7,0,2,6,203264,10,64,640,88.14,8.090000000000003,89.55989107936507,0.8908802012162993,88.66901087814877,1.4198910793650725,1.4198910793650725,False,LEAVE_ONE_STUDY_OUT,10.1002/pssr.202000524,HfZrOx_01,10.1002/pssr.202000524,HfZrOx,8,6,4,False
HfZrOx_01,10.1002/pssr.202000524,HfZrOx,2.0,0.3010299956639812,0,0,ANALOG,NOT_REPORTED,normalized_from_ratio,IDEALIZED_SINGLE_PAIR_ANALOG,IDEALIZED_ANALOG_MAPPING,128,3,7,0,2,6,203264,16,64,1024,88.03,8.200000000000003,89.79229365079365,0.8575932785392937,88.93470037225435,1.7622936507936515,1.7622936507936515,False,LEAVE_ONE_STUDY_OUT,10.1002/pssr.202000524,HfZrOx_01,10.1002/pssr.202000524,HfZrOx,8,6,4,False
HfZrOx_01,10.1002/pssr.202000524,HfZrOx,2.0,0.3010299956639812,0,0,ANALOG,NOT_REPORTED,normalized_from_ratio,IDEALIZED_SINGLE_PAIR_ANALOG,IDEALIZED_ANALOG_MAPPING,32,3,7,0,2,5,203264,208,32,6656,86.61,9.620000000000005,88.03049469191919,2.294899855878922,85.73559483604026,1.4204946919191883,1.4204946919191883,False,LEAVE_ONE_STUDY_OUT,10.1002/pssr.202000524,HfZrOx_01,10.1002/pssr.202000524,HfZrOx,8,6,4,False
HfZrOx_01,10.1002/pssr.202000524,HfZrOx,2.0,0.3010299956639812,0,0,ANALOG,NOT_REPORTED,normalized_from_ratio,IDEALIZED_SINGLE_PAIR_ANALOG,IDEALIZED_ANALOG_MAPPING,256,4,15,0,2,5,203264,10,32,320,84.08,12.150000000000006,87.37248652380953,1.0689472232934285,86.30353930051609,3.2924865238095293,3.2924865238095293,False,LEAVE_ONE_STUDY_OUT,10.1002/pssr.202000524,HfZrOx_01,10.1002/pssr.202000524,HfZrOx,8,6,4,False
HfZrOx_01,10.1002/pssr.202000524,HfZrOx,2.0,0.3010299956639812,0,0,ANALOG,NOT_REPORTED,normalized_from_ratio,IDEALIZED_SINGLE_PAIR_ANALOG,IDEALIZED_ANALOG_MAPPING,256,8,255,0,2,5,203264,10,32,320,83.7,12.53,87.6052746031746,0.9204351051810842,86.68483949799352,3.905274603174604,3.905274603174604,False,LEAVE_ONE_STUDY_OUT,10.1002/pssr.202000524,HfZrOx_01,10.1002/pssr.202000524,HfZrOx,8,6,4,False
HfZrOx_01,10.1002/pssr.202000524,HfZrOx,2.0,0.3010299956639812,0,0,ANALOG,NOT_REPORTED,normalized_from_ratio,IDEALIZED_SINGLE_PAIR_ANALOG,IDEALIZED_ANALOG_MAPPING,256,6,63,0,2,5,203264,10,32,320,83.63,12.600000000000009,87.57424855555556,0.9115058496052738,86.66274270595028,3.9442485555555606,3.9442485555555606,False,LEAVE_ONE_STUDY_OUT,10.1002/pssr.202000524,HfZrOx_01,10.1002/pssr.202000524,HfZrOx,8,6,4,False
HfZrOx_01,10.1002/pssr.202000524,HfZrOx,2.0,0.3010299956639812,0,0,ANALOG,NOT_REPORTED,normalized_from_ratio,IDEALIZED_SINGLE_PAIR_ANALOG,IDEALIZED_ANALOG_MAPPING,256,7,127,0,2,5,203264,10,32,320,83.62,12.61,87.59283260317461,0.9206048916582878,86.67222771151633,3.9728326031746093,3.9728326031746093,False,LEAVE_ONE_STUDY_OUT,10.1002/pssr.202000524,HfZrOx_01,10.1002/pssr.202000524,HfZrOx,8,6,4,False
HfZrOx_01,10.1002/pssr.202000524,HfZrOx,2.0,0.3010299956639812,0,0,ANALOG,NOT_REPORTED,normalized_from_ratio,IDEALIZED_SINGLE_PAIR_ANALOG,IDEALIZED_ANALOG_MAPPING,256,5,31,0,2,5,203264,10,32,320,83.15,13.079999999999998,87.4106601904762,0.9572607569641326,86.45339943351206,4.260660190476187,4.260660190476187,False,LEAVE_ONE_STUDY_OUT,10.1002/pssr.202000524,HfZrOx_01,10.1002/pssr.202000524,HfZrOx,8,6,4,False
HfZrOx_01,10.1002/pssr.202000524,HfZrOx,2.0,0.3010299956639812,0,0,ANALOG,NOT_REPORTED,normalized_from_ratio,IDEALIZED_SINGLE_PAIR_ANALOG,IDEALIZED_ANALOG_MAPPING,64,3,7,0,2,5,203264,56,32,1792,82.56,13.670000000000002,85.41683274603174,3.00528180544901,82.41155094058273,2.856832746031742,2.856832746031742,False,LEAVE_ONE_STUDY_OUT,10.1002/pssr.202000524,HfZrOx_01,10.1002/pssr.202000524,HfZrOx,8,6,4,False
HfZrOx_01,10.1002/pssr.202000524,HfZrOx,2.0,0.3010299956639812,0,0,ANALOG,NOT_REPORTED,normalized_from_ratio,IDEALIZED_SINGLE_PAIR_ANALOG,IDEALIZED_ANALOG_MAPPING,16,4,15,0,2,4,203264,800,16,12800,81.47,14.760000000000003,91.8919372063492,1.8145090012632192,90.07742820508598,10.421937206349199,10.421937206349199,False,LEAVE_ONE_STUDY_OUT,10.1002/pssr.202000524,HfZrOx_01,10.1002/pssr.202000524,HfZrOx,8,6,4,False
HfZrOx_01,10.1002/pssr.202000524,HfZrOx,2.0,0.3010299956639812,0,0,ANALOG,NOT_REPORTED,normalized_from_ratio,IDEALIZED_SINGLE_PAIR_ANALOG,IDEALIZED_ANALOG_MAPPING,16,6,63,0,2,4,203264,800,16,12800,81.02,15.210000000000008,92.35794864285714,0.7107419086332815,91.64720673422386,11.337948642857143,11.337948642857143,False,LEAVE_ONE_STUDY_OUT,10.1002/pssr.202000524,HfZrOx_01,10.1002/pssr.202000524,HfZrOx,8,6,4,False
HfZrOx_01,10.1002/pssr.202000524,HfZrOx,2.0,0.3010299956639812,0,0,ANALOG,NOT_REPORTED,normalized_from_ratio,IDEALIZED_SINGLE_PAIR_ANALOG,IDEALIZED_ANALOG_MAPPING,16,7,127,0,2,4,203264,800,16,12800,80.08,16.150000000000006,92.38086397619048,0.5984636839918934,91.78240029219859,12.300863976190485,12.300863976190485,False,LEAVE_ONE_STUDY_OUT,10.1002/pssr.202000524,HfZrOx_01,10.1002/pssr.202000524,HfZrOx,8,6,4,False
HfZrOx_01,10.1002/pssr.202000524,HfZrOx,2.0,0.3010299956639812,0,0,ANALOG,NOT_REPORTED,normalized_from_ratio,IDEALIZED_SINGLE_PAIR_ANALOG,IDEALIZED_ANALOG_MAPPING,16,8,255,0,2,4,203264,800,16,12800,79.9,16.33,92.37926378571429,0.588935763751892,91.7903280219624,12.47926378571428,12.47926378571428,False,LEAVE_ONE_STUDY_OUT,10.1002/pssr.202000524,HfZrOx_01,10.1002/pssr.202000524,HfZrOx,8,6,4,False
HfZrOx_01,10.1002/pssr.202000524,HfZrOx,2.0,0.3010299956639812,0,0,ANALOG,NOT_REPORTED,normalized_from_ratio,IDEALIZED_SINGLE_PAIR_ANALOG,IDEALIZED_ANALOG_MAPPING,16,5,31,0,2,4,203264,800,16,12800,78.96,17.27000000000001,92.28925308730159,0.9483028974209902,91.3409501898806,13.329253087301595,13.329253087301595,False,LEAVE_ONE_STUDY_OUT,10.1002/pssr.202000524,HfZrOx_01,10.1002/pssr.202000524,HfZrOx,8,6,4,False
HfZrOx_01,10.1002/pssr.202000524,HfZrOx,2.0,0.3010299956639812,0,0,ANALOG,NOT_REPORTED,normalized_from_ratio,IDEALIZED_SINGLE_PAIR_ANALOG,IDEALIZED_ANALOG_MAPPING,16,3,7,0,2,4,203264,800,16,12800,77.36,18.870000000000005,82.98934646825397,4.9623018194479345,78.02704464880604,5.629346468253971,5.629346468253971,False,LEAVE_ONE_STUDY_OUT,10.1002/pssr.202000524,HfZrOx_01,10.1002/pssr.202000524,HfZrOx,8,6,4,False
HfZrOx_01,10.1002/pssr.202000524,HfZrOx,2.0,0.3010299956639812,0,0,ANALOG,NOT_REPORTED,normalized_from_ratio,IDEALIZED_SINGLE_PAIR_ANALOG,IDEALIZED_ANALOG_MAPPING,128,3,7,0,2,5,203264,16,32,512,75.06,21.17,79.59001531746031,4.983520921984794,74.60649439547552,4.530015317460311,4.530015317460311,False,LEAVE_ONE_STUDY_OUT,10.1002/pssr.202000524,HfZrOx_01,10.1002/pssr.202000524,HfZrOx,8,6,4,False
HfZrOx_01,10.1002/pssr.202000524,HfZrOx,2.0,0.3010299956639812,0,0,ANALOG,NOT_REPORTED,normalized_from_ratio,IDEALIZED_SINGLE_PAIR_ANALOG,IDEALIZED_ANALOG_MAPPING,256,3,7,0,2,5,203264,10,32,320,71.03,25.200000000000003,78.36254926984127,4.9904940514269915,73.37205521841427,7.332549269841266,7.332549269841266,False,LEAVE_ONE_STUDY_OUT,10.1002/pssr.202000524,HfZrOx_01,10.1002/pssr.202000524,HfZrOx,8,6,4,False
HfZrOx_01,10.1002/pssr.202000524,HfZrOx,2.0,0.3010299956639812,0,0,ANALOG,NOT_REPORTED,normalized_from_ratio,IDEALIZED_SINGLE_PAIR_ANALOG,IDEALIZED_ANALOG_MAPPING,32,3,7,0,2,4,203264,208,16,3328,69.52,26.710000000000008,81.32838492063492,4.7971770825701565,76.53120783806476,11.808384920634921,11.808384920634921,False,LEAVE_ONE_STUDY_OUT,10.1002/pssr.202000524,HfZrOx_01,10.1002/pssr.202000524,HfZrOx,8,6,4,False
HfZrOx_01,10.1002/pssr.202000524,HfZrOx,2.0,0.3010299956639812,0,0,ANALOG,NOT_REPORTED,normalized_from_ratio,IDEALIZED_SINGLE_PAIR_ANALOG,IDEALIZED_ANALOG_MAPPING,32,4,15,0,2,4,203264,208,16,3328,69.24,26.99000000000001,89.63177754761904,2.1573994417052726,87.47437810591377,20.391777547619043,20.391777547619043,False,LEAVE_ONE_STUDY_OUT,10.1002/pssr.202000524,HfZrOx_01,10.1002/pssr.202000524,HfZrOx,8,6,4,False
HfZrOx_01,10.1002/pssr.202000524,HfZrOx,2.0,0.3010299956639812,0,0,ANALOG,NOT_REPORTED,normalized_from_ratio,IDEALIZED_SINGLE_PAIR_ANALOG,IDEALIZED_ANALOG_MAPPING,32,6,63,0,2,4,203264,208,16,3328,67.1,29.13000000000001,90.23447874242424,0.9211519215703973,89.31332682085385,23.13447874242425,23.13447874242425,False,LEAVE_ONE_STUDY_OUT,10.1002/pssr.202000524,HfZrOx_01,10.1002/pssr.202000524,HfZrOx,8,6,4,False
HfZrOx_01,10.1002/pssr.202000524,HfZrOx,2.0,0.3010299956639812,0,0,ANALOG,NOT_REPORTED,normalized_from_ratio,IDEALIZED_SINGLE_PAIR_ANALOG,IDEALIZED_ANALOG_MAPPING,32,7,127,0,2,4,203264,208,16,3328,66.42,29.81,90.32751974242424,0.8689791794518418,89.4585405629724,23.907519742424242,23.907519742424242,False,LEAVE_ONE_STUDY_OUT,10.1002/pssr.202000524,HfZrOx_01,10.1002/pssr.202000524,HfZrOx,8,6,4,False
HfZrOx_01,10.1002/pssr.202000524,HfZrOx,2.0,0.3010299956639812,0,0,ANALOG,NOT_REPORTED,normalized_from_ratio,IDEALIZED_SINGLE_PAIR_ANALOG,IDEALIZED_ANALOG_MAPPING,32,5,31,0,2,4,203264,208,16,3328,66.3,29.930000000000007,90.0437189047619,1.2890813834707173,88.75463752129119,23.743718904761906,23.743718904761906,False,LEAVE_ONE_STUDY_OUT,10.1002/pssr.202000524,HfZrOx_01,10.1002/pssr.202000524,HfZrOx,8,6,4,False
HfZrOx_01,10.1002/pssr.202000524,HfZrOx,2.0,0.3010299956639812,0,0,ANALOG,NOT_REPORTED,normalized_from_ratio,IDEALIZED_SINGLE_PAIR_ANALOG,IDEALIZED_ANALOG_MAPPING,32,8,255,0,2,4,203264,208,16,3328,66.17,30.06,90.33202955194805,0.8327639720969601,89.4992655798511,24.162029551948052,24.162029551948052,False,LEAVE_ONE_STUDY_OUT,10.1002/pssr.202000524,HfZrOx_01,10.1002/pssr.202000524,HfZrOx,8,6,4,False
HfZrOx_01,10.1002/pssr.202000524,HfZrOx,2.0,0.3010299956639812,0,0,ANALOG,NOT_REPORTED,normalized_from_ratio,IDEALIZED_SINGLE_PAIR_ANALOG,IDEALIZED_ANALOG_MAPPING,64,7,127,0,2,4,203264,56,16,896,55.93,40.3,81.78395914430014,2.146575624150985,79.63738352014916,25.85395914430014,25.85395914430014,False,LEAVE_ONE_STUDY_OUT,10.1002/pssr.202000524,HfZrOx_01,10.1002/pssr.202000524,HfZrOx,8,6,4,False
HfZrOx_01,10.1002/pssr.202000524,HfZrOx,2.0,0.3010299956639812,0,0,ANALOG,NOT_REPORTED,normalized_from_ratio,IDEALIZED_SINGLE_PAIR_ANALOG,IDEALIZED_ANALOG_MAPPING,64,8,255,0,2,4,203264,56,16,896,55.77,40.46,81.80152676334777,2.0589559614932313,79.74257080185454,26.031526763347763,26.031526763347763,False,LEAVE_ONE_STUDY_OUT,10.1002/pssr.202000524,HfZrOx_01,10.1002/pssr.202000524,HfZrOx,8,6,4,False
HfZrOx_01,10.1002/pssr.202000524,HfZrOx,2.0,0.3010299956639812,0,0,ANALOG,NOT_REPORTED,normalized_from_ratio,IDEALIZED_SINGLE_PAIR_ANALOG,IDEALIZED_ANALOG_MAPPING,64,5,31,0,2,4,203264,56,16,896,55.5,40.73,80.75247208080809,3.0237445047940827,77.72872757601401,25.25247208080809,25.25247208080809,False,LEAVE_ONE_STUDY_OUT,10.1002/pssr.202000524,HfZrOx_01,10.1002/pssr.202000524,HfZrOx,8,6,4,False
HfZrOx_01,10.1002/pssr.202000524,HfZrOx,2.0,0.3010299956639812,0,0,ANALOG,NOT_REPORTED,normalized_from_ratio,IDEALIZED_SINGLE_PAIR_ANALOG,IDEALIZED_ANALOG_MAPPING,64,4,15,0,2,4,203264,56,16,896,55.32,40.91,79.55382420779222,4.315791099322615,75.23803310846961,24.233824207792217,24.233824207792217,False,LEAVE_ONE_STUDY_OUT,10.1002/pssr.202000524,HfZrOx_01,10.1002/pssr.202000524,HfZrOx,8,6,4,False
HfZrOx_01,10.1002/pssr.202000524,HfZrOx,2.0,0.3010299956639812,0,0,ANALOG,NOT_REPORTED,normalized_from_ratio,IDEALIZED_SINGLE_PAIR_ANALOG,IDEALIZED_ANALOG_MAPPING,64,6,63,0,2,4,203264,56,16,896,54.54,41.690000000000005,81.52021257287157,2.3252343768358945,79.19497819603568,26.980212572871572,26.980212572871572,False,LEAVE_ONE_STUDY_OUT,10.1002/pssr.202000524,HfZrOx_01,10.1002/pssr.202000524,HfZrOx,8,6,4,False
HfZrOx_01,10.1002/pssr.202000524,HfZrOx,2.0,0.3010299956639812,0,0,ANALOG,NOT_REPORTED,normalized_from_ratio,IDEALIZED_SINGLE_PAIR_ANALOG,IDEALIZED_ANALOG_MAPPING,64,3,7,0,2,4,203264,56,16,896,51.46,44.77,75.42358843650794,7.071708661553744,68.3518797749542,23.96358843650794,23.96358843650794,False,LEAVE_ONE_STUDY_OUT,10.1002/pssr.202000524,HfZrOx_01,10.1002/pssr.202000524,HfZrOx,8,6,4,False
HfZrOx_01,10.1002/pssr.202000524,HfZrOx,2.0,0.3010299956639812,0,0,ANALOG,NOT_REPORTED,normalized_from_ratio,IDEALIZED_SINGLE_PAIR_ANALOG,IDEALIZED_ANALOG_MAPPING,128,8,255,0,2,4,203264,16,16,256,41.08,55.150000000000006,63.34007559523809,1.970333776233298,61.369741819004794,22.260075595238092,22.260075595238092,False,LEAVE_ONE_STUDY_OUT,10.1002/pssr.202000524,HfZrOx_01,10.1002/pssr.202000524,HfZrOx,8,6,4,False
HfZrOx_01,10.1002/pssr.202000524,HfZrOx,2.0,0.3010299956639812,0,0,ANALOG,NOT_REPORTED,normalized_from_ratio,IDEALIZED_SINGLE_PAIR_ANALOG,IDEALIZED_ANALOG_MAPPING,128,7,127,0,2,4,203264,16,16,256,40.78,55.45,63.360173261904755,1.9697825111329186,61.390390750771836,22.580173261904754,22.580173261904754,False,LEAVE_ONE_STUDY_OUT,10.1002/pssr.202000524,HfZrOx_01,10.1002/pssr.202000524,HfZrOx,8,6,4,False
HfZrOx_01,10.1002/pssr.202000524,HfZrOx,2.0,0.3010299956639812,0,0,ANALOG,NOT_REPORTED,normalized_from_ratio,IDEALIZED_SINGLE_PAIR_ANALOG,IDEALIZED_ANALOG_MAPPING,128,6,63,0,2,4,203264,16,16,256,40.38,55.85,63.393858,2.0280289995022898,61.36582900049771,23.013858,23.013858,False,LEAVE_ONE_STUDY_OUT,10.1002/pssr.202000524,HfZrOx_01,10.1002/pssr.202000524,HfZrOx,8,6,4,False
HfZrOx_01,10.1002/pssr.202000524,HfZrOx,2.0,0.3010299956639812,0,0,ANALOG,NOT_REPORTED,normalized_from_ratio,IDEALIZED_SINGLE_PAIR_ANALOG,IDEALIZED_ANALOG_MAPPING,128,4,15,0,2,4,203264,16,16,256,40.23,56.00000000000001,60.057417682539686,5.502448444138946,54.55496923840074,19.82741768253969,19.82741768253969,False,LEAVE_ONE_STUDY_OUT,10.1002/pssr.202000524,HfZrOx_01,10.1002/pssr.202000524,HfZrOx,8,6,4,False
HfZrOx_01,10.1002/pssr.202000524,HfZrOx,2.0,0.3010299956639812,0,0,ANALOG,NOT_REPORTED,normalized_from_ratio,IDEALIZED_SINGLE_PAIR_ANALOG,IDEALIZED_ANALOG_MAPPING,128,5,31,0,2,4,203264,16,16,256,40.08,56.150000000000006,62.35936566666667,3.6487935585379647,58.7105721081287,22.27936566666667,22.27936566666667,False,LEAVE_ONE_STUDY_OUT,10.1002/pssr.202000524,HfZrOx_01,10.1002/pssr.202000524,HfZrOx,8,6,4,False
HfZrOx_01,10.1002/pssr.202000524,HfZrOx,2.0,0.3010299956639812,0,0,ANALOG,NOT_REPORTED,normalized_from_ratio,IDEALIZED_SINGLE_PAIR_ANALOG,IDEALIZED_ANALOG_MAPPING,128,3,7,0,2,4,203264,16,16,256,39.48,56.75000000000001,54.850821777777774,7.826673665429079,47.0241481123487,15.370821777777778,15.370821777777778,False,LEAVE_ONE_STUDY_OUT,10.1002/pssr.202000524,HfZrOx_01,10.1002/pssr.202000524,HfZrOx,8,6,4,False
HfZrOx_01,10.1002/pssr.202000524,HfZrOx,2.0,0.3010299956639812,0,0,ANALOG,NOT_REPORTED,normalized_from_ratio,IDEALIZED_SINGLE_PAIR_ANALOG,IDEALIZED_ANALOG_MAPPING,256,4,15,0,2,4,203264,10,16,160,33.19,63.040000000000006,53.73357007936507,4.123232250949642,49.61033782841543,20.543570079365075,20.543570079365075,False,LEAVE_ONE_STUDY_OUT,10.1002/pssr.202000524,HfZrOx_01,10.1002/pssr.202000524,HfZrOx,8,6,4,False
HfZrOx_01,10.1002/pssr.202000524,HfZrOx,2.0,0.3010299956639812,0,0,ANALOG,NOT_REPORTED,normalized_from_ratio,IDEALIZED_SINGLE_PAIR_ANALOG,IDEALIZED_ANALOG_MAPPING,256,8,255,0,2,4,203264,10,16,160,32.42,63.81,55.8687365952381,2.6871677372510963,53.181568857987,23.448736595238096,23.448736595238096,False,LEAVE_ONE_STUDY_OUT,10.1002/pssr.202000524,HfZrOx_01,10.1002/pssr.202000524,HfZrOx,8,6,4,False
HfZrOx_01,10.1002/pssr.202000524,HfZrOx,2.0,0.3010299956639812,0,0,ANALOG,NOT_REPORTED,normalized_from_ratio,IDEALIZED_SINGLE_PAIR_ANALOG,IDEALIZED_ANALOG_MAPPING,256,7,127,0,2,4,203264,10,16,160,32.29,63.940000000000005,55.85117626190477,2.8935692587802015,52.957607003124565,23.56117626190477,23.56117626190477,False,LEAVE_ONE_STUDY_OUT,10.1002/pssr.202000524,HfZrOx_01,10.1002/pssr.202000524,HfZrOx,8,6,4,False
HfZrOx_01,10.1002/pssr.202000524,HfZrOx,2.0,0.3010299956639812,0,0,ANALOG,NOT_REPORTED,normalized_from_ratio,IDEALIZED_SINGLE_PAIR_ANALOG,IDEALIZED_ANALOG_MAPPING,256,6,63,0,2,4,203264,10,16,160,32.1,64.13,55.893456523809526,2.9825919270508567,52.91086459675867,23.793456523809525,23.793456523809525,False,LEAVE_ONE_STUDY_OUT,10.1002/pssr.202000524,HfZrOx_01,10.1002/pssr.202000524,HfZrOx,8,6,4,False
HfZrOx_01,10.1002/pssr.202000524,HfZrOx,2.0,0.3010299956639812,0,0,ANALOG,NOT_REPORTED,normalized_from_ratio,IDEALIZED_SINGLE_PAIR_ANALOG,IDEALIZED_ANALOG_MAPPING,256,3,7,0,2,4,203264,10,16,160,31.91,64.32000000000001,50.74504231746032,5.160843483831826,45.58419883362849,18.835042317460317,18.835042317460317,False,LEAVE_ONE_STUDY_OUT,10.1002/pssr.202000524,HfZrOx_01,10.1002/pssr.202000524,HfZrOx,8,6,4,False
HfZrOx_01,10.1002/pssr.202000524,HfZrOx,2.0,0.3010299956639812,0,0,ANALOG,NOT_REPORTED,normalized_from_ratio,IDEALIZED_SINGLE_PAIR_ANALOG,IDEALIZED_ANALOG_MAPPING,256,5,31,0,2,4,203264,10,16,160,31.62,64.61,55.18994984920635,3.3772534812213584,51.81269636798499,23.56994984920635,23.56994984920635,False,LEAVE_ONE_STUDY_OUT,10.1002/pssr.202000524,HfZrOx_01,10.1002/pssr.202000524,HfZrOx,8,6,4,False
HfZrOx_01,10.1002/pssr.202000524,HfZrOx,2.0,0.3010299956639812,0,0,ANALOG,NOT_REPORTED,normalized_from_ratio,IDEALIZED_SINGLE_PAIR_ANALOG,IDEALIZED_ANALOG_MAPPING,64,2,3,0,2,4,203264,56,16,896,11.71,84.52000000000001,10.155315063492065,0.5630390096174966,9.592276053874569,-1.554684936507936,1.554684936507936,False,LEAVE_ONE_STUDY_OUT,10.1002/pssr.202000524,HfZrOx_01,10.1002/pssr.202000524,HfZrOx,8,6,4,False
HfZrOx_01,10.1002/pssr.202000524,HfZrOx,2.0,0.3010299956639812,0,0,ANALOG,NOT_REPORTED,normalized_from_ratio,IDEALIZED_SINGLE_PAIR_ANALOG,IDEALIZED_ANALOG_MAPPING,64,2,3,0,2,5,203264,56,32,1792,11.41,84.82000000000001,10.341916825396826,0.6397060931478712,9.702210732248954,-1.0680831746031743,1.0680831746031743,False,LEAVE_ONE_STUDY_OUT,10.1002/pssr.202000524,HfZrOx_01,10.1002/pssr.202000524,HfZrOx,8,6,4,False
HfZrOx_01,10.1002/pssr.202000524,HfZrOx,2.0,0.3010299956639812,0,0,ANALOG,NOT_REPORTED,normalized_from_ratio,IDEALIZED_SINGLE_PAIR_ANALOG,IDEALIZED_ANALOG_MAPPING,16,2,3,0,2,7,203264,800,128,102400,11.39,84.84,11.207533396825395,0.16572145879145433,11.041811938033941,-0.18246660317460517,0.18246660317460517,False,LEAVE_ONE_STUDY_OUT,10.1002/pssr.202000524,HfZrOx_01,10.1002/pssr.202000524,HfZrOx,8,6,4,False
HfZrOx_01,10.1002/pssr.202000524,HfZrOx,2.0,0.3010299956639812,0,0,ANALOG,NOT_REPORTED,normalized_from_ratio,IDEALIZED_SINGLE_PAIR_ANALOG,IDEALIZED_ANALOG_MAPPING,32,2,3,0,2,7,203264,208,128,26624,11.36,84.87,11.09154015079365,0.15492066473729502,10.936619486056355,-0.2684598492063497,0.2684598492063497,False,LEAVE_ONE_STUDY_OUT,10.1002/pssr.202000524,HfZrOx_01,10.1002/pssr.202000524,HfZrOx,8,6,4,False
HfZrOx_01,10.1002/pssr.202000524,HfZrOx,2.0,0.3010299956639812,0,0,ANALOG,NOT_REPORTED,normalized_from_ratio,IDEALIZED_SINGLE_PAIR_ANALOG,IDEALIZED_ANALOG_MAPPING,16,2,3,0,2,9,203264,800,512,409600,11.36,84.87,11.343117047619048,0.07617387715865119,11.266943170460397,-0.01688295238095172,0.01688295238095172,False,LEAVE_ONE_STUDY_OUT,10.1002/pssr.202000524,HfZrOx_01,10.1002/pssr.202000524,HfZrOx,8,6,4,False
HfZrOx_01,10.1002/pssr.202000524,HfZrOx,2.0,0.3010299956639812,0,0,ANALOG,NOT_REPORTED,normalized_from_ratio,IDEALIZED_SINGLE_PAIR_ANALOG,IDEALIZED_ANALOG_MAPPING,64,2,3,0,2,6,203264,56,64,3584,11.33,84.9,10.867159484126983,0.264769155932458,10.602390328194526,-0.4628405158730171,0.4628405158730171,False,LEAVE_ONE_STUDY_OUT,10.1002/pssr.202000524,HfZrOx_01,10.1002/pssr.202000524,HfZrOx,8,6,4,False
HfZrOx_01,10.1002/pssr.202000524,HfZrOx,2.0,0.3010299956639812,0,0,ANALOG,NOT_REPORTED,normalized_from_ratio,IDEALIZED_SINGLE_PAIR_ANALOG,IDEALIZED_ANALOG_MAPPING,32,2,3,0,2,9,203264,208,512,106496,11.3,84.93,11.246992666666666,0.1103210827828754,11.13667158388379,-0.05300733333333518,0.05300733333333518,False,LEAVE_ONE_STUDY_OUT,10.1002/pssr.202000524,HfZrOx_01,10.1002/pssr.202000524,HfZrOx,8,6,4,False
HfZrOx_01,10.1002/pssr.202000524,HfZrOx,2.0,0.3010299956639812,0,0,ANALOG,NOT_REPORTED,normalized_from_ratio,IDEALIZED_SINGLE_PAIR_ANALOG,IDEALIZED_ANALOG_MAPPING,256,2,3,0,2,9,203264,10,512,5120,11.28,84.95,11.2941635,0.2288949081294265,11.065268591870574,0.01416350000000044,0.01416350000000044,False,LEAVE_ONE_STUDY_OUT,10.1002/pssr.202000524,HfZrOx_01,10.1002/pssr.202000524,HfZrOx,8,6,4,False
HfZrOx_01,10.1002/pssr.202000524,HfZrOx,2.0,0.3010299956639812,0,0,ANALOG,NOT_REPORTED,normalized_from_ratio,IDEALIZED_SINGLE_PAIR_ANALOG,IDEALIZED_ANALOG_MAPPING,32,2,3,0,2,8,203264,208,256,53248,11.27,84.96000000000001,11.167773007936507,0.1030225005289021,11.064750507407604,-0.10222699206349262,0.10222699206349262,False,LEAVE_ONE_STUDY_OUT,10.1002/pssr.202000524,HfZrOx_01,10.1002/pssr.202000524,HfZrOx,8,6,4,False
HfZrOx_01,10.1002/pssr.202000524,HfZrOx,2.0,0.3010299956639812,0,0,ANALOG,NOT_REPORTED,normalized_from_ratio,IDEALIZED_SINGLE_PAIR_ANALOG,IDEALIZED_ANALOG_MAPPING,32,2,3,0,2,10,203264,208,1024,212992,11.27,84.96000000000001,11.194243238095238,0.07341846851900956,11.12082476957623,-0.07575676190476166,0.07575676190476166,False,LEAVE_ONE_STUDY_OUT,10.1002/pssr.202000524,HfZrOx_01,10.1002/pssr.202000524,HfZrOx,8,6,4,False
HfZrOx_01,10.1002/pssr.202000524,HfZrOx,2.0,0.3010299956639812,0,0,ANALOG,NOT_REPORTED,normalized_from_ratio,IDEALIZED_SINGLE_PAIR_ANALOG,IDEALIZED_ANALOG_MAPPING,16,2,3,0,2,6,203264,800,64,51200,11.26,84.97,11.038565079365078,0.23235707134245853,10.806208008022619,-0.22143492063492154,0.22143492063492154,False,LEAVE_ONE_STUDY_OUT,10.1002/pssr.202000524,HfZrOx_01,10.1002/pssr.202000524,HfZrOx,8,6,4,False
HfZrOx_01,10.1002/pssr.202000524,HfZrOx,2.0,0.3010299956639812,0,0,ANALOG,NOT_REPORTED,normalized_from_ratio,IDEALIZED_SINGLE_PAIR_ANALOG,IDEALIZED_ANALOG_MAPPING,64,2,3,0,2,10,203264,56,1024,57344,11.25,84.98,11.197046047619049,0.0746352676937597,11.12241077992529,-0.05295395238095146,0.05295395238095146,False,LEAVE_ONE_STUDY_OUT,10.1002/pssr.202000524,HfZrOx_01,10.1002/pssr.202000524,HfZrOx,8,6,4,False
HfZrOx_01,10.1002/pssr.202000524,HfZrOx,2.0,0.3010299956639812,0,0,ANALOG,NOT_REPORTED,normalized_from_ratio,IDEALIZED_SINGLE_PAIR_ANALOG,IDEALIZED_ANALOG_MAPPING,16,2,3,0,2,8,203264,800,256,204800,11.25,84.98,11.297359944444445,0.10675803652105754,11.190601907923387,0.04735994444444458,0.04735994444444458,False,LEAVE_ONE_STUDY_OUT,10.1002/pssr.202000524,HfZrOx_01,10.1002/pssr.202000524,HfZrOx,8,6,4,False
HfZrOx_01,10.1002/pssr.202000524,HfZrOx,2.0,0.3010299956639812,0,0,ANALOG,NOT_REPORTED,normalized_from_ratio,IDEALIZED_SINGLE_PAIR_ANALOG,IDEALIZED_ANALOG_MAPPING,256,2,3,0,2,8,203264,10,256,2560,11.25,84.98,11.227888436507936,0.2437424629381227,10.984145973569813,-0.022111563492064334,0.022111563492064334,False,LEAVE_ONE_STUDY_OUT,10.1002/pssr.202000524,HfZrOx_01,10.1002/pssr.202000524,HfZrOx,8,6,4,False
HfZrOx_01,10.1002/pssr.202000524,HfZrOx,2.0,0.3010299956639812,0,0,ANALOG,NOT_REPORTED,normalized_from_ratio,IDEALIZED_SINGLE_PAIR_ANALOG,IDEALIZED_ANALOG_MAPPING,16,2,3,0,2,10,203264,800,1024,819200,11.24,84.99000000000001,11.310694412698412,0.08853120113437693,11.222163211564036,0.07069441269841192,0.07069441269841192,False,LEAVE_ONE_STUDY_OUT,10.1002/pssr.202000524,HfZrOx_01,10.1002/pssr.202000524,HfZrOx,8,6,4,False
HfZrOx_01,10.1002/pssr.202000524,HfZrOx,2.0,0.3010299956639812,0,0,ANALOG,NOT_REPORTED,normalized_from_ratio,IDEALIZED_SINGLE_PAIR_ANALOG,IDEALIZED_ANALOG_MAPPING,128,2,3,0,2,9,203264,16,512,8192,11.24,84.99000000000001,11.341915928571428,0.08619025658345797,11.25572567198797,0.10191592857142773,0.10191592857142773,False,LEAVE_ONE_STUDY_OUT,10.1002/pssr.202000524,HfZrOx_01,10.1002/pssr.202000524,HfZrOx,8,6,4,False
HfZrOx_01,10.1002/pssr.202000524,HfZrOx,2.0,0.3010299956639812,0,0,ANALOG,NOT_REPORTED,normalized_from_ratio,IDEALIZED_SINGLE_PAIR_ANALOG,IDEALIZED_ANALOG_MAPPING,256,2,3,0,2,10,203264,10,1024,10240,11.22,85.01,11.226932857142858,0.2100691036765062,11.016863753466351,0.006932857142857074,0.006932857142857074,False,LEAVE_ONE_STUDY_OUT,10.1002/pssr.202000524,HfZrOx_01,10.1002/pssr.202000524,HfZrOx,8,6,4,False
HfZrOx_01,10.1002/pssr.202000524,HfZrOx,2.0,0.3010299956639812,0,0,ANALOG,NOT_REPORTED,normalized_from_ratio,IDEALIZED_SINGLE_PAIR_ANALOG,IDEALIZED_ANALOG_MAPPING,64,2,3,0,2,7,203264,56,128,7168,11.18,85.05000000000001,11.049028365079364,0.1549580647083888,10.894070300370975,-0.1309716349206358,0.1309716349206358,False,LEAVE_ONE_STUDY_OUT,10.1002/pssr.202000524,HfZrOx_01,10.1002/pssr.202000524,HfZrOx,8,6,4,False
HfZrOx_01,10.1002/pssr.202000524,HfZrOx,2.0,0.3010299956639812,0,0,ANALOG,NOT_REPORTED,normalized_from_ratio,IDEALIZED_SINGLE_PAIR_ANALOG,IDEALIZED_ANALOG_MAPPING,64,2,3,0,2,9,203264,56,512,28672,11.18,85.05000000000001,11.275258857142857,0.11924260800946336,11.156016249133394,0.09525885714285742,0.09525885714285742,False,LEAVE_ONE_STUDY_OUT,10.1002/pssr.202000524,HfZrOx_01,10.1002/pssr.202000524,HfZrOx,8,6,4,False
HfZrOx_01,10.1002/pssr.202000524,HfZrOx,2.0,0.3010299956639812,0,0,ANALOG,NOT_REPORTED,normalized_from_ratio,IDEALIZED_SINGLE_PAIR_ANALOG,IDEALIZED_ANALOG_MAPPING,128,2,3,0,2,10,203264,16,1024,16384,11.15,85.08,11.266969857142856,0.08030404984468346,11.186665807298173,0.11696985714285546,0.11696985714285546,False,LEAVE_ONE_STUDY_OUT,10.1002/pssr.202000524,HfZrOx_01,10.1002/pssr.202000524,HfZrOx,8,6,4,False
HfZrOx_01,10.1002/pssr.202000524,HfZrOx,2.0,0.3010299956639812,0,0,ANALOG,NOT_REPORTED,normalized_from_ratio,IDEALIZED_SINGLE_PAIR_ANALOG,IDEALIZED_ANALOG_MAPPING,128,2,3,0,2,8,203264,16,256,4096,11.14,85.09,11.268532246031748,0.14249341976542648,11.126038826266322,0.12853224603174773,0.12853224603174773,False,LEAVE_ONE_STUDY_OUT,10.1002/pssr.202000524,HfZrOx_01,10.1002/pssr.202000524,HfZrOx,8,6,4,False
HfZrOx_01,10.1002/pssr.202000524,HfZrOx,2.0,0.3010299956639812,0,0,ANALOG,NOT_REPORTED,normalized_from_ratio,IDEALIZED_SINGLE_PAIR_ANALOG,IDEALIZED_ANALOG_MAPPING,32,2,3,0,2,6,203264,208,64,13312,11.09,85.14,10.956102246031746,0.1881878319196674,10.767914414112079,-0.1338977539682542,0.1338977539682542,False,LEAVE_ONE_STUDY_OUT,10.1002/pssr.202000524,HfZrOx_01,10.1002/pssr.202000524,HfZrOx,8,6,4,False
HfZrOx_01,10.1002/pssr.202000524,HfZrOx,2.0,0.3010299956639812,0,0,ANALOG,NOT_REPORTED,normalized_from_ratio,IDEALIZED_SINGLE_PAIR_ANALOG,IDEALIZED_ANALOG_MAPPING,64,2,3,0,2,8,203264,56,256,14336,11.07,85.16,11.174755698412698,0.125233186312893,11.049522512099804,0.10475569841269738,0.10475569841269738,False,LEAVE_ONE_STUDY_OUT,10.1002/pssr.202000524,HfZrOx_01,10.1002/pssr.202000524,HfZrOx,8,6,4,False
HfZrOx_01,10.1002/pssr.202000524,HfZrOx,2.0,0.3010299956639812,0,0,ANALOG,NOT_REPORTED,normalized_from_ratio,IDEALIZED_SINGLE_PAIR_ANALOG,IDEALIZED_ANALOG_MAPPING,128,2,3,0,2,7,203264,16,128,2048,11.04,85.19,10.965533968253967,0.2775334041054906,10.688000564148476,-0.07446603174603261,0.07446603174603261,False,LEAVE_ONE_STUDY_OUT,10.1002/pssr.202000524,HfZrOx_01,10.1002/pssr.202000524,HfZrOx,8,6,4,False
HfZrOx_01,10.1002/pssr.202000524,HfZrOx,2.0,0.3010299956639812,0,0,ANALOG,NOT_REPORTED,normalized_from_ratio,IDEALIZED_SINGLE_PAIR_ANALOG,IDEALIZED_ANALOG_MAPPING,32,2,3,0,2,5,203264,208,32,6656,11.02,85.21000000000001,10.565086253968254,0.5817042437043204,9.983382010263933,-0.45491374603174606,0.45491374603174606,False,LEAVE_ONE_STUDY_OUT,10.1002/pssr.202000524,HfZrOx_01,10.1002/pssr.202000524,HfZrOx,8,6,4,False
HfZrOx_01,10.1002/pssr.202000524,HfZrOx,2.0,0.3010299956639812,0,0,ANALOG,NOT_REPORTED,normalized_from_ratio,IDEALIZED_SINGLE_PAIR_ANALOG,IDEALIZED_ANALOG_MAPPING,256,2,3,0,2,7,203264,10,128,1280,10.89,85.34,10.897429992063492,0.35853195587208897,10.538898036191403,0.007429992063491042,0.007429992063491042,False,LEAVE_ONE_STUDY_OUT,10.1002/pssr.202000524,HfZrOx_01,10.1002/pssr.202000524,HfZrOx,8,6,4,False
HfZrOx_01,10.1002/pssr.202000524,HfZrOx,2.0,0.3010299956639812,0,0,ANALOG,NOT_REPORTED,normalized_from_ratio,IDEALIZED_SINGLE_PAIR_ANALOG,IDEALIZED_ANALOG_MAPPING,128,2,3,0,2,6,203264,16,64,1024,10.71,85.52000000000001,10.706366706349206,0.323934962001048,10.382431744348159,-0.003633293650795011,0.003633293650795011,False,LEAVE_ONE_STUDY_OUT,10.1002/pssr.202000524,HfZrOx_01,10.1002/pssr.202000524,HfZrOx,8,6,4,False
HfZrOx_01,10.1002/pssr.202000524,HfZrOx,2.0,0.3010299956639812,0,0,ANALOG,NOT_REPORTED,normalized_from_ratio,IDEALIZED_SINGLE_PAIR_ANALOG,IDEALIZED_ANALOG_MAPPING,16,2,3,0,2,5,203264,800,32,25600,10.69,85.54,10.600577547619046,0.5961887999982619,10.004388747620785,-0.08942245238095303,0.08942245238095303,False,LEAVE_ONE_STUDY_OUT,10.1002/pssr.202000524,HfZrOx_01,10.1002/pssr.202000524,HfZrOx,8,6,4,False
HfZrOx_01,10.1002/pssr.202000524,HfZrOx,2.0,0.3010299956639812,0,0,ANALOG,NOT_REPORTED,normalized_from_ratio,IDEALIZED_SINGLE_PAIR_ANALOG,IDEALIZED_ANALOG_MAPPING,256,2,3,0,2,6,203264,10,64,640,10.49,85.74000000000001,10.579068111111111,0.40363772036856005,10.175430390742552,0.08906811111111068,0.08906811111111068,False,LEAVE_ONE_STUDY_OUT,10.1002/pssr.202000524,HfZrOx_01,10.1002/pssr.202000524,HfZrOx,8,6,4,False
HfZrOx_01,10.1002/pssr.202000524,HfZrOx,2.0,0.3010299956639812,0,0,ANALOG,NOT_REPORTED,normalized_from_ratio,IDEALIZED_SINGLE_PAIR_ANALOG,IDEALIZED_ANALOG_MAPPING,16,2,3,0,2,4,203264,800,16,12800,10.17,86.06,10.687678682539682,0.534425949581448,10.153252732958233,0.5176786825396817,0.5176786825396817,False,LEAVE_ONE_STUDY_OUT,10.1002/pssr.202000524,HfZrOx_01,10.1002/pssr.202000524,HfZrOx,8,6,4,False
HfZrOx_01,10.1002/pssr.202000524,HfZrOx,2.0,0.3010299956639812,0,0,ANALOG,NOT_REPORTED,normalized_from_ratio,IDEALIZED_SINGLE_PAIR_ANALOG,IDEALIZED_ANALOG_MAPPING,32,2,3,0,2,4,203264,208,16,3328,10.1,86.13000000000001,10.61651784920635,0.5610906666512671,10.055427182555082,0.51651784920635,0.51651784920635,False,LEAVE_ONE_STUDY_OUT,10.1002/pssr.202000524,HfZrOx_01,10.1002/pssr.202000524,HfZrOx,8,6,4,False
HfZrOx_01,10.1002/pssr.202000524,HfZrOx,2.0,0.3010299956639812,0,0,ANALOG,NOT_REPORTED,normalized_from_ratio,IDEALIZED_SINGLE_PAIR_ANALOG,IDEALIZED_ANALOG_MAPPING,128,2,3,0,2,5,203264,16,32,512,9.83,86.4,10.177266833333332,0.7599413832071718,9.41732545012616,0.3472668333333324,0.3472668333333324,False,LEAVE_ONE_STUDY_OUT,10.1002/pssr.202000524,HfZrOx_01,10.1002/pssr.202000524,HfZrOx,8,6,4,False
HfZrOx_01,10.1002/pssr.202000524,HfZrOx,2.0,0.3010299956639812,0,0,ANALOG,NOT_REPORTED,normalized_from_ratio,IDEALIZED_SINGLE_PAIR_ANALOG,IDEALIZED_ANALOG_MAPPING,256,2,3,0,2,5,203264,10,32,320,9.7,86.53,10.054669341269841,0.8034600889539432,9.251209252315899,0.35466934126984206,0.35466934126984206,False,LEAVE_ONE_STUDY_OUT,10.1002/pssr.202000524,HfZrOx_01,10.1002/pssr.202000524,HfZrOx,8,6,4,False
HfZrOx_01,10.1002/pssr.202000524,HfZrOx,2.0,0.3010299956639812,0,0,ANALOG,NOT_REPORTED,normalized_from_ratio,IDEALIZED_SINGLE_PAIR_ANALOG,IDEALIZED_ANALOG_MAPPING,128,2,3,0,2,4,203264,16,16,256,9.43,86.80000000000001,9.820641709956712,0.5621812202604098,9.258460489696303,0.39064170995671255,0.39064170995671255,False,LEAVE_ONE_STUDY_OUT,10.1002/pssr.202000524,HfZrOx_01,10.1002/pssr.202000524,HfZrOx,8,6,4,False
HfZrOx_01,10.1002/pssr.202000524,HfZrOx,2.0,0.3010299956639812,0,0,ANALOG,NOT_REPORTED,normalized_from_ratio,IDEALIZED_SINGLE_PAIR_ANALOG,IDEALIZED_ANALOG_MAPPING,256,2,3,0,2,4,203264,10,16,160,9.42,86.81,9.559979955988458,0.6112913512396948,8.948688604748764,0.13997995598845847,0.13997995598845847,False,LEAVE_ONE_STUDY_OUT,10.1002/pssr.202000524,HfZrOx_01,10.1002/pssr.202000524,HfZrOx,8,6,4,False
TiOx_03,10.1016/j.spmi.2017.10.031,TiOx,80.0,1.9030899869919435,0,0,ANALOG,NOT_REPORTED,normalized_from_ratio,IDEALIZED_SINGLE_PAIR_ANALOG,IDEALIZED_ANALOG_MAPPING,256,6,63,0,2,8,203264,10,256,2560,96.34,-0.1099999999999994,96.22723418253969,0.04034902154000703,96.18688516099968,-0.11276581746031411,0.11276581746031411,True,LEAVE_ONE_STUDY_OUT,10.1016/j.spmi.2017.10.031,TiOx_03,10.1016/j.spmi.2017.10.031,TiOx,8,6,5,False
TiOx_03,10.1016/j.spmi.2017.10.031,TiOx,80.0,1.9030899869919435,0,0,ANALOG,NOT_REPORTED,normalized_from_ratio,IDEALIZED_SINGLE_PAIR_ANALOG,IDEALIZED_ANALOG_MAPPING,128,6,63,0,2,8,203264,16,256,4096,96.33,-0.0999999999999943,96.24946619047618,0.035979405640890874,96.2134867848353,-0.08053380952381417,0.08053380952381417,True,LEAVE_ONE_STUDY_OUT,10.1016/j.spmi.2017.10.031,TiOx_03,10.1016/j.spmi.2017.10.031,TiOx,8,6,5,False
TiOx_03,10.1016/j.spmi.2017.10.031,TiOx,80.0,1.9030899869919435,0,0,ANALOG,NOT_REPORTED,normalized_from_ratio,IDEALIZED_SINGLE_PAIR_ANALOG,IDEALIZED_ANALOG_MAPPING,32,6,63,0,2,10,203264,208,1024,212992,96.31,-0.0799999999999983,96.28384456349207,0.013887550927050662,96.26995701256502,-0.026155436507934837,0.026155436507934837,True,LEAVE_ONE_STUDY_OUT,10.1016/j.spmi.2017.10.031,TiOx_03,10.1016/j.spmi.2017.10.031,TiOx,8,6,5,False
TiOx_03,10.1016/j.spmi.2017.10.031,TiOx,80.0,1.9030899869919435,0,0,ANALOG,NOT_REPORTED,normalized_from_ratio,IDEALIZED_SINGLE_PAIR_ANALOG,IDEALIZED_ANALOG_MAPPING,16,6,63,0,2,10,203264,800,1024,819200,96.29,-0.0600000000000022,96.30011518253968,0.015406886220840401,96.28470829631884,0.010115182539678358,0.010115182539678358,True,LEAVE_ONE_STUDY_OUT,10.1016/j.spmi.2017.10.031,TiOx_03,10.1016/j.spmi.2017.10.031,TiOx,8,6,5,False
TiOx_03,10.1016/j.spmi.2017.10.031,TiOx,80.0,1.9030899869919435,0,0,ANALOG,NOT_REPORTED,normalized_from_ratio,IDEALIZED_SINGLE_PAIR_ANALOG,IDEALIZED_ANALOG_MAPPING,128,6,63,0,2,10,203264,16,1024,16384,96.29,-0.0600000000000022,96.26610515873016,0.01879993137704498,96.24730522735311,-0.02389484126985053,0.02389484126985053,True,LEAVE_ONE_STUDY_OUT,10.1016/j.spmi.2017.10.031,TiOx_03,10.1016/j.spmi.2017.10.031,TiOx,8,6,5,False
TiOx_03,10.1016/j.spmi.2017.10.031,TiOx,80.0,1.9030899869919435,0,0,ANALOG,NOT_REPORTED,normalized_from_ratio,IDEALIZED_SINGLE_PAIR_ANALOG,IDEALIZED_ANALOG_MAPPING,64,6,63,0,2,10,203264,56,1024,57344,96.29,-0.0600000000000022,96.28156003968255,0.011207107352796293,96.27035293232974,-0.008439960317460304,0.008439960317460304,True,LEAVE_ONE_STUDY_OUT,10.1016/j.spmi.2017.10.031,TiOx_03,10.1016/j.spmi.2017.10.031,TiOx,8,6,5,False
TiOx_03,10.1016/j.spmi.2017.10.031,TiOx,80.0,1.9030899869919435,0,0,ANALOG,NOT_REPORTED,normalized_from_ratio,IDEALIZED_SINGLE_PAIR_ANALOG,IDEALIZED_ANALOG_MAPPING,32,6,63,0,2,9,203264,208,512,106496,96.28,-0.0499999999999971,96.25805524603174,0.016767562199200635,96.24128768383254,-0.021944753968256236,0.021944753968256236,True,LEAVE_ONE_STUDY_OUT,10.1016/j.spmi.2017.10.031,TiOx_03,10.1016/j.spmi.2017.10.031,TiOx,8,6,5,False
TiOx_03,10.1016/j.spmi.2017.10.031,TiOx,80.0,1.9030899869919435,0,0,ANALOG,NOT_REPORTED,normalized_from_ratio,IDEALIZED_SINGLE_PAIR_ANALOG,IDEALIZED_ANALOG_MAPPING,32,8,255,0,2,6,203264,208,64,13312,96.28,-0.0499999999999971,96.16821116666668,0.04540987534562064,96.12280129132105,-0.11178883333332124,0.11178883333332124,True,LEAVE_ONE_STUDY_OUT,10.1016/j.spmi.2017.10.031,TiOx_03,10.1016/j.spmi.2017.10.031,TiOx,8,6,5,False
TiOx_03,10.1016/j.spmi.2017.10.031,TiOx,80.0,1.9030899869919435,0,0,ANALOG,NOT_REPORTED,normalized_from_ratio,IDEALIZED_SINGLE_PAIR_ANALOG,IDEALIZED_ANALOG_MAPPING,64,8,255,0,2,10,203264,56,1024,57344,96.27,-0.039999999999992,96.22822982539682,0.015588920198328622,96.2126409051985,-0.04177017460317245,0.04177017460317245,True,LEAVE_ONE_STUDY_OUT,10.1016/j.spmi.2017.10.031,TiOx_03,10.1016/j.spmi.2017.10.031,TiOx,8,6,5,False
TiOx_03,10.1016/j.spmi.2017.10.031,TiOx,80.0,1.9030899869919435,0,0,ANALOG,NOT_REPORTED,normalized_from_ratio,IDEALIZED_SINGLE_PAIR_ANALOG,IDEALIZED_ANALOG_MAPPING,32,6,63,0,2,8,203264,208,256,53248,96.27,-0.039999999999992,96.2571104920635,0.026271315271762803,96.23083917679175,-0.01288950793649235,0.01288950793649235,True,LEAVE_ONE_STUDY_OUT,10.1016/j.spmi.2017.10.031,TiOx_03,10.1016/j.spmi.2017.10.031,TiOx,8,6,5,False
TiOx_03,10.1016/j.spmi.2017.10.031,TiOx,80.0,1.9030899869919435,0,0,ANALOG,NOT_REPORTED,normalized_from_ratio,IDEALIZED_SINGLE_PAIR_ANALOG,IDEALIZED_ANALOG_MAPPING,32,8,255,0,2,9,203264,208,512,106496,96.27,-0.039999999999992,96.23485369841269,0.01477927338702804,96.22007442502566,-0.0351463015873037,0.0351463015873037,True,LEAVE_ONE_STUDY_OUT,10.1016/j.spmi.2017.10.031,TiOx_03,10.1016/j.spmi.2017.10.031,TiOx,8,6,5,False
TiOx_03,10.1016/j.spmi.2017.10.031,TiOx,80.0,1.9030899869919435,0,0,ANALOG,NOT_REPORTED,normalized_from_ratio,IDEALIZED_SINGLE_PAIR_ANALOG,IDEALIZED_ANALOG_MAPPING,64,6,63,0,2,8,203264,56,256,14336,96.27,-0.039999999999992,96.2609023968254,0.030371018797131565,96.23053137802827,-0.009097603174595292,0.009097603174595292,True,LEAVE_ONE_STUDY_OUT,10.1016/j.spmi.2017.10.031,TiOx_03,10.1016/j.spmi.2017.10.031,TiOx,8,6,5,False
TiOx_03,10.1016/j.spmi.2017.10.031,TiOx,80.0,1.9030899869919435,0,0,ANALOG,NOT_REPORTED,normalized_from_ratio,IDEALIZED_SINGLE_PAIR_ANALOG,IDEALIZED_ANALOG_MAPPING,16,8,255,0,2,7,203264,800,128,102400,96.27,-0.039999999999992,96.2280834920635,0.0329529000535281,96.19513059200997,-0.0419165079364916,0.0419165079364916,True,LEAVE_ONE_STUDY_OUT,10.1016/j.spmi.2017.10.031,TiOx_03,10.1016/j.spmi.2017.10.031,TiOx,8,6,5,False
TiOx_03,10.1016/j.spmi.2017.10.031,TiOx,80.0,1.9030899869919435,0,0,ANALOG,NOT_REPORTED,normalized_from_ratio,IDEALIZED_SINGLE_PAIR_ANALOG,IDEALIZED_ANALOG_MAPPING,128,7,127,0,2,10,203264,16,1024,16384,96.26,-0.0300000000000011,96.20832411111111,0.009404070448109614,96.198920040663,-0.051675888888894406,0.051675888888894406,True,LEAVE_ONE_STUDY_OUT,10.1016/j.spmi.2017.10.031,TiOx_03,10.1016/j.spmi.2017.10.031,TiOx,8,6,5,False
TiOx_03,10.1016/j.spmi.2017.10.031,TiOx,80.0,1.9030899869919435,0,0,ANALOG,NOT_REPORTED,normalized_from_ratio,IDEALIZED_SINGLE_PAIR_ANALOG,IDEALIZED_ANALOG_MAPPING,64,6,63,0,2,9,203264,56,512,28672,96.26,-0.0300000000000011,96.26277838888889,0.01826574721955398,96.24451264166933,0.0027783888888848196,0.0027783888888848196,True,LEAVE_ONE_STUDY_OUT,10.1016/j.spmi.2017.10.031,TiOx_03,10.1016/j.spmi.2017.10.031,TiOx,8,6,5,False
TiOx_03,10.1016/j.spmi.2017.10.031,TiOx,80.0,1.9030899869919435,0,0,ANALOG,NOT_REPORTED,normalized_from_ratio,IDEALIZED_SINGLE_PAIR_ANALOG,IDEALIZED_ANALOG_MAPPING,16,6,63,0,2,8,203264,800,256,204800,96.26,-0.0300000000000011,96.26884351587302,0.027059404007499118,96.24178411186551,0.008843515873010688,0.008843515873010688,True,LEAVE_ONE_STUDY_OUT,10.1016/j.spmi.2017.10.031,TiOx_03,10.1016/j.spmi.2017.10.031,TiOx,8,6,5,False
TiOx_03,10.1016/j.spmi.2017.10.031,TiOx,80.0,1.9030899869919435,0,0,ANALOG,NOT_REPORTED,normalized_from_ratio,IDEALIZED_SINGLE_PAIR_ANALOG,IDEALIZED_ANALOG_MAPPING,16,8,255,0,2,8,203264,800,256,204800,96.26,-0.0300000000000011,96.21729451587302,0.017301293031757658,96.19999322284126,-0.042705484126983606,0.042705484126983606,True,LEAVE_ONE_STUDY_OUT,10.1016/j.spmi.2017.10.031,TiOx_03,10.1016/j.spmi.2017.10.031,TiOx,8,6,5,False
TiOx_03,10.1016/j.spmi.2017.10.031,TiOx,80.0,1.9030899869919435,0,0,ANALOG,NOT_REPORTED,normalized_from_ratio,IDEALIZED_SINGLE_PAIR_ANALOG,IDEALIZED_ANALOG_MAPPING,16,8,255,0,2,10,203264,800,1024,819200,96.26,-0.0300000000000011,96.24610149206349,0.011888228321410458,96.23421326374208,-0.013898507936517035,0.013898507936517035,True,LEAVE_ONE_STUDY_OUT,10.1016/j.spmi.2017.10.031,TiOx_03,10.1016/j.spmi.2017.10.031,TiOx,8,6,5,False
TiOx_03,10.1016/j.spmi.2017.10.031,TiOx,80.0,1.9030899869919435,0,0,ANALOG,NOT_REPORTED,normalized_from_ratio,IDEALIZED_SINGLE_PAIR_ANALOG,IDEALIZED_ANALOG_MAPPING,16,6,63,0,2,7,203264,800,128,102400,96.25,-0.019999999999996,96.24825141269842,0.02400212409212048,96.2242492886063,-0.0017485873015772313,0.0017485873015772313,True,LEAVE_ONE_STUDY_OUT,10.1016/j.spmi.2017.10.031,TiOx_03,10.1016/j.spmi.2017.10.031,TiOx,8,6,5,False
TiOx_03,10.1016/j.spmi.2017.10.031,TiOx,80.0,1.9030899869919435,0,0,ANALOG,NOT_REPORTED,normalized_from_ratio,IDEALIZED_SINGLE_PAIR_ANALOG,IDEALIZED_ANALOG_MAPPING,32,8,255,0,2,7,203264,208,128,26624,96.25,-0.019999999999996,96.19387009523811,0.0358780613210867,96.15799203391703,-0.05612990476188884,0.05612990476188884,True,LEAVE_ONE_STUDY_OUT,10.1016/j.spmi.2017.10.031,TiOx_03,10.1016/j.spmi.2017.10.031,TiOx,8,6,5,False
TiOx_03,10.1016/j.spmi.2017.10.031,TiOx,80.0,1.9030899869919435,0,0,ANALOG,NOT_REPORTED,normalized_from_ratio,IDEALIZED_SINGLE_PAIR_ANALOG,IDEALIZED_ANALOG_MAPPING,32,6,63,0,2,7,203264,208,128,26624,96.25,-0.019999999999996,96.22474752380953,0.03165804426582261,96.1930894795437,-0.02525247619047377,0.02525247619047377,True,LEAVE_ONE_STUDY_OUT,10.1016/j.spmi.2017.10.031,TiOx_03,10.1016/j.spmi.2017.10.031,TiOx,8,6,5,False
TiOx_03,10.1016/j.spmi.2017.10.031,TiOx,80.0,1.9030899869919435,0,0,ANALOG,NOT_REPORTED,normalized_from_ratio,IDEALIZED_SINGLE_PAIR_ANALOG,IDEALIZED_ANALOG_MAPPING,64,7,127,0,2,7,203264,56,128,7168,96.25,-0.019999999999996,96.22114096825398,0.043052697125576626,96.1780882711284,-0.028859031746023334,0.028859031746023334,True,LEAVE_ONE_STUDY_OUT,10.1016/j.spmi.2017.10.031,TiOx_03,10.1016/j.spmi.2017.10.031,TiOx,8,6,5,False
TiOx_03,10.1016/j.spmi.2017.10.031,TiOx,80.0,1.9030899869919435,0,0,ANALOG,NOT_REPORTED,normalized_from_ratio,IDEALIZED_SINGLE_PAIR_ANALOG,IDEALIZED_ANALOG_MAPPING,32,6,63,0,2,6,203264,208,64,13312,96.24,-0.0099999999999909,96.16518933333334,0.04090360856203979,96.12428572477131,-0.07481066666665015,0.07481066666665015,True,LEAVE_ONE_STUDY_OUT,10.1016/j.spmi.2017.10.031,TiOx_03,10.1016/j.spmi.2017.10.031,TiOx,8,6,5,False
TiOx_03,10.1016/j.spmi.2017.10.031,TiOx,80.0,1.9030899869919435,0,0,ANALOG,NOT_REPORTED,normalized_from_ratio,IDEALIZED_SINGLE_PAIR_ANALOG,IDEALIZED_ANALOG_MAPPING,16,6,63,0,2,9,203264,800,512,409600,96.24,-0.0099999999999909,96.27504524603175,0.02095100055044588,96.25409424548131,0.03504524603175696,0.03504524603175696,True,LEAVE_ONE_STUDY_OUT,10.1016/j.spmi.2017.10.031,TiOx_03,10.1016/j.spmi.2017.10.031,TiOx,8,6,5,False
TiOx_03,10.1016/j.spmi.2017.10.031,TiOx,80.0,1.9030899869919435,0,0,ANALOG,NOT_REPORTED,normalized_from_ratio,IDEALIZED_SINGLE_PAIR_ANALOG,IDEALIZED_ANALOG_MAPPING,16,7,127,0,2,8,203264,800,256,204800,96.24,-0.0099999999999909,96.22450153174603,0.009982392297951682,96.21451913944807,-0.01549846825396628,0.01549846825396628,True,LEAVE_ONE_STUDY_OUT,10.1016/j.spmi.2017.10.031,TiOx_03,10.1016/j.spmi.2017.10.031,TiOx,8,6,5,False
TiOx_03,10.1016/j.spmi.2017.10.031,TiOx,80.0,1.9030899869919435,0,0,ANALOG,NOT_REPORTED,normalized_from_ratio,IDEALIZED_SINGLE_PAIR_ANALOG,IDEALIZED_ANALOG_MAPPING,256,7,127,0,2,8,203264,10,256,2560,96.24,-0.0099999999999909,96.22963845238095,0.018476942410493205,96.21116150997047,-0.01036154761904129,0.01036154761904129,True,LEAVE_ONE_STUDY_OUT,10.1016/j.spmi.2017.10.031,TiOx_03,10.1016/j.spmi.2017.10.031,TiOx,8,6,5,False
TiOx_03,10.1016/j.spmi.2017.10.031,TiOx,80.0,1.9030899869919435,0,0,ANALOG,NOT_REPORTED,normalized_from_ratio,IDEALIZED_SINGLE_PAIR_ANALOG,IDEALIZED_ANALOG_MAPPING,64,5,31,0,2,7,203264,56,128,7168,96.24,-0.0099999999999909,96.17252115079366,0.04715301543261543,96.12536813536104,-0.06747884920633851,0.06747884920633851,True,LEAVE_ONE_STUDY_OUT,10.1016/j.spmi.2017.10.031,TiOx_03,10.1016/j.spmi.2017.10.031,TiOx,8,6,5,False
TiOx_03,10.1016/j.spmi.2017.10.031,TiOx,80.0,1.9030899869919435,0,0,ANALOG,NOT_REPORTED,normalized_from_ratio,IDEALIZED_SINGLE_PAIR_ANALOG,IDEALIZED_ANALOG_MAPPING,256,6,63,0,2,10,203264,10,1024,10240,96.24,-0.0099999999999909,96.26873696825396,0.03210694937275122,96.23663001888121,0.02873696825396621,0.02873696825396621,True,LEAVE_ONE_STUDY_OUT,10.1016/j.spmi.2017.10.031,TiOx_03,10.1016/j.spmi.2017.10.031,TiOx,8,6,5,False
TiOx_03,10.1016/j.spmi.2017.10.031,TiOx,80.0,1.9030899869919435,0,0,ANALOG,NOT_REPORTED,normalized_from_ratio,IDEALIZED_SINGLE_PAIR_ANALOG,IDEALIZED_ANALOG_MAPPING,64,5,31,0,2,8,203264,56,256,14336,96.24,-0.0099999999999909,96.17982486940838,0.028291867176478892,96.1515330022319,-0.06017513059161672,0.06017513059161672,True,LEAVE_ONE_STUDY_OUT,10.1016/j.spmi.2017.10.031,TiOx_03,10.1016/j.spmi.2017.10.031,TiOx,8,6,5,False
TiOx_03,10.1016/j.spmi.2017.10.031,TiOx,80.0,1.9030899869919435,0,0,ANALOG,NOT_REPORTED,normalized_from_ratio,IDEALIZED_SINGLE_PAIR_ANALOG,IDEALIZED_ANALOG_MAPPING,32,8,255,0,2,10,203264,208,1024,212992,96.24,-0.0099999999999909,96.24352564285715,0.014714571966489027,96.22881107089066,0.0035256428571557308,0.0035256428571557308,True,LEAVE_ONE_STUDY_OUT,10.1016/j.spmi.2017.10.031,TiOx_03,10.1016/j.spmi.2017.10.031,TiOx,8,6,5,False
TiOx_03,10.1016/j.spmi.2017.10.031,TiOx,80.0,1.9030899869919435,0,0,ANALOG,NOT_REPORTED,normalized_from_ratio,IDEALIZED_SINGLE_PAIR_ANALOG,IDEALIZED_ANALOG_MAPPING,32,7,127,0,2,7,203264,208,128,26624,96.24,-0.0099999999999909,96.21084677777777,0.02720062494712233,96.18364615283065,-0.029153222222220165,0.029153222222220165,True,LEAVE_ONE_STUDY_OUT,10.1016/j.spmi.2017.10.031,TiOx_03,10.1016/j.spmi.2017.10.031,TiOx,8,6,5,False
TiOx_03,10.1016/j.spmi.2017.10.031,TiOx,80.0,1.9030899869919435,0,0,ANALOG,NOT_REPORTED,normalized_from_ratio,IDEALIZED_SINGLE_PAIR_ANALOG,IDEALIZED_ANALOG_MAPPING,32,7,127,0,2,8,203264,208,256,53248,96.24,-0.0099999999999909,96.2314679920635,0.013735569948208428,96.21773242211529,-0.008532007936494779,0.008532007936494779,True,LEAVE_ONE_STUDY_OUT,10.1016/j.spmi.2017.10.031,TiOx_03,10.1016/j.spmi.2017.10.031,TiOx,8,6,5,False
TiOx_03,10.1016/j.spmi.2017.10.031,TiOx,80.0,1.9030899869919435,0,0,ANALOG,NOT_REPORTED,normalized_from_ratio,IDEALIZED_SINGLE_PAIR_ANALOG,IDEALIZED_ANALOG_MAPPING,64,8,255,0,2,7,203264,56,128,7168,96.23,0.0,96.21591920634921,0.04688052913055004,96.16903867721867,-0.014080793650791179,0.014080793650791179,True,LEAVE_ONE_STUDY_OUT,10.1016/j.spmi.2017.10.031,TiOx_03,10.1016/j.spmi.2017.10.031,TiOx,8,6,5,False
TiOx_03,10.1016/j.spmi.2017.10.031,TiOx,80.0,1.9030899869919435,0,0,ANALOG,NOT_REPORTED,normalized_from_ratio,IDEALIZED_SINGLE_PAIR_ANALOG,IDEALIZED_ANALOG_MAPPING,64,8,255,0,2,8,203264,56,256,14336,96.23,0.0,96.21101206349206,0.017022617718685008,96.19398944577338,-0.018987936507940617,0.018987936507940617,True,LEAVE_ONE_STUDY_OUT,10.1016/j.spmi.2017.10.031,TiOx_03,10.1016/j.spmi.2017.10.031,TiOx,8,6,5,False
TiOx_03,10.1016/j.spmi.2017.10.031,TiOx,80.0,1.9030899869919435,0,0,ANALOG,NOT_REPORTED,normalized_from_ratio,IDEALIZED_SINGLE_PAIR_ANALOG,IDEALIZED_ANALOG_MAPPING,128,5,31,0,2,7,203264,16,128,2048,96.23,0.0,96.0827411031746,0.05707452850984129,96.02566657466475,-0.14725889682540583,0.14725889682540583,True,LEAVE_ONE_STUDY_OUT,10.1016/j.spmi.2017.10.031,TiOx_03,10.1016/j.spmi.2017.10.031,TiOx,8,6,5,False
TiOx_03,10.1016/j.spmi.2017.10.031,TiOx,80.0,1.9030899869919435,0,0,ANALOG,NOT_REPORTED,normalized_from_ratio,IDEALIZED_SINGLE_PAIR_ANALOG,IDEALIZED_ANALOG_MAPPING,32,7,127,0,2,9,203264,208,512,106496,96.23,0.0,96.23597302380952,0.013082777711033718,96.22289024609849,0.005973023809517031,0.005973023809517031,True,LEAVE_ONE_STUDY_OUT,10.1016/j.spmi.2017.10.031,TiOx_03,10.1016/j.spmi.2017.10.031,TiOx,8,6,5,False
TiOx_03,10.1016/j.spmi.2017.10.031,TiOx,80.0,1.9030899869919435,0,0,ANALOG,NOT_REPORTED,normalized_from_ratio,IDEALIZED_SINGLE_PAIR_ANALOG,IDEALIZED_ANALOG_MAPPING,128,8,255,0,2,9,203264,16,512,8192,96.23,0.0,96.21287473015875,0.012646998202406144,96.20022773195635,-0.017125269841258728,0.017125269841258728,True,LEAVE_ONE_STUDY_OUT,10.1016/j.spmi.2017.10.031,TiOx_03,10.1016/j.spmi.2017.10.031,TiOx,8,6,5,False
TiOx_03,10.1016/j.spmi.2017.10.031,TiOx,80.0,1.9030899869919435,0,0,ANALOG,NOT_REPORTED,normalized_from_ratio,IDEALIZED_SINGLE_PAIR_ANALOG,IDEALIZED_ANALOG_MAPPING,16,8,255,0,2,9,203264,800,512,409600,96.22,0.0100000000000051,96.2399219047619,0.014589223208869224,96.22533268155303,0.019921904761901033,0.019921904761901033,True,LEAVE_ONE_STUDY_OUT,10.1016/j.spmi.2017.10.031,TiOx_03,10.1016/j.spmi.2017.10.031,TiOx,8,6,5,False
TiOx_03,10.1016/j.spmi.2017.10.031,TiOx,80.0,1.9030899869919435,0,0,ANALOG,NOT_REPORTED,normalized_from_ratio,IDEALIZED_SINGLE_PAIR_ANALOG,IDEALIZED_ANALOG_MAPPING,16,7,127,0,2,7,203264,800,128,102400,96.22,0.0100000000000051,96.2408683095238,0.023894930076100974,96.21697337944771,0.020868309523805806,0.020868309523805806,True,LEAVE_ONE_STUDY_OUT,10.1016/j.spmi.2017.10.031,TiOx_03,10.1016/j.spmi.2017.10.031,TiOx,8,6,5,False
TiOx_03,10.1016/j.spmi.2017.10.031,TiOx,80.0,1.9030899869919435,0,0,ANALOG,NOT_REPORTED,normalized_from_ratio,IDEALIZED_SINGLE_PAIR_ANALOG,IDEALIZED_ANALOG_MAPPING,16,7,127,0,2,9,203264,800,512,409600,96.22,0.0100000000000051,96.22876606349207,0.01018287878694006,96.21858318470514,0.008766063492075205,0.008766063492075205,True,LEAVE_ONE_STUDY_OUT,10.1016/j.spmi.2017.10.031,TiOx_03,10.1016/j.spmi.2017.10.031,TiOx,8,6,5,False
TiOx_03,10.1016/j.spmi.2017.10.031,TiOx,80.0,1.9030899869919435,0,0,ANALOG,NOT_REPORTED,normalized_from_ratio,IDEALIZED_SINGLE_PAIR_ANALOG,IDEALIZED_ANALOG_MAPPING,128,6,63,0,2,7,203264,16,128,2048,96.22,0.0100000000000051,96.11115237301587,0.07437738756537163,96.03677498545049,-0.10884762698412942,0.10884762698412942,True,LEAVE_ONE_STUDY_OUT,10.1016/j.spmi.2017.10.031,TiOx_03,10.1016/j.spmi.2017.10.031,TiOx,8,6,5,False
TiOx_03,10.1016/j.spmi.2017.10.031,TiOx,80.0,1.9030899869919435,0,0,ANALOG,NOT_REPORTED,normalized_from_ratio,IDEALIZED_SINGLE_PAIR_ANALOG,IDEALIZED_ANALOG_MAPPING,64,7,127,0,2,10,203264,56,1024,57344,96.22,0.0100000000000051,96.22503409595959,0.016395602388456373,96.20863849357113,0.005034095959587148,0.005034095959587148,True,LEAVE_ONE_STUDY_OUT,10.1016/j.spmi.2017.10.031,TiOx_03,10.1016/j.spmi.2017.10.031,TiOx,8,6,5,False
TiOx_03,10.1016/j.spmi.2017.10.031,TiOx,80.0,1.9030899869919435,0,0,ANALOG,NOT_REPORTED,normalized_from_ratio,IDEALIZED_SINGLE_PAIR_ANALOG,IDEALIZED_ANALOG_MAPPING,128,8,255,0,2,10,203264,16,1024,16384,96.22,0.0100000000000051,96.21594796031745,0.013675965046899882,96.20227199527055,-0.004052039682548525,0.004052039682548525,True,LEAVE_ONE_STUDY_OUT,10.1016/j.spmi.2017.10.031,TiOx_03,10.1016/j.spmi.2017.10.031,TiOx,8,6,5,False
TiOx_03,10.1016/j.spmi.2017.10.031,TiOx,80.0,1.9030899869919435,0,0,ANALOG,NOT_REPORTED,normalized_from_ratio,IDEALIZED_SINGLE_PAIR_ANALOG,IDEALIZED_ANALOG_MAPPING,256,8,255,0,2,10,203264,10,1024,10240,96.22,0.0100000000000051,96.22870815873016,0.0185388125096822,96.21016934622047,0.008708158730158289,0.008708158730158289,True,LEAVE_ONE_STUDY_OUT,10.1016/j.spmi.2017.10.031,TiOx_03,10.1016/j.spmi.2017.10.031,TiOx,8,6,5,False
TiOx_03,10.1016/j.spmi.2017.10.031,TiOx,80.0,1.9030899869919435,0,0,ANALOG,NOT_REPORTED,normalized_from_ratio,IDEALIZED_SINGLE_PAIR_ANALOG,IDEALIZED_ANALOG_MAPPING,16,7,127,0,2,10,203264,800,1024,819200,96.22,0.0100000000000051,96.2203133023088,0.012621342366862775,96.20769195994194,0.00031330230879689225,0.00031330230879689225,True,LEAVE_ONE_STUDY_OUT,10.1016/j.spmi.2017.10.031,TiOx_03,10.1016/j.spmi.2017.10.031,TiOx,8,6,5,False
TiOx_03,10.1016/j.spmi.2017.10.031,TiOx,80.0,1.9030899869919435,0,0,ANALOG,NOT_REPORTED,normalized_from_ratio,IDEALIZED_SINGLE_PAIR_ANALOG,IDEALIZED_ANALOG_MAPPING,128,6,63,0,2,9,203264,16,512,8192,96.22,0.0100000000000051,96.24140685714285,0.0292727822752669,96.21213407486758,0.021406857142849844,0.021406857142849844,True,LEAVE_ONE_STUDY_OUT,10.1016/j.spmi.2017.10.031,TiOx_03,10.1016/j.spmi.2017.10.031,TiOx,8,6,5,False
TiOx_03,10.1016/j.spmi.2017.10.031,TiOx,80.0,1.9030899869919435,0,0,ANALOG,NOT_REPORTED,normalized_from_ratio,IDEALIZED_SINGLE_PAIR_ANALOG,IDEALIZED_ANALOG_MAPPING,256,7,127,0,2,10,203264,10,1024,10240,96.22,0.0100000000000051,96.22664208730158,0.013601576104660463,96.21304051119692,0.006642087301585775,0.006642087301585775,True,LEAVE_ONE_STUDY_OUT,10.1016/j.spmi.2017.10.031,TiOx_03,10.1016/j.spmi.2017.10.031,TiOx,8,6,5,False
TiOx_03,10.1016/j.spmi.2017.10.031,TiOx,80.0,1.9030899869919435,0,0,ANALOG,NOT_REPORTED,normalized_from_ratio,IDEALIZED_SINGLE_PAIR_ANALOG,IDEALIZED_ANALOG_MAPPING,128,7,127,0,2,8,203264,16,256,4096,96.21,0.0200000000000102,96.20797481746033,0.01826166835593243,96.18971314910439,-0.0020251825396684353,0.0020251825396684353,True,LEAVE_ONE_STUDY_OUT,10.1016/j.spmi.2017.10.031,TiOx_03,10.1016/j.spmi.2017.10.031,TiOx,8,6,5,False
TiOx_03,10.1016/j.spmi.2017.10.031,TiOx,80.0,1.9030899869919435,0,0,ANALOG,NOT_REPORTED,normalized_from_ratio,IDEALIZED_SINGLE_PAIR_ANALOG,IDEALIZED_ANALOG_MAPPING,32,7,127,0,2,10,203264,208,1024,212992,96.21,0.0200000000000102,96.22056871500722,0.014259738544761832,96.20630897646245,0.010568715007224228,0.010568715007224228,True,LEAVE_ONE_STUDY_OUT,10.1016/j.spmi.2017.10.031,TiOx_03,10.1016/j.spmi.2017.10.031,TiOx,8,6,5,False
TiOx_03,10.1016/j.spmi.2017.10.031,TiOx,80.0,1.9030899869919435,0,0,ANALOG,NOT_REPORTED,normalized_from_ratio,IDEALIZED_SINGLE_PAIR_ANALOG,IDEALIZED_ANALOG_MAPPING,64,7,127,0,2,9,203264,56,512,28672,96.21,0.0200000000000102,96.23589616666668,0.016867002990074237,96.21902916367661,0.025896166666683484,0.025896166666683484,True,LEAVE_ONE_STUDY_OUT,10.1016/j.spmi.2017.10.031,TiOx_03,10.1016/j.spmi.2017.10.031,TiOx,8,6,5,False
TiOx_03,10.1016/j.spmi.2017.10.031,TiOx,80.0,1.9030899869919435,0,0,ANALOG,NOT_REPORTED,normalized_from_ratio,IDEALIZED_SINGLE_PAIR_ANALOG,IDEALIZED_ANALOG_MAPPING,64,8,255,0,2,9,203264,56,512,28672,96.21,0.0200000000000102,96.2250199047619,0.01578090542200653,96.20923899933989,0.015019904761899738,0.015019904761899738,True,LEAVE_ONE_STUDY_OUT,10.1016/j.spmi.2017.10.031,TiOx_03,10.1016/j.spmi.2017.10.031,TiOx,8,6,5,False
TiOx_03,10.1016/j.spmi.2017.10.031,TiOx,80.0,1.9030899869919435,0,0,ANALOG,NOT_REPORTED,normalized_from_ratio,IDEALIZED_SINGLE_PAIR_ANALOG,IDEALIZED_ANALOG_MAPPING,16,7,127,0,2,5,203264,800,32,25600,96.2,0.0300000000000011,95.93539122222221,0.11245334724904271,95.82293787497316,-0.264608777777795,0.264608777777795,True,LEAVE_ONE_STUDY_OUT,10.1016/j.spmi.2017.10.031,TiOx_03,10.1016/j.spmi.2017.10.031,TiOx,8,6,5,False
TiOx_03,10.1016/j.spmi.2017.10.031,TiOx,80.0,1.9030899869919435,0,0,ANALOG,NOT_REPORTED,normalized_from_ratio,IDEALIZED_SINGLE_PAIR_ANALOG,IDEALIZED_ANALOG_MAPPING,16,6,63,0,2,6,203264,800,64,51200,96.2,0.0300000000000011,96.20769901587302,0.03761839708695279,96.17008061878606,0.007699015873015469,0.007699015873015469,True,LEAVE_ONE_STUDY_OUT,10.1016/j.spmi.2017.10.031,TiOx_03,10.1016/j.spmi.2017.10.031,TiOx,8,6,5,False
TiOx_03,10.1016/j.spmi.2017.10.031,TiOx,80.0,1.9030899869919435,0,0,ANALOG,NOT_REPORTED,normalized_from_ratio,IDEALIZED_SINGLE_PAIR_ANALOG,IDEALIZED_ANALOG_MAPPING,256,5,31,0,2,9,203264,10,512,5120,96.2,0.0300000000000011,96.14996246031747,0.015921831388923117,96.13404062892855,-0.05003753968253477,0.05003753968253477,True,LEAVE_ONE_STUDY_OUT,10.1016/j.spmi.2017.10.031,TiOx_03,10.1016/j.spmi.2017.10.031,TiOx,8,6,5,False
TiOx_03,10.1016/j.spmi.2017.10.031,TiOx,80.0,1.9030899869919435,0,0,ANALOG,NOT_REPORTED,normalized_from_ratio,IDEALIZED_SINGLE_PAIR_ANALOG,IDEALIZED_ANALOG_MAPPING,64,6,63,0,2,7,203264,56,128,7168,96.2,0.0300000000000011,96.2286213015873,0.044120630425030095,96.18450067116227,0.028621301587293146,0.028621301587293146,True,LEAVE_ONE_STUDY_OUT,10.1016/j.spmi.2017.10.031,TiOx_03,10.1016/j.spmi.2017.10.031,TiOx,8,6,5,False
TiOx_03,10.1016/j.spmi.2017.10.031,TiOx,80.0,1.9030899869919435,0,0,ANALOG,NOT_REPORTED,normalized_from_ratio,IDEALIZED_SINGLE_PAIR_ANALOG,IDEALIZED_ANALOG_MAPPING,128,7,127,0,2,9,203264,16,512,8192,96.2,0.0300000000000011,96.20781443650795,0.012667327064291174,96.19514710944365,0.007814436507942446,0.007814436507942446,True,LEAVE_ONE_STUDY_OUT,10.1016/j.spmi.2017.10.031,TiOx_03,10.1016/j.spmi.2017.10.031,TiOx,8,6,5,False
TiOx_03,10.1016/j.spmi.2017.10.031,TiOx,80.0,1.9030899869919435,0,0,ANALOG,NOT_REPORTED,normalized_from_ratio,IDEALIZED_SINGLE_PAIR_ANALOG,IDEALIZED_ANALOG_MAPPING,128,8,255,0,2,7,203264,16,128,2048,96.2,0.0300000000000011,96.11008428643578,0.07172622919187834,96.0383580572439,-0.08991571356422412,0.08991571356422412,True,LEAVE_ONE_STUDY_OUT,10.1016/j.spmi.2017.10.031,TiOx_03,10.1016/j.spmi.2017.10.031,TiOx,8,6,5,False
TiOx_03,10.1016/j.spmi.2017.10.031,TiOx,80.0,1.9030899869919435,0,0,ANALOG,NOT_REPORTED,normalized_from_ratio,IDEALIZED_SINGLE_PAIR_ANALOG,IDEALIZED_ANALOG_MAPPING,256,8,255,0,2,9,203264,10,512,5120,96.19,0.0400000000000062,96.22352262698413,0.013115690155828823,96.2104069368283,0.033522626984137105,0.033522626984137105,True,LEAVE_ONE_STUDY_OUT,10.1016/j.spmi.2017.10.031,TiOx_03,10.1016/j.spmi.2017.10.031,TiOx,8,6,5,False
TiOx_03,10.1016/j.spmi.2017.10.031,TiOx,80.0,1.9030899869919435,0,0,ANALOG,NOT_REPORTED,normalized_from_ratio,IDEALIZED_SINGLE_PAIR_ANALOG,IDEALIZED_ANALOG_MAPPING,256,6,63,0,2,7,203264,10,128,1280,96.19,0.0400000000000062,96.1381157063492,0.051476591413223624,96.08663911493598,-0.05188429365080083,0.05188429365080083,True,LEAVE_ONE_STUDY_OUT,10.1016/j.spmi.2017.10.031,TiOx_03,10.1016/j.spmi.2017.10.031,TiOx,8,6,5,False
TiOx_03,10.1016/j.spmi.2017.10.031,TiOx,80.0,1.9030899869919435,0,0,ANALOG,NOT_REPORTED,normalized_from_ratio,IDEALIZED_SINGLE_PAIR_ANALOG,IDEALIZED_ANALOG_MAPPING,32,7,127,0,2,6,203264,208,64,13312,96.18,0.0499999999999971,96.1653445952381,0.046716259847514124,96.11862833539058,-0.014655404761910518,0.014655404761910518,True,LEAVE_ONE_STUDY_OUT,10.1016/j.spmi.2017.10.031,TiOx_03,10.1016/j.spmi.2017.10.031,TiOx,8,6,5,False
TiOx_03,10.1016/j.spmi.2017.10.031,TiOx,80.0,1.9030899869919435,0,0,ANALOG,NOT_REPORTED,normalized_from_ratio,IDEALIZED_SINGLE_PAIR_ANALOG,IDEALIZED_ANALOG_MAPPING,16,8,255,0,2,6,203264,800,64,51200,96.18,0.0499999999999971,96.21074696031745,0.03620953770090807,96.17453742261654,0.03074696031744395,0.03074696031744395,True,LEAVE_ONE_STUDY_OUT,10.1016/j.spmi.2017.10.031,TiOx_03,10.1016/j.spmi.2017.10.031,TiOx,8,6,5,False
TiOx_03,10.1016/j.spmi.2017.10.031,TiOx,80.0,1.9030899869919435,0,0,ANALOG,NOT_REPORTED,normalized_from_ratio,IDEALIZED_SINGLE_PAIR_ANALOG,IDEALIZED_ANALOG_MAPPING,128,5,31,0,2,9,203264,16,512,8192,96.18,0.0499999999999971,96.15672573448772,0.022529668298573096,96.13419606618915,-0.023274265512284842,0.023274265512284842,True,LEAVE_ONE_STUDY_OUT,10.1016/j.spmi.2017.10.031,TiOx_03,10.1016/j.spmi.2017.10.031,TiOx,8,6,5,False
TiOx_03,10.1016/j.spmi.2017.10.031,TiOx,80.0,1.9030899869919435,0,0,ANALOG,NOT_REPORTED,normalized_from_ratio,IDEALIZED_SINGLE_PAIR_ANALOG,IDEALIZED_ANALOG_MAPPING,256,8,255,0,2,8,203264,10,256,2560,96.18,0.0499999999999971,96.22960279365078,0.016013507200691293,96.21358928645009,0.049602793650777244,0.049602793650777244,True,LEAVE_ONE_STUDY_OUT,10.1016/j.spmi.2017.10.031,TiOx_03,10.1016/j.spmi.2017.10.031,TiOx,8,6,5,False
TiOx_03,10.1016/j.spmi.2017.10.031,TiOx,80.0,1.9030899869919435,0,0,ANALOG,NOT_REPORTED,normalized_from_ratio,IDEALIZED_SINGLE_PAIR_ANALOG,IDEALIZED_ANALOG_MAPPING,16,5,31,0,2,7,203264,800,128,102400,96.17,0.0600000000000022,96.16379142857141,0.02961118148338027,96.13418024708804,-0.006208571428587106,0.006208571428587106,True,LEAVE_ONE_STUDY_OUT,10.1016/j.spmi.2017.10.031,TiOx_03,10.1016/j.spmi.2017.10.031,TiOx,8,6,5,False
TiOx_03,10.1016/j.spmi.2017.10.031,TiOx,80.0,1.9030899869919435,0,0,ANALOG,NOT_REPORTED,normalized_from_ratio,IDEALIZED_SINGLE_PAIR_ANALOG,IDEALIZED_ANALOG_MAPPING,32,8,255,0,2,8,203264,208,256,53248,96.17,0.0600000000000022,96.21929325396826,0.022477280064412245,96.19681597390385,0.049293253968258455,0.049293253968258455,True,LEAVE_ONE_STUDY_OUT,10.1016/j.spmi.2017.10.031,TiOx_03,10.1016/j.spmi.2017.10.031,TiOx,8,6,5,False
TiOx_03,10.1016/j.spmi.2017.10.031,TiOx,80.0,1.9030899869919435,0,0,ANALOG,NOT_REPORTED,normalized_from_ratio,IDEALIZED_SINGLE_PAIR_ANALOG,IDEALIZED_ANALOG_MAPPING,256,7,127,0,2,9,203264,10,512,5120,96.17,0.0600000000000022,96.22756623809525,0.012679575343685794,96.21488666275157,0.05756623809524797,0.05756623809524797,True,LEAVE_ONE_STUDY_OUT,10.1016/j.spmi.2017.10.031,TiOx_03,10.1016/j.spmi.2017.10.031,TiOx,8,6,5,False
TiOx_03,10.1016/j.spmi.2017.10.031,TiOx,80.0,1.9030899869919435,0,0,ANALOG,NOT_REPORTED,normalized_from_ratio,IDEALIZED_SINGLE_PAIR_ANALOG,IDEALIZED_ANALOG_MAPPING,64,7,127,0,2,8,203264,56,256,14336,96.17,0.0600000000000022,96.22214130158731,0.015189906908344784,96.20695139467897,0.05214130158731223,0.05214130158731223,True,LEAVE_ONE_STUDY_OUT,10.1016/j.spmi.2017.10.031,TiOx_03,10.1016/j.spmi.2017.10.031,TiOx,8,6,5,False
TiOx_03,10.1016/j.spmi.2017.10.031,TiOx,80.0,1.9030899869919435,0,0,ANALOG,NOT_REPORTED,normalized_from_ratio,IDEALIZED_SINGLE_PAIR_ANALOG,IDEALIZED_ANALOG_MAPPING,16,5,31,0,2,9,203264,800,512,409600,96.17,0.0600000000000022,96.15319371428572,0.01964061051486536,96.13355310377085,-0.016806285714281444,0.016806285714281444,True,LEAVE_ONE_STUDY_OUT,10.1016/j.spmi.2017.10.031,TiOx_03,10.1016/j.spmi.2017.10.031,TiOx,8,6,5,False
TiOx_03,10.1016/j.spmi.2017.10.031,TiOx,80.0,1.9030899869919435,0,0,ANALOG,NOT_REPORTED,normalized_from_ratio,IDEALIZED_SINGLE_PAIR_ANALOG,IDEALIZED_ANALOG_MAPPING,256,6,63,0,2,9,203264,10,512,5120,96.17,0.0600000000000022,96.22463914285714,0.038785757472302014,96.18585338538485,0.05463914285714111,0.05463914285714111,True,LEAVE_ONE_STUDY_OUT,10.1016/j.spmi.2017.10.031,TiOx_03,10.1016/j.spmi.2017.10.031,TiOx,8,6,5,False
TiOx_03,10.1016/j.spmi.2017.10.031,TiOx,80.0,1.9030899869919435,0,0,ANALOG,NOT_REPORTED,normalized_from_ratio,IDEALIZED_SINGLE_PAIR_ANALOG,IDEALIZED_ANALOG_MAPPING,128,8,255,0,2,8,203264,16,256,4096,96.17,0.0600000000000022,96.21640285714287,0.01753106194602096,96.19887179519685,0.04640285714286563,0.04640285714286563,True,LEAVE_ONE_STUDY_OUT,10.1016/j.spmi.2017.10.031,TiOx_03,10.1016/j.spmi.2017.10.031,TiOx,8,6,5,False
TiOx_03,10.1016/j.spmi.2017.10.031,TiOx,80.0,1.9030899869919435,0,0,ANALOG,NOT_REPORTED,normalized_from_ratio,IDEALIZED_SINGLE_PAIR_ANALOG,IDEALIZED_ANALOG_MAPPING,64,5,31,0,2,9,203264,56,512,28672,96.16,0.0700000000000073,96.15172229004328,0.018498033134972034,96.1332242569083,-0.008277709956715285,0.008277709956715285,True,LEAVE_ONE_STUDY_OUT,10.1016/j.spmi.2017.10.031,TiOx_03,10.1016/j.spmi.2017.10.031,TiOx,8,6,5,False
TiOx_03,10.1016/j.spmi.2017.10.031,TiOx,80.0,1.9030899869919435,0,0,ANALOG,NOT_REPORTED,normalized_from_ratio,IDEALIZED_SINGLE_PAIR_ANALOG,IDEALIZED_ANALOG_MAPPING,16,4,15,0,2,7,203264,800,128,102400,96.16,0.0700000000000073,96.06161979365078,0.03924652752892807,96.02237326612185,-0.09838020634921918,0.09838020634921918,True,LEAVE_ONE_STUDY_OUT,10.1016/j.spmi.2017.10.031,TiOx_03,10.1016/j.spmi.2017.10.031,TiOx,8,6,5,False
TiOx_03,10.1016/j.spmi.2017.10.031,TiOx,80.0,1.9030899869919435,0,0,ANALOG,NOT_REPORTED,normalized_from_ratio,IDEALIZED_SINGLE_PAIR_ANALOG,IDEALIZED_ANALOG_MAPPING,32,5,31,0,2,7,203264,208,128,26624,96.16,0.0700000000000073,96.17218592857145,0.0225883548846414,96.1495975736868,0.012185928571454951,0.012185928571454951,True,LEAVE_ONE_STUDY_OUT,10.1016/j.spmi.2017.10.031,TiOx_03,10.1016/j.spmi.2017.10.031,TiOx,8,6,5,False
TiOx_03,10.1016/j.spmi.2017.10.031,TiOx,80.0,1.9030899869919435,0,0,ANALOG,NOT_REPORTED,normalized_from_ratio,IDEALIZED_SINGLE_PAIR_ANALOG,IDEALIZED_ANALOG_MAPPING,128,5,31,0,2,10,203264,16,1024,16384,96.15,0.0799999999999983,96.14844801587302,0.022650866960412838,96.1257971489126,-0.0015519841269906465,0.0015519841269906465,True,LEAVE_ONE_STUDY_OUT,10.1016/j.spmi.2017.10.031,TiOx_03,10.1016/j.spmi.2017.10.031,TiOx,8,6,5,False
TiOx_03,10.1016/j.spmi.2017.10.031,TiOx,80.0,1.9030899869919435,0,0,ANALOG,NOT_REPORTED,normalized_from_ratio,IDEALIZED_SINGLE_PAIR_ANALOG,IDEALIZED_ANALOG_MAPPING,256,7,127,0,2,7,203264,10,128,1280,96.15,0.0799999999999983,96.13610607215007,0.05063314465971405,96.08547292749036,-0.01389392784993504,0.01389392784993504,True,LEAVE_ONE_STUDY_OUT,10.1016/j.spmi.2017.10.031,TiOx_03,10.1016/j.spmi.2017.10.031,TiOx,8,6,5,False
TiOx_03,10.1016/j.spmi.2017.10.031,TiOx,80.0,1.9030899869919435,0,0,ANALOG,NOT_REPORTED,normalized_from_ratio,IDEALIZED_SINGLE_PAIR_ANALOG,IDEALIZED_ANALOG_MAPPING,64,5,31,0,2,6,203264,56,64,3584,96.15,0.0799999999999983,96.03425584126984,0.06214055537810193,95.97211528589173,-0.11574415873016619,0.11574415873016619,True,LEAVE_ONE_STUDY_OUT,10.1016/j.spmi.2017.10.031,TiOx_03,10.1016/j.spmi.2017.10.031,TiOx,8,6,5,False
TiOx_03,10.1016/j.spmi.2017.10.031,TiOx,80.0,1.9030899869919435,0,0,ANALOG,NOT_REPORTED,normalized_from_ratio,IDEALIZED_SINGLE_PAIR_ANALOG,IDEALIZED_ANALOG_MAPPING,64,6,63,0,2,6,203264,56,64,3584,96.14,0.0900000000000034,96.05289849206348,0.06901211208512213,95.98388637997836,-0.0871015079365236,0.0871015079365236,True,LEAVE_ONE_STUDY_OUT,10.1016/j.spmi.2017.10.031,TiOx_03,10.1016/j.spmi.2017.10.031,TiOx,8,6,5,False
TiOx_03,10.1016/j.spmi.2017.10.031,TiOx,80.0,1.9030899869919435,0,0,ANALOG,NOT_REPORTED,normalized_from_ratio,IDEALIZED_SINGLE_PAIR_ANALOG,IDEALIZED_ANALOG_MAPPING,128,7,127,0,2,7,203264,16,128,2048,96.14,0.0900000000000034,96.11122311976914,0.0723702392151976,96.03885288055393,-0.028776880230864776,0.028776880230864776,True,LEAVE_ONE_STUDY_OUT,10.1016/j.spmi.2017.10.031,TiOx_03,10.1016/j.spmi.2017.10.031,TiOx,8,6,5,False
TiOx_03,10.1016/j.spmi.2017.10.031,TiOx,80.0,1.9030899869919435,0,0,ANALOG,NOT_REPORTED,normalized_from_ratio,IDEALIZED_SINGLE_PAIR_ANALOG,IDEALIZED_ANALOG_MAPPING,16,7,127,0,2,6,203264,800,64,51200,96.14,0.0900000000000034,96.2089841031746,0.035585579895723696,96.17339852327888,0.06898410317459991,0.06898410317459991,True,LEAVE_ONE_STUDY_OUT,10.1016/j.spmi.2017.10.031,TiOx_03,10.1016/j.spmi.2017.10.031,TiOx,8,6,5,False
TiOx_03,10.1016/j.spmi.2017.10.031,TiOx,80.0,1.9030899869919435,0,0,ANALOG,NOT_REPORTED,normalized_from_ratio,IDEALIZED_SINGLE_PAIR_ANALOG,IDEALIZED_ANALOG_MAPPING,32,5,31,0,2,9,203264,208,512,106496,96.13,0.1000000000000085,96.15597438095239,0.01687375643739016,96.139100624515,0.02597438095239113,0.02597438095239113,True,LEAVE_ONE_STUDY_OUT,10.1016/j.spmi.2017.10.031,TiOx_03,10.1016/j.spmi.2017.10.031,TiOx,8,6,5,False
TiOx_03,10.1016/j.spmi.2017.10.031,TiOx,80.0,1.9030899869919435,0,0,ANALOG,NOT_REPORTED,normalized_from_ratio,IDEALIZED_SINGLE_PAIR_ANALOG,IDEALIZED_ANALOG_MAPPING,256,5,31,0,2,10,203264,10,1024,10240,96.13,0.1000000000000085,96.14804074603174,0.014825699891058298,96.13321504614068,0.018040746031743993,0.018040746031743993,True,LEAVE_ONE_STUDY_OUT,10.1016/j.spmi.2017.10.031,TiOx_03,10.1016/j.spmi.2017.10.031,TiOx,8,6,5,False
TiOx_03,10.1016/j.spmi.2017.10.031,TiOx,80.0,1.9030899869919435,0,0,ANALOG,NOT_REPORTED,normalized_from_ratio,IDEALIZED_SINGLE_PAIR_ANALOG,IDEALIZED_ANALOG_MAPPING,16,5,31,0,2,10,203264,800,1024,819200,96.13,0.1000000000000085,96.13321646825398,0.016260781664832705,96.11695568658915,0.003216468253981475,0.003216468253981475,True,LEAVE_ONE_STUDY_OUT,10.1016/j.spmi.2017.10.031,TiOx_03,10.1016/j.spmi.2017.10.031,TiOx,8,6,5,False
TiOx_03,10.1016/j.spmi.2017.10.031,TiOx,80.0,1.9030899869919435,0,0,ANALOG,NOT_REPORTED,normalized_from_ratio,IDEALIZED_SINGLE_PAIR_ANALOG,IDEALIZED_ANALOG_MAPPING,16,8,255,0,2,5,203264,800,32,25600,96.13,0.1000000000000085,95.94741473015873,0.11750367775916731,95.82991105239955,-0.18258526984126888,0.18258526984126888,True,LEAVE_ONE_STUDY_OUT,10.1016/j.spmi.2017.10.031,TiOx_03,10.1016/j.spmi.2017.10.031,TiOx,8,6,5,False
TiOx_03,10.1016/j.spmi.2017.10.031,TiOx,80.0,1.9030899869919435,0,0,ANALOG,NOT_REPORTED,normalized_from_ratio,IDEALIZED_SINGLE_PAIR_ANALOG,IDEALIZED_ANALOG_MAPPING,32,5,31,0,2,8,203264,208,256,53248,96.13,0.1000000000000085,96.16501004761906,0.02601727997537122,96.13899276764369,0.035010047619067564,0.035010047619067564,True,LEAVE_ONE_STUDY_OUT,10.1016/j.spmi.2017.10.031,TiOx_03,10.1016/j.spmi.2017.10.031,TiOx,8,6,5,False
TiOx_03,10.1016/j.spmi.2017.10.031,TiOx,80.0,1.9030899869919435,0,0,ANALOG,NOT_REPORTED,normalized_from_ratio,IDEALIZED_SINGLE_PAIR_ANALOG,IDEALIZED_ANALOG_MAPPING,256,8,255,0,2,7,203264,10,128,1280,96.12,0.1099999999999994,96.1336475959596,0.04971768128104761,96.08392991467855,0.01364759595959697,0.01364759595959697,True,LEAVE_ONE_STUDY_OUT,10.1016/j.spmi.2017.10.031,TiOx_03,10.1016/j.spmi.2017.10.031,TiOx,8,6,5,False
TiOx_03,10.1016/j.spmi.2017.10.031,TiOx,80.0,1.9030899869919435,0,0,ANALOG,NOT_REPORTED,normalized_from_ratio,IDEALIZED_SINGLE_PAIR_ANALOG,IDEALIZED_ANALOG_MAPPING,64,5,31,0,2,10,203264,56,1024,57344,96.12,0.1099999999999994,96.1468724920635,0.016793671096804463,96.13007882096669,0.026872492063489517,0.026872492063489517,True,LEAVE_ONE_STUDY_OUT,10.1016/j.spmi.2017.10.031,TiOx_03,10.1016/j.spmi.2017.10.031,TiOx,8,6,5,False
TiOx_03,10.1016/j.spmi.2017.10.031,TiOx,80.0,1.9030899869919435,0,0,ANALOG,NOT_REPORTED,normalized_from_ratio,IDEALIZED_SINGLE_PAIR_ANALOG,IDEALIZED_ANALOG_MAPPING,64,4,15,0,2,9,203264,56,512,28672,96.12,0.1099999999999994,96.05278064285713,0.017808984290351486,96.03497165856677,-0.06721935714287497,0.06721935714287497,True,LEAVE_ONE_STUDY_OUT,10.1016/j.spmi.2017.10.031,TiOx_03,10.1016/j.spmi.2017.10.031,TiOx,8,6,5,False
TiOx_03,10.1016/j.spmi.2017.10.031,TiOx,80.0,1.9030899869919435,0,0,ANALOG,NOT_REPORTED,normalized_from_ratio,IDEALIZED_SINGLE_PAIR_ANALOG,IDEALIZED_ANALOG_MAPPING,16,5,31,0,2,8,203264,800,256,204800,96.12,0.1099999999999994,96.14794684920635,0.02159827219473027,96.12634857701161,0.027946849206344382,0.027946849206344382,True,LEAVE_ONE_STUDY_OUT,10.1016/j.spmi.2017.10.031,TiOx_03,10.1016/j.spmi.2017.10.031,TiOx,8,6,5,False
TiOx_03,10.1016/j.spmi.2017.10.031,TiOx,80.0,1.9030899869919435,0,0,ANALOG,NOT_REPORTED,normalized_from_ratio,IDEALIZED_SINGLE_PAIR_ANALOG,IDEALIZED_ANALOG_MAPPING,16,6,63,0,2,5,203264,800,32,25600,96.12,0.1099999999999994,95.9505881984127,0.09639964574616804,95.85418855266653,-0.16941180158730162,0.16941180158730162,True,LEAVE_ONE_STUDY_OUT,10.1016/j.spmi.2017.10.031,TiOx_03,10.1016/j.spmi.2017.10.031,TiOx,8,6,5,False
TiOx_03,10.1016/j.spmi.2017.10.031,TiOx,80.0,1.9030899869919435,0,0,ANALOG,NOT_REPORTED,normalized_from_ratio,IDEALIZED_SINGLE_PAIR_ANALOG,IDEALIZED_ANALOG_MAPPING,16,5,31,0,2,6,203264,800,64,51200,96.12,0.1099999999999994,96.10632526984126,0.05195660183544515,96.05436866800582,-0.013674730158740545,0.013674730158740545,True,LEAVE_ONE_STUDY_OUT,10.1016/j.spmi.2017.10.031,TiOx_03,10.1016/j.spmi.2017.10.031,TiOx,8,6,5,False
TiOx_03,10.1016/j.spmi.2017.10.031,TiOx,80.0,1.9030899869919435,0,0,ANALOG,NOT_REPORTED,normalized_from_ratio,IDEALIZED_SINGLE_PAIR_ANALOG,IDEALIZED_ANALOG_MAPPING,32,5,31,0,2,10,203264,208,1024,212992,96.12,0.1099999999999994,96.1350633968254,0.01389901432668785,96.12116438249872,0.015063396825397035,0.015063396825397035,True,LEAVE_ONE_STUDY_OUT,10.1016/j.spmi.2017.10.031,TiOx_03,10.1016/j.spmi.2017.10.031,TiOx,8,6,5,False
TiOx_03,10.1016/j.spmi.2017.10.031,TiOx,80.0,1.9030899869919435,0,0,ANALOG,NOT_REPORTED,normalized_from_ratio,IDEALIZED_SINGLE_PAIR_ANALOG,IDEALIZED_ANALOG_MAPPING,128,5,31,0,2,8,203264,16,256,4096,96.12,0.1099999999999994,96.17338124242426,0.021668724058493242,96.15171251836576,0.05338124242425124,0.05338124242425124,True,LEAVE_ONE_STUDY_OUT,10.1016/j.spmi.2017.10.031,TiOx_03,10.1016/j.spmi.2017.10.031,TiOx,8,6,5,False
TiOx_03,10.1016/j.spmi.2017.10.031,TiOx,80.0,1.9030899869919435,0,0,ANALOG,NOT_REPORTED,normalized_from_ratio,IDEALIZED_SINGLE_PAIR_ANALOG,IDEALIZED_ANALOG_MAPPING,64,7,127,0,2,6,203264,56,64,3584,96.11,0.1200000000000045,96.00140934126985,0.0827076455736117,95.91870169569624,-0.10859065873015084,0.10859065873015084,True,LEAVE_ONE_STUDY_OUT,10.1016/j.spmi.2017.10.031,TiOx_03,10.1016/j.spmi.2017.10.031,TiOx,8,6,5,False
TiOx_03,10.1016/j.spmi.2017.10.031,TiOx,80.0,1.9030899869919435,0,0,ANALOG,NOT_REPORTED,normalized_from_ratio,IDEALIZED_SINGLE_PAIR_ANALOG,IDEALIZED_ANALOG_MAPPING,64,4,15,0,2,7,203264,56,128,7168,96.09,0.1400000000000005,96.06679834920635,0.04476377436226892,96.02203457484408,-0.023201650793652107,0.023201650793652107,True,LEAVE_ONE_STUDY_OUT,10.1016/j.spmi.2017.10.031,TiOx_03,10.1016/j.spmi.2017.10.031,TiOx,8,6,5,False
TiOx_03,10.1016/j.spmi.2017.10.031,TiOx,80.0,1.9030899869919435,0,0,ANALOG,NOT_REPORTED,normalized_from_ratio,IDEALIZED_SINGLE_PAIR_ANALOG,IDEALIZED_ANALOG_MAPPING,256,5,31,0,2,7,203264,10,128,1280,96.09,0.1400000000000005,96.08637376984127,0.05466836885796977,96.0317054009833,-0.0036262301587299817,0.0036262301587299817,True,LEAVE_ONE_STUDY_OUT,10.1016/j.spmi.2017.10.031,TiOx_03,10.1016/j.spmi.2017.10.031,TiOx,8,6,5,False
TiOx_03,10.1016/j.spmi.2017.10.031,TiOx,80.0,1.9030899869919435,0,0,ANALOG,NOT_REPORTED,normalized_from_ratio,IDEALIZED_SINGLE_PAIR_ANALOG,IDEALIZED_ANALOG_MAPPING,32,7,127,0,2,5,203264,208,32,6656,96.09,0.1400000000000005,95.74237251587303,0.12527433382877537,95.61709818204426,-0.3476274841269742,0.3476274841269742,True,LEAVE_ONE_STUDY_OUT,10.1016/j.spmi.2017.10.031,TiOx_03,10.1016/j.spmi.2017.10.031,TiOx,8,6,5,False
TiOx_03,10.1016/j.spmi.2017.10.031,TiOx,80.0,1.9030899869919435,0,0,ANALOG,NOT_REPORTED,normalized_from_ratio,IDEALIZED_SINGLE_PAIR_ANALOG,IDEALIZED_ANALOG_MAPPING,16,4,15,0,2,9,203264,800,512,409600,96.09,0.1400000000000005,96.06092567388167,0.012477797876019736,96.04844787600565,-0.029074326118333715,0.029074326118333715,True,LEAVE_ONE_STUDY_OUT,10.1016/j.spmi.2017.10.031,TiOx_03,10.1016/j.spmi.2017.10.031,TiOx,8,6,5,False
TiOx_03,10.1016/j.spmi.2017.10.031,TiOx,80.0,1.9030899869919435,0,0,ANALOG,NOT_REPORTED,normalized_from_ratio,IDEALIZED_SINGLE_PAIR_ANALOG,IDEALIZED_ANALOG_MAPPING,64,8,255,0,2,6,203264,56,64,3584,96.09,0.1400000000000005,95.99682273809525,0.08261810866457114,95.91420462943067,-0.09317726190475639,0.09317726190475639,True,LEAVE_ONE_STUDY_OUT,10.1016/j.spmi.2017.10.031,TiOx_03,10.1016/j.spmi.2017.10.031,TiOx,8,6,5,False
TiOx_03,10.1016/j.spmi.2017.10.031,TiOx,80.0,1.9030899869919435,0,0,ANALOG,NOT_REPORTED,normalized_from_ratio,IDEALIZED_SINGLE_PAIR_ANALOG,IDEALIZED_ANALOG_MAPPING,32,4,15,0,2,9,203264,208,512,106496,96.08,0.1500000000000056,96.04858643650793,0.01560927936451549,96.03297715714342,-0.03141356349206603,0.03141356349206603,True,LEAVE_ONE_STUDY_OUT,10.1016/j.spmi.2017.10.031,TiOx_03,10.1016/j.spmi.2017.10.031,TiOx,8,6,5,False
TiOx_03,10.1016/j.spmi.2017.10.031,TiOx,80.0,1.9030899869919435,0,0,ANALOG,NOT_REPORTED,normalized_from_ratio,IDEALIZED_SINGLE_PAIR_ANALOG,IDEALIZED_ANALOG_MAPPING,256,4,15,0,2,10,203264,10,1024,10240,96.08,0.1500000000000056,96.06779780952381,0.020041908649778718,96.04775590087404,-0.01220219047618798,0.01220219047618798,True,LEAVE_ONE_STUDY_OUT,10.1016/j.spmi.2017.10.031,TiOx_03,10.1016/j.spmi.2017.10.031,TiOx,8,6,5,False
TiOx_03,10.1016/j.spmi.2017.10.031,TiOx,80.0,1.9030899869919435,0,0,ANALOG,NOT_REPORTED,normalized_from_ratio,IDEALIZED_SINGLE_PAIR_ANALOG,IDEALIZED_ANALOG_MAPPING,256,5,31,0,2,8,203264,10,256,2560,96.08,0.1500000000000056,96.14402668253967,0.027885121341754707,96.11614156119792,0.06402668253967647,0.06402668253967647,True,LEAVE_ONE_STUDY_OUT,10.1016/j.spmi.2017.10.031,TiOx_03,10.1016/j.spmi.2017.10.031,TiOx,8,6,5,False
TiOx_03,10.1016/j.spmi.2017.10.031,TiOx,80.0,1.9030899869919435,0,0,ANALOG,NOT_REPORTED,normalized_from_ratio,IDEALIZED_SINGLE_PAIR_ANALOG,IDEALIZED_ANALOG_MAPPING,64,4,15,0,2,10,203264,56,1024,57344,96.07,0.1600000000000108,96.0554924920635,0.011150328889324318,96.04434216317416,-0.01450750793650002,0.01450750793650002,True,LEAVE_ONE_STUDY_OUT,10.1016/j.spmi.2017.10.031,TiOx_03,10.1016/j.spmi.2017.10.031,TiOx,8,6,5,False
TiOx_03,10.1016/j.spmi.2017.10.031,TiOx,80.0,1.9030899869919435,0,0,ANALOG,NOT_REPORTED,normalized_from_ratio,IDEALIZED_SINGLE_PAIR_ANALOG,IDEALIZED_ANALOG_MAPPING,128,4,15,0,2,10,203264,16,1024,16384,96.07,0.1600000000000108,96.06555965079365,0.014900870716448971,96.0506587800772,-0.00444034920634806,0.00444034920634806,True,LEAVE_ONE_STUDY_OUT,10.1016/j.spmi.2017.10.031,TiOx_03,10.1016/j.spmi.2017.10.031,TiOx,8,6,5,False
TiOx_03,10.1016/j.spmi.2017.10.031,TiOx,80.0,1.9030899869919435,0,0,ANALOG,NOT_REPORTED,normalized_from_ratio,IDEALIZED_SINGLE_PAIR_ANALOG,IDEALIZED_ANALOG_MAPPING,16,4,15,0,2,10,203264,800,1024,819200,96.07,0.1600000000000108,96.0594376024531,0.008775321507600745,96.0506622809455,-0.010562397546891589,0.010562397546891589,True,LEAVE_ONE_STUDY_OUT,10.1016/j.spmi.2017.10.031,TiOx_03,10.1016/j.spmi.2017.10.031,TiOx,8,6,5,False
TiOx_03,10.1016/j.spmi.2017.10.031,TiOx,80.0,1.9030899869919435,0,0,ANALOG,NOT_REPORTED,normalized_from_ratio,IDEALIZED_SINGLE_PAIR_ANALOG,IDEALIZED_ANALOG_MAPPING,32,4,15,0,2,7,203264,208,128,26624,96.06,0.1700000000000017,96.07410812698413,0.04534462515968168,96.02876350182444,0.014108126984126557,0.014108126984126557,True,LEAVE_ONE_STUDY_OUT,10.1016/j.spmi.2017.10.031,TiOx_03,10.1016/j.spmi.2017.10.031,TiOx,8,6,5,False
TiOx_03,10.1016/j.spmi.2017.10.031,TiOx,80.0,1.9030899869919435,0,0,ANALOG,NOT_REPORTED,normalized_from_ratio,IDEALIZED_SINGLE_PAIR_ANALOG,IDEALIZED_ANALOG_MAPPING,64,4,15,0,2,8,203264,56,256,14336,96.05,0.1800000000000068,96.0639011031746,0.02152352323501229,96.04237757993958,0.01390110317460369,0.01390110317460369,True,LEAVE_ONE_STUDY_OUT,10.1016/j.spmi.2017.10.031,TiOx_03,10.1016/j.spmi.2017.10.031,TiOx,8,6,5,False
TiOx_03,10.1016/j.spmi.2017.10.031,TiOx,80.0,1.9030899869919435,0,0,ANALOG,NOT_REPORTED,normalized_from_ratio,IDEALIZED_SINGLE_PAIR_ANALOG,IDEALIZED_ANALOG_MAPPING,32,5,31,0,2,6,203264,208,64,13312,96.05,0.1800000000000068,96.08827903968253,0.05435483332257536,96.03392420635996,0.038279039682535654,0.038279039682535654,True,LEAVE_ONE_STUDY_OUT,10.1016/j.spmi.2017.10.031,TiOx_03,10.1016/j.spmi.2017.10.031,TiOx,8,6,5,False
TiOx_03,10.1016/j.spmi.2017.10.031,TiOx,80.0,1.9030899869919435,0,0,ANALOG,NOT_REPORTED,normalized_from_ratio,IDEALIZED_SINGLE_PAIR_ANALOG,IDEALIZED_ANALOG_MAPPING,32,4,15,0,2,8,203264,208,256,53248,96.05,0.1800000000000068,96.07067576190474,0.01795361691531604,96.05272214498942,0.020675761904740853,0.020675761904740853,True,LEAVE_ONE_STUDY_OUT,10.1016/j.spmi.2017.10.031,TiOx_03,10.1016/j.spmi.2017.10.031,TiOx,8,6,5,False
TiOx_03,10.1016/j.spmi.2017.10.031,TiOx,80.0,1.9030899869919435,0,0,ANALOG,NOT_REPORTED,normalized_from_ratio,IDEALIZED_SINGLE_PAIR_ANALOG,IDEALIZED_ANALOG_MAPPING,16,4,15,0,2,6,203264,800,64,51200,96.04,0.1899999999999977,96.03100154761904,0.0389996324123689,95.99200191520667,-0.00899845238096475,0.00899845238096475,True,LEAVE_ONE_STUDY_OUT,10.1016/j.spmi.2017.10.031,TiOx_03,10.1016/j.spmi.2017.10.031,TiOx,8,6,5,False
TiOx_03,10.1016/j.spmi.2017.10.031,TiOx,80.0,1.9030899869919435,0,0,ANALOG,NOT_REPORTED,normalized_from_ratio,IDEALIZED_SINGLE_PAIR_ANALOG,IDEALIZED_ANALOG_MAPPING,32,4,15,0,2,10,203264,208,1024,212992,96.04,0.1899999999999977,96.05201713492063,0.010815421799521925,96.04120171312111,0.01201713492062595,0.01201713492062595,True,LEAVE_ONE_STUDY_OUT,10.1016/j.spmi.2017.10.031,TiOx_03,10.1016/j.spmi.2017.10.031,TiOx,8,6,5,False
TiOx_03,10.1016/j.spmi.2017.10.031,TiOx,80.0,1.9030899869919435,0,0,ANALOG,NOT_REPORTED,normalized_from_ratio,IDEALIZED_SINGLE_PAIR_ANALOG,IDEALIZED_ANALOG_MAPPING,16,4,15,0,2,8,203264,800,256,204800,96.04,0.1899999999999977,96.06930930158728,0.013932938698854076,96.05537636288842,0.029309301587275627,0.029309301587275627,True,LEAVE_ONE_STUDY_OUT,10.1016/j.spmi.2017.10.031,TiOx_03,10.1016/j.spmi.2017.10.031,TiOx,8,6,5,False
TiOx_03,10.1016/j.spmi.2017.10.031,TiOx,80.0,1.9030899869919435,0,0,ANALOG,NOT_REPORTED,normalized_from_ratio,IDEALIZED_SINGLE_PAIR_ANALOG,IDEALIZED_ANALOG_MAPPING,256,4,15,0,2,9,203264,10,512,5120,96.03,0.2000000000000028,96.0770020079365,0.020994779160808122,96.0560072287757,0.04700200793649856,0.04700200793649856,True,LEAVE_ONE_STUDY_OUT,10.1016/j.spmi.2017.10.031,TiOx_03,10.1016/j.spmi.2017.10.031,TiOx,8,6,5,False
TiOx_03,10.1016/j.spmi.2017.10.031,TiOx,80.0,1.9030899869919435,0,0,ANALOG,NOT_REPORTED,normalized_from_ratio,IDEALIZED_SINGLE_PAIR_ANALOG,IDEALIZED_ANALOG_MAPPING,256,4,15,0,2,8,203264,10,256,2560,96.03,0.2000000000000028,96.10013893722943,0.02943980742463112,96.0706991298048,0.0701389372294301,0.0701389372294301,True,LEAVE_ONE_STUDY_OUT,10.1016/j.spmi.2017.10.031,TiOx_03,10.1016/j.spmi.2017.10.031,TiOx,8,6,5,False
TiOx_03,10.1016/j.spmi.2017.10.031,TiOx,80.0,1.9030899869919435,0,0,ANALOG,NOT_REPORTED,normalized_from_ratio,IDEALIZED_SINGLE_PAIR_ANALOG,IDEALIZED_ANALOG_MAPPING,128,4,15,0,2,7,203264,16,128,2048,96.03,0.2000000000000028,96.03165797619047,0.03226931039838034,95.9993886657921,0.0016579761904722545,0.0016579761904722545,True,LEAVE_ONE_STUDY_OUT,10.1016/j.spmi.2017.10.031,TiOx_03,10.1016/j.spmi.2017.10.031,TiOx,8,6,5,False
TiOx_03,10.1016/j.spmi.2017.10.031,TiOx,80.0,1.9030899869919435,0,0,ANALOG,NOT_REPORTED,normalized_from_ratio,IDEALIZED_SINGLE_PAIR_ANALOG,IDEALIZED_ANALOG_MAPPING,128,4,15,0,2,9,203264,16,512,8192,96.03,0.2000000000000028,96.06874753968253,0.01805907146586551,96.05068846821666,0.038747539682532306,0.038747539682532306,True,LEAVE_ONE_STUDY_OUT,10.1016/j.spmi.2017.10.031,TiOx_03,10.1016/j.spmi.2017.10.031,TiOx,8,6,5,False
TiOx_03,10.1016/j.spmi.2017.10.031,TiOx,80.0,1.9030899869919435,0,0,ANALOG,NOT_REPORTED,normalized_from_ratio,IDEALIZED_SINGLE_PAIR_ANALOG,IDEALIZED_ANALOG_MAPPING,128,5,31,0,2,6,203264,16,64,1024,96.02,0.2100000000000079,95.62317265873016,0.06868272776707943,95.55448993096307,-0.39682734126984087,0.39682734126984087,True,LEAVE_ONE_STUDY_OUT,10.1016/j.spmi.2017.10.031,TiOx_03,10.1016/j.spmi.2017.10.031,TiOx,8,6,5,False
TiOx_03,10.1016/j.spmi.2017.10.031,TiOx,80.0,1.9030899869919435,0,0,ANALOG,NOT_REPORTED,normalized_from_ratio,IDEALIZED_SINGLE_PAIR_ANALOG,IDEALIZED_ANALOG_MAPPING,16,5,31,0,2,5,203264,800,32,25600,96.01,0.2199999999999988,95.91036563492064,0.06384307489980669,95.84652256002083,-0.09963436507936763,0.09963436507936763,True,LEAVE_ONE_STUDY_OUT,10.1016/j.spmi.2017.10.031,TiOx_03,10.1016/j.spmi.2017.10.031,TiOx,8,6,5,False
TiOx_03,10.1016/j.spmi.2017.10.031,TiOx,80.0,1.9030899869919435,0,0,ANALOG,NOT_REPORTED,normalized_from_ratio,IDEALIZED_SINGLE_PAIR_ANALOG,IDEALIZED_ANALOG_MAPPING,32,4,15,0,2,6,203264,208,64,13312,96.0,0.2300000000000039,95.97468371428572,0.06584402952521282,95.90883968476051,-0.02531628571428257,0.02531628571428257,True,LEAVE_ONE_STUDY_OUT,10.1016/j.spmi.2017.10.031,TiOx_03,10.1016/j.spmi.2017.10.031,TiOx,8,6,5,False
TiOx_03,10.1016/j.spmi.2017.10.031,TiOx,80.0,1.9030899869919435,0,0,ANALOG,NOT_REPORTED,normalized_from_ratio,IDEALIZED_SINGLE_PAIR_ANALOG,IDEALIZED_ANALOG_MAPPING,256,4,15,0,2,7,203264,10,128,1280,96.0,0.2300000000000039,96.02961464285714,0.026287656129165688,96.00332698672797,0.02961464285714044,0.02961464285714044,True,LEAVE_ONE_STUDY_OUT,10.1016/j.spmi.2017.10.031,TiOx_03,10.1016/j.spmi.2017.10.031,TiOx,8,6,5,False
TiOx_03,10.1016/j.spmi.2017.10.031,TiOx,80.0,1.9030899869919435,0,0,ANALOG,NOT_REPORTED,normalized_from_ratio,IDEALIZED_SINGLE_PAIR_ANALOG,IDEALIZED_ANALOG_MAPPING,256,7,127,0,2,6,203264,10,64,640,95.99,0.2400000000000091,95.72743562698413,0.0971582873986577,95.63027733958548,-0.2625643730158629,0.2625643730158629,True,LEAVE_ONE_STUDY_OUT,10.1016/j.spmi.2017.10.031,TiOx_03,10.1016/j.spmi.2017.10.031,TiOx,8,6,5,False
TiOx_03,10.1016/j.spmi.2017.10.031,TiOx,80.0,1.9030899869919435,0,0,ANALOG,NOT_REPORTED,normalized_from_ratio,IDEALIZED_SINGLE_PAIR_ANALOG,IDEALIZED_ANALOG_MAPPING,128,4,15,0,2,8,203264,16,256,4096,95.98,0.25,96.08969828571429,0.026430549956292567,96.063267735758,0.10969828571428764,0.10969828571428764,True,LEAVE_ONE_STUDY_OUT,10.1016/j.spmi.2017.10.031,TiOx_03,10.1016/j.spmi.2017.10.031,TiOx,8,6,5,False
TiOx_03,10.1016/j.spmi.2017.10.031,TiOx,80.0,1.9030899869919435,0,0,ANALOG,NOT_REPORTED,normalized_from_ratio,IDEALIZED_SINGLE_PAIR_ANALOG,IDEALIZED_ANALOG_MAPPING,256,8,255,0,2,6,203264,10,64,640,95.97,0.2600000000000051,95.73461527777778,0.08479874108413357,95.64981653669365,-0.2353847222222214,0.2353847222222214,True,LEAVE_ONE_STUDY_OUT,10.1016/j.spmi.2017.10.031,TiOx_03,10.1016/j.spmi.2017.10.031,TiOx,8,6,5,False
TiOx_03,10.1016/j.spmi.2017.10.031,TiOx,80.0,1.9030899869919435,0,0,ANALOG,NOT_REPORTED,normalized_from_ratio,IDEALIZED_SINGLE_PAIR_ANALOG,IDEALIZED_ANALOG_MAPPING,64,4,15,0,2,6,203264,56,64,3584,95.96,0.2700000000000102,95.91381912698414,0.0818973246459501,95.83192180233819,-0.046180873015856605,0.046180873015856605,True,LEAVE_ONE_STUDY_OUT,10.1016/j.spmi.2017.10.031,TiOx_03,10.1016/j.spmi.2017.10.031,TiOx,8,6,5,False
TiOx_03,10.1016/j.spmi.2017.10.031,TiOx,80.0,1.9030899869919435,0,0,ANALOG,NOT_REPORTED,normalized_from_ratio,IDEALIZED_SINGLE_PAIR_ANALOG,IDEALIZED_ANALOG_MAPPING,32,6,63,0,2,5,203264,208,32,6656,95.95,0.2800000000000011,95.72353629365081,0.10430735902726931,95.61922893462354,-0.22646370634919322,0.22646370634919322,True,LEAVE_ONE_STUDY_OUT,10.1016/j.spmi.2017.10.031,TiOx_03,10.1016/j.spmi.2017.10.031,TiOx,8,6,5,False
TiOx_03,10.1016/j.spmi.2017.10.031,TiOx,80.0,1.9030899869919435,0,0,ANALOG,NOT_REPORTED,normalized_from_ratio,IDEALIZED_SINGLE_PAIR_ANALOG,IDEALIZED_ANALOG_MAPPING,32,8,255,0,2,5,203264,208,32,6656,95.93,0.2999999999999971,95.76788253968255,0.15144030546439388,95.61644223421816,-0.16211746031746088,0.16211746031746088,True,LEAVE_ONE_STUDY_OUT,10.1016/j.spmi.2017.10.031,TiOx_03,10.1016/j.spmi.2017.10.031,TiOx,8,6,5,False
TiOx_03,10.1016/j.spmi.2017.10.031,TiOx,80.0,1.9030899869919435,0,0,ANALOG,NOT_REPORTED,normalized_from_ratio,IDEALIZED_SINGLE_PAIR_ANALOG,IDEALIZED_ANALOG_MAPPING,256,6,63,0,2,6,203264,10,64,640,95.92,0.3100000000000023,95.71433967460317,0.09959439445755894,95.61474528014561,-0.20566032539683476,0.20566032539683476,True,LEAVE_ONE_STUDY_OUT,10.1016/j.spmi.2017.10.031,TiOx_03,10.1016/j.spmi.2017.10.031,TiOx,8,6,5,False
TiOx_03,10.1016/j.spmi.2017.10.031,TiOx,80.0,1.9030899869919435,0,0,ANALOG,NOT_REPORTED,normalized_from_ratio,IDEALIZED_SINGLE_PAIR_ANALOG,IDEALIZED_ANALOG_MAPPING,128,7,127,0,2,6,203264,16,64,1024,95.9,0.3299999999999983,95.7017106031746,0.11744235036243798,95.58426825281217,-0.1982893968254018,0.1982893968254018,True,LEAVE_ONE_STUDY_OUT,10.1016/j.spmi.2017.10.031,TiOx_03,10.1016/j.spmi.2017.10.031,TiOx,8,6,5,False
TiOx_03,10.1016/j.spmi.2017.10.031,TiOx,80.0,1.9030899869919435,0,0,ANALOG,NOT_REPORTED,normalized_from_ratio,IDEALIZED_SINGLE_PAIR_ANALOG,IDEALIZED_ANALOG_MAPPING,16,4,15,0,2,5,203264,800,32,25600,95.89,0.3400000000000034,95.87156124603175,0.05851964969004803,95.81304159634169,-0.018438753968254673,0.018438753968254673,True,LEAVE_ONE_STUDY_OUT,10.1016/j.spmi.2017.10.031,TiOx_03,10.1016/j.spmi.2017.10.031,TiOx,8,6,5,False
TiOx_03,10.1016/j.spmi.2017.10.031,TiOx,80.0,1.9030899869919435,0,0,ANALOG,NOT_REPORTED,normalized_from_ratio,IDEALIZED_SINGLE_PAIR_ANALOG,IDEALIZED_ANALOG_MAPPING,128,8,255,0,2,6,203264,16,64,1024,95.89,0.3400000000000034,95.71238569841269,0.10496647264106093,95.60741922577162,-0.17761430158731173,0.17761430158731173,True,LEAVE_ONE_STUDY_OUT,10.1016/j.spmi.2017.10.031,TiOx_03,10.1016/j.spmi.2017.10.031,TiOx,8,6,5,False
TiOx_03,10.1016/j.spmi.2017.10.031,TiOx,80.0,1.9030899869919435,0,0,ANALOG,NOT_REPORTED,normalized_from_ratio,IDEALIZED_SINGLE_PAIR_ANALOG,IDEALIZED_ANALOG_MAPPING,32,5,31,0,2,5,203264,208,32,6656,95.89,0.3400000000000034,95.70795873015875,0.09369687361873916,95.61426185654001,-0.1820412698412497,0.1820412698412497,True,LEAVE_ONE_STUDY_OUT,10.1016/j.spmi.2017.10.031,TiOx_03,10.1016/j.spmi.2017.10.031,TiOx,8,6,5,False
TiOx_03,10.1016/j.spmi.2017.10.031,TiOx,80.0,1.9030899869919435,0,0,ANALOG,NOT_REPORTED,normalized_from_ratio,IDEALIZED_SINGLE_PAIR_ANALOG,IDEALIZED_ANALOG_MAPPING,256,5,31,0,2,6,203264,10,64,640,95.88,0.3500000000000085,95.64417720634921,0.08560516658065755,95.55857203976855,-0.23582279365078307,0.23582279365078307,True,LEAVE_ONE_STUDY_OUT,10.1016/j.spmi.2017.10.031,TiOx_03,10.1016/j.spmi.2017.10.031,TiOx,8,6,5,False
TiOx_03,10.1016/j.spmi.2017.10.031,TiOx,80.0,1.9030899869919435,0,0,ANALOG,NOT_REPORTED,normalized_from_ratio,IDEALIZED_SINGLE_PAIR_ANALOG,IDEALIZED_ANALOG_MAPPING,128,6,63,0,2,6,203264,16,64,1024,95.88,0.3500000000000085,95.69522381746033,0.11239190808258755,95.58283190937775,-0.18477618253966455,0.18477618253966455,True,LEAVE_ONE_STUDY_OUT,10.1016/j.spmi.2017.10.031,TiOx_03,10.1016/j.spmi.2017.10.031,TiOx,8,6,5,False
TiOx_03,10.1016/j.spmi.2017.10.031,TiOx,80.0,1.9030899869919435,0,0,ANALOG,NOT_REPORTED,normalized_from_ratio,IDEALIZED_SINGLE_PAIR_ANALOG,IDEALIZED_ANALOG_MAPPING,128,4,15,0,2,6,203264,16,64,1024,95.8,0.4300000000000068,95.64771392857142,0.08295347353551263,95.56476045503591,-0.15228607142857697,0.15228607142857697,False,LEAVE_ONE_STUDY_OUT,10.1016/j.spmi.2017.10.031,TiOx_03,10.1016/j.spmi.2017.10.031,TiOx,8,6,5,False
TiOx_03,10.1016/j.spmi.2017.10.031,TiOx,80.0,1.9030899869919435,0,0,ANALOG,NOT_REPORTED,normalized_from_ratio,IDEALIZED_SINGLE_PAIR_ANALOG,IDEALIZED_ANALOG_MAPPING,256,4,15,0,2,6,203264,10,64,640,95.76,0.4699999999999988,95.67243857142856,0.09730855474356395,95.575130016685,-0.08756142857144766,0.08756142857144766,False,LEAVE_ONE_STUDY_OUT,10.1016/j.spmi.2017.10.031,TiOx_03,10.1016/j.spmi.2017.10.031,TiOx,8,6,5,False
TiOx_03,10.1016/j.spmi.2017.10.031,TiOx,80.0,1.9030899869919435,0,0,ANALOG,NOT_REPORTED,normalized_from_ratio,IDEALIZED_SINGLE_PAIR_ANALOG,IDEALIZED_ANALOG_MAPPING,32,4,15,0,2,5,203264,208,32,6656,95.7,0.5300000000000011,95.69121804761906,0.08425295123578572,95.60696509638328,-0.008781952380942926,0.008781952380942926,False,LEAVE_ONE_STUDY_OUT,10.1016/j.spmi.2017.10.031,TiOx_03,10.1016/j.spmi.2017.10.031,TiOx,8,6,5,False
TiOx_03,10.1016/j.spmi.2017.10.031,TiOx,80.0,1.9030899869919435,0,0,ANALOG,NOT_REPORTED,normalized_from_ratio,IDEALIZED_SINGLE_PAIR_ANALOG,IDEALIZED_ANALOG_MAPPING,64,7,127,0,2,5,203264,56,32,1792,95.67,0.5600000000000023,95.22700700288601,0.2837984307860225,94.94320857209999,-0.4429929971139899,0.4429929971139899,False,LEAVE_ONE_STUDY_OUT,10.1016/j.spmi.2017.10.031,TiOx_03,10.1016/j.spmi.2017.10.031,TiOx,8,6,5,False
TiOx_03,10.1016/j.spmi.2017.10.031,TiOx,80.0,1.9030899869919435,0,0,ANALOG,NOT_REPORTED,normalized_from_ratio,IDEALIZED_SINGLE_PAIR_ANALOG,IDEALIZED_ANALOG_MAPPING,64,6,63,0,2,5,203264,56,32,1792,95.57,0.6600000000000108,95.21442655050504,0.2765016200536654,94.93792493045137,-0.35557344949495473,0.35557344949495473,False,LEAVE_ONE_STUDY_OUT,10.1016/j.spmi.2017.10.031,TiOx_03,10.1016/j.spmi.2017.10.031,TiOx,8,6,5,False
TiOx_03,10.1016/j.spmi.2017.10.031,TiOx,80.0,1.9030899869919435,0,0,ANALOG,NOT_REPORTED,normalized_from_ratio,IDEALIZED_SINGLE_PAIR_ANALOG,IDEALIZED_ANALOG_MAPPING,16,7,127,0,2,4,203264,800,16,12800,95.54,0.6899999999999977,94.86604120634921,0.20520444349973038,94.66083676284948,-0.6739587936507974,0.6739587936507974,False,LEAVE_ONE_STUDY_OUT,10.1016/j.spmi.2017.10.031,TiOx_03,10.1016/j.spmi.2017.10.031,TiOx,8,6,5,False
TiOx_03,10.1016/j.spmi.2017.10.031,TiOx,80.0,1.9030899869919435,0,0,ANALOG,NOT_REPORTED,normalized_from_ratio,IDEALIZED_SINGLE_PAIR_ANALOG,IDEALIZED_ANALOG_MAPPING,16,6,63,0,2,4,203264,800,16,12800,95.52,0.710000000000008,94.83864784920635,0.2152431099998795,94.62340473920648,-0.6813521507936429,0.6813521507936429,False,LEAVE_ONE_STUDY_OUT,10.1016/j.spmi.2017.10.031,TiOx_03,10.1016/j.spmi.2017.10.031,TiOx,8,6,5,False
TiOx_03,10.1016/j.spmi.2017.10.031,TiOx,80.0,1.9030899869919435,0,0,ANALOG,NOT_REPORTED,normalized_from_ratio,IDEALIZED_SINGLE_PAIR_ANALOG,IDEALIZED_ANALOG_MAPPING,64,8,255,0,2,5,203264,56,32,1792,95.49,0.7400000000000091,95.22921633621934,0.2872650682706914,94.94195126794865,-0.2607836637806571,0.2607836637806571,False,LEAVE_ONE_STUDY_OUT,10.1016/j.spmi.2017.10.031,TiOx_03,10.1016/j.spmi.2017.10.031,TiOx,8,6,5,False
TiOx_03,10.1016/j.spmi.2017.10.031,TiOx,80.0,1.9030899869919435,0,0,ANALOG,NOT_REPORTED,normalized_from_ratio,IDEALIZED_SINGLE_PAIR_ANALOG,IDEALIZED_ANALOG_MAPPING,64,5,31,0,2,5,203264,56,32,1792,95.48,0.75,95.16547188383838,0.295876128255443,94.86959575558294,-0.31452811616162535,0.31452811616162535,False,LEAVE_ONE_STUDY_OUT,10.1016/j.spmi.2017.10.031,TiOx_03,10.1016/j.spmi.2017.10.031,TiOx,8,6,5,False
TiOx_03,10.1016/j.spmi.2017.10.031,TiOx,80.0,1.9030899869919435,0,0,ANALOG,NOT_REPORTED,normalized_from_ratio,IDEALIZED_SINGLE_PAIR_ANALOG,IDEALIZED_ANALOG_MAPPING,16,8,255,0,2,4,203264,800,16,12800,95.47,0.7600000000000051,94.86716287301589,0.20728421360148913,94.6598786594144,-0.6028371269841131,0.6028371269841131,False,LEAVE_ONE_STUDY_OUT,10.1016/j.spmi.2017.10.031,TiOx_03,10.1016/j.spmi.2017.10.031,TiOx,8,6,5,False
TiOx_03,10.1016/j.spmi.2017.10.031,TiOx,80.0,1.9030899869919435,0,0,ANALOG,NOT_REPORTED,normalized_from_ratio,IDEALIZED_SINGLE_PAIR_ANALOG,IDEALIZED_ANALOG_MAPPING,16,5,31,0,2,4,203264,800,16,12800,95.47,0.7600000000000051,94.80146066666667,0.23519022516994859,94.56627044149673,-0.668539333333328,0.668539333333328,False,LEAVE_ONE_STUDY_OUT,10.1016/j.spmi.2017.10.031,TiOx_03,10.1016/j.spmi.2017.10.031,TiOx,8,6,5,False
TiOx_03,10.1016/j.spmi.2017.10.031,TiOx,80.0,1.9030899869919435,0,0,ANALOG,NOT_REPORTED,normalized_from_ratio,IDEALIZED_SINGLE_PAIR_ANALOG,IDEALIZED_ANALOG_MAPPING,64,4,15,0,2,5,203264,56,32,1792,95.42,0.8100000000000023,95.1392827886003,0.26582647992957736,94.87345630867073,-0.28071721139970407,0.28071721139970407,False,LEAVE_ONE_STUDY_OUT,10.1016/j.spmi.2017.10.031,TiOx_03,10.1016/j.spmi.2017.10.031,TiOx,8,6,5,False
TiOx_03,10.1016/j.spmi.2017.10.031,TiOx,80.0,1.9030899869919435,0,0,ANALOG,NOT_REPORTED,normalized_from_ratio,IDEALIZED_SINGLE_PAIR_ANALOG,IDEALIZED_ANALOG_MAPPING,16,4,15,0,2,4,203264,800,16,12800,95.3,0.9300000000000068,94.774614,0.4251020826676726,94.34951191733232,-0.5253859999999975,0.5253859999999975,False,LEAVE_ONE_STUDY_OUT,10.1016/j.spmi.2017.10.031,TiOx_03,10.1016/j.spmi.2017.10.031,TiOx,8,6,5,False
TiOx_03,10.1016/j.spmi.2017.10.031,TiOx,80.0,1.9030899869919435,0,0,ANALOG,NOT_REPORTED,normalized_from_ratio,IDEALIZED_SINGLE_PAIR_ANALOG,IDEALIZED_ANALOG_MAPPING,128,8,255,0,2,5,203264,16,32,512,94.63,1.6000000000000083,93.43950838095239,0.6809608759308075,92.75854750502158,-1.1904916190476058,1.1904916190476058,False,LEAVE_ONE_STUDY_OUT,10.1016/j.spmi.2017.10.031,TiOx_03,10.1016/j.spmi.2017.10.031,TiOx,8,6,5,False
TiOx_03,10.1016/j.spmi.2017.10.031,TiOx,80.0,1.9030899869919435,0,0,ANALOG,NOT_REPORTED,normalized_from_ratio,IDEALIZED_SINGLE_PAIR_ANALOG,IDEALIZED_ANALOG_MAPPING,128,6,63,0,2,5,203264,16,32,512,94.5,1.730000000000004,93.44260676190478,0.6910997861497584,92.75150697575502,-1.0573932380952158,1.0573932380952158,False,LEAVE_ONE_STUDY_OUT,10.1016/j.spmi.2017.10.031,TiOx_03,10.1016/j.spmi.2017.10.031,TiOx,8,6,5,False
TiOx_03,10.1016/j.spmi.2017.10.031,TiOx,80.0,1.9030899869919435,0,0,ANALOG,NOT_REPORTED,normalized_from_ratio,IDEALIZED_SINGLE_PAIR_ANALOG,IDEALIZED_ANALOG_MAPPING,128,5,31,0,2,5,203264,16,32,512,94.45,1.7800000000000011,93.26941683333332,0.7064998490084429,92.56291698432489,-1.180583166666679,1.180583166666679,False,LEAVE_ONE_STUDY_OUT,10.1016/j.spmi.2017.10.031,TiOx_03,10.1016/j.spmi.2017.10.031,TiOx,8,6,5,False
TiOx_03,10.1016/j.spmi.2017.10.031,TiOx,80.0,1.9030899869919435,0,0,ANALOG,NOT_REPORTED,normalized_from_ratio,IDEALIZED_SINGLE_PAIR_ANALOG,IDEALIZED_ANALOG_MAPPING,128,7,127,0,2,5,203264,16,32,512,94.42,1.8100000000000025,93.44052671428572,0.6818473963040563,92.75867931798167,-0.9794732857142776,0.9794732857142776,False,LEAVE_ONE_STUDY_OUT,10.1016/j.spmi.2017.10.031,TiOx_03,10.1016/j.spmi.2017.10.031,TiOx,8,6,5,False
TiOx_03,10.1016/j.spmi.2017.10.031,TiOx,80.0,1.9030899869919435,0,0,ANALOG,NOT_REPORTED,normalized_from_ratio,IDEALIZED_SINGLE_PAIR_ANALOG,IDEALIZED_ANALOG_MAPPING,32,7,127,0,2,4,203264,208,16,3328,94.36,1.8700000000000043,93.68688427777778,0.2854106878488287,93.40147358992895,-0.6731157222222208,0.6731157222222208,False,LEAVE_ONE_STUDY_OUT,10.1016/j.spmi.2017.10.031,TiOx_03,10.1016/j.spmi.2017.10.031,TiOx,8,6,5,False
TiOx_03,10.1016/j.spmi.2017.10.031,TiOx,80.0,1.9030899869919435,0,0,ANALOG,NOT_REPORTED,normalized_from_ratio,IDEALIZED_SINGLE_PAIR_ANALOG,IDEALIZED_ANALOG_MAPPING,32,8,255,0,2,4,203264,208,16,3328,94.31,1.9200000000000017,93.68692927777779,0.28128226784128335,93.40564700993652,-0.6230707222222094,0.6230707222222094,False,LEAVE_ONE_STUDY_OUT,10.1016/j.spmi.2017.10.031,TiOx_03,10.1016/j.spmi.2017.10.031,TiOx,8,6,5,False
TiOx_03,10.1016/j.spmi.2017.10.031,TiOx,80.0,1.9030899869919435,0,0,ANALOG,NOT_REPORTED,normalized_from_ratio,IDEALIZED_SINGLE_PAIR_ANALOG,IDEALIZED_ANALOG_MAPPING,256,6,63,0,2,5,203264,10,32,320,94.23,2.0,93.23335538095237,0.6565711392835917,92.57678424166879,-0.996644619047629,0.996644619047629,False,LEAVE_ONE_STUDY_OUT,10.1016/j.spmi.2017.10.031,TiOx_03,10.1016/j.spmi.2017.10.031,TiOx,8,6,5,False
TiOx_03,10.1016/j.spmi.2017.10.031,TiOx,80.0,1.9030899869919435,0,0,ANALOG,NOT_REPORTED,normalized_from_ratio,IDEALIZED_SINGLE_PAIR_ANALOG,IDEALIZED_ANALOG_MAPPING,32,6,63,0,2,4,203264,208,16,3328,94.21,2.0200000000000102,93.67642284920636,0.3085459706106201,93.36787687859574,-0.5335771507936329,0.5335771507936329,False,LEAVE_ONE_STUDY_OUT,10.1016/j.spmi.2017.10.031,TiOx_03,10.1016/j.spmi.2017.10.031,TiOx,8,6,5,False
TiOx_03,10.1016/j.spmi.2017.10.031,TiOx,80.0,1.9030899869919435,0,0,ANALOG,NOT_REPORTED,normalized_from_ratio,IDEALIZED_SINGLE_PAIR_ANALOG,IDEALIZED_ANALOG_MAPPING,256,7,127,0,2,5,203264,10,32,320,94.17,2.0600000000000023,93.24330557142858,0.6563389163899743,92.58696665503861,-0.9266944285714231,0.9266944285714231,False,LEAVE_ONE_STUDY_OUT,10.1016/j.spmi.2017.10.031,TiOx_03,10.1016/j.spmi.2017.10.031,TiOx,8,6,5,False
TiOx_03,10.1016/j.spmi.2017.10.031,TiOx,80.0,1.9030899869919435,0,0,ANALOG,NOT_REPORTED,normalized_from_ratio,IDEALIZED_SINGLE_PAIR_ANALOG,IDEALIZED_ANALOG_MAPPING,128,4,15,0,2,5,203264,16,32,512,94.16,2.0700000000000074,93.26590045238095,0.6724326351033293,92.59346781727761,-0.8940995476190494,0.8940995476190494,False,LEAVE_ONE_STUDY_OUT,10.1016/j.spmi.2017.10.031,TiOx_03,10.1016/j.spmi.2017.10.031,TiOx,8,6,5,False
TiOx_03,10.1016/j.spmi.2017.10.031,TiOx,80.0,1.9030899869919435,0,0,ANALOG,NOT_REPORTED,normalized_from_ratio,IDEALIZED_SINGLE_PAIR_ANALOG,IDEALIZED_ANALOG_MAPPING,256,8,255,0,2,5,203264,10,32,320,94.08,2.1500000000000057,93.24953057142856,0.6619911294966855,92.58753944193188,-0.8304694285714334,0.8304694285714334,False,LEAVE_ONE_STUDY_OUT,10.1016/j.spmi.2017.10.031,TiOx_03,10.1016/j.spmi.2017.10.031,TiOx,8,6,5,False
TiOx_03,10.1016/j.spmi.2017.10.031,TiOx,80.0,1.9030899869919435,0,0,ANALOG,NOT_REPORTED,normalized_from_ratio,IDEALIZED_SINGLE_PAIR_ANALOG,IDEALIZED_ANALOG_MAPPING,32,4,15,0,2,4,203264,208,16,3328,94.07,2.160000000000011,93.55684095238095,0.49728056779017044,93.05956038459078,-0.5131590476190411,0.5131590476190411,False,LEAVE_ONE_STUDY_OUT,10.1016/j.spmi.2017.10.031,TiOx_03,10.1016/j.spmi.2017.10.031,TiOx,8,6,5,False
TiOx_03,10.1016/j.spmi.2017.10.031,TiOx,80.0,1.9030899869919435,0,0,ANALOG,NOT_REPORTED,normalized_from_ratio,IDEALIZED_SINGLE_PAIR_ANALOG,IDEALIZED_ANALOG_MAPPING,256,5,31,0,2,5,203264,10,32,320,94.01,2.219999999999999,93.06275183333334,0.592217915741988,92.47053391759135,-0.9472481666666681,0.9472481666666681,False,LEAVE_ONE_STUDY_OUT,10.1016/j.spmi.2017.10.031,TiOx_03,10.1016/j.spmi.2017.10.031,TiOx,8,6,5,False
TiOx_03,10.1016/j.spmi.2017.10.031,TiOx,80.0,1.9030899869919435,0,0,ANALOG,NOT_REPORTED,normalized_from_ratio,IDEALIZED_SINGLE_PAIR_ANALOG,IDEALIZED_ANALOG_MAPPING,256,4,15,0,2,5,203264,10,32,320,93.99,2.240000000000009,93.06198769047619,0.5610715164646721,92.50091617401151,-0.9280123095238082,0.9280123095238082,False,LEAVE_ONE_STUDY_OUT,10.1016/j.spmi.2017.10.031,TiOx_03,10.1016/j.spmi.2017.10.031,TiOx,8,6,5,False
TiOx_03,10.1016/j.spmi.2017.10.031,TiOx,80.0,1.9030899869919435,0,0,ANALOG,NOT_REPORTED,normalized_from_ratio,IDEALIZED_SINGLE_PAIR_ANALOG,IDEALIZED_ANALOG_MAPPING,32,5,31,0,2,4,203264,208,16,3328,93.95,2.280000000000001,93.57159378571428,0.36795419414185054,93.20363959157244,-0.3784062142857181,0.3784062142857181,False,LEAVE_ONE_STUDY_OUT,10.1016/j.spmi.2017.10.031,TiOx_03,10.1016/j.spmi.2017.10.031,TiOx,8,6,5,False
TiOx_03,10.1016/j.spmi.2017.10.031,TiOx,80.0,1.9030899869919435,0,0,ANALOG,NOT_REPORTED,normalized_from_ratio,IDEALIZED_SINGLE_PAIR_ANALOG,IDEALIZED_ANALOG_MAPPING,64,3,7,0,2,8,203264,56,256,14336,92.28,3.950000000000003,92.21393502380953,0.03723994764278745,92.17669507616674,-0.06606497619047502,0.06606497619047502,False,LEAVE_ONE_STUDY_OUT,10.1016/j.spmi.2017.10.031,TiOx_03,10.1016/j.spmi.2017.10.031,TiOx,8,6,5,False
TiOx_03,10.1016/j.spmi.2017.10.031,TiOx,80.0,1.9030899869919435,0,0,ANALOG,NOT_REPORTED,normalized_from_ratio,IDEALIZED_SINGLE_PAIR_ANALOG,IDEALIZED_ANALOG_MAPPING,256,3,7,0,2,8,203264,10,256,2560,92.28,3.950000000000003,92.25165916666667,0.040531558799623287,92.21112760786704,-0.02834083333333126,0.02834083333333126,False,LEAVE_ONE_STUDY_OUT,10.1016/j.spmi.2017.10.031,TiOx_03,10.1016/j.spmi.2017.10.031,TiOx,8,6,5,False
TiOx_03,10.1016/j.spmi.2017.10.031,TiOx,80.0,1.9030899869919435,0,0,ANALOG,NOT_REPORTED,normalized_from_ratio,IDEALIZED_SINGLE_PAIR_ANALOG,IDEALIZED_ANALOG_MAPPING,16,3,7,0,2,9,203264,800,512,409600,92.27,3.960000000000008,92.2209138968254,0.02104027603253424,92.19987362079286,-0.04908610317460216,0.04908610317460216,False,LEAVE_ONE_STUDY_OUT,10.1016/j.spmi.2017.10.031,TiOx_03,10.1016/j.spmi.2017.10.031,TiOx,8,6,5,False
TiOx_03,10.1016/j.spmi.2017.10.031,TiOx,80.0,1.9030899869919435,0,0,ANALOG,NOT_REPORTED,normalized_from_ratio,IDEALIZED_SINGLE_PAIR_ANALOG,IDEALIZED_ANALOG_MAPPING,128,3,7,0,2,8,203264,16,256,4096,92.27,3.960000000000008,92.23562207142858,0.04071391115030866,92.19490816027827,-0.034377928571416305,0.034377928571416305,False,LEAVE_ONE_STUDY_OUT,10.1016/j.spmi.2017.10.031,TiOx_03,10.1016/j.spmi.2017.10.031,TiOx,8,6,5,False
TiOx_03,10.1016/j.spmi.2017.10.031,TiOx,80.0,1.9030899869919435,0,0,ANALOG,NOT_REPORTED,normalized_from_ratio,IDEALIZED_SINGLE_PAIR_ANALOG,IDEALIZED_ANALOG_MAPPING,16,3,7,0,2,10,203264,800,1024,819200,92.26,3.969999999999999,92.21446811904762,0.01729939736438171,92.19716872168324,-0.0455318809523817,0.0455318809523817,False,LEAVE_ONE_STUDY_OUT,10.1016/j.spmi.2017.10.031,TiOx_03,10.1016/j.spmi.2017.10.031,TiOx,8,6,5,False
TiOx_03,10.1016/j.spmi.2017.10.031,TiOx,80.0,1.9030899869919435,0,0,ANALOG,NOT_REPORTED,normalized_from_ratio,IDEALIZED_SINGLE_PAIR_ANALOG,IDEALIZED_ANALOG_MAPPING,128,3,7,0,2,9,203264,16,512,8192,92.26,3.969999999999999,92.22631917460318,0.04163155590553819,92.18468761869764,-0.033680825396828595,0.033680825396828595,False,LEAVE_ONE_STUDY_OUT,10.1016/j.spmi.2017.10.031,TiOx_03,10.1016/j.spmi.2017.10.031,TiOx,8,6,5,False
TiOx_03,10.1016/j.spmi.2017.10.031,TiOx,80.0,1.9030899869919435,0,0,ANALOG,NOT_REPORTED,normalized_from_ratio,IDEALIZED_SINGLE_PAIR_ANALOG,IDEALIZED_ANALOG_MAPPING,32,3,7,0,2,10,203264,208,1024,212992,92.25,3.980000000000004,92.22733885714287,0.016802796042849687,92.21053606110002,-0.022661142857131722,0.022661142857131722,False,LEAVE_ONE_STUDY_OUT,10.1016/j.spmi.2017.10.031,TiOx_03,10.1016/j.spmi.2017.10.031,TiOx,8,6,5,False
TiOx_03,10.1016/j.spmi.2017.10.031,TiOx,80.0,1.9030899869919435,0,0,ANALOG,NOT_REPORTED,normalized_from_ratio,IDEALIZED_SINGLE_PAIR_ANALOG,IDEALIZED_ANALOG_MAPPING,16,3,7,0,2,7,203264,800,128,102400,92.24,3.990000000000009,92.21467180952381,0.036494752405984744,92.17817705711782,-0.02532819047618773,0.02532819047618773,False,LEAVE_ONE_STUDY_OUT,10.1016/j.spmi.2017.10.031,TiOx_03,10.1016/j.spmi.2017.10.031,TiOx,8,6,5,False
TiOx_03,10.1016/j.spmi.2017.10.031,TiOx,80.0,1.9030899869919435,0,0,ANALOG,NOT_REPORTED,normalized_from_ratio,IDEALIZED_SINGLE_PAIR_ANALOG,IDEALIZED_ANALOG_MAPPING,256,3,7,0,2,9,203264,10,512,5120,92.24,3.990000000000009,92.22634134920635,0.04081569619969794,92.18552565300665,-0.013658650793644256,0.013658650793644256,False,LEAVE_ONE_STUDY_OUT,10.1016/j.spmi.2017.10.031,TiOx_03,10.1016/j.spmi.2017.10.031,TiOx,8,6,5,False
TiOx_03,10.1016/j.spmi.2017.10.031,TiOx,80.0,1.9030899869919435,0,0,ANALOG,NOT_REPORTED,normalized_from_ratio,IDEALIZED_SINGLE_PAIR_ANALOG,IDEALIZED_ANALOG_MAPPING,16,3,7,0,2,8,203264,800,256,204800,92.24,3.990000000000009,92.21267334920637,0.023631725750835175,92.18904162345554,-0.027326650793625618,0.027326650793625618,False,LEAVE_ONE_STUDY_OUT,10.1016/j.spmi.2017.10.031,TiOx_03,10.1016/j.spmi.2017.10.031,TiOx,8,6,5,False
TiOx_03,10.1016/j.spmi.2017.10.031,TiOx,80.0,1.9030899869919435,0,0,ANALOG,NOT_REPORTED,normalized_from_ratio,IDEALIZED_SINGLE_PAIR_ANALOG,IDEALIZED_ANALOG_MAPPING,256,3,7,0,2,10,203264,10,1024,10240,92.22,4.010000000000005,92.23810653968255,0.02738447528895461,92.2107220643936,0.018106539682548828,0.018106539682548828,False,LEAVE_ONE_STUDY_OUT,10.1016/j.spmi.2017.10.031,TiOx_03,10.1016/j.spmi.2017.10.031,TiOx,8,6,5,False
TiOx_03,10.1016/j.spmi.2017.10.031,TiOx,80.0,1.9030899869919435,0,0,ANALOG,NOT_REPORTED,normalized_from_ratio,IDEALIZED_SINGLE_PAIR_ANALOG,IDEALIZED_ANALOG_MAPPING,128,3,7,0,2,10,203264,16,1024,16384,92.21,4.02000000000001,92.22552884126985,0.025040576652232357,92.20048826461762,0.01552884126985532,0.01552884126985532,False,LEAVE_ONE_STUDY_OUT,10.1016/j.spmi.2017.10.031,TiOx_03,10.1016/j.spmi.2017.10.031,TiOx,8,6,5,False
TiOx_03,10.1016/j.spmi.2017.10.031,TiOx,80.0,1.9030899869919435,0,0,ANALOG,NOT_REPORTED,normalized_from_ratio,IDEALIZED_SINGLE_PAIR_ANALOG,IDEALIZED_ANALOG_MAPPING,32,3,7,0,2,9,203264,208,512,106496,92.2,4.030000000000001,92.23919773015872,0.025561713635741463,92.21363601652298,0.03919773015871897,0.03919773015871897,False,LEAVE_ONE_STUDY_OUT,10.1016/j.spmi.2017.10.031,TiOx_03,10.1016/j.spmi.2017.10.031,TiOx,8,6,5,False
TiOx_03,10.1016/j.spmi.2017.10.031,TiOx,80.0,1.9030899869919435,0,0,ANALOG,NOT_REPORTED,normalized_from_ratio,IDEALIZED_SINGLE_PAIR_ANALOG,IDEALIZED_ANALOG_MAPPING,64,3,7,0,2,9,203264,56,512,28672,92.2,4.030000000000001,92.23165640476192,0.021188660198049023,92.21046774456387,0.03165640476191811,0.03165640476191811,False,LEAVE_ONE_STUDY_OUT,10.1016/j.spmi.2017.10.031,TiOx_03,10.1016/j.spmi.2017.10.031,TiOx,8,6,5,False
TiOx_03,10.1016/j.spmi.2017.10.031,TiOx,80.0,1.9030899869919435,0,0,ANALOG,NOT_REPORTED,normalized_from_ratio,IDEALIZED_SINGLE_PAIR_ANALOG,IDEALIZED_ANALOG_MAPPING,32,3,7,0,2,8,203264,208,256,53248,92.19,4.040000000000006,92.21391692063492,0.029198488205140444,92.18471843242978,0.02391692063491746,0.02391692063491746,False,LEAVE_ONE_STUDY_OUT,10.1016/j.spmi.2017.10.031,TiOx_03,10.1016/j.spmi.2017.10.031,TiOx,8,6,5,False
TiOx_03,10.1016/j.spmi.2017.10.031,TiOx,80.0,1.9030899869919435,0,0,ANALOG,NOT_REPORTED,normalized_from_ratio,IDEALIZED_SINGLE_PAIR_ANALOG,IDEALIZED_ANALOG_MAPPING,32,3,7,0,2,7,203264,208,128,26624,92.18,4.049999999999997,92.228638,0.03941628579201561,92.18922171420799,0.04863799999999685,0.04863799999999685,False,LEAVE_ONE_STUDY_OUT,10.1016/j.spmi.2017.10.031,TiOx_03,10.1016/j.spmi.2017.10.031,TiOx,8,6,5,False
TiOx_03,10.1016/j.spmi.2017.10.031,TiOx,80.0,1.9030899869919435,0,0,ANALOG,NOT_REPORTED,normalized_from_ratio,IDEALIZED_SINGLE_PAIR_ANALOG,IDEALIZED_ANALOG_MAPPING,64,3,7,0,2,10,203264,56,1024,57344,92.17,4.060000000000002,92.2256119047619,0.01252595844120015,92.2130859463207,0.055611904761903475,0.055611904761903475,False,LEAVE_ONE_STUDY_OUT,10.1016/j.spmi.2017.10.031,TiOx_03,10.1016/j.spmi.2017.10.031,TiOx,8,6,5,False
TiOx_03,10.1016/j.spmi.2017.10.031,TiOx,80.0,1.9030899869919435,0,0,ANALOG,NOT_REPORTED,normalized_from_ratio,IDEALIZED_SINGLE_PAIR_ANALOG,IDEALIZED_ANALOG_MAPPING,16,3,7,0,2,6,203264,800,64,51200,92.13,4.1000000000000085,91.90361814285714,0.3111220565547811,91.59249608630236,-0.22638185714285441,0.22638185714285441,False,LEAVE_ONE_STUDY_OUT,10.1016/j.spmi.2017.10.031,TiOx_03,10.1016/j.spmi.2017.10.031,TiOx,8,6,5,False
TiOx_03,10.1016/j.spmi.2017.10.031,TiOx,80.0,1.9030899869919435,0,0,ANALOG,NOT_REPORTED,normalized_from_ratio,IDEALIZED_SINGLE_PAIR_ANALOG,IDEALIZED_ANALOG_MAPPING,32,3,7,0,2,6,203264,208,64,13312,92.12,4.109999999999999,91.89600488095239,0.3093949815892505,91.58660989936314,-0.22399511904761482,0.22399511904761482,False,LEAVE_ONE_STUDY_OUT,10.1016/j.spmi.2017.10.031,TiOx_03,10.1016/j.spmi.2017.10.031,TiOx,8,6,5,False
TiOx_03,10.1016/j.spmi.2017.10.031,TiOx,80.0,1.9030899869919435,0,0,ANALOG,NOT_REPORTED,normalized_from_ratio,IDEALIZED_SINGLE_PAIR_ANALOG,IDEALIZED_ANALOG_MAPPING,64,3,7,0,2,6,203264,56,64,3584,92.1,4.13000000000001,91.77911572222223,0.36654522763788994,91.41257049458434,-0.32088427777776474,0.32088427777776474,False,LEAVE_ONE_STUDY_OUT,10.1016/j.spmi.2017.10.031,TiOx_03,10.1016/j.spmi.2017.10.031,TiOx,8,6,5,False
TiOx_03,10.1016/j.spmi.2017.10.031,TiOx,80.0,1.9030899869919435,0,0,ANALOG,NOT_REPORTED,normalized_from_ratio,IDEALIZED_SINGLE_PAIR_ANALOG,IDEALIZED_ANALOG_MAPPING,256,3,7,0,2,7,203264,10,128,1280,92.01,4.219999999999999,92.16361450000001,0.06499148543200377,92.098623014568,0.15361450000000332,0.15361450000000332,False,LEAVE_ONE_STUDY_OUT,10.1016/j.spmi.2017.10.031,TiOx_03,10.1016/j.spmi.2017.10.031,TiOx,8,6,5,False
TiOx_03,10.1016/j.spmi.2017.10.031,TiOx,80.0,1.9030899869919435,0,0,ANALOG,NOT_REPORTED,normalized_from_ratio,IDEALIZED_SINGLE_PAIR_ANALOG,IDEALIZED_ANALOG_MAPPING,64,3,7,0,2,7,203264,56,128,7168,91.99,4.240000000000009,92.16115244155844,0.05619054364556551,92.10496189791287,0.17115244155844778,0.17115244155844778,False,LEAVE_ONE_STUDY_OUT,10.1016/j.spmi.2017.10.031,TiOx_03,10.1016/j.spmi.2017.10.031,TiOx,8,6,5,False
TiOx_03,10.1016/j.spmi.2017.10.031,TiOx,80.0,1.9030899869919435,0,0,ANALOG,NOT_REPORTED,normalized_from_ratio,IDEALIZED_SINGLE_PAIR_ANALOG,IDEALIZED_ANALOG_MAPPING,128,3,7,0,2,7,203264,16,128,2048,91.99,4.240000000000009,92.15851160822511,0.055658659147960976,92.10285294907715,0.16851160822511702,0.16851160822511702,False,LEAVE_ONE_STUDY_OUT,10.1016/j.spmi.2017.10.031,TiOx_03,10.1016/j.spmi.2017.10.031,TiOx,8,6,5,False
TiOx_03,10.1016/j.spmi.2017.10.031,TiOx,80.0,1.9030899869919435,0,0,ANALOG,NOT_REPORTED,normalized_from_ratio,IDEALIZED_SINGLE_PAIR_ANALOG,IDEALIZED_ANALOG_MAPPING,16,3,7,0,2,5,203264,800,32,25600,91.77,4.460000000000008,91.30197766666667,0.48264250338697195,90.8193351632797,-0.4680223333333231,0.4680223333333231,False,LEAVE_ONE_STUDY_OUT,10.1016/j.spmi.2017.10.031,TiOx_03,10.1016/j.spmi.2017.10.031,TiOx,8,6,5,False
TiOx_03,10.1016/j.spmi.2017.10.031,TiOx,80.0,1.9030899869919435,0,0,ANALOG,NOT_REPORTED,normalized_from_ratio,IDEALIZED_SINGLE_PAIR_ANALOG,IDEALIZED_ANALOG_MAPPING,128,3,7,0,2,6,203264,16,64,1024,91.75,4.480000000000004,91.69274503968255,0.4190563040994306,91.27368873558312,-0.05725496031745081,0.05725496031745081,False,LEAVE_ONE_STUDY_OUT,10.1016/j.spmi.2017.10.031,TiOx_03,10.1016/j.spmi.2017.10.031,TiOx,8,6,5,False
TiOx_03,10.1016/j.spmi.2017.10.031,TiOx,80.0,1.9030899869919435,0,0,ANALOG,NOT_REPORTED,normalized_from_ratio,IDEALIZED_SINGLE_PAIR_ANALOG,IDEALIZED_ANALOG_MAPPING,256,3,7,0,2,6,203264,10,64,640,91.7,4.530000000000001,91.55831892857144,0.49631366681261657,91.06200526175883,-0.14168107142856456,0.14168107142856456,False,LEAVE_ONE_STUDY_OUT,10.1016/j.spmi.2017.10.031,TiOx_03,10.1016/j.spmi.2017.10.031,TiOx,8,6,5,False
TiOx_03,10.1016/j.spmi.2017.10.031,TiOx,80.0,1.9030899869919435,0,0,ANALOG,NOT_REPORTED,normalized_from_ratio,IDEALIZED_SINGLE_PAIR_ANALOG,IDEALIZED_ANALOG_MAPPING,32,3,7,0,2,5,203264,208,32,6656,91.49,4.740000000000009,91.14590545238094,0.4637996383697192,90.68210581401122,-0.3440945476190507,0.3440945476190507,False,LEAVE_ONE_STUDY_OUT,10.1016/j.spmi.2017.10.031,TiOx_03,10.1016/j.spmi.2017.10.031,TiOx,8,6,5,False
TiOx_03,10.1016/j.spmi.2017.10.031,TiOx,80.0,1.9030899869919435,0,0,ANALOG,NOT_REPORTED,normalized_from_ratio,IDEALIZED_SINGLE_PAIR_ANALOG,IDEALIZED_ANALOG_MAPPING,64,3,7,0,2,5,203264,56,32,1792,91.16,5.070000000000007,90.57345712770562,0.7243283696412018,89.84912875806442,-0.5865428722943733,0.5865428722943733,False,LEAVE_ONE_STUDY_OUT,10.1016/j.spmi.2017.10.031,TiOx_03,10.1016/j.spmi.2017.10.031,TiOx,8,6,5,False
TiOx_03,10.1016/j.spmi.2017.10.031,TiOx,80.0,1.9030899869919435,0,0,ANALOG,NOT_REPORTED,normalized_from_ratio,IDEALIZED_SINGLE_PAIR_ANALOG,IDEALIZED_ANALOG_MAPPING,64,4,15,0,2,4,203264,56,16,896,90.55,5.680000000000007,89.30177040476191,1.5621792366795564,87.73959116808236,-1.2482295952380866,1.2482295952380866,False,LEAVE_ONE_STUDY_OUT,10.1016/j.spmi.2017.10.031,TiOx_03,10.1016/j.spmi.2017.10.031,TiOx,8,6,5,False
TiOx_03,10.1016/j.spmi.2017.10.031,TiOx,80.0,1.9030899869919435,0,0,ANALOG,NOT_REPORTED,normalized_from_ratio,IDEALIZED_SINGLE_PAIR_ANALOG,IDEALIZED_ANALOG_MAPPING,16,3,7,0,2,4,203264,800,16,12800,90.55,5.680000000000007,90.14084656349208,1.1257515613171056,89.01509500217497,-0.40915343650792124,0.40915343650792124,False,LEAVE_ONE_STUDY_OUT,10.1016/j.spmi.2017.10.031,TiOx_03,10.1016/j.spmi.2017.10.031,TiOx,8,6,5,False
TiOx_03,10.1016/j.spmi.2017.10.031,TiOx,80.0,1.9030899869919435,0,0,ANALOG,NOT_REPORTED,normalized_from_ratio,IDEALIZED_SINGLE_PAIR_ANALOG,IDEALIZED_ANALOG_MAPPING,64,6,63,0,2,4,203264,56,16,896,90.17,6.060000000000002,89.49110553174603,1.3943493661723627,88.09675616557367,-0.6788944682539721,0.6788944682539721,False,LEAVE_ONE_STUDY_OUT,10.1016/j.spmi.2017.10.031,TiOx_03,10.1016/j.spmi.2017.10.031,TiOx,8,6,5,False
TiOx_03,10.1016/j.spmi.2017.10.031,TiOx,80.0,1.9030899869919435,0,0,ANALOG,NOT_REPORTED,normalized_from_ratio,IDEALIZED_SINGLE_PAIR_ANALOG,IDEALIZED_ANALOG_MAPPING,128,3,7,0,2,5,203264,16,32,512,90.17,6.060000000000002,89.27861751659452,1.0011331280788873,88.27748438851563,-0.8913824834054793,0.8913824834054793,False,LEAVE_ONE_STUDY_OUT,10.1016/j.spmi.2017.10.031,TiOx_03,10.1016/j.spmi.2017.10.031,TiOx,8,6,5,False
TiOx_03,10.1016/j.spmi.2017.10.031,TiOx,80.0,1.9030899869919435,0,0,ANALOG,NOT_REPORTED,normalized_from_ratio,IDEALIZED_SINGLE_PAIR_ANALOG,IDEALIZED_ANALOG_MAPPING,64,7,127,0,2,4,203264,56,16,896,90.03,6.200000000000003,89.52268924603175,1.3916901492213327,88.13099909681041,-0.5073107539682553,0.5073107539682553,False,LEAVE_ONE_STUDY_OUT,10.1016/j.spmi.2017.10.031,TiOx_03,10.1016/j.spmi.2017.10.031,TiOx,8,6,5,False
TiOx_03,10.1016/j.spmi.2017.10.031,TiOx,80.0,1.9030899869919435,0,0,ANALOG,NOT_REPORTED,normalized_from_ratio,IDEALIZED_SINGLE_PAIR_ANALOG,IDEALIZED_ANALOG_MAPPING,64,8,255,0,2,4,203264,56,16,896,89.9,6.329999999999998,89.52718757936508,1.4044401456295261,88.12274743373555,-0.37281242063492925,0.37281242063492925,False,LEAVE_ONE_STUDY_OUT,10.1016/j.spmi.2017.10.031,TiOx_03,10.1016/j.spmi.2017.10.031,TiOx,8,6,5,False
TiOx_03,10.1016/j.spmi.2017.10.031,TiOx,80.0,1.9030899869919435,0,0,ANALOG,NOT_REPORTED,normalized_from_ratio,IDEALIZED_SINGLE_PAIR_ANALOG,IDEALIZED_ANALOG_MAPPING,64,5,31,0,2,4,203264,56,16,896,89.77,6.460000000000008,89.37862974603175,1.4767211210997024,87.90190862493205,-0.39137025396824754,0.39137025396824754,False,LEAVE_ONE_STUDY_OUT,10.1016/j.spmi.2017.10.031,TiOx_03,10.1016/j.spmi.2017.10.031,TiOx,8,6,5,False
TiOx_03,10.1016/j.spmi.2017.10.031,TiOx,80.0,1.9030899869919435,0,0,ANALOG,NOT_REPORTED,normalized_from_ratio,IDEALIZED_SINGLE_PAIR_ANALOG,IDEALIZED_ANALOG_MAPPING,32,3,7,0,2,4,203264,208,16,3328,89.62,6.609999999999999,89.46470168253968,1.2211651968894648,88.24353648565022,-0.1552983174603213,0.1552983174603213,False,LEAVE_ONE_STUDY_OUT,10.1016/j.spmi.2017.10.031,TiOx_03,10.1016/j.spmi.2017.10.031,TiOx,8,6,5,False
TiOx_03,10.1016/j.spmi.2017.10.031,TiOx,80.0,1.9030899869919435,0,0,ANALOG,NOT_REPORTED,normalized_from_ratio,IDEALIZED_SINGLE_PAIR_ANALOG,IDEALIZED_ANALOG_MAPPING,256,3,7,0,2,5,203264,10,32,320,89.45,6.780000000000001,88.72836794516596,1.8397416305322427,86.88862631463371,-0.7216320548340462,0.7216320548340462,False,LEAVE_ONE_STUDY_OUT,10.1016/j.spmi.2017.10.031,TiOx_03,10.1016/j.spmi.2017.10.031,TiOx,8,6,5,False
TiOx_03,10.1016/j.spmi.2017.10.031,TiOx,80.0,1.9030899869919435,0,0,ANALOG,NOT_REPORTED,normalized_from_ratio,IDEALIZED_SINGLE_PAIR_ANALOG,IDEALIZED_ANALOG_MAPPING,64,3,7,0,2,4,203264,56,16,896,86.46,9.77000000000001,86.71552359523811,1.851682510568676,84.86384108466943,0.25552359523811674,0.25552359523811674,False,LEAVE_ONE_STUDY_OUT,10.1016/j.spmi.2017.10.031,TiOx_03,10.1016/j.spmi.2017.10.031,TiOx,8,6,5,False
TiOx_03,10.1016/j.spmi.2017.10.031,TiOx,80.0,1.9030899869919435,0,0,ANALOG,NOT_REPORTED,normalized_from_ratio,IDEALIZED_SINGLE_PAIR_ANALOG,IDEALIZED_ANALOG_MAPPING,256,4,15,0,2,4,203264,10,16,160,77.68,18.55,77.22753254761905,1.7860448423817228,75.44148770523732,-0.452467452380958,0.452467452380958,False,LEAVE_ONE_STUDY_OUT,10.1016/j.spmi.2017.10.031,TiOx_03,10.1016/j.spmi.2017.10.031,TiOx,8,6,5,False
TiOx_03,10.1016/j.spmi.2017.10.031,TiOx,80.0,1.9030899869919435,0,0,ANALOG,NOT_REPORTED,normalized_from_ratio,IDEALIZED_SINGLE_PAIR_ANALOG,IDEALIZED_ANALOG_MAPPING,128,4,15,0,2,4,203264,16,16,256,77.41,18.820000000000007,79.60233895238095,1.5554196279050299,78.04691932447592,2.1923389523809504,2.1923389523809504,False,LEAVE_ONE_STUDY_OUT,10.1016/j.spmi.2017.10.031,TiOx_03,10.1016/j.spmi.2017.10.031,TiOx,8,6,5,False
TiOx_03,10.1016/j.spmi.2017.10.031,TiOx,80.0,1.9030899869919435,0,0,ANALOG,NOT_REPORTED,normalized_from_ratio,IDEALIZED_SINGLE_PAIR_ANALOG,IDEALIZED_ANALOG_MAPPING,128,3,7,0,2,4,203264,16,16,256,76.2,20.03,78.50467077777778,1.6087214901008597,76.89594928767691,2.3046707777777726,2.3046707777777726,False,LEAVE_ONE_STUDY_OUT,10.1016/j.spmi.2017.10.031,TiOx_03,10.1016/j.spmi.2017.10.031,TiOx,8,6,5,False
TiOx_03,10.1016/j.spmi.2017.10.031,TiOx,80.0,1.9030899869919435,0,0,ANALOG,NOT_REPORTED,normalized_from_ratio,IDEALIZED_SINGLE_PAIR_ANALOG,IDEALIZED_ANALOG_MAPPING,128,6,63,0,2,4,203264,16,16,256,75.65,20.58,79.4176770873016,1.5207068581992078,77.8969702291024,3.7676770873015926,3.7676770873015926,False,LEAVE_ONE_STUDY_OUT,10.1016/j.spmi.2017.10.031,TiOx_03,10.1016/j.spmi.2017.10.031,TiOx,8,6,5,False
TiOx_03,10.1016/j.spmi.2017.10.031,TiOx,80.0,1.9030899869919435,0,0,ANALOG,NOT_REPORTED,normalized_from_ratio,IDEALIZED_SINGLE_PAIR_ANALOG,IDEALIZED_ANALOG_MAPPING,256,6,63,0,2,4,203264,10,16,160,75.58,20.65000000000001,77.12283384126984,1.6386603121661556,75.48417352910369,1.5428338412698395,1.5428338412698395,False,LEAVE_ONE_STUDY_OUT,10.1016/j.spmi.2017.10.031,TiOx_03,10.1016/j.spmi.2017.10.031,TiOx,8,6,5,False
TiOx_03,10.1016/j.spmi.2017.10.031,TiOx,80.0,1.9030899869919435,0,0,ANALOG,NOT_REPORTED,normalized_from_ratio,IDEALIZED_SINGLE_PAIR_ANALOG,IDEALIZED_ANALOG_MAPPING,256,7,127,0,2,4,203264,10,16,160,75.36,20.870000000000005,77.0592861031746,1.5381120708691725,75.52117403230542,1.6992861031746003,1.6992861031746003,False,LEAVE_ONE_STUDY_OUT,10.1016/j.spmi.2017.10.031,TiOx_03,10.1016/j.spmi.2017.10.031,TiOx,8,6,5,False
TiOx_03,10.1016/j.spmi.2017.10.031,TiOx,80.0,1.9030899869919435,0,0,ANALOG,NOT_REPORTED,normalized_from_ratio,IDEALIZED_SINGLE_PAIR_ANALOG,IDEALIZED_ANALOG_MAPPING,128,8,255,0,2,4,203264,16,16,256,75.28,20.950000000000003,79.41625373015873,1.4277646086277156,77.98848912153102,4.136253730158728,4.136253730158728,False,LEAVE_ONE_STUDY_OUT,10.1016/j.spmi.2017.10.031,TiOx_03,10.1016/j.spmi.2017.10.031,TiOx,8,6,5,False
TiOx_03,10.1016/j.spmi.2017.10.031,TiOx,80.0,1.9030899869919435,0,0,ANALOG,NOT_REPORTED,normalized_from_ratio,IDEALIZED_SINGLE_PAIR_ANALOG,IDEALIZED_ANALOG_MAPPING,256,8,255,0,2,4,203264,10,16,160,75.23,21.0,77.06253376984128,1.5392117717938356,75.52332199804745,1.8325337698412767,1.8325337698412767,False,LEAVE_ONE_STUDY_OUT,10.1016/j.spmi.2017.10.031,TiOx_03,10.1016/j.spmi.2017.10.031,TiOx,8,6,5,False
TiOx_03,10.1016/j.spmi.2017.10.031,TiOx,80.0,1.9030899869919435,0,0,ANALOG,NOT_REPORTED,normalized_from_ratio,IDEALIZED_SINGLE_PAIR_ANALOG,IDEALIZED_ANALOG_MAPPING,128,7,127,0,2,4,203264,16,16,256,74.92,21.31,79.40801606349206,1.428645017417503,77.97937104607455,4.488016063492054,4.488016063492054,False,LEAVE_ONE_STUDY_OUT,10.1016/j.spmi.2017.10.031,TiOx_03,10.1016/j.spmi.2017.10.031,TiOx,8,6,5,False
TiOx_03,10.1016/j.spmi.2017.10.031,TiOx,80.0,1.9030899869919435,0,0,ANALOG,NOT_REPORTED,normalized_from_ratio,IDEALIZED_SINGLE_PAIR_ANALOG,IDEALIZED_ANALOG_MAPPING,256,5,31,0,2,4,203264,10,16,160,74.77,21.460000000000008,77.17812876984128,1.7707290915086427,75.40739967833264,2.4081287698412837,2.4081287698412837,False,LEAVE_ONE_STUDY_OUT,10.1016/j.spmi.2017.10.031,TiOx_03,10.1016/j.spmi.2017.10.031,TiOx,8,6,5,False
TiOx_03,10.1016/j.spmi.2017.10.031,TiOx,80.0,1.9030899869919435,0,0,ANALOG,NOT_REPORTED,normalized_from_ratio,IDEALIZED_SINGLE_PAIR_ANALOG,IDEALIZED_ANALOG_MAPPING,128,5,31,0,2,4,203264,16,16,256,74.52,21.710000000000008,79.48259756349208,1.5559384364553137,77.92665912703677,4.962597563492082,4.962597563492082,False,LEAVE_ONE_STUDY_OUT,10.1016/j.spmi.2017.10.031,TiOx_03,10.1016/j.spmi.2017.10.031,TiOx,8,6,5,False
TiOx_03,10.1016/j.spmi.2017.10.031,TiOx,80.0,1.9030899869919435,0,0,ANALOG,NOT_REPORTED,normalized_from_ratio,IDEALIZED_SINGLE_PAIR_ANALOG,IDEALIZED_ANALOG_MAPPING,256,3,7,0,2,4,203264,10,16,160,73.41,22.820000000000007,76.2302057142857,1.6083089485782394,74.62189676570746,2.8202057142857058,2.8202057142857058,False,LEAVE_ONE_STUDY_OUT,10.1016/j.spmi.2017.10.031,TiOx_03,10.1016/j.spmi.2017.10.031,TiOx,8,6,5,False
TiOx_03,10.1016/j.spmi.2017.10.031,TiOx,80.0,1.9030899869919435,0,0,ANALOG,NOT_REPORTED,normalized_from_ratio,IDEALIZED_SINGLE_PAIR_ANALOG,IDEALIZED_ANALOG_MAPPING,64,2,3,0,2,4,203264,56,16,896,12.52,83.71000000000001,11.733816920634919,0.3801991060622974,11.35361781457262,-0.786183079365081,0.786183079365081,False,LEAVE_ONE_STUDY_OUT,10.1016/j.spmi.2017.10.031,TiOx_03,10.1016/j.spmi.2017.10.031,TiOx,8,6,5,False
TiOx_03,10.1016/j.spmi.2017.10.031,TiOx,80.0,1.9030899869919435,0,0,ANALOG,NOT_REPORTED,normalized_from_ratio,IDEALIZED_SINGLE_PAIR_ANALOG,IDEALIZED_ANALOG_MAPPING,64,2,3,0,2,5,203264,56,32,1792,12.05,84.18,11.463458603174605,0.28556854432838086,11.177890058846224,-0.5865413968253961,0.5865413968253961,False,LEAVE_ONE_STUDY_OUT,10.1016/j.spmi.2017.10.031,TiOx_03,10.1016/j.spmi.2017.10.031,TiOx,8,6,5,False
TiOx_03,10.1016/j.spmi.2017.10.031,TiOx,80.0,1.9030899869919435,0,0,ANALOG,NOT_REPORTED,normalized_from_ratio,IDEALIZED_SINGLE_PAIR_ANALOG,IDEALIZED_ANALOG_MAPPING,16,2,3,0,2,4,203264,800,16,12800,12.04,84.19,11.767196414862914,0.23027898693503776,11.536917427927877,-0.27280358513708514,0.27280358513708514,False,LEAVE_ONE_STUDY_OUT,10.1016/j.spmi.2017.10.031,TiOx_03,10.1016/j.spmi.2017.10.031,TiOx,8,6,5,False
TiOx_03,10.1016/j.spmi.2017.10.031,TiOx,80.0,1.9030899869919435,0,0,ANALOG,NOT_REPORTED,normalized_from_ratio,IDEALIZED_SINGLE_PAIR_ANALOG,IDEALIZED_ANALOG_MAPPING,128,2,3,0,2,5,203264,16,32,512,11.98,84.25,11.721351460317461,0.44122109567630063,11.28013036464116,-0.25864853968253954,0.25864853968253954,False,LEAVE_ONE_STUDY_OUT,10.1016/j.spmi.2017.10.031,TiOx_03,10.1016/j.spmi.2017.10.031,TiOx,8,6,5,False
TiOx_03,10.1016/j.spmi.2017.10.031,TiOx,80.0,1.9030899869919435,0,0,ANALOG,NOT_REPORTED,normalized_from_ratio,IDEALIZED_SINGLE_PAIR_ANALOG,IDEALIZED_ANALOG_MAPPING,256,2,3,0,2,5,203264,10,32,320,11.93,84.30000000000001,11.642403023809523,0.6225055725717781,11.019897451237744,-0.28759697619047664,0.28759697619047664,False,LEAVE_ONE_STUDY_OUT,10.1016/j.spmi.2017.10.031,TiOx_03,10.1016/j.spmi.2017.10.031,TiOx,8,6,5,False
TiOx_03,10.1016/j.spmi.2017.10.031,TiOx,80.0,1.9030899869919435,0,0,ANALOG,NOT_REPORTED,normalized_from_ratio,IDEALIZED_SINGLE_PAIR_ANALOG,IDEALIZED_ANALOG_MAPPING,128,2,3,0,2,4,203264,16,16,256,11.86,84.37,11.103367412698411,0.39317380310067285,10.710193609597738,-0.7566325873015884,0.7566325873015884,False,LEAVE_ONE_STUDY_OUT,10.1016/j.spmi.2017.10.031,TiOx_03,10.1016/j.spmi.2017.10.031,TiOx,8,6,5,False
TiOx_03,10.1016/j.spmi.2017.10.031,TiOx,80.0,1.9030899869919435,0,0,ANALOG,NOT_REPORTED,normalized_from_ratio,IDEALIZED_SINGLE_PAIR_ANALOG,IDEALIZED_ANALOG_MAPPING,32,2,3,0,2,5,203264,208,32,6656,11.72,84.51,11.574047772005772,0.2353940360227348,11.338653735983037,-0.14595222799422913,0.14595222799422913,False,LEAVE_ONE_STUDY_OUT,10.1016/j.spmi.2017.10.031,TiOx_03,10.1016/j.spmi.2017.10.031,TiOx,8,6,5,False
TiOx_03,10.1016/j.spmi.2017.10.031,TiOx,80.0,1.9030899869919435,0,0,ANALOG,NOT_REPORTED,normalized_from_ratio,IDEALIZED_SINGLE_PAIR_ANALOG,IDEALIZED_ANALOG_MAPPING,16,2,3,0,2,5,203264,800,32,25600,11.58,84.65,11.524559081529581,0.1917533896883278,11.332805691841253,-0.055440918470418765,0.055440918470418765,False,LEAVE_ONE_STUDY_OUT,10.1016/j.spmi.2017.10.031,TiOx_03,10.1016/j.spmi.2017.10.031,TiOx,8,6,5,False
TiOx_03,10.1016/j.spmi.2017.10.031,TiOx,80.0,1.9030899869919435,0,0,ANALOG,NOT_REPORTED,normalized_from_ratio,IDEALIZED_SINGLE_PAIR_ANALOG,IDEALIZED_ANALOG_MAPPING,32,2,3,0,2,4,203264,208,16,3328,11.55,84.68,11.799493581529582,0.24825575377696454,11.551237827752617,0.24949358152958112,0.24949358152958112,False,LEAVE_ONE_STUDY_OUT,10.1016/j.spmi.2017.10.031,TiOx_03,10.1016/j.spmi.2017.10.031,TiOx,8,6,5,False
TiOx_03,10.1016/j.spmi.2017.10.031,TiOx,80.0,1.9030899869919435,0,0,ANALOG,NOT_REPORTED,normalized_from_ratio,IDEALIZED_SINGLE_PAIR_ANALOG,IDEALIZED_ANALOG_MAPPING,256,2,3,0,2,8,203264,10,256,2560,11.51,84.72,11.307839071428571,0.11921695761741102,11.18862211381116,-0.20216092857142876,0.20216092857142876,False,LEAVE_ONE_STUDY_OUT,10.1016/j.spmi.2017.10.031,TiOx_03,10.1016/j.spmi.2017.10.031,TiOx,8,6,5,False
TiOx_03,10.1016/j.spmi.2017.10.031,TiOx,80.0,1.9030899869919435,0,0,ANALOG,NOT_REPORTED,normalized_from_ratio,IDEALIZED_SINGLE_PAIR_ANALOG,IDEALIZED_ANALOG_MAPPING,32,2,3,0,2,9,203264,208,512,106496,11.49,84.74000000000001,11.342812206349205,0.08821760398114063,11.254594602368064,-0.14718779365079548,0.14718779365079548,False,LEAVE_ONE_STUDY_OUT,10.1016/j.spmi.2017.10.031,TiOx_03,10.1016/j.spmi.2017.10.031,TiOx,8,6,5,False
TiOx_03,10.1016/j.spmi.2017.10.031,TiOx,80.0,1.9030899869919435,0,0,ANALOG,NOT_REPORTED,normalized_from_ratio,IDEALIZED_SINGLE_PAIR_ANALOG,IDEALIZED_ANALOG_MAPPING,16,2,3,0,2,10,203264,800,1024,819200,11.49,84.74000000000001,11.377194150793652,0.09061121387289085,11.286582936920762,-0.11280584920634773,0.11280584920634773,False,LEAVE_ONE_STUDY_OUT,10.1016/j.spmi.2017.10.031,TiOx_03,10.1016/j.spmi.2017.10.031,TiOx,8,6,5,False
TiOx_03,10.1016/j.spmi.2017.10.031,TiOx,80.0,1.9030899869919435,0,0,ANALOG,NOT_REPORTED,normalized_from_ratio,IDEALIZED_SINGLE_PAIR_ANALOG,IDEALIZED_ANALOG_MAPPING,128,2,3,0,2,8,203264,16,256,4096,11.47,84.76,11.30245618253968,0.1022659157123867,11.200190266827294,-0.1675438174603201,0.1675438174603201,False,LEAVE_ONE_STUDY_OUT,10.1016/j.spmi.2017.10.031,TiOx_03,10.1016/j.spmi.2017.10.031,TiOx,8,6,5,False
TiOx_03,10.1016/j.spmi.2017.10.031,TiOx,80.0,1.9030899869919435,0,0,ANALOG,NOT_REPORTED,normalized_from_ratio,IDEALIZED_SINGLE_PAIR_ANALOG,IDEALIZED_ANALOG_MAPPING,16,2,3,0,2,9,203264,800,512,409600,11.46,84.77000000000001,11.385859912698411,0.06924042573241988,11.31661948696599,-0.07414008730158983,0.07414008730158983,False,LEAVE_ONE_STUDY_OUT,10.1016/j.spmi.2017.10.031,TiOx_03,10.1016/j.spmi.2017.10.031,TiOx,8,6,5,False
TiOx_03,10.1016/j.spmi.2017.10.031,TiOx,80.0,1.9030899869919435,0,0,ANALOG,NOT_REPORTED,normalized_from_ratio,IDEALIZED_SINGLE_PAIR_ANALOG,IDEALIZED_ANALOG_MAPPING,16,2,3,0,2,8,203264,800,256,204800,11.46,84.77000000000001,11.340684238095239,0.08224448183327093,11.258439756261968,-0.11931576190476179,0.11931576190476179,False,LEAVE_ONE_STUDY_OUT,10.1016/j.spmi.2017.10.031,TiOx_03,10.1016/j.spmi.2017.10.031,TiOx,8,6,5,False
TiOx_03,10.1016/j.spmi.2017.10.031,TiOx,80.0,1.9030899869919435,0,0,ANALOG,NOT_REPORTED,normalized_from_ratio,IDEALIZED_SINGLE_PAIR_ANALOG,IDEALIZED_ANALOG_MAPPING,128,2,3,0,2,7,203264,16,128,2048,11.46,84.77000000000001,11.488821722222223,0.11810194913410658,11.370719773088117,0.028821722222222235,0.028821722222222235,False,LEAVE_ONE_STUDY_OUT,10.1016/j.spmi.2017.10.031,TiOx_03,10.1016/j.spmi.2017.10.031,TiOx,8,6,5,False
TiOx_03,10.1016/j.spmi.2017.10.031,TiOx,80.0,1.9030899869919435,0,0,ANALOG,NOT_REPORTED,normalized_from_ratio,IDEALIZED_SINGLE_PAIR_ANALOG,IDEALIZED_ANALOG_MAPPING,64,2,3,0,2,9,203264,56,512,28672,11.42,84.81,11.311499134920636,0.09362436020541716,11.217874774715218,-0.10850086507936396,0.10850086507936396,False,LEAVE_ONE_STUDY_OUT,10.1016/j.spmi.2017.10.031,TiOx_03,10.1016/j.spmi.2017.10.031,TiOx,8,6,5,False
TiOx_03,10.1016/j.spmi.2017.10.031,TiOx,80.0,1.9030899869919435,0,0,ANALOG,NOT_REPORTED,normalized_from_ratio,IDEALIZED_SINGLE_PAIR_ANALOG,IDEALIZED_ANALOG_MAPPING,128,2,3,0,2,9,203264,16,512,8192,11.41,84.82000000000001,11.353159841269841,0.07294075388057802,11.280219087389263,-0.05684015873015902,0.05684015873015902,False,LEAVE_ONE_STUDY_OUT,10.1016/j.spmi.2017.10.031,TiOx_03,10.1016/j.spmi.2017.10.031,TiOx,8,6,5,False
TiOx_03,10.1016/j.spmi.2017.10.031,TiOx,80.0,1.9030899869919435,0,0,ANALOG,NOT_REPORTED,normalized_from_ratio,IDEALIZED_SINGLE_PAIR_ANALOG,IDEALIZED_ANALOG_MAPPING,32,2,3,0,2,8,203264,208,256,53248,11.4,84.83,11.270754063492062,0.08593884077386485,11.184815222718196,-0.1292459365079388,0.1292459365079388,False,LEAVE_ONE_STUDY_OUT,10.1016/j.spmi.2017.10.031,TiOx_03,10.1016/j.spmi.2017.10.031,TiOx,8,6,5,False
TiOx_03,10.1016/j.spmi.2017.10.031,TiOx,80.0,1.9030899869919435,0,0,ANALOG,NOT_REPORTED,normalized_from_ratio,IDEALIZED_SINGLE_PAIR_ANALOG,IDEALIZED_ANALOG_MAPPING,32,2,3,0,2,6,203264,208,64,13312,11.38,84.85000000000001,11.245798634920634,0.20173909773229592,11.044059537188339,-0.13420136507936675,0.13420136507936675,False,LEAVE_ONE_STUDY_OUT,10.1016/j.spmi.2017.10.031,TiOx_03,10.1016/j.spmi.2017.10.031,TiOx,8,6,5,False
TiOx_03,10.1016/j.spmi.2017.10.031,TiOx,80.0,1.9030899869919435,0,0,ANALOG,NOT_REPORTED,normalized_from_ratio,IDEALIZED_SINGLE_PAIR_ANALOG,IDEALIZED_ANALOG_MAPPING,256,2,3,0,2,9,203264,10,512,5120,11.38,84.85000000000001,11.35541165079365,0.08671643373058034,11.26869521706307,-0.024588349206350557,0.024588349206350557,False,LEAVE_ONE_STUDY_OUT,10.1016/j.spmi.2017.10.031,TiOx_03,10.1016/j.spmi.2017.10.031,TiOx,8,6,5,False
TiOx_03,10.1016/j.spmi.2017.10.031,TiOx,80.0,1.9030899869919435,0,0,ANALOG,NOT_REPORTED,normalized_from_ratio,IDEALIZED_SINGLE_PAIR_ANALOG,IDEALIZED_ANALOG_MAPPING,64,2,3,0,2,8,203264,56,256,14336,11.38,84.85000000000001,11.223341674603176,0.08629144446016723,11.137050230143009,-0.15665832539682434,0.15665832539682434,False,LEAVE_ONE_STUDY_OUT,10.1016/j.spmi.2017.10.031,TiOx_03,10.1016/j.spmi.2017.10.031,TiOx,8,6,5,False
TiOx_03,10.1016/j.spmi.2017.10.031,TiOx,80.0,1.9030899869919435,0,0,ANALOG,NOT_REPORTED,normalized_from_ratio,IDEALIZED_SINGLE_PAIR_ANALOG,IDEALIZED_ANALOG_MAPPING,32,2,3,0,2,10,203264,208,1024,212992,11.28,84.95,11.26663688888889,0.09266476834632528,11.173972120542565,-0.01336311111110966,0.01336311111110966,False,LEAVE_ONE_STUDY_OUT,10.1016/j.spmi.2017.10.031,TiOx_03,10.1016/j.spmi.2017.10.031,TiOx,8,6,5,False
TiOx_03,10.1016/j.spmi.2017.10.031,TiOx,80.0,1.9030899869919435,0,0,ANALOG,NOT_REPORTED,normalized_from_ratio,IDEALIZED_SINGLE_PAIR_ANALOG,IDEALIZED_ANALOG_MAPPING,256,2,3,0,2,7,203264,10,128,1280,11.27,84.96000000000001,11.498358587301587,0.14054677883757738,11.357811808464009,0.22835858730158698,0.22835858730158698,False,LEAVE_ONE_STUDY_OUT,10.1016/j.spmi.2017.10.031,TiOx_03,10.1016/j.spmi.2017.10.031,TiOx,8,6,5,False
TiOx_03,10.1016/j.spmi.2017.10.031,TiOx,80.0,1.9030899869919435,0,0,ANALOG,NOT_REPORTED,normalized_from_ratio,IDEALIZED_SINGLE_PAIR_ANALOG,IDEALIZED_ANALOG_MAPPING,16,2,3,0,2,6,203264,800,64,51200,11.26,84.97,11.318652880952381,0.17796279808640808,11.140690082865973,0.058652880952381636,0.058652880952381636,False,LEAVE_ONE_STUDY_OUT,10.1016/j.spmi.2017.10.031,TiOx_03,10.1016/j.spmi.2017.10.031,TiOx,8,6,5,False
TiOx_03,10.1016/j.spmi.2017.10.031,TiOx,80.0,1.9030899869919435,0,0,ANALOG,NOT_REPORTED,normalized_from_ratio,IDEALIZED_SINGLE_PAIR_ANALOG,IDEALIZED_ANALOG_MAPPING,64,2,3,0,2,10,203264,56,1024,57344,11.25,84.98,11.236490380952382,0.07785594287098584,11.158634438081396,-0.013509619047617605,0.013509619047617605,False,LEAVE_ONE_STUDY_OUT,10.1016/j.spmi.2017.10.031,TiOx_03,10.1016/j.spmi.2017.10.031,TiOx,8,6,5,False
TiOx_03,10.1016/j.spmi.2017.10.031,TiOx,80.0,1.9030899869919435,0,0,ANALOG,NOT_REPORTED,normalized_from_ratio,IDEALIZED_SINGLE_PAIR_ANALOG,IDEALIZED_ANALOG_MAPPING,32,2,3,0,2,7,203264,208,128,26624,11.23,85.0,11.369317492063493,0.1083263323907561,11.260991159672736,0.1393174920634923,0.1393174920634923,False,LEAVE_ONE_STUDY_OUT,10.1016/j.spmi.2017.10.031,TiOx_03,10.1016/j.spmi.2017.10.031,TiOx,8,6,5,False
TiOx_03,10.1016/j.spmi.2017.10.031,TiOx,80.0,1.9030899869919435,0,0,ANALOG,NOT_REPORTED,normalized_from_ratio,IDEALIZED_SINGLE_PAIR_ANALOG,IDEALIZED_ANALOG_MAPPING,128,2,3,0,2,10,203264,16,1024,16384,11.22,85.01,11.258437246031747,0.06841270910456487,11.190024536927181,0.03843724603174614,0.03843724603174614,False,LEAVE_ONE_STUDY_OUT,10.1016/j.spmi.2017.10.031,TiOx_03,10.1016/j.spmi.2017.10.031,TiOx,8,6,5,False
TiOx_03,10.1016/j.spmi.2017.10.031,TiOx,80.0,1.9030899869919435,0,0,ANALOG,NOT_REPORTED,normalized_from_ratio,IDEALIZED_SINGLE_PAIR_ANALOG,IDEALIZED_ANALOG_MAPPING,256,2,3,0,2,10,203264,10,1024,10240,11.18,85.05000000000001,11.271709666666668,0.07722185157280889,11.19448781509386,0.09170966666666835,0.09170966666666835,False,LEAVE_ONE_STUDY_OUT,10.1016/j.spmi.2017.10.031,TiOx_03,10.1016/j.spmi.2017.10.031,TiOx,8,6,5,False
TiOx_03,10.1016/j.spmi.2017.10.031,TiOx,80.0,1.9030899869919435,0,0,ANALOG,NOT_REPORTED,normalized_from_ratio,IDEALIZED_SINGLE_PAIR_ANALOG,IDEALIZED_ANALOG_MAPPING,16,2,3,0,2,7,203264,800,128,102400,11.13,85.10000000000001,11.3990385,0.07149519398875634,11.327543306011243,0.26903849999999885,0.26903849999999885,False,LEAVE_ONE_STUDY_OUT,10.1016/j.spmi.2017.10.031,TiOx_03,10.1016/j.spmi.2017.10.031,TiOx,8,6,5,False
TiOx_03,10.1016/j.spmi.2017.10.031,TiOx,80.0,1.9030899869919435,0,0,ANALOG,NOT_REPORTED,normalized_from_ratio,IDEALIZED_SINGLE_PAIR_ANALOG,IDEALIZED_ANALOG_MAPPING,256,2,3,0,2,4,203264,10,16,160,11.11,85.12,10.638350841269842,0.5869810486902204,10.051369792579623,-0.4716491587301572,0.4716491587301572,False,LEAVE_ONE_STUDY_OUT,10.1016/j.spmi.2017.10.031,TiOx_03,10.1016/j.spmi.2017.10.031,TiOx,8,6,5,False
TiOx_03,10.1016/j.spmi.2017.10.031,TiOx,80.0,1.9030899869919435,0,0,ANALOG,NOT_REPORTED,normalized_from_ratio,IDEALIZED_SINGLE_PAIR_ANALOG,IDEALIZED_ANALOG_MAPPING,64,2,3,0,2,6,203264,56,64,3584,11.07,85.16,11.20415884920635,0.23201273086058305,10.972146118345766,0.13415884920634902,0.13415884920634902,False,LEAVE_ONE_STUDY_OUT,10.1016/j.spmi.2017.10.031,TiOx_03,10.1016/j.spmi.2017.10.031,TiOx,8,6,5,False
TiOx_03,10.1016/j.spmi.2017.10.031,TiOx,80.0,1.9030899869919435,0,0,ANALOG,NOT_REPORTED,normalized_from_ratio,IDEALIZED_SINGLE_PAIR_ANALOG,IDEALIZED_ANALOG_MAPPING,64,2,3,0,2,7,203264,56,128,7168,11.04,85.19,11.299521460317461,0.14335451791665782,11.156166942400803,0.2595214603174618,0.2595214603174618,False,LEAVE_ONE_STUDY_OUT,10.1016/j.spmi.2017.10.031,TiOx_03,10.1016/j.spmi.2017.10.031,TiOx,8,6,5,False
TiOx_03,10.1016/j.spmi.2017.10.031,TiOx,80.0,1.9030899869919435,0,0,ANALOG,NOT_REPORTED,normalized_from_ratio,IDEALIZED_SINGLE_PAIR_ANALOG,IDEALIZED_ANALOG_MAPPING,128,2,3,0,2,6,203264,16,64,1024,11.03,85.2,11.339880714285714,0.29078886198186,11.049091852303855,0.30988071428571473,0.30988071428571473,False,LEAVE_ONE_STUDY_OUT,10.1016/j.spmi.2017.10.031,TiOx_03,10.1016/j.spmi.2017.10.031,TiOx,8,6,5,False
TiOx_03,10.1016/j.spmi.2017.10.031,TiOx,80.0,1.9030899869919435,0,0,ANALOG,NOT_REPORTED,normalized_from_ratio,IDEALIZED_SINGLE_PAIR_ANALOG,IDEALIZED_ANALOG_MAPPING,256,2,3,0,2,6,203264,10,64,640,10.89,85.34,11.40684896031746,0.3527079032771254,11.054141057040335,0.5168489603174589,0.5168489603174589,False,LEAVE_ONE_STUDY_OUT,10.1016/j.spmi.2017.10.031,TiOx_03,10.1016/j.spmi.2017.10.031,TiOx,8,6,5,False
TaOx_01,10.1038/s41598-017-18329-3,TaOx,2909.09,3.463757157444634,1,7,DISCRETE_MULTILEVEL,DERIVED,absolute,SINGLE_DIFFERENTIAL_PAIR,DERIVED_DEVICE_STATE_CAP,64,8,13,0,2,9,203264,56,512,28672,96.17,0.0600000000000022,96.15219928571429,0.08122612478781223,96.07097316092647,-0.017800714285712615,0.017800714285712615,True,LEAVE_ONE_STUDY_OUT,10.1038/s41598-017-18329-3,TaOx_01,10.1038/s41598-017-18329-3,TaOx,8,6,4,False
TaOx_01,10.1038/s41598-017-18329-3,TaOx,2909.09,3.463757157444634,1,7,DISCRETE_MULTILEVEL,DERIVED,absolute,SINGLE_DIFFERENTIAL_PAIR,DERIVED_DEVICE_STATE_CAP,64,7,13,0,2,9,203264,56,512,28672,96.17,0.0600000000000022,96.1507432857143,0.07988911632483786,96.07085416938946,-0.01925671428570297,0.01925671428570297,True,LEAVE_ONE_STUDY_OUT,10.1038/s41598-017-18329-3,TaOx_01,10.1038/s41598-017-18329-3,TaOx,8,6,4,False
TaOx_01,10.1038/s41598-017-18329-3,TaOx,2909.09,3.463757157444634,1,7,DISCRETE_MULTILEVEL,DERIVED,absolute,SINGLE_DIFFERENTIAL_PAIR,DERIVED_DEVICE_STATE_CAP,64,6,13,0,2,9,203264,56,512,28672,96.17,0.0600000000000022,96.15934313492063,0.08816854015699252,96.07117459476363,-0.010656865079369027,0.010656865079369027,True,LEAVE_ONE_STUDY_OUT,10.1038/s41598-017-18329-3,TaOx_01,10.1038/s41598-017-18329-3,TaOx,8,6,4,False
TaOx_01,10.1038/s41598-017-18329-3,TaOx,2909.09,3.463757157444634,1,7,DISCRETE_MULTILEVEL,DERIVED,absolute,SINGLE_DIFFERENTIAL_PAIR,DERIVED_DEVICE_STATE_CAP,64,5,13,0,2,9,203264,56,512,28672,96.17,0.0600000000000022,96.09928195238096,0.04576813077367611,96.05351382160728,-0.07071804761903877,0.07071804761903877,True,LEAVE_ONE_STUDY_OUT,10.1038/s41598-017-18329-3,TaOx_01,10.1038/s41598-017-18329-3,TaOx,8,6,4,False
TaOx_01,10.1038/s41598-017-18329-3,TaOx,2909.09,3.463757157444634,1,7,DISCRETE_MULTILEVEL,DERIVED,absolute,SINGLE_DIFFERENTIAL_PAIR,DERIVED_DEVICE_STATE_CAP,64,4,13,0,2,9,203264,56,512,28672,96.17,0.0600000000000022,96.05895307142856,0.02582197606294336,96.03313109536562,-0.11104692857144016,0.11104692857144016,True,LEAVE_ONE_STUDY_OUT,10.1038/s41598-017-18329-3,TaOx_01,10.1038/s41598-017-18329-3,TaOx,8,6,4,False
TaOx_01,10.1038/s41598-017-18329-3,TaOx,2909.09,3.463757157444634,1,7,DISCRETE_MULTILEVEL,DERIVED,absolute,SINGLE_DIFFERENTIAL_PAIR,DERIVED_DEVICE_STATE_CAP,32,7,13,0,2,7,203264,208,128,26624,96.13,0.1000000000000085,96.16612287301588,0.07716191444116492,96.08896095857472,0.03612287301588424,0.03612287301588424,True,LEAVE_ONE_STUDY_OUT,10.1038/s41598-017-18329-3,TaOx_01,10.1038/s41598-017-18329-3,TaOx,8,6,4,False
TaOx_01,10.1038/s41598-017-18329-3,TaOx,2909.09,3.463757157444634,1,7,DISCRETE_MULTILEVEL,DERIVED,absolute,SINGLE_DIFFERENTIAL_PAIR,DERIVED_DEVICE_STATE_CAP,32,6,13,0,2,7,203264,208,128,26624,96.13,0.1000000000000085,96.16869573015875,0.07970570114096868,96.08899002901778,0.03869573015875005,0.03869573015875005,True,LEAVE_ONE_STUDY_OUT,10.1038/s41598-017-18329-3,TaOx_01,10.1038/s41598-017-18329-3,TaOx,8,6,4,False
TaOx_01,10.1038/s41598-017-18329-3,TaOx,2909.09,3.463757157444634,1,7,DISCRETE_MULTILEVEL,DERIVED,absolute,SINGLE_DIFFERENTIAL_PAIR,DERIVED_DEVICE_STATE_CAP,32,5,13,0,2,7,203264,208,128,26624,96.13,0.1000000000000085,96.1215746031746,0.054488959668814195,96.06708564350578,-0.008425396825401776,0.008425396825401776,True,LEAVE_ONE_STUDY_OUT,10.1038/s41598-017-18329-3,TaOx_01,10.1038/s41598-017-18329-3,TaOx,8,6,4,False
TaOx_01,10.1038/s41598-017-18329-3,TaOx,2909.09,3.463757157444634,1,7,DISCRETE_MULTILEVEL,DERIVED,absolute,SINGLE_DIFFERENTIAL_PAIR,DERIVED_DEVICE_STATE_CAP,32,8,13,0,2,7,203264,208,128,26624,96.13,0.1000000000000085,96.1668813968254,0.07793490263024942,96.08894649419516,0.036881396825407364,0.036881396825407364,True,LEAVE_ONE_STUDY_OUT,10.1038/s41598-017-18329-3,TaOx_01,10.1038/s41598-017-18329-3,TaOx,8,6,4,False
TaOx_01,10.1038/s41598-017-18329-3,TaOx,2909.09,3.463757157444634,1,7,DISCRETE_MULTILEVEL,DERIVED,absolute,SINGLE_DIFFERENTIAL_PAIR,DERIVED_DEVICE_STATE_CAP,32,4,13,0,2,7,203264,208,128,26624,96.13,0.1000000000000085,96.0773126984127,0.026069955838611308,96.05124274257409,-0.05268730158729795,0.05268730158729795,True,LEAVE_ONE_STUDY_OUT,10.1038/s41598-017-18329-3,TaOx_01,10.1038/s41598-017-18329-3,TaOx,8,6,4,False
TaOx_01,10.1038/s41598-017-18329-3,TaOx,2909.09,3.463757157444634,1,7,DISCRETE_MULTILEVEL,DERIVED,absolute,SINGLE_DIFFERENTIAL_PAIR,DERIVED_DEVICE_STATE_CAP,16,7,13,0,2,8,203264,800,256,204800,96.12,0.1099999999999994,96.15552632539683,0.08746764750610973,96.06805867789072,0.035526325396830316,0.035526325396830316,True,LEAVE_ONE_STUDY_OUT,10.1038/s41598-017-18329-3,TaOx_01,10.1038/s41598-017-18329-3,TaOx,8,6,4,False
TaOx_01,10.1038/s41598-017-18329-3,TaOx,2909.09,3.463757157444634,1,7,DISCRETE_MULTILEVEL,DERIVED,absolute,SINGLE_DIFFERENTIAL_PAIR,DERIVED_DEVICE_STATE_CAP,16,6,13,0,2,8,203264,800,256,204800,96.12,0.1099999999999994,96.16491421428572,0.09731349236265073,96.06760072192307,0.044914214285711296,0.044914214285711296,True,LEAVE_ONE_STUDY_OUT,10.1038/s41598-017-18329-3,TaOx_01,10.1038/s41598-017-18329-3,TaOx,8,6,4,False
TaOx_01,10.1038/s41598-017-18329-3,TaOx,2909.09,3.463757157444634,1,7,DISCRETE_MULTILEVEL,DERIVED,absolute,SINGLE_DIFFERENTIAL_PAIR,DERIVED_DEVICE_STATE_CAP,16,8,13,0,2,8,203264,800,256,204800,96.12,0.1099999999999994,96.15651403968255,0.08855364727919562,96.06796039240335,0.03651403968254385,0.03651403968254385,True,LEAVE_ONE_STUDY_OUT,10.1038/s41598-017-18329-3,TaOx_01,10.1038/s41598-017-18329-3,TaOx,8,6,4,False
TaOx_01,10.1038/s41598-017-18329-3,TaOx,2909.09,3.463757157444634,1,7,DISCRETE_MULTILEVEL,DERIVED,absolute,SINGLE_DIFFERENTIAL_PAIR,DERIVED_DEVICE_STATE_CAP,16,5,13,0,2,8,203264,800,256,204800,96.12,0.1099999999999994,96.09602958730157,0.03868396124811061,96.05734562605346,-0.023970412698432142,0.023970412698432142,True,LEAVE_ONE_STUDY_OUT,10.1038/s41598-017-18329-3,TaOx_01,10.1038/s41598-017-18329-3,TaOx,8,6,4,False
TaOx_01,10.1038/s41598-017-18329-3,TaOx,2909.09,3.463757157444634,1,7,DISCRETE_MULTILEVEL,DERIVED,absolute,SINGLE_DIFFERENTIAL_PAIR,DERIVED_DEVICE_STATE_CAP,16,4,13,0,2,8,203264,800,256,204800,96.12,0.1099999999999994,96.06291209523809,0.013308056938220122,96.04960403829988,-0.05708790476191439,0.05708790476191439,True,LEAVE_ONE_STUDY_OUT,10.1038/s41598-017-18329-3,TaOx_01,10.1038/s41598-017-18329-3,TaOx,8,6,4,False
TaOx_01,10.1038/s41598-017-18329-3,TaOx,2909.09,3.463757157444634,1,7,DISCRETE_MULTILEVEL,DERIVED,absolute,SINGLE_DIFFERENTIAL_PAIR,DERIVED_DEVICE_STATE_CAP,32,6,13,0,2,8,203264,208,256,53248,96.11,0.1200000000000045,96.16536474603174,0.09587485328514271,96.0694898927466,0.05536474603174213,0.05536474603174213,True,LEAVE_ONE_STUDY_OUT,10.1038/s41598-017-18329-3,TaOx_01,10.1038/s41598-017-18329-3,TaOx,8,6,4,False
TaOx_01,10.1038/s41598-017-18329-3,TaOx,2909.09,3.463757157444634,1,7,DISCRETE_MULTILEVEL,DERIVED,absolute,SINGLE_DIFFERENTIAL_PAIR,DERIVED_DEVICE_STATE_CAP,32,5,13,0,2,8,203264,208,256,53248,96.11,0.1200000000000045,96.10068456349207,0.04896234692032025,96.05172221657175,-0.009315436507932873,0.009315436507932873,True,LEAVE_ONE_STUDY_OUT,10.1038/s41598-017-18329-3,TaOx_01,10.1038/s41598-017-18329-3,TaOx,8,6,4,False
TaOx_01,10.1038/s41598-017-18329-3,TaOx,2909.09,3.463757157444634,1,7,DISCRETE_MULTILEVEL,DERIVED,absolute,SINGLE_DIFFERENTIAL_PAIR,DERIVED_DEVICE_STATE_CAP,32,4,13,0,2,8,203264,208,256,53248,96.11,0.1200000000000045,96.05899523809524,0.012851475801281065,96.04614376229395,-0.051004761904763996,0.051004761904763996,True,LEAVE_ONE_STUDY_OUT,10.1038/s41598-017-18329-3,TaOx_01,10.1038/s41598-017-18329-3,TaOx,8,6,4,False
TaOx_01,10.1038/s41598-017-18329-3,TaOx,2909.09,3.463757157444634,1,7,DISCRETE_MULTILEVEL,DERIVED,absolute,SINGLE_DIFFERENTIAL_PAIR,DERIVED_DEVICE_STATE_CAP,16,5,13,0,2,9,203264,800,512,409600,96.11,0.1200000000000045,96.10175226984127,0.03581684901364488,96.06593542082763,-0.008247730158728928,0.008247730158728928,True,LEAVE_ONE_STUDY_OUT,10.1038/s41598-017-18329-3,TaOx_01,10.1038/s41598-017-18329-3,TaOx,8,6,4,False
TaOx_01,10.1038/s41598-017-18329-3,TaOx,2909.09,3.463757157444634,1,7,DISCRETE_MULTILEVEL,DERIVED,absolute,SINGLE_DIFFERENTIAL_PAIR,DERIVED_DEVICE_STATE_CAP,16,8,13,0,2,9,203264,800,512,409600,96.11,0.1200000000000045,96.15852612698413,0.08279308323388263,96.07573304375025,0.04852612698412884,0.04852612698412884,True,LEAVE_ONE_STUDY_OUT,10.1038/s41598-017-18329-3,TaOx_01,10.1038/s41598-017-18329-3,TaOx,8,6,4,False
TaOx_01,10.1038/s41598-017-18329-3,TaOx,2909.09,3.463757157444634,1,7,DISCRETE_MULTILEVEL,DERIVED,absolute,SINGLE_DIFFERENTIAL_PAIR,DERIVED_DEVICE_STATE_CAP,16,6,13,0,2,9,203264,800,512,409600,96.11,0.1200000000000045,96.16502581746032,0.08967203110315608,96.07535378635716,0.05502581746031865,0.05502581746031865,True,LEAVE_ONE_STUDY_OUT,10.1038/s41598-017-18329-3,TaOx_01,10.1038/s41598-017-18329-3,TaOx,8,6,4,False
TaOx_01,10.1038/s41598-017-18329-3,TaOx,2909.09,3.463757157444634,1,7,DISCRETE_MULTILEVEL,DERIVED,absolute,SINGLE_DIFFERENTIAL_PAIR,DERIVED_DEVICE_STATE_CAP,64,4,13,0,2,10,203264,56,1024,57344,96.11,0.1200000000000045,96.06193550793651,0.013787968743441533,96.04814753919307,-0.04806449206348873,0.04806449206348873,True,LEAVE_ONE_STUDY_OUT,10.1038/s41598-017-18329-3,TaOx_01,10.1038/s41598-017-18329-3,TaOx,8,6,4,False
TaOx_01,10.1038/s41598-017-18329-3,TaOx,2909.09,3.463757157444634,1,7,DISCRETE_MULTILEVEL,DERIVED,absolute,SINGLE_DIFFERENTIAL_PAIR,DERIVED_DEVICE_STATE_CAP,128,6,13,0,2,10,203264,16,1024,16384,96.11,0.1200000000000045,96.16209711111111,0.09609353353689744,96.06600357757421,0.052097111111109484,0.052097111111109484,True,LEAVE_ONE_STUDY_OUT,10.1038/s41598-017-18329-3,TaOx_01,10.1038/s41598-017-18329-3,TaOx,8,6,4,False
TaOx_01,10.1038/s41598-017-18329-3,TaOx,2909.09,3.463757157444634,1,7,DISCRETE_MULTILEVEL,DERIVED,absolute,SINGLE_DIFFERENTIAL_PAIR,DERIVED_DEVICE_STATE_CAP,128,8,13,0,2,10,203264,16,1024,16384,96.11,0.1200000000000045,96.1535502960928,0.08742569422838353,96.06612460186442,0.043550296092803364,0.043550296092803364,True,LEAVE_ONE_STUDY_OUT,10.1038/s41598-017-18329-3,TaOx_01,10.1038/s41598-017-18329-3,TaOx,8,6,4,False
TaOx_01,10.1038/s41598-017-18329-3,TaOx,2909.09,3.463757157444634,1,7,DISCRETE_MULTILEVEL,DERIVED,absolute,SINGLE_DIFFERENTIAL_PAIR,DERIVED_DEVICE_STATE_CAP,128,7,13,0,2,10,203264,16,1024,16384,96.11,0.1200000000000045,96.15311943894994,0.0869381115425025,96.06618132740743,0.043119438949943856,0.043119438949943856,True,LEAVE_ONE_STUDY_OUT,10.1038/s41598-017-18329-3,TaOx_01,10.1038/s41598-017-18329-3,TaOx,8,6,4,False
TaOx_01,10.1038/s41598-017-18329-3,TaOx,2909.09,3.463757157444634,1,7,DISCRETE_MULTILEVEL,DERIVED,absolute,SINGLE_DIFFERENTIAL_PAIR,DERIVED_DEVICE_STATE_CAP,128,5,13,0,2,10,203264,16,1024,16384,96.11,0.1200000000000045,96.09441991269841,0.03946152165765455,96.05495839104076,-0.015580087301586332,0.015580087301586332,True,LEAVE_ONE_STUDY_OUT,10.1038/s41598-017-18329-3,TaOx_01,10.1038/s41598-017-18329-3,TaOx,8,6,4,False
TaOx_01,10.1038/s41598-017-18329-3,TaOx,2909.09,3.463757157444634,1,7,DISCRETE_MULTILEVEL,DERIVED,absolute,SINGLE_DIFFERENTIAL_PAIR,DERIVED_DEVICE_STATE_CAP,128,4,13,0,2,10,203264,16,1024,16384,96.11,0.1200000000000045,96.06064446825395,0.013969861481501252,96.04667460677246,-0.04935553174604479,0.04935553174604479,True,LEAVE_ONE_STUDY_OUT,10.1038/s41598-017-18329-3,TaOx_01,10.1038/s41598-017-18329-3,TaOx,8,6,4,False
TaOx_01,10.1038/s41598-017-18329-3,TaOx,2909.09,3.463757157444634,1,7,DISCRETE_MULTILEVEL,DERIVED,absolute,SINGLE_DIFFERENTIAL_PAIR,DERIVED_DEVICE_STATE_CAP,64,8,13,0,2,10,203264,56,1024,57344,96.11,0.1200000000000045,96.15764028571428,0.0899347651384087,96.06770552057587,0.04764028571428014,0.04764028571428014,True,LEAVE_ONE_STUDY_OUT,10.1038/s41598-017-18329-3,TaOx_01,10.1038/s41598-017-18329-3,TaOx,8,6,4,False
TaOx_01,10.1038/s41598-017-18329-3,TaOx,2909.09,3.463757157444634,1,7,DISCRETE_MULTILEVEL,DERIVED,absolute,SINGLE_DIFFERENTIAL_PAIR,DERIVED_DEVICE_STATE_CAP,64,7,13,0,2,10,203264,56,1024,57344,96.11,0.1200000000000045,96.15468378571428,0.08712475479400492,96.06755903092028,0.044683785714283886,0.044683785714283886,True,LEAVE_ONE_STUDY_OUT,10.1038/s41598-017-18329-3,TaOx_01,10.1038/s41598-017-18329-3,TaOx,8,6,4,False
TaOx_01,10.1038/s41598-017-18329-3,TaOx,2909.09,3.463757157444634,1,7,DISCRETE_MULTILEVEL,DERIVED,absolute,SINGLE_DIFFERENTIAL_PAIR,DERIVED_DEVICE_STATE_CAP,16,4,13,0,2,9,203264,800,512,409600,96.11,0.1200000000000045,96.07024998412697,0.01403280919036281,96.0562171749366,-0.03975001587302529,0.03975001587302529,True,LEAVE_ONE_STUDY_OUT,10.1038/s41598-017-18329-3,TaOx_01,10.1038/s41598-017-18329-3,TaOx,8,6,4,False
TaOx_01,10.1038/s41598-017-18329-3,TaOx,2909.09,3.463757157444634,1,7,DISCRETE_MULTILEVEL,DERIVED,absolute,SINGLE_DIFFERENTIAL_PAIR,DERIVED_DEVICE_STATE_CAP,64,5,13,0,2,10,203264,56,1024,57344,96.11,0.1200000000000045,96.09599896031746,0.03892241835374499,96.05707654196371,-0.014001039682540295,0.014001039682540295,True,LEAVE_ONE_STUDY_OUT,10.1038/s41598-017-18329-3,TaOx_01,10.1038/s41598-017-18329-3,TaOx,8,6,4,False
TaOx_01,10.1038/s41598-017-18329-3,TaOx,2909.09,3.463757157444634,1,7,DISCRETE_MULTILEVEL,DERIVED,absolute,SINGLE_DIFFERENTIAL_PAIR,DERIVED_DEVICE_STATE_CAP,64,6,13,0,2,10,203264,56,1024,57344,96.11,0.1200000000000045,96.16572230952382,0.09805792309200445,96.06766438643182,0.05572230952381574,0.05572230952381574,True,LEAVE_ONE_STUDY_OUT,10.1038/s41598-017-18329-3,TaOx_01,10.1038/s41598-017-18329-3,TaOx,8,6,4,False
TaOx_01,10.1038/s41598-017-18329-3,TaOx,2909.09,3.463757157444634,1,7,DISCRETE_MULTILEVEL,DERIVED,absolute,SINGLE_DIFFERENTIAL_PAIR,DERIVED_DEVICE_STATE_CAP,16,7,13,0,2,9,203264,800,512,409600,96.11,0.1200000000000045,96.15577607936508,0.080059451013756,96.07571662835133,0.04577607936508343,0.04577607936508343,True,LEAVE_ONE_STUDY_OUT,10.1038/s41598-017-18329-3,TaOx_01,10.1038/s41598-017-18329-3,TaOx,8,6,4,False
TaOx_01,10.1038/s41598-017-18329-3,TaOx,2909.09,3.463757157444634,1,7,DISCRETE_MULTILEVEL,DERIVED,absolute,SINGLE_DIFFERENTIAL_PAIR,DERIVED_DEVICE_STATE_CAP,32,8,13,0,2,8,203264,208,256,53248,96.11,0.1200000000000045,96.15705785714285,0.08779674881083196,96.06926110833201,0.04705785714284616,0.04705785714284616,True,LEAVE_ONE_STUDY_OUT,10.1038/s41598-017-18329-3,TaOx_01,10.1038/s41598-017-18329-3,TaOx,8,6,4,False
TaOx_01,10.1038/s41598-017-18329-3,TaOx,2909.09,3.463757157444634,1,7,DISCRETE_MULTILEVEL,DERIVED,absolute,SINGLE_DIFFERENTIAL_PAIR,DERIVED_DEVICE_STATE_CAP,32,7,13,0,2,8,203264,208,256,53248,96.11,0.1200000000000045,96.15709038095237,0.08747293612791102,96.06961744482446,0.04709038095236906,0.04709038095236906,True,LEAVE_ONE_STUDY_OUT,10.1038/s41598-017-18329-3,TaOx_01,10.1038/s41598-017-18329-3,TaOx,8,6,4,False
TaOx_01,10.1038/s41598-017-18329-3,TaOx,2909.09,3.463757157444634,1,7,DISCRETE_MULTILEVEL,DERIVED,absolute,SINGLE_DIFFERENTIAL_PAIR,DERIVED_DEVICE_STATE_CAP,32,5,13,0,2,10,203264,208,1024,212992,96.1,0.1300000000000096,96.09256731746031,0.03824501240333037,96.05432230505697,-0.0074326825396866525,0.0074326825396866525,True,LEAVE_ONE_STUDY_OUT,10.1038/s41598-017-18329-3,TaOx_01,10.1038/s41598-017-18329-3,TaOx,8,6,4,False
TaOx_01,10.1038/s41598-017-18329-3,TaOx,2909.09,3.463757157444634,1,7,DISCRETE_MULTILEVEL,DERIVED,absolute,SINGLE_DIFFERENTIAL_PAIR,DERIVED_DEVICE_STATE_CAP,256,4,13,0,2,10,203264,10,1024,10240,96.1,0.1300000000000096,96.06259263492063,0.013518183597633633,96.049074451323,-0.03740736507936049,0.03740736507936049,True,LEAVE_ONE_STUDY_OUT,10.1038/s41598-017-18329-3,TaOx_01,10.1038/s41598-017-18329-3,TaOx,8,6,4,False
TaOx_01,10.1038/s41598-017-18329-3,TaOx,2909.09,3.463757157444634,1,7,DISCRETE_MULTILEVEL,DERIVED,absolute,SINGLE_DIFFERENTIAL_PAIR,DERIVED_DEVICE_STATE_CAP,256,8,13,0,2,10,203264,10,1024,10240,96.1,0.1300000000000096,96.15833589133088,0.08865335797104065,96.06968253335984,0.05833589133088424,0.05833589133088424,True,LEAVE_ONE_STUDY_OUT,10.1038/s41598-017-18329-3,TaOx_01,10.1038/s41598-017-18329-3,TaOx,8,6,4,False
TaOx_01,10.1038/s41598-017-18329-3,TaOx,2909.09,3.463757157444634,1,7,DISCRETE_MULTILEVEL,DERIVED,absolute,SINGLE_DIFFERENTIAL_PAIR,DERIVED_DEVICE_STATE_CAP,32,4,13,0,2,9,203264,208,512,106496,96.1,0.1300000000000096,96.05942346825395,0.01806367981082293,96.04135978844313,-0.0405765317460407,0.0405765317460407,True,LEAVE_ONE_STUDY_OUT,10.1038/s41598-017-18329-3,TaOx_01,10.1038/s41598-017-18329-3,TaOx,8,6,4,False
TaOx_01,10.1038/s41598-017-18329-3,TaOx,2909.09,3.463757157444634,1,7,DISCRETE_MULTILEVEL,DERIVED,absolute,SINGLE_DIFFERENTIAL_PAIR,DERIVED_DEVICE_STATE_CAP,32,4,13,0,2,10,203264,208,1024,212992,96.1,0.1300000000000096,96.05723039682539,0.00995066330527501,96.04727973352011,-0.04276960317460521,0.04276960317460521,True,LEAVE_ONE_STUDY_OUT,10.1038/s41598-017-18329-3,TaOx_01,10.1038/s41598-017-18329-3,TaOx,8,6,4,False
TaOx_01,10.1038/s41598-017-18329-3,TaOx,2909.09,3.463757157444634,1,7,DISCRETE_MULTILEVEL,DERIVED,absolute,SINGLE_DIFFERENTIAL_PAIR,DERIVED_DEVICE_STATE_CAP,32,5,13,0,2,9,203264,208,512,106496,96.1,0.1300000000000096,96.09865842857143,0.04377501385913813,96.0548834147123,-0.0013415714285684999,0.0013415714285684999,True,LEAVE_ONE_STUDY_OUT,10.1038/s41598-017-18329-3,TaOx_01,10.1038/s41598-017-18329-3,TaOx,8,6,4,False
TaOx_01,10.1038/s41598-017-18329-3,TaOx,2909.09,3.463757157444634,1,7,DISCRETE_MULTILEVEL,DERIVED,absolute,SINGLE_DIFFERENTIAL_PAIR,DERIVED_DEVICE_STATE_CAP,32,6,13,0,2,10,203264,208,1024,212992,96.1,0.1300000000000096,96.16690455555555,0.10378367474221047,96.06312088081334,0.06690455555555275,0.06690455555555275,True,LEAVE_ONE_STUDY_OUT,10.1038/s41598-017-18329-3,TaOx_01,10.1038/s41598-017-18329-3,TaOx,8,6,4,False
TaOx_01,10.1038/s41598-017-18329-3,TaOx,2909.09,3.463757157444634,1,7,DISCRETE_MULTILEVEL,DERIVED,absolute,SINGLE_DIFFERENTIAL_PAIR,DERIVED_DEVICE_STATE_CAP,32,6,13,0,2,9,203264,208,512,106496,96.1,0.1300000000000096,96.15998342857144,0.0896534625471148,96.07032996602432,0.05998342857144223,0.05998342857144223,True,LEAVE_ONE_STUDY_OUT,10.1038/s41598-017-18329-3,TaOx_01,10.1038/s41598-017-18329-3,TaOx,8,6,4,False
TaOx_01,10.1038/s41598-017-18329-3,TaOx,2909.09,3.463757157444634,1,7,DISCRETE_MULTILEVEL,DERIVED,absolute,SINGLE_DIFFERENTIAL_PAIR,DERIVED_DEVICE_STATE_CAP,16,6,13,0,2,10,203264,800,1024,819200,96.1,0.1300000000000096,96.1701036984127,0.10202805753899713,96.0680756408737,0.07010369841270858,0.07010369841270858,True,LEAVE_ONE_STUDY_OUT,10.1038/s41598-017-18329-3,TaOx_01,10.1038/s41598-017-18329-3,TaOx,8,6,4,False
TaOx_01,10.1038/s41598-017-18329-3,TaOx,2909.09,3.463757157444634,1,7,DISCRETE_MULTILEVEL,DERIVED,absolute,SINGLE_DIFFERENTIAL_PAIR,DERIVED_DEVICE_STATE_CAP,16,5,13,0,2,10,203264,800,1024,819200,96.1,0.1300000000000096,96.09559345238095,0.03353963658170096,96.06205381579925,-0.004406547619041135,0.004406547619041135,True,LEAVE_ONE_STUDY_OUT,10.1038/s41598-017-18329-3,TaOx_01,10.1038/s41598-017-18329-3,TaOx,8,6,4,False
TaOx_01,10.1038/s41598-017-18329-3,TaOx,2909.09,3.463757157444634,1,7,DISCRETE_MULTILEVEL,DERIVED,absolute,SINGLE_DIFFERENTIAL_PAIR,DERIVED_DEVICE_STATE_CAP,16,7,13,0,2,10,203264,800,1024,819200,96.1,0.1300000000000096,96.15621633333333,0.08869484579396929,96.06752148753937,0.05621633333333875,0.05621633333333875,True,LEAVE_ONE_STUDY_OUT,10.1038/s41598-017-18329-3,TaOx_01,10.1038/s41598-017-18329-3,TaOx,8,6,4,False
TaOx_01,10.1038/s41598-017-18329-3,TaOx,2909.09,3.463757157444634,1,7,DISCRETE_MULTILEVEL,DERIVED,absolute,SINGLE_DIFFERENTIAL_PAIR,DERIVED_DEVICE_STATE_CAP,16,4,13,0,2,10,203264,800,1024,819200,96.1,0.1300000000000096,96.06551316666666,0.008411954815056787,96.0571012118516,-0.034486833333332356,0.034486833333332356,True,LEAVE_ONE_STUDY_OUT,10.1038/s41598-017-18329-3,TaOx_01,10.1038/s41598-017-18329-3,TaOx,8,6,4,False
TaOx_01,10.1038/s41598-017-18329-3,TaOx,2909.09,3.463757157444634,1,7,DISCRETE_MULTILEVEL,DERIVED,absolute,SINGLE_DIFFERENTIAL_PAIR,DERIVED_DEVICE_STATE_CAP,32,7,13,0,2,10,203264,208,1024,212992,96.1,0.1300000000000096,96.1532362142857,0.09060595660205072,96.06263025768365,0.05323621428570391,0.05323621428570391,True,LEAVE_ONE_STUDY_OUT,10.1038/s41598-017-18329-3,TaOx_01,10.1038/s41598-017-18329-3,TaOx,8,6,4,False
TaOx_01,10.1038/s41598-017-18329-3,TaOx,2909.09,3.463757157444634,1,7,DISCRETE_MULTILEVEL,DERIVED,absolute,SINGLE_DIFFERENTIAL_PAIR,DERIVED_DEVICE_STATE_CAP,32,7,13,0,2,9,203264,208,512,106496,96.1,0.1300000000000096,96.1525506031746,0.0820257963616463,96.07052480681295,0.05255060317460902,0.05255060317460902,True,LEAVE_ONE_STUDY_OUT,10.1038/s41598-017-18329-3,TaOx_01,10.1038/s41598-017-18329-3,TaOx,8,6,4,False
TaOx_01,10.1038/s41598-017-18329-3,TaOx,2909.09,3.463757157444634,1,7,DISCRETE_MULTILEVEL,DERIVED,absolute,SINGLE_DIFFERENTIAL_PAIR,DERIVED_DEVICE_STATE_CAP,32,8,13,0,2,10,203264,208,1024,212992,96.1,0.1300000000000096,96.15704964285713,0.09386176004732576,96.0631878828098,0.05704964285713743,0.05704964285713743,True,LEAVE_ONE_STUDY_OUT,10.1038/s41598-017-18329-3,TaOx_01,10.1038/s41598-017-18329-3,TaOx,8,6,4,False
TaOx_01,10.1038/s41598-017-18329-3,TaOx,2909.09,3.463757157444634,1,7,DISCRETE_MULTILEVEL,DERIVED,absolute,SINGLE_DIFFERENTIAL_PAIR,DERIVED_DEVICE_STATE_CAP,32,8,13,0,2,9,203264,208,512,106496,96.1,0.1300000000000096,96.15504712698413,0.08456173543345445,96.07048539155068,0.055047126984135275,0.055047126984135275,True,LEAVE_ONE_STUDY_OUT,10.1038/s41598-017-18329-3,TaOx_01,10.1038/s41598-017-18329-3,TaOx,8,6,4,False
TaOx_01,10.1038/s41598-017-18329-3,TaOx,2909.09,3.463757157444634,1,7,DISCRETE_MULTILEVEL,DERIVED,absolute,SINGLE_DIFFERENTIAL_PAIR,DERIVED_DEVICE_STATE_CAP,256,5,13,0,2,10,203264,10,1024,10240,96.1,0.1300000000000096,96.09840962698412,0.04059989975017412,96.05780972723394,-0.0015903730158726148,0.0015903730158726148,True,LEAVE_ONE_STUDY_OUT,10.1038/s41598-017-18329-3,TaOx_01,10.1038/s41598-017-18329-3,TaOx,8,6,4,False
TaOx_01,10.1038/s41598-017-18329-3,TaOx,2909.09,3.463757157444634,1,7,DISCRETE_MULTILEVEL,DERIVED,absolute,SINGLE_DIFFERENTIAL_PAIR,DERIVED_DEVICE_STATE_CAP,16,8,13,0,2,10,203264,800,1024,819200,96.1,0.1300000000000096,96.16023633333332,0.0921302118771331,96.06810612145618,0.06023633333332157,0.06023633333332157,True,LEAVE_ONE_STUDY_OUT,10.1038/s41598-017-18329-3,TaOx_01,10.1038/s41598-017-18329-3,TaOx,8,6,4,False
TaOx_01,10.1038/s41598-017-18329-3,TaOx,2909.09,3.463757157444634,1,7,DISCRETE_MULTILEVEL,DERIVED,absolute,SINGLE_DIFFERENTIAL_PAIR,DERIVED_DEVICE_STATE_CAP,256,6,13,0,2,10,203264,10,1024,10240,96.1,0.1300000000000096,96.16720973015872,0.0979043973258376,96.06930533283288,0.06720973015872289,0.06720973015872289,True,LEAVE_ONE_STUDY_OUT,10.1038/s41598-017-18329-3,TaOx_01,10.1038/s41598-017-18329-3,TaOx,8,6,4,False
TaOx_01,10.1038/s41598-017-18329-3,TaOx,2909.09,3.463757157444634,1,7,DISCRETE_MULTILEVEL,DERIVED,absolute,SINGLE_DIFFERENTIAL_PAIR,DERIVED_DEVICE_STATE_CAP,256,7,13,0,2,10,203264,10,1024,10240,96.1,0.1300000000000096,96.15789779609278,0.08815119105425871,96.06974660503852,0.05789779609278867,0.05789779609278867,True,LEAVE_ONE_STUDY_OUT,10.1038/s41598-017-18329-3,TaOx_01,10.1038/s41598-017-18329-3,TaOx,8,6,4,False
TaOx_01,10.1038/s41598-017-18329-3,TaOx,2909.09,3.463757157444634,1,7,DISCRETE_MULTILEVEL,DERIVED,absolute,SINGLE_DIFFERENTIAL_PAIR,DERIVED_DEVICE_STATE_CAP,64,5,13,0,2,8,203264,56,256,14336,96.08,0.1500000000000056,96.1027191031746,0.06469589068965687,96.03802321248494,0.02271910317460879,0.02271910317460879,True,LEAVE_ONE_STUDY_OUT,10.1038/s41598-017-18329-3,TaOx_01,10.1038/s41598-017-18329-3,TaOx,8,6,4,False
TaOx_01,10.1038/s41598-017-18329-3,TaOx,2909.09,3.463757157444634,1,7,DISCRETE_MULTILEVEL,DERIVED,absolute,SINGLE_DIFFERENTIAL_PAIR,DERIVED_DEVICE_STATE_CAP,64,6,13,0,2,8,203264,56,256,14336,96.08,0.1500000000000056,96.16514669841268,0.1003316154750393,96.06481508293764,0.08514669841268585,0.08514669841268585,True,LEAVE_ONE_STUDY_OUT,10.1038/s41598-017-18329-3,TaOx_01,10.1038/s41598-017-18329-3,TaOx,8,6,4,False
TaOx_01,10.1038/s41598-017-18329-3,TaOx,2909.09,3.463757157444634,1,7,DISCRETE_MULTILEVEL,DERIVED,absolute,SINGLE_DIFFERENTIAL_PAIR,DERIVED_DEVICE_STATE_CAP,64,7,13,0,2,8,203264,56,256,14336,96.08,0.1500000000000056,96.15251064285715,0.08899086099168872,96.06351978186547,0.07251064285715358,0.07251064285715358,True,LEAVE_ONE_STUDY_OUT,10.1038/s41598-017-18329-3,TaOx_01,10.1038/s41598-017-18329-3,TaOx,8,6,4,False
TaOx_01,10.1038/s41598-017-18329-3,TaOx,2909.09,3.463757157444634,1,7,DISCRETE_MULTILEVEL,DERIVED,absolute,SINGLE_DIFFERENTIAL_PAIR,DERIVED_DEVICE_STATE_CAP,64,8,13,0,2,8,203264,56,256,14336,96.08,0.1500000000000056,96.15307471428572,0.08948059765264574,96.06359411663307,0.07307471428572399,0.07307471428572399,True,LEAVE_ONE_STUDY_OUT,10.1038/s41598-017-18329-3,TaOx_01,10.1038/s41598-017-18329-3,TaOx,8,6,4,False
TaOx_01,10.1038/s41598-017-18329-3,TaOx,2909.09,3.463757157444634,1,7,DISCRETE_MULTILEVEL,DERIVED,absolute,SINGLE_DIFFERENTIAL_PAIR,DERIVED_DEVICE_STATE_CAP,128,4,13,0,2,9,203264,16,512,8192,96.08,0.1500000000000056,96.04432353968255,0.018924860034196873,96.02539867964836,-0.03567646031744687,0.03567646031744687,True,LEAVE_ONE_STUDY_OUT,10.1038/s41598-017-18329-3,TaOx_01,10.1038/s41598-017-18329-3,TaOx,8,6,4,False
TaOx_01,10.1038/s41598-017-18329-3,TaOx,2909.09,3.463757157444634,1,7,DISCRETE_MULTILEVEL,DERIVED,absolute,SINGLE_DIFFERENTIAL_PAIR,DERIVED_DEVICE_STATE_CAP,128,5,13,0,2,9,203264,16,512,8192,96.08,0.1500000000000056,96.09250142063493,0.05432736940645804,96.03817405122848,0.012501420634933424,0.012501420634933424,True,LEAVE_ONE_STUDY_OUT,10.1038/s41598-017-18329-3,TaOx_01,10.1038/s41598-017-18329-3,TaOx,8,6,4,False
TaOx_01,10.1038/s41598-017-18329-3,TaOx,2909.09,3.463757157444634,1,7,DISCRETE_MULTILEVEL,DERIVED,absolute,SINGLE_DIFFERENTIAL_PAIR,DERIVED_DEVICE_STATE_CAP,256,4,13,0,2,9,203264,10,512,5120,96.08,0.1500000000000056,96.04551454761904,0.016121092149480484,96.02939345546956,-0.03448545238096301,0.03448545238096301,True,LEAVE_ONE_STUDY_OUT,10.1038/s41598-017-18329-3,TaOx_01,10.1038/s41598-017-18329-3,TaOx,8,6,4,False
TaOx_01,10.1038/s41598-017-18329-3,TaOx,2909.09,3.463757157444634,1,7,DISCRETE_MULTILEVEL,DERIVED,absolute,SINGLE_DIFFERENTIAL_PAIR,DERIVED_DEVICE_STATE_CAP,256,5,13,0,2,9,203264,10,512,5120,96.08,0.1500000000000056,96.09434414285714,0.05433873152267796,96.04000541133446,0.014344142857140696,0.014344142857140696,True,LEAVE_ONE_STUDY_OUT,10.1038/s41598-017-18329-3,TaOx_01,10.1038/s41598-017-18329-3,TaOx,8,6,4,False
TaOx_01,10.1038/s41598-017-18329-3,TaOx,2909.09,3.463757157444634,1,7,DISCRETE_MULTILEVEL,DERIVED,absolute,SINGLE_DIFFERENTIAL_PAIR,DERIVED_DEVICE_STATE_CAP,256,6,13,0,2,9,203264,10,512,5120,96.08,0.1500000000000056,96.15199092857142,0.0907192462885352,96.0612716822829,0.07199092857142375,0.07199092857142375,True,LEAVE_ONE_STUDY_OUT,10.1038/s41598-017-18329-3,TaOx_01,10.1038/s41598-017-18329-3,TaOx,8,6,4,False
TaOx_01,10.1038/s41598-017-18329-3,TaOx,2909.09,3.463757157444634,1,7,DISCRETE_MULTILEVEL,DERIVED,absolute,SINGLE_DIFFERENTIAL_PAIR,DERIVED_DEVICE_STATE_CAP,128,7,13,0,2,9,203264,16,512,8192,96.08,0.1500000000000056,96.14154818253968,0.08247808574175132,96.05907009679792,0.061548182539681306,0.061548182539681306,True,LEAVE_ONE_STUDY_OUT,10.1038/s41598-017-18329-3,TaOx_01,10.1038/s41598-017-18329-3,TaOx,8,6,4,False
TaOx_01,10.1038/s41598-017-18329-3,TaOx,2909.09,3.463757157444634,1,7,DISCRETE_MULTILEVEL,DERIVED,absolute,SINGLE_DIFFERENTIAL_PAIR,DERIVED_DEVICE_STATE_CAP,128,8,13,0,2,9,203264,16,512,8192,96.08,0.1500000000000056,96.14218561111112,0.08313429703995177,96.05905131407117,0.06218561111111853,0.06218561111111853,True,LEAVE_ONE_STUDY_OUT,10.1038/s41598-017-18329-3,TaOx_01,10.1038/s41598-017-18329-3,TaOx,8,6,4,False
TaOx_01,10.1038/s41598-017-18329-3,TaOx,2909.09,3.463757157444634,1,7,DISCRETE_MULTILEVEL,DERIVED,absolute,SINGLE_DIFFERENTIAL_PAIR,DERIVED_DEVICE_STATE_CAP,128,6,13,0,2,9,203264,16,512,8192,96.08,0.1500000000000056,96.14980227777778,0.09057764562533259,96.05922463215245,0.06980227777778225,0.06980227777778225,True,LEAVE_ONE_STUDY_OUT,10.1038/s41598-017-18329-3,TaOx_01,10.1038/s41598-017-18329-3,TaOx,8,6,4,False
TaOx_01,10.1038/s41598-017-18329-3,TaOx,2909.09,3.463757157444634,1,7,DISCRETE_MULTILEVEL,DERIVED,absolute,SINGLE_DIFFERENTIAL_PAIR,DERIVED_DEVICE_STATE_CAP,64,4,13,0,2,8,203264,56,256,14336,96.08,0.1500000000000056,96.04831726190477,0.017569734720828345,96.03074752718395,-0.03168273809522759,0.03168273809522759,True,LEAVE_ONE_STUDY_OUT,10.1038/s41598-017-18329-3,TaOx_01,10.1038/s41598-017-18329-3,TaOx,8,6,4,False
TaOx_01,10.1038/s41598-017-18329-3,TaOx,2909.09,3.463757157444634,1,7,DISCRETE_MULTILEVEL,DERIVED,absolute,SINGLE_DIFFERENTIAL_PAIR,DERIVED_DEVICE_STATE_CAP,256,8,13,0,2,9,203264,10,512,5120,96.08,0.1500000000000056,96.14335916666667,0.08200461865714916,96.06135454800952,0.06335916666667174,0.06335916666667174,True,LEAVE_ONE_STUDY_OUT,10.1038/s41598-017-18329-3,TaOx_01,10.1038/s41598-017-18329-3,TaOx,8,6,4,False
TaOx_01,10.1038/s41598-017-18329-3,TaOx,2909.09,3.463757157444634,1,7,DISCRETE_MULTILEVEL,DERIVED,absolute,SINGLE_DIFFERENTIAL_PAIR,DERIVED_DEVICE_STATE_CAP,256,7,13,0,2,9,203264,10,512,5120,96.08,0.1500000000000056,96.14275435714285,0.08146278310758885,96.06129157403527,0.06275435714285038,0.06275435714285038,True,LEAVE_ONE_STUDY_OUT,10.1038/s41598-017-18329-3,TaOx_01,10.1038/s41598-017-18329-3,TaOx,8,6,4,False
TaOx_01,10.1038/s41598-017-18329-3,TaOx,2909.09,3.463757157444634,1,7,DISCRETE_MULTILEVEL,DERIVED,absolute,SINGLE_DIFFERENTIAL_PAIR,DERIVED_DEVICE_STATE_CAP,16,6,13,0,2,7,203264,800,128,102400,96.07,0.1600000000000108,96.17908754761905,0.07013417871441348,96.10895336890464,0.1090875476190547,0.1090875476190547,True,LEAVE_ONE_STUDY_OUT,10.1038/s41598-017-18329-3,TaOx_01,10.1038/s41598-017-18329-3,TaOx,8,6,4,False
TaOx_01,10.1038/s41598-017-18329-3,TaOx,2909.09,3.463757157444634,1,7,DISCRETE_MULTILEVEL,DERIVED,absolute,SINGLE_DIFFERENTIAL_PAIR,DERIVED_DEVICE_STATE_CAP,16,5,13,0,2,7,203264,800,128,102400,96.07,0.1600000000000108,96.13342709523809,0.04003444485660177,96.09339265038149,0.06342709523809731,0.06342709523809731,True,LEAVE_ONE_STUDY_OUT,10.1038/s41598-017-18329-3,TaOx_01,10.1038/s41598-017-18329-3,TaOx,8,6,4,False
TaOx_01,10.1038/s41598-017-18329-3,TaOx,2909.09,3.463757157444634,1,7,DISCRETE_MULTILEVEL,DERIVED,absolute,SINGLE_DIFFERENTIAL_PAIR,DERIVED_DEVICE_STATE_CAP,16,7,13,0,2,7,203264,800,128,102400,96.07,0.1600000000000108,96.17648138095238,0.06748740734306909,96.10899397360932,0.10648138095238835,0.10648138095238835,True,LEAVE_ONE_STUDY_OUT,10.1038/s41598-017-18329-3,TaOx_01,10.1038/s41598-017-18329-3,TaOx,8,6,4,False
TaOx_01,10.1038/s41598-017-18329-3,TaOx,2909.09,3.463757157444634,1,7,DISCRETE_MULTILEVEL,DERIVED,absolute,SINGLE_DIFFERENTIAL_PAIR,DERIVED_DEVICE_STATE_CAP,16,4,13,0,2,7,203264,800,128,102400,96.07,0.1600000000000108,96.10371714285715,0.028545635988574746,96.07517150686857,0.033717142857156546,0.033717142857156546,True,LEAVE_ONE_STUDY_OUT,10.1038/s41598-017-18329-3,TaOx_01,10.1038/s41598-017-18329-3,TaOx,8,6,4,False
TaOx_01,10.1038/s41598-017-18329-3,TaOx,2909.09,3.463757157444634,1,7,DISCRETE_MULTILEVEL,DERIVED,absolute,SINGLE_DIFFERENTIAL_PAIR,DERIVED_DEVICE_STATE_CAP,16,8,13,0,2,7,203264,800,128,102400,96.07,0.1600000000000108,96.17699457142857,0.06793616031166191,96.1090584111169,0.10699457142857227,0.10699457142857227,True,LEAVE_ONE_STUDY_OUT,10.1038/s41598-017-18329-3,TaOx_01,10.1038/s41598-017-18329-3,TaOx,8,6,4,False
TaOx_01,10.1038/s41598-017-18329-3,TaOx,2909.09,3.463757157444634,1,7,DISCRETE_MULTILEVEL,DERIVED,absolute,SINGLE_DIFFERENTIAL_PAIR,DERIVED_DEVICE_STATE_CAP,16,8,13,0,2,6,203264,800,64,51200,96.04,0.1899999999999977,96.12838797619048,0.08626919204481111,96.04211878414567,0.08838797619047511,0.08838797619047511,True,LEAVE_ONE_STUDY_OUT,10.1038/s41598-017-18329-3,TaOx_01,10.1038/s41598-017-18329-3,TaOx,8,6,4,False
TaOx_01,10.1038/s41598-017-18329-3,TaOx,2909.09,3.463757157444634,1,7,DISCRETE_MULTILEVEL,DERIVED,absolute,SINGLE_DIFFERENTIAL_PAIR,DERIVED_DEVICE_STATE_CAP,16,7,13,0,2,6,203264,800,64,51200,96.04,0.1899999999999977,96.12691467460317,0.0847393160268857,96.04217535857629,0.0869146746031646,0.0869146746031646,True,LEAVE_ONE_STUDY_OUT,10.1038/s41598-017-18329-3,TaOx_01,10.1038/s41598-017-18329-3,TaOx,8,6,4,False
TaOx_01,10.1038/s41598-017-18329-3,TaOx,2909.09,3.463757157444634,1,7,DISCRETE_MULTILEVEL,DERIVED,absolute,SINGLE_DIFFERENTIAL_PAIR,DERIVED_DEVICE_STATE_CAP,16,6,13,0,2,6,203264,800,64,51200,96.04,0.1899999999999977,96.12869231746032,0.08637871873354633,96.04231359872678,0.08869231746031403,0.08869231746031403,True,LEAVE_ONE_STUDY_OUT,10.1038/s41598-017-18329-3,TaOx_01,10.1038/s41598-017-18329-3,TaOx,8,6,4,False
TaOx_01,10.1038/s41598-017-18329-3,TaOx,2909.09,3.463757157444634,1,7,DISCRETE_MULTILEVEL,DERIVED,absolute,SINGLE_DIFFERENTIAL_PAIR,DERIVED_DEVICE_STATE_CAP,128,7,13,0,2,8,203264,16,256,4096,96.04,0.1899999999999977,96.14847104761905,0.09488746218534652,96.05358358543371,0.10847104761904802,0.10847104761904802,True,LEAVE_ONE_STUDY_OUT,10.1038/s41598-017-18329-3,TaOx_01,10.1038/s41598-017-18329-3,TaOx,8,6,4,False
TaOx_01,10.1038/s41598-017-18329-3,TaOx,2909.09,3.463757157444634,1,7,DISCRETE_MULTILEVEL,DERIVED,absolute,SINGLE_DIFFERENTIAL_PAIR,DERIVED_DEVICE_STATE_CAP,128,6,13,0,2,8,203264,16,256,4096,96.04,0.1899999999999977,96.16159749206349,0.10680678632456315,96.05479070573892,0.12159749206348636,0.12159749206348636,True,LEAVE_ONE_STUDY_OUT,10.1038/s41598-017-18329-3,TaOx_01,10.1038/s41598-017-18329-3,TaOx,8,6,4,False
TaOx_01,10.1038/s41598-017-18329-3,TaOx,2909.09,3.463757157444634,1,7,DISCRETE_MULTILEVEL,DERIVED,absolute,SINGLE_DIFFERENTIAL_PAIR,DERIVED_DEVICE_STATE_CAP,128,4,13,0,2,8,203264,16,256,4096,96.04,0.1899999999999977,96.0397598095238,0.02300696191664799,96.01675284760715,-0.0002401904762052709,0.0002401904762052709,True,LEAVE_ONE_STUDY_OUT,10.1038/s41598-017-18329-3,TaOx_01,10.1038/s41598-017-18329-3,TaOx,8,6,4,False
TaOx_01,10.1038/s41598-017-18329-3,TaOx,2909.09,3.463757157444634,1,7,DISCRETE_MULTILEVEL,DERIVED,absolute,SINGLE_DIFFERENTIAL_PAIR,DERIVED_DEVICE_STATE_CAP,128,5,13,0,2,8,203264,16,256,4096,96.04,0.1899999999999977,96.09431840476189,0.06301011943664474,96.03130828532525,0.05431840476188654,0.05431840476188654,True,LEAVE_ONE_STUDY_OUT,10.1038/s41598-017-18329-3,TaOx_01,10.1038/s41598-017-18329-3,TaOx,8,6,4,False
TaOx_01,10.1038/s41598-017-18329-3,TaOx,2909.09,3.463757157444634,1,7,DISCRETE_MULTILEVEL,DERIVED,absolute,SINGLE_DIFFERENTIAL_PAIR,DERIVED_DEVICE_STATE_CAP,128,8,13,0,2,8,203264,16,256,4096,96.04,0.1899999999999977,96.14774611904762,0.09454167265254743,96.05320444639507,0.10774611904761855,0.10774611904761855,True,LEAVE_ONE_STUDY_OUT,10.1038/s41598-017-18329-3,TaOx_01,10.1038/s41598-017-18329-3,TaOx,8,6,4,False
TaOx_01,10.1038/s41598-017-18329-3,TaOx,2909.09,3.463757157444634,1,7,DISCRETE_MULTILEVEL,DERIVED,absolute,SINGLE_DIFFERENTIAL_PAIR,DERIVED_DEVICE_STATE_CAP,16,5,13,0,2,6,203264,800,64,51200,96.04,0.1899999999999977,96.09948253968253,0.07100349137893235,96.0284790483036,0.05948253968252004,0.05948253968252004,True,LEAVE_ONE_STUDY_OUT,10.1038/s41598-017-18329-3,TaOx_01,10.1038/s41598-017-18329-3,TaOx,8,6,4,False
TaOx_01,10.1038/s41598-017-18329-3,TaOx,2909.09,3.463757157444634,1,7,DISCRETE_MULTILEVEL,DERIVED,absolute,SINGLE_DIFFERENTIAL_PAIR,DERIVED_DEVICE_STATE_CAP,16,4,13,0,2,6,203264,800,64,51200,96.04,0.1899999999999977,96.05005280952379,0.039878590661467005,96.01017421886232,0.010052809523784845,0.010052809523784845,True,LEAVE_ONE_STUDY_OUT,10.1038/s41598-017-18329-3,TaOx_01,10.1038/s41598-017-18329-3,TaOx,8,6,4,False
TaOx_01,10.1038/s41598-017-18329-3,TaOx,2909.09,3.463757157444634,1,7,DISCRETE_MULTILEVEL,DERIVED,absolute,SINGLE_DIFFERENTIAL_PAIR,DERIVED_DEVICE_STATE_CAP,256,4,13,0,2,8,203264,10,256,2560,96.03,0.2000000000000028,96.0445166825397,0.02594286527271313,96.01857381726698,0.014516682539692738,0.014516682539692738,True,LEAVE_ONE_STUDY_OUT,10.1038/s41598-017-18329-3,TaOx_01,10.1038/s41598-017-18329-3,TaOx,8,6,4,False
TaOx_01,10.1038/s41598-017-18329-3,TaOx,2909.09,3.463757157444634,1,7,DISCRETE_MULTILEVEL,DERIVED,absolute,SINGLE_DIFFERENTIAL_PAIR,DERIVED_DEVICE_STATE_CAP,256,7,13,0,2,8,203264,10,256,2560,96.03,0.2000000000000028,96.14693188095238,0.09218438146642363,96.05474749948596,0.11693188095237872,0.11693188095237872,True,LEAVE_ONE_STUDY_OUT,10.1038/s41598-017-18329-3,TaOx_01,10.1038/s41598-017-18329-3,TaOx,8,6,4,False
TaOx_01,10.1038/s41598-017-18329-3,TaOx,2909.09,3.463757157444634,1,7,DISCRETE_MULTILEVEL,DERIVED,absolute,SINGLE_DIFFERENTIAL_PAIR,DERIVED_DEVICE_STATE_CAP,256,8,13,0,2,8,203264,10,256,2560,96.03,0.2000000000000028,96.14628692857143,0.09175280669258584,96.05453412187885,0.11628692857142653,0.11628692857142653,True,LEAVE_ONE_STUDY_OUT,10.1038/s41598-017-18329-3,TaOx_01,10.1038/s41598-017-18329-3,TaOx,8,6,4,False
TaOx_01,10.1038/s41598-017-18329-3,TaOx,2909.09,3.463757157444634,1,7,DISCRETE_MULTILEVEL,DERIVED,absolute,SINGLE_DIFFERENTIAL_PAIR,DERIVED_DEVICE_STATE_CAP,256,6,13,0,2,8,203264,10,256,2560,96.03,0.2000000000000028,96.15716897619048,0.10244933297738736,96.05471964321309,0.1271689761904753,0.1271689761904753,True,LEAVE_ONE_STUDY_OUT,10.1038/s41598-017-18329-3,TaOx_01,10.1038/s41598-017-18329-3,TaOx,8,6,4,False
TaOx_01,10.1038/s41598-017-18329-3,TaOx,2909.09,3.463757157444634,1,7,DISCRETE_MULTILEVEL,DERIVED,absolute,SINGLE_DIFFERENTIAL_PAIR,DERIVED_DEVICE_STATE_CAP,256,5,13,0,2,8,203264,10,256,2560,96.03,0.2000000000000028,96.09000830158729,0.05560126593396417,96.03440703565333,0.060008301587288315,0.060008301587288315,True,LEAVE_ONE_STUDY_OUT,10.1038/s41598-017-18329-3,TaOx_01,10.1038/s41598-017-18329-3,TaOx,8,6,4,False
TaOx_01,10.1038/s41598-017-18329-3,TaOx,2909.09,3.463757157444634,1,7,DISCRETE_MULTILEVEL,DERIVED,absolute,SINGLE_DIFFERENTIAL_PAIR,DERIVED_DEVICE_STATE_CAP,256,5,13,0,2,7,203264,10,128,1280,96.01,0.2199999999999988,96.07478935714288,0.06505719570901004,96.00973216143386,0.06478935714287104,0.06478935714287104,True,LEAVE_ONE_STUDY_OUT,10.1038/s41598-017-18329-3,TaOx_01,10.1038/s41598-017-18329-3,TaOx,8,6,4,False
TaOx_01,10.1038/s41598-017-18329-3,TaOx,2909.09,3.463757157444634,1,7,DISCRETE_MULTILEVEL,DERIVED,absolute,SINGLE_DIFFERENTIAL_PAIR,DERIVED_DEVICE_STATE_CAP,256,4,13,0,2,7,203264,10,128,1280,96.01,0.2199999999999988,96.03159798412698,0.035944176801725666,95.99565380732525,0.021597984126970005,0.021597984126970005,True,LEAVE_ONE_STUDY_OUT,10.1038/s41598-017-18329-3,TaOx_01,10.1038/s41598-017-18329-3,TaOx,8,6,4,False
TaOx_01,10.1038/s41598-017-18329-3,TaOx,2909.09,3.463757157444634,1,7,DISCRETE_MULTILEVEL,DERIVED,absolute,SINGLE_DIFFERENTIAL_PAIR,DERIVED_DEVICE_STATE_CAP,256,8,13,0,2,7,203264,10,128,1280,96.01,0.2199999999999988,96.1249834920635,0.08493925735980441,96.0400442347037,0.11498349206350156,0.11498349206350156,True,LEAVE_ONE_STUDY_OUT,10.1038/s41598-017-18329-3,TaOx_01,10.1038/s41598-017-18329-3,TaOx,8,6,4,False
TaOx_01,10.1038/s41598-017-18329-3,TaOx,2909.09,3.463757157444634,1,7,DISCRETE_MULTILEVEL,DERIVED,absolute,SINGLE_DIFFERENTIAL_PAIR,DERIVED_DEVICE_STATE_CAP,256,6,13,0,2,7,203264,10,128,1280,96.01,0.2199999999999988,96.12696634920636,0.08594356250397721,96.04102278670238,0.11696634920635063,0.11696634920635063,True,LEAVE_ONE_STUDY_OUT,10.1038/s41598-017-18329-3,TaOx_01,10.1038/s41598-017-18329-3,TaOx,8,6,4,False
TaOx_01,10.1038/s41598-017-18329-3,TaOx,2909.09,3.463757157444634,1,7,DISCRETE_MULTILEVEL,DERIVED,absolute,SINGLE_DIFFERENTIAL_PAIR,DERIVED_DEVICE_STATE_CAP,256,7,13,0,2,7,203264,10,128,1280,96.01,0.2199999999999988,96.12603196825397,0.08536690803305118,96.04066506022092,0.11603196825396367,0.11603196825396367,True,LEAVE_ONE_STUDY_OUT,10.1038/s41598-017-18329-3,TaOx_01,10.1038/s41598-017-18329-3,TaOx,8,6,4,False
TaOx_01,10.1038/s41598-017-18329-3,TaOx,2909.09,3.463757157444634,1,7,DISCRETE_MULTILEVEL,DERIVED,absolute,SINGLE_DIFFERENTIAL_PAIR,DERIVED_DEVICE_STATE_CAP,64,8,13,0,2,6,203264,56,64,3584,95.96,0.2700000000000102,96.06845728571427,0.11047178209906879,95.9579855036152,0.10845728571428026,0.10845728571428026,True,LEAVE_ONE_STUDY_OUT,10.1038/s41598-017-18329-3,TaOx_01,10.1038/s41598-017-18329-3,TaOx,8,6,4,False
TaOx_01,10.1038/s41598-017-18329-3,TaOx,2909.09,3.463757157444634,1,7,DISCRETE_MULTILEVEL,DERIVED,absolute,SINGLE_DIFFERENTIAL_PAIR,DERIVED_DEVICE_STATE_CAP,64,4,13,0,2,6,203264,56,64,3584,95.96,0.2700000000000102,95.99364236507937,0.09660869770992857,95.89703366736944,0.03364236507937335,0.03364236507937335,True,LEAVE_ONE_STUDY_OUT,10.1038/s41598-017-18329-3,TaOx_01,10.1038/s41598-017-18329-3,TaOx,8,6,4,False
TaOx_01,10.1038/s41598-017-18329-3,TaOx,2909.09,3.463757157444634,1,7,DISCRETE_MULTILEVEL,DERIVED,absolute,SINGLE_DIFFERENTIAL_PAIR,DERIVED_DEVICE_STATE_CAP,64,5,13,0,2,6,203264,56,64,3584,95.96,0.2700000000000102,96.06231982539681,0.1087421025038589,95.95357772289296,0.10231982539681894,0.10231982539681894,True,LEAVE_ONE_STUDY_OUT,10.1038/s41598-017-18329-3,TaOx_01,10.1038/s41598-017-18329-3,TaOx,8,6,4,False
TaOx_01,10.1038/s41598-017-18329-3,TaOx,2909.09,3.463757157444634,1,7,DISCRETE_MULTILEVEL,DERIVED,absolute,SINGLE_DIFFERENTIAL_PAIR,DERIVED_DEVICE_STATE_CAP,64,6,13,0,2,6,203264,56,64,3584,95.96,0.2700000000000102,96.07074882539682,0.11041312608673348,95.96033569931008,0.11074882539682562,0.11074882539682562,True,LEAVE_ONE_STUDY_OUT,10.1038/s41598-017-18329-3,TaOx_01,10.1038/s41598-017-18329-3,TaOx,8,6,4,False
TaOx_01,10.1038/s41598-017-18329-3,TaOx,2909.09,3.463757157444634,1,7,DISCRETE_MULTILEVEL,DERIVED,absolute,SINGLE_DIFFERENTIAL_PAIR,DERIVED_DEVICE_STATE_CAP,64,7,13,0,2,6,203264,56,64,3584,95.96,0.2700000000000102,96.06798595238095,0.11044329853076493,95.95754265385018,0.10798595238095743,0.10798595238095743,True,LEAVE_ONE_STUDY_OUT,10.1038/s41598-017-18329-3,TaOx_01,10.1038/s41598-017-18329-3,TaOx,8,6,4,False
TaOx_01,10.1038/s41598-017-18329-3,TaOx,2909.09,3.463757157444634,1,7,DISCRETE_MULTILEVEL,DERIVED,absolute,SINGLE_DIFFERENTIAL_PAIR,DERIVED_DEVICE_STATE_CAP,128,7,13,0,2,7,203264,16,128,2048,95.95,0.2800000000000011,96.13899438888888,0.08330601788600603,96.05568837100287,0.18899438888887232,0.18899438888887232,True,LEAVE_ONE_STUDY_OUT,10.1038/s41598-017-18329-3,TaOx_01,10.1038/s41598-017-18329-3,TaOx,8,6,4,False
TaOx_01,10.1038/s41598-017-18329-3,TaOx,2909.09,3.463757157444634,1,7,DISCRETE_MULTILEVEL,DERIVED,absolute,SINGLE_DIFFERENTIAL_PAIR,DERIVED_DEVICE_STATE_CAP,128,8,13,0,2,7,203264,16,128,2048,95.95,0.2800000000000011,96.13955348412698,0.08347089206534784,96.05608259206163,0.18955348412697504,0.18955348412697504,True,LEAVE_ONE_STUDY_OUT,10.1038/s41598-017-18329-3,TaOx_01,10.1038/s41598-017-18329-3,TaOx,8,6,4,False
TaOx_01,10.1038/s41598-017-18329-3,TaOx,2909.09,3.463757157444634,1,7,DISCRETE_MULTILEVEL,DERIVED,absolute,SINGLE_DIFFERENTIAL_PAIR,DERIVED_DEVICE_STATE_CAP,64,8,13,0,2,7,203264,56,128,7168,95.95,0.2800000000000011,96.17489275396825,0.07760896020141148,96.09728379376683,0.22489275396824837,0.22489275396824837,True,LEAVE_ONE_STUDY_OUT,10.1038/s41598-017-18329-3,TaOx_01,10.1038/s41598-017-18329-3,TaOx,8,6,4,False
TaOx_01,10.1038/s41598-017-18329-3,TaOx,2909.09,3.463757157444634,1,7,DISCRETE_MULTILEVEL,DERIVED,absolute,SINGLE_DIFFERENTIAL_PAIR,DERIVED_DEVICE_STATE_CAP,128,4,13,0,2,7,203264,16,128,2048,95.95,0.2800000000000011,96.04291630158731,0.021004311365373746,96.02191199022194,0.09291630158730868,0.09291630158730868,True,LEAVE_ONE_STUDY_OUT,10.1038/s41598-017-18329-3,TaOx_01,10.1038/s41598-017-18329-3,TaOx,8,6,4,False
TaOx_01,10.1038/s41598-017-18329-3,TaOx,2909.09,3.463757157444634,1,7,DISCRETE_MULTILEVEL,DERIVED,absolute,SINGLE_DIFFERENTIAL_PAIR,DERIVED_DEVICE_STATE_CAP,64,6,13,0,2,7,203264,56,128,7168,95.95,0.2800000000000011,96.17417576984127,0.07733621302918815,96.09683955681209,0.22417576984126697,0.22417576984126697,True,LEAVE_ONE_STUDY_OUT,10.1038/s41598-017-18329-3,TaOx_01,10.1038/s41598-017-18329-3,TaOx,8,6,4,False
TaOx_01,10.1038/s41598-017-18329-3,TaOx,2909.09,3.463757157444634,1,7,DISCRETE_MULTILEVEL,DERIVED,absolute,SINGLE_DIFFERENTIAL_PAIR,DERIVED_DEVICE_STATE_CAP,64,7,13,0,2,7,203264,56,128,7168,95.95,0.2800000000000011,96.17440053174604,0.0771953774550957,96.09720515429095,0.22440053174604202,0.22440053174604202,True,LEAVE_ONE_STUDY_OUT,10.1038/s41598-017-18329-3,TaOx_01,10.1038/s41598-017-18329-3,TaOx,8,6,4,False
TaOx_01,10.1038/s41598-017-18329-3,TaOx,2909.09,3.463757157444634,1,7,DISCRETE_MULTILEVEL,DERIVED,absolute,SINGLE_DIFFERENTIAL_PAIR,DERIVED_DEVICE_STATE_CAP,128,6,13,0,2,7,203264,16,128,2048,95.95,0.2800000000000011,96.13963286507936,0.08349870273621295,96.05613416234316,0.1896328650793606,0.1896328650793606,True,LEAVE_ONE_STUDY_OUT,10.1038/s41598-017-18329-3,TaOx_01,10.1038/s41598-017-18329-3,TaOx,8,6,4,False
TaOx_01,10.1038/s41598-017-18329-3,TaOx,2909.09,3.463757157444634,1,7,DISCRETE_MULTILEVEL,DERIVED,absolute,SINGLE_DIFFERENTIAL_PAIR,DERIVED_DEVICE_STATE_CAP,64,5,13,0,2,7,203264,56,128,7168,95.95,0.2800000000000011,96.13592515079365,0.07163200253812321,96.06429314825553,0.18592515079365057,0.18592515079365057,True,LEAVE_ONE_STUDY_OUT,10.1038/s41598-017-18329-3,TaOx_01,10.1038/s41598-017-18329-3,TaOx,8,6,4,False
TaOx_01,10.1038/s41598-017-18329-3,TaOx,2909.09,3.463757157444634,1,7,DISCRETE_MULTILEVEL,DERIVED,absolute,SINGLE_DIFFERENTIAL_PAIR,DERIVED_DEVICE_STATE_CAP,128,5,13,0,2,7,203264,16,128,2048,95.95,0.2800000000000011,96.09530550000001,0.0633150206408,96.03199047935921,0.1453055000000063,0.1453055000000063,True,LEAVE_ONE_STUDY_OUT,10.1038/s41598-017-18329-3,TaOx_01,10.1038/s41598-017-18329-3,TaOx,8,6,4,False
TaOx_01,10.1038/s41598-017-18329-3,TaOx,2909.09,3.463757157444634,1,7,DISCRETE_MULTILEVEL,DERIVED,absolute,SINGLE_DIFFERENTIAL_PAIR,DERIVED_DEVICE_STATE_CAP,64,4,13,0,2,7,203264,56,128,7168,95.95,0.2800000000000011,96.07725229365079,0.02511851915741751,96.05213377449337,0.12725229365078405,0.12725229365078405,True,LEAVE_ONE_STUDY_OUT,10.1038/s41598-017-18329-3,TaOx_01,10.1038/s41598-017-18329-3,TaOx,8,6,4,False
TaOx_01,10.1038/s41598-017-18329-3,TaOx,2909.09,3.463757157444634,1,7,DISCRETE_MULTILEVEL,DERIVED,absolute,SINGLE_DIFFERENTIAL_PAIR,DERIVED_DEVICE_STATE_CAP,32,4,13,0,2,6,203264,208,64,13312,95.95,0.2800000000000011,96.0400482142857,0.046172017648765044,95.99387619663693,0.09004821428570153,0.09004821428570153,True,LEAVE_ONE_STUDY_OUT,10.1038/s41598-017-18329-3,TaOx_01,10.1038/s41598-017-18329-3,TaOx,8,6,4,False
TaOx_01,10.1038/s41598-017-18329-3,TaOx,2909.09,3.463757157444634,1,7,DISCRETE_MULTILEVEL,DERIVED,absolute,SINGLE_DIFFERENTIAL_PAIR,DERIVED_DEVICE_STATE_CAP,32,8,13,0,2,6,203264,208,64,13312,95.95,0.2800000000000011,96.1166595952381,0.0887806291445924,96.02787896609351,0.1666595952381016,0.1666595952381016,True,LEAVE_ONE_STUDY_OUT,10.1038/s41598-017-18329-3,TaOx_01,10.1038/s41598-017-18329-3,TaOx,8,6,4,False
TaOx_01,10.1038/s41598-017-18329-3,TaOx,2909.09,3.463757157444634,1,7,DISCRETE_MULTILEVEL,DERIVED,absolute,SINGLE_DIFFERENTIAL_PAIR,DERIVED_DEVICE_STATE_CAP,32,7,13,0,2,6,203264,208,64,13312,95.95,0.2800000000000011,96.11477512698411,0.08692398725158794,96.02785113973252,0.1647751269841109,0.1647751269841109,True,LEAVE_ONE_STUDY_OUT,10.1038/s41598-017-18329-3,TaOx_01,10.1038/s41598-017-18329-3,TaOx,8,6,4,False
TaOx_01,10.1038/s41598-017-18329-3,TaOx,2909.09,3.463757157444634,1,7,DISCRETE_MULTILEVEL,DERIVED,absolute,SINGLE_DIFFERENTIAL_PAIR,DERIVED_DEVICE_STATE_CAP,32,5,13,0,2,6,203264,208,64,13312,95.95,0.2800000000000011,96.0892502936508,0.07597269061545155,96.01327760303535,0.13925029365080377,0.13925029365080377,True,LEAVE_ONE_STUDY_OUT,10.1038/s41598-017-18329-3,TaOx_01,10.1038/s41598-017-18329-3,TaOx,8,6,4,False
TaOx_01,10.1038/s41598-017-18329-3,TaOx,2909.09,3.463757157444634,1,7,DISCRETE_MULTILEVEL,DERIVED,absolute,SINGLE_DIFFERENTIAL_PAIR,DERIVED_DEVICE_STATE_CAP,32,6,13,0,2,6,203264,208,64,13312,95.95,0.2800000000000011,96.11677679365079,0.08829941979850689,96.02847737385228,0.1667767936507829,0.1667767936507829,True,LEAVE_ONE_STUDY_OUT,10.1038/s41598-017-18329-3,TaOx_01,10.1038/s41598-017-18329-3,TaOx,8,6,4,False
TaOx_01,10.1038/s41598-017-18329-3,TaOx,2909.09,3.463757157444634,1,7,DISCRETE_MULTILEVEL,DERIVED,absolute,SINGLE_DIFFERENTIAL_PAIR,DERIVED_DEVICE_STATE_CAP,16,7,13,0,2,5,203264,800,32,25600,95.89,0.3400000000000034,96.061536004329,0.12309094127732467,95.93844506305167,0.17153600432899907,0.17153600432899907,True,LEAVE_ONE_STUDY_OUT,10.1038/s41598-017-18329-3,TaOx_01,10.1038/s41598-017-18329-3,TaOx,8,6,4,False
TaOx_01,10.1038/s41598-017-18329-3,TaOx,2909.09,3.463757157444634,1,7,DISCRETE_MULTILEVEL,DERIVED,absolute,SINGLE_DIFFERENTIAL_PAIR,DERIVED_DEVICE_STATE_CAP,16,8,13,0,2,5,203264,800,32,25600,95.89,0.3400000000000034,96.06352067099567,0.12202440577844798,95.94149626521722,0.17352067099567137,0.17352067099567137,True,LEAVE_ONE_STUDY_OUT,10.1038/s41598-017-18329-3,TaOx_01,10.1038/s41598-017-18329-3,TaOx,8,6,4,False
TaOx_01,10.1038/s41598-017-18329-3,TaOx,2909.09,3.463757157444634,1,7,DISCRETE_MULTILEVEL,DERIVED,absolute,SINGLE_DIFFERENTIAL_PAIR,DERIVED_DEVICE_STATE_CAP,16,6,13,0,2,5,203264,800,32,25600,95.89,0.3400000000000034,96.04773795670995,0.125389577226423,95.92234837948352,0.15773795670995128,0.15773795670995128,True,LEAVE_ONE_STUDY_OUT,10.1038/s41598-017-18329-3,TaOx_01,10.1038/s41598-017-18329-3,TaOx,8,6,4,False
TaOx_01,10.1038/s41598-017-18329-3,TaOx,2909.09,3.463757157444634,1,7,DISCRETE_MULTILEVEL,DERIVED,absolute,SINGLE_DIFFERENTIAL_PAIR,DERIVED_DEVICE_STATE_CAP,16,5,13,0,2,5,203264,800,32,25600,95.89,0.3400000000000034,95.9876679047619,0.10557512011130814,95.8820927846506,0.09766790476190579,0.09766790476190579,True,LEAVE_ONE_STUDY_OUT,10.1038/s41598-017-18329-3,TaOx_01,10.1038/s41598-017-18329-3,TaOx,8,6,4,False
TaOx_01,10.1038/s41598-017-18329-3,TaOx,2909.09,3.463757157444634,1,7,DISCRETE_MULTILEVEL,DERIVED,absolute,SINGLE_DIFFERENTIAL_PAIR,DERIVED_DEVICE_STATE_CAP,16,4,13,0,2,5,203264,800,32,25600,95.89,0.3400000000000034,95.9634863015873,0.10802750086017901,95.85545880072712,0.07348630158729463,0.07348630158729463,True,LEAVE_ONE_STUDY_OUT,10.1038/s41598-017-18329-3,TaOx_01,10.1038/s41598-017-18329-3,TaOx,8,6,4,False
TaOx_01,10.1038/s41598-017-18329-3,TaOx,2909.09,3.463757157444634,1,7,DISCRETE_MULTILEVEL,DERIVED,absolute,SINGLE_DIFFERENTIAL_PAIR,DERIVED_DEVICE_STATE_CAP,256,6,13,0,2,6,203264,10,64,640,95.8,0.4300000000000068,95.98537619047619,0.15668580691127607,95.82869038356492,0.18537619047619103,0.18537619047619103,True,LEAVE_ONE_STUDY_OUT,10.1038/s41598-017-18329-3,TaOx_01,10.1038/s41598-017-18329-3,TaOx,8,6,4,False
TaOx_01,10.1038/s41598-017-18329-3,TaOx,2909.09,3.463757157444634,1,7,DISCRETE_MULTILEVEL,DERIVED,absolute,SINGLE_DIFFERENTIAL_PAIR,DERIVED_DEVICE_STATE_CAP,256,7,13,0,2,6,203264,10,64,640,95.8,0.4300000000000068,95.99018657936507,0.15592355677134162,95.83426302259373,0.19018657936507566,0.19018657936507566,True,LEAVE_ONE_STUDY_OUT,10.1038/s41598-017-18329-3,TaOx_01,10.1038/s41598-017-18329-3,TaOx,8,6,4,False
TaOx_01,10.1038/s41598-017-18329-3,TaOx,2909.09,3.463757157444634,1,7,DISCRETE_MULTILEVEL,DERIVED,absolute,SINGLE_DIFFERENTIAL_PAIR,DERIVED_DEVICE_STATE_CAP,256,8,13,0,2,6,203264,10,64,640,95.8,0.4300000000000068,95.99041957936508,0.15598253231911688,95.83443704704597,0.19041957936508425,0.19041957936508425,True,LEAVE_ONE_STUDY_OUT,10.1038/s41598-017-18329-3,TaOx_01,10.1038/s41598-017-18329-3,TaOx,8,6,4,False
TaOx_01,10.1038/s41598-017-18329-3,TaOx,2909.09,3.463757157444634,1,7,DISCRETE_MULTILEVEL,DERIVED,absolute,SINGLE_DIFFERENTIAL_PAIR,DERIVED_DEVICE_STATE_CAP,256,4,13,0,2,6,203264,10,64,640,95.8,0.4300000000000068,95.95926907142857,0.1596995771375469,95.79956949429102,0.15926907142856805,0.15926907142856805,True,LEAVE_ONE_STUDY_OUT,10.1038/s41598-017-18329-3,TaOx_01,10.1038/s41598-017-18329-3,TaOx,8,6,4,False
TaOx_01,10.1038/s41598-017-18329-3,TaOx,2909.09,3.463757157444634,1,7,DISCRETE_MULTILEVEL,DERIVED,absolute,SINGLE_DIFFERENTIAL_PAIR,DERIVED_DEVICE_STATE_CAP,256,5,13,0,2,6,203264,10,64,640,95.8,0.4300000000000068,95.96628673809523,0.1661919327987251,95.80009480529651,0.16628673809523775,0.16628673809523775,True,LEAVE_ONE_STUDY_OUT,10.1038/s41598-017-18329-3,TaOx_01,10.1038/s41598-017-18329-3,TaOx,8,6,4,False
TaOx_01,10.1038/s41598-017-18329-3,TaOx,2909.09,3.463757157444634,1,7,DISCRETE_MULTILEVEL,DERIVED,absolute,SINGLE_DIFFERENTIAL_PAIR,DERIVED_DEVICE_STATE_CAP,32,5,13,0,2,5,203264,208,32,6656,95.78,0.4500000000000028,95.9243555952381,0.13420079549117767,95.79015479974692,0.14435559523809616,0.14435559523809616,True,LEAVE_ONE_STUDY_OUT,10.1038/s41598-017-18329-3,TaOx_01,10.1038/s41598-017-18329-3,TaOx,8,6,4,False
TaOx_01,10.1038/s41598-017-18329-3,TaOx,2909.09,3.463757157444634,1,7,DISCRETE_MULTILEVEL,DERIVED,absolute,SINGLE_DIFFERENTIAL_PAIR,DERIVED_DEVICE_STATE_CAP,32,7,13,0,2,5,203264,208,32,6656,95.78,0.4500000000000028,95.96968905555556,0.14182976590611396,95.82785928964945,0.18968905555556148,0.18968905555556148,True,LEAVE_ONE_STUDY_OUT,10.1038/s41598-017-18329-3,TaOx_01,10.1038/s41598-017-18329-3,TaOx,8,6,4,False
TaOx_01,10.1038/s41598-017-18329-3,TaOx,2909.09,3.463757157444634,1,7,DISCRETE_MULTILEVEL,DERIVED,absolute,SINGLE_DIFFERENTIAL_PAIR,DERIVED_DEVICE_STATE_CAP,32,6,13,0,2,5,203264,208,32,6656,95.78,0.4500000000000028,95.95009934126985,0.14352029031906843,95.80657905095077,0.1700993412698466,0.1700993412698466,True,LEAVE_ONE_STUDY_OUT,10.1038/s41598-017-18329-3,TaOx_01,10.1038/s41598-017-18329-3,TaOx,8,6,4,False
TaOx_01,10.1038/s41598-017-18329-3,TaOx,2909.09,3.463757157444634,1,7,DISCRETE_MULTILEVEL,DERIVED,absolute,SINGLE_DIFFERENTIAL_PAIR,DERIVED_DEVICE_STATE_CAP,32,8,13,0,2,5,203264,208,32,6656,95.78,0.4500000000000028,95.97553853174604,0.14105107390858537,95.83448745783745,0.1955385317460383,0.1955385317460383,True,LEAVE_ONE_STUDY_OUT,10.1038/s41598-017-18329-3,TaOx_01,10.1038/s41598-017-18329-3,TaOx,8,6,4,False
TaOx_01,10.1038/s41598-017-18329-3,TaOx,2909.09,3.463757157444634,1,7,DISCRETE_MULTILEVEL,DERIVED,absolute,SINGLE_DIFFERENTIAL_PAIR,DERIVED_DEVICE_STATE_CAP,32,4,13,0,2,5,203264,208,32,6656,95.78,0.4500000000000028,95.9037771825397,0.13944441016123008,95.76433277237847,0.1237771825396976,0.1237771825396976,True,LEAVE_ONE_STUDY_OUT,10.1038/s41598-017-18329-3,TaOx_01,10.1038/s41598-017-18329-3,TaOx,8,6,4,False
TaOx_01,10.1038/s41598-017-18329-3,TaOx,2909.09,3.463757157444634,1,7,DISCRETE_MULTILEVEL,DERIVED,absolute,SINGLE_DIFFERENTIAL_PAIR,DERIVED_DEVICE_STATE_CAP,128,6,13,0,2,6,203264,16,64,1024,95.73,0.5,95.97626185714286,0.14570452185245195,95.83055733529041,0.24626185714285498,0.24626185714285498,True,LEAVE_ONE_STUDY_OUT,10.1038/s41598-017-18329-3,TaOx_01,10.1038/s41598-017-18329-3,TaOx,8,6,4,False
TaOx_01,10.1038/s41598-017-18329-3,TaOx,2909.09,3.463757157444634,1,7,DISCRETE_MULTILEVEL,DERIVED,absolute,SINGLE_DIFFERENTIAL_PAIR,DERIVED_DEVICE_STATE_CAP,128,4,13,0,2,6,203264,16,64,1024,95.73,0.5,95.95498345238096,0.14972347382122125,95.80525997855973,0.22498345238095396,0.22498345238095396,True,LEAVE_ONE_STUDY_OUT,10.1038/s41598-017-18329-3,TaOx_01,10.1038/s41598-017-18329-3,TaOx,8,6,4,False
TaOx_01,10.1038/s41598-017-18329-3,TaOx,2909.09,3.463757157444634,1,7,DISCRETE_MULTILEVEL,DERIVED,absolute,SINGLE_DIFFERENTIAL_PAIR,DERIVED_DEVICE_STATE_CAP,128,8,13,0,2,6,203264,16,64,1024,95.73,0.5,95.97914457936508,0.1465171822085328,95.83262739715656,0.24914457936507972,0.24914457936507972,True,LEAVE_ONE_STUDY_OUT,10.1038/s41598-017-18329-3,TaOx_01,10.1038/s41598-017-18329-3,TaOx,8,6,4,False
TaOx_01,10.1038/s41598-017-18329-3,TaOx,2909.09,3.463757157444634,1,7,DISCRETE_MULTILEVEL,DERIVED,absolute,SINGLE_DIFFERENTIAL_PAIR,DERIVED_DEVICE_STATE_CAP,128,5,13,0,2,6,203264,16,64,1024,95.73,0.5,95.96149611904762,0.15530488579419152,95.80619123325343,0.2314961190476197,0.2314961190476197,True,LEAVE_ONE_STUDY_OUT,10.1038/s41598-017-18329-3,TaOx_01,10.1038/s41598-017-18329-3,TaOx,8,6,4,False
TaOx_01,10.1038/s41598-017-18329-3,TaOx,2909.09,3.463757157444634,1,7,DISCRETE_MULTILEVEL,DERIVED,absolute,SINGLE_DIFFERENTIAL_PAIR,DERIVED_DEVICE_STATE_CAP,128,7,13,0,2,6,203264,16,64,1024,95.73,0.5,95.97905557936508,0.1463033195291782,95.8327522598359,0.24905557936507705,0.24905557936507705,True,LEAVE_ONE_STUDY_OUT,10.1038/s41598-017-18329-3,TaOx_01,10.1038/s41598-017-18329-3,TaOx,8,6,4,False
TaOx_01,10.1038/s41598-017-18329-3,TaOx,2909.09,3.463757157444634,1,7,DISCRETE_MULTILEVEL,DERIVED,absolute,SINGLE_DIFFERENTIAL_PAIR,DERIVED_DEVICE_STATE_CAP,64,7,13,0,2,5,203264,56,32,1792,95.44,0.7900000000000063,95.75104145238095,0.3053541709901467,95.4456872813908,0.31104145238094816,0.31104145238094816,False,LEAVE_ONE_STUDY_OUT,10.1038/s41598-017-18329-3,TaOx_01,10.1038/s41598-017-18329-3,TaOx,8,6,4,False
TaOx_01,10.1038/s41598-017-18329-3,TaOx,2909.09,3.463757157444634,1,7,DISCRETE_MULTILEVEL,DERIVED,absolute,SINGLE_DIFFERENTIAL_PAIR,DERIVED_DEVICE_STATE_CAP,64,8,13,0,2,5,203264,56,32,1792,95.44,0.7900000000000063,95.75197978571428,0.30535791694931996,95.44662186876496,0.31197978571428564,0.31197978571428564,False,LEAVE_ONE_STUDY_OUT,10.1038/s41598-017-18329-3,TaOx_01,10.1038/s41598-017-18329-3,TaOx,8,6,4,False
TaOx_01,10.1038/s41598-017-18329-3,TaOx,2909.09,3.463757157444634,1,7,DISCRETE_MULTILEVEL,DERIVED,absolute,SINGLE_DIFFERENTIAL_PAIR,DERIVED_DEVICE_STATE_CAP,64,5,13,0,2,5,203264,56,32,1792,95.44,0.7900000000000063,95.72743233333333,0.3049550559977861,95.42247727733555,0.28743233333332796,0.28743233333332796,False,LEAVE_ONE_STUDY_OUT,10.1038/s41598-017-18329-3,TaOx_01,10.1038/s41598-017-18329-3,TaOx,8,6,4,False
TaOx_01,10.1038/s41598-017-18329-3,TaOx,2909.09,3.463757157444634,1,7,DISCRETE_MULTILEVEL,DERIVED,absolute,SINGLE_DIFFERENTIAL_PAIR,DERIVED_DEVICE_STATE_CAP,64,4,13,0,2,5,203264,56,32,1792,95.44,0.7900000000000063,95.71739161904762,0.3104290581550957,95.40696256089252,0.27739161904762,0.27739161904762,False,LEAVE_ONE_STUDY_OUT,10.1038/s41598-017-18329-3,TaOx_01,10.1038/s41598-017-18329-3,TaOx,8,6,4,False
TaOx_01,10.1038/s41598-017-18329-3,TaOx,2909.09,3.463757157444634,1,7,DISCRETE_MULTILEVEL,DERIVED,absolute,SINGLE_DIFFERENTIAL_PAIR,DERIVED_DEVICE_STATE_CAP,64,6,13,0,2,5,203264,56,32,1792,95.44,0.7900000000000063,95.741688,0.30912374588924574,95.43256425411074,0.3016879999999986,0.3016879999999986,False,LEAVE_ONE_STUDY_OUT,10.1038/s41598-017-18329-3,TaOx_01,10.1038/s41598-017-18329-3,TaOx,8,6,4,False
TaOx_01,10.1038/s41598-017-18329-3,TaOx,2909.09,3.463757157444634,1,7,DISCRETE_MULTILEVEL,DERIVED,absolute,SINGLE_DIFFERENTIAL_PAIR,DERIVED_DEVICE_STATE_CAP,16,8,13,0,2,4,203264,800,16,12800,94.99,1.240000000000009,95.60436603174603,0.41977969014260147,95.18458634160342,0.6143660317460302,0.6143660317460302,False,LEAVE_ONE_STUDY_OUT,10.1038/s41598-017-18329-3,TaOx_01,10.1038/s41598-017-18329-3,TaOx,8,6,4,False
TaOx_01,10.1038/s41598-017-18329-3,TaOx,2909.09,3.463757157444634,1,7,DISCRETE_MULTILEVEL,DERIVED,absolute,SINGLE_DIFFERENTIAL_PAIR,DERIVED_DEVICE_STATE_CAP,16,4,13,0,2,4,203264,800,16,12800,94.99,1.240000000000009,95.56881608730158,0.42586419320674535,95.14295189409484,0.5788160873015897,0.5788160873015897,False,LEAVE_ONE_STUDY_OUT,10.1038/s41598-017-18329-3,TaOx_01,10.1038/s41598-017-18329-3,TaOx,8,6,4,False
TaOx_01,10.1038/s41598-017-18329-3,TaOx,2909.09,3.463757157444634,1,7,DISCRETE_MULTILEVEL,DERIVED,absolute,SINGLE_DIFFERENTIAL_PAIR,DERIVED_DEVICE_STATE_CAP,16,7,13,0,2,4,203264,800,16,12800,94.99,1.240000000000009,95.60766369841271,0.41746884633384995,95.19019485207886,0.6176636984127128,0.6176636984127128,False,LEAVE_ONE_STUDY_OUT,10.1038/s41598-017-18329-3,TaOx_01,10.1038/s41598-017-18329-3,TaOx,8,6,4,False
TaOx_01,10.1038/s41598-017-18329-3,TaOx,2909.09,3.463757157444634,1,7,DISCRETE_MULTILEVEL,DERIVED,absolute,SINGLE_DIFFERENTIAL_PAIR,DERIVED_DEVICE_STATE_CAP,16,5,13,0,2,4,203264,800,16,12800,94.99,1.240000000000009,95.58159608730159,0.4092942011635181,95.17230188613807,0.5915960873015962,0.5915960873015962,False,LEAVE_ONE_STUDY_OUT,10.1038/s41598-017-18329-3,TaOx_01,10.1038/s41598-017-18329-3,TaOx,8,6,4,False
TaOx_01,10.1038/s41598-017-18329-3,TaOx,2909.09,3.463757157444634,1,7,DISCRETE_MULTILEVEL,DERIVED,absolute,SINGLE_DIFFERENTIAL_PAIR,DERIVED_DEVICE_STATE_CAP,16,6,13,0,2,4,203264,800,16,12800,94.99,1.240000000000009,95.60273736507938,0.4165229950174593,95.18621437006192,0.6127373650793828,0.6127373650793828,False,LEAVE_ONE_STUDY_OUT,10.1038/s41598-017-18329-3,TaOx_01,10.1038/s41598-017-18329-3,TaOx,8,6,4,False
TaOx_01,10.1038/s41598-017-18329-3,TaOx,2909.09,3.463757157444634,1,7,DISCRETE_MULTILEVEL,DERIVED,absolute,SINGLE_DIFFERENTIAL_PAIR,DERIVED_DEVICE_STATE_CAP,32,4,13,0,2,4,203264,208,16,3328,94.5,1.730000000000004,94.72242876984127,0.9641625904252255,93.75826617941604,0.22242876984127236,0.22242876984127236,False,LEAVE_ONE_STUDY_OUT,10.1038/s41598-017-18329-3,TaOx_01,10.1038/s41598-017-18329-3,TaOx,8,6,4,False
TaOx_01,10.1038/s41598-017-18329-3,TaOx,2909.09,3.463757157444634,1,7,DISCRETE_MULTILEVEL,DERIVED,absolute,SINGLE_DIFFERENTIAL_PAIR,DERIVED_DEVICE_STATE_CAP,32,8,13,0,2,4,203264,208,16,3328,94.5,1.730000000000004,94.78069705555556,0.9581102451009043,93.82258681045467,0.2806970555555637,0.2806970555555637,False,LEAVE_ONE_STUDY_OUT,10.1038/s41598-017-18329-3,TaOx_01,10.1038/s41598-017-18329-3,TaOx,8,6,4,False
TaOx_01,10.1038/s41598-017-18329-3,TaOx,2909.09,3.463757157444634,1,7,DISCRETE_MULTILEVEL,DERIVED,absolute,SINGLE_DIFFERENTIAL_PAIR,DERIVED_DEVICE_STATE_CAP,32,6,13,0,2,4,203264,208,16,3328,94.5,1.730000000000004,94.76387453174603,0.9653026937218662,93.79857183802416,0.26387453174602626,0.26387453174602626,False,LEAVE_ONE_STUDY_OUT,10.1038/s41598-017-18329-3,TaOx_01,10.1038/s41598-017-18329-3,TaOx,8,6,4,False
TaOx_01,10.1038/s41598-017-18329-3,TaOx,2909.09,3.463757157444634,1,7,DISCRETE_MULTILEVEL,DERIVED,absolute,SINGLE_DIFFERENTIAL_PAIR,DERIVED_DEVICE_STATE_CAP,32,5,13,0,2,4,203264,208,16,3328,94.5,1.730000000000004,94.72412043650795,0.9705288540800574,93.75359158242789,0.22412043650794544,0.22412043650794544,False,LEAVE_ONE_STUDY_OUT,10.1038/s41598-017-18329-3,TaOx_01,10.1038/s41598-017-18329-3,TaOx,8,6,4,False
TaOx_01,10.1038/s41598-017-18329-3,TaOx,2909.09,3.463757157444634,1,7,DISCRETE_MULTILEVEL,DERIVED,absolute,SINGLE_DIFFERENTIAL_PAIR,DERIVED_DEVICE_STATE_CAP,32,7,13,0,2,4,203264,208,16,3328,94.5,1.730000000000004,94.77928138888889,0.9602658764562981,93.81901551243259,0.2792813888888901,0.2792813888888901,False,LEAVE_ONE_STUDY_OUT,10.1038/s41598-017-18329-3,TaOx_01,10.1038/s41598-017-18329-3,TaOx,8,6,4,False
TaOx_01,10.1038/s41598-017-18329-3,TaOx,2909.09,3.463757157444634,1,7,DISCRETE_MULTILEVEL,DERIVED,absolute,SINGLE_DIFFERENTIAL_PAIR,DERIVED_DEVICE_STATE_CAP,128,4,13,0,2,5,203264,16,32,512,93.81,2.4200000000000017,95.069630484127,0.7683761737537824,94.30125431037322,1.2596304841270012,1.2596304841270012,False,LEAVE_ONE_STUDY_OUT,10.1038/s41598-017-18329-3,TaOx_01,10.1038/s41598-017-18329-3,TaOx,8,6,4,False
TaOx_01,10.1038/s41598-017-18329-3,TaOx,2909.09,3.463757157444634,1,7,DISCRETE_MULTILEVEL,DERIVED,absolute,SINGLE_DIFFERENTIAL_PAIR,DERIVED_DEVICE_STATE_CAP,128,6,13,0,2,5,203264,16,32,512,93.81,2.4200000000000017,95.11184705555556,0.7480552553725238,94.36379180018304,1.3018470555555552,1.3018470555555552,False,LEAVE_ONE_STUDY_OUT,10.1038/s41598-017-18329-3,TaOx_01,10.1038/s41598-017-18329-3,TaOx,8,6,4,False
TaOx_01,10.1038/s41598-017-18329-3,TaOx,2909.09,3.463757157444634,1,7,DISCRETE_MULTILEVEL,DERIVED,absolute,SINGLE_DIFFERENTIAL_PAIR,DERIVED_DEVICE_STATE_CAP,128,8,13,0,2,5,203264,16,32,512,93.81,2.4200000000000017,95.11757105555557,0.7549118974337496,94.36265915812183,1.3075710555555702,1.3075710555555702,False,LEAVE_ONE_STUDY_OUT,10.1038/s41598-017-18329-3,TaOx_01,10.1038/s41598-017-18329-3,TaOx,8,6,4,False
TaOx_01,10.1038/s41598-017-18329-3,TaOx,2909.09,3.463757157444634,1,7,DISCRETE_MULTILEVEL,DERIVED,absolute,SINGLE_DIFFERENTIAL_PAIR,DERIVED_DEVICE_STATE_CAP,128,7,13,0,2,5,203264,16,32,512,93.81,2.4200000000000017,95.11205972222223,0.7484915801449121,94.36356814207731,1.302059722222225,1.302059722222225,False,LEAVE_ONE_STUDY_OUT,10.1038/s41598-017-18329-3,TaOx_01,10.1038/s41598-017-18329-3,TaOx,8,6,4,False
TaOx_01,10.1038/s41598-017-18329-3,TaOx,2909.09,3.463757157444634,1,7,DISCRETE_MULTILEVEL,DERIVED,absolute,SINGLE_DIFFERENTIAL_PAIR,DERIVED_DEVICE_STATE_CAP,128,5,13,0,2,5,203264,16,32,512,93.81,2.4200000000000017,95.07549081746032,0.7628626086946193,94.3126282087657,1.2654908174603179,1.2654908174603179,False,LEAVE_ONE_STUDY_OUT,10.1038/s41598-017-18329-3,TaOx_01,10.1038/s41598-017-18329-3,TaOx,8,6,4,False
TaOx_01,10.1038/s41598-017-18329-3,TaOx,2909.09,3.463757157444634,1,7,DISCRETE_MULTILEVEL,DERIVED,absolute,SINGLE_DIFFERENTIAL_PAIR,DERIVED_DEVICE_STATE_CAP,256,6,13,0,2,5,203264,10,32,320,93.75,2.480000000000004,94.84109173809524,0.9840021808906937,93.85708955720455,1.091091738095244,1.091091738095244,False,LEAVE_ONE_STUDY_OUT,10.1038/s41598-017-18329-3,TaOx_01,10.1038/s41598-017-18329-3,TaOx,8,6,4,False
TaOx_01,10.1038/s41598-017-18329-3,TaOx,2909.09,3.463757157444634,1,7,DISCRETE_MULTILEVEL,DERIVED,absolute,SINGLE_DIFFERENTIAL_PAIR,DERIVED_DEVICE_STATE_CAP,256,5,13,0,2,5,203264,10,32,320,93.75,2.480000000000004,94.77897802380953,1.0188788692519886,93.76009915455754,1.028978023809529,1.028978023809529,False,LEAVE_ONE_STUDY_OUT,10.1038/s41598-017-18329-3,TaOx_01,10.1038/s41598-017-18329-3,TaOx,8,6,4,False
TaOx_01,10.1038/s41598-017-18329-3,TaOx,2909.09,3.463757157444634,1,7,DISCRETE_MULTILEVEL,DERIVED,absolute,SINGLE_DIFFERENTIAL_PAIR,DERIVED_DEVICE_STATE_CAP,256,8,13,0,2,5,203264,10,32,320,93.75,2.480000000000004,94.85541457142858,0.9824399840344009,93.87297458739418,1.1054145714285823,1.1054145714285823,False,LEAVE_ONE_STUDY_OUT,10.1038/s41598-017-18329-3,TaOx_01,10.1038/s41598-017-18329-3,TaOx,8,6,4,False
TaOx_01,10.1038/s41598-017-18329-3,TaOx,2909.09,3.463757157444634,1,7,DISCRETE_MULTILEVEL,DERIVED,absolute,SINGLE_DIFFERENTIAL_PAIR,DERIVED_DEVICE_STATE_CAP,256,7,13,0,2,5,203264,10,32,320,93.75,2.480000000000004,94.84910023809525,0.9773187756238032,93.87178146247145,1.0991002380952466,1.0991002380952466,False,LEAVE_ONE_STUDY_OUT,10.1038/s41598-017-18329-3,TaOx_01,10.1038/s41598-017-18329-3,TaOx,8,6,4,False
TaOx_01,10.1038/s41598-017-18329-3,TaOx,2909.09,3.463757157444634,1,7,DISCRETE_MULTILEVEL,DERIVED,absolute,SINGLE_DIFFERENTIAL_PAIR,DERIVED_DEVICE_STATE_CAP,256,4,13,0,2,5,203264,10,32,320,93.75,2.480000000000004,94.77369335714285,1.023636065410966,93.75005729173188,1.0236933571428466,1.0236933571428466,False,LEAVE_ONE_STUDY_OUT,10.1038/s41598-017-18329-3,TaOx_01,10.1038/s41598-017-18329-3,TaOx,8,6,4,False
TaOx_01,10.1038/s41598-017-18329-3,TaOx,2909.09,3.463757157444634,1,7,DISCRETE_MULTILEVEL,DERIVED,absolute,SINGLE_DIFFERENTIAL_PAIR,DERIVED_DEVICE_STATE_CAP,128,3,7,0,2,8,203264,16,256,4096,92.33,3.9000000000000057,92.19073656349207,0.03100310724676249,92.1597334562453,-0.13926343650793171,0.13926343650793171,False,LEAVE_ONE_STUDY_OUT,10.1038/s41598-017-18329-3,TaOx_01,10.1038/s41598-017-18329-3,TaOx,8,6,4,False
TaOx_01,10.1038/s41598-017-18329-3,TaOx,2909.09,3.463757157444634,1,7,DISCRETE_MULTILEVEL,DERIVED,absolute,SINGLE_DIFFERENTIAL_PAIR,DERIVED_DEVICE_STATE_CAP,256,3,7,0,2,8,203264,10,256,2560,92.31,3.9200000000000017,92.19536446825397,0.03848388857793473,92.15688057967604,-0.11463553174603192,0.11463553174603192,False,LEAVE_ONE_STUDY_OUT,10.1038/s41598-017-18329-3,TaOx_01,10.1038/s41598-017-18329-3,TaOx,8,6,4,False
TaOx_01,10.1038/s41598-017-18329-3,TaOx,2909.09,3.463757157444634,1,7,DISCRETE_MULTILEVEL,DERIVED,absolute,SINGLE_DIFFERENTIAL_PAIR,DERIVED_DEVICE_STATE_CAP,32,3,7,0,2,9,203264,208,512,106496,92.25,3.980000000000004,92.23600853174604,0.021278062846396165,92.21473046889965,-0.01399146825396258,0.01399146825396258,False,LEAVE_ONE_STUDY_OUT,10.1038/s41598-017-18329-3,TaOx_01,10.1038/s41598-017-18329-3,TaOx,8,6,4,False
TaOx_01,10.1038/s41598-017-18329-3,TaOx,2909.09,3.463757157444634,1,7,DISCRETE_MULTILEVEL,DERIVED,absolute,SINGLE_DIFFERENTIAL_PAIR,DERIVED_DEVICE_STATE_CAP,16,3,7,0,2,10,203264,800,1024,819200,92.25,3.980000000000004,92.23692169047618,0.017479590707998816,92.21944209976819,-0.013078309523820053,0.013078309523820053,False,LEAVE_ONE_STUDY_OUT,10.1038/s41598-017-18329-3,TaOx_01,10.1038/s41598-017-18329-3,TaOx,8,6,4,False
TaOx_01,10.1038/s41598-017-18329-3,TaOx,2909.09,3.463757157444634,1,7,DISCRETE_MULTILEVEL,DERIVED,absolute,SINGLE_DIFFERENTIAL_PAIR,DERIVED_DEVICE_STATE_CAP,32,3,7,0,2,10,203264,208,1024,212992,92.25,3.980000000000004,92.23297423809524,0.015169631722701648,92.21780460637254,-0.017025761904761794,0.017025761904761794,False,LEAVE_ONE_STUDY_OUT,10.1038/s41598-017-18329-3,TaOx_01,10.1038/s41598-017-18329-3,TaOx,8,6,4,False
TaOx_01,10.1038/s41598-017-18329-3,TaOx,2909.09,3.463757157444634,1,7,DISCRETE_MULTILEVEL,DERIVED,absolute,SINGLE_DIFFERENTIAL_PAIR,DERIVED_DEVICE_STATE_CAP,64,3,7,0,2,9,203264,56,512,28672,92.24,3.990000000000009,92.22779546031745,0.022521674953629122,92.20527378536383,-0.012204539682542759,0.012204539682542759,False,LEAVE_ONE_STUDY_OUT,10.1038/s41598-017-18329-3,TaOx_01,10.1038/s41598-017-18329-3,TaOx,8,6,4,False
TaOx_01,10.1038/s41598-017-18329-3,TaOx,2909.09,3.463757157444634,1,7,DISCRETE_MULTILEVEL,DERIVED,absolute,SINGLE_DIFFERENTIAL_PAIR,DERIVED_DEVICE_STATE_CAP,64,3,7,0,2,10,203264,56,1024,57344,92.24,3.990000000000009,92.2148446031746,0.01863145780556904,92.19621314536903,-0.025155396825397247,0.025155396825397247,False,LEAVE_ONE_STUDY_OUT,10.1038/s41598-017-18329-3,TaOx_01,10.1038/s41598-017-18329-3,TaOx,8,6,4,False
TaOx_01,10.1038/s41598-017-18329-3,TaOx,2909.09,3.463757157444634,1,7,DISCRETE_MULTILEVEL,DERIVED,absolute,SINGLE_DIFFERENTIAL_PAIR,DERIVED_DEVICE_STATE_CAP,128,3,7,0,2,10,203264,16,1024,16384,92.23,4.0,92.21765893867246,0.018677683081966105,92.1989812555905,-0.012341061327546754,0.012341061327546754,False,LEAVE_ONE_STUDY_OUT,10.1038/s41598-017-18329-3,TaOx_01,10.1038/s41598-017-18329-3,TaOx,8,6,4,False
TaOx_01,10.1038/s41598-017-18329-3,TaOx,2909.09,3.463757157444634,1,7,DISCRETE_MULTILEVEL,DERIVED,absolute,SINGLE_DIFFERENTIAL_PAIR,DERIVED_DEVICE_STATE_CAP,16,3,7,0,2,7,203264,800,128,102400,92.22,4.010000000000005,92.20940185714286,0.027494233056117832,92.18190762408675,-0.010598142857134007,0.010598142857134007,False,LEAVE_ONE_STUDY_OUT,10.1038/s41598-017-18329-3,TaOx_01,10.1038/s41598-017-18329-3,TaOx,8,6,4,False
TaOx_01,10.1038/s41598-017-18329-3,TaOx,2909.09,3.463757157444634,1,7,DISCRETE_MULTILEVEL,DERIVED,absolute,SINGLE_DIFFERENTIAL_PAIR,DERIVED_DEVICE_STATE_CAP,32,3,7,0,2,7,203264,208,128,26624,92.21,4.02000000000001,92.21032424603176,0.03560475845995262,92.1747194875718,0.00032424603176650635,0.00032424603176650635,False,LEAVE_ONE_STUDY_OUT,10.1038/s41598-017-18329-3,TaOx_01,10.1038/s41598-017-18329-3,TaOx,8,6,4,False
TaOx_01,10.1038/s41598-017-18329-3,TaOx,2909.09,3.463757157444634,1,7,DISCRETE_MULTILEVEL,DERIVED,absolute,SINGLE_DIFFERENTIAL_PAIR,DERIVED_DEVICE_STATE_CAP,256,3,7,0,2,10,203264,10,1024,10240,92.21,4.02000000000001,92.22478437301586,0.017857149715549595,92.20692722330031,0.01478437301587121,0.01478437301587121,False,LEAVE_ONE_STUDY_OUT,10.1038/s41598-017-18329-3,TaOx_01,10.1038/s41598-017-18329-3,TaOx,8,6,4,False
TaOx_01,10.1038/s41598-017-18329-3,TaOx,2909.09,3.463757157444634,1,7,DISCRETE_MULTILEVEL,DERIVED,absolute,SINGLE_DIFFERENTIAL_PAIR,DERIVED_DEVICE_STATE_CAP,16,3,7,0,2,8,203264,800,256,204800,92.21,4.02000000000001,92.19737026984127,0.01763927211012586,92.17973099773114,-0.012629730158721486,0.012629730158721486,False,LEAVE_ONE_STUDY_OUT,10.1038/s41598-017-18329-3,TaOx_01,10.1038/s41598-017-18329-3,TaOx,8,6,4,False
TaOx_01,10.1038/s41598-017-18329-3,TaOx,2909.09,3.463757157444634,1,7,DISCRETE_MULTILEVEL,DERIVED,absolute,SINGLE_DIFFERENTIAL_PAIR,DERIVED_DEVICE_STATE_CAP,16,3,7,0,2,9,203264,800,512,409600,92.21,4.02000000000001,92.24070542857143,0.019734943400095063,92.22097048517134,0.03070542857143721,0.03070542857143721,False,LEAVE_ONE_STUDY_OUT,10.1038/s41598-017-18329-3,TaOx_01,10.1038/s41598-017-18329-3,TaOx,8,6,4,False
TaOx_01,10.1038/s41598-017-18329-3,TaOx,2909.09,3.463757157444634,1,7,DISCRETE_MULTILEVEL,DERIVED,absolute,SINGLE_DIFFERENTIAL_PAIR,DERIVED_DEVICE_STATE_CAP,256,3,7,0,2,9,203264,10,512,5120,92.19,4.040000000000006,92.22274995238095,0.023346877341084087,92.19940307503987,0.03274995238095357,0.03274995238095357,False,LEAVE_ONE_STUDY_OUT,10.1038/s41598-017-18329-3,TaOx_01,10.1038/s41598-017-18329-3,TaOx,8,6,4,False
TaOx_01,10.1038/s41598-017-18329-3,TaOx,2909.09,3.463757157444634,1,7,DISCRETE_MULTILEVEL,DERIVED,absolute,SINGLE_DIFFERENTIAL_PAIR,DERIVED_DEVICE_STATE_CAP,64,3,7,0,2,7,203264,56,128,7168,92.18,4.049999999999997,92.09672700793651,0.06556929325410549,92.03115771468241,-0.08327299206349892,0.08327299206349892,False,LEAVE_ONE_STUDY_OUT,10.1038/s41598-017-18329-3,TaOx_01,10.1038/s41598-017-18329-3,TaOx,8,6,4,False
TaOx_01,10.1038/s41598-017-18329-3,TaOx,2909.09,3.463757157444634,1,7,DISCRETE_MULTILEVEL,DERIVED,absolute,SINGLE_DIFFERENTIAL_PAIR,DERIVED_DEVICE_STATE_CAP,256,3,7,0,2,7,203264,10,128,1280,92.18,4.049999999999997,92.10125772222221,0.07438224609529978,92.02687547612692,-0.07874227777779197,0.07874227777779197,False,LEAVE_ONE_STUDY_OUT,10.1038/s41598-017-18329-3,TaOx_01,10.1038/s41598-017-18329-3,TaOx,8,6,4,False
TaOx_01,10.1038/s41598-017-18329-3,TaOx,2909.09,3.463757157444634,1,7,DISCRETE_MULTILEVEL,DERIVED,absolute,SINGLE_DIFFERENTIAL_PAIR,DERIVED_DEVICE_STATE_CAP,128,3,7,0,2,9,203264,16,512,8192,92.18,4.049999999999997,92.24017133333334,0.028000470399134444,92.2121708629342,0.06017133333332936,0.06017133333332936,False,LEAVE_ONE_STUDY_OUT,10.1038/s41598-017-18329-3,TaOx_01,10.1038/s41598-017-18329-3,TaOx,8,6,4,False
TaOx_01,10.1038/s41598-017-18329-3,TaOx,2909.09,3.463757157444634,1,7,DISCRETE_MULTILEVEL,DERIVED,absolute,SINGLE_DIFFERENTIAL_PAIR,DERIVED_DEVICE_STATE_CAP,32,3,7,0,2,8,203264,208,256,53248,92.14,4.090000000000003,92.19339130952382,0.01730173007868022,92.17608957944513,0.053391309523817654,0.053391309523817654,False,LEAVE_ONE_STUDY_OUT,10.1038/s41598-017-18329-3,TaOx_01,10.1038/s41598-017-18329-3,TaOx,8,6,4,False
TaOx_01,10.1038/s41598-017-18329-3,TaOx,2909.09,3.463757157444634,1,7,DISCRETE_MULTILEVEL,DERIVED,absolute,SINGLE_DIFFERENTIAL_PAIR,DERIVED_DEVICE_STATE_CAP,64,3,7,0,2,8,203264,56,256,14336,92.12,4.109999999999999,92.19122367460318,0.026124602153633318,92.16509907244955,0.07122367460317491,0.07122367460317491,False,LEAVE_ONE_STUDY_OUT,10.1038/s41598-017-18329-3,TaOx_01,10.1038/s41598-017-18329-3,TaOx,8,6,4,False
TaOx_01,10.1038/s41598-017-18329-3,TaOx,2909.09,3.463757157444634,1,7,DISCRETE_MULTILEVEL,DERIVED,absolute,SINGLE_DIFFERENTIAL_PAIR,DERIVED_DEVICE_STATE_CAP,16,3,7,0,2,6,203264,800,64,51200,92.11,4.1200000000000045,92.1065747936508,0.02501343860411038,92.08156135504669,-0.003425206349206178,0.003425206349206178,False,LEAVE_ONE_STUDY_OUT,10.1038/s41598-017-18329-3,TaOx_01,10.1038/s41598-017-18329-3,TaOx,8,6,4,False
TaOx_01,10.1038/s41598-017-18329-3,TaOx,2909.09,3.463757157444634,1,7,DISCRETE_MULTILEVEL,DERIVED,absolute,SINGLE_DIFFERENTIAL_PAIR,DERIVED_DEVICE_STATE_CAP,32,3,7,0,2,6,203264,208,64,13312,92.1,4.13000000000001,92.1022396984127,0.04307720570431946,92.05916249270838,0.002239698412708435,0.002239698412708435,False,LEAVE_ONE_STUDY_OUT,10.1038/s41598-017-18329-3,TaOx_01,10.1038/s41598-017-18329-3,TaOx,8,6,4,False
TaOx_01,10.1038/s41598-017-18329-3,TaOx,2909.09,3.463757157444634,1,7,DISCRETE_MULTILEVEL,DERIVED,absolute,SINGLE_DIFFERENTIAL_PAIR,DERIVED_DEVICE_STATE_CAP,128,3,7,0,2,7,203264,16,128,2048,92.09,4.140000000000001,92.09431876984127,0.06252848011807731,92.03179028972319,0.004318769841262338,0.004318769841262338,False,LEAVE_ONE_STUDY_OUT,10.1038/s41598-017-18329-3,TaOx_01,10.1038/s41598-017-18329-3,TaOx,8,6,4,False
TaOx_01,10.1038/s41598-017-18329-3,TaOx,2909.09,3.463757157444634,1,7,DISCRETE_MULTILEVEL,DERIVED,absolute,SINGLE_DIFFERENTIAL_PAIR,DERIVED_DEVICE_STATE_CAP,64,8,13,0,2,4,203264,56,16,896,91.94,4.290000000000006,91.81833326190475,2.400100597172197,89.41823266473256,-0.12166673809524298,0.12166673809524298,False,LEAVE_ONE_STUDY_OUT,10.1038/s41598-017-18329-3,TaOx_01,10.1038/s41598-017-18329-3,TaOx,8,6,4,False
TaOx_01,10.1038/s41598-017-18329-3,TaOx,2909.09,3.463757157444634,1,7,DISCRETE_MULTILEVEL,DERIVED,absolute,SINGLE_DIFFERENTIAL_PAIR,DERIVED_DEVICE_STATE_CAP,64,6,13,0,2,4,203264,56,16,896,91.94,4.290000000000006,91.82676545238097,2.387805814225551,89.43895963815541,-0.11323454761902951,0.11323454761902951,False,LEAVE_ONE_STUDY_OUT,10.1038/s41598-017-18329-3,TaOx_01,10.1038/s41598-017-18329-3,TaOx,8,6,4,False
TaOx_01,10.1038/s41598-017-18329-3,TaOx,2909.09,3.463757157444634,1,7,DISCRETE_MULTILEVEL,DERIVED,absolute,SINGLE_DIFFERENTIAL_PAIR,DERIVED_DEVICE_STATE_CAP,64,5,13,0,2,4,203264,56,16,896,91.94,4.290000000000006,91.8075569761905,2.387545229534163,89.42001174665633,-0.13244302380950046,0.13244302380950046,False,LEAVE_ONE_STUDY_OUT,10.1038/s41598-017-18329-3,TaOx_01,10.1038/s41598-017-18329-3,TaOx,8,6,4,False
TaOx_01,10.1038/s41598-017-18329-3,TaOx,2909.09,3.463757157444634,1,7,DISCRETE_MULTILEVEL,DERIVED,absolute,SINGLE_DIFFERENTIAL_PAIR,DERIVED_DEVICE_STATE_CAP,64,4,13,0,2,4,203264,56,16,896,91.94,4.290000000000006,91.79693470634922,2.3918864215982705,89.40504828475095,-0.14306529365077836,0.14306529365077836,False,LEAVE_ONE_STUDY_OUT,10.1038/s41598-017-18329-3,TaOx_01,10.1038/s41598-017-18329-3,TaOx,8,6,4,False
TaOx_01,10.1038/s41598-017-18329-3,TaOx,2909.09,3.463757157444634,1,7,DISCRETE_MULTILEVEL,DERIVED,absolute,SINGLE_DIFFERENTIAL_PAIR,DERIVED_DEVICE_STATE_CAP,64,7,13,0,2,4,203264,56,16,896,91.94,4.290000000000006,91.8205765,2.3985292368783293,89.42204726312167,-0.11942349999999635,0.11942349999999635,False,LEAVE_ONE_STUDY_OUT,10.1038/s41598-017-18329-3,TaOx_01,10.1038/s41598-017-18329-3,TaOx,8,6,4,False
TaOx_01,10.1038/s41598-017-18329-3,TaOx,2909.09,3.463757157444634,1,7,DISCRETE_MULTILEVEL,DERIVED,absolute,SINGLE_DIFFERENTIAL_PAIR,DERIVED_DEVICE_STATE_CAP,256,3,7,0,2,6,203264,10,64,640,91.93,4.299999999999997,91.74789397619048,0.3031963873727997,91.44469758881769,-0.18210602380952423,0.18210602380952423,False,LEAVE_ONE_STUDY_OUT,10.1038/s41598-017-18329-3,TaOx_01,10.1038/s41598-017-18329-3,TaOx,8,6,4,False
TaOx_01,10.1038/s41598-017-18329-3,TaOx,2909.09,3.463757157444634,1,7,DISCRETE_MULTILEVEL,DERIVED,absolute,SINGLE_DIFFERENTIAL_PAIR,DERIVED_DEVICE_STATE_CAP,128,3,7,0,2,6,203264,16,64,1024,91.85,4.38000000000001,91.94923193650793,0.19728123312458126,91.75195070338334,0.09923193650793394,0.09923193650793394,False,LEAVE_ONE_STUDY_OUT,10.1038/s41598-017-18329-3,TaOx_01,10.1038/s41598-017-18329-3,TaOx,8,6,4,False
TaOx_01,10.1038/s41598-017-18329-3,TaOx,2909.09,3.463757157444634,1,7,DISCRETE_MULTILEVEL,DERIVED,absolute,SINGLE_DIFFERENTIAL_PAIR,DERIVED_DEVICE_STATE_CAP,64,3,7,0,2,6,203264,56,64,3584,91.77,4.460000000000008,92.08837196031746,0.08941483953142564,91.99895712078603,0.31837196031746373,0.31837196031746373,False,LEAVE_ONE_STUDY_OUT,10.1038/s41598-017-18329-3,TaOx_01,10.1038/s41598-017-18329-3,TaOx,8,6,4,False
TaOx_01,10.1038/s41598-017-18329-3,TaOx,2909.09,3.463757157444634,1,7,DISCRETE_MULTILEVEL,DERIVED,absolute,SINGLE_DIFFERENTIAL_PAIR,DERIVED_DEVICE_STATE_CAP,16,3,7,0,2,5,203264,800,32,25600,91.7,4.530000000000001,91.74734961904761,0.2641081514595058,91.4832414675881,0.04734961904760837,0.04734961904760837,False,LEAVE_ONE_STUDY_OUT,10.1038/s41598-017-18329-3,TaOx_01,10.1038/s41598-017-18329-3,TaOx,8,6,4,False
TaOx_01,10.1038/s41598-017-18329-3,TaOx,2909.09,3.463757157444634,1,7,DISCRETE_MULTILEVEL,DERIVED,absolute,SINGLE_DIFFERENTIAL_PAIR,DERIVED_DEVICE_STATE_CAP,32,3,7,0,2,5,203264,208,32,6656,91.62,4.609999999999999,91.63129395238094,0.3479754356702925,91.28331851671065,0.011293952380938777,0.011293952380938777,False,LEAVE_ONE_STUDY_OUT,10.1038/s41598-017-18329-3,TaOx_01,10.1038/s41598-017-18329-3,TaOx,8,6,4,False
TaOx_01,10.1038/s41598-017-18329-3,TaOx,2909.09,3.463757157444634,1,7,DISCRETE_MULTILEVEL,DERIVED,absolute,SINGLE_DIFFERENTIAL_PAIR,DERIVED_DEVICE_STATE_CAP,64,3,7,0,2,5,203264,56,32,1792,90.86,5.3700000000000045,91.33503803174602,0.6519446882663584,90.68309334347967,0.4750380317460241,0.4750380317460241,False,LEAVE_ONE_STUDY_OUT,10.1038/s41598-017-18329-3,TaOx_01,10.1038/s41598-017-18329-3,TaOx,8,6,4,False
TaOx_01,10.1038/s41598-017-18329-3,TaOx,2909.09,3.463757157444634,1,7,DISCRETE_MULTILEVEL,DERIVED,absolute,SINGLE_DIFFERENTIAL_PAIR,DERIVED_DEVICE_STATE_CAP,128,3,7,0,2,5,203264,16,32,512,90.67,5.560000000000002,90.58967942857143,1.1252196126857859,89.46445981588565,-0.08032057142857241,0.08032057142857241,False,LEAVE_ONE_STUDY_OUT,10.1038/s41598-017-18329-3,TaOx_01,10.1038/s41598-017-18329-3,TaOx,8,6,4,False
TaOx_01,10.1038/s41598-017-18329-3,TaOx,2909.09,3.463757157444634,1,7,DISCRETE_MULTILEVEL,DERIVED,absolute,SINGLE_DIFFERENTIAL_PAIR,DERIVED_DEVICE_STATE_CAP,16,3,7,0,2,4,203264,800,16,12800,90.45,5.780000000000001,90.95757311904762,0.8512047069506771,90.10636841209694,0.5075731190476205,0.5075731190476205,False,LEAVE_ONE_STUDY_OUT,10.1038/s41598-017-18329-3,TaOx_01,10.1038/s41598-017-18329-3,TaOx,8,6,4,False
TaOx_01,10.1038/s41598-017-18329-3,TaOx,2909.09,3.463757157444634,1,7,DISCRETE_MULTILEVEL,DERIVED,absolute,SINGLE_DIFFERENTIAL_PAIR,DERIVED_DEVICE_STATE_CAP,256,3,7,0,2,5,203264,10,32,320,90.09,6.140000000000001,89.96342208730158,2.3651404527405586,87.59828163456102,-0.12657791269842278,0.12657791269842278,False,LEAVE_ONE_STUDY_OUT,10.1038/s41598-017-18329-3,TaOx_01,10.1038/s41598-017-18329-3,TaOx,8,6,4,False
TaOx_01,10.1038/s41598-017-18329-3,TaOx,2909.09,3.463757157444634,1,7,DISCRETE_MULTILEVEL,DERIVED,absolute,SINGLE_DIFFERENTIAL_PAIR,DERIVED_DEVICE_STATE_CAP,32,3,7,0,2,4,203264,208,16,3328,89.1,7.13000000000001,90.54928092857143,1.1051834555207891,89.44409747305065,1.44928092857144,1.44928092857144,False,LEAVE_ONE_STUDY_OUT,10.1038/s41598-017-18329-3,TaOx_01,10.1038/s41598-017-18329-3,TaOx,8,6,4,False
TaOx_01,10.1038/s41598-017-18329-3,TaOx,2909.09,3.463757157444634,1,7,DISCRETE_MULTILEVEL,DERIVED,absolute,SINGLE_DIFFERENTIAL_PAIR,DERIVED_DEVICE_STATE_CAP,64,3,7,0,2,4,203264,56,16,896,85.97,10.260000000000003,89.33791045238095,2.9551272260073556,86.3827832263736,3.367910452380954,3.367910452380954,False,LEAVE_ONE_STUDY_OUT,10.1038/s41598-017-18329-3,TaOx_01,10.1038/s41598-017-18329-3,TaOx,8,6,4,False
TaOx_01,10.1038/s41598-017-18329-3,TaOx,2909.09,3.463757157444634,1,7,DISCRETE_MULTILEVEL,DERIVED,absolute,SINGLE_DIFFERENTIAL_PAIR,DERIVED_DEVICE_STATE_CAP,128,3,7,0,2,4,203264,16,16,256,78.27,17.960000000000008,84.02043092857143,7.689891508696769,76.33053941987465,5.750430928571433,5.750430928571433,False,LEAVE_ONE_STUDY_OUT,10.1038/s41598-017-18329-3,TaOx_01,10.1038/s41598-017-18329-3,TaOx,8,6,4,False
TaOx_01,10.1038/s41598-017-18329-3,TaOx,2909.09,3.463757157444634,1,7,DISCRETE_MULTILEVEL,DERIVED,absolute,SINGLE_DIFFERENTIAL_PAIR,DERIVED_DEVICE_STATE_CAP,128,4,13,0,2,4,203264,16,16,256,74.42,21.81,85.1105140079365,7.450820294877573,77.65969371305893,10.6905140079365,10.6905140079365,False,LEAVE_ONE_STUDY_OUT,10.1038/s41598-017-18329-3,TaOx_01,10.1038/s41598-017-18329-3,TaOx,8,6,4,False
TaOx_01,10.1038/s41598-017-18329-3,TaOx,2909.09,3.463757157444634,1,7,DISCRETE_MULTILEVEL,DERIVED,absolute,SINGLE_DIFFERENTIAL_PAIR,DERIVED_DEVICE_STATE_CAP,128,6,13,0,2,4,203264,16,16,256,74.42,21.81,85.08006161904761,7.783589110743998,77.29647250830361,10.66006161904761,10.66006161904761,False,LEAVE_ONE_STUDY_OUT,10.1038/s41598-017-18329-3,TaOx_01,10.1038/s41598-017-18329-3,TaOx,8,6,4,False
TaOx_01,10.1038/s41598-017-18329-3,TaOx,2909.09,3.463757157444634,1,7,DISCRETE_MULTILEVEL,DERIVED,absolute,SINGLE_DIFFERENTIAL_PAIR,DERIVED_DEVICE_STATE_CAP,128,8,13,0,2,4,203264,16,16,256,74.42,21.81,85.04385545238095,7.809227750123564,77.23462770225738,10.623855452380951,10.623855452380951,False,LEAVE_ONE_STUDY_OUT,10.1038/s41598-017-18329-3,TaOx_01,10.1038/s41598-017-18329-3,TaOx,8,6,4,False
TaOx_01,10.1038/s41598-017-18329-3,TaOx,2909.09,3.463757157444634,1,7,DISCRETE_MULTILEVEL,DERIVED,absolute,SINGLE_DIFFERENTIAL_PAIR,DERIVED_DEVICE_STATE_CAP,128,5,13,0,2,4,203264,16,16,256,74.42,21.81,85.04663657142856,7.752721389389244,77.29391518203931,10.626636571428563,10.626636571428563,False,LEAVE_ONE_STUDY_OUT,10.1038/s41598-017-18329-3,TaOx_01,10.1038/s41598-017-18329-3,TaOx,8,6,4,False
TaOx_01,10.1038/s41598-017-18329-3,TaOx,2909.09,3.463757157444634,1,7,DISCRETE_MULTILEVEL,DERIVED,absolute,SINGLE_DIFFERENTIAL_PAIR,DERIVED_DEVICE_STATE_CAP,128,7,13,0,2,4,203264,16,16,256,74.42,21.81,85.05229011904763,7.803364405883172,77.24892571316445,10.632290119047624,10.632290119047624,False,LEAVE_ONE_STUDY_OUT,10.1038/s41598-017-18329-3,TaOx_01,10.1038/s41598-017-18329-3,TaOx,8,6,4,False
TaOx_01,10.1038/s41598-017-18329-3,TaOx,2909.09,3.463757157444634,1,7,DISCRETE_MULTILEVEL,DERIVED,absolute,SINGLE_DIFFERENTIAL_PAIR,DERIVED_DEVICE_STATE_CAP,256,3,7,0,2,4,203264,10,16,160,74.41,21.820000000000007,83.44894888095237,8.021119282073869,75.4278295988785,9.038948880952375,9.038948880952375,False,LEAVE_ONE_STUDY_OUT,10.1038/s41598-017-18329-3,TaOx_01,10.1038/s41598-017-18329-3,TaOx,8,6,4,False
TaOx_01,10.1038/s41598-017-18329-3,TaOx,2909.09,3.463757157444634,1,7,DISCRETE_MULTILEVEL,DERIVED,absolute,SINGLE_DIFFERENTIAL_PAIR,DERIVED_DEVICE_STATE_CAP,256,8,13,0,2,4,203264,10,16,160,73.32,22.91000000000001,84.3832861984127,8.17054293323421,76.21274326517849,11.063286198412712,11.063286198412712,False,LEAVE_ONE_STUDY_OUT,10.1038/s41598-017-18329-3,TaOx_01,10.1038/s41598-017-18329-3,TaOx,8,6,4,False
TaOx_01,10.1038/s41598-017-18329-3,TaOx,2909.09,3.463757157444634,1,7,DISCRETE_MULTILEVEL,DERIVED,absolute,SINGLE_DIFFERENTIAL_PAIR,DERIVED_DEVICE_STATE_CAP,256,4,13,0,2,4,203264,10,16,160,73.32,22.91000000000001,84.42854349206348,7.890420997160055,76.53812249490343,11.10854349206349,11.10854349206349,False,LEAVE_ONE_STUDY_OUT,10.1038/s41598-017-18329-3,TaOx_01,10.1038/s41598-017-18329-3,TaOx,8,6,4,False
TaOx_01,10.1038/s41598-017-18329-3,TaOx,2909.09,3.463757157444634,1,7,DISCRETE_MULTILEVEL,DERIVED,absolute,SINGLE_DIFFERENTIAL_PAIR,DERIVED_DEVICE_STATE_CAP,256,7,13,0,2,4,203264,10,16,160,73.32,22.91000000000001,84.39172086507938,8.165622787996734,76.22609807708264,11.071720865079385,11.071720865079385,False,LEAVE_ONE_STUDY_OUT,10.1038/s41598-017-18329-3,TaOx_01,10.1038/s41598-017-18329-3,TaOx,8,6,4,False
TaOx_01,10.1038/s41598-017-18329-3,TaOx,2909.09,3.463757157444634,1,7,DISCRETE_MULTILEVEL,DERIVED,absolute,SINGLE_DIFFERENTIAL_PAIR,DERIVED_DEVICE_STATE_CAP,256,5,13,0,2,4,203264,10,16,160,73.32,22.91000000000001,84.38459872222222,8.143963701777116,76.24063502044511,11.064598722222229,11.064598722222229,False,LEAVE_ONE_STUDY_OUT,10.1038/s41598-017-18329-3,TaOx_01,10.1038/s41598-017-18329-3,TaOx,8,6,4,False
TaOx_01,10.1038/s41598-017-18329-3,TaOx,2909.09,3.463757157444634,1,7,DISCRETE_MULTILEVEL,DERIVED,absolute,SINGLE_DIFFERENTIAL_PAIR,DERIVED_DEVICE_STATE_CAP,256,6,13,0,2,4,203264,10,16,160,73.32,22.91000000000001,84.42111596031747,8.149585228006588,76.27153073231088,11.101115960317472,11.101115960317472,False,LEAVE_ONE_STUDY_OUT,10.1038/s41598-017-18329-3,TaOx_01,10.1038/s41598-017-18329-3,TaOx,8,6,4,False
TaOx_01,10.1038/s41598-017-18329-3,TaOx,2909.09,3.463757157444634,1,7,DISCRETE_MULTILEVEL,DERIVED,absolute,SINGLE_DIFFERENTIAL_PAIR,DERIVED_DEVICE_STATE_CAP,16,2,3,0,2,4,203264,800,16,12800,11.98,84.25,11.912299808080807,0.1819513001252876,11.730348507955519,-0.06770019191919374,0.06770019191919374,False,LEAVE_ONE_STUDY_OUT,10.1038/s41598-017-18329-3,TaOx_01,10.1038/s41598-017-18329-3,TaOx,8,6,4,False
TaOx_01,10.1038/s41598-017-18329-3,TaOx,2909.09,3.463757157444634,1,7,DISCRETE_MULTILEVEL,DERIVED,absolute,SINGLE_DIFFERENTIAL_PAIR,DERIVED_DEVICE_STATE_CAP,32,2,3,0,2,4,203264,208,16,3328,11.95,84.28,11.903934666666668,0.19365095839329335,11.710283708273375,-0.04606533333333118,0.04606533333333118,False,LEAVE_ONE_STUDY_OUT,10.1038/s41598-017-18329-3,TaOx_01,10.1038/s41598-017-18329-3,TaOx,8,6,4,False
TaOx_01,10.1038/s41598-017-18329-3,TaOx,2909.09,3.463757157444634,1,7,DISCRETE_MULTILEVEL,DERIVED,absolute,SINGLE_DIFFERENTIAL_PAIR,DERIVED_DEVICE_STATE_CAP,64,2,3,0,2,4,203264,56,16,896,11.85,84.38000000000001,12.060210817460318,0.36405534214747753,11.69615547531284,0.2102108174603181,0.2102108174603181,False,LEAVE_ONE_STUDY_OUT,10.1038/s41598-017-18329-3,TaOx_01,10.1038/s41598-017-18329-3,TaOx,8,6,4,False
TaOx_01,10.1038/s41598-017-18329-3,TaOx,2909.09,3.463757157444634,1,7,DISCRETE_MULTILEVEL,DERIVED,absolute,SINGLE_DIFFERENTIAL_PAIR,DERIVED_DEVICE_STATE_CAP,256,2,3,0,2,5,203264,10,32,320,11.85,84.38000000000001,11.599554253968254,0.5149458044100308,11.084608449558223,-0.25044574603174574,0.25044574603174574,False,LEAVE_ONE_STUDY_OUT,10.1038/s41598-017-18329-3,TaOx_01,10.1038/s41598-017-18329-3,TaOx,8,6,4,False
TaOx_01,10.1038/s41598-017-18329-3,TaOx,2909.09,3.463757157444634,1,7,DISCRETE_MULTILEVEL,DERIVED,absolute,SINGLE_DIFFERENTIAL_PAIR,DERIVED_DEVICE_STATE_CAP,128,2,3,0,2,5,203264,16,32,512,11.75,84.48,11.706550785714287,0.3640090803186069,11.34254170539568,-0.04344921428571347,0.04344921428571347,False,LEAVE_ONE_STUDY_OUT,10.1038/s41598-017-18329-3,TaOx_01,10.1038/s41598-017-18329-3,TaOx,8,6,4,False
TaOx_01,10.1038/s41598-017-18329-3,TaOx,2909.09,3.463757157444634,1,7,DISCRETE_MULTILEVEL,DERIVED,absolute,SINGLE_DIFFERENTIAL_PAIR,DERIVED_DEVICE_STATE_CAP,128,2,3,0,2,7,203264,16,128,2048,11.61,84.62,11.461724436507938,0.11256267309198512,11.349161763415953,-0.14827556349206183,0.14827556349206183,False,LEAVE_ONE_STUDY_OUT,10.1038/s41598-017-18329-3,TaOx_01,10.1038/s41598-017-18329-3,TaOx,8,6,4,False
TaOx_01,10.1038/s41598-017-18329-3,TaOx,2909.09,3.463757157444634,1,7,DISCRETE_MULTILEVEL,DERIVED,absolute,SINGLE_DIFFERENTIAL_PAIR,DERIVED_DEVICE_STATE_CAP,256,2,3,0,2,7,203264,10,128,1280,11.59,84.64,11.47166697979798,0.130537210618899,11.341129769179082,-0.11833302020201941,0.11833302020201941,False,LEAVE_ONE_STUDY_OUT,10.1038/s41598-017-18329-3,TaOx_01,10.1038/s41598-017-18329-3,TaOx,8,6,4,False
TaOx_01,10.1038/s41598-017-18329-3,TaOx,2909.09,3.463757157444634,1,7,DISCRETE_MULTILEVEL,DERIVED,absolute,SINGLE_DIFFERENTIAL_PAIR,DERIVED_DEVICE_STATE_CAP,32,2,3,0,2,5,203264,208,32,6656,11.58,84.65,11.595819912698412,0.2179398545936603,11.37788005810475,0.015819912698411542,0.015819912698411542,False,LEAVE_ONE_STUDY_OUT,10.1038/s41598-017-18329-3,TaOx_01,10.1038/s41598-017-18329-3,TaOx,8,6,4,False
TaOx_01,10.1038/s41598-017-18329-3,TaOx,2909.09,3.463757157444634,1,7,DISCRETE_MULTILEVEL,DERIVED,absolute,SINGLE_DIFFERENTIAL_PAIR,DERIVED_DEVICE_STATE_CAP,16,2,3,0,2,10,203264,800,1024,819200,11.53,84.7,11.410783777777779,0.08781720038725886,11.32296657739052,-0.11921622222222084,0.11921622222222084,False,LEAVE_ONE_STUDY_OUT,10.1038/s41598-017-18329-3,TaOx_01,10.1038/s41598-017-18329-3,TaOx,8,6,4,False
TaOx_01,10.1038/s41598-017-18329-3,TaOx,2909.09,3.463757157444634,1,7,DISCRETE_MULTILEVEL,DERIVED,absolute,SINGLE_DIFFERENTIAL_PAIR,DERIVED_DEVICE_STATE_CAP,256,2,3,0,2,8,203264,10,256,2560,11.5,84.73,11.423467217893219,0.11099329695002816,11.31247392094319,-0.07653278210678138,0.07653278210678138,False,LEAVE_ONE_STUDY_OUT,10.1038/s41598-017-18329-3,TaOx_01,10.1038/s41598-017-18329-3,TaOx,8,6,4,False
TaOx_01,10.1038/s41598-017-18329-3,TaOx,2909.09,3.463757157444634,1,7,DISCRETE_MULTILEVEL,DERIVED,absolute,SINGLE_DIFFERENTIAL_PAIR,DERIVED_DEVICE_STATE_CAP,16,2,3,0,2,9,203264,800,512,409600,11.5,84.73,11.357983436507936,0.1142515147259747,11.243731921781961,-0.1420165634920636,0.1420165634920636,False,LEAVE_ONE_STUDY_OUT,10.1038/s41598-017-18329-3,TaOx_01,10.1038/s41598-017-18329-3,TaOx,8,6,4,False
TaOx_01,10.1038/s41598-017-18329-3,TaOx,2909.09,3.463757157444634,1,7,DISCRETE_MULTILEVEL,DERIVED,absolute,SINGLE_DIFFERENTIAL_PAIR,DERIVED_DEVICE_STATE_CAP,64,2,3,0,2,10,203264,56,1024,57344,11.48,84.75,11.27846911111111,0.07198089171092342,11.206488219400187,-0.2015308888888896,0.2015308888888896,False,LEAVE_ONE_STUDY_OUT,10.1038/s41598-017-18329-3,TaOx_01,10.1038/s41598-017-18329-3,TaOx,8,6,4,False
TaOx_01,10.1038/s41598-017-18329-3,TaOx,2909.09,3.463757157444634,1,7,DISCRETE_MULTILEVEL,DERIVED,absolute,SINGLE_DIFFERENTIAL_PAIR,DERIVED_DEVICE_STATE_CAP,32,2,3,0,2,10,203264,208,1024,212992,11.46,84.77000000000001,11.315290841269842,0.08812678801058603,11.227164053259257,-0.14470915873015855,0.14470915873015855,False,LEAVE_ONE_STUDY_OUT,10.1038/s41598-017-18329-3,TaOx_01,10.1038/s41598-017-18329-3,TaOx,8,6,4,False
TaOx_01,10.1038/s41598-017-18329-3,TaOx,2909.09,3.463757157444634,1,7,DISCRETE_MULTILEVEL,DERIVED,absolute,SINGLE_DIFFERENTIAL_PAIR,DERIVED_DEVICE_STATE_CAP,64,2,3,0,2,6,203264,56,64,3584,11.46,84.77000000000001,11.372764056277058,0.21277739608004242,11.159986660197015,-0.08723594372294308,0.08723594372294308,False,LEAVE_ONE_STUDY_OUT,10.1038/s41598-017-18329-3,TaOx_01,10.1038/s41598-017-18329-3,TaOx,8,6,4,False
TaOx_01,10.1038/s41598-017-18329-3,TaOx,2909.09,3.463757157444634,1,7,DISCRETE_MULTILEVEL,DERIVED,absolute,SINGLE_DIFFERENTIAL_PAIR,DERIVED_DEVICE_STATE_CAP,256,2,3,0,2,6,203264,10,64,640,11.46,84.77000000000001,11.562979373737374,0.3326579048018178,11.230321468935555,0.10297937373737298,0.10297937373737298,False,LEAVE_ONE_STUDY_OUT,10.1038/s41598-017-18329-3,TaOx_01,10.1038/s41598-017-18329-3,TaOx,8,6,4,False
TaOx_01,10.1038/s41598-017-18329-3,TaOx,2909.09,3.463757157444634,1,7,DISCRETE_MULTILEVEL,DERIVED,absolute,SINGLE_DIFFERENTIAL_PAIR,DERIVED_DEVICE_STATE_CAP,128,2,3,0,2,8,203264,16,256,4096,11.45,84.78,11.411416198412699,0.09700216227382871,11.31441403613887,-0.03858380158730057,0.03858380158730057,False,LEAVE_ONE_STUDY_OUT,10.1038/s41598-017-18329-3,TaOx_01,10.1038/s41598-017-18329-3,TaOx,8,6,4,False
TaOx_01,10.1038/s41598-017-18329-3,TaOx,2909.09,3.463757157444634,1,7,DISCRETE_MULTILEVEL,DERIVED,absolute,SINGLE_DIFFERENTIAL_PAIR,DERIVED_DEVICE_STATE_CAP,16,2,3,0,2,5,203264,800,32,25600,11.45,84.78,11.547075284271287,0.195246039337147,11.35182924493414,0.09707528427128764,0.09707528427128764,False,LEAVE_ONE_STUDY_OUT,10.1038/s41598-017-18329-3,TaOx_01,10.1038/s41598-017-18329-3,TaOx,8,6,4,False
TaOx_01,10.1038/s41598-017-18329-3,TaOx,2909.09,3.463757157444634,1,7,DISCRETE_MULTILEVEL,DERIVED,absolute,SINGLE_DIFFERENTIAL_PAIR,DERIVED_DEVICE_STATE_CAP,32,2,3,0,2,9,203264,208,512,106496,11.44,84.79,11.311390111111113,0.11324007637821396,11.1981500347329,-0.12860988888888691,0.12860988888888691,False,LEAVE_ONE_STUDY_OUT,10.1038/s41598-017-18329-3,TaOx_01,10.1038/s41598-017-18329-3,TaOx,8,6,4,False
TaOx_01,10.1038/s41598-017-18329-3,TaOx,2909.09,3.463757157444634,1,7,DISCRETE_MULTILEVEL,DERIVED,absolute,SINGLE_DIFFERENTIAL_PAIR,DERIVED_DEVICE_STATE_CAP,256,2,3,0,2,10,203264,10,1024,10240,11.42,84.81,11.272378761904761,0.08617835833108202,11.186200403573679,-0.14762123809523864,0.14762123809523864,False,LEAVE_ONE_STUDY_OUT,10.1038/s41598-017-18329-3,TaOx_01,10.1038/s41598-017-18329-3,TaOx,8,6,4,False
TaOx_01,10.1038/s41598-017-18329-3,TaOx,2909.09,3.463757157444634,1,7,DISCRETE_MULTILEVEL,DERIVED,absolute,SINGLE_DIFFERENTIAL_PAIR,DERIVED_DEVICE_STATE_CAP,128,2,3,0,2,9,203264,16,512,8192,11.42,84.81,11.312888071428572,0.09773394625292138,11.215154125175651,-0.10711192857142748,0.10711192857142748,False,LEAVE_ONE_STUDY_OUT,10.1038/s41598-017-18329-3,TaOx_01,10.1038/s41598-017-18329-3,TaOx,8,6,4,False
TaOx_01,10.1038/s41598-017-18329-3,TaOx,2909.09,3.463757157444634,1,7,DISCRETE_MULTILEVEL,DERIVED,absolute,SINGLE_DIFFERENTIAL_PAIR,DERIVED_DEVICE_STATE_CAP,128,2,3,0,2,6,203264,16,64,1024,11.41,84.82000000000001,11.499988826118326,0.263557052367672,11.236431773750654,0.0899888261183257,0.0899888261183257,False,LEAVE_ONE_STUDY_OUT,10.1038/s41598-017-18329-3,TaOx_01,10.1038/s41598-017-18329-3,TaOx,8,6,4,False
TaOx_01,10.1038/s41598-017-18329-3,TaOx,2909.09,3.463757157444634,1,7,DISCRETE_MULTILEVEL,DERIVED,absolute,SINGLE_DIFFERENTIAL_PAIR,DERIVED_DEVICE_STATE_CAP,256,2,3,0,2,9,203264,10,512,5120,11.41,84.82000000000001,11.326886396825397,0.10683208603533517,11.220054310790061,-0.0831136031746027,0.0831136031746027,False,LEAVE_ONE_STUDY_OUT,10.1038/s41598-017-18329-3,TaOx_01,10.1038/s41598-017-18329-3,TaOx,8,6,4,False
TaOx_01,10.1038/s41598-017-18329-3,TaOx,2909.09,3.463757157444634,1,7,DISCRETE_MULTILEVEL,DERIVED,absolute,SINGLE_DIFFERENTIAL_PAIR,DERIVED_DEVICE_STATE_CAP,32,2,3,0,2,7,203264,208,128,26624,11.4,84.83,11.311983253968254,0.08227084475330232,11.229712409214951,-0.08801674603174625,0.08801674603174625,False,LEAVE_ONE_STUDY_OUT,10.1038/s41598-017-18329-3,TaOx_01,10.1038/s41598-017-18329-3,TaOx,8,6,4,False
TaOx_01,10.1038/s41598-017-18329-3,TaOx,2909.09,3.463757157444634,1,7,DISCRETE_MULTILEVEL,DERIVED,absolute,SINGLE_DIFFERENTIAL_PAIR,DERIVED_DEVICE_STATE_CAP,64,2,3,0,2,9,203264,56,512,28672,11.38,84.85000000000001,11.285528253968254,0.0942467499380474,11.191281504030206,-0.09447174603174702,0.09447174603174702,False,LEAVE_ONE_STUDY_OUT,10.1038/s41598-017-18329-3,TaOx_01,10.1038/s41598-017-18329-3,TaOx,8,6,4,False
TaOx_01,10.1038/s41598-017-18329-3,TaOx,2909.09,3.463757157444634,1,7,DISCRETE_MULTILEVEL,DERIVED,absolute,SINGLE_DIFFERENTIAL_PAIR,DERIVED_DEVICE_STATE_CAP,128,2,3,0,2,10,203264,16,1024,16384,11.36,84.87,11.260487769841271,0.06723028239180927,11.193257487449461,-0.09951223015872834,0.09951223015872834,False,LEAVE_ONE_STUDY_OUT,10.1038/s41598-017-18329-3,TaOx_01,10.1038/s41598-017-18329-3,TaOx,8,6,4,False
TaOx_01,10.1038/s41598-017-18329-3,TaOx,2909.09,3.463757157444634,1,7,DISCRETE_MULTILEVEL,DERIVED,absolute,SINGLE_DIFFERENTIAL_PAIR,DERIVED_DEVICE_STATE_CAP,64,2,3,0,2,8,203264,56,256,14336,11.35,84.88000000000001,11.296323111111112,0.09275839381308837,11.203564717298024,-0.05367688888888722,0.05367688888888722,False,LEAVE_ONE_STUDY_OUT,10.1038/s41598-017-18329-3,TaOx_01,10.1038/s41598-017-18329-3,TaOx,8,6,4,False
TaOx_01,10.1038/s41598-017-18329-3,TaOx,2909.09,3.463757157444634,1,7,DISCRETE_MULTILEVEL,DERIVED,absolute,SINGLE_DIFFERENTIAL_PAIR,DERIVED_DEVICE_STATE_CAP,32,2,3,0,2,8,203264,208,256,53248,11.35,84.88000000000001,11.338983992063492,0.07922855874806597,11.259755433315426,-0.011016007936508032,0.011016007936508032,False,LEAVE_ONE_STUDY_OUT,10.1038/s41598-017-18329-3,TaOx_01,10.1038/s41598-017-18329-3,TaOx,8,6,4,False
TaOx_01,10.1038/s41598-017-18329-3,TaOx,2909.09,3.463757157444634,1,7,DISCRETE_MULTILEVEL,DERIVED,absolute,SINGLE_DIFFERENTIAL_PAIR,DERIVED_DEVICE_STATE_CAP,16,2,3,0,2,6,203264,800,64,51200,11.35,84.88000000000001,11.389138023809524,0.12337432140816573,11.265763702401358,0.03913802380952447,0.03913802380952447,False,LEAVE_ONE_STUDY_OUT,10.1038/s41598-017-18329-3,TaOx_01,10.1038/s41598-017-18329-3,TaOx,8,6,4,False
TaOx_01,10.1038/s41598-017-18329-3,TaOx,2909.09,3.463757157444634,1,7,DISCRETE_MULTILEVEL,DERIVED,absolute,SINGLE_DIFFERENTIAL_PAIR,DERIVED_DEVICE_STATE_CAP,16,2,3,0,2,7,203264,800,128,102400,11.31,84.92,11.343143666666666,0.08632254024492805,11.256821126421737,0.033143666666665794,0.033143666666665794,False,LEAVE_ONE_STUDY_OUT,10.1038/s41598-017-18329-3,TaOx_01,10.1038/s41598-017-18329-3,TaOx,8,6,4,False
TaOx_01,10.1038/s41598-017-18329-3,TaOx,2909.09,3.463757157444634,1,7,DISCRETE_MULTILEVEL,DERIVED,absolute,SINGLE_DIFFERENTIAL_PAIR,DERIVED_DEVICE_STATE_CAP,16,2,3,0,2,8,203264,800,256,204800,11.28,84.95,11.387057912698411,0.08848769396925432,11.298570218729157,0.10705791269841214,0.10705791269841214,False,LEAVE_ONE_STUDY_OUT,10.1038/s41598-017-18329-3,TaOx_01,10.1038/s41598-017-18329-3,TaOx,8,6,4,False
TaOx_01,10.1038/s41598-017-18329-3,TaOx,2909.09,3.463757157444634,1,7,DISCRETE_MULTILEVEL,DERIVED,absolute,SINGLE_DIFFERENTIAL_PAIR,DERIVED_DEVICE_STATE_CAP,32,2,3,0,2,6,203264,208,64,13312,11.27,84.96000000000001,11.374493833333334,0.14175213792046054,11.232741695412873,0.10449383333333451,0.10449383333333451,False,LEAVE_ONE_STUDY_OUT,10.1038/s41598-017-18329-3,TaOx_01,10.1038/s41598-017-18329-3,TaOx,8,6,4,False
TaOx_01,10.1038/s41598-017-18329-3,TaOx,2909.09,3.463757157444634,1,7,DISCRETE_MULTILEVEL,DERIVED,absolute,SINGLE_DIFFERENTIAL_PAIR,DERIVED_DEVICE_STATE_CAP,64,2,3,0,2,5,203264,56,32,1792,11.25,84.98,11.615832698412698,0.2921710811145271,11.323661617298171,0.3658326984126976,0.3658326984126976,False,LEAVE_ONE_STUDY_OUT,10.1038/s41598-017-18329-3,TaOx_01,10.1038/s41598-017-18329-3,TaOx,8,6,4,False
TaOx_01,10.1038/s41598-017-18329-3,TaOx,2909.09,3.463757157444634,1,7,DISCRETE_MULTILEVEL,DERIVED,absolute,SINGLE_DIFFERENTIAL_PAIR,DERIVED_DEVICE_STATE_CAP,64,2,3,0,2,7,203264,56,128,7168,11.18,85.05000000000001,11.251066825396824,0.1054673436182026,11.145599481778621,0.07106682539682474,0.07106682539682474,False,LEAVE_ONE_STUDY_OUT,10.1038/s41598-017-18329-3,TaOx_01,10.1038/s41598-017-18329-3,TaOx,8,6,4,False
TaOx_01,10.1038/s41598-017-18329-3,TaOx,2909.09,3.463757157444634,1,7,DISCRETE_MULTILEVEL,DERIVED,absolute,SINGLE_DIFFERENTIAL_PAIR,DERIVED_DEVICE_STATE_CAP,128,2,3,0,2,4,203264,16,16,256,10.85,85.38000000000001,11.39930683910534,0.48928805129559877,10.91001878780974,0.5493068391053395,0.5493068391053395,False,LEAVE_ONE_STUDY_OUT,10.1038/s41598-017-18329-3,TaOx_01,10.1038/s41598-017-18329-3,TaOx,8,6,4,False
TaOx_01,10.1038/s41598-017-18329-3,TaOx,2909.09,3.463757157444634,1,7,DISCRETE_MULTILEVEL,DERIVED,absolute,SINGLE_DIFFERENTIAL_PAIR,DERIVED_DEVICE_STATE_CAP,256,2,3,0,2,4,203264,10,16,160,10.16,86.07000000000001,10.931213418470419,0.5131684032800988,10.41804501519032,0.7712134184704187,0.7712134184704187,False,LEAVE_ONE_STUDY_OUT,10.1038/s41598-017-18329-3,TaOx_01,10.1038/s41598-017-18329-3,TaOx,8,6,4,False
TiOx_02_Au,10.1038/s41598-019-44607-3,TiOx,1.705978,0.2319734262803857,0,0,GRADUAL_MULTILEVEL,NOT_REPORTED,absolute,IDEALIZED_SINGLE_PAIR_GRADUAL,IDEALIZED_GRADUAL_MAPPING,64,6,63,0,2,10,203264,56,1024,57344,96.32,-0.0899999999999892,96.28118983333334,0.02274937281528272,96.25844046051806,-0.03881016666665005,0.03881016666665005,True,LEAVE_ONE_STUDY_OUT,10.1038/s41598-019-44607-3,TiOx_02_Au,10.1038/s41598-019-44607-3,TiOx,6,6,5,False
TiOx_02_Au,10.1038/s41598-019-44607-3,TiOx,1.705978,0.2319734262803857,0,0,GRADUAL_MULTILEVEL,NOT_REPORTED,absolute,IDEALIZED_SINGLE_PAIR_GRADUAL,IDEALIZED_GRADUAL_MAPPING,64,8,255,0,2,10,203264,56,1024,57344,96.29,-0.0600000000000022,96.22354403968254,0.01905994008654699,96.20448409959599,-0.06645596031746948,0.06645596031746948,True,LEAVE_ONE_STUDY_OUT,10.1038/s41598-019-44607-3,TiOx_02_Au,10.1038/s41598-019-44607-3,TiOx,6,6,5,False
TiOx_02_Au,10.1038/s41598-019-44607-3,TiOx,1.705978,0.2319734262803857,0,0,GRADUAL_MULTILEVEL,NOT_REPORTED,absolute,IDEALIZED_SINGLE_PAIR_GRADUAL,IDEALIZED_GRADUAL_MAPPING,32,6,63,0,2,10,203264,208,1024,212992,96.28,-0.0499999999999971,96.27863011904762,0.023988175094886335,96.25464194395273,-0.0013698809523816635,0.0013698809523816635,True,LEAVE_ONE_STUDY_OUT,10.1038/s41598-019-44607-3,TiOx_02_Au,10.1038/s41598-019-44607-3,TiOx,6,6,5,False
TiOx_02_Au,10.1038/s41598-019-44607-3,TiOx,1.705978,0.2319734262803857,0,0,GRADUAL_MULTILEVEL,NOT_REPORTED,absolute,IDEALIZED_SINGLE_PAIR_GRADUAL,IDEALIZED_GRADUAL_MAPPING,32,6,63,0,2,8,203264,208,256,53248,96.28,-0.0499999999999971,96.23015807936507,0.021521764976735056,96.20863631438833,-0.049841920634932535,0.049841920634932535,True,LEAVE_ONE_STUDY_OUT,10.1038/s41598-019-44607-3,TiOx_02_Au,10.1038/s41598-019-44607-3,TiOx,6,6,5,False
TiOx_02_Au,10.1038/s41598-019-44607-3,TiOx,1.705978,0.2319734262803857,0,0,GRADUAL_MULTILEVEL,NOT_REPORTED,absolute,IDEALIZED_SINGLE_PAIR_GRADUAL,IDEALIZED_GRADUAL_MAPPING,16,6,63,0,2,9,203264,800,512,409600,96.28,-0.0499999999999971,96.25589841269841,0.024353654488395177,96.23154475821002,-0.024101587301586846,0.024101587301586846,True,LEAVE_ONE_STUDY_OUT,10.1038/s41598-019-44607-3,TiOx_02_Au,10.1038/s41598-019-44607-3,TiOx,6,6,5,False
TiOx_02_Au,10.1038/s41598-019-44607-3,TiOx,1.705978,0.2319734262803857,0,0,GRADUAL_MULTILEVEL,NOT_REPORTED,absolute,IDEALIZED_SINGLE_PAIR_GRADUAL,IDEALIZED_GRADUAL_MAPPING,16,6,63,0,2,10,203264,800,1024,819200,96.27,-0.039999999999992,96.2949976190476,0.029664842441335305,96.26533277660627,0.024997619047610442,0.024997619047610442,True,LEAVE_ONE_STUDY_OUT,10.1038/s41598-019-44607-3,TiOx_02_Au,10.1038/s41598-019-44607-3,TiOx,6,6,5,False
TiOx_02_Au,10.1038/s41598-019-44607-3,TiOx,1.705978,0.2319734262803857,0,0,GRADUAL_MULTILEVEL,NOT_REPORTED,absolute,IDEALIZED_SINGLE_PAIR_GRADUAL,IDEALIZED_GRADUAL_MAPPING,128,7,127,0,2,8,203264,16,256,4096,96.27,-0.039999999999992,96.21890576767677,0.02288519625540093,96.19602057142137,-0.051094232323222855,0.051094232323222855,True,LEAVE_ONE_STUDY_OUT,10.1038/s41598-019-44607-3,TiOx_02_Au,10.1038/s41598-019-44607-3,TiOx,6,6,5,False
TiOx_02_Au,10.1038/s41598-019-44607-3,TiOx,1.705978,0.2319734262803857,0,0,GRADUAL_MULTILEVEL,NOT_REPORTED,absolute,IDEALIZED_SINGLE_PAIR_GRADUAL,IDEALIZED_GRADUAL_MAPPING,32,6,63,0,2,9,203264,208,512,106496,96.27,-0.039999999999992,96.25340534920636,0.016940194310630496,96.23646515489573,-0.016594650793635424,0.016594650793635424,True,LEAVE_ONE_STUDY_OUT,10.1038/s41598-019-44607-3,TiOx_02_Au,10.1038/s41598-019-44607-3,TiOx,6,6,5,False
TiOx_02_Au,10.1038/s41598-019-44607-3,TiOx,1.705978,0.2319734262803857,0,0,GRADUAL_MULTILEVEL,NOT_REPORTED,absolute,IDEALIZED_SINGLE_PAIR_GRADUAL,IDEALIZED_GRADUAL_MAPPING,32,7,127,0,2,10,203264,208,1024,212992,96.25,-0.019999999999996,96.22045284126985,0.020568708455706505,96.19988413281413,-0.029547158730153456,0.029547158730153456,True,LEAVE_ONE_STUDY_OUT,10.1038/s41598-019-44607-3,TiOx_02_Au,10.1038/s41598-019-44607-3,TiOx,6,6,5,False
TiOx_02_Au,10.1038/s41598-019-44607-3,TiOx,1.705978,0.2319734262803857,0,0,GRADUAL_MULTILEVEL,NOT_REPORTED,absolute,IDEALIZED_SINGLE_PAIR_GRADUAL,IDEALIZED_GRADUAL_MAPPING,32,8,255,0,2,9,203264,208,512,106496,96.25,-0.019999999999996,96.23232268614719,0.018293421713636095,96.21402926443355,-0.01767731385281479,0.01767731385281479,True,LEAVE_ONE_STUDY_OUT,10.1038/s41598-019-44607-3,TiOx_02_Au,10.1038/s41598-019-44607-3,TiOx,6,6,5,False
TiOx_02_Au,10.1038/s41598-019-44607-3,TiOx,1.705978,0.2319734262803857,0,0,GRADUAL_MULTILEVEL,NOT_REPORTED,absolute,IDEALIZED_SINGLE_PAIR_GRADUAL,IDEALIZED_GRADUAL_MAPPING,16,8,255,0,2,10,203264,800,1024,819200,96.25,-0.019999999999996,96.2284075,0.020289284608703027,96.2081182153913,-0.021592499999997017,0.021592499999997017,True,LEAVE_ONE_STUDY_OUT,10.1038/s41598-019-44607-3,TiOx_02_Au,10.1038/s41598-019-44607-3,TiOx,6,6,5,False
TiOx_02_Au,10.1038/s41598-019-44607-3,TiOx,1.705978,0.2319734262803857,0,0,GRADUAL_MULTILEVEL,NOT_REPORTED,absolute,IDEALIZED_SINGLE_PAIR_GRADUAL,IDEALIZED_GRADUAL_MAPPING,16,7,127,0,2,9,203264,800,512,409600,96.24,-0.0099999999999909,96.21008023809526,0.017676888445487187,96.19240334964977,-0.02991976190473622,0.02991976190473622,True,LEAVE_ONE_STUDY_OUT,10.1038/s41598-019-44607-3,TiOx_02_Au,10.1038/s41598-019-44607-3,TiOx,6,6,5,False
TiOx_02_Au,10.1038/s41598-019-44607-3,TiOx,1.705978,0.2319734262803857,0,0,GRADUAL_MULTILEVEL,NOT_REPORTED,absolute,IDEALIZED_SINGLE_PAIR_GRADUAL,IDEALIZED_GRADUAL_MAPPING,16,6,63,0,2,8,203264,800,256,204800,96.24,-0.0099999999999909,96.23290429365079,0.026700453316181958,96.20620384033461,-0.007095706349204534,0.007095706349204534,True,LEAVE_ONE_STUDY_OUT,10.1038/s41598-019-44607-3,TiOx_02_Au,10.1038/s41598-019-44607-3,TiOx,6,6,5,False
TiOx_02_Au,10.1038/s41598-019-44607-3,TiOx,1.705978,0.2319734262803857,0,0,GRADUAL_MULTILEVEL,NOT_REPORTED,absolute,IDEALIZED_SINGLE_PAIR_GRADUAL,IDEALIZED_GRADUAL_MAPPING,64,8,255,0,2,9,203264,56,512,28672,96.24,-0.0099999999999909,96.21995706349206,0.017497000837476046,96.20246006265458,-0.020042936507934428,0.020042936507934428,True,LEAVE_ONE_STUDY_OUT,10.1038/s41598-019-44607-3,TiOx_02_Au,10.1038/s41598-019-44607-3,TiOx,6,6,5,False
TiOx_02_Au,10.1038/s41598-019-44607-3,TiOx,1.705978,0.2319734262803857,0,0,GRADUAL_MULTILEVEL,NOT_REPORTED,absolute,IDEALIZED_SINGLE_PAIR_GRADUAL,IDEALIZED_GRADUAL_MAPPING,256,7,127,0,2,10,203264,10,1024,10240,96.24,-0.0099999999999909,96.19234660317461,0.02605206735871895,96.1662945358159,-0.04765339682538183,0.04765339682538183,True,LEAVE_ONE_STUDY_OUT,10.1038/s41598-019-44607-3,TiOx_02_Au,10.1038/s41598-019-44607-3,TiOx,6,6,5,False
TiOx_02_Au,10.1038/s41598-019-44607-3,TiOx,1.705978,0.2319734262803857,0,0,GRADUAL_MULTILEVEL,NOT_REPORTED,absolute,IDEALIZED_SINGLE_PAIR_GRADUAL,IDEALIZED_GRADUAL_MAPPING,256,7,127,0,2,8,203264,10,256,2560,96.23,0.0,96.21592345815296,0.0271127042118148,96.18881075394114,-0.014076541847046542,0.014076541847046542,True,LEAVE_ONE_STUDY_OUT,10.1038/s41598-019-44607-3,TiOx_02_Au,10.1038/s41598-019-44607-3,TiOx,6,6,5,False
TiOx_02_Au,10.1038/s41598-019-44607-3,TiOx,1.705978,0.2319734262803857,0,0,GRADUAL_MULTILEVEL,NOT_REPORTED,absolute,IDEALIZED_SINGLE_PAIR_GRADUAL,IDEALIZED_GRADUAL_MAPPING,256,8,255,0,2,10,203264,10,1024,10240,96.23,0.0,96.19487262698414,0.030389227068185587,96.16448339991595,-0.0351273730158681,0.0351273730158681,True,LEAVE_ONE_STUDY_OUT,10.1038/s41598-019-44607-3,TiOx_02_Au,10.1038/s41598-019-44607-3,TiOx,6,6,5,False
TiOx_02_Au,10.1038/s41598-019-44607-3,TiOx,1.705978,0.2319734262803857,0,0,GRADUAL_MULTILEVEL,NOT_REPORTED,absolute,IDEALIZED_SINGLE_PAIR_GRADUAL,IDEALIZED_GRADUAL_MAPPING,32,6,63,0,2,7,203264,208,128,26624,96.22,0.0100000000000051,96.20424497619047,0.02889018280574262,96.17535479338473,-0.01575502380953253,0.01575502380953253,True,LEAVE_ONE_STUDY_OUT,10.1038/s41598-019-44607-3,TiOx_02_Au,10.1038/s41598-019-44607-3,TiOx,6,6,5,False
TiOx_02_Au,10.1038/s41598-019-44607-3,TiOx,1.705978,0.2319734262803857,0,0,GRADUAL_MULTILEVEL,NOT_REPORTED,absolute,IDEALIZED_SINGLE_PAIR_GRADUAL,IDEALIZED_GRADUAL_MAPPING,16,8,255,0,2,9,203264,800,512,409600,96.22,0.0100000000000051,96.22061288095237,0.020043807398216543,96.20056907355416,0.0006128809523744394,0.0006128809523744394,True,LEAVE_ONE_STUDY_OUT,10.1038/s41598-019-44607-3,TiOx_02_Au,10.1038/s41598-019-44607-3,TiOx,6,6,5,False
TiOx_02_Au,10.1038/s41598-019-44607-3,TiOx,1.705978,0.2319734262803857,0,0,GRADUAL_MULTILEVEL,NOT_REPORTED,absolute,IDEALIZED_SINGLE_PAIR_GRADUAL,IDEALIZED_GRADUAL_MAPPING,32,7,127,0,2,9,203264,208,512,106496,96.22,0.0100000000000051,96.2314967972583,0.01713530753236104,96.21436148972595,0.011496797258303104,0.011496797258303104,True,LEAVE_ONE_STUDY_OUT,10.1038/s41598-019-44607-3,TiOx_02_Au,10.1038/s41598-019-44607-3,TiOx,6,6,5,False
TiOx_02_Au,10.1038/s41598-019-44607-3,TiOx,1.705978,0.2319734262803857,0,0,GRADUAL_MULTILEVEL,NOT_REPORTED,absolute,IDEALIZED_SINGLE_PAIR_GRADUAL,IDEALIZED_GRADUAL_MAPPING,32,7,127,0,2,8,203264,208,256,53248,96.22,0.0100000000000051,96.19976780158731,0.025141815222718612,96.17462598636459,-0.02023219841268542,0.02023219841268542,True,LEAVE_ONE_STUDY_OUT,10.1038/s41598-019-44607-3,TiOx_02_Au,10.1038/s41598-019-44607-3,TiOx,6,6,5,False
TiOx_02_Au,10.1038/s41598-019-44607-3,TiOx,1.705978,0.2319734262803857,0,0,GRADUAL_MULTILEVEL,NOT_REPORTED,absolute,IDEALIZED_SINGLE_PAIR_GRADUAL,IDEALIZED_GRADUAL_MAPPING,128,7,127,0,2,10,203264,16,1024,16384,96.22,0.0100000000000051,96.19970442857142,0.01820671902173982,96.18149770954969,-0.02029557142857641,0.02029557142857641,True,LEAVE_ONE_STUDY_OUT,10.1038/s41598-019-44607-3,TiOx_02_Au,10.1038/s41598-019-44607-3,TiOx,6,6,5,False
TiOx_02_Au,10.1038/s41598-019-44607-3,TiOx,1.705978,0.2319734262803857,0,0,GRADUAL_MULTILEVEL,NOT_REPORTED,absolute,IDEALIZED_SINGLE_PAIR_GRADUAL,IDEALIZED_GRADUAL_MAPPING,128,6,63,0,2,10,203264,16,1024,16384,96.22,0.0100000000000051,96.25646378571429,0.02405573546875012,96.23240805024554,0.03646378571428954,0.03646378571428954,True,LEAVE_ONE_STUDY_OUT,10.1038/s41598-019-44607-3,TiOx_02_Au,10.1038/s41598-019-44607-3,TiOx,6,6,5,False
TiOx_02_Au,10.1038/s41598-019-44607-3,TiOx,1.705978,0.2319734262803857,0,0,GRADUAL_MULTILEVEL,NOT_REPORTED,absolute,IDEALIZED_SINGLE_PAIR_GRADUAL,IDEALIZED_GRADUAL_MAPPING,16,7,127,0,2,10,203264,800,1024,819200,96.21,0.0200000000000102,96.20615802380954,0.016108715451949817,96.19004930835759,-0.0038419761904577854,0.0038419761904577854,True,LEAVE_ONE_STUDY_OUT,10.1038/s41598-019-44607-3,TiOx_02_Au,10.1038/s41598-019-44607-3,TiOx,6,6,5,False
TiOx_02_Au,10.1038/s41598-019-44607-3,TiOx,1.705978,0.2319734262803857,0,0,GRADUAL_MULTILEVEL,NOT_REPORTED,absolute,IDEALIZED_SINGLE_PAIR_GRADUAL,IDEALIZED_GRADUAL_MAPPING,16,7,127,0,2,7,203264,800,128,102400,96.21,0.0200000000000102,96.18398080952382,0.03963107538140326,96.14434973414241,-0.026019190476176846,0.026019190476176846,True,LEAVE_ONE_STUDY_OUT,10.1038/s41598-019-44607-3,TiOx_02_Au,10.1038/s41598-019-44607-3,TiOx,6,6,5,False
TiOx_02_Au,10.1038/s41598-019-44607-3,TiOx,1.705978,0.2319734262803857,0,0,GRADUAL_MULTILEVEL,NOT_REPORTED,absolute,IDEALIZED_SINGLE_PAIR_GRADUAL,IDEALIZED_GRADUAL_MAPPING,64,6,63,0,2,9,203264,56,512,28672,96.21,0.0200000000000102,96.26387684126983,0.02197950456545446,96.24189733670438,0.05387684126984027,0.05387684126984027,True,LEAVE_ONE_STUDY_OUT,10.1038/s41598-019-44607-3,TiOx_02_Au,10.1038/s41598-019-44607-3,TiOx,6,6,5,False
TiOx_02_Au,10.1038/s41598-019-44607-3,TiOx,1.705978,0.2319734262803857,0,0,GRADUAL_MULTILEVEL,NOT_REPORTED,absolute,IDEALIZED_SINGLE_PAIR_GRADUAL,IDEALIZED_GRADUAL_MAPPING,64,7,127,0,2,9,203264,56,512,28672,96.21,0.0200000000000102,96.22782239682539,0.018697505043339863,96.20912489178205,0.01782239682539455,0.01782239682539455,True,LEAVE_ONE_STUDY_OUT,10.1038/s41598-019-44607-3,TiOx_02_Au,10.1038/s41598-019-44607-3,TiOx,6,6,5,False
TiOx_02_Au,10.1038/s41598-019-44607-3,TiOx,1.705978,0.2319734262803857,0,0,GRADUAL_MULTILEVEL,NOT_REPORTED,absolute,IDEALIZED_SINGLE_PAIR_GRADUAL,IDEALIZED_GRADUAL_MAPPING,16,8,255,0,2,7,203264,800,128,102400,96.21,0.0200000000000102,96.17122819047619,0.047887780689750886,96.12334040978644,-0.03877180952380854,0.03877180952380854,True,LEAVE_ONE_STUDY_OUT,10.1038/s41598-019-44607-3,TiOx_02_Au,10.1038/s41598-019-44607-3,TiOx,6,6,5,False
TiOx_02_Au,10.1038/s41598-019-44607-3,TiOx,1.705978,0.2319734262803857,0,0,GRADUAL_MULTILEVEL,NOT_REPORTED,absolute,IDEALIZED_SINGLE_PAIR_GRADUAL,IDEALIZED_GRADUAL_MAPPING,64,7,127,0,2,10,203264,56,1024,57344,96.2,0.0300000000000011,96.21029901587302,0.02098377413799559,96.18931524173503,0.010299015873016515,0.010299015873016515,True,LEAVE_ONE_STUDY_OUT,10.1038/s41598-019-44607-3,TiOx_02_Au,10.1038/s41598-019-44607-3,TiOx,6,6,5,False
TiOx_02_Au,10.1038/s41598-019-44607-3,TiOx,1.705978,0.2319734262803857,0,0,GRADUAL_MULTILEVEL,NOT_REPORTED,absolute,IDEALIZED_SINGLE_PAIR_GRADUAL,IDEALIZED_GRADUAL_MAPPING,32,8,255,0,2,8,203264,208,256,53248,96.2,0.0300000000000011,96.18555563492065,0.027694237970823182,96.15786139694983,-0.014444365079356203,0.014444365079356203,True,LEAVE_ONE_STUDY_OUT,10.1038/s41598-019-44607-3,TiOx_02_Au,10.1038/s41598-019-44607-3,TiOx,6,6,5,False
TiOx_02_Au,10.1038/s41598-019-44607-3,TiOx,1.705978,0.2319734262803857,0,0,GRADUAL_MULTILEVEL,NOT_REPORTED,absolute,IDEALIZED_SINGLE_PAIR_GRADUAL,IDEALIZED_GRADUAL_MAPPING,32,8,255,0,2,10,203264,208,1024,212992,96.2,0.0300000000000011,96.24076692857142,0.01633053162343007,96.224436396948,0.04076692857141495,0.04076692857141495,True,LEAVE_ONE_STUDY_OUT,10.1038/s41598-019-44607-3,TiOx_02_Au,10.1038/s41598-019-44607-3,TiOx,6,6,5,False
TiOx_02_Au,10.1038/s41598-019-44607-3,TiOx,1.705978,0.2319734262803857,0,0,GRADUAL_MULTILEVEL,NOT_REPORTED,absolute,IDEALIZED_SINGLE_PAIR_GRADUAL,IDEALIZED_GRADUAL_MAPPING,16,8,255,0,2,8,203264,800,256,204800,96.19,0.0400000000000062,96.18710081746033,0.023850502086611228,96.16325031537372,-0.00289918253966448,0.00289918253966448,True,LEAVE_ONE_STUDY_OUT,10.1038/s41598-019-44607-3,TiOx_02_Au,10.1038/s41598-019-44607-3,TiOx,6,6,5,False
TiOx_02_Au,10.1038/s41598-019-44607-3,TiOx,1.705978,0.2319734262803857,0,0,GRADUAL_MULTILEVEL,NOT_REPORTED,absolute,IDEALIZED_SINGLE_PAIR_GRADUAL,IDEALIZED_GRADUAL_MAPPING,128,8,255,0,2,10,203264,16,1024,16384,96.19,0.0400000000000062,96.20739318253969,0.020019219858062227,96.18737396268163,0.01739318253969202,0.01739318253969202,True,LEAVE_ONE_STUDY_OUT,10.1038/s41598-019-44607-3,TiOx_02_Au,10.1038/s41598-019-44607-3,TiOx,6,6,5,False
TiOx_02_Au,10.1038/s41598-019-44607-3,TiOx,1.705978,0.2319734262803857,0,0,GRADUAL_MULTILEVEL,NOT_REPORTED,absolute,IDEALIZED_SINGLE_PAIR_GRADUAL,IDEALIZED_GRADUAL_MAPPING,256,7,127,0,2,9,203264,10,512,5120,96.18,0.0499999999999971,96.2176391031746,0.025857540165673664,96.19178156300893,0.037639103174598176,0.037639103174598176,True,LEAVE_ONE_STUDY_OUT,10.1038/s41598-019-44607-3,TiOx_02_Au,10.1038/s41598-019-44607-3,TiOx,6,6,5,False
TiOx_02_Au,10.1038/s41598-019-44607-3,TiOx,1.705978,0.2319734262803857,0,0,GRADUAL_MULTILEVEL,NOT_REPORTED,absolute,IDEALIZED_SINGLE_PAIR_GRADUAL,IDEALIZED_GRADUAL_MAPPING,64,5,31,0,2,9,203264,56,512,28672,96.18,0.0499999999999971,96.1655382936508,0.024592307204866874,96.14094598644593,-0.01446170634920918,0.01446170634920918,True,LEAVE_ONE_STUDY_OUT,10.1038/s41598-019-44607-3,TiOx_02_Au,10.1038/s41598-019-44607-3,TiOx,6,6,5,False
TiOx_02_Au,10.1038/s41598-019-44607-3,TiOx,1.705978,0.2319734262803857,0,0,GRADUAL_MULTILEVEL,NOT_REPORTED,absolute,IDEALIZED_SINGLE_PAIR_GRADUAL,IDEALIZED_GRADUAL_MAPPING,256,6,63,0,2,8,203264,10,256,2560,96.18,0.0499999999999971,96.21806151370852,0.03163451919880061,96.18642699450972,0.03806151370851296,0.03806151370851296,True,LEAVE_ONE_STUDY_OUT,10.1038/s41598-019-44607-3,TiOx_02_Au,10.1038/s41598-019-44607-3,TiOx,6,6,5,False
TiOx_02_Au,10.1038/s41598-019-44607-3,TiOx,1.705978,0.2319734262803857,0,0,GRADUAL_MULTILEVEL,NOT_REPORTED,absolute,IDEALIZED_SINGLE_PAIR_GRADUAL,IDEALIZED_GRADUAL_MAPPING,32,8,255,0,2,7,203264,208,128,26624,96.18,0.0499999999999971,96.16992103968255,0.05078413692823213,96.11913690275432,-0.010078960317457586,0.010078960317457586,True,LEAVE_ONE_STUDY_OUT,10.1038/s41598-019-44607-3,TiOx_02_Au,10.1038/s41598-019-44607-3,TiOx,6,6,5,False
TiOx_02_Au,10.1038/s41598-019-44607-3,TiOx,1.705978,0.2319734262803857,0,0,GRADUAL_MULTILEVEL,NOT_REPORTED,absolute,IDEALIZED_SINGLE_PAIR_GRADUAL,IDEALIZED_GRADUAL_MAPPING,16,5,31,0,2,8,203264,800,256,204800,96.17,0.0600000000000022,96.15061733333333,0.03080680238612458,96.1198105309472,-0.01938266666667232,0.01938266666667232,True,LEAVE_ONE_STUDY_OUT,10.1038/s41598-019-44607-3,TiOx_02_Au,10.1038/s41598-019-44607-3,TiOx,6,6,5,False
TiOx_02_Au,10.1038/s41598-019-44607-3,TiOx,1.705978,0.2319734262803857,0,0,GRADUAL_MULTILEVEL,NOT_REPORTED,absolute,IDEALIZED_SINGLE_PAIR_GRADUAL,IDEALIZED_GRADUAL_MAPPING,16,7,127,0,2,8,203264,800,256,204800,96.17,0.0600000000000022,96.19558955555556,0.01695218114002489,96.17863737441553,0.02558955555555542,0.02558955555555542,True,LEAVE_ONE_STUDY_OUT,10.1038/s41598-019-44607-3,TiOx_02_Au,10.1038/s41598-019-44607-3,TiOx,6,6,5,False
TiOx_02_Au,10.1038/s41598-019-44607-3,TiOx,1.705978,0.2319734262803857,0,0,GRADUAL_MULTILEVEL,NOT_REPORTED,absolute,IDEALIZED_SINGLE_PAIR_GRADUAL,IDEALIZED_GRADUAL_MAPPING,16,6,63,0,2,7,203264,800,128,102400,96.17,0.0600000000000022,96.19580517460317,0.030387680115445185,96.16541749448773,0.025805174603164005,0.025805174603164005,True,LEAVE_ONE_STUDY_OUT,10.1038/s41598-019-44607-3,TiOx_02_Au,10.1038/s41598-019-44607-3,TiOx,6,6,5,False
TiOx_02_Au,10.1038/s41598-019-44607-3,TiOx,1.705978,0.2319734262803857,0,0,GRADUAL_MULTILEVEL,NOT_REPORTED,absolute,IDEALIZED_SINGLE_PAIR_GRADUAL,IDEALIZED_GRADUAL_MAPPING,64,6,63,0,2,7,203264,56,128,7168,96.17,0.0600000000000022,96.16480453968254,0.05131800715706808,96.11348653252547,-0.005195460317466427,0.005195460317466427,True,LEAVE_ONE_STUDY_OUT,10.1038/s41598-019-44607-3,TiOx_02_Au,10.1038/s41598-019-44607-3,TiOx,6,6,5,False
TiOx_02_Au,10.1038/s41598-019-44607-3,TiOx,1.705978,0.2319734262803857,0,0,GRADUAL_MULTILEVEL,NOT_REPORTED,absolute,IDEALIZED_SINGLE_PAIR_GRADUAL,IDEALIZED_GRADUAL_MAPPING,64,5,31,0,2,10,203264,56,1024,57344,96.17,0.0600000000000022,96.16709651587303,0.02374433153743178,96.1433521843356,-0.0029034841269748313,0.0029034841269748313,True,LEAVE_ONE_STUDY_OUT,10.1038/s41598-019-44607-3,TiOx_02_Au,10.1038/s41598-019-44607-3,TiOx,6,6,5,False
TiOx_02_Au,10.1038/s41598-019-44607-3,TiOx,1.705978,0.2319734262803857,0,0,GRADUAL_MULTILEVEL,NOT_REPORTED,absolute,IDEALIZED_SINGLE_PAIR_GRADUAL,IDEALIZED_GRADUAL_MAPPING,256,6,63,0,2,9,203264,10,512,5120,96.16,0.0700000000000073,96.22175076190476,0.032406595869327606,96.18934416603543,0.061750761904761475,0.061750761904761475,True,LEAVE_ONE_STUDY_OUT,10.1038/s41598-019-44607-3,TiOx_02_Au,10.1038/s41598-019-44607-3,TiOx,6,6,5,False
TiOx_02_Au,10.1038/s41598-019-44607-3,TiOx,1.705978,0.2319734262803857,0,0,GRADUAL_MULTILEVEL,NOT_REPORTED,absolute,IDEALIZED_SINGLE_PAIR_GRADUAL,IDEALIZED_GRADUAL_MAPPING,128,6,63,0,2,9,203264,16,512,8192,96.16,0.0700000000000073,96.24458116666668,0.022559280937853924,96.22202188572882,0.08458116666668047,0.08458116666668047,True,LEAVE_ONE_STUDY_OUT,10.1038/s41598-019-44607-3,TiOx_02_Au,10.1038/s41598-019-44607-3,TiOx,6,6,5,False
TiOx_02_Au,10.1038/s41598-019-44607-3,TiOx,1.705978,0.2319734262803857,0,0,GRADUAL_MULTILEVEL,NOT_REPORTED,absolute,IDEALIZED_SINGLE_PAIR_GRADUAL,IDEALIZED_GRADUAL_MAPPING,256,5,31,0,2,10,203264,10,1024,10240,96.16,0.0700000000000073,96.13427894444443,0.06203421994225696,96.07224472450217,-0.025721055555564476,0.025721055555564476,True,LEAVE_ONE_STUDY_OUT,10.1038/s41598-019-44607-3,TiOx_02_Au,10.1038/s41598-019-44607-3,TiOx,6,6,5,False
TiOx_02_Au,10.1038/s41598-019-44607-3,TiOx,1.705978,0.2319734262803857,0,0,GRADUAL_MULTILEVEL,NOT_REPORTED,absolute,IDEALIZED_SINGLE_PAIR_GRADUAL,IDEALIZED_GRADUAL_MAPPING,256,5,31,0,2,8,203264,10,256,2560,96.16,0.0700000000000073,96.10770935714285,0.06820083286760609,96.03950852427525,-0.052290642857144576,0.052290642857144576,True,LEAVE_ONE_STUDY_OUT,10.1038/s41598-019-44607-3,TiOx_02_Au,10.1038/s41598-019-44607-3,TiOx,6,6,5,False
TiOx_02_Au,10.1038/s41598-019-44607-3,TiOx,1.705978,0.2319734262803857,0,0,GRADUAL_MULTILEVEL,NOT_REPORTED,absolute,IDEALIZED_SINGLE_PAIR_GRADUAL,IDEALIZED_GRADUAL_MAPPING,256,6,63,0,2,10,203264,10,1024,10240,96.15,0.0799999999999983,96.25018330952379,0.0319961310031832,96.21818717852061,0.10018330952378562,0.10018330952378562,True,LEAVE_ONE_STUDY_OUT,10.1038/s41598-019-44607-3,TiOx_02_Au,10.1038/s41598-019-44607-3,TiOx,6,6,5,False
TiOx_02_Au,10.1038/s41598-019-44607-3,TiOx,1.705978,0.2319734262803857,0,0,GRADUAL_MULTILEVEL,NOT_REPORTED,absolute,IDEALIZED_SINGLE_PAIR_GRADUAL,IDEALIZED_GRADUAL_MAPPING,32,5,31,0,2,8,203264,208,256,53248,96.15,0.0799999999999983,96.1662145,0.03238565985618431,96.1338288401438,0.016214499999989584,0.016214499999989584,True,LEAVE_ONE_STUDY_OUT,10.1038/s41598-019-44607-3,TiOx_02_Au,10.1038/s41598-019-44607-3,TiOx,6,6,5,False
TiOx_02_Au,10.1038/s41598-019-44607-3,TiOx,1.705978,0.2319734262803857,0,0,GRADUAL_MULTILEVEL,NOT_REPORTED,absolute,IDEALIZED_SINGLE_PAIR_GRADUAL,IDEALIZED_GRADUAL_MAPPING,16,5,31,0,2,9,203264,800,512,409600,96.15,0.0799999999999983,96.1567751825397,0.018814140143059172,96.13796104239664,0.006775182539698221,0.006775182539698221,True,LEAVE_ONE_STUDY_OUT,10.1038/s41598-019-44607-3,TiOx_02_Au,10.1038/s41598-019-44607-3,TiOx,6,6,5,False
TiOx_02_Au,10.1038/s41598-019-44607-3,TiOx,1.705978,0.2319734262803857,0,0,GRADUAL_MULTILEVEL,NOT_REPORTED,absolute,IDEALIZED_SINGLE_PAIR_GRADUAL,IDEALIZED_GRADUAL_MAPPING,16,5,31,0,2,10,203264,800,1024,819200,96.14,0.0900000000000034,96.15099906349207,0.020478001498123042,96.13052106199395,0.01099906349206492,0.01099906349206492,True,LEAVE_ONE_STUDY_OUT,10.1038/s41598-019-44607-3,TiOx_02_Au,10.1038/s41598-019-44607-3,TiOx,6,6,5,False
TiOx_02_Au,10.1038/s41598-019-44607-3,TiOx,1.705978,0.2319734262803857,0,0,GRADUAL_MULTILEVEL,NOT_REPORTED,absolute,IDEALIZED_SINGLE_PAIR_GRADUAL,IDEALIZED_GRADUAL_MAPPING,16,5,31,0,2,7,203264,800,128,102400,96.14,0.0900000000000034,96.08810083333333,0.08732020116164085,96.00078063217168,-0.05189916666667216,0.05189916666667216,True,LEAVE_ONE_STUDY_OUT,10.1038/s41598-019-44607-3,TiOx_02_Au,10.1038/s41598-019-44607-3,TiOx,6,6,5,False
TiOx_02_Au,10.1038/s41598-019-44607-3,TiOx,1.705978,0.2319734262803857,0,0,GRADUAL_MULTILEVEL,NOT_REPORTED,absolute,IDEALIZED_SINGLE_PAIR_GRADUAL,IDEALIZED_GRADUAL_MAPPING,32,5,31,0,2,9,203264,208,512,106496,96.14,0.0900000000000034,96.15961125396827,0.01559985465699818,96.14401139931127,0.019611253968264464,0.019611253968264464,True,LEAVE_ONE_STUDY_OUT,10.1038/s41598-019-44607-3,TiOx_02_Au,10.1038/s41598-019-44607-3,TiOx,6,6,5,False
TiOx_02_Au,10.1038/s41598-019-44607-3,TiOx,1.705978,0.2319734262803857,0,0,GRADUAL_MULTILEVEL,NOT_REPORTED,absolute,IDEALIZED_SINGLE_PAIR_GRADUAL,IDEALIZED_GRADUAL_MAPPING,32,5,31,0,2,10,203264,208,1024,212992,96.14,0.0900000000000034,96.15201040476191,0.018289633497058887,96.13372077126485,0.012010404761909399,0.012010404761909399,True,LEAVE_ONE_STUDY_OUT,10.1038/s41598-019-44607-3,TiOx_02_Au,10.1038/s41598-019-44607-3,TiOx,6,6,5,False
TiOx_02_Au,10.1038/s41598-019-44607-3,TiOx,1.705978,0.2319734262803857,0,0,GRADUAL_MULTILEVEL,NOT_REPORTED,absolute,IDEALIZED_SINGLE_PAIR_GRADUAL,IDEALIZED_GRADUAL_MAPPING,256,8,255,0,2,9,203264,10,512,5120,96.14,0.0900000000000034,96.20336598412699,0.025520265513504135,96.17784571861348,0.0633659841269889,0.0633659841269889,True,LEAVE_ONE_STUDY_OUT,10.1038/s41598-019-44607-3,TiOx_02_Au,10.1038/s41598-019-44607-3,TiOx,6,6,5,False
TiOx_02_Au,10.1038/s41598-019-44607-3,TiOx,1.705978,0.2319734262803857,0,0,GRADUAL_MULTILEVEL,NOT_REPORTED,absolute,IDEALIZED_SINGLE_PAIR_GRADUAL,IDEALIZED_GRADUAL_MAPPING,128,5,31,0,2,8,203264,16,256,4096,96.14,0.0900000000000034,96.14654957936507,0.05381855541869772,96.09273102394637,0.0065495793650711676,0.0065495793650711676,True,LEAVE_ONE_STUDY_OUT,10.1038/s41598-019-44607-3,TiOx_02_Au,10.1038/s41598-019-44607-3,TiOx,6,6,5,False
TiOx_02_Au,10.1038/s41598-019-44607-3,TiOx,1.705978,0.2319734262803857,0,0,GRADUAL_MULTILEVEL,NOT_REPORTED,absolute,IDEALIZED_SINGLE_PAIR_GRADUAL,IDEALIZED_GRADUAL_MAPPING,128,8,255,0,2,9,203264,16,512,8192,96.13,0.1000000000000085,96.21203821428571,0.014651074094026386,96.19738714019168,0.082038214285717,0.082038214285717,True,LEAVE_ONE_STUDY_OUT,10.1038/s41598-019-44607-3,TiOx_02_Au,10.1038/s41598-019-44607-3,TiOx,6,6,5,False
TiOx_02_Au,10.1038/s41598-019-44607-3,TiOx,1.705978,0.2319734262803857,0,0,GRADUAL_MULTILEVEL,NOT_REPORTED,absolute,IDEALIZED_SINGLE_PAIR_GRADUAL,IDEALIZED_GRADUAL_MAPPING,256,8,255,0,2,8,203264,10,256,2560,96.13,0.1000000000000085,96.19642781529582,0.032395280679624196,96.1640325346162,0.06642781529582464,0.06642781529582464,True,LEAVE_ONE_STUDY_OUT,10.1038/s41598-019-44607-3,TiOx_02_Au,10.1038/s41598-019-44607-3,TiOx,6,6,5,False
TiOx_02_Au,10.1038/s41598-019-44607-3,TiOx,1.705978,0.2319734262803857,0,0,GRADUAL_MULTILEVEL,NOT_REPORTED,absolute,IDEALIZED_SINGLE_PAIR_GRADUAL,IDEALIZED_GRADUAL_MAPPING,128,6,63,0,2,8,203264,16,256,4096,96.13,0.1000000000000085,96.23282690259741,0.025565456923823848,96.20726144567358,0.102826902597414,0.102826902597414,True,LEAVE_ONE_STUDY_OUT,10.1038/s41598-019-44607-3,TiOx_02_Au,10.1038/s41598-019-44607-3,TiOx,6,6,5,False
TiOx_02_Au,10.1038/s41598-019-44607-3,TiOx,1.705978,0.2319734262803857,0,0,GRADUAL_MULTILEVEL,NOT_REPORTED,absolute,IDEALIZED_SINGLE_PAIR_GRADUAL,IDEALIZED_GRADUAL_MAPPING,128,5,31,0,2,10,203264,16,1024,16384,96.13,0.1000000000000085,96.16132032539683,0.04028220024872136,96.1210381251481,0.03132032539683394,0.03132032539683394,True,LEAVE_ONE_STUDY_OUT,10.1038/s41598-019-44607-3,TiOx_02_Au,10.1038/s41598-019-44607-3,TiOx,6,6,5,False
TiOx_02_Au,10.1038/s41598-019-44607-3,TiOx,1.705978,0.2319734262803857,0,0,GRADUAL_MULTILEVEL,NOT_REPORTED,absolute,IDEALIZED_SINGLE_PAIR_GRADUAL,IDEALIZED_GRADUAL_MAPPING,128,4,15,0,2,10,203264,16,1024,16384,96.12,0.1099999999999994,96.04346276190475,0.037079506797945846,96.0063832551068,-0.07653723809525559,0.07653723809525559,True,LEAVE_ONE_STUDY_OUT,10.1038/s41598-019-44607-3,TiOx_02_Au,10.1038/s41598-019-44607-3,TiOx,6,6,5,False
TiOx_02_Au,10.1038/s41598-019-44607-3,TiOx,1.705978,0.2319734262803857,0,0,GRADUAL_MULTILEVEL,NOT_REPORTED,absolute,IDEALIZED_SINGLE_PAIR_GRADUAL,IDEALIZED_GRADUAL_MAPPING,128,5,31,0,2,9,203264,16,512,8192,96.12,0.1099999999999994,96.1599686825397,0.04040725881811548,96.11956142372158,0.0399686825396941,0.0399686825396941,True,LEAVE_ONE_STUDY_OUT,10.1038/s41598-019-44607-3,TiOx_02_Au,10.1038/s41598-019-44607-3,TiOx,6,6,5,False
TiOx_02_Au,10.1038/s41598-019-44607-3,TiOx,1.705978,0.2319734262803857,0,0,GRADUAL_MULTILEVEL,NOT_REPORTED,absolute,IDEALIZED_SINGLE_PAIR_GRADUAL,IDEALIZED_GRADUAL_MAPPING,16,4,15,0,2,7,203264,800,128,102400,96.12,0.1099999999999994,95.98772462698413,0.10312788178079596,95.88459674520334,-0.13227537301587233,0.13227537301587233,True,LEAVE_ONE_STUDY_OUT,10.1038/s41598-019-44607-3,TiOx_02_Au,10.1038/s41598-019-44607-3,TiOx,6,6,5,False
TiOx_02_Au,10.1038/s41598-019-44607-3,TiOx,1.705978,0.2319734262803857,0,0,GRADUAL_MULTILEVEL,NOT_REPORTED,absolute,IDEALIZED_SINGLE_PAIR_GRADUAL,IDEALIZED_GRADUAL_MAPPING,128,7,127,0,2,9,203264,16,512,8192,96.11,0.1200000000000045,96.22390591269843,0.017008747492714076,96.20689716520572,0.11390591269842787,0.11390591269842787,True,LEAVE_ONE_STUDY_OUT,10.1038/s41598-019-44607-3,TiOx_02_Au,10.1038/s41598-019-44607-3,TiOx,6,6,5,False
TiOx_02_Au,10.1038/s41598-019-44607-3,TiOx,1.705978,0.2319734262803857,0,0,GRADUAL_MULTILEVEL,NOT_REPORTED,absolute,IDEALIZED_SINGLE_PAIR_GRADUAL,IDEALIZED_GRADUAL_MAPPING,16,4,15,0,2,8,203264,800,256,204800,96.11,0.1200000000000045,96.0745603174603,0.019897005432355074,96.05466331202794,-0.0354396825397032,0.0354396825397032,True,LEAVE_ONE_STUDY_OUT,10.1038/s41598-019-44607-3,TiOx_02_Au,10.1038/s41598-019-44607-3,TiOx,6,6,5,False
TiOx_02_Au,10.1038/s41598-019-44607-3,TiOx,1.705978,0.2319734262803857,0,0,GRADUAL_MULTILEVEL,NOT_REPORTED,absolute,IDEALIZED_SINGLE_PAIR_GRADUAL,IDEALIZED_GRADUAL_MAPPING,32,7,127,0,2,7,203264,208,128,26624,96.11,0.1200000000000045,96.18904975396825,0.04326057443244494,96.1457891795358,0.07904975396824909,0.07904975396824909,True,LEAVE_ONE_STUDY_OUT,10.1038/s41598-019-44607-3,TiOx_02_Au,10.1038/s41598-019-44607-3,TiOx,6,6,5,False
TiOx_02_Au,10.1038/s41598-019-44607-3,TiOx,1.705978,0.2319734262803857,0,0,GRADUAL_MULTILEVEL,NOT_REPORTED,absolute,IDEALIZED_SINGLE_PAIR_GRADUAL,IDEALIZED_GRADUAL_MAPPING,32,4,15,0,2,8,203264,208,256,53248,96.1,0.1300000000000096,96.07055231746033,0.020141414451349857,96.05041090300898,-0.029447682539668563,0.029447682539668563,True,LEAVE_ONE_STUDY_OUT,10.1038/s41598-019-44607-3,TiOx_02_Au,10.1038/s41598-019-44607-3,TiOx,6,6,5,False
TiOx_02_Au,10.1038/s41598-019-44607-3,TiOx,1.705978,0.2319734262803857,0,0,GRADUAL_MULTILEVEL,NOT_REPORTED,absolute,IDEALIZED_SINGLE_PAIR_GRADUAL,IDEALIZED_GRADUAL_MAPPING,64,6,63,0,2,8,203264,56,256,14336,96.1,0.1300000000000096,96.23356567460317,0.02943292428900319,96.20413275031417,0.13356567460317592,0.13356567460317592,True,LEAVE_ONE_STUDY_OUT,10.1038/s41598-019-44607-3,TiOx_02_Au,10.1038/s41598-019-44607-3,TiOx,6,6,5,False
TiOx_02_Au,10.1038/s41598-019-44607-3,TiOx,1.705978,0.2319734262803857,0,0,GRADUAL_MULTILEVEL,NOT_REPORTED,absolute,IDEALIZED_SINGLE_PAIR_GRADUAL,IDEALIZED_GRADUAL_MAPPING,128,8,255,0,2,8,203264,16,256,4096,96.09,0.1400000000000005,96.20335228354979,0.02882468248833397,96.17452760106146,0.1133522835497871,0.1133522835497871,True,LEAVE_ONE_STUDY_OUT,10.1038/s41598-019-44607-3,TiOx_02_Au,10.1038/s41598-019-44607-3,TiOx,6,6,5,False
TiOx_02_Au,10.1038/s41598-019-44607-3,TiOx,1.705978,0.2319734262803857,0,0,GRADUAL_MULTILEVEL,NOT_REPORTED,absolute,IDEALIZED_SINGLE_PAIR_GRADUAL,IDEALIZED_GRADUAL_MAPPING,32,4,15,0,2,9,203264,208,512,106496,96.09,0.1400000000000005,96.07091426190476,0.01654849469320683,96.05436576721155,-0.019085738095242277,0.019085738095242277,True,LEAVE_ONE_STUDY_OUT,10.1038/s41598-019-44607-3,TiOx_02_Au,10.1038/s41598-019-44607-3,TiOx,6,6,5,False
TiOx_02_Au,10.1038/s41598-019-44607-3,TiOx,1.705978,0.2319734262803857,0,0,GRADUAL_MULTILEVEL,NOT_REPORTED,absolute,IDEALIZED_SINGLE_PAIR_GRADUAL,IDEALIZED_GRADUAL_MAPPING,128,4,15,0,2,9,203264,16,512,8192,96.08,0.1500000000000056,96.07053602380951,0.03606094988292663,96.03447507392659,-0.009463976190488665,0.009463976190488665,True,LEAVE_ONE_STUDY_OUT,10.1038/s41598-019-44607-3,TiOx_02_Au,10.1038/s41598-019-44607-3,TiOx,6,6,5,False
TiOx_02_Au,10.1038/s41598-019-44607-3,TiOx,1.705978,0.2319734262803857,0,0,GRADUAL_MULTILEVEL,NOT_REPORTED,absolute,IDEALIZED_SINGLE_PAIR_GRADUAL,IDEALIZED_GRADUAL_MAPPING,64,7,127,0,2,7,203264,56,128,7168,96.08,0.1500000000000056,96.13692729365079,0.057425037234830875,96.07950225641595,0.05692729365078719,0.05692729365078719,True,LEAVE_ONE_STUDY_OUT,10.1038/s41598-019-44607-3,TiOx_02_Au,10.1038/s41598-019-44607-3,TiOx,6,6,5,False
TiOx_02_Au,10.1038/s41598-019-44607-3,TiOx,1.705978,0.2319734262803857,0,0,GRADUAL_MULTILEVEL,NOT_REPORTED,absolute,IDEALIZED_SINGLE_PAIR_GRADUAL,IDEALIZED_GRADUAL_MAPPING,32,5,31,0,2,7,203264,208,128,26624,96.08,0.1500000000000056,96.09961602380952,0.09531415353707025,96.00430187027244,0.01961602380951888,0.01961602380951888,True,LEAVE_ONE_STUDY_OUT,10.1038/s41598-019-44607-3,TiOx_02_Au,10.1038/s41598-019-44607-3,TiOx,6,6,5,False
TiOx_02_Au,10.1038/s41598-019-44607-3,TiOx,1.705978,0.2319734262803857,0,0,GRADUAL_MULTILEVEL,NOT_REPORTED,absolute,IDEALIZED_SINGLE_PAIR_GRADUAL,IDEALIZED_GRADUAL_MAPPING,256,5,31,0,2,9,203264,10,512,5120,96.08,0.1500000000000056,96.13092465873017,0.06107351464612337,96.06985114408404,0.050924658730167494,0.050924658730167494,True,LEAVE_ONE_STUDY_OUT,10.1038/s41598-019-44607-3,TiOx_02_Au,10.1038/s41598-019-44607-3,TiOx,6,6,5,False
TiOx_02_Au,10.1038/s41598-019-44607-3,TiOx,1.705978,0.2319734262803857,0,0,GRADUAL_MULTILEVEL,NOT_REPORTED,absolute,IDEALIZED_SINGLE_PAIR_GRADUAL,IDEALIZED_GRADUAL_MAPPING,16,6,63,0,2,6,203264,800,64,51200,96.08,0.1500000000000056,96.03713786507936,0.11754882873617457,95.91958903634318,-0.042862134920639505,0.042862134920639505,True,LEAVE_ONE_STUDY_OUT,10.1038/s41598-019-44607-3,TiOx_02_Au,10.1038/s41598-019-44607-3,TiOx,6,6,5,False
TiOx_02_Au,10.1038/s41598-019-44607-3,TiOx,1.705978,0.2319734262803857,0,0,GRADUAL_MULTILEVEL,NOT_REPORTED,absolute,IDEALIZED_SINGLE_PAIR_GRADUAL,IDEALIZED_GRADUAL_MAPPING,16,4,15,0,2,10,203264,800,1024,819200,96.07,0.1600000000000108,96.06804028571428,0.016398303443982114,96.0516419822703,-0.0019597142857179506,0.0019597142857179506,True,LEAVE_ONE_STUDY_OUT,10.1038/s41598-019-44607-3,TiOx_02_Au,10.1038/s41598-019-44607-3,TiOx,6,6,5,False
TiOx_02_Au,10.1038/s41598-019-44607-3,TiOx,1.705978,0.2319734262803857,0,0,GRADUAL_MULTILEVEL,NOT_REPORTED,absolute,IDEALIZED_SINGLE_PAIR_GRADUAL,IDEALIZED_GRADUAL_MAPPING,64,7,127,0,2,8,203264,56,256,14336,96.07,0.1600000000000108,96.19295111111111,0.027563984165754965,96.16538712694536,0.12295111111112078,0.12295111111112078,True,LEAVE_ONE_STUDY_OUT,10.1038/s41598-019-44607-3,TiOx_02_Au,10.1038/s41598-019-44607-3,TiOx,6,6,5,False
TiOx_02_Au,10.1038/s41598-019-44607-3,TiOx,1.705978,0.2319734262803857,0,0,GRADUAL_MULTILEVEL,NOT_REPORTED,absolute,IDEALIZED_SINGLE_PAIR_GRADUAL,IDEALIZED_GRADUAL_MAPPING,256,4,15,0,2,9,203264,10,512,5120,96.06,0.1700000000000017,96.06601428571427,0.04231493176616407,96.0236993539481,0.006014285714272205,0.006014285714272205,True,LEAVE_ONE_STUDY_OUT,10.1038/s41598-019-44607-3,TiOx_02_Au,10.1038/s41598-019-44607-3,TiOx,6,6,5,False
TiOx_02_Au,10.1038/s41598-019-44607-3,TiOx,1.705978,0.2319734262803857,0,0,GRADUAL_MULTILEVEL,NOT_REPORTED,absolute,IDEALIZED_SINGLE_PAIR_GRADUAL,IDEALIZED_GRADUAL_MAPPING,64,8,255,0,2,7,203264,56,128,7168,96.06,0.1700000000000017,96.12459612698413,0.05627794273568572,96.06831818424844,0.06459612698412798,0.06459612698412798,True,LEAVE_ONE_STUDY_OUT,10.1038/s41598-019-44607-3,TiOx_02_Au,10.1038/s41598-019-44607-3,TiOx,6,6,5,False
TiOx_02_Au,10.1038/s41598-019-44607-3,TiOx,1.705978,0.2319734262803857,0,0,GRADUAL_MULTILEVEL,NOT_REPORTED,absolute,IDEALIZED_SINGLE_PAIR_GRADUAL,IDEALIZED_GRADUAL_MAPPING,32,4,15,0,2,10,203264,208,1024,212992,96.04,0.1899999999999977,96.06424442857141,0.016571428215693573,96.04767300035572,0.024244428571407184,0.024244428571407184,True,LEAVE_ONE_STUDY_OUT,10.1038/s41598-019-44607-3,TiOx_02_Au,10.1038/s41598-019-44607-3,TiOx,6,6,5,False
TiOx_02_Au,10.1038/s41598-019-44607-3,TiOx,1.705978,0.2319734262803857,0,0,GRADUAL_MULTILEVEL,NOT_REPORTED,absolute,IDEALIZED_SINGLE_PAIR_GRADUAL,IDEALIZED_GRADUAL_MAPPING,64,8,255,0,2,8,203264,56,256,14336,96.04,0.1899999999999977,96.1801050079365,0.025121282514625285,96.15498372542189,0.14010500793649783,0.14010500793649783,True,LEAVE_ONE_STUDY_OUT,10.1038/s41598-019-44607-3,TiOx_02_Au,10.1038/s41598-019-44607-3,TiOx,6,6,5,False
TiOx_02_Au,10.1038/s41598-019-44607-3,TiOx,1.705978,0.2319734262803857,0,0,GRADUAL_MULTILEVEL,NOT_REPORTED,absolute,IDEALIZED_SINGLE_PAIR_GRADUAL,IDEALIZED_GRADUAL_MAPPING,64,4,15,0,2,9,203264,56,512,28672,96.04,0.1899999999999977,96.06748176190477,0.018636278197796015,96.04884548370698,0.0274817619047667,0.0274817619047667,True,LEAVE_ONE_STUDY_OUT,10.1038/s41598-019-44607-3,TiOx_02_Au,10.1038/s41598-019-44607-3,TiOx,6,6,5,False
TiOx_02_Au,10.1038/s41598-019-44607-3,TiOx,1.705978,0.2319734262803857,0,0,GRADUAL_MULTILEVEL,NOT_REPORTED,absolute,IDEALIZED_SINGLE_PAIR_GRADUAL,IDEALIZED_GRADUAL_MAPPING,256,4,15,0,2,8,203264,10,256,2560,96.04,0.1899999999999977,96.068488515873,0.050855804711248516,96.01763271116175,0.028488515872993503,0.028488515872993503,True,LEAVE_ONE_STUDY_OUT,10.1038/s41598-019-44607-3,TiOx_02_Au,10.1038/s41598-019-44607-3,TiOx,6,6,5,False
TiOx_02_Au,10.1038/s41598-019-44607-3,TiOx,1.705978,0.2319734262803857,0,0,GRADUAL_MULTILEVEL,NOT_REPORTED,absolute,IDEALIZED_SINGLE_PAIR_GRADUAL,IDEALIZED_GRADUAL_MAPPING,64,5,31,0,2,8,203264,56,256,14336,96.03,0.2000000000000028,96.17801592857143,0.03901010093078252,96.13900582764064,0.1480159285714251,0.1480159285714251,True,LEAVE_ONE_STUDY_OUT,10.1038/s41598-019-44607-3,TiOx_02_Au,10.1038/s41598-019-44607-3,TiOx,6,6,5,False
TiOx_02_Au,10.1038/s41598-019-44607-3,TiOx,1.705978,0.2319734262803857,0,0,GRADUAL_MULTILEVEL,NOT_REPORTED,absolute,IDEALIZED_SINGLE_PAIR_GRADUAL,IDEALIZED_GRADUAL_MAPPING,64,4,15,0,2,8,203264,56,256,14336,96.03,0.2000000000000028,96.06609935714285,0.02335486880243258,96.04274448834042,0.03609935714284518,0.03609935714284518,True,LEAVE_ONE_STUDY_OUT,10.1038/s41598-019-44607-3,TiOx_02_Au,10.1038/s41598-019-44607-3,TiOx,6,6,5,False
TiOx_02_Au,10.1038/s41598-019-44607-3,TiOx,1.705978,0.2319734262803857,0,0,GRADUAL_MULTILEVEL,NOT_REPORTED,absolute,IDEALIZED_SINGLE_PAIR_GRADUAL,IDEALIZED_GRADUAL_MAPPING,16,4,15,0,2,9,203264,800,512,409600,96.03,0.2000000000000028,96.07850526190477,0.012154102954159975,96.06635115895061,0.04850526190476501,0.04850526190476501,True,LEAVE_ONE_STUDY_OUT,10.1038/s41598-019-44607-3,TiOx_02_Au,10.1038/s41598-019-44607-3,TiOx,6,6,5,False
TiOx_02_Au,10.1038/s41598-019-44607-3,TiOx,1.705978,0.2319734262803857,0,0,GRADUAL_MULTILEVEL,NOT_REPORTED,absolute,IDEALIZED_SINGLE_PAIR_GRADUAL,IDEALIZED_GRADUAL_MAPPING,16,7,127,0,2,6,203264,800,64,51200,96.02,0.2100000000000079,96.06560031746031,0.08791223644371632,95.9776880810166,0.04560031746031257,0.04560031746031257,True,LEAVE_ONE_STUDY_OUT,10.1038/s41598-019-44607-3,TiOx_02_Au,10.1038/s41598-019-44607-3,TiOx,6,6,5,False
TiOx_02_Au,10.1038/s41598-019-44607-3,TiOx,1.705978,0.2319734262803857,0,0,GRADUAL_MULTILEVEL,NOT_REPORTED,absolute,IDEALIZED_SINGLE_PAIR_GRADUAL,IDEALIZED_GRADUAL_MAPPING,64,4,15,0,2,10,203264,56,1024,57344,96.02,0.2100000000000079,96.06088828571427,0.019272861748298654,96.04161542396596,0.040888285714274275,0.040888285714274275,True,LEAVE_ONE_STUDY_OUT,10.1038/s41598-019-44607-3,TiOx_02_Au,10.1038/s41598-019-44607-3,TiOx,6,6,5,False
TiOx_02_Au,10.1038/s41598-019-44607-3,TiOx,1.705978,0.2319734262803857,0,0,GRADUAL_MULTILEVEL,NOT_REPORTED,absolute,IDEALIZED_SINGLE_PAIR_GRADUAL,IDEALIZED_GRADUAL_MAPPING,256,4,15,0,2,10,203264,10,1024,10240,96.01,0.2199999999999988,96.03916773015872,0.04021285835331504,95.99895487180541,0.02916773015871854,0.02916773015871854,True,LEAVE_ONE_STUDY_OUT,10.1038/s41598-019-44607-3,TiOx_02_Au,10.1038/s41598-019-44607-3,TiOx,6,6,5,False
TiOx_02_Au,10.1038/s41598-019-44607-3,TiOx,1.705978,0.2319734262803857,0,0,GRADUAL_MULTILEVEL,NOT_REPORTED,absolute,IDEALIZED_SINGLE_PAIR_GRADUAL,IDEALIZED_GRADUAL_MAPPING,32,4,15,0,2,7,203264,208,128,26624,95.97,0.2600000000000051,95.99382934126986,0.10550687361167793,95.88832246765818,0.023829341269859583,0.023829341269859583,True,LEAVE_ONE_STUDY_OUT,10.1038/s41598-019-44607-3,TiOx_02_Au,10.1038/s41598-019-44607-3,TiOx,6,6,5,False
TiOx_02_Au,10.1038/s41598-019-44607-3,TiOx,1.705978,0.2319734262803857,0,0,GRADUAL_MULTILEVEL,NOT_REPORTED,absolute,IDEALIZED_SINGLE_PAIR_GRADUAL,IDEALIZED_GRADUAL_MAPPING,64,5,31,0,2,7,203264,56,128,7168,95.94,0.2900000000000062,96.07893787301587,0.10408286027812831,95.97485501273775,0.1389378730158768,0.1389378730158768,True,LEAVE_ONE_STUDY_OUT,10.1038/s41598-019-44607-3,TiOx_02_Au,10.1038/s41598-019-44607-3,TiOx,6,6,5,False
TiOx_02_Au,10.1038/s41598-019-44607-3,TiOx,1.705978,0.2319734262803857,0,0,GRADUAL_MULTILEVEL,NOT_REPORTED,absolute,IDEALIZED_SINGLE_PAIR_GRADUAL,IDEALIZED_GRADUAL_MAPPING,256,8,255,0,2,7,203264,10,128,1280,95.93,0.2999999999999971,95.89362301659452,0.07377723973364662,95.81984577686087,-0.03637698340548923,0.03637698340548923,True,LEAVE_ONE_STUDY_OUT,10.1038/s41598-019-44607-3,TiOx_02_Au,10.1038/s41598-019-44607-3,TiOx,6,6,5,False
TiOx_02_Au,10.1038/s41598-019-44607-3,TiOx,1.705978,0.2319734262803857,0,0,GRADUAL_MULTILEVEL,NOT_REPORTED,absolute,IDEALIZED_SINGLE_PAIR_GRADUAL,IDEALIZED_GRADUAL_MAPPING,16,8,255,0,2,6,203264,800,64,51200,95.9,0.3299999999999983,96.06479965079366,0.08906248254937815,95.97573716824428,0.164799650793654,0.164799650793654,True,LEAVE_ONE_STUDY_OUT,10.1038/s41598-019-44607-3,TiOx_02_Au,10.1038/s41598-019-44607-3,TiOx,6,6,5,False
TiOx_02_Au,10.1038/s41598-019-44607-3,TiOx,1.705978,0.2319734262803857,0,0,GRADUAL_MULTILEVEL,NOT_REPORTED,absolute,IDEALIZED_SINGLE_PAIR_GRADUAL,IDEALIZED_GRADUAL_MAPPING,256,7,127,0,2,7,203264,10,128,1280,95.89,0.3400000000000034,95.91616806421357,0.07350762805210695,95.84266043616145,0.026168064213564435,0.026168064213564435,True,LEAVE_ONE_STUDY_OUT,10.1038/s41598-019-44607-3,TiOx_02_Au,10.1038/s41598-019-44607-3,TiOx,6,6,5,False
TiOx_02_Au,10.1038/s41598-019-44607-3,TiOx,1.705978,0.2319734262803857,0,0,GRADUAL_MULTILEVEL,NOT_REPORTED,absolute,IDEALIZED_SINGLE_PAIR_GRADUAL,IDEALIZED_GRADUAL_MAPPING,128,4,15,0,2,8,203264,16,256,4096,95.86,0.3700000000000045,96.07739184126984,0.0436191442427919,96.03377269702705,0.21739184126984412,0.21739184126984412,True,LEAVE_ONE_STUDY_OUT,10.1038/s41598-019-44607-3,TiOx_02_Au,10.1038/s41598-019-44607-3,TiOx,6,6,5,False
TiOx_02_Au,10.1038/s41598-019-44607-3,TiOx,1.705978,0.2319734262803857,0,0,GRADUAL_MULTILEVEL,NOT_REPORTED,absolute,IDEALIZED_SINGLE_PAIR_GRADUAL,IDEALIZED_GRADUAL_MAPPING,16,5,31,0,2,6,203264,800,64,51200,95.84,0.3900000000000005,95.97420162698414,0.1338213944283726,95.84038023255577,0.13420162698413662,0.13420162698413662,True,LEAVE_ONE_STUDY_OUT,10.1038/s41598-019-44607-3,TiOx_02_Au,10.1038/s41598-019-44607-3,TiOx,6,6,5,False
TiOx_02_Au,10.1038/s41598-019-44607-3,TiOx,1.705978,0.2319734262803857,0,0,GRADUAL_MULTILEVEL,NOT_REPORTED,absolute,IDEALIZED_SINGLE_PAIR_GRADUAL,IDEALIZED_GRADUAL_MAPPING,128,6,63,0,2,7,203264,16,128,2048,95.83,0.4000000000000057,95.9769931984127,0.09027035070946202,95.88672284770324,0.14699319841270153,0.14699319841270153,True,LEAVE_ONE_STUDY_OUT,10.1038/s41598-019-44607-3,TiOx_02_Au,10.1038/s41598-019-44607-3,TiOx,6,6,5,False
TiOx_02_Au,10.1038/s41598-019-44607-3,TiOx,1.705978,0.2319734262803857,0,0,GRADUAL_MULTILEVEL,NOT_REPORTED,absolute,IDEALIZED_SINGLE_PAIR_GRADUAL,IDEALIZED_GRADUAL_MAPPING,128,8,255,0,2,7,203264,16,128,2048,95.82,0.4100000000000108,95.88494420707072,0.07515052296234831,95.80979368410837,0.06494420707072379,0.06494420707072379,True,LEAVE_ONE_STUDY_OUT,10.1038/s41598-019-44607-3,TiOx_02_Au,10.1038/s41598-019-44607-3,TiOx,6,6,5,False
TiOx_02_Au,10.1038/s41598-019-44607-3,TiOx,1.705978,0.2319734262803857,0,0,GRADUAL_MULTILEVEL,NOT_REPORTED,absolute,IDEALIZED_SINGLE_PAIR_GRADUAL,IDEALIZED_GRADUAL_MAPPING,16,4,15,0,2,6,203264,800,64,51200,95.81,0.4200000000000017,95.95804296031746,0.14323794788131344,95.81480501243614,0.14804296031745423,0.14804296031745423,False,LEAVE_ONE_STUDY_OUT,10.1038/s41598-019-44607-3,TiOx_02_Au,10.1038/s41598-019-44607-3,TiOx,6,6,5,False
TiOx_02_Au,10.1038/s41598-019-44607-3,TiOx,1.705978,0.2319734262803857,0,0,GRADUAL_MULTILEVEL,NOT_REPORTED,absolute,IDEALIZED_SINGLE_PAIR_GRADUAL,IDEALIZED_GRADUAL_MAPPING,256,6,63,0,2,7,203264,10,128,1280,95.81,0.4200000000000017,95.98472924603176,0.08290884427852384,95.90182040175324,0.17472924603175954,0.17472924603175954,False,LEAVE_ONE_STUDY_OUT,10.1038/s41598-019-44607-3,TiOx_02_Au,10.1038/s41598-019-44607-3,TiOx,6,6,5,False
TiOx_02_Au,10.1038/s41598-019-44607-3,TiOx,1.705978,0.2319734262803857,0,0,GRADUAL_MULTILEVEL,NOT_REPORTED,absolute,IDEALIZED_SINGLE_PAIR_GRADUAL,IDEALIZED_GRADUAL_MAPPING,128,4,15,0,2,7,203264,16,128,2048,95.77,0.4600000000000079,95.83602886507937,0.11750221970308906,95.71852664537629,0.06602886507937455,0.06602886507937455,False,LEAVE_ONE_STUDY_OUT,10.1038/s41598-019-44607-3,TiOx_02_Au,10.1038/s41598-019-44607-3,TiOx,6,6,5,False
TiOx_02_Au,10.1038/s41598-019-44607-3,TiOx,1.705978,0.2319734262803857,0,0,GRADUAL_MULTILEVEL,NOT_REPORTED,absolute,IDEALIZED_SINGLE_PAIR_GRADUAL,IDEALIZED_GRADUAL_MAPPING,256,4,15,0,2,7,203264,10,128,1280,95.76,0.4699999999999988,95.83501405555558,0.11613005263514369,95.71888400292043,0.07501405555557028,0.07501405555557028,False,LEAVE_ONE_STUDY_OUT,10.1038/s41598-019-44607-3,TiOx_02_Au,10.1038/s41598-019-44607-3,TiOx,6,6,5,False
TiOx_02_Au,10.1038/s41598-019-44607-3,TiOx,1.705978,0.2319734262803857,0,0,GRADUAL_MULTILEVEL,NOT_REPORTED,absolute,IDEALIZED_SINGLE_PAIR_GRADUAL,IDEALIZED_GRADUAL_MAPPING,64,4,15,0,2,7,203264,56,128,7168,95.76,0.4699999999999988,95.9168220079365,0.12006028307701673,95.79676172485948,0.1568220079364977,0.1568220079364977,False,LEAVE_ONE_STUDY_OUT,10.1038/s41598-019-44607-3,TiOx_02_Au,10.1038/s41598-019-44607-3,TiOx,6,6,5,False
TiOx_02_Au,10.1038/s41598-019-44607-3,TiOx,1.705978,0.2319734262803857,0,0,GRADUAL_MULTILEVEL,NOT_REPORTED,absolute,IDEALIZED_SINGLE_PAIR_GRADUAL,IDEALIZED_GRADUAL_MAPPING,128,5,31,0,2,7,203264,16,128,2048,95.7,0.5300000000000011,95.94652984920636,0.1311857880923648,95.81534406111399,0.2465298492063539,0.2465298492063539,False,LEAVE_ONE_STUDY_OUT,10.1038/s41598-019-44607-3,TiOx_02_Au,10.1038/s41598-019-44607-3,TiOx,6,6,5,False
TiOx_02_Au,10.1038/s41598-019-44607-3,TiOx,1.705978,0.2319734262803857,0,0,GRADUAL_MULTILEVEL,NOT_REPORTED,absolute,IDEALIZED_SINGLE_PAIR_GRADUAL,IDEALIZED_GRADUAL_MAPPING,32,8,255,0,2,6,203264,208,64,13312,95.69,0.5400000000000063,95.83670492063492,0.10885486647159641,95.72785005416331,0.14670492063491736,0.14670492063491736,False,LEAVE_ONE_STUDY_OUT,10.1038/s41598-019-44607-3,TiOx_02_Au,10.1038/s41598-019-44607-3,TiOx,6,6,5,False
TiOx_02_Au,10.1038/s41598-019-44607-3,TiOx,1.705978,0.2319734262803857,0,0,GRADUAL_MULTILEVEL,NOT_REPORTED,absolute,IDEALIZED_SINGLE_PAIR_GRADUAL,IDEALIZED_GRADUAL_MAPPING,128,7,127,0,2,7,203264,16,128,2048,95.69,0.5400000000000063,95.90747492135642,0.07743530978080905,95.83003961157561,0.21747492135642688,0.21747492135642688,False,LEAVE_ONE_STUDY_OUT,10.1038/s41598-019-44607-3,TiOx_02_Au,10.1038/s41598-019-44607-3,TiOx,6,6,5,False
TiOx_02_Au,10.1038/s41598-019-44607-3,TiOx,1.705978,0.2319734262803857,0,0,GRADUAL_MULTILEVEL,NOT_REPORTED,absolute,IDEALIZED_SINGLE_PAIR_GRADUAL,IDEALIZED_GRADUAL_MAPPING,32,4,15,0,2,6,203264,208,64,13312,95.63,0.6000000000000085,95.74731969047619,0.08824125709900518,95.65907843337719,0.11731969047619373,0.11731969047619373,False,LEAVE_ONE_STUDY_OUT,10.1038/s41598-019-44607-3,TiOx_02_Au,10.1038/s41598-019-44607-3,TiOx,6,6,5,False
TiOx_02_Au,10.1038/s41598-019-44607-3,TiOx,1.705978,0.2319734262803857,0,0,GRADUAL_MULTILEVEL,NOT_REPORTED,absolute,IDEALIZED_SINGLE_PAIR_GRADUAL,IDEALIZED_GRADUAL_MAPPING,32,6,63,0,2,6,203264,208,64,13312,95.63,0.6000000000000085,95.80501146825397,0.10708641458327212,95.69792505367069,0.1750114682539703,0.1750114682539703,False,LEAVE_ONE_STUDY_OUT,10.1038/s41598-019-44607-3,TiOx_02_Au,10.1038/s41598-019-44607-3,TiOx,6,6,5,False
TiOx_02_Au,10.1038/s41598-019-44607-3,TiOx,1.705978,0.2319734262803857,0,0,GRADUAL_MULTILEVEL,NOT_REPORTED,absolute,IDEALIZED_SINGLE_PAIR_GRADUAL,IDEALIZED_GRADUAL_MAPPING,32,7,127,0,2,6,203264,208,64,13312,95.63,0.6000000000000085,95.83804558730161,0.1091049061616447,95.72894068113996,0.20804558730161204,0.20804558730161204,False,LEAVE_ONE_STUDY_OUT,10.1038/s41598-019-44607-3,TiOx_02_Au,10.1038/s41598-019-44607-3,TiOx,6,6,5,False
TiOx_02_Au,10.1038/s41598-019-44607-3,TiOx,1.705978,0.2319734262803857,0,0,GRADUAL_MULTILEVEL,NOT_REPORTED,absolute,IDEALIZED_SINGLE_PAIR_GRADUAL,IDEALIZED_GRADUAL_MAPPING,256,5,31,0,2,7,203264,10,128,1280,95.58,0.6500000000000057,95.92154067460318,0.10702853863600482,95.81451213596718,0.3415406746031806,0.3415406746031806,False,LEAVE_ONE_STUDY_OUT,10.1038/s41598-019-44607-3,TiOx_02_Au,10.1038/s41598-019-44607-3,TiOx,6,6,5,False
TiOx_02_Au,10.1038/s41598-019-44607-3,TiOx,1.705978,0.2319734262803857,0,0,GRADUAL_MULTILEVEL,NOT_REPORTED,absolute,IDEALIZED_SINGLE_PAIR_GRADUAL,IDEALIZED_GRADUAL_MAPPING,32,5,31,0,2,6,203264,208,64,13312,95.48,0.75,95.75777764285714,0.09585819305092139,95.66191944980622,0.27777764285713147,0.27777764285713147,False,LEAVE_ONE_STUDY_OUT,10.1038/s41598-019-44607-3,TiOx_02_Au,10.1038/s41598-019-44607-3,TiOx,6,6,5,False
TiOx_02_Au,10.1038/s41598-019-44607-3,TiOx,1.705978,0.2319734262803857,0,0,GRADUAL_MULTILEVEL,NOT_REPORTED,absolute,IDEALIZED_SINGLE_PAIR_GRADUAL,IDEALIZED_GRADUAL_MAPPING,64,7,127,0,2,6,203264,56,64,3584,95.28,0.9500000000000028,95.41604345238096,0.11371004499858475,95.30233340738238,0.13604345238096016,0.13604345238096016,False,LEAVE_ONE_STUDY_OUT,10.1038/s41598-019-44607-3,TiOx_02_Au,10.1038/s41598-019-44607-3,TiOx,6,6,5,False
TiOx_02_Au,10.1038/s41598-019-44607-3,TiOx,1.705978,0.2319734262803857,0,0,GRADUAL_MULTILEVEL,NOT_REPORTED,absolute,IDEALIZED_SINGLE_PAIR_GRADUAL,IDEALIZED_GRADUAL_MAPPING,64,8,255,0,2,6,203264,56,64,3584,95.27,0.960000000000008,95.4148667857143,0.11016334650472552,95.30470343920958,0.14486678571429934,0.14486678571429934,False,LEAVE_ONE_STUDY_OUT,10.1038/s41598-019-44607-3,TiOx_02_Au,10.1038/s41598-019-44607-3,TiOx,6,6,5,False
TiOx_02_Au,10.1038/s41598-019-44607-3,TiOx,1.705978,0.2319734262803857,0,0,GRADUAL_MULTILEVEL,NOT_REPORTED,absolute,IDEALIZED_SINGLE_PAIR_GRADUAL,IDEALIZED_GRADUAL_MAPPING,64,6,63,0,2,6,203264,56,64,3584,95.2,1.0300000000000011,95.38600776190476,0.10819689714054016,95.27781086476422,0.18600776190476154,0.18600776190476154,False,LEAVE_ONE_STUDY_OUT,10.1038/s41598-019-44607-3,TiOx_02_Au,10.1038/s41598-019-44607-3,TiOx,6,6,5,False
TiOx_02_Au,10.1038/s41598-019-44607-3,TiOx,1.705978,0.2319734262803857,0,0,GRADUAL_MULTILEVEL,NOT_REPORTED,absolute,IDEALIZED_SINGLE_PAIR_GRADUAL,IDEALIZED_GRADUAL_MAPPING,64,5,31,0,2,6,203264,56,64,3584,95.15,1.0799999999999983,95.34367782539682,0.1108662489101516,95.23281157648667,0.19367782539681855,0.19367782539681855,False,LEAVE_ONE_STUDY_OUT,10.1038/s41598-019-44607-3,TiOx_02_Au,10.1038/s41598-019-44607-3,TiOx,6,6,5,False
TiOx_02_Au,10.1038/s41598-019-44607-3,TiOx,1.705978,0.2319734262803857,0,0,GRADUAL_MULTILEVEL,NOT_REPORTED,absolute,IDEALIZED_SINGLE_PAIR_GRADUAL,IDEALIZED_GRADUAL_MAPPING,64,4,15,0,2,6,203264,56,64,3584,95.02,1.210000000000008,95.34248182539683,0.10813490226087664,95.23434692313596,0.3224818253968351,0.3224818253968351,False,LEAVE_ONE_STUDY_OUT,10.1038/s41598-019-44607-3,TiOx_02_Au,10.1038/s41598-019-44607-3,TiOx,6,6,5,False
TiOx_02_Au,10.1038/s41598-019-44607-3,TiOx,1.705978,0.2319734262803857,0,0,GRADUAL_MULTILEVEL,NOT_REPORTED,absolute,IDEALIZED_SINGLE_PAIR_GRADUAL,IDEALIZED_GRADUAL_MAPPING,16,7,127,0,2,5,203264,800,32,25600,94.87,1.3599999999999994,95.1112244920635,0.24458544979089641,94.86663904227261,0.24122449206349472,0.24122449206349472,False,LEAVE_ONE_STUDY_OUT,10.1038/s41598-019-44607-3,TiOx_02_Au,10.1038/s41598-019-44607-3,TiOx,6,6,5,False
TiOx_02_Au,10.1038/s41598-019-44607-3,TiOx,1.705978,0.2319734262803857,0,0,GRADUAL_MULTILEVEL,NOT_REPORTED,absolute,IDEALIZED_SINGLE_PAIR_GRADUAL,IDEALIZED_GRADUAL_MAPPING,16,8,255,0,2,5,203264,800,32,25600,94.8,1.4300000000000068,95.10913282539683,0.2523913071182648,94.85674151827857,0.30913282539682996,0.30913282539682996,False,LEAVE_ONE_STUDY_OUT,10.1038/s41598-019-44607-3,TiOx_02_Au,10.1038/s41598-019-44607-3,TiOx,6,6,5,False
TiOx_02_Au,10.1038/s41598-019-44607-3,TiOx,1.705978,0.2319734262803857,0,0,GRADUAL_MULTILEVEL,NOT_REPORTED,absolute,IDEALIZED_SINGLE_PAIR_GRADUAL,IDEALIZED_GRADUAL_MAPPING,16,5,31,0,2,5,203264,800,32,25600,94.74,1.490000000000009,94.9971449920635,0.22502534000439822,94.7721196520591,0.25714499206350183,0.25714499206350183,False,LEAVE_ONE_STUDY_OUT,10.1038/s41598-019-44607-3,TiOx_02_Au,10.1038/s41598-019-44607-3,TiOx,6,6,5,False
TiOx_02_Au,10.1038/s41598-019-44607-3,TiOx,1.705978,0.2319734262803857,0,0,GRADUAL_MULTILEVEL,NOT_REPORTED,absolute,IDEALIZED_SINGLE_PAIR_GRADUAL,IDEALIZED_GRADUAL_MAPPING,16,6,63,0,2,5,203264,800,32,25600,94.72,1.5100000000000051,95.06998803968254,0.24607808687822977,94.82390995280431,0.3499880396825432,0.3499880396825432,False,LEAVE_ONE_STUDY_OUT,10.1038/s41598-019-44607-3,TiOx_02_Au,10.1038/s41598-019-44607-3,TiOx,6,6,5,False
TiOx_02_Au,10.1038/s41598-019-44607-3,TiOx,1.705978,0.2319734262803857,0,0,GRADUAL_MULTILEVEL,NOT_REPORTED,absolute,IDEALIZED_SINGLE_PAIR_GRADUAL,IDEALIZED_GRADUAL_MAPPING,16,4,15,0,2,5,203264,800,32,25600,94.63,1.6000000000000083,94.99680499206349,0.22127195119169177,94.77553304087179,0.3668049920634928,0.3668049920634928,False,LEAVE_ONE_STUDY_OUT,10.1038/s41598-019-44607-3,TiOx_02_Au,10.1038/s41598-019-44607-3,TiOx,6,6,5,False
TiOx_02_Au,10.1038/s41598-019-44607-3,TiOx,1.705978,0.2319734262803857,0,0,GRADUAL_MULTILEVEL,NOT_REPORTED,absolute,IDEALIZED_SINGLE_PAIR_GRADUAL,IDEALIZED_GRADUAL_MAPPING,128,7,127,0,2,6,203264,16,64,1024,93.8,2.430000000000007,94.45917684126984,0.15132110391543616,94.3078557373544,0.65917684126984,0.65917684126984,False,LEAVE_ONE_STUDY_OUT,10.1038/s41598-019-44607-3,TiOx_02_Au,10.1038/s41598-019-44607-3,TiOx,6,6,5,False
TiOx_02_Au,10.1038/s41598-019-44607-3,TiOx,1.705978,0.2319734262803857,0,0,GRADUAL_MULTILEVEL,NOT_REPORTED,absolute,IDEALIZED_SINGLE_PAIR_GRADUAL,IDEALIZED_GRADUAL_MAPPING,128,4,15,0,2,6,203264,16,64,1024,93.63,2.6000000000000085,94.3871475952381,0.1481337123219265,94.23901388291618,0.7571475952381093,0.7571475952381093,False,LEAVE_ONE_STUDY_OUT,10.1038/s41598-019-44607-3,TiOx_02_Au,10.1038/s41598-019-44607-3,TiOx,6,6,5,False
TiOx_02_Au,10.1038/s41598-019-44607-3,TiOx,1.705978,0.2319734262803857,0,0,GRADUAL_MULTILEVEL,NOT_REPORTED,absolute,IDEALIZED_SINGLE_PAIR_GRADUAL,IDEALIZED_GRADUAL_MAPPING,128,8,255,0,2,6,203264,16,64,1024,93.6,2.6300000000000097,94.45793984126983,0.14945318968675378,94.30848665158308,0.8579398412698396,0.8579398412698396,False,LEAVE_ONE_STUDY_OUT,10.1038/s41598-019-44607-3,TiOx_02_Au,10.1038/s41598-019-44607-3,TiOx,6,6,5,False
TiOx_02_Au,10.1038/s41598-019-44607-3,TiOx,1.705978,0.2319734262803857,0,0,GRADUAL_MULTILEVEL,NOT_REPORTED,absolute,IDEALIZED_SINGLE_PAIR_GRADUAL,IDEALIZED_GRADUAL_MAPPING,128,6,63,0,2,6,203264,16,64,1024,93.55,2.680000000000007,94.42408734126984,0.15566902949680286,94.26841831177303,0.874087341269842,0.874087341269842,False,LEAVE_ONE_STUDY_OUT,10.1038/s41598-019-44607-3,TiOx_02_Au,10.1038/s41598-019-44607-3,TiOx,6,6,5,False
TiOx_02_Au,10.1038/s41598-019-44607-3,TiOx,1.705978,0.2319734262803857,0,0,GRADUAL_MULTILEVEL,NOT_REPORTED,absolute,IDEALIZED_SINGLE_PAIR_GRADUAL,IDEALIZED_GRADUAL_MAPPING,32,8,255,0,2,5,203264,208,32,6656,93.46,2.7700000000000102,94.26312523809526,0.2755891356128737,93.98753610248238,0.8031252380952623,0.8031252380952623,False,LEAVE_ONE_STUDY_OUT,10.1038/s41598-019-44607-3,TiOx_02_Au,10.1038/s41598-019-44607-3,TiOx,6,6,5,False
TiOx_02_Au,10.1038/s41598-019-44607-3,TiOx,1.705978,0.2319734262803857,0,0,GRADUAL_MULTILEVEL,NOT_REPORTED,absolute,IDEALIZED_SINGLE_PAIR_GRADUAL,IDEALIZED_GRADUAL_MAPPING,128,5,31,0,2,6,203264,16,64,1024,93.45,2.780000000000001,94.38629426190477,0.151330777266566,94.2349634846382,0.936294261904763,0.936294261904763,False,LEAVE_ONE_STUDY_OUT,10.1038/s41598-019-44607-3,TiOx_02_Au,10.1038/s41598-019-44607-3,TiOx,6,6,5,False
TiOx_02_Au,10.1038/s41598-019-44607-3,TiOx,1.705978,0.2319734262803857,0,0,GRADUAL_MULTILEVEL,NOT_REPORTED,absolute,IDEALIZED_SINGLE_PAIR_GRADUAL,IDEALIZED_GRADUAL_MAPPING,32,6,63,0,2,5,203264,208,32,6656,93.45,2.780000000000001,94.23686214285715,0.2693795984617177,93.96748254439544,0.7868621428571458,0.7868621428571458,False,LEAVE_ONE_STUDY_OUT,10.1038/s41598-019-44607-3,TiOx_02_Au,10.1038/s41598-019-44607-3,TiOx,6,6,5,False
TiOx_02_Au,10.1038/s41598-019-44607-3,TiOx,1.705978,0.2319734262803857,0,0,GRADUAL_MULTILEVEL,NOT_REPORTED,absolute,IDEALIZED_SINGLE_PAIR_GRADUAL,IDEALIZED_GRADUAL_MAPPING,32,7,127,0,2,5,203264,208,32,6656,93.44,2.7900000000000063,94.2675929047619,0.27111634717326666,93.99647655758864,0.8275929047619002,0.8275929047619002,False,LEAVE_ONE_STUDY_OUT,10.1038/s41598-019-44607-3,TiOx_02_Au,10.1038/s41598-019-44607-3,TiOx,6,6,5,False
TiOx_02_Au,10.1038/s41598-019-44607-3,TiOx,1.705978,0.2319734262803857,0,0,GRADUAL_MULTILEVEL,NOT_REPORTED,absolute,IDEALIZED_SINGLE_PAIR_GRADUAL,IDEALIZED_GRADUAL_MAPPING,32,5,31,0,2,5,203264,208,32,6656,93.39,2.8400000000000034,94.19765940476192,0.2752746389032768,93.92238476585864,0.807659404761921,0.807659404761921,False,LEAVE_ONE_STUDY_OUT,10.1038/s41598-019-44607-3,TiOx_02_Au,10.1038/s41598-019-44607-3,TiOx,6,6,5,False
TiOx_02_Au,10.1038/s41598-019-44607-3,TiOx,1.705978,0.2319734262803857,0,0,GRADUAL_MULTILEVEL,NOT_REPORTED,absolute,IDEALIZED_SINGLE_PAIR_GRADUAL,IDEALIZED_GRADUAL_MAPPING,256,6,63,0,2,6,203264,10,64,640,93.14,3.0900000000000034,93.91068297619047,0.14829877130116592,93.7623842048893,0.7706829761904714,0.7706829761904714,False,LEAVE_ONE_STUDY_OUT,10.1038/s41598-019-44607-3,TiOx_02_Au,10.1038/s41598-019-44607-3,TiOx,6,6,5,False
TiOx_02_Au,10.1038/s41598-019-44607-3,TiOx,1.705978,0.2319734262803857,0,0,GRADUAL_MULTILEVEL,NOT_REPORTED,absolute,IDEALIZED_SINGLE_PAIR_GRADUAL,IDEALIZED_GRADUAL_MAPPING,256,8,255,0,2,6,203264,10,64,640,93.1,3.1300000000000097,93.93440304761906,0.14820729481870115,93.78619575280035,0.8344030476190625,0.8344030476190625,False,LEAVE_ONE_STUDY_OUT,10.1038/s41598-019-44607-3,TiOx_02_Au,10.1038/s41598-019-44607-3,TiOx,6,6,5,False
TiOx_02_Au,10.1038/s41598-019-44607-3,TiOx,1.705978,0.2319734262803857,0,0,GRADUAL_MULTILEVEL,NOT_REPORTED,absolute,IDEALIZED_SINGLE_PAIR_GRADUAL,IDEALIZED_GRADUAL_MAPPING,32,4,15,0,2,5,203264,208,32,6656,93.03,3.200000000000003,94.19490607142859,0.2768552655796425,93.91805080584895,1.1649060714285895,1.1649060714285895,False,LEAVE_ONE_STUDY_OUT,10.1038/s41598-019-44607-3,TiOx_02_Au,10.1038/s41598-019-44607-3,TiOx,6,6,5,False
TiOx_02_Au,10.1038/s41598-019-44607-3,TiOx,1.705978,0.2319734262803857,0,0,GRADUAL_MULTILEVEL,NOT_REPORTED,absolute,IDEALIZED_SINGLE_PAIR_GRADUAL,IDEALIZED_GRADUAL_MAPPING,256,7,127,0,2,6,203264,10,64,640,92.94,3.2900000000000063,93.93564004761905,0.15435364750782105,93.78128640011123,0.9956400476190481,0.9956400476190481,False,LEAVE_ONE_STUDY_OUT,10.1038/s41598-019-44607-3,TiOx_02_Au,10.1038/s41598-019-44607-3,TiOx,6,6,5,False
TiOx_02_Au,10.1038/s41598-019-44607-3,TiOx,1.705978,0.2319734262803857,0,0,GRADUAL_MULTILEVEL,NOT_REPORTED,absolute,IDEALIZED_SINGLE_PAIR_GRADUAL,IDEALIZED_GRADUAL_MAPPING,256,4,15,0,2,6,203264,10,64,640,92.89,3.3400000000000034,93.88254347619048,0.14392574006299907,93.73861773612748,0.9925434761904768,0.9925434761904768,False,LEAVE_ONE_STUDY_OUT,10.1038/s41598-019-44607-3,TiOx_02_Au,10.1038/s41598-019-44607-3,TiOx,6,6,5,False
TiOx_02_Au,10.1038/s41598-019-44607-3,TiOx,1.705978,0.2319734262803857,0,0,GRADUAL_MULTILEVEL,NOT_REPORTED,absolute,IDEALIZED_SINGLE_PAIR_GRADUAL,IDEALIZED_GRADUAL_MAPPING,256,5,31,0,2,6,203264,10,64,640,92.65,3.5799999999999983,93.88169014285714,0.14425362806855627,93.73743651478858,1.2316901428571327,1.2316901428571327,False,LEAVE_ONE_STUDY_OUT,10.1038/s41598-019-44607-3,TiOx_02_Au,10.1038/s41598-019-44607-3,TiOx,6,6,5,False
TiOx_02_Au,10.1038/s41598-019-44607-3,TiOx,1.705978,0.2319734262803857,0,0,GRADUAL_MULTILEVEL,NOT_REPORTED,absolute,IDEALIZED_SINGLE_PAIR_GRADUAL,IDEALIZED_GRADUAL_MAPPING,32,3,7,0,2,10,203264,208,1024,212992,92.28,3.950000000000003,92.22317584920636,0.01215732270486335,92.21101852650149,-0.05682415079364489,0.05682415079364489,False,LEAVE_ONE_STUDY_OUT,10.1038/s41598-019-44607-3,TiOx_02_Au,10.1038/s41598-019-44607-3,TiOx,6,6,5,False
TiOx_02_Au,10.1038/s41598-019-44607-3,TiOx,1.705978,0.2319734262803857,0,0,GRADUAL_MULTILEVEL,NOT_REPORTED,absolute,IDEALIZED_SINGLE_PAIR_GRADUAL,IDEALIZED_GRADUAL_MAPPING,64,3,7,0,2,10,203264,56,1024,57344,92.26,3.969999999999999,92.22322494444444,0.01948066540088323,92.20374427904356,-0.03677505555556593,0.03677505555556593,False,LEAVE_ONE_STUDY_OUT,10.1038/s41598-019-44607-3,TiOx_02_Au,10.1038/s41598-019-44607-3,TiOx,6,6,5,False
TiOx_02_Au,10.1038/s41598-019-44607-3,TiOx,1.705978,0.2319734262803857,0,0,GRADUAL_MULTILEVEL,NOT_REPORTED,absolute,IDEALIZED_SINGLE_PAIR_GRADUAL,IDEALIZED_GRADUAL_MAPPING,16,3,7,0,2,10,203264,800,1024,819200,92.26,3.969999999999999,92.2212618968254,0.011982064699969873,92.20927983212543,-0.038738103174608796,0.038738103174608796,False,LEAVE_ONE_STUDY_OUT,10.1038/s41598-019-44607-3,TiOx_02_Au,10.1038/s41598-019-44607-3,TiOx,6,6,5,False
TiOx_02_Au,10.1038/s41598-019-44607-3,TiOx,1.705978,0.2319734262803857,0,0,GRADUAL_MULTILEVEL,NOT_REPORTED,absolute,IDEALIZED_SINGLE_PAIR_GRADUAL,IDEALIZED_GRADUAL_MAPPING,64,3,7,0,2,8,203264,56,256,14336,92.26,3.969999999999999,92.03711985714286,0.07458729626507066,91.96253256087779,-0.22288014285715008,0.22288014285715008,False,LEAVE_ONE_STUDY_OUT,10.1038/s41598-019-44607-3,TiOx_02_Au,10.1038/s41598-019-44607-3,TiOx,6,6,5,False
TiOx_02_Au,10.1038/s41598-019-44607-3,TiOx,1.705978,0.2319734262803857,0,0,GRADUAL_MULTILEVEL,NOT_REPORTED,absolute,IDEALIZED_SINGLE_PAIR_GRADUAL,IDEALIZED_GRADUAL_MAPPING,16,3,7,0,2,9,203264,800,512,409600,92.26,3.969999999999999,92.2105190952381,0.031276048285163706,92.17924304695293,-0.04948090476190714,0.04948090476190714,False,LEAVE_ONE_STUDY_OUT,10.1038/s41598-019-44607-3,TiOx_02_Au,10.1038/s41598-019-44607-3,TiOx,6,6,5,False
TiOx_02_Au,10.1038/s41598-019-44607-3,TiOx,1.705978,0.2319734262803857,0,0,GRADUAL_MULTILEVEL,NOT_REPORTED,absolute,IDEALIZED_SINGLE_PAIR_GRADUAL,IDEALIZED_GRADUAL_MAPPING,256,3,7,0,2,10,203264,10,1024,10240,92.24,3.990000000000009,92.20594283333334,0.06027946964439952,92.14566336368894,-0.03405716666665626,0.03405716666665626,False,LEAVE_ONE_STUDY_OUT,10.1038/s41598-019-44607-3,TiOx_02_Au,10.1038/s41598-019-44607-3,TiOx,6,6,5,False
TiOx_02_Au,10.1038/s41598-019-44607-3,TiOx,1.705978,0.2319734262803857,0,0,GRADUAL_MULTILEVEL,NOT_REPORTED,absolute,IDEALIZED_SINGLE_PAIR_GRADUAL,IDEALIZED_GRADUAL_MAPPING,256,3,7,0,2,9,203264,10,512,5120,92.24,3.990000000000009,92.1828835,0.06655640059525884,92.11632709940474,-0.05711649999999224,0.05711649999999224,False,LEAVE_ONE_STUDY_OUT,10.1038/s41598-019-44607-3,TiOx_02_Au,10.1038/s41598-019-44607-3,TiOx,6,6,5,False
TiOx_02_Au,10.1038/s41598-019-44607-3,TiOx,1.705978,0.2319734262803857,0,0,GRADUAL_MULTILEVEL,NOT_REPORTED,absolute,IDEALIZED_SINGLE_PAIR_GRADUAL,IDEALIZED_GRADUAL_MAPPING,128,3,7,0,2,10,203264,16,1024,16384,92.23,4.0,92.19689461904761,0.05540017146468322,92.14149444758293,-0.03310538095239224,0.03310538095239224,False,LEAVE_ONE_STUDY_OUT,10.1038/s41598-019-44607-3,TiOx_02_Au,10.1038/s41598-019-44607-3,TiOx,6,6,5,False
TiOx_02_Au,10.1038/s41598-019-44607-3,TiOx,1.705978,0.2319734262803857,0,0,GRADUAL_MULTILEVEL,NOT_REPORTED,absolute,IDEALIZED_SINGLE_PAIR_GRADUAL,IDEALIZED_GRADUAL_MAPPING,32,3,7,0,2,9,203264,208,512,106496,92.19,4.040000000000006,92.2127638095238,0.03329145070293303,92.17947235882087,0.022763809523809186,0.022763809523809186,False,LEAVE_ONE_STUDY_OUT,10.1038/s41598-019-44607-3,TiOx_02_Au,10.1038/s41598-019-44607-3,TiOx,6,6,5,False
TiOx_02_Au,10.1038/s41598-019-44607-3,TiOx,1.705978,0.2319734262803857,0,0,GRADUAL_MULTILEVEL,NOT_REPORTED,absolute,IDEALIZED_SINGLE_PAIR_GRADUAL,IDEALIZED_GRADUAL_MAPPING,64,3,7,0,2,9,203264,56,512,28672,92.18,4.049999999999997,92.20960292857143,0.042890821135638024,92.16671210743579,0.029602928571421216,0.029602928571421216,False,LEAVE_ONE_STUDY_OUT,10.1038/s41598-019-44607-3,TiOx_02_Au,10.1038/s41598-019-44607-3,TiOx,6,6,5,False
TiOx_02_Au,10.1038/s41598-019-44607-3,TiOx,1.705978,0.2319734262803857,0,0,GRADUAL_MULTILEVEL,NOT_REPORTED,absolute,IDEALIZED_SINGLE_PAIR_GRADUAL,IDEALIZED_GRADUAL_MAPPING,16,3,7,0,2,8,203264,800,256,204800,92.13,4.1000000000000085,92.0599864047619,0.06580705661263345,91.99417934814927,-0.0700135952380947,0.0700135952380947,False,LEAVE_ONE_STUDY_OUT,10.1038/s41598-019-44607-3,TiOx_02_Au,10.1038/s41598-019-44607-3,TiOx,6,6,5,False
TiOx_02_Au,10.1038/s41598-019-44607-3,TiOx,1.705978,0.2319734262803857,0,0,GRADUAL_MULTILEVEL,NOT_REPORTED,absolute,IDEALIZED_SINGLE_PAIR_GRADUAL,IDEALIZED_GRADUAL_MAPPING,128,3,7,0,2,8,203264,16,256,4096,92.1,4.13000000000001,91.99319630952381,0.08379932263157365,91.90939698689223,-0.10680369047618399,0.10680369047618399,False,LEAVE_ONE_STUDY_OUT,10.1038/s41598-019-44607-3,TiOx_02_Au,10.1038/s41598-019-44607-3,TiOx,6,6,5,False
TiOx_02_Au,10.1038/s41598-019-44607-3,TiOx,1.705978,0.2319734262803857,0,0,GRADUAL_MULTILEVEL,NOT_REPORTED,absolute,IDEALIZED_SINGLE_PAIR_GRADUAL,IDEALIZED_GRADUAL_MAPPING,32,3,7,0,2,8,203264,208,256,53248,92.09,4.140000000000001,92.05690507142857,0.06959602831108719,91.98730904311749,-0.033094928571429705,0.033094928571429705,False,LEAVE_ONE_STUDY_OUT,10.1038/s41598-019-44607-3,TiOx_02_Au,10.1038/s41598-019-44607-3,TiOx,6,6,5,False
TiOx_02_Au,10.1038/s41598-019-44607-3,TiOx,1.705978,0.2319734262803857,0,0,GRADUAL_MULTILEVEL,NOT_REPORTED,absolute,IDEALIZED_SINGLE_PAIR_GRADUAL,IDEALIZED_GRADUAL_MAPPING,128,3,7,0,2,9,203264,16,512,8192,92.08,4.150000000000006,92.174007,0.05955836887082161,92.11444863112918,0.09400700000000484,0.09400700000000484,False,LEAVE_ONE_STUDY_OUT,10.1038/s41598-019-44607-3,TiOx_02_Au,10.1038/s41598-019-44607-3,TiOx,6,6,5,False
TiOx_02_Au,10.1038/s41598-019-44607-3,TiOx,1.705978,0.2319734262803857,0,0,GRADUAL_MULTILEVEL,NOT_REPORTED,absolute,IDEALIZED_SINGLE_PAIR_GRADUAL,IDEALIZED_GRADUAL_MAPPING,32,3,7,0,2,7,203264,208,128,26624,92.08,4.150000000000006,91.76727703174602,0.23480804639653674,91.53246898534948,-0.31272296825397916,0.31272296825397916,False,LEAVE_ONE_STUDY_OUT,10.1038/s41598-019-44607-3,TiOx_02_Au,10.1038/s41598-019-44607-3,TiOx,6,6,5,False
TiOx_02_Au,10.1038/s41598-019-44607-3,TiOx,1.705978,0.2319734262803857,0,0,GRADUAL_MULTILEVEL,NOT_REPORTED,absolute,IDEALIZED_SINGLE_PAIR_GRADUAL,IDEALIZED_GRADUAL_MAPPING,256,3,7,0,2,8,203264,10,256,2560,92.0,4.230000000000004,91.99121926190477,0.08838803312685993,91.90283122877791,-0.008780738095225615,0.008780738095225615,False,LEAVE_ONE_STUDY_OUT,10.1038/s41598-019-44607-3,TiOx_02_Au,10.1038/s41598-019-44607-3,TiOx,6,6,5,False
TiOx_02_Au,10.1038/s41598-019-44607-3,TiOx,1.705978,0.2319734262803857,0,0,GRADUAL_MULTILEVEL,NOT_REPORTED,absolute,IDEALIZED_SINGLE_PAIR_GRADUAL,IDEALIZED_GRADUAL_MAPPING,64,3,7,0,2,7,203264,56,128,7168,91.97,4.260000000000005,91.65870517460318,0.23110952107834432,91.42759565352485,-0.3112948253968142,0.3112948253968142,False,LEAVE_ONE_STUDY_OUT,10.1038/s41598-019-44607-3,TiOx_02_Au,10.1038/s41598-019-44607-3,TiOx,6,6,5,False
TiOx_02_Au,10.1038/s41598-019-44607-3,TiOx,1.705978,0.2319734262803857,0,0,GRADUAL_MULTILEVEL,NOT_REPORTED,absolute,IDEALIZED_SINGLE_PAIR_GRADUAL,IDEALIZED_GRADUAL_MAPPING,16,3,7,0,2,7,203264,800,128,102400,91.92,4.310000000000002,91.77119826984129,0.23610691136243536,91.53509135847885,-0.14880173015870923,0.14880173015870923,False,LEAVE_ONE_STUDY_OUT,10.1038/s41598-019-44607-3,TiOx_02_Au,10.1038/s41598-019-44607-3,TiOx,6,6,5,False
TiOx_02_Au,10.1038/s41598-019-44607-3,TiOx,1.705978,0.2319734262803857,0,0,GRADUAL_MULTILEVEL,NOT_REPORTED,absolute,IDEALIZED_SINGLE_PAIR_GRADUAL,IDEALIZED_GRADUAL_MAPPING,128,3,7,0,2,7,203264,16,128,2048,91.74,4.490000000000009,91.60756874603176,0.20949127574796475,91.3980774702838,-0.1324312539682353,0.1324312539682353,False,LEAVE_ONE_STUDY_OUT,10.1038/s41598-019-44607-3,TiOx_02_Au,10.1038/s41598-019-44607-3,TiOx,6,6,5,False
TiOx_02_Au,10.1038/s41598-019-44607-3,TiOx,1.705978,0.2319734262803857,0,0,GRADUAL_MULTILEVEL,NOT_REPORTED,absolute,IDEALIZED_SINGLE_PAIR_GRADUAL,IDEALIZED_GRADUAL_MAPPING,16,3,7,0,2,6,203264,800,64,51200,91.67,4.560000000000002,90.36778876190476,1.0219804775488361,89.34580828435593,-1.3022112380952393,1.3022112380952393,False,LEAVE_ONE_STUDY_OUT,10.1038/s41598-019-44607-3,TiOx_02_Au,10.1038/s41598-019-44607-3,TiOx,6,6,5,False
TiOx_02_Au,10.1038/s41598-019-44607-3,TiOx,1.705978,0.2319734262803857,0,0,GRADUAL_MULTILEVEL,NOT_REPORTED,absolute,IDEALIZED_SINGLE_PAIR_GRADUAL,IDEALIZED_GRADUAL_MAPPING,256,3,7,0,2,7,203264,10,128,1280,91.31,4.920000000000002,91.60507974603175,0.20664451524155547,91.3984352307902,0.295079746031746,0.295079746031746,False,LEAVE_ONE_STUDY_OUT,10.1038/s41598-019-44607-3,TiOx_02_Au,10.1038/s41598-019-44607-3,TiOx,6,6,5,False
TiOx_02_Au,10.1038/s41598-019-44607-3,TiOx,1.705978,0.2319734262803857,0,0,GRADUAL_MULTILEVEL,NOT_REPORTED,absolute,IDEALIZED_SINGLE_PAIR_GRADUAL,IDEALIZED_GRADUAL_MAPPING,32,3,7,0,2,6,203264,208,64,13312,91.08,5.150000000000006,90.3170422142857,0.9961221396416519,89.32092007464405,-0.762957785714292,0.762957785714292,False,LEAVE_ONE_STUDY_OUT,10.1038/s41598-019-44607-3,TiOx_02_Au,10.1038/s41598-019-44607-3,TiOx,6,6,5,False
TiOx_02_Au,10.1038/s41598-019-44607-3,TiOx,1.705978,0.2319734262803857,0,0,GRADUAL_MULTILEVEL,NOT_REPORTED,absolute,IDEALIZED_SINGLE_PAIR_GRADUAL,IDEALIZED_GRADUAL_MAPPING,64,3,7,0,2,6,203264,56,64,3584,90.62,5.609999999999999,89.823097,0.9723231247099132,88.85077387529009,-0.7969030000000004,0.7969030000000004,False,LEAVE_ONE_STUDY_OUT,10.1038/s41598-019-44607-3,TiOx_02_Au,10.1038/s41598-019-44607-3,TiOx,6,6,5,False
TiOx_02_Au,10.1038/s41598-019-44607-3,TiOx,1.705978,0.2319734262803857,0,0,GRADUAL_MULTILEVEL,NOT_REPORTED,absolute,IDEALIZED_SINGLE_PAIR_GRADUAL,IDEALIZED_GRADUAL_MAPPING,16,3,7,0,2,5,203264,800,32,25600,90.21,6.02000000000001,84.00415811111111,4.463200799991691,79.54095731111941,-6.205841888888884,6.205841888888884,False,LEAVE_ONE_STUDY_OUT,10.1038/s41598-019-44607-3,TiOx_02_Au,10.1038/s41598-019-44607-3,TiOx,6,6,5,False
TiOx_02_Au,10.1038/s41598-019-44607-3,TiOx,1.705978,0.2319734262803857,0,0,GRADUAL_MULTILEVEL,NOT_REPORTED,absolute,IDEALIZED_SINGLE_PAIR_GRADUAL,IDEALIZED_GRADUAL_MAPPING,16,6,63,0,2,4,203264,800,16,12800,89.65,6.579999999999998,79.64031607142856,2.1421176121497685,77.49819845927878,-10.009683928571448,10.009683928571448,False,LEAVE_ONE_STUDY_OUT,10.1038/s41598-019-44607-3,TiOx_02_Au,10.1038/s41598-019-44607-3,TiOx,6,6,5,False
TiOx_02_Au,10.1038/s41598-019-44607-3,TiOx,1.705978,0.2319734262803857,0,0,GRADUAL_MULTILEVEL,NOT_REPORTED,absolute,IDEALIZED_SINGLE_PAIR_GRADUAL,IDEALIZED_GRADUAL_MAPPING,16,4,15,0,2,4,203264,800,16,12800,89.62,6.609999999999999,79.1654763968254,2.1845865566327274,76.98088984019267,-10.454523603174607,10.454523603174607,False,LEAVE_ONE_STUDY_OUT,10.1038/s41598-019-44607-3,TiOx_02_Au,10.1038/s41598-019-44607-3,TiOx,6,6,5,False
TiOx_02_Au,10.1038/s41598-019-44607-3,TiOx,1.705978,0.2319734262803857,0,0,GRADUAL_MULTILEVEL,NOT_REPORTED,absolute,IDEALIZED_SINGLE_PAIR_GRADUAL,IDEALIZED_GRADUAL_MAPPING,16,8,255,0,2,4,203264,800,16,12800,89.46,6.77000000000001,79.70011533333333,1.9694099827308178,77.7307053506025,-9.759884666666665,9.759884666666665,False,LEAVE_ONE_STUDY_OUT,10.1038/s41598-019-44607-3,TiOx_02_Au,10.1038/s41598-019-44607-3,TiOx,6,6,5,False
TiOx_02_Au,10.1038/s41598-019-44607-3,TiOx,1.705978,0.2319734262803857,0,0,GRADUAL_MULTILEVEL,NOT_REPORTED,absolute,IDEALIZED_SINGLE_PAIR_GRADUAL,IDEALIZED_GRADUAL_MAPPING,16,7,127,0,2,4,203264,800,16,12800,89.12,7.109999999999999,79.71972199999999,1.9284678388796244,77.79125416112036,-9.400278000000014,9.400278000000014,False,LEAVE_ONE_STUDY_OUT,10.1038/s41598-019-44607-3,TiOx_02_Au,10.1038/s41598-019-44607-3,TiOx,6,6,5,False
TiOx_02_Au,10.1038/s41598-019-44607-3,TiOx,1.705978,0.2319734262803857,0,0,GRADUAL_MULTILEVEL,NOT_REPORTED,absolute,IDEALIZED_SINGLE_PAIR_GRADUAL,IDEALIZED_GRADUAL_MAPPING,64,4,15,0,2,5,203264,56,32,1792,89.04,7.189999999999998,92.38933195238094,0.43220651198061455,91.95712544040033,3.349331952380936,3.349331952380936,False,LEAVE_ONE_STUDY_OUT,10.1038/s41598-019-44607-3,TiOx_02_Au,10.1038/s41598-019-44607-3,TiOx,6,6,5,False
TiOx_02_Au,10.1038/s41598-019-44607-3,TiOx,1.705978,0.2319734262803857,0,0,GRADUAL_MULTILEVEL,NOT_REPORTED,absolute,IDEALIZED_SINGLE_PAIR_GRADUAL,IDEALIZED_GRADUAL_MAPPING,128,3,7,0,2,6,203264,16,64,1024,88.87,7.359999999999999,89.26377495238094,1.0152508334300245,88.24852411895091,0.3937749523809373,0.3937749523809373,False,LEAVE_ONE_STUDY_OUT,10.1038/s41598-019-44607-3,TiOx_02_Au,10.1038/s41598-019-44607-3,TiOx,6,6,5,False
TiOx_02_Au,10.1038/s41598-019-44607-3,TiOx,1.705978,0.2319734262803857,0,0,GRADUAL_MULTILEVEL,NOT_REPORTED,absolute,IDEALIZED_SINGLE_PAIR_GRADUAL,IDEALIZED_GRADUAL_MAPPING,32,3,7,0,2,5,203264,208,32,6656,88.84,7.390000000000001,83.97355313492064,4.423117688898401,79.55043544602223,-4.866446865079368,4.866446865079368,False,LEAVE_ONE_STUDY_OUT,10.1038/s41598-019-44607-3,TiOx_02_Au,10.1038/s41598-019-44607-3,TiOx,6,6,5,False
TiOx_02_Au,10.1038/s41598-019-44607-3,TiOx,1.705978,0.2319734262803857,0,0,GRADUAL_MULTILEVEL,NOT_REPORTED,absolute,IDEALIZED_SINGLE_PAIR_GRADUAL,IDEALIZED_GRADUAL_MAPPING,16,5,31,0,2,4,203264,800,16,12800,88.35,7.88000000000001,79.17929701587302,2.204926978905785,76.97437003696723,-9.170702984126976,9.170702984126976,False,LEAVE_ONE_STUDY_OUT,10.1038/s41598-019-44607-3,TiOx_02_Au,10.1038/s41598-019-44607-3,TiOx,6,6,5,False
TiOx_02_Au,10.1038/s41598-019-44607-3,TiOx,1.705978,0.2319734262803857,0,0,GRADUAL_MULTILEVEL,NOT_REPORTED,absolute,IDEALIZED_SINGLE_PAIR_GRADUAL,IDEALIZED_GRADUAL_MAPPING,256,3,7,0,2,6,203264,10,64,640,87.94,8.290000000000006,89.23525395238096,0.9818329207484221,88.25342103163254,1.2952539523809605,1.2952539523809605,False,LEAVE_ONE_STUDY_OUT,10.1038/s41598-019-44607-3,TiOx_02_Au,10.1038/s41598-019-44607-3,TiOx,6,6,5,False
TiOx_02_Au,10.1038/s41598-019-44607-3,TiOx,1.705978,0.2319734262803857,0,0,GRADUAL_MULTILEVEL,NOT_REPORTED,absolute,IDEALIZED_SINGLE_PAIR_GRADUAL,IDEALIZED_GRADUAL_MAPPING,64,5,31,0,2,5,203264,56,32,1792,87.69,8.540000000000006,92.39071861904762,0.4342858788933537,91.95643274015427,4.7007186190476205,4.7007186190476205,False,LEAVE_ONE_STUDY_OUT,10.1038/s41598-019-44607-3,TiOx_02_Au,10.1038/s41598-019-44607-3,TiOx,6,6,5,False
TiOx_02_Au,10.1038/s41598-019-44607-3,TiOx,1.705978,0.2319734262803857,0,0,GRADUAL_MULTILEVEL,NOT_REPORTED,absolute,IDEALIZED_SINGLE_PAIR_GRADUAL,IDEALIZED_GRADUAL_MAPPING,64,6,63,0,2,5,203264,56,32,1792,87.65,8.579999999999998,92.51843752380952,0.41732722247547976,92.10111030133405,4.8684375238095186,4.8684375238095186,False,LEAVE_ONE_STUDY_OUT,10.1038/s41598-019-44607-3,TiOx_02_Au,10.1038/s41598-019-44607-3,TiOx,6,6,5,False
TiOx_02_Au,10.1038/s41598-019-44607-3,TiOx,1.705978,0.2319734262803857,0,0,GRADUAL_MULTILEVEL,NOT_REPORTED,absolute,IDEALIZED_SINGLE_PAIR_GRADUAL,IDEALIZED_GRADUAL_MAPPING,64,8,255,0,2,5,203264,56,32,1792,87.64,8.590000000000003,92.56567428571428,0.40596777701492964,92.15970650869934,4.92567428571428,4.92567428571428,False,LEAVE_ONE_STUDY_OUT,10.1038/s41598-019-44607-3,TiOx_02_Au,10.1038/s41598-019-44607-3,TiOx,6,6,5,False
TiOx_02_Au,10.1038/s41598-019-44607-3,TiOx,1.705978,0.2319734262803857,0,0,GRADUAL_MULTILEVEL,NOT_REPORTED,absolute,IDEALIZED_SINGLE_PAIR_GRADUAL,IDEALIZED_GRADUAL_MAPPING,64,7,127,0,2,5,203264,56,32,1792,87.31,8.920000000000002,92.57382328571428,0.4058666450449499,92.16795664066933,5.263823285714281,5.263823285714281,False,LEAVE_ONE_STUDY_OUT,10.1038/s41598-019-44607-3,TiOx_02_Au,10.1038/s41598-019-44607-3,TiOx,6,6,5,False
TiOx_02_Au,10.1038/s41598-019-44607-3,TiOx,1.705978,0.2319734262803857,0,0,GRADUAL_MULTILEVEL,NOT_REPORTED,absolute,IDEALIZED_SINGLE_PAIR_GRADUAL,IDEALIZED_GRADUAL_MAPPING,32,6,63,0,2,4,203264,208,16,3328,86.5,9.730000000000004,67.25193797619048,2.0297040910241093,65.22223388516636,-19.248062023809524,19.248062023809524,False,LEAVE_ONE_STUDY_OUT,10.1038/s41598-019-44607-3,TiOx_02_Au,10.1038/s41598-019-44607-3,TiOx,6,6,5,False
TiOx_02_Au,10.1038/s41598-019-44607-3,TiOx,1.705978,0.2319734262803857,0,0,GRADUAL_MULTILEVEL,NOT_REPORTED,absolute,IDEALIZED_SINGLE_PAIR_GRADUAL,IDEALIZED_GRADUAL_MAPPING,32,7,127,0,2,4,203264,208,16,3328,86.42,9.810000000000002,67.06639973809523,2.224505068800242,64.84189466929499,-19.353600261904774,19.353600261904774,False,LEAVE_ONE_STUDY_OUT,10.1038/s41598-019-44607-3,TiOx_02_Au,10.1038/s41598-019-44607-3,TiOx,6,6,5,False
TiOx_02_Au,10.1038/s41598-019-44607-3,TiOx,1.705978,0.2319734262803857,0,0,GRADUAL_MULTILEVEL,NOT_REPORTED,absolute,IDEALIZED_SINGLE_PAIR_GRADUAL,IDEALIZED_GRADUAL_MAPPING,32,8,255,0,2,4,203264,208,16,3328,86.26,9.97,67.06219307142857,2.0875188769477617,64.9746741944808,-19.19780692857144,19.19780692857144,False,LEAVE_ONE_STUDY_OUT,10.1038/s41598-019-44607-3,TiOx_02_Au,10.1038/s41598-019-44607-3,TiOx,6,6,5,False
TiOx_02_Au,10.1038/s41598-019-44607-3,TiOx,1.705978,0.2319734262803857,0,0,GRADUAL_MULTILEVEL,NOT_REPORTED,absolute,IDEALIZED_SINGLE_PAIR_GRADUAL,IDEALIZED_GRADUAL_MAPPING,32,4,15,0,2,4,203264,208,16,3328,85.93,10.299999999999995,68.39156745238094,2.1589661136887903,66.23260133869215,-17.538432547619067,17.538432547619067,False,LEAVE_ONE_STUDY_OUT,10.1038/s41598-019-44607-3,TiOx_02_Au,10.1038/s41598-019-44607-3,TiOx,6,6,5,False
TiOx_02_Au,10.1038/s41598-019-44607-3,TiOx,1.705978,0.2319734262803857,0,0,GRADUAL_MULTILEVEL,NOT_REPORTED,absolute,IDEALIZED_SINGLE_PAIR_GRADUAL,IDEALIZED_GRADUAL_MAPPING,32,5,31,0,2,4,203264,208,16,3328,84.04,12.189999999999998,67.67802054761903,2.2208314013833768,65.45718914623565,-16.36197945238098,16.36197945238098,False,LEAVE_ONE_STUDY_OUT,10.1038/s41598-019-44607-3,TiOx_02_Au,10.1038/s41598-019-44607-3,TiOx,6,6,5,False
TiOx_02_Au,10.1038/s41598-019-44607-3,TiOx,1.705978,0.2319734262803857,0,0,GRADUAL_MULTILEVEL,NOT_REPORTED,absolute,IDEALIZED_SINGLE_PAIR_GRADUAL,IDEALIZED_GRADUAL_MAPPING,64,3,7,0,2,5,203264,56,32,1792,83.62,12.61,82.56399865873016,4.561530140319375,78.00246851841078,-1.0560013412698481,1.0560013412698481,False,LEAVE_ONE_STUDY_OUT,10.1038/s41598-019-44607-3,TiOx_02_Au,10.1038/s41598-019-44607-3,TiOx,6,6,5,False
TiOx_02_Au,10.1038/s41598-019-44607-3,TiOx,1.705978,0.2319734262803857,0,0,GRADUAL_MULTILEVEL,NOT_REPORTED,absolute,IDEALIZED_SINGLE_PAIR_GRADUAL,IDEALIZED_GRADUAL_MAPPING,16,3,7,0,2,4,203264,800,16,12800,81.53,14.700000000000005,79.13497106349206,2.225267255333501,76.90970380815855,-2.3950289365079414,2.3950289365079414,False,LEAVE_ONE_STUDY_OUT,10.1038/s41598-019-44607-3,TiOx_02_Au,10.1038/s41598-019-44607-3,TiOx,6,6,5,False
TiOx_02_Au,10.1038/s41598-019-44607-3,TiOx,1.705978,0.2319734262803857,0,0,GRADUAL_MULTILEVEL,NOT_REPORTED,absolute,IDEALIZED_SINGLE_PAIR_GRADUAL,IDEALIZED_GRADUAL_MAPPING,64,6,63,0,2,4,203264,56,16,896,74.64,21.590000000000003,54.99265412698413,2.101327314703189,52.89132681228094,-19.647345873015873,19.647345873015873,False,LEAVE_ONE_STUDY_OUT,10.1038/s41598-019-44607-3,TiOx_02_Au,10.1038/s41598-019-44607-3,TiOx,6,6,5,False
TiOx_02_Au,10.1038/s41598-019-44607-3,TiOx,1.705978,0.2319734262803857,0,0,GRADUAL_MULTILEVEL,NOT_REPORTED,absolute,IDEALIZED_SINGLE_PAIR_GRADUAL,IDEALIZED_GRADUAL_MAPPING,64,8,255,0,2,4,203264,56,16,896,74.49,21.74000000000001,55.304601079365085,2.1226076490389447,53.18199343032614,-19.18539892063491,19.18539892063491,False,LEAVE_ONE_STUDY_OUT,10.1038/s41598-019-44607-3,TiOx_02_Au,10.1038/s41598-019-44607-3,TiOx,6,6,5,False
TiOx_02_Au,10.1038/s41598-019-44607-3,TiOx,1.705978,0.2319734262803857,0,0,GRADUAL_MULTILEVEL,NOT_REPORTED,absolute,IDEALIZED_SINGLE_PAIR_GRADUAL,IDEALIZED_GRADUAL_MAPPING,64,7,127,0,2,4,203264,56,16,896,74.38,21.85000000000001,55.289201079365085,2.096593809749293,53.19260726961579,-19.09079892063491,19.09079892063491,False,LEAVE_ONE_STUDY_OUT,10.1038/s41598-019-44607-3,TiOx_02_Au,10.1038/s41598-019-44607-3,TiOx,6,6,5,False
TiOx_02_Au,10.1038/s41598-019-44607-3,TiOx,1.705978,0.2319734262803857,0,0,GRADUAL_MULTILEVEL,NOT_REPORTED,absolute,IDEALIZED_SINGLE_PAIR_GRADUAL,IDEALIZED_GRADUAL_MAPPING,64,4,15,0,2,4,203264,56,16,896,73.73,22.5,54.228144484126986,2.282076687541587,51.946067796585396,-19.501855515873018,19.501855515873018,False,LEAVE_ONE_STUDY_OUT,10.1038/s41598-019-44607-3,TiOx_02_Au,10.1038/s41598-019-44607-3,TiOx,6,6,5,False
TiOx_02_Au,10.1038/s41598-019-44607-3,TiOx,1.705978,0.2319734262803857,0,0,GRADUAL_MULTILEVEL,NOT_REPORTED,absolute,IDEALIZED_SINGLE_PAIR_GRADUAL,IDEALIZED_GRADUAL_MAPPING,64,5,31,0,2,4,203264,56,16,896,73.49,22.74000000000001,54.741049650793656,2.1486766598853326,52.59237299090832,-18.74895034920634,18.74895034920634,False,LEAVE_ONE_STUDY_OUT,10.1038/s41598-019-44607-3,TiOx_02_Au,10.1038/s41598-019-44607-3,TiOx,6,6,5,False
TiOx_02_Au,10.1038/s41598-019-44607-3,TiOx,1.705978,0.2319734262803857,0,0,GRADUAL_MULTILEVEL,NOT_REPORTED,absolute,IDEALIZED_SINGLE_PAIR_GRADUAL,IDEALIZED_GRADUAL_MAPPING,128,4,15,0,2,5,203264,16,32,512,72.97,23.260000000000005,88.97674117460318,0.8255719099319848,88.1511692646712,16.006741174603178,16.006741174603178,False,LEAVE_ONE_STUDY_OUT,10.1038/s41598-019-44607-3,TiOx_02_Au,10.1038/s41598-019-44607-3,TiOx,6,6,5,False
TiOx_02_Au,10.1038/s41598-019-44607-3,TiOx,1.705978,0.2319734262803857,0,0,GRADUAL_MULTILEVEL,NOT_REPORTED,absolute,IDEALIZED_SINGLE_PAIR_GRADUAL,IDEALIZED_GRADUAL_MAPPING,32,3,7,0,2,4,203264,208,16,3328,72.78,23.450000000000003,68.36106211904759,2.0449669840102094,66.31609513503737,-4.418937880952413,4.418937880952413,False,LEAVE_ONE_STUDY_OUT,10.1038/s41598-019-44607-3,TiOx_02_Au,10.1038/s41598-019-44607-3,TiOx,6,6,5,False
TiOx_02_Au,10.1038/s41598-019-44607-3,TiOx,1.705978,0.2319734262803857,0,0,GRADUAL_MULTILEVEL,NOT_REPORTED,absolute,IDEALIZED_SINGLE_PAIR_GRADUAL,IDEALIZED_GRADUAL_MAPPING,128,3,7,0,2,5,203264,16,32,512,72.44,23.790000000000006,79.22782165873016,5.210345286206273,74.01747637252389,6.7878216587301665,6.7878216587301665,False,LEAVE_ONE_STUDY_OUT,10.1038/s41598-019-44607-3,TiOx_02_Au,10.1038/s41598-019-44607-3,TiOx,6,6,5,False
TiOx_02_Au,10.1038/s41598-019-44607-3,TiOx,1.705978,0.2319734262803857,0,0,GRADUAL_MULTILEVEL,NOT_REPORTED,absolute,IDEALIZED_SINGLE_PAIR_GRADUAL,IDEALIZED_GRADUAL_MAPPING,256,6,63,0,2,5,203264,10,32,320,69.78,26.450000000000003,83.88720642857143,1.08752588533741,82.79968054323402,14.10720642857143,14.10720642857143,False,LEAVE_ONE_STUDY_OUT,10.1038/s41598-019-44607-3,TiOx_02_Au,10.1038/s41598-019-44607-3,TiOx,6,6,5,False
TiOx_02_Au,10.1038/s41598-019-44607-3,TiOx,1.705978,0.2319734262803857,0,0,GRADUAL_MULTILEVEL,NOT_REPORTED,absolute,IDEALIZED_SINGLE_PAIR_GRADUAL,IDEALIZED_GRADUAL_MAPPING,256,4,15,0,2,5,203264,10,32,320,69.35,26.88000000000001,83.89380911904763,1.0935302583119815,82.80027886073565,14.543809119047637,14.543809119047637,False,LEAVE_ONE_STUDY_OUT,10.1038/s41598-019-44607-3,TiOx_02_Au,10.1038/s41598-019-44607-3,TiOx,6,6,5,False
TiOx_02_Au,10.1038/s41598-019-44607-3,TiOx,1.705978,0.2319734262803857,0,0,GRADUAL_MULTILEVEL,NOT_REPORTED,absolute,IDEALIZED_SINGLE_PAIR_GRADUAL,IDEALIZED_GRADUAL_MAPPING,256,8,255,0,2,5,203264,10,32,320,68.97,27.260000000000005,83.89728349999999,1.0660303020673254,82.83125319793265,14.927283499999987,14.927283499999987,False,LEAVE_ONE_STUDY_OUT,10.1038/s41598-019-44607-3,TiOx_02_Au,10.1038/s41598-019-44607-3,TiOx,6,6,5,False
TiOx_02_Au,10.1038/s41598-019-44607-3,TiOx,1.705978,0.2319734262803857,0,0,GRADUAL_MULTILEVEL,NOT_REPORTED,absolute,IDEALIZED_SINGLE_PAIR_GRADUAL,IDEALIZED_GRADUAL_MAPPING,256,7,127,0,2,5,203264,10,32,320,68.8,27.430000000000007,83.90419683333332,1.0876507446820338,82.81654608865128,15.104196833333319,15.104196833333319,False,LEAVE_ONE_STUDY_OUT,10.1038/s41598-019-44607-3,TiOx_02_Au,10.1038/s41598-019-44607-3,TiOx,6,6,5,False
TiOx_02_Au,10.1038/s41598-019-44607-3,TiOx,1.705978,0.2319734262803857,0,0,GRADUAL_MULTILEVEL,NOT_REPORTED,absolute,IDEALIZED_SINGLE_PAIR_GRADUAL,IDEALIZED_GRADUAL_MAPPING,256,3,7,0,2,5,203264,10,32,320,68.68,27.55,79.15652932539682,5.121232556451703,74.03529676894512,10.476529325396811,10.476529325396811,False,LEAVE_ONE_STUDY_OUT,10.1038/s41598-019-44607-3,TiOx_02_Au,10.1038/s41598-019-44607-3,TiOx,6,6,5,False
TiOx_02_Au,10.1038/s41598-019-44607-3,TiOx,1.705978,0.2319734262803857,0,0,GRADUAL_MULTILEVEL,NOT_REPORTED,absolute,IDEALIZED_SINGLE_PAIR_GRADUAL,IDEALIZED_GRADUAL_MAPPING,128,6,63,0,2,5,203264,16,32,512,68.62,27.61,89.03961998412699,0.9378195302108172,88.10180045391617,20.41961998412698,20.41961998412698,False,LEAVE_ONE_STUDY_OUT,10.1038/s41598-019-44607-3,TiOx_02_Au,10.1038/s41598-019-44607-3,TiOx,6,6,5,False
TiOx_02_Au,10.1038/s41598-019-44607-3,TiOx,1.705978,0.2319734262803857,0,0,GRADUAL_MULTILEVEL,NOT_REPORTED,absolute,IDEALIZED_SINGLE_PAIR_GRADUAL,IDEALIZED_GRADUAL_MAPPING,256,5,31,0,2,5,203264,10,32,320,68.04,28.19,83.8736707857143,1.0696304635341003,82.8040403221802,15.83367078571429,15.83367078571429,False,LEAVE_ONE_STUDY_OUT,10.1038/s41598-019-44607-3,TiOx_02_Au,10.1038/s41598-019-44607-3,TiOx,6,6,5,False
TiOx_02_Au,10.1038/s41598-019-44607-3,TiOx,1.705978,0.2319734262803857,0,0,GRADUAL_MULTILEVEL,NOT_REPORTED,absolute,IDEALIZED_SINGLE_PAIR_GRADUAL,IDEALIZED_GRADUAL_MAPPING,128,8,255,0,2,5,203264,16,32,512,67.92,28.31,89.07921555555556,0.9654162533436765,88.11379930221189,21.159215555555562,21.159215555555562,False,LEAVE_ONE_STUDY_OUT,10.1038/s41598-019-44607-3,TiOx_02_Au,10.1038/s41598-019-44607-3,TiOx,6,6,5,False
TiOx_02_Au,10.1038/s41598-019-44607-3,TiOx,1.705978,0.2319734262803857,0,0,GRADUAL_MULTILEVEL,NOT_REPORTED,absolute,IDEALIZED_SINGLE_PAIR_GRADUAL,IDEALIZED_GRADUAL_MAPPING,128,5,31,0,2,5,203264,16,32,512,67.45,28.78,88.95660284126984,0.913785373537719,88.04281746773212,21.50660284126984,21.50660284126984,False,LEAVE_ONE_STUDY_OUT,10.1038/s41598-019-44607-3,TiOx_02_Au,10.1038/s41598-019-44607-3,TiOx,6,6,5,False
TiOx_02_Au,10.1038/s41598-019-44607-3,TiOx,1.705978,0.2319734262803857,0,0,GRADUAL_MULTILEVEL,NOT_REPORTED,absolute,IDEALIZED_SINGLE_PAIR_GRADUAL,IDEALIZED_GRADUAL_MAPPING,128,7,127,0,2,5,203264,16,32,512,67.27,28.960000000000008,89.0901968888889,0.962134873125934,88.12806201576296,21.8201968888889,21.8201968888889,False,LEAVE_ONE_STUDY_OUT,10.1038/s41598-019-44607-3,TiOx_02_Au,10.1038/s41598-019-44607-3,TiOx,6,6,5,False
TiOx_02_Au,10.1038/s41598-019-44607-3,TiOx,1.705978,0.2319734262803857,0,0,GRADUAL_MULTILEVEL,NOT_REPORTED,absolute,IDEALIZED_SINGLE_PAIR_GRADUAL,IDEALIZED_GRADUAL_MAPPING,64,3,7,0,2,4,203264,56,16,896,58.38,37.85,54.23852448412699,2.2297090484626594,52.00881543566433,-4.141475515873012,4.141475515873012,False,LEAVE_ONE_STUDY_OUT,10.1038/s41598-019-44607-3,TiOx_02_Au,10.1038/s41598-019-44607-3,TiOx,6,6,5,False
TiOx_02_Au,10.1038/s41598-019-44607-3,TiOx,1.705978,0.2319734262803857,0,0,GRADUAL_MULTILEVEL,NOT_REPORTED,absolute,IDEALIZED_SINGLE_PAIR_GRADUAL,IDEALIZED_GRADUAL_MAPPING,128,8,255,0,2,4,203264,16,16,256,54.83,41.400000000000006,40.419075904761904,1.1692915111669446,39.24978439359496,-14.410924095238094,14.410924095238094,False,LEAVE_ONE_STUDY_OUT,10.1038/s41598-019-44607-3,TiOx_02_Au,10.1038/s41598-019-44607-3,TiOx,6,6,5,False
TiOx_02_Au,10.1038/s41598-019-44607-3,TiOx,1.705978,0.2319734262803857,0,0,GRADUAL_MULTILEVEL,NOT_REPORTED,absolute,IDEALIZED_SINGLE_PAIR_GRADUAL,IDEALIZED_GRADUAL_MAPPING,128,4,15,0,2,4,203264,16,16,256,54.43,41.8,39.91312838095238,1.2123666936401023,38.70076168731228,-14.51687161904762,14.51687161904762,False,LEAVE_ONE_STUDY_OUT,10.1038/s41598-019-44607-3,TiOx_02_Au,10.1038/s41598-019-44607-3,TiOx,6,6,5,False
TiOx_02_Au,10.1038/s41598-019-44607-3,TiOx,1.705978,0.2319734262803857,0,0,GRADUAL_MULTILEVEL,NOT_REPORTED,absolute,IDEALIZED_SINGLE_PAIR_GRADUAL,IDEALIZED_GRADUAL_MAPPING,128,7,127,0,2,4,203264,16,16,256,54.39,41.84,40.39828904761905,1.2674618199814123,39.13082722763764,-13.991710952380949,13.991710952380949,False,LEAVE_ONE_STUDY_OUT,10.1038/s41598-019-44607-3,TiOx_02_Au,10.1038/s41598-019-44607-3,TiOx,6,6,5,False
TiOx_02_Au,10.1038/s41598-019-44607-3,TiOx,1.705978,0.2319734262803857,0,0,GRADUAL_MULTILEVEL,NOT_REPORTED,absolute,IDEALIZED_SINGLE_PAIR_GRADUAL,IDEALIZED_GRADUAL_MAPPING,128,5,31,0,2,4,203264,16,16,256,54.17,42.06,39.961150714285715,1.2462363555862448,38.71491435869947,-14.208849285714287,14.208849285714287,False,LEAVE_ONE_STUDY_OUT,10.1038/s41598-019-44607-3,TiOx_02_Au,10.1038/s41598-019-44607-3,TiOx,6,6,5,False
TiOx_02_Au,10.1038/s41598-019-44607-3,TiOx,1.705978,0.2319734262803857,0,0,GRADUAL_MULTILEVEL,NOT_REPORTED,absolute,IDEALIZED_SINGLE_PAIR_GRADUAL,IDEALIZED_GRADUAL_MAPPING,128,6,63,0,2,4,203264,16,16,256,53.92,42.31,40.168571285714286,1.3537135996069745,38.81485768610731,-13.751428714285716,13.751428714285716,False,LEAVE_ONE_STUDY_OUT,10.1038/s41598-019-44607-3,TiOx_02_Au,10.1038/s41598-019-44607-3,TiOx,6,6,5,False
TiOx_02_Au,10.1038/s41598-019-44607-3,TiOx,1.705978,0.2319734262803857,0,0,GRADUAL_MULTILEVEL,NOT_REPORTED,absolute,IDEALIZED_SINGLE_PAIR_GRADUAL,IDEALIZED_GRADUAL_MAPPING,128,3,7,0,2,4,203264,16,16,256,44.4,51.830000000000005,39.92350838095238,1.2374719058204742,38.6860364751319,-4.476491619047621,4.476491619047621,False,LEAVE_ONE_STUDY_OUT,10.1038/s41598-019-44607-3,TiOx_02_Au,10.1038/s41598-019-44607-3,TiOx,6,6,5,False
TiOx_02_Au,10.1038/s41598-019-44607-3,TiOx,1.705978,0.2319734262803857,0,0,GRADUAL_MULTILEVEL,NOT_REPORTED,absolute,IDEALIZED_SINGLE_PAIR_GRADUAL,IDEALIZED_GRADUAL_MAPPING,256,8,255,0,2,4,203264,10,16,160,42.56,53.67,32.37070751587302,0.9732216843165022,31.39748583155652,-10.18929248412698,10.18929248412698,False,LEAVE_ONE_STUDY_OUT,10.1038/s41598-019-44607-3,TiOx_02_Au,10.1038/s41598-019-44607-3,TiOx,6,6,5,False
TiOx_02_Au,10.1038/s41598-019-44607-3,TiOx,1.705978,0.2319734262803857,0,0,GRADUAL_MULTILEVEL,NOT_REPORTED,absolute,IDEALIZED_SINGLE_PAIR_GRADUAL,IDEALIZED_GRADUAL_MAPPING,256,7,127,0,2,4,203264,10,16,160,42.05,54.18000000000001,32.34992065873016,0.9225541522107807,31.427366506519384,-9.700079341269834,9.700079341269834,False,LEAVE_ONE_STUDY_OUT,10.1038/s41598-019-44607-3,TiOx_02_Au,10.1038/s41598-019-44607-3,TiOx,6,6,5,False
TiOx_02_Au,10.1038/s41598-019-44607-3,TiOx,1.705978,0.2319734262803857,0,0,GRADUAL_MULTILEVEL,NOT_REPORTED,absolute,IDEALIZED_SINGLE_PAIR_GRADUAL,IDEALIZED_GRADUAL_MAPPING,256,6,63,0,2,4,203264,10,16,160,41.7,54.53,32.273719206349206,0.8547913944105663,31.41892781193864,-9.426280793650797,9.426280793650797,False,LEAVE_ONE_STUDY_OUT,10.1038/s41598-019-44607-3,TiOx_02_Au,10.1038/s41598-019-44607-3,TiOx,6,6,5,False
TiOx_02_Au,10.1038/s41598-019-44607-3,TiOx,1.705978,0.2319734262803857,0,0,GRADUAL_MULTILEVEL,NOT_REPORTED,absolute,IDEALIZED_SINGLE_PAIR_GRADUAL,IDEALIZED_GRADUAL_MAPPING,256,4,15,0,2,4,203264,10,16,160,41.65,54.580000000000005,32.428829928571425,0.88054539590114,31.548284532670284,-9.221170071428574,9.221170071428574,False,LEAVE_ONE_STUDY_OUT,10.1038/s41598-019-44607-3,TiOx_02_Au,10.1038/s41598-019-44607-3,TiOx,6,6,5,False
TiOx_02_Au,10.1038/s41598-019-44607-3,TiOx,1.705978,0.2319734262803857,0,0,GRADUAL_MULTILEVEL,NOT_REPORTED,absolute,IDEALIZED_SINGLE_PAIR_GRADUAL,IDEALIZED_GRADUAL_MAPPING,256,5,31,0,2,4,203264,10,16,160,41.49,54.74,32.28777219047619,0.8738053586069926,31.413966831869196,-9.202227809523812,9.202227809523812,False,LEAVE_ONE_STUDY_OUT,10.1038/s41598-019-44607-3,TiOx_02_Au,10.1038/s41598-019-44607-3,TiOx,6,6,5,False
TiOx_02_Au,10.1038/s41598-019-44607-3,TiOx,1.705978,0.2319734262803857,0,0,GRADUAL_MULTILEVEL,NOT_REPORTED,absolute,IDEALIZED_SINGLE_PAIR_GRADUAL,IDEALIZED_GRADUAL_MAPPING,256,3,7,0,2,4,203264,10,16,160,35.23,61.00000000000001,32.428829928571425,0.88054539590114,31.548284532670284,-2.8011700714285723,2.8011700714285723,False,LEAVE_ONE_STUDY_OUT,10.1038/s41598-019-44607-3,TiOx_02_Au,10.1038/s41598-019-44607-3,TiOx,6,6,5,False
TiOx_02_Au,10.1038/s41598-019-44607-3,TiOx,1.705978,0.2319734262803857,0,0,GRADUAL_MULTILEVEL,NOT_REPORTED,absolute,IDEALIZED_SINGLE_PAIR_GRADUAL,IDEALIZED_GRADUAL_MAPPING,64,2,3,0,2,5,203264,56,32,1792,12.4,83.83,11.085595047619046,0.4193796072891287,10.666215440329918,-1.3144049523809542,1.3144049523809542,False,LEAVE_ONE_STUDY_OUT,10.1038/s41598-019-44607-3,TiOx_02_Au,10.1038/s41598-019-44607-3,TiOx,6,6,5,False
TiOx_02_Au,10.1038/s41598-019-44607-3,TiOx,1.705978,0.2319734262803857,0,0,GRADUAL_MULTILEVEL,NOT_REPORTED,absolute,IDEALIZED_SINGLE_PAIR_GRADUAL,IDEALIZED_GRADUAL_MAPPING,16,2,3,0,2,5,203264,800,32,25600,12.25,83.98,10.777252999999998,0.3396230614553505,10.437629938544648,-1.4727470000000018,1.4727470000000018,False,LEAVE_ONE_STUDY_OUT,10.1038/s41598-019-44607-3,TiOx_02_Au,10.1038/s41598-019-44607-3,TiOx,6,6,5,False
TiOx_02_Au,10.1038/s41598-019-44607-3,TiOx,1.705978,0.2319734262803857,0,0,GRADUAL_MULTILEVEL,NOT_REPORTED,absolute,IDEALIZED_SINGLE_PAIR_GRADUAL,IDEALIZED_GRADUAL_MAPPING,128,2,3,0,2,5,203264,16,32,512,12.22,84.01,10.09632338095238,0.5825880701050827,9.513735310847299,-2.12367661904762,2.12367661904762,False,LEAVE_ONE_STUDY_OUT,10.1038/s41598-019-44607-3,TiOx_02_Au,10.1038/s41598-019-44607-3,TiOx,6,6,5,False
TiOx_02_Au,10.1038/s41598-019-44607-3,TiOx,1.705978,0.2319734262803857,0,0,GRADUAL_MULTILEVEL,NOT_REPORTED,absolute,IDEALIZED_SINGLE_PAIR_GRADUAL,IDEALIZED_GRADUAL_MAPPING,256,2,3,0,2,7,203264,10,128,1280,12.01,84.22,10.964717300865798,0.2140747659747665,10.750642534891032,-1.0452826991342015,1.0452826991342015,False,LEAVE_ONE_STUDY_OUT,10.1038/s41598-019-44607-3,TiOx_02_Au,10.1038/s41598-019-44607-3,TiOx,6,6,5,False
TiOx_02_Au,10.1038/s41598-019-44607-3,TiOx,1.705978,0.2319734262803857,0,0,GRADUAL_MULTILEVEL,NOT_REPORTED,absolute,IDEALIZED_SINGLE_PAIR_GRADUAL,IDEALIZED_GRADUAL_MAPPING,256,2,3,0,2,5,203264,10,32,320,11.97,84.26,9.956791261904764,0.4519475053887565,9.504843756516006,-2.013208738095237,2.013208738095237,False,LEAVE_ONE_STUDY_OUT,10.1038/s41598-019-44607-3,TiOx_02_Au,10.1038/s41598-019-44607-3,TiOx,6,6,5,False
TiOx_02_Au,10.1038/s41598-019-44607-3,TiOx,1.705978,0.2319734262803857,0,0,GRADUAL_MULTILEVEL,NOT_REPORTED,absolute,IDEALIZED_SINGLE_PAIR_GRADUAL,IDEALIZED_GRADUAL_MAPPING,32,2,3,0,2,5,203264,208,32,6656,11.78,84.45,10.846854333333333,0.35628298667268926,10.490571346660644,-0.9331456666666664,0.9331456666666664,False,LEAVE_ONE_STUDY_OUT,10.1038/s41598-019-44607-3,TiOx_02_Au,10.1038/s41598-019-44607-3,TiOx,6,6,5,False
TiOx_02_Au,10.1038/s41598-019-44607-3,TiOx,1.705978,0.2319734262803857,0,0,GRADUAL_MULTILEVEL,NOT_REPORTED,absolute,IDEALIZED_SINGLE_PAIR_GRADUAL,IDEALIZED_GRADUAL_MAPPING,128,2,3,0,2,7,203264,16,128,2048,11.78,84.45,11.007120824675322,0.17414447598315377,10.832976348692169,-0.7728791753246771,0.7728791753246771,False,LEAVE_ONE_STUDY_OUT,10.1038/s41598-019-44607-3,TiOx_02_Au,10.1038/s41598-019-44607-3,TiOx,6,6,5,False
TiOx_02_Au,10.1038/s41598-019-44607-3,TiOx,1.705978,0.2319734262803857,0,0,GRADUAL_MULTILEVEL,NOT_REPORTED,absolute,IDEALIZED_SINGLE_PAIR_GRADUAL,IDEALIZED_GRADUAL_MAPPING,128,2,3,0,2,6,203264,16,64,1024,11.7,84.53,10.78715299134199,0.31542354385615473,10.471729447485837,-0.9128470086580087,0.9128470086580087,False,LEAVE_ONE_STUDY_OUT,10.1038/s41598-019-44607-3,TiOx_02_Au,10.1038/s41598-019-44607-3,TiOx,6,6,5,False
TiOx_02_Au,10.1038/s41598-019-44607-3,TiOx,1.705978,0.2319734262803857,0,0,GRADUAL_MULTILEVEL,NOT_REPORTED,absolute,IDEALIZED_SINGLE_PAIR_GRADUAL,IDEALIZED_GRADUAL_MAPPING,256,2,3,0,2,6,203264,10,64,640,11.66,84.57000000000001,10.690884943722944,0.32211576148542187,10.368769182237521,-0.9691150562770563,0.9691150562770563,False,LEAVE_ONE_STUDY_OUT,10.1038/s41598-019-44607-3,TiOx_02_Au,10.1038/s41598-019-44607-3,TiOx,6,6,5,False
TiOx_02_Au,10.1038/s41598-019-44607-3,TiOx,1.705978,0.2319734262803857,0,0,GRADUAL_MULTILEVEL,NOT_REPORTED,absolute,IDEALIZED_SINGLE_PAIR_GRADUAL,IDEALIZED_GRADUAL_MAPPING,64,2,3,0,2,7,203264,56,128,7168,11.65,84.58,11.182247404761904,0.12457780380293114,11.057669600958974,-0.4677525952380961,0.4677525952380961,False,LEAVE_ONE_STUDY_OUT,10.1038/s41598-019-44607-3,TiOx_02_Au,10.1038/s41598-019-44607-3,TiOx,6,6,5,False
TiOx_02_Au,10.1038/s41598-019-44607-3,TiOx,1.705978,0.2319734262803857,0,0,GRADUAL_MULTILEVEL,NOT_REPORTED,absolute,IDEALIZED_SINGLE_PAIR_GRADUAL,IDEALIZED_GRADUAL_MAPPING,32,2,3,0,2,7,203264,208,128,26624,11.59,84.64,11.278018634920635,0.10303829880165732,11.174980336118978,-0.31198136507936525,0.31198136507936525,False,LEAVE_ONE_STUDY_OUT,10.1038/s41598-019-44607-3,TiOx_02_Au,10.1038/s41598-019-44607-3,TiOx,6,6,5,False
TiOx_02_Au,10.1038/s41598-019-44607-3,TiOx,1.705978,0.2319734262803857,0,0,GRADUAL_MULTILEVEL,NOT_REPORTED,absolute,IDEALIZED_SINGLE_PAIR_GRADUAL,IDEALIZED_GRADUAL_MAPPING,32,2,3,0,2,8,203264,208,256,53248,11.59,84.64,11.270215658730159,0.056533993312672434,11.213681665417486,-0.3197843412698411,0.3197843412698411,False,LEAVE_ONE_STUDY_OUT,10.1038/s41598-019-44607-3,TiOx_02_Au,10.1038/s41598-019-44607-3,TiOx,6,6,5,False
TiOx_02_Au,10.1038/s41598-019-44607-3,TiOx,1.705978,0.2319734262803857,0,0,GRADUAL_MULTILEVEL,NOT_REPORTED,absolute,IDEALIZED_SINGLE_PAIR_GRADUAL,IDEALIZED_GRADUAL_MAPPING,16,2,3,0,2,7,203264,800,128,102400,11.58,84.65,11.294023301587302,0.11128385787551724,11.182739443711785,-0.2859766984126981,0.2859766984126981,False,LEAVE_ONE_STUDY_OUT,10.1038/s41598-019-44607-3,TiOx_02_Au,10.1038/s41598-019-44607-3,TiOx,6,6,5,False
TiOx_02_Au,10.1038/s41598-019-44607-3,TiOx,1.705978,0.2319734262803857,0,0,GRADUAL_MULTILEVEL,NOT_REPORTED,absolute,IDEALIZED_SINGLE_PAIR_GRADUAL,IDEALIZED_GRADUAL_MAPPING,64,2,3,0,2,8,203264,56,256,14336,11.57,84.66,11.168802714285714,0.07031059451391838,11.098492119771796,-0.4011972857142858,0.4011972857142858,False,LEAVE_ONE_STUDY_OUT,10.1038/s41598-019-44607-3,TiOx_02_Au,10.1038/s41598-019-44607-3,TiOx,6,6,5,False
TiOx_02_Au,10.1038/s41598-019-44607-3,TiOx,1.705978,0.2319734262803857,0,0,GRADUAL_MULTILEVEL,NOT_REPORTED,absolute,IDEALIZED_SINGLE_PAIR_GRADUAL,IDEALIZED_GRADUAL_MAPPING,256,2,3,0,2,8,203264,10,256,2560,11.53,84.7,11.131985150793652,0.1868291592516617,10.94515599154199,-0.3980148492063478,0.3980148492063478,False,LEAVE_ONE_STUDY_OUT,10.1038/s41598-019-44607-3,TiOx_02_Au,10.1038/s41598-019-44607-3,TiOx,6,6,5,False
TiOx_02_Au,10.1038/s41598-019-44607-3,TiOx,1.705978,0.2319734262803857,0,0,GRADUAL_MULTILEVEL,NOT_REPORTED,absolute,IDEALIZED_SINGLE_PAIR_GRADUAL,IDEALIZED_GRADUAL_MAPPING,16,2,3,0,2,8,203264,800,256,204800,11.5,84.73,11.283161134920636,0.059844685726246,11.22331644919439,-0.21683886507936379,0.21683886507936379,False,LEAVE_ONE_STUDY_OUT,10.1038/s41598-019-44607-3,TiOx_02_Au,10.1038/s41598-019-44607-3,TiOx,6,6,5,False
TiOx_02_Au,10.1038/s41598-019-44607-3,TiOx,1.705978,0.2319734262803857,0,0,GRADUAL_MULTILEVEL,NOT_REPORTED,absolute,IDEALIZED_SINGLE_PAIR_GRADUAL,IDEALIZED_GRADUAL_MAPPING,128,2,3,0,2,8,203264,16,256,4096,11.48,84.75,11.132902660894661,0.09347341223405149,11.03942924866061,-0.34709733910533913,0.34709733910533913,False,LEAVE_ONE_STUDY_OUT,10.1038/s41598-019-44607-3,TiOx_02_Au,10.1038/s41598-019-44607-3,TiOx,6,6,5,False
TiOx_02_Au,10.1038/s41598-019-44607-3,TiOx,1.705978,0.2319734262803857,0,0,GRADUAL_MULTILEVEL,NOT_REPORTED,absolute,IDEALIZED_SINGLE_PAIR_GRADUAL,IDEALIZED_GRADUAL_MAPPING,16,2,3,0,2,10,203264,800,1024,819200,11.36,84.87,11.281871682539684,0.04561192432197447,11.23625975821771,-0.07812831746031534,0.07812831746031534,False,LEAVE_ONE_STUDY_OUT,10.1038/s41598-019-44607-3,TiOx_02_Au,10.1038/s41598-019-44607-3,TiOx,6,6,5,False
TiOx_02_Au,10.1038/s41598-019-44607-3,TiOx,1.705978,0.2319734262803857,0,0,GRADUAL_MULTILEVEL,NOT_REPORTED,absolute,IDEALIZED_SINGLE_PAIR_GRADUAL,IDEALIZED_GRADUAL_MAPPING,16,2,3,0,2,6,203264,800,64,51200,11.35,84.88000000000001,11.162585563492064,0.20709053731650817,10.955495026175555,-0.187414436507936,0.187414436507936,False,LEAVE_ONE_STUDY_OUT,10.1038/s41598-019-44607-3,TiOx_02_Au,10.1038/s41598-019-44607-3,TiOx,6,6,5,False
TiOx_02_Au,10.1038/s41598-019-44607-3,TiOx,1.705978,0.2319734262803857,0,0,GRADUAL_MULTILEVEL,NOT_REPORTED,absolute,IDEALIZED_SINGLE_PAIR_GRADUAL,IDEALIZED_GRADUAL_MAPPING,128,2,3,0,2,10,203264,16,1024,16384,11.27,84.96000000000001,11.19085362914863,0.04383359318493313,11.147020035963697,-0.07914637085136889,0.07914637085136889,False,LEAVE_ONE_STUDY_OUT,10.1038/s41598-019-44607-3,TiOx_02_Au,10.1038/s41598-019-44607-3,TiOx,6,6,5,False
TiOx_02_Au,10.1038/s41598-019-44607-3,TiOx,1.705978,0.2319734262803857,0,0,GRADUAL_MULTILEVEL,NOT_REPORTED,absolute,IDEALIZED_SINGLE_PAIR_GRADUAL,IDEALIZED_GRADUAL_MAPPING,64,2,3,0,2,6,203264,56,64,3584,11.27,84.96000000000001,11.21280223015873,0.19431137966911632,11.018490850489613,-0.05719776984127023,0.05719776984127023,False,LEAVE_ONE_STUDY_OUT,10.1038/s41598-019-44607-3,TiOx_02_Au,10.1038/s41598-019-44607-3,TiOx,6,6,5,False
TiOx_02_Au,10.1038/s41598-019-44607-3,TiOx,1.705978,0.2319734262803857,0,0,GRADUAL_MULTILEVEL,NOT_REPORTED,absolute,IDEALIZED_SINGLE_PAIR_GRADUAL,IDEALIZED_GRADUAL_MAPPING,32,2,3,0,2,6,203264,208,64,13312,11.22,85.01,11.162292515873016,0.1868953594644765,10.97539715640854,-0.057707484126984454,0.057707484126984454,False,LEAVE_ONE_STUDY_OUT,10.1038/s41598-019-44607-3,TiOx_02_Au,10.1038/s41598-019-44607-3,TiOx,6,6,5,False
TiOx_02_Au,10.1038/s41598-019-44607-3,TiOx,1.705978,0.2319734262803857,0,0,GRADUAL_MULTILEVEL,NOT_REPORTED,absolute,IDEALIZED_SINGLE_PAIR_GRADUAL,IDEALIZED_GRADUAL_MAPPING,256,2,3,0,2,10,203264,10,1024,10240,11.2,85.03,11.180976119047621,0.16883374569296733,11.012142373354653,-0.01902388095237839,0.01902388095237839,False,LEAVE_ONE_STUDY_OUT,10.1038/s41598-019-44607-3,TiOx_02_Au,10.1038/s41598-019-44607-3,TiOx,6,6,5,False
TiOx_02_Au,10.1038/s41598-019-44607-3,TiOx,1.705978,0.2319734262803857,0,0,GRADUAL_MULTILEVEL,NOT_REPORTED,absolute,IDEALIZED_SINGLE_PAIR_GRADUAL,IDEALIZED_GRADUAL_MAPPING,16,2,3,0,2,9,203264,800,512,409600,11.14,85.09,11.29581384920635,0.04688867746331253,11.248925171743037,0.15581384920634989,0.15581384920634989,False,LEAVE_ONE_STUDY_OUT,10.1038/s41598-019-44607-3,TiOx_02_Au,10.1038/s41598-019-44607-3,TiOx,6,6,5,False
TiOx_02_Au,10.1038/s41598-019-44607-3,TiOx,1.705978,0.2319734262803857,0,0,GRADUAL_MULTILEVEL,NOT_REPORTED,absolute,IDEALIZED_SINGLE_PAIR_GRADUAL,IDEALIZED_GRADUAL_MAPPING,64,2,3,0,2,10,203264,56,1024,57344,11.13,85.10000000000001,11.20610892063492,0.049206869197650174,11.15690205143727,0.07610892063491903,0.07610892063491903,False,LEAVE_ONE_STUDY_OUT,10.1038/s41598-019-44607-3,TiOx_02_Au,10.1038/s41598-019-44607-3,TiOx,6,6,5,False
TiOx_02_Au,10.1038/s41598-019-44607-3,TiOx,1.705978,0.2319734262803857,0,0,GRADUAL_MULTILEVEL,NOT_REPORTED,absolute,IDEALIZED_SINGLE_PAIR_GRADUAL,IDEALIZED_GRADUAL_MAPPING,32,2,3,0,2,9,203264,208,512,106496,11.1,85.13000000000001,11.286947753968255,0.04250814906934849,11.244439604898906,0.18694775396825491,0.18694775396825491,False,LEAVE_ONE_STUDY_OUT,10.1038/s41598-019-44607-3,TiOx_02_Au,10.1038/s41598-019-44607-3,TiOx,6,6,5,False
TiOx_02_Au,10.1038/s41598-019-44607-3,TiOx,1.705978,0.2319734262803857,0,0,GRADUAL_MULTILEVEL,NOT_REPORTED,absolute,IDEALIZED_SINGLE_PAIR_GRADUAL,IDEALIZED_GRADUAL_MAPPING,64,2,3,0,2,9,203264,56,512,28672,11.1,85.13000000000001,11.209302547619046,0.05525936996548863,11.154043177653557,0.10930254761904656,0.10930254761904656,False,LEAVE_ONE_STUDY_OUT,10.1038/s41598-019-44607-3,TiOx_02_Au,10.1038/s41598-019-44607-3,TiOx,6,6,5,False
TiOx_02_Au,10.1038/s41598-019-44607-3,TiOx,1.705978,0.2319734262803857,0,0,GRADUAL_MULTILEVEL,NOT_REPORTED,absolute,IDEALIZED_SINGLE_PAIR_GRADUAL,IDEALIZED_GRADUAL_MAPPING,32,2,3,0,2,10,203264,208,1024,212992,11.09,85.14,11.273319730158727,0.037467888132912366,11.235851842025815,0.18331973015872727,0.18331973015872727,False,LEAVE_ONE_STUDY_OUT,10.1038/s41598-019-44607-3,TiOx_02_Au,10.1038/s41598-019-44607-3,TiOx,6,6,5,False
TiOx_02_Au,10.1038/s41598-019-44607-3,TiOx,1.705978,0.2319734262803857,0,0,GRADUAL_MULTILEVEL,NOT_REPORTED,absolute,IDEALIZED_SINGLE_PAIR_GRADUAL,IDEALIZED_GRADUAL_MAPPING,128,2,3,0,2,9,203264,16,512,8192,11.02,85.21000000000001,11.196238732323232,0.0530082095952851,11.143230522727947,0.17623873232323284,0.17623873232323284,False,LEAVE_ONE_STUDY_OUT,10.1038/s41598-019-44607-3,TiOx_02_Au,10.1038/s41598-019-44607-3,TiOx,6,6,5,False
TiOx_02_Au,10.1038/s41598-019-44607-3,TiOx,1.705978,0.2319734262803857,0,0,GRADUAL_MULTILEVEL,NOT_REPORTED,absolute,IDEALIZED_SINGLE_PAIR_GRADUAL,IDEALIZED_GRADUAL_MAPPING,256,2,3,0,2,9,203264,10,512,5120,10.89,85.34,11.186347555555557,0.1714600675900066,11.01488748796555,0.29634755555555614,0.29634755555555614,False,LEAVE_ONE_STUDY_OUT,10.1038/s41598-019-44607-3,TiOx_02_Au,10.1038/s41598-019-44607-3,TiOx,6,6,5,False
TiOx_02_Au,10.1038/s41598-019-44607-3,TiOx,1.705978,0.2319734262803857,0,0,GRADUAL_MULTILEVEL,NOT_REPORTED,absolute,IDEALIZED_SINGLE_PAIR_GRADUAL,IDEALIZED_GRADUAL_MAPPING,16,2,3,0,2,4,203264,800,16,12800,9.8,86.43,10.486245468253967,0.4571206019694067,10.02912486628456,0.6862454682539667,0.6862454682539667,False,LEAVE_ONE_STUDY_OUT,10.1038/s41598-019-44607-3,TiOx_02_Au,10.1038/s41598-019-44607-3,TiOx,6,6,5,False
TiOx_02_Au,10.1038/s41598-019-44607-3,TiOx,1.705978,0.2319734262803857,0,0,GRADUAL_MULTILEVEL,NOT_REPORTED,absolute,IDEALIZED_SINGLE_PAIR_GRADUAL,IDEALIZED_GRADUAL_MAPPING,32,2,3,0,2,4,203264,208,16,3328,9.68,86.55000000000001,10.553509468253969,0.5094882177514035,10.044021250502565,0.8735094682539692,0.8735094682539692,False,LEAVE_ONE_STUDY_OUT,10.1038/s41598-019-44607-3,TiOx_02_Au,10.1038/s41598-019-44607-3,TiOx,6,6,5,False
TiOx_02_Au,10.1038/s41598-019-44607-3,TiOx,1.705978,0.2319734262803857,0,0,GRADUAL_MULTILEVEL,NOT_REPORTED,absolute,IDEALIZED_SINGLE_PAIR_GRADUAL,IDEALIZED_GRADUAL_MAPPING,64,2,3,0,2,4,203264,56,16,896,9.52,86.71000000000001,10.828124611111111,0.6353000421314489,10.192824568979661,1.3081246111111113,1.3081246111111113,False,LEAVE_ONE_STUDY_OUT,10.1038/s41598-019-44607-3,TiOx_02_Au,10.1038/s41598-019-44607-3,TiOx,6,6,5,False
TiOx_02_Au,10.1038/s41598-019-44607-3,TiOx,1.705978,0.2319734262803857,0,0,GRADUAL_MULTILEVEL,NOT_REPORTED,absolute,IDEALIZED_SINGLE_PAIR_GRADUAL,IDEALIZED_GRADUAL_MAPPING,128,2,3,0,2,4,203264,16,16,256,9.14,87.09,9.83669573015873,0.5296262125896565,9.307069517569074,0.69669573015873,0.69669573015873,False,LEAVE_ONE_STUDY_OUT,10.1038/s41598-019-44607-3,TiOx_02_Au,10.1038/s41598-019-44607-3,TiOx,6,6,5,False
TiOx_02_Au,10.1038/s41598-019-44607-3,TiOx,1.705978,0.2319734262803857,0,0,GRADUAL_MULTILEVEL,NOT_REPORTED,absolute,IDEALIZED_SINGLE_PAIR_GRADUAL,IDEALIZED_GRADUAL_MAPPING,256,2,3,0,2,4,203264,10,16,160,8.93,87.30000000000001,9.718811992063493,0.35275135839149757,9.366060633671996,0.7888119920634935,0.7888119920634935,False,LEAVE_ONE_STUDY_OUT,10.1038/s41598-019-44607-3,TiOx_02_Au,10.1038/s41598-019-44607-3,TiOx,6,6,5,False
TiOx_02_Ni,10.1038/s41598-019-44607-3,TiOx,1.10723,0.0442378443254261,0,0,GRADUAL_MULTILEVEL,NOT_REPORTED,absolute,IDEALIZED_SINGLE_PAIR_GRADUAL,IDEALIZED_GRADUAL_MAPPING,32,7,127,0,2,10,203264,208,1024,212992,96.31,-0.0799999999999983,96.22045284126985,0.020568708455706505,96.19988413281413,-0.08954715873015573,0.08954715873015573,True,LEAVE_ONE_STUDY_OUT,10.1038/s41598-019-44607-3,TiOx_02_Ni,10.1038/s41598-019-44607-3,TiOx,6,6,5,False
TiOx_02_Ni,10.1038/s41598-019-44607-3,TiOx,1.10723,0.0442378443254261,0,0,GRADUAL_MULTILEVEL,NOT_REPORTED,absolute,IDEALIZED_SINGLE_PAIR_GRADUAL,IDEALIZED_GRADUAL_MAPPING,32,6,63,0,2,10,203264,208,1024,212992,96.29,-0.0600000000000022,96.27863011904762,0.023988175094886335,96.25464194395273,-0.01136988095238678,0.01136988095238678,True,LEAVE_ONE_STUDY_OUT,10.1038/s41598-019-44607-3,TiOx_02_Ni,10.1038/s41598-019-44607-3,TiOx,6,6,5,False
TiOx_02_Ni,10.1038/s41598-019-44607-3,TiOx,1.10723,0.0442378443254261,0,0,GRADUAL_MULTILEVEL,NOT_REPORTED,absolute,IDEALIZED_SINGLE_PAIR_GRADUAL,IDEALIZED_GRADUAL_MAPPING,64,6,63,0,2,10,203264,56,1024,57344,96.28,-0.0499999999999971,96.28118983333334,0.02274937281528272,96.25844046051806,0.0011898333333419941,0.0011898333333419941,True,LEAVE_ONE_STUDY_OUT,10.1038/s41598-019-44607-3,TiOx_02_Ni,10.1038/s41598-019-44607-3,TiOx,6,6,5,False
TiOx_02_Ni,10.1038/s41598-019-44607-3,TiOx,1.10723,0.0442378443254261,0,0,GRADUAL_MULTILEVEL,NOT_REPORTED,absolute,IDEALIZED_SINGLE_PAIR_GRADUAL,IDEALIZED_GRADUAL_MAPPING,16,6,63,0,2,10,203264,800,1024,819200,96.25,-0.019999999999996,96.2949976190476,0.029664842441335305,96.26533277660627,0.04499761904760646,0.04499761904760646,True,LEAVE_ONE_STUDY_OUT,10.1038/s41598-019-44607-3,TiOx_02_Ni,10.1038/s41598-019-44607-3,TiOx,6,6,5,False
TiOx_02_Ni,10.1038/s41598-019-44607-3,TiOx,1.10723,0.0442378443254261,0,0,GRADUAL_MULTILEVEL,NOT_REPORTED,absolute,IDEALIZED_SINGLE_PAIR_GRADUAL,IDEALIZED_GRADUAL_MAPPING,32,8,255,0,2,10,203264,208,1024,212992,96.24,-0.0099999999999909,96.24076692857142,0.01633053162343007,96.224436396948,0.000766928571422909,0.000766928571422909,True,LEAVE_ONE_STUDY_OUT,10.1038/s41598-019-44607-3,TiOx_02_Ni,10.1038/s41598-019-44607-3,TiOx,6,6,5,False
TiOx_02_Ni,10.1038/s41598-019-44607-3,TiOx,1.10723,0.0442378443254261,0,0,GRADUAL_MULTILEVEL,NOT_REPORTED,absolute,IDEALIZED_SINGLE_PAIR_GRADUAL,IDEALIZED_GRADUAL_MAPPING,256,8,255,0,2,10,203264,10,1024,10240,96.24,-0.0099999999999909,96.19487262698414,0.030389227068185587,96.16448339991595,-0.04512737301585901,0.04512737301585901,True,LEAVE_ONE_STUDY_OUT,10.1038/s41598-019-44607-3,TiOx_02_Ni,10.1038/s41598-019-44607-3,TiOx,6,6,5,False
TiOx_02_Ni,10.1038/s41598-019-44607-3,TiOx,1.10723,0.0442378443254261,0,0,GRADUAL_MULTILEVEL,NOT_REPORTED,absolute,IDEALIZED_SINGLE_PAIR_GRADUAL,IDEALIZED_GRADUAL_MAPPING,64,5,31,0,2,10,203264,56,1024,57344,96.23,0.0,96.16709651587303,0.02374433153743178,96.1433521843356,-0.0629034841269771,0.0629034841269771,True,LEAVE_ONE_STUDY_OUT,10.1038/s41598-019-44607-3,TiOx_02_Ni,10.1038/s41598-019-44607-3,TiOx,6,6,5,False
TiOx_02_Ni,10.1038/s41598-019-44607-3,TiOx,1.10723,0.0442378443254261,0,0,GRADUAL_MULTILEVEL,NOT_REPORTED,absolute,IDEALIZED_SINGLE_PAIR_GRADUAL,IDEALIZED_GRADUAL_MAPPING,32,5,31,0,2,10,203264,208,1024,212992,96.23,0.0,96.15201040476191,0.018289633497058887,96.13372077126485,-0.07798959523809401,0.07798959523809401,True,LEAVE_ONE_STUDY_OUT,10.1038/s41598-019-44607-3,TiOx_02_Ni,10.1038/s41598-019-44607-3,TiOx,6,6,5,False
TiOx_02_Ni,10.1038/s41598-019-44607-3,TiOx,1.10723,0.0442378443254261,0,0,GRADUAL_MULTILEVEL,NOT_REPORTED,absolute,IDEALIZED_SINGLE_PAIR_GRADUAL,IDEALIZED_GRADUAL_MAPPING,64,7,127,0,2,10,203264,56,1024,57344,96.21,0.0200000000000102,96.21029901587302,0.02098377413799559,96.18931524173503,0.00029901587302560984,0.00029901587302560984,True,LEAVE_ONE_STUDY_OUT,10.1038/s41598-019-44607-3,TiOx_02_Ni,10.1038/s41598-019-44607-3,TiOx,6,6,5,False
TiOx_02_Ni,10.1038/s41598-019-44607-3,TiOx,1.10723,0.0442378443254261,0,0,GRADUAL_MULTILEVEL,NOT_REPORTED,absolute,IDEALIZED_SINGLE_PAIR_GRADUAL,IDEALIZED_GRADUAL_MAPPING,128,8,255,0,2,10,203264,16,1024,16384,96.21,0.0200000000000102,96.20739318253969,0.020019219858062227,96.18737396268163,-0.0026068174603040006,0.0026068174603040006,True,LEAVE_ONE_STUDY_OUT,10.1038/s41598-019-44607-3,TiOx_02_Ni,10.1038/s41598-019-44607-3,TiOx,6,6,5,False
TiOx_02_Ni,10.1038/s41598-019-44607-3,TiOx,1.10723,0.0442378443254261,0,0,GRADUAL_MULTILEVEL,NOT_REPORTED,absolute,IDEALIZED_SINGLE_PAIR_GRADUAL,IDEALIZED_GRADUAL_MAPPING,16,7,127,0,2,9,203264,800,512,409600,96.2,0.0300000000000011,96.21008023809526,0.017676888445487187,96.19240334964977,0.010080238095255822,0.010080238095255822,True,LEAVE_ONE_STUDY_OUT,10.1038/s41598-019-44607-3,TiOx_02_Ni,10.1038/s41598-019-44607-3,TiOx,6,6,5,False
TiOx_02_Ni,10.1038/s41598-019-44607-3,TiOx,1.10723,0.0442378443254261,0,0,GRADUAL_MULTILEVEL,NOT_REPORTED,absolute,IDEALIZED_SINGLE_PAIR_GRADUAL,IDEALIZED_GRADUAL_MAPPING,128,7,127,0,2,10,203264,16,1024,16384,96.19,0.0400000000000062,96.19970442857142,0.01820671902173982,96.18149770954969,0.009704428571424728,0.009704428571424728,True,LEAVE_ONE_STUDY_OUT,10.1038/s41598-019-44607-3,TiOx_02_Ni,10.1038/s41598-019-44607-3,TiOx,6,6,5,False
TiOx_02_Ni,10.1038/s41598-019-44607-3,TiOx,1.10723,0.0442378443254261,0,0,GRADUAL_MULTILEVEL,NOT_REPORTED,absolute,IDEALIZED_SINGLE_PAIR_GRADUAL,IDEALIZED_GRADUAL_MAPPING,16,7,127,0,2,10,203264,800,1024,819200,96.19,0.0400000000000062,96.20615802380954,0.016108715451949817,96.19004930835759,0.016158023809538236,0.016158023809538236,True,LEAVE_ONE_STUDY_OUT,10.1038/s41598-019-44607-3,TiOx_02_Ni,10.1038/s41598-019-44607-3,TiOx,6,6,5,False
TiOx_02_Ni,10.1038/s41598-019-44607-3,TiOx,1.10723,0.0442378443254261,0,0,GRADUAL_MULTILEVEL,NOT_REPORTED,absolute,IDEALIZED_SINGLE_PAIR_GRADUAL,IDEALIZED_GRADUAL_MAPPING,128,6,63,0,2,10,203264,16,1024,16384,96.19,0.0400000000000062,96.25646378571429,0.02405573546875012,96.23240805024554,0.06646378571429068,0.06646378571429068,True,LEAVE_ONE_STUDY_OUT,10.1038/s41598-019-44607-3,TiOx_02_Ni,10.1038/s41598-019-44607-3,TiOx,6,6,5,False
TiOx_02_Ni,10.1038/s41598-019-44607-3,TiOx,1.10723,0.0442378443254261,0,0,GRADUAL_MULTILEVEL,NOT_REPORTED,absolute,IDEALIZED_SINGLE_PAIR_GRADUAL,IDEALIZED_GRADUAL_MAPPING,256,6,63,0,2,10,203264,10,1024,10240,96.18,0.0499999999999971,96.25018330952379,0.0319961310031832,96.21818717852061,0.07018330952378449,0.07018330952378449,True,LEAVE_ONE_STUDY_OUT,10.1038/s41598-019-44607-3,TiOx_02_Ni,10.1038/s41598-019-44607-3,TiOx,6,6,5,False
TiOx_02_Ni,10.1038/s41598-019-44607-3,TiOx,1.10723,0.0442378443254261,0,0,GRADUAL_MULTILEVEL,NOT_REPORTED,absolute,IDEALIZED_SINGLE_PAIR_GRADUAL,IDEALIZED_GRADUAL_MAPPING,16,5,31,0,2,9,203264,800,512,409600,96.18,0.0499999999999971,96.1567751825397,0.018814140143059172,96.13796104239664,-0.023224817460302916,0.023224817460302916,True,LEAVE_ONE_STUDY_OUT,10.1038/s41598-019-44607-3,TiOx_02_Ni,10.1038/s41598-019-44607-3,TiOx,6,6,5,False
TiOx_02_Ni,10.1038/s41598-019-44607-3,TiOx,1.10723,0.0442378443254261,0,0,GRADUAL_MULTILEVEL,NOT_REPORTED,absolute,IDEALIZED_SINGLE_PAIR_GRADUAL,IDEALIZED_GRADUAL_MAPPING,16,8,255,0,2,10,203264,800,1024,819200,96.17,0.0600000000000022,96.2284075,0.020289284608703027,96.2081182153913,0.05840750000000128,0.05840750000000128,True,LEAVE_ONE_STUDY_OUT,10.1038/s41598-019-44607-3,TiOx_02_Ni,10.1038/s41598-019-44607-3,TiOx,6,6,5,False
TiOx_02_Ni,10.1038/s41598-019-44607-3,TiOx,1.10723,0.0442378443254261,0,0,GRADUAL_MULTILEVEL,NOT_REPORTED,absolute,IDEALIZED_SINGLE_PAIR_GRADUAL,IDEALIZED_GRADUAL_MAPPING,16,8,255,0,2,9,203264,800,512,409600,96.14,0.0900000000000034,96.22061288095237,0.020043807398216543,96.20056907355416,0.08061288095237273,0.08061288095237273,True,LEAVE_ONE_STUDY_OUT,10.1038/s41598-019-44607-3,TiOx_02_Ni,10.1038/s41598-019-44607-3,TiOx,6,6,5,False
TiOx_02_Ni,10.1038/s41598-019-44607-3,TiOx,1.10723,0.0442378443254261,0,0,GRADUAL_MULTILEVEL,NOT_REPORTED,absolute,IDEALIZED_SINGLE_PAIR_GRADUAL,IDEALIZED_GRADUAL_MAPPING,16,5,31,0,2,10,203264,800,1024,819200,96.14,0.0900000000000034,96.15099906349207,0.020478001498123042,96.13052106199395,0.01099906349206492,0.01099906349206492,True,LEAVE_ONE_STUDY_OUT,10.1038/s41598-019-44607-3,TiOx_02_Ni,10.1038/s41598-019-44607-3,TiOx,6,6,5,False
TiOx_02_Ni,10.1038/s41598-019-44607-3,TiOx,1.10723,0.0442378443254261,0,0,GRADUAL_MULTILEVEL,NOT_REPORTED,absolute,IDEALIZED_SINGLE_PAIR_GRADUAL,IDEALIZED_GRADUAL_MAPPING,64,8,255,0,2,10,203264,56,1024,57344,96.14,0.0900000000000034,96.22354403968254,0.01905994008654699,96.20448409959599,0.08354403968253621,0.08354403968253621,True,LEAVE_ONE_STUDY_OUT,10.1038/s41598-019-44607-3,TiOx_02_Ni,10.1038/s41598-019-44607-3,TiOx,6,6,5,False
TiOx_02_Ni,10.1038/s41598-019-44607-3,TiOx,1.10723,0.0442378443254261,0,0,GRADUAL_MULTILEVEL,NOT_REPORTED,absolute,IDEALIZED_SINGLE_PAIR_GRADUAL,IDEALIZED_GRADUAL_MAPPING,32,8,255,0,2,9,203264,208,512,106496,96.13,0.1000000000000085,96.23232268614719,0.018293421713636095,96.21402926443355,0.10232268614718976,0.10232268614718976,True,LEAVE_ONE_STUDY_OUT,10.1038/s41598-019-44607-3,TiOx_02_Ni,10.1038/s41598-019-44607-3,TiOx,6,6,5,False
TiOx_02_Ni,10.1038/s41598-019-44607-3,TiOx,1.10723,0.0442378443254261,0,0,GRADUAL_MULTILEVEL,NOT_REPORTED,absolute,IDEALIZED_SINGLE_PAIR_GRADUAL,IDEALIZED_GRADUAL_MAPPING,32,6,63,0,2,9,203264,208,512,106496,96.12,0.1099999999999994,96.25340534920636,0.016940194310630496,96.23646515489573,0.13340534920635605,0.13340534920635605,True,LEAVE_ONE_STUDY_OUT,10.1038/s41598-019-44607-3,TiOx_02_Ni,10.1038/s41598-019-44607-3,TiOx,6,6,5,False
TiOx_02_Ni,10.1038/s41598-019-44607-3,TiOx,1.10723,0.0442378443254261,0,0,GRADUAL_MULTILEVEL,NOT_REPORTED,absolute,IDEALIZED_SINGLE_PAIR_GRADUAL,IDEALIZED_GRADUAL_MAPPING,16,4,15,0,2,10,203264,800,1024,819200,96.1,0.1300000000000096,96.06804028571428,0.016398303443982114,96.0516419822703,-0.03195971428571909,0.03195971428571909,True,LEAVE_ONE_STUDY_OUT,10.1038/s41598-019-44607-3,TiOx_02_Ni,10.1038/s41598-019-44607-3,TiOx,6,6,5,False
TiOx_02_Ni,10.1038/s41598-019-44607-3,TiOx,1.10723,0.0442378443254261,0,0,GRADUAL_MULTILEVEL,NOT_REPORTED,absolute,IDEALIZED_SINGLE_PAIR_GRADUAL,IDEALIZED_GRADUAL_MAPPING,256,7,127,0,2,10,203264,10,1024,10240,96.09,0.1400000000000005,96.19234660317461,0.02605206735871895,96.1662945358159,0.10234660317460964,0.10234660317460964,True,LEAVE_ONE_STUDY_OUT,10.1038/s41598-019-44607-3,TiOx_02_Ni,10.1038/s41598-019-44607-3,TiOx,6,6,5,False
TiOx_02_Ni,10.1038/s41598-019-44607-3,TiOx,1.10723,0.0442378443254261,0,0,GRADUAL_MULTILEVEL,NOT_REPORTED,absolute,IDEALIZED_SINGLE_PAIR_GRADUAL,IDEALIZED_GRADUAL_MAPPING,32,4,15,0,2,10,203264,208,1024,212992,96.08,0.1500000000000056,96.06424442857141,0.016571428215693573,96.04767300035572,-0.015755571428584858,0.015755571428584858,True,LEAVE_ONE_STUDY_OUT,10.1038/s41598-019-44607-3,TiOx_02_Ni,10.1038/s41598-019-44607-3,TiOx,6,6,5,False
TiOx_02_Ni,10.1038/s41598-019-44607-3,TiOx,1.10723,0.0442378443254261,0,0,GRADUAL_MULTILEVEL,NOT_REPORTED,absolute,IDEALIZED_SINGLE_PAIR_GRADUAL,IDEALIZED_GRADUAL_MAPPING,128,5,31,0,2,10,203264,16,1024,16384,96.08,0.1500000000000056,96.16132032539683,0.04028220024872136,96.1210381251481,0.0813203253968311,0.0813203253968311,True,LEAVE_ONE_STUDY_OUT,10.1038/s41598-019-44607-3,TiOx_02_Ni,10.1038/s41598-019-44607-3,TiOx,6,6,5,False
TiOx_02_Ni,10.1038/s41598-019-44607-3,TiOx,1.10723,0.0442378443254261,0,0,GRADUAL_MULTILEVEL,NOT_REPORTED,absolute,IDEALIZED_SINGLE_PAIR_GRADUAL,IDEALIZED_GRADUAL_MAPPING,256,5,31,0,2,10,203264,10,1024,10240,96.06,0.1700000000000017,96.13427894444443,0.06203421994225696,96.07224472450217,0.07427894444442984,0.07427894444442984,True,LEAVE_ONE_STUDY_OUT,10.1038/s41598-019-44607-3,TiOx_02_Ni,10.1038/s41598-019-44607-3,TiOx,6,6,5,False
TiOx_02_Ni,10.1038/s41598-019-44607-3,TiOx,1.10723,0.0442378443254261,0,0,GRADUAL_MULTILEVEL,NOT_REPORTED,absolute,IDEALIZED_SINGLE_PAIR_GRADUAL,IDEALIZED_GRADUAL_MAPPING,16,6,63,0,2,9,203264,800,512,409600,96.06,0.1700000000000017,96.25589841269841,0.024353654488395177,96.23154475821002,0.19589841269841202,0.19589841269841202,True,LEAVE_ONE_STUDY_OUT,10.1038/s41598-019-44607-3,TiOx_02_Ni,10.1038/s41598-019-44607-3,TiOx,6,6,5,False
TiOx_02_Ni,10.1038/s41598-019-44607-3,TiOx,1.10723,0.0442378443254261,0,0,GRADUAL_MULTILEVEL,NOT_REPORTED,absolute,IDEALIZED_SINGLE_PAIR_GRADUAL,IDEALIZED_GRADUAL_MAPPING,32,7,127,0,2,9,203264,208,512,106496,96.05,0.1800000000000068,96.2314967972583,0.01713530753236104,96.21436148972595,0.1814967972583048,0.1814967972583048,True,LEAVE_ONE_STUDY_OUT,10.1038/s41598-019-44607-3,TiOx_02_Ni,10.1038/s41598-019-44607-3,TiOx,6,6,5,False
TiOx_02_Ni,10.1038/s41598-019-44607-3,TiOx,1.10723,0.0442378443254261,0,0,GRADUAL_MULTILEVEL,NOT_REPORTED,absolute,IDEALIZED_SINGLE_PAIR_GRADUAL,IDEALIZED_GRADUAL_MAPPING,16,7,127,0,2,8,203264,800,256,204800,96.03,0.2000000000000028,96.19558955555556,0.01695218114002489,96.17863737441553,0.165589555555556,0.165589555555556,True,LEAVE_ONE_STUDY_OUT,10.1038/s41598-019-44607-3,TiOx_02_Ni,10.1038/s41598-019-44607-3,TiOx,6,6,5,False
TiOx_02_Ni,10.1038/s41598-019-44607-3,TiOx,1.10723,0.0442378443254261,0,0,GRADUAL_MULTILEVEL,NOT_REPORTED,absolute,IDEALIZED_SINGLE_PAIR_GRADUAL,IDEALIZED_GRADUAL_MAPPING,32,4,15,0,2,9,203264,208,512,106496,96.03,0.2000000000000028,96.07091426190476,0.01654849469320683,96.05436576721155,0.040914261904759996,0.040914261904759996,True,LEAVE_ONE_STUDY_OUT,10.1038/s41598-019-44607-3,TiOx_02_Ni,10.1038/s41598-019-44607-3,TiOx,6,6,5,False
TiOx_02_Ni,10.1038/s41598-019-44607-3,TiOx,1.10723,0.0442378443254261,0,0,GRADUAL_MULTILEVEL,NOT_REPORTED,absolute,IDEALIZED_SINGLE_PAIR_GRADUAL,IDEALIZED_GRADUAL_MAPPING,16,4,15,0,2,9,203264,800,512,409600,96.0,0.2300000000000039,96.07850526190477,0.012154102954159975,96.06635115895061,0.07850526190476614,0.07850526190476614,True,LEAVE_ONE_STUDY_OUT,10.1038/s41598-019-44607-3,TiOx_02_Ni,10.1038/s41598-019-44607-3,TiOx,6,6,5,False
TiOx_02_Ni,10.1038/s41598-019-44607-3,TiOx,1.10723,0.0442378443254261,0,0,GRADUAL_MULTILEVEL,NOT_REPORTED,absolute,IDEALIZED_SINGLE_PAIR_GRADUAL,IDEALIZED_GRADUAL_MAPPING,64,4,15,0,2,10,203264,56,1024,57344,96.0,0.2300000000000039,96.06088828571427,0.019272861748298654,96.04161542396596,0.060888285714270296,0.060888285714270296,True,LEAVE_ONE_STUDY_OUT,10.1038/s41598-019-44607-3,TiOx_02_Ni,10.1038/s41598-019-44607-3,TiOx,6,6,5,False
TiOx_02_Ni,10.1038/s41598-019-44607-3,TiOx,1.10723,0.0442378443254261,0,0,GRADUAL_MULTILEVEL,NOT_REPORTED,absolute,IDEALIZED_SINGLE_PAIR_GRADUAL,IDEALIZED_GRADUAL_MAPPING,16,6,63,0,2,8,203264,800,256,204800,95.97,0.2600000000000051,96.23290429365079,0.026700453316181958,96.20620384033461,0.2629042936507915,0.2629042936507915,True,LEAVE_ONE_STUDY_OUT,10.1038/s41598-019-44607-3,TiOx_02_Ni,10.1038/s41598-019-44607-3,TiOx,6,6,5,False
TiOx_02_Ni,10.1038/s41598-019-44607-3,TiOx,1.10723,0.0442378443254261,0,0,GRADUAL_MULTILEVEL,NOT_REPORTED,absolute,IDEALIZED_SINGLE_PAIR_GRADUAL,IDEALIZED_GRADUAL_MAPPING,16,5,31,0,2,8,203264,800,256,204800,95.97,0.2600000000000051,96.15061733333333,0.03080680238612458,96.1198105309472,0.18061733333333052,0.18061733333333052,True,LEAVE_ONE_STUDY_OUT,10.1038/s41598-019-44607-3,TiOx_02_Ni,10.1038/s41598-019-44607-3,TiOx,6,6,5,False
TiOx_02_Ni,10.1038/s41598-019-44607-3,TiOx,1.10723,0.0442378443254261,0,0,GRADUAL_MULTILEVEL,NOT_REPORTED,absolute,IDEALIZED_SINGLE_PAIR_GRADUAL,IDEALIZED_GRADUAL_MAPPING,128,4,15,0,2,10,203264,16,1024,16384,95.96,0.2700000000000102,96.04346276190475,0.037079506797945846,96.0063832551068,0.08346276190475521,0.08346276190475521,True,LEAVE_ONE_STUDY_OUT,10.1038/s41598-019-44607-3,TiOx_02_Ni,10.1038/s41598-019-44607-3,TiOx,6,6,5,False
TiOx_02_Ni,10.1038/s41598-019-44607-3,TiOx,1.10723,0.0442378443254261,0,0,GRADUAL_MULTILEVEL,NOT_REPORTED,absolute,IDEALIZED_SINGLE_PAIR_GRADUAL,IDEALIZED_GRADUAL_MAPPING,256,4,15,0,2,10,203264,10,1024,10240,95.95,0.2800000000000011,96.03916773015872,0.04021285835331504,95.99895487180541,0.08916773015872081,0.08916773015872081,True,LEAVE_ONE_STUDY_OUT,10.1038/s41598-019-44607-3,TiOx_02_Ni,10.1038/s41598-019-44607-3,TiOx,6,6,5,False
TiOx_02_Ni,10.1038/s41598-019-44607-3,TiOx,1.10723,0.0442378443254261,0,0,GRADUAL_MULTILEVEL,NOT_REPORTED,absolute,IDEALIZED_SINGLE_PAIR_GRADUAL,IDEALIZED_GRADUAL_MAPPING,64,7,127,0,2,9,203264,56,512,28672,95.95,0.2800000000000011,96.22782239682539,0.018697505043339863,96.20912489178205,0.27782239682538545,0.27782239682538545,True,LEAVE_ONE_STUDY_OUT,10.1038/s41598-019-44607-3,TiOx_02_Ni,10.1038/s41598-019-44607-3,TiOx,6,6,5,False
TiOx_02_Ni,10.1038/s41598-019-44607-3,TiOx,1.10723,0.0442378443254261,0,0,GRADUAL_MULTILEVEL,NOT_REPORTED,absolute,IDEALIZED_SINGLE_PAIR_GRADUAL,IDEALIZED_GRADUAL_MAPPING,64,5,31,0,2,9,203264,56,512,28672,95.89,0.3400000000000034,96.1655382936508,0.024592307204866874,96.14094598644593,0.2755382936507971,0.2755382936507971,True,LEAVE_ONE_STUDY_OUT,10.1038/s41598-019-44607-3,TiOx_02_Ni,10.1038/s41598-019-44607-3,TiOx,6,6,5,False
TiOx_02_Ni,10.1038/s41598-019-44607-3,TiOx,1.10723,0.0442378443254261,0,0,GRADUAL_MULTILEVEL,NOT_REPORTED,absolute,IDEALIZED_SINGLE_PAIR_GRADUAL,IDEALIZED_GRADUAL_MAPPING,64,4,15,0,2,9,203264,56,512,28672,95.89,0.3400000000000034,96.06748176190477,0.018636278197796015,96.04884548370698,0.17748176190477238,0.17748176190477238,True,LEAVE_ONE_STUDY_OUT,10.1038/s41598-019-44607-3,TiOx_02_Ni,10.1038/s41598-019-44607-3,TiOx,6,6,5,False
TiOx_02_Ni,10.1038/s41598-019-44607-3,TiOx,1.10723,0.0442378443254261,0,0,GRADUAL_MULTILEVEL,NOT_REPORTED,absolute,IDEALIZED_SINGLE_PAIR_GRADUAL,IDEALIZED_GRADUAL_MAPPING,16,4,15,0,2,8,203264,800,256,204800,95.88,0.3500000000000085,96.0745603174603,0.019897005432355074,96.05466331202794,0.19456031746030078,0.19456031746030078,True,LEAVE_ONE_STUDY_OUT,10.1038/s41598-019-44607-3,TiOx_02_Ni,10.1038/s41598-019-44607-3,TiOx,6,6,5,False
TiOx_02_Ni,10.1038/s41598-019-44607-3,TiOx,1.10723,0.0442378443254261,0,0,GRADUAL_MULTILEVEL,NOT_REPORTED,absolute,IDEALIZED_SINGLE_PAIR_GRADUAL,IDEALIZED_GRADUAL_MAPPING,32,5,31,0,2,9,203264,208,512,106496,95.88,0.3500000000000085,96.15961125396827,0.01559985465699818,96.14401139931127,0.2796112539682696,0.2796112539682696,True,LEAVE_ONE_STUDY_OUT,10.1038/s41598-019-44607-3,TiOx_02_Ni,10.1038/s41598-019-44607-3,TiOx,6,6,5,False
TiOx_02_Ni,10.1038/s41598-019-44607-3,TiOx,1.10723,0.0442378443254261,0,0,GRADUAL_MULTILEVEL,NOT_REPORTED,absolute,IDEALIZED_SINGLE_PAIR_GRADUAL,IDEALIZED_GRADUAL_MAPPING,64,8,255,0,2,9,203264,56,512,28672,95.85,0.3800000000000096,96.21995706349206,0.017497000837476046,96.20246006265458,0.36995706349206614,0.36995706349206614,True,LEAVE_ONE_STUDY_OUT,10.1038/s41598-019-44607-3,TiOx_02_Ni,10.1038/s41598-019-44607-3,TiOx,6,6,5,False
TiOx_02_Ni,10.1038/s41598-019-44607-3,TiOx,1.10723,0.0442378443254261,0,0,GRADUAL_MULTILEVEL,NOT_REPORTED,absolute,IDEALIZED_SINGLE_PAIR_GRADUAL,IDEALIZED_GRADUAL_MAPPING,16,8,255,0,2,8,203264,800,256,204800,95.85,0.3800000000000096,96.18710081746033,0.023850502086611228,96.16325031537372,0.33710081746033893,0.33710081746033893,True,LEAVE_ONE_STUDY_OUT,10.1038/s41598-019-44607-3,TiOx_02_Ni,10.1038/s41598-019-44607-3,TiOx,6,6,5,False
TiOx_02_Ni,10.1038/s41598-019-44607-3,TiOx,1.10723,0.0442378443254261,0,0,GRADUAL_MULTILEVEL,NOT_REPORTED,absolute,IDEALIZED_SINGLE_PAIR_GRADUAL,IDEALIZED_GRADUAL_MAPPING,64,6,63,0,2,9,203264,56,512,28672,95.83,0.4000000000000057,96.26387684126983,0.02197950456545446,96.24189733670438,0.4338768412698357,0.4338768412698357,True,LEAVE_ONE_STUDY_OUT,10.1038/s41598-019-44607-3,TiOx_02_Ni,10.1038/s41598-019-44607-3,TiOx,6,6,5,False
TiOx_02_Ni,10.1038/s41598-019-44607-3,TiOx,1.10723,0.0442378443254261,0,0,GRADUAL_MULTILEVEL,NOT_REPORTED,absolute,IDEALIZED_SINGLE_PAIR_GRADUAL,IDEALIZED_GRADUAL_MAPPING,256,6,63,0,2,9,203264,10,512,5120,95.73,0.5,96.22175076190476,0.032406595869327606,96.18934416603543,0.4917507619047541,0.4917507619047541,False,LEAVE_ONE_STUDY_OUT,10.1038/s41598-019-44607-3,TiOx_02_Ni,10.1038/s41598-019-44607-3,TiOx,6,6,5,False
TiOx_02_Ni,10.1038/s41598-019-44607-3,TiOx,1.10723,0.0442378443254261,0,0,GRADUAL_MULTILEVEL,NOT_REPORTED,absolute,IDEALIZED_SINGLE_PAIR_GRADUAL,IDEALIZED_GRADUAL_MAPPING,128,8,255,0,2,9,203264,16,512,8192,95.73,0.5,96.21203821428571,0.014651074094026386,96.19738714019168,0.4820382142857085,0.4820382142857085,False,LEAVE_ONE_STUDY_OUT,10.1038/s41598-019-44607-3,TiOx_02_Ni,10.1038/s41598-019-44607-3,TiOx,6,6,5,False
TiOx_02_Ni,10.1038/s41598-019-44607-3,TiOx,1.10723,0.0442378443254261,0,0,GRADUAL_MULTILEVEL,NOT_REPORTED,absolute,IDEALIZED_SINGLE_PAIR_GRADUAL,IDEALIZED_GRADUAL_MAPPING,128,7,127,0,2,9,203264,16,512,8192,95.69,0.5400000000000063,96.22390591269843,0.017008747492714076,96.20689716520572,0.5339059126984296,0.5339059126984296,False,LEAVE_ONE_STUDY_OUT,10.1038/s41598-019-44607-3,TiOx_02_Ni,10.1038/s41598-019-44607-3,TiOx,6,6,5,False
TiOx_02_Ni,10.1038/s41598-019-44607-3,TiOx,1.10723,0.0442378443254261,0,0,GRADUAL_MULTILEVEL,NOT_REPORTED,absolute,IDEALIZED_SINGLE_PAIR_GRADUAL,IDEALIZED_GRADUAL_MAPPING,128,6,63,0,2,9,203264,16,512,8192,95.67,0.5600000000000023,96.24458116666668,0.022559280937853924,96.22202188572882,0.5745811666666754,0.5745811666666754,False,LEAVE_ONE_STUDY_OUT,10.1038/s41598-019-44607-3,TiOx_02_Ni,10.1038/s41598-019-44607-3,TiOx,6,6,5,False
TiOx_02_Ni,10.1038/s41598-019-44607-3,TiOx,1.10723,0.0442378443254261,0,0,GRADUAL_MULTILEVEL,NOT_REPORTED,absolute,IDEALIZED_SINGLE_PAIR_GRADUAL,IDEALIZED_GRADUAL_MAPPING,128,5,31,0,2,9,203264,16,512,8192,95.66,0.5700000000000074,96.1599686825397,0.04040725881811548,96.11956142372158,0.49996868253970206,0.49996868253970206,False,LEAVE_ONE_STUDY_OUT,10.1038/s41598-019-44607-3,TiOx_02_Ni,10.1038/s41598-019-44607-3,TiOx,6,6,5,False
TiOx_02_Ni,10.1038/s41598-019-44607-3,TiOx,1.10723,0.0442378443254261,0,0,GRADUAL_MULTILEVEL,NOT_REPORTED,absolute,IDEALIZED_SINGLE_PAIR_GRADUAL,IDEALIZED_GRADUAL_MAPPING,256,8,255,0,2,9,203264,10,512,5120,95.65,0.5799999999999983,96.20336598412699,0.025520265513504135,96.17784571861348,0.5533659841269838,0.5533659841269838,False,LEAVE_ONE_STUDY_OUT,10.1038/s41598-019-44607-3,TiOx_02_Ni,10.1038/s41598-019-44607-3,TiOx,6,6,5,False
TiOx_02_Ni,10.1038/s41598-019-44607-3,TiOx,1.10723,0.0442378443254261,0,0,GRADUAL_MULTILEVEL,NOT_REPORTED,absolute,IDEALIZED_SINGLE_PAIR_GRADUAL,IDEALIZED_GRADUAL_MAPPING,256,5,31,0,2,9,203264,10,512,5120,95.63,0.6000000000000085,96.13092465873017,0.06107351464612337,96.06985114408404,0.5009246587301703,0.5009246587301703,False,LEAVE_ONE_STUDY_OUT,10.1038/s41598-019-44607-3,TiOx_02_Ni,10.1038/s41598-019-44607-3,TiOx,6,6,5,False
TiOx_02_Ni,10.1038/s41598-019-44607-3,TiOx,1.10723,0.0442378443254261,0,0,GRADUAL_MULTILEVEL,NOT_REPORTED,absolute,IDEALIZED_SINGLE_PAIR_GRADUAL,IDEALIZED_GRADUAL_MAPPING,32,5,31,0,2,8,203264,208,256,53248,95.6,0.6300000000000097,96.1662145,0.03238565985618431,96.1338288401438,0.566214500000001,0.566214500000001,False,LEAVE_ONE_STUDY_OUT,10.1038/s41598-019-44607-3,TiOx_02_Ni,10.1038/s41598-019-44607-3,TiOx,6,6,5,False
TiOx_02_Ni,10.1038/s41598-019-44607-3,TiOx,1.10723,0.0442378443254261,0,0,GRADUAL_MULTILEVEL,NOT_REPORTED,absolute,IDEALIZED_SINGLE_PAIR_GRADUAL,IDEALIZED_GRADUAL_MAPPING,32,7,127,0,2,8,203264,208,256,53248,95.56,0.6700000000000017,96.19976780158731,0.025141815222718612,96.17462598636459,0.6397678015873112,0.6397678015873112,False,LEAVE_ONE_STUDY_OUT,10.1038/s41598-019-44607-3,TiOx_02_Ni,10.1038/s41598-019-44607-3,TiOx,6,6,5,False
TiOx_02_Ni,10.1038/s41598-019-44607-3,TiOx,1.10723,0.0442378443254261,0,0,GRADUAL_MULTILEVEL,NOT_REPORTED,absolute,IDEALIZED_SINGLE_PAIR_GRADUAL,IDEALIZED_GRADUAL_MAPPING,256,7,127,0,2,9,203264,10,512,5120,95.55,0.6800000000000068,96.2176391031746,0.025857540165673664,96.19178156300893,0.6676391031746078,0.6676391031746078,False,LEAVE_ONE_STUDY_OUT,10.1038/s41598-019-44607-3,TiOx_02_Ni,10.1038/s41598-019-44607-3,TiOx,6,6,5,False
TiOx_02_Ni,10.1038/s41598-019-44607-3,TiOx,1.10723,0.0442378443254261,0,0,GRADUAL_MULTILEVEL,NOT_REPORTED,absolute,IDEALIZED_SINGLE_PAIR_GRADUAL,IDEALIZED_GRADUAL_MAPPING,32,8,255,0,2,8,203264,208,256,53248,95.54,0.6899999999999977,96.18555563492065,0.027694237970823182,96.15786139694983,0.6455556349206404,0.6455556349206404,False,LEAVE_ONE_STUDY_OUT,10.1038/s41598-019-44607-3,TiOx_02_Ni,10.1038/s41598-019-44607-3,TiOx,6,6,5,False
TiOx_02_Ni,10.1038/s41598-019-44607-3,TiOx,1.10723,0.0442378443254261,0,0,GRADUAL_MULTILEVEL,NOT_REPORTED,absolute,IDEALIZED_SINGLE_PAIR_GRADUAL,IDEALIZED_GRADUAL_MAPPING,32,6,63,0,2,8,203264,208,256,53248,95.48,0.75,96.23015807936507,0.021521764976735056,96.20863631438833,0.7501580793650646,0.7501580793650646,False,LEAVE_ONE_STUDY_OUT,10.1038/s41598-019-44607-3,TiOx_02_Ni,10.1038/s41598-019-44607-3,TiOx,6,6,5,False
TiOx_02_Ni,10.1038/s41598-019-44607-3,TiOx,1.10723,0.0442378443254261,0,0,GRADUAL_MULTILEVEL,NOT_REPORTED,absolute,IDEALIZED_SINGLE_PAIR_GRADUAL,IDEALIZED_GRADUAL_MAPPING,128,4,15,0,2,9,203264,16,512,8192,95.47,0.7600000000000051,96.07053602380951,0.03606094988292663,96.03447507392659,0.6005360238095108,0.6005360238095108,False,LEAVE_ONE_STUDY_OUT,10.1038/s41598-019-44607-3,TiOx_02_Ni,10.1038/s41598-019-44607-3,TiOx,6,6,5,False
TiOx_02_Ni,10.1038/s41598-019-44607-3,TiOx,1.10723,0.0442378443254261,0,0,GRADUAL_MULTILEVEL,NOT_REPORTED,absolute,IDEALIZED_SINGLE_PAIR_GRADUAL,IDEALIZED_GRADUAL_MAPPING,256,4,15,0,2,9,203264,10,512,5120,95.36,0.8700000000000045,96.06601428571427,0.04231493176616407,96.0236993539481,0.706014285714275,0.706014285714275,False,LEAVE_ONE_STUDY_OUT,10.1038/s41598-019-44607-3,TiOx_02_Ni,10.1038/s41598-019-44607-3,TiOx,6,6,5,False
TiOx_02_Ni,10.1038/s41598-019-44607-3,TiOx,1.10723,0.0442378443254261,0,0,GRADUAL_MULTILEVEL,NOT_REPORTED,absolute,IDEALIZED_SINGLE_PAIR_GRADUAL,IDEALIZED_GRADUAL_MAPPING,32,4,15,0,2,8,203264,208,256,53248,95.28,0.9500000000000028,96.07055231746033,0.020141414451349857,96.05041090300898,0.7905523174603246,0.7905523174603246,False,LEAVE_ONE_STUDY_OUT,10.1038/s41598-019-44607-3,TiOx_02_Ni,10.1038/s41598-019-44607-3,TiOx,6,6,5,False
TiOx_02_Ni,10.1038/s41598-019-44607-3,TiOx,1.10723,0.0442378443254261,0,0,GRADUAL_MULTILEVEL,NOT_REPORTED,absolute,IDEALIZED_SINGLE_PAIR_GRADUAL,IDEALIZED_GRADUAL_MAPPING,64,8,255,0,2,8,203264,56,256,14336,94.99,1.240000000000009,96.1801050079365,0.025121282514625285,96.15498372542189,1.1901050079365092,1.1901050079365092,False,LEAVE_ONE_STUDY_OUT,10.1038/s41598-019-44607-3,TiOx_02_Ni,10.1038/s41598-019-44607-3,TiOx,6,6,5,False
TiOx_02_Ni,10.1038/s41598-019-44607-3,TiOx,1.10723,0.0442378443254261,0,0,GRADUAL_MULTILEVEL,NOT_REPORTED,absolute,IDEALIZED_SINGLE_PAIR_GRADUAL,IDEALIZED_GRADUAL_MAPPING,16,7,127,0,2,7,203264,800,128,102400,94.89,1.3400000000000034,96.18398080952382,0.03963107538140326,96.14434973414241,1.2939808095238163,1.2939808095238163,False,LEAVE_ONE_STUDY_OUT,10.1038/s41598-019-44607-3,TiOx_02_Ni,10.1038/s41598-019-44607-3,TiOx,6,6,5,False
TiOx_02_Ni,10.1038/s41598-019-44607-3,TiOx,1.10723,0.0442378443254261,0,0,GRADUAL_MULTILEVEL,NOT_REPORTED,absolute,IDEALIZED_SINGLE_PAIR_GRADUAL,IDEALIZED_GRADUAL_MAPPING,64,7,127,0,2,8,203264,56,256,14336,94.86,1.3700000000000043,96.19295111111111,0.027563984165754965,96.16538712694536,1.3329511111111145,1.3329511111111145,False,LEAVE_ONE_STUDY_OUT,10.1038/s41598-019-44607-3,TiOx_02_Ni,10.1038/s41598-019-44607-3,TiOx,6,6,5,False
TiOx_02_Ni,10.1038/s41598-019-44607-3,TiOx,1.10723,0.0442378443254261,0,0,GRADUAL_MULTILEVEL,NOT_REPORTED,absolute,IDEALIZED_SINGLE_PAIR_GRADUAL,IDEALIZED_GRADUAL_MAPPING,64,6,63,0,2,8,203264,56,256,14336,94.85,1.3800000000000097,96.23356567460317,0.02943292428900319,96.20413275031417,1.383565674603176,1.383565674603176,False,LEAVE_ONE_STUDY_OUT,10.1038/s41598-019-44607-3,TiOx_02_Ni,10.1038/s41598-019-44607-3,TiOx,6,6,5,False
TiOx_02_Ni,10.1038/s41598-019-44607-3,TiOx,1.10723,0.0442378443254261,0,0,GRADUAL_MULTILEVEL,NOT_REPORTED,absolute,IDEALIZED_SINGLE_PAIR_GRADUAL,IDEALIZED_GRADUAL_MAPPING,64,4,15,0,2,8,203264,56,256,14336,94.79,1.4399999999999975,96.06609935714285,0.02335486880243258,96.04274448834042,1.27609935714284,1.27609935714284,False,LEAVE_ONE_STUDY_OUT,10.1038/s41598-019-44607-3,TiOx_02_Ni,10.1038/s41598-019-44607-3,TiOx,6,6,5,False
TiOx_02_Ni,10.1038/s41598-019-44607-3,TiOx,1.10723,0.0442378443254261,0,0,GRADUAL_MULTILEVEL,NOT_REPORTED,absolute,IDEALIZED_SINGLE_PAIR_GRADUAL,IDEALIZED_GRADUAL_MAPPING,16,6,63,0,2,7,203264,800,128,102400,94.79,1.4399999999999975,96.19580517460317,0.030387680115445185,96.16541749448773,1.4058051746031595,1.4058051746031595,False,LEAVE_ONE_STUDY_OUT,10.1038/s41598-019-44607-3,TiOx_02_Ni,10.1038/s41598-019-44607-3,TiOx,6,6,5,False
TiOx_02_Ni,10.1038/s41598-019-44607-3,TiOx,1.10723,0.0442378443254261,0,0,GRADUAL_MULTILEVEL,NOT_REPORTED,absolute,IDEALIZED_SINGLE_PAIR_GRADUAL,IDEALIZED_GRADUAL_MAPPING,16,8,255,0,2,7,203264,800,128,102400,94.78,1.4500000000000028,96.17122819047619,0.047887780689750886,96.12334040978644,1.391228190476184,1.391228190476184,False,LEAVE_ONE_STUDY_OUT,10.1038/s41598-019-44607-3,TiOx_02_Ni,10.1038/s41598-019-44607-3,TiOx,6,6,5,False
TiOx_02_Ni,10.1038/s41598-019-44607-3,TiOx,1.10723,0.0442378443254261,0,0,GRADUAL_MULTILEVEL,NOT_REPORTED,absolute,IDEALIZED_SINGLE_PAIR_GRADUAL,IDEALIZED_GRADUAL_MAPPING,16,4,15,0,2,7,203264,800,128,102400,94.72,1.5100000000000051,95.98772462698413,0.10312788178079596,95.88459674520334,1.2677246269841334,1.2677246269841334,False,LEAVE_ONE_STUDY_OUT,10.1038/s41598-019-44607-3,TiOx_02_Ni,10.1038/s41598-019-44607-3,TiOx,6,6,5,False
TiOx_02_Ni,10.1038/s41598-019-44607-3,TiOx,1.10723,0.0442378443254261,0,0,GRADUAL_MULTILEVEL,NOT_REPORTED,absolute,IDEALIZED_SINGLE_PAIR_GRADUAL,IDEALIZED_GRADUAL_MAPPING,64,5,31,0,2,8,203264,56,256,14336,94.63,1.6000000000000083,96.17801592857143,0.03901010093078252,96.13900582764064,1.5480159285714308,1.5480159285714308,False,LEAVE_ONE_STUDY_OUT,10.1038/s41598-019-44607-3,TiOx_02_Ni,10.1038/s41598-019-44607-3,TiOx,6,6,5,False
TiOx_02_Ni,10.1038/s41598-019-44607-3,TiOx,1.10723,0.0442378443254261,0,0,GRADUAL_MULTILEVEL,NOT_REPORTED,absolute,IDEALIZED_SINGLE_PAIR_GRADUAL,IDEALIZED_GRADUAL_MAPPING,16,5,31,0,2,7,203264,800,128,102400,94.53,1.7000000000000028,96.08810083333333,0.08732020116164085,96.00078063217168,1.5581008333333273,1.5581008333333273,False,LEAVE_ONE_STUDY_OUT,10.1038/s41598-019-44607-3,TiOx_02_Ni,10.1038/s41598-019-44607-3,TiOx,6,6,5,False
TiOx_02_Ni,10.1038/s41598-019-44607-3,TiOx,1.10723,0.0442378443254261,0,0,GRADUAL_MULTILEVEL,NOT_REPORTED,absolute,IDEALIZED_SINGLE_PAIR_GRADUAL,IDEALIZED_GRADUAL_MAPPING,32,4,15,0,2,7,203264,208,128,26624,93.9,2.3299999999999983,95.99382934126986,0.10550687361167793,95.88832246765818,2.0938293412698528,2.0938293412698528,False,LEAVE_ONE_STUDY_OUT,10.1038/s41598-019-44607-3,TiOx_02_Ni,10.1038/s41598-019-44607-3,TiOx,6,6,5,False
TiOx_02_Ni,10.1038/s41598-019-44607-3,TiOx,1.10723,0.0442378443254261,0,0,GRADUAL_MULTILEVEL,NOT_REPORTED,absolute,IDEALIZED_SINGLE_PAIR_GRADUAL,IDEALIZED_GRADUAL_MAPPING,32,8,255,0,2,7,203264,208,128,26624,93.89,2.3400000000000034,96.16992103968255,0.05078413692823213,96.11913690275432,2.2799210396825487,2.2799210396825487,False,LEAVE_ONE_STUDY_OUT,10.1038/s41598-019-44607-3,TiOx_02_Ni,10.1038/s41598-019-44607-3,TiOx,6,6,5,False
TiOx_02_Ni,10.1038/s41598-019-44607-3,TiOx,1.10723,0.0442378443254261,0,0,GRADUAL_MULTILEVEL,NOT_REPORTED,absolute,IDEALIZED_SINGLE_PAIR_GRADUAL,IDEALIZED_GRADUAL_MAPPING,32,7,127,0,2,7,203264,208,128,26624,93.76,2.469999999999999,96.18904975396825,0.04326057443244494,96.1457891795358,2.4290497539682434,2.4290497539682434,False,LEAVE_ONE_STUDY_OUT,10.1038/s41598-019-44607-3,TiOx_02_Ni,10.1038/s41598-019-44607-3,TiOx,6,6,5,False
TiOx_02_Ni,10.1038/s41598-019-44607-3,TiOx,1.10723,0.0442378443254261,0,0,GRADUAL_MULTILEVEL,NOT_REPORTED,absolute,IDEALIZED_SINGLE_PAIR_GRADUAL,IDEALIZED_GRADUAL_MAPPING,32,6,63,0,2,7,203264,208,128,26624,93.57,2.660000000000011,96.20424497619047,0.02889018280574262,96.17535479338473,2.634244976190473,2.634244976190473,False,LEAVE_ONE_STUDY_OUT,10.1038/s41598-019-44607-3,TiOx_02_Ni,10.1038/s41598-019-44607-3,TiOx,6,6,5,False
TiOx_02_Ni,10.1038/s41598-019-44607-3,TiOx,1.10723,0.0442378443254261,0,0,GRADUAL_MULTILEVEL,NOT_REPORTED,absolute,IDEALIZED_SINGLE_PAIR_GRADUAL,IDEALIZED_GRADUAL_MAPPING,32,5,31,0,2,7,203264,208,128,26624,93.56,2.6700000000000017,96.09961602380952,0.09531415353707025,96.00430187027244,2.539616023809515,2.539616023809515,False,LEAVE_ONE_STUDY_OUT,10.1038/s41598-019-44607-3,TiOx_02_Ni,10.1038/s41598-019-44607-3,TiOx,6,6,5,False
TiOx_02_Ni,10.1038/s41598-019-44607-3,TiOx,1.10723,0.0442378443254261,0,0,GRADUAL_MULTILEVEL,NOT_REPORTED,absolute,IDEALIZED_SINGLE_PAIR_GRADUAL,IDEALIZED_GRADUAL_MAPPING,128,6,63,0,2,8,203264,16,256,4096,93.22,3.010000000000005,96.23282690259741,0.025565456923823848,96.20726144567358,3.0128269025974106,3.0128269025974106,False,LEAVE_ONE_STUDY_OUT,10.1038/s41598-019-44607-3,TiOx_02_Ni,10.1038/s41598-019-44607-3,TiOx,6,6,5,False
TiOx_02_Ni,10.1038/s41598-019-44607-3,TiOx,1.10723,0.0442378443254261,0,0,GRADUAL_MULTILEVEL,NOT_REPORTED,absolute,IDEALIZED_SINGLE_PAIR_GRADUAL,IDEALIZED_GRADUAL_MAPPING,128,4,15,0,2,8,203264,16,256,4096,93.11,3.1200000000000045,96.07739184126984,0.0436191442427919,96.03377269702705,2.967391841269844,2.967391841269844,False,LEAVE_ONE_STUDY_OUT,10.1038/s41598-019-44607-3,TiOx_02_Ni,10.1038/s41598-019-44607-3,TiOx,6,6,5,False
TiOx_02_Ni,10.1038/s41598-019-44607-3,TiOx,1.10723,0.0442378443254261,0,0,GRADUAL_MULTILEVEL,NOT_REPORTED,absolute,IDEALIZED_SINGLE_PAIR_GRADUAL,IDEALIZED_GRADUAL_MAPPING,128,7,127,0,2,8,203264,16,256,4096,92.9,3.3299999999999983,96.21890576767677,0.02288519625540093,96.19602057142137,3.3189057676767675,3.3189057676767675,False,LEAVE_ONE_STUDY_OUT,10.1038/s41598-019-44607-3,TiOx_02_Ni,10.1038/s41598-019-44607-3,TiOx,6,6,5,False
TiOx_02_Ni,10.1038/s41598-019-44607-3,TiOx,1.10723,0.0442378443254261,0,0,GRADUAL_MULTILEVEL,NOT_REPORTED,absolute,IDEALIZED_SINGLE_PAIR_GRADUAL,IDEALIZED_GRADUAL_MAPPING,128,8,255,0,2,8,203264,16,256,4096,92.87,3.3599999999999994,96.20335228354979,0.02882468248833397,96.17452760106146,3.333352283549786,3.333352283549786,False,LEAVE_ONE_STUDY_OUT,10.1038/s41598-019-44607-3,TiOx_02_Ni,10.1038/s41598-019-44607-3,TiOx,6,6,5,False
TiOx_02_Ni,10.1038/s41598-019-44607-3,TiOx,1.10723,0.0442378443254261,0,0,GRADUAL_MULTILEVEL,NOT_REPORTED,absolute,IDEALIZED_SINGLE_PAIR_GRADUAL,IDEALIZED_GRADUAL_MAPPING,256,6,63,0,2,8,203264,10,256,2560,92.8,3.430000000000007,96.21806151370852,0.03163451919880061,96.18642699450972,3.4180615137085226,3.4180615137085226,False,LEAVE_ONE_STUDY_OUT,10.1038/s41598-019-44607-3,TiOx_02_Ni,10.1038/s41598-019-44607-3,TiOx,6,6,5,False
TiOx_02_Ni,10.1038/s41598-019-44607-3,TiOx,1.10723,0.0442378443254261,0,0,GRADUAL_MULTILEVEL,NOT_REPORTED,absolute,IDEALIZED_SINGLE_PAIR_GRADUAL,IDEALIZED_GRADUAL_MAPPING,256,8,255,0,2,8,203264,10,256,2560,92.69,3.5400000000000063,96.19642781529582,0.032395280679624196,96.1640325346162,3.5064278152958224,3.5064278152958224,False,LEAVE_ONE_STUDY_OUT,10.1038/s41598-019-44607-3,TiOx_02_Ni,10.1038/s41598-019-44607-3,TiOx,6,6,5,False
TiOx_02_Ni,10.1038/s41598-019-44607-3,TiOx,1.10723,0.0442378443254261,0,0,GRADUAL_MULTILEVEL,NOT_REPORTED,absolute,IDEALIZED_SINGLE_PAIR_GRADUAL,IDEALIZED_GRADUAL_MAPPING,256,4,15,0,2,8,203264,10,256,2560,92.69,3.5400000000000063,96.068488515873,0.050855804711248516,96.01763271116175,3.378488515873002,3.378488515873002,False,LEAVE_ONE_STUDY_OUT,10.1038/s41598-019-44607-3,TiOx_02_Ni,10.1038/s41598-019-44607-3,TiOx,6,6,5,False
TiOx_02_Ni,10.1038/s41598-019-44607-3,TiOx,1.10723,0.0442378443254261,0,0,GRADUAL_MULTILEVEL,NOT_REPORTED,absolute,IDEALIZED_SINGLE_PAIR_GRADUAL,IDEALIZED_GRADUAL_MAPPING,128,5,31,0,2,8,203264,16,256,4096,92.67,3.5600000000000023,96.14654957936507,0.05381855541869772,96.09273102394637,3.47654957936507,3.47654957936507,False,LEAVE_ONE_STUDY_OUT,10.1038/s41598-019-44607-3,TiOx_02_Ni,10.1038/s41598-019-44607-3,TiOx,6,6,5,False
TiOx_02_Ni,10.1038/s41598-019-44607-3,TiOx,1.10723,0.0442378443254261,0,0,GRADUAL_MULTILEVEL,NOT_REPORTED,absolute,IDEALIZED_SINGLE_PAIR_GRADUAL,IDEALIZED_GRADUAL_MAPPING,16,6,63,0,2,6,203264,800,64,51200,92.63,3.6000000000000085,96.03713786507936,0.11754882873617457,95.91958903634318,3.4071378650793633,3.4071378650793633,False,LEAVE_ONE_STUDY_OUT,10.1038/s41598-019-44607-3,TiOx_02_Ni,10.1038/s41598-019-44607-3,TiOx,6,6,5,False
TiOx_02_Ni,10.1038/s41598-019-44607-3,TiOx,1.10723,0.0442378443254261,0,0,GRADUAL_MULTILEVEL,NOT_REPORTED,absolute,IDEALIZED_SINGLE_PAIR_GRADUAL,IDEALIZED_GRADUAL_MAPPING,256,7,127,0,2,8,203264,10,256,2560,92.62,3.61,96.21592345815296,0.0271127042118148,96.18881075394114,3.595923458152953,3.595923458152953,False,LEAVE_ONE_STUDY_OUT,10.1038/s41598-019-44607-3,TiOx_02_Ni,10.1038/s41598-019-44607-3,TiOx,6,6,5,False
TiOx_02_Ni,10.1038/s41598-019-44607-3,TiOx,1.10723,0.0442378443254261,0,0,GRADUAL_MULTILEVEL,NOT_REPORTED,absolute,IDEALIZED_SINGLE_PAIR_GRADUAL,IDEALIZED_GRADUAL_MAPPING,16,7,127,0,2,6,203264,800,64,51200,92.54,3.6899999999999977,96.06560031746031,0.08791223644371632,95.9776880810166,3.5256003174603023,3.5256003174603023,False,LEAVE_ONE_STUDY_OUT,10.1038/s41598-019-44607-3,TiOx_02_Ni,10.1038/s41598-019-44607-3,TiOx,6,6,5,False
TiOx_02_Ni,10.1038/s41598-019-44607-3,TiOx,1.10723,0.0442378443254261,0,0,GRADUAL_MULTILEVEL,NOT_REPORTED,absolute,IDEALIZED_SINGLE_PAIR_GRADUAL,IDEALIZED_GRADUAL_MAPPING,16,8,255,0,2,6,203264,800,64,51200,92.52,3.710000000000008,96.06479965079366,0.08906248254937815,95.97573716824428,3.5447996507936637,3.5447996507936637,False,LEAVE_ONE_STUDY_OUT,10.1038/s41598-019-44607-3,TiOx_02_Ni,10.1038/s41598-019-44607-3,TiOx,6,6,5,False
TiOx_02_Ni,10.1038/s41598-019-44607-3,TiOx,1.10723,0.0442378443254261,0,0,GRADUAL_MULTILEVEL,NOT_REPORTED,absolute,IDEALIZED_SINGLE_PAIR_GRADUAL,IDEALIZED_GRADUAL_MAPPING,16,5,31,0,2,6,203264,800,64,51200,92.36,3.870000000000005,95.97420162698414,0.1338213944283726,95.84038023255577,3.6142016269841406,3.6142016269841406,False,LEAVE_ONE_STUDY_OUT,10.1038/s41598-019-44607-3,TiOx_02_Ni,10.1038/s41598-019-44607-3,TiOx,6,6,5,False
TiOx_02_Ni,10.1038/s41598-019-44607-3,TiOx,1.10723,0.0442378443254261,0,0,GRADUAL_MULTILEVEL,NOT_REPORTED,absolute,IDEALIZED_SINGLE_PAIR_GRADUAL,IDEALIZED_GRADUAL_MAPPING,16,3,7,0,2,10,203264,800,1024,819200,92.17,4.060000000000002,92.2212618968254,0.011982064699969873,92.20927983212543,0.051261896825394615,0.051261896825394615,False,LEAVE_ONE_STUDY_OUT,10.1038/s41598-019-44607-3,TiOx_02_Ni,10.1038/s41598-019-44607-3,TiOx,6,6,5,False
TiOx_02_Ni,10.1038/s41598-019-44607-3,TiOx,1.10723,0.0442378443254261,0,0,GRADUAL_MULTILEVEL,NOT_REPORTED,absolute,IDEALIZED_SINGLE_PAIR_GRADUAL,IDEALIZED_GRADUAL_MAPPING,256,5,31,0,2,8,203264,10,256,2560,92.15,4.079999999999998,96.10770935714285,0.06820083286760609,96.03950852427525,3.9577093571428463,3.9577093571428463,False,LEAVE_ONE_STUDY_OUT,10.1038/s41598-019-44607-3,TiOx_02_Ni,10.1038/s41598-019-44607-3,TiOx,6,6,5,False
TiOx_02_Ni,10.1038/s41598-019-44607-3,TiOx,1.10723,0.0442378443254261,0,0,GRADUAL_MULTILEVEL,NOT_REPORTED,absolute,IDEALIZED_SINGLE_PAIR_GRADUAL,IDEALIZED_GRADUAL_MAPPING,32,3,7,0,2,10,203264,208,1024,212992,92.09,4.140000000000001,92.22317584920636,0.01215732270486335,92.21101852650149,0.13317584920635284,0.13317584920635284,False,LEAVE_ONE_STUDY_OUT,10.1038/s41598-019-44607-3,TiOx_02_Ni,10.1038/s41598-019-44607-3,TiOx,6,6,5,False
TiOx_02_Ni,10.1038/s41598-019-44607-3,TiOx,1.10723,0.0442378443254261,0,0,GRADUAL_MULTILEVEL,NOT_REPORTED,absolute,IDEALIZED_SINGLE_PAIR_GRADUAL,IDEALIZED_GRADUAL_MAPPING,64,3,7,0,2,10,203264,56,1024,57344,92.02,4.210000000000008,92.22322494444444,0.01948066540088323,92.20374427904356,0.20322494444444317,0.20322494444444317,False,LEAVE_ONE_STUDY_OUT,10.1038/s41598-019-44607-3,TiOx_02_Ni,10.1038/s41598-019-44607-3,TiOx,6,6,5,False
TiOx_02_Ni,10.1038/s41598-019-44607-3,TiOx,1.10723,0.0442378443254261,0,0,GRADUAL_MULTILEVEL,NOT_REPORTED,absolute,IDEALIZED_SINGLE_PAIR_GRADUAL,IDEALIZED_GRADUAL_MAPPING,16,3,7,0,2,9,203264,800,512,409600,92.0,4.230000000000004,92.2105190952381,0.031276048285163706,92.17924304695293,0.21051909523809798,0.21051909523809798,False,LEAVE_ONE_STUDY_OUT,10.1038/s41598-019-44607-3,TiOx_02_Ni,10.1038/s41598-019-44607-3,TiOx,6,6,5,False
TiOx_02_Ni,10.1038/s41598-019-44607-3,TiOx,1.10723,0.0442378443254261,0,0,GRADUAL_MULTILEVEL,NOT_REPORTED,absolute,IDEALIZED_SINGLE_PAIR_GRADUAL,IDEALIZED_GRADUAL_MAPPING,256,3,7,0,2,10,203264,10,1024,10240,91.98,4.25,92.20594283333334,0.06027946964439952,92.14566336368894,0.22594283333333465,0.22594283333333465,False,LEAVE_ONE_STUDY_OUT,10.1038/s41598-019-44607-3,TiOx_02_Ni,10.1038/s41598-019-44607-3,TiOx,6,6,5,False
TiOx_02_Ni,10.1038/s41598-019-44607-3,TiOx,1.10723,0.0442378443254261,0,0,GRADUAL_MULTILEVEL,NOT_REPORTED,absolute,IDEALIZED_SINGLE_PAIR_GRADUAL,IDEALIZED_GRADUAL_MAPPING,128,3,7,0,2,10,203264,16,1024,16384,91.93,4.299999999999997,92.19689461904761,0.05540017146468322,92.14149444758293,0.2668946190476049,0.2668946190476049,False,LEAVE_ONE_STUDY_OUT,10.1038/s41598-019-44607-3,TiOx_02_Ni,10.1038/s41598-019-44607-3,TiOx,6,6,5,False
TiOx_02_Ni,10.1038/s41598-019-44607-3,TiOx,1.10723,0.0442378443254261,0,0,GRADUAL_MULTILEVEL,NOT_REPORTED,absolute,IDEALIZED_SINGLE_PAIR_GRADUAL,IDEALIZED_GRADUAL_MAPPING,16,4,15,0,2,6,203264,800,64,51200,91.86,4.3700000000000045,95.95804296031746,0.14323794788131344,95.81480501243614,4.098042960317457,4.098042960317457,False,LEAVE_ONE_STUDY_OUT,10.1038/s41598-019-44607-3,TiOx_02_Ni,10.1038/s41598-019-44607-3,TiOx,6,6,5,False
TiOx_02_Ni,10.1038/s41598-019-44607-3,TiOx,1.10723,0.0442378443254261,0,0,GRADUAL_MULTILEVEL,NOT_REPORTED,absolute,IDEALIZED_SINGLE_PAIR_GRADUAL,IDEALIZED_GRADUAL_MAPPING,64,6,63,0,2,7,203264,56,128,7168,91.61,4.6200000000000045,96.16480453968254,0.05131800715706808,96.11348653252547,4.554804539682536,4.554804539682536,False,LEAVE_ONE_STUDY_OUT,10.1038/s41598-019-44607-3,TiOx_02_Ni,10.1038/s41598-019-44607-3,TiOx,6,6,5,False
TiOx_02_Ni,10.1038/s41598-019-44607-3,TiOx,1.10723,0.0442378443254261,0,0,GRADUAL_MULTILEVEL,NOT_REPORTED,absolute,IDEALIZED_SINGLE_PAIR_GRADUAL,IDEALIZED_GRADUAL_MAPPING,64,8,255,0,2,7,203264,56,128,7168,91.55,4.680000000000007,96.12459612698413,0.05627794273568572,96.06831818424844,4.574596126984133,4.574596126984133,False,LEAVE_ONE_STUDY_OUT,10.1038/s41598-019-44607-3,TiOx_02_Ni,10.1038/s41598-019-44607-3,TiOx,6,6,5,False
TiOx_02_Ni,10.1038/s41598-019-44607-3,TiOx,1.10723,0.0442378443254261,0,0,GRADUAL_MULTILEVEL,NOT_REPORTED,absolute,IDEALIZED_SINGLE_PAIR_GRADUAL,IDEALIZED_GRADUAL_MAPPING,32,3,7,0,2,9,203264,208,512,106496,91.54,4.689999999999998,92.2127638095238,0.03329145070293303,92.17947235882087,0.6727638095238007,0.6727638095238007,False,LEAVE_ONE_STUDY_OUT,10.1038/s41598-019-44607-3,TiOx_02_Ni,10.1038/s41598-019-44607-3,TiOx,6,6,5,False
TiOx_02_Ni,10.1038/s41598-019-44607-3,TiOx,1.10723,0.0442378443254261,0,0,GRADUAL_MULTILEVEL,NOT_REPORTED,absolute,IDEALIZED_SINGLE_PAIR_GRADUAL,IDEALIZED_GRADUAL_MAPPING,64,7,127,0,2,7,203264,56,128,7168,91.37,4.859999999999999,96.13692729365079,0.057425037234830875,96.07950225641595,4.766927293650781,4.766927293650781,False,LEAVE_ONE_STUDY_OUT,10.1038/s41598-019-44607-3,TiOx_02_Ni,10.1038/s41598-019-44607-3,TiOx,6,6,5,False
TiOx_02_Ni,10.1038/s41598-019-44607-3,TiOx,1.10723,0.0442378443254261,0,0,GRADUAL_MULTILEVEL,NOT_REPORTED,absolute,IDEALIZED_SINGLE_PAIR_GRADUAL,IDEALIZED_GRADUAL_MAPPING,16,3,7,0,2,8,203264,800,256,204800,91.35,4.88000000000001,92.0599864047619,0.06580705661263345,91.99417934814927,0.7099864047619064,0.7099864047619064,False,LEAVE_ONE_STUDY_OUT,10.1038/s41598-019-44607-3,TiOx_02_Ni,10.1038/s41598-019-44607-3,TiOx,6,6,5,False
TiOx_02_Ni,10.1038/s41598-019-44607-3,TiOx,1.10723,0.0442378443254261,0,0,GRADUAL_MULTILEVEL,NOT_REPORTED,absolute,IDEALIZED_SINGLE_PAIR_GRADUAL,IDEALIZED_GRADUAL_MAPPING,32,3,7,0,2,8,203264,208,256,53248,91.25,4.980000000000004,92.05690507142857,0.06959602831108719,91.98730904311749,0.8069050714285737,0.8069050714285737,False,LEAVE_ONE_STUDY_OUT,10.1038/s41598-019-44607-3,TiOx_02_Ni,10.1038/s41598-019-44607-3,TiOx,6,6,5,False
TiOx_02_Ni,10.1038/s41598-019-44607-3,TiOx,1.10723,0.0442378443254261,0,0,GRADUAL_MULTILEVEL,NOT_REPORTED,absolute,IDEALIZED_SINGLE_PAIR_GRADUAL,IDEALIZED_GRADUAL_MAPPING,64,3,7,0,2,9,203264,56,512,28672,91.16,5.070000000000007,92.20960292857143,0.042890821135638024,92.16671210743579,1.0496029285714314,1.0496029285714314,False,LEAVE_ONE_STUDY_OUT,10.1038/s41598-019-44607-3,TiOx_02_Ni,10.1038/s41598-019-44607-3,TiOx,6,6,5,False
TiOx_02_Ni,10.1038/s41598-019-44607-3,TiOx,1.10723,0.0442378443254261,0,0,GRADUAL_MULTILEVEL,NOT_REPORTED,absolute,IDEALIZED_SINGLE_PAIR_GRADUAL,IDEALIZED_GRADUAL_MAPPING,128,3,7,0,2,9,203264,16,512,8192,91.11,5.1200000000000045,92.174007,0.05955836887082161,92.11444863112918,1.0640070000000037,1.0640070000000037,False,LEAVE_ONE_STUDY_OUT,10.1038/s41598-019-44607-3,TiOx_02_Ni,10.1038/s41598-019-44607-3,TiOx,6,6,5,False
TiOx_02_Ni,10.1038/s41598-019-44607-3,TiOx,1.10723,0.0442378443254261,0,0,GRADUAL_MULTILEVEL,NOT_REPORTED,absolute,IDEALIZED_SINGLE_PAIR_GRADUAL,IDEALIZED_GRADUAL_MAPPING,256,3,7,0,2,9,203264,10,512,5120,91.06,5.170000000000002,92.1828835,0.06655640059525884,92.11632709940474,1.1228835000000004,1.1228835000000004,False,LEAVE_ONE_STUDY_OUT,10.1038/s41598-019-44607-3,TiOx_02_Ni,10.1038/s41598-019-44607-3,TiOx,6,6,5,False
TiOx_02_Ni,10.1038/s41598-019-44607-3,TiOx,1.10723,0.0442378443254261,0,0,GRADUAL_MULTILEVEL,NOT_REPORTED,absolute,IDEALIZED_SINGLE_PAIR_GRADUAL,IDEALIZED_GRADUAL_MAPPING,64,4,15,0,2,7,203264,56,128,7168,91.03,5.200000000000003,95.9168220079365,0.12006028307701673,95.79676172485948,4.886822007936502,4.886822007936502,False,LEAVE_ONE_STUDY_OUT,10.1038/s41598-019-44607-3,TiOx_02_Ni,10.1038/s41598-019-44607-3,TiOx,6,6,5,False
TiOx_02_Ni,10.1038/s41598-019-44607-3,TiOx,1.10723,0.0442378443254261,0,0,GRADUAL_MULTILEVEL,NOT_REPORTED,absolute,IDEALIZED_SINGLE_PAIR_GRADUAL,IDEALIZED_GRADUAL_MAPPING,64,5,31,0,2,7,203264,56,128,7168,90.94,5.290000000000006,96.07893787301587,0.10408286027812831,95.97485501273775,5.138937873015877,5.138937873015877,False,LEAVE_ONE_STUDY_OUT,10.1038/s41598-019-44607-3,TiOx_02_Ni,10.1038/s41598-019-44607-3,TiOx,6,6,5,False
TiOx_02_Ni,10.1038/s41598-019-44607-3,TiOx,1.10723,0.0442378443254261,0,0,GRADUAL_MULTILEVEL,NOT_REPORTED,absolute,IDEALIZED_SINGLE_PAIR_GRADUAL,IDEALIZED_GRADUAL_MAPPING,64,3,7,0,2,8,203264,56,256,14336,90.53,5.700000000000003,92.03711985714286,0.07458729626507066,91.96253256087779,1.507119857142854,1.507119857142854,False,LEAVE_ONE_STUDY_OUT,10.1038/s41598-019-44607-3,TiOx_02_Ni,10.1038/s41598-019-44607-3,TiOx,6,6,5,False
TiOx_02_Ni,10.1038/s41598-019-44607-3,TiOx,1.10723,0.0442378443254261,0,0,GRADUAL_MULTILEVEL,NOT_REPORTED,absolute,IDEALIZED_SINGLE_PAIR_GRADUAL,IDEALIZED_GRADUAL_MAPPING,32,4,15,0,2,6,203264,208,64,13312,90.0,6.230000000000004,95.74731969047619,0.08824125709900518,95.65907843337719,5.747319690476189,5.747319690476189,False,LEAVE_ONE_STUDY_OUT,10.1038/s41598-019-44607-3,TiOx_02_Ni,10.1038/s41598-019-44607-3,TiOx,6,6,5,False
TiOx_02_Ni,10.1038/s41598-019-44607-3,TiOx,1.10723,0.0442378443254261,0,0,GRADUAL_MULTILEVEL,NOT_REPORTED,absolute,IDEALIZED_SINGLE_PAIR_GRADUAL,IDEALIZED_GRADUAL_MAPPING,32,6,63,0,2,6,203264,208,64,13312,89.54,6.689999999999998,95.80501146825397,0.10708641458327212,95.69792505367069,6.2650114682539595,6.2650114682539595,False,LEAVE_ONE_STUDY_OUT,10.1038/s41598-019-44607-3,TiOx_02_Ni,10.1038/s41598-019-44607-3,TiOx,6,6,5,False
TiOx_02_Ni,10.1038/s41598-019-44607-3,TiOx,1.10723,0.0442378443254261,0,0,GRADUAL_MULTILEVEL,NOT_REPORTED,absolute,IDEALIZED_SINGLE_PAIR_GRADUAL,IDEALIZED_GRADUAL_MAPPING,32,8,255,0,2,6,203264,208,64,13312,89.4,6.829999999999998,95.83670492063492,0.10885486647159641,95.72785005416331,6.436704920634909,6.436704920634909,False,LEAVE_ONE_STUDY_OUT,10.1038/s41598-019-44607-3,TiOx_02_Ni,10.1038/s41598-019-44607-3,TiOx,6,6,5,False
TiOx_02_Ni,10.1038/s41598-019-44607-3,TiOx,1.10723,0.0442378443254261,0,0,GRADUAL_MULTILEVEL,NOT_REPORTED,absolute,IDEALIZED_SINGLE_PAIR_GRADUAL,IDEALIZED_GRADUAL_MAPPING,16,3,7,0,2,7,203264,800,128,102400,89.31,6.920000000000002,91.77119826984129,0.23610691136243536,91.53509135847885,2.46119826984129,2.46119826984129,False,LEAVE_ONE_STUDY_OUT,10.1038/s41598-019-44607-3,TiOx_02_Ni,10.1038/s41598-019-44607-3,TiOx,6,6,5,False
TiOx_02_Ni,10.1038/s41598-019-44607-3,TiOx,1.10723,0.0442378443254261,0,0,GRADUAL_MULTILEVEL,NOT_REPORTED,absolute,IDEALIZED_SINGLE_PAIR_GRADUAL,IDEALIZED_GRADUAL_MAPPING,32,7,127,0,2,6,203264,208,64,13312,89.22,7.010000000000005,95.83804558730161,0.1091049061616447,95.72894068113996,6.618045587301609,6.618045587301609,False,LEAVE_ONE_STUDY_OUT,10.1038/s41598-019-44607-3,TiOx_02_Ni,10.1038/s41598-019-44607-3,TiOx,6,6,5,False
TiOx_02_Ni,10.1038/s41598-019-44607-3,TiOx,1.10723,0.0442378443254261,0,0,GRADUAL_MULTILEVEL,NOT_REPORTED,absolute,IDEALIZED_SINGLE_PAIR_GRADUAL,IDEALIZED_GRADUAL_MAPPING,128,3,7,0,2,8,203264,16,256,4096,88.96,7.27000000000001,91.99319630952381,0.08379932263157365,91.90939698689223,3.0331963095238166,3.0331963095238166,False,LEAVE_ONE_STUDY_OUT,10.1038/s41598-019-44607-3,TiOx_02_Ni,10.1038/s41598-019-44607-3,TiOx,6,6,5,False
TiOx_02_Ni,10.1038/s41598-019-44607-3,TiOx,1.10723,0.0442378443254261,0,0,GRADUAL_MULTILEVEL,NOT_REPORTED,absolute,IDEALIZED_SINGLE_PAIR_GRADUAL,IDEALIZED_GRADUAL_MAPPING,32,5,31,0,2,6,203264,208,64,13312,88.58,7.650000000000006,95.75777764285714,0.09585819305092139,95.66191944980622,7.177777642857137,7.177777642857137,False,LEAVE_ONE_STUDY_OUT,10.1038/s41598-019-44607-3,TiOx_02_Ni,10.1038/s41598-019-44607-3,TiOx,6,6,5,False
TiOx_02_Ni,10.1038/s41598-019-44607-3,TiOx,1.10723,0.0442378443254261,0,0,GRADUAL_MULTILEVEL,NOT_REPORTED,absolute,IDEALIZED_SINGLE_PAIR_GRADUAL,IDEALIZED_GRADUAL_MAPPING,256,3,7,0,2,8,203264,10,256,2560,87.94,8.290000000000006,91.99121926190477,0.08838803312685993,91.90283122877791,4.051219261904777,4.051219261904777,False,LEAVE_ONE_STUDY_OUT,10.1038/s41598-019-44607-3,TiOx_02_Ni,10.1038/s41598-019-44607-3,TiOx,6,6,5,False
TiOx_02_Ni,10.1038/s41598-019-44607-3,TiOx,1.10723,0.0442378443254261,0,0,GRADUAL_MULTILEVEL,NOT_REPORTED,absolute,IDEALIZED_SINGLE_PAIR_GRADUAL,IDEALIZED_GRADUAL_MAPPING,128,6,63,0,2,7,203264,16,128,2048,85.27,10.960000000000008,95.9769931984127,0.09027035070946202,95.88672284770324,10.706993198412704,10.706993198412704,False,LEAVE_ONE_STUDY_OUT,10.1038/s41598-019-44607-3,TiOx_02_Ni,10.1038/s41598-019-44607-3,TiOx,6,6,5,False
TiOx_02_Ni,10.1038/s41598-019-44607-3,TiOx,1.10723,0.0442378443254261,0,0,GRADUAL_MULTILEVEL,NOT_REPORTED,absolute,IDEALIZED_SINGLE_PAIR_GRADUAL,IDEALIZED_GRADUAL_MAPPING,128,8,255,0,2,7,203264,16,128,2048,85.0,11.230000000000004,95.88494420707072,0.07515052296234831,95.80979368410837,10.884944207070717,10.884944207070717,False,LEAVE_ONE_STUDY_OUT,10.1038/s41598-019-44607-3,TiOx_02_Ni,10.1038/s41598-019-44607-3,TiOx,6,6,5,False
TiOx_02_Ni,10.1038/s41598-019-44607-3,TiOx,1.10723,0.0442378443254261,0,0,GRADUAL_MULTILEVEL,NOT_REPORTED,absolute,IDEALIZED_SINGLE_PAIR_GRADUAL,IDEALIZED_GRADUAL_MAPPING,128,7,127,0,2,7,203264,16,128,2048,84.83,11.400000000000006,95.90747492135642,0.07743530978080905,95.83003961157561,11.077474921356426,11.077474921356426,False,LEAVE_ONE_STUDY_OUT,10.1038/s41598-019-44607-3,TiOx_02_Ni,10.1038/s41598-019-44607-3,TiOx,6,6,5,False
TiOx_02_Ni,10.1038/s41598-019-44607-3,TiOx,1.10723,0.0442378443254261,0,0,GRADUAL_MULTILEVEL,NOT_REPORTED,absolute,IDEALIZED_SINGLE_PAIR_GRADUAL,IDEALIZED_GRADUAL_MAPPING,32,3,7,0,2,7,203264,208,128,26624,84.82,11.41000000000001,91.76727703174602,0.23480804639653674,91.53246898534948,6.947277031746026,6.947277031746026,False,LEAVE_ONE_STUDY_OUT,10.1038/s41598-019-44607-3,TiOx_02_Ni,10.1038/s41598-019-44607-3,TiOx,6,6,5,False
TiOx_02_Ni,10.1038/s41598-019-44607-3,TiOx,1.10723,0.0442378443254261,0,0,GRADUAL_MULTILEVEL,NOT_REPORTED,absolute,IDEALIZED_SINGLE_PAIR_GRADUAL,IDEALIZED_GRADUAL_MAPPING,16,3,7,0,2,6,203264,800,64,51200,84.44,11.790000000000006,90.36778876190476,1.0219804775488361,89.34580828435593,5.927788761904765,5.927788761904765,False,LEAVE_ONE_STUDY_OUT,10.1038/s41598-019-44607-3,TiOx_02_Ni,10.1038/s41598-019-44607-3,TiOx,6,6,5,False
TiOx_02_Ni,10.1038/s41598-019-44607-3,TiOx,1.10723,0.0442378443254261,0,0,GRADUAL_MULTILEVEL,NOT_REPORTED,absolute,IDEALIZED_SINGLE_PAIR_GRADUAL,IDEALIZED_GRADUAL_MAPPING,128,5,31,0,2,7,203264,16,128,2048,84.41,11.820000000000007,95.94652984920636,0.1311857880923648,95.81534406111399,11.53652984920636,11.53652984920636,False,LEAVE_ONE_STUDY_OUT,10.1038/s41598-019-44607-3,TiOx_02_Ni,10.1038/s41598-019-44607-3,TiOx,6,6,5,False
TiOx_02_Ni,10.1038/s41598-019-44607-3,TiOx,1.10723,0.0442378443254261,0,0,GRADUAL_MULTILEVEL,NOT_REPORTED,absolute,IDEALIZED_SINGLE_PAIR_GRADUAL,IDEALIZED_GRADUAL_MAPPING,128,4,15,0,2,7,203264,16,128,2048,84.08,12.150000000000006,95.83602886507937,0.11750221970308906,95.71852664537629,11.756028865079372,11.756028865079372,False,LEAVE_ONE_STUDY_OUT,10.1038/s41598-019-44607-3,TiOx_02_Ni,10.1038/s41598-019-44607-3,TiOx,6,6,5,False
TiOx_02_Ni,10.1038/s41598-019-44607-3,TiOx,1.10723,0.0442378443254261,0,0,GRADUAL_MULTILEVEL,NOT_REPORTED,absolute,IDEALIZED_SINGLE_PAIR_GRADUAL,IDEALIZED_GRADUAL_MAPPING,64,4,15,0,2,6,203264,56,64,3584,82.65,13.579999999999998,95.34248182539683,0.10813490226087664,95.23434692313596,12.692481825396825,12.692481825396825,False,LEAVE_ONE_STUDY_OUT,10.1038/s41598-019-44607-3,TiOx_02_Ni,10.1038/s41598-019-44607-3,TiOx,6,6,5,False
TiOx_02_Ni,10.1038/s41598-019-44607-3,TiOx,1.10723,0.0442378443254261,0,0,GRADUAL_MULTILEVEL,NOT_REPORTED,absolute,IDEALIZED_SINGLE_PAIR_GRADUAL,IDEALIZED_GRADUAL_MAPPING,64,6,63,0,2,6,203264,56,64,3584,81.45,14.78,95.38600776190476,0.10819689714054016,95.27781086476422,13.936007761904762,13.936007761904762,False,LEAVE_ONE_STUDY_OUT,10.1038/s41598-019-44607-3,TiOx_02_Ni,10.1038/s41598-019-44607-3,TiOx,6,6,5,False
TiOx_02_Ni,10.1038/s41598-019-44607-3,TiOx,1.10723,0.0442378443254261,0,0,GRADUAL_MULTILEVEL,NOT_REPORTED,absolute,IDEALIZED_SINGLE_PAIR_GRADUAL,IDEALIZED_GRADUAL_MAPPING,64,7,127,0,2,6,203264,56,64,3584,81.3,14.930000000000009,95.41604345238096,0.11371004499858475,95.30233340738238,14.116043452380964,14.116043452380964,False,LEAVE_ONE_STUDY_OUT,10.1038/s41598-019-44607-3,TiOx_02_Ni,10.1038/s41598-019-44607-3,TiOx,6,6,5,False
TiOx_02_Ni,10.1038/s41598-019-44607-3,TiOx,1.10723,0.0442378443254261,0,0,GRADUAL_MULTILEVEL,NOT_REPORTED,absolute,IDEALIZED_SINGLE_PAIR_GRADUAL,IDEALIZED_GRADUAL_MAPPING,64,8,255,0,2,6,203264,56,64,3584,81.27,14.960000000000008,95.4148667857143,0.11016334650472552,95.30470343920958,14.1448667857143,14.1448667857143,False,LEAVE_ONE_STUDY_OUT,10.1038/s41598-019-44607-3,TiOx_02_Ni,10.1038/s41598-019-44607-3,TiOx,6,6,5,False
TiOx_02_Ni,10.1038/s41598-019-44607-3,TiOx,1.10723,0.0442378443254261,0,0,GRADUAL_MULTILEVEL,NOT_REPORTED,absolute,IDEALIZED_SINGLE_PAIR_GRADUAL,IDEALIZED_GRADUAL_MAPPING,64,5,31,0,2,6,203264,56,64,3584,81.17,15.060000000000002,95.34367782539682,0.1108662489101516,95.23281157648667,14.173677825396823,14.173677825396823,False,LEAVE_ONE_STUDY_OUT,10.1038/s41598-019-44607-3,TiOx_02_Ni,10.1038/s41598-019-44607-3,TiOx,6,6,5,False
TiOx_02_Ni,10.1038/s41598-019-44607-3,TiOx,1.10723,0.0442378443254261,0,0,GRADUAL_MULTILEVEL,NOT_REPORTED,absolute,IDEALIZED_SINGLE_PAIR_GRADUAL,IDEALIZED_GRADUAL_MAPPING,64,3,7,0,2,7,203264,56,128,7168,80.3,15.930000000000009,91.65870517460318,0.23110952107834432,91.42759565352485,11.358705174603188,11.358705174603188,False,LEAVE_ONE_STUDY_OUT,10.1038/s41598-019-44607-3,TiOx_02_Ni,10.1038/s41598-019-44607-3,TiOx,6,6,5,False
TiOx_02_Ni,10.1038/s41598-019-44607-3,TiOx,1.10723,0.0442378443254261,0,0,GRADUAL_MULTILEVEL,NOT_REPORTED,absolute,IDEALIZED_SINGLE_PAIR_GRADUAL,IDEALIZED_GRADUAL_MAPPING,256,4,15,0,2,7,203264,10,128,1280,75.99,20.24000000000001,95.83501405555558,0.11613005263514369,95.71888400292043,19.84501405555558,19.84501405555558,False,LEAVE_ONE_STUDY_OUT,10.1038/s41598-019-44607-3,TiOx_02_Ni,10.1038/s41598-019-44607-3,TiOx,6,6,5,False
TiOx_02_Ni,10.1038/s41598-019-44607-3,TiOx,1.10723,0.0442378443254261,0,0,GRADUAL_MULTILEVEL,NOT_REPORTED,absolute,IDEALIZED_SINGLE_PAIR_GRADUAL,IDEALIZED_GRADUAL_MAPPING,256,6,63,0,2,7,203264,10,128,1280,75.86,20.370000000000005,95.98472924603176,0.08290884427852384,95.90182040175324,20.124729246031762,20.124729246031762,False,LEAVE_ONE_STUDY_OUT,10.1038/s41598-019-44607-3,TiOx_02_Ni,10.1038/s41598-019-44607-3,TiOx,6,6,5,False
TiOx_02_Ni,10.1038/s41598-019-44607-3,TiOx,1.10723,0.0442378443254261,0,0,GRADUAL_MULTILEVEL,NOT_REPORTED,absolute,IDEALIZED_SINGLE_PAIR_GRADUAL,IDEALIZED_GRADUAL_MAPPING,256,5,31,0,2,7,203264,10,128,1280,75.63,20.60000000000001,95.92154067460318,0.10702853863600482,95.81451213596718,20.291540674603183,20.291540674603183,False,LEAVE_ONE_STUDY_OUT,10.1038/s41598-019-44607-3,TiOx_02_Ni,10.1038/s41598-019-44607-3,TiOx,6,6,5,False
TiOx_02_Ni,10.1038/s41598-019-44607-3,TiOx,1.10723,0.0442378443254261,0,0,GRADUAL_MULTILEVEL,NOT_REPORTED,absolute,IDEALIZED_SINGLE_PAIR_GRADUAL,IDEALIZED_GRADUAL_MAPPING,256,8,255,0,2,7,203264,10,128,1280,75.47,20.760000000000005,95.89362301659452,0.07377723973364662,95.81984577686087,20.42362301659452,20.42362301659452,False,LEAVE_ONE_STUDY_OUT,10.1038/s41598-019-44607-3,TiOx_02_Ni,10.1038/s41598-019-44607-3,TiOx,6,6,5,False
TiOx_02_Ni,10.1038/s41598-019-44607-3,TiOx,1.10723,0.0442378443254261,0,0,GRADUAL_MULTILEVEL,NOT_REPORTED,absolute,IDEALIZED_SINGLE_PAIR_GRADUAL,IDEALIZED_GRADUAL_MAPPING,256,7,127,0,2,7,203264,10,128,1280,75.43,20.8,95.91616806421357,0.07350762805210695,95.84266043616145,20.486168064213558,20.486168064213558,False,LEAVE_ONE_STUDY_OUT,10.1038/s41598-019-44607-3,TiOx_02_Ni,10.1038/s41598-019-44607-3,TiOx,6,6,5,False
TiOx_02_Ni,10.1038/s41598-019-44607-3,TiOx,1.10723,0.0442378443254261,0,0,GRADUAL_MULTILEVEL,NOT_REPORTED,absolute,IDEALIZED_SINGLE_PAIR_GRADUAL,IDEALIZED_GRADUAL_MAPPING,32,3,7,0,2,6,203264,208,64,13312,72.96,23.27000000000001,90.3170422142857,0.9961221396416519,89.32092007464405,17.357042214285713,17.357042214285713,False,LEAVE_ONE_STUDY_OUT,10.1038/s41598-019-44607-3,TiOx_02_Ni,10.1038/s41598-019-44607-3,TiOx,6,6,5,False
TiOx_02_Ni,10.1038/s41598-019-44607-3,TiOx,1.10723,0.0442378443254261,0,0,GRADUAL_MULTILEVEL,NOT_REPORTED,absolute,IDEALIZED_SINGLE_PAIR_GRADUAL,IDEALIZED_GRADUAL_MAPPING,128,3,7,0,2,7,203264,16,128,2048,68.32,27.91000000000001,91.60756874603176,0.20949127574796475,91.3980774702838,23.287568746031766,23.287568746031766,False,LEAVE_ONE_STUDY_OUT,10.1038/s41598-019-44607-3,TiOx_02_Ni,10.1038/s41598-019-44607-3,TiOx,6,6,5,False
TiOx_02_Ni,10.1038/s41598-019-44607-3,TiOx,1.10723,0.0442378443254261,0,0,GRADUAL_MULTILEVEL,NOT_REPORTED,absolute,IDEALIZED_SINGLE_PAIR_GRADUAL,IDEALIZED_GRADUAL_MAPPING,16,3,7,0,2,5,203264,800,32,25600,66.31,29.92,84.00415811111111,4.463200799991691,79.54095731111941,17.694158111111108,17.694158111111108,False,LEAVE_ONE_STUDY_OUT,10.1038/s41598-019-44607-3,TiOx_02_Ni,10.1038/s41598-019-44607-3,TiOx,6,6,5,False
TiOx_02_Ni,10.1038/s41598-019-44607-3,TiOx,1.10723,0.0442378443254261,0,0,GRADUAL_MULTILEVEL,NOT_REPORTED,absolute,IDEALIZED_SINGLE_PAIR_GRADUAL,IDEALIZED_GRADUAL_MAPPING,128,4,15,0,2,6,203264,16,64,1024,64.3,31.930000000000007,94.3871475952381,0.1481337123219265,94.23901388291618,30.087147595238108,30.087147595238108,False,LEAVE_ONE_STUDY_OUT,10.1038/s41598-019-44607-3,TiOx_02_Ni,10.1038/s41598-019-44607-3,TiOx,6,6,5,False
TiOx_02_Ni,10.1038/s41598-019-44607-3,TiOx,1.10723,0.0442378443254261,0,0,GRADUAL_MULTILEVEL,NOT_REPORTED,absolute,IDEALIZED_SINGLE_PAIR_GRADUAL,IDEALIZED_GRADUAL_MAPPING,256,3,7,0,2,7,203264,10,128,1280,63.8,32.43000000000001,91.60507974603175,0.20664451524155547,91.3984352307902,27.80507974603175,27.80507974603175,False,LEAVE_ONE_STUDY_OUT,10.1038/s41598-019-44607-3,TiOx_02_Ni,10.1038/s41598-019-44607-3,TiOx,6,6,5,False
TiOx_02_Ni,10.1038/s41598-019-44607-3,TiOx,1.10723,0.0442378443254261,0,0,GRADUAL_MULTILEVEL,NOT_REPORTED,absolute,IDEALIZED_SINGLE_PAIR_GRADUAL,IDEALIZED_GRADUAL_MAPPING,128,7,127,0,2,6,203264,16,64,1024,63.6,32.63,94.45917684126984,0.15132110391543616,94.3078557373544,30.859176841269836,30.859176841269836,False,LEAVE_ONE_STUDY_OUT,10.1038/s41598-019-44607-3,TiOx_02_Ni,10.1038/s41598-019-44607-3,TiOx,6,6,5,False
TiOx_02_Ni,10.1038/s41598-019-44607-3,TiOx,1.10723,0.0442378443254261,0,0,GRADUAL_MULTILEVEL,NOT_REPORTED,absolute,IDEALIZED_SINGLE_PAIR_GRADUAL,IDEALIZED_GRADUAL_MAPPING,128,5,31,0,2,6,203264,16,64,1024,63.58,32.650000000000006,94.38629426190477,0.151330777266566,94.2349634846382,30.806294261904767,30.806294261904767,False,LEAVE_ONE_STUDY_OUT,10.1038/s41598-019-44607-3,TiOx_02_Ni,10.1038/s41598-019-44607-3,TiOx,6,6,5,False
TiOx_02_Ni,10.1038/s41598-019-44607-3,TiOx,1.10723,0.0442378443254261,0,0,GRADUAL_MULTILEVEL,NOT_REPORTED,absolute,IDEALIZED_SINGLE_PAIR_GRADUAL,IDEALIZED_GRADUAL_MAPPING,128,8,255,0,2,6,203264,16,64,1024,63.55,32.68000000000001,94.45793984126983,0.14945318968675378,94.30848665158308,30.907939841269837,30.907939841269837,False,LEAVE_ONE_STUDY_OUT,10.1038/s41598-019-44607-3,TiOx_02_Ni,10.1038/s41598-019-44607-3,TiOx,6,6,5,False
TiOx_02_Ni,10.1038/s41598-019-44607-3,TiOx,1.10723,0.0442378443254261,0,0,GRADUAL_MULTILEVEL,NOT_REPORTED,absolute,IDEALIZED_SINGLE_PAIR_GRADUAL,IDEALIZED_GRADUAL_MAPPING,128,6,63,0,2,6,203264,16,64,1024,63.41,32.82000000000001,94.42408734126984,0.15566902949680286,94.26841831177303,31.014087341269843,31.014087341269843,False,LEAVE_ONE_STUDY_OUT,10.1038/s41598-019-44607-3,TiOx_02_Ni,10.1038/s41598-019-44607-3,TiOx,6,6,5,False
TiOx_02_Ni,10.1038/s41598-019-44607-3,TiOx,1.10723,0.0442378443254261,0,0,GRADUAL_MULTILEVEL,NOT_REPORTED,absolute,IDEALIZED_SINGLE_PAIR_GRADUAL,IDEALIZED_GRADUAL_MAPPING,64,3,7,0,2,6,203264,56,64,3584,63.11,33.120000000000005,89.823097,0.9723231247099132,88.85077387529009,26.713097000000005,26.713097000000005,False,LEAVE_ONE_STUDY_OUT,10.1038/s41598-019-44607-3,TiOx_02_Ni,10.1038/s41598-019-44607-3,TiOx,6,6,5,False
TiOx_02_Ni,10.1038/s41598-019-44607-3,TiOx,1.10723,0.0442378443254261,0,0,GRADUAL_MULTILEVEL,NOT_REPORTED,absolute,IDEALIZED_SINGLE_PAIR_GRADUAL,IDEALIZED_GRADUAL_MAPPING,16,4,15,0,2,5,203264,800,32,25600,63.04,33.190000000000005,94.99680499206349,0.22127195119169177,94.77553304087179,31.95680499206349,31.95680499206349,False,LEAVE_ONE_STUDY_OUT,10.1038/s41598-019-44607-3,TiOx_02_Ni,10.1038/s41598-019-44607-3,TiOx,6,6,5,False
TiOx_02_Ni,10.1038/s41598-019-44607-3,TiOx,1.10723,0.0442378443254261,0,0,GRADUAL_MULTILEVEL,NOT_REPORTED,absolute,IDEALIZED_SINGLE_PAIR_GRADUAL,IDEALIZED_GRADUAL_MAPPING,16,5,31,0,2,5,203264,800,32,25600,59.05,37.18000000000001,94.9971449920635,0.22502534000439822,94.7721196520591,35.9471449920635,35.9471449920635,False,LEAVE_ONE_STUDY_OUT,10.1038/s41598-019-44607-3,TiOx_02_Ni,10.1038/s41598-019-44607-3,TiOx,6,6,5,False
TiOx_02_Ni,10.1038/s41598-019-44607-3,TiOx,1.10723,0.0442378443254261,0,0,GRADUAL_MULTILEVEL,NOT_REPORTED,absolute,IDEALIZED_SINGLE_PAIR_GRADUAL,IDEALIZED_GRADUAL_MAPPING,256,8,255,0,2,6,203264,10,64,640,58.76,37.470000000000006,93.93440304761906,0.14820729481870115,93.78619575280035,35.17440304761906,35.17440304761906,False,LEAVE_ONE_STUDY_OUT,10.1038/s41598-019-44607-3,TiOx_02_Ni,10.1038/s41598-019-44607-3,TiOx,6,6,5,False
TiOx_02_Ni,10.1038/s41598-019-44607-3,TiOx,1.10723,0.0442378443254261,0,0,GRADUAL_MULTILEVEL,NOT_REPORTED,absolute,IDEALIZED_SINGLE_PAIR_GRADUAL,IDEALIZED_GRADUAL_MAPPING,256,7,127,0,2,6,203264,10,64,640,58.34,37.89,93.93564004761905,0.15435364750782105,93.78128640011123,35.59564004761904,35.59564004761904,False,LEAVE_ONE_STUDY_OUT,10.1038/s41598-019-44607-3,TiOx_02_Ni,10.1038/s41598-019-44607-3,TiOx,6,6,5,False
TiOx_02_Ni,10.1038/s41598-019-44607-3,TiOx,1.10723,0.0442378443254261,0,0,GRADUAL_MULTILEVEL,NOT_REPORTED,absolute,IDEALIZED_SINGLE_PAIR_GRADUAL,IDEALIZED_GRADUAL_MAPPING,256,5,31,0,2,6,203264,10,64,640,58.13,38.1,93.88169014285714,0.14425362806855627,93.73743651478858,35.751690142857136,35.751690142857136,False,LEAVE_ONE_STUDY_OUT,10.1038/s41598-019-44607-3,TiOx_02_Ni,10.1038/s41598-019-44607-3,TiOx,6,6,5,False
TiOx_02_Ni,10.1038/s41598-019-44607-3,TiOx,1.10723,0.0442378443254261,0,0,GRADUAL_MULTILEVEL,NOT_REPORTED,absolute,IDEALIZED_SINGLE_PAIR_GRADUAL,IDEALIZED_GRADUAL_MAPPING,256,6,63,0,2,6,203264,10,64,640,57.91,38.32000000000001,93.91068297619047,0.14829877130116592,93.7623842048893,36.000682976190475,36.000682976190475,False,LEAVE_ONE_STUDY_OUT,10.1038/s41598-019-44607-3,TiOx_02_Ni,10.1038/s41598-019-44607-3,TiOx,6,6,5,False
TiOx_02_Ni,10.1038/s41598-019-44607-3,TiOx,1.10723,0.0442378443254261,0,0,GRADUAL_MULTILEVEL,NOT_REPORTED,absolute,IDEALIZED_SINGLE_PAIR_GRADUAL,IDEALIZED_GRADUAL_MAPPING,256,4,15,0,2,6,203264,10,64,640,56.97,39.260000000000005,93.88254347619048,0.14392574006299907,93.73861773612748,36.91254347619048,36.91254347619048,False,LEAVE_ONE_STUDY_OUT,10.1038/s41598-019-44607-3,TiOx_02_Ni,10.1038/s41598-019-44607-3,TiOx,6,6,5,False
TiOx_02_Ni,10.1038/s41598-019-44607-3,TiOx,1.10723,0.0442378443254261,0,0,GRADUAL_MULTILEVEL,NOT_REPORTED,absolute,IDEALIZED_SINGLE_PAIR_GRADUAL,IDEALIZED_GRADUAL_MAPPING,16,7,127,0,2,5,203264,800,32,25600,56.92,39.31,95.1112244920635,0.24458544979089641,94.86663904227261,38.1912244920635,38.1912244920635,False,LEAVE_ONE_STUDY_OUT,10.1038/s41598-019-44607-3,TiOx_02_Ni,10.1038/s41598-019-44607-3,TiOx,6,6,5,False
TiOx_02_Ni,10.1038/s41598-019-44607-3,TiOx,1.10723,0.0442378443254261,0,0,GRADUAL_MULTILEVEL,NOT_REPORTED,absolute,IDEALIZED_SINGLE_PAIR_GRADUAL,IDEALIZED_GRADUAL_MAPPING,16,8,255,0,2,5,203264,800,32,25600,56.46,39.77,95.10913282539683,0.2523913071182648,94.85674151827857,38.649132825396826,38.649132825396826,False,LEAVE_ONE_STUDY_OUT,10.1038/s41598-019-44607-3,TiOx_02_Ni,10.1038/s41598-019-44607-3,TiOx,6,6,5,False
TiOx_02_Ni,10.1038/s41598-019-44607-3,TiOx,1.10723,0.0442378443254261,0,0,GRADUAL_MULTILEVEL,NOT_REPORTED,absolute,IDEALIZED_SINGLE_PAIR_GRADUAL,IDEALIZED_GRADUAL_MAPPING,16,6,63,0,2,5,203264,800,32,25600,55.55,40.68000000000001,95.06998803968254,0.24607808687822977,94.82390995280431,39.519988039682545,39.519988039682545,False,LEAVE_ONE_STUDY_OUT,10.1038/s41598-019-44607-3,TiOx_02_Ni,10.1038/s41598-019-44607-3,TiOx,6,6,5,False
TiOx_02_Ni,10.1038/s41598-019-44607-3,TiOx,1.10723,0.0442378443254261,0,0,GRADUAL_MULTILEVEL,NOT_REPORTED,absolute,IDEALIZED_SINGLE_PAIR_GRADUAL,IDEALIZED_GRADUAL_MAPPING,32,3,7,0,2,5,203264,208,32,6656,51.64,44.59,83.97355313492064,4.423117688898401,79.55043544602223,32.333553134920635,32.333553134920635,False,LEAVE_ONE_STUDY_OUT,10.1038/s41598-019-44607-3,TiOx_02_Ni,10.1038/s41598-019-44607-3,TiOx,6,6,5,False
TiOx_02_Ni,10.1038/s41598-019-44607-3,TiOx,1.10723,0.0442378443254261,0,0,GRADUAL_MULTILEVEL,NOT_REPORTED,absolute,IDEALIZED_SINGLE_PAIR_GRADUAL,IDEALIZED_GRADUAL_MAPPING,128,3,7,0,2,6,203264,16,64,1024,49.35,46.88,89.26377495238094,1.0152508334300245,88.24852411895091,39.91377495238094,39.91377495238094,False,LEAVE_ONE_STUDY_OUT,10.1038/s41598-019-44607-3,TiOx_02_Ni,10.1038/s41598-019-44607-3,TiOx,6,6,5,False
TiOx_02_Ni,10.1038/s41598-019-44607-3,TiOx,1.10723,0.0442378443254261,0,0,GRADUAL_MULTILEVEL,NOT_REPORTED,absolute,IDEALIZED_SINGLE_PAIR_GRADUAL,IDEALIZED_GRADUAL_MAPPING,32,4,15,0,2,5,203264,208,32,6656,48.08,48.150000000000006,94.19490607142859,0.2768552655796425,93.91805080584895,46.11490607142859,46.11490607142859,False,LEAVE_ONE_STUDY_OUT,10.1038/s41598-019-44607-3,TiOx_02_Ni,10.1038/s41598-019-44607-3,TiOx,6,6,5,False
TiOx_02_Ni,10.1038/s41598-019-44607-3,TiOx,1.10723,0.0442378443254261,0,0,GRADUAL_MULTILEVEL,NOT_REPORTED,absolute,IDEALIZED_SINGLE_PAIR_GRADUAL,IDEALIZED_GRADUAL_MAPPING,32,7,127,0,2,5,203264,208,32,6656,47.3,48.93000000000001,94.2675929047619,0.27111634717326666,93.99647655758864,46.9675929047619,46.9675929047619,False,LEAVE_ONE_STUDY_OUT,10.1038/s41598-019-44607-3,TiOx_02_Ni,10.1038/s41598-019-44607-3,TiOx,6,6,5,False
TiOx_02_Ni,10.1038/s41598-019-44607-3,TiOx,1.10723,0.0442378443254261,0,0,GRADUAL_MULTILEVEL,NOT_REPORTED,absolute,IDEALIZED_SINGLE_PAIR_GRADUAL,IDEALIZED_GRADUAL_MAPPING,32,8,255,0,2,5,203264,208,32,6656,46.63,49.6,94.26312523809526,0.2755891356128737,93.98753610248238,47.63312523809525,47.63312523809525,False,LEAVE_ONE_STUDY_OUT,10.1038/s41598-019-44607-3,TiOx_02_Ni,10.1038/s41598-019-44607-3,TiOx,6,6,5,False
TiOx_02_Ni,10.1038/s41598-019-44607-3,TiOx,1.10723,0.0442378443254261,0,0,GRADUAL_MULTILEVEL,NOT_REPORTED,absolute,IDEALIZED_SINGLE_PAIR_GRADUAL,IDEALIZED_GRADUAL_MAPPING,32,6,63,0,2,5,203264,208,32,6656,46.29,49.940000000000005,94.23686214285715,0.2693795984617177,93.96748254439544,47.94686214285715,47.94686214285715,False,LEAVE_ONE_STUDY_OUT,10.1038/s41598-019-44607-3,TiOx_02_Ni,10.1038/s41598-019-44607-3,TiOx,6,6,5,False
TiOx_02_Ni,10.1038/s41598-019-44607-3,TiOx,1.10723,0.0442378443254261,0,0,GRADUAL_MULTILEVEL,NOT_REPORTED,absolute,IDEALIZED_SINGLE_PAIR_GRADUAL,IDEALIZED_GRADUAL_MAPPING,32,5,31,0,2,5,203264,208,32,6656,45.99,50.24,94.19765940476192,0.2752746389032768,93.92238476585864,48.20765940476192,48.20765940476192,False,LEAVE_ONE_STUDY_OUT,10.1038/s41598-019-44607-3,TiOx_02_Ni,10.1038/s41598-019-44607-3,TiOx,6,6,5,False
TiOx_02_Ni,10.1038/s41598-019-44607-3,TiOx,1.10723,0.0442378443254261,0,0,GRADUAL_MULTILEVEL,NOT_REPORTED,absolute,IDEALIZED_SINGLE_PAIR_GRADUAL,IDEALIZED_GRADUAL_MAPPING,256,3,7,0,2,6,203264,10,64,640,44.66,51.57000000000001,89.23525395238096,0.9818329207484221,88.25342103163254,44.57525395238096,44.57525395238096,False,LEAVE_ONE_STUDY_OUT,10.1038/s41598-019-44607-3,TiOx_02_Ni,10.1038/s41598-019-44607-3,TiOx,6,6,5,False
TiOx_02_Ni,10.1038/s41598-019-44607-3,TiOx,1.10723,0.0442378443254261,0,0,GRADUAL_MULTILEVEL,NOT_REPORTED,absolute,IDEALIZED_SINGLE_PAIR_GRADUAL,IDEALIZED_GRADUAL_MAPPING,64,7,127,0,2,5,203264,56,32,1792,37.92,58.31,92.57382328571428,0.4058666450449499,92.16795664066933,54.65382328571428,54.65382328571428,False,LEAVE_ONE_STUDY_OUT,10.1038/s41598-019-44607-3,TiOx_02_Ni,10.1038/s41598-019-44607-3,TiOx,6,6,5,False
TiOx_02_Ni,10.1038/s41598-019-44607-3,TiOx,1.10723,0.0442378443254261,0,0,GRADUAL_MULTILEVEL,NOT_REPORTED,absolute,IDEALIZED_SINGLE_PAIR_GRADUAL,IDEALIZED_GRADUAL_MAPPING,64,8,255,0,2,5,203264,56,32,1792,37.65,58.580000000000005,92.56567428571428,0.40596777701492964,92.15970650869934,54.91567428571428,54.91567428571428,False,LEAVE_ONE_STUDY_OUT,10.1038/s41598-019-44607-3,TiOx_02_Ni,10.1038/s41598-019-44607-3,TiOx,6,6,5,False
TiOx_02_Ni,10.1038/s41598-019-44607-3,TiOx,1.10723,0.0442378443254261,0,0,GRADUAL_MULTILEVEL,NOT_REPORTED,absolute,IDEALIZED_SINGLE_PAIR_GRADUAL,IDEALIZED_GRADUAL_MAPPING,64,4,15,0,2,5,203264,56,32,1792,37.19,59.040000000000006,92.38933195238094,0.43220651198061455,91.95712544040033,55.199331952380945,55.199331952380945,False,LEAVE_ONE_STUDY_OUT,10.1038/s41598-019-44607-3,TiOx_02_Ni,10.1038/s41598-019-44607-3,TiOx,6,6,5,False
TiOx_02_Ni,10.1038/s41598-019-44607-3,TiOx,1.10723,0.0442378443254261,0,0,GRADUAL_MULTILEVEL,NOT_REPORTED,absolute,IDEALIZED_SINGLE_PAIR_GRADUAL,IDEALIZED_GRADUAL_MAPPING,64,6,63,0,2,5,203264,56,32,1792,36.96,59.27,92.51843752380952,0.41732722247547976,92.10111030133405,55.55843752380952,55.55843752380952,False,LEAVE_ONE_STUDY_OUT,10.1038/s41598-019-44607-3,TiOx_02_Ni,10.1038/s41598-019-44607-3,TiOx,6,6,5,False
TiOx_02_Ni,10.1038/s41598-019-44607-3,TiOx,1.10723,0.0442378443254261,0,0,GRADUAL_MULTILEVEL,NOT_REPORTED,absolute,IDEALIZED_SINGLE_PAIR_GRADUAL,IDEALIZED_GRADUAL_MAPPING,64,5,31,0,2,5,203264,56,32,1792,36.89,59.34,92.39071861904762,0.4342858788933537,91.95643274015427,55.50071861904762,55.50071861904762,False,LEAVE_ONE_STUDY_OUT,10.1038/s41598-019-44607-3,TiOx_02_Ni,10.1038/s41598-019-44607-3,TiOx,6,6,5,False
TiOx_02_Ni,10.1038/s41598-019-44607-3,TiOx,1.10723,0.0442378443254261,0,0,GRADUAL_MULTILEVEL,NOT_REPORTED,absolute,IDEALIZED_SINGLE_PAIR_GRADUAL,IDEALIZED_GRADUAL_MAPPING,64,3,7,0,2,5,203264,56,32,1792,36.8,59.43000000000001,82.56399865873016,4.561530140319375,78.00246851841078,45.76399865873016,45.76399865873016,False,LEAVE_ONE_STUDY_OUT,10.1038/s41598-019-44607-3,TiOx_02_Ni,10.1038/s41598-019-44607-3,TiOx,6,6,5,False
TiOx_02_Ni,10.1038/s41598-019-44607-3,TiOx,1.10723,0.0442378443254261,0,0,GRADUAL_MULTILEVEL,NOT_REPORTED,absolute,IDEALIZED_SINGLE_PAIR_GRADUAL,IDEALIZED_GRADUAL_MAPPING,256,7,127,0,2,5,203264,10,32,320,24.68,71.55000000000001,83.90419683333332,1.0876507446820338,82.81654608865128,59.224196833333316,59.224196833333316,False,LEAVE_ONE_STUDY_OUT,10.1038/s41598-019-44607-3,TiOx_02_Ni,10.1038/s41598-019-44607-3,TiOx,6,6,5,False
TiOx_02_Ni,10.1038/s41598-019-44607-3,TiOx,1.10723,0.0442378443254261,0,0,GRADUAL_MULTILEVEL,NOT_REPORTED,absolute,IDEALIZED_SINGLE_PAIR_GRADUAL,IDEALIZED_GRADUAL_MAPPING,256,8,255,0,2,5,203264,10,32,320,24.56,71.67,83.89728349999999,1.0660303020673254,82.83125319793265,59.337283499999984,59.337283499999984,False,LEAVE_ONE_STUDY_OUT,10.1038/s41598-019-44607-3,TiOx_02_Ni,10.1038/s41598-019-44607-3,TiOx,6,6,5,False
TiOx_02_Ni,10.1038/s41598-019-44607-3,TiOx,1.10723,0.0442378443254261,0,0,GRADUAL_MULTILEVEL,NOT_REPORTED,absolute,IDEALIZED_SINGLE_PAIR_GRADUAL,IDEALIZED_GRADUAL_MAPPING,256,5,31,0,2,5,203264,10,32,320,24.4,71.83000000000001,83.8736707857143,1.0696304635341003,82.8040403221802,59.4736707857143,59.4736707857143,False,LEAVE_ONE_STUDY_OUT,10.1038/s41598-019-44607-3,TiOx_02_Ni,10.1038/s41598-019-44607-3,TiOx,6,6,5,False
TiOx_02_Ni,10.1038/s41598-019-44607-3,TiOx,1.10723,0.0442378443254261,0,0,GRADUAL_MULTILEVEL,NOT_REPORTED,absolute,IDEALIZED_SINGLE_PAIR_GRADUAL,IDEALIZED_GRADUAL_MAPPING,256,6,63,0,2,5,203264,10,32,320,24.1,72.13,83.88720642857143,1.08752588533741,82.79968054323402,59.78720642857143,59.78720642857143,False,LEAVE_ONE_STUDY_OUT,10.1038/s41598-019-44607-3,TiOx_02_Ni,10.1038/s41598-019-44607-3,TiOx,6,6,5,False
TiOx_02_Ni,10.1038/s41598-019-44607-3,TiOx,1.10723,0.0442378443254261,0,0,GRADUAL_MULTILEVEL,NOT_REPORTED,absolute,IDEALIZED_SINGLE_PAIR_GRADUAL,IDEALIZED_GRADUAL_MAPPING,256,4,15,0,2,5,203264,10,32,320,23.24,72.99000000000001,83.89380911904763,1.0935302583119815,82.80027886073565,60.65380911904764,60.65380911904764,False,LEAVE_ONE_STUDY_OUT,10.1038/s41598-019-44607-3,TiOx_02_Ni,10.1038/s41598-019-44607-3,TiOx,6,6,5,False
TiOx_02_Ni,10.1038/s41598-019-44607-3,TiOx,1.10723,0.0442378443254261,0,0,GRADUAL_MULTILEVEL,NOT_REPORTED,absolute,IDEALIZED_SINGLE_PAIR_GRADUAL,IDEALIZED_GRADUAL_MAPPING,128,4,15,0,2,5,203264,16,32,512,22.86,73.37,88.97674117460318,0.8255719099319848,88.1511692646712,66.11674117460318,66.11674117460318,False,LEAVE_ONE_STUDY_OUT,10.1038/s41598-019-44607-3,TiOx_02_Ni,10.1038/s41598-019-44607-3,TiOx,6,6,5,False
TiOx_02_Ni,10.1038/s41598-019-44607-3,TiOx,1.10723,0.0442378443254261,0,0,GRADUAL_MULTILEVEL,NOT_REPORTED,absolute,IDEALIZED_SINGLE_PAIR_GRADUAL,IDEALIZED_GRADUAL_MAPPING,128,6,63,0,2,5,203264,16,32,512,22.71,73.52000000000001,89.03961998412699,0.9378195302108172,88.10180045391617,66.32961998412699,66.32961998412699,False,LEAVE_ONE_STUDY_OUT,10.1038/s41598-019-44607-3,TiOx_02_Ni,10.1038/s41598-019-44607-3,TiOx,6,6,5,False
TiOx_02_Ni,10.1038/s41598-019-44607-3,TiOx,1.10723,0.0442378443254261,0,0,GRADUAL_MULTILEVEL,NOT_REPORTED,absolute,IDEALIZED_SINGLE_PAIR_GRADUAL,IDEALIZED_GRADUAL_MAPPING,128,7,127,0,2,5,203264,16,32,512,22.55,73.68,89.0901968888889,0.962134873125934,88.12806201576296,66.5401968888889,66.5401968888889,False,LEAVE_ONE_STUDY_OUT,10.1038/s41598-019-44607-3,TiOx_02_Ni,10.1038/s41598-019-44607-3,TiOx,6,6,5,False
TiOx_02_Ni,10.1038/s41598-019-44607-3,TiOx,1.10723,0.0442378443254261,0,0,GRADUAL_MULTILEVEL,NOT_REPORTED,absolute,IDEALIZED_SINGLE_PAIR_GRADUAL,IDEALIZED_GRADUAL_MAPPING,256,3,7,0,2,5,203264,10,32,320,22.51,73.72,79.15652932539682,5.121232556451703,74.03529676894512,56.64652932539681,56.64652932539681,False,LEAVE_ONE_STUDY_OUT,10.1038/s41598-019-44607-3,TiOx_02_Ni,10.1038/s41598-019-44607-3,TiOx,6,6,5,False
TiOx_02_Ni,10.1038/s41598-019-44607-3,TiOx,1.10723,0.0442378443254261,0,0,GRADUAL_MULTILEVEL,NOT_REPORTED,absolute,IDEALIZED_SINGLE_PAIR_GRADUAL,IDEALIZED_GRADUAL_MAPPING,128,8,255,0,2,5,203264,16,32,512,22.39,73.84,89.07921555555556,0.9654162533436765,88.11379930221189,66.68921555555556,66.68921555555556,False,LEAVE_ONE_STUDY_OUT,10.1038/s41598-019-44607-3,TiOx_02_Ni,10.1038/s41598-019-44607-3,TiOx,6,6,5,False
TiOx_02_Ni,10.1038/s41598-019-44607-3,TiOx,1.10723,0.0442378443254261,0,0,GRADUAL_MULTILEVEL,NOT_REPORTED,absolute,IDEALIZED_SINGLE_PAIR_GRADUAL,IDEALIZED_GRADUAL_MAPPING,128,3,7,0,2,5,203264,16,32,512,21.02,75.21000000000001,79.22782165873016,5.210345286206273,74.01747637252389,58.20782165873017,58.20782165873017,False,LEAVE_ONE_STUDY_OUT,10.1038/s41598-019-44607-3,TiOx_02_Ni,10.1038/s41598-019-44607-3,TiOx,6,6,5,False
TiOx_02_Ni,10.1038/s41598-019-44607-3,TiOx,1.10723,0.0442378443254261,0,0,GRADUAL_MULTILEVEL,NOT_REPORTED,absolute,IDEALIZED_SINGLE_PAIR_GRADUAL,IDEALIZED_GRADUAL_MAPPING,128,5,31,0,2,5,203264,16,32,512,20.6,75.63,88.95660284126984,0.913785373537719,88.04281746773212,68.35660284126985,68.35660284126985,False,LEAVE_ONE_STUDY_OUT,10.1038/s41598-019-44607-3,TiOx_02_Ni,10.1038/s41598-019-44607-3,TiOx,6,6,5,False
TiOx_02_Ni,10.1038/s41598-019-44607-3,TiOx,1.10723,0.0442378443254261,0,0,GRADUAL_MULTILEVEL,NOT_REPORTED,absolute,IDEALIZED_SINGLE_PAIR_GRADUAL,IDEALIZED_GRADUAL_MAPPING,64,2,3,0,2,8,203264,56,256,14336,12.06,84.17,11.168802714285714,0.07031059451391838,11.098492119771796,-0.891197285714286,0.891197285714286,False,LEAVE_ONE_STUDY_OUT,10.1038/s41598-019-44607-3,TiOx_02_Ni,10.1038/s41598-019-44607-3,TiOx,6,6,5,False
TiOx_02_Ni,10.1038/s41598-019-44607-3,TiOx,1.10723,0.0442378443254261,0,0,GRADUAL_MULTILEVEL,NOT_REPORTED,absolute,IDEALIZED_SINGLE_PAIR_GRADUAL,IDEALIZED_GRADUAL_MAPPING,128,2,3,0,2,8,203264,16,256,4096,12.04,84.19,11.132902660894661,0.09347341223405149,11.03942924866061,-0.9070973391053379,0.9070973391053379,False,LEAVE_ONE_STUDY_OUT,10.1038/s41598-019-44607-3,TiOx_02_Ni,10.1038/s41598-019-44607-3,TiOx,6,6,5,False
TiOx_02_Ni,10.1038/s41598-019-44607-3,TiOx,1.10723,0.0442378443254261,0,0,GRADUAL_MULTILEVEL,NOT_REPORTED,absolute,IDEALIZED_SINGLE_PAIR_GRADUAL,IDEALIZED_GRADUAL_MAPPING,256,2,3,0,2,8,203264,10,256,2560,11.76,84.47,11.131985150793652,0.1868291592516617,10.94515599154199,-0.6280148492063482,0.6280148492063482,False,LEAVE_ONE_STUDY_OUT,10.1038/s41598-019-44607-3,TiOx_02_Ni,10.1038/s41598-019-44607-3,TiOx,6,6,5,False
TiOx_02_Ni,10.1038/s41598-019-44607-3,TiOx,1.10723,0.0442378443254261,0,0,GRADUAL_MULTILEVEL,NOT_REPORTED,absolute,IDEALIZED_SINGLE_PAIR_GRADUAL,IDEALIZED_GRADUAL_MAPPING,256,2,3,0,2,10,203264,10,1024,10240,11.74,84.49000000000001,11.180976119047621,0.16883374569296733,11.012142373354653,-0.5590238809523793,0.5590238809523793,False,LEAVE_ONE_STUDY_OUT,10.1038/s41598-019-44607-3,TiOx_02_Ni,10.1038/s41598-019-44607-3,TiOx,6,6,5,False
TiOx_02_Ni,10.1038/s41598-019-44607-3,TiOx,1.10723,0.0442378443254261,0,0,GRADUAL_MULTILEVEL,NOT_REPORTED,absolute,IDEALIZED_SINGLE_PAIR_GRADUAL,IDEALIZED_GRADUAL_MAPPING,128,2,3,0,2,10,203264,16,1024,16384,11.62,84.61,11.19085362914863,0.04383359318493313,11.147020035963697,-0.42914637085136853,0.42914637085136853,False,LEAVE_ONE_STUDY_OUT,10.1038/s41598-019-44607-3,TiOx_02_Ni,10.1038/s41598-019-44607-3,TiOx,6,6,5,False
TiOx_02_Ni,10.1038/s41598-019-44607-3,TiOx,1.10723,0.0442378443254261,0,0,GRADUAL_MULTILEVEL,NOT_REPORTED,absolute,IDEALIZED_SINGLE_PAIR_GRADUAL,IDEALIZED_GRADUAL_MAPPING,32,2,3,0,2,8,203264,208,256,53248,11.6,84.63000000000001,11.270215658730159,0.056533993312672434,11.213681665417486,-0.3297843412698409,0.3297843412698409,False,LEAVE_ONE_STUDY_OUT,10.1038/s41598-019-44607-3,TiOx_02_Ni,10.1038/s41598-019-44607-3,TiOx,6,6,5,False
TiOx_02_Ni,10.1038/s41598-019-44607-3,TiOx,1.10723,0.0442378443254261,0,0,GRADUAL_MULTILEVEL,NOT_REPORTED,absolute,IDEALIZED_SINGLE_PAIR_GRADUAL,IDEALIZED_GRADUAL_MAPPING,16,2,3,0,2,8,203264,800,256,204800,11.45,84.78,11.283161134920636,0.059844685726246,11.22331644919439,-0.16683886507936307,0.16683886507936307,False,LEAVE_ONE_STUDY_OUT,10.1038/s41598-019-44607-3,TiOx_02_Ni,10.1038/s41598-019-44607-3,TiOx,6,6,5,False
TiOx_02_Ni,10.1038/s41598-019-44607-3,TiOx,1.10723,0.0442378443254261,0,0,GRADUAL_MULTILEVEL,NOT_REPORTED,absolute,IDEALIZED_SINGLE_PAIR_GRADUAL,IDEALIZED_GRADUAL_MAPPING,16,2,3,0,2,10,203264,800,1024,819200,11.38,84.85000000000001,11.281871682539684,0.04561192432197447,11.23625975821771,-0.0981283174603167,0.0981283174603167,False,LEAVE_ONE_STUDY_OUT,10.1038/s41598-019-44607-3,TiOx_02_Ni,10.1038/s41598-019-44607-3,TiOx,6,6,5,False
TiOx_02_Ni,10.1038/s41598-019-44607-3,TiOx,1.10723,0.0442378443254261,0,0,GRADUAL_MULTILEVEL,NOT_REPORTED,absolute,IDEALIZED_SINGLE_PAIR_GRADUAL,IDEALIZED_GRADUAL_MAPPING,32,2,3,0,2,10,203264,208,1024,212992,11.27,84.96000000000001,11.273319730158727,0.037467888132912366,11.235851842025815,0.003319730158727552,0.003319730158727552,False,LEAVE_ONE_STUDY_OUT,10.1038/s41598-019-44607-3,TiOx_02_Ni,10.1038/s41598-019-44607-3,TiOx,6,6,5,False
TiOx_02_Ni,10.1038/s41598-019-44607-3,TiOx,1.10723,0.0442378443254261,0,0,GRADUAL_MULTILEVEL,NOT_REPORTED,absolute,IDEALIZED_SINGLE_PAIR_GRADUAL,IDEALIZED_GRADUAL_MAPPING,128,2,3,0,2,9,203264,16,512,8192,11.22,85.01,11.196238732323232,0.0530082095952851,11.143230522727947,-0.023761267676768227,0.023761267676768227,False,LEAVE_ONE_STUDY_OUT,10.1038/s41598-019-44607-3,TiOx_02_Ni,10.1038/s41598-019-44607-3,TiOx,6,6,5,False
TiOx_02_Ni,10.1038/s41598-019-44607-3,TiOx,1.10723,0.0442378443254261,0,0,GRADUAL_MULTILEVEL,NOT_REPORTED,absolute,IDEALIZED_SINGLE_PAIR_GRADUAL,IDEALIZED_GRADUAL_MAPPING,64,2,3,0,2,10,203264,56,1024,57344,11.19,85.04,11.20610892063492,0.049206869197650174,11.15690205143727,0.01610892063492031,0.01610892063492031,False,LEAVE_ONE_STUDY_OUT,10.1038/s41598-019-44607-3,TiOx_02_Ni,10.1038/s41598-019-44607-3,TiOx,6,6,5,False
TiOx_02_Ni,10.1038/s41598-019-44607-3,TiOx,1.10723,0.0442378443254261,0,0,GRADUAL_MULTILEVEL,NOT_REPORTED,absolute,IDEALIZED_SINGLE_PAIR_GRADUAL,IDEALIZED_GRADUAL_MAPPING,16,2,3,0,2,9,203264,800,512,409600,11.15,85.08,11.29581384920635,0.04688867746331253,11.248925171743037,0.1458138492063501,0.1458138492063501,False,LEAVE_ONE_STUDY_OUT,10.1038/s41598-019-44607-3,TiOx_02_Ni,10.1038/s41598-019-44607-3,TiOx,6,6,5,False
TiOx_02_Ni,10.1038/s41598-019-44607-3,TiOx,1.10723,0.0442378443254261,0,0,GRADUAL_MULTILEVEL,NOT_REPORTED,absolute,IDEALIZED_SINGLE_PAIR_GRADUAL,IDEALIZED_GRADUAL_MAPPING,16,2,3,0,2,7,203264,800,128,102400,10.96,85.27000000000001,11.294023301587302,0.11128385787551724,11.182739443711785,0.3340233015873011,0.3340233015873011,False,LEAVE_ONE_STUDY_OUT,10.1038/s41598-019-44607-3,TiOx_02_Ni,10.1038/s41598-019-44607-3,TiOx,6,6,5,False
TiOx_02_Ni,10.1038/s41598-019-44607-3,TiOx,1.10723,0.0442378443254261,0,0,GRADUAL_MULTILEVEL,NOT_REPORTED,absolute,IDEALIZED_SINGLE_PAIR_GRADUAL,IDEALIZED_GRADUAL_MAPPING,32,2,3,0,2,9,203264,208,512,106496,10.9,85.33,11.286947753968255,0.04250814906934849,11.244439604898906,0.3869477539682542,0.3869477539682542,False,LEAVE_ONE_STUDY_OUT,10.1038/s41598-019-44607-3,TiOx_02_Ni,10.1038/s41598-019-44607-3,TiOx,6,6,5,False
TiOx_02_Ni,10.1038/s41598-019-44607-3,TiOx,1.10723,0.0442378443254261,0,0,GRADUAL_MULTILEVEL,NOT_REPORTED,absolute,IDEALIZED_SINGLE_PAIR_GRADUAL,IDEALIZED_GRADUAL_MAPPING,256,2,3,0,2,9,203264,10,512,5120,10.86,85.37,11.186347555555557,0.1714600675900066,11.01488748796555,0.3263475555555573,0.3263475555555573,False,LEAVE_ONE_STUDY_OUT,10.1038/s41598-019-44607-3,TiOx_02_Ni,10.1038/s41598-019-44607-3,TiOx,6,6,5,False
TiOx_02_Ni,10.1038/s41598-019-44607-3,TiOx,1.10723,0.0442378443254261,0,0,GRADUAL_MULTILEVEL,NOT_REPORTED,absolute,IDEALIZED_SINGLE_PAIR_GRADUAL,IDEALIZED_GRADUAL_MAPPING,64,2,3,0,2,9,203264,56,512,28672,10.81,85.42,11.209302547619046,0.05525936996548863,11.154043177653557,0.3993025476190457,0.3993025476190457,False,LEAVE_ONE_STUDY_OUT,10.1038/s41598-019-44607-3,TiOx_02_Ni,10.1038/s41598-019-44607-3,TiOx,6,6,5,False
TiOx_02_Ni,10.1038/s41598-019-44607-3,TiOx,1.10723,0.0442378443254261,0,0,GRADUAL_MULTILEVEL,NOT_REPORTED,absolute,IDEALIZED_SINGLE_PAIR_GRADUAL,IDEALIZED_GRADUAL_MAPPING,32,2,3,0,2,7,203264,208,128,26624,10.52,85.71000000000001,11.278018634920635,0.10303829880165732,11.174980336118978,0.758018634920635,0.758018634920635,False,LEAVE_ONE_STUDY_OUT,10.1038/s41598-019-44607-3,TiOx_02_Ni,10.1038/s41598-019-44607-3,TiOx,6,6,5,False
TiOx_02_Ni,10.1038/s41598-019-44607-3,TiOx,1.10723,0.0442378443254261,0,0,GRADUAL_MULTILEVEL,NOT_REPORTED,absolute,IDEALIZED_SINGLE_PAIR_GRADUAL,IDEALIZED_GRADUAL_MAPPING,16,2,3,0,2,6,203264,800,64,51200,10.31,85.92,11.162585563492064,0.20709053731650817,10.955495026175555,0.8525855634920632,0.8525855634920632,False,LEAVE_ONE_STUDY_OUT,10.1038/s41598-019-44607-3,TiOx_02_Ni,10.1038/s41598-019-44607-3,TiOx,6,6,5,False
TiOx_02_Ni,10.1038/s41598-019-44607-3,TiOx,1.10723,0.0442378443254261,0,0,GRADUAL_MULTILEVEL,NOT_REPORTED,absolute,IDEALIZED_SINGLE_PAIR_GRADUAL,IDEALIZED_GRADUAL_MAPPING,32,2,3,0,2,6,203264,208,64,13312,9.99,86.24000000000001,11.162292515873016,0.1868953594644765,10.97539715640854,1.172292515873016,1.172292515873016,False,LEAVE_ONE_STUDY_OUT,10.1038/s41598-019-44607-3,TiOx_02_Ni,10.1038/s41598-019-44607-3,TiOx,6,6,5,False
TiOx_02_Ni,10.1038/s41598-019-44607-3,TiOx,1.10723,0.0442378443254261,0,0,GRADUAL_MULTILEVEL,NOT_REPORTED,absolute,IDEALIZED_SINGLE_PAIR_GRADUAL,IDEALIZED_GRADUAL_MAPPING,16,2,3,0,2,5,203264,800,32,25600,9.72,86.51,10.777252999999998,0.3396230614553505,10.437629938544648,1.0572529999999976,1.0572529999999976,False,LEAVE_ONE_STUDY_OUT,10.1038/s41598-019-44607-3,TiOx_02_Ni,10.1038/s41598-019-44607-3,TiOx,6,6,5,False
TiOx_02_Ni,10.1038/s41598-019-44607-3,TiOx,1.10723,0.0442378443254261,0,0,GRADUAL_MULTILEVEL,NOT_REPORTED,absolute,IDEALIZED_SINGLE_PAIR_GRADUAL,IDEALIZED_GRADUAL_MAPPING,64,2,3,0,2,7,203264,56,128,7168,9.62,86.61,11.182247404761904,0.12457780380293114,11.057669600958974,1.562247404761905,1.562247404761905,False,LEAVE_ONE_STUDY_OUT,10.1038/s41598-019-44607-3,TiOx_02_Ni,10.1038/s41598-019-44607-3,TiOx,6,6,5,False
TiOx_02_Ni,10.1038/s41598-019-44607-3,TiOx,1.10723,0.0442378443254261,0,0,GRADUAL_MULTILEVEL,NOT_REPORTED,absolute,IDEALIZED_SINGLE_PAIR_GRADUAL,IDEALIZED_GRADUAL_MAPPING,64,2,3,0,2,6,203264,56,64,3584,9.57,86.66,11.21280223015873,0.19431137966911632,11.018490850489613,1.642802230158729,1.642802230158729,False,LEAVE_ONE_STUDY_OUT,10.1038/s41598-019-44607-3,TiOx_02_Ni,10.1038/s41598-019-44607-3,TiOx,6,6,5,False
TiOx_02_Ni,10.1038/s41598-019-44607-3,TiOx,1.10723,0.0442378443254261,0,0,GRADUAL_MULTILEVEL,NOT_REPORTED,absolute,IDEALIZED_SINGLE_PAIR_GRADUAL,IDEALIZED_GRADUAL_MAPPING,32,2,3,0,2,5,203264,208,32,6656,9.44,86.79,10.846854333333333,0.35628298667268926,10.490571346660644,1.4068543333333334,1.4068543333333334,False,LEAVE_ONE_STUDY_OUT,10.1038/s41598-019-44607-3,TiOx_02_Ni,10.1038/s41598-019-44607-3,TiOx,6,6,5,False
TiOx_02_Ni,10.1038/s41598-019-44607-3,TiOx,1.10723,0.0442378443254261,0,0,GRADUAL_MULTILEVEL,NOT_REPORTED,absolute,IDEALIZED_SINGLE_PAIR_GRADUAL,IDEALIZED_GRADUAL_MAPPING,128,2,3,0,2,7,203264,16,128,2048,9.38,86.85000000000001,11.007120824675322,0.17414447598315377,10.832976348692169,1.6271208246753215,1.6271208246753215,False,LEAVE_ONE_STUDY_OUT,10.1038/s41598-019-44607-3,TiOx_02_Ni,10.1038/s41598-019-44607-3,TiOx,6,6,5,False
TiOx_02_Ni,10.1038/s41598-019-44607-3,TiOx,1.10723,0.0442378443254261,0,0,GRADUAL_MULTILEVEL,NOT_REPORTED,absolute,IDEALIZED_SINGLE_PAIR_GRADUAL,IDEALIZED_GRADUAL_MAPPING,128,2,3,0,2,6,203264,16,64,1024,9.26,86.97,10.78715299134199,0.31542354385615473,10.471729447485837,1.5271529913419908,1.5271529913419908,False,LEAVE_ONE_STUDY_OUT,10.1038/s41598-019-44607-3,TiOx_02_Ni,10.1038/s41598-019-44607-3,TiOx,6,6,5,False
TiOx_02_Ni,10.1038/s41598-019-44607-3,TiOx,1.10723,0.0442378443254261,0,0,GRADUAL_MULTILEVEL,NOT_REPORTED,absolute,IDEALIZED_SINGLE_PAIR_GRADUAL,IDEALIZED_GRADUAL_MAPPING,256,2,3,0,2,7,203264,10,128,1280,8.98,87.25,10.964717300865798,0.2140747659747665,10.750642534891032,1.984717300865798,1.984717300865798,False,LEAVE_ONE_STUDY_OUT,10.1038/s41598-019-44607-3,TiOx_02_Ni,10.1038/s41598-019-44607-3,TiOx,6,6,5,False
TiOx_02_Ni,10.1038/s41598-019-44607-3,TiOx,1.10723,0.0442378443254261,0,0,GRADUAL_MULTILEVEL,NOT_REPORTED,absolute,IDEALIZED_SINGLE_PAIR_GRADUAL,IDEALIZED_GRADUAL_MAPPING,256,2,3,0,2,6,203264,10,64,640,8.96,87.27000000000001,10.690884943722944,0.32211576148542187,10.368769182237521,1.730884943722943,1.730884943722943,False,LEAVE_ONE_STUDY_OUT,10.1038/s41598-019-44607-3,TiOx_02_Ni,10.1038/s41598-019-44607-3,TiOx,6,6,5,False
TiOx_02_Ni,10.1038/s41598-019-44607-3,TiOx,1.10723,0.0442378443254261,0,0,GRADUAL_MULTILEVEL,NOT_REPORTED,absolute,IDEALIZED_SINGLE_PAIR_GRADUAL,IDEALIZED_GRADUAL_MAPPING,128,2,3,0,2,5,203264,16,32,512,8.95,87.28,10.09632338095238,0.5825880701050827,9.513735310847299,1.1463233809523814,1.1463233809523814,False,LEAVE_ONE_STUDY_OUT,10.1038/s41598-019-44607-3,TiOx_02_Ni,10.1038/s41598-019-44607-3,TiOx,6,6,5,False
TiOx_02_Ni,10.1038/s41598-019-44607-3,TiOx,1.10723,0.0442378443254261,0,0,GRADUAL_MULTILEVEL,NOT_REPORTED,absolute,IDEALIZED_SINGLE_PAIR_GRADUAL,IDEALIZED_GRADUAL_MAPPING,64,2,3,0,2,5,203264,56,32,1792,8.95,87.28,11.085595047619046,0.4193796072891287,10.666215440329918,2.135595047619047,2.135595047619047,False,LEAVE_ONE_STUDY_OUT,10.1038/s41598-019-44607-3,TiOx_02_Ni,10.1038/s41598-019-44607-3,TiOx,6,6,5,False
TiOx_02_Ni,10.1038/s41598-019-44607-3,TiOx,1.10723,0.0442378443254261,0,0,GRADUAL_MULTILEVEL,NOT_REPORTED,absolute,IDEALIZED_SINGLE_PAIR_GRADUAL,IDEALIZED_GRADUAL_MAPPING,16,4,15,0,2,4,203264,800,16,12800,8.92,87.31,79.1654763968254,2.1845865566327274,76.98088984019267,70.2454763968254,70.2454763968254,False,LEAVE_ONE_STUDY_OUT,10.1038/s41598-019-44607-3,TiOx_02_Ni,10.1038/s41598-019-44607-3,TiOx,6,6,5,False
TiOx_02_Ni,10.1038/s41598-019-44607-3,TiOx,1.10723,0.0442378443254261,0,0,GRADUAL_MULTILEVEL,NOT_REPORTED,absolute,IDEALIZED_SINGLE_PAIR_GRADUAL,IDEALIZED_GRADUAL_MAPPING,16,6,63,0,2,4,203264,800,16,12800,8.92,87.31,79.64031607142856,2.1421176121497685,77.49819845927878,70.72031607142856,70.72031607142856,False,LEAVE_ONE_STUDY_OUT,10.1038/s41598-019-44607-3,TiOx_02_Ni,10.1038/s41598-019-44607-3,TiOx,6,6,5,False
TiOx_02_Ni,10.1038/s41598-019-44607-3,TiOx,1.10723,0.0442378443254261,0,0,GRADUAL_MULTILEVEL,NOT_REPORTED,absolute,IDEALIZED_SINGLE_PAIR_GRADUAL,IDEALIZED_GRADUAL_MAPPING,16,8,255,0,2,4,203264,800,16,12800,8.92,87.31,79.70011533333333,1.9694099827308178,77.7307053506025,70.78011533333333,70.78011533333333,False,LEAVE_ONE_STUDY_OUT,10.1038/s41598-019-44607-3,TiOx_02_Ni,10.1038/s41598-019-44607-3,TiOx,6,6,5,False
TiOx_02_Ni,10.1038/s41598-019-44607-3,TiOx,1.10723,0.0442378443254261,0,0,GRADUAL_MULTILEVEL,NOT_REPORTED,absolute,IDEALIZED_SINGLE_PAIR_GRADUAL,IDEALIZED_GRADUAL_MAPPING,32,2,3,0,2,4,203264,208,16,3328,8.92,87.31,10.553509468253969,0.5094882177514035,10.044021250502565,1.633509468253969,1.633509468253969,False,LEAVE_ONE_STUDY_OUT,10.1038/s41598-019-44607-3,TiOx_02_Ni,10.1038/s41598-019-44607-3,TiOx,6,6,5,False
TiOx_02_Ni,10.1038/s41598-019-44607-3,TiOx,1.10723,0.0442378443254261,0,0,GRADUAL_MULTILEVEL,NOT_REPORTED,absolute,IDEALIZED_SINGLE_PAIR_GRADUAL,IDEALIZED_GRADUAL_MAPPING,64,4,15,0,2,4,203264,56,16,896,8.92,87.31,54.228144484126986,2.282076687541587,51.946067796585396,45.308144484126984,45.308144484126984,False,LEAVE_ONE_STUDY_OUT,10.1038/s41598-019-44607-3,TiOx_02_Ni,10.1038/s41598-019-44607-3,TiOx,6,6,5,False
TiOx_02_Ni,10.1038/s41598-019-44607-3,TiOx,1.10723,0.0442378443254261,0,0,GRADUAL_MULTILEVEL,NOT_REPORTED,absolute,IDEALIZED_SINGLE_PAIR_GRADUAL,IDEALIZED_GRADUAL_MAPPING,64,3,7,0,2,4,203264,56,16,896,8.92,87.31,54.23852448412699,2.2297090484626594,52.00881543566433,45.31852448412699,45.31852448412699,False,LEAVE_ONE_STUDY_OUT,10.1038/s41598-019-44607-3,TiOx_02_Ni,10.1038/s41598-019-44607-3,TiOx,6,6,5,False
TiOx_02_Ni,10.1038/s41598-019-44607-3,TiOx,1.10723,0.0442378443254261,0,0,GRADUAL_MULTILEVEL,NOT_REPORTED,absolute,IDEALIZED_SINGLE_PAIR_GRADUAL,IDEALIZED_GRADUAL_MAPPING,32,8,255,0,2,4,203264,208,16,3328,8.92,87.31,67.06219307142857,2.0875188769477617,64.9746741944808,58.142193071428565,58.142193071428565,False,LEAVE_ONE_STUDY_OUT,10.1038/s41598-019-44607-3,TiOx_02_Ni,10.1038/s41598-019-44607-3,TiOx,6,6,5,False
TiOx_02_Ni,10.1038/s41598-019-44607-3,TiOx,1.10723,0.0442378443254261,0,0,GRADUAL_MULTILEVEL,NOT_REPORTED,absolute,IDEALIZED_SINGLE_PAIR_GRADUAL,IDEALIZED_GRADUAL_MAPPING,64,2,3,0,2,4,203264,56,16,896,8.92,87.31,10.828124611111111,0.6353000421314489,10.192824568979661,1.908124611111111,1.908124611111111,False,LEAVE_ONE_STUDY_OUT,10.1038/s41598-019-44607-3,TiOx_02_Ni,10.1038/s41598-019-44607-3,TiOx,6,6,5,False
TiOx_02_Ni,10.1038/s41598-019-44607-3,TiOx,1.10723,0.0442378443254261,0,0,GRADUAL_MULTILEVEL,NOT_REPORTED,absolute,IDEALIZED_SINGLE_PAIR_GRADUAL,IDEALIZED_GRADUAL_MAPPING,32,4,15,0,2,4,203264,208,16,3328,8.92,87.31,68.39156745238094,2.1589661136887903,66.23260133869215,59.47156745238094,59.47156745238094,False,LEAVE_ONE_STUDY_OUT,10.1038/s41598-019-44607-3,TiOx_02_Ni,10.1038/s41598-019-44607-3,TiOx,6,6,5,False
TiOx_02_Ni,10.1038/s41598-019-44607-3,TiOx,1.10723,0.0442378443254261,0,0,GRADUAL_MULTILEVEL,NOT_REPORTED,absolute,IDEALIZED_SINGLE_PAIR_GRADUAL,IDEALIZED_GRADUAL_MAPPING,32,5,31,0,2,4,203264,208,16,3328,8.92,87.31,67.67802054761903,2.2208314013833768,65.45718914623565,58.758020547619026,58.758020547619026,False,LEAVE_ONE_STUDY_OUT,10.1038/s41598-019-44607-3,TiOx_02_Ni,10.1038/s41598-019-44607-3,TiOx,6,6,5,False
TiOx_02_Ni,10.1038/s41598-019-44607-3,TiOx,1.10723,0.0442378443254261,0,0,GRADUAL_MULTILEVEL,NOT_REPORTED,absolute,IDEALIZED_SINGLE_PAIR_GRADUAL,IDEALIZED_GRADUAL_MAPPING,32,6,63,0,2,4,203264,208,16,3328,8.92,87.31,67.25193797619048,2.0297040910241093,65.22223388516636,58.331937976190474,58.331937976190474,False,LEAVE_ONE_STUDY_OUT,10.1038/s41598-019-44607-3,TiOx_02_Ni,10.1038/s41598-019-44607-3,TiOx,6,6,5,False
TiOx_02_Ni,10.1038/s41598-019-44607-3,TiOx,1.10723,0.0442378443254261,0,0,GRADUAL_MULTILEVEL,NOT_REPORTED,absolute,IDEALIZED_SINGLE_PAIR_GRADUAL,IDEALIZED_GRADUAL_MAPPING,32,7,127,0,2,4,203264,208,16,3328,8.92,87.31,67.06639973809523,2.224505068800242,64.84189466929499,58.146399738095226,58.146399738095226,False,LEAVE_ONE_STUDY_OUT,10.1038/s41598-019-44607-3,TiOx_02_Ni,10.1038/s41598-019-44607-3,TiOx,6,6,5,False
TiOx_02_Ni,10.1038/s41598-019-44607-3,TiOx,1.10723,0.0442378443254261,0,0,GRADUAL_MULTILEVEL,NOT_REPORTED,absolute,IDEALIZED_SINGLE_PAIR_GRADUAL,IDEALIZED_GRADUAL_MAPPING,32,3,7,0,2,4,203264,208,16,3328,8.92,87.31,68.36106211904759,2.0449669840102094,66.31609513503737,59.44106211904759,59.44106211904759,False,LEAVE_ONE_STUDY_OUT,10.1038/s41598-019-44607-3,TiOx_02_Ni,10.1038/s41598-019-44607-3,TiOx,6,6,5,False
TiOx_02_Ni,10.1038/s41598-019-44607-3,TiOx,1.10723,0.0442378443254261,0,0,GRADUAL_MULTILEVEL,NOT_REPORTED,absolute,IDEALIZED_SINGLE_PAIR_GRADUAL,IDEALIZED_GRADUAL_MAPPING,16,3,7,0,2,4,203264,800,16,12800,8.92,87.31,79.13497106349206,2.225267255333501,76.90970380815855,70.21497106349206,70.21497106349206,False,LEAVE_ONE_STUDY_OUT,10.1038/s41598-019-44607-3,TiOx_02_Ni,10.1038/s41598-019-44607-3,TiOx,6,6,5,False
TiOx_02_Ni,10.1038/s41598-019-44607-3,TiOx,1.10723,0.0442378443254261,0,0,GRADUAL_MULTILEVEL,NOT_REPORTED,absolute,IDEALIZED_SINGLE_PAIR_GRADUAL,IDEALIZED_GRADUAL_MAPPING,16,2,3,0,2,4,203264,800,16,12800,8.92,87.31,10.486245468253967,0.4571206019694067,10.02912486628456,1.5662454682539675,1.5662454682539675,False,LEAVE_ONE_STUDY_OUT,10.1038/s41598-019-44607-3,TiOx_02_Ni,10.1038/s41598-019-44607-3,TiOx,6,6,5,False
TiOx_02_Ni,10.1038/s41598-019-44607-3,TiOx,1.10723,0.0442378443254261,0,0,GRADUAL_MULTILEVEL,NOT_REPORTED,absolute,IDEALIZED_SINGLE_PAIR_GRADUAL,IDEALIZED_GRADUAL_MAPPING,16,5,31,0,2,4,203264,800,16,12800,8.92,87.31,79.17929701587302,2.204926978905785,76.97437003696723,70.25929701587302,70.25929701587302,False,LEAVE_ONE_STUDY_OUT,10.1038/s41598-019-44607-3,TiOx_02_Ni,10.1038/s41598-019-44607-3,TiOx,6,6,5,False
TiOx_02_Ni,10.1038/s41598-019-44607-3,TiOx,1.10723,0.0442378443254261,0,0,GRADUAL_MULTILEVEL,NOT_REPORTED,absolute,IDEALIZED_SINGLE_PAIR_GRADUAL,IDEALIZED_GRADUAL_MAPPING,16,7,127,0,2,4,203264,800,16,12800,8.92,87.31,79.71972199999999,1.9284678388796244,77.79125416112036,70.79972199999999,70.79972199999999,False,LEAVE_ONE_STUDY_OUT,10.1038/s41598-019-44607-3,TiOx_02_Ni,10.1038/s41598-019-44607-3,TiOx,6,6,5,False
TiOx_02_Ni,10.1038/s41598-019-44607-3,TiOx,1.10723,0.0442378443254261,0,0,GRADUAL_MULTILEVEL,NOT_REPORTED,absolute,IDEALIZED_SINGLE_PAIR_GRADUAL,IDEALIZED_GRADUAL_MAPPING,64,5,31,0,2,4,203264,56,16,896,8.92,87.31,54.741049650793656,2.1486766598853326,52.59237299090832,45.821049650793654,45.821049650793654,False,LEAVE_ONE_STUDY_OUT,10.1038/s41598-019-44607-3,TiOx_02_Ni,10.1038/s41598-019-44607-3,TiOx,6,6,5,False
TiOx_02_Ni,10.1038/s41598-019-44607-3,TiOx,1.10723,0.0442378443254261,0,0,GRADUAL_MULTILEVEL,NOT_REPORTED,absolute,IDEALIZED_SINGLE_PAIR_GRADUAL,IDEALIZED_GRADUAL_MAPPING,64,8,255,0,2,4,203264,56,16,896,8.92,87.31,55.304601079365085,2.1226076490389447,53.18199343032614,46.38460107936508,46.38460107936508,False,LEAVE_ONE_STUDY_OUT,10.1038/s41598-019-44607-3,TiOx_02_Ni,10.1038/s41598-019-44607-3,TiOx,6,6,5,False
TiOx_02_Ni,10.1038/s41598-019-44607-3,TiOx,1.10723,0.0442378443254261,0,0,GRADUAL_MULTILEVEL,NOT_REPORTED,absolute,IDEALIZED_SINGLE_PAIR_GRADUAL,IDEALIZED_GRADUAL_MAPPING,128,2,3,0,2,4,203264,16,16,256,8.92,87.31,9.83669573015873,0.5296262125896565,9.307069517569074,0.9166957301587306,0.9166957301587306,False,LEAVE_ONE_STUDY_OUT,10.1038/s41598-019-44607-3,TiOx_02_Ni,10.1038/s41598-019-44607-3,TiOx,6,6,5,False
TiOx_02_Ni,10.1038/s41598-019-44607-3,TiOx,1.10723,0.0442378443254261,0,0,GRADUAL_MULTILEVEL,NOT_REPORTED,absolute,IDEALIZED_SINGLE_PAIR_GRADUAL,IDEALIZED_GRADUAL_MAPPING,128,6,63,0,2,4,203264,16,16,256,8.92,87.31,40.168571285714286,1.3537135996069745,38.81485768610731,31.248571285714284,31.248571285714284,False,LEAVE_ONE_STUDY_OUT,10.1038/s41598-019-44607-3,TiOx_02_Ni,10.1038/s41598-019-44607-3,TiOx,6,6,5,False
TiOx_02_Ni,10.1038/s41598-019-44607-3,TiOx,1.10723,0.0442378443254261,0,0,GRADUAL_MULTILEVEL,NOT_REPORTED,absolute,IDEALIZED_SINGLE_PAIR_GRADUAL,IDEALIZED_GRADUAL_MAPPING,128,5,31,0,2,4,203264,16,16,256,8.92,87.31,39.961150714285715,1.2462363555862448,38.71491435869947,31.041150714285713,31.041150714285713,False,LEAVE_ONE_STUDY_OUT,10.1038/s41598-019-44607-3,TiOx_02_Ni,10.1038/s41598-019-44607-3,TiOx,6,6,5,False
TiOx_02_Ni,10.1038/s41598-019-44607-3,TiOx,1.10723,0.0442378443254261,0,0,GRADUAL_MULTILEVEL,NOT_REPORTED,absolute,IDEALIZED_SINGLE_PAIR_GRADUAL,IDEALIZED_GRADUAL_MAPPING,128,3,7,0,2,4,203264,16,16,256,8.92,87.31,39.92350838095238,1.2374719058204742,38.6860364751319,31.003508380952375,31.003508380952375,False,LEAVE_ONE_STUDY_OUT,10.1038/s41598-019-44607-3,TiOx_02_Ni,10.1038/s41598-019-44607-3,TiOx,6,6,5,False
TiOx_02_Ni,10.1038/s41598-019-44607-3,TiOx,1.10723,0.0442378443254261,0,0,GRADUAL_MULTILEVEL,NOT_REPORTED,absolute,IDEALIZED_SINGLE_PAIR_GRADUAL,IDEALIZED_GRADUAL_MAPPING,128,4,15,0,2,4,203264,16,16,256,8.92,87.31,39.91312838095238,1.2123666936401023,38.70076168731228,30.993128380952378,30.993128380952378,False,LEAVE_ONE_STUDY_OUT,10.1038/s41598-019-44607-3,TiOx_02_Ni,10.1038/s41598-019-44607-3,TiOx,6,6,5,False
TiOx_02_Ni,10.1038/s41598-019-44607-3,TiOx,1.10723,0.0442378443254261,0,0,GRADUAL_MULTILEVEL,NOT_REPORTED,absolute,IDEALIZED_SINGLE_PAIR_GRADUAL,IDEALIZED_GRADUAL_MAPPING,64,6,63,0,2,4,203264,56,16,896,8.92,87.31,54.99265412698413,2.101327314703189,52.89132681228094,46.072654126984126,46.072654126984126,False,LEAVE_ONE_STUDY_OUT,10.1038/s41598-019-44607-3,TiOx_02_Ni,10.1038/s41598-019-44607-3,TiOx,6,6,5,False
TiOx_02_Ni,10.1038/s41598-019-44607-3,TiOx,1.10723,0.0442378443254261,0,0,GRADUAL_MULTILEVEL,NOT_REPORTED,absolute,IDEALIZED_SINGLE_PAIR_GRADUAL,IDEALIZED_GRADUAL_MAPPING,64,7,127,0,2,4,203264,56,16,896,8.92,87.31,55.289201079365085,2.096593809749293,53.19260726961579,46.369201079365084,46.369201079365084,False,LEAVE_ONE_STUDY_OUT,10.1038/s41598-019-44607-3,TiOx_02_Ni,10.1038/s41598-019-44607-3,TiOx,6,6,5,False
TiOx_02_Ni,10.1038/s41598-019-44607-3,TiOx,1.10723,0.0442378443254261,0,0,GRADUAL_MULTILEVEL,NOT_REPORTED,absolute,IDEALIZED_SINGLE_PAIR_GRADUAL,IDEALIZED_GRADUAL_MAPPING,128,8,255,0,2,4,203264,16,16,256,8.92,87.31,40.419075904761904,1.1692915111669446,39.24978439359496,31.499075904761902,31.499075904761902,False,LEAVE_ONE_STUDY_OUT,10.1038/s41598-019-44607-3,TiOx_02_Ni,10.1038/s41598-019-44607-3,TiOx,6,6,5,False
TiOx_02_Ni,10.1038/s41598-019-44607-3,TiOx,1.10723,0.0442378443254261,0,0,GRADUAL_MULTILEVEL,NOT_REPORTED,absolute,IDEALIZED_SINGLE_PAIR_GRADUAL,IDEALIZED_GRADUAL_MAPPING,128,7,127,0,2,4,203264,16,16,256,8.92,87.31,40.39828904761905,1.2674618199814123,39.13082722763764,31.47828904761905,31.47828904761905,False,LEAVE_ONE_STUDY_OUT,10.1038/s41598-019-44607-3,TiOx_02_Ni,10.1038/s41598-019-44607-3,TiOx,6,6,5,False
TiOx_02_Ni,10.1038/s41598-019-44607-3,TiOx,1.10723,0.0442378443254261,0,0,GRADUAL_MULTILEVEL,NOT_REPORTED,absolute,IDEALIZED_SINGLE_PAIR_GRADUAL,IDEALIZED_GRADUAL_MAPPING,256,4,15,0,2,4,203264,10,16,160,8.92,87.31,32.428829928571425,0.88054539590114,31.548284532670284,23.508829928571423,23.508829928571423,False,LEAVE_ONE_STUDY_OUT,10.1038/s41598-019-44607-3,TiOx_02_Ni,10.1038/s41598-019-44607-3,TiOx,6,6,5,False
TiOx_02_Ni,10.1038/s41598-019-44607-3,TiOx,1.10723,0.0442378443254261,0,0,GRADUAL_MULTILEVEL,NOT_REPORTED,absolute,IDEALIZED_SINGLE_PAIR_GRADUAL,IDEALIZED_GRADUAL_MAPPING,256,3,7,0,2,4,203264,10,16,160,8.92,87.31,32.428829928571425,0.88054539590114,31.548284532670284,23.508829928571423,23.508829928571423,False,LEAVE_ONE_STUDY_OUT,10.1038/s41598-019-44607-3,TiOx_02_Ni,10.1038/s41598-019-44607-3,TiOx,6,6,5,False
TiOx_02_Ni,10.1038/s41598-019-44607-3,TiOx,1.10723,0.0442378443254261,0,0,GRADUAL_MULTILEVEL,NOT_REPORTED,absolute,IDEALIZED_SINGLE_PAIR_GRADUAL,IDEALIZED_GRADUAL_MAPPING,256,2,3,0,2,5,203264,10,32,320,8.92,87.31,9.956791261904764,0.4519475053887565,9.504843756516006,1.0367912619047637,1.0367912619047637,False,LEAVE_ONE_STUDY_OUT,10.1038/s41598-019-44607-3,TiOx_02_Ni,10.1038/s41598-019-44607-3,TiOx,6,6,5,False
TiOx_02_Ni,10.1038/s41598-019-44607-3,TiOx,1.10723,0.0442378443254261,0,0,GRADUAL_MULTILEVEL,NOT_REPORTED,absolute,IDEALIZED_SINGLE_PAIR_GRADUAL,IDEALIZED_GRADUAL_MAPPING,256,2,3,0,2,4,203264,10,16,160,8.92,87.31,9.718811992063493,0.35275135839149757,9.366060633671996,0.7988119920634933,0.7988119920634933,False,LEAVE_ONE_STUDY_OUT,10.1038/s41598-019-44607-3,TiOx_02_Ni,10.1038/s41598-019-44607-3,TiOx,6,6,5,False
TiOx_02_Ni,10.1038/s41598-019-44607-3,TiOx,1.10723,0.0442378443254261,0,0,GRADUAL_MULTILEVEL,NOT_REPORTED,absolute,IDEALIZED_SINGLE_PAIR_GRADUAL,IDEALIZED_GRADUAL_MAPPING,256,6,63,0,2,4,203264,10,16,160,8.92,87.31,32.273719206349206,0.8547913944105663,31.41892781193864,23.353719206349204,23.353719206349204,False,LEAVE_ONE_STUDY_OUT,10.1038/s41598-019-44607-3,TiOx_02_Ni,10.1038/s41598-019-44607-3,TiOx,6,6,5,False
TiOx_02_Ni,10.1038/s41598-019-44607-3,TiOx,1.10723,0.0442378443254261,0,0,GRADUAL_MULTILEVEL,NOT_REPORTED,absolute,IDEALIZED_SINGLE_PAIR_GRADUAL,IDEALIZED_GRADUAL_MAPPING,256,5,31,0,2,4,203264,10,16,160,8.92,87.31,32.28777219047619,0.8738053586069926,31.413966831869196,23.367772190476188,23.367772190476188,False,LEAVE_ONE_STUDY_OUT,10.1038/s41598-019-44607-3,TiOx_02_Ni,10.1038/s41598-019-44607-3,TiOx,6,6,5,False
TiOx_02_Ni,10.1038/s41598-019-44607-3,TiOx,1.10723,0.0442378443254261,0,0,GRADUAL_MULTILEVEL,NOT_REPORTED,absolute,IDEALIZED_SINGLE_PAIR_GRADUAL,IDEALIZED_GRADUAL_MAPPING,256,7,127,0,2,4,203264,10,16,160,8.92,87.31,32.34992065873016,0.9225541522107807,31.427366506519384,23.42992065873016,23.42992065873016,False,LEAVE_ONE_STUDY_OUT,10.1038/s41598-019-44607-3,TiOx_02_Ni,10.1038/s41598-019-44607-3,TiOx,6,6,5,False
TiOx_02_Ni,10.1038/s41598-019-44607-3,TiOx,1.10723,0.0442378443254261,0,0,GRADUAL_MULTILEVEL,NOT_REPORTED,absolute,IDEALIZED_SINGLE_PAIR_GRADUAL,IDEALIZED_GRADUAL_MAPPING,256,8,255,0,2,4,203264,10,16,160,8.92,87.31,32.37070751587302,0.9732216843165022,31.39748583155652,23.45070751587302,23.45070751587302,False,LEAVE_ONE_STUDY_OUT,10.1038/s41598-019-44607-3,TiOx_02_Ni,10.1038/s41598-019-44607-3,TiOx,6,6,5,False
TiOx_02_Pt,10.1038/s41598-019-44607-3,TiOx,2.128684,0.3281111958478591,0,0,GRADUAL_MULTILEVEL,NOT_REPORTED,absolute,IDEALIZED_SINGLE_PAIR_GRADUAL,IDEALIZED_GRADUAL_MAPPING,128,6,63,0,2,8,203264,16,256,4096,96.35,-0.1199999999999903,96.23282690259741,0.025565456923823848,96.20726144567358,-0.11717309740258486,0.11717309740258486,True,LEAVE_ONE_STUDY_OUT,10.1038/s41598-019-44607-3,TiOx_02_Pt,10.1038/s41598-019-44607-3,TiOx,6,6,5,False
TiOx_02_Pt,10.1038/s41598-019-44607-3,TiOx,2.128684,0.3281111958478591,0,0,GRADUAL_MULTILEVEL,NOT_REPORTED,absolute,IDEALIZED_SINGLE_PAIR_GRADUAL,IDEALIZED_GRADUAL_MAPPING,32,8,255,0,2,9,203264,208,512,106496,96.32,-0.0899999999999892,96.23232268614719,0.018293421713636095,96.21402926443355,-0.08767731385280797,0.08767731385280797,True,LEAVE_ONE_STUDY_OUT,10.1038/s41598-019-44607-3,TiOx_02_Pt,10.1038/s41598-019-44607-3,TiOx,6,6,5,False
TiOx_02_Pt,10.1038/s41598-019-44607-3,TiOx,2.128684,0.3281111958478591,0,0,GRADUAL_MULTILEVEL,NOT_REPORTED,absolute,IDEALIZED_SINGLE_PAIR_GRADUAL,IDEALIZED_GRADUAL_MAPPING,16,6,63,0,2,10,203264,800,1024,819200,96.31,-0.0799999999999983,96.2949976190476,0.029664842441335305,96.26533277660627,-0.01500238095239581,0.01500238095239581,True,LEAVE_ONE_STUDY_OUT,10.1038/s41598-019-44607-3,TiOx_02_Pt,10.1038/s41598-019-44607-3,TiOx,6,6,5,False
TiOx_02_Pt,10.1038/s41598-019-44607-3,TiOx,2.128684,0.3281111958478591,0,0,GRADUAL_MULTILEVEL,NOT_REPORTED,absolute,IDEALIZED_SINGLE_PAIR_GRADUAL,IDEALIZED_GRADUAL_MAPPING,64,8,255,0,2,9,203264,56,512,28672,96.31,-0.0799999999999983,96.21995706349206,0.017497000837476046,96.20246006265458,-0.09004293650794182,0.09004293650794182,True,LEAVE_ONE_STUDY_OUT,10.1038/s41598-019-44607-3,TiOx_02_Pt,10.1038/s41598-019-44607-3,TiOx,6,6,5,False
TiOx_02_Pt,10.1038/s41598-019-44607-3,TiOx,2.128684,0.3281111958478591,0,0,GRADUAL_MULTILEVEL,NOT_REPORTED,absolute,IDEALIZED_SINGLE_PAIR_GRADUAL,IDEALIZED_GRADUAL_MAPPING,256,6,63,0,2,10,203264,10,1024,10240,96.3,-0.0699999999999931,96.25018330952379,0.0319961310031832,96.21818717852061,-0.04981669047620585,0.04981669047620585,True,LEAVE_ONE_STUDY_OUT,10.1038/s41598-019-44607-3,TiOx_02_Pt,10.1038/s41598-019-44607-3,TiOx,6,6,5,False
TiOx_02_Pt,10.1038/s41598-019-44607-3,TiOx,2.128684,0.3281111958478591,0,0,GRADUAL_MULTILEVEL,NOT_REPORTED,absolute,IDEALIZED_SINGLE_PAIR_GRADUAL,IDEALIZED_GRADUAL_MAPPING,64,6,63,0,2,9,203264,56,512,28672,96.29,-0.0600000000000022,96.26387684126983,0.02197950456545446,96.24189733670438,-0.026123158730172236,0.026123158730172236,True,LEAVE_ONE_STUDY_OUT,10.1038/s41598-019-44607-3,TiOx_02_Pt,10.1038/s41598-019-44607-3,TiOx,6,6,5,False
TiOx_02_Pt,10.1038/s41598-019-44607-3,TiOx,2.128684,0.3281111958478591,0,0,GRADUAL_MULTILEVEL,NOT_REPORTED,absolute,IDEALIZED_SINGLE_PAIR_GRADUAL,IDEALIZED_GRADUAL_MAPPING,128,7,127,0,2,8,203264,16,256,4096,96.28,-0.0499999999999971,96.21890576767677,0.02288519625540093,96.19602057142137,-0.06109423232322797,0.06109423232322797,True,LEAVE_ONE_STUDY_OUT,10.1038/s41598-019-44607-3,TiOx_02_Pt,10.1038/s41598-019-44607-3,TiOx,6,6,5,False
TiOx_02_Pt,10.1038/s41598-019-44607-3,TiOx,2.128684,0.3281111958478591,0,0,GRADUAL_MULTILEVEL,NOT_REPORTED,absolute,IDEALIZED_SINGLE_PAIR_GRADUAL,IDEALIZED_GRADUAL_MAPPING,256,6,63,0,2,8,203264,10,256,2560,96.28,-0.0499999999999971,96.21806151370852,0.03163451919880061,96.18642699450972,-0.061938486291481354,0.061938486291481354,True,LEAVE_ONE_STUDY_OUT,10.1038/s41598-019-44607-3,TiOx_02_Pt,10.1038/s41598-019-44607-3,TiOx,6,6,5,False
TiOx_02_Pt,10.1038/s41598-019-44607-3,TiOx,2.128684,0.3281111958478591,0,0,GRADUAL_MULTILEVEL,NOT_REPORTED,absolute,IDEALIZED_SINGLE_PAIR_GRADUAL,IDEALIZED_GRADUAL_MAPPING,128,6,63,0,2,9,203264,16,512,8192,96.28,-0.0499999999999971,96.24458116666668,0.022559280937853924,96.22202188572882,-0.03541883333332407,0.03541883333332407,True,LEAVE_ONE_STUDY_OUT,10.1038/s41598-019-44607-3,TiOx_02_Pt,10.1038/s41598-019-44607-3,TiOx,6,6,5,False
TiOx_02_Pt,10.1038/s41598-019-44607-3,TiOx,2.128684,0.3281111958478591,0,0,GRADUAL_MULTILEVEL,NOT_REPORTED,absolute,IDEALIZED_SINGLE_PAIR_GRADUAL,IDEALIZED_GRADUAL_MAPPING,64,6,63,0,2,10,203264,56,1024,57344,96.28,-0.0499999999999971,96.28118983333334,0.02274937281528272,96.25844046051806,0.0011898333333419941,0.0011898333333419941,True,LEAVE_ONE_STUDY_OUT,10.1038/s41598-019-44607-3,TiOx_02_Pt,10.1038/s41598-019-44607-3,TiOx,6,6,5,False
TiOx_02_Pt,10.1038/s41598-019-44607-3,TiOx,2.128684,0.3281111958478591,0,0,GRADUAL_MULTILEVEL,NOT_REPORTED,absolute,IDEALIZED_SINGLE_PAIR_GRADUAL,IDEALIZED_GRADUAL_MAPPING,256,7,127,0,2,8,203264,10,256,2560,96.28,-0.0499999999999971,96.21592345815296,0.0271127042118148,96.18881075394114,-0.0640765418470437,0.0640765418470437,True,LEAVE_ONE_STUDY_OUT,10.1038/s41598-019-44607-3,TiOx_02_Pt,10.1038/s41598-019-44607-3,TiOx,6,6,5,False
TiOx_02_Pt,10.1038/s41598-019-44607-3,TiOx,2.128684,0.3281111958478591,0,0,GRADUAL_MULTILEVEL,NOT_REPORTED,absolute,IDEALIZED_SINGLE_PAIR_GRADUAL,IDEALIZED_GRADUAL_MAPPING,128,6,63,0,2,10,203264,16,1024,16384,96.27,-0.039999999999992,96.25646378571429,0.02405573546875012,96.23240805024554,-0.013536214285707615,0.013536214285707615,True,LEAVE_ONE_STUDY_OUT,10.1038/s41598-019-44607-3,TiOx_02_Pt,10.1038/s41598-019-44607-3,TiOx,6,6,5,False
TiOx_02_Pt,10.1038/s41598-019-44607-3,TiOx,2.128684,0.3281111958478591,0,0,GRADUAL_MULTILEVEL,NOT_REPORTED,absolute,IDEALIZED_SINGLE_PAIR_GRADUAL,IDEALIZED_GRADUAL_MAPPING,32,6,63,0,2,10,203264,208,1024,212992,96.27,-0.039999999999992,96.27863011904762,0.023988175094886335,96.25464194395273,0.008630119047623452,0.008630119047623452,True,LEAVE_ONE_STUDY_OUT,10.1038/s41598-019-44607-3,TiOx_02_Pt,10.1038/s41598-019-44607-3,TiOx,6,6,5,False
TiOx_02_Pt,10.1038/s41598-019-44607-3,TiOx,2.128684,0.3281111958478591,0,0,GRADUAL_MULTILEVEL,NOT_REPORTED,absolute,IDEALIZED_SINGLE_PAIR_GRADUAL,IDEALIZED_GRADUAL_MAPPING,32,6,63,0,2,9,203264,208,512,106496,96.26,-0.0300000000000011,96.25340534920636,0.016940194310630496,96.23646515489573,-0.006594650793644519,0.006594650793644519,True,LEAVE_ONE_STUDY_OUT,10.1038/s41598-019-44607-3,TiOx_02_Pt,10.1038/s41598-019-44607-3,TiOx,6,6,5,False
TiOx_02_Pt,10.1038/s41598-019-44607-3,TiOx,2.128684,0.3281111958478591,0,0,GRADUAL_MULTILEVEL,NOT_REPORTED,absolute,IDEALIZED_SINGLE_PAIR_GRADUAL,IDEALIZED_GRADUAL_MAPPING,32,8,255,0,2,8,203264,208,256,53248,96.26,-0.0300000000000011,96.18555563492065,0.027694237970823182,96.15786139694983,-0.07444436507935848,0.07444436507935848,True,LEAVE_ONE_STUDY_OUT,10.1038/s41598-019-44607-3,TiOx_02_Pt,10.1038/s41598-019-44607-3,TiOx,6,6,5,False
TiOx_02_Pt,10.1038/s41598-019-44607-3,TiOx,2.128684,0.3281111958478591,0,0,GRADUAL_MULTILEVEL,NOT_REPORTED,absolute,IDEALIZED_SINGLE_PAIR_GRADUAL,IDEALIZED_GRADUAL_MAPPING,16,6,63,0,2,9,203264,800,512,409600,96.26,-0.0300000000000011,96.25589841269841,0.024353654488395177,96.23154475821002,-0.0041015873015908255,0.0041015873015908255,True,LEAVE_ONE_STUDY_OUT,10.1038/s41598-019-44607-3,TiOx_02_Pt,10.1038/s41598-019-44607-3,TiOx,6,6,5,False
TiOx_02_Pt,10.1038/s41598-019-44607-3,TiOx,2.128684,0.3281111958478591,0,0,GRADUAL_MULTILEVEL,NOT_REPORTED,absolute,IDEALIZED_SINGLE_PAIR_GRADUAL,IDEALIZED_GRADUAL_MAPPING,16,8,255,0,2,9,203264,800,512,409600,96.26,-0.0300000000000011,96.22061288095237,0.020043807398216543,96.20056907355416,-0.03938711904763181,0.03938711904763181,True,LEAVE_ONE_STUDY_OUT,10.1038/s41598-019-44607-3,TiOx_02_Pt,10.1038/s41598-019-44607-3,TiOx,6,6,5,False
TiOx_02_Pt,10.1038/s41598-019-44607-3,TiOx,2.128684,0.3281111958478591,0,0,GRADUAL_MULTILEVEL,NOT_REPORTED,absolute,IDEALIZED_SINGLE_PAIR_GRADUAL,IDEALIZED_GRADUAL_MAPPING,64,7,127,0,2,9,203264,56,512,28672,96.26,-0.0300000000000011,96.22782239682539,0.018697505043339863,96.20912489178205,-0.03217760317461682,0.03217760317461682,True,LEAVE_ONE_STUDY_OUT,10.1038/s41598-019-44607-3,TiOx_02_Pt,10.1038/s41598-019-44607-3,TiOx,6,6,5,False
TiOx_02_Pt,10.1038/s41598-019-44607-3,TiOx,2.128684,0.3281111958478591,0,0,GRADUAL_MULTILEVEL,NOT_REPORTED,absolute,IDEALIZED_SINGLE_PAIR_GRADUAL,IDEALIZED_GRADUAL_MAPPING,64,8,255,0,2,10,203264,56,1024,57344,96.25,-0.019999999999996,96.22354403968254,0.01905994008654699,96.20448409959599,-0.026455960317463223,0.026455960317463223,True,LEAVE_ONE_STUDY_OUT,10.1038/s41598-019-44607-3,TiOx_02_Pt,10.1038/s41598-019-44607-3,TiOx,6,6,5,False
TiOx_02_Pt,10.1038/s41598-019-44607-3,TiOx,2.128684,0.3281111958478591,0,0,GRADUAL_MULTILEVEL,NOT_REPORTED,absolute,IDEALIZED_SINGLE_PAIR_GRADUAL,IDEALIZED_GRADUAL_MAPPING,16,8,255,0,2,10,203264,800,1024,819200,96.25,-0.019999999999996,96.2284075,0.020289284608703027,96.2081182153913,-0.021592499999997017,0.021592499999997017,True,LEAVE_ONE_STUDY_OUT,10.1038/s41598-019-44607-3,TiOx_02_Pt,10.1038/s41598-019-44607-3,TiOx,6,6,5,False
TiOx_02_Pt,10.1038/s41598-019-44607-3,TiOx,2.128684,0.3281111958478591,0,0,GRADUAL_MULTILEVEL,NOT_REPORTED,absolute,IDEALIZED_SINGLE_PAIR_GRADUAL,IDEALIZED_GRADUAL_MAPPING,32,7,127,0,2,9,203264,208,512,106496,96.25,-0.019999999999996,96.2314967972583,0.01713530753236104,96.21436148972595,-0.018503202741698033,0.018503202741698033,True,LEAVE_ONE_STUDY_OUT,10.1038/s41598-019-44607-3,TiOx_02_Pt,10.1038/s41598-019-44607-3,TiOx,6,6,5,False
TiOx_02_Pt,10.1038/s41598-019-44607-3,TiOx,2.128684,0.3281111958478591,0,0,GRADUAL_MULTILEVEL,NOT_REPORTED,absolute,IDEALIZED_SINGLE_PAIR_GRADUAL,IDEALIZED_GRADUAL_MAPPING,32,8,255,0,2,10,203264,208,1024,212992,96.24,-0.0099999999999909,96.24076692857142,0.01633053162343007,96.224436396948,0.000766928571422909,0.000766928571422909,True,LEAVE_ONE_STUDY_OUT,10.1038/s41598-019-44607-3,TiOx_02_Pt,10.1038/s41598-019-44607-3,TiOx,6,6,5,False
TiOx_02_Pt,10.1038/s41598-019-44607-3,TiOx,2.128684,0.3281111958478591,0,0,GRADUAL_MULTILEVEL,NOT_REPORTED,absolute,IDEALIZED_SINGLE_PAIR_GRADUAL,IDEALIZED_GRADUAL_MAPPING,256,6,63,0,2,9,203264,10,512,5120,96.24,-0.0099999999999909,96.22175076190476,0.032406595869327606,96.18934416603543,-0.01824923809523682,0.01824923809523682,True,LEAVE_ONE_STUDY_OUT,10.1038/s41598-019-44607-3,TiOx_02_Pt,10.1038/s41598-019-44607-3,TiOx,6,6,5,False
TiOx_02_Pt,10.1038/s41598-019-44607-3,TiOx,2.128684,0.3281111958478591,0,0,GRADUAL_MULTILEVEL,NOT_REPORTED,absolute,IDEALIZED_SINGLE_PAIR_GRADUAL,IDEALIZED_GRADUAL_MAPPING,128,8,255,0,2,8,203264,16,256,4096,96.24,-0.0099999999999909,96.20335228354979,0.02882468248833397,96.17452760106146,-0.03664771645020437,0.03664771645020437,True,LEAVE_ONE_STUDY_OUT,10.1038/s41598-019-44607-3,TiOx_02_Pt,10.1038/s41598-019-44607-3,TiOx,6,6,5,False
TiOx_02_Pt,10.1038/s41598-019-44607-3,TiOx,2.128684,0.3281111958478591,0,0,GRADUAL_MULTILEVEL,NOT_REPORTED,absolute,IDEALIZED_SINGLE_PAIR_GRADUAL,IDEALIZED_GRADUAL_MAPPING,128,5,31,0,2,8,203264,16,256,4096,96.23,0.0,96.14654957936507,0.05381855541869772,96.09273102394637,-0.08345042063493224,0.08345042063493224,True,LEAVE_ONE_STUDY_OUT,10.1038/s41598-019-44607-3,TiOx_02_Pt,10.1038/s41598-019-44607-3,TiOx,6,6,5,False
TiOx_02_Pt,10.1038/s41598-019-44607-3,TiOx,2.128684,0.3281111958478591,0,0,GRADUAL_MULTILEVEL,NOT_REPORTED,absolute,IDEALIZED_SINGLE_PAIR_GRADUAL,IDEALIZED_GRADUAL_MAPPING,64,7,127,0,2,10,203264,56,1024,57344,96.23,0.0,96.21029901587302,0.02098377413799559,96.18931524173503,-0.019700984126984622,0.019700984126984622,True,LEAVE_ONE_STUDY_OUT,10.1038/s41598-019-44607-3,TiOx_02_Pt,10.1038/s41598-019-44607-3,TiOx,6,6,5,False
TiOx_02_Pt,10.1038/s41598-019-44607-3,TiOx,2.128684,0.3281111958478591,0,0,GRADUAL_MULTILEVEL,NOT_REPORTED,absolute,IDEALIZED_SINGLE_PAIR_GRADUAL,IDEALIZED_GRADUAL_MAPPING,32,7,127,0,2,10,203264,208,1024,212992,96.23,0.0,96.22045284126985,0.020568708455706505,96.19988413281413,-0.009547158730157435,0.009547158730157435,True,LEAVE_ONE_STUDY_OUT,10.1038/s41598-019-44607-3,TiOx_02_Pt,10.1038/s41598-019-44607-3,TiOx,6,6,5,False
TiOx_02_Pt,10.1038/s41598-019-44607-3,TiOx,2.128684,0.3281111958478591,0,0,GRADUAL_MULTILEVEL,NOT_REPORTED,absolute,IDEALIZED_SINGLE_PAIR_GRADUAL,IDEALIZED_GRADUAL_MAPPING,16,7,127,0,2,8,203264,800,256,204800,96.23,0.0,96.19558955555556,0.01695218114002489,96.17863737441553,-0.03441044444444685,0.03441044444444685,True,LEAVE_ONE_STUDY_OUT,10.1038/s41598-019-44607-3,TiOx_02_Pt,10.1038/s41598-019-44607-3,TiOx,6,6,5,False
TiOx_02_Pt,10.1038/s41598-019-44607-3,TiOx,2.128684,0.3281111958478591,0,0,GRADUAL_MULTILEVEL,NOT_REPORTED,absolute,IDEALIZED_SINGLE_PAIR_GRADUAL,IDEALIZED_GRADUAL_MAPPING,16,6,63,0,2,8,203264,800,256,204800,96.23,0.0,96.23290429365079,0.026700453316181958,96.20620384033461,0.0029042936507863715,0.0029042936507863715,True,LEAVE_ONE_STUDY_OUT,10.1038/s41598-019-44607-3,TiOx_02_Pt,10.1038/s41598-019-44607-3,TiOx,6,6,5,False
TiOx_02_Pt,10.1038/s41598-019-44607-3,TiOx,2.128684,0.3281111958478591,0,0,GRADUAL_MULTILEVEL,NOT_REPORTED,absolute,IDEALIZED_SINGLE_PAIR_GRADUAL,IDEALIZED_GRADUAL_MAPPING,256,8,255,0,2,8,203264,10,256,2560,96.23,0.0,96.19642781529582,0.032395280679624196,96.1640325346162,-0.03357218470418388,0.03357218470418388,True,LEAVE_ONE_STUDY_OUT,10.1038/s41598-019-44607-3,TiOx_02_Pt,10.1038/s41598-019-44607-3,TiOx,6,6,5,False
TiOx_02_Pt,10.1038/s41598-019-44607-3,TiOx,2.128684,0.3281111958478591,0,0,GRADUAL_MULTILEVEL,NOT_REPORTED,absolute,IDEALIZED_SINGLE_PAIR_GRADUAL,IDEALIZED_GRADUAL_MAPPING,256,7,127,0,2,10,203264,10,1024,10240,96.23,0.0,96.19234660317461,0.02605206735871895,96.1662945358159,-0.03765339682539093,0.03765339682539093,True,LEAVE_ONE_STUDY_OUT,10.1038/s41598-019-44607-3,TiOx_02_Pt,10.1038/s41598-019-44607-3,TiOx,6,6,5,False
TiOx_02_Pt,10.1038/s41598-019-44607-3,TiOx,2.128684,0.3281111958478591,0,0,GRADUAL_MULTILEVEL,NOT_REPORTED,absolute,IDEALIZED_SINGLE_PAIR_GRADUAL,IDEALIZED_GRADUAL_MAPPING,16,7,127,0,2,10,203264,800,1024,819200,96.22,0.0100000000000051,96.20615802380954,0.016108715451949817,96.19004930835759,-0.013841976190462901,0.013841976190462901,True,LEAVE_ONE_STUDY_OUT,10.1038/s41598-019-44607-3,TiOx_02_Pt,10.1038/s41598-019-44607-3,TiOx,6,6,5,False
TiOx_02_Pt,10.1038/s41598-019-44607-3,TiOx,2.128684,0.3281111958478591,0,0,GRADUAL_MULTILEVEL,NOT_REPORTED,absolute,IDEALIZED_SINGLE_PAIR_GRADUAL,IDEALIZED_GRADUAL_MAPPING,16,7,127,0,2,9,203264,800,512,409600,96.22,0.0100000000000051,96.21008023809526,0.017676888445487187,96.19240334964977,-0.009919761904740199,0.009919761904740199,True,LEAVE_ONE_STUDY_OUT,10.1038/s41598-019-44607-3,TiOx_02_Pt,10.1038/s41598-019-44607-3,TiOx,6,6,5,False
TiOx_02_Pt,10.1038/s41598-019-44607-3,TiOx,2.128684,0.3281111958478591,0,0,GRADUAL_MULTILEVEL,NOT_REPORTED,absolute,IDEALIZED_SINGLE_PAIR_GRADUAL,IDEALIZED_GRADUAL_MAPPING,16,8,255,0,2,8,203264,800,256,204800,96.22,0.0100000000000051,96.18710081746033,0.023850502086611228,96.16325031537372,-0.03289918253966562,0.03289918253966562,True,LEAVE_ONE_STUDY_OUT,10.1038/s41598-019-44607-3,TiOx_02_Pt,10.1038/s41598-019-44607-3,TiOx,6,6,5,False
TiOx_02_Pt,10.1038/s41598-019-44607-3,TiOx,2.128684,0.3281111958478591,0,0,GRADUAL_MULTILEVEL,NOT_REPORTED,absolute,IDEALIZED_SINGLE_PAIR_GRADUAL,IDEALIZED_GRADUAL_MAPPING,64,5,31,0,2,8,203264,56,256,14336,96.22,0.0100000000000051,96.17801592857143,0.03901010093078252,96.13900582764064,-0.041984071428572634,0.041984071428572634,True,LEAVE_ONE_STUDY_OUT,10.1038/s41598-019-44607-3,TiOx_02_Pt,10.1038/s41598-019-44607-3,TiOx,6,6,5,False
TiOx_02_Pt,10.1038/s41598-019-44607-3,TiOx,2.128684,0.3281111958478591,0,0,GRADUAL_MULTILEVEL,NOT_REPORTED,absolute,IDEALIZED_SINGLE_PAIR_GRADUAL,IDEALIZED_GRADUAL_MAPPING,128,5,31,0,2,10,203264,16,1024,16384,96.21,0.0200000000000102,96.16132032539683,0.04028220024872136,96.1210381251481,-0.04867967460316436,0.04867967460316436,True,LEAVE_ONE_STUDY_OUT,10.1038/s41598-019-44607-3,TiOx_02_Pt,10.1038/s41598-019-44607-3,TiOx,6,6,5,False
TiOx_02_Pt,10.1038/s41598-019-44607-3,TiOx,2.128684,0.3281111958478591,0,0,GRADUAL_MULTILEVEL,NOT_REPORTED,absolute,IDEALIZED_SINGLE_PAIR_GRADUAL,IDEALIZED_GRADUAL_MAPPING,256,7,127,0,2,9,203264,10,512,5120,96.21,0.0200000000000102,96.2176391031746,0.025857540165673664,96.19178156300893,0.00763910317461125,0.00763910317461125,True,LEAVE_ONE_STUDY_OUT,10.1038/s41598-019-44607-3,TiOx_02_Pt,10.1038/s41598-019-44607-3,TiOx,6,6,5,False
TiOx_02_Pt,10.1038/s41598-019-44607-3,TiOx,2.128684,0.3281111958478591,0,0,GRADUAL_MULTILEVEL,NOT_REPORTED,absolute,IDEALIZED_SINGLE_PAIR_GRADUAL,IDEALIZED_GRADUAL_MAPPING,16,7,127,0,2,7,203264,800,128,102400,96.21,0.0200000000000102,96.18398080952382,0.03963107538140326,96.14434973414241,-0.026019190476176846,0.026019190476176846,True,LEAVE_ONE_STUDY_OUT,10.1038/s41598-019-44607-3,TiOx_02_Pt,10.1038/s41598-019-44607-3,TiOx,6,6,5,False
TiOx_02_Pt,10.1038/s41598-019-44607-3,TiOx,2.128684,0.3281111958478591,0,0,GRADUAL_MULTILEVEL,NOT_REPORTED,absolute,IDEALIZED_SINGLE_PAIR_GRADUAL,IDEALIZED_GRADUAL_MAPPING,16,8,255,0,2,7,203264,800,128,102400,96.21,0.0200000000000102,96.17122819047619,0.047887780689750886,96.12334040978644,-0.03877180952380854,0.03877180952380854,True,LEAVE_ONE_STUDY_OUT,10.1038/s41598-019-44607-3,TiOx_02_Pt,10.1038/s41598-019-44607-3,TiOx,6,6,5,False
TiOx_02_Pt,10.1038/s41598-019-44607-3,TiOx,2.128684,0.3281111958478591,0,0,GRADUAL_MULTILEVEL,NOT_REPORTED,absolute,IDEALIZED_SINGLE_PAIR_GRADUAL,IDEALIZED_GRADUAL_MAPPING,64,8,255,0,2,8,203264,56,256,14336,96.21,0.0200000000000102,96.1801050079365,0.025121282514625285,96.15498372542189,-0.029894992063489667,0.029894992063489667,True,LEAVE_ONE_STUDY_OUT,10.1038/s41598-019-44607-3,TiOx_02_Pt,10.1038/s41598-019-44607-3,TiOx,6,6,5,False
TiOx_02_Pt,10.1038/s41598-019-44607-3,TiOx,2.128684,0.3281111958478591,0,0,GRADUAL_MULTILEVEL,NOT_REPORTED,absolute,IDEALIZED_SINGLE_PAIR_GRADUAL,IDEALIZED_GRADUAL_MAPPING,128,7,127,0,2,10,203264,16,1024,16384,96.2,0.0300000000000011,96.19970442857142,0.01820671902173982,96.18149770954969,-0.0002955714285803879,0.0002955714285803879,True,LEAVE_ONE_STUDY_OUT,10.1038/s41598-019-44607-3,TiOx_02_Pt,10.1038/s41598-019-44607-3,TiOx,6,6,5,False
TiOx_02_Pt,10.1038/s41598-019-44607-3,TiOx,2.128684,0.3281111958478591,0,0,GRADUAL_MULTILEVEL,NOT_REPORTED,absolute,IDEALIZED_SINGLE_PAIR_GRADUAL,IDEALIZED_GRADUAL_MAPPING,256,8,255,0,2,9,203264,10,512,5120,96.2,0.0300000000000011,96.20336598412699,0.025520265513504135,96.17784571861348,0.003365984126986632,0.003365984126986632,True,LEAVE_ONE_STUDY_OUT,10.1038/s41598-019-44607-3,TiOx_02_Pt,10.1038/s41598-019-44607-3,TiOx,6,6,5,False
TiOx_02_Pt,10.1038/s41598-019-44607-3,TiOx,2.128684,0.3281111958478591,0,0,GRADUAL_MULTILEVEL,NOT_REPORTED,absolute,IDEALIZED_SINGLE_PAIR_GRADUAL,IDEALIZED_GRADUAL_MAPPING,256,8,255,0,2,10,203264,10,1024,10240,96.19,0.0400000000000062,96.19487262698414,0.030389227068185587,96.16448339991595,0.004872626984138151,0.004872626984138151,True,LEAVE_ONE_STUDY_OUT,10.1038/s41598-019-44607-3,TiOx_02_Pt,10.1038/s41598-019-44607-3,TiOx,6,6,5,False
TiOx_02_Pt,10.1038/s41598-019-44607-3,TiOx,2.128684,0.3281111958478591,0,0,GRADUAL_MULTILEVEL,NOT_REPORTED,absolute,IDEALIZED_SINGLE_PAIR_GRADUAL,IDEALIZED_GRADUAL_MAPPING,128,7,127,0,2,9,203264,16,512,8192,96.19,0.0400000000000062,96.22390591269843,0.017008747492714076,96.20689716520572,0.033905912698429574,0.033905912698429574,True,LEAVE_ONE_STUDY_OUT,10.1038/s41598-019-44607-3,TiOx_02_Pt,10.1038/s41598-019-44607-3,TiOx,6,6,5,False
TiOx_02_Pt,10.1038/s41598-019-44607-3,TiOx,2.128684,0.3281111958478591,0,0,GRADUAL_MULTILEVEL,NOT_REPORTED,absolute,IDEALIZED_SINGLE_PAIR_GRADUAL,IDEALIZED_GRADUAL_MAPPING,64,8,255,0,2,7,203264,56,128,7168,96.19,0.0400000000000062,96.12459612698413,0.05627794273568572,96.06831818424844,-0.06540387301586748,0.06540387301586748,True,LEAVE_ONE_STUDY_OUT,10.1038/s41598-019-44607-3,TiOx_02_Pt,10.1038/s41598-019-44607-3,TiOx,6,6,5,False
TiOx_02_Pt,10.1038/s41598-019-44607-3,TiOx,2.128684,0.3281111958478591,0,0,GRADUAL_MULTILEVEL,NOT_REPORTED,absolute,IDEALIZED_SINGLE_PAIR_GRADUAL,IDEALIZED_GRADUAL_MAPPING,32,7,127,0,2,7,203264,208,128,26624,96.19,0.0400000000000062,96.18904975396825,0.04326057443244494,96.1457891795358,-0.0009502460317492023,0.0009502460317492023,True,LEAVE_ONE_STUDY_OUT,10.1038/s41598-019-44607-3,TiOx_02_Pt,10.1038/s41598-019-44607-3,TiOx,6,6,5,False
TiOx_02_Pt,10.1038/s41598-019-44607-3,TiOx,2.128684,0.3281111958478591,0,0,GRADUAL_MULTILEVEL,NOT_REPORTED,absolute,IDEALIZED_SINGLE_PAIR_GRADUAL,IDEALIZED_GRADUAL_MAPPING,32,6,63,0,2,8,203264,208,256,53248,96.19,0.0400000000000062,96.23015807936507,0.021521764976735056,96.20863631438833,0.040158079365070876,0.040158079365070876,True,LEAVE_ONE_STUDY_OUT,10.1038/s41598-019-44607-3,TiOx_02_Pt,10.1038/s41598-019-44607-3,TiOx,6,6,5,False
TiOx_02_Pt,10.1038/s41598-019-44607-3,TiOx,2.128684,0.3281111958478591,0,0,GRADUAL_MULTILEVEL,NOT_REPORTED,absolute,IDEALIZED_SINGLE_PAIR_GRADUAL,IDEALIZED_GRADUAL_MAPPING,32,7,127,0,2,8,203264,208,256,53248,96.19,0.0400000000000062,96.19976780158731,0.025141815222718612,96.17462598636459,0.009767801587315716,0.009767801587315716,True,LEAVE_ONE_STUDY_OUT,10.1038/s41598-019-44607-3,TiOx_02_Pt,10.1038/s41598-019-44607-3,TiOx,6,6,5,False
TiOx_02_Pt,10.1038/s41598-019-44607-3,TiOx,2.128684,0.3281111958478591,0,0,GRADUAL_MULTILEVEL,NOT_REPORTED,absolute,IDEALIZED_SINGLE_PAIR_GRADUAL,IDEALIZED_GRADUAL_MAPPING,64,7,127,0,2,8,203264,56,256,14336,96.18,0.0499999999999971,96.19295111111111,0.027563984165754965,96.16538712694536,0.012951111111107139,0.012951111111107139,True,LEAVE_ONE_STUDY_OUT,10.1038/s41598-019-44607-3,TiOx_02_Pt,10.1038/s41598-019-44607-3,TiOx,6,6,5,False
TiOx_02_Pt,10.1038/s41598-019-44607-3,TiOx,2.128684,0.3281111958478591,0,0,GRADUAL_MULTILEVEL,NOT_REPORTED,absolute,IDEALIZED_SINGLE_PAIR_GRADUAL,IDEALIZED_GRADUAL_MAPPING,64,5,31,0,2,9,203264,56,512,28672,96.18,0.0499999999999971,96.1655382936508,0.024592307204866874,96.14094598644593,-0.01446170634920918,0.01446170634920918,True,LEAVE_ONE_STUDY_OUT,10.1038/s41598-019-44607-3,TiOx_02_Pt,10.1038/s41598-019-44607-3,TiOx,6,6,5,False
TiOx_02_Pt,10.1038/s41598-019-44607-3,TiOx,2.128684,0.3281111958478591,0,0,GRADUAL_MULTILEVEL,NOT_REPORTED,absolute,IDEALIZED_SINGLE_PAIR_GRADUAL,IDEALIZED_GRADUAL_MAPPING,16,5,31,0,2,8,203264,800,256,204800,96.17,0.0600000000000022,96.15061733333333,0.03080680238612458,96.1198105309472,-0.01938266666667232,0.01938266666667232,True,LEAVE_ONE_STUDY_OUT,10.1038/s41598-019-44607-3,TiOx_02_Pt,10.1038/s41598-019-44607-3,TiOx,6,6,5,False
TiOx_02_Pt,10.1038/s41598-019-44607-3,TiOx,2.128684,0.3281111958478591,0,0,GRADUAL_MULTILEVEL,NOT_REPORTED,absolute,IDEALIZED_SINGLE_PAIR_GRADUAL,IDEALIZED_GRADUAL_MAPPING,256,5,31,0,2,9,203264,10,512,5120,96.17,0.0600000000000022,96.13092465873017,0.06107351464612337,96.06985114408404,-0.03907534126983592,0.03907534126983592,True,LEAVE_ONE_STUDY_OUT,10.1038/s41598-019-44607-3,TiOx_02_Pt,10.1038/s41598-019-44607-3,TiOx,6,6,5,False
TiOx_02_Pt,10.1038/s41598-019-44607-3,TiOx,2.128684,0.3281111958478591,0,0,GRADUAL_MULTILEVEL,NOT_REPORTED,absolute,IDEALIZED_SINGLE_PAIR_GRADUAL,IDEALIZED_GRADUAL_MAPPING,64,7,127,0,2,7,203264,56,128,7168,96.17,0.0600000000000022,96.13692729365079,0.057425037234830875,96.07950225641595,-0.03307270634921622,0.03307270634921622,True,LEAVE_ONE_STUDY_OUT,10.1038/s41598-019-44607-3,TiOx_02_Pt,10.1038/s41598-019-44607-3,TiOx,6,6,5,False
TiOx_02_Pt,10.1038/s41598-019-44607-3,TiOx,2.128684,0.3281111958478591,0,0,GRADUAL_MULTILEVEL,NOT_REPORTED,absolute,IDEALIZED_SINGLE_PAIR_GRADUAL,IDEALIZED_GRADUAL_MAPPING,128,5,31,0,2,9,203264,16,512,8192,96.16,0.0700000000000073,96.1599686825397,0.04040725881811548,96.11956142372158,-3.131746029794158e-05,3.131746029794158e-05,True,LEAVE_ONE_STUDY_OUT,10.1038/s41598-019-44607-3,TiOx_02_Pt,10.1038/s41598-019-44607-3,TiOx,6,6,5,False
TiOx_02_Pt,10.1038/s41598-019-44607-3,TiOx,2.128684,0.3281111958478591,0,0,GRADUAL_MULTILEVEL,NOT_REPORTED,absolute,IDEALIZED_SINGLE_PAIR_GRADUAL,IDEALIZED_GRADUAL_MAPPING,32,5,31,0,2,8,203264,208,256,53248,96.16,0.0700000000000073,96.1662145,0.03238565985618431,96.1338288401438,0.006214499999998679,0.006214499999998679,True,LEAVE_ONE_STUDY_OUT,10.1038/s41598-019-44607-3,TiOx_02_Pt,10.1038/s41598-019-44607-3,TiOx,6,6,5,False
TiOx_02_Pt,10.1038/s41598-019-44607-3,TiOx,2.128684,0.3281111958478591,0,0,GRADUAL_MULTILEVEL,NOT_REPORTED,absolute,IDEALIZED_SINGLE_PAIR_GRADUAL,IDEALIZED_GRADUAL_MAPPING,32,5,31,0,2,9,203264,208,512,106496,96.16,0.0700000000000073,96.15961125396827,0.01559985465699818,96.14401139931127,-0.0003887460317315572,0.0003887460317315572,True,LEAVE_ONE_STUDY_OUT,10.1038/s41598-019-44607-3,TiOx_02_Pt,10.1038/s41598-019-44607-3,TiOx,6,6,5,False
TiOx_02_Pt,10.1038/s41598-019-44607-3,TiOx,2.128684,0.3281111958478591,0,0,GRADUAL_MULTILEVEL,NOT_REPORTED,absolute,IDEALIZED_SINGLE_PAIR_GRADUAL,IDEALIZED_GRADUAL_MAPPING,16,6,63,0,2,7,203264,800,128,102400,96.15,0.0799999999999983,96.19580517460317,0.030387680115445185,96.16541749448773,0.045805174603160026,0.045805174603160026,True,LEAVE_ONE_STUDY_OUT,10.1038/s41598-019-44607-3,TiOx_02_Pt,10.1038/s41598-019-44607-3,TiOx,6,6,5,False
TiOx_02_Pt,10.1038/s41598-019-44607-3,TiOx,2.128684,0.3281111958478591,0,0,GRADUAL_MULTILEVEL,NOT_REPORTED,absolute,IDEALIZED_SINGLE_PAIR_GRADUAL,IDEALIZED_GRADUAL_MAPPING,16,5,31,0,2,7,203264,800,128,102400,96.15,0.0799999999999983,96.08810083333333,0.08732020116164085,96.00078063217168,-0.061899166666677274,0.061899166666677274,True,LEAVE_ONE_STUDY_OUT,10.1038/s41598-019-44607-3,TiOx_02_Pt,10.1038/s41598-019-44607-3,TiOx,6,6,5,False
TiOx_02_Pt,10.1038/s41598-019-44607-3,TiOx,2.128684,0.3281111958478591,0,0,GRADUAL_MULTILEVEL,NOT_REPORTED,absolute,IDEALIZED_SINGLE_PAIR_GRADUAL,IDEALIZED_GRADUAL_MAPPING,256,5,31,0,2,10,203264,10,1024,10240,96.15,0.0799999999999983,96.13427894444443,0.06203421994225696,96.07224472450217,-0.01572105555557357,0.01572105555557357,True,LEAVE_ONE_STUDY_OUT,10.1038/s41598-019-44607-3,TiOx_02_Pt,10.1038/s41598-019-44607-3,TiOx,6,6,5,False
TiOx_02_Pt,10.1038/s41598-019-44607-3,TiOx,2.128684,0.3281111958478591,0,0,GRADUAL_MULTILEVEL,NOT_REPORTED,absolute,IDEALIZED_SINGLE_PAIR_GRADUAL,IDEALIZED_GRADUAL_MAPPING,128,8,255,0,2,10,203264,16,1024,16384,96.15,0.0799999999999983,96.20739318253969,0.020019219858062227,96.18737396268163,0.05739318253968406,0.05739318253968406,True,LEAVE_ONE_STUDY_OUT,10.1038/s41598-019-44607-3,TiOx_02_Pt,10.1038/s41598-019-44607-3,TiOx,6,6,5,False
TiOx_02_Pt,10.1038/s41598-019-44607-3,TiOx,2.128684,0.3281111958478591,0,0,GRADUAL_MULTILEVEL,NOT_REPORTED,absolute,IDEALIZED_SINGLE_PAIR_GRADUAL,IDEALIZED_GRADUAL_MAPPING,128,8,255,0,2,9,203264,16,512,8192,96.15,0.0799999999999983,96.21203821428571,0.014651074094026386,96.19738714019168,0.06203821428570677,0.06203821428570677,True,LEAVE_ONE_STUDY_OUT,10.1038/s41598-019-44607-3,TiOx_02_Pt,10.1038/s41598-019-44607-3,TiOx,6,6,5,False
TiOx_02_Pt,10.1038/s41598-019-44607-3,TiOx,2.128684,0.3281111958478591,0,0,GRADUAL_MULTILEVEL,NOT_REPORTED,absolute,IDEALIZED_SINGLE_PAIR_GRADUAL,IDEALIZED_GRADUAL_MAPPING,64,5,31,0,2,10,203264,56,1024,57344,96.14,0.0900000000000034,96.16709651587303,0.02374433153743178,96.1433521843356,0.027096515873026306,0.027096515873026306,True,LEAVE_ONE_STUDY_OUT,10.1038/s41598-019-44607-3,TiOx_02_Pt,10.1038/s41598-019-44607-3,TiOx,6,6,5,False
TiOx_02_Pt,10.1038/s41598-019-44607-3,TiOx,2.128684,0.3281111958478591,0,0,GRADUAL_MULTILEVEL,NOT_REPORTED,absolute,IDEALIZED_SINGLE_PAIR_GRADUAL,IDEALIZED_GRADUAL_MAPPING,16,5,31,0,2,9,203264,800,512,409600,96.14,0.0900000000000034,96.1567751825397,0.018814140143059172,96.13796104239664,0.016775182539703337,0.016775182539703337,True,LEAVE_ONE_STUDY_OUT,10.1038/s41598-019-44607-3,TiOx_02_Pt,10.1038/s41598-019-44607-3,TiOx,6,6,5,False
TiOx_02_Pt,10.1038/s41598-019-44607-3,TiOx,2.128684,0.3281111958478591,0,0,GRADUAL_MULTILEVEL,NOT_REPORTED,absolute,IDEALIZED_SINGLE_PAIR_GRADUAL,IDEALIZED_GRADUAL_MAPPING,16,5,31,0,2,10,203264,800,1024,819200,96.14,0.0900000000000034,96.15099906349207,0.020478001498123042,96.13052106199395,0.01099906349206492,0.01099906349206492,True,LEAVE_ONE_STUDY_OUT,10.1038/s41598-019-44607-3,TiOx_02_Pt,10.1038/s41598-019-44607-3,TiOx,6,6,5,False
TiOx_02_Pt,10.1038/s41598-019-44607-3,TiOx,2.128684,0.3281111958478591,0,0,GRADUAL_MULTILEVEL,NOT_REPORTED,absolute,IDEALIZED_SINGLE_PAIR_GRADUAL,IDEALIZED_GRADUAL_MAPPING,32,6,63,0,2,7,203264,208,128,26624,96.14,0.0900000000000034,96.20424497619047,0.02889018280574262,96.17535479338473,0.06424497619046576,0.06424497619046576,True,LEAVE_ONE_STUDY_OUT,10.1038/s41598-019-44607-3,TiOx_02_Pt,10.1038/s41598-019-44607-3,TiOx,6,6,5,False
TiOx_02_Pt,10.1038/s41598-019-44607-3,TiOx,2.128684,0.3281111958478591,0,0,GRADUAL_MULTILEVEL,NOT_REPORTED,absolute,IDEALIZED_SINGLE_PAIR_GRADUAL,IDEALIZED_GRADUAL_MAPPING,32,5,31,0,2,10,203264,208,1024,212992,96.13,0.1000000000000085,96.15201040476191,0.018289633497058887,96.13372077126485,0.022010404761914515,0.022010404761914515,True,LEAVE_ONE_STUDY_OUT,10.1038/s41598-019-44607-3,TiOx_02_Pt,10.1038/s41598-019-44607-3,TiOx,6,6,5,False
TiOx_02_Pt,10.1038/s41598-019-44607-3,TiOx,2.128684,0.3281111958478591,0,0,GRADUAL_MULTILEVEL,NOT_REPORTED,absolute,IDEALIZED_SINGLE_PAIR_GRADUAL,IDEALIZED_GRADUAL_MAPPING,64,6,63,0,2,8,203264,56,256,14336,96.12,0.1099999999999994,96.23356567460317,0.02943292428900319,96.20413275031417,0.11356567460316569,0.11356567460316569,True,LEAVE_ONE_STUDY_OUT,10.1038/s41598-019-44607-3,TiOx_02_Pt,10.1038/s41598-019-44607-3,TiOx,6,6,5,False
TiOx_02_Pt,10.1038/s41598-019-44607-3,TiOx,2.128684,0.3281111958478591,0,0,GRADUAL_MULTILEVEL,NOT_REPORTED,absolute,IDEALIZED_SINGLE_PAIR_GRADUAL,IDEALIZED_GRADUAL_MAPPING,16,4,15,0,2,7,203264,800,128,102400,96.11,0.1200000000000045,95.98772462698413,0.10312788178079596,95.88459674520334,-0.12227537301586722,0.12227537301586722,True,LEAVE_ONE_STUDY_OUT,10.1038/s41598-019-44607-3,TiOx_02_Pt,10.1038/s41598-019-44607-3,TiOx,6,6,5,False
TiOx_02_Pt,10.1038/s41598-019-44607-3,TiOx,2.128684,0.3281111958478591,0,0,GRADUAL_MULTILEVEL,NOT_REPORTED,absolute,IDEALIZED_SINGLE_PAIR_GRADUAL,IDEALIZED_GRADUAL_MAPPING,32,4,15,0,2,9,203264,208,512,106496,96.1,0.1300000000000096,96.07091426190476,0.01654849469320683,96.05436576721155,-0.029085738095233182,0.029085738095233182,True,LEAVE_ONE_STUDY_OUT,10.1038/s41598-019-44607-3,TiOx_02_Pt,10.1038/s41598-019-44607-3,TiOx,6,6,5,False
TiOx_02_Pt,10.1038/s41598-019-44607-3,TiOx,2.128684,0.3281111958478591,0,0,GRADUAL_MULTILEVEL,NOT_REPORTED,absolute,IDEALIZED_SINGLE_PAIR_GRADUAL,IDEALIZED_GRADUAL_MAPPING,16,4,15,0,2,8,203264,800,256,204800,96.09,0.1400000000000005,96.0745603174603,0.019897005432355074,96.05466331202794,-0.015439682539707178,0.015439682539707178,True,LEAVE_ONE_STUDY_OUT,10.1038/s41598-019-44607-3,TiOx_02_Pt,10.1038/s41598-019-44607-3,TiOx,6,6,5,False
TiOx_02_Pt,10.1038/s41598-019-44607-3,TiOx,2.128684,0.3281111958478591,0,0,GRADUAL_MULTILEVEL,NOT_REPORTED,absolute,IDEALIZED_SINGLE_PAIR_GRADUAL,IDEALIZED_GRADUAL_MAPPING,128,4,15,0,2,10,203264,16,1024,16384,96.09,0.1400000000000005,96.04346276190475,0.037079506797945846,96.0063832551068,-0.04653723809525445,0.04653723809525445,True,LEAVE_ONE_STUDY_OUT,10.1038/s41598-019-44607-3,TiOx_02_Pt,10.1038/s41598-019-44607-3,TiOx,6,6,5,False
TiOx_02_Pt,10.1038/s41598-019-44607-3,TiOx,2.128684,0.3281111958478591,0,0,GRADUAL_MULTILEVEL,NOT_REPORTED,absolute,IDEALIZED_SINGLE_PAIR_GRADUAL,IDEALIZED_GRADUAL_MAPPING,256,4,15,0,2,8,203264,10,256,2560,96.09,0.1400000000000005,96.068488515873,0.050855804711248516,96.01763271116175,-0.021511484127003655,0.021511484127003655,True,LEAVE_ONE_STUDY_OUT,10.1038/s41598-019-44607-3,TiOx_02_Pt,10.1038/s41598-019-44607-3,TiOx,6,6,5,False
TiOx_02_Pt,10.1038/s41598-019-44607-3,TiOx,2.128684,0.3281111958478591,0,0,GRADUAL_MULTILEVEL,NOT_REPORTED,absolute,IDEALIZED_SINGLE_PAIR_GRADUAL,IDEALIZED_GRADUAL_MAPPING,32,5,31,0,2,7,203264,208,128,26624,96.09,0.1400000000000005,96.09961602380952,0.09531415353707025,96.00430187027244,0.009616023809513763,0.009616023809513763,True,LEAVE_ONE_STUDY_OUT,10.1038/s41598-019-44607-3,TiOx_02_Pt,10.1038/s41598-019-44607-3,TiOx,6,6,5,False
TiOx_02_Pt,10.1038/s41598-019-44607-3,TiOx,2.128684,0.3281111958478591,0,0,GRADUAL_MULTILEVEL,NOT_REPORTED,absolute,IDEALIZED_SINGLE_PAIR_GRADUAL,IDEALIZED_GRADUAL_MAPPING,16,7,127,0,2,6,203264,800,64,51200,96.09,0.1400000000000005,96.06560031746031,0.08791223644371632,95.9776880810166,-0.024399682539694822,0.024399682539694822,True,LEAVE_ONE_STUDY_OUT,10.1038/s41598-019-44607-3,TiOx_02_Pt,10.1038/s41598-019-44607-3,TiOx,6,6,5,False
TiOx_02_Pt,10.1038/s41598-019-44607-3,TiOx,2.128684,0.3281111958478591,0,0,GRADUAL_MULTILEVEL,NOT_REPORTED,absolute,IDEALIZED_SINGLE_PAIR_GRADUAL,IDEALIZED_GRADUAL_MAPPING,16,4,15,0,2,10,203264,800,1024,819200,96.09,0.1400000000000005,96.06804028571428,0.016398303443982114,96.0516419822703,-0.021959714285728182,0.021959714285728182,True,LEAVE_ONE_STUDY_OUT,10.1038/s41598-019-44607-3,TiOx_02_Pt,10.1038/s41598-019-44607-3,TiOx,6,6,5,False
TiOx_02_Pt,10.1038/s41598-019-44607-3,TiOx,2.128684,0.3281111958478591,0,0,GRADUAL_MULTILEVEL,NOT_REPORTED,absolute,IDEALIZED_SINGLE_PAIR_GRADUAL,IDEALIZED_GRADUAL_MAPPING,32,8,255,0,2,7,203264,208,128,26624,96.09,0.1400000000000005,96.16992103968255,0.05078413692823213,96.11913690275432,0.07992103968254582,0.07992103968254582,True,LEAVE_ONE_STUDY_OUT,10.1038/s41598-019-44607-3,TiOx_02_Pt,10.1038/s41598-019-44607-3,TiOx,6,6,5,False
TiOx_02_Pt,10.1038/s41598-019-44607-3,TiOx,2.128684,0.3281111958478591,0,0,GRADUAL_MULTILEVEL,NOT_REPORTED,absolute,IDEALIZED_SINGLE_PAIR_GRADUAL,IDEALIZED_GRADUAL_MAPPING,32,4,15,0,2,8,203264,208,256,53248,96.08,0.1500000000000056,96.07055231746033,0.020141414451349857,96.05041090300898,-0.009447682539672542,0.009447682539672542,True,LEAVE_ONE_STUDY_OUT,10.1038/s41598-019-44607-3,TiOx_02_Pt,10.1038/s41598-019-44607-3,TiOx,6,6,5,False
TiOx_02_Pt,10.1038/s41598-019-44607-3,TiOx,2.128684,0.3281111958478591,0,0,GRADUAL_MULTILEVEL,NOT_REPORTED,absolute,IDEALIZED_SINGLE_PAIR_GRADUAL,IDEALIZED_GRADUAL_MAPPING,256,5,31,0,2,8,203264,10,256,2560,96.08,0.1500000000000056,96.10770935714285,0.06820083286760609,96.03950852427525,0.02770935714285372,0.02770935714285372,True,LEAVE_ONE_STUDY_OUT,10.1038/s41598-019-44607-3,TiOx_02_Pt,10.1038/s41598-019-44607-3,TiOx,6,6,5,False
TiOx_02_Pt,10.1038/s41598-019-44607-3,TiOx,2.128684,0.3281111958478591,0,0,GRADUAL_MULTILEVEL,NOT_REPORTED,absolute,IDEALIZED_SINGLE_PAIR_GRADUAL,IDEALIZED_GRADUAL_MAPPING,32,4,15,0,2,10,203264,208,1024,212992,96.08,0.1500000000000056,96.06424442857141,0.016571428215693573,96.04767300035572,-0.015755571428584858,0.015755571428584858,True,LEAVE_ONE_STUDY_OUT,10.1038/s41598-019-44607-3,TiOx_02_Pt,10.1038/s41598-019-44607-3,TiOx,6,6,5,False
TiOx_02_Pt,10.1038/s41598-019-44607-3,TiOx,2.128684,0.3281111958478591,0,0,GRADUAL_MULTILEVEL,NOT_REPORTED,absolute,IDEALIZED_SINGLE_PAIR_GRADUAL,IDEALIZED_GRADUAL_MAPPING,256,4,15,0,2,10,203264,10,1024,10240,96.08,0.1500000000000056,96.03916773015872,0.04021285835331504,95.99895487180541,-0.04083226984127464,0.04083226984127464,True,LEAVE_ONE_STUDY_OUT,10.1038/s41598-019-44607-3,TiOx_02_Pt,10.1038/s41598-019-44607-3,TiOx,6,6,5,False
TiOx_02_Pt,10.1038/s41598-019-44607-3,TiOx,2.128684,0.3281111958478591,0,0,GRADUAL_MULTILEVEL,NOT_REPORTED,absolute,IDEALIZED_SINGLE_PAIR_GRADUAL,IDEALIZED_GRADUAL_MAPPING,64,4,15,0,2,8,203264,56,256,14336,96.07,0.1600000000000108,96.06609935714285,0.02335486880243258,96.04274448834042,-0.003900642857146863,0.003900642857146863,True,LEAVE_ONE_STUDY_OUT,10.1038/s41598-019-44607-3,TiOx_02_Pt,10.1038/s41598-019-44607-3,TiOx,6,6,5,False
TiOx_02_Pt,10.1038/s41598-019-44607-3,TiOx,2.128684,0.3281111958478591,0,0,GRADUAL_MULTILEVEL,NOT_REPORTED,absolute,IDEALIZED_SINGLE_PAIR_GRADUAL,IDEALIZED_GRADUAL_MAPPING,64,6,63,0,2,7,203264,56,128,7168,96.07,0.1600000000000108,96.16480453968254,0.05131800715706808,96.11348653252547,0.0948045396825421,0.0948045396825421,True,LEAVE_ONE_STUDY_OUT,10.1038/s41598-019-44607-3,TiOx_02_Pt,10.1038/s41598-019-44607-3,TiOx,6,6,5,False
TiOx_02_Pt,10.1038/s41598-019-44607-3,TiOx,2.128684,0.3281111958478591,0,0,GRADUAL_MULTILEVEL,NOT_REPORTED,absolute,IDEALIZED_SINGLE_PAIR_GRADUAL,IDEALIZED_GRADUAL_MAPPING,64,4,15,0,2,9,203264,56,512,28672,96.06,0.1700000000000017,96.06748176190477,0.018636278197796015,96.04884548370698,0.0074817619047706785,0.0074817619047706785,True,LEAVE_ONE_STUDY_OUT,10.1038/s41598-019-44607-3,TiOx_02_Pt,10.1038/s41598-019-44607-3,TiOx,6,6,5,False
TiOx_02_Pt,10.1038/s41598-019-44607-3,TiOx,2.128684,0.3281111958478591,0,0,GRADUAL_MULTILEVEL,NOT_REPORTED,absolute,IDEALIZED_SINGLE_PAIR_GRADUAL,IDEALIZED_GRADUAL_MAPPING,16,8,255,0,2,6,203264,800,64,51200,96.06,0.1700000000000017,96.06479965079366,0.08906248254937815,95.97573716824428,0.004799650793657406,0.004799650793657406,True,LEAVE_ONE_STUDY_OUT,10.1038/s41598-019-44607-3,TiOx_02_Pt,10.1038/s41598-019-44607-3,TiOx,6,6,5,False
TiOx_02_Pt,10.1038/s41598-019-44607-3,TiOx,2.128684,0.3281111958478591,0,0,GRADUAL_MULTILEVEL,NOT_REPORTED,absolute,IDEALIZED_SINGLE_PAIR_GRADUAL,IDEALIZED_GRADUAL_MAPPING,64,4,15,0,2,10,203264,56,1024,57344,96.04,0.1899999999999977,96.06088828571427,0.019272861748298654,96.04161542396596,0.020888285714264043,0.020888285714264043,True,LEAVE_ONE_STUDY_OUT,10.1038/s41598-019-44607-3,TiOx_02_Pt,10.1038/s41598-019-44607-3,TiOx,6,6,5,False
TiOx_02_Pt,10.1038/s41598-019-44607-3,TiOx,2.128684,0.3281111958478591,0,0,GRADUAL_MULTILEVEL,NOT_REPORTED,absolute,IDEALIZED_SINGLE_PAIR_GRADUAL,IDEALIZED_GRADUAL_MAPPING,16,4,15,0,2,9,203264,800,512,409600,96.04,0.1899999999999977,96.07850526190477,0.012154102954159975,96.06635115895061,0.03850526190475989,0.03850526190475989,True,LEAVE_ONE_STUDY_OUT,10.1038/s41598-019-44607-3,TiOx_02_Pt,10.1038/s41598-019-44607-3,TiOx,6,6,5,False
TiOx_02_Pt,10.1038/s41598-019-44607-3,TiOx,2.128684,0.3281111958478591,0,0,GRADUAL_MULTILEVEL,NOT_REPORTED,absolute,IDEALIZED_SINGLE_PAIR_GRADUAL,IDEALIZED_GRADUAL_MAPPING,128,4,15,0,2,9,203264,16,512,8192,96.04,0.1899999999999977,96.07053602380951,0.03606094988292663,96.03447507392659,0.030536023809503376,0.030536023809503376,True,LEAVE_ONE_STUDY_OUT,10.1038/s41598-019-44607-3,TiOx_02_Pt,10.1038/s41598-019-44607-3,TiOx,6,6,5,False
TiOx_02_Pt,10.1038/s41598-019-44607-3,TiOx,2.128684,0.3281111958478591,0,0,GRADUAL_MULTILEVEL,NOT_REPORTED,absolute,IDEALIZED_SINGLE_PAIR_GRADUAL,IDEALIZED_GRADUAL_MAPPING,128,4,15,0,2,8,203264,16,256,4096,96.03,0.2000000000000028,96.07739184126984,0.0436191442427919,96.03377269702705,0.047391841269842416,0.047391841269842416,True,LEAVE_ONE_STUDY_OUT,10.1038/s41598-019-44607-3,TiOx_02_Pt,10.1038/s41598-019-44607-3,TiOx,6,6,5,False
TiOx_02_Pt,10.1038/s41598-019-44607-3,TiOx,2.128684,0.3281111958478591,0,0,GRADUAL_MULTILEVEL,NOT_REPORTED,absolute,IDEALIZED_SINGLE_PAIR_GRADUAL,IDEALIZED_GRADUAL_MAPPING,256,4,15,0,2,9,203264,10,512,5120,96.03,0.2000000000000028,96.06601428571427,0.04231493176616407,96.0236993539481,0.03601428571427334,0.03601428571427334,True,LEAVE_ONE_STUDY_OUT,10.1038/s41598-019-44607-3,TiOx_02_Pt,10.1038/s41598-019-44607-3,TiOx,6,6,5,False
TiOx_02_Pt,10.1038/s41598-019-44607-3,TiOx,2.128684,0.3281111958478591,0,0,GRADUAL_MULTILEVEL,NOT_REPORTED,absolute,IDEALIZED_SINGLE_PAIR_GRADUAL,IDEALIZED_GRADUAL_MAPPING,64,5,31,0,2,7,203264,56,128,7168,96.03,0.2000000000000028,96.07893787301587,0.10408286027812831,95.97485501273775,0.04893787301587338,0.04893787301587338,True,LEAVE_ONE_STUDY_OUT,10.1038/s41598-019-44607-3,TiOx_02_Pt,10.1038/s41598-019-44607-3,TiOx,6,6,5,False
TiOx_02_Pt,10.1038/s41598-019-44607-3,TiOx,2.128684,0.3281111958478591,0,0,GRADUAL_MULTILEVEL,NOT_REPORTED,absolute,IDEALIZED_SINGLE_PAIR_GRADUAL,IDEALIZED_GRADUAL_MAPPING,16,6,63,0,2,6,203264,800,64,51200,96.03,0.2000000000000028,96.03713786507936,0.11754882873617457,95.91958903634318,0.007137865079357653,0.007137865079357653,True,LEAVE_ONE_STUDY_OUT,10.1038/s41598-019-44607-3,TiOx_02_Pt,10.1038/s41598-019-44607-3,TiOx,6,6,5,False
TiOx_02_Pt,10.1038/s41598-019-44607-3,TiOx,2.128684,0.3281111958478591,0,0,GRADUAL_MULTILEVEL,NOT_REPORTED,absolute,IDEALIZED_SINGLE_PAIR_GRADUAL,IDEALIZED_GRADUAL_MAPPING,16,5,31,0,2,6,203264,800,64,51200,96.02,0.2100000000000079,95.97420162698414,0.1338213944283726,95.84038023255577,-0.045798373015855987,0.045798373015855987,True,LEAVE_ONE_STUDY_OUT,10.1038/s41598-019-44607-3,TiOx_02_Pt,10.1038/s41598-019-44607-3,TiOx,6,6,5,False
TiOx_02_Pt,10.1038/s41598-019-44607-3,TiOx,2.128684,0.3281111958478591,0,0,GRADUAL_MULTILEVEL,NOT_REPORTED,absolute,IDEALIZED_SINGLE_PAIR_GRADUAL,IDEALIZED_GRADUAL_MAPPING,128,8,255,0,2,7,203264,16,128,2048,96.01,0.2199999999999988,95.88494420707072,0.07515052296234831,95.80979368410837,-0.12505579292928815,0.12505579292928815,True,LEAVE_ONE_STUDY_OUT,10.1038/s41598-019-44607-3,TiOx_02_Pt,10.1038/s41598-019-44607-3,TiOx,6,6,5,False
TiOx_02_Pt,10.1038/s41598-019-44607-3,TiOx,2.128684,0.3281111958478591,0,0,GRADUAL_MULTILEVEL,NOT_REPORTED,absolute,IDEALIZED_SINGLE_PAIR_GRADUAL,IDEALIZED_GRADUAL_MAPPING,256,6,63,0,2,7,203264,10,128,1280,96.01,0.2199999999999988,95.98472924603176,0.08290884427852384,95.90182040175324,-0.025270753968243298,0.025270753968243298,True,LEAVE_ONE_STUDY_OUT,10.1038/s41598-019-44607-3,TiOx_02_Pt,10.1038/s41598-019-44607-3,TiOx,6,6,5,False
TiOx_02_Pt,10.1038/s41598-019-44607-3,TiOx,2.128684,0.3281111958478591,0,0,GRADUAL_MULTILEVEL,NOT_REPORTED,absolute,IDEALIZED_SINGLE_PAIR_GRADUAL,IDEALIZED_GRADUAL_MAPPING,32,6,63,0,2,6,203264,208,64,13312,96.0,0.2300000000000039,95.80501146825397,0.10708641458327212,95.69792505367069,-0.19498853174603425,0.19498853174603425,True,LEAVE_ONE_STUDY_OUT,10.1038/s41598-019-44607-3,TiOx_02_Pt,10.1038/s41598-019-44607-3,TiOx,6,6,5,False
TiOx_02_Pt,10.1038/s41598-019-44607-3,TiOx,2.128684,0.3281111958478591,0,0,GRADUAL_MULTILEVEL,NOT_REPORTED,absolute,IDEALIZED_SINGLE_PAIR_GRADUAL,IDEALIZED_GRADUAL_MAPPING,32,5,31,0,2,6,203264,208,64,13312,95.98,0.25,95.75777764285714,0.09585819305092139,95.66191944980622,-0.22222235714286853,0.22222235714286853,True,LEAVE_ONE_STUDY_OUT,10.1038/s41598-019-44607-3,TiOx_02_Pt,10.1038/s41598-019-44607-3,TiOx,6,6,5,False
TiOx_02_Pt,10.1038/s41598-019-44607-3,TiOx,2.128684,0.3281111958478591,0,0,GRADUAL_MULTILEVEL,NOT_REPORTED,absolute,IDEALIZED_SINGLE_PAIR_GRADUAL,IDEALIZED_GRADUAL_MAPPING,32,8,255,0,2,6,203264,208,64,13312,95.98,0.25,95.83670492063492,0.10885486647159641,95.72785005416331,-0.1432950793650889,0.1432950793650889,True,LEAVE_ONE_STUDY_OUT,10.1038/s41598-019-44607-3,TiOx_02_Pt,10.1038/s41598-019-44607-3,TiOx,6,6,5,False
TiOx_02_Pt,10.1038/s41598-019-44607-3,TiOx,2.128684,0.3281111958478591,0,0,GRADUAL_MULTILEVEL,NOT_REPORTED,absolute,IDEALIZED_SINGLE_PAIR_GRADUAL,IDEALIZED_GRADUAL_MAPPING,16,4,15,0,2,6,203264,800,64,51200,95.97,0.2600000000000051,95.95804296031746,0.14323794788131344,95.81480501243614,-0.011957039682542359,0.011957039682542359,True,LEAVE_ONE_STUDY_OUT,10.1038/s41598-019-44607-3,TiOx_02_Pt,10.1038/s41598-019-44607-3,TiOx,6,6,5,False
TiOx_02_Pt,10.1038/s41598-019-44607-3,TiOx,2.128684,0.3281111958478591,0,0,GRADUAL_MULTILEVEL,NOT_REPORTED,absolute,IDEALIZED_SINGLE_PAIR_GRADUAL,IDEALIZED_GRADUAL_MAPPING,128,4,15,0,2,7,203264,16,128,2048,95.97,0.2600000000000051,95.83602886507937,0.11750221970308906,95.71852664537629,-0.1339711349206283,0.1339711349206283,True,LEAVE_ONE_STUDY_OUT,10.1038/s41598-019-44607-3,TiOx_02_Pt,10.1038/s41598-019-44607-3,TiOx,6,6,5,False
TiOx_02_Pt,10.1038/s41598-019-44607-3,TiOx,2.128684,0.3281111958478591,0,0,GRADUAL_MULTILEVEL,NOT_REPORTED,absolute,IDEALIZED_SINGLE_PAIR_GRADUAL,IDEALIZED_GRADUAL_MAPPING,128,6,63,0,2,7,203264,16,128,2048,95.96,0.2700000000000102,95.9769931984127,0.09027035070946202,95.88672284770324,0.01699319841270608,0.01699319841270608,True,LEAVE_ONE_STUDY_OUT,10.1038/s41598-019-44607-3,TiOx_02_Pt,10.1038/s41598-019-44607-3,TiOx,6,6,5,False
TiOx_02_Pt,10.1038/s41598-019-44607-3,TiOx,2.128684,0.3281111958478591,0,0,GRADUAL_MULTILEVEL,NOT_REPORTED,absolute,IDEALIZED_SINGLE_PAIR_GRADUAL,IDEALIZED_GRADUAL_MAPPING,32,4,15,0,2,7,203264,208,128,26624,95.96,0.2700000000000102,95.99382934126986,0.10550687361167793,95.88832246765818,0.0338293412698647,0.0338293412698647,True,LEAVE_ONE_STUDY_OUT,10.1038/s41598-019-44607-3,TiOx_02_Pt,10.1038/s41598-019-44607-3,TiOx,6,6,5,False
TiOx_02_Pt,10.1038/s41598-019-44607-3,TiOx,2.128684,0.3281111958478591,0,0,GRADUAL_MULTILEVEL,NOT_REPORTED,absolute,IDEALIZED_SINGLE_PAIR_GRADUAL,IDEALIZED_GRADUAL_MAPPING,32,7,127,0,2,6,203264,208,64,13312,95.95,0.2800000000000011,95.83804558730161,0.1091049061616447,95.72894068113996,-0.11195441269839534,0.11195441269839534,True,LEAVE_ONE_STUDY_OUT,10.1038/s41598-019-44607-3,TiOx_02_Pt,10.1038/s41598-019-44607-3,TiOx,6,6,5,False
TiOx_02_Pt,10.1038/s41598-019-44607-3,TiOx,2.128684,0.3281111958478591,0,0,GRADUAL_MULTILEVEL,NOT_REPORTED,absolute,IDEALIZED_SINGLE_PAIR_GRADUAL,IDEALIZED_GRADUAL_MAPPING,256,8,255,0,2,7,203264,10,128,1280,95.95,0.2800000000000011,95.89362301659452,0.07377723973364662,95.81984577686087,-0.05637698340548525,0.05637698340548525,True,LEAVE_ONE_STUDY_OUT,10.1038/s41598-019-44607-3,TiOx_02_Pt,10.1038/s41598-019-44607-3,TiOx,6,6,5,False
TiOx_02_Pt,10.1038/s41598-019-44607-3,TiOx,2.128684,0.3281111958478591,0,0,GRADUAL_MULTILEVEL,NOT_REPORTED,absolute,IDEALIZED_SINGLE_PAIR_GRADUAL,IDEALIZED_GRADUAL_MAPPING,128,7,127,0,2,7,203264,16,128,2048,95.92,0.3100000000000023,95.90747492135642,0.07743530978080905,95.83003961157561,-0.012525078643577103,0.012525078643577103,True,LEAVE_ONE_STUDY_OUT,10.1038/s41598-019-44607-3,TiOx_02_Pt,10.1038/s41598-019-44607-3,TiOx,6,6,5,False
TiOx_02_Pt,10.1038/s41598-019-44607-3,TiOx,2.128684,0.3281111958478591,0,0,GRADUAL_MULTILEVEL,NOT_REPORTED,absolute,IDEALIZED_SINGLE_PAIR_GRADUAL,IDEALIZED_GRADUAL_MAPPING,128,5,31,0,2,7,203264,16,128,2048,95.88,0.3500000000000085,95.94652984920636,0.1311857880923648,95.81534406111399,0.06652984920636129,0.06652984920636129,True,LEAVE_ONE_STUDY_OUT,10.1038/s41598-019-44607-3,TiOx_02_Pt,10.1038/s41598-019-44607-3,TiOx,6,6,5,False
TiOx_02_Pt,10.1038/s41598-019-44607-3,TiOx,2.128684,0.3281111958478591,0,0,GRADUAL_MULTILEVEL,NOT_REPORTED,absolute,IDEALIZED_SINGLE_PAIR_GRADUAL,IDEALIZED_GRADUAL_MAPPING,32,4,15,0,2,6,203264,208,64,13312,95.88,0.3500000000000085,95.74731969047619,0.08824125709900518,95.65907843337719,-0.13268030952380627,0.13268030952380627,True,LEAVE_ONE_STUDY_OUT,10.1038/s41598-019-44607-3,TiOx_02_Pt,10.1038/s41598-019-44607-3,TiOx,6,6,5,False
TiOx_02_Pt,10.1038/s41598-019-44607-3,TiOx,2.128684,0.3281111958478591,0,0,GRADUAL_MULTILEVEL,NOT_REPORTED,absolute,IDEALIZED_SINGLE_PAIR_GRADUAL,IDEALIZED_GRADUAL_MAPPING,256,5,31,0,2,7,203264,10,128,1280,95.86,0.3700000000000045,95.92154067460318,0.10702853863600482,95.81451213596718,0.06154067460317947,0.06154067460317947,True,LEAVE_ONE_STUDY_OUT,10.1038/s41598-019-44607-3,TiOx_02_Pt,10.1038/s41598-019-44607-3,TiOx,6,6,5,False
TiOx_02_Pt,10.1038/s41598-019-44607-3,TiOx,2.128684,0.3281111958478591,0,0,GRADUAL_MULTILEVEL,NOT_REPORTED,absolute,IDEALIZED_SINGLE_PAIR_GRADUAL,IDEALIZED_GRADUAL_MAPPING,64,6,63,0,2,6,203264,56,64,3584,95.86,0.3700000000000045,95.38600776190476,0.10819689714054016,95.27781086476422,-0.47399223809523505,0.47399223809523505,True,LEAVE_ONE_STUDY_OUT,10.1038/s41598-019-44607-3,TiOx_02_Pt,10.1038/s41598-019-44607-3,TiOx,6,6,5,False
TiOx_02_Pt,10.1038/s41598-019-44607-3,TiOx,2.128684,0.3281111958478591,0,0,GRADUAL_MULTILEVEL,NOT_REPORTED,absolute,IDEALIZED_SINGLE_PAIR_GRADUAL,IDEALIZED_GRADUAL_MAPPING,64,7,127,0,2,6,203264,56,64,3584,95.84,0.3900000000000005,95.41604345238096,0.11371004499858475,95.30233340738238,-0.4239565476190421,0.4239565476190421,False,LEAVE_ONE_STUDY_OUT,10.1038/s41598-019-44607-3,TiOx_02_Pt,10.1038/s41598-019-44607-3,TiOx,6,6,5,False
TiOx_02_Pt,10.1038/s41598-019-44607-3,TiOx,2.128684,0.3281111958478591,0,0,GRADUAL_MULTILEVEL,NOT_REPORTED,absolute,IDEALIZED_SINGLE_PAIR_GRADUAL,IDEALIZED_GRADUAL_MAPPING,64,4,15,0,2,7,203264,56,128,7168,95.83,0.4000000000000057,95.9168220079365,0.12006028307701673,95.79676172485948,0.08682200793650452,0.08682200793650452,False,LEAVE_ONE_STUDY_OUT,10.1038/s41598-019-44607-3,TiOx_02_Pt,10.1038/s41598-019-44607-3,TiOx,6,6,5,False
TiOx_02_Pt,10.1038/s41598-019-44607-3,TiOx,2.128684,0.3281111958478591,0,0,GRADUAL_MULTILEVEL,NOT_REPORTED,absolute,IDEALIZED_SINGLE_PAIR_GRADUAL,IDEALIZED_GRADUAL_MAPPING,256,4,15,0,2,7,203264,10,128,1280,95.83,0.4000000000000057,95.83501405555558,0.11613005263514369,95.71888400292043,0.005014055555577102,0.005014055555577102,False,LEAVE_ONE_STUDY_OUT,10.1038/s41598-019-44607-3,TiOx_02_Pt,10.1038/s41598-019-44607-3,TiOx,6,6,5,False
TiOx_02_Pt,10.1038/s41598-019-44607-3,TiOx,2.128684,0.3281111958478591,0,0,GRADUAL_MULTILEVEL,NOT_REPORTED,absolute,IDEALIZED_SINGLE_PAIR_GRADUAL,IDEALIZED_GRADUAL_MAPPING,256,7,127,0,2,7,203264,10,128,1280,95.81,0.4200000000000017,95.91616806421357,0.07350762805210695,95.84266043616145,0.10616806421356273,0.10616806421356273,False,LEAVE_ONE_STUDY_OUT,10.1038/s41598-019-44607-3,TiOx_02_Pt,10.1038/s41598-019-44607-3,TiOx,6,6,5,False
TiOx_02_Pt,10.1038/s41598-019-44607-3,TiOx,2.128684,0.3281111958478591,0,0,GRADUAL_MULTILEVEL,NOT_REPORTED,absolute,IDEALIZED_SINGLE_PAIR_GRADUAL,IDEALIZED_GRADUAL_MAPPING,64,8,255,0,2,6,203264,56,64,3584,95.76,0.4699999999999988,95.4148667857143,0.11016334650472552,95.30470343920958,-0.34513321428570976,0.34513321428570976,False,LEAVE_ONE_STUDY_OUT,10.1038/s41598-019-44607-3,TiOx_02_Pt,10.1038/s41598-019-44607-3,TiOx,6,6,5,False
TiOx_02_Pt,10.1038/s41598-019-44607-3,TiOx,2.128684,0.3281111958478591,0,0,GRADUAL_MULTILEVEL,NOT_REPORTED,absolute,IDEALIZED_SINGLE_PAIR_GRADUAL,IDEALIZED_GRADUAL_MAPPING,64,5,31,0,2,6,203264,56,64,3584,95.67,0.5600000000000023,95.34367782539682,0.1108662489101516,95.23281157648667,-0.3263221746031775,0.3263221746031775,False,LEAVE_ONE_STUDY_OUT,10.1038/s41598-019-44607-3,TiOx_02_Pt,10.1038/s41598-019-44607-3,TiOx,6,6,5,False
TiOx_02_Pt,10.1038/s41598-019-44607-3,TiOx,2.128684,0.3281111958478591,0,0,GRADUAL_MULTILEVEL,NOT_REPORTED,absolute,IDEALIZED_SINGLE_PAIR_GRADUAL,IDEALIZED_GRADUAL_MAPPING,16,7,127,0,2,5,203264,800,32,25600,95.57,0.6600000000000108,95.1112244920635,0.24458544979089641,94.86663904227261,-0.4587755079364939,0.4587755079364939,False,LEAVE_ONE_STUDY_OUT,10.1038/s41598-019-44607-3,TiOx_02_Pt,10.1038/s41598-019-44607-3,TiOx,6,6,5,False
TiOx_02_Pt,10.1038/s41598-019-44607-3,TiOx,2.128684,0.3281111958478591,0,0,GRADUAL_MULTILEVEL,NOT_REPORTED,absolute,IDEALIZED_SINGLE_PAIR_GRADUAL,IDEALIZED_GRADUAL_MAPPING,64,4,15,0,2,6,203264,56,64,3584,95.47,0.7600000000000051,95.34248182539683,0.10813490226087664,95.23434692313596,-0.12751817460316772,0.12751817460316772,False,LEAVE_ONE_STUDY_OUT,10.1038/s41598-019-44607-3,TiOx_02_Pt,10.1038/s41598-019-44607-3,TiOx,6,6,5,False
TiOx_02_Pt,10.1038/s41598-019-44607-3,TiOx,2.128684,0.3281111958478591,0,0,GRADUAL_MULTILEVEL,NOT_REPORTED,absolute,IDEALIZED_SINGLE_PAIR_GRADUAL,IDEALIZED_GRADUAL_MAPPING,16,6,63,0,2,5,203264,800,32,25600,95.46,0.7700000000000102,95.06998803968254,0.24607808687822977,94.82390995280431,-0.39001196031745167,0.39001196031745167,False,LEAVE_ONE_STUDY_OUT,10.1038/s41598-019-44607-3,TiOx_02_Pt,10.1038/s41598-019-44607-3,TiOx,6,6,5,False
TiOx_02_Pt,10.1038/s41598-019-44607-3,TiOx,2.128684,0.3281111958478591,0,0,GRADUAL_MULTILEVEL,NOT_REPORTED,absolute,IDEALIZED_SINGLE_PAIR_GRADUAL,IDEALIZED_GRADUAL_MAPPING,16,4,15,0,2,5,203264,800,32,25600,95.44,0.7900000000000063,94.99680499206349,0.22127195119169177,94.77553304087179,-0.44319500793650946,0.44319500793650946,False,LEAVE_ONE_STUDY_OUT,10.1038/s41598-019-44607-3,TiOx_02_Pt,10.1038/s41598-019-44607-3,TiOx,6,6,5,False
TiOx_02_Pt,10.1038/s41598-019-44607-3,TiOx,2.128684,0.3281111958478591,0,0,GRADUAL_MULTILEVEL,NOT_REPORTED,absolute,IDEALIZED_SINGLE_PAIR_GRADUAL,IDEALIZED_GRADUAL_MAPPING,16,8,255,0,2,5,203264,800,32,25600,95.42,0.8100000000000023,95.10913282539683,0.2523913071182648,94.85674151827857,-0.3108671746031746,0.3108671746031746,False,LEAVE_ONE_STUDY_OUT,10.1038/s41598-019-44607-3,TiOx_02_Pt,10.1038/s41598-019-44607-3,TiOx,6,6,5,False
TiOx_02_Pt,10.1038/s41598-019-44607-3,TiOx,2.128684,0.3281111958478591,0,0,GRADUAL_MULTILEVEL,NOT_REPORTED,absolute,IDEALIZED_SINGLE_PAIR_GRADUAL,IDEALIZED_GRADUAL_MAPPING,32,6,63,0,2,5,203264,208,32,6656,95.26,0.9699999999999988,94.23686214285715,0.2693795984617177,93.96748254439544,-1.0231378571428564,1.0231378571428564,False,LEAVE_ONE_STUDY_OUT,10.1038/s41598-019-44607-3,TiOx_02_Pt,10.1038/s41598-019-44607-3,TiOx,6,6,5,False
TiOx_02_Pt,10.1038/s41598-019-44607-3,TiOx,2.128684,0.3281111958478591,0,0,GRADUAL_MULTILEVEL,NOT_REPORTED,absolute,IDEALIZED_SINGLE_PAIR_GRADUAL,IDEALIZED_GRADUAL_MAPPING,32,8,255,0,2,5,203264,208,32,6656,95.26,0.9699999999999988,94.26312523809526,0.2755891356128737,93.98753610248238,-0.9968747619047491,0.9968747619047491,False,LEAVE_ONE_STUDY_OUT,10.1038/s41598-019-44607-3,TiOx_02_Pt,10.1038/s41598-019-44607-3,TiOx,6,6,5,False
TiOx_02_Pt,10.1038/s41598-019-44607-3,TiOx,2.128684,0.3281111958478591,0,0,GRADUAL_MULTILEVEL,NOT_REPORTED,absolute,IDEALIZED_SINGLE_PAIR_GRADUAL,IDEALIZED_GRADUAL_MAPPING,16,5,31,0,2,5,203264,800,32,25600,95.18,1.0499999999999972,94.9971449920635,0.22502534000439822,94.7721196520591,-0.1828550079365101,0.1828550079365101,False,LEAVE_ONE_STUDY_OUT,10.1038/s41598-019-44607-3,TiOx_02_Pt,10.1038/s41598-019-44607-3,TiOx,6,6,5,False
TiOx_02_Pt,10.1038/s41598-019-44607-3,TiOx,2.128684,0.3281111958478591,0,0,GRADUAL_MULTILEVEL,NOT_REPORTED,absolute,IDEALIZED_SINGLE_PAIR_GRADUAL,IDEALIZED_GRADUAL_MAPPING,32,7,127,0,2,5,203264,208,32,6656,95.15,1.0799999999999983,94.2675929047619,0.27111634717326666,93.99647655758864,-0.8824070952381078,0.8824070952381078,False,LEAVE_ONE_STUDY_OUT,10.1038/s41598-019-44607-3,TiOx_02_Pt,10.1038/s41598-019-44607-3,TiOx,6,6,5,False
TiOx_02_Pt,10.1038/s41598-019-44607-3,TiOx,2.128684,0.3281111958478591,0,0,GRADUAL_MULTILEVEL,NOT_REPORTED,absolute,IDEALIZED_SINGLE_PAIR_GRADUAL,IDEALIZED_GRADUAL_MAPPING,32,5,31,0,2,5,203264,208,32,6656,94.98,1.25,94.19765940476192,0.2752746389032768,93.92238476585864,-0.7823405952380824,0.7823405952380824,False,LEAVE_ONE_STUDY_OUT,10.1038/s41598-019-44607-3,TiOx_02_Pt,10.1038/s41598-019-44607-3,TiOx,6,6,5,False
TiOx_02_Pt,10.1038/s41598-019-44607-3,TiOx,2.128684,0.3281111958478591,0,0,GRADUAL_MULTILEVEL,NOT_REPORTED,absolute,IDEALIZED_SINGLE_PAIR_GRADUAL,IDEALIZED_GRADUAL_MAPPING,32,4,15,0,2,5,203264,208,32,6656,94.98,1.25,94.19490607142859,0.2768552655796425,93.91805080584895,-0.7850939285714134,0.7850939285714134,False,LEAVE_ONE_STUDY_OUT,10.1038/s41598-019-44607-3,TiOx_02_Pt,10.1038/s41598-019-44607-3,TiOx,6,6,5,False
TiOx_02_Pt,10.1038/s41598-019-44607-3,TiOx,2.128684,0.3281111958478591,0,0,GRADUAL_MULTILEVEL,NOT_REPORTED,absolute,IDEALIZED_SINGLE_PAIR_GRADUAL,IDEALIZED_GRADUAL_MAPPING,128,8,255,0,2,6,203264,16,64,1024,94.89,1.3400000000000034,94.45793984126983,0.14945318968675378,94.30848665158308,-0.4320601587301667,0.4320601587301667,False,LEAVE_ONE_STUDY_OUT,10.1038/s41598-019-44607-3,TiOx_02_Pt,10.1038/s41598-019-44607-3,TiOx,6,6,5,False
TiOx_02_Pt,10.1038/s41598-019-44607-3,TiOx,2.128684,0.3281111958478591,0,0,GRADUAL_MULTILEVEL,NOT_REPORTED,absolute,IDEALIZED_SINGLE_PAIR_GRADUAL,IDEALIZED_GRADUAL_MAPPING,128,5,31,0,2,6,203264,16,64,1024,94.83,1.4000000000000057,94.38629426190477,0.151330777266566,94.2349634846382,-0.4437057380952325,0.4437057380952325,False,LEAVE_ONE_STUDY_OUT,10.1038/s41598-019-44607-3,TiOx_02_Pt,10.1038/s41598-019-44607-3,TiOx,6,6,5,False
TiOx_02_Pt,10.1038/s41598-019-44607-3,TiOx,2.128684,0.3281111958478591,0,0,GRADUAL_MULTILEVEL,NOT_REPORTED,absolute,IDEALIZED_SINGLE_PAIR_GRADUAL,IDEALIZED_GRADUAL_MAPPING,128,7,127,0,2,6,203264,16,64,1024,94.83,1.4000000000000057,94.45917684126984,0.15132110391543616,94.3078557373544,-0.37082315873016114,0.37082315873016114,False,LEAVE_ONE_STUDY_OUT,10.1038/s41598-019-44607-3,TiOx_02_Pt,10.1038/s41598-019-44607-3,TiOx,6,6,5,False
TiOx_02_Pt,10.1038/s41598-019-44607-3,TiOx,2.128684,0.3281111958478591,0,0,GRADUAL_MULTILEVEL,NOT_REPORTED,absolute,IDEALIZED_SINGLE_PAIR_GRADUAL,IDEALIZED_GRADUAL_MAPPING,128,6,63,0,2,6,203264,16,64,1024,94.74,1.490000000000009,94.42408734126984,0.15566902949680286,94.26841831177303,-0.3159126587301557,0.3159126587301557,False,LEAVE_ONE_STUDY_OUT,10.1038/s41598-019-44607-3,TiOx_02_Pt,10.1038/s41598-019-44607-3,TiOx,6,6,5,False
TiOx_02_Pt,10.1038/s41598-019-44607-3,TiOx,2.128684,0.3281111958478591,0,0,GRADUAL_MULTILEVEL,NOT_REPORTED,absolute,IDEALIZED_SINGLE_PAIR_GRADUAL,IDEALIZED_GRADUAL_MAPPING,128,4,15,0,2,6,203264,16,64,1024,94.67,1.5600000000000025,94.3871475952381,0.1481337123219265,94.23901388291618,-0.282852404761897,0.282852404761897,False,LEAVE_ONE_STUDY_OUT,10.1038/s41598-019-44607-3,TiOx_02_Pt,10.1038/s41598-019-44607-3,TiOx,6,6,5,False
TiOx_02_Pt,10.1038/s41598-019-44607-3,TiOx,2.128684,0.3281111958478591,0,0,GRADUAL_MULTILEVEL,NOT_REPORTED,absolute,IDEALIZED_SINGLE_PAIR_GRADUAL,IDEALIZED_GRADUAL_MAPPING,256,4,15,0,2,6,203264,10,64,640,94.41,1.820000000000008,93.88254347619048,0.14392574006299907,93.73861773612748,-0.5274565238095192,0.5274565238095192,False,LEAVE_ONE_STUDY_OUT,10.1038/s41598-019-44607-3,TiOx_02_Pt,10.1038/s41598-019-44607-3,TiOx,6,6,5,False
TiOx_02_Pt,10.1038/s41598-019-44607-3,TiOx,2.128684,0.3281111958478591,0,0,GRADUAL_MULTILEVEL,NOT_REPORTED,absolute,IDEALIZED_SINGLE_PAIR_GRADUAL,IDEALIZED_GRADUAL_MAPPING,256,6,63,0,2,6,203264,10,64,640,94.39,1.840000000000004,93.91068297619047,0.14829877130116592,93.7623842048893,-0.47931702380952856,0.47931702380952856,False,LEAVE_ONE_STUDY_OUT,10.1038/s41598-019-44607-3,TiOx_02_Pt,10.1038/s41598-019-44607-3,TiOx,6,6,5,False
TiOx_02_Pt,10.1038/s41598-019-44607-3,TiOx,2.128684,0.3281111958478591,0,0,GRADUAL_MULTILEVEL,NOT_REPORTED,absolute,IDEALIZED_SINGLE_PAIR_GRADUAL,IDEALIZED_GRADUAL_MAPPING,256,5,31,0,2,6,203264,10,64,640,94.37,1.86,93.88169014285714,0.14425362806855627,93.73743651478858,-0.4883098571428661,0.4883098571428661,False,LEAVE_ONE_STUDY_OUT,10.1038/s41598-019-44607-3,TiOx_02_Pt,10.1038/s41598-019-44607-3,TiOx,6,6,5,False
TiOx_02_Pt,10.1038/s41598-019-44607-3,TiOx,2.128684,0.3281111958478591,0,0,GRADUAL_MULTILEVEL,NOT_REPORTED,absolute,IDEALIZED_SINGLE_PAIR_GRADUAL,IDEALIZED_GRADUAL_MAPPING,256,8,255,0,2,6,203264,10,64,640,94.36,1.8700000000000043,93.93440304761906,0.14820729481870115,93.78619575280035,-0.42559695238094264,0.42559695238094264,False,LEAVE_ONE_STUDY_OUT,10.1038/s41598-019-44607-3,TiOx_02_Pt,10.1038/s41598-019-44607-3,TiOx,6,6,5,False
TiOx_02_Pt,10.1038/s41598-019-44607-3,TiOx,2.128684,0.3281111958478591,0,0,GRADUAL_MULTILEVEL,NOT_REPORTED,absolute,IDEALIZED_SINGLE_PAIR_GRADUAL,IDEALIZED_GRADUAL_MAPPING,256,7,127,0,2,6,203264,10,64,640,94.31,1.9200000000000017,93.93564004761905,0.15435364750782105,93.78128640011123,-0.37435995238095643,0.37435995238095643,False,LEAVE_ONE_STUDY_OUT,10.1038/s41598-019-44607-3,TiOx_02_Pt,10.1038/s41598-019-44607-3,TiOx,6,6,5,False
TiOx_02_Pt,10.1038/s41598-019-44607-3,TiOx,2.128684,0.3281111958478591,0,0,GRADUAL_MULTILEVEL,NOT_REPORTED,absolute,IDEALIZED_SINGLE_PAIR_GRADUAL,IDEALIZED_GRADUAL_MAPPING,64,6,63,0,2,5,203264,56,32,1792,93.39,2.8400000000000034,92.51843752380952,0.41732722247547976,92.10111030133405,-0.8715624761904763,0.8715624761904763,False,LEAVE_ONE_STUDY_OUT,10.1038/s41598-019-44607-3,TiOx_02_Pt,10.1038/s41598-019-44607-3,TiOx,6,6,5,False
TiOx_02_Pt,10.1038/s41598-019-44607-3,TiOx,2.128684,0.3281111958478591,0,0,GRADUAL_MULTILEVEL,NOT_REPORTED,absolute,IDEALIZED_SINGLE_PAIR_GRADUAL,IDEALIZED_GRADUAL_MAPPING,64,4,15,0,2,5,203264,56,32,1792,93.35,2.8800000000000097,92.38933195238094,0.43220651198061455,91.95712544040033,-0.9606680476190519,0.9606680476190519,False,LEAVE_ONE_STUDY_OUT,10.1038/s41598-019-44607-3,TiOx_02_Pt,10.1038/s41598-019-44607-3,TiOx,6,6,5,False
TiOx_02_Pt,10.1038/s41598-019-44607-3,TiOx,2.128684,0.3281111958478591,0,0,GRADUAL_MULTILEVEL,NOT_REPORTED,absolute,IDEALIZED_SINGLE_PAIR_GRADUAL,IDEALIZED_GRADUAL_MAPPING,64,8,255,0,2,5,203264,56,32,1792,93.34,2.890000000000001,92.56567428571428,0.40596777701492964,92.15970650869934,-0.7743257142857232,0.7743257142857232,False,LEAVE_ONE_STUDY_OUT,10.1038/s41598-019-44607-3,TiOx_02_Pt,10.1038/s41598-019-44607-3,TiOx,6,6,5,False
TiOx_02_Pt,10.1038/s41598-019-44607-3,TiOx,2.128684,0.3281111958478591,0,0,GRADUAL_MULTILEVEL,NOT_REPORTED,absolute,IDEALIZED_SINGLE_PAIR_GRADUAL,IDEALIZED_GRADUAL_MAPPING,64,5,31,0,2,5,203264,56,32,1792,93.14,3.0900000000000034,92.39071861904762,0.4342858788933537,91.95643274015427,-0.7492813809523824,0.7492813809523824,False,LEAVE_ONE_STUDY_OUT,10.1038/s41598-019-44607-3,TiOx_02_Pt,10.1038/s41598-019-44607-3,TiOx,6,6,5,False
TiOx_02_Pt,10.1038/s41598-019-44607-3,TiOx,2.128684,0.3281111958478591,0,0,GRADUAL_MULTILEVEL,NOT_REPORTED,absolute,IDEALIZED_SINGLE_PAIR_GRADUAL,IDEALIZED_GRADUAL_MAPPING,64,7,127,0,2,5,203264,56,32,1792,93.07,3.160000000000011,92.57382328571428,0.4058666450449499,92.16795664066933,-0.49617671428570986,0.49617671428570986,False,LEAVE_ONE_STUDY_OUT,10.1038/s41598-019-44607-3,TiOx_02_Pt,10.1038/s41598-019-44607-3,TiOx,6,6,5,False
TiOx_02_Pt,10.1038/s41598-019-44607-3,TiOx,2.128684,0.3281111958478591,0,0,GRADUAL_MULTILEVEL,NOT_REPORTED,absolute,IDEALIZED_SINGLE_PAIR_GRADUAL,IDEALIZED_GRADUAL_MAPPING,16,4,15,0,2,4,203264,800,16,12800,92.8,3.430000000000007,79.1654763968254,2.1845865566327274,76.98088984019267,-13.6345236031746,13.6345236031746,False,LEAVE_ONE_STUDY_OUT,10.1038/s41598-019-44607-3,TiOx_02_Pt,10.1038/s41598-019-44607-3,TiOx,6,6,5,False
TiOx_02_Pt,10.1038/s41598-019-44607-3,TiOx,2.128684,0.3281111958478591,0,0,GRADUAL_MULTILEVEL,NOT_REPORTED,absolute,IDEALIZED_SINGLE_PAIR_GRADUAL,IDEALIZED_GRADUAL_MAPPING,16,8,255,0,2,4,203264,800,16,12800,92.49,3.740000000000009,79.70011533333333,1.9694099827308178,77.7307053506025,-12.789884666666666,12.789884666666666,False,LEAVE_ONE_STUDY_OUT,10.1038/s41598-019-44607-3,TiOx_02_Pt,10.1038/s41598-019-44607-3,TiOx,6,6,5,False
TiOx_02_Pt,10.1038/s41598-019-44607-3,TiOx,2.128684,0.3281111958478591,0,0,GRADUAL_MULTILEVEL,NOT_REPORTED,absolute,IDEALIZED_SINGLE_PAIR_GRADUAL,IDEALIZED_GRADUAL_MAPPING,16,6,63,0,2,4,203264,800,16,12800,92.42,3.8100000000000014,79.64031607142856,2.1421176121497685,77.49819845927878,-12.779683928571444,12.779683928571444,False,LEAVE_ONE_STUDY_OUT,10.1038/s41598-019-44607-3,TiOx_02_Pt,10.1038/s41598-019-44607-3,TiOx,6,6,5,False
TiOx_02_Pt,10.1038/s41598-019-44607-3,TiOx,2.128684,0.3281111958478591,0,0,GRADUAL_MULTILEVEL,NOT_REPORTED,absolute,IDEALIZED_SINGLE_PAIR_GRADUAL,IDEALIZED_GRADUAL_MAPPING,256,3,7,0,2,9,203264,10,512,5120,92.33,3.9000000000000057,92.1828835,0.06655640059525884,92.11632709940474,-0.14711649999999565,0.14711649999999565,False,LEAVE_ONE_STUDY_OUT,10.1038/s41598-019-44607-3,TiOx_02_Pt,10.1038/s41598-019-44607-3,TiOx,6,6,5,False
TiOx_02_Pt,10.1038/s41598-019-44607-3,TiOx,2.128684,0.3281111958478591,0,0,GRADUAL_MULTILEVEL,NOT_REPORTED,absolute,IDEALIZED_SINGLE_PAIR_GRADUAL,IDEALIZED_GRADUAL_MAPPING,128,3,7,0,2,9,203264,16,512,8192,92.31,3.9200000000000017,92.174007,0.05955836887082161,92.11444863112918,-0.13599299999999914,0.13599299999999914,False,LEAVE_ONE_STUDY_OUT,10.1038/s41598-019-44607-3,TiOx_02_Pt,10.1038/s41598-019-44607-3,TiOx,6,6,5,False
TiOx_02_Pt,10.1038/s41598-019-44607-3,TiOx,2.128684,0.3281111958478591,0,0,GRADUAL_MULTILEVEL,NOT_REPORTED,absolute,IDEALIZED_SINGLE_PAIR_GRADUAL,IDEALIZED_GRADUAL_MAPPING,256,3,7,0,2,10,203264,10,1024,10240,92.27,3.960000000000008,92.20594283333334,0.06027946964439952,92.14566336368894,-0.0640571666666574,0.0640571666666574,False,LEAVE_ONE_STUDY_OUT,10.1038/s41598-019-44607-3,TiOx_02_Pt,10.1038/s41598-019-44607-3,TiOx,6,6,5,False
TiOx_02_Pt,10.1038/s41598-019-44607-3,TiOx,2.128684,0.3281111958478591,0,0,GRADUAL_MULTILEVEL,NOT_REPORTED,absolute,IDEALIZED_SINGLE_PAIR_GRADUAL,IDEALIZED_GRADUAL_MAPPING,16,7,127,0,2,4,203264,800,16,12800,92.27,3.960000000000008,79.71972199999999,1.9284678388796244,77.79125416112036,-12.550278000000006,12.550278000000006,False,LEAVE_ONE_STUDY_OUT,10.1038/s41598-019-44607-3,TiOx_02_Pt,10.1038/s41598-019-44607-3,TiOx,6,6,5,False
TiOx_02_Pt,10.1038/s41598-019-44607-3,TiOx,2.128684,0.3281111958478591,0,0,GRADUAL_MULTILEVEL,NOT_REPORTED,absolute,IDEALIZED_SINGLE_PAIR_GRADUAL,IDEALIZED_GRADUAL_MAPPING,32,3,7,0,2,9,203264,208,512,106496,92.26,3.969999999999999,92.2127638095238,0.03329145070293303,92.17947235882087,-0.0472361904761982,0.0472361904761982,False,LEAVE_ONE_STUDY_OUT,10.1038/s41598-019-44607-3,TiOx_02_Pt,10.1038/s41598-019-44607-3,TiOx,6,6,5,False
TiOx_02_Pt,10.1038/s41598-019-44607-3,TiOx,2.128684,0.3281111958478591,0,0,GRADUAL_MULTILEVEL,NOT_REPORTED,absolute,IDEALIZED_SINGLE_PAIR_GRADUAL,IDEALIZED_GRADUAL_MAPPING,32,3,7,0,2,10,203264,208,1024,212992,92.24,3.990000000000009,92.22317584920636,0.01215732270486335,92.21101852650149,-0.016824150793638637,0.016824150793638637,False,LEAVE_ONE_STUDY_OUT,10.1038/s41598-019-44607-3,TiOx_02_Pt,10.1038/s41598-019-44607-3,TiOx,6,6,5,False
TiOx_02_Pt,10.1038/s41598-019-44607-3,TiOx,2.128684,0.3281111958478591,0,0,GRADUAL_MULTILEVEL,NOT_REPORTED,absolute,IDEALIZED_SINGLE_PAIR_GRADUAL,IDEALIZED_GRADUAL_MAPPING,16,3,7,0,2,10,203264,800,1024,819200,92.22,4.010000000000005,92.2212618968254,0.011982064699969873,92.20927983212543,0.0012618968253974572,0.0012618968253974572,False,LEAVE_ONE_STUDY_OUT,10.1038/s41598-019-44607-3,TiOx_02_Pt,10.1038/s41598-019-44607-3,TiOx,6,6,5,False
TiOx_02_Pt,10.1038/s41598-019-44607-3,TiOx,2.128684,0.3281111958478591,0,0,GRADUAL_MULTILEVEL,NOT_REPORTED,absolute,IDEALIZED_SINGLE_PAIR_GRADUAL,IDEALIZED_GRADUAL_MAPPING,64,3,7,0,2,9,203264,56,512,28672,92.21,4.02000000000001,92.20960292857143,0.042890821135638024,92.16671210743579,-0.00039707142856570954,0.00039707142856570954,False,LEAVE_ONE_STUDY_OUT,10.1038/s41598-019-44607-3,TiOx_02_Pt,10.1038/s41598-019-44607-3,TiOx,6,6,5,False
TiOx_02_Pt,10.1038/s41598-019-44607-3,TiOx,2.128684,0.3281111958478591,0,0,GRADUAL_MULTILEVEL,NOT_REPORTED,absolute,IDEALIZED_SINGLE_PAIR_GRADUAL,IDEALIZED_GRADUAL_MAPPING,16,3,7,0,2,9,203264,800,512,409600,92.21,4.02000000000001,92.2105190952381,0.031276048285163706,92.17924304695293,0.000519095238104228,0.000519095238104228,False,LEAVE_ONE_STUDY_OUT,10.1038/s41598-019-44607-3,TiOx_02_Pt,10.1038/s41598-019-44607-3,TiOx,6,6,5,False
TiOx_02_Pt,10.1038/s41598-019-44607-3,TiOx,2.128684,0.3281111958478591,0,0,GRADUAL_MULTILEVEL,NOT_REPORTED,absolute,IDEALIZED_SINGLE_PAIR_GRADUAL,IDEALIZED_GRADUAL_MAPPING,16,3,7,0,2,7,203264,800,128,102400,92.2,4.030000000000001,91.77119826984129,0.23610691136243536,91.53509135847885,-0.42880173015871037,0.42880173015871037,False,LEAVE_ONE_STUDY_OUT,10.1038/s41598-019-44607-3,TiOx_02_Pt,10.1038/s41598-019-44607-3,TiOx,6,6,5,False
TiOx_02_Pt,10.1038/s41598-019-44607-3,TiOx,2.128684,0.3281111958478591,0,0,GRADUAL_MULTILEVEL,NOT_REPORTED,absolute,IDEALIZED_SINGLE_PAIR_GRADUAL,IDEALIZED_GRADUAL_MAPPING,64,3,7,0,2,10,203264,56,1024,57344,92.19,4.040000000000006,92.22322494444444,0.01948066540088323,92.20374427904356,0.03322494444444146,0.03322494444444146,False,LEAVE_ONE_STUDY_OUT,10.1038/s41598-019-44607-3,TiOx_02_Pt,10.1038/s41598-019-44607-3,TiOx,6,6,5,False
TiOx_02_Pt,10.1038/s41598-019-44607-3,TiOx,2.128684,0.3281111958478591,0,0,GRADUAL_MULTILEVEL,NOT_REPORTED,absolute,IDEALIZED_SINGLE_PAIR_GRADUAL,IDEALIZED_GRADUAL_MAPPING,16,5,31,0,2,4,203264,800,16,12800,92.15,4.079999999999998,79.17929701587302,2.204926978905785,76.97437003696723,-12.970702984126987,12.970702984126987,False,LEAVE_ONE_STUDY_OUT,10.1038/s41598-019-44607-3,TiOx_02_Pt,10.1038/s41598-019-44607-3,TiOx,6,6,5,False
TiOx_02_Pt,10.1038/s41598-019-44607-3,TiOx,2.128684,0.3281111958478591,0,0,GRADUAL_MULTILEVEL,NOT_REPORTED,absolute,IDEALIZED_SINGLE_PAIR_GRADUAL,IDEALIZED_GRADUAL_MAPPING,128,3,7,0,2,10,203264,16,1024,16384,92.15,4.079999999999998,92.19689461904761,0.05540017146468322,92.14149444758293,0.046894619047606056,0.046894619047606056,False,LEAVE_ONE_STUDY_OUT,10.1038/s41598-019-44607-3,TiOx_02_Pt,10.1038/s41598-019-44607-3,TiOx,6,6,5,False
TiOx_02_Pt,10.1038/s41598-019-44607-3,TiOx,2.128684,0.3281111958478591,0,0,GRADUAL_MULTILEVEL,NOT_REPORTED,absolute,IDEALIZED_SINGLE_PAIR_GRADUAL,IDEALIZED_GRADUAL_MAPPING,64,3,7,0,2,8,203264,56,256,14336,92.14,4.090000000000003,92.03711985714286,0.07458729626507066,91.96253256087779,-0.10288014285714553,0.10288014285714553,False,LEAVE_ONE_STUDY_OUT,10.1038/s41598-019-44607-3,TiOx_02_Pt,10.1038/s41598-019-44607-3,TiOx,6,6,5,False
TiOx_02_Pt,10.1038/s41598-019-44607-3,TiOx,2.128684,0.3281111958478591,0,0,GRADUAL_MULTILEVEL,NOT_REPORTED,absolute,IDEALIZED_SINGLE_PAIR_GRADUAL,IDEALIZED_GRADUAL_MAPPING,16,3,7,0,2,8,203264,800,256,204800,92.11,4.1200000000000045,92.0599864047619,0.06580705661263345,91.99417934814927,-0.050013595238098674,0.050013595238098674,False,LEAVE_ONE_STUDY_OUT,10.1038/s41598-019-44607-3,TiOx_02_Pt,10.1038/s41598-019-44607-3,TiOx,6,6,5,False
TiOx_02_Pt,10.1038/s41598-019-44607-3,TiOx,2.128684,0.3281111958478591,0,0,GRADUAL_MULTILEVEL,NOT_REPORTED,absolute,IDEALIZED_SINGLE_PAIR_GRADUAL,IDEALIZED_GRADUAL_MAPPING,256,3,7,0,2,8,203264,10,256,2560,92.09,4.140000000000001,91.99121926190477,0.08838803312685993,91.90283122877791,-0.09878073809522903,0.09878073809522903,False,LEAVE_ONE_STUDY_OUT,10.1038/s41598-019-44607-3,TiOx_02_Pt,10.1038/s41598-019-44607-3,TiOx,6,6,5,False
TiOx_02_Pt,10.1038/s41598-019-44607-3,TiOx,2.128684,0.3281111958478591,0,0,GRADUAL_MULTILEVEL,NOT_REPORTED,absolute,IDEALIZED_SINGLE_PAIR_GRADUAL,IDEALIZED_GRADUAL_MAPPING,32,3,7,0,2,8,203264,208,256,53248,92.06,4.170000000000002,92.05690507142857,0.06959602831108719,91.98730904311749,-0.003094928571428568,0.003094928571428568,False,LEAVE_ONE_STUDY_OUT,10.1038/s41598-019-44607-3,TiOx_02_Pt,10.1038/s41598-019-44607-3,TiOx,6,6,5,False
TiOx_02_Pt,10.1038/s41598-019-44607-3,TiOx,2.128684,0.3281111958478591,0,0,GRADUAL_MULTILEVEL,NOT_REPORTED,absolute,IDEALIZED_SINGLE_PAIR_GRADUAL,IDEALIZED_GRADUAL_MAPPING,128,3,7,0,2,8,203264,16,256,4096,92.06,4.170000000000002,91.99319630952381,0.08379932263157365,91.90939698689223,-0.06680369047619195,0.06680369047619195,False,LEAVE_ONE_STUDY_OUT,10.1038/s41598-019-44607-3,TiOx_02_Pt,10.1038/s41598-019-44607-3,TiOx,6,6,5,False
TiOx_02_Pt,10.1038/s41598-019-44607-3,TiOx,2.128684,0.3281111958478591,0,0,GRADUAL_MULTILEVEL,NOT_REPORTED,absolute,IDEALIZED_SINGLE_PAIR_GRADUAL,IDEALIZED_GRADUAL_MAPPING,32,3,7,0,2,7,203264,208,128,26624,91.81,4.420000000000002,91.76727703174602,0.23480804639653674,91.53246898534948,-0.04272296825398314,0.04272296825398314,False,LEAVE_ONE_STUDY_OUT,10.1038/s41598-019-44607-3,TiOx_02_Pt,10.1038/s41598-019-44607-3,TiOx,6,6,5,False
TiOx_02_Pt,10.1038/s41598-019-44607-3,TiOx,2.128684,0.3281111958478591,0,0,GRADUAL_MULTILEVEL,NOT_REPORTED,absolute,IDEALIZED_SINGLE_PAIR_GRADUAL,IDEALIZED_GRADUAL_MAPPING,64,3,7,0,2,7,203264,56,128,7168,91.74,4.490000000000009,91.65870517460318,0.23110952107834432,91.42759565352485,-0.08129482539681021,0.08129482539681021,False,LEAVE_ONE_STUDY_OUT,10.1038/s41598-019-44607-3,TiOx_02_Pt,10.1038/s41598-019-44607-3,TiOx,6,6,5,False
TiOx_02_Pt,10.1038/s41598-019-44607-3,TiOx,2.128684,0.3281111958478591,0,0,GRADUAL_MULTILEVEL,NOT_REPORTED,absolute,IDEALIZED_SINGLE_PAIR_GRADUAL,IDEALIZED_GRADUAL_MAPPING,128,3,7,0,2,7,203264,16,128,2048,91.71,4.52000000000001,91.60756874603176,0.20949127574796475,91.3980774702838,-0.10243125396823416,0.10243125396823416,False,LEAVE_ONE_STUDY_OUT,10.1038/s41598-019-44607-3,TiOx_02_Pt,10.1038/s41598-019-44607-3,TiOx,6,6,5,False
TiOx_02_Pt,10.1038/s41598-019-44607-3,TiOx,2.128684,0.3281111958478591,0,0,GRADUAL_MULTILEVEL,NOT_REPORTED,absolute,IDEALIZED_SINGLE_PAIR_GRADUAL,IDEALIZED_GRADUAL_MAPPING,256,3,7,0,2,7,203264,10,128,1280,91.65,4.579999999999998,91.60507974603175,0.20664451524155547,91.3984352307902,-0.044920253968257384,0.044920253968257384,False,LEAVE_ONE_STUDY_OUT,10.1038/s41598-019-44607-3,TiOx_02_Pt,10.1038/s41598-019-44607-3,TiOx,6,6,5,False
TiOx_02_Pt,10.1038/s41598-019-44607-3,TiOx,2.128684,0.3281111958478591,0,0,GRADUAL_MULTILEVEL,NOT_REPORTED,absolute,IDEALIZED_SINGLE_PAIR_GRADUAL,IDEALIZED_GRADUAL_MAPPING,16,3,7,0,2,6,203264,800,64,51200,91.62,4.609999999999999,90.36778876190476,1.0219804775488361,89.34580828435593,-1.2522112380952422,1.2522112380952422,False,LEAVE_ONE_STUDY_OUT,10.1038/s41598-019-44607-3,TiOx_02_Pt,10.1038/s41598-019-44607-3,TiOx,6,6,5,False
TiOx_02_Pt,10.1038/s41598-019-44607-3,TiOx,2.128684,0.3281111958478591,0,0,GRADUAL_MULTILEVEL,NOT_REPORTED,absolute,IDEALIZED_SINGLE_PAIR_GRADUAL,IDEALIZED_GRADUAL_MAPPING,32,3,7,0,2,6,203264,208,64,13312,91.42,4.810000000000002,90.3170422142857,0.9961221396416519,89.32092007464405,-1.1029577857142954,1.1029577857142954,False,LEAVE_ONE_STUDY_OUT,10.1038/s41598-019-44607-3,TiOx_02_Pt,10.1038/s41598-019-44607-3,TiOx,6,6,5,False
TiOx_02_Pt,10.1038/s41598-019-44607-3,TiOx,2.128684,0.3281111958478591,0,0,GRADUAL_MULTILEVEL,NOT_REPORTED,absolute,IDEALIZED_SINGLE_PAIR_GRADUAL,IDEALIZED_GRADUAL_MAPPING,128,8,255,0,2,5,203264,16,32,512,90.37,5.859999999999999,89.07921555555556,0.9654162533436765,88.11379930221189,-1.2907844444444407,1.2907844444444407,False,LEAVE_ONE_STUDY_OUT,10.1038/s41598-019-44607-3,TiOx_02_Pt,10.1038/s41598-019-44607-3,TiOx,6,6,5,False
TiOx_02_Pt,10.1038/s41598-019-44607-3,TiOx,2.128684,0.3281111958478591,0,0,GRADUAL_MULTILEVEL,NOT_REPORTED,absolute,IDEALIZED_SINGLE_PAIR_GRADUAL,IDEALIZED_GRADUAL_MAPPING,32,7,127,0,2,4,203264,208,16,3328,90.33,5.900000000000006,67.06639973809523,2.224505068800242,64.84189466929499,-23.26360026190477,23.26360026190477,False,LEAVE_ONE_STUDY_OUT,10.1038/s41598-019-44607-3,TiOx_02_Pt,10.1038/s41598-019-44607-3,TiOx,6,6,5,False
TiOx_02_Pt,10.1038/s41598-019-44607-3,TiOx,2.128684,0.3281111958478591,0,0,GRADUAL_MULTILEVEL,NOT_REPORTED,absolute,IDEALIZED_SINGLE_PAIR_GRADUAL,IDEALIZED_GRADUAL_MAPPING,32,8,255,0,2,4,203264,208,16,3328,90.31,5.920000000000002,67.06219307142857,2.0875188769477617,64.9746741944808,-23.247806928571435,23.247806928571435,False,LEAVE_ONE_STUDY_OUT,10.1038/s41598-019-44607-3,TiOx_02_Pt,10.1038/s41598-019-44607-3,TiOx,6,6,5,False
TiOx_02_Pt,10.1038/s41598-019-44607-3,TiOx,2.128684,0.3281111958478591,0,0,GRADUAL_MULTILEVEL,NOT_REPORTED,absolute,IDEALIZED_SINGLE_PAIR_GRADUAL,IDEALIZED_GRADUAL_MAPPING,128,6,63,0,2,5,203264,16,32,512,90.25,5.980000000000004,89.03961998412699,0.9378195302108172,88.10180045391617,-1.2103800158730138,1.2103800158730138,False,LEAVE_ONE_STUDY_OUT,10.1038/s41598-019-44607-3,TiOx_02_Pt,10.1038/s41598-019-44607-3,TiOx,6,6,5,False
TiOx_02_Pt,10.1038/s41598-019-44607-3,TiOx,2.128684,0.3281111958478591,0,0,GRADUAL_MULTILEVEL,NOT_REPORTED,absolute,IDEALIZED_SINGLE_PAIR_GRADUAL,IDEALIZED_GRADUAL_MAPPING,32,6,63,0,2,4,203264,208,16,3328,90.23,6.0,67.25193797619048,2.0297040910241093,65.22223388516636,-22.978062023809528,22.978062023809528,False,LEAVE_ONE_STUDY_OUT,10.1038/s41598-019-44607-3,TiOx_02_Pt,10.1038/s41598-019-44607-3,TiOx,6,6,5,False
TiOx_02_Pt,10.1038/s41598-019-44607-3,TiOx,2.128684,0.3281111958478591,0,0,GRADUAL_MULTILEVEL,NOT_REPORTED,absolute,IDEALIZED_SINGLE_PAIR_GRADUAL,IDEALIZED_GRADUAL_MAPPING,128,5,31,0,2,5,203264,16,32,512,90.14,6.090000000000003,88.95660284126984,0.913785373537719,88.04281746773212,-1.183397158730159,1.183397158730159,False,LEAVE_ONE_STUDY_OUT,10.1038/s41598-019-44607-3,TiOx_02_Pt,10.1038/s41598-019-44607-3,TiOx,6,6,5,False
TiOx_02_Pt,10.1038/s41598-019-44607-3,TiOx,2.128684,0.3281111958478591,0,0,GRADUAL_MULTILEVEL,NOT_REPORTED,absolute,IDEALIZED_SINGLE_PAIR_GRADUAL,IDEALIZED_GRADUAL_MAPPING,64,3,7,0,2,6,203264,56,64,3584,90.12,6.109999999999999,89.823097,0.9723231247099132,88.85077387529009,-0.29690300000000036,0.29690300000000036,False,LEAVE_ONE_STUDY_OUT,10.1038/s41598-019-44607-3,TiOx_02_Pt,10.1038/s41598-019-44607-3,TiOx,6,6,5,False
TiOx_02_Pt,10.1038/s41598-019-44607-3,TiOx,2.128684,0.3281111958478591,0,0,GRADUAL_MULTILEVEL,NOT_REPORTED,absolute,IDEALIZED_SINGLE_PAIR_GRADUAL,IDEALIZED_GRADUAL_MAPPING,32,4,15,0,2,4,203264,208,16,3328,90.11,6.1200000000000045,68.39156745238094,2.1589661136887903,66.23260133869215,-21.71843254761906,21.71843254761906,False,LEAVE_ONE_STUDY_OUT,10.1038/s41598-019-44607-3,TiOx_02_Pt,10.1038/s41598-019-44607-3,TiOx,6,6,5,False
TiOx_02_Pt,10.1038/s41598-019-44607-3,TiOx,2.128684,0.3281111958478591,0,0,GRADUAL_MULTILEVEL,NOT_REPORTED,absolute,IDEALIZED_SINGLE_PAIR_GRADUAL,IDEALIZED_GRADUAL_MAPPING,128,7,127,0,2,5,203264,16,32,512,90.09,6.140000000000001,89.0901968888889,0.962134873125934,88.12806201576296,-0.9998031111111061,0.9998031111111061,False,LEAVE_ONE_STUDY_OUT,10.1038/s41598-019-44607-3,TiOx_02_Pt,10.1038/s41598-019-44607-3,TiOx,6,6,5,False
TiOx_02_Pt,10.1038/s41598-019-44607-3,TiOx,2.128684,0.3281111958478591,0,0,GRADUAL_MULTILEVEL,NOT_REPORTED,absolute,IDEALIZED_SINGLE_PAIR_GRADUAL,IDEALIZED_GRADUAL_MAPPING,16,3,7,0,2,5,203264,800,32,25600,90.01,6.219999999999999,84.00415811111111,4.463200799991691,79.54095731111941,-6.005841888888895,6.005841888888895,False,LEAVE_ONE_STUDY_OUT,10.1038/s41598-019-44607-3,TiOx_02_Pt,10.1038/s41598-019-44607-3,TiOx,6,6,5,False
TiOx_02_Pt,10.1038/s41598-019-44607-3,TiOx,2.128684,0.3281111958478591,0,0,GRADUAL_MULTILEVEL,NOT_REPORTED,absolute,IDEALIZED_SINGLE_PAIR_GRADUAL,IDEALIZED_GRADUAL_MAPPING,128,4,15,0,2,5,203264,16,32,512,89.99,6.240000000000009,88.97674117460318,0.8255719099319848,88.1511692646712,-1.013258825396818,1.013258825396818,False,LEAVE_ONE_STUDY_OUT,10.1038/s41598-019-44607-3,TiOx_02_Pt,10.1038/s41598-019-44607-3,TiOx,6,6,5,False
TiOx_02_Pt,10.1038/s41598-019-44607-3,TiOx,2.128684,0.3281111958478591,0,0,GRADUAL_MULTILEVEL,NOT_REPORTED,absolute,IDEALIZED_SINGLE_PAIR_GRADUAL,IDEALIZED_GRADUAL_MAPPING,32,5,31,0,2,4,203264,208,16,3328,89.86,6.3700000000000045,67.67802054761903,2.2208314013833768,65.45718914623565,-22.181979452380972,22.181979452380972,False,LEAVE_ONE_STUDY_OUT,10.1038/s41598-019-44607-3,TiOx_02_Pt,10.1038/s41598-019-44607-3,TiOx,6,6,5,False
TiOx_02_Pt,10.1038/s41598-019-44607-3,TiOx,2.128684,0.3281111958478591,0,0,GRADUAL_MULTILEVEL,NOT_REPORTED,absolute,IDEALIZED_SINGLE_PAIR_GRADUAL,IDEALIZED_GRADUAL_MAPPING,128,3,7,0,2,6,203264,16,64,1024,89.81,6.420000000000002,89.26377495238094,1.0152508334300245,88.24852411895091,-0.5462250476190604,0.5462250476190604,False,LEAVE_ONE_STUDY_OUT,10.1038/s41598-019-44607-3,TiOx_02_Pt,10.1038/s41598-019-44607-3,TiOx,6,6,5,False
TiOx_02_Pt,10.1038/s41598-019-44607-3,TiOx,2.128684,0.3281111958478591,0,0,GRADUAL_MULTILEVEL,NOT_REPORTED,absolute,IDEALIZED_SINGLE_PAIR_GRADUAL,IDEALIZED_GRADUAL_MAPPING,256,3,7,0,2,6,203264,10,64,640,89.1,7.13000000000001,89.23525395238096,0.9818329207484221,88.25342103163254,0.13525395238096394,0.13525395238096394,False,LEAVE_ONE_STUDY_OUT,10.1038/s41598-019-44607-3,TiOx_02_Pt,10.1038/s41598-019-44607-3,TiOx,6,6,5,False
TiOx_02_Pt,10.1038/s41598-019-44607-3,TiOx,2.128684,0.3281111958478591,0,0,GRADUAL_MULTILEVEL,NOT_REPORTED,absolute,IDEALIZED_SINGLE_PAIR_GRADUAL,IDEALIZED_GRADUAL_MAPPING,32,3,7,0,2,5,203264,208,32,6656,88.5,7.730000000000004,83.97355313492064,4.423117688898401,79.55043544602223,-4.526446865079365,4.526446865079365,False,LEAVE_ONE_STUDY_OUT,10.1038/s41598-019-44607-3,TiOx_02_Pt,10.1038/s41598-019-44607-3,TiOx,6,6,5,False
TiOx_02_Pt,10.1038/s41598-019-44607-3,TiOx,2.128684,0.3281111958478591,0,0,GRADUAL_MULTILEVEL,NOT_REPORTED,absolute,IDEALIZED_SINGLE_PAIR_GRADUAL,IDEALIZED_GRADUAL_MAPPING,256,6,63,0,2,5,203264,10,32,320,87.75,8.480000000000004,83.88720642857143,1.08752588533741,82.79968054323402,-3.8627935714285684,3.8627935714285684,False,LEAVE_ONE_STUDY_OUT,10.1038/s41598-019-44607-3,TiOx_02_Pt,10.1038/s41598-019-44607-3,TiOx,6,6,5,False
TiOx_02_Pt,10.1038/s41598-019-44607-3,TiOx,2.128684,0.3281111958478591,0,0,GRADUAL_MULTILEVEL,NOT_REPORTED,absolute,IDEALIZED_SINGLE_PAIR_GRADUAL,IDEALIZED_GRADUAL_MAPPING,256,8,255,0,2,5,203264,10,32,320,87.57,8.66000000000001,83.89728349999999,1.0660303020673254,82.83125319793265,-3.672716500000007,3.672716500000007,False,LEAVE_ONE_STUDY_OUT,10.1038/s41598-019-44607-3,TiOx_02_Pt,10.1038/s41598-019-44607-3,TiOx,6,6,5,False
TiOx_02_Pt,10.1038/s41598-019-44607-3,TiOx,2.128684,0.3281111958478591,0,0,GRADUAL_MULTILEVEL,NOT_REPORTED,absolute,IDEALIZED_SINGLE_PAIR_GRADUAL,IDEALIZED_GRADUAL_MAPPING,256,5,31,0,2,5,203264,10,32,320,87.42,8.810000000000002,83.8736707857143,1.0696304635341003,82.8040403221802,-3.5463292142857057,3.5463292142857057,False,LEAVE_ONE_STUDY_OUT,10.1038/s41598-019-44607-3,TiOx_02_Pt,10.1038/s41598-019-44607-3,TiOx,6,6,5,False
TiOx_02_Pt,10.1038/s41598-019-44607-3,TiOx,2.128684,0.3281111958478591,0,0,GRADUAL_MULTILEVEL,NOT_REPORTED,absolute,IDEALIZED_SINGLE_PAIR_GRADUAL,IDEALIZED_GRADUAL_MAPPING,256,7,127,0,2,5,203264,10,32,320,87.14,9.090000000000003,83.90419683333332,1.0876507446820338,82.81654608865128,-3.2358031666666847,3.2358031666666847,False,LEAVE_ONE_STUDY_OUT,10.1038/s41598-019-44607-3,TiOx_02_Pt,10.1038/s41598-019-44607-3,TiOx,6,6,5,False
TiOx_02_Pt,10.1038/s41598-019-44607-3,TiOx,2.128684,0.3281111958478591,0,0,GRADUAL_MULTILEVEL,NOT_REPORTED,absolute,IDEALIZED_SINGLE_PAIR_GRADUAL,IDEALIZED_GRADUAL_MAPPING,256,4,15,0,2,5,203264,10,32,320,86.69,9.540000000000006,83.89380911904763,1.0935302583119815,82.80027886073565,-2.7961908809523663,2.7961908809523663,False,LEAVE_ONE_STUDY_OUT,10.1038/s41598-019-44607-3,TiOx_02_Pt,10.1038/s41598-019-44607-3,TiOx,6,6,5,False
TiOx_02_Pt,10.1038/s41598-019-44607-3,TiOx,2.128684,0.3281111958478591,0,0,GRADUAL_MULTILEVEL,NOT_REPORTED,absolute,IDEALIZED_SINGLE_PAIR_GRADUAL,IDEALIZED_GRADUAL_MAPPING,16,3,7,0,2,4,203264,800,16,12800,85.3,10.930000000000009,79.13497106349206,2.225267255333501,76.90970380815855,-6.165028936507937,6.165028936507937,False,LEAVE_ONE_STUDY_OUT,10.1038/s41598-019-44607-3,TiOx_02_Pt,10.1038/s41598-019-44607-3,TiOx,6,6,5,False
TiOx_02_Pt,10.1038/s41598-019-44607-3,TiOx,2.128684,0.3281111958478591,0,0,GRADUAL_MULTILEVEL,NOT_REPORTED,absolute,IDEALIZED_SINGLE_PAIR_GRADUAL,IDEALIZED_GRADUAL_MAPPING,64,3,7,0,2,5,203264,56,32,1792,84.17,12.060000000000002,82.56399865873016,4.561530140319375,78.00246851841078,-1.6060013412698453,1.6060013412698453,False,LEAVE_ONE_STUDY_OUT,10.1038/s41598-019-44607-3,TiOx_02_Pt,10.1038/s41598-019-44607-3,TiOx,6,6,5,False
TiOx_02_Pt,10.1038/s41598-019-44607-3,TiOx,2.128684,0.3281111958478591,0,0,GRADUAL_MULTILEVEL,NOT_REPORTED,absolute,IDEALIZED_SINGLE_PAIR_GRADUAL,IDEALIZED_GRADUAL_MAPPING,64,7,127,0,2,4,203264,56,16,896,82.23,14.0,55.289201079365085,2.096593809749293,53.19260726961579,-26.94079892063492,26.94079892063492,False,LEAVE_ONE_STUDY_OUT,10.1038/s41598-019-44607-3,TiOx_02_Pt,10.1038/s41598-019-44607-3,TiOx,6,6,5,False
TiOx_02_Pt,10.1038/s41598-019-44607-3,TiOx,2.128684,0.3281111958478591,0,0,GRADUAL_MULTILEVEL,NOT_REPORTED,absolute,IDEALIZED_SINGLE_PAIR_GRADUAL,IDEALIZED_GRADUAL_MAPPING,64,8,255,0,2,4,203264,56,16,896,82.13,14.100000000000009,55.304601079365085,2.1226076490389447,53.18199343032614,-26.82539892063491,26.82539892063491,False,LEAVE_ONE_STUDY_OUT,10.1038/s41598-019-44607-3,TiOx_02_Pt,10.1038/s41598-019-44607-3,TiOx,6,6,5,False
TiOx_02_Pt,10.1038/s41598-019-44607-3,TiOx,2.128684,0.3281111958478591,0,0,GRADUAL_MULTILEVEL,NOT_REPORTED,absolute,IDEALIZED_SINGLE_PAIR_GRADUAL,IDEALIZED_GRADUAL_MAPPING,64,6,63,0,2,4,203264,56,16,896,81.83,14.400000000000006,54.99265412698413,2.101327314703189,52.89132681228094,-26.83734587301587,26.83734587301587,False,LEAVE_ONE_STUDY_OUT,10.1038/s41598-019-44607-3,TiOx_02_Pt,10.1038/s41598-019-44607-3,TiOx,6,6,5,False
TiOx_02_Pt,10.1038/s41598-019-44607-3,TiOx,2.128684,0.3281111958478591,0,0,GRADUAL_MULTILEVEL,NOT_REPORTED,absolute,IDEALIZED_SINGLE_PAIR_GRADUAL,IDEALIZED_GRADUAL_MAPPING,64,5,31,0,2,4,203264,56,16,896,81.37,14.86,54.741049650793656,2.1486766598853326,52.59237299090832,-26.62895034920635,26.62895034920635,False,LEAVE_ONE_STUDY_OUT,10.1038/s41598-019-44607-3,TiOx_02_Pt,10.1038/s41598-019-44607-3,TiOx,6,6,5,False
TiOx_02_Pt,10.1038/s41598-019-44607-3,TiOx,2.128684,0.3281111958478591,0,0,GRADUAL_MULTILEVEL,NOT_REPORTED,absolute,IDEALIZED_SINGLE_PAIR_GRADUAL,IDEALIZED_GRADUAL_MAPPING,128,3,7,0,2,5,203264,16,32,512,80.66,15.570000000000007,79.22782165873016,5.210345286206273,74.01747637252389,-1.4321783412698323,1.4321783412698323,False,LEAVE_ONE_STUDY_OUT,10.1038/s41598-019-44607-3,TiOx_02_Pt,10.1038/s41598-019-44607-3,TiOx,6,6,5,False
TiOx_02_Pt,10.1038/s41598-019-44607-3,TiOx,2.128684,0.3281111958478591,0,0,GRADUAL_MULTILEVEL,NOT_REPORTED,absolute,IDEALIZED_SINGLE_PAIR_GRADUAL,IDEALIZED_GRADUAL_MAPPING,64,4,15,0,2,4,203264,56,16,896,80.61,15.620000000000005,54.228144484126986,2.282076687541587,51.946067796585396,-26.381855515873013,26.381855515873013,False,LEAVE_ONE_STUDY_OUT,10.1038/s41598-019-44607-3,TiOx_02_Pt,10.1038/s41598-019-44607-3,TiOx,6,6,5,False
TiOx_02_Pt,10.1038/s41598-019-44607-3,TiOx,2.128684,0.3281111958478591,0,0,GRADUAL_MULTILEVEL,NOT_REPORTED,absolute,IDEALIZED_SINGLE_PAIR_GRADUAL,IDEALIZED_GRADUAL_MAPPING,32,3,7,0,2,4,203264,208,16,3328,79.61,16.620000000000005,68.36106211904759,2.0449669840102094,66.31609513503737,-11.248937880952411,11.248937880952411,False,LEAVE_ONE_STUDY_OUT,10.1038/s41598-019-44607-3,TiOx_02_Pt,10.1038/s41598-019-44607-3,TiOx,6,6,5,False
TiOx_02_Pt,10.1038/s41598-019-44607-3,TiOx,2.128684,0.3281111958478591,0,0,GRADUAL_MULTILEVEL,NOT_REPORTED,absolute,IDEALIZED_SINGLE_PAIR_GRADUAL,IDEALIZED_GRADUAL_MAPPING,256,3,7,0,2,5,203264,10,32,320,75.79,20.44,79.15652932539682,5.121232556451703,74.03529676894512,3.3665293253968116,3.3665293253968116,False,LEAVE_ONE_STUDY_OUT,10.1038/s41598-019-44607-3,TiOx_02_Pt,10.1038/s41598-019-44607-3,TiOx,6,6,5,False
TiOx_02_Pt,10.1038/s41598-019-44607-3,TiOx,2.128684,0.3281111958478591,0,0,GRADUAL_MULTILEVEL,NOT_REPORTED,absolute,IDEALIZED_SINGLE_PAIR_GRADUAL,IDEALIZED_GRADUAL_MAPPING,64,3,7,0,2,4,203264,56,16,896,71.87,24.36,54.23852448412699,2.2297090484626594,52.00881543566433,-17.631475515873014,17.631475515873014,False,LEAVE_ONE_STUDY_OUT,10.1038/s41598-019-44607-3,TiOx_02_Pt,10.1038/s41598-019-44607-3,TiOx,6,6,5,False
TiOx_02_Pt,10.1038/s41598-019-44607-3,TiOx,2.128684,0.3281111958478591,0,0,GRADUAL_MULTILEVEL,NOT_REPORTED,absolute,IDEALIZED_SINGLE_PAIR_GRADUAL,IDEALIZED_GRADUAL_MAPPING,128,6,63,0,2,4,203264,16,16,256,64.39,31.840000000000003,40.168571285714286,1.3537135996069745,38.81485768610731,-24.221428714285715,24.221428714285715,False,LEAVE_ONE_STUDY_OUT,10.1038/s41598-019-44607-3,TiOx_02_Pt,10.1038/s41598-019-44607-3,TiOx,6,6,5,False
TiOx_02_Pt,10.1038/s41598-019-44607-3,TiOx,2.128684,0.3281111958478591,0,0,GRADUAL_MULTILEVEL,NOT_REPORTED,absolute,IDEALIZED_SINGLE_PAIR_GRADUAL,IDEALIZED_GRADUAL_MAPPING,128,5,31,0,2,4,203264,16,16,256,64.05,32.18000000000001,39.961150714285715,1.2462363555862448,38.71491435869947,-24.088849285714282,24.088849285714282,False,LEAVE_ONE_STUDY_OUT,10.1038/s41598-019-44607-3,TiOx_02_Pt,10.1038/s41598-019-44607-3,TiOx,6,6,5,False
TiOx_02_Pt,10.1038/s41598-019-44607-3,TiOx,2.128684,0.3281111958478591,0,0,GRADUAL_MULTILEVEL,NOT_REPORTED,absolute,IDEALIZED_SINGLE_PAIR_GRADUAL,IDEALIZED_GRADUAL_MAPPING,128,8,255,0,2,4,203264,16,16,256,63.72,32.510000000000005,40.419075904761904,1.1692915111669446,39.24978439359496,-23.300924095238095,23.300924095238095,False,LEAVE_ONE_STUDY_OUT,10.1038/s41598-019-44607-3,TiOx_02_Pt,10.1038/s41598-019-44607-3,TiOx,6,6,5,False
TiOx_02_Pt,10.1038/s41598-019-44607-3,TiOx,2.128684,0.3281111958478591,0,0,GRADUAL_MULTILEVEL,NOT_REPORTED,absolute,IDEALIZED_SINGLE_PAIR_GRADUAL,IDEALIZED_GRADUAL_MAPPING,128,7,127,0,2,4,203264,16,16,256,63.25,32.980000000000004,40.39828904761905,1.2674618199814123,39.13082722763764,-22.851710952380948,22.851710952380948,False,LEAVE_ONE_STUDY_OUT,10.1038/s41598-019-44607-3,TiOx_02_Pt,10.1038/s41598-019-44607-3,TiOx,6,6,5,False
TiOx_02_Pt,10.1038/s41598-019-44607-3,TiOx,2.128684,0.3281111958478591,0,0,GRADUAL_MULTILEVEL,NOT_REPORTED,absolute,IDEALIZED_SINGLE_PAIR_GRADUAL,IDEALIZED_GRADUAL_MAPPING,128,4,15,0,2,4,203264,16,16,256,63.24,32.99,39.91312838095238,1.2123666936401023,38.70076168731228,-23.326871619047623,23.326871619047623,False,LEAVE_ONE_STUDY_OUT,10.1038/s41598-019-44607-3,TiOx_02_Pt,10.1038/s41598-019-44607-3,TiOx,6,6,5,False
TiOx_02_Pt,10.1038/s41598-019-44607-3,TiOx,2.128684,0.3281111958478591,0,0,GRADUAL_MULTILEVEL,NOT_REPORTED,absolute,IDEALIZED_SINGLE_PAIR_GRADUAL,IDEALIZED_GRADUAL_MAPPING,256,5,31,0,2,4,203264,10,16,160,57.18,39.05,32.28777219047619,0.8738053586069926,31.413966831869196,-24.89222780952381,24.89222780952381,False,LEAVE_ONE_STUDY_OUT,10.1038/s41598-019-44607-3,TiOx_02_Pt,10.1038/s41598-019-44607-3,TiOx,6,6,5,False
TiOx_02_Pt,10.1038/s41598-019-44607-3,TiOx,2.128684,0.3281111958478591,0,0,GRADUAL_MULTILEVEL,NOT_REPORTED,absolute,IDEALIZED_SINGLE_PAIR_GRADUAL,IDEALIZED_GRADUAL_MAPPING,256,6,63,0,2,4,203264,10,16,160,56.24,39.99,32.273719206349206,0.8547913944105663,31.41892781193864,-23.966280793650796,23.966280793650796,False,LEAVE_ONE_STUDY_OUT,10.1038/s41598-019-44607-3,TiOx_02_Pt,10.1038/s41598-019-44607-3,TiOx,6,6,5,False
TiOx_02_Pt,10.1038/s41598-019-44607-3,TiOx,2.128684,0.3281111958478591,0,0,GRADUAL_MULTILEVEL,NOT_REPORTED,absolute,IDEALIZED_SINGLE_PAIR_GRADUAL,IDEALIZED_GRADUAL_MAPPING,256,4,15,0,2,4,203264,10,16,160,55.95,40.28,32.428829928571425,0.88054539590114,31.548284532670284,-23.52117007142858,23.52117007142858,False,LEAVE_ONE_STUDY_OUT,10.1038/s41598-019-44607-3,TiOx_02_Pt,10.1038/s41598-019-44607-3,TiOx,6,6,5,False
TiOx_02_Pt,10.1038/s41598-019-44607-3,TiOx,2.128684,0.3281111958478591,0,0,GRADUAL_MULTILEVEL,NOT_REPORTED,absolute,IDEALIZED_SINGLE_PAIR_GRADUAL,IDEALIZED_GRADUAL_MAPPING,256,8,255,0,2,4,203264,10,16,160,55.63,40.6,32.37070751587302,0.9732216843165022,31.39748583155652,-23.25929248412698,23.25929248412698,False,LEAVE_ONE_STUDY_OUT,10.1038/s41598-019-44607-3,TiOx_02_Pt,10.1038/s41598-019-44607-3,TiOx,6,6,5,False
TiOx_02_Pt,10.1038/s41598-019-44607-3,TiOx,2.128684,0.3281111958478591,0,0,GRADUAL_MULTILEVEL,NOT_REPORTED,absolute,IDEALIZED_SINGLE_PAIR_GRADUAL,IDEALIZED_GRADUAL_MAPPING,256,7,127,0,2,4,203264,10,16,160,55.55,40.68000000000001,32.34992065873016,0.9225541522107807,31.427366506519384,-23.200079341269834,23.200079341269834,False,LEAVE_ONE_STUDY_OUT,10.1038/s41598-019-44607-3,TiOx_02_Pt,10.1038/s41598-019-44607-3,TiOx,6,6,5,False
TiOx_02_Pt,10.1038/s41598-019-44607-3,TiOx,2.128684,0.3281111958478591,0,0,GRADUAL_MULTILEVEL,NOT_REPORTED,absolute,IDEALIZED_SINGLE_PAIR_GRADUAL,IDEALIZED_GRADUAL_MAPPING,128,3,7,0,2,4,203264,16,16,256,48.04,48.190000000000005,39.92350838095238,1.2374719058204742,38.6860364751319,-8.116491619047622,8.116491619047622,False,LEAVE_ONE_STUDY_OUT,10.1038/s41598-019-44607-3,TiOx_02_Pt,10.1038/s41598-019-44607-3,TiOx,6,6,5,False
TiOx_02_Pt,10.1038/s41598-019-44607-3,TiOx,2.128684,0.3281111958478591,0,0,GRADUAL_MULTILEVEL,NOT_REPORTED,absolute,IDEALIZED_SINGLE_PAIR_GRADUAL,IDEALIZED_GRADUAL_MAPPING,256,3,7,0,2,4,203264,10,16,160,44.92,51.31,32.428829928571425,0.88054539590114,31.548284532670284,-12.491170071428577,12.491170071428577,False,LEAVE_ONE_STUDY_OUT,10.1038/s41598-019-44607-3,TiOx_02_Pt,10.1038/s41598-019-44607-3,TiOx,6,6,5,False
TiOx_02_Pt,10.1038/s41598-019-44607-3,TiOx,2.128684,0.3281111958478591,0,0,GRADUAL_MULTILEVEL,NOT_REPORTED,absolute,IDEALIZED_SINGLE_PAIR_GRADUAL,IDEALIZED_GRADUAL_MAPPING,16,2,3,0,2,4,203264,800,16,12800,11.44,84.79,10.486245468253967,0.4571206019694067,10.02912486628456,-0.9537545317460321,0.9537545317460321,False,LEAVE_ONE_STUDY_OUT,10.1038/s41598-019-44607-3,TiOx_02_Pt,10.1038/s41598-019-44607-3,TiOx,6,6,5,False
TiOx_02_Pt,10.1038/s41598-019-44607-3,TiOx,2.128684,0.3281111958478591,0,0,GRADUAL_MULTILEVEL,NOT_REPORTED,absolute,IDEALIZED_SINGLE_PAIR_GRADUAL,IDEALIZED_GRADUAL_MAPPING,16,2,3,0,2,9,203264,800,512,409600,11.42,84.81,11.29581384920635,0.04688867746331253,11.248925171743037,-0.12418615079364947,0.12418615079364947,False,LEAVE_ONE_STUDY_OUT,10.1038/s41598-019-44607-3,TiOx_02_Pt,10.1038/s41598-019-44607-3,TiOx,6,6,5,False
TiOx_02_Pt,10.1038/s41598-019-44607-3,TiOx,2.128684,0.3281111958478591,0,0,GRADUAL_MULTILEVEL,NOT_REPORTED,absolute,IDEALIZED_SINGLE_PAIR_GRADUAL,IDEALIZED_GRADUAL_MAPPING,64,2,3,0,2,9,203264,56,512,28672,11.42,84.81,11.209302547619046,0.05525936996548863,11.154043177653557,-0.21069745238095372,0.21069745238095372,False,LEAVE_ONE_STUDY_OUT,10.1038/s41598-019-44607-3,TiOx_02_Pt,10.1038/s41598-019-44607-3,TiOx,6,6,5,False
TiOx_02_Pt,10.1038/s41598-019-44607-3,TiOx,2.128684,0.3281111958478591,0,0,GRADUAL_MULTILEVEL,NOT_REPORTED,absolute,IDEALIZED_SINGLE_PAIR_GRADUAL,IDEALIZED_GRADUAL_MAPPING,128,2,3,0,2,8,203264,16,256,4096,11.4,84.83,11.132902660894661,0.09347341223405149,11.03942924866061,-0.26709733910533906,0.26709733910533906,False,LEAVE_ONE_STUDY_OUT,10.1038/s41598-019-44607-3,TiOx_02_Pt,10.1038/s41598-019-44607-3,TiOx,6,6,5,False
TiOx_02_Pt,10.1038/s41598-019-44607-3,TiOx,2.128684,0.3281111958478591,0,0,GRADUAL_MULTILEVEL,NOT_REPORTED,absolute,IDEALIZED_SINGLE_PAIR_GRADUAL,IDEALIZED_GRADUAL_MAPPING,256,2,3,0,2,9,203264,10,512,5120,11.38,84.85000000000001,11.186347555555557,0.1714600675900066,11.01488748796555,-0.19365244444444407,0.19365244444444407,False,LEAVE_ONE_STUDY_OUT,10.1038/s41598-019-44607-3,TiOx_02_Pt,10.1038/s41598-019-44607-3,TiOx,6,6,5,False
TiOx_02_Pt,10.1038/s41598-019-44607-3,TiOx,2.128684,0.3281111958478591,0,0,GRADUAL_MULTILEVEL,NOT_REPORTED,absolute,IDEALIZED_SINGLE_PAIR_GRADUAL,IDEALIZED_GRADUAL_MAPPING,16,2,3,0,2,7,203264,800,128,102400,11.37,84.86,11.294023301587302,0.11128385787551724,11.182739443711785,-0.07597669841269727,0.07597669841269727,False,LEAVE_ONE_STUDY_OUT,10.1038/s41598-019-44607-3,TiOx_02_Pt,10.1038/s41598-019-44607-3,TiOx,6,6,5,False
TiOx_02_Pt,10.1038/s41598-019-44607-3,TiOx,2.128684,0.3281111958478591,0,0,GRADUAL_MULTILEVEL,NOT_REPORTED,absolute,IDEALIZED_SINGLE_PAIR_GRADUAL,IDEALIZED_GRADUAL_MAPPING,16,2,3,0,2,10,203264,800,1024,819200,11.36,84.87,11.281871682539684,0.04561192432197447,11.23625975821771,-0.07812831746031534,0.07812831746031534,False,LEAVE_ONE_STUDY_OUT,10.1038/s41598-019-44607-3,TiOx_02_Pt,10.1038/s41598-019-44607-3,TiOx,6,6,5,False
TiOx_02_Pt,10.1038/s41598-019-44607-3,TiOx,2.128684,0.3281111958478591,0,0,GRADUAL_MULTILEVEL,NOT_REPORTED,absolute,IDEALIZED_SINGLE_PAIR_GRADUAL,IDEALIZED_GRADUAL_MAPPING,128,2,3,0,2,9,203264,16,512,8192,11.36,84.87,11.196238732323232,0.0530082095952851,11.143230522727947,-0.16376126767676702,0.16376126767676702,False,LEAVE_ONE_STUDY_OUT,10.1038/s41598-019-44607-3,TiOx_02_Pt,10.1038/s41598-019-44607-3,TiOx,6,6,5,False
TiOx_02_Pt,10.1038/s41598-019-44607-3,TiOx,2.128684,0.3281111958478591,0,0,GRADUAL_MULTILEVEL,NOT_REPORTED,absolute,IDEALIZED_SINGLE_PAIR_GRADUAL,IDEALIZED_GRADUAL_MAPPING,16,2,3,0,2,8,203264,800,256,204800,11.35,84.88000000000001,11.283161134920636,0.059844685726246,11.22331644919439,-0.06683886507936343,0.06683886507936343,False,LEAVE_ONE_STUDY_OUT,10.1038/s41598-019-44607-3,TiOx_02_Pt,10.1038/s41598-019-44607-3,TiOx,6,6,5,False
TiOx_02_Pt,10.1038/s41598-019-44607-3,TiOx,2.128684,0.3281111958478591,0,0,GRADUAL_MULTILEVEL,NOT_REPORTED,absolute,IDEALIZED_SINGLE_PAIR_GRADUAL,IDEALIZED_GRADUAL_MAPPING,256,2,3,0,2,8,203264,10,256,2560,11.26,84.97,11.131985150793652,0.1868291592516617,10.94515599154199,-0.1280148492063482,0.1280148492063482,False,LEAVE_ONE_STUDY_OUT,10.1038/s41598-019-44607-3,TiOx_02_Pt,10.1038/s41598-019-44607-3,TiOx,6,6,5,False
TiOx_02_Pt,10.1038/s41598-019-44607-3,TiOx,2.128684,0.3281111958478591,0,0,GRADUAL_MULTILEVEL,NOT_REPORTED,absolute,IDEALIZED_SINGLE_PAIR_GRADUAL,IDEALIZED_GRADUAL_MAPPING,128,2,3,0,2,10,203264,16,1024,16384,11.25,84.98,11.19085362914863,0.04383359318493313,11.147020035963697,-0.05914637085136931,0.05914637085136931,False,LEAVE_ONE_STUDY_OUT,10.1038/s41598-019-44607-3,TiOx_02_Pt,10.1038/s41598-019-44607-3,TiOx,6,6,5,False
TiOx_02_Pt,10.1038/s41598-019-44607-3,TiOx,2.128684,0.3281111958478591,0,0,GRADUAL_MULTILEVEL,NOT_REPORTED,absolute,IDEALIZED_SINGLE_PAIR_GRADUAL,IDEALIZED_GRADUAL_MAPPING,256,2,3,0,2,10,203264,10,1024,10240,11.25,84.98,11.180976119047621,0.16883374569296733,11.012142373354653,-0.0690238809523791,0.0690238809523791,False,LEAVE_ONE_STUDY_OUT,10.1038/s41598-019-44607-3,TiOx_02_Pt,10.1038/s41598-019-44607-3,TiOx,6,6,5,False
TiOx_02_Pt,10.1038/s41598-019-44607-3,TiOx,2.128684,0.3281111958478591,0,0,GRADUAL_MULTILEVEL,NOT_REPORTED,absolute,IDEALIZED_SINGLE_PAIR_GRADUAL,IDEALIZED_GRADUAL_MAPPING,16,2,3,0,2,6,203264,800,64,51200,11.23,85.0,11.162585563492064,0.20709053731650817,10.955495026175555,-0.06741443650793677,0.06741443650793677,False,LEAVE_ONE_STUDY_OUT,10.1038/s41598-019-44607-3,TiOx_02_Pt,10.1038/s41598-019-44607-3,TiOx,6,6,5,False
TiOx_02_Pt,10.1038/s41598-019-44607-3,TiOx,2.128684,0.3281111958478591,0,0,GRADUAL_MULTILEVEL,NOT_REPORTED,absolute,IDEALIZED_SINGLE_PAIR_GRADUAL,IDEALIZED_GRADUAL_MAPPING,32,2,3,0,2,9,203264,208,512,106496,11.18,85.05000000000001,11.286947753968255,0.04250814906934849,11.244439604898906,0.10694775396825484,0.10694775396825484,False,LEAVE_ONE_STUDY_OUT,10.1038/s41598-019-44607-3,TiOx_02_Pt,10.1038/s41598-019-44607-3,TiOx,6,6,5,False
TiOx_02_Pt,10.1038/s41598-019-44607-3,TiOx,2.128684,0.3281111958478591,0,0,GRADUAL_MULTILEVEL,NOT_REPORTED,absolute,IDEALIZED_SINGLE_PAIR_GRADUAL,IDEALIZED_GRADUAL_MAPPING,64,2,3,0,2,10,203264,56,1024,57344,11.13,85.10000000000001,11.20610892063492,0.049206869197650174,11.15690205143727,0.07610892063491903,0.07610892063491903,False,LEAVE_ONE_STUDY_OUT,10.1038/s41598-019-44607-3,TiOx_02_Pt,10.1038/s41598-019-44607-3,TiOx,6,6,5,False
TiOx_02_Pt,10.1038/s41598-019-44607-3,TiOx,2.128684,0.3281111958478591,0,0,GRADUAL_MULTILEVEL,NOT_REPORTED,absolute,IDEALIZED_SINGLE_PAIR_GRADUAL,IDEALIZED_GRADUAL_MAPPING,32,2,3,0,2,10,203264,208,1024,212992,11.12,85.11,11.273319730158727,0.037467888132912366,11.235851842025815,0.1533197301587279,0.1533197301587279,False,LEAVE_ONE_STUDY_OUT,10.1038/s41598-019-44607-3,TiOx_02_Pt,10.1038/s41598-019-44607-3,TiOx,6,6,5,False
TiOx_02_Pt,10.1038/s41598-019-44607-3,TiOx,2.128684,0.3281111958478591,0,0,GRADUAL_MULTILEVEL,NOT_REPORTED,absolute,IDEALIZED_SINGLE_PAIR_GRADUAL,IDEALIZED_GRADUAL_MAPPING,32,2,3,0,2,4,203264,208,16,3328,11.1,85.13000000000001,10.553509468253969,0.5094882177514035,10.044021250502565,-0.5464905317460307,0.5464905317460307,False,LEAVE_ONE_STUDY_OUT,10.1038/s41598-019-44607-3,TiOx_02_Pt,10.1038/s41598-019-44607-3,TiOx,6,6,5,False
TiOx_02_Pt,10.1038/s41598-019-44607-3,TiOx,2.128684,0.3281111958478591,0,0,GRADUAL_MULTILEVEL,NOT_REPORTED,absolute,IDEALIZED_SINGLE_PAIR_GRADUAL,IDEALIZED_GRADUAL_MAPPING,32,2,3,0,2,8,203264,208,256,53248,11.1,85.13000000000001,11.270215658730159,0.056533993312672434,11.213681665417486,0.1702156587301591,0.1702156587301591,False,LEAVE_ONE_STUDY_OUT,10.1038/s41598-019-44607-3,TiOx_02_Pt,10.1038/s41598-019-44607-3,TiOx,6,6,5,False
TiOx_02_Pt,10.1038/s41598-019-44607-3,TiOx,2.128684,0.3281111958478591,0,0,GRADUAL_MULTILEVEL,NOT_REPORTED,absolute,IDEALIZED_SINGLE_PAIR_GRADUAL,IDEALIZED_GRADUAL_MAPPING,32,2,3,0,2,7,203264,208,128,26624,11.09,85.14,11.278018634920635,0.10303829880165732,11.174980336118978,0.18801863492063475,0.18801863492063475,False,LEAVE_ONE_STUDY_OUT,10.1038/s41598-019-44607-3,TiOx_02_Pt,10.1038/s41598-019-44607-3,TiOx,6,6,5,False
TiOx_02_Pt,10.1038/s41598-019-44607-3,TiOx,2.128684,0.3281111958478591,0,0,GRADUAL_MULTILEVEL,NOT_REPORTED,absolute,IDEALIZED_SINGLE_PAIR_GRADUAL,IDEALIZED_GRADUAL_MAPPING,64,2,3,0,2,7,203264,56,128,7168,11.04,85.19,11.182247404761904,0.12457780380293114,11.057669600958974,0.14224740476190512,0.14224740476190512,False,LEAVE_ONE_STUDY_OUT,10.1038/s41598-019-44607-3,TiOx_02_Pt,10.1038/s41598-019-44607-3,TiOx,6,6,5,False
TiOx_02_Pt,10.1038/s41598-019-44607-3,TiOx,2.128684,0.3281111958478591,0,0,GRADUAL_MULTILEVEL,NOT_REPORTED,absolute,IDEALIZED_SINGLE_PAIR_GRADUAL,IDEALIZED_GRADUAL_MAPPING,64,2,3,0,2,8,203264,56,256,14336,11.01,85.22,11.168802714285714,0.07031059451391838,11.098492119771796,0.15880271428571469,0.15880271428571469,False,LEAVE_ONE_STUDY_OUT,10.1038/s41598-019-44607-3,TiOx_02_Pt,10.1038/s41598-019-44607-3,TiOx,6,6,5,False
TiOx_02_Pt,10.1038/s41598-019-44607-3,TiOx,2.128684,0.3281111958478591,0,0,GRADUAL_MULTILEVEL,NOT_REPORTED,absolute,IDEALIZED_SINGLE_PAIR_GRADUAL,IDEALIZED_GRADUAL_MAPPING,64,2,3,0,2,6,203264,56,64,3584,10.95,85.28,11.21280223015873,0.19431137966911632,11.018490850489613,0.26280223015873005,0.26280223015873005,False,LEAVE_ONE_STUDY_OUT,10.1038/s41598-019-44607-3,TiOx_02_Pt,10.1038/s41598-019-44607-3,TiOx,6,6,5,False
TiOx_02_Pt,10.1038/s41598-019-44607-3,TiOx,2.128684,0.3281111958478591,0,0,GRADUAL_MULTILEVEL,NOT_REPORTED,absolute,IDEALIZED_SINGLE_PAIR_GRADUAL,IDEALIZED_GRADUAL_MAPPING,32,2,3,0,2,6,203264,208,64,13312,10.9,85.33,11.162292515873016,0.1868953594644765,10.97539715640854,0.26229251587301583,0.26229251587301583,False,LEAVE_ONE_STUDY_OUT,10.1038/s41598-019-44607-3,TiOx_02_Pt,10.1038/s41598-019-44607-3,TiOx,6,6,5,False
TiOx_02_Pt,10.1038/s41598-019-44607-3,TiOx,2.128684,0.3281111958478591,0,0,GRADUAL_MULTILEVEL,NOT_REPORTED,absolute,IDEALIZED_SINGLE_PAIR_GRADUAL,IDEALIZED_GRADUAL_MAPPING,128,2,3,0,2,7,203264,16,128,2048,10.88,85.35000000000001,11.007120824675322,0.17414447598315377,10.832976348692169,0.1271208246753215,0.1271208246753215,False,LEAVE_ONE_STUDY_OUT,10.1038/s41598-019-44607-3,TiOx_02_Pt,10.1038/s41598-019-44607-3,TiOx,6,6,5,False
TiOx_02_Pt,10.1038/s41598-019-44607-3,TiOx,2.128684,0.3281111958478591,0,0,GRADUAL_MULTILEVEL,NOT_REPORTED,absolute,IDEALIZED_SINGLE_PAIR_GRADUAL,IDEALIZED_GRADUAL_MAPPING,16,2,3,0,2,5,203264,800,32,25600,10.79,85.44,10.777252999999998,0.3396230614553505,10.437629938544648,-0.012747000000000952,0.012747000000000952,False,LEAVE_ONE_STUDY_OUT,10.1038/s41598-019-44607-3,TiOx_02_Pt,10.1038/s41598-019-44607-3,TiOx,6,6,5,False
TiOx_02_Pt,10.1038/s41598-019-44607-3,TiOx,2.128684,0.3281111958478591,0,0,GRADUAL_MULTILEVEL,NOT_REPORTED,absolute,IDEALIZED_SINGLE_PAIR_GRADUAL,IDEALIZED_GRADUAL_MAPPING,128,2,3,0,2,6,203264,16,64,1024,10.75,85.48,10.78715299134199,0.31542354385615473,10.471729447485837,0.03715299134199057,0.03715299134199057,False,LEAVE_ONE_STUDY_OUT,10.1038/s41598-019-44607-3,TiOx_02_Pt,10.1038/s41598-019-44607-3,TiOx,6,6,5,False
TiOx_02_Pt,10.1038/s41598-019-44607-3,TiOx,2.128684,0.3281111958478591,0,0,GRADUAL_MULTILEVEL,NOT_REPORTED,absolute,IDEALIZED_SINGLE_PAIR_GRADUAL,IDEALIZED_GRADUAL_MAPPING,256,2,3,0,2,7,203264,10,128,1280,10.75,85.48,10.964717300865798,0.2140747659747665,10.750642534891032,0.21471730086579832,0.21471730086579832,False,LEAVE_ONE_STUDY_OUT,10.1038/s41598-019-44607-3,TiOx_02_Pt,10.1038/s41598-019-44607-3,TiOx,6,6,5,False
TiOx_02_Pt,10.1038/s41598-019-44607-3,TiOx,2.128684,0.3281111958478591,0,0,GRADUAL_MULTILEVEL,NOT_REPORTED,absolute,IDEALIZED_SINGLE_PAIR_GRADUAL,IDEALIZED_GRADUAL_MAPPING,32,2,3,0,2,5,203264,208,32,6656,10.48,85.75,10.846854333333333,0.35628298667268926,10.490571346660644,0.3668543333333325,0.3668543333333325,False,LEAVE_ONE_STUDY_OUT,10.1038/s41598-019-44607-3,TiOx_02_Pt,10.1038/s41598-019-44607-3,TiOx,6,6,5,False
TiOx_02_Pt,10.1038/s41598-019-44607-3,TiOx,2.128684,0.3281111958478591,0,0,GRADUAL_MULTILEVEL,NOT_REPORTED,absolute,IDEALIZED_SINGLE_PAIR_GRADUAL,IDEALIZED_GRADUAL_MAPPING,256,2,3,0,2,6,203264,10,64,640,10.18,86.05000000000001,10.690884943722944,0.32211576148542187,10.368769182237521,0.5108849437229441,0.5108849437229441,False,LEAVE_ONE_STUDY_OUT,10.1038/s41598-019-44607-3,TiOx_02_Pt,10.1038/s41598-019-44607-3,TiOx,6,6,5,False
TiOx_02_Pt,10.1038/s41598-019-44607-3,TiOx,2.128684,0.3281111958478591,0,0,GRADUAL_MULTILEVEL,NOT_REPORTED,absolute,IDEALIZED_SINGLE_PAIR_GRADUAL,IDEALIZED_GRADUAL_MAPPING,64,2,3,0,2,4,203264,56,16,896,10.03,86.2,10.828124611111111,0.6353000421314489,10.192824568979661,0.7981246111111115,0.7981246111111115,False,LEAVE_ONE_STUDY_OUT,10.1038/s41598-019-44607-3,TiOx_02_Pt,10.1038/s41598-019-44607-3,TiOx,6,6,5,False
TiOx_02_Pt,10.1038/s41598-019-44607-3,TiOx,2.128684,0.3281111958478591,0,0,GRADUAL_MULTILEVEL,NOT_REPORTED,absolute,IDEALIZED_SINGLE_PAIR_GRADUAL,IDEALIZED_GRADUAL_MAPPING,64,2,3,0,2,5,203264,56,32,1792,9.97,86.26,11.085595047619046,0.4193796072891287,10.666215440329918,1.1155950476190455,1.1155950476190455,False,LEAVE_ONE_STUDY_OUT,10.1038/s41598-019-44607-3,TiOx_02_Pt,10.1038/s41598-019-44607-3,TiOx,6,6,5,False
TiOx_02_Pt,10.1038/s41598-019-44607-3,TiOx,2.128684,0.3281111958478591,0,0,GRADUAL_MULTILEVEL,NOT_REPORTED,absolute,IDEALIZED_SINGLE_PAIR_GRADUAL,IDEALIZED_GRADUAL_MAPPING,128,2,3,0,2,4,203264,16,16,256,9.82,86.41,9.83669573015873,0.5296262125896565,9.307069517569074,0.01669573015873027,0.01669573015873027,False,LEAVE_ONE_STUDY_OUT,10.1038/s41598-019-44607-3,TiOx_02_Pt,10.1038/s41598-019-44607-3,TiOx,6,6,5,False
TiOx_02_Pt,10.1038/s41598-019-44607-3,TiOx,2.128684,0.3281111958478591,0,0,GRADUAL_MULTILEVEL,NOT_REPORTED,absolute,IDEALIZED_SINGLE_PAIR_GRADUAL,IDEALIZED_GRADUAL_MAPPING,128,2,3,0,2,5,203264,16,32,512,9.72,86.51,10.09632338095238,0.5825880701050827,9.513735310847299,0.37632338095238005,0.37632338095238005,False,LEAVE_ONE_STUDY_OUT,10.1038/s41598-019-44607-3,TiOx_02_Pt,10.1038/s41598-019-44607-3,TiOx,6,6,5,False
TiOx_02_Pt,10.1038/s41598-019-44607-3,TiOx,2.128684,0.3281111958478591,0,0,GRADUAL_MULTILEVEL,NOT_REPORTED,absolute,IDEALIZED_SINGLE_PAIR_GRADUAL,IDEALIZED_GRADUAL_MAPPING,256,2,3,0,2,5,203264,10,32,320,9.15,87.08,9.956791261904764,0.4519475053887565,9.504843756516006,0.8067912619047632,0.8067912619047632,False,LEAVE_ONE_STUDY_OUT,10.1038/s41598-019-44607-3,TiOx_02_Pt,10.1038/s41598-019-44607-3,TiOx,6,6,5,False
TiOx_02_Pt,10.1038/s41598-019-44607-3,TiOx,2.128684,0.3281111958478591,0,0,GRADUAL_MULTILEVEL,NOT_REPORTED,absolute,IDEALIZED_SINGLE_PAIR_GRADUAL,IDEALIZED_GRADUAL_MAPPING,256,2,3,0,2,4,203264,10,16,160,9.06,87.17,9.718811992063493,0.35275135839149757,9.366060633671996,0.6588119920634927,0.6588119920634927,False,LEAVE_ONE_STUDY_OUT,10.1038/s41598-019-44607-3,TiOx_02_Pt,10.1038/s41598-019-44607-3,TiOx,6,6,5,False
HfOx_02,10.1088/2634-4386/ac7327,HfOx,5.0,0.6989700043360189,0,0,ANALOG,NOT_REPORTED,normalized_from_ratio,IDEALIZED_SINGLE_PAIR_ANALOG,IDEALIZED_ANALOG_MAPPING,16,6,63,0,2,10,203264,800,1024,819200,96.3,-0.0699999999999931,96.300847,0.01896034093758954,96.28188665906241,0.0008470000000073696,0.0008470000000073696,True,LEAVE_ONE_STUDY_OUT,10.1088/2634-4386/ac7327,HfOx_02,10.1088/2634-4386/ac7327,HfOx,8,6,5,False
HfOx_02,10.1088/2634-4386/ac7327,HfOx,5.0,0.6989700043360189,0,0,ANALOG,NOT_REPORTED,normalized_from_ratio,IDEALIZED_SINGLE_PAIR_ANALOG,IDEALIZED_ANALOG_MAPPING,64,6,63,0,2,8,203264,56,256,14336,96.3,-0.0699999999999931,96.2104862063492,0.04920869438711914,96.16127751196208,-0.08951379365079504,0.08951379365079504,True,LEAVE_ONE_STUDY_OUT,10.1088/2634-4386/ac7327,HfOx_02,10.1088/2634-4386/ac7327,HfOx,8,6,5,False
HfOx_02,10.1088/2634-4386/ac7327,HfOx,5.0,0.6989700043360189,0,0,ANALOG,NOT_REPORTED,normalized_from_ratio,IDEALIZED_SINGLE_PAIR_ANALOG,IDEALIZED_ANALOG_MAPPING,64,6,63,0,2,10,203264,56,1024,57344,96.29,-0.0600000000000022,96.28229619047619,0.01801074891652321,96.26428544155966,-0.007703809523817995,0.007703809523817995,True,LEAVE_ONE_STUDY_OUT,10.1088/2634-4386/ac7327,HfOx_02,10.1088/2634-4386/ac7327,HfOx,8,6,5,False
HfOx_02,10.1088/2634-4386/ac7327,HfOx,5.0,0.6989700043360189,0,0,ANALOG,NOT_REPORTED,normalized_from_ratio,IDEALIZED_SINGLE_PAIR_ANALOG,IDEALIZED_ANALOG_MAPPING,16,6,63,0,2,9,203264,800,512,409600,96.28,-0.0499999999999971,96.25419657936507,0.023175379393535537,96.23102119997154,-0.025803420634929353,0.025803420634929353,True,LEAVE_ONE_STUDY_OUT,10.1088/2634-4386/ac7327,HfOx_02,10.1088/2634-4386/ac7327,HfOx,8,6,5,False
HfOx_02,10.1088/2634-4386/ac7327,HfOx,5.0,0.6989700043360189,0,0,ANALOG,NOT_REPORTED,normalized_from_ratio,IDEALIZED_SINGLE_PAIR_ANALOG,IDEALIZED_ANALOG_MAPPING,16,7,127,0,2,7,203264,800,128,102400,96.28,-0.0499999999999971,96.18761405772005,0.021216094375997283,96.16639796334405,-0.09238594227994668,0.09238594227994668,True,LEAVE_ONE_STUDY_OUT,10.1088/2634-4386/ac7327,HfOx_02,10.1088/2634-4386/ac7327,HfOx,8,6,5,False
HfOx_02,10.1088/2634-4386/ac7327,HfOx,5.0,0.6989700043360189,0,0,ANALOG,NOT_REPORTED,normalized_from_ratio,IDEALIZED_SINGLE_PAIR_ANALOG,IDEALIZED_ANALOG_MAPPING,32,6,63,0,2,10,203264,208,1024,212992,96.28,-0.0499999999999971,96.28656831746031,0.018566817579788536,96.26800149988053,0.006568317460306616,0.006568317460306616,True,LEAVE_ONE_STUDY_OUT,10.1088/2634-4386/ac7327,HfOx_02,10.1088/2634-4386/ac7327,HfOx,8,6,5,False
HfOx_02,10.1088/2634-4386/ac7327,HfOx,5.0,0.6989700043360189,0,0,ANALOG,NOT_REPORTED,normalized_from_ratio,IDEALIZED_SINGLE_PAIR_ANALOG,IDEALIZED_ANALOG_MAPPING,64,6,63,0,2,9,203264,56,512,28672,96.27,-0.039999999999992,96.25951685714286,0.03249840231093154,96.22701845483192,-0.010483142857140137,0.010483142857140137,True,LEAVE_ONE_STUDY_OUT,10.1088/2634-4386/ac7327,HfOx_02,10.1088/2634-4386/ac7327,HfOx,8,6,5,False
HfOx_02,10.1088/2634-4386/ac7327,HfOx,5.0,0.6989700043360189,0,0,ANALOG,NOT_REPORTED,normalized_from_ratio,IDEALIZED_SINGLE_PAIR_ANALOG,IDEALIZED_ANALOG_MAPPING,16,6,63,0,2,7,203264,800,128,102400,96.27,-0.039999999999992,96.17243296031747,0.026352625611770982,96.1460803347057,-0.09756703968253078,0.09756703968253078,True,LEAVE_ONE_STUDY_OUT,10.1088/2634-4386/ac7327,HfOx_02,10.1088/2634-4386/ac7327,HfOx,8,6,5,False
HfOx_02,10.1088/2634-4386/ac7327,HfOx,5.0,0.6989700043360189,0,0,ANALOG,NOT_REPORTED,normalized_from_ratio,IDEALIZED_SINGLE_PAIR_ANALOG,IDEALIZED_ANALOG_MAPPING,32,8,255,0,2,10,203264,208,1024,212992,96.26,-0.0300000000000011,96.25560997619046,0.020354489167193075,96.23525548702327,-0.004390023809548893,0.004390023809548893,True,LEAVE_ONE_STUDY_OUT,10.1088/2634-4386/ac7327,HfOx_02,10.1088/2634-4386/ac7327,HfOx,8,6,5,False
HfOx_02,10.1088/2634-4386/ac7327,HfOx,5.0,0.6989700043360189,0,0,ANALOG,NOT_REPORTED,normalized_from_ratio,IDEALIZED_SINGLE_PAIR_ANALOG,IDEALIZED_ANALOG_MAPPING,64,7,127,0,2,9,203264,56,512,28672,96.26,-0.0300000000000011,96.22588258730158,0.024717294743715056,96.20116529255787,-0.03411741269842139,0.03411741269842139,True,LEAVE_ONE_STUDY_OUT,10.1088/2634-4386/ac7327,HfOx_02,10.1088/2634-4386/ac7327,HfOx,8,6,5,False
HfOx_02,10.1088/2634-4386/ac7327,HfOx,5.0,0.6989700043360189,0,0,ANALOG,NOT_REPORTED,normalized_from_ratio,IDEALIZED_SINGLE_PAIR_ANALOG,IDEALIZED_ANALOG_MAPPING,256,6,63,0,2,10,203264,10,1024,10240,96.26,-0.0300000000000011,96.26543354040403,0.02687633291568788,96.23855720748834,0.005433540404027326,0.005433540404027326,True,LEAVE_ONE_STUDY_OUT,10.1088/2634-4386/ac7327,HfOx_02,10.1088/2634-4386/ac7327,HfOx,8,6,5,False
HfOx_02,10.1088/2634-4386/ac7327,HfOx,5.0,0.6989700043360189,0,0,ANALOG,NOT_REPORTED,normalized_from_ratio,IDEALIZED_SINGLE_PAIR_ANALOG,IDEALIZED_ANALOG_MAPPING,128,6,63,0,2,10,203264,16,1024,16384,96.26,-0.0300000000000011,96.26896781818182,0.020319915271051568,96.24864790291078,0.008967818181815801,0.008967818181815801,True,LEAVE_ONE_STUDY_OUT,10.1088/2634-4386/ac7327,HfOx_02,10.1088/2634-4386/ac7327,HfOx,8,6,5,False
HfOx_02,10.1088/2634-4386/ac7327,HfOx,5.0,0.6989700043360189,0,0,ANALOG,NOT_REPORTED,normalized_from_ratio,IDEALIZED_SINGLE_PAIR_ANALOG,IDEALIZED_ANALOG_MAPPING,16,7,127,0,2,6,203264,800,64,51200,96.25,-0.019999999999996,96.08457076190476,0.039257582943859844,96.0453131789609,-0.16542923809524268,0.16542923809524268,True,LEAVE_ONE_STUDY_OUT,10.1088/2634-4386/ac7327,HfOx_02,10.1088/2634-4386/ac7327,HfOx,8,6,5,False
HfOx_02,10.1088/2634-4386/ac7327,HfOx,5.0,0.6989700043360189,0,0,ANALOG,NOT_REPORTED,normalized_from_ratio,IDEALIZED_SINGLE_PAIR_ANALOG,IDEALIZED_ANALOG_MAPPING,256,7,127,0,2,8,203264,10,256,2560,96.25,-0.019999999999996,96.23411184920634,0.029481507684287526,96.20463034152206,-0.01588815079365702,0.01588815079365702,True,LEAVE_ONE_STUDY_OUT,10.1088/2634-4386/ac7327,HfOx_02,10.1088/2634-4386/ac7327,HfOx,8,6,5,False
HfOx_02,10.1088/2634-4386/ac7327,HfOx,5.0,0.6989700043360189,0,0,ANALOG,NOT_REPORTED,normalized_from_ratio,IDEALIZED_SINGLE_PAIR_ANALOG,IDEALIZED_ANALOG_MAPPING,64,7,127,0,2,10,203264,56,1024,57344,96.25,-0.019999999999996,96.22346915873015,0.019106151111039218,96.20436300761911,-0.02653084126984595,0.02653084126984595,True,LEAVE_ONE_STUDY_OUT,10.1088/2634-4386/ac7327,HfOx_02,10.1088/2634-4386/ac7327,HfOx,8,6,5,False
HfOx_02,10.1088/2634-4386/ac7327,HfOx,5.0,0.6989700043360189,0,0,ANALOG,NOT_REPORTED,normalized_from_ratio,IDEALIZED_SINGLE_PAIR_ANALOG,IDEALIZED_ANALOG_MAPPING,16,6,63,0,2,8,203264,800,256,204800,96.25,-0.019999999999996,96.2245300952381,0.03632132192069858,96.1882087733174,-0.025469904761905582,0.025469904761905582,True,LEAVE_ONE_STUDY_OUT,10.1088/2634-4386/ac7327,HfOx_02,10.1088/2634-4386/ac7327,HfOx,8,6,5,False
HfOx_02,10.1088/2634-4386/ac7327,HfOx,5.0,0.6989700043360189,0,0,ANALOG,NOT_REPORTED,normalized_from_ratio,IDEALIZED_SINGLE_PAIR_ANALOG,IDEALIZED_ANALOG_MAPPING,16,8,255,0,2,10,203264,800,1024,819200,96.25,-0.019999999999996,96.25122637301587,0.018782961124590318,96.23244341189128,0.001226373015867921,0.001226373015867921,True,LEAVE_ONE_STUDY_OUT,10.1088/2634-4386/ac7327,HfOx_02,10.1088/2634-4386/ac7327,HfOx,8,6,5,False
HfOx_02,10.1088/2634-4386/ac7327,HfOx,5.0,0.6989700043360189,0,0,ANALOG,NOT_REPORTED,normalized_from_ratio,IDEALIZED_SINGLE_PAIR_ANALOG,IDEALIZED_ANALOG_MAPPING,16,8,255,0,2,9,203264,800,512,409600,96.25,-0.019999999999996,96.25599430158731,0.030752025578736006,96.22524227600857,0.005994301587307405,0.005994301587307405,True,LEAVE_ONE_STUDY_OUT,10.1088/2634-4386/ac7327,HfOx_02,10.1088/2634-4386/ac7327,HfOx,8,6,5,False
HfOx_02,10.1088/2634-4386/ac7327,HfOx,5.0,0.6989700043360189,0,0,ANALOG,NOT_REPORTED,normalized_from_ratio,IDEALIZED_SINGLE_PAIR_ANALOG,IDEALIZED_ANALOG_MAPPING,32,7,127,0,2,8,203264,208,256,53248,96.25,-0.019999999999996,96.21704823809524,0.0212042369586512,96.19584400113659,-0.03295176190475502,0.03295176190475502,True,LEAVE_ONE_STUDY_OUT,10.1088/2634-4386/ac7327,HfOx_02,10.1088/2634-4386/ac7327,HfOx,8,6,5,False
HfOx_02,10.1088/2634-4386/ac7327,HfOx,5.0,0.6989700043360189,0,0,ANALOG,NOT_REPORTED,normalized_from_ratio,IDEALIZED_SINGLE_PAIR_ANALOG,IDEALIZED_ANALOG_MAPPING,32,6,63,0,2,7,203264,208,128,26624,96.24,-0.0099999999999909,96.17394422222223,0.039056989939577375,96.13488723228265,-0.06605577777776261,0.06605577777776261,True,LEAVE_ONE_STUDY_OUT,10.1088/2634-4386/ac7327,HfOx_02,10.1088/2634-4386/ac7327,HfOx,8,6,5,False
HfOx_02,10.1088/2634-4386/ac7327,HfOx,5.0,0.6989700043360189,0,0,ANALOG,NOT_REPORTED,normalized_from_ratio,IDEALIZED_SINGLE_PAIR_ANALOG,IDEALIZED_ANALOG_MAPPING,16,7,127,0,2,10,203264,800,1024,819200,96.24,-0.0099999999999909,96.21669432539683,0.012212382537298987,96.20448194285953,-0.023305674603165016,0.023305674603165016,True,LEAVE_ONE_STUDY_OUT,10.1088/2634-4386/ac7327,HfOx_02,10.1088/2634-4386/ac7327,HfOx,8,6,5,False
HfOx_02,10.1088/2634-4386/ac7327,HfOx,5.0,0.6989700043360189,0,0,ANALOG,NOT_REPORTED,normalized_from_ratio,IDEALIZED_SINGLE_PAIR_ANALOG,IDEALIZED_ANALOG_MAPPING,32,7,127,0,2,9,203264,208,512,106496,96.24,-0.0099999999999909,96.23452104761905,0.015811222344657528,96.2187098252744,-0.005478952380940427,0.005478952380940427,True,LEAVE_ONE_STUDY_OUT,10.1088/2634-4386/ac7327,HfOx_02,10.1088/2634-4386/ac7327,HfOx,8,6,5,False
HfOx_02,10.1088/2634-4386/ac7327,HfOx,5.0,0.6989700043360189,0,0,ANALOG,NOT_REPORTED,normalized_from_ratio,IDEALIZED_SINGLE_PAIR_ANALOG,IDEALIZED_ANALOG_MAPPING,32,6,63,0,2,9,203264,208,512,106496,96.24,-0.0099999999999909,96.25583943650793,0.022562096965122985,96.23327733954281,0.015839436507931737,0.015839436507931737,True,LEAVE_ONE_STUDY_OUT,10.1088/2634-4386/ac7327,HfOx_02,10.1088/2634-4386/ac7327,HfOx,8,6,5,False
HfOx_02,10.1088/2634-4386/ac7327,HfOx,5.0,0.6989700043360189,0,0,ANALOG,NOT_REPORTED,normalized_from_ratio,IDEALIZED_SINGLE_PAIR_ANALOG,IDEALIZED_ANALOG_MAPPING,256,7,127,0,2,9,203264,10,512,5120,96.24,-0.0099999999999909,96.21139,0.02303322547609049,96.18835677452391,-0.02861000000000047,0.02861000000000047,True,LEAVE_ONE_STUDY_OUT,10.1088/2634-4386/ac7327,HfOx_02,10.1088/2634-4386/ac7327,HfOx,8,6,5,False
HfOx_02,10.1088/2634-4386/ac7327,HfOx,5.0,0.6989700043360189,0,0,ANALOG,NOT_REPORTED,normalized_from_ratio,IDEALIZED_SINGLE_PAIR_ANALOG,IDEALIZED_ANALOG_MAPPING,128,8,255,0,2,8,203264,16,256,4096,96.24,-0.0099999999999909,96.20930317460318,0.02999880242372929,96.17930437217944,-0.030696825396816507,0.030696825396816507,True,LEAVE_ONE_STUDY_OUT,10.1088/2634-4386/ac7327,HfOx_02,10.1088/2634-4386/ac7327,HfOx,8,6,5,False
HfOx_02,10.1088/2634-4386/ac7327,HfOx,5.0,0.6989700043360189,0,0,ANALOG,NOT_REPORTED,normalized_from_ratio,IDEALIZED_SINGLE_PAIR_ANALOG,IDEALIZED_ANALOG_MAPPING,64,8,255,0,2,8,203264,56,256,14336,96.23,0.0,96.2078794047619,0.030919413399450688,96.17695999136245,-0.022120595238106944,0.022120595238106944,True,LEAVE_ONE_STUDY_OUT,10.1088/2634-4386/ac7327,HfOx_02,10.1088/2634-4386/ac7327,HfOx,8,6,5,False
HfOx_02,10.1088/2634-4386/ac7327,HfOx,5.0,0.6989700043360189,0,0,ANALOG,NOT_REPORTED,normalized_from_ratio,IDEALIZED_SINGLE_PAIR_ANALOG,IDEALIZED_ANALOG_MAPPING,256,8,255,0,2,8,203264,10,256,2560,96.23,0.0,96.20920893650795,0.031212850715350193,96.1779960857926,-0.020791063492055173,0.020791063492055173,True,LEAVE_ONE_STUDY_OUT,10.1088/2634-4386/ac7327,HfOx_02,10.1088/2634-4386/ac7327,HfOx,8,6,5,False
HfOx_02,10.1088/2634-4386/ac7327,HfOx,5.0,0.6989700043360189,0,0,ANALOG,NOT_REPORTED,normalized_from_ratio,IDEALIZED_SINGLE_PAIR_ANALOG,IDEALIZED_ANALOG_MAPPING,16,8,255,0,2,7,203264,800,128,102400,96.23,0.0,96.18286445454545,0.02539311953115252,96.15747133501429,-0.047135545454551675,0.047135545454551675,True,LEAVE_ONE_STUDY_OUT,10.1088/2634-4386/ac7327,HfOx_02,10.1088/2634-4386/ac7327,HfOx,8,6,5,False
HfOx_02,10.1088/2634-4386/ac7327,HfOx,5.0,0.6989700043360189,0,0,ANALOG,NOT_REPORTED,normalized_from_ratio,IDEALIZED_SINGLE_PAIR_ANALOG,IDEALIZED_ANALOG_MAPPING,128,6,63,0,2,8,203264,16,256,4096,96.23,0.0,96.2755033888889,0.0538710351065962,96.2216323537823,0.04550338888888916,0.04550338888888916,True,LEAVE_ONE_STUDY_OUT,10.1088/2634-4386/ac7327,HfOx_02,10.1088/2634-4386/ac7327,HfOx,8,6,5,False
HfOx_02,10.1088/2634-4386/ac7327,HfOx,5.0,0.6989700043360189,0,0,ANALOG,NOT_REPORTED,normalized_from_ratio,IDEALIZED_SINGLE_PAIR_ANALOG,IDEALIZED_ANALOG_MAPPING,16,7,127,0,2,9,203264,800,512,409600,96.23,0.0,96.22301819047618,0.015577117365523752,96.20744107311066,-0.00698180952382188,0.00698180952382188,True,LEAVE_ONE_STUDY_OUT,10.1088/2634-4386/ac7327,HfOx_02,10.1088/2634-4386/ac7327,HfOx,8,6,5,False
HfOx_02,10.1088/2634-4386/ac7327,HfOx,5.0,0.6989700043360189,0,0,ANALOG,NOT_REPORTED,normalized_from_ratio,IDEALIZED_SINGLE_PAIR_ANALOG,IDEALIZED_ANALOG_MAPPING,64,7,127,0,2,8,203264,56,256,14336,96.22,0.0100000000000051,96.20008825396825,0.026266022929177672,96.17382223103907,-0.019911746031752386,0.019911746031752386,True,LEAVE_ONE_STUDY_OUT,10.1088/2634-4386/ac7327,HfOx_02,10.1088/2634-4386/ac7327,HfOx,8,6,5,False
HfOx_02,10.1088/2634-4386/ac7327,HfOx,5.0,0.6989700043360189,0,0,ANALOG,NOT_REPORTED,normalized_from_ratio,IDEALIZED_SINGLE_PAIR_ANALOG,IDEALIZED_ANALOG_MAPPING,128,8,255,0,2,9,203264,16,512,8192,96.22,0.0100000000000051,96.19540313492064,0.028211271200104665,96.16719186372053,-0.024596865079359986,0.024596865079359986,True,LEAVE_ONE_STUDY_OUT,10.1088/2634-4386/ac7327,HfOx_02,10.1088/2634-4386/ac7327,HfOx,8,6,5,False
HfOx_02,10.1088/2634-4386/ac7327,HfOx,5.0,0.6989700043360189,0,0,ANALOG,NOT_REPORTED,normalized_from_ratio,IDEALIZED_SINGLE_PAIR_ANALOG,IDEALIZED_ANALOG_MAPPING,64,8,255,0,2,10,203264,56,1024,57344,96.22,0.0100000000000051,96.24629943650794,0.026469092604327133,96.21983034390361,0.026299436507940754,0.026299436507940754,True,LEAVE_ONE_STUDY_OUT,10.1088/2634-4386/ac7327,HfOx_02,10.1088/2634-4386/ac7327,HfOx,8,6,5,False
HfOx_02,10.1088/2634-4386/ac7327,HfOx,5.0,0.6989700043360189,0,0,ANALOG,NOT_REPORTED,normalized_from_ratio,IDEALIZED_SINGLE_PAIR_ANALOG,IDEALIZED_ANALOG_MAPPING,16,7,127,0,2,8,203264,800,256,204800,96.22,0.0100000000000051,96.21859423809524,0.01828793229125337,96.20030630580398,-0.0014057619047633807,0.0014057619047633807,True,LEAVE_ONE_STUDY_OUT,10.1088/2634-4386/ac7327,HfOx_02,10.1088/2634-4386/ac7327,HfOx,8,6,5,False
HfOx_02,10.1088/2634-4386/ac7327,HfOx,5.0,0.6989700043360189,0,0,ANALOG,NOT_REPORTED,normalized_from_ratio,IDEALIZED_SINGLE_PAIR_ANALOG,IDEALIZED_ANALOG_MAPPING,256,8,255,0,2,9,203264,10,512,5120,96.22,0.0100000000000051,96.19696552380952,0.02209834288675282,96.17486718092277,-0.023034476190474606,0.023034476190474606,True,LEAVE_ONE_STUDY_OUT,10.1088/2634-4386/ac7327,HfOx_02,10.1088/2634-4386/ac7327,HfOx,8,6,5,False
HfOx_02,10.1088/2634-4386/ac7327,HfOx,5.0,0.6989700043360189,0,0,ANALOG,NOT_REPORTED,normalized_from_ratio,IDEALIZED_SINGLE_PAIR_ANALOG,IDEALIZED_ANALOG_MAPPING,256,7,127,0,2,10,203264,10,1024,10240,96.22,0.0100000000000051,96.21114437301588,0.02499904371545995,96.18614532930043,-0.008855626984114906,0.008855626984114906,True,LEAVE_ONE_STUDY_OUT,10.1088/2634-4386/ac7327,HfOx_02,10.1088/2634-4386/ac7327,HfOx,8,6,5,False
HfOx_02,10.1088/2634-4386/ac7327,HfOx,5.0,0.6989700043360189,0,0,ANALOG,NOT_REPORTED,normalized_from_ratio,IDEALIZED_SINGLE_PAIR_ANALOG,IDEALIZED_ANALOG_MAPPING,128,8,255,0,2,10,203264,16,1024,16384,96.22,0.0100000000000051,96.19958942063494,0.029387777604858185,96.17020164303008,-0.02041057936506263,0.02041057936506263,True,LEAVE_ONE_STUDY_OUT,10.1088/2634-4386/ac7327,HfOx_02,10.1088/2634-4386/ac7327,HfOx,8,6,5,False
HfOx_02,10.1088/2634-4386/ac7327,HfOx,5.0,0.6989700043360189,0,0,ANALOG,NOT_REPORTED,normalized_from_ratio,IDEALIZED_SINGLE_PAIR_ANALOG,IDEALIZED_ANALOG_MAPPING,16,8,255,0,2,8,203264,800,256,204800,96.22,0.0100000000000051,96.22823463492064,0.029530321928768657,96.19870431299186,0.00823463492064036,0.00823463492064036,True,LEAVE_ONE_STUDY_OUT,10.1088/2634-4386/ac7327,HfOx_02,10.1088/2634-4386/ac7327,HfOx,8,6,5,False
HfOx_02,10.1088/2634-4386/ac7327,HfOx,5.0,0.6989700043360189,0,0,ANALOG,NOT_REPORTED,normalized_from_ratio,IDEALIZED_SINGLE_PAIR_ANALOG,IDEALIZED_ANALOG_MAPPING,32,8,255,0,2,9,203264,208,512,106496,96.22,0.0100000000000051,96.26274351587301,0.031236583317735503,96.23150693255528,0.042743515873013394,0.042743515873013394,True,LEAVE_ONE_STUDY_OUT,10.1088/2634-4386/ac7327,HfOx_02,10.1088/2634-4386/ac7327,HfOx,8,6,5,False
HfOx_02,10.1088/2634-4386/ac7327,HfOx,5.0,0.6989700043360189,0,0,ANALOG,NOT_REPORTED,normalized_from_ratio,IDEALIZED_SINGLE_PAIR_ANALOG,IDEALIZED_ANALOG_MAPPING,32,7,127,0,2,7,203264,208,128,26624,96.21,0.0200000000000102,96.17531346031747,0.03468467520264857,96.14062878511481,-0.03468653968252511,0.03468653968252511,True,LEAVE_ONE_STUDY_OUT,10.1088/2634-4386/ac7327,HfOx_02,10.1088/2634-4386/ac7327,HfOx,8,6,5,False
HfOx_02,10.1088/2634-4386/ac7327,HfOx,5.0,0.6989700043360189,0,0,ANALOG,NOT_REPORTED,normalized_from_ratio,IDEALIZED_SINGLE_PAIR_ANALOG,IDEALIZED_ANALOG_MAPPING,256,8,255,0,2,10,203264,10,1024,10240,96.21,0.0200000000000102,96.20158382539682,0.025895222129517854,96.1756886032673,-0.00841617460316968,0.00841617460316968,True,LEAVE_ONE_STUDY_OUT,10.1088/2634-4386/ac7327,HfOx_02,10.1088/2634-4386/ac7327,HfOx,8,6,5,False
HfOx_02,10.1088/2634-4386/ac7327,HfOx,5.0,0.6989700043360189,0,0,ANALOG,NOT_REPORTED,normalized_from_ratio,IDEALIZED_SINGLE_PAIR_ANALOG,IDEALIZED_ANALOG_MAPPING,64,8,255,0,2,9,203264,56,512,28672,96.21,0.0200000000000102,96.24529334920635,0.03850747431833895,96.20678587488801,0.03529334920635563,0.03529334920635563,True,LEAVE_ONE_STUDY_OUT,10.1088/2634-4386/ac7327,HfOx_02,10.1088/2634-4386/ac7327,HfOx,8,6,5,False
HfOx_02,10.1088/2634-4386/ac7327,HfOx,5.0,0.6989700043360189,0,0,ANALOG,NOT_REPORTED,normalized_from_ratio,IDEALIZED_SINGLE_PAIR_ANALOG,IDEALIZED_ANALOG_MAPPING,32,7,127,0,2,10,203264,208,1024,212992,96.21,0.0200000000000102,96.22395572222221,0.01335157956765906,96.21060414265456,0.013955722222220857,0.013955722222220857,True,LEAVE_ONE_STUDY_OUT,10.1088/2634-4386/ac7327,HfOx_02,10.1088/2634-4386/ac7327,HfOx,8,6,5,False
HfOx_02,10.1088/2634-4386/ac7327,HfOx,5.0,0.6989700043360189,0,0,ANALOG,NOT_REPORTED,normalized_from_ratio,IDEALIZED_SINGLE_PAIR_ANALOG,IDEALIZED_ANALOG_MAPPING,32,8,255,0,2,6,203264,208,64,13312,96.21,0.0200000000000102,95.92617636868687,0.07821560143557184,95.8479607672513,-0.28382363131312616,0.28382363131312616,True,LEAVE_ONE_STUDY_OUT,10.1088/2634-4386/ac7327,HfOx_02,10.1088/2634-4386/ac7327,HfOx,8,6,5,False
HfOx_02,10.1088/2634-4386/ac7327,HfOx,5.0,0.6989700043360189,0,0,ANALOG,NOT_REPORTED,normalized_from_ratio,IDEALIZED_SINGLE_PAIR_ANALOG,IDEALIZED_ANALOG_MAPPING,32,6,63,0,2,8,203264,208,256,53248,96.21,0.0200000000000102,96.22165800793651,0.03705374364131528,96.1846042642952,0.011658007936517834,0.011658007936517834,True,LEAVE_ONE_STUDY_OUT,10.1088/2634-4386/ac7327,HfOx_02,10.1088/2634-4386/ac7327,HfOx,8,6,5,False
HfOx_02,10.1088/2634-4386/ac7327,HfOx,5.0,0.6989700043360189,0,0,ANALOG,NOT_REPORTED,normalized_from_ratio,IDEALIZED_SINGLE_PAIR_ANALOG,IDEALIZED_ANALOG_MAPPING,128,7,127,0,2,9,203264,16,512,8192,96.2,0.0300000000000011,96.20965519047618,0.024991560241299515,96.18466363023488,0.00965519047618102,0.00965519047618102,True,LEAVE_ONE_STUDY_OUT,10.1088/2634-4386/ac7327,HfOx_02,10.1088/2634-4386/ac7327,HfOx,8,6,5,False
HfOx_02,10.1088/2634-4386/ac7327,HfOx,5.0,0.6989700043360189,0,0,ANALOG,NOT_REPORTED,normalized_from_ratio,IDEALIZED_SINGLE_PAIR_ANALOG,IDEALIZED_ANALOG_MAPPING,128,7,127,0,2,10,203264,16,1024,16384,96.2,0.0300000000000011,96.20989601587303,0.025896519007286206,96.18399949686574,0.009896015873025021,0.009896015873025021,True,LEAVE_ONE_STUDY_OUT,10.1088/2634-4386/ac7327,HfOx_02,10.1088/2634-4386/ac7327,HfOx,8,6,5,False
HfOx_02,10.1088/2634-4386/ac7327,HfOx,5.0,0.6989700043360189,0,0,ANALOG,NOT_REPORTED,normalized_from_ratio,IDEALIZED_SINGLE_PAIR_ANALOG,IDEALIZED_ANALOG_MAPPING,256,6,63,0,2,8,203264,10,256,2560,96.2,0.0300000000000011,96.26093390187592,0.04881285634291807,96.212121045533,0.060933901875912966,0.060933901875912966,True,LEAVE_ONE_STUDY_OUT,10.1088/2634-4386/ac7327,HfOx_02,10.1088/2634-4386/ac7327,HfOx,8,6,5,False
HfOx_02,10.1088/2634-4386/ac7327,HfOx,5.0,0.6989700043360189,0,0,ANALOG,NOT_REPORTED,normalized_from_ratio,IDEALIZED_SINGLE_PAIR_ANALOG,IDEALIZED_ANALOG_MAPPING,16,6,63,0,2,6,203264,800,64,51200,96.2,0.0300000000000011,96.07548795238097,0.05194539189663427,96.02354256048433,-0.12451204761903512,0.12451204761903512,True,LEAVE_ONE_STUDY_OUT,10.1088/2634-4386/ac7327,HfOx_02,10.1088/2634-4386/ac7327,HfOx,8,6,5,False
HfOx_02,10.1088/2634-4386/ac7327,HfOx,5.0,0.6989700043360189,0,0,ANALOG,NOT_REPORTED,normalized_from_ratio,IDEALIZED_SINGLE_PAIR_ANALOG,IDEALIZED_ANALOG_MAPPING,64,5,31,0,2,8,203264,56,256,14336,96.2,0.0300000000000011,96.20385661111112,0.029456444999941774,96.17440016611118,0.0038566111111180135,0.0038566111111180135,True,LEAVE_ONE_STUDY_OUT,10.1088/2634-4386/ac7327,HfOx_02,10.1088/2634-4386/ac7327,HfOx,8,6,5,False
HfOx_02,10.1088/2634-4386/ac7327,HfOx,5.0,0.6989700043360189,0,0,ANALOG,NOT_REPORTED,normalized_from_ratio,IDEALIZED_SINGLE_PAIR_ANALOG,IDEALIZED_ANALOG_MAPPING,128,5,31,0,2,9,203264,16,512,8192,96.2,0.0300000000000011,96.17511975829726,0.01661076091248214,96.15850899738477,-0.024880241702746275,0.024880241702746275,True,LEAVE_ONE_STUDY_OUT,10.1088/2634-4386/ac7327,HfOx_02,10.1088/2634-4386/ac7327,HfOx,8,6,5,False
HfOx_02,10.1088/2634-4386/ac7327,HfOx,5.0,0.6989700043360189,0,0,ANALOG,NOT_REPORTED,normalized_from_ratio,IDEALIZED_SINGLE_PAIR_ANALOG,IDEALIZED_ANALOG_MAPPING,128,6,63,0,2,9,203264,16,512,8192,96.2,0.0300000000000011,96.25301078643578,0.03143249896053435,96.22157828747524,0.05301078643577739,0.05301078643577739,True,LEAVE_ONE_STUDY_OUT,10.1088/2634-4386/ac7327,HfOx_02,10.1088/2634-4386/ac7327,HfOx,8,6,5,False
HfOx_02,10.1088/2634-4386/ac7327,HfOx,5.0,0.6989700043360189,0,0,ANALOG,NOT_REPORTED,normalized_from_ratio,IDEALIZED_SINGLE_PAIR_ANALOG,IDEALIZED_ANALOG_MAPPING,32,6,63,0,2,6,203264,208,64,13312,96.19,0.0400000000000062,95.91750448773449,0.0866319614426432,95.83087252629184,-0.2724955122655075,0.2724955122655075,True,LEAVE_ONE_STUDY_OUT,10.1088/2634-4386/ac7327,HfOx_02,10.1088/2634-4386/ac7327,HfOx,8,6,5,False
HfOx_02,10.1088/2634-4386/ac7327,HfOx,5.0,0.6989700043360189,0,0,ANALOG,NOT_REPORTED,normalized_from_ratio,IDEALIZED_SINGLE_PAIR_ANALOG,IDEALIZED_ANALOG_MAPPING,256,6,63,0,2,7,203264,10,128,1280,96.19,0.0400000000000062,95.98366058874458,0.053485914260289584,95.93017467448429,-0.20633941125541355,0.20633941125541355,True,LEAVE_ONE_STUDY_OUT,10.1088/2634-4386/ac7327,HfOx_02,10.1088/2634-4386/ac7327,HfOx,8,6,5,False
HfOx_02,10.1088/2634-4386/ac7327,HfOx,5.0,0.6989700043360189,0,0,ANALOG,NOT_REPORTED,normalized_from_ratio,IDEALIZED_SINGLE_PAIR_ANALOG,IDEALIZED_ANALOG_MAPPING,64,8,255,0,2,7,203264,56,128,7168,96.19,0.0400000000000062,96.1308095,0.04256958244748783,96.08823991755251,-0.0591904999999997,0.0591904999999997,True,LEAVE_ONE_STUDY_OUT,10.1088/2634-4386/ac7327,HfOx_02,10.1088/2634-4386/ac7327,HfOx,8,6,5,False
HfOx_02,10.1088/2634-4386/ac7327,HfOx,5.0,0.6989700043360189,0,0,ANALOG,NOT_REPORTED,normalized_from_ratio,IDEALIZED_SINGLE_PAIR_ANALOG,IDEALIZED_ANALOG_MAPPING,128,5,31,0,2,8,203264,16,256,4096,96.19,0.0400000000000062,96.17595559523811,0.040708316868886325,96.13524727836922,-0.01404440476188995,0.01404440476188995,True,LEAVE_ONE_STUDY_OUT,10.1088/2634-4386/ac7327,HfOx_02,10.1088/2634-4386/ac7327,HfOx,8,6,5,False
HfOx_02,10.1088/2634-4386/ac7327,HfOx,5.0,0.6989700043360189,0,0,ANALOG,NOT_REPORTED,normalized_from_ratio,IDEALIZED_SINGLE_PAIR_ANALOG,IDEALIZED_ANALOG_MAPPING,128,7,127,0,2,8,203264,16,256,4096,96.18,0.0499999999999971,96.23030656349206,0.03052644518137081,96.1997801183107,0.05030656349205742,0.05030656349205742,True,LEAVE_ONE_STUDY_OUT,10.1088/2634-4386/ac7327,HfOx_02,10.1088/2634-4386/ac7327,HfOx,8,6,5,False
HfOx_02,10.1088/2634-4386/ac7327,HfOx,5.0,0.6989700043360189,0,0,ANALOG,NOT_REPORTED,normalized_from_ratio,IDEALIZED_SINGLE_PAIR_ANALOG,IDEALIZED_ANALOG_MAPPING,64,7,127,0,2,7,203264,56,128,7168,96.18,0.0499999999999971,96.14284581746031,0.03982011605670952,96.10302570140361,-0.0371541825396946,0.0371541825396946,True,LEAVE_ONE_STUDY_OUT,10.1088/2634-4386/ac7327,HfOx_02,10.1088/2634-4386/ac7327,HfOx,8,6,5,False
HfOx_02,10.1088/2634-4386/ac7327,HfOx,5.0,0.6989700043360189,0,0,ANALOG,NOT_REPORTED,normalized_from_ratio,IDEALIZED_SINGLE_PAIR_ANALOG,IDEALIZED_ANALOG_MAPPING,32,8,255,0,2,8,203264,208,256,53248,96.18,0.0499999999999971,96.22658993650793,0.03652918803020253,96.19006074847773,0.04658993650792809,0.04658993650792809,True,LEAVE_ONE_STUDY_OUT,10.1088/2634-4386/ac7327,HfOx_02,10.1088/2634-4386/ac7327,HfOx,8,6,5,False
HfOx_02,10.1088/2634-4386/ac7327,HfOx,5.0,0.6989700043360189,0,0,ANALOG,NOT_REPORTED,normalized_from_ratio,IDEALIZED_SINGLE_PAIR_ANALOG,IDEALIZED_ANALOG_MAPPING,32,5,31,0,2,9,203264,208,512,106496,96.17,0.0600000000000022,96.15869887229437,0.011442733513064329,96.1472561387813,-0.01130112770563585,0.01130112770563585,True,LEAVE_ONE_STUDY_OUT,10.1088/2634-4386/ac7327,HfOx_02,10.1088/2634-4386/ac7327,HfOx,8,6,5,False
HfOx_02,10.1088/2634-4386/ac7327,HfOx,5.0,0.6989700043360189,0,0,ANALOG,NOT_REPORTED,normalized_from_ratio,IDEALIZED_SINGLE_PAIR_ANALOG,IDEALIZED_ANALOG_MAPPING,32,5,31,0,2,7,203264,208,128,26624,96.17,0.0600000000000022,96.1102194920635,0.040663162379565757,96.06955632968393,-0.0597805079365088,0.0597805079365088,True,LEAVE_ONE_STUDY_OUT,10.1088/2634-4386/ac7327,HfOx_02,10.1088/2634-4386/ac7327,HfOx,8,6,5,False
HfOx_02,10.1088/2634-4386/ac7327,HfOx,5.0,0.6989700043360189,0,0,ANALOG,NOT_REPORTED,normalized_from_ratio,IDEALIZED_SINGLE_PAIR_ANALOG,IDEALIZED_ANALOG_MAPPING,32,7,127,0,2,6,203264,208,64,13312,96.17,0.0600000000000022,95.92750027344879,0.07807432997920512,95.84942594346958,-0.2424997265512161,0.2424997265512161,True,LEAVE_ONE_STUDY_OUT,10.1088/2634-4386/ac7327,HfOx_02,10.1088/2634-4386/ac7327,HfOx,8,6,5,False
HfOx_02,10.1088/2634-4386/ac7327,HfOx,5.0,0.6989700043360189,0,0,ANALOG,NOT_REPORTED,normalized_from_ratio,IDEALIZED_SINGLE_PAIR_ANALOG,IDEALIZED_ANALOG_MAPPING,16,8,255,0,2,6,203264,800,64,51200,96.17,0.0600000000000022,96.08191385714285,0.04379022922063901,96.03812362792222,-0.08808614285715066,0.08808614285715066,True,LEAVE_ONE_STUDY_OUT,10.1088/2634-4386/ac7327,HfOx_02,10.1088/2634-4386/ac7327,HfOx,8,6,5,False
HfOx_02,10.1088/2634-4386/ac7327,HfOx,5.0,0.6989700043360189,0,0,ANALOG,NOT_REPORTED,normalized_from_ratio,IDEALIZED_SINGLE_PAIR_ANALOG,IDEALIZED_ANALOG_MAPPING,16,5,31,0,2,9,203264,800,512,409600,96.17,0.0600000000000022,96.15891718975469,0.010589799079857215,96.14832739067484,-0.011082810245312658,0.011082810245312658,True,LEAVE_ONE_STUDY_OUT,10.1088/2634-4386/ac7327,HfOx_02,10.1088/2634-4386/ac7327,HfOx,8,6,5,False
HfOx_02,10.1088/2634-4386/ac7327,HfOx,5.0,0.6989700043360189,0,0,ANALOG,NOT_REPORTED,normalized_from_ratio,IDEALIZED_SINGLE_PAIR_ANALOG,IDEALIZED_ANALOG_MAPPING,64,5,31,0,2,7,203264,56,128,7168,96.17,0.0600000000000022,96.02202186507935,0.08223827792714511,95.9397835871522,-0.14797813492064904,0.14797813492064904,True,LEAVE_ONE_STUDY_OUT,10.1088/2634-4386/ac7327,HfOx_02,10.1088/2634-4386/ac7327,HfOx,8,6,5,False
HfOx_02,10.1088/2634-4386/ac7327,HfOx,5.0,0.6989700043360189,0,0,ANALOG,NOT_REPORTED,normalized_from_ratio,IDEALIZED_SINGLE_PAIR_ANALOG,IDEALIZED_ANALOG_MAPPING,256,5,31,0,2,9,203264,10,512,5120,96.17,0.0600000000000022,96.15314658730159,0.027361053514131366,96.12578553378746,-0.016853412698409898,0.016853412698409898,True,LEAVE_ONE_STUDY_OUT,10.1088/2634-4386/ac7327,HfOx_02,10.1088/2634-4386/ac7327,HfOx,8,6,5,False
HfOx_02,10.1088/2634-4386/ac7327,HfOx,5.0,0.6989700043360189,0,0,ANALOG,NOT_REPORTED,normalized_from_ratio,IDEALIZED_SINGLE_PAIR_ANALOG,IDEALIZED_ANALOG_MAPPING,256,5,31,0,2,10,203264,10,1024,10240,96.16,0.0700000000000073,96.15551864285715,0.020323660965158984,96.13519498189198,-0.004481357142850584,0.004481357142850584,True,LEAVE_ONE_STUDY_OUT,10.1088/2634-4386/ac7327,HfOx_02,10.1088/2634-4386/ac7327,HfOx,8,6,5,False
HfOx_02,10.1088/2634-4386/ac7327,HfOx,5.0,0.6989700043360189,0,0,ANALOG,NOT_REPORTED,normalized_from_ratio,IDEALIZED_SINGLE_PAIR_ANALOG,IDEALIZED_ANALOG_MAPPING,64,5,31,0,2,10,203264,56,1024,57344,96.16,0.0700000000000073,96.16541833766235,0.02091255427859864,96.14450578338375,0.005418337662348449,0.005418337662348449,True,LEAVE_ONE_STUDY_OUT,10.1088/2634-4386/ac7327,HfOx_02,10.1088/2634-4386/ac7327,HfOx,8,6,5,False
HfOx_02,10.1088/2634-4386/ac7327,HfOx,5.0,0.6989700043360189,0,0,ANALOG,NOT_REPORTED,normalized_from_ratio,IDEALIZED_SINGLE_PAIR_ANALOG,IDEALIZED_ANALOG_MAPPING,16,5,31,0,2,7,203264,800,128,102400,96.16,0.0700000000000073,96.10973776190477,0.03757980204153148,96.07215795986323,-0.050262238095228895,0.050262238095228895,True,LEAVE_ONE_STUDY_OUT,10.1088/2634-4386/ac7327,HfOx_02,10.1088/2634-4386/ac7327,HfOx,8,6,5,False
HfOx_02,10.1088/2634-4386/ac7327,HfOx,5.0,0.6989700043360189,0,0,ANALOG,NOT_REPORTED,normalized_from_ratio,IDEALIZED_SINGLE_PAIR_ANALOG,IDEALIZED_ANALOG_MAPPING,256,4,15,0,2,8,203264,10,256,2560,96.16,0.0700000000000073,96.04661566666665,0.03666230163948797,96.00995336502717,-0.11338433333334308,0.11338433333334308,True,LEAVE_ONE_STUDY_OUT,10.1088/2634-4386/ac7327,HfOx_02,10.1088/2634-4386/ac7327,HfOx,8,6,5,False
HfOx_02,10.1088/2634-4386/ac7327,HfOx,5.0,0.6989700043360189,0,0,ANALOG,NOT_REPORTED,normalized_from_ratio,IDEALIZED_SINGLE_PAIR_ANALOG,IDEALIZED_ANALOG_MAPPING,16,5,31,0,2,8,203264,800,256,204800,96.15,0.0799999999999983,96.15591252380952,0.018934312790898487,96.13697821101862,0.005912523809513459,0.005912523809513459,True,LEAVE_ONE_STUDY_OUT,10.1088/2634-4386/ac7327,HfOx_02,10.1088/2634-4386/ac7327,HfOx,8,6,5,False
HfOx_02,10.1088/2634-4386/ac7327,HfOx,5.0,0.6989700043360189,0,0,ANALOG,NOT_REPORTED,normalized_from_ratio,IDEALIZED_SINGLE_PAIR_ANALOG,IDEALIZED_ANALOG_MAPPING,64,6,63,0,2,7,203264,56,128,7168,96.15,0.0799999999999983,96.15037429365078,0.03922737904830374,96.11114691460249,0.0003742936507791228,0.0003742936507791228,True,LEAVE_ONE_STUDY_OUT,10.1088/2634-4386/ac7327,HfOx_02,10.1088/2634-4386/ac7327,HfOx,8,6,5,False
HfOx_02,10.1088/2634-4386/ac7327,HfOx,5.0,0.6989700043360189,0,0,ANALOG,NOT_REPORTED,normalized_from_ratio,IDEALIZED_SINGLE_PAIR_ANALOG,IDEALIZED_ANALOG_MAPPING,128,5,31,0,2,10,203264,16,1024,16384,96.15,0.0799999999999983,96.17725197258298,0.02056872688980249,96.15668324569317,0.02725197258297385,0.02725197258297385,True,LEAVE_ONE_STUDY_OUT,10.1088/2634-4386/ac7327,HfOx_02,10.1088/2634-4386/ac7327,HfOx,8,6,5,False
HfOx_02,10.1088/2634-4386/ac7327,HfOx,5.0,0.6989700043360189,0,0,ANALOG,NOT_REPORTED,normalized_from_ratio,IDEALIZED_SINGLE_PAIR_ANALOG,IDEALIZED_ANALOG_MAPPING,32,8,255,0,2,7,203264,208,128,26624,96.15,0.0799999999999983,96.16422419047619,0.03512912062475818,96.12909506985143,0.014224190476184617,0.014224190476184617,True,LEAVE_ONE_STUDY_OUT,10.1088/2634-4386/ac7327,HfOx_02,10.1088/2634-4386/ac7327,HfOx,8,6,5,False
HfOx_02,10.1088/2634-4386/ac7327,HfOx,5.0,0.6989700043360189,0,0,ANALOG,NOT_REPORTED,normalized_from_ratio,IDEALIZED_SINGLE_PAIR_ANALOG,IDEALIZED_ANALOG_MAPPING,64,5,31,0,2,9,203264,56,512,28672,96.14,0.0900000000000034,96.17042507575758,0.016102558900126206,96.15432251685745,0.030425075757577247,0.030425075757577247,True,LEAVE_ONE_STUDY_OUT,10.1088/2634-4386/ac7327,HfOx_02,10.1088/2634-4386/ac7327,HfOx,8,6,5,False
HfOx_02,10.1088/2634-4386/ac7327,HfOx,5.0,0.6989700043360189,0,0,ANALOG,NOT_REPORTED,normalized_from_ratio,IDEALIZED_SINGLE_PAIR_ANALOG,IDEALIZED_ANALOG_MAPPING,256,5,31,0,2,8,203264,10,256,2560,96.14,0.0900000000000034,96.1117713015873,0.0377016862583624,96.07406961532894,-0.028228698412704034,0.028228698412704034,True,LEAVE_ONE_STUDY_OUT,10.1088/2634-4386/ac7327,HfOx_02,10.1088/2634-4386/ac7327,HfOx,8,6,5,False
HfOx_02,10.1088/2634-4386/ac7327,HfOx,5.0,0.6989700043360189,0,0,ANALOG,NOT_REPORTED,normalized_from_ratio,IDEALIZED_SINGLE_PAIR_ANALOG,IDEALIZED_ANALOG_MAPPING,256,6,63,0,2,9,203264,10,512,5120,96.13,0.1000000000000085,96.23515921500722,0.03183055275565389,96.20332866225156,0.10515921500721959,0.10515921500721959,True,LEAVE_ONE_STUDY_OUT,10.1088/2634-4386/ac7327,HfOx_02,10.1088/2634-4386/ac7327,HfOx,8,6,5,False
HfOx_02,10.1088/2634-4386/ac7327,HfOx,5.0,0.6989700043360189,0,0,ANALOG,NOT_REPORTED,normalized_from_ratio,IDEALIZED_SINGLE_PAIR_ANALOG,IDEALIZED_ANALOG_MAPPING,16,5,31,0,2,10,203264,800,1024,819200,96.13,0.1000000000000085,96.14920449927851,0.015924951924233474,96.13327954735428,0.01920449927851564,0.01920449927851564,True,LEAVE_ONE_STUDY_OUT,10.1088/2634-4386/ac7327,HfOx_02,10.1088/2634-4386/ac7327,HfOx,8,6,5,False
HfOx_02,10.1088/2634-4386/ac7327,HfOx,5.0,0.6989700043360189,0,0,ANALOG,NOT_REPORTED,normalized_from_ratio,IDEALIZED_SINGLE_PAIR_ANALOG,IDEALIZED_ANALOG_MAPPING,32,5,31,0,2,8,203264,208,256,53248,96.13,0.1000000000000085,96.16789410317459,0.022536123366144287,96.14535797980845,0.03789410317459385,0.03789410317459385,True,LEAVE_ONE_STUDY_OUT,10.1088/2634-4386/ac7327,HfOx_02,10.1088/2634-4386/ac7327,HfOx,8,6,5,False
HfOx_02,10.1088/2634-4386/ac7327,HfOx,5.0,0.6989700043360189,0,0,ANALOG,NOT_REPORTED,normalized_from_ratio,IDEALIZED_SINGLE_PAIR_ANALOG,IDEALIZED_ANALOG_MAPPING,32,5,31,0,2,10,203264,208,1024,212992,96.13,0.1000000000000085,96.14539745165946,0.01591319804372923,96.12948425361573,0.015397451659467265,0.015397451659467265,True,LEAVE_ONE_STUDY_OUT,10.1088/2634-4386/ac7327,HfOx_02,10.1088/2634-4386/ac7327,HfOx,8,6,5,False
HfOx_02,10.1088/2634-4386/ac7327,HfOx,5.0,0.6989700043360189,0,0,ANALOG,NOT_REPORTED,normalized_from_ratio,IDEALIZED_SINGLE_PAIR_ANALOG,IDEALIZED_ANALOG_MAPPING,64,4,15,0,2,7,203264,56,128,7168,96.12,0.1099999999999994,95.92560731168832,0.08581774999204289,95.83978956169628,-0.19439268831168022,0.19439268831168022,True,LEAVE_ONE_STUDY_OUT,10.1088/2634-4386/ac7327,HfOx_02,10.1088/2634-4386/ac7327,HfOx,8,6,5,False
HfOx_02,10.1088/2634-4386/ac7327,HfOx,5.0,0.6989700043360189,0,0,ANALOG,NOT_REPORTED,normalized_from_ratio,IDEALIZED_SINGLE_PAIR_ANALOG,IDEALIZED_ANALOG_MAPPING,64,6,63,0,2,6,203264,56,64,3584,96.12,0.1099999999999994,95.70621898412699,0.14732238824363506,95.55889659588335,-0.4137810158730133,0.4137810158730133,True,LEAVE_ONE_STUDY_OUT,10.1088/2634-4386/ac7327,HfOx_02,10.1088/2634-4386/ac7327,HfOx,8,6,5,False
HfOx_02,10.1088/2634-4386/ac7327,HfOx,5.0,0.6989700043360189,0,0,ANALOG,NOT_REPORTED,normalized_from_ratio,IDEALIZED_SINGLE_PAIR_ANALOG,IDEALIZED_ANALOG_MAPPING,256,8,255,0,2,7,203264,10,128,1280,96.11,0.1200000000000045,95.91527230303032,0.062187761963290455,95.85308454106703,-0.19472769696967873,0.19472769696967873,True,LEAVE_ONE_STUDY_OUT,10.1088/2634-4386/ac7327,HfOx_02,10.1088/2634-4386/ac7327,HfOx,8,6,5,False
HfOx_02,10.1088/2634-4386/ac7327,HfOx,5.0,0.6989700043360189,0,0,ANALOG,NOT_REPORTED,normalized_from_ratio,IDEALIZED_SINGLE_PAIR_ANALOG,IDEALIZED_ANALOG_MAPPING,16,5,31,0,2,6,203264,800,64,51200,96.11,0.1200000000000045,96.01872952380954,0.07843812442641936,95.94029139938313,-0.09127047619045925,0.09127047619045925,True,LEAVE_ONE_STUDY_OUT,10.1088/2634-4386/ac7327,HfOx_02,10.1088/2634-4386/ac7327,HfOx,8,6,5,False
HfOx_02,10.1088/2634-4386/ac7327,HfOx,5.0,0.6989700043360189,0,0,ANALOG,NOT_REPORTED,normalized_from_ratio,IDEALIZED_SINGLE_PAIR_ANALOG,IDEALIZED_ANALOG_MAPPING,128,4,15,0,2,8,203264,16,256,4096,96.1,0.1300000000000096,96.05748188095237,0.03739115312208287,96.02009072783028,-0.042518119047628034,0.042518119047628034,True,LEAVE_ONE_STUDY_OUT,10.1088/2634-4386/ac7327,HfOx_02,10.1088/2634-4386/ac7327,HfOx,8,6,5,False
HfOx_02,10.1088/2634-4386/ac7327,HfOx,5.0,0.6989700043360189,0,0,ANALOG,NOT_REPORTED,normalized_from_ratio,IDEALIZED_SINGLE_PAIR_ANALOG,IDEALIZED_ANALOG_MAPPING,32,4,15,0,2,8,203264,208,256,53248,96.1,0.1300000000000096,96.07182273809525,0.016442562486310392,96.05538017560895,-0.028177261904744455,0.028177261904744455,True,LEAVE_ONE_STUDY_OUT,10.1088/2634-4386/ac7327,HfOx_02,10.1088/2634-4386/ac7327,HfOx,8,6,5,False
HfOx_02,10.1088/2634-4386/ac7327,HfOx,5.0,0.6989700043360189,0,0,ANALOG,NOT_REPORTED,normalized_from_ratio,IDEALIZED_SINGLE_PAIR_ANALOG,IDEALIZED_ANALOG_MAPPING,128,4,15,0,2,10,203264,16,1024,16384,96.08,0.1500000000000056,96.05365973809525,0.027186109183369573,96.02647362891187,-0.026340261904749696,0.026340261904749696,True,LEAVE_ONE_STUDY_OUT,10.1088/2634-4386/ac7327,HfOx_02,10.1088/2634-4386/ac7327,HfOx,8,6,5,False
HfOx_02,10.1088/2634-4386/ac7327,HfOx,5.0,0.6989700043360189,0,0,ANALOG,NOT_REPORTED,normalized_from_ratio,IDEALIZED_SINGLE_PAIR_ANALOG,IDEALIZED_ANALOG_MAPPING,256,4,15,0,2,9,203264,10,512,5120,96.08,0.1500000000000056,96.05740005555555,0.029072521720894622,96.02832753383466,-0.022599944444451125,0.022599944444451125,True,LEAVE_ONE_STUDY_OUT,10.1088/2634-4386/ac7327,HfOx_02,10.1088/2634-4386/ac7327,HfOx,8,6,5,False
HfOx_02,10.1088/2634-4386/ac7327,HfOx,5.0,0.6989700043360189,0,0,ANALOG,NOT_REPORTED,normalized_from_ratio,IDEALIZED_SINGLE_PAIR_ANALOG,IDEALIZED_ANALOG_MAPPING,128,7,127,0,2,7,203264,16,128,2048,96.08,0.1500000000000056,95.90086571572873,0.06630362760357207,95.83456208812515,-0.17913428427127087,0.17913428427127087,True,LEAVE_ONE_STUDY_OUT,10.1088/2634-4386/ac7327,HfOx_02,10.1088/2634-4386/ac7327,HfOx,8,6,5,False
HfOx_02,10.1088/2634-4386/ac7327,HfOx,5.0,0.6989700043360189,0,0,ANALOG,NOT_REPORTED,normalized_from_ratio,IDEALIZED_SINGLE_PAIR_ANALOG,IDEALIZED_ANALOG_MAPPING,256,7,127,0,2,7,203264,10,128,1280,96.07,0.1600000000000108,95.8944930966811,0.05858596478405827,95.83590713189705,-0.1755069033188903,0.1755069033188903,True,LEAVE_ONE_STUDY_OUT,10.1088/2634-4386/ac7327,HfOx_02,10.1088/2634-4386/ac7327,HfOx,8,6,5,False
HfOx_02,10.1088/2634-4386/ac7327,HfOx,5.0,0.6989700043360189,0,0,ANALOG,NOT_REPORTED,normalized_from_ratio,IDEALIZED_SINGLE_PAIR_ANALOG,IDEALIZED_ANALOG_MAPPING,256,4,15,0,2,10,203264,10,1024,10240,96.07,0.1600000000000108,96.04966533333334,0.0287962903430037,96.02086904299033,-0.020334666666656176,0.020334666666656176,True,LEAVE_ONE_STUDY_OUT,10.1088/2634-4386/ac7327,HfOx_02,10.1088/2634-4386/ac7327,HfOx,8,6,5,False
HfOx_02,10.1088/2634-4386/ac7327,HfOx,5.0,0.6989700043360189,0,0,ANALOG,NOT_REPORTED,normalized_from_ratio,IDEALIZED_SINGLE_PAIR_ANALOG,IDEALIZED_ANALOG_MAPPING,128,4,15,0,2,9,203264,16,512,8192,96.07,0.1600000000000108,96.06186779365079,0.02724307845070001,96.0346247152001,-0.00813220634920242,0.00813220634920242,True,LEAVE_ONE_STUDY_OUT,10.1088/2634-4386/ac7327,HfOx_02,10.1088/2634-4386/ac7327,HfOx,8,6,5,False
HfOx_02,10.1088/2634-4386/ac7327,HfOx,5.0,0.6989700043360189,0,0,ANALOG,NOT_REPORTED,normalized_from_ratio,IDEALIZED_SINGLE_PAIR_ANALOG,IDEALIZED_ANALOG_MAPPING,16,4,15,0,2,9,203264,800,512,409600,96.06,0.1700000000000017,96.07727198773448,0.015059613196135803,96.06221237453835,0.017271987734474692,0.017271987734474692,True,LEAVE_ONE_STUDY_OUT,10.1088/2634-4386/ac7327,HfOx_02,10.1088/2634-4386/ac7327,HfOx,8,6,5,False
HfOx_02,10.1088/2634-4386/ac7327,HfOx,5.0,0.6989700043360189,0,0,ANALOG,NOT_REPORTED,normalized_from_ratio,IDEALIZED_SINGLE_PAIR_ANALOG,IDEALIZED_ANALOG_MAPPING,256,5,31,0,2,7,203264,10,128,1280,96.06,0.1700000000000017,95.88238420202022,0.09943658091226781,95.78294762110795,-0.177615797979783,0.177615797979783,True,LEAVE_ONE_STUDY_OUT,10.1088/2634-4386/ac7327,HfOx_02,10.1088/2634-4386/ac7327,HfOx,8,6,5,False
HfOx_02,10.1088/2634-4386/ac7327,HfOx,5.0,0.6989700043360189,0,0,ANALOG,NOT_REPORTED,normalized_from_ratio,IDEALIZED_SINGLE_PAIR_ANALOG,IDEALIZED_ANALOG_MAPPING,16,4,15,0,2,10,203264,800,1024,819200,96.06,0.1700000000000017,96.07377874963926,0.010902758054951158,96.0628759915843,0.013778749639257626,0.013778749639257626,True,LEAVE_ONE_STUDY_OUT,10.1088/2634-4386/ac7327,HfOx_02,10.1088/2634-4386/ac7327,HfOx,8,6,5,False
HfOx_02,10.1088/2634-4386/ac7327,HfOx,5.0,0.6989700043360189,0,0,ANALOG,NOT_REPORTED,normalized_from_ratio,IDEALIZED_SINGLE_PAIR_ANALOG,IDEALIZED_ANALOG_MAPPING,64,4,15,0,2,8,203264,56,256,14336,96.06,0.1700000000000017,96.06412147619046,0.022114020342990145,96.04200745584747,0.0041214761904626585,0.0041214761904626585,True,LEAVE_ONE_STUDY_OUT,10.1088/2634-4386/ac7327,HfOx_02,10.1088/2634-4386/ac7327,HfOx,8,6,5,False
HfOx_02,10.1088/2634-4386/ac7327,HfOx,5.0,0.6989700043360189,0,0,ANALOG,NOT_REPORTED,normalized_from_ratio,IDEALIZED_SINGLE_PAIR_ANALOG,IDEALIZED_ANALOG_MAPPING,128,8,255,0,2,7,203264,16,128,2048,96.05,0.1800000000000068,95.9142513982684,0.07158125001603517,95.84267014825237,-0.1357486017315921,0.1357486017315921,True,LEAVE_ONE_STUDY_OUT,10.1088/2634-4386/ac7327,HfOx_02,10.1088/2634-4386/ac7327,HfOx,8,6,5,False
HfOx_02,10.1088/2634-4386/ac7327,HfOx,5.0,0.6989700043360189,0,0,ANALOG,NOT_REPORTED,normalized_from_ratio,IDEALIZED_SINGLE_PAIR_ANALOG,IDEALIZED_ANALOG_MAPPING,64,4,15,0,2,10,203264,56,1024,57344,96.05,0.1800000000000068,96.06225895238094,0.0182673376387131,96.04399161474223,0.012258952380946653,0.012258952380946653,True,LEAVE_ONE_STUDY_OUT,10.1088/2634-4386/ac7327,HfOx_02,10.1088/2634-4386/ac7327,HfOx,8,6,5,False
HfOx_02,10.1088/2634-4386/ac7327,HfOx,5.0,0.6989700043360189,0,0,ANALOG,NOT_REPORTED,normalized_from_ratio,IDEALIZED_SINGLE_PAIR_ANALOG,IDEALIZED_ANALOG_MAPPING,16,4,15,0,2,8,203264,800,256,204800,96.05,0.1800000000000068,96.07668954329003,0.016897390275447264,96.05979215301458,0.026689543290032702,0.026689543290032702,True,LEAVE_ONE_STUDY_OUT,10.1088/2634-4386/ac7327,HfOx_02,10.1088/2634-4386/ac7327,HfOx,8,6,5,False
HfOx_02,10.1088/2634-4386/ac7327,HfOx,5.0,0.6989700043360189,0,0,ANALOG,NOT_REPORTED,normalized_from_ratio,IDEALIZED_SINGLE_PAIR_ANALOG,IDEALIZED_ANALOG_MAPPING,32,4,15,0,2,6,203264,208,64,13312,96.04,0.1899999999999977,95.87888563059164,0.10727251025438503,95.77161312033725,-0.16111436940836654,0.16111436940836654,True,LEAVE_ONE_STUDY_OUT,10.1088/2634-4386/ac7327,HfOx_02,10.1088/2634-4386/ac7327,HfOx,8,6,5,False
HfOx_02,10.1088/2634-4386/ac7327,HfOx,5.0,0.6989700043360189,0,0,ANALOG,NOT_REPORTED,normalized_from_ratio,IDEALIZED_SINGLE_PAIR_ANALOG,IDEALIZED_ANALOG_MAPPING,64,4,15,0,2,9,203264,56,512,28672,96.04,0.1899999999999977,96.06994604761904,0.020524309337621074,96.04942173828142,0.029946047619034744,0.029946047619034744,True,LEAVE_ONE_STUDY_OUT,10.1088/2634-4386/ac7327,HfOx_02,10.1088/2634-4386/ac7327,HfOx,8,6,5,False
HfOx_02,10.1088/2634-4386/ac7327,HfOx,5.0,0.6989700043360189,0,0,ANALOG,NOT_REPORTED,normalized_from_ratio,IDEALIZED_SINGLE_PAIR_ANALOG,IDEALIZED_ANALOG_MAPPING,16,4,15,0,2,6,203264,800,64,51200,96.04,0.1899999999999977,95.946992,0.09669910598391017,95.85029289401608,-0.09300800000001175,0.09300800000001175,True,LEAVE_ONE_STUDY_OUT,10.1088/2634-4386/ac7327,HfOx_02,10.1088/2634-4386/ac7327,HfOx,8,6,5,False
HfOx_02,10.1088/2634-4386/ac7327,HfOx,5.0,0.6989700043360189,0,0,ANALOG,NOT_REPORTED,normalized_from_ratio,IDEALIZED_SINGLE_PAIR_ANALOG,IDEALIZED_ANALOG_MAPPING,32,4,15,0,2,10,203264,208,1024,212992,96.04,0.1899999999999977,96.07105379365079,0.013688054078627094,96.05736573957216,0.0310537936507842,0.0310537936507842,True,LEAVE_ONE_STUDY_OUT,10.1088/2634-4386/ac7327,HfOx_02,10.1088/2634-4386/ac7327,HfOx,8,6,5,False
HfOx_02,10.1088/2634-4386/ac7327,HfOx,5.0,0.6989700043360189,0,0,ANALOG,NOT_REPORTED,normalized_from_ratio,IDEALIZED_SINGLE_PAIR_ANALOG,IDEALIZED_ANALOG_MAPPING,32,4,15,0,2,9,203264,208,512,106496,96.03,0.2000000000000028,96.08086472222222,0.01440067220117074,96.06646405002104,0.050864722222215164,0.050864722222215164,True,LEAVE_ONE_STUDY_OUT,10.1088/2634-4386/ac7327,HfOx_02,10.1088/2634-4386/ac7327,HfOx,8,6,5,False
HfOx_02,10.1088/2634-4386/ac7327,HfOx,5.0,0.6989700043360189,0,0,ANALOG,NOT_REPORTED,normalized_from_ratio,IDEALIZED_SINGLE_PAIR_ANALOG,IDEALIZED_ANALOG_MAPPING,64,5,31,0,2,6,203264,56,64,3584,96.02,0.2100000000000079,95.64646953968253,0.15236453103839012,95.49410500864414,-0.3735304603174683,0.3735304603174683,True,LEAVE_ONE_STUDY_OUT,10.1088/2634-4386/ac7327,HfOx_02,10.1088/2634-4386/ac7327,HfOx,8,6,5,False
HfOx_02,10.1088/2634-4386/ac7327,HfOx,5.0,0.6989700043360189,0,0,ANALOG,NOT_REPORTED,normalized_from_ratio,IDEALIZED_SINGLE_PAIR_ANALOG,IDEALIZED_ANALOG_MAPPING,32,5,31,0,2,6,203264,208,64,13312,96.02,0.2100000000000079,95.89402253535353,0.10350608346316198,95.79051645189037,-0.12597746464646775,0.12597746464646775,True,LEAVE_ONE_STUDY_OUT,10.1088/2634-4386/ac7327,HfOx_02,10.1088/2634-4386/ac7327,HfOx,8,6,5,False
HfOx_02,10.1088/2634-4386/ac7327,HfOx,5.0,0.6989700043360189,0,0,ANALOG,NOT_REPORTED,normalized_from_ratio,IDEALIZED_SINGLE_PAIR_ANALOG,IDEALIZED_ANALOG_MAPPING,32,4,15,0,2,7,203264,208,128,26624,96.01,0.2199999999999988,96.03490747619048,0.04912573921690168,95.98578173697358,0.02490747619047795,0.02490747619047795,True,LEAVE_ONE_STUDY_OUT,10.1088/2634-4386/ac7327,HfOx_02,10.1088/2634-4386/ac7327,HfOx,8,6,5,False
HfOx_02,10.1088/2634-4386/ac7327,HfOx,5.0,0.6989700043360189,0,0,ANALOG,NOT_REPORTED,normalized_from_ratio,IDEALIZED_SINGLE_PAIR_ANALOG,IDEALIZED_ANALOG_MAPPING,128,4,15,0,2,7,203264,16,128,2048,96.01,0.2199999999999988,95.8913631031746,0.08909548629344129,95.80226761688115,-0.11863689682540723,0.11863689682540723,True,LEAVE_ONE_STUDY_OUT,10.1088/2634-4386/ac7327,HfOx_02,10.1088/2634-4386/ac7327,HfOx,8,6,5,False
HfOx_02,10.1088/2634-4386/ac7327,HfOx,5.0,0.6989700043360189,0,0,ANALOG,NOT_REPORTED,normalized_from_ratio,IDEALIZED_SINGLE_PAIR_ANALOG,IDEALIZED_ANALOG_MAPPING,128,5,31,0,2,7,203264,16,128,2048,96.01,0.2199999999999988,95.91168037662338,0.10713026820490215,95.80455010841848,-0.09831962337662503,0.09831962337662503,True,LEAVE_ONE_STUDY_OUT,10.1088/2634-4386/ac7327,HfOx_02,10.1088/2634-4386/ac7327,HfOx,8,6,5,False
HfOx_02,10.1088/2634-4386/ac7327,HfOx,5.0,0.6989700043360189,0,0,ANALOG,NOT_REPORTED,normalized_from_ratio,IDEALIZED_SINGLE_PAIR_ANALOG,IDEALIZED_ANALOG_MAPPING,16,4,15,0,2,7,203264,800,128,102400,96.0,0.2300000000000039,96.0620383095238,0.04870984541645953,96.01332846410735,0.06203830952379974,0.06203830952379974,True,LEAVE_ONE_STUDY_OUT,10.1088/2634-4386/ac7327,HfOx_02,10.1088/2634-4386/ac7327,HfOx,8,6,5,False
HfOx_02,10.1088/2634-4386/ac7327,HfOx,5.0,0.6989700043360189,0,0,ANALOG,NOT_REPORTED,normalized_from_ratio,IDEALIZED_SINGLE_PAIR_ANALOG,IDEALIZED_ANALOG_MAPPING,128,6,63,0,2,7,203264,16,128,2048,95.99,0.2400000000000091,95.9879574935065,0.049645517174493066,95.938311976332,-0.002042506493495466,0.002042506493495466,True,LEAVE_ONE_STUDY_OUT,10.1088/2634-4386/ac7327,HfOx_02,10.1088/2634-4386/ac7327,HfOx,8,6,5,False
HfOx_02,10.1088/2634-4386/ac7327,HfOx,5.0,0.6989700043360189,0,0,ANALOG,NOT_REPORTED,normalized_from_ratio,IDEALIZED_SINGLE_PAIR_ANALOG,IDEALIZED_ANALOG_MAPPING,256,4,15,0,2,7,203264,10,128,1280,95.99,0.2400000000000091,95.8764322200577,0.09362542755717546,95.78280679250052,-0.11356777994230072,0.11356777994230072,True,LEAVE_ONE_STUDY_OUT,10.1088/2634-4386/ac7327,HfOx_02,10.1088/2634-4386/ac7327,HfOx,8,6,5,False
HfOx_02,10.1088/2634-4386/ac7327,HfOx,5.0,0.6989700043360189,0,0,ANALOG,NOT_REPORTED,normalized_from_ratio,IDEALIZED_SINGLE_PAIR_ANALOG,IDEALIZED_ANALOG_MAPPING,16,6,63,0,2,5,203264,800,32,25600,95.98,0.25,95.23435846031747,0.24593158425682596,94.98842687606064,-0.7456415396825378,0.7456415396825378,True,LEAVE_ONE_STUDY_OUT,10.1088/2634-4386/ac7327,HfOx_02,10.1088/2634-4386/ac7327,HfOx,8,6,5,False
HfOx_02,10.1088/2634-4386/ac7327,HfOx,5.0,0.6989700043360189,0,0,ANALOG,NOT_REPORTED,normalized_from_ratio,IDEALIZED_SINGLE_PAIR_ANALOG,IDEALIZED_ANALOG_MAPPING,16,5,31,0,2,5,203264,800,32,25600,95.91,0.3200000000000074,95.1185868095238,0.25942738462533976,94.85915942489846,-0.7914131904761916,0.7914131904761916,True,LEAVE_ONE_STUDY_OUT,10.1088/2634-4386/ac7327,HfOx_02,10.1088/2634-4386/ac7327,HfOx,8,6,5,False
HfOx_02,10.1088/2634-4386/ac7327,HfOx,5.0,0.6989700043360189,0,0,ANALOG,NOT_REPORTED,normalized_from_ratio,IDEALIZED_SINGLE_PAIR_ANALOG,IDEALIZED_ANALOG_MAPPING,64,7,127,0,2,6,203264,56,64,3584,95.9,0.3299999999999983,95.73376003174603,0.13708589326897935,95.59667413847706,-0.1662399682539757,0.1662399682539757,True,LEAVE_ONE_STUDY_OUT,10.1088/2634-4386/ac7327,HfOx_02,10.1088/2634-4386/ac7327,HfOx,8,6,5,False
HfOx_02,10.1088/2634-4386/ac7327,HfOx,5.0,0.6989700043360189,0,0,ANALOG,NOT_REPORTED,normalized_from_ratio,IDEALIZED_SINGLE_PAIR_ANALOG,IDEALIZED_ANALOG_MAPPING,64,8,255,0,2,6,203264,56,64,3584,95.89,0.3400000000000034,95.73815141269841,0.12590867419417864,95.61224273850424,-0.15184858730158624,0.15184858730158624,True,LEAVE_ONE_STUDY_OUT,10.1088/2634-4386/ac7327,HfOx_02,10.1088/2634-4386/ac7327,HfOx,8,6,5,False
HfOx_02,10.1088/2634-4386/ac7327,HfOx,5.0,0.6989700043360189,0,0,ANALOG,NOT_REPORTED,normalized_from_ratio,IDEALIZED_SINGLE_PAIR_ANALOG,IDEALIZED_ANALOG_MAPPING,16,8,255,0,2,5,203264,800,32,25600,95.87,0.3599999999999994,95.27067816666668,0.23441128423190066,95.03626688243479,-0.5993218333333203,0.5993218333333203,True,LEAVE_ONE_STUDY_OUT,10.1088/2634-4386/ac7327,HfOx_02,10.1088/2634-4386/ac7327,HfOx,8,6,5,False
HfOx_02,10.1088/2634-4386/ac7327,HfOx,5.0,0.6989700043360189,0,0,ANALOG,NOT_REPORTED,normalized_from_ratio,IDEALIZED_SINGLE_PAIR_ANALOG,IDEALIZED_ANALOG_MAPPING,16,4,15,0,2,5,203264,800,32,25600,95.86,0.3700000000000045,95.10444064285714,0.3769306698624081,94.72750997299474,-0.7555593571428574,0.7555593571428574,True,LEAVE_ONE_STUDY_OUT,10.1088/2634-4386/ac7327,HfOx_02,10.1088/2634-4386/ac7327,HfOx,8,6,5,False
HfOx_02,10.1088/2634-4386/ac7327,HfOx,5.0,0.6989700043360189,0,0,ANALOG,NOT_REPORTED,normalized_from_ratio,IDEALIZED_SINGLE_PAIR_ANALOG,IDEALIZED_ANALOG_MAPPING,16,7,127,0,2,5,203264,800,32,25600,95.85,0.3800000000000096,95.274115,0.2323397851514724,95.04177521484853,-0.5758849999999995,0.5758849999999995,True,LEAVE_ONE_STUDY_OUT,10.1088/2634-4386/ac7327,HfOx_02,10.1088/2634-4386/ac7327,HfOx,8,6,5,False
HfOx_02,10.1088/2634-4386/ac7327,HfOx,5.0,0.6989700043360189,0,0,ANALOG,NOT_REPORTED,normalized_from_ratio,IDEALIZED_SINGLE_PAIR_ANALOG,IDEALIZED_ANALOG_MAPPING,64,4,15,0,2,6,203264,56,64,3584,95.79,0.4399999999999977,95.64216406349206,0.15544064663726256,95.4867234168548,-0.14783593650794558,0.14783593650794558,False,LEAVE_ONE_STUDY_OUT,10.1088/2634-4386/ac7327,HfOx_02,10.1088/2634-4386/ac7327,HfOx,8,6,5,False
HfOx_02,10.1088/2634-4386/ac7327,HfOx,5.0,0.6989700043360189,0,0,ANALOG,NOT_REPORTED,normalized_from_ratio,IDEALIZED_SINGLE_PAIR_ANALOG,IDEALIZED_ANALOG_MAPPING,256,8,255,0,2,6,203264,10,64,640,95.75,0.480000000000004,94.12276851587303,0.2683320519608533,93.85443646391218,-1.6272314841269662,1.6272314841269662,False,LEAVE_ONE_STUDY_OUT,10.1088/2634-4386/ac7327,HfOx_02,10.1088/2634-4386/ac7327,HfOx,8,6,5,False
HfOx_02,10.1088/2634-4386/ac7327,HfOx,5.0,0.6989700043360189,0,0,ANALOG,NOT_REPORTED,normalized_from_ratio,IDEALIZED_SINGLE_PAIR_ANALOG,IDEALIZED_ANALOG_MAPPING,32,5,31,0,2,5,203264,208,32,6656,95.73,0.5,94.55949145238095,0.4639775581565146,94.09551389422444,-1.1705085476190504,1.1705085476190504,False,LEAVE_ONE_STUDY_OUT,10.1088/2634-4386/ac7327,HfOx_02,10.1088/2634-4386/ac7327,HfOx,8,6,5,False
HfOx_02,10.1088/2634-4386/ac7327,HfOx,5.0,0.6989700043360189,0,0,ANALOG,NOT_REPORTED,normalized_from_ratio,IDEALIZED_SINGLE_PAIR_ANALOG,IDEALIZED_ANALOG_MAPPING,256,7,127,0,2,6,203264,10,64,640,95.73,0.5,94.1214541825397,0.2693243730534743,93.85212980948621,-1.6085458174603104,1.6085458174603104,False,LEAVE_ONE_STUDY_OUT,10.1088/2634-4386/ac7327,HfOx_02,10.1088/2634-4386/ac7327,HfOx,8,6,5,False
HfOx_02,10.1088/2634-4386/ac7327,HfOx,5.0,0.6989700043360189,0,0,ANALOG,NOT_REPORTED,normalized_from_ratio,IDEALIZED_SINGLE_PAIR_ANALOG,IDEALIZED_ANALOG_MAPPING,128,6,63,0,2,6,203264,16,64,1024,95.7,0.5300000000000011,94.59272800000001,0.20704989624802908,94.38567810375199,-1.1072719999999947,1.1072719999999947,False,LEAVE_ONE_STUDY_OUT,10.1088/2634-4386/ac7327,HfOx_02,10.1088/2634-4386/ac7327,HfOx,8,6,5,False
HfOx_02,10.1088/2634-4386/ac7327,HfOx,5.0,0.6989700043360189,0,0,ANALOG,NOT_REPORTED,normalized_from_ratio,IDEALIZED_SINGLE_PAIR_ANALOG,IDEALIZED_ANALOG_MAPPING,32,6,63,0,2,5,203264,208,32,6656,95.7,0.5300000000000011,94.64238609523811,0.4802440894325503,94.16214200580556,-1.0576139047618938,1.0576139047618938,False,LEAVE_ONE_STUDY_OUT,10.1088/2634-4386/ac7327,HfOx_02,10.1088/2634-4386/ac7327,HfOx,8,6,5,False
HfOx_02,10.1088/2634-4386/ac7327,HfOx,5.0,0.6989700043360189,0,0,ANALOG,NOT_REPORTED,normalized_from_ratio,IDEALIZED_SINGLE_PAIR_ANALOG,IDEALIZED_ANALOG_MAPPING,32,8,255,0,2,5,203264,208,32,6656,95.67,0.5600000000000023,94.6809161904762,0.4713910613329884,94.2095251291432,-0.9890838095238053,0.9890838095238053,False,LEAVE_ONE_STUDY_OUT,10.1088/2634-4386/ac7327,HfOx_02,10.1088/2634-4386/ac7327,HfOx,8,6,5,False
HfOx_02,10.1088/2634-4386/ac7327,HfOx,5.0,0.6989700043360189,0,0,ANALOG,NOT_REPORTED,normalized_from_ratio,IDEALIZED_SINGLE_PAIR_ANALOG,IDEALIZED_ANALOG_MAPPING,128,8,255,0,2,6,203264,16,64,1024,95.66,0.5700000000000074,94.61748161904761,0.20579235465165785,94.41168926439595,-1.0425183809523872,1.0425183809523872,False,LEAVE_ONE_STUDY_OUT,10.1088/2634-4386/ac7327,HfOx_02,10.1088/2634-4386/ac7327,HfOx,8,6,5,False
HfOx_02,10.1088/2634-4386/ac7327,HfOx,5.0,0.6989700043360189,0,0,ANALOG,NOT_REPORTED,normalized_from_ratio,IDEALIZED_SINGLE_PAIR_ANALOG,IDEALIZED_ANALOG_MAPPING,128,4,15,0,2,6,203264,16,64,1024,95.65,0.5799999999999983,94.56123797619047,0.2176978024905274,94.34354017369994,-1.0887620238095366,1.0887620238095366,False,LEAVE_ONE_STUDY_OUT,10.1088/2634-4386/ac7327,HfOx_02,10.1088/2634-4386/ac7327,HfOx,8,6,5,False
HfOx_02,10.1088/2634-4386/ac7327,HfOx,5.0,0.6989700043360189,0,0,ANALOG,NOT_REPORTED,normalized_from_ratio,IDEALIZED_SINGLE_PAIR_ANALOG,IDEALIZED_ANALOG_MAPPING,256,6,63,0,2,6,203264,10,64,640,95.63,0.6000000000000085,94.11665923015873,0.2831540616522464,93.83350516850649,-1.513340769841264,1.513340769841264,False,LEAVE_ONE_STUDY_OUT,10.1088/2634-4386/ac7327,HfOx_02,10.1088/2634-4386/ac7327,HfOx,8,6,5,False
HfOx_02,10.1088/2634-4386/ac7327,HfOx,5.0,0.6989700043360189,0,0,ANALOG,NOT_REPORTED,normalized_from_ratio,IDEALIZED_SINGLE_PAIR_ANALOG,IDEALIZED_ANALOG_MAPPING,32,7,127,0,2,5,203264,208,32,6656,95.63,0.6000000000000085,94.68464902380953,0.47471526611942333,94.20993375769011,-0.9453509761904684,0.9453509761904684,False,LEAVE_ONE_STUDY_OUT,10.1088/2634-4386/ac7327,HfOx_02,10.1088/2634-4386/ac7327,HfOx,8,6,5,False
HfOx_02,10.1088/2634-4386/ac7327,HfOx,5.0,0.6989700043360189,0,0,ANALOG,NOT_REPORTED,normalized_from_ratio,IDEALIZED_SINGLE_PAIR_ANALOG,IDEALIZED_ANALOG_MAPPING,256,4,15,0,2,6,203264,10,64,640,95.6,0.6300000000000097,94.09593142063493,0.2878807696333207,93.80805065100161,-1.504068579365068,1.504068579365068,False,LEAVE_ONE_STUDY_OUT,10.1088/2634-4386/ac7327,HfOx_02,10.1088/2634-4386/ac7327,HfOx,8,6,5,False
HfOx_02,10.1088/2634-4386/ac7327,HfOx,5.0,0.6989700043360189,0,0,ANALOG,NOT_REPORTED,normalized_from_ratio,IDEALIZED_SINGLE_PAIR_ANALOG,IDEALIZED_ANALOG_MAPPING,256,5,31,0,2,6,203264,10,64,640,95.55,0.6800000000000068,94.09920975396825,0.29211780241286683,93.80709195155539,-1.450790246031744,1.450790246031744,False,LEAVE_ONE_STUDY_OUT,10.1088/2634-4386/ac7327,HfOx_02,10.1088/2634-4386/ac7327,HfOx,8,6,5,False
HfOx_02,10.1088/2634-4386/ac7327,HfOx,5.0,0.6989700043360189,0,0,ANALOG,NOT_REPORTED,normalized_from_ratio,IDEALIZED_SINGLE_PAIR_ANALOG,IDEALIZED_ANALOG_MAPPING,128,5,31,0,2,6,203264,16,64,1024,95.53,0.7000000000000028,94.56293297619048,0.21862704968096913,94.3443059265095,-0.9670670238095198,0.9670670238095198,False,LEAVE_ONE_STUDY_OUT,10.1088/2634-4386/ac7327,HfOx_02,10.1088/2634-4386/ac7327,HfOx,8,6,5,False
HfOx_02,10.1088/2634-4386/ac7327,HfOx,5.0,0.6989700043360189,0,0,ANALOG,NOT_REPORTED,normalized_from_ratio,IDEALIZED_SINGLE_PAIR_ANALOG,IDEALIZED_ANALOG_MAPPING,128,7,127,0,2,6,203264,16,64,1024,95.49,0.7400000000000091,94.61712657142857,0.2094545890209543,94.40767198240762,-0.8728734285714239,0.8728734285714239,False,LEAVE_ONE_STUDY_OUT,10.1088/2634-4386/ac7327,HfOx_02,10.1088/2634-4386/ac7327,HfOx,8,6,5,False
HfOx_02,10.1088/2634-4386/ac7327,HfOx,5.0,0.6989700043360189,0,0,ANALOG,NOT_REPORTED,normalized_from_ratio,IDEALIZED_SINGLE_PAIR_ANALOG,IDEALIZED_ANALOG_MAPPING,32,4,15,0,2,5,203264,208,32,6656,95.48,0.75,94.54798728571427,0.5254124049895011,94.02257488072478,-0.9320127142857331,0.9320127142857331,False,LEAVE_ONE_STUDY_OUT,10.1088/2634-4386/ac7327,HfOx_02,10.1088/2634-4386/ac7327,HfOx,8,6,5,False
HfOx_02,10.1088/2634-4386/ac7327,HfOx,5.0,0.6989700043360189,0,0,ANALOG,NOT_REPORTED,normalized_from_ratio,IDEALIZED_SINGLE_PAIR_ANALOG,IDEALIZED_ANALOG_MAPPING,64,6,63,0,2,5,203264,56,32,1792,95.18,1.0499999999999972,92.7912245851371,0.5613665123867456,92.22985807275036,-2.3887754148629057,2.3887754148629057,False,LEAVE_ONE_STUDY_OUT,10.1088/2634-4386/ac7327,HfOx_02,10.1088/2634-4386/ac7327,HfOx,8,6,5,False
HfOx_02,10.1088/2634-4386/ac7327,HfOx,5.0,0.6989700043360189,0,0,ANALOG,NOT_REPORTED,normalized_from_ratio,IDEALIZED_SINGLE_PAIR_ANALOG,IDEALIZED_ANALOG_MAPPING,64,7,127,0,2,5,203264,56,32,1792,94.99,1.240000000000009,92.81878244227994,0.5123201413673225,92.30646230091261,-2.1712175577200554,2.1712175577200554,False,LEAVE_ONE_STUDY_OUT,10.1088/2634-4386/ac7327,HfOx_02,10.1088/2634-4386/ac7327,HfOx,8,6,5,False
HfOx_02,10.1088/2634-4386/ac7327,HfOx,5.0,0.6989700043360189,0,0,ANALOG,NOT_REPORTED,normalized_from_ratio,IDEALIZED_SINGLE_PAIR_ANALOG,IDEALIZED_ANALOG_MAPPING,64,8,255,0,2,5,203264,56,32,1792,94.98,1.25,92.81437310894661,0.5138983460483801,92.30047476289823,-2.1656268910533925,2.1656268910533925,False,LEAVE_ONE_STUDY_OUT,10.1088/2634-4386/ac7327,HfOx_02,10.1088/2634-4386/ac7327,HfOx,8,6,5,False
HfOx_02,10.1088/2634-4386/ac7327,HfOx,5.0,0.6989700043360189,0,0,ANALOG,NOT_REPORTED,normalized_from_ratio,IDEALIZED_SINGLE_PAIR_ANALOG,IDEALIZED_ANALOG_MAPPING,16,8,255,0,2,4,203264,800,16,12800,94.94,1.2900000000000065,85.91722657142856,6.525003897383306,79.39222267404526,-9.02277342857144,9.02277342857144,False,LEAVE_ONE_STUDY_OUT,10.1088/2634-4386/ac7327,HfOx_02,10.1088/2634-4386/ac7327,HfOx,8,6,5,False
HfOx_02,10.1088/2634-4386/ac7327,HfOx,5.0,0.6989700043360189,0,0,ANALOG,NOT_REPORTED,normalized_from_ratio,IDEALIZED_SINGLE_PAIR_ANALOG,IDEALIZED_ANALOG_MAPPING,64,5,31,0,2,5,203264,56,32,1792,94.86,1.3700000000000043,92.6815096962482,0.6329944121485708,92.04851528409962,-2.1784903037518006,2.1784903037518006,False,LEAVE_ONE_STUDY_OUT,10.1088/2634-4386/ac7327,HfOx_02,10.1088/2634-4386/ac7327,HfOx,8,6,5,False
HfOx_02,10.1088/2634-4386/ac7327,HfOx,5.0,0.6989700043360189,0,0,ANALOG,NOT_REPORTED,normalized_from_ratio,IDEALIZED_SINGLE_PAIR_ANALOG,IDEALIZED_ANALOG_MAPPING,64,4,15,0,2,5,203264,56,32,1792,94.79,1.4399999999999975,92.66780936291487,0.6689763422428714,91.998833020672,-2.12219063708514,2.12219063708514,False,LEAVE_ONE_STUDY_OUT,10.1088/2634-4386/ac7327,HfOx_02,10.1088/2634-4386/ac7327,HfOx,8,6,5,False
HfOx_02,10.1088/2634-4386/ac7327,HfOx,5.0,0.6989700043360189,0,0,ANALOG,NOT_REPORTED,normalized_from_ratio,IDEALIZED_SINGLE_PAIR_ANALOG,IDEALIZED_ANALOG_MAPPING,16,6,63,0,2,4,203264,800,16,12800,94.79,1.4399999999999975,85.89658014285715,6.496966998883544,79.3996131439736,-8.89341985714286,8.89341985714286,False,LEAVE_ONE_STUDY_OUT,10.1088/2634-4386/ac7327,HfOx_02,10.1088/2634-4386/ac7327,HfOx,8,6,5,False
HfOx_02,10.1088/2634-4386/ac7327,HfOx,5.0,0.6989700043360189,0,0,ANALOG,NOT_REPORTED,normalized_from_ratio,IDEALIZED_SINGLE_PAIR_ANALOG,IDEALIZED_ANALOG_MAPPING,16,7,127,0,2,4,203264,800,16,12800,94.78,1.4500000000000028,85.94367657142857,6.482752027654187,79.46092454377438,-8.836323428571433,8.836323428571433,False,LEAVE_ONE_STUDY_OUT,10.1088/2634-4386/ac7327,HfOx_02,10.1088/2634-4386/ac7327,HfOx,8,6,5,False
HfOx_02,10.1088/2634-4386/ac7327,HfOx,5.0,0.6989700043360189,0,0,ANALOG,NOT_REPORTED,normalized_from_ratio,IDEALIZED_SINGLE_PAIR_ANALOG,IDEALIZED_ANALOG_MAPPING,16,5,31,0,2,4,203264,800,16,12800,94.76,1.4699999999999989,85.61250246825395,6.661640902765245,78.95086156548871,-9.147497531746055,9.147497531746055,False,LEAVE_ONE_STUDY_OUT,10.1088/2634-4386/ac7327,HfOx_02,10.1088/2634-4386/ac7327,HfOx,8,6,5,False
HfOx_02,10.1088/2634-4386/ac7327,HfOx,5.0,0.6989700043360189,0,0,ANALOG,NOT_REPORTED,normalized_from_ratio,IDEALIZED_SINGLE_PAIR_ANALOG,IDEALIZED_ANALOG_MAPPING,16,4,15,0,2,4,203264,800,16,12800,94.49,1.740000000000009,85.11879880158729,6.37755622342351,78.74124257816378,-9.371201198412706,9.371201198412706,False,LEAVE_ONE_STUDY_OUT,10.1088/2634-4386/ac7327,HfOx_02,10.1088/2634-4386/ac7327,HfOx,8,6,5,False
HfOx_02,10.1088/2634-4386/ac7327,HfOx,5.0,0.6989700043360189,0,0,ANALOG,NOT_REPORTED,normalized_from_ratio,IDEALIZED_SINGLE_PAIR_ANALOG,IDEALIZED_ANALOG_MAPPING,32,6,63,0,2,4,203264,208,16,3328,93.76,2.469999999999999,78.58002286147186,11.521518198638303,67.05850466283356,-15.179977138528145,15.179977138528145,False,LEAVE_ONE_STUDY_OUT,10.1088/2634-4386/ac7327,HfOx_02,10.1088/2634-4386/ac7327,HfOx,8,6,5,False
HfOx_02,10.1088/2634-4386/ac7327,HfOx,5.0,0.6989700043360189,0,0,ANALOG,NOT_REPORTED,normalized_from_ratio,IDEALIZED_SINGLE_PAIR_ANALOG,IDEALIZED_ANALOG_MAPPING,32,8,255,0,2,4,203264,208,16,3328,93.73,2.5,78.50974954401154,11.681308376850565,66.82844116716097,-15.220250455988463,15.220250455988463,False,LEAVE_ONE_STUDY_OUT,10.1088/2634-4386/ac7327,HfOx_02,10.1088/2634-4386/ac7327,HfOx,8,6,5,False
HfOx_02,10.1088/2634-4386/ac7327,HfOx,5.0,0.6989700043360189,0,0,ANALOG,NOT_REPORTED,normalized_from_ratio,IDEALIZED_SINGLE_PAIR_ANALOG,IDEALIZED_ANALOG_MAPPING,32,7,127,0,2,4,203264,208,16,3328,93.38,2.8500000000000085,78.5313328773449,11.687375547609234,66.84395732973566,-14.848667122655101,14.848667122655101,False,LEAVE_ONE_STUDY_OUT,10.1088/2634-4386/ac7327,HfOx_02,10.1088/2634-4386/ac7327,HfOx,8,6,5,False
HfOx_02,10.1088/2634-4386/ac7327,HfOx,5.0,0.6989700043360189,0,0,ANALOG,NOT_REPORTED,normalized_from_ratio,IDEALIZED_SINGLE_PAIR_ANALOG,IDEALIZED_ANALOG_MAPPING,32,5,31,0,2,4,203264,208,16,3328,93.19,3.0400000000000063,78.64034709523808,11.23199183309264,67.40835526214545,-14.549652904761913,14.549652904761913,False,LEAVE_ONE_STUDY_OUT,10.1088/2634-4386/ac7327,HfOx_02,10.1088/2634-4386/ac7327,HfOx,8,6,5,False
HfOx_02,10.1088/2634-4386/ac7327,HfOx,5.0,0.6989700043360189,0,0,ANALOG,NOT_REPORTED,normalized_from_ratio,IDEALIZED_SINGLE_PAIR_ANALOG,IDEALIZED_ANALOG_MAPPING,128,6,63,0,2,5,203264,16,32,512,93.17,3.0600000000000023,89.39968844444445,0.7351895964773805,88.66449884796707,-3.7703115555555513,3.7703115555555513,False,LEAVE_ONE_STUDY_OUT,10.1088/2634-4386/ac7327,HfOx_02,10.1088/2634-4386/ac7327,HfOx,8,6,5,False
HfOx_02,10.1088/2634-4386/ac7327,HfOx,5.0,0.6989700043360189,0,0,ANALOG,NOT_REPORTED,normalized_from_ratio,IDEALIZED_SINGLE_PAIR_ANALOG,IDEALIZED_ANALOG_MAPPING,32,4,15,0,2,4,203264,208,16,3328,93.13,3.1000000000000085,78.54718779365079,10.50386607363837,68.04332172001241,-14.582812206349203,14.582812206349203,False,LEAVE_ONE_STUDY_OUT,10.1088/2634-4386/ac7327,HfOx_02,10.1088/2634-4386/ac7327,HfOx,8,6,5,False
HfOx_02,10.1088/2634-4386/ac7327,HfOx,5.0,0.6989700043360189,0,0,ANALOG,NOT_REPORTED,normalized_from_ratio,IDEALIZED_SINGLE_PAIR_ANALOG,IDEALIZED_ANALOG_MAPPING,128,8,255,0,2,5,203264,16,32,512,92.98,3.25,89.44517064285715,0.6853480357472524,88.7598226071099,-3.534829357142854,3.534829357142854,False,LEAVE_ONE_STUDY_OUT,10.1088/2634-4386/ac7327,HfOx_02,10.1088/2634-4386/ac7327,HfOx,8,6,5,False
HfOx_02,10.1088/2634-4386/ac7327,HfOx,5.0,0.6989700043360189,0,0,ANALOG,NOT_REPORTED,normalized_from_ratio,IDEALIZED_SINGLE_PAIR_ANALOG,IDEALIZED_ANALOG_MAPPING,128,4,15,0,2,5,203264,16,32,512,92.88,3.3500000000000085,89.07258999206348,1.491151444693261,87.58143854737023,-3.807410007936511,3.807410007936511,False,LEAVE_ONE_STUDY_OUT,10.1088/2634-4386/ac7327,HfOx_02,10.1088/2634-4386/ac7327,HfOx,8,6,5,False
HfOx_02,10.1088/2634-4386/ac7327,HfOx,5.0,0.6989700043360189,0,0,ANALOG,NOT_REPORTED,normalized_from_ratio,IDEALIZED_SINGLE_PAIR_ANALOG,IDEALIZED_ANALOG_MAPPING,128,7,127,0,2,5,203264,16,32,512,92.85,3.3800000000000097,89.44068335714286,0.6920906143060861,88.74859274283678,-3.409316642857135,3.409316642857135,False,LEAVE_ONE_STUDY_OUT,10.1088/2634-4386/ac7327,HfOx_02,10.1088/2634-4386/ac7327,HfOx,8,6,5,False
HfOx_02,10.1088/2634-4386/ac7327,HfOx,5.0,0.6989700043360189,0,0,ANALOG,NOT_REPORTED,normalized_from_ratio,IDEALIZED_SINGLE_PAIR_ANALOG,IDEALIZED_ANALOG_MAPPING,256,6,63,0,2,5,203264,10,32,320,92.82,3.410000000000011,85.0227256111111,1.8524900587817204,83.17023555232937,-7.797274388888894,7.797274388888894,False,LEAVE_ONE_STUDY_OUT,10.1088/2634-4386/ac7327,HfOx_02,10.1088/2634-4386/ac7327,HfOx,8,6,5,False
HfOx_02,10.1088/2634-4386/ac7327,HfOx,5.0,0.6989700043360189,0,0,ANALOG,NOT_REPORTED,normalized_from_ratio,IDEALIZED_SINGLE_PAIR_ANALOG,IDEALIZED_ANALOG_MAPPING,256,7,127,0,2,5,203264,10,32,320,92.7,3.530000000000001,85.02562883333331,1.8465888427389117,83.1790399905944,-7.674371166666688,7.674371166666688,False,LEAVE_ONE_STUDY_OUT,10.1088/2634-4386/ac7327,HfOx_02,10.1088/2634-4386/ac7327,HfOx,8,6,5,False
HfOx_02,10.1088/2634-4386/ac7327,HfOx,5.0,0.6989700043360189,0,0,ANALOG,NOT_REPORTED,normalized_from_ratio,IDEALIZED_SINGLE_PAIR_ANALOG,IDEALIZED_ANALOG_MAPPING,256,8,255,0,2,5,203264,10,32,320,92.69,3.5400000000000063,85.03587654761904,1.8453447700506254,83.19053177756841,-7.654123452380958,7.654123452380958,False,LEAVE_ONE_STUDY_OUT,10.1088/2634-4386/ac7327,HfOx_02,10.1088/2634-4386/ac7327,HfOx,8,6,5,False
HfOx_02,10.1088/2634-4386/ac7327,HfOx,5.0,0.6989700043360189,0,0,ANALOG,NOT_REPORTED,normalized_from_ratio,IDEALIZED_SINGLE_PAIR_ANALOG,IDEALIZED_ANALOG_MAPPING,256,4,15,0,2,5,203264,10,32,320,92.68,3.549999999999997,84.7550270873016,1.962593591260463,82.79243349604114,-7.924972912698408,7.924972912698408,False,LEAVE_ONE_STUDY_OUT,10.1088/2634-4386/ac7327,HfOx_02,10.1088/2634-4386/ac7327,HfOx,8,6,5,False
HfOx_02,10.1088/2634-4386/ac7327,HfOx,5.0,0.6989700043360189,0,0,ANALOG,NOT_REPORTED,normalized_from_ratio,IDEALIZED_SINGLE_PAIR_ANALOG,IDEALIZED_ANALOG_MAPPING,128,5,31,0,2,5,203264,16,32,512,92.58,3.6500000000000057,89.30108670634921,0.8778453040459897,88.42324140230322,-3.2789132936507883,3.2789132936507883,False,LEAVE_ONE_STUDY_OUT,10.1088/2634-4386/ac7327,HfOx_02,10.1088/2634-4386/ac7327,HfOx,8,6,5,False
HfOx_02,10.1088/2634-4386/ac7327,HfOx,5.0,0.6989700043360189,0,0,ANALOG,NOT_REPORTED,normalized_from_ratio,IDEALIZED_SINGLE_PAIR_ANALOG,IDEALIZED_ANALOG_MAPPING,256,5,31,0,2,5,203264,10,32,320,92.39,3.8400000000000034,84.96065837301587,1.8448062350829093,83.11585213793296,-7.429341626984126,7.429341626984126,False,LEAVE_ONE_STUDY_OUT,10.1088/2634-4386/ac7327,HfOx_02,10.1088/2634-4386/ac7327,HfOx,8,6,5,False
HfOx_02,10.1088/2634-4386/ac7327,HfOx,5.0,0.6989700043360189,0,0,ANALOG,NOT_REPORTED,normalized_from_ratio,IDEALIZED_SINGLE_PAIR_ANALOG,IDEALIZED_ANALOG_MAPPING,32,3,7,0,2,7,203264,208,128,26624,92.32,3.910000000000011,91.87455778427127,0.17084102873459472,91.70371675553668,-0.44544221572871834,0.44544221572871834,False,LEAVE_ONE_STUDY_OUT,10.1088/2634-4386/ac7327,HfOx_02,10.1088/2634-4386/ac7327,HfOx,8,6,5,False
HfOx_02,10.1088/2634-4386/ac7327,HfOx,5.0,0.6989700043360189,0,0,ANALOG,NOT_REPORTED,normalized_from_ratio,IDEALIZED_SINGLE_PAIR_ANALOG,IDEALIZED_ANALOG_MAPPING,128,3,7,0,2,9,203264,16,512,8192,92.3,3.930000000000007,92.2206516904762,0.06599468900696445,92.15465700146923,-0.07934830952379457,0.07934830952379457,False,LEAVE_ONE_STUDY_OUT,10.1088/2634-4386/ac7327,HfOx_02,10.1088/2634-4386/ac7327,HfOx,8,6,5,False
HfOx_02,10.1088/2634-4386/ac7327,HfOx,5.0,0.6989700043360189,0,0,ANALOG,NOT_REPORTED,normalized_from_ratio,IDEALIZED_SINGLE_PAIR_ANALOG,IDEALIZED_ANALOG_MAPPING,256,3,7,0,2,8,203264,10,256,2560,92.3,3.930000000000007,92.0104854047619,0.08087795394995013,91.92960745081194,-0.28951459523810286,0.28951459523810286,False,LEAVE_ONE_STUDY_OUT,10.1088/2634-4386/ac7327,HfOx_02,10.1088/2634-4386/ac7327,HfOx,8,6,5,False
HfOx_02,10.1088/2634-4386/ac7327,HfOx,5.0,0.6989700043360189,0,0,ANALOG,NOT_REPORTED,normalized_from_ratio,IDEALIZED_SINGLE_PAIR_ANALOG,IDEALIZED_ANALOG_MAPPING,256,3,7,0,2,10,203264,10,1024,10240,92.29,3.9399999999999977,92.2532423095238,0.037212847680768546,92.21602946184304,-0.03675769047620747,0.03675769047620747,False,LEAVE_ONE_STUDY_OUT,10.1088/2634-4386/ac7327,HfOx_02,10.1088/2634-4386/ac7327,HfOx,8,6,5,False
HfOx_02,10.1088/2634-4386/ac7327,HfOx,5.0,0.6989700043360189,0,0,ANALOG,NOT_REPORTED,normalized_from_ratio,IDEALIZED_SINGLE_PAIR_ANALOG,IDEALIZED_ANALOG_MAPPING,32,3,7,0,2,9,203264,208,512,106496,92.29,3.9399999999999977,92.23372633150184,0.020963873897065846,92.21276245760478,-0.0562736684981644,0.0562736684981644,False,LEAVE_ONE_STUDY_OUT,10.1088/2634-4386/ac7327,HfOx_02,10.1088/2634-4386/ac7327,HfOx,8,6,5,False
HfOx_02,10.1088/2634-4386/ac7327,HfOx,5.0,0.6989700043360189,0,0,ANALOG,NOT_REPORTED,normalized_from_ratio,IDEALIZED_SINGLE_PAIR_ANALOG,IDEALIZED_ANALOG_MAPPING,64,3,7,0,2,8,203264,56,256,14336,92.26,3.969999999999999,92.09819255555556,0.06833069989622498,92.02986185565933,-0.16180744444444883,0.16180744444444883,False,LEAVE_ONE_STUDY_OUT,10.1088/2634-4386/ac7327,HfOx_02,10.1088/2634-4386/ac7327,HfOx,8,6,5,False
HfOx_02,10.1088/2634-4386/ac7327,HfOx,5.0,0.6989700043360189,0,0,ANALOG,NOT_REPORTED,normalized_from_ratio,IDEALIZED_SINGLE_PAIR_ANALOG,IDEALIZED_ANALOG_MAPPING,256,3,7,0,2,9,203264,10,512,5120,92.26,3.969999999999999,92.2598895793651,0.043562920454488674,92.2163266589106,-0.00011042063491117915,0.00011042063491117915,False,LEAVE_ONE_STUDY_OUT,10.1088/2634-4386/ac7327,HfOx_02,10.1088/2634-4386/ac7327,HfOx,8,6,5,False
HfOx_02,10.1088/2634-4386/ac7327,HfOx,5.0,0.6989700043360189,0,0,ANALOG,NOT_REPORTED,normalized_from_ratio,IDEALIZED_SINGLE_PAIR_ANALOG,IDEALIZED_ANALOG_MAPPING,128,3,7,0,2,7,203264,16,128,2048,92.26,3.969999999999999,91.6379148015873,0.16546791297044758,91.47244688861686,-0.6220851984127052,0.6220851984127052,False,LEAVE_ONE_STUDY_OUT,10.1088/2634-4386/ac7327,HfOx_02,10.1088/2634-4386/ac7327,HfOx,8,6,5,False
HfOx_02,10.1088/2634-4386/ac7327,HfOx,5.0,0.6989700043360189,0,0,ANALOG,NOT_REPORTED,normalized_from_ratio,IDEALIZED_SINGLE_PAIR_ANALOG,IDEALIZED_ANALOG_MAPPING,32,3,7,0,2,8,203264,208,256,53248,92.24,3.990000000000009,92.08045993650794,0.05231005341430425,92.02814988309363,-0.1595400634920594,0.1595400634920594,False,LEAVE_ONE_STUDY_OUT,10.1088/2634-4386/ac7327,HfOx_02,10.1088/2634-4386/ac7327,HfOx,8,6,5,False
HfOx_02,10.1088/2634-4386/ac7327,HfOx,5.0,0.6989700043360189,0,0,ANALOG,NOT_REPORTED,normalized_from_ratio,IDEALIZED_SINGLE_PAIR_ANALOG,IDEALIZED_ANALOG_MAPPING,16,3,7,0,2,9,203264,800,512,409600,92.24,3.990000000000009,92.22811112515262,0.020785471364947634,92.20732565378768,-0.011888874847372222,0.011888874847372222,False,LEAVE_ONE_STUDY_OUT,10.1088/2634-4386/ac7327,HfOx_02,10.1088/2634-4386/ac7327,HfOx,8,6,5,False
HfOx_02,10.1088/2634-4386/ac7327,HfOx,5.0,0.6989700043360189,0,0,ANALOG,NOT_REPORTED,normalized_from_ratio,IDEALIZED_SINGLE_PAIR_ANALOG,IDEALIZED_ANALOG_MAPPING,32,3,7,0,2,10,203264,208,1024,212992,92.23,4.0,92.22997068864468,0.014950368006319098,92.21502032063836,-2.9311355319805443e-05,2.9311355319805443e-05,False,LEAVE_ONE_STUDY_OUT,10.1088/2634-4386/ac7327,HfOx_02,10.1088/2634-4386/ac7327,HfOx,8,6,5,False
HfOx_02,10.1088/2634-4386/ac7327,HfOx,5.0,0.6989700043360189,0,0,ANALOG,NOT_REPORTED,normalized_from_ratio,IDEALIZED_SINGLE_PAIR_ANALOG,IDEALIZED_ANALOG_MAPPING,64,3,7,0,2,10,203264,56,1024,57344,92.23,4.0,92.20971005555556,0.024119455111222956,92.18559060044434,-0.020289944444442654,0.020289944444442654,False,LEAVE_ONE_STUDY_OUT,10.1088/2634-4386/ac7327,HfOx_02,10.1088/2634-4386/ac7327,HfOx,8,6,5,False
HfOx_02,10.1088/2634-4386/ac7327,HfOx,5.0,0.6989700043360189,0,0,ANALOG,NOT_REPORTED,normalized_from_ratio,IDEALIZED_SINGLE_PAIR_ANALOG,IDEALIZED_ANALOG_MAPPING,128,3,7,0,2,8,203264,16,256,4096,92.22,4.010000000000005,92.02442845238096,0.08486171097518572,91.93956674140577,-0.19557154761903917,0.19557154761903917,False,LEAVE_ONE_STUDY_OUT,10.1088/2634-4386/ac7327,HfOx_02,10.1088/2634-4386/ac7327,HfOx,8,6,5,False
HfOx_02,10.1088/2634-4386/ac7327,HfOx,5.0,0.6989700043360189,0,0,ANALOG,NOT_REPORTED,normalized_from_ratio,IDEALIZED_SINGLE_PAIR_ANALOG,IDEALIZED_ANALOG_MAPPING,128,3,7,0,2,10,203264,16,1024,16384,92.22,4.010000000000005,92.20724449206351,0.04132026685663948,92.16592422520687,-0.012755507936489607,0.012755507936489607,False,LEAVE_ONE_STUDY_OUT,10.1088/2634-4386/ac7327,HfOx_02,10.1088/2634-4386/ac7327,HfOx,8,6,5,False
HfOx_02,10.1088/2634-4386/ac7327,HfOx,5.0,0.6989700043360189,0,0,ANALOG,NOT_REPORTED,normalized_from_ratio,IDEALIZED_SINGLE_PAIR_ANALOG,IDEALIZED_ANALOG_MAPPING,64,3,7,0,2,9,203264,56,512,28672,92.21,4.02000000000001,92.2230549047619,0.033825124115759136,92.18922978064613,0.013054904761901298,0.013054904761901298,False,LEAVE_ONE_STUDY_OUT,10.1088/2634-4386/ac7327,HfOx_02,10.1088/2634-4386/ac7327,HfOx,8,6,5,False
HfOx_02,10.1088/2634-4386/ac7327,HfOx,5.0,0.6989700043360189,0,0,ANALOG,NOT_REPORTED,normalized_from_ratio,IDEALIZED_SINGLE_PAIR_ANALOG,IDEALIZED_ANALOG_MAPPING,16,3,7,0,2,7,203264,800,128,102400,92.19,4.040000000000006,91.98081484920637,0.16637587114694488,91.81443897805943,-0.20918515079362976,0.20918515079362976,False,LEAVE_ONE_STUDY_OUT,10.1088/2634-4386/ac7327,HfOx_02,10.1088/2634-4386/ac7327,HfOx,8,6,5,False
HfOx_02,10.1088/2634-4386/ac7327,HfOx,5.0,0.6989700043360189,0,0,ANALOG,NOT_REPORTED,normalized_from_ratio,IDEALIZED_SINGLE_PAIR_ANALOG,IDEALIZED_ANALOG_MAPPING,16,3,7,0,2,10,203264,800,1024,819200,92.18,4.049999999999997,92.22548281562881,0.014927389370877661,92.21055542625793,0.04548281562880163,0.04548281562880163,False,LEAVE_ONE_STUDY_OUT,10.1088/2634-4386/ac7327,HfOx_02,10.1088/2634-4386/ac7327,HfOx,8,6,5,False
HfOx_02,10.1088/2634-4386/ac7327,HfOx,5.0,0.6989700043360189,0,0,ANALOG,NOT_REPORTED,normalized_from_ratio,IDEALIZED_SINGLE_PAIR_ANALOG,IDEALIZED_ANALOG_MAPPING,16,3,7,0,2,8,203264,800,256,204800,92.18,4.049999999999997,92.10091423809523,0.05596321889883628,92.04495101919639,-0.07908576190477845,0.07908576190477845,False,LEAVE_ONE_STUDY_OUT,10.1088/2634-4386/ac7327,HfOx_02,10.1088/2634-4386/ac7327,HfOx,8,6,5,False
HfOx_02,10.1088/2634-4386/ac7327,HfOx,5.0,0.6989700043360189,0,0,ANALOG,NOT_REPORTED,normalized_from_ratio,IDEALIZED_SINGLE_PAIR_ANALOG,IDEALIZED_ANALOG_MAPPING,256,3,7,0,2,7,203264,10,128,1280,92.14,4.090000000000003,91.59791604761907,0.17166524662457064,91.4262508009945,-0.5420839523809349,0.5420839523809349,False,LEAVE_ONE_STUDY_OUT,10.1088/2634-4386/ac7327,HfOx_02,10.1088/2634-4386/ac7327,HfOx,8,6,5,False
HfOx_02,10.1088/2634-4386/ac7327,HfOx,5.0,0.6989700043360189,0,0,ANALOG,NOT_REPORTED,normalized_from_ratio,IDEALIZED_SINGLE_PAIR_ANALOG,IDEALIZED_ANALOG_MAPPING,64,3,7,0,2,7,203264,56,128,7168,92.12,4.109999999999999,91.69595033333334,0.18308800467873151,91.5128623286546,-0.42404966666666155,0.42404966666666155,False,LEAVE_ONE_STUDY_OUT,10.1088/2634-4386/ac7327,HfOx_02,10.1088/2634-4386/ac7327,HfOx,8,6,5,False
HfOx_02,10.1088/2634-4386/ac7327,HfOx,5.0,0.6989700043360189,0,0,ANALOG,NOT_REPORTED,normalized_from_ratio,IDEALIZED_SINGLE_PAIR_ANALOG,IDEALIZED_ANALOG_MAPPING,16,3,7,0,2,6,203264,800,64,51200,92.1,4.13000000000001,91.4479645,0.3418755566244462,91.10608894337555,-0.6520354999999967,0.6520354999999967,False,LEAVE_ONE_STUDY_OUT,10.1088/2634-4386/ac7327,HfOx_02,10.1088/2634-4386/ac7327,HfOx,8,6,5,False
HfOx_02,10.1088/2634-4386/ac7327,HfOx,5.0,0.6989700043360189,0,0,ANALOG,NOT_REPORTED,normalized_from_ratio,IDEALIZED_SINGLE_PAIR_ANALOG,IDEALIZED_ANALOG_MAPPING,32,3,7,0,2,6,203264,208,64,13312,91.7,4.530000000000001,91.20000521428571,0.33008122049870997,90.869923993787,-0.4999947857142928,0.4999947857142928,False,LEAVE_ONE_STUDY_OUT,10.1088/2634-4386/ac7327,HfOx_02,10.1088/2634-4386/ac7327,HfOx,8,6,5,False
HfOx_02,10.1088/2634-4386/ac7327,HfOx,5.0,0.6989700043360189,0,0,ANALOG,NOT_REPORTED,normalized_from_ratio,IDEALIZED_SINGLE_PAIR_ANALOG,IDEALIZED_ANALOG_MAPPING,16,3,7,0,2,5,203264,800,32,25600,91.47,4.760000000000005,88.70284444372295,2.1324089216966926,86.57043552202626,-2.7671555562770465,2.7671555562770465,False,LEAVE_ONE_STUDY_OUT,10.1088/2634-4386/ac7327,HfOx_02,10.1088/2634-4386/ac7327,HfOx,8,6,5,False
HfOx_02,10.1088/2634-4386/ac7327,HfOx,5.0,0.6989700043360189,0,0,ANALOG,NOT_REPORTED,normalized_from_ratio,IDEALIZED_SINGLE_PAIR_ANALOG,IDEALIZED_ANALOG_MAPPING,64,3,7,0,2,6,203264,56,64,3584,91.28,4.950000000000003,90.33065838888889,0.6806506070202022,89.6500077818687,-0.9493416111111088,0.9493416111111088,False,LEAVE_ONE_STUDY_OUT,10.1088/2634-4386/ac7327,HfOx_02,10.1088/2634-4386/ac7327,HfOx,8,6,5,False
HfOx_02,10.1088/2634-4386/ac7327,HfOx,5.0,0.6989700043360189,0,0,ANALOG,NOT_REPORTED,normalized_from_ratio,IDEALIZED_SINGLE_PAIR_ANALOG,IDEALIZED_ANALOG_MAPPING,32,3,7,0,2,5,203264,208,32,6656,91.07,5.160000000000011,87.71778332539682,2.0470551355656363,85.67072818983118,-3.35221667460317,3.35221667460317,False,LEAVE_ONE_STUDY_OUT,10.1088/2634-4386/ac7327,HfOx_02,10.1088/2634-4386/ac7327,HfOx,8,6,5,False
HfOx_02,10.1088/2634-4386/ac7327,HfOx,5.0,0.6989700043360189,0,0,ANALOG,NOT_REPORTED,normalized_from_ratio,IDEALIZED_SINGLE_PAIR_ANALOG,IDEALIZED_ANALOG_MAPPING,128,3,7,0,2,6,203264,16,64,1024,91.05,5.180000000000007,89.41365224603173,1.0153902334986313,88.3982620125331,-1.6363477539682663,1.6363477539682663,False,LEAVE_ONE_STUDY_OUT,10.1088/2634-4386/ac7327,HfOx_02,10.1088/2634-4386/ac7327,HfOx,8,6,5,False
HfOx_02,10.1088/2634-4386/ac7327,HfOx,5.0,0.6989700043360189,0,0,ANALOG,NOT_REPORTED,normalized_from_ratio,IDEALIZED_SINGLE_PAIR_ANALOG,IDEALIZED_ANALOG_MAPPING,256,3,7,0,2,6,203264,10,64,640,91.04,5.189999999999998,89.15448738888888,1.052029096852131,88.10245829203674,-1.8855126111111247,1.8855126111111247,False,LEAVE_ONE_STUDY_OUT,10.1088/2634-4386/ac7327,HfOx_02,10.1088/2634-4386/ac7327,HfOx,8,6,5,False
HfOx_02,10.1088/2634-4386/ac7327,HfOx,5.0,0.6989700043360189,0,0,ANALOG,NOT_REPORTED,normalized_from_ratio,IDEALIZED_SINGLE_PAIR_ANALOG,IDEALIZED_ANALOG_MAPPING,64,3,7,0,2,5,203264,56,32,1792,90.47,5.760000000000005,84.97109232539684,2.760704283424507,82.21038804197234,-5.49890767460316,5.49890767460316,False,LEAVE_ONE_STUDY_OUT,10.1088/2634-4386/ac7327,HfOx_02,10.1088/2634-4386/ac7327,HfOx,8,6,5,False
HfOx_02,10.1088/2634-4386/ac7327,HfOx,5.0,0.6989700043360189,0,0,ANALOG,NOT_REPORTED,normalized_from_ratio,IDEALIZED_SINGLE_PAIR_ANALOG,IDEALIZED_ANALOG_MAPPING,16,3,7,0,2,4,203264,800,16,12800,90.31,5.920000000000002,82.54486628571428,5.023949934667909,77.52091635104637,-7.765133714285724,7.765133714285724,False,LEAVE_ONE_STUDY_OUT,10.1088/2634-4386/ac7327,HfOx_02,10.1088/2634-4386/ac7327,HfOx,8,6,5,False
HfOx_02,10.1088/2634-4386/ac7327,HfOx,5.0,0.6989700043360189,0,0,ANALOG,NOT_REPORTED,normalized_from_ratio,IDEALIZED_SINGLE_PAIR_ANALOG,IDEALIZED_ANALOG_MAPPING,128,3,7,0,2,5,203264,16,32,512,89.21,7.02000000000001,79.43850933333333,5.113026869154204,74.32548246417912,-9.771490666666665,9.771490666666665,False,LEAVE_ONE_STUDY_OUT,10.1088/2634-4386/ac7327,HfOx_02,10.1088/2634-4386/ac7327,HfOx,8,6,5,False
HfOx_02,10.1088/2634-4386/ac7327,HfOx,5.0,0.6989700043360189,0,0,ANALOG,NOT_REPORTED,normalized_from_ratio,IDEALIZED_SINGLE_PAIR_ANALOG,IDEALIZED_ANALOG_MAPPING,64,6,63,0,2,4,203264,56,16,896,88.78,7.450000000000003,68.89617934920636,13.408333076252262,55.4878462729541,-19.883820650793638,19.883820650793638,False,LEAVE_ONE_STUDY_OUT,10.1088/2634-4386/ac7327,HfOx_02,10.1088/2634-4386/ac7327,HfOx,8,6,5,False
HfOx_02,10.1088/2634-4386/ac7327,HfOx,5.0,0.6989700043360189,0,0,ANALOG,NOT_REPORTED,normalized_from_ratio,IDEALIZED_SINGLE_PAIR_ANALOG,IDEALIZED_ANALOG_MAPPING,64,8,255,0,2,4,203264,56,16,896,88.69,7.540000000000006,69.21000425396826,13.31574216076174,55.89426209320652,-19.479995746031733,19.479995746031733,False,LEAVE_ONE_STUDY_OUT,10.1088/2634-4386/ac7327,HfOx_02,10.1088/2634-4386/ac7327,HfOx,8,6,5,False
HfOx_02,10.1088/2634-4386/ac7327,HfOx,5.0,0.6989700043360189,0,0,ANALOG,NOT_REPORTED,normalized_from_ratio,IDEALIZED_SINGLE_PAIR_ANALOG,IDEALIZED_ANALOG_MAPPING,64,4,15,0,2,4,203264,56,16,896,88.25,7.980000000000004,67.45844184126985,13.001325827244761,54.45711601402508,-20.791558158730155,20.791558158730155,False,LEAVE_ONE_STUDY_OUT,10.1088/2634-4386/ac7327,HfOx_02,10.1088/2634-4386/ac7327,HfOx,8,6,5,False
HfOx_02,10.1088/2634-4386/ac7327,HfOx,5.0,0.6989700043360189,0,0,ANALOG,NOT_REPORTED,normalized_from_ratio,IDEALIZED_SINGLE_PAIR_ANALOG,IDEALIZED_ANALOG_MAPPING,32,3,7,0,2,4,203264,208,16,3328,88.19,8.040000000000006,76.54068863492063,8.922045830758568,67.61864280416206,-11.64931136507937,11.64931136507937,False,LEAVE_ONE_STUDY_OUT,10.1088/2634-4386/ac7327,HfOx_02,10.1088/2634-4386/ac7327,HfOx,8,6,5,False
HfOx_02,10.1088/2634-4386/ac7327,HfOx,5.0,0.6989700043360189,0,0,ANALOG,NOT_REPORTED,normalized_from_ratio,IDEALIZED_SINGLE_PAIR_ANALOG,IDEALIZED_ANALOG_MAPPING,64,5,31,0,2,4,203264,56,16,896,88.14,8.090000000000003,68.36999865873015,13.253796468554963,55.11620219017519,-19.770001341269847,19.770001341269847,False,LEAVE_ONE_STUDY_OUT,10.1088/2634-4386/ac7327,HfOx_02,10.1088/2634-4386/ac7327,HfOx,8,6,5,False
HfOx_02,10.1088/2634-4386/ac7327,HfOx,5.0,0.6989700043360189,0,0,ANALOG,NOT_REPORTED,normalized_from_ratio,IDEALIZED_SINGLE_PAIR_ANALOG,IDEALIZED_ANALOG_MAPPING,64,7,127,0,2,4,203264,56,16,896,88.12,8.11,69.21405258730158,13.336496899645143,55.87755568765644,-18.905947412698424,18.905947412698424,False,LEAVE_ONE_STUDY_OUT,10.1088/2634-4386/ac7327,HfOx_02,10.1088/2634-4386/ac7327,HfOx,8,6,5,False
HfOx_02,10.1088/2634-4386/ac7327,HfOx,5.0,0.6989700043360189,0,0,ANALOG,NOT_REPORTED,normalized_from_ratio,IDEALIZED_SINGLE_PAIR_ANALOG,IDEALIZED_ANALOG_MAPPING,256,3,7,0,2,5,203264,10,32,320,87.92,8.310000000000002,78.13340918253968,5.191965605155035,72.94144357738465,-9.786590817460322,9.786590817460322,False,LEAVE_ONE_STUDY_OUT,10.1088/2634-4386/ac7327,HfOx_02,10.1088/2634-4386/ac7327,HfOx,8,6,5,False
HfOx_02,10.1088/2634-4386/ac7327,HfOx,5.0,0.6989700043360189,0,0,ANALOG,NOT_REPORTED,normalized_from_ratio,IDEALIZED_SINGLE_PAIR_ANALOG,IDEALIZED_ANALOG_MAPPING,64,3,7,0,2,4,203264,56,16,896,84.46,11.77000000000001,67.15798761111111,12.74296481801808,54.41502279309303,-17.302012388888883,17.302012388888883,False,LEAVE_ONE_STUDY_OUT,10.1088/2634-4386/ac7327,HfOx_02,10.1088/2634-4386/ac7327,HfOx,8,6,5,False
HfOx_02,10.1088/2634-4386/ac7327,HfOx,5.0,0.6989700043360189,0,0,ANALOG,NOT_REPORTED,normalized_from_ratio,IDEALIZED_SINGLE_PAIR_ANALOG,IDEALIZED_ANALOG_MAPPING,128,4,15,0,2,4,203264,16,16,256,79.93,16.299999999999997,55.16651515873016,10.265159773751659,44.9013553849785,-24.76348484126985,24.76348484126985,False,LEAVE_ONE_STUDY_OUT,10.1088/2634-4386/ac7327,HfOx_02,10.1088/2634-4386/ac7327,HfOx,8,6,5,False
HfOx_02,10.1088/2634-4386/ac7327,HfOx,5.0,0.6989700043360189,0,0,ANALOG,NOT_REPORTED,normalized_from_ratio,IDEALIZED_SINGLE_PAIR_ANALOG,IDEALIZED_ANALOG_MAPPING,128,3,7,0,2,4,203264,16,16,256,79.72,16.510000000000005,51.70714082539683,9.739886039723707,41.96725478567312,-28.01285917460317,28.01285917460317,False,LEAVE_ONE_STUDY_OUT,10.1088/2634-4386/ac7327,HfOx_02,10.1088/2634-4386/ac7327,HfOx,8,6,5,False
HfOx_02,10.1088/2634-4386/ac7327,HfOx,5.0,0.6989700043360189,0,0,ANALOG,NOT_REPORTED,normalized_from_ratio,IDEALIZED_SINGLE_PAIR_ANALOG,IDEALIZED_ANALOG_MAPPING,128,6,63,0,2,4,203264,16,16,256,79.07,17.16000000000001,57.1796508968254,10.478579395860324,46.70107150096508,-21.890349103174593,21.890349103174593,False,LEAVE_ONE_STUDY_OUT,10.1088/2634-4386/ac7327,HfOx_02,10.1088/2634-4386/ac7327,HfOx,8,6,5,False
HfOx_02,10.1088/2634-4386/ac7327,HfOx,5.0,0.6989700043360189,0,0,ANALOG,NOT_REPORTED,normalized_from_ratio,IDEALIZED_SINGLE_PAIR_ANALOG,IDEALIZED_ANALOG_MAPPING,128,8,255,0,2,4,203264,16,16,256,78.84,17.39,57.18696178571429,10.296274130701399,46.89068765501289,-21.653038214285715,21.653038214285715,False,LEAVE_ONE_STUDY_OUT,10.1088/2634-4386/ac7327,HfOx_02,10.1088/2634-4386/ac7327,HfOx,8,6,5,False
HfOx_02,10.1088/2634-4386/ac7327,HfOx,5.0,0.6989700043360189,0,0,ANALOG,NOT_REPORTED,normalized_from_ratio,IDEALIZED_SINGLE_PAIR_ANALOG,IDEALIZED_ANALOG_MAPPING,128,7,127,0,2,4,203264,16,16,256,78.78,17.450000000000003,57.25879645238095,10.34619012846719,46.91260632391376,-21.521203547619052,21.521203547619052,False,LEAVE_ONE_STUDY_OUT,10.1088/2634-4386/ac7327,HfOx_02,10.1088/2634-4386/ac7327,HfOx,8,6,5,False
HfOx_02,10.1088/2634-4386/ac7327,HfOx,5.0,0.6989700043360189,0,0,ANALOG,NOT_REPORTED,normalized_from_ratio,IDEALIZED_SINGLE_PAIR_ANALOG,IDEALIZED_ANALOG_MAPPING,128,5,31,0,2,4,203264,16,16,256,78.28,17.950000000000003,56.46089611111111,10.380357346455805,46.08053876465531,-21.81910388888889,21.81910388888889,False,LEAVE_ONE_STUDY_OUT,10.1088/2634-4386/ac7327,HfOx_02,10.1088/2634-4386/ac7327,HfOx,8,6,5,False
HfOx_02,10.1088/2634-4386/ac7327,HfOx,5.0,0.6989700043360189,0,0,ANALOG,NOT_REPORTED,normalized_from_ratio,IDEALIZED_SINGLE_PAIR_ANALOG,IDEALIZED_ANALOG_MAPPING,256,3,7,0,2,4,203264,10,16,160,77.12,19.11,46.980422103174604,9.408550714611199,37.57187138856341,-30.1395778968254,30.1395778968254,False,LEAVE_ONE_STUDY_OUT,10.1088/2634-4386/ac7327,HfOx_02,10.1088/2634-4386/ac7327,HfOx,8,6,5,False
HfOx_02,10.1088/2634-4386/ac7327,HfOx,5.0,0.6989700043360189,0,0,ANALOG,NOT_REPORTED,normalized_from_ratio,IDEALIZED_SINGLE_PAIR_ANALOG,IDEALIZED_ANALOG_MAPPING,256,4,15,0,2,4,203264,10,16,160,76.78,19.450000000000003,49.13620886507937,10.251146468831871,38.8850623962475,-27.643791134920633,27.643791134920633,False,LEAVE_ONE_STUDY_OUT,10.1088/2634-4386/ac7327,HfOx_02,10.1088/2634-4386/ac7327,HfOx,8,6,5,False
HfOx_02,10.1088/2634-4386/ac7327,HfOx,5.0,0.6989700043360189,0,0,ANALOG,NOT_REPORTED,normalized_from_ratio,IDEALIZED_SINGLE_PAIR_ANALOG,IDEALIZED_ANALOG_MAPPING,256,6,63,0,2,4,203264,10,16,160,76.45,19.78,50.53086055555556,10.90190790265362,39.628952652901944,-25.91913944444444,25.91913944444444,False,LEAVE_ONE_STUDY_OUT,10.1088/2634-4386/ac7327,HfOx_02,10.1088/2634-4386/ac7327,HfOx,8,6,5,False
HfOx_02,10.1088/2634-4386/ac7327,HfOx,5.0,0.6989700043360189,0,0,ANALOG,NOT_REPORTED,normalized_from_ratio,IDEALIZED_SINGLE_PAIR_ANALOG,IDEALIZED_ANALOG_MAPPING,256,7,127,0,2,4,203264,10,16,160,76.35,19.88000000000001,50.55424108730159,10.85700739730467,39.69723368999692,-25.795758912698403,25.795758912698403,False,LEAVE_ONE_STUDY_OUT,10.1088/2634-4386/ac7327,HfOx_02,10.1088/2634-4386/ac7327,HfOx,8,6,5,False
HfOx_02,10.1088/2634-4386/ac7327,HfOx,5.0,0.6989700043360189,0,0,ANALOG,NOT_REPORTED,normalized_from_ratio,IDEALIZED_SINGLE_PAIR_ANALOG,IDEALIZED_ANALOG_MAPPING,256,5,31,0,2,4,203264,10,16,160,76.04,20.19,50.05266817460317,10.614391541202425,39.43827663340075,-25.987331825396836,25.987331825396836,False,LEAVE_ONE_STUDY_OUT,10.1088/2634-4386/ac7327,HfOx_02,10.1088/2634-4386/ac7327,HfOx,8,6,5,False
HfOx_02,10.1088/2634-4386/ac7327,HfOx,5.0,0.6989700043360189,0,0,ANALOG,NOT_REPORTED,normalized_from_ratio,IDEALIZED_SINGLE_PAIR_ANALOG,IDEALIZED_ANALOG_MAPPING,256,8,255,0,2,4,203264,10,16,160,76.02,20.210000000000008,50.49273308730159,10.793454817113778,39.69927827018781,-25.52726691269841,25.52726691269841,False,LEAVE_ONE_STUDY_OUT,10.1088/2634-4386/ac7327,HfOx_02,10.1088/2634-4386/ac7327,HfOx,8,6,5,False
HfOx_02,10.1088/2634-4386/ac7327,HfOx,5.0,0.6989700043360189,0,0,ANALOG,NOT_REPORTED,normalized_from_ratio,IDEALIZED_SINGLE_PAIR_ANALOG,IDEALIZED_ANALOG_MAPPING,128,2,3,0,2,5,203264,16,32,512,12.18,84.05000000000001,9.901731341269842,0.4716512532904259,9.430080087979416,-2.2782686587301573,2.2782686587301573,False,LEAVE_ONE_STUDY_OUT,10.1088/2634-4386/ac7327,HfOx_02,10.1088/2634-4386/ac7327,HfOx,8,6,5,False
HfOx_02,10.1088/2634-4386/ac7327,HfOx,5.0,0.6989700043360189,0,0,ANALOG,NOT_REPORTED,normalized_from_ratio,IDEALIZED_SINGLE_PAIR_ANALOG,IDEALIZED_ANALOG_MAPPING,256,2,3,0,2,5,203264,10,32,320,12.12,84.11,9.688918182539684,0.35053121552743394,9.33838696701225,-2.4310818174603153,2.4310818174603153,False,LEAVE_ONE_STUDY_OUT,10.1088/2634-4386/ac7327,HfOx_02,10.1088/2634-4386/ac7327,HfOx,8,6,5,False
HfOx_02,10.1088/2634-4386/ac7327,HfOx,5.0,0.6989700043360189,0,0,ANALOG,NOT_REPORTED,normalized_from_ratio,IDEALIZED_SINGLE_PAIR_ANALOG,IDEALIZED_ANALOG_MAPPING,32,2,3,0,2,4,203264,208,16,3328,11.88,84.35000000000001,10.75909922005772,0.4232952239168167,10.335803996140903,-1.1209007799422803,1.1209007799422803,False,LEAVE_ONE_STUDY_OUT,10.1088/2634-4386/ac7327,HfOx_02,10.1088/2634-4386/ac7327,HfOx,8,6,5,False
HfOx_02,10.1088/2634-4386/ac7327,HfOx,5.0,0.6989700043360189,0,0,ANALOG,NOT_REPORTED,normalized_from_ratio,IDEALIZED_SINGLE_PAIR_ANALOG,IDEALIZED_ANALOG_MAPPING,32,2,3,0,2,5,203264,208,32,6656,11.77,84.46000000000001,10.833739625541126,0.33424761995755803,10.499492005583567,-0.9362603744588736,0.9362603744588736,False,LEAVE_ONE_STUDY_OUT,10.1088/2634-4386/ac7327,HfOx_02,10.1088/2634-4386/ac7327,HfOx,8,6,5,False
HfOx_02,10.1088/2634-4386/ac7327,HfOx,5.0,0.6989700043360189,0,0,ANALOG,NOT_REPORTED,normalized_from_ratio,IDEALIZED_SINGLE_PAIR_ANALOG,IDEALIZED_ANALOG_MAPPING,16,2,3,0,2,4,203264,800,16,12800,11.58,84.65,10.749463220057718,0.4058459478486571,10.34361727220906,-0.8305367799422818,0.8305367799422818,False,LEAVE_ONE_STUDY_OUT,10.1088/2634-4386/ac7327,HfOx_02,10.1088/2634-4386/ac7327,HfOx,8,6,5,False
HfOx_02,10.1088/2634-4386/ac7327,HfOx,5.0,0.6989700043360189,0,0,ANALOG,NOT_REPORTED,normalized_from_ratio,IDEALIZED_SINGLE_PAIR_ANALOG,IDEALIZED_ANALOG_MAPPING,16,2,3,0,2,5,203264,800,32,25600,11.58,84.65,10.834990006493506,0.32840512965058155,10.506584876842924,-0.7450099935064944,0.7450099935064944,False,LEAVE_ONE_STUDY_OUT,10.1088/2634-4386/ac7327,HfOx_02,10.1088/2634-4386/ac7327,HfOx,8,6,5,False
HfOx_02,10.1088/2634-4386/ac7327,HfOx,5.0,0.6989700043360189,0,0,ANALOG,NOT_REPORTED,normalized_from_ratio,IDEALIZED_SINGLE_PAIR_ANALOG,IDEALIZED_ANALOG_MAPPING,256,2,3,0,2,7,203264,10,128,1280,11.57,84.66,10.871568238095238,0.22509002354570934,10.646478214549528,-0.6984317619047626,0.6984317619047626,False,LEAVE_ONE_STUDY_OUT,10.1088/2634-4386/ac7327,HfOx_02,10.1088/2634-4386/ac7327,HfOx,8,6,5,False
HfOx_02,10.1088/2634-4386/ac7327,HfOx,5.0,0.6989700043360189,0,0,ANALOG,NOT_REPORTED,normalized_from_ratio,IDEALIZED_SINGLE_PAIR_ANALOG,IDEALIZED_ANALOG_MAPPING,128,2,3,0,2,7,203264,16,128,2048,11.57,84.66,10.955698515873015,0.17642954517581208,10.779268970697203,-0.6143014841269849,0.6143014841269849,False,LEAVE_ONE_STUDY_OUT,10.1088/2634-4386/ac7327,HfOx_02,10.1088/2634-4386/ac7327,HfOx,8,6,5,False
HfOx_02,10.1088/2634-4386/ac7327,HfOx,5.0,0.6989700043360189,0,0,ANALOG,NOT_REPORTED,normalized_from_ratio,IDEALIZED_SINGLE_PAIR_ANALOG,IDEALIZED_ANALOG_MAPPING,64,2,3,0,2,5,203264,56,32,1792,11.52,84.71000000000001,10.762016482683983,0.5344540024014838,10.227562480282499,-0.757983517316017,0.757983517316017,False,LEAVE_ONE_STUDY_OUT,10.1088/2634-4386/ac7327,HfOx_02,10.1088/2634-4386/ac7327,HfOx,8,6,5,False
HfOx_02,10.1088/2634-4386/ac7327,HfOx,5.0,0.6989700043360189,0,0,ANALOG,NOT_REPORTED,normalized_from_ratio,IDEALIZED_SINGLE_PAIR_ANALOG,IDEALIZED_ANALOG_MAPPING,32,2,3,0,2,7,203264,208,128,26624,11.5,84.73,11.20411511111111,0.116338034340407,11.087777076770703,-0.29588488888889053,0.29588488888889053,False,LEAVE_ONE_STUDY_OUT,10.1088/2634-4386/ac7327,HfOx_02,10.1088/2634-4386/ac7327,HfOx,8,6,5,False
HfOx_02,10.1088/2634-4386/ac7327,HfOx,5.0,0.6989700043360189,0,0,ANALOG,NOT_REPORTED,normalized_from_ratio,IDEALIZED_SINGLE_PAIR_ANALOG,IDEALIZED_ANALOG_MAPPING,256,2,3,0,2,9,203264,10,512,5120,11.45,84.78,11.266025769841269,0.08918513978018122,11.176840630061088,-0.18397423015873038,0.18397423015873038,False,LEAVE_ONE_STUDY_OUT,10.1088/2634-4386/ac7327,HfOx_02,10.1088/2634-4386/ac7327,HfOx,8,6,5,False
HfOx_02,10.1088/2634-4386/ac7327,HfOx,5.0,0.6989700043360189,0,0,ANALOG,NOT_REPORTED,normalized_from_ratio,IDEALIZED_SINGLE_PAIR_ANALOG,IDEALIZED_ANALOG_MAPPING,16,2,3,0,2,7,203264,800,128,102400,11.42,84.81,11.305451388888889,0.08842423460999015,11.217027154278899,-0.11454861111111114,0.11454861111111114,False,LEAVE_ONE_STUDY_OUT,10.1088/2634-4386/ac7327,HfOx_02,10.1088/2634-4386/ac7327,HfOx,8,6,5,False
HfOx_02,10.1088/2634-4386/ac7327,HfOx,5.0,0.6989700043360189,0,0,ANALOG,NOT_REPORTED,normalized_from_ratio,IDEALIZED_SINGLE_PAIR_ANALOG,IDEALIZED_ANALOG_MAPPING,16,2,3,0,2,9,203264,800,512,409600,11.42,84.81,11.324218253968255,0.05472371025296853,11.269494543715286,-0.09578174603174539,0.09578174603174539,False,LEAVE_ONE_STUDY_OUT,10.1088/2634-4386/ac7327,HfOx_02,10.1088/2634-4386/ac7327,HfOx,8,6,5,False
HfOx_02,10.1088/2634-4386/ac7327,HfOx,5.0,0.6989700043360189,0,0,ANALOG,NOT_REPORTED,normalized_from_ratio,IDEALIZED_SINGLE_PAIR_ANALOG,IDEALIZED_ANALOG_MAPPING,16,2,3,0,2,6,203264,800,64,51200,11.39,84.84,11.180521627705629,0.15170127547025347,11.028820352235375,-0.20947837229437205,0.20947837229437205,False,LEAVE_ONE_STUDY_OUT,10.1088/2634-4386/ac7327,HfOx_02,10.1088/2634-4386/ac7327,HfOx,8,6,5,False
HfOx_02,10.1088/2634-4386/ac7327,HfOx,5.0,0.6989700043360189,0,0,ANALOG,NOT_REPORTED,normalized_from_ratio,IDEALIZED_SINGLE_PAIR_ANALOG,IDEALIZED_ANALOG_MAPPING,32,2,3,0,2,9,203264,208,512,106496,11.39,84.84,11.262179823953822,0.06200294634820951,11.200176877605612,-0.12782017604617835,0.12782017604617835,False,LEAVE_ONE_STUDY_OUT,10.1088/2634-4386/ac7327,HfOx_02,10.1088/2634-4386/ac7327,HfOx,8,6,5,False
HfOx_02,10.1088/2634-4386/ac7327,HfOx,5.0,0.6989700043360189,0,0,ANALOG,NOT_REPORTED,normalized_from_ratio,IDEALIZED_SINGLE_PAIR_ANALOG,IDEALIZED_ANALOG_MAPPING,128,2,3,0,2,9,203264,16,512,8192,11.39,84.84,11.262294920634922,0.08168105292611376,11.180613867708809,-0.1277050793650787,0.1277050793650787,False,LEAVE_ONE_STUDY_OUT,10.1088/2634-4386/ac7327,HfOx_02,10.1088/2634-4386/ac7327,HfOx,8,6,5,False
HfOx_02,10.1088/2634-4386/ac7327,HfOx,5.0,0.6989700043360189,0,0,ANALOG,NOT_REPORTED,normalized_from_ratio,IDEALIZED_SINGLE_PAIR_ANALOG,IDEALIZED_ANALOG_MAPPING,16,2,3,0,2,10,203264,800,1024,819200,11.38,84.85000000000001,11.308559904761905,0.058952844618989864,11.249607060142916,-0.07144009523809558,0.07144009523809558,False,LEAVE_ONE_STUDY_OUT,10.1088/2634-4386/ac7327,HfOx_02,10.1088/2634-4386/ac7327,HfOx,8,6,5,False
HfOx_02,10.1088/2634-4386/ac7327,HfOx,5.0,0.6989700043360189,0,0,ANALOG,NOT_REPORTED,normalized_from_ratio,IDEALIZED_SINGLE_PAIR_ANALOG,IDEALIZED_ANALOG_MAPPING,16,2,3,0,2,8,203264,800,256,204800,11.36,84.87,11.294822966810967,0.0687662073202543,11.226056759490714,-0.06517703318903223,0.06517703318903223,False,LEAVE_ONE_STUDY_OUT,10.1088/2634-4386/ac7327,HfOx_02,10.1088/2634-4386/ac7327,HfOx,8,6,5,False
HfOx_02,10.1088/2634-4386/ac7327,HfOx,5.0,0.6989700043360189,0,0,ANALOG,NOT_REPORTED,normalized_from_ratio,IDEALIZED_SINGLE_PAIR_ANALOG,IDEALIZED_ANALOG_MAPPING,64,2,3,0,2,7,203264,56,128,7168,11.36,84.87,11.14202303968254,0.1153898143581087,11.026633225324431,-0.2179769603174595,0.2179769603174595,False,LEAVE_ONE_STUDY_OUT,10.1088/2634-4386/ac7327,HfOx_02,10.1088/2634-4386/ac7327,HfOx,8,6,5,False
HfOx_02,10.1088/2634-4386/ac7327,HfOx,5.0,0.6989700043360189,0,0,ANALOG,NOT_REPORTED,normalized_from_ratio,IDEALIZED_SINGLE_PAIR_ANALOG,IDEALIZED_ANALOG_MAPPING,64,2,3,0,2,9,203264,56,512,28672,11.32,84.91,11.244247014430012,0.08112758207969467,11.163119432350317,-0.07575298556998789,0.07575298556998789,False,LEAVE_ONE_STUDY_OUT,10.1088/2634-4386/ac7327,HfOx_02,10.1088/2634-4386/ac7327,HfOx,8,6,5,False
HfOx_02,10.1088/2634-4386/ac7327,HfOx,5.0,0.6989700043360189,0,0,ANALOG,NOT_REPORTED,normalized_from_ratio,IDEALIZED_SINGLE_PAIR_ANALOG,IDEALIZED_ANALOG_MAPPING,64,2,3,0,2,4,203264,56,16,896,11.3,84.93,10.660544505772005,0.5321204715529065,10.1284240342191,-0.6394554942279953,0.6394554942279953,False,LEAVE_ONE_STUDY_OUT,10.1088/2634-4386/ac7327,HfOx_02,10.1088/2634-4386/ac7327,HfOx,8,6,5,False
HfOx_02,10.1088/2634-4386/ac7327,HfOx,5.0,0.6989700043360189,0,0,ANALOG,NOT_REPORTED,normalized_from_ratio,IDEALIZED_SINGLE_PAIR_ANALOG,IDEALIZED_ANALOG_MAPPING,256,2,3,0,2,10,203264,10,1024,10240,11.26,84.97,11.226822365079366,0.07268433780349579,11.15413802727587,-0.033177634920633636,0.033177634920633636,False,LEAVE_ONE_STUDY_OUT,10.1088/2634-4386/ac7327,HfOx_02,10.1088/2634-4386/ac7327,HfOx,8,6,5,False
HfOx_02,10.1088/2634-4386/ac7327,HfOx,5.0,0.6989700043360189,0,0,ANALOG,NOT_REPORTED,normalized_from_ratio,IDEALIZED_SINGLE_PAIR_ANALOG,IDEALIZED_ANALOG_MAPPING,128,2,3,0,2,10,203264,16,1024,16384,11.26,84.97,11.213840730158733,0.056886341281395955,11.156954388877336,-0.04615926984126695,0.04615926984126695,False,LEAVE_ONE_STUDY_OUT,10.1088/2634-4386/ac7327,HfOx_02,10.1088/2634-4386/ac7327,HfOx,8,6,5,False
HfOx_02,10.1088/2634-4386/ac7327,HfOx,5.0,0.6989700043360189,0,0,ANALOG,NOT_REPORTED,normalized_from_ratio,IDEALIZED_SINGLE_PAIR_ANALOG,IDEALIZED_ANALOG_MAPPING,128,2,3,0,2,8,203264,16,256,4096,11.26,84.97,11.20197469047619,0.10525327905533172,11.096721411420859,-0.05802530952380991,0.05802530952380991,False,LEAVE_ONE_STUDY_OUT,10.1088/2634-4386/ac7327,HfOx_02,10.1088/2634-4386/ac7327,HfOx,8,6,5,False
HfOx_02,10.1088/2634-4386/ac7327,HfOx,5.0,0.6989700043360189,0,0,ANALOG,NOT_REPORTED,normalized_from_ratio,IDEALIZED_SINGLE_PAIR_ANALOG,IDEALIZED_ANALOG_MAPPING,32,2,3,0,2,8,203264,208,256,53248,11.2,85.03,11.20005306998557,0.08833305747156893,11.111720012514,5.3069985570530775e-05,5.3069985570530775e-05,False,LEAVE_ONE_STUDY_OUT,10.1088/2634-4386/ac7327,HfOx_02,10.1088/2634-4386/ac7327,HfOx,8,6,5,False
HfOx_02,10.1088/2634-4386/ac7327,HfOx,5.0,0.6989700043360189,0,0,ANALOG,NOT_REPORTED,normalized_from_ratio,IDEALIZED_SINGLE_PAIR_ANALOG,IDEALIZED_ANALOG_MAPPING,64,2,3,0,2,10,203264,56,1024,57344,11.19,85.04,11.19836634126984,0.051122005398414216,11.147244335871427,0.00836634126984137,0.00836634126984137,False,LEAVE_ONE_STUDY_OUT,10.1088/2634-4386/ac7327,HfOx_02,10.1088/2634-4386/ac7327,HfOx,8,6,5,False
HfOx_02,10.1088/2634-4386/ac7327,HfOx,5.0,0.6989700043360189,0,0,ANALOG,NOT_REPORTED,normalized_from_ratio,IDEALIZED_SINGLE_PAIR_ANALOG,IDEALIZED_ANALOG_MAPPING,256,2,3,0,2,8,203264,10,256,2560,11.18,85.05000000000001,11.218483595238096,0.11840613353344019,11.100077461704656,0.03848359523809641,0.03848359523809641,False,LEAVE_ONE_STUDY_OUT,10.1088/2634-4386/ac7327,HfOx_02,10.1088/2634-4386/ac7327,HfOx,8,6,5,False
HfOx_02,10.1088/2634-4386/ac7327,HfOx,5.0,0.6989700043360189,0,0,ANALOG,NOT_REPORTED,normalized_from_ratio,IDEALIZED_SINGLE_PAIR_ANALOG,IDEALIZED_ANALOG_MAPPING,32,2,3,0,2,10,203264,208,1024,212992,11.17,85.06,11.222257626984126,0.058952585794625534,11.163305041189501,0.05225762698412595,0.05225762698412595,False,LEAVE_ONE_STUDY_OUT,10.1088/2634-4386/ac7327,HfOx_02,10.1088/2634-4386/ac7327,HfOx,8,6,5,False
HfOx_02,10.1088/2634-4386/ac7327,HfOx,5.0,0.6989700043360189,0,0,ANALOG,NOT_REPORTED,normalized_from_ratio,IDEALIZED_SINGLE_PAIR_ANALOG,IDEALIZED_ANALOG_MAPPING,128,2,3,0,2,6,203264,16,64,1024,11.15,85.08,10.687167111111112,0.2646277103181812,10.42253940079293,-0.4628328888888884,0.4628328888888884,False,LEAVE_ONE_STUDY_OUT,10.1088/2634-4386/ac7327,HfOx_02,10.1088/2634-4386/ac7327,HfOx,8,6,5,False
HfOx_02,10.1088/2634-4386/ac7327,HfOx,5.0,0.6989700043360189,0,0,ANALOG,NOT_REPORTED,normalized_from_ratio,IDEALIZED_SINGLE_PAIR_ANALOG,IDEALIZED_ANALOG_MAPPING,64,2,3,0,2,8,203264,56,256,14336,11.13,85.10000000000001,11.136784355699856,0.08413763541381862,11.052646720286036,0.006784355699855027,0.006784355699855027,False,LEAVE_ONE_STUDY_OUT,10.1088/2634-4386/ac7327,HfOx_02,10.1088/2634-4386/ac7327,HfOx,8,6,5,False
HfOx_02,10.1088/2634-4386/ac7327,HfOx,5.0,0.6989700043360189,0,0,ANALOG,NOT_REPORTED,normalized_from_ratio,IDEALIZED_SINGLE_PAIR_ANALOG,IDEALIZED_ANALOG_MAPPING,256,2,3,0,2,6,203264,10,64,640,11.03,85.2,10.491618976190477,0.2723184450046048,10.219300531185873,-0.5383810238095226,0.5383810238095226,False,LEAVE_ONE_STUDY_OUT,10.1088/2634-4386/ac7327,HfOx_02,10.1088/2634-4386/ac7327,HfOx,8,6,5,False
HfOx_02,10.1088/2634-4386/ac7327,HfOx,5.0,0.6989700043360189,0,0,ANALOG,NOT_REPORTED,normalized_from_ratio,IDEALIZED_SINGLE_PAIR_ANALOG,IDEALIZED_ANALOG_MAPPING,32,2,3,0,2,6,203264,208,64,13312,11.01,85.22,11.115360286435788,0.14750757306452095,10.967852713371267,0.1053602864357881,0.1053602864357881,False,LEAVE_ONE_STUDY_OUT,10.1088/2634-4386/ac7327,HfOx_02,10.1088/2634-4386/ac7327,HfOx,8,6,5,False
HfOx_02,10.1088/2634-4386/ac7327,HfOx,5.0,0.6989700043360189,0,0,ANALOG,NOT_REPORTED,normalized_from_ratio,IDEALIZED_SINGLE_PAIR_ANALOG,IDEALIZED_ANALOG_MAPPING,128,2,3,0,2,4,203264,16,16,256,10.87,85.36,9.723494214285715,0.4872766736185304,9.236217540667184,-1.1465057857142842,1.1465057857142842,False,LEAVE_ONE_STUDY_OUT,10.1088/2634-4386/ac7327,HfOx_02,10.1088/2634-4386/ac7327,HfOx,8,6,5,False
HfOx_02,10.1088/2634-4386/ac7327,HfOx,5.0,0.6989700043360189,0,0,ANALOG,NOT_REPORTED,normalized_from_ratio,IDEALIZED_SINGLE_PAIR_ANALOG,IDEALIZED_ANALOG_MAPPING,64,2,3,0,2,6,203264,56,64,3584,10.81,85.42,11.117624476911976,0.18335043240236065,10.934274044509616,0.30762447691197536,0.30762447691197536,False,LEAVE_ONE_STUDY_OUT,10.1088/2634-4386/ac7327,HfOx_02,10.1088/2634-4386/ac7327,HfOx,8,6,5,False
HfOx_02,10.1088/2634-4386/ac7327,HfOx,5.0,0.6989700043360189,0,0,ANALOG,NOT_REPORTED,normalized_from_ratio,IDEALIZED_SINGLE_PAIR_ANALOG,IDEALIZED_ANALOG_MAPPING,256,2,3,0,2,4,203264,10,16,160,9.87,86.36,9.496566722222221,0.4684646074310702,9.028102114791151,-0.373433277777778,0.373433277777778,False,LEAVE_ONE_STUDY_OUT,10.1088/2634-4386/ac7327,HfOx_02,10.1088/2634-4386/ac7327,HfOx,8,6,5,False
HfOx_01,10.1109/TNANO.2024.3485213,HfOx,45.4,1.657055852857104,0,0,GRADUAL_MULTILEVEL,NOT_REPORTED,absolute,IDEALIZED_SINGLE_PAIR_GRADUAL,IDEALIZED_GRADUAL_MAPPING,128,6,63,0,2,8,203264,16,256,4096,96.32,-0.0899999999999892,96.29102848412697,0.03865651962483694,96.25237196450213,-0.0289715158730246,0.0289715158730246,True,LEAVE_ONE_STUDY_OUT,10.1109/TNANO.2024.3485213,HfOx_01,10.1109/TNANO.2024.3485213,HfOx,8,6,5,False
HfOx_01,10.1109/TNANO.2024.3485213,HfOx,45.4,1.657055852857104,0,0,GRADUAL_MULTILEVEL,NOT_REPORTED,absolute,IDEALIZED_SINGLE_PAIR_GRADUAL,IDEALIZED_GRADUAL_MAPPING,16,6,63,0,2,9,203264,800,512,409600,96.31,-0.0799999999999983,96.25746263736262,0.01904618483089041,96.23841645253174,-0.052537362637380625,0.052537362637380625,True,LEAVE_ONE_STUDY_OUT,10.1109/TNANO.2024.3485213,HfOx_01,10.1109/TNANO.2024.3485213,HfOx,8,6,5,False
HfOx_01,10.1109/TNANO.2024.3485213,HfOx,45.4,1.657055852857104,0,0,GRADUAL_MULTILEVEL,NOT_REPORTED,absolute,IDEALIZED_SINGLE_PAIR_GRADUAL,IDEALIZED_GRADUAL_MAPPING,16,6,63,0,2,10,203264,800,1024,819200,96.3,-0.0699999999999931,96.29489524747476,0.011635047905096731,96.28326019956965,-0.005104752525241452,0.005104752525241452,True,LEAVE_ONE_STUDY_OUT,10.1109/TNANO.2024.3485213,HfOx_01,10.1109/TNANO.2024.3485213,HfOx,8,6,5,False
HfOx_01,10.1109/TNANO.2024.3485213,HfOx,45.4,1.657055852857104,0,0,GRADUAL_MULTILEVEL,NOT_REPORTED,absolute,IDEALIZED_SINGLE_PAIR_GRADUAL,IDEALIZED_GRADUAL_MAPPING,64,6,63,0,2,7,203264,56,128,7168,96.3,-0.0699999999999931,96.2150730880231,0.03261508308489784,96.18245800493821,-0.0849269119768934,0.0849269119768934,True,LEAVE_ONE_STUDY_OUT,10.1109/TNANO.2024.3485213,HfOx_01,10.1109/TNANO.2024.3485213,HfOx,8,6,5,False
HfOx_01,10.1109/TNANO.2024.3485213,HfOx,45.4,1.657055852857104,0,0,GRADUAL_MULTILEVEL,NOT_REPORTED,absolute,IDEALIZED_SINGLE_PAIR_GRADUAL,IDEALIZED_GRADUAL_MAPPING,32,6,63,0,2,10,203264,208,1024,212992,96.3,-0.0699999999999931,96.28881964285715,0.010970602997648713,96.2778490398595,-0.011180357142848152,0.011180357142848152,True,LEAVE_ONE_STUDY_OUT,10.1109/TNANO.2024.3485213,HfOx_01,10.1109/TNANO.2024.3485213,HfOx,8,6,5,False
HfOx_01,10.1109/TNANO.2024.3485213,HfOx,45.4,1.657055852857104,0,0,GRADUAL_MULTILEVEL,NOT_REPORTED,absolute,IDEALIZED_SINGLE_PAIR_GRADUAL,IDEALIZED_GRADUAL_MAPPING,256,6,63,0,2,10,203264,10,1024,10240,96.3,-0.0699999999999931,96.27931368253968,0.022373388753753304,96.25694029378593,-0.020686317460317127,0.020686317460317127,True,LEAVE_ONE_STUDY_OUT,10.1109/TNANO.2024.3485213,HfOx_01,10.1109/TNANO.2024.3485213,HfOx,8,6,5,False
HfOx_01,10.1109/TNANO.2024.3485213,HfOx,45.4,1.657055852857104,0,0,GRADUAL_MULTILEVEL,NOT_REPORTED,absolute,IDEALIZED_SINGLE_PAIR_GRADUAL,IDEALIZED_GRADUAL_MAPPING,64,8,255,0,2,7,203264,56,128,7168,96.3,-0.0699999999999931,96.22234476984126,0.031490019736853773,96.1908547501044,-0.0776552301587401,0.0776552301587401,True,LEAVE_ONE_STUDY_OUT,10.1109/TNANO.2024.3485213,HfOx_01,10.1109/TNANO.2024.3485213,HfOx,8,6,5,False
HfOx_01,10.1109/TNANO.2024.3485213,HfOx,45.4,1.657055852857104,0,0,GRADUAL_MULTILEVEL,NOT_REPORTED,absolute,IDEALIZED_SINGLE_PAIR_GRADUAL,IDEALIZED_GRADUAL_MAPPING,16,6,63,0,2,8,203264,800,256,204800,96.28,-0.0499999999999971,96.26108617460318,0.03478690983761318,96.22629926476557,-0.018913825396822403,0.018913825396822403,True,LEAVE_ONE_STUDY_OUT,10.1109/TNANO.2024.3485213,HfOx_01,10.1109/TNANO.2024.3485213,HfOx,8,6,5,False
HfOx_01,10.1109/TNANO.2024.3485213,HfOx,45.4,1.657055852857104,0,0,GRADUAL_MULTILEVEL,NOT_REPORTED,absolute,IDEALIZED_SINGLE_PAIR_GRADUAL,IDEALIZED_GRADUAL_MAPPING,128,6,63,0,2,10,203264,16,1024,16384,96.28,-0.0499999999999971,96.27987032395382,0.01470085565936246,96.26516946829446,-0.00012967604618552286,0.00012967604618552286,True,LEAVE_ONE_STUDY_OUT,10.1109/TNANO.2024.3485213,HfOx_01,10.1109/TNANO.2024.3485213,HfOx,8,6,5,False
HfOx_01,10.1109/TNANO.2024.3485213,HfOx,45.4,1.657055852857104,0,0,GRADUAL_MULTILEVEL,NOT_REPORTED,absolute,IDEALIZED_SINGLE_PAIR_GRADUAL,IDEALIZED_GRADUAL_MAPPING,64,7,127,0,2,7,203264,56,128,7168,96.27,-0.039999999999992,96.21888287950938,0.031039709014760608,96.18784317049462,-0.05111712049061623,0.05111712049061623,True,LEAVE_ONE_STUDY_OUT,10.1109/TNANO.2024.3485213,HfOx_01,10.1109/TNANO.2024.3485213,HfOx,8,6,5,False
HfOx_01,10.1109/TNANO.2024.3485213,HfOx,45.4,1.657055852857104,0,0,GRADUAL_MULTILEVEL,NOT_REPORTED,absolute,IDEALIZED_SINGLE_PAIR_GRADUAL,IDEALIZED_GRADUAL_MAPPING,64,6,63,0,2,10,203264,56,1024,57344,96.27,-0.039999999999992,96.2871661031746,0.010619456979790066,96.2765466461948,0.017166103174602654,0.017166103174602654,True,LEAVE_ONE_STUDY_OUT,10.1109/TNANO.2024.3485213,HfOx_01,10.1109/TNANO.2024.3485213,HfOx,8,6,5,False
HfOx_01,10.1109/TNANO.2024.3485213,HfOx,45.4,1.657055852857104,0,0,GRADUAL_MULTILEVEL,NOT_REPORTED,absolute,IDEALIZED_SINGLE_PAIR_GRADUAL,IDEALIZED_GRADUAL_MAPPING,16,8,255,0,2,6,203264,800,64,51200,96.27,-0.039999999999992,96.17494593795095,0.06581563414264745,96.1091303038083,-0.09505406204904432,0.09505406204904432,True,LEAVE_ONE_STUDY_OUT,10.1109/TNANO.2024.3485213,HfOx_01,10.1109/TNANO.2024.3485213,HfOx,8,6,5,False
HfOx_01,10.1109/TNANO.2024.3485213,HfOx,45.4,1.657055852857104,0,0,GRADUAL_MULTILEVEL,NOT_REPORTED,absolute,IDEALIZED_SINGLE_PAIR_GRADUAL,IDEALIZED_GRADUAL_MAPPING,32,6,63,0,2,8,203264,208,256,53248,96.26,-0.0300000000000011,96.26219105555555,0.03693417151087091,96.22525688404468,0.0021910555555422206,0.0021910555555422206,True,LEAVE_ONE_STUDY_OUT,10.1109/TNANO.2024.3485213,HfOx_01,10.1109/TNANO.2024.3485213,HfOx,8,6,5,False
HfOx_01,10.1109/TNANO.2024.3485213,HfOx,45.4,1.657055852857104,0,0,GRADUAL_MULTILEVEL,NOT_REPORTED,absolute,IDEALIZED_SINGLE_PAIR_GRADUAL,IDEALIZED_GRADUAL_MAPPING,64,6,63,0,2,9,203264,56,512,28672,96.26,-0.0300000000000011,96.25752390720392,0.02816440946739154,96.22935949773652,-0.0024760927960869594,0.0024760927960869594,True,LEAVE_ONE_STUDY_OUT,10.1109/TNANO.2024.3485213,HfOx_01,10.1109/TNANO.2024.3485213,HfOx,8,6,5,False
HfOx_01,10.1109/TNANO.2024.3485213,HfOx,45.4,1.657055852857104,0,0,GRADUAL_MULTILEVEL,NOT_REPORTED,absolute,IDEALIZED_SINGLE_PAIR_GRADUAL,IDEALIZED_GRADUAL_MAPPING,32,6,63,0,2,9,203264,208,512,106496,96.26,-0.0300000000000011,96.25867923260073,0.019719986439750026,96.23895924616097,-0.001320767399278111,0.001320767399278111,True,LEAVE_ONE_STUDY_OUT,10.1109/TNANO.2024.3485213,HfOx_01,10.1109/TNANO.2024.3485213,HfOx,8,6,5,False
HfOx_01,10.1109/TNANO.2024.3485213,HfOx,45.4,1.657055852857104,0,0,GRADUAL_MULTILEVEL,NOT_REPORTED,absolute,IDEALIZED_SINGLE_PAIR_GRADUAL,IDEALIZED_GRADUAL_MAPPING,256,8,255,0,2,10,203264,10,1024,10240,96.26,-0.0300000000000011,96.21053630402932,0.02461768495611688,96.1859186190732,-0.04946369597068667,0.04946369597068667,True,LEAVE_ONE_STUDY_OUT,10.1109/TNANO.2024.3485213,HfOx_01,10.1109/TNANO.2024.3485213,HfOx,8,6,5,False
HfOx_01,10.1109/TNANO.2024.3485213,HfOx,45.4,1.657055852857104,0,0,GRADUAL_MULTILEVEL,NOT_REPORTED,absolute,IDEALIZED_SINGLE_PAIR_GRADUAL,IDEALIZED_GRADUAL_MAPPING,256,8,255,0,2,8,203264,10,256,2560,96.26,-0.0300000000000011,96.20638412698413,0.028052804104031933,96.1783313228801,-0.053615873015871784,0.053615873015871784,True,LEAVE_ONE_STUDY_OUT,10.1109/TNANO.2024.3485213,HfOx_01,10.1109/TNANO.2024.3485213,HfOx,8,6,5,False
HfOx_01,10.1109/TNANO.2024.3485213,HfOx,45.4,1.657055852857104,0,0,GRADUAL_MULTILEVEL,NOT_REPORTED,absolute,IDEALIZED_SINGLE_PAIR_GRADUAL,IDEALIZED_GRADUAL_MAPPING,32,8,255,0,2,8,203264,208,256,53248,96.25,-0.019999999999996,96.2314986904762,0.03430307858969345,96.19719561188651,-0.018501309523799137,0.018501309523799137,True,LEAVE_ONE_STUDY_OUT,10.1109/TNANO.2024.3485213,HfOx_01,10.1109/TNANO.2024.3485213,HfOx,8,6,5,False
HfOx_01,10.1109/TNANO.2024.3485213,HfOx,45.4,1.657055852857104,0,0,GRADUAL_MULTILEVEL,NOT_REPORTED,absolute,IDEALIZED_SINGLE_PAIR_GRADUAL,IDEALIZED_GRADUAL_MAPPING,16,8,255,0,2,9,203264,800,512,409600,96.25,-0.019999999999996,96.26383564285716,0.026961309771625704,96.23687433308554,0.013835642857159769,0.013835642857159769,True,LEAVE_ONE_STUDY_OUT,10.1109/TNANO.2024.3485213,HfOx_01,10.1109/TNANO.2024.3485213,HfOx,8,6,5,False
HfOx_01,10.1109/TNANO.2024.3485213,HfOx,45.4,1.657055852857104,0,0,GRADUAL_MULTILEVEL,NOT_REPORTED,absolute,IDEALIZED_SINGLE_PAIR_GRADUAL,IDEALIZED_GRADUAL_MAPPING,32,7,127,0,2,9,203264,208,512,106496,96.25,-0.019999999999996,96.22737582539682,0.01598553698004806,96.21139028841677,-0.022624174603180336,0.022624174603180336,True,LEAVE_ONE_STUDY_OUT,10.1109/TNANO.2024.3485213,HfOx_01,10.1109/TNANO.2024.3485213,HfOx,8,6,5,False
HfOx_01,10.1109/TNANO.2024.3485213,HfOx,45.4,1.657055852857104,0,0,GRADUAL_MULTILEVEL,NOT_REPORTED,absolute,IDEALIZED_SINGLE_PAIR_GRADUAL,IDEALIZED_GRADUAL_MAPPING,32,8,255,0,2,9,203264,208,512,106496,96.25,-0.019999999999996,96.2671865952381,0.03163554887565378,96.23555104636245,0.017186595238101177,0.017186595238101177,True,LEAVE_ONE_STUDY_OUT,10.1109/TNANO.2024.3485213,HfOx_01,10.1109/TNANO.2024.3485213,HfOx,8,6,5,False
HfOx_01,10.1109/TNANO.2024.3485213,HfOx,45.4,1.657055852857104,0,0,GRADUAL_MULTILEVEL,NOT_REPORTED,absolute,IDEALIZED_SINGLE_PAIR_GRADUAL,IDEALIZED_GRADUAL_MAPPING,256,6,63,0,2,8,203264,10,256,2560,96.25,-0.019999999999996,96.28131442568542,0.04345188792610493,96.23786253775931,0.031314425685422975,0.031314425685422975,True,LEAVE_ONE_STUDY_OUT,10.1109/TNANO.2024.3485213,HfOx_01,10.1109/TNANO.2024.3485213,HfOx,8,6,5,False
HfOx_01,10.1109/TNANO.2024.3485213,HfOx,45.4,1.657055852857104,0,0,GRADUAL_MULTILEVEL,NOT_REPORTED,absolute,IDEALIZED_SINGLE_PAIR_GRADUAL,IDEALIZED_GRADUAL_MAPPING,128,6,63,0,2,9,203264,16,512,8192,96.25,-0.019999999999996,96.251493518315,0.03504215330347017,96.21645136501154,0.0014935183150015519,0.0014935183150015519,True,LEAVE_ONE_STUDY_OUT,10.1109/TNANO.2024.3485213,HfOx_01,10.1109/TNANO.2024.3485213,HfOx,8,6,5,False
HfOx_01,10.1109/TNANO.2024.3485213,HfOx,45.4,1.657055852857104,0,0,GRADUAL_MULTILEVEL,NOT_REPORTED,absolute,IDEALIZED_SINGLE_PAIR_GRADUAL,IDEALIZED_GRADUAL_MAPPING,64,8,255,0,2,9,203264,56,512,28672,96.25,-0.019999999999996,96.25095678571428,0.04036967918168652,96.2105871065326,0.0009567857142798175,0.0009567857142798175,True,LEAVE_ONE_STUDY_OUT,10.1109/TNANO.2024.3485213,HfOx_01,10.1109/TNANO.2024.3485213,HfOx,8,6,5,False
HfOx_01,10.1109/TNANO.2024.3485213,HfOx,45.4,1.657055852857104,0,0,GRADUAL_MULTILEVEL,NOT_REPORTED,absolute,IDEALIZED_SINGLE_PAIR_GRADUAL,IDEALIZED_GRADUAL_MAPPING,64,7,127,0,2,9,203264,56,512,28672,96.24,-0.0099999999999909,96.21878361904763,0.02463262492758953,96.19415099412004,-0.02121638095236733,0.02121638095236733,True,LEAVE_ONE_STUDY_OUT,10.1109/TNANO.2024.3485213,HfOx_01,10.1109/TNANO.2024.3485213,HfOx,8,6,5,False
HfOx_01,10.1109/TNANO.2024.3485213,HfOx,45.4,1.657055852857104,0,0,GRADUAL_MULTILEVEL,NOT_REPORTED,absolute,IDEALIZED_SINGLE_PAIR_GRADUAL,IDEALIZED_GRADUAL_MAPPING,256,7,127,0,2,9,203264,10,512,5120,96.24,-0.0099999999999909,96.20317540476192,0.021313089499403696,96.18186231526252,-0.03682459523807324,0.03682459523807324,True,LEAVE_ONE_STUDY_OUT,10.1109/TNANO.2024.3485213,HfOx_01,10.1109/TNANO.2024.3485213,HfOx,8,6,5,False
HfOx_01,10.1109/TNANO.2024.3485213,HfOx,45.4,1.657055852857104,0,0,GRADUAL_MULTILEVEL,NOT_REPORTED,absolute,IDEALIZED_SINGLE_PAIR_GRADUAL,IDEALIZED_GRADUAL_MAPPING,256,6,63,0,2,9,203264,10,512,5120,96.24,-0.0099999999999909,96.24595658730159,0.041397641124069795,96.20455894617753,0.005956587301596983,0.005956587301596983,True,LEAVE_ONE_STUDY_OUT,10.1109/TNANO.2024.3485213,HfOx_01,10.1109/TNANO.2024.3485213,HfOx,8,6,5,False
HfOx_01,10.1109/TNANO.2024.3485213,HfOx,45.4,1.657055852857104,0,0,GRADUAL_MULTILEVEL,NOT_REPORTED,absolute,IDEALIZED_SINGLE_PAIR_GRADUAL,IDEALIZED_GRADUAL_MAPPING,16,8,255,0,2,10,203264,800,1024,819200,96.24,-0.0099999999999909,96.25479566666667,0.01676166797918222,96.23803399868748,0.014795666666671536,0.014795666666671536,True,LEAVE_ONE_STUDY_OUT,10.1109/TNANO.2024.3485213,HfOx_01,10.1109/TNANO.2024.3485213,HfOx,8,6,5,False
HfOx_01,10.1109/TNANO.2024.3485213,HfOx,45.4,1.657055852857104,0,0,GRADUAL_MULTILEVEL,NOT_REPORTED,absolute,IDEALIZED_SINGLE_PAIR_GRADUAL,IDEALIZED_GRADUAL_MAPPING,16,6,63,0,2,6,203264,800,64,51200,96.24,-0.0099999999999909,96.17206415223664,0.07260751591647444,96.09945663632017,-0.06793584776335138,0.06793584776335138,True,LEAVE_ONE_STUDY_OUT,10.1109/TNANO.2024.3485213,HfOx_01,10.1109/TNANO.2024.3485213,HfOx,8,6,5,False
HfOx_01,10.1109/TNANO.2024.3485213,HfOx,45.4,1.657055852857104,0,0,GRADUAL_MULTILEVEL,NOT_REPORTED,absolute,IDEALIZED_SINGLE_PAIR_GRADUAL,IDEALIZED_GRADUAL_MAPPING,32,8,255,0,2,10,203264,208,1024,212992,96.24,-0.0099999999999909,96.2563936031746,0.02140404400416114,96.23498955917044,0.01639360317460614,0.01639360317460614,True,LEAVE_ONE_STUDY_OUT,10.1109/TNANO.2024.3485213,HfOx_01,10.1109/TNANO.2024.3485213,HfOx,8,6,5,False
HfOx_01,10.1109/TNANO.2024.3485213,HfOx,45.4,1.657055852857104,0,0,GRADUAL_MULTILEVEL,NOT_REPORTED,absolute,IDEALIZED_SINGLE_PAIR_GRADUAL,IDEALIZED_GRADUAL_MAPPING,32,5,31,0,2,8,203264,208,256,53248,96.23,0.0,96.14313644444445,0.022417526948952674,96.1207189174955,-0.08686355555555281,0.08686355555555281,True,LEAVE_ONE_STUDY_OUT,10.1109/TNANO.2024.3485213,HfOx_01,10.1109/TNANO.2024.3485213,HfOx,8,6,5,False
HfOx_01,10.1109/TNANO.2024.3485213,HfOx,45.4,1.657055852857104,0,0,GRADUAL_MULTILEVEL,NOT_REPORTED,absolute,IDEALIZED_SINGLE_PAIR_GRADUAL,IDEALIZED_GRADUAL_MAPPING,16,7,127,0,2,9,203264,800,512,409600,96.23,0.0,96.22511223809524,0.012282273298376936,96.21282996479685,-0.004887761904768695,0.004887761904768695,True,LEAVE_ONE_STUDY_OUT,10.1109/TNANO.2024.3485213,HfOx_01,10.1109/TNANO.2024.3485213,HfOx,8,6,5,False
HfOx_01,10.1109/TNANO.2024.3485213,HfOx,45.4,1.657055852857104,0,0,GRADUAL_MULTILEVEL,NOT_REPORTED,absolute,IDEALIZED_SINGLE_PAIR_GRADUAL,IDEALIZED_GRADUAL_MAPPING,32,7,127,0,2,8,203264,208,256,53248,96.23,0.0,96.22320396825397,0.019688865762637803,96.20351510249134,-0.006796031746034714,0.006796031746034714,True,LEAVE_ONE_STUDY_OUT,10.1109/TNANO.2024.3485213,HfOx_01,10.1109/TNANO.2024.3485213,HfOx,8,6,5,False
HfOx_01,10.1109/TNANO.2024.3485213,HfOx,45.4,1.657055852857104,0,0,GRADUAL_MULTILEVEL,NOT_REPORTED,absolute,IDEALIZED_SINGLE_PAIR_GRADUAL,IDEALIZED_GRADUAL_MAPPING,64,7,127,0,2,8,203264,56,256,14336,96.23,0.0,96.20521663492062,0.022610283474751473,96.18260635144587,-0.0247833650793865,0.0247833650793865,True,LEAVE_ONE_STUDY_OUT,10.1109/TNANO.2024.3485213,HfOx_01,10.1109/TNANO.2024.3485213,HfOx,8,6,5,False
HfOx_01,10.1109/TNANO.2024.3485213,HfOx,45.4,1.657055852857104,0,0,GRADUAL_MULTILEVEL,NOT_REPORTED,absolute,IDEALIZED_SINGLE_PAIR_GRADUAL,IDEALIZED_GRADUAL_MAPPING,128,7,127,0,2,8,203264,16,256,4096,96.23,0.0,96.21697215079365,0.03233003008332498,96.18464212071032,-0.013027849206352471,0.013027849206352471,True,LEAVE_ONE_STUDY_OUT,10.1109/TNANO.2024.3485213,HfOx_01,10.1109/TNANO.2024.3485213,HfOx,8,6,5,False
HfOx_01,10.1109/TNANO.2024.3485213,HfOx,45.4,1.657055852857104,0,0,GRADUAL_MULTILEVEL,NOT_REPORTED,absolute,IDEALIZED_SINGLE_PAIR_GRADUAL,IDEALIZED_GRADUAL_MAPPING,256,8,255,0,2,9,203264,10,512,5120,96.22,0.0100000000000051,96.19655145238096,0.02049238368691679,96.17605906869404,-0.023448547619040028,0.023448547619040028,True,LEAVE_ONE_STUDY_OUT,10.1109/TNANO.2024.3485213,HfOx_01,10.1109/TNANO.2024.3485213,HfOx,8,6,5,False
HfOx_01,10.1109/TNANO.2024.3485213,HfOx,45.4,1.657055852857104,0,0,GRADUAL_MULTILEVEL,NOT_REPORTED,absolute,IDEALIZED_SINGLE_PAIR_GRADUAL,IDEALIZED_GRADUAL_MAPPING,64,8,255,0,2,10,203264,56,1024,57344,96.22,0.0100000000000051,96.25153694444444,0.02609194773480105,96.22544499670964,0.031536944444439996,0.031536944444439996,True,LEAVE_ONE_STUDY_OUT,10.1109/TNANO.2024.3485213,HfOx_01,10.1109/TNANO.2024.3485213,HfOx,8,6,5,False
HfOx_01,10.1109/TNANO.2024.3485213,HfOx,45.4,1.657055852857104,0,0,GRADUAL_MULTILEVEL,NOT_REPORTED,absolute,IDEALIZED_SINGLE_PAIR_GRADUAL,IDEALIZED_GRADUAL_MAPPING,32,6,63,0,2,7,203264,208,128,26624,96.22,0.0100000000000051,96.24133606421357,0.03322720769483361,96.20810885651873,0.02133606421357115,0.02133606421357115,True,LEAVE_ONE_STUDY_OUT,10.1109/TNANO.2024.3485213,HfOx_01,10.1109/TNANO.2024.3485213,HfOx,8,6,5,False
HfOx_01,10.1109/TNANO.2024.3485213,HfOx,45.4,1.657055852857104,0,0,GRADUAL_MULTILEVEL,NOT_REPORTED,absolute,IDEALIZED_SINGLE_PAIR_GRADUAL,IDEALIZED_GRADUAL_MAPPING,256,7,127,0,2,10,203264,10,1024,10240,96.22,0.0100000000000051,96.22379170879123,0.018077298819209376,96.20571440997202,0.003791708791226256,0.003791708791226256,True,LEAVE_ONE_STUDY_OUT,10.1109/TNANO.2024.3485213,HfOx_01,10.1109/TNANO.2024.3485213,HfOx,8,6,5,False
HfOx_01,10.1109/TNANO.2024.3485213,HfOx,45.4,1.657055852857104,0,0,GRADUAL_MULTILEVEL,NOT_REPORTED,absolute,IDEALIZED_SINGLE_PAIR_GRADUAL,IDEALIZED_GRADUAL_MAPPING,128,7,127,0,2,9,203264,16,512,8192,96.22,0.0100000000000051,96.20034685714286,0.022896225714179666,96.17745063142868,-0.019653142857137595,0.019653142857137595,True,LEAVE_ONE_STUDY_OUT,10.1109/TNANO.2024.3485213,HfOx_01,10.1109/TNANO.2024.3485213,HfOx,8,6,5,False
HfOx_01,10.1109/TNANO.2024.3485213,HfOx,45.4,1.657055852857104,0,0,GRADUAL_MULTILEVEL,NOT_REPORTED,absolute,IDEALIZED_SINGLE_PAIR_GRADUAL,IDEALIZED_GRADUAL_MAPPING,256,7,127,0,2,8,203264,10,256,2560,96.22,0.0100000000000051,96.2247807142857,0.03033594010223021,96.19444477418347,0.004780714285701038,0.004780714285701038,True,LEAVE_ONE_STUDY_OUT,10.1109/TNANO.2024.3485213,HfOx_01,10.1109/TNANO.2024.3485213,HfOx,8,6,5,False
HfOx_01,10.1109/TNANO.2024.3485213,HfOx,45.4,1.657055852857104,0,0,GRADUAL_MULTILEVEL,NOT_REPORTED,absolute,IDEALIZED_SINGLE_PAIR_GRADUAL,IDEALIZED_GRADUAL_MAPPING,16,7,127,0,2,8,203264,800,256,204800,96.22,0.0100000000000051,96.22786430952381,0.014325288498346243,96.21353902102547,0.007864309523810675,0.007864309523810675,True,LEAVE_ONE_STUDY_OUT,10.1109/TNANO.2024.3485213,HfOx_01,10.1109/TNANO.2024.3485213,HfOx,8,6,5,False
HfOx_01,10.1109/TNANO.2024.3485213,HfOx,45.4,1.657055852857104,0,0,GRADUAL_MULTILEVEL,NOT_REPORTED,absolute,IDEALIZED_SINGLE_PAIR_GRADUAL,IDEALIZED_GRADUAL_MAPPING,16,8,255,0,2,7,203264,800,128,102400,96.22,0.0100000000000051,96.24916867388168,0.01945286925420975,96.22971580462747,0.02916867388168498,0.02916867388168498,True,LEAVE_ONE_STUDY_OUT,10.1109/TNANO.2024.3485213,HfOx_01,10.1109/TNANO.2024.3485213,HfOx,8,6,5,False
HfOx_01,10.1109/TNANO.2024.3485213,HfOx,45.4,1.657055852857104,0,0,GRADUAL_MULTILEVEL,NOT_REPORTED,absolute,IDEALIZED_SINGLE_PAIR_GRADUAL,IDEALIZED_GRADUAL_MAPPING,16,7,127,0,2,7,203264,800,128,102400,96.22,0.0100000000000051,96.2422758888889,0.021200136651490654,96.22107575223741,0.022275888888898976,0.022275888888898976,True,LEAVE_ONE_STUDY_OUT,10.1109/TNANO.2024.3485213,HfOx_01,10.1109/TNANO.2024.3485213,HfOx,8,6,5,False
HfOx_01,10.1109/TNANO.2024.3485213,HfOx,45.4,1.657055852857104,0,0,GRADUAL_MULTILEVEL,NOT_REPORTED,absolute,IDEALIZED_SINGLE_PAIR_GRADUAL,IDEALIZED_GRADUAL_MAPPING,16,6,63,0,2,7,203264,800,128,102400,96.22,0.0100000000000051,96.24974034126984,0.02780768100649667,96.22193266026335,0.02974034126984293,0.02974034126984293,True,LEAVE_ONE_STUDY_OUT,10.1109/TNANO.2024.3485213,HfOx_01,10.1109/TNANO.2024.3485213,HfOx,8,6,5,False
HfOx_01,10.1109/TNANO.2024.3485213,HfOx,45.4,1.657055852857104,0,0,GRADUAL_MULTILEVEL,NOT_REPORTED,absolute,IDEALIZED_SINGLE_PAIR_GRADUAL,IDEALIZED_GRADUAL_MAPPING,128,8,255,0,2,10,203264,16,1024,16384,96.21,0.0200000000000102,96.20677880402931,0.03349612427778883,96.17328267975152,-0.0032211959706813786,0.0032211959706813786,True,LEAVE_ONE_STUDY_OUT,10.1109/TNANO.2024.3485213,HfOx_01,10.1109/TNANO.2024.3485213,HfOx,8,6,5,False
HfOx_01,10.1109/TNANO.2024.3485213,HfOx,45.4,1.657055852857104,0,0,GRADUAL_MULTILEVEL,NOT_REPORTED,absolute,IDEALIZED_SINGLE_PAIR_GRADUAL,IDEALIZED_GRADUAL_MAPPING,32,7,127,0,2,7,203264,208,128,26624,96.21,0.0200000000000102,96.23270199855699,0.027445935442622468,96.20525606311436,0.022701998556996728,0.022701998556996728,True,LEAVE_ONE_STUDY_OUT,10.1109/TNANO.2024.3485213,HfOx_01,10.1109/TNANO.2024.3485213,HfOx,8,6,5,False
HfOx_01,10.1109/TNANO.2024.3485213,HfOx,45.4,1.657055852857104,0,0,GRADUAL_MULTILEVEL,NOT_REPORTED,absolute,IDEALIZED_SINGLE_PAIR_GRADUAL,IDEALIZED_GRADUAL_MAPPING,16,8,255,0,2,8,203264,800,256,204800,96.21,0.0200000000000102,96.24078816666666,0.022476698739722432,96.21831146792694,0.030788166666667394,0.030788166666667394,True,LEAVE_ONE_STUDY_OUT,10.1109/TNANO.2024.3485213,HfOx_01,10.1109/TNANO.2024.3485213,HfOx,8,6,5,False
HfOx_01,10.1109/TNANO.2024.3485213,HfOx,45.4,1.657055852857104,0,0,GRADUAL_MULTILEVEL,NOT_REPORTED,absolute,IDEALIZED_SINGLE_PAIR_GRADUAL,IDEALIZED_GRADUAL_MAPPING,16,7,127,0,2,10,203264,800,1024,819200,96.21,0.0200000000000102,96.22069608730159,0.007689371274155467,96.21300671602744,0.010696087301596435,0.010696087301596435,True,LEAVE_ONE_STUDY_OUT,10.1109/TNANO.2024.3485213,HfOx_01,10.1109/TNANO.2024.3485213,HfOx,8,6,5,False
HfOx_01,10.1109/TNANO.2024.3485213,HfOx,45.4,1.657055852857104,0,0,GRADUAL_MULTILEVEL,NOT_REPORTED,absolute,IDEALIZED_SINGLE_PAIR_GRADUAL,IDEALIZED_GRADUAL_MAPPING,64,7,127,0,2,10,203264,56,1024,57344,96.21,0.0200000000000102,96.22529533621933,0.015734239675539625,96.2095610965438,0.015295336219338651,0.015295336219338651,True,LEAVE_ONE_STUDY_OUT,10.1109/TNANO.2024.3485213,HfOx_01,10.1109/TNANO.2024.3485213,HfOx,8,6,5,False
HfOx_01,10.1109/TNANO.2024.3485213,HfOx,45.4,1.657055852857104,0,0,GRADUAL_MULTILEVEL,NOT_REPORTED,absolute,IDEALIZED_SINGLE_PAIR_GRADUAL,IDEALIZED_GRADUAL_MAPPING,128,8,255,0,2,7,203264,16,128,2048,96.21,0.0200000000000102,96.18297406349205,0.06420007616017126,96.11877398733188,-0.02702593650793972,0.02702593650793972,True,LEAVE_ONE_STUDY_OUT,10.1109/TNANO.2024.3485213,HfOx_01,10.1109/TNANO.2024.3485213,HfOx,8,6,5,False
HfOx_01,10.1109/TNANO.2024.3485213,HfOx,45.4,1.657055852857104,0,0,GRADUAL_MULTILEVEL,NOT_REPORTED,absolute,IDEALIZED_SINGLE_PAIR_GRADUAL,IDEALIZED_GRADUAL_MAPPING,64,5,31,0,2,7,203264,56,128,7168,96.21,0.0200000000000102,96.16278407575757,0.08719529728725627,96.07558877847032,-0.0472159242424226,0.0472159242424226,True,LEAVE_ONE_STUDY_OUT,10.1109/TNANO.2024.3485213,HfOx_01,10.1109/TNANO.2024.3485213,HfOx,8,6,5,False
HfOx_01,10.1109/TNANO.2024.3485213,HfOx,45.4,1.657055852857104,0,0,GRADUAL_MULTILEVEL,NOT_REPORTED,absolute,IDEALIZED_SINGLE_PAIR_GRADUAL,IDEALIZED_GRADUAL_MAPPING,64,6,63,0,2,8,203264,56,256,14336,96.21,0.0200000000000102,96.26925910317462,0.047562681521471514,96.22169642165315,0.05925910317462524,0.05925910317462524,True,LEAVE_ONE_STUDY_OUT,10.1109/TNANO.2024.3485213,HfOx_01,10.1109/TNANO.2024.3485213,HfOx,8,6,5,False
HfOx_01,10.1109/TNANO.2024.3485213,HfOx,45.4,1.657055852857104,0,0,GRADUAL_MULTILEVEL,NOT_REPORTED,absolute,IDEALIZED_SINGLE_PAIR_GRADUAL,IDEALIZED_GRADUAL_MAPPING,32,7,127,0,2,10,203264,208,1024,212992,96.2,0.0300000000000011,96.22170520923522,0.010420998032495864,96.21128421120272,0.0217052092352219,0.0217052092352219,True,LEAVE_ONE_STUDY_OUT,10.1109/TNANO.2024.3485213,HfOx_01,10.1109/TNANO.2024.3485213,HfOx,8,6,5,False
HfOx_01,10.1109/TNANO.2024.3485213,HfOx,45.4,1.657055852857104,0,0,GRADUAL_MULTILEVEL,NOT_REPORTED,absolute,IDEALIZED_SINGLE_PAIR_GRADUAL,IDEALIZED_GRADUAL_MAPPING,16,5,31,0,2,7,203264,800,128,102400,96.2,0.0300000000000011,96.1541146868687,0.034558318315921245,96.11955636855278,-0.045885313131307726,0.045885313131307726,True,LEAVE_ONE_STUDY_OUT,10.1109/TNANO.2024.3485213,HfOx_01,10.1109/TNANO.2024.3485213,HfOx,8,6,5,False
HfOx_01,10.1109/TNANO.2024.3485213,HfOx,45.4,1.657055852857104,0,0,GRADUAL_MULTILEVEL,NOT_REPORTED,absolute,IDEALIZED_SINGLE_PAIR_GRADUAL,IDEALIZED_GRADUAL_MAPPING,128,7,127,0,2,10,203264,16,1024,16384,96.2,0.0300000000000011,96.21977778815629,0.024545085151843123,96.19523270300445,0.019777788156289944,0.019777788156289944,True,LEAVE_ONE_STUDY_OUT,10.1109/TNANO.2024.3485213,HfOx_01,10.1109/TNANO.2024.3485213,HfOx,8,6,5,False
HfOx_01,10.1109/TNANO.2024.3485213,HfOx,45.4,1.657055852857104,0,0,GRADUAL_MULTILEVEL,NOT_REPORTED,absolute,IDEALIZED_SINGLE_PAIR_GRADUAL,IDEALIZED_GRADUAL_MAPPING,128,8,255,0,2,8,203264,16,256,4096,96.2,0.0300000000000011,96.20508208730159,0.03087366620165279,96.17420842109993,0.00508208730158799,0.00508208730158799,True,LEAVE_ONE_STUDY_OUT,10.1109/TNANO.2024.3485213,HfOx_01,10.1109/TNANO.2024.3485213,HfOx,8,6,5,False
HfOx_01,10.1109/TNANO.2024.3485213,HfOx,45.4,1.657055852857104,0,0,GRADUAL_MULTILEVEL,NOT_REPORTED,absolute,IDEALIZED_SINGLE_PAIR_GRADUAL,IDEALIZED_GRADUAL_MAPPING,32,5,31,0,2,7,203264,208,128,26624,96.2,0.0300000000000011,96.15225895093795,0.041434593980166495,96.11082435695778,-0.04774104906205423,0.04774104906205423,True,LEAVE_ONE_STUDY_OUT,10.1109/TNANO.2024.3485213,HfOx_01,10.1109/TNANO.2024.3485213,HfOx,8,6,5,False
HfOx_01,10.1109/TNANO.2024.3485213,HfOx,45.4,1.657055852857104,0,0,GRADUAL_MULTILEVEL,NOT_REPORTED,absolute,IDEALIZED_SINGLE_PAIR_GRADUAL,IDEALIZED_GRADUAL_MAPPING,64,5,31,0,2,8,203264,56,256,14336,96.19,0.0400000000000062,96.17031633333332,0.046706527206841056,96.12360980612648,-0.019683666666679756,0.019683666666679756,True,LEAVE_ONE_STUDY_OUT,10.1109/TNANO.2024.3485213,HfOx_01,10.1109/TNANO.2024.3485213,HfOx,8,6,5,False
HfOx_01,10.1109/TNANO.2024.3485213,HfOx,45.4,1.657055852857104,0,0,GRADUAL_MULTILEVEL,NOT_REPORTED,absolute,IDEALIZED_SINGLE_PAIR_GRADUAL,IDEALIZED_GRADUAL_MAPPING,256,7,127,0,2,7,203264,10,128,1280,96.19,0.0400000000000062,96.17286390331891,0.06190726721432714,96.11095663610459,-0.017136096681085178,0.017136096681085178,True,LEAVE_ONE_STUDY_OUT,10.1109/TNANO.2024.3485213,HfOx_01,10.1109/TNANO.2024.3485213,HfOx,8,6,5,False
HfOx_01,10.1109/TNANO.2024.3485213,HfOx,45.4,1.657055852857104,0,0,GRADUAL_MULTILEVEL,NOT_REPORTED,absolute,IDEALIZED_SINGLE_PAIR_GRADUAL,IDEALIZED_GRADUAL_MAPPING,16,6,63,0,2,5,203264,800,32,25600,96.19,0.0400000000000062,95.98062633333333,0.23502160401119335,95.74560472932214,-0.20937366666666435,0.20937366666666435,True,LEAVE_ONE_STUDY_OUT,10.1109/TNANO.2024.3485213,HfOx_01,10.1109/TNANO.2024.3485213,HfOx,8,6,5,False
HfOx_01,10.1109/TNANO.2024.3485213,HfOx,45.4,1.657055852857104,0,0,GRADUAL_MULTILEVEL,NOT_REPORTED,absolute,IDEALIZED_SINGLE_PAIR_GRADUAL,IDEALIZED_GRADUAL_MAPPING,128,8,255,0,2,9,203264,16,512,8192,96.19,0.0400000000000062,96.19614976190479,0.030779223389215717,96.16537053851557,0.006149761904794104,0.006149761904794104,True,LEAVE_ONE_STUDY_OUT,10.1109/TNANO.2024.3485213,HfOx_01,10.1109/TNANO.2024.3485213,HfOx,8,6,5,False
HfOx_01,10.1109/TNANO.2024.3485213,HfOx,45.4,1.657055852857104,0,0,GRADUAL_MULTILEVEL,NOT_REPORTED,absolute,IDEALIZED_SINGLE_PAIR_GRADUAL,IDEALIZED_GRADUAL_MAPPING,16,7,127,0,2,6,203264,800,64,51200,96.18,0.0499999999999971,96.16841327128428,0.06105116344388622,96.10736210784039,-0.01158672871572719,0.01158672871572719,True,LEAVE_ONE_STUDY_OUT,10.1109/TNANO.2024.3485213,HfOx_01,10.1109/TNANO.2024.3485213,HfOx,8,6,5,False
HfOx_01,10.1109/TNANO.2024.3485213,HfOx,45.4,1.657055852857104,0,0,GRADUAL_MULTILEVEL,NOT_REPORTED,absolute,IDEALIZED_SINGLE_PAIR_GRADUAL,IDEALIZED_GRADUAL_MAPPING,16,8,255,0,2,5,203264,800,32,25600,96.17,0.0600000000000022,96.01221196825398,0.22811721649288366,95.78409475176109,-0.15778803174602274,0.15778803174602274,True,LEAVE_ONE_STUDY_OUT,10.1109/TNANO.2024.3485213,HfOx_01,10.1109/TNANO.2024.3485213,HfOx,8,6,5,False
HfOx_01,10.1109/TNANO.2024.3485213,HfOx,45.4,1.657055852857104,0,0,GRADUAL_MULTILEVEL,NOT_REPORTED,absolute,IDEALIZED_SINGLE_PAIR_GRADUAL,IDEALIZED_GRADUAL_MAPPING,16,5,31,0,2,9,203264,800,512,409600,96.17,0.0600000000000022,96.14093157936507,0.017386450844064174,96.12354512852102,-0.029068420634928316,0.029068420634928316,True,LEAVE_ONE_STUDY_OUT,10.1109/TNANO.2024.3485213,HfOx_01,10.1109/TNANO.2024.3485213,HfOx,8,6,5,False
HfOx_01,10.1109/TNANO.2024.3485213,HfOx,45.4,1.657055852857104,0,0,GRADUAL_MULTILEVEL,NOT_REPORTED,absolute,IDEALIZED_SINGLE_PAIR_GRADUAL,IDEALIZED_GRADUAL_MAPPING,64,8,255,0,2,8,203264,56,256,14336,96.17,0.0600000000000022,96.21941893650794,0.027765837912153403,96.19165309859578,0.04941893650793361,0.04941893650793361,True,LEAVE_ONE_STUDY_OUT,10.1109/TNANO.2024.3485213,HfOx_01,10.1109/TNANO.2024.3485213,HfOx,8,6,5,False
HfOx_01,10.1109/TNANO.2024.3485213,HfOx,45.4,1.657055852857104,0,0,GRADUAL_MULTILEVEL,NOT_REPORTED,absolute,IDEALIZED_SINGLE_PAIR_GRADUAL,IDEALIZED_GRADUAL_MAPPING,128,5,31,0,2,8,203264,16,256,4096,96.17,0.0600000000000022,96.1585888809524,0.03828887541888896,96.12030000553351,-0.011411119047608054,0.011411119047608054,True,LEAVE_ONE_STUDY_OUT,10.1109/TNANO.2024.3485213,HfOx_01,10.1109/TNANO.2024.3485213,HfOx,8,6,5,False
HfOx_01,10.1109/TNANO.2024.3485213,HfOx,45.4,1.657055852857104,0,0,GRADUAL_MULTILEVEL,NOT_REPORTED,absolute,IDEALIZED_SINGLE_PAIR_GRADUAL,IDEALIZED_GRADUAL_MAPPING,128,6,63,0,2,7,203264,16,128,2048,96.17,0.0600000000000022,96.19240471500723,0.06041120236870933,96.13199351263852,0.022404715007226628,0.022404715007226628,True,LEAVE_ONE_STUDY_OUT,10.1109/TNANO.2024.3485213,HfOx_01,10.1109/TNANO.2024.3485213,HfOx,8,6,5,False
HfOx_01,10.1109/TNANO.2024.3485213,HfOx,45.4,1.657055852857104,0,0,GRADUAL_MULTILEVEL,NOT_REPORTED,absolute,IDEALIZED_SINGLE_PAIR_GRADUAL,IDEALIZED_GRADUAL_MAPPING,32,5,31,0,2,9,203264,208,512,106496,96.16,0.0700000000000073,96.14258316378069,0.016478193269391306,96.12610497051129,-0.01741683621931145,0.01741683621931145,True,LEAVE_ONE_STUDY_OUT,10.1109/TNANO.2024.3485213,HfOx_01,10.1109/TNANO.2024.3485213,HfOx,8,6,5,False
HfOx_01,10.1109/TNANO.2024.3485213,HfOx,45.4,1.657055852857104,0,0,GRADUAL_MULTILEVEL,NOT_REPORTED,absolute,IDEALIZED_SINGLE_PAIR_GRADUAL,IDEALIZED_GRADUAL_MAPPING,64,5,31,0,2,10,203264,56,1024,57344,96.16,0.0700000000000073,96.1397280923521,0.01940502797376254,96.12032306437834,-0.02027190764789566,0.02027190764789566,True,LEAVE_ONE_STUDY_OUT,10.1109/TNANO.2024.3485213,HfOx_01,10.1109/TNANO.2024.3485213,HfOx,8,6,5,False
HfOx_01,10.1109/TNANO.2024.3485213,HfOx,45.4,1.657055852857104,0,0,GRADUAL_MULTILEVEL,NOT_REPORTED,absolute,IDEALIZED_SINGLE_PAIR_GRADUAL,IDEALIZED_GRADUAL_MAPPING,128,5,31,0,2,9,203264,16,512,8192,96.15,0.0799999999999983,96.16077077489177,0.025866516349762565,96.13490425854201,0.010770774891767587,0.010770774891767587,True,LEAVE_ONE_STUDY_OUT,10.1109/TNANO.2024.3485213,HfOx_01,10.1109/TNANO.2024.3485213,HfOx,8,6,5,False
HfOx_01,10.1109/TNANO.2024.3485213,HfOx,45.4,1.657055852857104,0,0,GRADUAL_MULTILEVEL,NOT_REPORTED,absolute,IDEALIZED_SINGLE_PAIR_GRADUAL,IDEALIZED_GRADUAL_MAPPING,128,7,127,0,2,7,203264,16,128,2048,96.15,0.0799999999999983,96.1827735937951,0.06622971763126098,96.11654387616385,0.03277359379509903,0.03277359379509903,True,LEAVE_ONE_STUDY_OUT,10.1109/TNANO.2024.3485213,HfOx_01,10.1109/TNANO.2024.3485213,HfOx,8,6,5,False
HfOx_01,10.1109/TNANO.2024.3485213,HfOx,45.4,1.657055852857104,0,0,GRADUAL_MULTILEVEL,NOT_REPORTED,absolute,IDEALIZED_SINGLE_PAIR_GRADUAL,IDEALIZED_GRADUAL_MAPPING,256,6,63,0,2,7,203264,10,128,1280,96.15,0.0799999999999983,96.18460183405483,0.0571080011518798,96.12749383290296,0.03460183405482553,0.03460183405482553,True,LEAVE_ONE_STUDY_OUT,10.1109/TNANO.2024.3485213,HfOx_01,10.1109/TNANO.2024.3485213,HfOx,8,6,5,False
HfOx_01,10.1109/TNANO.2024.3485213,HfOx,45.4,1.657055852857104,0,0,GRADUAL_MULTILEVEL,NOT_REPORTED,absolute,IDEALIZED_SINGLE_PAIR_GRADUAL,IDEALIZED_GRADUAL_MAPPING,256,5,31,0,2,10,203264,10,1024,10240,96.14,0.0900000000000034,96.1435529047619,0.01882877375404956,96.12472413100785,0.003552904761903619,0.003552904761903619,True,LEAVE_ONE_STUDY_OUT,10.1109/TNANO.2024.3485213,HfOx_01,10.1109/TNANO.2024.3485213,HfOx,8,6,5,False
HfOx_01,10.1109/TNANO.2024.3485213,HfOx,45.4,1.657055852857104,0,0,GRADUAL_MULTILEVEL,NOT_REPORTED,absolute,IDEALIZED_SINGLE_PAIR_GRADUAL,IDEALIZED_GRADUAL_MAPPING,256,8,255,0,2,7,203264,10,128,1280,96.14,0.0900000000000034,96.1716240873016,0.060761350351389756,96.11086273695021,0.03162408730159427,0.03162408730159427,True,LEAVE_ONE_STUDY_OUT,10.1109/TNANO.2024.3485213,HfOx_01,10.1109/TNANO.2024.3485213,HfOx,8,6,5,False
HfOx_01,10.1109/TNANO.2024.3485213,HfOx,45.4,1.657055852857104,0,0,GRADUAL_MULTILEVEL,NOT_REPORTED,absolute,IDEALIZED_SINGLE_PAIR_GRADUAL,IDEALIZED_GRADUAL_MAPPING,256,5,31,0,2,9,203264,10,512,5120,96.14,0.0900000000000034,96.15452075396824,0.02667540563134397,96.1278453483369,0.014520753968241706,0.014520753968241706,True,LEAVE_ONE_STUDY_OUT,10.1109/TNANO.2024.3485213,HfOx_01,10.1109/TNANO.2024.3485213,HfOx,8,6,5,False
HfOx_01,10.1109/TNANO.2024.3485213,HfOx,45.4,1.657055852857104,0,0,GRADUAL_MULTILEVEL,NOT_REPORTED,absolute,IDEALIZED_SINGLE_PAIR_GRADUAL,IDEALIZED_GRADUAL_MAPPING,128,5,31,0,2,7,203264,16,128,2048,96.14,0.0900000000000034,96.11355399206349,0.10306619186849514,96.010487800195,-0.026446007936513638,0.026446007936513638,True,LEAVE_ONE_STUDY_OUT,10.1109/TNANO.2024.3485213,HfOx_01,10.1109/TNANO.2024.3485213,HfOx,8,6,5,False
HfOx_01,10.1109/TNANO.2024.3485213,HfOx,45.4,1.657055852857104,0,0,GRADUAL_MULTILEVEL,NOT_REPORTED,absolute,IDEALIZED_SINGLE_PAIR_GRADUAL,IDEALIZED_GRADUAL_MAPPING,16,7,127,0,2,5,203264,800,32,25600,96.13,0.1000000000000085,96.01363892063492,0.2289205850046521,95.78471833563026,-0.11636107936507756,0.11636107936507756,True,LEAVE_ONE_STUDY_OUT,10.1109/TNANO.2024.3485213,HfOx_01,10.1109/TNANO.2024.3485213,HfOx,8,6,5,False
HfOx_01,10.1109/TNANO.2024.3485213,HfOx,45.4,1.657055852857104,0,0,GRADUAL_MULTILEVEL,NOT_REPORTED,absolute,IDEALIZED_SINGLE_PAIR_GRADUAL,IDEALIZED_GRADUAL_MAPPING,32,8,255,0,2,6,203264,208,64,13312,96.13,0.1000000000000085,96.17147238888889,0.10008929749217342,96.07138309139671,0.04147238888889149,0.04147238888889149,True,LEAVE_ONE_STUDY_OUT,10.1109/TNANO.2024.3485213,HfOx_01,10.1109/TNANO.2024.3485213,HfOx,8,6,5,False
HfOx_01,10.1109/TNANO.2024.3485213,HfOx,45.4,1.657055852857104,0,0,GRADUAL_MULTILEVEL,NOT_REPORTED,absolute,IDEALIZED_SINGLE_PAIR_GRADUAL,IDEALIZED_GRADUAL_MAPPING,64,5,31,0,2,9,203264,56,512,28672,96.13,0.1000000000000085,96.15340906060607,0.023966390673844484,96.12944266993222,0.023409060606070398,0.023409060606070398,True,LEAVE_ONE_STUDY_OUT,10.1109/TNANO.2024.3485213,HfOx_01,10.1109/TNANO.2024.3485213,HfOx,8,6,5,False
HfOx_01,10.1109/TNANO.2024.3485213,HfOx,45.4,1.657055852857104,0,0,GRADUAL_MULTILEVEL,NOT_REPORTED,absolute,IDEALIZED_SINGLE_PAIR_GRADUAL,IDEALIZED_GRADUAL_MAPPING,256,5,31,0,2,8,203264,10,256,2560,96.13,0.1000000000000085,96.13226503968254,0.03467616396063535,96.0975888757219,0.0022650396825412145,0.0022650396825412145,True,LEAVE_ONE_STUDY_OUT,10.1109/TNANO.2024.3485213,HfOx_01,10.1109/TNANO.2024.3485213,HfOx,8,6,5,False
HfOx_01,10.1109/TNANO.2024.3485213,HfOx,45.4,1.657055852857104,0,0,GRADUAL_MULTILEVEL,NOT_REPORTED,absolute,IDEALIZED_SINGLE_PAIR_GRADUAL,IDEALIZED_GRADUAL_MAPPING,32,5,31,0,2,6,203264,208,64,13312,96.13,0.1000000000000085,96.07904975396825,0.084214452976397,95.99483530099185,-0.05095024603174636,0.05095024603174636,True,LEAVE_ONE_STUDY_OUT,10.1109/TNANO.2024.3485213,HfOx_01,10.1109/TNANO.2024.3485213,HfOx,8,6,5,False
HfOx_01,10.1109/TNANO.2024.3485213,HfOx,45.4,1.657055852857104,0,0,GRADUAL_MULTILEVEL,NOT_REPORTED,absolute,IDEALIZED_SINGLE_PAIR_GRADUAL,IDEALIZED_GRADUAL_MAPPING,32,5,31,0,2,10,203264,208,1024,212992,96.13,0.1000000000000085,96.13219506060605,0.009575478497021159,96.12261958210902,0.0021950606060556765,0.0021950606060556765,True,LEAVE_ONE_STUDY_OUT,10.1109/TNANO.2024.3485213,HfOx_01,10.1109/TNANO.2024.3485213,HfOx,8,6,5,False
HfOx_01,10.1109/TNANO.2024.3485213,HfOx,45.4,1.657055852857104,0,0,GRADUAL_MULTILEVEL,NOT_REPORTED,absolute,IDEALIZED_SINGLE_PAIR_GRADUAL,IDEALIZED_GRADUAL_MAPPING,32,6,63,0,2,6,203264,208,64,13312,96.13,0.1000000000000085,96.1666793888889,0.0972853822183561,96.06939400667054,0.03667938888889921,0.03667938888889921,True,LEAVE_ONE_STUDY_OUT,10.1109/TNANO.2024.3485213,HfOx_01,10.1109/TNANO.2024.3485213,HfOx,8,6,5,False
HfOx_01,10.1109/TNANO.2024.3485213,HfOx,45.4,1.657055852857104,0,0,GRADUAL_MULTILEVEL,NOT_REPORTED,absolute,IDEALIZED_SINGLE_PAIR_GRADUAL,IDEALIZED_GRADUAL_MAPPING,32,8,255,0,2,7,203264,208,128,26624,96.13,0.1000000000000085,96.24027575324675,0.029676322553231434,96.21059943069352,0.11027575324675354,0.11027575324675354,True,LEAVE_ONE_STUDY_OUT,10.1109/TNANO.2024.3485213,HfOx_01,10.1109/TNANO.2024.3485213,HfOx,8,6,5,False
HfOx_01,10.1109/TNANO.2024.3485213,HfOx,45.4,1.657055852857104,0,0,GRADUAL_MULTILEVEL,NOT_REPORTED,absolute,IDEALIZED_SINGLE_PAIR_GRADUAL,IDEALIZED_GRADUAL_MAPPING,16,5,31,0,2,8,203264,800,256,204800,96.13,0.1000000000000085,96.13769951587301,0.021835665358881585,96.11586385051413,0.007699515873014207,0.007699515873014207,True,LEAVE_ONE_STUDY_OUT,10.1109/TNANO.2024.3485213,HfOx_01,10.1109/TNANO.2024.3485213,HfOx,8,6,5,False
HfOx_01,10.1109/TNANO.2024.3485213,HfOx,45.4,1.657055852857104,0,0,GRADUAL_MULTILEVEL,NOT_REPORTED,absolute,IDEALIZED_SINGLE_PAIR_GRADUAL,IDEALIZED_GRADUAL_MAPPING,128,5,31,0,2,10,203264,16,1024,16384,96.12,0.1099999999999994,96.1465896875902,0.024155366649994806,96.1224343209402,0.02658968759018876,0.02658968759018876,True,LEAVE_ONE_STUDY_OUT,10.1109/TNANO.2024.3485213,HfOx_01,10.1109/TNANO.2024.3485213,HfOx,8,6,5,False
HfOx_01,10.1109/TNANO.2024.3485213,HfOx,45.4,1.657055852857104,0,0,GRADUAL_MULTILEVEL,NOT_REPORTED,absolute,IDEALIZED_SINGLE_PAIR_GRADUAL,IDEALIZED_GRADUAL_MAPPING,32,4,15,0,2,7,203264,208,128,26624,96.12,0.1099999999999994,96.069531007215,0.05401375764966948,96.01551724956533,-0.0504689927849995,0.0504689927849995,True,LEAVE_ONE_STUDY_OUT,10.1109/TNANO.2024.3485213,HfOx_01,10.1109/TNANO.2024.3485213,HfOx,8,6,5,False
HfOx_01,10.1109/TNANO.2024.3485213,HfOx,45.4,1.657055852857104,0,0,GRADUAL_MULTILEVEL,NOT_REPORTED,absolute,IDEALIZED_SINGLE_PAIR_GRADUAL,IDEALIZED_GRADUAL_MAPPING,64,4,15,0,2,9,203264,56,512,28672,96.11,0.1200000000000045,96.06158996825397,0.02559408597565746,96.03599588227831,-0.04841003174603031,0.04841003174603031,True,LEAVE_ONE_STUDY_OUT,10.1109/TNANO.2024.3485213,HfOx_01,10.1109/TNANO.2024.3485213,HfOx,8,6,5,False
HfOx_01,10.1109/TNANO.2024.3485213,HfOx,45.4,1.657055852857104,0,0,GRADUAL_MULTILEVEL,NOT_REPORTED,absolute,IDEALIZED_SINGLE_PAIR_GRADUAL,IDEALIZED_GRADUAL_MAPPING,16,4,15,0,2,7,203264,800,128,102400,96.11,0.1200000000000045,96.08899360028859,0.0424573303480881,96.0465362699405,-0.021006399711410495,0.021006399711410495,True,LEAVE_ONE_STUDY_OUT,10.1109/TNANO.2024.3485213,HfOx_01,10.1109/TNANO.2024.3485213,HfOx,8,6,5,False
HfOx_01,10.1109/TNANO.2024.3485213,HfOx,45.4,1.657055852857104,0,0,GRADUAL_MULTILEVEL,NOT_REPORTED,absolute,IDEALIZED_SINGLE_PAIR_GRADUAL,IDEALIZED_GRADUAL_MAPPING,32,7,127,0,2,6,203264,208,64,13312,96.11,0.1200000000000045,96.1584827936508,0.09266186137763695,96.06582093227317,0.048482793650805434,0.048482793650805434,True,LEAVE_ONE_STUDY_OUT,10.1109/TNANO.2024.3485213,HfOx_01,10.1109/TNANO.2024.3485213,HfOx,8,6,5,False
HfOx_01,10.1109/TNANO.2024.3485213,HfOx,45.4,1.657055852857104,0,0,GRADUAL_MULTILEVEL,NOT_REPORTED,absolute,IDEALIZED_SINGLE_PAIR_GRADUAL,IDEALIZED_GRADUAL_MAPPING,16,5,31,0,2,10,203264,800,1024,819200,96.1,0.1300000000000096,96.13360184920634,0.010668229865740241,96.1229336193406,0.03360184920634879,0.03360184920634879,True,LEAVE_ONE_STUDY_OUT,10.1109/TNANO.2024.3485213,HfOx_01,10.1109/TNANO.2024.3485213,HfOx,8,6,5,False
HfOx_01,10.1109/TNANO.2024.3485213,HfOx,45.4,1.657055852857104,0,0,GRADUAL_MULTILEVEL,NOT_REPORTED,absolute,IDEALIZED_SINGLE_PAIR_GRADUAL,IDEALIZED_GRADUAL_MAPPING,64,6,63,0,2,6,203264,56,64,3584,96.1,0.1300000000000096,96.07283135714286,0.14758795918945347,95.92524339795341,-0.027168642857134273,0.027168642857134273,True,LEAVE_ONE_STUDY_OUT,10.1109/TNANO.2024.3485213,HfOx_01,10.1109/TNANO.2024.3485213,HfOx,8,6,5,False
HfOx_01,10.1109/TNANO.2024.3485213,HfOx,45.4,1.657055852857104,0,0,GRADUAL_MULTILEVEL,NOT_REPORTED,absolute,IDEALIZED_SINGLE_PAIR_GRADUAL,IDEALIZED_GRADUAL_MAPPING,256,4,15,0,2,8,203264,10,256,2560,96.1,0.1300000000000096,96.03561125396826,0.030250482172522748,96.00536077179574,-0.06438874603173872,0.06438874603173872,True,LEAVE_ONE_STUDY_OUT,10.1109/TNANO.2024.3485213,HfOx_01,10.1109/TNANO.2024.3485213,HfOx,8,6,5,False
HfOx_01,10.1109/TNANO.2024.3485213,HfOx,45.4,1.657055852857104,0,0,GRADUAL_MULTILEVEL,NOT_REPORTED,absolute,IDEALIZED_SINGLE_PAIR_GRADUAL,IDEALIZED_GRADUAL_MAPPING,256,5,31,0,2,7,203264,10,128,1280,96.1,0.1300000000000096,96.09350981746032,0.10094930414929747,95.99256051331102,-0.006490182539678813,0.006490182539678813,True,LEAVE_ONE_STUDY_OUT,10.1109/TNANO.2024.3485213,HfOx_01,10.1109/TNANO.2024.3485213,HfOx,8,6,5,False
HfOx_01,10.1109/TNANO.2024.3485213,HfOx,45.4,1.657055852857104,0,0,GRADUAL_MULTILEVEL,NOT_REPORTED,absolute,IDEALIZED_SINGLE_PAIR_GRADUAL,IDEALIZED_GRADUAL_MAPPING,64,8,255,0,2,6,203264,56,64,3584,96.1,0.1300000000000096,96.05484538095237,0.1411734098982832,95.91367197105409,-0.04515461904762219,0.04515461904762219,True,LEAVE_ONE_STUDY_OUT,10.1109/TNANO.2024.3485213,HfOx_01,10.1109/TNANO.2024.3485213,HfOx,8,6,5,False
HfOx_01,10.1109/TNANO.2024.3485213,HfOx,45.4,1.657055852857104,0,0,GRADUAL_MULTILEVEL,NOT_REPORTED,absolute,IDEALIZED_SINGLE_PAIR_GRADUAL,IDEALIZED_GRADUAL_MAPPING,128,4,15,0,2,7,203264,16,128,2048,96.08,0.1500000000000056,95.99026684126986,0.06381847325806868,95.92644836801179,-0.08973315873014087,0.08973315873014087,True,LEAVE_ONE_STUDY_OUT,10.1109/TNANO.2024.3485213,HfOx_01,10.1109/TNANO.2024.3485213,HfOx,8,6,5,False
HfOx_01,10.1109/TNANO.2024.3485213,HfOx,45.4,1.657055852857104,0,0,GRADUAL_MULTILEVEL,NOT_REPORTED,absolute,IDEALIZED_SINGLE_PAIR_GRADUAL,IDEALIZED_GRADUAL_MAPPING,16,4,15,0,2,9,203264,800,512,409600,96.08,0.1500000000000056,96.07082007142857,0.016461736220918833,96.05435833520765,-0.009179928571427354,0.009179928571427354,True,LEAVE_ONE_STUDY_OUT,10.1109/TNANO.2024.3485213,HfOx_01,10.1109/TNANO.2024.3485213,HfOx,8,6,5,False
HfOx_01,10.1109/TNANO.2024.3485213,HfOx,45.4,1.657055852857104,0,0,GRADUAL_MULTILEVEL,NOT_REPORTED,absolute,IDEALIZED_SINGLE_PAIR_GRADUAL,IDEALIZED_GRADUAL_MAPPING,16,5,31,0,2,6,203264,800,64,51200,96.08,0.1500000000000056,96.10276185064934,0.06451564662847284,96.03824620402087,0.02276185064934566,0.02276185064934566,True,LEAVE_ONE_STUDY_OUT,10.1109/TNANO.2024.3485213,HfOx_01,10.1109/TNANO.2024.3485213,HfOx,8,6,5,False
HfOx_01,10.1109/TNANO.2024.3485213,HfOx,45.4,1.657055852857104,0,0,GRADUAL_MULTILEVEL,NOT_REPORTED,absolute,IDEALIZED_SINGLE_PAIR_GRADUAL,IDEALIZED_GRADUAL_MAPPING,128,4,15,0,2,8,203264,16,256,4096,96.08,0.1500000000000056,96.0302935873016,0.027155156486410714,96.00313843081518,-0.049706412698398594,0.049706412698398594,True,LEAVE_ONE_STUDY_OUT,10.1109/TNANO.2024.3485213,HfOx_01,10.1109/TNANO.2024.3485213,HfOx,8,6,5,False
HfOx_01,10.1109/TNANO.2024.3485213,HfOx,45.4,1.657055852857104,0,0,GRADUAL_MULTILEVEL,NOT_REPORTED,absolute,IDEALIZED_SINGLE_PAIR_GRADUAL,IDEALIZED_GRADUAL_MAPPING,256,4,15,0,2,9,203264,10,512,5120,96.07,0.1600000000000108,96.04327053174603,0.019196433620786386,96.02407409812524,-0.026729468253961386,0.026729468253961386,True,LEAVE_ONE_STUDY_OUT,10.1109/TNANO.2024.3485213,HfOx_01,10.1109/TNANO.2024.3485213,HfOx,8,6,5,False
HfOx_01,10.1109/TNANO.2024.3485213,HfOx,45.4,1.657055852857104,0,0,GRADUAL_MULTILEVEL,NOT_REPORTED,absolute,IDEALIZED_SINGLE_PAIR_GRADUAL,IDEALIZED_GRADUAL_MAPPING,32,4,15,0,2,8,203264,208,256,53248,96.07,0.1600000000000108,96.06302445238096,0.018887399094193087,96.04413705328676,-0.006975547619035183,0.006975547619035183,True,LEAVE_ONE_STUDY_OUT,10.1109/TNANO.2024.3485213,HfOx_01,10.1109/TNANO.2024.3485213,HfOx,8,6,5,False
HfOx_01,10.1109/TNANO.2024.3485213,HfOx,45.4,1.657055852857104,0,0,GRADUAL_MULTILEVEL,NOT_REPORTED,absolute,IDEALIZED_SINGLE_PAIR_GRADUAL,IDEALIZED_GRADUAL_MAPPING,16,4,15,0,2,8,203264,800,256,204800,96.07,0.1600000000000108,96.06188802380953,0.01721952399471119,96.04466849981482,-0.00811197619046311,0.00811197619046311,True,LEAVE_ONE_STUDY_OUT,10.1109/TNANO.2024.3485213,HfOx_01,10.1109/TNANO.2024.3485213,HfOx,8,6,5,False
HfOx_01,10.1109/TNANO.2024.3485213,HfOx,45.4,1.657055852857104,0,0,GRADUAL_MULTILEVEL,NOT_REPORTED,absolute,IDEALIZED_SINGLE_PAIR_GRADUAL,IDEALIZED_GRADUAL_MAPPING,32,4,15,0,2,10,203264,208,1024,212992,96.07,0.1600000000000108,96.06052091269841,0.015737342149594696,96.04478357054882,-0.00947908730158531,0.00947908730158531,True,LEAVE_ONE_STUDY_OUT,10.1109/TNANO.2024.3485213,HfOx_01,10.1109/TNANO.2024.3485213,HfOx,8,6,5,False
HfOx_01,10.1109/TNANO.2024.3485213,HfOx,45.4,1.657055852857104,0,0,GRADUAL_MULTILEVEL,NOT_REPORTED,absolute,IDEALIZED_SINGLE_PAIR_GRADUAL,IDEALIZED_GRADUAL_MAPPING,256,4,15,0,2,10,203264,10,1024,10240,96.06,0.1700000000000017,96.06527448412697,0.017748316271463397,96.04752616785551,0.0052744841269714016,0.0052744841269714016,True,LEAVE_ONE_STUDY_OUT,10.1109/TNANO.2024.3485213,HfOx_01,10.1109/TNANO.2024.3485213,HfOx,8,6,5,False
HfOx_01,10.1109/TNANO.2024.3485213,HfOx,45.4,1.657055852857104,0,0,GRADUAL_MULTILEVEL,NOT_REPORTED,absolute,IDEALIZED_SINGLE_PAIR_GRADUAL,IDEALIZED_GRADUAL_MAPPING,32,8,255,0,2,5,203264,208,32,6656,96.06,0.1700000000000017,95.86661606349209,0.2931195233010407,95.57349654019104,-0.19338393650791375,0.19338393650791375,True,LEAVE_ONE_STUDY_OUT,10.1109/TNANO.2024.3485213,HfOx_01,10.1109/TNANO.2024.3485213,HfOx,8,6,5,False
HfOx_01,10.1109/TNANO.2024.3485213,HfOx,45.4,1.657055852857104,0,0,GRADUAL_MULTILEVEL,NOT_REPORTED,absolute,IDEALIZED_SINGLE_PAIR_GRADUAL,IDEALIZED_GRADUAL_MAPPING,128,4,15,0,2,9,203264,16,512,8192,96.06,0.1700000000000017,96.04287676190475,0.022040229829295814,96.02083653207545,-0.017123238095251736,0.017123238095251736,True,LEAVE_ONE_STUDY_OUT,10.1109/TNANO.2024.3485213,HfOx_01,10.1109/TNANO.2024.3485213,HfOx,8,6,5,False
HfOx_01,10.1109/TNANO.2024.3485213,HfOx,45.4,1.657055852857104,0,0,GRADUAL_MULTILEVEL,NOT_REPORTED,absolute,IDEALIZED_SINGLE_PAIR_GRADUAL,IDEALIZED_GRADUAL_MAPPING,64,5,31,0,2,6,203264,56,64,3584,96.06,0.1700000000000017,96.04870393650792,0.15784020483206657,95.89086373167585,-0.011296063492082453,0.011296063492082453,True,LEAVE_ONE_STUDY_OUT,10.1109/TNANO.2024.3485213,HfOx_01,10.1109/TNANO.2024.3485213,HfOx,8,6,5,False
HfOx_01,10.1109/TNANO.2024.3485213,HfOx,45.4,1.657055852857104,0,0,GRADUAL_MULTILEVEL,NOT_REPORTED,absolute,IDEALIZED_SINGLE_PAIR_GRADUAL,IDEALIZED_GRADUAL_MAPPING,64,4,15,0,2,10,203264,56,1024,57344,96.06,0.1700000000000017,96.06385740476189,0.016832374137438294,96.04702503062445,0.003857404761888006,0.003857404761888006,True,LEAVE_ONE_STUDY_OUT,10.1109/TNANO.2024.3485213,HfOx_01,10.1109/TNANO.2024.3485213,HfOx,8,6,5,False
HfOx_01,10.1109/TNANO.2024.3485213,HfOx,45.4,1.657055852857104,0,0,GRADUAL_MULTILEVEL,NOT_REPORTED,absolute,IDEALIZED_SINGLE_PAIR_GRADUAL,IDEALIZED_GRADUAL_MAPPING,16,4,15,0,2,10,203264,800,1024,819200,96.06,0.1700000000000017,96.06726328571429,0.01160381005188203,96.05565947566241,0.007263285714287804,0.007263285714287804,True,LEAVE_ONE_STUDY_OUT,10.1109/TNANO.2024.3485213,HfOx_01,10.1109/TNANO.2024.3485213,HfOx,8,6,5,False
HfOx_01,10.1109/TNANO.2024.3485213,HfOx,45.4,1.657055852857104,0,0,GRADUAL_MULTILEVEL,NOT_REPORTED,absolute,IDEALIZED_SINGLE_PAIR_GRADUAL,IDEALIZED_GRADUAL_MAPPING,256,4,15,0,2,7,203264,10,128,1280,96.05,0.1800000000000068,95.98893729365079,0.06309843725663394,95.92583885639417,-0.06106270634920463,0.06106270634920463,True,LEAVE_ONE_STUDY_OUT,10.1109/TNANO.2024.3485213,HfOx_01,10.1109/TNANO.2024.3485213,HfOx,8,6,5,False
HfOx_01,10.1109/TNANO.2024.3485213,HfOx,45.4,1.657055852857104,0,0,GRADUAL_MULTILEVEL,NOT_REPORTED,absolute,IDEALIZED_SINGLE_PAIR_GRADUAL,IDEALIZED_GRADUAL_MAPPING,128,4,15,0,2,10,203264,16,1024,16384,96.05,0.1800000000000068,96.06754848412697,0.01877516616400561,96.04877331796297,0.017548484126976405,0.017548484126976405,True,LEAVE_ONE_STUDY_OUT,10.1109/TNANO.2024.3485213,HfOx_01,10.1109/TNANO.2024.3485213,HfOx,8,6,5,False
HfOx_01,10.1109/TNANO.2024.3485213,HfOx,45.4,1.657055852857104,0,0,GRADUAL_MULTILEVEL,NOT_REPORTED,absolute,IDEALIZED_SINGLE_PAIR_GRADUAL,IDEALIZED_GRADUAL_MAPPING,64,7,127,0,2,6,203264,56,64,3584,96.04,0.1899999999999977,96.06016766666667,0.13991563617588296,95.92025203049079,0.020167666666665696,0.020167666666665696,True,LEAVE_ONE_STUDY_OUT,10.1109/TNANO.2024.3485213,HfOx_01,10.1109/TNANO.2024.3485213,HfOx,8,6,5,False
HfOx_01,10.1109/TNANO.2024.3485213,HfOx,45.4,1.657055852857104,0,0,GRADUAL_MULTILEVEL,NOT_REPORTED,absolute,IDEALIZED_SINGLE_PAIR_GRADUAL,IDEALIZED_GRADUAL_MAPPING,32,4,15,0,2,9,203264,208,512,106496,96.04,0.1899999999999977,96.06863153174604,0.020506268734178667,96.04812526301185,0.028631531746029282,0.028631531746029282,True,LEAVE_ONE_STUDY_OUT,10.1109/TNANO.2024.3485213,HfOx_01,10.1109/TNANO.2024.3485213,HfOx,8,6,5,False
HfOx_01,10.1109/TNANO.2024.3485213,HfOx,45.4,1.657055852857104,0,0,GRADUAL_MULTILEVEL,NOT_REPORTED,absolute,IDEALIZED_SINGLE_PAIR_GRADUAL,IDEALIZED_GRADUAL_MAPPING,64,4,15,0,2,7,203264,56,128,7168,96.04,0.1899999999999977,96.02813846825397,0.0940910630445001,95.93404740520947,-0.011861531746035325,0.011861531746035325,True,LEAVE_ONE_STUDY_OUT,10.1109/TNANO.2024.3485213,HfOx_01,10.1109/TNANO.2024.3485213,HfOx,8,6,5,False
HfOx_01,10.1109/TNANO.2024.3485213,HfOx,45.4,1.657055852857104,0,0,GRADUAL_MULTILEVEL,NOT_REPORTED,absolute,IDEALIZED_SINGLE_PAIR_GRADUAL,IDEALIZED_GRADUAL_MAPPING,64,4,15,0,2,8,203264,56,256,14336,96.03,0.2000000000000028,96.050701,0.021399091615228318,96.02930190838478,0.020701000000002523,0.020701000000002523,True,LEAVE_ONE_STUDY_OUT,10.1109/TNANO.2024.3485213,HfOx_01,10.1109/TNANO.2024.3485213,HfOx,8,6,5,False
HfOx_01,10.1109/TNANO.2024.3485213,HfOx,45.4,1.657055852857104,0,0,GRADUAL_MULTILEVEL,NOT_REPORTED,absolute,IDEALIZED_SINGLE_PAIR_GRADUAL,IDEALIZED_GRADUAL_MAPPING,16,4,15,0,2,6,203264,800,64,51200,96.0,0.2300000000000039,96.03809378571428,0.03993641889768294,95.9981573668166,0.038093785714281125,0.038093785714281125,True,LEAVE_ONE_STUDY_OUT,10.1109/TNANO.2024.3485213,HfOx_01,10.1109/TNANO.2024.3485213,HfOx,8,6,5,False
HfOx_01,10.1109/TNANO.2024.3485213,HfOx,45.4,1.657055852857104,0,0,GRADUAL_MULTILEVEL,NOT_REPORTED,absolute,IDEALIZED_SINGLE_PAIR_GRADUAL,IDEALIZED_GRADUAL_MAPPING,16,5,31,0,2,5,203264,800,32,25600,95.96,0.2700000000000102,95.88316573015874,0.24942238248031667,95.63374334767842,-0.07683426984125674,0.07683426984125674,True,LEAVE_ONE_STUDY_OUT,10.1109/TNANO.2024.3485213,HfOx_01,10.1109/TNANO.2024.3485213,HfOx,8,6,5,False
HfOx_01,10.1109/TNANO.2024.3485213,HfOx,45.4,1.657055852857104,0,0,GRADUAL_MULTILEVEL,NOT_REPORTED,absolute,IDEALIZED_SINGLE_PAIR_GRADUAL,IDEALIZED_GRADUAL_MAPPING,32,4,15,0,2,6,203264,208,64,13312,95.94,0.2900000000000062,95.98293315873016,0.05479499101274604,95.92813816771742,0.04293315873016468,0.04293315873016468,True,LEAVE_ONE_STUDY_OUT,10.1109/TNANO.2024.3485213,HfOx_01,10.1109/TNANO.2024.3485213,HfOx,8,6,5,False
HfOx_01,10.1109/TNANO.2024.3485213,HfOx,45.4,1.657055852857104,0,0,GRADUAL_MULTILEVEL,NOT_REPORTED,absolute,IDEALIZED_SINGLE_PAIR_GRADUAL,IDEALIZED_GRADUAL_MAPPING,128,6,63,0,2,6,203264,16,64,1024,95.87,0.3599999999999994,95.75135321284272,0.41406045228627714,95.33729276055644,-0.11864678715728871,0.11864678715728871,True,LEAVE_ONE_STUDY_OUT,10.1109/TNANO.2024.3485213,HfOx_01,10.1109/TNANO.2024.3485213,HfOx,8,6,5,False
HfOx_01,10.1109/TNANO.2024.3485213,HfOx,45.4,1.657055852857104,0,0,GRADUAL_MULTILEVEL,NOT_REPORTED,absolute,IDEALIZED_SINGLE_PAIR_GRADUAL,IDEALIZED_GRADUAL_MAPPING,128,7,127,0,2,6,203264,16,64,1024,95.86,0.3700000000000045,95.758408998557,0.41016857987577615,95.34824041868123,-0.10159100144299771,0.10159100144299771,True,LEAVE_ONE_STUDY_OUT,10.1109/TNANO.2024.3485213,HfOx_01,10.1109/TNANO.2024.3485213,HfOx,8,6,5,False
HfOx_01,10.1109/TNANO.2024.3485213,HfOx,45.4,1.657055852857104,0,0,GRADUAL_MULTILEVEL,NOT_REPORTED,absolute,IDEALIZED_SINGLE_PAIR_GRADUAL,IDEALIZED_GRADUAL_MAPPING,256,7,127,0,2,6,203264,10,64,640,95.86,0.3700000000000045,95.73137545093795,0.5282879311882823,95.20308751974966,-0.128624549062053,0.128624549062053,True,LEAVE_ONE_STUDY_OUT,10.1109/TNANO.2024.3485213,HfOx_01,10.1109/TNANO.2024.3485213,HfOx,8,6,5,False
HfOx_01,10.1109/TNANO.2024.3485213,HfOx,45.4,1.657055852857104,0,0,GRADUAL_MULTILEVEL,NOT_REPORTED,absolute,IDEALIZED_SINGLE_PAIR_GRADUAL,IDEALIZED_GRADUAL_MAPPING,32,7,127,0,2,5,203264,208,32,6656,95.85,0.3800000000000096,95.86905896825397,0.2878098214398971,95.58124914681407,0.019058968253972353,0.019058968253972353,True,LEAVE_ONE_STUDY_OUT,10.1109/TNANO.2024.3485213,HfOx_01,10.1109/TNANO.2024.3485213,HfOx,8,6,5,False
HfOx_01,10.1109/TNANO.2024.3485213,HfOx,45.4,1.657055852857104,0,0,GRADUAL_MULTILEVEL,NOT_REPORTED,absolute,IDEALIZED_SINGLE_PAIR_GRADUAL,IDEALIZED_GRADUAL_MAPPING,64,4,15,0,2,6,203264,56,64,3584,95.84,0.3900000000000005,95.92140590476191,0.11463748288156722,95.80676842188035,0.08140590476190823,0.08140590476190823,True,LEAVE_ONE_STUDY_OUT,10.1109/TNANO.2024.3485213,HfOx_01,10.1109/TNANO.2024.3485213,HfOx,8,6,5,False
HfOx_01,10.1109/TNANO.2024.3485213,HfOx,45.4,1.657055852857104,0,0,GRADUAL_MULTILEVEL,NOT_REPORTED,absolute,IDEALIZED_SINGLE_PAIR_GRADUAL,IDEALIZED_GRADUAL_MAPPING,128,8,255,0,2,6,203264,16,64,1024,95.84,0.3900000000000005,95.758456998557,0.4099276910774703,95.34852930747952,-0.08154300144300919,0.08154300144300919,True,LEAVE_ONE_STUDY_OUT,10.1109/TNANO.2024.3485213,HfOx_01,10.1109/TNANO.2024.3485213,HfOx,8,6,5,False
HfOx_01,10.1109/TNANO.2024.3485213,HfOx,45.4,1.657055852857104,0,0,GRADUAL_MULTILEVEL,NOT_REPORTED,absolute,IDEALIZED_SINGLE_PAIR_GRADUAL,IDEALIZED_GRADUAL_MAPPING,256,6,63,0,2,6,203264,10,64,640,95.83,0.4000000000000057,95.72061566522366,0.5197570609124184,95.20085860431125,-0.1093843347763368,0.1093843347763368,True,LEAVE_ONE_STUDY_OUT,10.1109/TNANO.2024.3485213,HfOx_01,10.1109/TNANO.2024.3485213,HfOx,8,6,5,False
HfOx_01,10.1109/TNANO.2024.3485213,HfOx,45.4,1.657055852857104,0,0,GRADUAL_MULTILEVEL,NOT_REPORTED,absolute,IDEALIZED_SINGLE_PAIR_GRADUAL,IDEALIZED_GRADUAL_MAPPING,16,4,15,0,2,5,203264,800,32,25600,95.83,0.4000000000000057,95.8187715873016,0.2590626224809234,95.55970896482067,-0.011228412698400803,0.011228412698400803,True,LEAVE_ONE_STUDY_OUT,10.1109/TNANO.2024.3485213,HfOx_01,10.1109/TNANO.2024.3485213,HfOx,8,6,5,False
HfOx_01,10.1109/TNANO.2024.3485213,HfOx,45.4,1.657055852857104,0,0,GRADUAL_MULTILEVEL,NOT_REPORTED,absolute,IDEALIZED_SINGLE_PAIR_GRADUAL,IDEALIZED_GRADUAL_MAPPING,32,5,31,0,2,5,203264,208,32,6656,95.82,0.4100000000000108,95.77288703968253,0.2892399051421598,95.48364713454038,-0.04711296031746315,0.04711296031746315,True,LEAVE_ONE_STUDY_OUT,10.1109/TNANO.2024.3485213,HfOx_01,10.1109/TNANO.2024.3485213,HfOx,8,6,5,False
HfOx_01,10.1109/TNANO.2024.3485213,HfOx,45.4,1.657055852857104,0,0,GRADUAL_MULTILEVEL,NOT_REPORTED,absolute,IDEALIZED_SINGLE_PAIR_GRADUAL,IDEALIZED_GRADUAL_MAPPING,256,8,255,0,2,6,203264,10,64,640,95.81,0.4200000000000017,95.7316717842713,0.5282205586729675,95.20345122559833,-0.0783282157287033,0.0783282157287033,False,LEAVE_ONE_STUDY_OUT,10.1109/TNANO.2024.3485213,HfOx_01,10.1109/TNANO.2024.3485213,HfOx,8,6,5,False
HfOx_01,10.1109/TNANO.2024.3485213,HfOx,45.4,1.657055852857104,0,0,GRADUAL_MULTILEVEL,NOT_REPORTED,absolute,IDEALIZED_SINGLE_PAIR_GRADUAL,IDEALIZED_GRADUAL_MAPPING,256,4,15,0,2,6,203264,10,64,640,95.8,0.4300000000000068,95.62091545238096,0.485202983349117,95.13571246903184,-0.17908454761904125,0.17908454761904125,False,LEAVE_ONE_STUDY_OUT,10.1109/TNANO.2024.3485213,HfOx_01,10.1109/TNANO.2024.3485213,HfOx,8,6,5,False
HfOx_01,10.1109/TNANO.2024.3485213,HfOx,45.4,1.657055852857104,0,0,GRADUAL_MULTILEVEL,NOT_REPORTED,absolute,IDEALIZED_SINGLE_PAIR_GRADUAL,IDEALIZED_GRADUAL_MAPPING,32,6,63,0,2,5,203264,208,32,6656,95.8,0.4300000000000068,95.83482590476191,0.2765701279120922,95.55825577684982,0.034825904761916604,0.034825904761916604,False,LEAVE_ONE_STUDY_OUT,10.1109/TNANO.2024.3485213,HfOx_01,10.1109/TNANO.2024.3485213,HfOx,8,6,5,False
HfOx_01,10.1109/TNANO.2024.3485213,HfOx,45.4,1.657055852857104,0,0,GRADUAL_MULTILEVEL,NOT_REPORTED,absolute,IDEALIZED_SINGLE_PAIR_GRADUAL,IDEALIZED_GRADUAL_MAPPING,128,4,15,0,2,6,203264,16,64,1024,95.78,0.4500000000000028,95.63964586507936,0.37991112245780717,95.25973474262155,-0.14035413492064208,0.14035413492064208,False,LEAVE_ONE_STUDY_OUT,10.1109/TNANO.2024.3485213,HfOx_01,10.1109/TNANO.2024.3485213,HfOx,8,6,5,False
HfOx_01,10.1109/TNANO.2024.3485213,HfOx,45.4,1.657055852857104,0,0,GRADUAL_MULTILEVEL,NOT_REPORTED,absolute,IDEALIZED_SINGLE_PAIR_GRADUAL,IDEALIZED_GRADUAL_MAPPING,32,4,15,0,2,5,203264,208,32,6656,95.72,0.5100000000000051,95.69261247619048,0.2882371247309988,95.40437535145948,-0.027387523809522918,0.027387523809522918,False,LEAVE_ONE_STUDY_OUT,10.1109/TNANO.2024.3485213,HfOx_01,10.1109/TNANO.2024.3485213,HfOx,8,6,5,False
HfOx_01,10.1109/TNANO.2024.3485213,HfOx,45.4,1.657055852857104,0,0,GRADUAL_MULTILEVEL,NOT_REPORTED,absolute,IDEALIZED_SINGLE_PAIR_GRADUAL,IDEALIZED_GRADUAL_MAPPING,128,5,31,0,2,6,203264,16,64,1024,95.66,0.5700000000000074,95.7464272128427,0.41925198461002067,95.32717522823269,0.08642721284270749,0.08642721284270749,False,LEAVE_ONE_STUDY_OUT,10.1109/TNANO.2024.3485213,HfOx_01,10.1109/TNANO.2024.3485213,HfOx,8,6,5,False
HfOx_01,10.1109/TNANO.2024.3485213,HfOx,45.4,1.657055852857104,0,0,GRADUAL_MULTILEVEL,NOT_REPORTED,absolute,IDEALIZED_SINGLE_PAIR_GRADUAL,IDEALIZED_GRADUAL_MAPPING,256,5,31,0,2,6,203264,10,64,640,95.64,0.5900000000000034,95.71020435569986,0.5183701038578017,95.19183425184205,0.0702043556998575,0.0702043556998575,False,LEAVE_ONE_STUDY_OUT,10.1109/TNANO.2024.3485213,HfOx_01,10.1109/TNANO.2024.3485213,HfOx,8,6,5,False
HfOx_01,10.1109/TNANO.2024.3485213,HfOx,45.4,1.657055852857104,0,0,GRADUAL_MULTILEVEL,NOT_REPORTED,absolute,IDEALIZED_SINGLE_PAIR_GRADUAL,IDEALIZED_GRADUAL_MAPPING,64,8,255,0,2,5,203264,56,32,1792,95.61,0.6200000000000045,95.27533521428572,0.9378690826808489,94.33746613160487,-0.33466478571428127,0.33466478571428127,False,LEAVE_ONE_STUDY_OUT,10.1109/TNANO.2024.3485213,HfOx_01,10.1109/TNANO.2024.3485213,HfOx,8,6,5,False
HfOx_01,10.1109/TNANO.2024.3485213,HfOx,45.4,1.657055852857104,0,0,GRADUAL_MULTILEVEL,NOT_REPORTED,absolute,IDEALIZED_SINGLE_PAIR_GRADUAL,IDEALIZED_GRADUAL_MAPPING,64,5,31,0,2,5,203264,56,32,1792,95.53,0.7000000000000028,95.20337743650795,0.9430774758708969,94.26029996063706,-0.32662256349205165,0.32662256349205165,False,LEAVE_ONE_STUDY_OUT,10.1109/TNANO.2024.3485213,HfOx_01,10.1109/TNANO.2024.3485213,HfOx,8,6,5,False
HfOx_01,10.1109/TNANO.2024.3485213,HfOx,45.4,1.657055852857104,0,0,GRADUAL_MULTILEVEL,NOT_REPORTED,absolute,IDEALIZED_SINGLE_PAIR_GRADUAL,IDEALIZED_GRADUAL_MAPPING,64,7,127,0,2,5,203264,56,32,1792,95.53,0.7000000000000028,95.27713188095238,0.9369760233529736,94.34015585759941,-0.2528681190476192,0.2528681190476192,False,LEAVE_ONE_STUDY_OUT,10.1109/TNANO.2024.3485213,HfOx_01,10.1109/TNANO.2024.3485213,HfOx,8,6,5,False
HfOx_01,10.1109/TNANO.2024.3485213,HfOx,45.4,1.657055852857104,0,0,GRADUAL_MULTILEVEL,NOT_REPORTED,absolute,IDEALIZED_SINGLE_PAIR_GRADUAL,IDEALIZED_GRADUAL_MAPPING,64,6,63,0,2,5,203264,56,32,1792,95.5,0.730000000000004,95.2618674047619,0.9436056722887065,94.31826173247319,-0.23813259523809904,0.23813259523809904,False,LEAVE_ONE_STUDY_OUT,10.1109/TNANO.2024.3485213,HfOx_01,10.1109/TNANO.2024.3485213,HfOx,8,6,5,False
HfOx_01,10.1109/TNANO.2024.3485213,HfOx,45.4,1.657055852857104,0,0,GRADUAL_MULTILEVEL,NOT_REPORTED,absolute,IDEALIZED_SINGLE_PAIR_GRADUAL,IDEALIZED_GRADUAL_MAPPING,64,4,15,0,2,5,203264,56,32,1792,95.38,0.8500000000000085,95.1838200873016,0.9741444993348886,94.20967558796671,-0.19617991269839763,0.19617991269839763,False,LEAVE_ONE_STUDY_OUT,10.1109/TNANO.2024.3485213,HfOx_01,10.1109/TNANO.2024.3485213,HfOx,8,6,5,False
HfOx_01,10.1109/TNANO.2024.3485213,HfOx,45.4,1.657055852857104,0,0,GRADUAL_MULTILEVEL,NOT_REPORTED,absolute,IDEALIZED_SINGLE_PAIR_GRADUAL,IDEALIZED_GRADUAL_MAPPING,16,8,255,0,2,4,203264,800,16,12800,95.35,0.8800000000000097,94.48484035714284,1.385083003012531,93.09975735413032,-0.8651596428571509,0.8651596428571509,False,LEAVE_ONE_STUDY_OUT,10.1109/TNANO.2024.3485213,HfOx_01,10.1109/TNANO.2024.3485213,HfOx,8,6,5,False
HfOx_01,10.1109/TNANO.2024.3485213,HfOx,45.4,1.657055852857104,0,0,GRADUAL_MULTILEVEL,NOT_REPORTED,absolute,IDEALIZED_SINGLE_PAIR_GRADUAL,IDEALIZED_GRADUAL_MAPPING,16,5,31,0,2,4,203264,800,16,12800,95.33,0.9000000000000057,94.39543940476192,1.5686034749753222,92.8268359297866,-0.9345605952380822,0.9345605952380822,False,LEAVE_ONE_STUDY_OUT,10.1109/TNANO.2024.3485213,HfOx_01,10.1109/TNANO.2024.3485213,HfOx,8,6,5,False
HfOx_01,10.1109/TNANO.2024.3485213,HfOx,45.4,1.657055852857104,0,0,GRADUAL_MULTILEVEL,NOT_REPORTED,absolute,IDEALIZED_SINGLE_PAIR_GRADUAL,IDEALIZED_GRADUAL_MAPPING,16,6,63,0,2,4,203264,800,16,12800,95.31,0.9200000000000016,94.46029502380951,1.4309699108620684,93.02932511294743,-0.8497049761904947,0.8497049761904947,False,LEAVE_ONE_STUDY_OUT,10.1109/TNANO.2024.3485213,HfOx_01,10.1109/TNANO.2024.3485213,HfOx,8,6,5,False
HfOx_01,10.1109/TNANO.2024.3485213,HfOx,45.4,1.657055852857104,0,0,GRADUAL_MULTILEVEL,NOT_REPORTED,absolute,IDEALIZED_SINGLE_PAIR_GRADUAL,IDEALIZED_GRADUAL_MAPPING,16,4,15,0,2,4,203264,800,16,12800,95.18,1.0499999999999972,94.14305992063491,2.1523745653912028,91.99068535524371,-1.0369400793650954,1.0369400793650954,False,LEAVE_ONE_STUDY_OUT,10.1109/TNANO.2024.3485213,HfOx_01,10.1109/TNANO.2024.3485213,HfOx,8,6,5,False
HfOx_01,10.1109/TNANO.2024.3485213,HfOx,45.4,1.657055852857104,0,0,GRADUAL_MULTILEVEL,NOT_REPORTED,absolute,IDEALIZED_SINGLE_PAIR_GRADUAL,IDEALIZED_GRADUAL_MAPPING,16,7,127,0,2,4,203264,800,16,12800,95.16,1.0700000000000074,94.48600369047618,1.392488791172876,93.0935148993033,-0.6739963095238153,0.6739963095238153,False,LEAVE_ONE_STUDY_OUT,10.1109/TNANO.2024.3485213,HfOx_01,10.1109/TNANO.2024.3485213,HfOx,8,6,5,False
HfOx_01,10.1109/TNANO.2024.3485213,HfOx,45.4,1.657055852857104,0,0,GRADUAL_MULTILEVEL,NOT_REPORTED,absolute,IDEALIZED_SINGLE_PAIR_GRADUAL,IDEALIZED_GRADUAL_MAPPING,128,6,63,0,2,5,203264,16,32,512,94.55,1.6800000000000068,93.75614076190477,1.4984692388364989,92.25767152306828,-0.793859238095223,0.793859238095223,False,LEAVE_ONE_STUDY_OUT,10.1109/TNANO.2024.3485213,HfOx_01,10.1109/TNANO.2024.3485213,HfOx,8,6,5,False
HfOx_01,10.1109/TNANO.2024.3485213,HfOx,45.4,1.657055852857104,0,0,GRADUAL_MULTILEVEL,NOT_REPORTED,absolute,IDEALIZED_SINGLE_PAIR_GRADUAL,IDEALIZED_GRADUAL_MAPPING,128,4,15,0,2,5,203264,16,32,512,94.47,1.7600000000000051,93.41442497619047,1.9383673936002297,91.47605758259024,-1.0555750238095243,1.0555750238095243,False,LEAVE_ONE_STUDY_OUT,10.1109/TNANO.2024.3485213,HfOx_01,10.1109/TNANO.2024.3485213,HfOx,8,6,5,False
HfOx_01,10.1109/TNANO.2024.3485213,HfOx,45.4,1.657055852857104,0,0,GRADUAL_MULTILEVEL,NOT_REPORTED,absolute,IDEALIZED_SINGLE_PAIR_GRADUAL,IDEALIZED_GRADUAL_MAPPING,128,7,127,0,2,5,203264,16,32,512,94.43,1.7999999999999972,93.78157926190475,1.4992689301092328,92.28231033179551,-0.648420738095254,0.648420738095254,False,LEAVE_ONE_STUDY_OUT,10.1109/TNANO.2024.3485213,HfOx_01,10.1109/TNANO.2024.3485213,HfOx,8,6,5,False
HfOx_01,10.1109/TNANO.2024.3485213,HfOx,45.4,1.657055852857104,0,0,GRADUAL_MULTILEVEL,NOT_REPORTED,absolute,IDEALIZED_SINGLE_PAIR_GRADUAL,IDEALIZED_GRADUAL_MAPPING,128,8,255,0,2,5,203264,16,32,512,94.36,1.8700000000000043,93.78356378571429,1.4885650045368066,92.29499878117748,-0.5764362142857067,0.5764362142857067,False,LEAVE_ONE_STUDY_OUT,10.1109/TNANO.2024.3485213,HfOx_01,10.1109/TNANO.2024.3485213,HfOx,8,6,5,False
HfOx_01,10.1109/TNANO.2024.3485213,HfOx,45.4,1.657055852857104,0,0,GRADUAL_MULTILEVEL,NOT_REPORTED,absolute,IDEALIZED_SINGLE_PAIR_GRADUAL,IDEALIZED_GRADUAL_MAPPING,128,5,31,0,2,5,203264,16,32,512,94.33,1.9000000000000057,93.60788776190476,1.6875545929242064,91.92033316898056,-0.7221122380952352,0.7221122380952352,False,LEAVE_ONE_STUDY_OUT,10.1109/TNANO.2024.3485213,HfOx_01,10.1109/TNANO.2024.3485213,HfOx,8,6,5,False
HfOx_01,10.1109/TNANO.2024.3485213,HfOx,45.4,1.657055852857104,0,0,GRADUAL_MULTILEVEL,NOT_REPORTED,absolute,IDEALIZED_SINGLE_PAIR_GRADUAL,IDEALIZED_GRADUAL_MAPPING,256,8,255,0,2,5,203264,10,32,320,94.11,2.1200000000000045,93.27410258730158,2.2274530167630835,91.0466495705385,-0.8358974126984151,0.8358974126984151,False,LEAVE_ONE_STUDY_OUT,10.1109/TNANO.2024.3485213,HfOx_01,10.1109/TNANO.2024.3485213,HfOx,8,6,5,False
HfOx_01,10.1109/TNANO.2024.3485213,HfOx,45.4,1.657055852857104,0,0,GRADUAL_MULTILEVEL,NOT_REPORTED,absolute,IDEALIZED_SINGLE_PAIR_GRADUAL,IDEALIZED_GRADUAL_MAPPING,32,6,63,0,2,4,203264,208,16,3328,94.08,2.1500000000000057,93.07563182972582,1.9595035583716502,91.11612827135417,-1.0043681702741765,1.0043681702741765,False,LEAVE_ONE_STUDY_OUT,10.1109/TNANO.2024.3485213,HfOx_01,10.1109/TNANO.2024.3485213,HfOx,8,6,5,False
HfOx_01,10.1109/TNANO.2024.3485213,HfOx,45.4,1.657055852857104,0,0,GRADUAL_MULTILEVEL,NOT_REPORTED,absolute,IDEALIZED_SINGLE_PAIR_GRADUAL,IDEALIZED_GRADUAL_MAPPING,256,6,63,0,2,5,203264,10,32,320,94.07,2.160000000000011,93.25444075396825,2.2309803142726836,91.02346043969557,-0.8155592460317393,0.8155592460317393,False,LEAVE_ONE_STUDY_OUT,10.1109/TNANO.2024.3485213,HfOx_01,10.1109/TNANO.2024.3485213,HfOx,8,6,5,False
HfOx_01,10.1109/TNANO.2024.3485213,HfOx,45.4,1.657055852857104,0,0,GRADUAL_MULTILEVEL,NOT_REPORTED,absolute,IDEALIZED_SINGLE_PAIR_GRADUAL,IDEALIZED_GRADUAL_MAPPING,256,7,127,0,2,5,203264,10,32,320,94.02,2.210000000000008,93.27061806349207,2.233674790907414,91.03694327258465,-0.7493819365079304,0.7493819365079304,False,LEAVE_ONE_STUDY_OUT,10.1109/TNANO.2024.3485213,HfOx_01,10.1109/TNANO.2024.3485213,HfOx,8,6,5,False
HfOx_01,10.1109/TNANO.2024.3485213,HfOx,45.4,1.657055852857104,0,0,GRADUAL_MULTILEVEL,NOT_REPORTED,absolute,IDEALIZED_SINGLE_PAIR_GRADUAL,IDEALIZED_GRADUAL_MAPPING,32,7,127,0,2,4,203264,208,16,3328,93.95,2.280000000000001,93.14895584559886,1.8921193133998064,91.25683653219906,-0.80104415440114,0.80104415440114,False,LEAVE_ONE_STUDY_OUT,10.1109/TNANO.2024.3485213,HfOx_01,10.1109/TNANO.2024.3485213,HfOx,8,6,5,False
HfOx_01,10.1109/TNANO.2024.3485213,HfOx,45.4,1.657055852857104,0,0,GRADUAL_MULTILEVEL,NOT_REPORTED,absolute,IDEALIZED_SINGLE_PAIR_GRADUAL,IDEALIZED_GRADUAL_MAPPING,32,8,255,0,2,4,203264,208,16,3328,93.93,2.299999999999997,93.14660184559885,1.8873883718918916,91.25921347370696,-0.783398154401155,0.783398154401155,False,LEAVE_ONE_STUDY_OUT,10.1109/TNANO.2024.3485213,HfOx_01,10.1109/TNANO.2024.3485213,HfOx,8,6,5,False
HfOx_01,10.1109/TNANO.2024.3485213,HfOx,45.4,1.657055852857104,0,0,GRADUAL_MULTILEVEL,NOT_REPORTED,absolute,IDEALIZED_SINGLE_PAIR_GRADUAL,IDEALIZED_GRADUAL_MAPPING,32,4,15,0,2,4,203264,208,16,3328,93.82,2.410000000000011,92.78060581746031,2.5456695428980054,90.2349362745623,-1.0393941825396809,1.0393941825396809,False,LEAVE_ONE_STUDY_OUT,10.1109/TNANO.2024.3485213,HfOx_01,10.1109/TNANO.2024.3485213,HfOx,8,6,5,False
HfOx_01,10.1109/TNANO.2024.3485213,HfOx,45.4,1.657055852857104,0,0,GRADUAL_MULTILEVEL,NOT_REPORTED,absolute,IDEALIZED_SINGLE_PAIR_GRADUAL,IDEALIZED_GRADUAL_MAPPING,32,5,31,0,2,4,203264,208,16,3328,93.81,2.4200000000000017,92.97397273809524,2.069964586384923,90.90400815171031,-0.8360272619047606,0.8360272619047606,False,LEAVE_ONE_STUDY_OUT,10.1109/TNANO.2024.3485213,HfOx_01,10.1109/TNANO.2024.3485213,HfOx,8,6,5,False
HfOx_01,10.1109/TNANO.2024.3485213,HfOx,45.4,1.657055852857104,0,0,GRADUAL_MULTILEVEL,NOT_REPORTED,absolute,IDEALIZED_SINGLE_PAIR_GRADUAL,IDEALIZED_GRADUAL_MAPPING,256,4,15,0,2,5,203264,10,32,320,93.7,2.530000000000001,92.97015101587301,2.715915048946623,90.25423596692639,-0.7298489841269884,0.7298489841269884,False,LEAVE_ONE_STUDY_OUT,10.1109/TNANO.2024.3485213,HfOx_01,10.1109/TNANO.2024.3485213,HfOx,8,6,5,False
HfOx_01,10.1109/TNANO.2024.3485213,HfOx,45.4,1.657055852857104,0,0,GRADUAL_MULTILEVEL,NOT_REPORTED,absolute,IDEALIZED_SINGLE_PAIR_GRADUAL,IDEALIZED_GRADUAL_MAPPING,256,5,31,0,2,5,203264,10,32,320,93.6,2.6300000000000097,93.12912803968254,2.4013794290734545,90.72774861060908,-0.47087196031745293,0.47087196031745293,False,LEAVE_ONE_STUDY_OUT,10.1109/TNANO.2024.3485213,HfOx_01,10.1109/TNANO.2024.3485213,HfOx,8,6,5,False
HfOx_01,10.1109/TNANO.2024.3485213,HfOx,45.4,1.657055852857104,0,0,GRADUAL_MULTILEVEL,NOT_REPORTED,absolute,IDEALIZED_SINGLE_PAIR_GRADUAL,IDEALIZED_GRADUAL_MAPPING,256,3,7,0,2,10,203264,10,1024,10240,92.25,3.980000000000004,92.23355480952381,0.034324573323562264,92.19923023620025,-0.01644519047619042,0.01644519047619042,False,LEAVE_ONE_STUDY_OUT,10.1109/TNANO.2024.3485213,HfOx_01,10.1109/TNANO.2024.3485213,HfOx,8,6,5,False
HfOx_01,10.1109/TNANO.2024.3485213,HfOx,45.4,1.657055852857104,0,0,GRADUAL_MULTILEVEL,NOT_REPORTED,absolute,IDEALIZED_SINGLE_PAIR_GRADUAL,IDEALIZED_GRADUAL_MAPPING,16,3,7,0,2,8,203264,800,256,204800,92.23,4.0,92.1977700079365,0.03516671002627617,92.16260329791022,-0.032229992063506074,0.032229992063506074,False,LEAVE_ONE_STUDY_OUT,10.1109/TNANO.2024.3485213,HfOx_01,10.1109/TNANO.2024.3485213,HfOx,8,6,5,False
HfOx_01,10.1109/TNANO.2024.3485213,HfOx,45.4,1.657055852857104,0,0,GRADUAL_MULTILEVEL,NOT_REPORTED,absolute,IDEALIZED_SINGLE_PAIR_GRADUAL,IDEALIZED_GRADUAL_MAPPING,64,3,7,0,2,9,203264,56,512,28672,92.23,4.0,92.22180345238095,0.028701218157856662,92.19310223422309,-0.00819654761905042,0.00819654761905042,False,LEAVE_ONE_STUDY_OUT,10.1109/TNANO.2024.3485213,HfOx_01,10.1109/TNANO.2024.3485213,HfOx,8,6,5,False
HfOx_01,10.1109/TNANO.2024.3485213,HfOx,45.4,1.657055852857104,0,0,GRADUAL_MULTILEVEL,NOT_REPORTED,absolute,IDEALIZED_SINGLE_PAIR_GRADUAL,IDEALIZED_GRADUAL_MAPPING,256,3,7,0,2,8,203264,10,256,2560,92.23,4.0,92.25607976984126,0.06447121778267793,92.19160855205858,0.02607976984126026,0.02607976984126026,False,LEAVE_ONE_STUDY_OUT,10.1109/TNANO.2024.3485213,HfOx_01,10.1109/TNANO.2024.3485213,HfOx,8,6,5,False
HfOx_01,10.1109/TNANO.2024.3485213,HfOx,45.4,1.657055852857104,0,0,GRADUAL_MULTILEVEL,NOT_REPORTED,absolute,IDEALIZED_SINGLE_PAIR_GRADUAL,IDEALIZED_GRADUAL_MAPPING,64,3,7,0,2,10,203264,56,1024,57344,92.22,4.010000000000005,92.20730074603175,0.024397424789980336,92.18290332124177,-0.012699253968250446,0.012699253968250446,False,LEAVE_ONE_STUDY_OUT,10.1109/TNANO.2024.3485213,HfOx_01,10.1109/TNANO.2024.3485213,HfOx,8,6,5,False
HfOx_01,10.1109/TNANO.2024.3485213,HfOx,45.4,1.657055852857104,0,0,GRADUAL_MULTILEVEL,NOT_REPORTED,absolute,IDEALIZED_SINGLE_PAIR_GRADUAL,IDEALIZED_GRADUAL_MAPPING,128,3,7,0,2,10,203264,16,1024,16384,92.21,4.02000000000001,92.21197774603174,0.032441893683242885,92.1795358523485,0.0019777460317413897,0.0019777460317413897,False,LEAVE_ONE_STUDY_OUT,10.1109/TNANO.2024.3485213,HfOx_01,10.1109/TNANO.2024.3485213,HfOx,8,6,5,False
HfOx_01,10.1109/TNANO.2024.3485213,HfOx,45.4,1.657055852857104,0,0,GRADUAL_MULTILEVEL,NOT_REPORTED,absolute,IDEALIZED_SINGLE_PAIR_GRADUAL,IDEALIZED_GRADUAL_MAPPING,32,3,7,0,2,10,203264,208,1024,212992,92.21,4.02000000000001,92.23876784126985,0.019022149159581673,92.21974569211027,0.02876784126985399,0.02876784126985399,False,LEAVE_ONE_STUDY_OUT,10.1109/TNANO.2024.3485213,HfOx_01,10.1109/TNANO.2024.3485213,HfOx,8,6,5,False
HfOx_01,10.1109/TNANO.2024.3485213,HfOx,45.4,1.657055852857104,0,0,GRADUAL_MULTILEVEL,NOT_REPORTED,absolute,IDEALIZED_SINGLE_PAIR_GRADUAL,IDEALIZED_GRADUAL_MAPPING,32,3,7,0,2,9,203264,208,512,106496,92.21,4.02000000000001,92.2414741904762,0.023418242142822492,92.21805594833337,0.031474190476203034,0.031474190476203034,False,LEAVE_ONE_STUDY_OUT,10.1109/TNANO.2024.3485213,HfOx_01,10.1109/TNANO.2024.3485213,HfOx,8,6,5,False
HfOx_01,10.1109/TNANO.2024.3485213,HfOx,45.4,1.657055852857104,0,0,GRADUAL_MULTILEVEL,NOT_REPORTED,absolute,IDEALIZED_SINGLE_PAIR_GRADUAL,IDEALIZED_GRADUAL_MAPPING,16,3,7,0,2,10,203264,800,1024,819200,92.21,4.02000000000001,92.23880024603176,0.02128094127838406,92.21751930475338,0.02880024603176423,0.02880024603176423,False,LEAVE_ONE_STUDY_OUT,10.1109/TNANO.2024.3485213,HfOx_01,10.1109/TNANO.2024.3485213,HfOx,8,6,5,False
HfOx_01,10.1109/TNANO.2024.3485213,HfOx,45.4,1.657055852857104,0,0,GRADUAL_MULTILEVEL,NOT_REPORTED,absolute,IDEALIZED_SINGLE_PAIR_GRADUAL,IDEALIZED_GRADUAL_MAPPING,128,3,7,0,2,9,203264,16,512,8192,92.2,4.030000000000001,92.24403444516595,0.043537318987103654,92.20049712617885,0.044034445165948455,0.044034445165948455,False,LEAVE_ONE_STUDY_OUT,10.1109/TNANO.2024.3485213,HfOx_01,10.1109/TNANO.2024.3485213,HfOx,8,6,5,False
HfOx_01,10.1109/TNANO.2024.3485213,HfOx,45.4,1.657055852857104,0,0,GRADUAL_MULTILEVEL,NOT_REPORTED,absolute,IDEALIZED_SINGLE_PAIR_GRADUAL,IDEALIZED_GRADUAL_MAPPING,32,3,7,0,2,7,203264,208,128,26624,92.19,4.040000000000006,92.20281728571429,0.07379768583811236,92.12901959987617,0.012817285714291415,0.012817285714291415,False,LEAVE_ONE_STUDY_OUT,10.1109/TNANO.2024.3485213,HfOx_01,10.1109/TNANO.2024.3485213,HfOx,8,6,5,False
HfOx_01,10.1109/TNANO.2024.3485213,HfOx,45.4,1.657055852857104,0,0,GRADUAL_MULTILEVEL,NOT_REPORTED,absolute,IDEALIZED_SINGLE_PAIR_GRADUAL,IDEALIZED_GRADUAL_MAPPING,16,3,7,0,2,9,203264,800,512,409600,92.19,4.040000000000006,92.23996397619048,0.022577223806740987,92.21738675238375,0.049963976190483095,0.049963976190483095,False,LEAVE_ONE_STUDY_OUT,10.1109/TNANO.2024.3485213,HfOx_01,10.1109/TNANO.2024.3485213,HfOx,8,6,5,False
HfOx_01,10.1109/TNANO.2024.3485213,HfOx,45.4,1.657055852857104,0,0,GRADUAL_MULTILEVEL,NOT_REPORTED,absolute,IDEALIZED_SINGLE_PAIR_GRADUAL,IDEALIZED_GRADUAL_MAPPING,32,3,7,0,2,8,203264,208,256,53248,92.19,4.040000000000006,92.19296377777778,0.04119991781624134,92.15176385996153,0.0029637777777793417,0.0029637777777793417,False,LEAVE_ONE_STUDY_OUT,10.1109/TNANO.2024.3485213,HfOx_01,10.1109/TNANO.2024.3485213,HfOx,8,6,5,False
HfOx_01,10.1109/TNANO.2024.3485213,HfOx,45.4,1.657055852857104,0,0,GRADUAL_MULTILEVEL,NOT_REPORTED,absolute,IDEALIZED_SINGLE_PAIR_GRADUAL,IDEALIZED_GRADUAL_MAPPING,128,3,7,0,2,8,203264,16,256,4096,92.19,4.040000000000006,92.24707675396826,0.05643503851423997,92.19064171545402,0.05707675396826062,0.05707675396826062,False,LEAVE_ONE_STUDY_OUT,10.1109/TNANO.2024.3485213,HfOx_01,10.1109/TNANO.2024.3485213,HfOx,8,6,5,False
HfOx_01,10.1109/TNANO.2024.3485213,HfOx,45.4,1.657055852857104,0,0,GRADUAL_MULTILEVEL,NOT_REPORTED,absolute,IDEALIZED_SINGLE_PAIR_GRADUAL,IDEALIZED_GRADUAL_MAPPING,256,3,7,0,2,7,203264,10,128,1280,92.18,4.049999999999997,92.06447496031747,0.09658591162627048,91.9678890486912,-0.11552503968253802,0.11552503968253802,False,LEAVE_ONE_STUDY_OUT,10.1109/TNANO.2024.3485213,HfOx_01,10.1109/TNANO.2024.3485213,HfOx,8,6,5,False
HfOx_01,10.1109/TNANO.2024.3485213,HfOx,45.4,1.657055852857104,0,0,GRADUAL_MULTILEVEL,NOT_REPORTED,absolute,IDEALIZED_SINGLE_PAIR_GRADUAL,IDEALIZED_GRADUAL_MAPPING,256,3,7,0,2,9,203264,10,512,5120,92.17,4.060000000000002,92.24703697691197,0.03808106103895826,92.20895591587302,0.07703697691196965,0.07703697691196965,False,LEAVE_ONE_STUDY_OUT,10.1109/TNANO.2024.3485213,HfOx_01,10.1109/TNANO.2024.3485213,HfOx,8,6,5,False
HfOx_01,10.1109/TNANO.2024.3485213,HfOx,45.4,1.657055852857104,0,0,GRADUAL_MULTILEVEL,NOT_REPORTED,absolute,IDEALIZED_SINGLE_PAIR_GRADUAL,IDEALIZED_GRADUAL_MAPPING,64,3,7,0,2,8,203264,56,256,14336,92.17,4.060000000000002,92.21421139321791,0.05729689158794869,92.15691450162996,0.0442113932179069,0.0442113932179069,False,LEAVE_ONE_STUDY_OUT,10.1109/TNANO.2024.3485213,HfOx_01,10.1109/TNANO.2024.3485213,HfOx,8,6,5,False
HfOx_01,10.1109/TNANO.2024.3485213,HfOx,45.4,1.657055852857104,0,0,GRADUAL_MULTILEVEL,NOT_REPORTED,absolute,IDEALIZED_SINGLE_PAIR_GRADUAL,IDEALIZED_GRADUAL_MAPPING,16,3,7,0,2,7,203264,800,128,102400,92.16,4.070000000000007,92.20856773809524,0.05228868944050994,92.15627904865472,0.04856773809524384,0.04856773809524384,False,LEAVE_ONE_STUDY_OUT,10.1109/TNANO.2024.3485213,HfOx_01,10.1109/TNANO.2024.3485213,HfOx,8,6,5,False
HfOx_01,10.1109/TNANO.2024.3485213,HfOx,45.4,1.657055852857104,0,0,GRADUAL_MULTILEVEL,NOT_REPORTED,absolute,IDEALIZED_SINGLE_PAIR_GRADUAL,IDEALIZED_GRADUAL_MAPPING,32,3,7,0,2,6,203264,208,64,13312,92.14,4.090000000000003,92.02512272438672,0.2515743638761618,91.77354836051056,-0.11487727561328143,0.11487727561328143,False,LEAVE_ONE_STUDY_OUT,10.1109/TNANO.2024.3485213,HfOx_01,10.1109/TNANO.2024.3485213,HfOx,8,6,5,False
HfOx_01,10.1109/TNANO.2024.3485213,HfOx,45.4,1.657055852857104,0,0,GRADUAL_MULTILEVEL,NOT_REPORTED,absolute,IDEALIZED_SINGLE_PAIR_GRADUAL,IDEALIZED_GRADUAL_MAPPING,16,3,7,0,2,6,203264,800,64,51200,92.14,4.090000000000003,92.0387062005772,0.23944345550413834,91.79926274507305,-0.10129379942280536,0.10129379942280536,False,LEAVE_ONE_STUDY_OUT,10.1109/TNANO.2024.3485213,HfOx_01,10.1109/TNANO.2024.3485213,HfOx,8,6,5,False
HfOx_01,10.1109/TNANO.2024.3485213,HfOx,45.4,1.657055852857104,0,0,GRADUAL_MULTILEVEL,NOT_REPORTED,absolute,IDEALIZED_SINGLE_PAIR_GRADUAL,IDEALIZED_GRADUAL_MAPPING,64,3,7,0,2,6,203264,56,64,3584,92.13,4.1000000000000085,91.87822303968255,0.4066907190260853,91.47153232065646,-0.2517769603174429,0.2517769603174429,False,LEAVE_ONE_STUDY_OUT,10.1109/TNANO.2024.3485213,HfOx_01,10.1109/TNANO.2024.3485213,HfOx,8,6,5,False
HfOx_01,10.1109/TNANO.2024.3485213,HfOx,45.4,1.657055852857104,0,0,GRADUAL_MULTILEVEL,NOT_REPORTED,absolute,IDEALIZED_SINGLE_PAIR_GRADUAL,IDEALIZED_GRADUAL_MAPPING,128,3,7,0,2,7,203264,16,128,2048,92.12,4.109999999999999,92.06629998412699,0.08289449257903772,91.98340549154794,-0.053700015873019424,0.053700015873019424,False,LEAVE_ONE_STUDY_OUT,10.1109/TNANO.2024.3485213,HfOx_01,10.1109/TNANO.2024.3485213,HfOx,8,6,5,False
HfOx_01,10.1109/TNANO.2024.3485213,HfOx,45.4,1.657055852857104,0,0,GRADUAL_MULTILEVEL,NOT_REPORTED,absolute,IDEALIZED_SINGLE_PAIR_GRADUAL,IDEALIZED_GRADUAL_MAPPING,128,3,7,0,2,6,203264,16,64,1024,92.11,4.1200000000000045,91.69460723015872,0.5498025589018033,91.14480467125692,-0.4153927698412758,0.4153927698412758,False,LEAVE_ONE_STUDY_OUT,10.1109/TNANO.2024.3485213,HfOx_01,10.1109/TNANO.2024.3485213,HfOx,8,6,5,False
HfOx_01,10.1109/TNANO.2024.3485213,HfOx,45.4,1.657055852857104,0,0,GRADUAL_MULTILEVEL,NOT_REPORTED,absolute,IDEALIZED_SINGLE_PAIR_GRADUAL,IDEALIZED_GRADUAL_MAPPING,64,3,7,0,2,7,203264,56,128,7168,92.03,4.200000000000003,92.09217534126984,0.0962308056253976,91.99594453564444,0.06217534126983537,0.06217534126983537,False,LEAVE_ONE_STUDY_OUT,10.1109/TNANO.2024.3485213,HfOx_01,10.1109/TNANO.2024.3485213,HfOx,8,6,5,False
HfOx_01,10.1109/TNANO.2024.3485213,HfOx,45.4,1.657055852857104,0,0,GRADUAL_MULTILEVEL,NOT_REPORTED,absolute,IDEALIZED_SINGLE_PAIR_GRADUAL,IDEALIZED_GRADUAL_MAPPING,256,3,7,0,2,6,203264,10,64,640,91.71,4.52000000000001,91.60127908730158,0.6448914212156894,90.95638766608589,-0.10872091269841633,0.10872091269841633,False,LEAVE_ONE_STUDY_OUT,10.1109/TNANO.2024.3485213,HfOx_01,10.1109/TNANO.2024.3485213,HfOx,8,6,5,False
HfOx_01,10.1109/TNANO.2024.3485213,HfOx,45.4,1.657055852857104,0,0,GRADUAL_MULTILEVEL,NOT_REPORTED,absolute,IDEALIZED_SINGLE_PAIR_GRADUAL,IDEALIZED_GRADUAL_MAPPING,16,3,7,0,2,5,203264,800,32,25600,91.65,4.579999999999998,90.93245442063493,1.836465432397257,89.09598898823766,-0.7175455793650798,0.7175455793650798,False,LEAVE_ONE_STUDY_OUT,10.1109/TNANO.2024.3485213,HfOx_01,10.1109/TNANO.2024.3485213,HfOx,8,6,5,False
HfOx_01,10.1109/TNANO.2024.3485213,HfOx,45.4,1.657055852857104,0,0,GRADUAL_MULTILEVEL,NOT_REPORTED,absolute,IDEALIZED_SINGLE_PAIR_GRADUAL,IDEALIZED_GRADUAL_MAPPING,32,3,7,0,2,5,203264,208,32,6656,91.11,5.1200000000000045,90.83227995238096,1.8388271599672548,88.9934527924137,-0.27772004761904157,0.27772004761904157,False,LEAVE_ONE_STUDY_OUT,10.1109/TNANO.2024.3485213,HfOx_01,10.1109/TNANO.2024.3485213,HfOx,8,6,5,False
HfOx_01,10.1109/TNANO.2024.3485213,HfOx,45.4,1.657055852857104,0,0,GRADUAL_MULTILEVEL,NOT_REPORTED,absolute,IDEALIZED_SINGLE_PAIR_GRADUAL,IDEALIZED_GRADUAL_MAPPING,64,8,255,0,2,4,203264,56,16,896,91.09,5.140000000000001,88.04000949206349,4.1421409848962,83.89786850716729,-3.0499905079365135,3.0499905079365135,False,LEAVE_ONE_STUDY_OUT,10.1109/TNANO.2024.3485213,HfOx_01,10.1109/TNANO.2024.3485213,HfOx,8,6,5,False
HfOx_01,10.1109/TNANO.2024.3485213,HfOx,45.4,1.657055852857104,0,0,GRADUAL_MULTILEVEL,NOT_REPORTED,absolute,IDEALIZED_SINGLE_PAIR_GRADUAL,IDEALIZED_GRADUAL_MAPPING,64,6,63,0,2,4,203264,56,16,896,91.0,5.230000000000004,87.96824532539682,4.288624079093111,83.67962124630371,-3.031754674603178,3.031754674603178,False,LEAVE_ONE_STUDY_OUT,10.1109/TNANO.2024.3485213,HfOx_01,10.1109/TNANO.2024.3485213,HfOx,8,6,5,False
HfOx_01,10.1109/TNANO.2024.3485213,HfOx,45.4,1.657055852857104,0,0,GRADUAL_MULTILEVEL,NOT_REPORTED,absolute,IDEALIZED_SINGLE_PAIR_GRADUAL,IDEALIZED_GRADUAL_MAPPING,64,4,15,0,2,4,203264,56,16,896,90.93,5.299999999999997,87.4182006904762,5.303987862692967,82.11421282778323,-3.511799309523809,3.511799309523809,False,LEAVE_ONE_STUDY_OUT,10.1109/TNANO.2024.3485213,HfOx_01,10.1109/TNANO.2024.3485213,HfOx,8,6,5,False
HfOx_01,10.1109/TNANO.2024.3485213,HfOx,45.4,1.657055852857104,0,0,GRADUAL_MULTILEVEL,NOT_REPORTED,absolute,IDEALIZED_SINGLE_PAIR_GRADUAL,IDEALIZED_GRADUAL_MAPPING,64,7,127,0,2,4,203264,56,16,896,90.85,5.38000000000001,88.03922515873018,4.145221290912725,83.89400386781745,-2.8107748412698186,2.8107748412698186,False,LEAVE_ONE_STUDY_OUT,10.1109/TNANO.2024.3485213,HfOx_01,10.1109/TNANO.2024.3485213,HfOx,8,6,5,False
HfOx_01,10.1109/TNANO.2024.3485213,HfOx,45.4,1.657055852857104,0,0,GRADUAL_MULTILEVEL,NOT_REPORTED,absolute,IDEALIZED_SINGLE_PAIR_GRADUAL,IDEALIZED_GRADUAL_MAPPING,16,3,7,0,2,4,203264,800,16,12800,90.68,5.549999999999997,88.74190886580087,3.7182003924352838,85.02370847336559,-1.9380911341991407,1.9380911341991407,False,LEAVE_ONE_STUDY_OUT,10.1109/TNANO.2024.3485213,HfOx_01,10.1109/TNANO.2024.3485213,HfOx,8,6,5,False
HfOx_01,10.1109/TNANO.2024.3485213,HfOx,45.4,1.657055852857104,0,0,GRADUAL_MULTILEVEL,NOT_REPORTED,absolute,IDEALIZED_SINGLE_PAIR_GRADUAL,IDEALIZED_GRADUAL_MAPPING,64,5,31,0,2,4,203264,56,16,896,90.5,5.730000000000004,87.75849494444444,4.657216510790606,83.10127843365383,-2.741505055555564,2.741505055555564,False,LEAVE_ONE_STUDY_OUT,10.1109/TNANO.2024.3485213,HfOx_01,10.1109/TNANO.2024.3485213,HfOx,8,6,5,False
HfOx_01,10.1109/TNANO.2024.3485213,HfOx,45.4,1.657055852857104,0,0,GRADUAL_MULTILEVEL,NOT_REPORTED,absolute,IDEALIZED_SINGLE_PAIR_GRADUAL,IDEALIZED_GRADUAL_MAPPING,64,3,7,0,2,5,203264,56,32,1792,90.46,5.77000000000001,90.19528926190475,2.327731896749671,87.86755736515508,-0.26471073809524626,0.26471073809524626,False,LEAVE_ONE_STUDY_OUT,10.1109/TNANO.2024.3485213,HfOx_01,10.1109/TNANO.2024.3485213,HfOx,8,6,5,False
HfOx_01,10.1109/TNANO.2024.3485213,HfOx,45.4,1.657055852857104,0,0,GRADUAL_MULTILEVEL,NOT_REPORTED,absolute,IDEALIZED_SINGLE_PAIR_GRADUAL,IDEALIZED_GRADUAL_MAPPING,32,3,7,0,2,4,203264,208,16,3328,89.89,6.340000000000003,88.0622966911977,3.573536884476152,84.48875980672155,-1.827703308802299,1.827703308802299,False,LEAVE_ONE_STUDY_OUT,10.1109/TNANO.2024.3485213,HfOx_01,10.1109/TNANO.2024.3485213,HfOx,8,6,5,False
HfOx_01,10.1109/TNANO.2024.3485213,HfOx,45.4,1.657055852857104,0,0,GRADUAL_MULTILEVEL,NOT_REPORTED,absolute,IDEALIZED_SINGLE_PAIR_GRADUAL,IDEALIZED_GRADUAL_MAPPING,128,3,7,0,2,5,203264,16,32,512,88.68,7.549999999999997,89.14108502380951,3.5146731742275548,85.62641184958196,0.46108502380950256,0.46108502380950256,False,LEAVE_ONE_STUDY_OUT,10.1109/TNANO.2024.3485213,HfOx_01,10.1109/TNANO.2024.3485213,HfOx,8,6,5,False
HfOx_01,10.1109/TNANO.2024.3485213,HfOx,45.4,1.657055852857104,0,0,GRADUAL_MULTILEVEL,NOT_REPORTED,absolute,IDEALIZED_SINGLE_PAIR_GRADUAL,IDEALIZED_GRADUAL_MAPPING,256,3,7,0,2,5,203264,10,32,320,88.67,7.560000000000002,88.45996015873015,3.90855778002781,84.55140237870235,-0.21003984126984676,0.21003984126984676,False,LEAVE_ONE_STUDY_OUT,10.1109/TNANO.2024.3485213,HfOx_01,10.1109/TNANO.2024.3485213,HfOx,8,6,5,False
HfOx_01,10.1109/TNANO.2024.3485213,HfOx,45.4,1.657055852857104,0,0,GRADUAL_MULTILEVEL,NOT_REPORTED,absolute,IDEALIZED_SINGLE_PAIR_GRADUAL,IDEALIZED_GRADUAL_MAPPING,64,3,7,0,2,4,203264,56,16,896,85.99,10.240000000000007,85.05887579437228,4.71200378333736,80.34687201103492,-0.9311242056277109,0.9311242056277109,False,LEAVE_ONE_STUDY_OUT,10.1109/TNANO.2024.3485213,HfOx_01,10.1109/TNANO.2024.3485213,HfOx,8,6,5,False
HfOx_01,10.1109/TNANO.2024.3485213,HfOx,45.4,1.657055852857104,0,0,GRADUAL_MULTILEVEL,NOT_REPORTED,absolute,IDEALIZED_SINGLE_PAIR_GRADUAL,IDEALIZED_GRADUAL_MAPPING,128,4,15,0,2,4,203264,16,16,256,84.3,11.930000000000009,71.60410367316017,7.728968534305878,63.87513513885429,-12.69589632683983,12.69589632683983,False,LEAVE_ONE_STUDY_OUT,10.1109/TNANO.2024.3485213,HfOx_01,10.1109/TNANO.2024.3485213,HfOx,8,6,5,False
HfOx_01,10.1109/TNANO.2024.3485213,HfOx,45.4,1.657055852857104,0,0,GRADUAL_MULTILEVEL,NOT_REPORTED,absolute,IDEALIZED_SINGLE_PAIR_GRADUAL,IDEALIZED_GRADUAL_MAPPING,128,6,63,0,2,4,203264,16,16,256,83.23,13.0,71.67707708730158,5.708364553079762,65.96871253422182,-11.55292291269842,11.55292291269842,False,LEAVE_ONE_STUDY_OUT,10.1109/TNANO.2024.3485213,HfOx_01,10.1109/TNANO.2024.3485213,HfOx,8,6,5,False
HfOx_01,10.1109/TNANO.2024.3485213,HfOx,45.4,1.657055852857104,0,0,GRADUAL_MULTILEVEL,NOT_REPORTED,absolute,IDEALIZED_SINGLE_PAIR_GRADUAL,IDEALIZED_GRADUAL_MAPPING,256,4,15,0,2,4,203264,10,16,160,83.11,13.120000000000005,69.52087692857144,9.657489660649482,59.86338726792196,-13.58912307142856,13.58912307142856,False,LEAVE_ONE_STUDY_OUT,10.1109/TNANO.2024.3485213,HfOx_01,10.1109/TNANO.2024.3485213,HfOx,8,6,5,False
HfOx_01,10.1109/TNANO.2024.3485213,HfOx,45.4,1.657055852857104,0,0,GRADUAL_MULTILEVEL,NOT_REPORTED,absolute,IDEALIZED_SINGLE_PAIR_GRADUAL,IDEALIZED_GRADUAL_MAPPING,128,8,255,0,2,4,203264,16,16,256,82.98,13.25,71.55076876190476,5.67611131387244,65.87465744803232,-11.429231238095241,11.429231238095241,False,LEAVE_ONE_STUDY_OUT,10.1109/TNANO.2024.3485213,HfOx_01,10.1109/TNANO.2024.3485213,HfOx,8,6,5,False
HfOx_01,10.1109/TNANO.2024.3485213,HfOx,45.4,1.657055852857104,0,0,GRADUAL_MULTILEVEL,NOT_REPORTED,absolute,IDEALIZED_SINGLE_PAIR_GRADUAL,IDEALIZED_GRADUAL_MAPPING,128,7,127,0,2,4,203264,16,16,256,82.79,13.439999999999998,71.5995070952381,5.630215571475716,65.96929152376238,-11.19049290476191,11.19049290476191,False,LEAVE_ONE_STUDY_OUT,10.1109/TNANO.2024.3485213,HfOx_01,10.1109/TNANO.2024.3485213,HfOx,8,6,5,False
HfOx_01,10.1109/TNANO.2024.3485213,HfOx,45.4,1.657055852857104,0,0,GRADUAL_MULTILEVEL,NOT_REPORTED,absolute,IDEALIZED_SINGLE_PAIR_GRADUAL,IDEALIZED_GRADUAL_MAPPING,128,5,31,0,2,4,203264,16,16,256,82.7,13.53,71.34269775252524,6.35376048176177,64.98893727076347,-11.357302247474763,11.357302247474763,False,LEAVE_ONE_STUDY_OUT,10.1109/TNANO.2024.3485213,HfOx_01,10.1109/TNANO.2024.3485213,HfOx,8,6,5,False
HfOx_01,10.1109/TNANO.2024.3485213,HfOx,45.4,1.657055852857104,0,0,GRADUAL_MULTILEVEL,NOT_REPORTED,absolute,IDEALIZED_SINGLE_PAIR_GRADUAL,IDEALIZED_GRADUAL_MAPPING,256,5,31,0,2,4,203264,10,16,160,80.43,15.799999999999995,69.39068615873015,8.644628563179909,60.74605759555024,-11.039313841269859,11.039313841269859,False,LEAVE_ONE_STUDY_OUT,10.1109/TNANO.2024.3485213,HfOx_01,10.1109/TNANO.2024.3485213,HfOx,8,6,5,False
HfOx_01,10.1109/TNANO.2024.3485213,HfOx,45.4,1.657055852857104,0,0,GRADUAL_MULTILEVEL,NOT_REPORTED,absolute,IDEALIZED_SINGLE_PAIR_GRADUAL,IDEALIZED_GRADUAL_MAPPING,256,6,63,0,2,4,203264,10,16,160,80.14,16.090000000000003,69.78070656349207,8.342430356654607,61.43827620683747,-10.359293436507926,10.359293436507926,False,LEAVE_ONE_STUDY_OUT,10.1109/TNANO.2024.3485213,HfOx_01,10.1109/TNANO.2024.3485213,HfOx,8,6,5,False
HfOx_01,10.1109/TNANO.2024.3485213,HfOx,45.4,1.657055852857104,0,0,GRADUAL_MULTILEVEL,NOT_REPORTED,absolute,IDEALIZED_SINGLE_PAIR_GRADUAL,IDEALIZED_GRADUAL_MAPPING,256,8,255,0,2,4,203264,10,16,160,79.88,16.35000000000001,69.69133795238095,8.34785252591417,61.34348542646678,-10.188662047619047,10.188662047619047,False,LEAVE_ONE_STUDY_OUT,10.1109/TNANO.2024.3485213,HfOx_01,10.1109/TNANO.2024.3485213,HfOx,8,6,5,False
HfOx_01,10.1109/TNANO.2024.3485213,HfOx,45.4,1.657055852857104,0,0,GRADUAL_MULTILEVEL,NOT_REPORTED,absolute,IDEALIZED_SINGLE_PAIR_GRADUAL,IDEALIZED_GRADUAL_MAPPING,256,7,127,0,2,4,203264,10,16,160,79.87,16.36,69.72675628571427,8.31698419993271,61.40977208578156,-10.143243714285731,10.143243714285731,False,LEAVE_ONE_STUDY_OUT,10.1109/TNANO.2024.3485213,HfOx_01,10.1109/TNANO.2024.3485213,HfOx,8,6,5,False
HfOx_01,10.1109/TNANO.2024.3485213,HfOx,45.4,1.657055852857104,0,0,GRADUAL_MULTILEVEL,NOT_REPORTED,absolute,IDEALIZED_SINGLE_PAIR_GRADUAL,IDEALIZED_GRADUAL_MAPPING,128,3,7,0,2,4,203264,16,16,256,77.81,18.42,70.71432326190477,9.569256656301127,61.14506660560364,-7.095676738095236,7.095676738095236,False,LEAVE_ONE_STUDY_OUT,10.1109/TNANO.2024.3485213,HfOx_01,10.1109/TNANO.2024.3485213,HfOx,8,6,5,False
HfOx_01,10.1109/TNANO.2024.3485213,HfOx,45.4,1.657055852857104,0,0,GRADUAL_MULTILEVEL,NOT_REPORTED,absolute,IDEALIZED_SINGLE_PAIR_GRADUAL,IDEALIZED_GRADUAL_MAPPING,256,3,7,0,2,4,203264,10,16,160,73.61,22.620000000000005,68.32676423015873,10.374548806685526,57.952215423473206,-5.283235769841269,5.283235769841269,False,LEAVE_ONE_STUDY_OUT,10.1109/TNANO.2024.3485213,HfOx_01,10.1109/TNANO.2024.3485213,HfOx,8,6,5,False
HfOx_01,10.1109/TNANO.2024.3485213,HfOx,45.4,1.657055852857104,0,0,GRADUAL_MULTILEVEL,NOT_REPORTED,absolute,IDEALIZED_SINGLE_PAIR_GRADUAL,IDEALIZED_GRADUAL_MAPPING,64,2,3,0,2,4,203264,56,16,896,12.59,83.64,11.84235011904762,0.5064321445523732,11.335917974495246,-0.7476498809523804,0.7476498809523804,False,LEAVE_ONE_STUDY_OUT,10.1109/TNANO.2024.3485213,HfOx_01,10.1109/TNANO.2024.3485213,HfOx,8,6,5,False
HfOx_01,10.1109/TNANO.2024.3485213,HfOx,45.4,1.657055852857104,0,0,GRADUAL_MULTILEVEL,NOT_REPORTED,absolute,IDEALIZED_SINGLE_PAIR_GRADUAL,IDEALIZED_GRADUAL_MAPPING,256,2,3,0,2,6,203264,10,64,640,12.1,84.13000000000001,11.238453011544012,0.2954053927169997,10.943047618827013,-0.8615469884559879,0.8615469884559879,False,LEAVE_ONE_STUDY_OUT,10.1109/TNANO.2024.3485213,HfOx_01,10.1109/TNANO.2024.3485213,HfOx,8,6,5,False
HfOx_01,10.1109/TNANO.2024.3485213,HfOx,45.4,1.657055852857104,0,0,GRADUAL_MULTILEVEL,NOT_REPORTED,absolute,IDEALIZED_SINGLE_PAIR_GRADUAL,IDEALIZED_GRADUAL_MAPPING,32,2,3,0,2,4,203264,208,16,3328,12.04,84.19,11.792771849206348,0.3572232053980559,11.435548643808293,-0.24722815079365112,0.24722815079365112,False,LEAVE_ONE_STUDY_OUT,10.1109/TNANO.2024.3485213,HfOx_01,10.1109/TNANO.2024.3485213,HfOx,8,6,5,False
HfOx_01,10.1109/TNANO.2024.3485213,HfOx,45.4,1.657055852857104,0,0,GRADUAL_MULTILEVEL,NOT_REPORTED,absolute,IDEALIZED_SINGLE_PAIR_GRADUAL,IDEALIZED_GRADUAL_MAPPING,16,2,3,0,2,4,203264,800,16,12800,11.7,84.53,11.856576547619047,0.35598580155129467,11.500590746067752,0.15657654761904816,0.15657654761904816,False,LEAVE_ONE_STUDY_OUT,10.1109/TNANO.2024.3485213,HfOx_01,10.1109/TNANO.2024.3485213,HfOx,8,6,5,False
HfOx_01,10.1109/TNANO.2024.3485213,HfOx,45.4,1.657055852857104,0,0,GRADUAL_MULTILEVEL,NOT_REPORTED,absolute,IDEALIZED_SINGLE_PAIR_GRADUAL,IDEALIZED_GRADUAL_MAPPING,256,2,3,0,2,4,203264,10,16,160,11.66,84.57000000000001,10.586546523809524,0.5948431156425843,9.99170340816694,-1.0734534761904762,1.0734534761904762,False,LEAVE_ONE_STUDY_OUT,10.1109/TNANO.2024.3485213,HfOx_01,10.1109/TNANO.2024.3485213,HfOx,8,6,5,False
HfOx_01,10.1109/TNANO.2024.3485213,HfOx,45.4,1.657055852857104,0,0,GRADUAL_MULTILEVEL,NOT_REPORTED,absolute,IDEALIZED_SINGLE_PAIR_GRADUAL,IDEALIZED_GRADUAL_MAPPING,128,2,3,0,2,6,203264,16,64,1024,11.64,84.59,11.240167233766234,0.2592711483702695,10.980896085395965,-0.3998327662337662,0.3998327662337662,False,LEAVE_ONE_STUDY_OUT,10.1109/TNANO.2024.3485213,HfOx_01,10.1109/TNANO.2024.3485213,HfOx,8,6,5,False
HfOx_01,10.1109/TNANO.2024.3485213,HfOx,45.4,1.657055852857104,0,0,GRADUAL_MULTILEVEL,NOT_REPORTED,absolute,IDEALIZED_SINGLE_PAIR_GRADUAL,IDEALIZED_GRADUAL_MAPPING,64,2,3,0,2,6,203264,56,64,3584,11.64,84.59,11.18353274963925,0.1974570420230588,10.986075707616191,-0.45646725036075075,0.45646725036075075,False,LEAVE_ONE_STUDY_OUT,10.1109/TNANO.2024.3485213,HfOx_01,10.1109/TNANO.2024.3485213,HfOx,8,6,5,False
HfOx_01,10.1109/TNANO.2024.3485213,HfOx,45.4,1.657055852857104,0,0,GRADUAL_MULTILEVEL,NOT_REPORTED,absolute,IDEALIZED_SINGLE_PAIR_GRADUAL,IDEALIZED_GRADUAL_MAPPING,128,2,3,0,2,4,203264,16,16,256,11.6,84.63000000000001,11.265260920634923,0.5717175472951078,10.693543373339814,-0.3347390793650771,0.3347390793650771,False,LEAVE_ONE_STUDY_OUT,10.1109/TNANO.2024.3485213,HfOx_01,10.1109/TNANO.2024.3485213,HfOx,8,6,5,False
HfOx_01,10.1109/TNANO.2024.3485213,HfOx,45.4,1.657055852857104,0,0,GRADUAL_MULTILEVEL,NOT_REPORTED,absolute,IDEALIZED_SINGLE_PAIR_GRADUAL,IDEALIZED_GRADUAL_MAPPING,128,2,3,0,2,7,203264,16,128,2048,11.53,84.7,11.439659198412697,0.14151116563081184,11.298148032781885,-0.09034080158730262,0.09034080158730262,False,LEAVE_ONE_STUDY_OUT,10.1109/TNANO.2024.3485213,HfOx_01,10.1109/TNANO.2024.3485213,HfOx,8,6,5,False
HfOx_01,10.1109/TNANO.2024.3485213,HfOx,45.4,1.657055852857104,0,0,GRADUAL_MULTILEVEL,NOT_REPORTED,absolute,IDEALIZED_SINGLE_PAIR_GRADUAL,IDEALIZED_GRADUAL_MAPPING,16,2,3,0,2,6,203264,800,64,51200,11.52,84.71000000000001,11.294258178210677,0.10675381883463496,11.187504359376042,-0.22574182178932212,0.22574182178932212,False,LEAVE_ONE_STUDY_OUT,10.1109/TNANO.2024.3485213,HfOx_01,10.1109/TNANO.2024.3485213,HfOx,8,6,5,False
HfOx_01,10.1109/TNANO.2024.3485213,HfOx,45.4,1.657055852857104,0,0,GRADUAL_MULTILEVEL,NOT_REPORTED,absolute,IDEALIZED_SINGLE_PAIR_GRADUAL,IDEALIZED_GRADUAL_MAPPING,32,2,3,0,2,6,203264,208,64,13312,11.52,84.71000000000001,11.256643892496392,0.13191003275057522,11.124733859745817,-0.2633561075036077,0.2633561075036077,False,LEAVE_ONE_STUDY_OUT,10.1109/TNANO.2024.3485213,HfOx_01,10.1109/TNANO.2024.3485213,HfOx,8,6,5,False
HfOx_01,10.1109/TNANO.2024.3485213,HfOx,45.4,1.657055852857104,0,0,GRADUAL_MULTILEVEL,NOT_REPORTED,absolute,IDEALIZED_SINGLE_PAIR_GRADUAL,IDEALIZED_GRADUAL_MAPPING,32,2,3,0,2,9,203264,208,512,106496,11.47,84.76,11.379308238095238,0.09895800287575217,11.280350235219485,-0.09069176190476291,0.09069176190476291,False,LEAVE_ONE_STUDY_OUT,10.1109/TNANO.2024.3485213,HfOx_01,10.1109/TNANO.2024.3485213,HfOx,8,6,5,False
HfOx_01,10.1109/TNANO.2024.3485213,HfOx,45.4,1.657055852857104,0,0,GRADUAL_MULTILEVEL,NOT_REPORTED,absolute,IDEALIZED_SINGLE_PAIR_GRADUAL,IDEALIZED_GRADUAL_MAPPING,256,2,3,0,2,7,203264,10,128,1280,11.47,84.76,11.438574976190477,0.1490672601043403,11.289507716086137,-0.03142502380952372,0.03142502380952372,False,LEAVE_ONE_STUDY_OUT,10.1109/TNANO.2024.3485213,HfOx_01,10.1109/TNANO.2024.3485213,HfOx,8,6,5,False
HfOx_01,10.1109/TNANO.2024.3485213,HfOx,45.4,1.657055852857104,0,0,GRADUAL_MULTILEVEL,NOT_REPORTED,absolute,IDEALIZED_SINGLE_PAIR_GRADUAL,IDEALIZED_GRADUAL_MAPPING,16,2,3,0,2,9,203264,800,512,409600,11.46,84.77000000000001,11.411045158730158,0.09696044464412754,11.31408471408603,-0.048954841269843286,0.048954841269843286,False,LEAVE_ONE_STUDY_OUT,10.1109/TNANO.2024.3485213,HfOx_01,10.1109/TNANO.2024.3485213,HfOx,8,6,5,False
HfOx_01,10.1109/TNANO.2024.3485213,HfOx,45.4,1.657055852857104,0,0,GRADUAL_MULTILEVEL,NOT_REPORTED,absolute,IDEALIZED_SINGLE_PAIR_GRADUAL,IDEALIZED_GRADUAL_MAPPING,256,2,3,0,2,9,203264,10,512,5120,11.44,84.79,11.36801011904762,0.07992903667174141,11.288081082375879,-0.07198988095237979,0.07198988095237979,False,LEAVE_ONE_STUDY_OUT,10.1109/TNANO.2024.3485213,HfOx_01,10.1109/TNANO.2024.3485213,HfOx,8,6,5,False
HfOx_01,10.1109/TNANO.2024.3485213,HfOx,45.4,1.657055852857104,0,0,GRADUAL_MULTILEVEL,NOT_REPORTED,absolute,IDEALIZED_SINGLE_PAIR_GRADUAL,IDEALIZED_GRADUAL_MAPPING,128,2,3,0,2,9,203264,16,512,8192,11.43,84.80000000000001,11.364946396825397,0.07880159827689483,11.286144798548502,-0.06505360317460251,0.06505360317460251,False,LEAVE_ONE_STUDY_OUT,10.1109/TNANO.2024.3485213,HfOx_01,10.1109/TNANO.2024.3485213,HfOx,8,6,5,False
HfOx_01,10.1109/TNANO.2024.3485213,HfOx,45.4,1.657055852857104,0,0,GRADUAL_MULTILEVEL,NOT_REPORTED,absolute,IDEALIZED_SINGLE_PAIR_GRADUAL,IDEALIZED_GRADUAL_MAPPING,64,2,3,0,2,9,203264,56,512,28672,11.4,84.83,11.348261155844156,0.09034872020363428,11.257912435640522,-0.05173884415584418,0.05173884415584418,False,LEAVE_ONE_STUDY_OUT,10.1109/TNANO.2024.3485213,HfOx_01,10.1109/TNANO.2024.3485213,HfOx,8,6,5,False
HfOx_01,10.1109/TNANO.2024.3485213,HfOx,45.4,1.657055852857104,0,0,GRADUAL_MULTILEVEL,NOT_REPORTED,absolute,IDEALIZED_SINGLE_PAIR_GRADUAL,IDEALIZED_GRADUAL_MAPPING,16,2,3,0,2,10,203264,800,1024,819200,11.39,84.84,11.421541000000001,0.0947272594451836,11.326813740554817,0.03154100000000071,0.03154100000000071,False,LEAVE_ONE_STUDY_OUT,10.1109/TNANO.2024.3485213,HfOx_01,10.1109/TNANO.2024.3485213,HfOx,8,6,5,False
HfOx_01,10.1109/TNANO.2024.3485213,HfOx,45.4,1.657055852857104,0,0,GRADUAL_MULTILEVEL,NOT_REPORTED,absolute,IDEALIZED_SINGLE_PAIR_GRADUAL,IDEALIZED_GRADUAL_MAPPING,16,2,3,0,2,7,203264,800,128,102400,11.39,84.84,11.303905619047619,0.10038888066529784,11.203516738382321,-0.08609438095238175,0.08609438095238175,False,LEAVE_ONE_STUDY_OUT,10.1109/TNANO.2024.3485213,HfOx_01,10.1109/TNANO.2024.3485213,HfOx,8,6,5,False
HfOx_01,10.1109/TNANO.2024.3485213,HfOx,45.4,1.657055852857104,0,0,GRADUAL_MULTILEVEL,NOT_REPORTED,absolute,IDEALIZED_SINGLE_PAIR_GRADUAL,IDEALIZED_GRADUAL_MAPPING,128,2,3,0,2,8,203264,16,256,4096,11.29,84.94,11.429006333333334,0.0859569451479469,11.343049388185387,0.13900633333333445,0.13900633333333445,False,LEAVE_ONE_STUDY_OUT,10.1109/TNANO.2024.3485213,HfOx_01,10.1109/TNANO.2024.3485213,HfOx,8,6,5,False
HfOx_01,10.1109/TNANO.2024.3485213,HfOx,45.4,1.657055852857104,0,0,GRADUAL_MULTILEVEL,NOT_REPORTED,absolute,IDEALIZED_SINGLE_PAIR_GRADUAL,IDEALIZED_GRADUAL_MAPPING,32,2,3,0,2,7,203264,208,128,26624,11.29,84.94,11.288558753968253,0.10564041363528644,11.182918340332966,-0.0014412460317458908,0.0014412460317458908,False,LEAVE_ONE_STUDY_OUT,10.1109/TNANO.2024.3485213,HfOx_01,10.1109/TNANO.2024.3485213,HfOx,8,6,5,False
HfOx_01,10.1109/TNANO.2024.3485213,HfOx,45.4,1.657055852857104,0,0,GRADUAL_MULTILEVEL,NOT_REPORTED,absolute,IDEALIZED_SINGLE_PAIR_GRADUAL,IDEALIZED_GRADUAL_MAPPING,256,2,3,0,2,8,203264,10,256,2560,11.26,84.97,11.436464142857144,0.09735029862884483,11.339113844228299,0.17646414285714407,0.17646414285714407,False,LEAVE_ONE_STUDY_OUT,10.1109/TNANO.2024.3485213,HfOx_01,10.1109/TNANO.2024.3485213,HfOx,8,6,5,False
HfOx_01,10.1109/TNANO.2024.3485213,HfOx,45.4,1.657055852857104,0,0,GRADUAL_MULTILEVEL,NOT_REPORTED,absolute,IDEALIZED_SINGLE_PAIR_GRADUAL,IDEALIZED_GRADUAL_MAPPING,32,2,3,0,2,8,203264,208,256,53248,11.24,84.99000000000001,11.360352017316018,0.08508788812837915,11.275264129187638,0.12035201731601752,0.12035201731601752,False,LEAVE_ONE_STUDY_OUT,10.1109/TNANO.2024.3485213,HfOx_01,10.1109/TNANO.2024.3485213,HfOx,8,6,5,False
HfOx_01,10.1109/TNANO.2024.3485213,HfOx,45.4,1.657055852857104,0,0,GRADUAL_MULTILEVEL,NOT_REPORTED,absolute,IDEALIZED_SINGLE_PAIR_GRADUAL,IDEALIZED_GRADUAL_MAPPING,16,2,3,0,2,8,203264,800,256,204800,11.2,85.03,11.394787723665225,0.08430135107765271,11.310486372587572,0.19478772366522534,0.19478772366522534,False,LEAVE_ONE_STUDY_OUT,10.1109/TNANO.2024.3485213,HfOx_01,10.1109/TNANO.2024.3485213,HfOx,8,6,5,False
HfOx_01,10.1109/TNANO.2024.3485213,HfOx,45.4,1.657055852857104,0,0,GRADUAL_MULTILEVEL,NOT_REPORTED,absolute,IDEALIZED_SINGLE_PAIR_GRADUAL,IDEALIZED_GRADUAL_MAPPING,256,2,3,0,2,10,203264,10,1024,10240,11.19,85.04,11.27515398196248,0.07320186484939718,11.201952117113084,0.08515398196248114,0.08515398196248114,False,LEAVE_ONE_STUDY_OUT,10.1109/TNANO.2024.3485213,HfOx_01,10.1109/TNANO.2024.3485213,HfOx,8,6,5,False
HfOx_01,10.1109/TNANO.2024.3485213,HfOx,45.4,1.657055852857104,0,0,GRADUAL_MULTILEVEL,NOT_REPORTED,absolute,IDEALIZED_SINGLE_PAIR_GRADUAL,IDEALIZED_GRADUAL_MAPPING,128,2,3,0,2,10,203264,16,1024,16384,11.18,85.05000000000001,11.2712271010101,0.06777743815925762,11.203449662850842,0.09122710101009979,0.09122710101009979,False,LEAVE_ONE_STUDY_OUT,10.1109/TNANO.2024.3485213,HfOx_01,10.1109/TNANO.2024.3485213,HfOx,8,6,5,False
HfOx_01,10.1109/TNANO.2024.3485213,HfOx,45.4,1.657055852857104,0,0,GRADUAL_MULTILEVEL,NOT_REPORTED,absolute,IDEALIZED_SINGLE_PAIR_GRADUAL,IDEALIZED_GRADUAL_MAPPING,32,2,3,0,2,10,203264,208,1024,212992,11.17,85.06,11.329240698412699,0.09447722771404003,11.234763470698658,0.15924069841269883,0.15924069841269883,False,LEAVE_ONE_STUDY_OUT,10.1109/TNANO.2024.3485213,HfOx_01,10.1109/TNANO.2024.3485213,HfOx,8,6,5,False
HfOx_01,10.1109/TNANO.2024.3485213,HfOx,45.4,1.657055852857104,0,0,GRADUAL_MULTILEVEL,NOT_REPORTED,absolute,IDEALIZED_SINGLE_PAIR_GRADUAL,IDEALIZED_GRADUAL_MAPPING,16,2,3,0,2,5,203264,800,32,25600,11.16,85.07000000000001,11.60610961111111,0.19386764408876953,11.412241967022341,0.44610961111111,0.44610961111111,False,LEAVE_ONE_STUDY_OUT,10.1109/TNANO.2024.3485213,HfOx_01,10.1109/TNANO.2024.3485213,HfOx,8,6,5,False
HfOx_01,10.1109/TNANO.2024.3485213,HfOx,45.4,1.657055852857104,0,0,GRADUAL_MULTILEVEL,NOT_REPORTED,absolute,IDEALIZED_SINGLE_PAIR_GRADUAL,IDEALIZED_GRADUAL_MAPPING,64,2,3,0,2,10,203264,56,1024,57344,11.15,85.08,11.295156558441558,0.08423963423407065,11.210916924207488,0.14515655844155795,0.14515655844155795,False,LEAVE_ONE_STUDY_OUT,10.1109/TNANO.2024.3485213,HfOx_01,10.1109/TNANO.2024.3485213,HfOx,8,6,5,False
HfOx_01,10.1109/TNANO.2024.3485213,HfOx,45.4,1.657055852857104,0,0,GRADUAL_MULTILEVEL,NOT_REPORTED,absolute,IDEALIZED_SINGLE_PAIR_GRADUAL,IDEALIZED_GRADUAL_MAPPING,64,2,3,0,2,8,203264,56,256,14336,11.14,85.09,11.323120982683982,0.09585776110894208,11.22726322157504,0.18312098268398103,0.18312098268398103,False,LEAVE_ONE_STUDY_OUT,10.1109/TNANO.2024.3485213,HfOx_01,10.1109/TNANO.2024.3485213,HfOx,8,6,5,False
HfOx_01,10.1109/TNANO.2024.3485213,HfOx,45.4,1.657055852857104,0,0,GRADUAL_MULTILEVEL,NOT_REPORTED,absolute,IDEALIZED_SINGLE_PAIR_GRADUAL,IDEALIZED_GRADUAL_MAPPING,64,2,3,0,2,7,203264,56,128,7168,11.11,85.12,11.231443902597402,0.10731445489268687,11.124129447704714,0.12144390259740234,0.12144390259740234,False,LEAVE_ONE_STUDY_OUT,10.1109/TNANO.2024.3485213,HfOx_01,10.1109/TNANO.2024.3485213,HfOx,8,6,5,False
HfOx_01,10.1109/TNANO.2024.3485213,HfOx,45.4,1.657055852857104,0,0,GRADUAL_MULTILEVEL,NOT_REPORTED,absolute,IDEALIZED_SINGLE_PAIR_GRADUAL,IDEALIZED_GRADUAL_MAPPING,64,2,3,0,2,5,203264,56,32,1792,11.07,85.16,11.675058015873015,0.30509436109677024,11.369963654776244,0.6050580158730146,0.6050580158730146,False,LEAVE_ONE_STUDY_OUT,10.1109/TNANO.2024.3485213,HfOx_01,10.1109/TNANO.2024.3485213,HfOx,8,6,5,False
HfOx_01,10.1109/TNANO.2024.3485213,HfOx,45.4,1.657055852857104,0,0,GRADUAL_MULTILEVEL,NOT_REPORTED,absolute,IDEALIZED_SINGLE_PAIR_GRADUAL,IDEALIZED_GRADUAL_MAPPING,32,2,3,0,2,5,203264,208,32,6656,10.91,85.32000000000001,11.66953688888889,0.19496040122108935,11.4745764876678,0.7595368888888903,0.7595368888888903,False,LEAVE_ONE_STUDY_OUT,10.1109/TNANO.2024.3485213,HfOx_01,10.1109/TNANO.2024.3485213,HfOx,8,6,5,False
HfOx_01,10.1109/TNANO.2024.3485213,HfOx,45.4,1.657055852857104,0,0,GRADUAL_MULTILEVEL,NOT_REPORTED,absolute,IDEALIZED_SINGLE_PAIR_GRADUAL,IDEALIZED_GRADUAL_MAPPING,128,2,3,0,2,5,203264,16,32,512,10.7,85.53,11.85040215079365,0.30253610441523016,11.54786604637842,1.150402150793651,1.150402150793651,False,LEAVE_ONE_STUDY_OUT,10.1109/TNANO.2024.3485213,HfOx_01,10.1109/TNANO.2024.3485213,HfOx,8,6,5,False
HfOx_01,10.1109/TNANO.2024.3485213,HfOx,45.4,1.657055852857104,0,0,GRADUAL_MULTILEVEL,NOT_REPORTED,absolute,IDEALIZED_SINGLE_PAIR_GRADUAL,IDEALIZED_GRADUAL_MAPPING,256,2,3,0,2,5,203264,10,32,320,10.07,86.16,11.834383253968255,0.38489493715771855,11.449488316810537,1.764383253968255,1.764383253968255,False,LEAVE_ONE_STUDY_OUT,10.1109/TNANO.2024.3485213,HfOx_01,10.1109/TNANO.2024.3485213,HfOx,8,6,5,False
ZnO_01,10.3390/electronics7120445,ZnO,1000.0,3.0,1,2,DISCRETE_BINARY,REPORTED,normalized_from_ratio,BINARY_BIT_SLICED_DIFFERENTIAL,BIT_SLICED_BINARY_MAPPING,16,6,63,5,10,6,1016320,4000,64,256000,96.31,-0.0799999999999983,96.19467724603176,0.037917561223158314,96.1567596848086,-0.11532275396824332,0.11532275396824332,True,LEAVE_ONE_STUDY_OUT,10.3390/electronics7120445,ZnO_01,10.3390/electronics7120445,ZnO,8,6,4,False
ZnO_01,10.3390/electronics7120445,ZnO,1000.0,3.0,1,2,DISCRETE_BINARY,REPORTED,normalized_from_ratio,BINARY_BIT_SLICED_DIFFERENTIAL,BIT_SLICED_BINARY_MAPPING,16,6,63,5,10,8,1016320,4000,256,1024000,96.3,-0.0699999999999931,96.2670753968254,0.018714643146195427,96.24836075367921,-0.03292460317459245,0.03292460317459245,True,LEAVE_ONE_STUDY_OUT,10.3390/electronics7120445,ZnO_01,10.3390/electronics7120445,ZnO,8,6,4,False
ZnO_01,10.3390/electronics7120445,ZnO,1000.0,3.0,1,2,DISCRETE_BINARY,REPORTED,normalized_from_ratio,BINARY_BIT_SLICED_DIFFERENTIAL,BIT_SLICED_BINARY_MAPPING,64,6,63,5,10,8,1016320,280,256,71680,96.3,-0.0699999999999931,96.26274811111111,0.030416648422131,96.23233146268898,-0.037251888888889084,0.037251888888889084,True,LEAVE_ONE_STUDY_OUT,10.3390/electronics7120445,ZnO_01,10.3390/electronics7120445,ZnO,8,6,4,False
ZnO_01,10.3390/electronics7120445,ZnO,1000.0,3.0,1,2,DISCRETE_BINARY,REPORTED,normalized_from_ratio,BINARY_BIT_SLICED_DIFFERENTIAL,BIT_SLICED_BINARY_MAPPING,256,6,63,5,10,10,1016320,50,1024,51200,96.3,-0.0699999999999931,96.26687338095238,0.027317783767439888,96.23955559718493,-0.033126619047621375,0.033126619047621375,True,LEAVE_ONE_STUDY_OUT,10.3390/electronics7120445,ZnO_01,10.3390/electronics7120445,ZnO,8,6,4,False
ZnO_01,10.3390/electronics7120445,ZnO,1000.0,3.0,1,2,DISCRETE_BINARY,REPORTED,normalized_from_ratio,BINARY_BIT_SLICED_DIFFERENTIAL,BIT_SLICED_BINARY_MAPPING,16,6,63,5,10,10,1016320,4000,1024,4096000,96.29,-0.0600000000000022,96.2999388982684,0.00999153062194593,96.28994736764645,0.009938898268387675,0.009938898268387675,True,LEAVE_ONE_STUDY_OUT,10.3390/electronics7120445,ZnO_01,10.3390/electronics7120445,ZnO,8,6,4,False
ZnO_01,10.3390/electronics7120445,ZnO,1000.0,3.0,1,2,DISCRETE_BINARY,REPORTED,normalized_from_ratio,BINARY_BIT_SLICED_DIFFERENTIAL,BIT_SLICED_BINARY_MAPPING,32,6,63,5,10,8,1016320,1040,256,266240,96.29,-0.0600000000000022,96.26414682539684,0.020078027905786416,96.24406879749105,-0.025853174603170714,0.025853174603170714,True,LEAVE_ONE_STUDY_OUT,10.3390/electronics7120445,ZnO_01,10.3390/electronics7120445,ZnO,8,6,4,False
ZnO_01,10.3390/electronics7120445,ZnO,1000.0,3.0,1,2,DISCRETE_BINARY,REPORTED,normalized_from_ratio,BINARY_BIT_SLICED_DIFFERENTIAL,BIT_SLICED_BINARY_MAPPING,256,6,63,5,10,9,1016320,50,512,25600,96.29,-0.0600000000000022,96.21994898412699,0.040224413354955725,96.17972457077204,-0.07005101587301965,0.07005101587301965,True,LEAVE_ONE_STUDY_OUT,10.3390/electronics7120445,ZnO_01,10.3390/electronics7120445,ZnO,8,6,4,False
ZnO_01,10.3390/electronics7120445,ZnO,1000.0,3.0,1,2,DISCRETE_BINARY,REPORTED,normalized_from_ratio,BINARY_BIT_SLICED_DIFFERENTIAL,BIT_SLICED_BINARY_MAPPING,32,6,63,5,10,10,1016320,1040,1024,1064960,96.29,-0.0600000000000022,96.29386078354979,0.011251580186488041,96.28260920336331,0.003860783549782809,0.003860783549782809,True,LEAVE_ONE_STUDY_OUT,10.3390/electronics7120445,ZnO_01,10.3390/electronics7120445,ZnO,8,6,4,False
ZnO_01,10.3390/electronics7120445,ZnO,1000.0,3.0,1,2,DISCRETE_BINARY,REPORTED,normalized_from_ratio,BINARY_BIT_SLICED_DIFFERENTIAL,BIT_SLICED_BINARY_MAPPING,16,6,63,5,10,7,1016320,4000,128,512000,96.28,-0.0499999999999971,96.23705601587301,0.01945088123310697,96.2176051346399,-0.04294398412699252,0.04294398412699252,True,LEAVE_ONE_STUDY_OUT,10.3390/electronics7120445,ZnO_01,10.3390/electronics7120445,ZnO,8,6,4,False
ZnO_01,10.3390/electronics7120445,ZnO,1000.0,3.0,1,2,DISCRETE_BINARY,REPORTED,normalized_from_ratio,BINARY_BIT_SLICED_DIFFERENTIAL,BIT_SLICED_BINARY_MAPPING,64,6,63,5,10,10,1016320,280,1024,286720,96.28,-0.0499999999999971,96.28710875180376,0.013009896346165306,96.2740988554576,0.007108751803755808,0.007108751803755808,True,LEAVE_ONE_STUDY_OUT,10.3390/electronics7120445,ZnO_01,10.3390/electronics7120445,ZnO,8,6,4,False
ZnO_01,10.3390/electronics7120445,ZnO,1000.0,3.0,1,2,DISCRETE_BINARY,REPORTED,normalized_from_ratio,BINARY_BIT_SLICED_DIFFERENTIAL,BIT_SLICED_BINARY_MAPPING,32,6,63,5,10,7,1016320,1040,128,133120,96.28,-0.0499999999999971,96.23044406854257,0.02405144749516967,96.2063926210474,-0.049555931457433644,0.049555931457433644,True,LEAVE_ONE_STUDY_OUT,10.3390/electronics7120445,ZnO_01,10.3390/electronics7120445,ZnO,8,6,4,False
ZnO_01,10.3390/electronics7120445,ZnO,1000.0,3.0,1,2,DISCRETE_BINARY,REPORTED,normalized_from_ratio,BINARY_BIT_SLICED_DIFFERENTIAL,BIT_SLICED_BINARY_MAPPING,256,8,255,7,14,10,1422848,70,1024,71680,96.28,-0.0499999999999971,96.21965596825396,0.017252458637629104,96.20240350961633,-0.06034403174604108,0.06034403174604108,True,LEAVE_ONE_STUDY_OUT,10.3390/electronics7120445,ZnO_01,10.3390/electronics7120445,ZnO,8,6,4,False
ZnO_01,10.3390/electronics7120445,ZnO,1000.0,3.0,1,2,DISCRETE_BINARY,REPORTED,normalized_from_ratio,BINARY_BIT_SLICED_DIFFERENTIAL,BIT_SLICED_BINARY_MAPPING,16,8,255,7,14,9,1422848,5600,512,2867200,96.27,-0.039999999999992,96.24352582395382,0.014105537362676284,96.22942028659114,-0.026474176046178854,0.026474176046178854,True,LEAVE_ONE_STUDY_OUT,10.3390/electronics7120445,ZnO_01,10.3390/electronics7120445,ZnO,8,6,4,False
ZnO_01,10.3390/electronics7120445,ZnO,1000.0,3.0,1,2,DISCRETE_BINARY,REPORTED,normalized_from_ratio,BINARY_BIT_SLICED_DIFFERENTIAL,BIT_SLICED_BINARY_MAPPING,256,6,63,5,10,6,1016320,50,64,3200,96.27,-0.039999999999992,95.86997878715728,0.06505573627921978,95.80492305087806,-0.4000212128427165,0.4000212128427165,True,LEAVE_ONE_STUDY_OUT,10.3390/electronics7120445,ZnO_01,10.3390/electronics7120445,ZnO,8,6,4,False
ZnO_01,10.3390/electronics7120445,ZnO,1000.0,3.0,1,2,DISCRETE_BINARY,REPORTED,normalized_from_ratio,BINARY_BIT_SLICED_DIFFERENTIAL,BIT_SLICED_BINARY_MAPPING,64,8,255,7,14,10,1422848,392,1024,401408,96.27,-0.039999999999992,96.24017292857144,0.01744089665087499,96.22273203192057,-0.02982707142855645,0.02982707142855645,True,LEAVE_ONE_STUDY_OUT,10.3390/electronics7120445,ZnO_01,10.3390/electronics7120445,ZnO,8,6,4,False
ZnO_01,10.3390/electronics7120445,ZnO,1000.0,3.0,1,2,DISCRETE_BINARY,REPORTED,normalized_from_ratio,BINARY_BIT_SLICED_DIFFERENTIAL,BIT_SLICED_BINARY_MAPPING,128,6,63,5,10,10,1016320,80,1024,81920,96.27,-0.039999999999992,96.27647192857142,0.016542162417355236,96.25992976615407,0.006471928571428975,0.006471928571428975,True,LEAVE_ONE_STUDY_OUT,10.3390/electronics7120445,ZnO_01,10.3390/electronics7120445,ZnO,8,6,4,False
ZnO_01,10.3390/electronics7120445,ZnO,1000.0,3.0,1,2,DISCRETE_BINARY,REPORTED,normalized_from_ratio,BINARY_BIT_SLICED_DIFFERENTIAL,BIT_SLICED_BINARY_MAPPING,16,6,63,5,10,9,1016320,4000,512,2048000,96.27,-0.039999999999992,96.26843758730158,0.018469971149085426,96.24996761615249,-0.0015624126984192799,0.0015624126984192799,True,LEAVE_ONE_STUDY_OUT,10.3390/electronics7120445,ZnO_01,10.3390/electronics7120445,ZnO,8,6,4,False
ZnO_01,10.3390/electronics7120445,ZnO,1000.0,3.0,1,2,DISCRETE_BINARY,REPORTED,normalized_from_ratio,BINARY_BIT_SLICED_DIFFERENTIAL,BIT_SLICED_BINARY_MAPPING,32,6,63,5,10,5,1016320,1040,32,33280,96.27,-0.039999999999992,95.8887858174603,0.07986598073090528,95.8089198367294,-0.3812141825396935,0.3812141825396935,True,LEAVE_ONE_STUDY_OUT,10.3390/electronics7120445,ZnO_01,10.3390/electronics7120445,ZnO,8,6,4,False
ZnO_01,10.3390/electronics7120445,ZnO,1000.0,3.0,1,2,DISCRETE_BINARY,REPORTED,normalized_from_ratio,BINARY_BIT_SLICED_DIFFERENTIAL,BIT_SLICED_BINARY_MAPPING,16,8,255,7,14,10,1422848,5600,1024,5734400,96.27,-0.039999999999992,96.24760226984127,0.010449488564009748,96.23715278127726,-0.0223977301587297,0.0223977301587297,True,LEAVE_ONE_STUDY_OUT,10.3390/electronics7120445,ZnO_01,10.3390/electronics7120445,ZnO,8,6,4,False
ZnO_01,10.3390/electronics7120445,ZnO,1000.0,3.0,1,2,DISCRETE_BINARY,REPORTED,normalized_from_ratio,BINARY_BIT_SLICED_DIFFERENTIAL,BIT_SLICED_BINARY_MAPPING,128,8,255,7,14,10,1422848,112,1024,114688,96.27,-0.039999999999992,96.22175224098123,0.017409607135023823,96.20434263384621,-0.048247759018764214,0.048247759018764214,True,LEAVE_ONE_STUDY_OUT,10.3390/electronics7120445,ZnO_01,10.3390/electronics7120445,ZnO,8,6,4,False
ZnO_01,10.3390/electronics7120445,ZnO,1000.0,3.0,1,2,DISCRETE_BINARY,REPORTED,normalized_from_ratio,BINARY_BIT_SLICED_DIFFERENTIAL,BIT_SLICED_BINARY_MAPPING,256,6,63,5,10,7,1016320,50,128,6400,96.27,-0.039999999999992,96.16781253968254,0.02193980149087167,96.14587273819167,-0.1021874603174524,0.1021874603174524,True,LEAVE_ONE_STUDY_OUT,10.3390/electronics7120445,ZnO_01,10.3390/electronics7120445,ZnO,8,6,4,False
ZnO_01,10.3390/electronics7120445,ZnO,1000.0,3.0,1,2,DISCRETE_BINARY,REPORTED,normalized_from_ratio,BINARY_BIT_SLICED_DIFFERENTIAL,BIT_SLICED_BINARY_MAPPING,128,7,127,6,12,7,1219584,96,128,12288,96.27,-0.039999999999992,96.1699175,0.025516635946918793,96.14440086405308,-0.10008249999999919,0.10008249999999919,True,LEAVE_ONE_STUDY_OUT,10.3390/electronics7120445,ZnO_01,10.3390/electronics7120445,ZnO,8,6,4,False
ZnO_01,10.3390/electronics7120445,ZnO,1000.0,3.0,1,2,DISCRETE_BINARY,REPORTED,normalized_from_ratio,BINARY_BIT_SLICED_DIFFERENTIAL,BIT_SLICED_BINARY_MAPPING,32,8,255,7,14,8,1422848,1456,256,372736,96.26,-0.0300000000000011,96.21585516666667,0.02808993518597562,96.1877652314807,-0.04414483333333408,0.04414483333333408,True,LEAVE_ONE_STUDY_OUT,10.3390/electronics7120445,ZnO_01,10.3390/electronics7120445,ZnO,8,6,4,False
ZnO_01,10.3390/electronics7120445,ZnO,1000.0,3.0,1,2,DISCRETE_BINARY,REPORTED,normalized_from_ratio,BINARY_BIT_SLICED_DIFFERENTIAL,BIT_SLICED_BINARY_MAPPING,32,8,255,7,14,7,1422848,1456,128,186368,96.26,-0.0300000000000011,96.22289980952381,0.036311449872463375,96.18658835965135,-0.037100190476195394,0.037100190476195394,True,LEAVE_ONE_STUDY_OUT,10.3390/electronics7120445,ZnO_01,10.3390/electronics7120445,ZnO,8,6,4,False
ZnO_01,10.3390/electronics7120445,ZnO,1000.0,3.0,1,2,DISCRETE_BINARY,REPORTED,normalized_from_ratio,BINARY_BIT_SLICED_DIFFERENTIAL,BIT_SLICED_BINARY_MAPPING,128,8,255,7,14,7,1422848,112,128,14336,96.26,-0.0300000000000011,96.17774185714286,0.029374656179757635,96.14836720096311,-0.0822581428571425,0.0822581428571425,True,LEAVE_ONE_STUDY_OUT,10.3390/electronics7120445,ZnO_01,10.3390/electronics7120445,ZnO,8,6,4,False
ZnO_01,10.3390/electronics7120445,ZnO,1000.0,3.0,1,2,DISCRETE_BINARY,REPORTED,normalized_from_ratio,BINARY_BIT_SLICED_DIFFERENTIAL,BIT_SLICED_BINARY_MAPPING,64,6,63,5,10,9,1016320,280,512,143360,96.26,-0.0300000000000011,96.2596876111111,0.019182621411222733,96.24050498969989,-0.0003123888889007276,0.0003123888889007276,True,LEAVE_ONE_STUDY_OUT,10.3390/electronics7120445,ZnO_01,10.3390/electronics7120445,ZnO,8,6,4,False
ZnO_01,10.3390/electronics7120445,ZnO,1000.0,3.0,1,2,DISCRETE_BINARY,REPORTED,normalized_from_ratio,BINARY_BIT_SLICED_DIFFERENTIAL,BIT_SLICED_BINARY_MAPPING,32,8,255,7,14,10,1422848,1456,1024,1490944,96.26,-0.0300000000000011,96.24859718253968,0.012160608398663498,96.23643657414102,-0.011402817460322012,0.011402817460322012,True,LEAVE_ONE_STUDY_OUT,10.3390/electronics7120445,ZnO_01,10.3390/electronics7120445,ZnO,8,6,4,False
ZnO_01,10.3390/electronics7120445,ZnO,1000.0,3.0,1,2,DISCRETE_BINARY,REPORTED,normalized_from_ratio,BINARY_BIT_SLICED_DIFFERENTIAL,BIT_SLICED_BINARY_MAPPING,16,8,255,7,14,5,1422848,5600,32,179200,96.26,-0.0300000000000011,96.12679032539683,0.06875822310649352,96.05803210229033,-0.13320967460317945,0.13320967460317945,True,LEAVE_ONE_STUDY_OUT,10.3390/electronics7120445,ZnO_01,10.3390/electronics7120445,ZnO,8,6,4,False
ZnO_01,10.3390/electronics7120445,ZnO,1000.0,3.0,1,2,DISCRETE_BINARY,REPORTED,normalized_from_ratio,BINARY_BIT_SLICED_DIFFERENTIAL,BIT_SLICED_BINARY_MAPPING,16,8,255,7,14,8,1422848,5600,256,1433600,96.26,-0.0300000000000011,96.22858473015873,0.021125958067589507,96.20745877209114,-0.03141526984127552,0.03141526984127552,True,LEAVE_ONE_STUDY_OUT,10.3390/electronics7120445,ZnO_01,10.3390/electronics7120445,ZnO,8,6,4,False
ZnO_01,10.3390/electronics7120445,ZnO,1000.0,3.0,1,2,DISCRETE_BINARY,REPORTED,normalized_from_ratio,BINARY_BIT_SLICED_DIFFERENTIAL,BIT_SLICED_BINARY_MAPPING,16,8,255,7,14,7,1422848,5600,128,716800,96.26,-0.0300000000000011,96.2338737936508,0.026287377679257932,96.20758641597155,-0.02612620634920404,0.02612620634920404,True,LEAVE_ONE_STUDY_OUT,10.3390/electronics7120445,ZnO_01,10.3390/electronics7120445,ZnO,8,6,4,False
ZnO_01,10.3390/electronics7120445,ZnO,1000.0,3.0,1,2,DISCRETE_BINARY,REPORTED,normalized_from_ratio,BINARY_BIT_SLICED_DIFFERENTIAL,BIT_SLICED_BINARY_MAPPING,32,6,63,5,10,9,1016320,1040,512,532480,96.26,-0.0300000000000011,96.2644853015873,0.015655118635646288,96.24883018295165,0.004485301587294543,0.004485301587294543,True,LEAVE_ONE_STUDY_OUT,10.3390/electronics7120445,ZnO_01,10.3390/electronics7120445,ZnO,8,6,4,False
ZnO_01,10.3390/electronics7120445,ZnO,1000.0,3.0,1,2,DISCRETE_BINARY,REPORTED,normalized_from_ratio,BINARY_BIT_SLICED_DIFFERENTIAL,BIT_SLICED_BINARY_MAPPING,128,6,63,5,10,8,1016320,80,256,20480,96.25,-0.019999999999996,96.30001483766235,0.03441628943145757,96.26559854823088,0.05001483766234571,0.05001483766234571,True,LEAVE_ONE_STUDY_OUT,10.3390/electronics7120445,ZnO_01,10.3390/electronics7120445,ZnO,8,6,4,False
ZnO_01,10.3390/electronics7120445,ZnO,1000.0,3.0,1,2,DISCRETE_BINARY,REPORTED,normalized_from_ratio,BINARY_BIT_SLICED_DIFFERENTIAL,BIT_SLICED_BINARY_MAPPING,256,7,127,6,12,7,1219584,60,128,7680,96.25,-0.019999999999996,96.15886397619047,0.01794853106234275,96.14091544512813,-0.09113602380952557,0.09113602380952557,True,LEAVE_ONE_STUDY_OUT,10.3390/electronics7120445,ZnO_01,10.3390/electronics7120445,ZnO,8,6,4,False
ZnO_01,10.3390/electronics7120445,ZnO,1000.0,3.0,1,2,DISCRETE_BINARY,REPORTED,normalized_from_ratio,BINARY_BIT_SLICED_DIFFERENTIAL,BIT_SLICED_BINARY_MAPPING,256,6,63,5,10,8,1016320,50,256,12800,96.25,-0.019999999999996,96.27314482178932,0.051352693325037294,96.22179212846427,0.023144821789315984,0.023144821789315984,True,LEAVE_ONE_STUDY_OUT,10.3390/electronics7120445,ZnO_01,10.3390/electronics7120445,ZnO,8,6,4,False
ZnO_01,10.3390/electronics7120445,ZnO,1000.0,3.0,1,2,DISCRETE_BINARY,REPORTED,normalized_from_ratio,BINARY_BIT_SLICED_DIFFERENTIAL,BIT_SLICED_BINARY_MAPPING,16,8,255,7,14,6,1422848,5600,64,358400,96.25,-0.019999999999996,96.20081615079364,0.04408974456614899,96.15672640622749,-0.04918384920635788,0.04918384920635788,True,LEAVE_ONE_STUDY_OUT,10.3390/electronics7120445,ZnO_01,10.3390/electronics7120445,ZnO,8,6,4,False
ZnO_01,10.3390/electronics7120445,ZnO,1000.0,3.0,1,2,DISCRETE_BINARY,REPORTED,normalized_from_ratio,BINARY_BIT_SLICED_DIFFERENTIAL,BIT_SLICED_BINARY_MAPPING,128,6,63,5,10,7,1016320,80,128,10240,96.24,-0.0099999999999909,96.1812778888889,0.026462168063024337,96.15481572082588,-0.05872211111109493,0.05872211111109493,True,LEAVE_ONE_STUDY_OUT,10.3390/electronics7120445,ZnO_01,10.3390/electronics7120445,ZnO,8,6,4,False
ZnO_01,10.3390/electronics7120445,ZnO,1000.0,3.0,1,2,DISCRETE_BINARY,REPORTED,normalized_from_ratio,BINARY_BIT_SLICED_DIFFERENTIAL,BIT_SLICED_BINARY_MAPPING,256,7,127,6,12,10,1219584,60,1024,61440,96.24,-0.0099999999999909,96.22154424603175,0.017464424918675957,96.20407982111308,-0.018455753968240174,0.018455753968240174,True,LEAVE_ONE_STUDY_OUT,10.3390/electronics7120445,ZnO_01,10.3390/electronics7120445,ZnO,8,6,4,False
ZnO_01,10.3390/electronics7120445,ZnO,1000.0,3.0,1,2,DISCRETE_BINARY,REPORTED,normalized_from_ratio,BINARY_BIT_SLICED_DIFFERENTIAL,BIT_SLICED_BINARY_MAPPING,32,5,31,4,8,6,813056,832,64,53248,96.24,-0.0099999999999909,96.08256468253968,0.04441966842805015,96.03814501411163,-0.1574353174603118,0.1574353174603118,True,LEAVE_ONE_STUDY_OUT,10.3390/electronics7120445,ZnO_01,10.3390/electronics7120445,ZnO,8,6,4,False
ZnO_01,10.3390/electronics7120445,ZnO,1000.0,3.0,1,2,DISCRETE_BINARY,REPORTED,normalized_from_ratio,BINARY_BIT_SLICED_DIFFERENTIAL,BIT_SLICED_BINARY_MAPPING,32,6,63,5,10,4,1016320,1040,16,16640,96.24,-0.0099999999999909,94.32100097619048,0.18701337517286512,94.13398760101761,-1.9189990238095191,1.9189990238095191,True,LEAVE_ONE_STUDY_OUT,10.3390/electronics7120445,ZnO_01,10.3390/electronics7120445,ZnO,8,6,4,False
ZnO_01,10.3390/electronics7120445,ZnO,1000.0,3.0,1,2,DISCRETE_BINARY,REPORTED,normalized_from_ratio,BINARY_BIT_SLICED_DIFFERENTIAL,BIT_SLICED_BINARY_MAPPING,32,7,127,6,12,8,1219584,1248,256,319488,96.24,-0.0099999999999909,96.22595350072149,0.01941424902937289,96.20653925169212,-0.014046499278506985,0.014046499278506985,True,LEAVE_ONE_STUDY_OUT,10.3390/electronics7120445,ZnO_01,10.3390/electronics7120445,ZnO,8,6,4,False
ZnO_01,10.3390/electronics7120445,ZnO,1000.0,3.0,1,2,DISCRETE_BINARY,REPORTED,normalized_from_ratio,BINARY_BIT_SLICED_DIFFERENTIAL,BIT_SLICED_BINARY_MAPPING,16,6,63,5,10,5,1016320,4000,32,128000,96.24,-0.0099999999999909,96.10846827777777,0.07698592888364107,96.03148234889413,-0.13153172222222054,0.13153172222222054,True,LEAVE_ONE_STUDY_OUT,10.3390/electronics7120445,ZnO_01,10.3390/electronics7120445,ZnO,8,6,4,False
ZnO_01,10.3390/electronics7120445,ZnO,1000.0,3.0,1,2,DISCRETE_BINARY,REPORTED,normalized_from_ratio,BINARY_BIT_SLICED_DIFFERENTIAL,BIT_SLICED_BINARY_MAPPING,256,8,255,7,14,7,1422848,70,128,8960,96.24,-0.0099999999999909,96.1520418888889,0.023911108947208982,96.1281307799417,-0.08795811111109231,0.08795811111109231,True,LEAVE_ONE_STUDY_OUT,10.3390/electronics7120445,ZnO_01,10.3390/electronics7120445,ZnO,8,6,4,False
ZnO_01,10.3390/electronics7120445,ZnO,1000.0,3.0,1,2,DISCRETE_BINARY,REPORTED,normalized_from_ratio,BINARY_BIT_SLICED_DIFFERENTIAL,BIT_SLICED_BINARY_MAPPING,128,6,63,5,10,9,1016320,80,512,40960,96.24,-0.0099999999999909,96.24461490476192,0.03248347149364127,96.21213143326828,0.004614904761922389,0.004614904761922389,True,LEAVE_ONE_STUDY_OUT,10.3390/electronics7120445,ZnO_01,10.3390/electronics7120445,ZnO,8,6,4,False
ZnO_01,10.3390/electronics7120445,ZnO,1000.0,3.0,1,2,DISCRETE_BINARY,REPORTED,normalized_from_ratio,BINARY_BIT_SLICED_DIFFERENTIAL,BIT_SLICED_BINARY_MAPPING,16,7,127,6,12,7,1219584,4800,128,614400,96.24,-0.0099999999999909,96.23465315873015,0.017627348255282074,96.21702581047487,-0.005346841269840752,0.005346841269840752,True,LEAVE_ONE_STUDY_OUT,10.3390/electronics7120445,ZnO_01,10.3390/electronics7120445,ZnO,8,6,4,False
ZnO_01,10.3390/electronics7120445,ZnO,1000.0,3.0,1,2,DISCRETE_BINARY,REPORTED,normalized_from_ratio,BINARY_BIT_SLICED_DIFFERENTIAL,BIT_SLICED_BINARY_MAPPING,32,8,255,7,14,9,1422848,1456,512,745472,96.23,0.0,96.24743556998558,0.016853414924107447,96.23058215506147,0.01743556998557949,0.01743556998557949,True,LEAVE_ONE_STUDY_OUT,10.3390/electronics7120445,ZnO_01,10.3390/electronics7120445,ZnO,8,6,4,False
ZnO_01,10.3390/electronics7120445,ZnO,1000.0,3.0,1,2,DISCRETE_BINARY,REPORTED,normalized_from_ratio,BINARY_BIT_SLICED_DIFFERENTIAL,BIT_SLICED_BINARY_MAPPING,64,8,255,7,14,5,1422848,392,32,12544,96.23,0.0,95.55684747619047,0.05798560167015602,95.49886187452032,-0.6731525238095344,0.6731525238095344,True,LEAVE_ONE_STUDY_OUT,10.3390/electronics7120445,ZnO_01,10.3390/electronics7120445,ZnO,8,6,4,False
ZnO_01,10.3390/electronics7120445,ZnO,1000.0,3.0,1,2,DISCRETE_BINARY,REPORTED,normalized_from_ratio,BINARY_BIT_SLICED_DIFFERENTIAL,BIT_SLICED_BINARY_MAPPING,128,8,255,7,14,8,1422848,112,256,28672,96.23,0.0,96.19712587301589,0.01994763077424321,96.17717824224165,-0.03287412698411174,0.03287412698411174,True,LEAVE_ONE_STUDY_OUT,10.3390/electronics7120445,ZnO_01,10.3390/electronics7120445,ZnO,8,6,4,False
ZnO_01,10.3390/electronics7120445,ZnO,1000.0,3.0,1,2,DISCRETE_BINARY,REPORTED,normalized_from_ratio,BINARY_BIT_SLICED_DIFFERENTIAL,BIT_SLICED_BINARY_MAPPING,64,8,255,7,14,7,1422848,392,128,50176,96.23,0.0,96.24822653174604,0.032717173379215314,96.21550935836683,0.018226531746037722,0.018226531746037722,True,LEAVE_ONE_STUDY_OUT,10.3390/electronics7120445,ZnO_01,10.3390/electronics7120445,ZnO,8,6,4,False
ZnO_01,10.3390/electronics7120445,ZnO,1000.0,3.0,1,2,DISCRETE_BINARY,REPORTED,normalized_from_ratio,BINARY_BIT_SLICED_DIFFERENTIAL,BIT_SLICED_BINARY_MAPPING,64,5,31,4,8,7,813056,224,128,28672,96.23,0.0,96.18095055988456,0.07354356791157338,96.107406991973,-0.049049440115439324,0.049049440115439324,True,LEAVE_ONE_STUDY_OUT,10.3390/electronics7120445,ZnO_01,10.3390/electronics7120445,ZnO,8,6,4,False
ZnO_01,10.3390/electronics7120445,ZnO,1000.0,3.0,1,2,DISCRETE_BINARY,REPORTED,normalized_from_ratio,BINARY_BIT_SLICED_DIFFERENTIAL,BIT_SLICED_BINARY_MAPPING,16,7,127,6,12,8,1219584,4800,256,1228800,96.22,0.0100000000000051,96.23038846825396,0.014119309649937708,96.21626915860402,0.010388468253964334,0.010388468253964334,True,LEAVE_ONE_STUDY_OUT,10.3390/electronics7120445,ZnO_01,10.3390/electronics7120445,ZnO,8,6,4,False
ZnO_01,10.3390/electronics7120445,ZnO,1000.0,3.0,1,2,DISCRETE_BINARY,REPORTED,normalized_from_ratio,BINARY_BIT_SLICED_DIFFERENTIAL,BIT_SLICED_BINARY_MAPPING,16,7,127,6,12,9,1219584,4800,512,2457600,96.22,0.0100000000000051,96.22536490476192,0.008220143576118973,96.21714476118579,0.005364904761918865,0.005364904761918865,True,LEAVE_ONE_STUDY_OUT,10.3390/electronics7120445,ZnO_01,10.3390/electronics7120445,ZnO,8,6,4,False
ZnO_01,10.3390/electronics7120445,ZnO,1000.0,3.0,1,2,DISCRETE_BINARY,REPORTED,normalized_from_ratio,BINARY_BIT_SLICED_DIFFERENTIAL,BIT_SLICED_BINARY_MAPPING,32,7,127,6,12,10,1219584,1248,1024,1277952,96.22,0.0100000000000051,96.21501219047619,0.010188030814130984,96.20482415966205,-0.004987809523811393,0.004987809523811393,True,LEAVE_ONE_STUDY_OUT,10.3390/electronics7120445,ZnO_01,10.3390/electronics7120445,ZnO,8,6,4,False
ZnO_01,10.3390/electronics7120445,ZnO,1000.0,3.0,1,2,DISCRETE_BINARY,REPORTED,normalized_from_ratio,BINARY_BIT_SLICED_DIFFERENTIAL,BIT_SLICED_BINARY_MAPPING,32,7,127,6,12,6,1219584,1248,64,79872,96.22,0.0100000000000051,96.16481157142859,0.04377563530443464,96.12103593612416,-0.05518842857141237,0.05518842857141237,True,LEAVE_ONE_STUDY_OUT,10.3390/electronics7120445,ZnO_01,10.3390/electronics7120445,ZnO,8,6,4,False
ZnO_01,10.3390/electronics7120445,ZnO,1000.0,3.0,1,2,DISCRETE_BINARY,REPORTED,normalized_from_ratio,BINARY_BIT_SLICED_DIFFERENTIAL,BIT_SLICED_BINARY_MAPPING,256,8,255,7,14,6,1422848,70,64,4480,96.22,0.0100000000000051,95.87631943001442,0.05915092740122783,95.81716850261319,-0.3436805699855796,0.3436805699855796,True,LEAVE_ONE_STUDY_OUT,10.3390/electronics7120445,ZnO_01,10.3390/electronics7120445,ZnO,8,6,4,False
ZnO_01,10.3390/electronics7120445,ZnO,1000.0,3.0,1,2,DISCRETE_BINARY,REPORTED,normalized_from_ratio,BINARY_BIT_SLICED_DIFFERENTIAL,BIT_SLICED_BINARY_MAPPING,64,6,63,5,10,6,1016320,280,64,17920,96.22,0.0100000000000051,96.10578919047619,0.03858582317008342,96.0672033673061,-0.11421080952381146,0.11421080952381146,True,LEAVE_ONE_STUDY_OUT,10.3390/electronics7120445,ZnO_01,10.3390/electronics7120445,ZnO,8,6,4,False
ZnO_01,10.3390/electronics7120445,ZnO,1000.0,3.0,1,2,DISCRETE_BINARY,REPORTED,normalized_from_ratio,BINARY_BIT_SLICED_DIFFERENTIAL,BIT_SLICED_BINARY_MAPPING,64,6,63,5,10,7,1016320,280,128,35840,96.22,0.0100000000000051,96.24919535425686,0.02994540739851367,96.21924994685834,0.029195354256856376,0.029195354256856376,True,LEAVE_ONE_STUDY_OUT,10.3390/electronics7120445,ZnO_01,10.3390/electronics7120445,ZnO,8,6,4,False
ZnO_01,10.3390/electronics7120445,ZnO,1000.0,3.0,1,2,DISCRETE_BINARY,REPORTED,normalized_from_ratio,BINARY_BIT_SLICED_DIFFERENTIAL,BIT_SLICED_BINARY_MAPPING,64,7,127,6,12,10,1219584,336,1024,344064,96.22,0.0100000000000051,96.2199672099567,0.014092534697237914,96.20587467525947,-3.2790043292152404e-05,3.2790043292152404e-05,True,LEAVE_ONE_STUDY_OUT,10.3390/electronics7120445,ZnO_01,10.3390/electronics7120445,ZnO,8,6,4,False
ZnO_01,10.3390/electronics7120445,ZnO,1000.0,3.0,1,2,DISCRETE_BINARY,REPORTED,normalized_from_ratio,BINARY_BIT_SLICED_DIFFERENTIAL,BIT_SLICED_BINARY_MAPPING,64,8,255,7,14,9,1422848,392,512,200704,96.22,0.0100000000000051,96.2298955079365,0.02085064389342387,96.20904486404308,0.00989550793650551,0.00989550793650551,True,LEAVE_ONE_STUDY_OUT,10.3390/electronics7120445,ZnO_01,10.3390/electronics7120445,ZnO,8,6,4,False
ZnO_01,10.3390/electronics7120445,ZnO,1000.0,3.0,1,2,DISCRETE_BINARY,REPORTED,normalized_from_ratio,BINARY_BIT_SLICED_DIFFERENTIAL,BIT_SLICED_BINARY_MAPPING,64,7,127,6,12,7,1219584,336,128,43008,96.22,0.0100000000000051,96.25179824603174,0.02778058514351208,96.22401766088822,0.03179824603174097,0.03179824603174097,True,LEAVE_ONE_STUDY_OUT,10.3390/electronics7120445,ZnO_01,10.3390/electronics7120445,ZnO,8,6,4,False
ZnO_01,10.3390/electronics7120445,ZnO,1000.0,3.0,1,2,DISCRETE_BINARY,REPORTED,normalized_from_ratio,BINARY_BIT_SLICED_DIFFERENTIAL,BIT_SLICED_BINARY_MAPPING,128,7,127,6,12,10,1219584,96,1024,98304,96.22,0.0100000000000051,96.2235890901876,0.01760270097184813,96.20598638921575,0.0035890901876030057,0.0035890901876030057,True,LEAVE_ONE_STUDY_OUT,10.3390/electronics7120445,ZnO_01,10.3390/electronics7120445,ZnO,8,6,4,False
ZnO_01,10.3390/electronics7120445,ZnO,1000.0,3.0,1,2,DISCRETE_BINARY,REPORTED,normalized_from_ratio,BINARY_BIT_SLICED_DIFFERENTIAL,BIT_SLICED_BINARY_MAPPING,128,8,255,7,14,9,1422848,112,512,57344,96.22,0.0100000000000051,96.20774920923522,0.017310298142531284,96.19043891109268,-0.012250790764781527,0.012250790764781527,True,LEAVE_ONE_STUDY_OUT,10.3390/electronics7120445,ZnO_01,10.3390/electronics7120445,ZnO,8,6,4,False
ZnO_01,10.3390/electronics7120445,ZnO,1000.0,3.0,1,2,DISCRETE_BINARY,REPORTED,normalized_from_ratio,BINARY_BIT_SLICED_DIFFERENTIAL,BIT_SLICED_BINARY_MAPPING,16,7,127,6,12,6,1219584,4800,64,307200,96.22,0.0100000000000051,96.18017892857144,0.035905179491431675,96.14427374908,-0.039821071428562504,0.039821071428562504,True,LEAVE_ONE_STUDY_OUT,10.3390/electronics7120445,ZnO_01,10.3390/electronics7120445,ZnO,8,6,4,False
ZnO_01,10.3390/electronics7120445,ZnO,1000.0,3.0,1,2,DISCRETE_BINARY,REPORTED,normalized_from_ratio,BINARY_BIT_SLICED_DIFFERENTIAL,BIT_SLICED_BINARY_MAPPING,256,8,255,7,14,9,1422848,70,512,35840,96.22,0.0100000000000051,96.20305473809523,0.01889370945055516,96.18416102864468,-0.016945261904766085,0.016945261904766085,True,LEAVE_ONE_STUDY_OUT,10.3390/electronics7120445,ZnO_01,10.3390/electronics7120445,ZnO,8,6,4,False
ZnO_01,10.3390/electronics7120445,ZnO,1000.0,3.0,1,2,DISCRETE_BINARY,REPORTED,normalized_from_ratio,BINARY_BIT_SLICED_DIFFERENTIAL,BIT_SLICED_BINARY_MAPPING,32,8,255,7,14,6,1422848,1456,64,93184,96.21,0.0200000000000102,96.1908047936508,0.057226769303852475,96.13357802434695,-0.01919520634919536,0.01919520634919536,True,LEAVE_ONE_STUDY_OUT,10.3390/electronics7120445,ZnO_01,10.3390/electronics7120445,ZnO,8,6,4,False
ZnO_01,10.3390/electronics7120445,ZnO,1000.0,3.0,1,2,DISCRETE_BINARY,REPORTED,normalized_from_ratio,BINARY_BIT_SLICED_DIFFERENTIAL,BIT_SLICED_BINARY_MAPPING,32,7,127,6,12,5,1219584,1248,32,39936,96.21,0.0200000000000102,95.94614723809524,0.08793976880320242,95.85820746929204,-0.2638527619047579,0.2638527619047579,True,LEAVE_ONE_STUDY_OUT,10.3390/electronics7120445,ZnO_01,10.3390/electronics7120445,ZnO,8,6,4,False
ZnO_01,10.3390/electronics7120445,ZnO,1000.0,3.0,1,2,DISCRETE_BINARY,REPORTED,normalized_from_ratio,BINARY_BIT_SLICED_DIFFERENTIAL,BIT_SLICED_BINARY_MAPPING,16,7,127,6,12,5,1219584,4800,32,153600,96.21,0.0200000000000102,96.12903942063491,0.07452525118169152,96.05451416945321,-0.08096057936508316,0.08096057936508316,True,LEAVE_ONE_STUDY_OUT,10.3390/electronics7120445,ZnO_01,10.3390/electronics7120445,ZnO,8,6,4,False
ZnO_01,10.3390/electronics7120445,ZnO,1000.0,3.0,1,2,DISCRETE_BINARY,REPORTED,normalized_from_ratio,BINARY_BIT_SLICED_DIFFERENTIAL,BIT_SLICED_BINARY_MAPPING,32,7,127,6,12,7,1219584,1248,128,159744,96.21,0.0200000000000102,96.22853253174603,0.022323633270331177,96.2062088984757,0.018532531746032532,0.018532531746032532,True,LEAVE_ONE_STUDY_OUT,10.3390/electronics7120445,ZnO_01,10.3390/electronics7120445,ZnO,8,6,4,False
ZnO_01,10.3390/electronics7120445,ZnO,1000.0,3.0,1,2,DISCRETE_BINARY,REPORTED,normalized_from_ratio,BINARY_BIT_SLICED_DIFFERENTIAL,BIT_SLICED_BINARY_MAPPING,32,7,127,6,12,9,1219584,1248,512,638976,96.21,0.0200000000000102,96.23073273015872,0.012402397968621299,96.2183303321901,0.02073273015872701,0.02073273015872701,True,LEAVE_ONE_STUDY_OUT,10.3390/electronics7120445,ZnO_01,10.3390/electronics7120445,ZnO,8,6,4,False
ZnO_01,10.3390/electronics7120445,ZnO,1000.0,3.0,1,2,DISCRETE_BINARY,REPORTED,normalized_from_ratio,BINARY_BIT_SLICED_DIFFERENTIAL,BIT_SLICED_BINARY_MAPPING,16,7,127,6,12,10,1219584,4800,1024,4915200,96.21,0.0200000000000102,96.21632346031745,0.008931615140969336,96.20739184517649,0.006323460317460672,0.006323460317460672,True,LEAVE_ONE_STUDY_OUT,10.3390/electronics7120445,ZnO_01,10.3390/electronics7120445,ZnO,8,6,4,False
ZnO_01,10.3390/electronics7120445,ZnO,1000.0,3.0,1,2,DISCRETE_BINARY,REPORTED,normalized_from_ratio,BINARY_BIT_SLICED_DIFFERENTIAL,BIT_SLICED_BINARY_MAPPING,64,7,127,6,12,5,1219584,336,32,10752,96.21,0.0200000000000102,95.56341095238095,0.05935945258544031,95.50405149979551,-0.6465890476190452,0.6465890476190452,True,LEAVE_ONE_STUDY_OUT,10.3390/electronics7120445,ZnO_01,10.3390/electronics7120445,ZnO,8,6,4,False
ZnO_01,10.3390/electronics7120445,ZnO,1000.0,3.0,1,2,DISCRETE_BINARY,REPORTED,normalized_from_ratio,BINARY_BIT_SLICED_DIFFERENTIAL,BIT_SLICED_BINARY_MAPPING,64,8,255,7,14,8,1422848,392,256,100352,96.21,0.0200000000000102,96.20347083333334,0.022470957427734146,96.18099987590561,-0.006529166666652486,0.006529166666652486,True,LEAVE_ONE_STUDY_OUT,10.3390/electronics7120445,ZnO_01,10.3390/electronics7120445,ZnO,8,6,4,False
ZnO_01,10.3390/electronics7120445,ZnO,1000.0,3.0,1,2,DISCRETE_BINARY,REPORTED,normalized_from_ratio,BINARY_BIT_SLICED_DIFFERENTIAL,BIT_SLICED_BINARY_MAPPING,256,5,31,4,8,6,813056,40,64,2560,96.21,0.0200000000000102,95.77061707142857,0.09631624036286077,95.67430083106571,-0.43938292857141903,0.43938292857141903,True,LEAVE_ONE_STUDY_OUT,10.3390/electronics7120445,ZnO_01,10.3390/electronics7120445,ZnO,8,6,4,False
ZnO_01,10.3390/electronics7120445,ZnO,1000.0,3.0,1,2,DISCRETE_BINARY,REPORTED,normalized_from_ratio,BINARY_BIT_SLICED_DIFFERENTIAL,BIT_SLICED_BINARY_MAPPING,256,8,255,7,14,8,1422848,70,256,17920,96.21,0.0200000000000102,96.20628046825396,0.026949115974902845,96.17933135227906,-0.0037195317460287924,0.0037195317460287924,True,LEAVE_ONE_STUDY_OUT,10.3390/electronics7120445,ZnO_01,10.3390/electronics7120445,ZnO,8,6,4,False
ZnO_01,10.3390/electronics7120445,ZnO,1000.0,3.0,1,2,DISCRETE_BINARY,REPORTED,normalized_from_ratio,BINARY_BIT_SLICED_DIFFERENTIAL,BIT_SLICED_BINARY_MAPPING,64,7,127,6,12,8,1219584,336,256,86016,96.21,0.0200000000000102,96.20451661471863,0.020768254960598295,96.18374835975803,-0.005483385281365827,0.005483385281365827,True,LEAVE_ONE_STUDY_OUT,10.3390/electronics7120445,ZnO_01,10.3390/electronics7120445,ZnO,8,6,4,False
ZnO_01,10.3390/electronics7120445,ZnO,1000.0,3.0,1,2,DISCRETE_BINARY,REPORTED,normalized_from_ratio,BINARY_BIT_SLICED_DIFFERENTIAL,BIT_SLICED_BINARY_MAPPING,16,5,31,4,8,6,813056,3200,64,204800,96.2,0.0300000000000011,96.09722664285714,0.033619159573336325,96.0636074832838,-0.1027733571428655,0.1027733571428655,True,LEAVE_ONE_STUDY_OUT,10.3390/electronics7120445,ZnO_01,10.3390/electronics7120445,ZnO,8,6,4,False
ZnO_01,10.3390/electronics7120445,ZnO,1000.0,3.0,1,2,DISCRETE_BINARY,REPORTED,normalized_from_ratio,BINARY_BIT_SLICED_DIFFERENTIAL,BIT_SLICED_BINARY_MAPPING,32,6,63,5,10,6,1016320,1040,64,66560,96.2,0.0300000000000011,96.1799999047619,0.04712866440706243,96.13287124035483,-0.0200000952381032,0.0200000952381032,True,LEAVE_ONE_STUDY_OUT,10.3390/electronics7120445,ZnO_01,10.3390/electronics7120445,ZnO,8,6,4,False
ZnO_01,10.3390/electronics7120445,ZnO,1000.0,3.0,1,2,DISCRETE_BINARY,REPORTED,normalized_from_ratio,BINARY_BIT_SLICED_DIFFERENTIAL,BIT_SLICED_BINARY_MAPPING,128,7,127,6,12,6,1219584,96,64,6144,96.2,0.0300000000000011,95.87037582683982,0.04931886413993165,95.82105696269988,-0.3296241731601839,0.3296241731601839,True,LEAVE_ONE_STUDY_OUT,10.3390/electronics7120445,ZnO_01,10.3390/electronics7120445,ZnO,8,6,4,False
ZnO_01,10.3390/electronics7120445,ZnO,1000.0,3.0,1,2,DISCRETE_BINARY,REPORTED,normalized_from_ratio,BINARY_BIT_SLICED_DIFFERENTIAL,BIT_SLICED_BINARY_MAPPING,64,7,127,6,12,9,1219584,336,512,172032,96.2,0.0300000000000011,96.22134016594516,0.017785285566505986,96.20355488037866,0.02134016594516197,0.02134016594516197,True,LEAVE_ONE_STUDY_OUT,10.3390/electronics7120445,ZnO_01,10.3390/electronics7120445,ZnO,8,6,4,False
ZnO_01,10.3390/electronics7120445,ZnO,1000.0,3.0,1,2,DISCRETE_BINARY,REPORTED,normalized_from_ratio,BINARY_BIT_SLICED_DIFFERENTIAL,BIT_SLICED_BINARY_MAPPING,64,7,127,6,12,6,1219584,336,64,21504,96.2,0.0300000000000011,96.08634740476191,0.048879846438814774,96.0374675583231,-0.11365259523809357,0.11365259523809357,True,LEAVE_ONE_STUDY_OUT,10.3390/electronics7120445,ZnO_01,10.3390/electronics7120445,ZnO,8,6,4,False
ZnO_01,10.3390/electronics7120445,ZnO,1000.0,3.0,1,2,DISCRETE_BINARY,REPORTED,normalized_from_ratio,BINARY_BIT_SLICED_DIFFERENTIAL,BIT_SLICED_BINARY_MAPPING,128,8,255,7,14,6,1422848,112,64,7168,96.2,0.0300000000000011,95.86577137445889,0.050573323770541426,95.81519805068835,-0.3342286255411153,0.3342286255411153,True,LEAVE_ONE_STUDY_OUT,10.3390/electronics7120445,ZnO_01,10.3390/electronics7120445,ZnO,8,6,4,False
ZnO_01,10.3390/electronics7120445,ZnO,1000.0,3.0,1,2,DISCRETE_BINARY,REPORTED,normalized_from_ratio,BINARY_BIT_SLICED_DIFFERENTIAL,BIT_SLICED_BINARY_MAPPING,128,7,127,6,12,9,1219584,96,512,49152,96.2,0.0300000000000011,96.20799655411255,0.01801265991919487,96.18998389419336,0.007996554112551735,0.007996554112551735,True,LEAVE_ONE_STUDY_OUT,10.3390/electronics7120445,ZnO_01,10.3390/electronics7120445,ZnO,8,6,4,False
ZnO_01,10.3390/electronics7120445,ZnO,1000.0,3.0,1,2,DISCRETE_BINARY,REPORTED,normalized_from_ratio,BINARY_BIT_SLICED_DIFFERENTIAL,BIT_SLICED_BINARY_MAPPING,256,7,127,6,12,9,1219584,60,512,30720,96.2,0.0300000000000011,96.20523479725831,0.02135813046194999,96.18387666679637,0.005234797258310664,0.005234797258310664,True,LEAVE_ONE_STUDY_OUT,10.3390/electronics7120445,ZnO_01,10.3390/electronics7120445,ZnO,8,6,4,False
ZnO_01,10.3390/electronics7120445,ZnO,1000.0,3.0,1,2,DISCRETE_BINARY,REPORTED,normalized_from_ratio,BINARY_BIT_SLICED_DIFFERENTIAL,BIT_SLICED_BINARY_MAPPING,256,7,127,6,12,6,1219584,60,64,3840,96.2,0.0300000000000011,95.88092221572873,0.056458254520797585,95.82446396120794,-0.319077784271272,0.319077784271272,True,LEAVE_ONE_STUDY_OUT,10.3390/electronics7120445,ZnO_01,10.3390/electronics7120445,ZnO,8,6,4,False
ZnO_01,10.3390/electronics7120445,ZnO,1000.0,3.0,1,2,DISCRETE_BINARY,REPORTED,normalized_from_ratio,BINARY_BIT_SLICED_DIFFERENTIAL,BIT_SLICED_BINARY_MAPPING,256,7,127,6,12,8,1219584,60,256,15360,96.2,0.0300000000000011,96.22089328932181,0.024361783655802514,96.196531505666,0.020893289321804787,0.020893289321804787,True,LEAVE_ONE_STUDY_OUT,10.3390/electronics7120445,ZnO_01,10.3390/electronics7120445,ZnO,8,6,4,False
ZnO_01,10.3390/electronics7120445,ZnO,1000.0,3.0,1,2,DISCRETE_BINARY,REPORTED,normalized_from_ratio,BINARY_BIT_SLICED_DIFFERENTIAL,BIT_SLICED_BINARY_MAPPING,32,8,255,7,14,5,1422848,1456,32,46592,96.2,0.0300000000000011,95.96512988095239,0.08234957980299804,95.8827803011494,-0.23487011904761346,0.23487011904761346,True,LEAVE_ONE_STUDY_OUT,10.3390/electronics7120445,ZnO_01,10.3390/electronics7120445,ZnO,8,6,4,False
ZnO_01,10.3390/electronics7120445,ZnO,1000.0,3.0,1,2,DISCRETE_BINARY,REPORTED,normalized_from_ratio,BINARY_BIT_SLICED_DIFFERENTIAL,BIT_SLICED_BINARY_MAPPING,128,7,127,6,12,8,1219584,96,256,24576,96.19,0.0400000000000062,96.20788201948054,0.020539998406439178,96.1873420210741,0.017882019480538247,0.017882019480538247,True,LEAVE_ONE_STUDY_OUT,10.3390/electronics7120445,ZnO_01,10.3390/electronics7120445,ZnO,8,6,4,False
ZnO_01,10.3390/electronics7120445,ZnO,1000.0,3.0,1,2,DISCRETE_BINARY,REPORTED,normalized_from_ratio,BINARY_BIT_SLICED_DIFFERENTIAL,BIT_SLICED_BINARY_MAPPING,256,5,31,4,8,8,813056,40,256,10240,96.19,0.0400000000000062,96.11628440476191,0.02750131411488203,96.08878309064703,-0.07371559523808457,0.07371559523808457,True,LEAVE_ONE_STUDY_OUT,10.3390/electronics7120445,ZnO_01,10.3390/electronics7120445,ZnO,8,6,4,False
ZnO_01,10.3390/electronics7120445,ZnO,1000.0,3.0,1,2,DISCRETE_BINARY,REPORTED,normalized_from_ratio,BINARY_BIT_SLICED_DIFFERENTIAL,BIT_SLICED_BINARY_MAPPING,64,6,63,5,10,5,1016320,280,32,8960,96.19,0.0400000000000062,95.53125562698412,0.04749819587408345,95.48375743111004,-0.6587443730158782,0.6587443730158782,True,LEAVE_ONE_STUDY_OUT,10.3390/electronics7120445,ZnO_01,10.3390/electronics7120445,ZnO,8,6,4,False
ZnO_01,10.3390/electronics7120445,ZnO,1000.0,3.0,1,2,DISCRETE_BINARY,REPORTED,normalized_from_ratio,BINARY_BIT_SLICED_DIFFERENTIAL,BIT_SLICED_BINARY_MAPPING,64,5,31,4,8,6,813056,224,64,14336,96.19,0.0400000000000062,96.09282821428572,0.04397807042849091,96.04885014385722,-0.09717178571428065,0.09717178571428065,True,LEAVE_ONE_STUDY_OUT,10.3390/electronics7120445,ZnO_01,10.3390/electronics7120445,ZnO,8,6,4,False
ZnO_01,10.3390/electronics7120445,ZnO,1000.0,3.0,1,2,DISCRETE_BINARY,REPORTED,normalized_from_ratio,BINARY_BIT_SLICED_DIFFERENTIAL,BIT_SLICED_BINARY_MAPPING,64,8,255,7,14,6,1422848,392,64,25088,96.19,0.0400000000000062,96.08149507142858,0.054860306656601555,96.02663476477197,-0.10850492857142058,0.10850492857142058,True,LEAVE_ONE_STUDY_OUT,10.3390/electronics7120445,ZnO_01,10.3390/electronics7120445,ZnO,8,6,4,False
ZnO_01,10.3390/electronics7120445,ZnO,1000.0,3.0,1,2,DISCRETE_BINARY,REPORTED,normalized_from_ratio,BINARY_BIT_SLICED_DIFFERENTIAL,BIT_SLICED_BINARY_MAPPING,32,5,31,4,8,8,813056,832,256,212992,96.18,0.0499999999999971,96.14722921428572,0.032609064321826635,96.11462014996388,-0.03277078571429115,0.03277078571429115,True,LEAVE_ONE_STUDY_OUT,10.3390/electronics7120445,ZnO_01,10.3390/electronics7120445,ZnO,8,6,4,False
ZnO_01,10.3390/electronics7120445,ZnO,1000.0,3.0,1,2,DISCRETE_BINARY,REPORTED,normalized_from_ratio,BINARY_BIT_SLICED_DIFFERENTIAL,BIT_SLICED_BINARY_MAPPING,16,8,255,7,14,4,1422848,5600,16,89600,96.17,0.0600000000000022,95.27505858730159,0.2041446645983022,95.07091392270328,-0.8949414126984152,0.8949414126984152,True,LEAVE_ONE_STUDY_OUT,10.3390/electronics7120445,ZnO_01,10.3390/electronics7120445,ZnO,8,6,4,False
ZnO_01,10.3390/electronics7120445,ZnO,1000.0,3.0,1,2,DISCRETE_BINARY,REPORTED,normalized_from_ratio,BINARY_BIT_SLICED_DIFFERENTIAL,BIT_SLICED_BINARY_MAPPING,32,5,31,4,8,7,813056,832,128,106496,96.17,0.0600000000000022,96.18240717099566,0.026012178795178264,96.15639499220048,0.012407170995658134,0.012407170995658134,True,LEAVE_ONE_STUDY_OUT,10.3390/electronics7120445,ZnO_01,10.3390/electronics7120445,ZnO,8,6,4,False
ZnO_01,10.3390/electronics7120445,ZnO,1000.0,3.0,1,2,DISCRETE_BINARY,REPORTED,normalized_from_ratio,BINARY_BIT_SLICED_DIFFERENTIAL,BIT_SLICED_BINARY_MAPPING,256,5,31,4,8,7,813056,40,128,5120,96.17,0.0600000000000022,96.10826357142857,0.06153966971413266,96.04672390171443,-0.06173642857143591,0.06173642857143591,True,LEAVE_ONE_STUDY_OUT,10.3390/electronics7120445,ZnO_01,10.3390/electronics7120445,ZnO,8,6,4,False
ZnO_01,10.3390/electronics7120445,ZnO,1000.0,3.0,1,2,DISCRETE_BINARY,REPORTED,normalized_from_ratio,BINARY_BIT_SLICED_DIFFERENTIAL,BIT_SLICED_BINARY_MAPPING,16,7,127,6,12,4,1219584,4800,16,76800,96.17,0.0600000000000022,95.27575692063492,0.20530376259569222,95.07045315803923,-0.8942430793650828,0.8942430793650828,True,LEAVE_ONE_STUDY_OUT,10.3390/electronics7120445,ZnO_01,10.3390/electronics7120445,ZnO,8,6,4,False
ZnO_01,10.3390/electronics7120445,ZnO,1000.0,3.0,1,2,DISCRETE_BINARY,REPORTED,normalized_from_ratio,BINARY_BIT_SLICED_DIFFERENTIAL,BIT_SLICED_BINARY_MAPPING,128,5,31,4,8,8,813056,64,256,16384,96.17,0.0600000000000022,96.15943142857144,0.033602784653206874,96.12582864391823,-0.010568571428564155,0.010568571428564155,True,LEAVE_ONE_STUDY_OUT,10.3390/electronics7120445,ZnO_01,10.3390/electronics7120445,ZnO,8,6,4,False
ZnO_01,10.3390/electronics7120445,ZnO,1000.0,3.0,1,2,DISCRETE_BINARY,REPORTED,normalized_from_ratio,BINARY_BIT_SLICED_DIFFERENTIAL,BIT_SLICED_BINARY_MAPPING,128,6,63,5,10,6,1016320,80,64,5120,96.17,0.0600000000000022,95.86044316017316,0.06146736261785967,95.7989757975553,-0.3095568398268398,0.3095568398268398,True,LEAVE_ONE_STUDY_OUT,10.3390/electronics7120445,ZnO_01,10.3390/electronics7120445,ZnO,8,6,4,False
ZnO_01,10.3390/electronics7120445,ZnO,1000.0,3.0,1,2,DISCRETE_BINARY,REPORTED,normalized_from_ratio,BINARY_BIT_SLICED_DIFFERENTIAL,BIT_SLICED_BINARY_MAPPING,16,5,31,4,8,5,813056,3200,32,102400,96.16,0.0700000000000073,95.96624217460318,0.06840381053889401,95.89783836406428,-0.19375782539681552,0.19375782539681552,True,LEAVE_ONE_STUDY_OUT,10.3390/electronics7120445,ZnO_01,10.3390/electronics7120445,ZnO,8,6,4,False
ZnO_01,10.3390/electronics7120445,ZnO,1000.0,3.0,1,2,DISCRETE_BINARY,REPORTED,normalized_from_ratio,BINARY_BIT_SLICED_DIFFERENTIAL,BIT_SLICED_BINARY_MAPPING,32,5,31,4,8,5,813056,832,32,26624,96.15,0.0799999999999983,95.8360360079365,0.0627172510392872,95.77331875689721,-0.3139639920635062,0.3139639920635062,True,LEAVE_ONE_STUDY_OUT,10.3390/electronics7120445,ZnO_01,10.3390/electronics7120445,ZnO,8,6,4,False
ZnO_01,10.3390/electronics7120445,ZnO,1000.0,3.0,1,2,DISCRETE_BINARY,REPORTED,normalized_from_ratio,BINARY_BIT_SLICED_DIFFERENTIAL,BIT_SLICED_BINARY_MAPPING,32,8,255,7,14,4,1422848,1456,16,23296,96.15,0.0799999999999983,94.34136078571429,0.1725476885422081,94.16881309717208,-1.8086392142857193,1.8086392142857193,True,LEAVE_ONE_STUDY_OUT,10.3390/electronics7120445,ZnO_01,10.3390/electronics7120445,ZnO,8,6,4,False
ZnO_01,10.3390/electronics7120445,ZnO,1000.0,3.0,1,2,DISCRETE_BINARY,REPORTED,normalized_from_ratio,BINARY_BIT_SLICED_DIFFERENTIAL,BIT_SLICED_BINARY_MAPPING,16,5,31,4,8,10,813056,3200,1024,3276800,96.15,0.0799999999999983,96.12385688095237,0.010744295890171542,96.1131125850622,-0.026143119047631558,0.026143119047631558,True,LEAVE_ONE_STUDY_OUT,10.3390/electronics7120445,ZnO_01,10.3390/electronics7120445,ZnO,8,6,4,False
ZnO_01,10.3390/electronics7120445,ZnO,1000.0,3.0,1,2,DISCRETE_BINARY,REPORTED,normalized_from_ratio,BINARY_BIT_SLICED_DIFFERENTIAL,BIT_SLICED_BINARY_MAPPING,32,5,31,4,8,10,813056,832,1024,851968,96.14,0.0900000000000034,96.12454445238095,0.009327786210183242,96.11521666617077,-0.01545554761905521,0.01545554761905521,True,LEAVE_ONE_STUDY_OUT,10.3390/electronics7120445,ZnO_01,10.3390/electronics7120445,ZnO,8,6,4,False
ZnO_01,10.3390/electronics7120445,ZnO,1000.0,3.0,1,2,DISCRETE_BINARY,REPORTED,normalized_from_ratio,BINARY_BIT_SLICED_DIFFERENTIAL,BIT_SLICED_BINARY_MAPPING,256,5,31,4,8,10,813056,40,1024,40960,96.14,0.0900000000000034,96.1417332063492,0.01563330593229557,96.1260999004169,0.0017332063492006,0.0017332063492006,True,LEAVE_ONE_STUDY_OUT,10.3390/electronics7120445,ZnO_01,10.3390/electronics7120445,ZnO,8,6,4,False
ZnO_01,10.3390/electronics7120445,ZnO,1000.0,3.0,1,2,DISCRETE_BINARY,REPORTED,normalized_from_ratio,BINARY_BIT_SLICED_DIFFERENTIAL,BIT_SLICED_BINARY_MAPPING,16,5,31,4,8,7,813056,3200,128,409600,96.14,0.0900000000000034,96.17982674242425,0.030724361712707877,96.14910238071154,0.039826742424253325,0.039826742424253325,True,LEAVE_ONE_STUDY_OUT,10.3390/electronics7120445,ZnO_01,10.3390/electronics7120445,ZnO,8,6,4,False
ZnO_01,10.3390/electronics7120445,ZnO,1000.0,3.0,1,2,DISCRETE_BINARY,REPORTED,normalized_from_ratio,BINARY_BIT_SLICED_DIFFERENTIAL,BIT_SLICED_BINARY_MAPPING,32,7,127,6,12,4,1219584,1248,16,19968,96.14,0.0900000000000034,94.33980511904761,0.1746636931489255,94.16514142589868,-1.8001948809523896,1.8001948809523896,True,LEAVE_ONE_STUDY_OUT,10.3390/electronics7120445,ZnO_01,10.3390/electronics7120445,ZnO,8,6,4,False
ZnO_01,10.3390/electronics7120445,ZnO,1000.0,3.0,1,2,DISCRETE_BINARY,REPORTED,normalized_from_ratio,BINARY_BIT_SLICED_DIFFERENTIAL,BIT_SLICED_BINARY_MAPPING,256,5,31,4,8,9,813056,40,512,20480,96.13,0.1000000000000085,96.15711834848486,0.024877891710016965,96.13224045677484,0.027118348484862054,0.027118348484862054,True,LEAVE_ONE_STUDY_OUT,10.3390/electronics7120445,ZnO_01,10.3390/electronics7120445,ZnO,8,6,4,False
ZnO_01,10.3390/electronics7120445,ZnO,1000.0,3.0,1,2,DISCRETE_BINARY,REPORTED,normalized_from_ratio,BINARY_BIT_SLICED_DIFFERENTIAL,BIT_SLICED_BINARY_MAPPING,32,5,31,4,8,9,813056,832,512,425984,96.13,0.1000000000000085,96.14947091991344,0.017970991693570568,96.13149992821987,0.019470919913445073,0.019470919913445073,True,LEAVE_ONE_STUDY_OUT,10.3390/electronics7120445,ZnO_01,10.3390/electronics7120445,ZnO,8,6,4,False
ZnO_01,10.3390/electronics7120445,ZnO,1000.0,3.0,1,2,DISCRETE_BINARY,REPORTED,normalized_from_ratio,BINARY_BIT_SLICED_DIFFERENTIAL,BIT_SLICED_BINARY_MAPPING,64,5,31,4,8,9,813056,224,512,114688,96.13,0.1000000000000085,96.15404982467534,0.016722647169524634,96.13732717750581,0.024049824675344667,0.024049824675344667,True,LEAVE_ONE_STUDY_OUT,10.3390/electronics7120445,ZnO_01,10.3390/electronics7120445,ZnO,8,6,4,False
ZnO_01,10.3390/electronics7120445,ZnO,1000.0,3.0,1,2,DISCRETE_BINARY,REPORTED,normalized_from_ratio,BINARY_BIT_SLICED_DIFFERENTIAL,BIT_SLICED_BINARY_MAPPING,64,5,31,4,8,10,813056,224,1024,229376,96.13,0.1000000000000085,96.13826321428571,0.014965015249236826,96.12329819903648,0.0082632142857193,0.0082632142857193,True,LEAVE_ONE_STUDY_OUT,10.3390/electronics7120445,ZnO_01,10.3390/electronics7120445,ZnO,8,6,4,False
ZnO_01,10.3390/electronics7120445,ZnO,1000.0,3.0,1,2,DISCRETE_BINARY,REPORTED,normalized_from_ratio,BINARY_BIT_SLICED_DIFFERENTIAL,BIT_SLICED_BINARY_MAPPING,128,5,31,4,8,7,813056,64,128,8192,96.12,0.1099999999999994,96.141391484127,0.0800334133364356,96.06135807079056,0.021391484126993987,0.021391484126993987,True,LEAVE_ONE_STUDY_OUT,10.3390/electronics7120445,ZnO_01,10.3390/electronics7120445,ZnO,8,6,4,False
ZnO_01,10.3390/electronics7120445,ZnO,1000.0,3.0,1,2,DISCRETE_BINARY,REPORTED,normalized_from_ratio,BINARY_BIT_SLICED_DIFFERENTIAL,BIT_SLICED_BINARY_MAPPING,128,5,31,4,8,9,813056,64,512,32768,96.12,0.1099999999999994,96.16042530086581,0.020004106685438876,96.14042119418038,0.04042530086580598,0.04042530086580598,True,LEAVE_ONE_STUDY_OUT,10.3390/electronics7120445,ZnO_01,10.3390/electronics7120445,ZnO,8,6,4,False
ZnO_01,10.3390/electronics7120445,ZnO,1000.0,3.0,1,2,DISCRETE_BINARY,REPORTED,normalized_from_ratio,BINARY_BIT_SLICED_DIFFERENTIAL,BIT_SLICED_BINARY_MAPPING,16,6,63,5,10,4,1016320,4000,16,64000,96.12,0.1099999999999994,95.27107064285714,0.2004988759440514,95.07057176691309,-0.8489293571428647,0.8489293571428647,True,LEAVE_ONE_STUDY_OUT,10.3390/electronics7120445,ZnO_01,10.3390/electronics7120445,ZnO,8,6,4,False
ZnO_01,10.3390/electronics7120445,ZnO,1000.0,3.0,1,2,DISCRETE_BINARY,REPORTED,normalized_from_ratio,BINARY_BIT_SLICED_DIFFERENTIAL,BIT_SLICED_BINARY_MAPPING,128,5,31,4,8,10,813056,64,1024,65536,96.11,0.1200000000000045,96.1404936904762,0.017500324443668152,96.12299336603253,0.03049369047620587,0.03049369047620587,True,LEAVE_ONE_STUDY_OUT,10.3390/electronics7120445,ZnO_01,10.3390/electronics7120445,ZnO,8,6,4,False
ZnO_01,10.3390/electronics7120445,ZnO,1000.0,3.0,1,2,DISCRETE_BINARY,REPORTED,normalized_from_ratio,BINARY_BIT_SLICED_DIFFERENTIAL,BIT_SLICED_BINARY_MAPPING,16,5,31,4,8,9,813056,3200,512,1638400,96.11,0.1200000000000045,96.15045870562771,0.017530739102134266,96.13292796652559,0.0404587056277137,0.0404587056277137,True,LEAVE_ONE_STUDY_OUT,10.3390/electronics7120445,ZnO_01,10.3390/electronics7120445,ZnO,8,6,4,False
ZnO_01,10.3390/electronics7120445,ZnO,1000.0,3.0,1,2,DISCRETE_BINARY,REPORTED,normalized_from_ratio,BINARY_BIT_SLICED_DIFFERENTIAL,BIT_SLICED_BINARY_MAPPING,16,5,31,4,8,8,813056,3200,256,819200,96.11,0.1200000000000045,96.1380785952381,0.021961036575847998,96.11611755866225,0.028078595238099524,0.028078595238099524,True,LEAVE_ONE_STUDY_OUT,10.3390/electronics7120445,ZnO_01,10.3390/electronics7120445,ZnO,8,6,4,False
ZnO_01,10.3390/electronics7120445,ZnO,1000.0,3.0,1,2,DISCRETE_BINARY,REPORTED,normalized_from_ratio,BINARY_BIT_SLICED_DIFFERENTIAL,BIT_SLICED_BINARY_MAPPING,128,5,31,4,8,6,813056,64,64,4096,96.11,0.1200000000000045,95.7434472857143,0.09715561725401943,95.64629166846028,-0.366552714285703,0.366552714285703,True,LEAVE_ONE_STUDY_OUT,10.3390/electronics7120445,ZnO_01,10.3390/electronics7120445,ZnO,8,6,4,False
ZnO_01,10.3390/electronics7120445,ZnO,1000.0,3.0,1,2,DISCRETE_BINARY,REPORTED,normalized_from_ratio,BINARY_BIT_SLICED_DIFFERENTIAL,BIT_SLICED_BINARY_MAPPING,16,4,15,3,6,6,609792,2400,64,153600,96.1,0.1300000000000096,96.0315153095238,0.0184445781250096,96.01307073139878,-0.06848469047619687,0.06848469047619687,True,LEAVE_ONE_STUDY_OUT,10.3390/electronics7120445,ZnO_01,10.3390/electronics7120445,ZnO,8,6,4,False
ZnO_01,10.3390/electronics7120445,ZnO,1000.0,3.0,1,2,DISCRETE_BINARY,REPORTED,normalized_from_ratio,BINARY_BIT_SLICED_DIFFERENTIAL,BIT_SLICED_BINARY_MAPPING,64,5,31,4,8,8,813056,224,256,57344,96.1,0.1300000000000096,96.18681838888891,0.040227675694874225,96.14659071319403,0.08681838888891491,0.08681838888891491,True,LEAVE_ONE_STUDY_OUT,10.3390/electronics7120445,ZnO_01,10.3390/electronics7120445,ZnO,8,6,4,False
ZnO_01,10.3390/electronics7120445,ZnO,1000.0,3.0,1,2,DISCRETE_BINARY,REPORTED,normalized_from_ratio,BINARY_BIT_SLICED_DIFFERENTIAL,BIT_SLICED_BINARY_MAPPING,64,4,15,3,6,7,609792,168,128,21504,96.1,0.1300000000000096,96.0228056984127,0.06473380465695398,95.95807189375574,-0.07719430158729779,0.07719430158729779,True,LEAVE_ONE_STUDY_OUT,10.3390/electronics7120445,ZnO_01,10.3390/electronics7120445,ZnO,8,6,4,False
ZnO_01,10.3390/electronics7120445,ZnO,1000.0,3.0,1,2,DISCRETE_BINARY,REPORTED,normalized_from_ratio,BINARY_BIT_SLICED_DIFFERENTIAL,BIT_SLICED_BINARY_MAPPING,16,4,15,3,6,7,609792,2400,128,307200,96.09,0.1400000000000005,96.10072173809522,0.02693946909712284,96.07378226899809,0.010721738095213595,0.010721738095213595,True,LEAVE_ONE_STUDY_OUT,10.3390/electronics7120445,ZnO_01,10.3390/electronics7120445,ZnO,8,6,4,False
ZnO_01,10.3390/electronics7120445,ZnO,1000.0,3.0,1,2,DISCRETE_BINARY,REPORTED,normalized_from_ratio,BINARY_BIT_SLICED_DIFFERENTIAL,BIT_SLICED_BINARY_MAPPING,64,4,15,3,6,5,609792,168,32,5376,96.09,0.1400000000000005,95.42542568253968,0.039077323594126204,95.38634835894555,-0.6645743174603211,0.6645743174603211,True,LEAVE_ONE_STUDY_OUT,10.3390/electronics7120445,ZnO_01,10.3390/electronics7120445,ZnO,8,6,4,False
ZnO_01,10.3390/electronics7120445,ZnO,1000.0,3.0,1,2,DISCRETE_BINARY,REPORTED,normalized_from_ratio,BINARY_BIT_SLICED_DIFFERENTIAL,BIT_SLICED_BINARY_MAPPING,256,8,255,7,14,5,1422848,70,32,2240,96.09,0.1400000000000005,94.05265338095238,0.14408914714820414,93.90856423380417,-2.037346619047625,2.037346619047625,True,LEAVE_ONE_STUDY_OUT,10.3390/electronics7120445,ZnO_01,10.3390/electronics7120445,ZnO,8,6,4,False
ZnO_01,10.3390/electronics7120445,ZnO,1000.0,3.0,1,2,DISCRETE_BINARY,REPORTED,normalized_from_ratio,BINARY_BIT_SLICED_DIFFERENTIAL,BIT_SLICED_BINARY_MAPPING,128,4,15,3,6,6,609792,48,64,3072,96.08,0.1500000000000056,95.75246564285713,0.03161246936147571,95.72085317349566,-0.3275343571428664,0.3275343571428664,True,LEAVE_ONE_STUDY_OUT,10.3390/electronics7120445,ZnO_01,10.3390/electronics7120445,ZnO,8,6,4,False
ZnO_01,10.3390/electronics7120445,ZnO,1000.0,3.0,1,2,DISCRETE_BINARY,REPORTED,normalized_from_ratio,BINARY_BIT_SLICED_DIFFERENTIAL,BIT_SLICED_BINARY_MAPPING,64,4,15,3,6,6,609792,168,64,10752,96.08,0.1500000000000056,95.93699114285715,0.05305030067913418,95.88394084217802,-0.1430088571428456,0.1430088571428456,True,LEAVE_ONE_STUDY_OUT,10.3390/electronics7120445,ZnO_01,10.3390/electronics7120445,ZnO,8,6,4,False
ZnO_01,10.3390/electronics7120445,ZnO,1000.0,3.0,1,2,DISCRETE_BINARY,REPORTED,normalized_from_ratio,BINARY_BIT_SLICED_DIFFERENTIAL,BIT_SLICED_BINARY_MAPPING,256,4,15,3,6,10,609792,30,1024,30720,96.07,0.1600000000000108,96.07158615079365,0.025518040066982692,96.04606811072667,0.0015861507936563157,0.0015861507936563157,True,LEAVE_ONE_STUDY_OUT,10.3390/electronics7120445,ZnO_01,10.3390/electronics7120445,ZnO,8,6,4,False
ZnO_01,10.3390/electronics7120445,ZnO,1000.0,3.0,1,2,DISCRETE_BINARY,REPORTED,normalized_from_ratio,BINARY_BIT_SLICED_DIFFERENTIAL,BIT_SLICED_BINARY_MAPPING,16,4,15,3,6,9,609792,2400,512,1228800,96.07,0.1600000000000108,96.0870262063492,0.02064087242942985,96.06638533391977,0.01702620634920038,0.01702620634920038,True,LEAVE_ONE_STUDY_OUT,10.3390/electronics7120445,ZnO_01,10.3390/electronics7120445,ZnO,8,6,4,False
ZnO_01,10.3390/electronics7120445,ZnO,1000.0,3.0,1,2,DISCRETE_BINARY,REPORTED,normalized_from_ratio,BINARY_BIT_SLICED_DIFFERENTIAL,BIT_SLICED_BINARY_MAPPING,16,4,15,3,6,8,609792,2400,256,614400,96.07,0.1600000000000108,96.07579209523809,0.03326663114460484,96.04252546409349,0.005792095238092543,0.005792095238092543,True,LEAVE_ONE_STUDY_OUT,10.3390/electronics7120445,ZnO_01,10.3390/electronics7120445,ZnO,8,6,4,False
ZnO_01,10.3390/electronics7120445,ZnO,1000.0,3.0,1,2,DISCRETE_BINARY,REPORTED,normalized_from_ratio,BINARY_BIT_SLICED_DIFFERENTIAL,BIT_SLICED_BINARY_MAPPING,64,5,31,4,8,5,813056,224,32,7168,96.07,0.1600000000000108,95.49373838888889,0.04803229860636406,95.44570609028253,-0.5762616111111072,0.5762616111111072,True,LEAVE_ONE_STUDY_OUT,10.3390/electronics7120445,ZnO_01,10.3390/electronics7120445,ZnO,8,6,4,False
ZnO_01,10.3390/electronics7120445,ZnO,1000.0,3.0,1,2,DISCRETE_BINARY,REPORTED,normalized_from_ratio,BINARY_BIT_SLICED_DIFFERENTIAL,BIT_SLICED_BINARY_MAPPING,32,4,15,3,6,6,609792,624,64,39936,96.07,0.1600000000000108,95.95936885714286,0.030703596273177716,95.92866526086968,-0.11063114285713027,0.11063114285713027,True,LEAVE_ONE_STUDY_OUT,10.3390/electronics7120445,ZnO_01,10.3390/electronics7120445,ZnO,8,6,4,False
ZnO_01,10.3390/electronics7120445,ZnO,1000.0,3.0,1,2,DISCRETE_BINARY,REPORTED,normalized_from_ratio,BINARY_BIT_SLICED_DIFFERENTIAL,BIT_SLICED_BINARY_MAPPING,32,4,15,3,6,8,609792,624,256,159744,96.07,0.1600000000000108,96.07253741269841,0.031077847535947948,96.04145956516246,0.0025374126984161194,0.0025374126984161194,True,LEAVE_ONE_STUDY_OUT,10.3390/electronics7120445,ZnO_01,10.3390/electronics7120445,ZnO,8,6,4,False
ZnO_01,10.3390/electronics7120445,ZnO,1000.0,3.0,1,2,DISCRETE_BINARY,REPORTED,normalized_from_ratio,BINARY_BIT_SLICED_DIFFERENTIAL,BIT_SLICED_BINARY_MAPPING,128,4,15,3,6,8,609792,48,256,12288,96.06,0.1700000000000017,96.03435287301588,0.026022995086692112,96.00832987792919,-0.025647126984125634,0.025647126984125634,True,LEAVE_ONE_STUDY_OUT,10.3390/electronics7120445,ZnO_01,10.3390/electronics7120445,ZnO,8,6,4,False
ZnO_01,10.3390/electronics7120445,ZnO,1000.0,3.0,1,2,DISCRETE_BINARY,REPORTED,normalized_from_ratio,BINARY_BIT_SLICED_DIFFERENTIAL,BIT_SLICED_BINARY_MAPPING,128,4,15,3,6,10,609792,48,1024,49152,96.06,0.1700000000000017,96.07380775396824,0.029945150560809014,96.04386260340743,0.01380775396823708,0.01380775396823708,True,LEAVE_ONE_STUDY_OUT,10.3390/electronics7120445,ZnO_01,10.3390/electronics7120445,ZnO,8,6,4,False
ZnO_01,10.3390/electronics7120445,ZnO,1000.0,3.0,1,2,DISCRETE_BINARY,REPORTED,normalized_from_ratio,BINARY_BIT_SLICED_DIFFERENTIAL,BIT_SLICED_BINARY_MAPPING,128,8,255,7,14,5,1422848,112,32,3584,96.06,0.1700000000000017,94.33659335714285,0.26643754856129565,94.07015580858155,-1.7234066428571566,1.7234066428571566,True,LEAVE_ONE_STUDY_OUT,10.3390/electronics7120445,ZnO_01,10.3390/electronics7120445,ZnO,8,6,4,False
ZnO_01,10.3390/electronics7120445,ZnO,1000.0,3.0,1,2,DISCRETE_BINARY,REPORTED,normalized_from_ratio,BINARY_BIT_SLICED_DIFFERENTIAL,BIT_SLICED_BINARY_MAPPING,32,4,15,3,6,10,609792,624,1024,638976,96.06,0.1700000000000017,96.07372896031744,0.02170295109347525,96.05202600922397,0.013728960317436645,0.013728960317436645,True,LEAVE_ONE_STUDY_OUT,10.3390/electronics7120445,ZnO_01,10.3390/electronics7120445,ZnO,8,6,4,False
ZnO_01,10.3390/electronics7120445,ZnO,1000.0,3.0,1,2,DISCRETE_BINARY,REPORTED,normalized_from_ratio,BINARY_BIT_SLICED_DIFFERENTIAL,BIT_SLICED_BINARY_MAPPING,32,4,15,3,6,5,609792,624,32,19968,96.06,0.1700000000000017,95.75078150793651,0.04831050148985878,95.70247100644664,-0.3092184920634935,0.3092184920634935,True,LEAVE_ONE_STUDY_OUT,10.3390/electronics7120445,ZnO_01,10.3390/electronics7120445,ZnO,8,6,4,False
ZnO_01,10.3390/electronics7120445,ZnO,1000.0,3.0,1,2,DISCRETE_BINARY,REPORTED,normalized_from_ratio,BINARY_BIT_SLICED_DIFFERENTIAL,BIT_SLICED_BINARY_MAPPING,16,4,15,3,6,10,609792,2400,1024,2457600,96.06,0.1700000000000017,96.07863462698413,0.018271212786965984,96.06036341419716,0.01863462698412377,0.01863462698412377,True,LEAVE_ONE_STUDY_OUT,10.3390/electronics7120445,ZnO_01,10.3390/electronics7120445,ZnO,8,6,4,False
ZnO_01,10.3390/electronics7120445,ZnO,1000.0,3.0,1,2,DISCRETE_BINARY,REPORTED,normalized_from_ratio,BINARY_BIT_SLICED_DIFFERENTIAL,BIT_SLICED_BINARY_MAPPING,16,5,31,4,8,4,813056,3200,16,51200,96.06,0.1700000000000017,95.2437968095238,0.1963339416271291,95.04746286789667,-0.8162031904762017,0.8162031904762017,True,LEAVE_ONE_STUDY_OUT,10.3390/electronics7120445,ZnO_01,10.3390/electronics7120445,ZnO,8,6,4,False
ZnO_01,10.3390/electronics7120445,ZnO,1000.0,3.0,1,2,DISCRETE_BINARY,REPORTED,normalized_from_ratio,BINARY_BIT_SLICED_DIFFERENTIAL,BIT_SLICED_BINARY_MAPPING,64,4,15,3,6,10,609792,168,1024,172032,96.06,0.1700000000000017,96.0830336984127,0.02706106806125658,96.05597263035145,0.02303369841270353,0.02303369841270353,True,LEAVE_ONE_STUDY_OUT,10.3390/electronics7120445,ZnO_01,10.3390/electronics7120445,ZnO,8,6,4,False
ZnO_01,10.3390/electronics7120445,ZnO,1000.0,3.0,1,2,DISCRETE_BINARY,REPORTED,normalized_from_ratio,BINARY_BIT_SLICED_DIFFERENTIAL,BIT_SLICED_BINARY_MAPPING,32,4,15,3,6,7,609792,624,128,79872,96.05,0.1800000000000068,96.10989040476191,0.026741559761172408,96.08314884500074,0.05989040476191576,0.05989040476191576,True,LEAVE_ONE_STUDY_OUT,10.3390/electronics7120445,ZnO_01,10.3390/electronics7120445,ZnO,8,6,4,False
ZnO_01,10.3390/electronics7120445,ZnO,1000.0,3.0,1,2,DISCRETE_BINARY,REPORTED,normalized_from_ratio,BINARY_BIT_SLICED_DIFFERENTIAL,BIT_SLICED_BINARY_MAPPING,128,6,63,5,10,5,1016320,80,32,2560,96.05,0.1800000000000068,94.34638994444444,0.2718954283908978,94.07449451605355,-1.7036100555555578,1.7036100555555578,True,LEAVE_ONE_STUDY_OUT,10.3390/electronics7120445,ZnO_01,10.3390/electronics7120445,ZnO,8,6,4,False
ZnO_01,10.3390/electronics7120445,ZnO,1000.0,3.0,1,2,DISCRETE_BINARY,REPORTED,normalized_from_ratio,BINARY_BIT_SLICED_DIFFERENTIAL,BIT_SLICED_BINARY_MAPPING,256,4,15,3,6,8,609792,30,256,7680,96.05,0.1800000000000068,96.0368374126984,0.03076102122692868,96.00607639147148,-0.013162587301593476,0.013162587301593476,True,LEAVE_ONE_STUDY_OUT,10.3390/electronics7120445,ZnO_01,10.3390/electronics7120445,ZnO,8,6,4,False
ZnO_01,10.3390/electronics7120445,ZnO,1000.0,3.0,1,2,DISCRETE_BINARY,REPORTED,normalized_from_ratio,BINARY_BIT_SLICED_DIFFERENTIAL,BIT_SLICED_BINARY_MAPPING,256,4,15,3,6,9,609792,30,512,15360,96.05,0.1800000000000068,96.05874492063491,0.023610301340321965,96.03513461929458,0.008744920634910613,0.008744920634910613,True,LEAVE_ONE_STUDY_OUT,10.3390/electronics7120445,ZnO_01,10.3390/electronics7120445,ZnO,8,6,4,False
ZnO_01,10.3390/electronics7120445,ZnO,1000.0,3.0,1,2,DISCRETE_BINARY,REPORTED,normalized_from_ratio,BINARY_BIT_SLICED_DIFFERENTIAL,BIT_SLICED_BINARY_MAPPING,64,4,15,3,6,8,609792,168,256,43008,96.04,0.1899999999999977,96.0622639126984,0.03062367473212695,96.03164023796627,0.02226391269839212,0.02226391269839212,True,LEAVE_ONE_STUDY_OUT,10.3390/electronics7120445,ZnO_01,10.3390/electronics7120445,ZnO,8,6,4,False
ZnO_01,10.3390/electronics7120445,ZnO,1000.0,3.0,1,2,DISCRETE_BINARY,REPORTED,normalized_from_ratio,BINARY_BIT_SLICED_DIFFERENTIAL,BIT_SLICED_BINARY_MAPPING,128,4,15,3,6,9,609792,48,512,24576,96.04,0.1899999999999977,96.0582911031746,0.026594896333249095,96.03169620684135,0.018291103174590262,0.018291103174590262,True,LEAVE_ONE_STUDY_OUT,10.3390/electronics7120445,ZnO_01,10.3390/electronics7120445,ZnO,8,6,4,False
ZnO_01,10.3390/electronics7120445,ZnO,1000.0,3.0,1,2,DISCRETE_BINARY,REPORTED,normalized_from_ratio,BINARY_BIT_SLICED_DIFFERENTIAL,BIT_SLICED_BINARY_MAPPING,64,7,127,6,12,4,1219584,336,16,5376,96.04,0.1899999999999977,91.10089583333334,0.7076994647080561,90.39319636862528,-4.939104166666667,4.939104166666667,True,LEAVE_ONE_STUDY_OUT,10.3390/electronics7120445,ZnO_01,10.3390/electronics7120445,ZnO,8,6,4,False
ZnO_01,10.3390/electronics7120445,ZnO,1000.0,3.0,1,2,DISCRETE_BINARY,REPORTED,normalized_from_ratio,BINARY_BIT_SLICED_DIFFERENTIAL,BIT_SLICED_BINARY_MAPPING,256,4,15,3,6,7,609792,30,128,3840,96.04,0.1899999999999977,96.0220353109668,0.028418705957521988,95.99361660500928,-0.017964689033206582,0.017964689033206582,True,LEAVE_ONE_STUDY_OUT,10.3390/electronics7120445,ZnO_01,10.3390/electronics7120445,ZnO,8,6,4,False
ZnO_01,10.3390/electronics7120445,ZnO,1000.0,3.0,1,2,DISCRETE_BINARY,REPORTED,normalized_from_ratio,BINARY_BIT_SLICED_DIFFERENTIAL,BIT_SLICED_BINARY_MAPPING,256,6,63,5,10,5,1016320,50,32,1600,96.04,0.1899999999999977,94.03165516666667,0.16578739617172883,93.86586777049494,-2.0083448333333394,2.0083448333333394,True,LEAVE_ONE_STUDY_OUT,10.3390/electronics7120445,ZnO_01,10.3390/electronics7120445,ZnO,8,6,4,False
ZnO_01,10.3390/electronics7120445,ZnO,1000.0,3.0,1,2,DISCRETE_BINARY,REPORTED,normalized_from_ratio,BINARY_BIT_SLICED_DIFFERENTIAL,BIT_SLICED_BINARY_MAPPING,256,4,15,3,6,6,609792,30,64,1920,96.04,0.1899999999999977,95.78789398412698,0.02879680980821047,95.75909717431877,-0.25210601587302506,0.25210601587302506,True,LEAVE_ONE_STUDY_OUT,10.3390/electronics7120445,ZnO_01,10.3390/electronics7120445,ZnO,8,6,4,False
ZnO_01,10.3390/electronics7120445,ZnO,1000.0,3.0,1,2,DISCRETE_BINARY,REPORTED,normalized_from_ratio,BINARY_BIT_SLICED_DIFFERENTIAL,BIT_SLICED_BINARY_MAPPING,32,4,15,3,6,9,609792,624,512,319488,96.04,0.1899999999999977,96.08178753968252,0.022005536879377625,96.05978200280315,0.041787539682516694,0.041787539682516694,True,LEAVE_ONE_STUDY_OUT,10.3390/electronics7120445,ZnO_01,10.3390/electronics7120445,ZnO,8,6,4,False
ZnO_01,10.3390/electronics7120445,ZnO,1000.0,3.0,1,2,DISCRETE_BINARY,REPORTED,normalized_from_ratio,BINARY_BIT_SLICED_DIFFERENTIAL,BIT_SLICED_BINARY_MAPPING,64,4,15,3,6,9,609792,168,512,86016,96.03,0.2000000000000028,96.10552692063492,0.04400135762355133,96.06152556301136,0.07552692063491406,0.07552692063491406,True,LEAVE_ONE_STUDY_OUT,10.3390/electronics7120445,ZnO_01,10.3390/electronics7120445,ZnO,8,6,4,False
ZnO_01,10.3390/electronics7120445,ZnO,1000.0,3.0,1,2,DISCRETE_BINARY,REPORTED,normalized_from_ratio,BINARY_BIT_SLICED_DIFFERENTIAL,BIT_SLICED_BINARY_MAPPING,128,4,15,3,6,7,609792,48,128,6144,96.03,0.2000000000000028,96.00908503318904,0.049610692648827975,95.95947434054021,-0.020914966810963165,0.020914966810963165,True,LEAVE_ONE_STUDY_OUT,10.3390/electronics7120445,ZnO_01,10.3390/electronics7120445,ZnO,8,6,4,False
ZnO_01,10.3390/electronics7120445,ZnO,1000.0,3.0,1,2,DISCRETE_BINARY,REPORTED,normalized_from_ratio,BINARY_BIT_SLICED_DIFFERENTIAL,BIT_SLICED_BINARY_MAPPING,32,5,31,4,8,4,813056,832,16,13312,95.99,0.2400000000000091,94.26919199999999,0.2771387172630454,93.99205328273695,-1.7208080000000052,1.7208080000000052,True,LEAVE_ONE_STUDY_OUT,10.3390/electronics7120445,ZnO_01,10.3390/electronics7120445,ZnO,8,6,4,False
ZnO_01,10.3390/electronics7120445,ZnO,1000.0,3.0,1,2,DISCRETE_BINARY,REPORTED,normalized_from_ratio,BINARY_BIT_SLICED_DIFFERENTIAL,BIT_SLICED_BINARY_MAPPING,32,4,15,3,6,4,609792,624,16,9984,95.97,0.2600000000000051,94.27883849999999,0.2763168798997529,94.00252162010024,-1.6911615000000069,1.6911615000000069,True,LEAVE_ONE_STUDY_OUT,10.3390/electronics7120445,ZnO_01,10.3390/electronics7120445,ZnO,8,6,4,False
ZnO_01,10.3390/electronics7120445,ZnO,1000.0,3.0,1,2,DISCRETE_BINARY,REPORTED,normalized_from_ratio,BINARY_BIT_SLICED_DIFFERENTIAL,BIT_SLICED_BINARY_MAPPING,16,4,15,3,6,5,609792,2400,32,76800,95.96,0.2700000000000102,95.88126611904762,0.03691454685572504,95.8443515721919,-0.07873388095237033,0.07873388095237033,True,LEAVE_ONE_STUDY_OUT,10.3390/electronics7120445,ZnO_01,10.3390/electronics7120445,ZnO,8,6,4,False
ZnO_01,10.3390/electronics7120445,ZnO,1000.0,3.0,1,2,DISCRETE_BINARY,REPORTED,normalized_from_ratio,BINARY_BIT_SLICED_DIFFERENTIAL,BIT_SLICED_BINARY_MAPPING,64,8,255,7,14,4,1422848,392,16,6272,95.95,0.2800000000000011,91.10357773809525,0.7047760606627872,90.39880167743247,-4.846422261904749,4.846422261904749,True,LEAVE_ONE_STUDY_OUT,10.3390/electronics7120445,ZnO_01,10.3390/electronics7120445,ZnO,8,6,4,False
ZnO_01,10.3390/electronics7120445,ZnO,1000.0,3.0,1,2,DISCRETE_BINARY,REPORTED,normalized_from_ratio,BINARY_BIT_SLICED_DIFFERENTIAL,BIT_SLICED_BINARY_MAPPING,16,4,15,3,6,4,609792,2400,16,38400,95.95,0.2800000000000011,95.1688572063492,0.22866085471813408,94.94019635163107,-0.7811427936508011,0.7811427936508011,True,LEAVE_ONE_STUDY_OUT,10.3390/electronics7120445,ZnO_01,10.3390/electronics7120445,ZnO,8,6,4,False
ZnO_01,10.3390/electronics7120445,ZnO,1000.0,3.0,1,2,DISCRETE_BINARY,REPORTED,normalized_from_ratio,BINARY_BIT_SLICED_DIFFERENTIAL,BIT_SLICED_BINARY_MAPPING,256,7,127,6,12,5,1219584,60,32,1920,95.94,0.2900000000000062,94.05121904761904,0.14674719480071377,93.90447185281833,-1.8887809523809551,1.8887809523809551,True,LEAVE_ONE_STUDY_OUT,10.3390/electronics7120445,ZnO_01,10.3390/electronics7120445,ZnO,8,6,4,False
ZnO_01,10.3390/electronics7120445,ZnO,1000.0,3.0,1,2,DISCRETE_BINARY,REPORTED,normalized_from_ratio,BINARY_BIT_SLICED_DIFFERENTIAL,BIT_SLICED_BINARY_MAPPING,64,6,63,5,10,4,1016320,280,16,4480,95.93,0.2999999999999971,91.0973494047619,0.7024975304431602,90.39485187431875,-4.832650595238107,4.832650595238107,True,LEAVE_ONE_STUDY_OUT,10.3390/electronics7120445,ZnO_01,10.3390/electronics7120445,ZnO,8,6,4,False
ZnO_01,10.3390/electronics7120445,ZnO,1000.0,3.0,1,2,DISCRETE_BINARY,REPORTED,normalized_from_ratio,BINARY_BIT_SLICED_DIFFERENTIAL,BIT_SLICED_BINARY_MAPPING,128,5,31,4,8,5,813056,64,32,2048,95.91,0.3200000000000074,94.19159794444444,0.2896895115597649,93.90190843288467,-1.7184020555555577,1.7184020555555577,True,LEAVE_ONE_STUDY_OUT,10.3390/electronics7120445,ZnO_01,10.3390/electronics7120445,ZnO,8,6,4,False
ZnO_01,10.3390/electronics7120445,ZnO,1000.0,3.0,1,2,DISCRETE_BINARY,REPORTED,normalized_from_ratio,BINARY_BIT_SLICED_DIFFERENTIAL,BIT_SLICED_BINARY_MAPPING,128,7,127,6,12,5,1219584,96,32,3072,95.9,0.3299999999999983,94.3348846904762,0.2646455634937551,94.07023912698244,-1.5651153095238044,1.5651153095238044,True,LEAVE_ONE_STUDY_OUT,10.3390/electronics7120445,ZnO_01,10.3390/electronics7120445,ZnO,8,6,4,False
ZnO_01,10.3390/electronics7120445,ZnO,1000.0,3.0,1,2,DISCRETE_BINARY,REPORTED,normalized_from_ratio,BINARY_BIT_SLICED_DIFFERENTIAL,BIT_SLICED_BINARY_MAPPING,256,4,15,3,6,5,609792,30,32,960,95.89,0.3400000000000034,93.7993871984127,0.11420832776087173,93.68517887065182,-2.090612801587298,2.090612801587298,True,LEAVE_ONE_STUDY_OUT,10.3390/electronics7120445,ZnO_01,10.3390/electronics7120445,ZnO,8,6,4,False
ZnO_01,10.3390/electronics7120445,ZnO,1000.0,3.0,1,2,DISCRETE_BINARY,REPORTED,normalized_from_ratio,BINARY_BIT_SLICED_DIFFERENTIAL,BIT_SLICED_BINARY_MAPPING,256,5,31,4,8,5,813056,40,32,1280,95.87,0.3599999999999994,93.85697307142857,0.1601278744321291,93.69684519699643,-2.013026928571435,2.013026928571435,True,LEAVE_ONE_STUDY_OUT,10.3390/electronics7120445,ZnO_01,10.3390/electronics7120445,ZnO,8,6,4,False
ZnO_01,10.3390/electronics7120445,ZnO,1000.0,3.0,1,2,DISCRETE_BINARY,REPORTED,normalized_from_ratio,BINARY_BIT_SLICED_DIFFERENTIAL,BIT_SLICED_BINARY_MAPPING,128,4,15,3,6,5,609792,48,32,1536,95.86,0.3700000000000045,94.07282482539682,0.26553630431846875,93.80728852107835,-1.7871751746031777,1.7871751746031777,True,LEAVE_ONE_STUDY_OUT,10.3390/electronics7120445,ZnO_01,10.3390/electronics7120445,ZnO,8,6,4,False
ZnO_01,10.3390/electronics7120445,ZnO,1000.0,3.0,1,2,DISCRETE_BINARY,REPORTED,normalized_from_ratio,BINARY_BIT_SLICED_DIFFERENTIAL,BIT_SLICED_BINARY_MAPPING,64,4,15,3,6,4,609792,168,16,2688,95.75,0.480000000000004,91.02897326190475,0.9056874195027275,90.12328584240203,-4.721026738095247,4.721026738095247,False,LEAVE_ONE_STUDY_OUT,10.3390/electronics7120445,ZnO_01,10.3390/electronics7120445,ZnO,8,6,4,False
ZnO_01,10.3390/electronics7120445,ZnO,1000.0,3.0,1,2,DISCRETE_BINARY,REPORTED,normalized_from_ratio,BINARY_BIT_SLICED_DIFFERENTIAL,BIT_SLICED_BINARY_MAPPING,64,5,31,4,8,4,813056,224,16,3584,95.73,0.5,91.06783426190476,0.7321988743444081,90.33563538756036,-4.66216573809524,4.66216573809524,False,LEAVE_ONE_STUDY_OUT,10.3390/electronics7120445,ZnO_01,10.3390/electronics7120445,ZnO,8,6,4,False
ZnO_01,10.3390/electronics7120445,ZnO,1000.0,3.0,1,2,DISCRETE_BINARY,REPORTED,normalized_from_ratio,BINARY_BIT_SLICED_DIFFERENTIAL,BIT_SLICED_BINARY_MAPPING,128,8,255,7,14,4,1422848,112,16,1792,95.32,0.9100000000000108,75.04291446825398,0.7193029167482342,74.32361155150575,-20.27708553174601,20.27708553174601,False,LEAVE_ONE_STUDY_OUT,10.3390/electronics7120445,ZnO_01,10.3390/electronics7120445,ZnO,8,6,4,False
ZnO_01,10.3390/electronics7120445,ZnO,1000.0,3.0,1,2,DISCRETE_BINARY,REPORTED,normalized_from_ratio,BINARY_BIT_SLICED_DIFFERENTIAL,BIT_SLICED_BINARY_MAPPING,128,6,63,5,10,4,1016320,80,16,1280,95.27,0.960000000000008,75.1603062063492,0.8107315023223254,74.34957470402688,-20.10969379365079,20.10969379365079,False,LEAVE_ONE_STUDY_OUT,10.3390/electronics7120445,ZnO_01,10.3390/electronics7120445,ZnO,8,6,4,False
ZnO_01,10.3390/electronics7120445,ZnO,1000.0,3.0,1,2,DISCRETE_BINARY,REPORTED,normalized_from_ratio,BINARY_BIT_SLICED_DIFFERENTIAL,BIT_SLICED_BINARY_MAPPING,256,7,127,6,12,4,1219584,60,16,960,95.27,0.960000000000008,74.84526399206348,0.9370700653646098,73.90819392669887,-20.424736007936517,20.424736007936517,False,LEAVE_ONE_STUDY_OUT,10.3390/electronics7120445,ZnO_01,10.3390/electronics7120445,ZnO,8,6,4,False
ZnO_01,10.3390/electronics7120445,ZnO,1000.0,3.0,1,2,DISCRETE_BINARY,REPORTED,normalized_from_ratio,BINARY_BIT_SLICED_DIFFERENTIAL,BIT_SLICED_BINARY_MAPPING,128,7,127,6,12,4,1219584,96,16,1536,95.24,0.9900000000000092,75.04326446825397,0.719969924978012,74.32329454327595,-20.19673553174603,20.19673553174603,False,LEAVE_ONE_STUDY_OUT,10.3390/electronics7120445,ZnO_01,10.3390/electronics7120445,ZnO,8,6,4,False
ZnO_01,10.3390/electronics7120445,ZnO,1000.0,3.0,1,2,DISCRETE_BINARY,REPORTED,normalized_from_ratio,BINARY_BIT_SLICED_DIFFERENTIAL,BIT_SLICED_BINARY_MAPPING,256,8,255,7,14,4,1422848,70,16,1120,95.19,1.0400000000000065,74.84675437301587,0.9347603113325015,73.91199406168337,-20.343245626984128,20.343245626984128,False,LEAVE_ONE_STUDY_OUT,10.3390/electronics7120445,ZnO_01,10.3390/electronics7120445,ZnO,8,6,4,False
ZnO_01,10.3390/electronics7120445,ZnO,1000.0,3.0,1,2,DISCRETE_BINARY,REPORTED,normalized_from_ratio,BINARY_BIT_SLICED_DIFFERENTIAL,BIT_SLICED_BINARY_MAPPING,256,6,63,5,10,4,1016320,50,16,800,95.15,1.0799999999999983,74.92760701587301,1.0343496242470105,73.893257391626,-20.222392984126998,20.222392984126998,False,LEAVE_ONE_STUDY_OUT,10.3390/electronics7120445,ZnO_01,10.3390/electronics7120445,ZnO,8,6,4,False
ZnO_01,10.3390/electronics7120445,ZnO,1000.0,3.0,1,2,DISCRETE_BINARY,REPORTED,normalized_from_ratio,BINARY_BIT_SLICED_DIFFERENTIAL,BIT_SLICED_BINARY_MAPPING,128,5,31,4,8,4,813056,64,16,1024,95.08,1.1500000000000057,75.0744378888889,1.032546106187062,74.04189178270184,-20.005562111111104,20.005562111111104,False,LEAVE_ONE_STUDY_OUT,10.3390/electronics7120445,ZnO_01,10.3390/electronics7120445,ZnO,8,6,4,False
ZnO_01,10.3390/electronics7120445,ZnO,1000.0,3.0,1,2,DISCRETE_BINARY,REPORTED,normalized_from_ratio,BINARY_BIT_SLICED_DIFFERENTIAL,BIT_SLICED_BINARY_MAPPING,256,5,31,4,8,4,813056,40,16,640,95.07,1.1600000000000108,74.70127269047617,1.1816680287563495,73.51960466171982,-20.36872730952382,20.36872730952382,False,LEAVE_ONE_STUDY_OUT,10.3390/electronics7120445,ZnO_01,10.3390/electronics7120445,ZnO,8,6,4,False
ZnO_01,10.3390/electronics7120445,ZnO,1000.0,3.0,1,2,DISCRETE_BINARY,REPORTED,normalized_from_ratio,BINARY_BIT_SLICED_DIFFERENTIAL,BIT_SLICED_BINARY_MAPPING,128,4,15,3,6,4,609792,48,16,768,94.56,1.6700000000000017,76.25903516666666,1.362428152535138,74.89660701413152,-18.30096483333334,18.30096483333334,False,LEAVE_ONE_STUDY_OUT,10.3390/electronics7120445,ZnO_01,10.3390/electronics7120445,ZnO,8,6,4,False
ZnO_01,10.3390/electronics7120445,ZnO,1000.0,3.0,1,2,DISCRETE_BINARY,REPORTED,normalized_from_ratio,BINARY_BIT_SLICED_DIFFERENTIAL,BIT_SLICED_BINARY_MAPPING,256,4,15,3,6,4,609792,30,16,480,94.44,1.7900000000000065,75.49463957142858,1.6976637157389995,73.79697585568958,-18.94536042857142,18.94536042857142,False,LEAVE_ONE_STUDY_OUT,10.3390/electronics7120445,ZnO_01,10.3390/electronics7120445,ZnO,8,6,4,False
ZnO_01,10.3390/electronics7120445,ZnO,1000.0,3.0,1,2,DISCRETE_BINARY,REPORTED,normalized_from_ratio,BINARY_BIT_SLICED_DIFFERENTIAL,BIT_SLICED_BINARY_MAPPING,128,3,7,2,4,9,406528,32,512,16384,92.26,3.969999999999999,92.21574202380953,0.03058445386211626,92.1851575699474,-0.04425797619047955,0.04425797619047955,False,LEAVE_ONE_STUDY_OUT,10.3390/electronics7120445,ZnO_01,10.3390/electronics7120445,ZnO,8,6,4,False
ZnO_01,10.3390/electronics7120445,ZnO,1000.0,3.0,1,2,DISCRETE_BINARY,REPORTED,normalized_from_ratio,BINARY_BIT_SLICED_DIFFERENTIAL,BIT_SLICED_BINARY_MAPPING,32,3,7,2,4,9,406528,416,512,212992,92.26,3.969999999999999,92.2294397034632,0.020818705697139284,92.20862099776606,-0.030560296536805254,0.030560296536805254,False,LEAVE_ONE_STUDY_OUT,10.3390/electronics7120445,ZnO_01,10.3390/electronics7120445,ZnO,8,6,4,False
ZnO_01,10.3390/electronics7120445,ZnO,1000.0,3.0,1,2,DISCRETE_BINARY,REPORTED,normalized_from_ratio,BINARY_BIT_SLICED_DIFFERENTIAL,BIT_SLICED_BINARY_MAPPING,16,3,7,2,4,5,406528,1600,32,51200,92.25,3.980000000000004,91.61475916666667,0.16566185556471058,91.44909731110197,-0.6352408333333273,0.6352408333333273,False,LEAVE_ONE_STUDY_OUT,10.3390/electronics7120445,ZnO_01,10.3390/electronics7120445,ZnO,8,6,4,False
ZnO_01,10.3390/electronics7120445,ZnO,1000.0,3.0,1,2,DISCRETE_BINARY,REPORTED,normalized_from_ratio,BINARY_BIT_SLICED_DIFFERENTIAL,BIT_SLICED_BINARY_MAPPING,64,3,7,2,4,9,406528,112,512,57344,92.25,3.980000000000004,92.2186251082251,0.02052275811376819,92.19810235011133,-0.03137489177490238,0.03137489177490238,False,LEAVE_ONE_STUDY_OUT,10.3390/electronics7120445,ZnO_01,10.3390/electronics7120445,ZnO,8,6,4,False
ZnO_01,10.3390/electronics7120445,ZnO,1000.0,3.0,1,2,DISCRETE_BINARY,REPORTED,normalized_from_ratio,BINARY_BIT_SLICED_DIFFERENTIAL,BIT_SLICED_BINARY_MAPPING,16,3,7,2,4,10,406528,1600,1024,1638400,92.24,3.990000000000009,92.23908562698414,0.019338235888335865,92.2197473910958,-0.0009143730158598373,0.0009143730158598373,False,LEAVE_ONE_STUDY_OUT,10.3390/electronics7120445,ZnO_01,10.3390/electronics7120445,ZnO,8,6,4,False
ZnO_01,10.3390/electronics7120445,ZnO,1000.0,3.0,1,2,DISCRETE_BINARY,REPORTED,normalized_from_ratio,BINARY_BIT_SLICED_DIFFERENTIAL,BIT_SLICED_BINARY_MAPPING,32,3,7,2,4,7,406528,416,128,53248,92.23,4.0,92.20276177777778,0.03792892791159682,92.16483284986619,-0.027238222222223385,0.027238222222223385,False,LEAVE_ONE_STUDY_OUT,10.3390/electronics7120445,ZnO_01,10.3390/electronics7120445,ZnO,8,6,4,False
ZnO_01,10.3390/electronics7120445,ZnO,1000.0,3.0,1,2,DISCRETE_BINARY,REPORTED,normalized_from_ratio,BINARY_BIT_SLICED_DIFFERENTIAL,BIT_SLICED_BINARY_MAPPING,32,3,7,2,4,10,406528,416,1024,425984,92.23,4.0,92.23837961616162,0.017579929356076728,92.22079968680555,0.008379616161619197,0.008379616161619197,False,LEAVE_ONE_STUDY_OUT,10.3390/electronics7120445,ZnO_01,10.3390/electronics7120445,ZnO,8,6,4,False
ZnO_01,10.3390/electronics7120445,ZnO,1000.0,3.0,1,2,DISCRETE_BINARY,REPORTED,normalized_from_ratio,BINARY_BIT_SLICED_DIFFERENTIAL,BIT_SLICED_BINARY_MAPPING,16,3,7,2,4,9,406528,1600,512,819200,92.23,4.0,92.2304518095238,0.02142599228501222,92.20902581723878,0.0004518095237955322,0.0004518095237955322,False,LEAVE_ONE_STUDY_OUT,10.3390/electronics7120445,ZnO_01,10.3390/electronics7120445,ZnO,8,6,4,False
ZnO_01,10.3390/electronics7120445,ZnO,1000.0,3.0,1,2,DISCRETE_BINARY,REPORTED,normalized_from_ratio,BINARY_BIT_SLICED_DIFFERENTIAL,BIT_SLICED_BINARY_MAPPING,64,3,7,2,4,10,406528,112,1024,114688,92.22,4.010000000000005,92.22061938600288,0.021311489461226754,92.19930789654165,0.0006193860028815834,0.0006193860028815834,False,LEAVE_ONE_STUDY_OUT,10.3390/electronics7120445,ZnO_01,10.3390/electronics7120445,ZnO,8,6,4,False
ZnO_01,10.3390/electronics7120445,ZnO,1000.0,3.0,1,2,DISCRETE_BINARY,REPORTED,normalized_from_ratio,BINARY_BIT_SLICED_DIFFERENTIAL,BIT_SLICED_BINARY_MAPPING,16,3,7,2,4,7,406528,1600,128,204800,92.22,4.010000000000005,92.20386192857143,0.033421262256331935,92.1704406663151,-0.016138071428571266,0.016138071428571266,False,LEAVE_ONE_STUDY_OUT,10.3390/electronics7120445,ZnO_01,10.3390/electronics7120445,ZnO,8,6,4,False
ZnO_01,10.3390/electronics7120445,ZnO,1000.0,3.0,1,2,DISCRETE_BINARY,REPORTED,normalized_from_ratio,BINARY_BIT_SLICED_DIFFERENTIAL,BIT_SLICED_BINARY_MAPPING,256,3,7,2,4,10,406528,20,1024,20480,92.22,4.010000000000005,92.22127790476189,0.019612183937788515,92.2016657208241,0.0012779047618920458,0.0012779047618920458,False,LEAVE_ONE_STUDY_OUT,10.3390/electronics7120445,ZnO_01,10.3390/electronics7120445,ZnO,8,6,4,False
ZnO_01,10.3390/electronics7120445,ZnO,1000.0,3.0,1,2,DISCRETE_BINARY,REPORTED,normalized_from_ratio,BINARY_BIT_SLICED_DIFFERENTIAL,BIT_SLICED_BINARY_MAPPING,128,3,7,2,4,10,406528,32,1024,32768,92.22,4.010000000000005,92.2178937063492,0.018462897605549325,92.19943080874366,-0.0021062936507973973,0.0021062936507973973,False,LEAVE_ONE_STUDY_OUT,10.3390/electronics7120445,ZnO_01,10.3390/electronics7120445,ZnO,8,6,4,False
ZnO_01,10.3390/electronics7120445,ZnO,1000.0,3.0,1,2,DISCRETE_BINARY,REPORTED,normalized_from_ratio,BINARY_BIT_SLICED_DIFFERENTIAL,BIT_SLICED_BINARY_MAPPING,256,3,7,2,4,9,406528,20,512,10240,92.21,4.02000000000001,92.21104883333334,0.02787069390170718,92.18317813943163,0.0010488333333427136,0.0010488333333427136,False,LEAVE_ONE_STUDY_OUT,10.3390/electronics7120445,ZnO_01,10.3390/electronics7120445,ZnO,8,6,4,False
ZnO_01,10.3390/electronics7120445,ZnO,1000.0,3.0,1,2,DISCRETE_BINARY,REPORTED,normalized_from_ratio,BINARY_BIT_SLICED_DIFFERENTIAL,BIT_SLICED_BINARY_MAPPING,16,3,7,2,4,8,406528,1600,256,409600,92.19,4.040000000000006,92.19389213564213,0.032145688233013676,92.16174644740912,0.0038921356421326436,0.0038921356421326436,False,LEAVE_ONE_STUDY_OUT,10.3390/electronics7120445,ZnO_01,10.3390/electronics7120445,ZnO,8,6,4,False
ZnO_01,10.3390/electronics7120445,ZnO,1000.0,3.0,1,2,DISCRETE_BINARY,REPORTED,normalized_from_ratio,BINARY_BIT_SLICED_DIFFERENTIAL,BIT_SLICED_BINARY_MAPPING,64,3,7,2,4,8,406528,112,256,28672,92.19,4.040000000000006,92.19280585786437,0.05209857115023106,92.14070728671415,0.0028058578643737064,0.0028058578643737064,False,LEAVE_ONE_STUDY_OUT,10.3390/electronics7120445,ZnO_01,10.3390/electronics7120445,ZnO,8,6,4,False
ZnO_01,10.3390/electronics7120445,ZnO,1000.0,3.0,1,2,DISCRETE_BINARY,REPORTED,normalized_from_ratio,BINARY_BIT_SLICED_DIFFERENTIAL,BIT_SLICED_BINARY_MAPPING,64,3,7,2,4,7,406528,112,128,14336,92.19,4.040000000000006,92.09615235714286,0.06416683954642567,92.03198551759642,-0.09384764285714198,0.09384764285714198,False,LEAVE_ONE_STUDY_OUT,10.3390/electronics7120445,ZnO_01,10.3390/electronics7120445,ZnO,8,6,4,False
ZnO_01,10.3390/electronics7120445,ZnO,1000.0,3.0,1,2,DISCRETE_BINARY,REPORTED,normalized_from_ratio,BINARY_BIT_SLICED_DIFFERENTIAL,BIT_SLICED_BINARY_MAPPING,32,3,7,2,4,8,406528,416,256,106496,92.19,4.040000000000006,92.1846990880231,0.034504663902389446,92.1501944241207,-0.005300911976902967,0.005300911976902967,False,LEAVE_ONE_STUDY_OUT,10.3390/electronics7120445,ZnO_01,10.3390/electronics7120445,ZnO,8,6,4,False
ZnO_01,10.3390/electronics7120445,ZnO,1000.0,3.0,1,2,DISCRETE_BINARY,REPORTED,normalized_from_ratio,BINARY_BIT_SLICED_DIFFERENTIAL,BIT_SLICED_BINARY_MAPPING,128,3,7,2,4,8,406528,32,256,8192,92.18,4.049999999999997,92.25205196897547,0.05675085872083064,92.19530111025463,0.07205196897545818,0.07205196897545818,False,LEAVE_ONE_STUDY_OUT,10.3390/electronics7120445,ZnO_01,10.3390/electronics7120445,ZnO,8,6,4,False
ZnO_01,10.3390/electronics7120445,ZnO,1000.0,3.0,1,2,DISCRETE_BINARY,REPORTED,normalized_from_ratio,BINARY_BIT_SLICED_DIFFERENTIAL,BIT_SLICED_BINARY_MAPPING,256,3,7,2,4,8,406528,20,256,5120,92.14,4.090000000000003,92.27127948412698,0.048138467816116394,92.22314101631086,0.13127948412697776,0.13127948412697776,False,LEAVE_ONE_STUDY_OUT,10.3390/electronics7120445,ZnO_01,10.3390/electronics7120445,ZnO,8,6,4,False
ZnO_01,10.3390/electronics7120445,ZnO,1000.0,3.0,1,2,DISCRETE_BINARY,REPORTED,normalized_from_ratio,BINARY_BIT_SLICED_DIFFERENTIAL,BIT_SLICED_BINARY_MAPPING,256,3,7,2,4,7,406528,20,128,2560,92.14,4.090000000000003,92.11142097619047,0.07060144538216302,92.0408195308083,-0.02857902380952737,0.02857902380952737,False,LEAVE_ONE_STUDY_OUT,10.3390/electronics7120445,ZnO_01,10.3390/electronics7120445,ZnO,8,6,4,False
ZnO_01,10.3390/electronics7120445,ZnO,1000.0,3.0,1,2,DISCRETE_BINARY,REPORTED,normalized_from_ratio,BINARY_BIT_SLICED_DIFFERENTIAL,BIT_SLICED_BINARY_MAPPING,128,3,7,2,4,7,406528,32,128,4096,92.11,4.1200000000000045,92.09633759523808,0.060893694052567636,92.03544390118552,-0.013662404761916491,0.013662404761916491,False,LEAVE_ONE_STUDY_OUT,10.3390/electronics7120445,ZnO_01,10.3390/electronics7120445,ZnO,8,6,4,False
ZnO_01,10.3390/electronics7120445,ZnO,1000.0,3.0,1,2,DISCRETE_BINARY,REPORTED,normalized_from_ratio,BINARY_BIT_SLICED_DIFFERENTIAL,BIT_SLICED_BINARY_MAPPING,16,3,7,2,4,6,406528,1600,64,102400,92.1,4.13000000000001,92.09656728571429,0.06453036865764836,92.03203691705664,-0.003432714285708016,0.003432714285708016,False,LEAVE_ONE_STUDY_OUT,10.3390/electronics7120445,ZnO_01,10.3390/electronics7120445,ZnO,8,6,4,False
ZnO_01,10.3390/electronics7120445,ZnO,1000.0,3.0,1,2,DISCRETE_BINARY,REPORTED,normalized_from_ratio,BINARY_BIT_SLICED_DIFFERENTIAL,BIT_SLICED_BINARY_MAPPING,64,3,7,2,4,6,406528,112,64,7168,92.09,4.140000000000001,91.99400638311688,0.14549422234942616,91.84851216076746,-0.09599361688312058,0.09599361688312058,False,LEAVE_ONE_STUDY_OUT,10.3390/electronics7120445,ZnO_01,10.3390/electronics7120445,ZnO,8,6,4,False
ZnO_01,10.3390/electronics7120445,ZnO,1000.0,3.0,1,2,DISCRETE_BINARY,REPORTED,normalized_from_ratio,BINARY_BIT_SLICED_DIFFERENTIAL,BIT_SLICED_BINARY_MAPPING,32,3,7,2,4,6,406528,416,64,26624,92.07,4.160000000000011,92.08634135714286,0.07623287698874608,92.01010848015412,0.016341357142863444,0.016341357142863444,False,LEAVE_ONE_STUDY_OUT,10.3390/electronics7120445,ZnO_01,10.3390/electronics7120445,ZnO,8,6,4,False
ZnO_01,10.3390/electronics7120445,ZnO,1000.0,3.0,1,2,DISCRETE_BINARY,REPORTED,normalized_from_ratio,BINARY_BIT_SLICED_DIFFERENTIAL,BIT_SLICED_BINARY_MAPPING,128,3,7,2,4,6,406528,32,64,2048,92.05,4.180000000000007,91.88370683549782,0.1384095665930641,91.74529726890475,-0.16629316450217857,0.16629316450217857,False,LEAVE_ONE_STUDY_OUT,10.3390/electronics7120445,ZnO_01,10.3390/electronics7120445,ZnO,8,6,4,False
ZnO_01,10.3390/electronics7120445,ZnO,1000.0,3.0,1,2,DISCRETE_BINARY,REPORTED,normalized_from_ratio,BINARY_BIT_SLICED_DIFFERENTIAL,BIT_SLICED_BINARY_MAPPING,32,3,7,2,4,5,406528,416,32,13312,91.91,4.320000000000007,91.42018002380954,0.24908150333433768,91.1710985204752,-0.4898199761904607,0.4898199761904607,False,LEAVE_ONE_STUDY_OUT,10.3390/electronics7120445,ZnO_01,10.3390/electronics7120445,ZnO,8,6,4,False
ZnO_01,10.3390/electronics7120445,ZnO,1000.0,3.0,1,2,DISCRETE_BINARY,REPORTED,normalized_from_ratio,BINARY_BIT_SLICED_DIFFERENTIAL,BIT_SLICED_BINARY_MAPPING,16,3,7,2,4,4,406528,1600,16,25600,91.91,4.320000000000007,90.32388168253968,0.7282167596735635,89.59566492286612,-1.5861183174603184,1.5861183174603184,False,LEAVE_ONE_STUDY_OUT,10.3390/electronics7120445,ZnO_01,10.3390/electronics7120445,ZnO,8,6,4,False
ZnO_01,10.3390/electronics7120445,ZnO,1000.0,3.0,1,2,DISCRETE_BINARY,REPORTED,normalized_from_ratio,BINARY_BIT_SLICED_DIFFERENTIAL,BIT_SLICED_BINARY_MAPPING,256,3,7,2,4,6,406528,20,64,1280,91.79,4.439999999999998,91.7572063037518,0.3676480915037513,91.38955821224805,-0.032793696248205606,0.032793696248205606,False,LEAVE_ONE_STUDY_OUT,10.3390/electronics7120445,ZnO_01,10.3390/electronics7120445,ZnO,8,6,4,False
ZnO_01,10.3390/electronics7120445,ZnO,1000.0,3.0,1,2,DISCRETE_BINARY,REPORTED,normalized_from_ratio,BINARY_BIT_SLICED_DIFFERENTIAL,BIT_SLICED_BINARY_MAPPING,64,3,7,2,4,5,406528,112,32,3584,91.77,4.460000000000008,90.84468657936507,0.476537827259155,90.36814875210592,-0.9253134206349216,0.9253134206349216,False,LEAVE_ONE_STUDY_OUT,10.3390/electronics7120445,ZnO_01,10.3390/electronics7120445,ZnO,8,6,4,False
ZnO_01,10.3390/electronics7120445,ZnO,1000.0,3.0,1,2,DISCRETE_BINARY,REPORTED,normalized_from_ratio,BINARY_BIT_SLICED_DIFFERENTIAL,BIT_SLICED_BINARY_MAPPING,32,3,7,2,4,4,406528,416,16,6656,91.65,4.579999999999998,89.33442858730159,0.9574328383475499,88.37699574895404,-2.315571412698418,2.315571412698418,False,LEAVE_ONE_STUDY_OUT,10.3390/electronics7120445,ZnO_01,10.3390/electronics7120445,ZnO,8,6,4,False
ZnO_01,10.3390/electronics7120445,ZnO,1000.0,3.0,1,2,DISCRETE_BINARY,REPORTED,normalized_from_ratio,BINARY_BIT_SLICED_DIFFERENTIAL,BIT_SLICED_BINARY_MAPPING,64,3,7,2,4,4,406528,112,16,1792,91.63,4.6000000000000085,86.61267757142856,1.7969365166888582,84.8157410547397,-5.017322428571433,5.017322428571433,False,LEAVE_ONE_STUDY_OUT,10.3390/electronics7120445,ZnO_01,10.3390/electronics7120445,ZnO,8,6,4,False
ZnO_01,10.3390/electronics7120445,ZnO,1000.0,3.0,1,2,DISCRETE_BINARY,REPORTED,normalized_from_ratio,BINARY_BIT_SLICED_DIFFERENTIAL,BIT_SLICED_BINARY_MAPPING,128,3,7,2,4,5,406528,32,32,1024,91.6,4.63000000000001,89.95824994444445,0.6686322302318122,89.28961771421264,-1.6417500555555478,1.6417500555555478,False,LEAVE_ONE_STUDY_OUT,10.3390/electronics7120445,ZnO_01,10.3390/electronics7120445,ZnO,8,6,4,False
ZnO_01,10.3390/electronics7120445,ZnO,1000.0,3.0,1,2,DISCRETE_BINARY,REPORTED,normalized_from_ratio,BINARY_BIT_SLICED_DIFFERENTIAL,BIT_SLICED_BINARY_MAPPING,256,3,7,2,4,5,406528,20,32,640,91.45,4.780000000000001,89.35993918253969,2.081571892818068,87.27836728972163,-2.090060817460312,2.090060817460312,False,LEAVE_ONE_STUDY_OUT,10.3390/electronics7120445,ZnO_01,10.3390/electronics7120445,ZnO,8,6,4,False
ZnO_01,10.3390/electronics7120445,ZnO,1000.0,3.0,1,2,DISCRETE_BINARY,REPORTED,normalized_from_ratio,BINARY_BIT_SLICED_DIFFERENTIAL,BIT_SLICED_BINARY_MAPPING,128,3,7,2,4,4,406528,32,16,512,90.83,5.400000000000006,76.09840503968255,1.1907778414321726,74.90762719825037,-14.731594960317452,14.731594960317452,False,LEAVE_ONE_STUDY_OUT,10.3390/electronics7120445,ZnO_01,10.3390/electronics7120445,ZnO,8,6,4,False
ZnO_01,10.3390/electronics7120445,ZnO,1000.0,3.0,1,2,DISCRETE_BINARY,REPORTED,normalized_from_ratio,BINARY_BIT_SLICED_DIFFERENTIAL,BIT_SLICED_BINARY_MAPPING,256,3,7,2,4,4,406528,20,16,320,90.46,5.77000000000001,74.57926003968252,1.2572066942701297,73.3220533454124,-15.88073996031747,15.88073996031747,False,LEAVE_ONE_STUDY_OUT,10.3390/electronics7120445,ZnO_01,10.3390/electronics7120445,ZnO,8,6,4,False
ZnO_01,10.3390/electronics7120445,ZnO,1000.0,3.0,1,2,DISCRETE_BINARY,REPORTED,normalized_from_ratio,BINARY_BIT_SLICED_DIFFERENTIAL,BIT_SLICED_BINARY_MAPPING,16,2,3,1,2,4,203264,800,16,12800,12.06,84.17,11.887266447330447,0.17779539563491448,11.709471051695532,-0.1727335526695537,0.1727335526695537,False,LEAVE_ONE_STUDY_OUT,10.3390/electronics7120445,ZnO_01,10.3390/electronics7120445,ZnO,8,6,4,False
ZnO_01,10.3390/electronics7120445,ZnO,1000.0,3.0,1,2,DISCRETE_BINARY,REPORTED,normalized_from_ratio,BINARY_BIT_SLICED_DIFFERENTIAL,BIT_SLICED_BINARY_MAPPING,256,2,3,1,2,5,203264,10,32,320,11.96,84.27000000000001,11.545107587301587,0.5311127183815451,11.013994868920042,-0.41489241269841415,0.41489241269841415,False,LEAVE_ONE_STUDY_OUT,10.3390/electronics7120445,ZnO_01,10.3390/electronics7120445,ZnO,8,6,4,False
ZnO_01,10.3390/electronics7120445,ZnO,1000.0,3.0,1,2,DISCRETE_BINARY,REPORTED,normalized_from_ratio,BINARY_BIT_SLICED_DIFFERENTIAL,BIT_SLICED_BINARY_MAPPING,64,2,3,1,2,4,203264,56,16,896,11.91,84.32000000000001,12.034170206349204,0.37557589063899105,11.658594315710213,0.12417020634920384,0.12417020634920384,False,LEAVE_ONE_STUDY_OUT,10.3390/electronics7120445,ZnO_01,10.3390/electronics7120445,ZnO,8,6,4,False
ZnO_01,10.3390/electronics7120445,ZnO,1000.0,3.0,1,2,DISCRETE_BINARY,REPORTED,normalized_from_ratio,BINARY_BIT_SLICED_DIFFERENTIAL,BIT_SLICED_BINARY_MAPPING,32,2,3,1,2,4,203264,208,16,3328,11.91,84.32000000000001,11.892228492063492,0.19923228806479443,11.692996203998698,-0.017771507936508613,0.017771507936508613,False,LEAVE_ONE_STUDY_OUT,10.3390/electronics7120445,ZnO_01,10.3390/electronics7120445,ZnO,8,6,4,False
ZnO_01,10.3390/electronics7120445,ZnO,1000.0,3.0,1,2,DISCRETE_BINARY,REPORTED,normalized_from_ratio,BINARY_BIT_SLICED_DIFFERENTIAL,BIT_SLICED_BINARY_MAPPING,128,2,3,1,2,5,203264,16,32,512,11.77,84.46000000000001,11.654785547619047,0.40234654879016163,11.252438998828886,-0.11521445238095218,0.11521445238095218,False,LEAVE_ONE_STUDY_OUT,10.3390/electronics7120445,ZnO_01,10.3390/electronics7120445,ZnO,8,6,4,False
ZnO_01,10.3390/electronics7120445,ZnO,1000.0,3.0,1,2,DISCRETE_BINARY,REPORTED,normalized_from_ratio,BINARY_BIT_SLICED_DIFFERENTIAL,BIT_SLICED_BINARY_MAPPING,256,2,3,1,2,6,203264,10,64,640,11.73,84.5,11.447653062770563,0.2924340630533602,11.155218999717203,-0.2823469372294376,0.2823469372294376,False,LEAVE_ONE_STUDY_OUT,10.3390/electronics7120445,ZnO_01,10.3390/electronics7120445,ZnO,8,6,4,False
ZnO_01,10.3390/electronics7120445,ZnO,1000.0,3.0,1,2,DISCRETE_BINARY,REPORTED,normalized_from_ratio,BINARY_BIT_SLICED_DIFFERENTIAL,BIT_SLICED_BINARY_MAPPING,32,2,3,1,2,5,203264,208,32,6656,11.73,84.5,11.539153984126985,0.22652694854361155,11.312627035583374,-0.19084601587301542,0.19084601587301542,False,LEAVE_ONE_STUDY_OUT,10.3390/electronics7120445,ZnO_01,10.3390/electronics7120445,ZnO,8,6,4,False
ZnO_01,10.3390/electronics7120445,ZnO,1000.0,3.0,1,2,DISCRETE_BINARY,REPORTED,normalized_from_ratio,BINARY_BIT_SLICED_DIFFERENTIAL,BIT_SLICED_BINARY_MAPPING,128,2,3,1,2,6,203264,16,64,1024,11.68,84.55000000000001,11.430922880952382,0.22919577271794506,11.201727108234437,-0.24907711904761776,0.24907711904761776,False,LEAVE_ONE_STUDY_OUT,10.3390/electronics7120445,ZnO_01,10.3390/electronics7120445,ZnO,8,6,4,False
ZnO_01,10.3390/electronics7120445,ZnO,1000.0,3.0,1,2,DISCRETE_BINARY,REPORTED,normalized_from_ratio,BINARY_BIT_SLICED_DIFFERENTIAL,BIT_SLICED_BINARY_MAPPING,16,2,3,1,2,10,203264,800,1024,819200,11.53,84.7,11.432290801587303,0.09270545492071912,11.339585346666585,-0.0977091984126961,0.0977091984126961,False,LEAVE_ONE_STUDY_OUT,10.3390/electronics7120445,ZnO_01,10.3390/electronics7120445,ZnO,8,6,4,False
ZnO_01,10.3390/electronics7120445,ZnO,1000.0,3.0,1,2,DISCRETE_BINARY,REPORTED,normalized_from_ratio,BINARY_BIT_SLICED_DIFFERENTIAL,BIT_SLICED_BINARY_MAPPING,128,2,3,1,2,7,203264,16,128,2048,11.53,84.7,11.472147015873015,0.1285204924560357,11.34362652341698,-0.05785298412698481,0.05785298412698481,False,LEAVE_ONE_STUDY_OUT,10.3390/electronics7120445,ZnO_01,10.3390/electronics7120445,ZnO,8,6,4,False
ZnO_01,10.3390/electronics7120445,ZnO,1000.0,3.0,1,2,DISCRETE_BINARY,REPORTED,normalized_from_ratio,BINARY_BIT_SLICED_DIFFERENTIAL,BIT_SLICED_BINARY_MAPPING,256,2,3,1,2,7,203264,10,128,1280,11.52,84.71000000000001,11.486828181818183,0.12679091115595675,11.360037270662225,-0.0331718181818168,0.0331718181818168,False,LEAVE_ONE_STUDY_OUT,10.3390/electronics7120445,ZnO_01,10.3390/electronics7120445,ZnO,8,6,4,False
ZnO_01,10.3390/electronics7120445,ZnO,1000.0,3.0,1,2,DISCRETE_BINARY,REPORTED,normalized_from_ratio,BINARY_BIT_SLICED_DIFFERENTIAL,BIT_SLICED_BINARY_MAPPING,16,2,3,1,2,8,203264,800,256,204800,11.51,84.72,11.334118801587302,0.0787196348898073,11.255399166697494,-0.17588119841269823,0.17588119841269823,False,LEAVE_ONE_STUDY_OUT,10.3390/electronics7120445,ZnO_01,10.3390/electronics7120445,ZnO,8,6,4,False
ZnO_01,10.3390/electronics7120445,ZnO,1000.0,3.0,1,2,DISCRETE_BINARY,REPORTED,normalized_from_ratio,BINARY_BIT_SLICED_DIFFERENTIAL,BIT_SLICED_BINARY_MAPPING,256,2,3,1,2,8,203264,10,256,2560,11.5,84.73,11.433764459595961,0.08977197646085684,11.343992483135105,-0.06623554040403867,0.06623554040403867,False,LEAVE_ONE_STUDY_OUT,10.3390/electronics7120445,ZnO_01,10.3390/electronics7120445,ZnO,8,6,4,False
ZnO_01,10.3390/electronics7120445,ZnO,1000.0,3.0,1,2,DISCRETE_BINARY,REPORTED,normalized_from_ratio,BINARY_BIT_SLICED_DIFFERENTIAL,BIT_SLICED_BINARY_MAPPING,16,2,3,1,2,5,203264,800,32,25600,11.48,84.75,11.516505994949496,0.20650013574816437,11.31000585920133,0.036505994949495246,0.036505994949495246,False,LEAVE_ONE_STUDY_OUT,10.3390/electronics7120445,ZnO_01,10.3390/electronics7120445,ZnO,8,6,4,False
ZnO_01,10.3390/electronics7120445,ZnO,1000.0,3.0,1,2,DISCRETE_BINARY,REPORTED,normalized_from_ratio,BINARY_BIT_SLICED_DIFFERENTIAL,BIT_SLICED_BINARY_MAPPING,128,2,3,1,2,8,203264,16,256,4096,11.48,84.75,11.412882079365081,0.08884625755053498,11.324035821814546,-0.06711792063491906,0.06711792063491906,False,LEAVE_ONE_STUDY_OUT,10.3390/electronics7120445,ZnO_01,10.3390/electronics7120445,ZnO,8,6,4,False
ZnO_01,10.3390/electronics7120445,ZnO,1000.0,3.0,1,2,DISCRETE_BINARY,REPORTED,normalized_from_ratio,BINARY_BIT_SLICED_DIFFERENTIAL,BIT_SLICED_BINARY_MAPPING,64,2,3,1,2,6,203264,56,64,3584,11.48,84.75,11.363144912698411,0.21211721703196657,11.151027695666444,-0.11685508730158922,0.11685508730158922,False,LEAVE_ONE_STUDY_OUT,10.3390/electronics7120445,ZnO_01,10.3390/electronics7120445,ZnO,8,6,4,False
ZnO_01,10.3390/electronics7120445,ZnO,1000.0,3.0,1,2,DISCRETE_BINARY,REPORTED,normalized_from_ratio,BINARY_BIT_SLICED_DIFFERENTIAL,BIT_SLICED_BINARY_MAPPING,32,2,3,1,2,10,203264,208,1024,212992,11.39,84.84,11.380325253968254,0.10462363438496083,11.275701619583293,-0.009674746031747006,0.009674746031747006,False,LEAVE_ONE_STUDY_OUT,10.3390/electronics7120445,ZnO_01,10.3390/electronics7120445,ZnO,8,6,4,False
ZnO_01,10.3390/electronics7120445,ZnO,1000.0,3.0,1,2,DISCRETE_BINARY,REPORTED,normalized_from_ratio,BINARY_BIT_SLICED_DIFFERENTIAL,BIT_SLICED_BINARY_MAPPING,32,2,3,1,2,7,203264,208,128,26624,11.38,84.85000000000001,11.307217896825398,0.07892127436531485,11.228296622460082,-0.07278210317460321,0.07278210317460321,False,LEAVE_ONE_STUDY_OUT,10.3390/electronics7120445,ZnO_01,10.3390/electronics7120445,ZnO,8,6,4,False
ZnO_01,10.3390/electronics7120445,ZnO,1000.0,3.0,1,2,DISCRETE_BINARY,REPORTED,normalized_from_ratio,BINARY_BIT_SLICED_DIFFERENTIAL,BIT_SLICED_BINARY_MAPPING,32,2,3,1,2,8,203264,208,256,53248,11.37,84.86,11.33308419047619,0.07070719528540086,11.26237699519079,-0.03691580952380846,0.03691580952380846,False,LEAVE_ONE_STUDY_OUT,10.3390/electronics7120445,ZnO_01,10.3390/electronics7120445,ZnO,8,6,4,False
ZnO_01,10.3390/electronics7120445,ZnO,1000.0,3.0,1,2,DISCRETE_BINARY,REPORTED,normalized_from_ratio,BINARY_BIT_SLICED_DIFFERENTIAL,BIT_SLICED_BINARY_MAPPING,16,2,3,1,2,6,203264,800,64,51200,11.37,84.86,11.381919373015872,0.1258436545505127,11.25607571846536,0.011919373015873092,0.011919373015873092,False,LEAVE_ONE_STUDY_OUT,10.3390/electronics7120445,ZnO_01,10.3390/electronics7120445,ZnO,8,6,4,False
ZnO_01,10.3390/electronics7120445,ZnO,1000.0,3.0,1,2,DISCRETE_BINARY,REPORTED,normalized_from_ratio,BINARY_BIT_SLICED_DIFFERENTIAL,BIT_SLICED_BINARY_MAPPING,16,2,3,1,2,7,203264,800,128,102400,11.36,84.87,11.306073833333334,0.07657029176224363,11.229503541571091,-0.053926166666665054,0.053926166666665054,False,LEAVE_ONE_STUDY_OUT,10.3390/electronics7120445,ZnO_01,10.3390/electronics7120445,ZnO,8,6,4,False
ZnO_01,10.3390/electronics7120445,ZnO,1000.0,3.0,1,2,DISCRETE_BINARY,REPORTED,normalized_from_ratio,BINARY_BIT_SLICED_DIFFERENTIAL,BIT_SLICED_BINARY_MAPPING,64,2,3,1,2,8,203264,56,256,14336,11.35,84.88000000000001,11.302483841269844,0.09677727651579855,11.205706564754045,-0.04751615873015602,0.04751615873015602,False,LEAVE_ONE_STUDY_OUT,10.3390/electronics7120445,ZnO_01,10.3390/electronics7120445,ZnO,8,6,4,False
ZnO_01,10.3390/electronics7120445,ZnO,1000.0,3.0,1,2,DISCRETE_BINARY,REPORTED,normalized_from_ratio,BINARY_BIT_SLICED_DIFFERENTIAL,BIT_SLICED_BINARY_MAPPING,64,2,3,1,2,5,203264,56,32,1792,11.33,84.9,11.561983666666666,0.32432502149062487,11.237658645176042,0.23198366666666637,0.23198366666666637,False,LEAVE_ONE_STUDY_OUT,10.3390/electronics7120445,ZnO_01,10.3390/electronics7120445,ZnO,8,6,4,False
ZnO_01,10.3390/electronics7120445,ZnO,1000.0,3.0,1,2,DISCRETE_BINARY,REPORTED,normalized_from_ratio,BINARY_BIT_SLICED_DIFFERENTIAL,BIT_SLICED_BINARY_MAPPING,64,2,3,1,2,10,203264,56,1024,57344,11.33,84.9,11.34641146031746,0.10772154721876855,11.238689913098693,0.016411460317460325,0.016411460317460325,False,LEAVE_ONE_STUDY_OUT,10.3390/electronics7120445,ZnO_01,10.3390/electronics7120445,ZnO,8,6,4,False
ZnO_01,10.3390/electronics7120445,ZnO,1000.0,3.0,1,2,DISCRETE_BINARY,REPORTED,normalized_from_ratio,BINARY_BIT_SLICED_DIFFERENTIAL,BIT_SLICED_BINARY_MAPPING,256,2,3,1,2,10,203264,10,1024,10240,11.3,84.93,11.33728992857143,0.10779208616749195,11.229497842403937,0.03728992857142899,0.03728992857142899,False,LEAVE_ONE_STUDY_OUT,10.3390/electronics7120445,ZnO_01,10.3390/electronics7120445,ZnO,8,6,4,False
ZnO_01,10.3390/electronics7120445,ZnO,1000.0,3.0,1,2,DISCRETE_BINARY,REPORTED,normalized_from_ratio,BINARY_BIT_SLICED_DIFFERENTIAL,BIT_SLICED_BINARY_MAPPING,32,2,3,1,2,6,203264,208,64,13312,11.27,84.96000000000001,11.379593944444444,0.1395120492410513,11.240081895203392,0.1095939444444447,0.1095939444444447,False,LEAVE_ONE_STUDY_OUT,10.3390/electronics7120445,ZnO_01,10.3390/electronics7120445,ZnO,8,6,4,False
ZnO_01,10.3390/electronics7120445,ZnO,1000.0,3.0,1,2,DISCRETE_BINARY,REPORTED,normalized_from_ratio,BINARY_BIT_SLICED_DIFFERENTIAL,BIT_SLICED_BINARY_MAPPING,128,2,3,1,2,10,203264,16,1024,16384,11.24,84.99000000000001,11.330261587301587,0.09771091984489431,11.232550667456692,0.09026158730158684,0.09026158730158684,False,LEAVE_ONE_STUDY_OUT,10.3390/electronics7120445,ZnO_01,10.3390/electronics7120445,ZnO,8,6,4,False
ZnO_01,10.3390/electronics7120445,ZnO,1000.0,3.0,1,2,DISCRETE_BINARY,REPORTED,normalized_from_ratio,BINARY_BIT_SLICED_DIFFERENTIAL,BIT_SLICED_BINARY_MAPPING,64,2,3,1,2,7,203264,56,128,7168,11.23,85.0,11.260117706349208,0.12360519117362019,11.136512515175587,0.030117706349207296,0.030117706349207296,False,LEAVE_ONE_STUDY_OUT,10.3390/electronics7120445,ZnO_01,10.3390/electronics7120445,ZnO,8,6,4,False
ZnO_01,10.3390/electronics7120445,ZnO,1000.0,3.0,1,2,DISCRETE_BINARY,REPORTED,normalized_from_ratio,BINARY_BIT_SLICED_DIFFERENTIAL,BIT_SLICED_BINARY_MAPPING,256,2,3,1,2,9,203264,10,512,5120,11.21,85.02000000000001,11.417485048340549,0.05901519577885407,11.358469852561694,0.2074850483405477,0.2074850483405477,False,LEAVE_ONE_STUDY_OUT,10.3390/electronics7120445,ZnO_01,10.3390/electronics7120445,ZnO,8,6,4,False
ZnO_01,10.3390/electronics7120445,ZnO,1000.0,3.0,1,2,DISCRETE_BINARY,REPORTED,normalized_from_ratio,BINARY_BIT_SLICED_DIFFERENTIAL,BIT_SLICED_BINARY_MAPPING,128,2,3,1,2,9,203264,16,512,8192,11.21,85.02000000000001,11.409099746753245,0.04623611121447739,11.362863635538767,0.1990997467532445,0.1990997467532445,False,LEAVE_ONE_STUDY_OUT,10.3390/electronics7120445,ZnO_01,10.3390/electronics7120445,ZnO,8,6,4,False
ZnO_01,10.3390/electronics7120445,ZnO,1000.0,3.0,1,2,DISCRETE_BINARY,REPORTED,normalized_from_ratio,BINARY_BIT_SLICED_DIFFERENTIAL,BIT_SLICED_BINARY_MAPPING,64,2,3,1,2,9,203264,56,512,28672,11.19,85.04,11.394939627705627,0.07093820104258639,11.32400142666304,0.20493962770562746,0.20493962770562746,False,LEAVE_ONE_STUDY_OUT,10.3390/electronics7120445,ZnO_01,10.3390/electronics7120445,ZnO,8,6,4,False
ZnO_01,10.3390/electronics7120445,ZnO,1000.0,3.0,1,2,DISCRETE_BINARY,REPORTED,normalized_from_ratio,BINARY_BIT_SLICED_DIFFERENTIAL,BIT_SLICED_BINARY_MAPPING,16,2,3,1,2,9,203264,800,512,409600,11.17,85.06,11.460712484126983,0.05048450795212496,11.410227976174857,0.29071248412698303,0.29071248412698303,False,LEAVE_ONE_STUDY_OUT,10.3390/electronics7120445,ZnO_01,10.3390/electronics7120445,ZnO,8,6,4,False
ZnO_01,10.3390/electronics7120445,ZnO,1000.0,3.0,1,2,DISCRETE_BINARY,REPORTED,normalized_from_ratio,BINARY_BIT_SLICED_DIFFERENTIAL,BIT_SLICED_BINARY_MAPPING,32,2,3,1,2,9,203264,208,512,106496,11.14,85.09,11.439315032467531,0.04829811240381311,11.391016920063718,0.2993150324675309,0.2993150324675309,False,LEAVE_ONE_STUDY_OUT,10.3390/electronics7120445,ZnO_01,10.3390/electronics7120445,ZnO,8,6,4,False
ZnO_01,10.3390/electronics7120445,ZnO,1000.0,3.0,1,2,DISCRETE_BINARY,REPORTED,normalized_from_ratio,BINARY_BIT_SLICED_DIFFERENTIAL,BIT_SLICED_BINARY_MAPPING,128,2,3,1,2,4,203264,16,16,256,10.98,85.25,11.399324063492061,0.49387029931759924,10.905453764174462,0.41932406349206097,0.41932406349206097,False,LEAVE_ONE_STUDY_OUT,10.3390/electronics7120445,ZnO_01,10.3390/electronics7120445,ZnO,8,6,4,False
ZnO_01,10.3390/electronics7120445,ZnO,1000.0,3.0,1,2,DISCRETE_BINARY,REPORTED,normalized_from_ratio,BINARY_BIT_SLICED_DIFFERENTIAL,BIT_SLICED_BINARY_MAPPING,256,2,3,1,2,4,203264,10,16,160,10.16,86.07000000000001,10.944348666666665,0.5240223024857296,10.420326364180935,0.7843486666666646,0.7843486666666646,False,LEAVE_ONE_STUDY_OUT,10.3390/electronics7120445,ZnO_01,10.3390/electronics7120445,ZnO,8,6,4,False
