device_id,study_id,technology_family,device_on_off_ratio,device_log10_on_off_ratio,state_count_available,physical_state_count,device_conductance_mode,device_state_count_status,parameter_source,mapping_strategy,precision_basis,crossbar_size,requested_weight_bits,effective_weight_levels,slices_per_branch,physical_cells_per_weight,adc_bits,estimated_memristor_cells,estimated_physical_crossbar_tiles,adc_levels,relative_hardware_cost_proxy,accuracy,accuracy_loss,predicted_accuracy,prediction_uncertainty,confidence_lower_bound,prediction_error_pp,absolute_prediction_error_pp,is_true_near_optimal,validation_mode,held_out_group,held_out_device,held_out_study,held_out_family,training_devices,training_studies,training_families,same_study_training_leakage
HfOx_01,10.1109/TNANO.2024.3485213,HfOx,45.4,1.657055852857104,0,0,GRADUAL_MULTILEVEL,NOT_REPORTED,absolute,IDEALIZED_SINGLE_PAIR_GRADUAL,IDEALIZED_GRADUAL_MAPPING,128,6,63,0,2,8,203264,16,256,4096,96.32,-0.0899999999999892,96.29624933189034,0.039467430559538524,96.2567819013308,-0.023750668109656203,0.023750668109656203,True,LEAVE_ONE_FAMILY_OUT,HfOx,HfOx_01,10.1109/TNANO.2024.3485213,HfOx,7,5,4,False
HfOx_01,10.1109/TNANO.2024.3485213,HfOx,45.4,1.657055852857104,0,0,GRADUAL_MULTILEVEL,NOT_REPORTED,absolute,IDEALIZED_SINGLE_PAIR_GRADUAL,IDEALIZED_GRADUAL_MAPPING,16,6,63,0,2,9,203264,800,512,409600,96.31,-0.0799999999999983,96.25815428144077,0.01918538239711082,96.23896889904366,-0.051845718559235365,0.051845718559235365,True,LEAVE_ONE_FAMILY_OUT,HfOx,HfOx_01,10.1109/TNANO.2024.3485213,HfOx,7,5,4,False
HfOx_01,10.1109/TNANO.2024.3485213,HfOx,45.4,1.657055852857104,0,0,GRADUAL_MULTILEVEL,NOT_REPORTED,absolute,IDEALIZED_SINGLE_PAIR_GRADUAL,IDEALIZED_GRADUAL_MAPPING,16,6,63,0,2,10,203264,800,1024,819200,96.3,-0.0699999999999931,96.29511602380953,0.015330155338689528,96.27978586847084,-0.004883976190470207,0.004883976190470207,True,LEAVE_ONE_FAMILY_OUT,HfOx,HfOx_01,10.1109/TNANO.2024.3485213,HfOx,7,5,4,False
HfOx_01,10.1109/TNANO.2024.3485213,HfOx,45.4,1.657055852857104,0,0,GRADUAL_MULTILEVEL,NOT_REPORTED,absolute,IDEALIZED_SINGLE_PAIR_GRADUAL,IDEALIZED_GRADUAL_MAPPING,64,6,63,0,2,7,203264,56,128,7168,96.3,-0.0699999999999931,96.21993150793651,0.030306615581663508,96.18962489235484,-0.08006849206348932,0.08006849206348932,True,LEAVE_ONE_FAMILY_OUT,HfOx,HfOx_01,10.1109/TNANO.2024.3485213,HfOx,7,5,4,False
HfOx_01,10.1109/TNANO.2024.3485213,HfOx,45.4,1.657055852857104,0,0,GRADUAL_MULTILEVEL,NOT_REPORTED,absolute,IDEALIZED_SINGLE_PAIR_GRADUAL,IDEALIZED_GRADUAL_MAPPING,32,6,63,0,2,10,203264,208,1024,212992,96.3,-0.0699999999999931,96.28635204761905,0.013969733277801969,96.27238231434124,-0.013647952380949846,0.013647952380949846,True,LEAVE_ONE_FAMILY_OUT,HfOx,HfOx_01,10.1109/TNANO.2024.3485213,HfOx,7,5,4,False
HfOx_01,10.1109/TNANO.2024.3485213,HfOx,45.4,1.657055852857104,0,0,GRADUAL_MULTILEVEL,NOT_REPORTED,absolute,IDEALIZED_SINGLE_PAIR_GRADUAL,IDEALIZED_GRADUAL_MAPPING,256,6,63,0,2,10,203264,10,1024,10240,96.3,-0.0699999999999931,96.27516529365079,0.025507845701528177,96.24965744794926,-0.024834706349210478,0.024834706349210478,True,LEAVE_ONE_FAMILY_OUT,HfOx,HfOx_01,10.1109/TNANO.2024.3485213,HfOx,7,5,4,False
HfOx_01,10.1109/TNANO.2024.3485213,HfOx,45.4,1.657055852857104,0,0,GRADUAL_MULTILEVEL,NOT_REPORTED,absolute,IDEALIZED_SINGLE_PAIR_GRADUAL,IDEALIZED_GRADUAL_MAPPING,64,8,255,0,2,7,203264,56,128,7168,96.3,-0.0699999999999931,96.22380805555557,0.031949767472769064,96.1918582880828,-0.07619194444443167,0.07619194444443167,True,LEAVE_ONE_FAMILY_OUT,HfOx,HfOx_01,10.1109/TNANO.2024.3485213,HfOx,7,5,4,False
HfOx_01,10.1109/TNANO.2024.3485213,HfOx,45.4,1.657055852857104,0,0,GRADUAL_MULTILEVEL,NOT_REPORTED,absolute,IDEALIZED_SINGLE_PAIR_GRADUAL,IDEALIZED_GRADUAL_MAPPING,16,6,63,0,2,8,203264,800,256,204800,96.28,-0.0499999999999971,96.24799180014432,0.04186622862854014,96.20612557151578,-0.032008199855681596,0.032008199855681596,True,LEAVE_ONE_FAMILY_OUT,HfOx,HfOx_01,10.1109/TNANO.2024.3485213,HfOx,7,5,4,False
HfOx_01,10.1109/TNANO.2024.3485213,HfOx,45.4,1.657055852857104,0,0,GRADUAL_MULTILEVEL,NOT_REPORTED,absolute,IDEALIZED_SINGLE_PAIR_GRADUAL,IDEALIZED_GRADUAL_MAPPING,128,6,63,0,2,10,203264,16,1024,16384,96.28,-0.0499999999999971,96.27680841269841,0.016162678626155367,96.26064573407226,-0.003191587301586196,0.003191587301586196,True,LEAVE_ONE_FAMILY_OUT,HfOx,HfOx_01,10.1109/TNANO.2024.3485213,HfOx,7,5,4,False
HfOx_01,10.1109/TNANO.2024.3485213,HfOx,45.4,1.657055852857104,0,0,GRADUAL_MULTILEVEL,NOT_REPORTED,absolute,IDEALIZED_SINGLE_PAIR_GRADUAL,IDEALIZED_GRADUAL_MAPPING,64,7,127,0,2,7,203264,56,128,7168,96.27,-0.039999999999992,96.22049189682541,0.028758820238800463,96.1917330765866,-0.049508103174588314,0.049508103174588314,True,LEAVE_ONE_FAMILY_OUT,HfOx,HfOx_01,10.1109/TNANO.2024.3485213,HfOx,7,5,4,False
HfOx_01,10.1109/TNANO.2024.3485213,HfOx,45.4,1.657055852857104,0,0,GRADUAL_MULTILEVEL,NOT_REPORTED,absolute,IDEALIZED_SINGLE_PAIR_GRADUAL,IDEALIZED_GRADUAL_MAPPING,64,6,63,0,2,10,203264,56,1024,57344,96.27,-0.039999999999992,96.28515669841269,0.012403104373482654,96.27275359403922,0.015156698412695846,0.015156698412695846,True,LEAVE_ONE_FAMILY_OUT,HfOx,HfOx_01,10.1109/TNANO.2024.3485213,HfOx,7,5,4,False
HfOx_01,10.1109/TNANO.2024.3485213,HfOx,45.4,1.657055852857104,0,0,GRADUAL_MULTILEVEL,NOT_REPORTED,absolute,IDEALIZED_SINGLE_PAIR_GRADUAL,IDEALIZED_GRADUAL_MAPPING,16,8,255,0,2,6,203264,800,64,51200,96.27,-0.039999999999992,96.15893634126985,0.07248644753776176,96.0864498937321,-0.11106365873014568,0.11106365873014568,True,LEAVE_ONE_FAMILY_OUT,HfOx,HfOx_01,10.1109/TNANO.2024.3485213,HfOx,7,5,4,False
HfOx_01,10.1109/TNANO.2024.3485213,HfOx,45.4,1.657055852857104,0,0,GRADUAL_MULTILEVEL,NOT_REPORTED,absolute,IDEALIZED_SINGLE_PAIR_GRADUAL,IDEALIZED_GRADUAL_MAPPING,32,6,63,0,2,8,203264,208,256,53248,96.26,-0.0300000000000011,96.24918177633478,0.043801006297043456,96.20538077003773,-0.010818223665225446,0.010818223665225446,True,LEAVE_ONE_FAMILY_OUT,HfOx,HfOx_01,10.1109/TNANO.2024.3485213,HfOx,7,5,4,False
HfOx_01,10.1109/TNANO.2024.3485213,HfOx,45.4,1.657055852857104,0,0,GRADUAL_MULTILEVEL,NOT_REPORTED,absolute,IDEALIZED_SINGLE_PAIR_GRADUAL,IDEALIZED_GRADUAL_MAPPING,64,6,63,0,2,9,203264,56,512,28672,96.26,-0.0300000000000011,96.26212077927627,0.026337631328874428,96.2357831479474,0.002120779276268081,0.002120779276268081,True,LEAVE_ONE_FAMILY_OUT,HfOx,HfOx_01,10.1109/TNANO.2024.3485213,HfOx,7,5,4,False
HfOx_01,10.1109/TNANO.2024.3485213,HfOx,45.4,1.657055852857104,0,0,GRADUAL_MULTILEVEL,NOT_REPORTED,absolute,IDEALIZED_SINGLE_PAIR_GRADUAL,IDEALIZED_GRADUAL_MAPPING,32,6,63,0,2,9,203264,208,512,106496,96.26,-0.0300000000000011,96.2614436068376,0.019603710252844304,96.24183989658476,0.0014436068375971445,0.0014436068375971445,True,LEAVE_ONE_FAMILY_OUT,HfOx,HfOx_01,10.1109/TNANO.2024.3485213,HfOx,7,5,4,False
HfOx_01,10.1109/TNANO.2024.3485213,HfOx,45.4,1.657055852857104,0,0,GRADUAL_MULTILEVEL,NOT_REPORTED,absolute,IDEALIZED_SINGLE_PAIR_GRADUAL,IDEALIZED_GRADUAL_MAPPING,256,8,255,0,2,10,203264,10,1024,10240,96.26,-0.0300000000000011,96.20658587301587,0.026605633958901857,96.17998023905696,-0.053414126984137056,0.053414126984137056,True,LEAVE_ONE_FAMILY_OUT,HfOx,HfOx_01,10.1109/TNANO.2024.3485213,HfOx,7,5,4,False
HfOx_01,10.1109/TNANO.2024.3485213,HfOx,45.4,1.657055852857104,0,0,GRADUAL_MULTILEVEL,NOT_REPORTED,absolute,IDEALIZED_SINGLE_PAIR_GRADUAL,IDEALIZED_GRADUAL_MAPPING,256,8,255,0,2,8,203264,10,256,2560,96.26,-0.0300000000000011,96.21665148412698,0.029193720670173003,96.1874577634568,-0.04334851587302069,0.04334851587302069,True,LEAVE_ONE_FAMILY_OUT,HfOx,HfOx_01,10.1109/TNANO.2024.3485213,HfOx,7,5,4,False
HfOx_01,10.1109/TNANO.2024.3485213,HfOx,45.4,1.657055852857104,0,0,GRADUAL_MULTILEVEL,NOT_REPORTED,absolute,IDEALIZED_SINGLE_PAIR_GRADUAL,IDEALIZED_GRADUAL_MAPPING,32,8,255,0,2,8,203264,208,256,53248,96.25,-0.019999999999996,96.23805167460318,0.029488840837600016,96.20856283376558,-0.011948325396815562,0.011948325396815562,True,LEAVE_ONE_FAMILY_OUT,HfOx,HfOx_01,10.1109/TNANO.2024.3485213,HfOx,7,5,4,False
HfOx_01,10.1109/TNANO.2024.3485213,HfOx,45.4,1.657055852857104,0,0,GRADUAL_MULTILEVEL,NOT_REPORTED,absolute,IDEALIZED_SINGLE_PAIR_GRADUAL,IDEALIZED_GRADUAL_MAPPING,16,8,255,0,2,9,203264,800,512,409600,96.25,-0.019999999999996,96.26110136507936,0.02617697096111891,96.23492439411824,0.011101365079355219,0.011101365079355219,True,LEAVE_ONE_FAMILY_OUT,HfOx,HfOx_01,10.1109/TNANO.2024.3485213,HfOx,7,5,4,False
HfOx_01,10.1109/TNANO.2024.3485213,HfOx,45.4,1.657055852857104,0,0,GRADUAL_MULTILEVEL,NOT_REPORTED,absolute,IDEALIZED_SINGLE_PAIR_GRADUAL,IDEALIZED_GRADUAL_MAPPING,32,7,127,0,2,9,203264,208,512,106496,96.25,-0.019999999999996,96.23138972222223,0.017645635770870752,96.21374408645136,-0.018610277777767692,0.018610277777767692,True,LEAVE_ONE_FAMILY_OUT,HfOx,HfOx_01,10.1109/TNANO.2024.3485213,HfOx,7,5,4,False
HfOx_01,10.1109/TNANO.2024.3485213,HfOx,45.4,1.657055852857104,0,0,GRADUAL_MULTILEVEL,NOT_REPORTED,absolute,IDEALIZED_SINGLE_PAIR_GRADUAL,IDEALIZED_GRADUAL_MAPPING,32,8,255,0,2,9,203264,208,512,106496,96.25,-0.019999999999996,96.2709386053391,0.026915187500342205,96.24402341783876,0.020938605339097194,0.020938605339097194,True,LEAVE_ONE_FAMILY_OUT,HfOx,HfOx_01,10.1109/TNANO.2024.3485213,HfOx,7,5,4,False
HfOx_01,10.1109/TNANO.2024.3485213,HfOx,45.4,1.657055852857104,0,0,GRADUAL_MULTILEVEL,NOT_REPORTED,absolute,IDEALIZED_SINGLE_PAIR_GRADUAL,IDEALIZED_GRADUAL_MAPPING,256,6,63,0,2,8,203264,10,256,2560,96.25,-0.019999999999996,96.28868923665222,0.0391685594396739,96.24952067721254,0.03868923665221757,0.03868923665221757,True,LEAVE_ONE_FAMILY_OUT,HfOx,HfOx_01,10.1109/TNANO.2024.3485213,HfOx,7,5,4,False
HfOx_01,10.1109/TNANO.2024.3485213,HfOx,45.4,1.657055852857104,0,0,GRADUAL_MULTILEVEL,NOT_REPORTED,absolute,IDEALIZED_SINGLE_PAIR_GRADUAL,IDEALIZED_GRADUAL_MAPPING,128,6,63,0,2,9,203264,16,512,8192,96.25,-0.019999999999996,96.25819743800643,0.030990100376939965,96.2272073376295,0.0081974380064338,0.0081974380064338,True,LEAVE_ONE_FAMILY_OUT,HfOx,HfOx_01,10.1109/TNANO.2024.3485213,HfOx,7,5,4,False
HfOx_01,10.1109/TNANO.2024.3485213,HfOx,45.4,1.657055852857104,0,0,GRADUAL_MULTILEVEL,NOT_REPORTED,absolute,IDEALIZED_SINGLE_PAIR_GRADUAL,IDEALIZED_GRADUAL_MAPPING,64,8,255,0,2,9,203264,56,512,28672,96.25,-0.019999999999996,96.25494197835496,0.03722745244410871,96.21771452591085,0.004941978354963794,0.004941978354963794,True,LEAVE_ONE_FAMILY_OUT,HfOx,HfOx_01,10.1109/TNANO.2024.3485213,HfOx,7,5,4,False
HfOx_01,10.1109/TNANO.2024.3485213,HfOx,45.4,1.657055852857104,0,0,GRADUAL_MULTILEVEL,NOT_REPORTED,absolute,IDEALIZED_SINGLE_PAIR_GRADUAL,IDEALIZED_GRADUAL_MAPPING,64,7,127,0,2,9,203264,56,512,28672,96.24,-0.0099999999999909,96.22694815079366,0.025564245555732442,96.20138390523793,-0.01305184920633451,0.01305184920633451,True,LEAVE_ONE_FAMILY_OUT,HfOx,HfOx_01,10.1109/TNANO.2024.3485213,HfOx,7,5,4,False
HfOx_01,10.1109/TNANO.2024.3485213,HfOx,45.4,1.657055852857104,0,0,GRADUAL_MULTILEVEL,NOT_REPORTED,absolute,IDEALIZED_SINGLE_PAIR_GRADUAL,IDEALIZED_GRADUAL_MAPPING,256,7,127,0,2,9,203264,10,512,5120,96.24,-0.0099999999999909,96.20641605699856,0.02247218282833386,96.18394387417023,-0.03358394300143175,0.03358394300143175,True,LEAVE_ONE_FAMILY_OUT,HfOx,HfOx_01,10.1109/TNANO.2024.3485213,HfOx,7,5,4,False
HfOx_01,10.1109/TNANO.2024.3485213,HfOx,45.4,1.657055852857104,0,0,GRADUAL_MULTILEVEL,NOT_REPORTED,absolute,IDEALIZED_SINGLE_PAIR_GRADUAL,IDEALIZED_GRADUAL_MAPPING,256,6,63,0,2,9,203264,10,512,5120,96.24,-0.0099999999999909,96.25052431529583,0.03379997478262078,96.21672434051321,0.010524315295839415,0.010524315295839415,True,LEAVE_ONE_FAMILY_OUT,HfOx,HfOx_01,10.1109/TNANO.2024.3485213,HfOx,7,5,4,False
HfOx_01,10.1109/TNANO.2024.3485213,HfOx,45.4,1.657055852857104,0,0,GRADUAL_MULTILEVEL,NOT_REPORTED,absolute,IDEALIZED_SINGLE_PAIR_GRADUAL,IDEALIZED_GRADUAL_MAPPING,16,8,255,0,2,10,203264,800,1024,819200,96.24,-0.0099999999999909,96.25303951587301,0.015735261351523616,96.23730425452149,0.013039515873018104,0.013039515873018104,True,LEAVE_ONE_FAMILY_OUT,HfOx,HfOx_01,10.1109/TNANO.2024.3485213,HfOx,7,5,4,False
HfOx_01,10.1109/TNANO.2024.3485213,HfOx,45.4,1.657055852857104,0,0,GRADUAL_MULTILEVEL,NOT_REPORTED,absolute,IDEALIZED_SINGLE_PAIR_GRADUAL,IDEALIZED_GRADUAL_MAPPING,16,6,63,0,2,6,203264,800,64,51200,96.24,-0.0099999999999909,96.14858184126984,0.08032041488764516,96.0682614263822,-0.09141815873014991,0.09141815873014991,True,LEAVE_ONE_FAMILY_OUT,HfOx,HfOx_01,10.1109/TNANO.2024.3485213,HfOx,7,5,4,False
HfOx_01,10.1109/TNANO.2024.3485213,HfOx,45.4,1.657055852857104,0,0,GRADUAL_MULTILEVEL,NOT_REPORTED,absolute,IDEALIZED_SINGLE_PAIR_GRADUAL,IDEALIZED_GRADUAL_MAPPING,32,8,255,0,2,10,203264,208,1024,212992,96.24,-0.0099999999999909,96.25665194660894,0.020197372915164616,96.23645457369378,0.016651946608945423,0.016651946608945423,True,LEAVE_ONE_FAMILY_OUT,HfOx,HfOx_01,10.1109/TNANO.2024.3485213,HfOx,7,5,4,False
HfOx_01,10.1109/TNANO.2024.3485213,HfOx,45.4,1.657055852857104,0,0,GRADUAL_MULTILEVEL,NOT_REPORTED,absolute,IDEALIZED_SINGLE_PAIR_GRADUAL,IDEALIZED_GRADUAL_MAPPING,32,5,31,0,2,8,203264,208,256,53248,96.23,0.0,96.14645435409035,0.024144789184522026,96.12230956490583,-0.08354564590965197,0.08354564590965197,True,LEAVE_ONE_FAMILY_OUT,HfOx,HfOx_01,10.1109/TNANO.2024.3485213,HfOx,7,5,4,False
HfOx_01,10.1109/TNANO.2024.3485213,HfOx,45.4,1.657055852857104,0,0,GRADUAL_MULTILEVEL,NOT_REPORTED,absolute,IDEALIZED_SINGLE_PAIR_GRADUAL,IDEALIZED_GRADUAL_MAPPING,16,7,127,0,2,9,203264,800,512,409600,96.23,0.0,96.22658108730158,0.014220622733021698,96.21236046456856,-0.00341891269842165,0.00341891269842165,True,LEAVE_ONE_FAMILY_OUT,HfOx,HfOx_01,10.1109/TNANO.2024.3485213,HfOx,7,5,4,False
HfOx_01,10.1109/TNANO.2024.3485213,HfOx,45.4,1.657055852857104,0,0,GRADUAL_MULTILEVEL,NOT_REPORTED,absolute,IDEALIZED_SINGLE_PAIR_GRADUAL,IDEALIZED_GRADUAL_MAPPING,32,7,127,0,2,8,203264,208,256,53248,96.23,0.0,96.22125093362193,0.019684457681531563,96.2015664759404,-0.008749066378072712,0.008749066378072712,True,LEAVE_ONE_FAMILY_OUT,HfOx,HfOx_01,10.1109/TNANO.2024.3485213,HfOx,7,5,4,False
HfOx_01,10.1109/TNANO.2024.3485213,HfOx,45.4,1.657055852857104,0,0,GRADUAL_MULTILEVEL,NOT_REPORTED,absolute,IDEALIZED_SINGLE_PAIR_GRADUAL,IDEALIZED_GRADUAL_MAPPING,64,7,127,0,2,8,203264,56,256,14336,96.23,0.0,96.20722382251083,0.027143233445535056,96.1800805890653,-0.022776177489177485,0.022776177489177485,True,LEAVE_ONE_FAMILY_OUT,HfOx,HfOx_01,10.1109/TNANO.2024.3485213,HfOx,7,5,4,False
HfOx_01,10.1109/TNANO.2024.3485213,HfOx,45.4,1.657055852857104,0,0,GRADUAL_MULTILEVEL,NOT_REPORTED,absolute,IDEALIZED_SINGLE_PAIR_GRADUAL,IDEALIZED_GRADUAL_MAPPING,128,7,127,0,2,8,203264,16,256,4096,96.23,0.0,96.2311128015873,0.030960335644379788,96.20015246594292,0.0011128015872969854,0.0011128015872969854,True,LEAVE_ONE_FAMILY_OUT,HfOx,HfOx_01,10.1109/TNANO.2024.3485213,HfOx,7,5,4,False
HfOx_01,10.1109/TNANO.2024.3485213,HfOx,45.4,1.657055852857104,0,0,GRADUAL_MULTILEVEL,NOT_REPORTED,absolute,IDEALIZED_SINGLE_PAIR_GRADUAL,IDEALIZED_GRADUAL_MAPPING,256,8,255,0,2,9,203264,10,512,5120,96.22,0.0100000000000051,96.19770096031748,0.02441266619384584,96.17328829412364,-0.022299039682522448,0.022299039682522448,True,LEAVE_ONE_FAMILY_OUT,HfOx,HfOx_01,10.1109/TNANO.2024.3485213,HfOx,7,5,4,False
HfOx_01,10.1109/TNANO.2024.3485213,HfOx,45.4,1.657055852857104,0,0,GRADUAL_MULTILEVEL,NOT_REPORTED,absolute,IDEALIZED_SINGLE_PAIR_GRADUAL,IDEALIZED_GRADUAL_MAPPING,64,8,255,0,2,10,203264,56,1024,57344,96.22,0.0100000000000051,96.25458313708513,0.024658642875066996,96.22992449421007,0.03458313708513572,0.03458313708513572,True,LEAVE_ONE_FAMILY_OUT,HfOx,HfOx_01,10.1109/TNANO.2024.3485213,HfOx,7,5,4,False
HfOx_01,10.1109/TNANO.2024.3485213,HfOx,45.4,1.657055852857104,0,0,GRADUAL_MULTILEVEL,NOT_REPORTED,absolute,IDEALIZED_SINGLE_PAIR_GRADUAL,IDEALIZED_GRADUAL_MAPPING,32,6,63,0,2,7,203264,208,128,26624,96.22,0.0100000000000051,96.24195782395383,0.033232330494452206,96.20872549345937,0.021957823953826505,0.021957823953826505,True,LEAVE_ONE_FAMILY_OUT,HfOx,HfOx_01,10.1109/TNANO.2024.3485213,HfOx,7,5,4,False
HfOx_01,10.1109/TNANO.2024.3485213,HfOx,45.4,1.657055852857104,0,0,GRADUAL_MULTILEVEL,NOT_REPORTED,absolute,IDEALIZED_SINGLE_PAIR_GRADUAL,IDEALIZED_GRADUAL_MAPPING,256,7,127,0,2,10,203264,10,1024,10240,96.22,0.0100000000000051,96.22157625396827,0.018309072262953235,96.20326718170531,0.001576253968266883,0.001576253968266883,True,LEAVE_ONE_FAMILY_OUT,HfOx,HfOx_01,10.1109/TNANO.2024.3485213,HfOx,7,5,4,False
HfOx_01,10.1109/TNANO.2024.3485213,HfOx,45.4,1.657055852857104,0,0,GRADUAL_MULTILEVEL,NOT_REPORTED,absolute,IDEALIZED_SINGLE_PAIR_GRADUAL,IDEALIZED_GRADUAL_MAPPING,128,7,127,0,2,9,203264,16,512,8192,96.22,0.0100000000000051,96.20064195382396,0.02567344321426589,96.1749685106097,-0.019358046176037647,0.019358046176037647,True,LEAVE_ONE_FAMILY_OUT,HfOx,HfOx_01,10.1109/TNANO.2024.3485213,HfOx,7,5,4,False
HfOx_01,10.1109/TNANO.2024.3485213,HfOx,45.4,1.657055852857104,0,0,GRADUAL_MULTILEVEL,NOT_REPORTED,absolute,IDEALIZED_SINGLE_PAIR_GRADUAL,IDEALIZED_GRADUAL_MAPPING,256,7,127,0,2,8,203264,10,256,2560,96.22,0.0100000000000051,96.23631341269842,0.027551902919280436,96.20876150977914,0.016313412698423235,0.016313412698423235,True,LEAVE_ONE_FAMILY_OUT,HfOx,HfOx_01,10.1109/TNANO.2024.3485213,HfOx,7,5,4,False
HfOx_01,10.1109/TNANO.2024.3485213,HfOx,45.4,1.657055852857104,0,0,GRADUAL_MULTILEVEL,NOT_REPORTED,absolute,IDEALIZED_SINGLE_PAIR_GRADUAL,IDEALIZED_GRADUAL_MAPPING,16,7,127,0,2,8,203264,800,256,204800,96.22,0.0100000000000051,96.22404704473304,0.015129452714876219,96.20891759201817,0.004047044733042071,0.004047044733042071,True,LEAVE_ONE_FAMILY_OUT,HfOx,HfOx_01,10.1109/TNANO.2024.3485213,HfOx,7,5,4,False
HfOx_01,10.1109/TNANO.2024.3485213,HfOx,45.4,1.657055852857104,0,0,GRADUAL_MULTILEVEL,NOT_REPORTED,absolute,IDEALIZED_SINGLE_PAIR_GRADUAL,IDEALIZED_GRADUAL_MAPPING,16,8,255,0,2,7,203264,800,128,102400,96.22,0.0100000000000051,96.24901006204905,0.025323496050521036,96.22368656599853,0.02901006204905343,0.02901006204905343,True,LEAVE_ONE_FAMILY_OUT,HfOx,HfOx_01,10.1109/TNANO.2024.3485213,HfOx,7,5,4,False
HfOx_01,10.1109/TNANO.2024.3485213,HfOx,45.4,1.657055852857104,0,0,GRADUAL_MULTILEVEL,NOT_REPORTED,absolute,IDEALIZED_SINGLE_PAIR_GRADUAL,IDEALIZED_GRADUAL_MAPPING,16,7,127,0,2,7,203264,800,128,102400,96.22,0.0100000000000051,96.23810447474747,0.02346149126941545,96.21464298347806,0.01810447474747434,0.01810447474747434,True,LEAVE_ONE_FAMILY_OUT,HfOx,HfOx_01,10.1109/TNANO.2024.3485213,HfOx,7,5,4,False
HfOx_01,10.1109/TNANO.2024.3485213,HfOx,45.4,1.657055852857104,0,0,GRADUAL_MULTILEVEL,NOT_REPORTED,absolute,IDEALIZED_SINGLE_PAIR_GRADUAL,IDEALIZED_GRADUAL_MAPPING,16,6,63,0,2,7,203264,800,128,102400,96.22,0.0100000000000051,96.24782493506494,0.02815514948324564,96.2196697855817,0.02782493506494177,0.02782493506494177,True,LEAVE_ONE_FAMILY_OUT,HfOx,HfOx_01,10.1109/TNANO.2024.3485213,HfOx,7,5,4,False
HfOx_01,10.1109/TNANO.2024.3485213,HfOx,45.4,1.657055852857104,0,0,GRADUAL_MULTILEVEL,NOT_REPORTED,absolute,IDEALIZED_SINGLE_PAIR_GRADUAL,IDEALIZED_GRADUAL_MAPPING,128,8,255,0,2,10,203264,16,1024,16384,96.21,0.0200000000000102,96.19788287301589,0.0345931987095981,96.16328967430628,-0.012117126984108495,0.012117126984108495,True,LEAVE_ONE_FAMILY_OUT,HfOx,HfOx_01,10.1109/TNANO.2024.3485213,HfOx,7,5,4,False
HfOx_01,10.1109/TNANO.2024.3485213,HfOx,45.4,1.657055852857104,0,0,GRADUAL_MULTILEVEL,NOT_REPORTED,absolute,IDEALIZED_SINGLE_PAIR_GRADUAL,IDEALIZED_GRADUAL_MAPPING,32,7,127,0,2,7,203264,208,128,26624,96.21,0.0200000000000102,96.23228860966812,0.02793544457051601,96.2043531650976,0.022288609668123627,0.022288609668123627,True,LEAVE_ONE_FAMILY_OUT,HfOx,HfOx_01,10.1109/TNANO.2024.3485213,HfOx,7,5,4,False
HfOx_01,10.1109/TNANO.2024.3485213,HfOx,45.4,1.657055852857104,0,0,GRADUAL_MULTILEVEL,NOT_REPORTED,absolute,IDEALIZED_SINGLE_PAIR_GRADUAL,IDEALIZED_GRADUAL_MAPPING,16,8,255,0,2,8,203264,800,256,204800,96.21,0.0200000000000102,96.23943126190477,0.020736388661021253,96.21869487324375,0.02943126190477585,0.02943126190477585,True,LEAVE_ONE_FAMILY_OUT,HfOx,HfOx_01,10.1109/TNANO.2024.3485213,HfOx,7,5,4,False
HfOx_01,10.1109/TNANO.2024.3485213,HfOx,45.4,1.657055852857104,0,0,GRADUAL_MULTILEVEL,NOT_REPORTED,absolute,IDEALIZED_SINGLE_PAIR_GRADUAL,IDEALIZED_GRADUAL_MAPPING,16,7,127,0,2,10,203264,800,1024,819200,96.21,0.0200000000000102,96.22214355555555,0.008135889348919168,96.21400766620663,0.012143555555553576,0.012143555555553576,True,LEAVE_ONE_FAMILY_OUT,HfOx,HfOx_01,10.1109/TNANO.2024.3485213,HfOx,7,5,4,False
HfOx_01,10.1109/TNANO.2024.3485213,HfOx,45.4,1.657055852857104,0,0,GRADUAL_MULTILEVEL,NOT_REPORTED,absolute,IDEALIZED_SINGLE_PAIR_GRADUAL,IDEALIZED_GRADUAL_MAPPING,64,7,127,0,2,10,203264,56,1024,57344,96.21,0.0200000000000102,96.22730954761904,0.01609953427849775,96.21121001334055,0.01730954761904968,0.01730954761904968,True,LEAVE_ONE_FAMILY_OUT,HfOx,HfOx_01,10.1109/TNANO.2024.3485213,HfOx,7,5,4,False
HfOx_01,10.1109/TNANO.2024.3485213,HfOx,45.4,1.657055852857104,0,0,GRADUAL_MULTILEVEL,NOT_REPORTED,absolute,IDEALIZED_SINGLE_PAIR_GRADUAL,IDEALIZED_GRADUAL_MAPPING,128,8,255,0,2,7,203264,16,128,2048,96.21,0.0200000000000102,96.19094187301586,0.05400774188383665,96.13693413113202,-0.01905812698413456,0.01905812698413456,True,LEAVE_ONE_FAMILY_OUT,HfOx,HfOx_01,10.1109/TNANO.2024.3485213,HfOx,7,5,4,False
HfOx_01,10.1109/TNANO.2024.3485213,HfOx,45.4,1.657055852857104,0,0,GRADUAL_MULTILEVEL,NOT_REPORTED,absolute,IDEALIZED_SINGLE_PAIR_GRADUAL,IDEALIZED_GRADUAL_MAPPING,64,5,31,0,2,7,203264,56,128,7168,96.21,0.0200000000000102,96.14122867460316,0.1076860968138388,96.03354257778932,-0.06877132539683828,0.06877132539683828,True,LEAVE_ONE_FAMILY_OUT,HfOx,HfOx_01,10.1109/TNANO.2024.3485213,HfOx,7,5,4,False
HfOx_01,10.1109/TNANO.2024.3485213,HfOx,45.4,1.657055852857104,0,0,GRADUAL_MULTILEVEL,NOT_REPORTED,absolute,IDEALIZED_SINGLE_PAIR_GRADUAL,IDEALIZED_GRADUAL_MAPPING,64,6,63,0,2,8,203264,56,256,14336,96.21,0.0200000000000102,96.25332027633478,0.053528088107932206,96.19979218822684,0.04332027633478219,0.04332027633478219,True,LEAVE_ONE_FAMILY_OUT,HfOx,HfOx_01,10.1109/TNANO.2024.3485213,HfOx,7,5,4,False
HfOx_01,10.1109/TNANO.2024.3485213,HfOx,45.4,1.657055852857104,0,0,GRADUAL_MULTILEVEL,NOT_REPORTED,absolute,IDEALIZED_SINGLE_PAIR_GRADUAL,IDEALIZED_GRADUAL_MAPPING,32,7,127,0,2,10,203264,208,1024,212992,96.2,0.0300000000000011,96.22584276190476,0.010890397744982397,96.21495236415977,0.025842761904755207,0.025842761904755207,True,LEAVE_ONE_FAMILY_OUT,HfOx,HfOx_01,10.1109/TNANO.2024.3485213,HfOx,7,5,4,False
HfOx_01,10.1109/TNANO.2024.3485213,HfOx,45.4,1.657055852857104,0,0,GRADUAL_MULTILEVEL,NOT_REPORTED,absolute,IDEALIZED_SINGLE_PAIR_GRADUAL,IDEALIZED_GRADUAL_MAPPING,16,5,31,0,2,7,203264,800,128,102400,96.2,0.0300000000000011,96.14916436507937,0.04148705286670089,96.10767731221267,-0.05083563492063092,0.05083563492063092,True,LEAVE_ONE_FAMILY_OUT,HfOx,HfOx_01,10.1109/TNANO.2024.3485213,HfOx,7,5,4,False
HfOx_01,10.1109/TNANO.2024.3485213,HfOx,45.4,1.657055852857104,0,0,GRADUAL_MULTILEVEL,NOT_REPORTED,absolute,IDEALIZED_SINGLE_PAIR_GRADUAL,IDEALIZED_GRADUAL_MAPPING,128,7,127,0,2,10,203264,16,1024,16384,96.2,0.0300000000000011,96.21608682539684,0.02348768713953978,96.19259913825731,0.016086825396840254,0.016086825396840254,True,LEAVE_ONE_FAMILY_OUT,HfOx,HfOx_01,10.1109/TNANO.2024.3485213,HfOx,7,5,4,False
HfOx_01,10.1109/TNANO.2024.3485213,HfOx,45.4,1.657055852857104,0,0,GRADUAL_MULTILEVEL,NOT_REPORTED,absolute,IDEALIZED_SINGLE_PAIR_GRADUAL,IDEALIZED_GRADUAL_MAPPING,128,8,255,0,2,8,203264,16,256,4096,96.2,0.0300000000000011,96.2137605079365,0.03267332726746805,96.18108718066902,0.01376050793649597,0.01376050793649597,True,LEAVE_ONE_FAMILY_OUT,HfOx,HfOx_01,10.1109/TNANO.2024.3485213,HfOx,7,5,4,False
HfOx_01,10.1109/TNANO.2024.3485213,HfOx,45.4,1.657055852857104,0,0,GRADUAL_MULTILEVEL,NOT_REPORTED,absolute,IDEALIZED_SINGLE_PAIR_GRADUAL,IDEALIZED_GRADUAL_MAPPING,32,5,31,0,2,7,203264,208,128,26624,96.2,0.0300000000000011,96.14587552380952,0.048722241096823854,96.0971532827127,-0.054124476190480664,0.054124476190480664,True,LEAVE_ONE_FAMILY_OUT,HfOx,HfOx_01,10.1109/TNANO.2024.3485213,HfOx,7,5,4,False
HfOx_01,10.1109/TNANO.2024.3485213,HfOx,45.4,1.657055852857104,0,0,GRADUAL_MULTILEVEL,NOT_REPORTED,absolute,IDEALIZED_SINGLE_PAIR_GRADUAL,IDEALIZED_GRADUAL_MAPPING,64,5,31,0,2,8,203264,56,256,14336,96.19,0.0400000000000062,96.17721355555555,0.04663246427180654,96.13058109128374,-0.0127864444444441,0.0127864444444441,True,LEAVE_ONE_FAMILY_OUT,HfOx,HfOx_01,10.1109/TNANO.2024.3485213,HfOx,7,5,4,False
HfOx_01,10.1109/TNANO.2024.3485213,HfOx,45.4,1.657055852857104,0,0,GRADUAL_MULTILEVEL,NOT_REPORTED,absolute,IDEALIZED_SINGLE_PAIR_GRADUAL,IDEALIZED_GRADUAL_MAPPING,256,7,127,0,2,7,203264,10,128,1280,96.19,0.0400000000000062,96.17271188095238,0.06271931363085029,96.10999256732153,-0.0172881190476204,0.0172881190476204,True,LEAVE_ONE_FAMILY_OUT,HfOx,HfOx_01,10.1109/TNANO.2024.3485213,HfOx,7,5,4,False
HfOx_01,10.1109/TNANO.2024.3485213,HfOx,45.4,1.657055852857104,0,0,GRADUAL_MULTILEVEL,NOT_REPORTED,absolute,IDEALIZED_SINGLE_PAIR_GRADUAL,IDEALIZED_GRADUAL_MAPPING,16,6,63,0,2,5,203264,800,32,25600,96.19,0.0400000000000062,95.954226,0.26600243298032705,95.68822356701968,-0.23577399999999216,0.23577399999999216,True,LEAVE_ONE_FAMILY_OUT,HfOx,HfOx_01,10.1109/TNANO.2024.3485213,HfOx,7,5,4,False
HfOx_01,10.1109/TNANO.2024.3485213,HfOx,45.4,1.657055852857104,0,0,GRADUAL_MULTILEVEL,NOT_REPORTED,absolute,IDEALIZED_SINGLE_PAIR_GRADUAL,IDEALIZED_GRADUAL_MAPPING,128,8,255,0,2,9,203264,16,512,8192,96.19,0.0400000000000062,96.18996826190477,0.03366743750431058,96.15630082440046,-3.1738095231048646e-05,3.1738095231048646e-05,True,LEAVE_ONE_FAMILY_OUT,HfOx,HfOx_01,10.1109/TNANO.2024.3485213,HfOx,7,5,4,False
HfOx_01,10.1109/TNANO.2024.3485213,HfOx,45.4,1.657055852857104,0,0,GRADUAL_MULTILEVEL,NOT_REPORTED,absolute,IDEALIZED_SINGLE_PAIR_GRADUAL,IDEALIZED_GRADUAL_MAPPING,16,7,127,0,2,6,203264,800,64,51200,96.18,0.0499999999999971,96.14890203174603,0.06678248197255778,96.08211954977348,-0.031097968253973818,0.031097968253973818,True,LEAVE_ONE_FAMILY_OUT,HfOx,HfOx_01,10.1109/TNANO.2024.3485213,HfOx,7,5,4,False
HfOx_01,10.1109/TNANO.2024.3485213,HfOx,45.4,1.657055852857104,0,0,GRADUAL_MULTILEVEL,NOT_REPORTED,absolute,IDEALIZED_SINGLE_PAIR_GRADUAL,IDEALIZED_GRADUAL_MAPPING,16,8,255,0,2,5,203264,800,32,25600,96.17,0.0600000000000022,95.99241517460317,0.2564467472116819,95.73596842739148,-0.17758482539683484,0.17758482539683484,True,LEAVE_ONE_FAMILY_OUT,HfOx,HfOx_01,10.1109/TNANO.2024.3485213,HfOx,7,5,4,False
HfOx_01,10.1109/TNANO.2024.3485213,HfOx,45.4,1.657055852857104,0,0,GRADUAL_MULTILEVEL,NOT_REPORTED,absolute,IDEALIZED_SINGLE_PAIR_GRADUAL,IDEALIZED_GRADUAL_MAPPING,16,5,31,0,2,9,203264,800,512,409600,96.17,0.0600000000000022,96.1417706031746,0.016497921456439458,96.12527268171817,-0.02822939682539527,0.02822939682539527,True,LEAVE_ONE_FAMILY_OUT,HfOx,HfOx_01,10.1109/TNANO.2024.3485213,HfOx,7,5,4,False
HfOx_01,10.1109/TNANO.2024.3485213,HfOx,45.4,1.657055852857104,0,0,GRADUAL_MULTILEVEL,NOT_REPORTED,absolute,IDEALIZED_SINGLE_PAIR_GRADUAL,IDEALIZED_GRADUAL_MAPPING,64,8,255,0,2,8,203264,56,256,14336,96.17,0.0600000000000022,96.22190761904761,0.02830989655317643,96.19359772249443,0.05190761904761132,0.05190761904761132,True,LEAVE_ONE_FAMILY_OUT,HfOx,HfOx_01,10.1109/TNANO.2024.3485213,HfOx,7,5,4,False
HfOx_01,10.1109/TNANO.2024.3485213,HfOx,45.4,1.657055852857104,0,0,GRADUAL_MULTILEVEL,NOT_REPORTED,absolute,IDEALIZED_SINGLE_PAIR_GRADUAL,IDEALIZED_GRADUAL_MAPPING,128,5,31,0,2,8,203264,16,256,4096,96.17,0.0600000000000022,96.16305083333334,0.04110515720554637,96.1219456761278,-0.006949166666657902,0.006949166666657902,True,LEAVE_ONE_FAMILY_OUT,HfOx,HfOx_01,10.1109/TNANO.2024.3485213,HfOx,7,5,4,False
HfOx_01,10.1109/TNANO.2024.3485213,HfOx,45.4,1.657055852857104,0,0,GRADUAL_MULTILEVEL,NOT_REPORTED,absolute,IDEALIZED_SINGLE_PAIR_GRADUAL,IDEALIZED_GRADUAL_MAPPING,128,6,63,0,2,7,203264,16,128,2048,96.17,0.0600000000000022,96.19865553968255,0.054685091164686284,96.14397044851786,0.028655539682546305,0.028655539682546305,True,LEAVE_ONE_FAMILY_OUT,HfOx,HfOx_01,10.1109/TNANO.2024.3485213,HfOx,7,5,4,False
HfOx_01,10.1109/TNANO.2024.3485213,HfOx,45.4,1.657055852857104,0,0,GRADUAL_MULTILEVEL,NOT_REPORTED,absolute,IDEALIZED_SINGLE_PAIR_GRADUAL,IDEALIZED_GRADUAL_MAPPING,32,5,31,0,2,9,203264,208,512,106496,96.16,0.0700000000000073,96.14223792551894,0.015577723229019146,96.12666020228993,-0.01776207448105538,0.01776207448105538,True,LEAVE_ONE_FAMILY_OUT,HfOx,HfOx_01,10.1109/TNANO.2024.3485213,HfOx,7,5,4,False
HfOx_01,10.1109/TNANO.2024.3485213,HfOx,45.4,1.657055852857104,0,0,GRADUAL_MULTILEVEL,NOT_REPORTED,absolute,IDEALIZED_SINGLE_PAIR_GRADUAL,IDEALIZED_GRADUAL_MAPPING,64,5,31,0,2,10,203264,56,1024,57344,96.16,0.0700000000000073,96.14326007142859,0.02210633893887099,96.12115373248972,-0.016739928571411156,0.016739928571411156,True,LEAVE_ONE_FAMILY_OUT,HfOx,HfOx_01,10.1109/TNANO.2024.3485213,HfOx,7,5,4,False
HfOx_01,10.1109/TNANO.2024.3485213,HfOx,45.4,1.657055852857104,0,0,GRADUAL_MULTILEVEL,NOT_REPORTED,absolute,IDEALIZED_SINGLE_PAIR_GRADUAL,IDEALIZED_GRADUAL_MAPPING,128,5,31,0,2,9,203264,16,512,8192,96.15,0.0799999999999983,96.16066606349207,0.025418227069289288,96.13524783642278,0.010666063492067224,0.010666063492067224,True,LEAVE_ONE_FAMILY_OUT,HfOx,HfOx_01,10.1109/TNANO.2024.3485213,HfOx,7,5,4,False
HfOx_01,10.1109/TNANO.2024.3485213,HfOx,45.4,1.657055852857104,0,0,GRADUAL_MULTILEVEL,NOT_REPORTED,absolute,IDEALIZED_SINGLE_PAIR_GRADUAL,IDEALIZED_GRADUAL_MAPPING,128,7,127,0,2,7,203264,16,128,2048,96.15,0.0799999999999983,96.18992152380952,0.058736486096990205,96.13118503771253,0.03992152380951097,0.03992152380951097,True,LEAVE_ONE_FAMILY_OUT,HfOx,HfOx_01,10.1109/TNANO.2024.3485213,HfOx,7,5,4,False
HfOx_01,10.1109/TNANO.2024.3485213,HfOx,45.4,1.657055852857104,0,0,GRADUAL_MULTILEVEL,NOT_REPORTED,absolute,IDEALIZED_SINGLE_PAIR_GRADUAL,IDEALIZED_GRADUAL_MAPPING,256,6,63,0,2,7,203264,10,128,1280,96.15,0.0799999999999983,96.18333092063493,0.06095442330256728,96.12237649733237,0.033330920634924155,0.033330920634924155,True,LEAVE_ONE_FAMILY_OUT,HfOx,HfOx_01,10.1109/TNANO.2024.3485213,HfOx,7,5,4,False
HfOx_01,10.1109/TNANO.2024.3485213,HfOx,45.4,1.657055852857104,0,0,GRADUAL_MULTILEVEL,NOT_REPORTED,absolute,IDEALIZED_SINGLE_PAIR_GRADUAL,IDEALIZED_GRADUAL_MAPPING,256,5,31,0,2,10,203264,10,1024,10240,96.14,0.0900000000000034,96.14506434920635,0.02081168123903802,96.12425266796731,0.005064349206350016,0.005064349206350016,True,LEAVE_ONE_FAMILY_OUT,HfOx,HfOx_01,10.1109/TNANO.2024.3485213,HfOx,7,5,4,False
HfOx_01,10.1109/TNANO.2024.3485213,HfOx,45.4,1.657055852857104,0,0,GRADUAL_MULTILEVEL,NOT_REPORTED,absolute,IDEALIZED_SINGLE_PAIR_GRADUAL,IDEALIZED_GRADUAL_MAPPING,256,8,255,0,2,7,203264,10,128,1280,96.14,0.0900000000000034,96.17285226190478,0.05747979547683572,96.11537246642794,0.03285226190477886,0.03285226190477886,True,LEAVE_ONE_FAMILY_OUT,HfOx,HfOx_01,10.1109/TNANO.2024.3485213,HfOx,7,5,4,False
HfOx_01,10.1109/TNANO.2024.3485213,HfOx,45.4,1.657055852857104,0,0,GRADUAL_MULTILEVEL,NOT_REPORTED,absolute,IDEALIZED_SINGLE_PAIR_GRADUAL,IDEALIZED_GRADUAL_MAPPING,256,5,31,0,2,9,203264,10,512,5120,96.14,0.0900000000000034,96.15134834920636,0.028376844661758365,96.1229715045446,0.011348349206357966,0.011348349206357966,True,LEAVE_ONE_FAMILY_OUT,HfOx,HfOx_01,10.1109/TNANO.2024.3485213,HfOx,7,5,4,False
HfOx_01,10.1109/TNANO.2024.3485213,HfOx,45.4,1.657055852857104,0,0,GRADUAL_MULTILEVEL,NOT_REPORTED,absolute,IDEALIZED_SINGLE_PAIR_GRADUAL,IDEALIZED_GRADUAL_MAPPING,128,5,31,0,2,7,203264,16,128,2048,96.14,0.0900000000000034,96.10636847619048,0.11602783680695096,95.99034063938353,-0.03363152380951817,0.03363152380951817,True,LEAVE_ONE_FAMILY_OUT,HfOx,HfOx_01,10.1109/TNANO.2024.3485213,HfOx,7,5,4,False
HfOx_01,10.1109/TNANO.2024.3485213,HfOx,45.4,1.657055852857104,0,0,GRADUAL_MULTILEVEL,NOT_REPORTED,absolute,IDEALIZED_SINGLE_PAIR_GRADUAL,IDEALIZED_GRADUAL_MAPPING,16,7,127,0,2,5,203264,800,32,25600,96.13,0.1000000000000085,95.9970227936508,0.25998359442678043,95.73703919922401,-0.13297720634919585,0.13297720634919585,True,LEAVE_ONE_FAMILY_OUT,HfOx,HfOx_01,10.1109/TNANO.2024.3485213,HfOx,7,5,4,False
HfOx_01,10.1109/TNANO.2024.3485213,HfOx,45.4,1.657055852857104,0,0,GRADUAL_MULTILEVEL,NOT_REPORTED,absolute,IDEALIZED_SINGLE_PAIR_GRADUAL,IDEALIZED_GRADUAL_MAPPING,32,8,255,0,2,6,203264,208,64,13312,96.13,0.1000000000000085,96.15086756349208,0.10634470929216246,96.04452285419993,0.020867563492089403,0.020867563492089403,True,LEAVE_ONE_FAMILY_OUT,HfOx,HfOx_01,10.1109/TNANO.2024.3485213,HfOx,7,5,4,False
HfOx_01,10.1109/TNANO.2024.3485213,HfOx,45.4,1.657055852857104,0,0,GRADUAL_MULTILEVEL,NOT_REPORTED,absolute,IDEALIZED_SINGLE_PAIR_GRADUAL,IDEALIZED_GRADUAL_MAPPING,64,5,31,0,2,9,203264,56,512,28672,96.13,0.1000000000000085,96.15801318253968,0.02475195740712348,96.13326122513256,0.02801318253968077,0.02801318253968077,True,LEAVE_ONE_FAMILY_OUT,HfOx,HfOx_01,10.1109/TNANO.2024.3485213,HfOx,7,5,4,False
HfOx_01,10.1109/TNANO.2024.3485213,HfOx,45.4,1.657055852857104,0,0,GRADUAL_MULTILEVEL,NOT_REPORTED,absolute,IDEALIZED_SINGLE_PAIR_GRADUAL,IDEALIZED_GRADUAL_MAPPING,256,5,31,0,2,8,203264,10,256,2560,96.13,0.1000000000000085,96.12972373015873,0.04037503288006287,96.08934869727867,-0.0002762698412652753,0.0002762698412652753,True,LEAVE_ONE_FAMILY_OUT,HfOx,HfOx_01,10.1109/TNANO.2024.3485213,HfOx,7,5,4,False
HfOx_01,10.1109/TNANO.2024.3485213,HfOx,45.4,1.657055852857104,0,0,GRADUAL_MULTILEVEL,NOT_REPORTED,absolute,IDEALIZED_SINGLE_PAIR_GRADUAL,IDEALIZED_GRADUAL_MAPPING,32,5,31,0,2,6,203264,208,64,13312,96.13,0.1000000000000085,96.09609812698415,0.09828059894690508,95.99781752803725,-0.033901873015850015,0.033901873015850015,True,LEAVE_ONE_FAMILY_OUT,HfOx,HfOx_01,10.1109/TNANO.2024.3485213,HfOx,7,5,4,False
HfOx_01,10.1109/TNANO.2024.3485213,HfOx,45.4,1.657055852857104,0,0,GRADUAL_MULTILEVEL,NOT_REPORTED,absolute,IDEALIZED_SINGLE_PAIR_GRADUAL,IDEALIZED_GRADUAL_MAPPING,32,5,31,0,2,10,203264,208,1024,212992,96.13,0.1000000000000085,96.13213585409036,0.00831159242504268,96.12382426166532,0.0021358540903690937,0.0021358540903690937,True,LEAVE_ONE_FAMILY_OUT,HfOx,HfOx_01,10.1109/TNANO.2024.3485213,HfOx,7,5,4,False
HfOx_01,10.1109/TNANO.2024.3485213,HfOx,45.4,1.657055852857104,0,0,GRADUAL_MULTILEVEL,NOT_REPORTED,absolute,IDEALIZED_SINGLE_PAIR_GRADUAL,IDEALIZED_GRADUAL_MAPPING,32,6,63,0,2,6,203264,208,64,13312,96.13,0.1000000000000085,96.1450278968254,0.1042886971604816,96.04073919966491,0.015027896825401399,0.015027896825401399,True,LEAVE_ONE_FAMILY_OUT,HfOx,HfOx_01,10.1109/TNANO.2024.3485213,HfOx,7,5,4,False
HfOx_01,10.1109/TNANO.2024.3485213,HfOx,45.4,1.657055852857104,0,0,GRADUAL_MULTILEVEL,NOT_REPORTED,absolute,IDEALIZED_SINGLE_PAIR_GRADUAL,IDEALIZED_GRADUAL_MAPPING,32,8,255,0,2,7,203264,208,128,26624,96.13,0.1000000000000085,96.24220297474747,0.031552124093983495,96.2106508506535,0.11220297474747554,0.11220297474747554,True,LEAVE_ONE_FAMILY_OUT,HfOx,HfOx_01,10.1109/TNANO.2024.3485213,HfOx,7,5,4,False
HfOx_01,10.1109/TNANO.2024.3485213,HfOx,45.4,1.657055852857104,0,0,GRADUAL_MULTILEVEL,NOT_REPORTED,absolute,IDEALIZED_SINGLE_PAIR_GRADUAL,IDEALIZED_GRADUAL_MAPPING,16,5,31,0,2,8,203264,800,256,204800,96.13,0.1000000000000085,96.14113841269842,0.023998684080761057,96.11713972861766,0.011138412698429079,0.011138412698429079,True,LEAVE_ONE_FAMILY_OUT,HfOx,HfOx_01,10.1109/TNANO.2024.3485213,HfOx,7,5,4,False
HfOx_01,10.1109/TNANO.2024.3485213,HfOx,45.4,1.657055852857104,0,0,GRADUAL_MULTILEVEL,NOT_REPORTED,absolute,IDEALIZED_SINGLE_PAIR_GRADUAL,IDEALIZED_GRADUAL_MAPPING,128,5,31,0,2,10,203264,16,1024,16384,96.12,0.1099999999999994,96.15099094444443,0.02533390503437941,96.12565703941006,0.03099094444442585,0.03099094444442585,True,LEAVE_ONE_FAMILY_OUT,HfOx,HfOx_01,10.1109/TNANO.2024.3485213,HfOx,7,5,4,False
HfOx_01,10.1109/TNANO.2024.3485213,HfOx,45.4,1.657055852857104,0,0,GRADUAL_MULTILEVEL,NOT_REPORTED,absolute,IDEALIZED_SINGLE_PAIR_GRADUAL,IDEALIZED_GRADUAL_MAPPING,32,4,15,0,2,7,203264,208,128,26624,96.12,0.1099999999999994,96.06575764285715,0.056022710013452486,96.0097349328437,-0.0542423571428543,0.0542423571428543,True,LEAVE_ONE_FAMILY_OUT,HfOx,HfOx_01,10.1109/TNANO.2024.3485213,HfOx,7,5,4,False
HfOx_01,10.1109/TNANO.2024.3485213,HfOx,45.4,1.657055852857104,0,0,GRADUAL_MULTILEVEL,NOT_REPORTED,absolute,IDEALIZED_SINGLE_PAIR_GRADUAL,IDEALIZED_GRADUAL_MAPPING,64,4,15,0,2,9,203264,56,512,28672,96.11,0.1200000000000045,96.05944747680097,0.023554783650534265,96.03589269315043,-0.050552523199030475,0.050552523199030475,True,LEAVE_ONE_FAMILY_OUT,HfOx,HfOx_01,10.1109/TNANO.2024.3485213,HfOx,7,5,4,False
HfOx_01,10.1109/TNANO.2024.3485213,HfOx,45.4,1.657055852857104,0,0,GRADUAL_MULTILEVEL,NOT_REPORTED,absolute,IDEALIZED_SINGLE_PAIR_GRADUAL,IDEALIZED_GRADUAL_MAPPING,16,4,15,0,2,7,203264,800,128,102400,96.11,0.1200000000000045,96.09177517460317,0.04613025688465332,96.04564491771852,-0.018224825396828237,0.018224825396828237,True,LEAVE_ONE_FAMILY_OUT,HfOx,HfOx_01,10.1109/TNANO.2024.3485213,HfOx,7,5,4,False
HfOx_01,10.1109/TNANO.2024.3485213,HfOx,45.4,1.657055852857104,0,0,GRADUAL_MULTILEVEL,NOT_REPORTED,absolute,IDEALIZED_SINGLE_PAIR_GRADUAL,IDEALIZED_GRADUAL_MAPPING,32,7,127,0,2,6,203264,208,64,13312,96.11,0.1200000000000045,96.1403255873016,0.1017350590335029,96.0385905282681,0.030325587301604173,0.030325587301604173,True,LEAVE_ONE_FAMILY_OUT,HfOx,HfOx_01,10.1109/TNANO.2024.3485213,HfOx,7,5,4,False
HfOx_01,10.1109/TNANO.2024.3485213,HfOx,45.4,1.657055852857104,0,0,GRADUAL_MULTILEVEL,NOT_REPORTED,absolute,IDEALIZED_SINGLE_PAIR_GRADUAL,IDEALIZED_GRADUAL_MAPPING,16,5,31,0,2,10,203264,800,1024,819200,96.1,0.1300000000000096,96.13585292857144,0.010430506549590775,96.12542242202184,0.035852928571443954,0.035852928571443954,True,LEAVE_ONE_FAMILY_OUT,HfOx,HfOx_01,10.1109/TNANO.2024.3485213,HfOx,7,5,4,False
HfOx_01,10.1109/TNANO.2024.3485213,HfOx,45.4,1.657055852857104,0,0,GRADUAL_MULTILEVEL,NOT_REPORTED,absolute,IDEALIZED_SINGLE_PAIR_GRADUAL,IDEALIZED_GRADUAL_MAPPING,64,6,63,0,2,6,203264,56,64,3584,96.1,0.1300000000000096,96.05465530952382,0.17529020711031698,95.8793651024135,-0.04534469047617051,0.04534469047617051,True,LEAVE_ONE_FAMILY_OUT,HfOx,HfOx_01,10.1109/TNANO.2024.3485213,HfOx,7,5,4,False
HfOx_01,10.1109/TNANO.2024.3485213,HfOx,45.4,1.657055852857104,0,0,GRADUAL_MULTILEVEL,NOT_REPORTED,absolute,IDEALIZED_SINGLE_PAIR_GRADUAL,IDEALIZED_GRADUAL_MAPPING,256,4,15,0,2,8,203264,10,256,2560,96.1,0.1300000000000096,96.04418976984127,0.027982430652824963,96.01620733918844,-0.05581023015872688,0.05581023015872688,True,LEAVE_ONE_FAMILY_OUT,HfOx,HfOx_01,10.1109/TNANO.2024.3485213,HfOx,7,5,4,False
HfOx_01,10.1109/TNANO.2024.3485213,HfOx,45.4,1.657055852857104,0,0,GRADUAL_MULTILEVEL,NOT_REPORTED,absolute,IDEALIZED_SINGLE_PAIR_GRADUAL,IDEALIZED_GRADUAL_MAPPING,256,5,31,0,2,7,203264,10,128,1280,96.1,0.1300000000000096,96.0873949047619,0.10972283751130886,95.97767206725058,-0.012605095238100716,0.012605095238100716,True,LEAVE_ONE_FAMILY_OUT,HfOx,HfOx_01,10.1109/TNANO.2024.3485213,HfOx,7,5,4,False
HfOx_01,10.1109/TNANO.2024.3485213,HfOx,45.4,1.657055852857104,0,0,GRADUAL_MULTILEVEL,NOT_REPORTED,absolute,IDEALIZED_SINGLE_PAIR_GRADUAL,IDEALIZED_GRADUAL_MAPPING,64,8,255,0,2,6,203264,56,64,3584,96.1,0.1300000000000096,96.06282697619046,0.16714575292032438,95.89568122327015,-0.03717302380952958,0.03717302380952958,True,LEAVE_ONE_FAMILY_OUT,HfOx,HfOx_01,10.1109/TNANO.2024.3485213,HfOx,7,5,4,False
HfOx_01,10.1109/TNANO.2024.3485213,HfOx,45.4,1.657055852857104,0,0,GRADUAL_MULTILEVEL,NOT_REPORTED,absolute,IDEALIZED_SINGLE_PAIR_GRADUAL,IDEALIZED_GRADUAL_MAPPING,128,4,15,0,2,7,203264,16,128,2048,96.08,0.1500000000000056,95.98763473015873,0.06910276761344888,95.91853196254529,-0.0923652698412667,0.0923652698412667,True,LEAVE_ONE_FAMILY_OUT,HfOx,HfOx_01,10.1109/TNANO.2024.3485213,HfOx,7,5,4,False
HfOx_01,10.1109/TNANO.2024.3485213,HfOx,45.4,1.657055852857104,0,0,GRADUAL_MULTILEVEL,NOT_REPORTED,absolute,IDEALIZED_SINGLE_PAIR_GRADUAL,IDEALIZED_GRADUAL_MAPPING,16,4,15,0,2,9,203264,800,512,409600,96.08,0.1500000000000056,96.06897048412696,0.017923473576044083,96.05104701055092,-0.011029515873033802,0.011029515873033802,True,LEAVE_ONE_FAMILY_OUT,HfOx,HfOx_01,10.1109/TNANO.2024.3485213,HfOx,7,5,4,False
HfOx_01,10.1109/TNANO.2024.3485213,HfOx,45.4,1.657055852857104,0,0,GRADUAL_MULTILEVEL,NOT_REPORTED,absolute,IDEALIZED_SINGLE_PAIR_GRADUAL,IDEALIZED_GRADUAL_MAPPING,16,5,31,0,2,6,203264,800,64,51200,96.08,0.1500000000000056,96.1078577936508,0.07505150986497493,96.03280628378582,0.02785779365079577,0.02785779365079577,True,LEAVE_ONE_FAMILY_OUT,HfOx,HfOx_01,10.1109/TNANO.2024.3485213,HfOx,7,5,4,False
HfOx_01,10.1109/TNANO.2024.3485213,HfOx,45.4,1.657055852857104,0,0,GRADUAL_MULTILEVEL,NOT_REPORTED,absolute,IDEALIZED_SINGLE_PAIR_GRADUAL,IDEALIZED_GRADUAL_MAPPING,128,4,15,0,2,8,203264,16,256,4096,96.08,0.1500000000000056,96.03472523809525,0.03280820886845956,96.00191702922679,-0.045274761904749994,0.045274761904749994,True,LEAVE_ONE_FAMILY_OUT,HfOx,HfOx_01,10.1109/TNANO.2024.3485213,HfOx,7,5,4,False
HfOx_01,10.1109/TNANO.2024.3485213,HfOx,45.4,1.657055852857104,0,0,GRADUAL_MULTILEVEL,NOT_REPORTED,absolute,IDEALIZED_SINGLE_PAIR_GRADUAL,IDEALIZED_GRADUAL_MAPPING,256,4,15,0,2,9,203264,10,512,5120,96.07,0.1600000000000108,96.04571817460318,0.017387039843540012,96.02833113475964,-0.02428182539681245,0.02428182539681245,True,LEAVE_ONE_FAMILY_OUT,HfOx,HfOx_01,10.1109/TNANO.2024.3485213,HfOx,7,5,4,False
HfOx_01,10.1109/TNANO.2024.3485213,HfOx,45.4,1.657055852857104,0,0,GRADUAL_MULTILEVEL,NOT_REPORTED,absolute,IDEALIZED_SINGLE_PAIR_GRADUAL,IDEALIZED_GRADUAL_MAPPING,32,4,15,0,2,8,203264,208,256,53248,96.07,0.1600000000000108,96.06761707936506,0.018284995428169127,96.04933208393689,-0.0023829206349290644,0.0023829206349290644,True,LEAVE_ONE_FAMILY_OUT,HfOx,HfOx_01,10.1109/TNANO.2024.3485213,HfOx,7,5,4,False
HfOx_01,10.1109/TNANO.2024.3485213,HfOx,45.4,1.657055852857104,0,0,GRADUAL_MULTILEVEL,NOT_REPORTED,absolute,IDEALIZED_SINGLE_PAIR_GRADUAL,IDEALIZED_GRADUAL_MAPPING,16,4,15,0,2,8,203264,800,256,204800,96.07,0.1600000000000108,96.06901622222222,0.01820711552524521,96.05080910669697,-0.0009837777777761403,0.0009837777777761403,True,LEAVE_ONE_FAMILY_OUT,HfOx,HfOx_01,10.1109/TNANO.2024.3485213,HfOx,7,5,4,False
HfOx_01,10.1109/TNANO.2024.3485213,HfOx,45.4,1.657055852857104,0,0,GRADUAL_MULTILEVEL,NOT_REPORTED,absolute,IDEALIZED_SINGLE_PAIR_GRADUAL,IDEALIZED_GRADUAL_MAPPING,32,4,15,0,2,10,203264,208,1024,212992,96.07,0.1600000000000108,96.06421531746032,0.015080593064169956,96.04913472439615,-0.005784682539669461,0.005784682539669461,True,LEAVE_ONE_FAMILY_OUT,HfOx,HfOx_01,10.1109/TNANO.2024.3485213,HfOx,7,5,4,False
HfOx_01,10.1109/TNANO.2024.3485213,HfOx,45.4,1.657055852857104,0,0,GRADUAL_MULTILEVEL,NOT_REPORTED,absolute,IDEALIZED_SINGLE_PAIR_GRADUAL,IDEALIZED_GRADUAL_MAPPING,256,4,15,0,2,10,203264,10,1024,10240,96.06,0.1700000000000017,96.0665076031746,0.020416540844634335,96.04609106232996,0.0065076031745974205,0.0065076031745974205,True,LEAVE_ONE_FAMILY_OUT,HfOx,HfOx_01,10.1109/TNANO.2024.3485213,HfOx,7,5,4,False
HfOx_01,10.1109/TNANO.2024.3485213,HfOx,45.4,1.657055852857104,0,0,GRADUAL_MULTILEVEL,NOT_REPORTED,absolute,IDEALIZED_SINGLE_PAIR_GRADUAL,IDEALIZED_GRADUAL_MAPPING,32,8,255,0,2,5,203264,208,32,6656,96.06,0.1700000000000017,95.8878136190476,0.3201486287967545,95.56766499025085,-0.1721863809523967,0.1721863809523967,True,LEAVE_ONE_FAMILY_OUT,HfOx,HfOx_01,10.1109/TNANO.2024.3485213,HfOx,7,5,4,False
HfOx_01,10.1109/TNANO.2024.3485213,HfOx,45.4,1.657055852857104,0,0,GRADUAL_MULTILEVEL,NOT_REPORTED,absolute,IDEALIZED_SINGLE_PAIR_GRADUAL,IDEALIZED_GRADUAL_MAPPING,128,4,15,0,2,9,203264,16,512,8192,96.06,0.1700000000000017,96.04467607142858,0.02020005196674806,96.02447601946183,-0.015323928571419287,0.015323928571419287,True,LEAVE_ONE_FAMILY_OUT,HfOx,HfOx_01,10.1109/TNANO.2024.3485213,HfOx,7,5,4,False
HfOx_01,10.1109/TNANO.2024.3485213,HfOx,45.4,1.657055852857104,0,0,GRADUAL_MULTILEVEL,NOT_REPORTED,absolute,IDEALIZED_SINGLE_PAIR_GRADUAL,IDEALIZED_GRADUAL_MAPPING,64,5,31,0,2,6,203264,56,64,3584,96.06,0.1700000000000017,96.01899906349206,0.19110846648989047,95.82789059700217,-0.04100093650794179,0.04100093650794179,True,LEAVE_ONE_FAMILY_OUT,HfOx,HfOx_01,10.1109/TNANO.2024.3485213,HfOx,7,5,4,False
HfOx_01,10.1109/TNANO.2024.3485213,HfOx,45.4,1.657055852857104,0,0,GRADUAL_MULTILEVEL,NOT_REPORTED,absolute,IDEALIZED_SINGLE_PAIR_GRADUAL,IDEALIZED_GRADUAL_MAPPING,64,4,15,0,2,10,203264,56,1024,57344,96.06,0.1700000000000017,96.06018015140414,0.018517106062676304,96.04166304534147,0.0001801514041375185,0.0001801514041375185,True,LEAVE_ONE_FAMILY_OUT,HfOx,HfOx_01,10.1109/TNANO.2024.3485213,HfOx,7,5,4,False
HfOx_01,10.1109/TNANO.2024.3485213,HfOx,45.4,1.657055852857104,0,0,GRADUAL_MULTILEVEL,NOT_REPORTED,absolute,IDEALIZED_SINGLE_PAIR_GRADUAL,IDEALIZED_GRADUAL_MAPPING,16,4,15,0,2,10,203264,800,1024,819200,96.06,0.1700000000000017,96.06831357936507,0.012663380609353903,96.05565019875571,0.008313579365065493,0.008313579365065493,True,LEAVE_ONE_FAMILY_OUT,HfOx,HfOx_01,10.1109/TNANO.2024.3485213,HfOx,7,5,4,False
HfOx_01,10.1109/TNANO.2024.3485213,HfOx,45.4,1.657055852857104,0,0,GRADUAL_MULTILEVEL,NOT_REPORTED,absolute,IDEALIZED_SINGLE_PAIR_GRADUAL,IDEALIZED_GRADUAL_MAPPING,256,4,15,0,2,7,203264,10,128,1280,96.05,0.1800000000000068,95.99218949206349,0.07019600803804528,95.92199348402545,-0.05781050793650877,0.05781050793650877,True,LEAVE_ONE_FAMILY_OUT,HfOx,HfOx_01,10.1109/TNANO.2024.3485213,HfOx,7,5,4,False
HfOx_01,10.1109/TNANO.2024.3485213,HfOx,45.4,1.657055852857104,0,0,GRADUAL_MULTILEVEL,NOT_REPORTED,absolute,IDEALIZED_SINGLE_PAIR_GRADUAL,IDEALIZED_GRADUAL_MAPPING,128,4,15,0,2,10,203264,16,1024,16384,96.05,0.1800000000000068,96.07102000793651,0.021123177529962907,96.04989683040655,0.021020007936513707,0.021020007936513707,True,LEAVE_ONE_FAMILY_OUT,HfOx,HfOx_01,10.1109/TNANO.2024.3485213,HfOx,7,5,4,False
HfOx_01,10.1109/TNANO.2024.3485213,HfOx,45.4,1.657055852857104,0,0,GRADUAL_MULTILEVEL,NOT_REPORTED,absolute,IDEALIZED_SINGLE_PAIR_GRADUAL,IDEALIZED_GRADUAL_MAPPING,64,7,127,0,2,6,203264,56,64,3584,96.04,0.1899999999999977,96.05581952380953,0.16182827263984062,95.8939912511697,0.015819523809526004,0.015819523809526004,True,LEAVE_ONE_FAMILY_OUT,HfOx,HfOx_01,10.1109/TNANO.2024.3485213,HfOx,7,5,4,False
HfOx_01,10.1109/TNANO.2024.3485213,HfOx,45.4,1.657055852857104,0,0,GRADUAL_MULTILEVEL,NOT_REPORTED,absolute,IDEALIZED_SINGLE_PAIR_GRADUAL,IDEALIZED_GRADUAL_MAPPING,32,4,15,0,2,9,203264,208,512,106496,96.04,0.1899999999999977,96.07238569841269,0.018972732360554617,96.05341296605214,0.03238569841268202,0.03238569841268202,True,LEAVE_ONE_FAMILY_OUT,HfOx,HfOx_01,10.1109/TNANO.2024.3485213,HfOx,7,5,4,False
HfOx_01,10.1109/TNANO.2024.3485213,HfOx,45.4,1.657055852857104,0,0,GRADUAL_MULTILEVEL,NOT_REPORTED,absolute,IDEALIZED_SINGLE_PAIR_GRADUAL,IDEALIZED_GRADUAL_MAPPING,64,4,15,0,2,7,203264,56,128,7168,96.04,0.1899999999999977,96.00250732539683,0.08670891888165677,95.91579840651518,-0.03749267460317185,0.03749267460317185,True,LEAVE_ONE_FAMILY_OUT,HfOx,HfOx_01,10.1109/TNANO.2024.3485213,HfOx,7,5,4,False
HfOx_01,10.1109/TNANO.2024.3485213,HfOx,45.4,1.657055852857104,0,0,GRADUAL_MULTILEVEL,NOT_REPORTED,absolute,IDEALIZED_SINGLE_PAIR_GRADUAL,IDEALIZED_GRADUAL_MAPPING,64,4,15,0,2,8,203264,56,256,14336,96.03,0.2000000000000028,96.05399170634921,0.019317875026881745,96.03467383132232,0.02399170634920722,0.02399170634920722,True,LEAVE_ONE_FAMILY_OUT,HfOx,HfOx_01,10.1109/TNANO.2024.3485213,HfOx,7,5,4,False
HfOx_01,10.1109/TNANO.2024.3485213,HfOx,45.4,1.657055852857104,0,0,GRADUAL_MULTILEVEL,NOT_REPORTED,absolute,IDEALIZED_SINGLE_PAIR_GRADUAL,IDEALIZED_GRADUAL_MAPPING,16,4,15,0,2,6,203264,800,64,51200,96.0,0.2300000000000039,96.03572603968253,0.043431988688833946,95.99229405099369,0.03572603968252963,0.03572603968252963,True,LEAVE_ONE_FAMILY_OUT,HfOx,HfOx_01,10.1109/TNANO.2024.3485213,HfOx,7,5,4,False
HfOx_01,10.1109/TNANO.2024.3485213,HfOx,45.4,1.657055852857104,0,0,GRADUAL_MULTILEVEL,NOT_REPORTED,absolute,IDEALIZED_SINGLE_PAIR_GRADUAL,IDEALIZED_GRADUAL_MAPPING,16,5,31,0,2,5,203264,800,32,25600,95.96,0.2700000000000102,95.86232374603175,0.4490956196855818,95.41322812634617,-0.09767625396824542,0.09767625396824542,True,LEAVE_ONE_FAMILY_OUT,HfOx,HfOx_01,10.1109/TNANO.2024.3485213,HfOx,7,5,4,False
HfOx_01,10.1109/TNANO.2024.3485213,HfOx,45.4,1.657055852857104,0,0,GRADUAL_MULTILEVEL,NOT_REPORTED,absolute,IDEALIZED_SINGLE_PAIR_GRADUAL,IDEALIZED_GRADUAL_MAPPING,32,4,15,0,2,6,203264,208,64,13312,95.94,0.2900000000000062,95.98622372222222,0.050430584164710614,95.9357931380575,0.04622372222222282,0.04622372222222282,True,LEAVE_ONE_FAMILY_OUT,HfOx,HfOx_01,10.1109/TNANO.2024.3485213,HfOx,7,5,4,False
HfOx_01,10.1109/TNANO.2024.3485213,HfOx,45.4,1.657055852857104,0,0,GRADUAL_MULTILEVEL,NOT_REPORTED,absolute,IDEALIZED_SINGLE_PAIR_GRADUAL,IDEALIZED_GRADUAL_MAPPING,128,6,63,0,2,6,203264,16,64,1024,95.87,0.3599999999999994,95.79137476984127,0.415373863151966,95.3760009066893,-0.07862523015873535,0.07862523015873535,True,LEAVE_ONE_FAMILY_OUT,HfOx,HfOx_01,10.1109/TNANO.2024.3485213,HfOx,7,5,4,False
HfOx_01,10.1109/TNANO.2024.3485213,HfOx,45.4,1.657055852857104,0,0,GRADUAL_MULTILEVEL,NOT_REPORTED,absolute,IDEALIZED_SINGLE_PAIR_GRADUAL,IDEALIZED_GRADUAL_MAPPING,128,7,127,0,2,6,203264,16,64,1024,95.86,0.3700000000000045,95.79609488095238,0.4059699703789694,95.3901249105734,-0.06390511904761809,0.06390511904761809,True,LEAVE_ONE_FAMILY_OUT,HfOx,HfOx_01,10.1109/TNANO.2024.3485213,HfOx,7,5,4,False
HfOx_01,10.1109/TNANO.2024.3485213,HfOx,45.4,1.657055852857104,0,0,GRADUAL_MULTILEVEL,NOT_REPORTED,absolute,IDEALIZED_SINGLE_PAIR_GRADUAL,IDEALIZED_GRADUAL_MAPPING,256,7,127,0,2,6,203264,10,64,640,95.86,0.3700000000000045,95.77208302380953,0.5254768296035024,95.24660619420602,-0.08791697619047056,0.08791697619047056,True,LEAVE_ONE_FAMILY_OUT,HfOx,HfOx_01,10.1109/TNANO.2024.3485213,HfOx,7,5,4,False
HfOx_01,10.1109/TNANO.2024.3485213,HfOx,45.4,1.657055852857104,0,0,GRADUAL_MULTILEVEL,NOT_REPORTED,absolute,IDEALIZED_SINGLE_PAIR_GRADUAL,IDEALIZED_GRADUAL_MAPPING,32,7,127,0,2,5,203264,208,32,6656,95.85,0.3800000000000096,95.89168123809523,0.3243977006467737,95.56728353744846,0.041681238095236495,0.041681238095236495,True,LEAVE_ONE_FAMILY_OUT,HfOx,HfOx_01,10.1109/TNANO.2024.3485213,HfOx,7,5,4,False
HfOx_01,10.1109/TNANO.2024.3485213,HfOx,45.4,1.657055852857104,0,0,GRADUAL_MULTILEVEL,NOT_REPORTED,absolute,IDEALIZED_SINGLE_PAIR_GRADUAL,IDEALIZED_GRADUAL_MAPPING,64,4,15,0,2,6,203264,56,64,3584,95.84,0.3900000000000005,95.9279016984127,0.14476977932091972,95.78313191909177,0.08790169841269346,0.08790169841269346,True,LEAVE_ONE_FAMILY_OUT,HfOx,HfOx_01,10.1109/TNANO.2024.3485213,HfOx,7,5,4,False
HfOx_01,10.1109/TNANO.2024.3485213,HfOx,45.4,1.657055852857104,0,0,GRADUAL_MULTILEVEL,NOT_REPORTED,absolute,IDEALIZED_SINGLE_PAIR_GRADUAL,IDEALIZED_GRADUAL_MAPPING,128,8,255,0,2,6,203264,16,64,1024,95.84,0.3900000000000005,95.79503454761904,0.4095729203514058,95.38546162726763,-0.044965452380964166,0.044965452380964166,True,LEAVE_ONE_FAMILY_OUT,HfOx,HfOx_01,10.1109/TNANO.2024.3485213,HfOx,7,5,4,False
HfOx_01,10.1109/TNANO.2024.3485213,HfOx,45.4,1.657055852857104,0,0,GRADUAL_MULTILEVEL,NOT_REPORTED,absolute,IDEALIZED_SINGLE_PAIR_GRADUAL,IDEALIZED_GRADUAL_MAPPING,256,6,63,0,2,6,203264,10,64,640,95.83,0.4000000000000057,95.76154124603174,0.5240510667306227,95.23749017930112,-0.06845875396825818,0.06845875396825818,True,LEAVE_ONE_FAMILY_OUT,HfOx,HfOx_01,10.1109/TNANO.2024.3485213,HfOx,7,5,4,False
HfOx_01,10.1109/TNANO.2024.3485213,HfOx,45.4,1.657055852857104,0,0,GRADUAL_MULTILEVEL,NOT_REPORTED,absolute,IDEALIZED_SINGLE_PAIR_GRADUAL,IDEALIZED_GRADUAL_MAPPING,16,4,15,0,2,5,203264,800,32,25600,95.83,0.4000000000000057,95.78880106349207,0.43080758587370077,95.35799347761838,-0.041198936507925055,0.041198936507925055,True,LEAVE_ONE_FAMILY_OUT,HfOx,HfOx_01,10.1109/TNANO.2024.3485213,HfOx,7,5,4,False
HfOx_01,10.1109/TNANO.2024.3485213,HfOx,45.4,1.657055852857104,0,0,GRADUAL_MULTILEVEL,NOT_REPORTED,absolute,IDEALIZED_SINGLE_PAIR_GRADUAL,IDEALIZED_GRADUAL_MAPPING,32,5,31,0,2,5,203264,208,32,6656,95.82,0.4100000000000108,95.75215334126985,0.4833528966945844,95.26880044457526,-0.06784665873014717,0.06784665873014717,True,LEAVE_ONE_FAMILY_OUT,HfOx,HfOx_01,10.1109/TNANO.2024.3485213,HfOx,7,5,4,False
HfOx_01,10.1109/TNANO.2024.3485213,HfOx,45.4,1.657055852857104,0,0,GRADUAL_MULTILEVEL,NOT_REPORTED,absolute,IDEALIZED_SINGLE_PAIR_GRADUAL,IDEALIZED_GRADUAL_MAPPING,256,8,255,0,2,6,203264,10,64,640,95.81,0.4200000000000017,95.77212202380953,0.5254536784357332,95.24666834537379,-0.037877976190472396,0.037877976190472396,False,LEAVE_ONE_FAMILY_OUT,HfOx,HfOx_01,10.1109/TNANO.2024.3485213,HfOx,7,5,4,False
HfOx_01,10.1109/TNANO.2024.3485213,HfOx,45.4,1.657055852857104,0,0,GRADUAL_MULTILEVEL,NOT_REPORTED,absolute,IDEALIZED_SINGLE_PAIR_GRADUAL,IDEALIZED_GRADUAL_MAPPING,256,4,15,0,2,6,203264,10,64,640,95.8,0.4300000000000068,95.6640593095238,0.4839084675529798,95.18015084197081,-0.13594069047620394,0.13594069047620394,False,LEAVE_ONE_FAMILY_OUT,HfOx,HfOx_01,10.1109/TNANO.2024.3485213,HfOx,7,5,4,False
HfOx_01,10.1109/TNANO.2024.3485213,HfOx,45.4,1.657055852857104,0,0,GRADUAL_MULTILEVEL,NOT_REPORTED,absolute,IDEALIZED_SINGLE_PAIR_GRADUAL,IDEALIZED_GRADUAL_MAPPING,32,6,63,0,2,5,203264,208,32,6656,95.8,0.4300000000000068,95.84641511111111,0.322964567481891,95.52345054362922,0.0464151111111164,0.0464151111111164,False,LEAVE_ONE_FAMILY_OUT,HfOx,HfOx_01,10.1109/TNANO.2024.3485213,HfOx,7,5,4,False
HfOx_01,10.1109/TNANO.2024.3485213,HfOx,45.4,1.657055852857104,0,0,GRADUAL_MULTILEVEL,NOT_REPORTED,absolute,IDEALIZED_SINGLE_PAIR_GRADUAL,IDEALIZED_GRADUAL_MAPPING,128,4,15,0,2,6,203264,16,64,1024,95.78,0.4500000000000028,95.68643830952382,0.37840379278387737,95.30803451673995,-0.09356169047617868,0.09356169047617868,False,LEAVE_ONE_FAMILY_OUT,HfOx,HfOx_01,10.1109/TNANO.2024.3485213,HfOx,7,5,4,False
HfOx_01,10.1109/TNANO.2024.3485213,HfOx,45.4,1.657055852857104,0,0,GRADUAL_MULTILEVEL,NOT_REPORTED,absolute,IDEALIZED_SINGLE_PAIR_GRADUAL,IDEALIZED_GRADUAL_MAPPING,32,4,15,0,2,5,203264,208,32,6656,95.72,0.5100000000000051,95.6483956984127,0.4525114321573358,95.19588426625536,-0.0716043015872998,0.0716043015872998,False,LEAVE_ONE_FAMILY_OUT,HfOx,HfOx_01,10.1109/TNANO.2024.3485213,HfOx,7,5,4,False
HfOx_01,10.1109/TNANO.2024.3485213,HfOx,45.4,1.657055852857104,0,0,GRADUAL_MULTILEVEL,NOT_REPORTED,absolute,IDEALIZED_SINGLE_PAIR_GRADUAL,IDEALIZED_GRADUAL_MAPPING,128,5,31,0,2,6,203264,16,64,1024,95.66,0.5700000000000074,95.79456498412698,0.41915616666371847,95.37540881746327,0.1345649841269818,0.1345649841269818,False,LEAVE_ONE_FAMILY_OUT,HfOx,HfOx_01,10.1109/TNANO.2024.3485213,HfOx,7,5,4,False
HfOx_01,10.1109/TNANO.2024.3485213,HfOx,45.4,1.657055852857104,0,0,GRADUAL_MULTILEVEL,NOT_REPORTED,absolute,IDEALIZED_SINGLE_PAIR_GRADUAL,IDEALIZED_GRADUAL_MAPPING,256,5,31,0,2,6,203264,10,64,640,95.64,0.5900000000000034,95.75881269841268,0.5227308916992561,95.23608180671343,0.1188126984126825,0.1188126984126825,False,LEAVE_ONE_FAMILY_OUT,HfOx,HfOx_01,10.1109/TNANO.2024.3485213,HfOx,7,5,4,False
HfOx_01,10.1109/TNANO.2024.3485213,HfOx,45.4,1.657055852857104,0,0,GRADUAL_MULTILEVEL,NOT_REPORTED,absolute,IDEALIZED_SINGLE_PAIR_GRADUAL,IDEALIZED_GRADUAL_MAPPING,64,8,255,0,2,5,203264,56,32,1792,95.61,0.6200000000000045,95.17769561904763,1.0150324488987181,94.1626631701489,-0.4323043809523739,0.4323043809523739,False,LEAVE_ONE_FAMILY_OUT,HfOx,HfOx_01,10.1109/TNANO.2024.3485213,HfOx,7,5,4,False
HfOx_01,10.1109/TNANO.2024.3485213,HfOx,45.4,1.657055852857104,0,0,GRADUAL_MULTILEVEL,NOT_REPORTED,absolute,IDEALIZED_SINGLE_PAIR_GRADUAL,IDEALIZED_GRADUAL_MAPPING,64,5,31,0,2,5,203264,56,32,1792,95.53,0.7000000000000028,95.08308873015874,1.1657402872092397,93.91734844294949,-0.44691126984126583,0.44691126984126583,False,LEAVE_ONE_FAMILY_OUT,HfOx,HfOx_01,10.1109/TNANO.2024.3485213,HfOx,7,5,4,False
HfOx_01,10.1109/TNANO.2024.3485213,HfOx,45.4,1.657055852857104,0,0,GRADUAL_MULTILEVEL,NOT_REPORTED,absolute,IDEALIZED_SINGLE_PAIR_GRADUAL,IDEALIZED_GRADUAL_MAPPING,64,7,127,0,2,5,203264,56,32,1792,95.53,0.7000000000000028,95.17968090476191,1.0164549824457003,94.16322592231622,-0.3503190952380919,0.3503190952380919,False,LEAVE_ONE_FAMILY_OUT,HfOx,HfOx_01,10.1109/TNANO.2024.3485213,HfOx,7,5,4,False
HfOx_01,10.1109/TNANO.2024.3485213,HfOx,45.4,1.657055852857104,0,0,GRADUAL_MULTILEVEL,NOT_REPORTED,absolute,IDEALIZED_SINGLE_PAIR_GRADUAL,IDEALIZED_GRADUAL_MAPPING,64,6,63,0,2,5,203264,56,32,1792,95.5,0.730000000000004,95.1512520952381,1.1400919485286707,94.01116014670944,-0.3487479047618933,0.3487479047618933,False,LEAVE_ONE_FAMILY_OUT,HfOx,HfOx_01,10.1109/TNANO.2024.3485213,HfOx,7,5,4,False
HfOx_01,10.1109/TNANO.2024.3485213,HfOx,45.4,1.657055852857104,0,0,GRADUAL_MULTILEVEL,NOT_REPORTED,absolute,IDEALIZED_SINGLE_PAIR_GRADUAL,IDEALIZED_GRADUAL_MAPPING,64,4,15,0,2,5,203264,56,32,1792,95.38,0.8500000000000085,95.04345784920635,1.1819697507034619,93.86148809850289,-0.33654215079364747,0.33654215079364747,False,LEAVE_ONE_FAMILY_OUT,HfOx,HfOx_01,10.1109/TNANO.2024.3485213,HfOx,7,5,4,False
HfOx_01,10.1109/TNANO.2024.3485213,HfOx,45.4,1.657055852857104,0,0,GRADUAL_MULTILEVEL,NOT_REPORTED,absolute,IDEALIZED_SINGLE_PAIR_GRADUAL,IDEALIZED_GRADUAL_MAPPING,16,8,255,0,2,4,203264,800,16,12800,95.35,0.8800000000000097,94.222992,1.6165245872420209,92.60646741275798,-1.1270079999999894,1.1270079999999894,False,LEAVE_ONE_FAMILY_OUT,HfOx,HfOx_01,10.1109/TNANO.2024.3485213,HfOx,7,5,4,False
HfOx_01,10.1109/TNANO.2024.3485213,HfOx,45.4,1.657055852857104,0,0,GRADUAL_MULTILEVEL,NOT_REPORTED,absolute,IDEALIZED_SINGLE_PAIR_GRADUAL,IDEALIZED_GRADUAL_MAPPING,16,5,31,0,2,4,203264,800,16,12800,95.33,0.9000000000000057,94.13398084920637,1.7724352695247707,92.36154557968159,-1.1960191507936315,1.1960191507936315,False,LEAVE_ONE_FAMILY_OUT,HfOx,HfOx_01,10.1109/TNANO.2024.3485213,HfOx,7,5,4,False
HfOx_01,10.1109/TNANO.2024.3485213,HfOx,45.4,1.657055852857104,0,0,GRADUAL_MULTILEVEL,NOT_REPORTED,absolute,IDEALIZED_SINGLE_PAIR_GRADUAL,IDEALIZED_GRADUAL_MAPPING,16,6,63,0,2,4,203264,800,16,12800,95.31,0.9200000000000016,94.24540763492064,1.5017328993905574,92.74367473553008,-1.0645923650793634,1.0645923650793634,False,LEAVE_ONE_FAMILY_OUT,HfOx,HfOx_01,10.1109/TNANO.2024.3485213,HfOx,7,5,4,False
HfOx_01,10.1109/TNANO.2024.3485213,HfOx,45.4,1.657055852857104,0,0,GRADUAL_MULTILEVEL,NOT_REPORTED,absolute,IDEALIZED_SINGLE_PAIR_GRADUAL,IDEALIZED_GRADUAL_MAPPING,16,4,15,0,2,4,203264,800,16,12800,95.18,1.0499999999999972,93.75311118253968,2.519514905669193,91.23359627687049,-1.4268888174603234,1.4268888174603234,False,LEAVE_ONE_FAMILY_OUT,HfOx,HfOx_01,10.1109/TNANO.2024.3485213,HfOx,7,5,4,False
HfOx_01,10.1109/TNANO.2024.3485213,HfOx,45.4,1.657055852857104,0,0,GRADUAL_MULTILEVEL,NOT_REPORTED,absolute,IDEALIZED_SINGLE_PAIR_GRADUAL,IDEALIZED_GRADUAL_MAPPING,16,7,127,0,2,4,203264,800,16,12800,95.16,1.0700000000000074,94.2480641904762,1.5375324458775135,92.71053174459868,-0.911935809523797,0.911935809523797,False,LEAVE_ONE_FAMILY_OUT,HfOx,HfOx_01,10.1109/TNANO.2024.3485213,HfOx,7,5,4,False
HfOx_01,10.1109/TNANO.2024.3485213,HfOx,45.4,1.657055852857104,0,0,GRADUAL_MULTILEVEL,NOT_REPORTED,absolute,IDEALIZED_SINGLE_PAIR_GRADUAL,IDEALIZED_GRADUAL_MAPPING,128,6,63,0,2,5,203264,16,32,512,94.55,1.6800000000000068,93.61100238888888,1.6349911345095982,91.97601125437927,-0.9389976111111196,0.9389976111111196,False,LEAVE_ONE_FAMILY_OUT,HfOx,HfOx_01,10.1109/TNANO.2024.3485213,HfOx,7,5,4,False
HfOx_01,10.1109/TNANO.2024.3485213,HfOx,45.4,1.657055852857104,0,0,GRADUAL_MULTILEVEL,NOT_REPORTED,absolute,IDEALIZED_SINGLE_PAIR_GRADUAL,IDEALIZED_GRADUAL_MAPPING,128,4,15,0,2,5,203264,16,32,512,94.47,1.7600000000000051,93.26229070634919,2.1134947538155817,91.1487959525336,-1.207709293650808,1.207709293650808,False,LEAVE_ONE_FAMILY_OUT,HfOx,HfOx_01,10.1109/TNANO.2024.3485213,HfOx,7,5,4,False
HfOx_01,10.1109/TNANO.2024.3485213,HfOx,45.4,1.657055852857104,0,0,GRADUAL_MULTILEVEL,NOT_REPORTED,absolute,IDEALIZED_SINGLE_PAIR_GRADUAL,IDEALIZED_GRADUAL_MAPPING,128,7,127,0,2,5,203264,16,32,512,94.43,1.7999999999999972,93.6293847857143,1.6419872131936002,91.98739757252069,-0.8006152142857133,0.8006152142857133,False,LEAVE_ONE_FAMILY_OUT,HfOx,HfOx_01,10.1109/TNANO.2024.3485213,HfOx,7,5,4,False
HfOx_01,10.1109/TNANO.2024.3485213,HfOx,45.4,1.657055852857104,0,0,GRADUAL_MULTILEVEL,NOT_REPORTED,absolute,IDEALIZED_SINGLE_PAIR_GRADUAL,IDEALIZED_GRADUAL_MAPPING,128,8,255,0,2,5,203264,16,32,512,94.36,1.8700000000000043,93.6321566904762,1.6361862162023246,91.99597047427388,-0.7278433095238057,0.7278433095238057,False,LEAVE_ONE_FAMILY_OUT,HfOx,HfOx_01,10.1109/TNANO.2024.3485213,HfOx,7,5,4,False
HfOx_01,10.1109/TNANO.2024.3485213,HfOx,45.4,1.657055852857104,0,0,GRADUAL_MULTILEVEL,NOT_REPORTED,absolute,IDEALIZED_SINGLE_PAIR_GRADUAL,IDEALIZED_GRADUAL_MAPPING,128,5,31,0,2,5,203264,16,32,512,94.33,1.9000000000000057,93.50343718253968,1.6356113131301597,91.86782586940953,-0.8265628174603137,0.8265628174603137,False,LEAVE_ONE_FAMILY_OUT,HfOx,HfOx_01,10.1109/TNANO.2024.3485213,HfOx,7,5,4,False
HfOx_01,10.1109/TNANO.2024.3485213,HfOx,45.4,1.657055852857104,0,0,GRADUAL_MULTILEVEL,NOT_REPORTED,absolute,IDEALIZED_SINGLE_PAIR_GRADUAL,IDEALIZED_GRADUAL_MAPPING,256,8,255,0,2,5,203264,10,32,320,94.11,2.1200000000000045,93.01998602380952,2.5464814509487903,90.47350457286073,-1.0900139761904768,1.0900139761904768,False,LEAVE_ONE_FAMILY_OUT,HfOx,HfOx_01,10.1109/TNANO.2024.3485213,HfOx,7,5,4,False
HfOx_01,10.1109/TNANO.2024.3485213,HfOx,45.4,1.657055852857104,0,0,GRADUAL_MULTILEVEL,NOT_REPORTED,absolute,IDEALIZED_SINGLE_PAIR_GRADUAL,IDEALIZED_GRADUAL_MAPPING,32,6,63,0,2,4,203264,208,16,3328,94.08,2.1500000000000057,92.72613518253968,2.2883877925038574,90.43774739003582,-1.3538648174603196,1.3538648174603196,False,LEAVE_ONE_FAMILY_OUT,HfOx,HfOx_01,10.1109/TNANO.2024.3485213,HfOx,7,5,4,False
HfOx_01,10.1109/TNANO.2024.3485213,HfOx,45.4,1.657055852857104,0,0,GRADUAL_MULTILEVEL,NOT_REPORTED,absolute,IDEALIZED_SINGLE_PAIR_GRADUAL,IDEALIZED_GRADUAL_MAPPING,256,6,63,0,2,5,203264,10,32,320,94.07,2.160000000000011,93.00422990476191,2.5392128771394695,90.46501702762245,-1.0657700952380793,1.0657700952380793,False,LEAVE_ONE_FAMILY_OUT,HfOx,HfOx_01,10.1109/TNANO.2024.3485213,HfOx,7,5,4,False
HfOx_01,10.1109/TNANO.2024.3485213,HfOx,45.4,1.657055852857104,0,0,GRADUAL_MULTILEVEL,NOT_REPORTED,absolute,IDEALIZED_SINGLE_PAIR_GRADUAL,IDEALIZED_GRADUAL_MAPPING,256,7,127,0,2,5,203264,10,32,320,94.02,2.210000000000008,93.01067269047618,2.5453203873724815,90.4653523031037,-1.0093273095238118,1.0093273095238118,False,LEAVE_ONE_FAMILY_OUT,HfOx,HfOx_01,10.1109/TNANO.2024.3485213,HfOx,7,5,4,False
HfOx_01,10.1109/TNANO.2024.3485213,HfOx,45.4,1.657055852857104,0,0,GRADUAL_MULTILEVEL,NOT_REPORTED,absolute,IDEALIZED_SINGLE_PAIR_GRADUAL,IDEALIZED_GRADUAL_MAPPING,32,7,127,0,2,4,203264,208,16,3328,93.95,2.280000000000001,92.75049582539683,2.3255180411277165,90.4249777842691,-1.1995041746031774,1.1995041746031774,False,LEAVE_ONE_FAMILY_OUT,HfOx,HfOx_01,10.1109/TNANO.2024.3485213,HfOx,7,5,4,False
HfOx_01,10.1109/TNANO.2024.3485213,HfOx,45.4,1.657055852857104,0,0,GRADUAL_MULTILEVEL,NOT_REPORTED,absolute,IDEALIZED_SINGLE_PAIR_GRADUAL,IDEALIZED_GRADUAL_MAPPING,32,8,255,0,2,4,203264,208,16,3328,93.93,2.299999999999997,92.73544715873015,2.358432447256594,90.37701471147356,-1.1945528412698536,1.1945528412698536,False,LEAVE_ONE_FAMILY_OUT,HfOx,HfOx_01,10.1109/TNANO.2024.3485213,HfOx,7,5,4,False
HfOx_01,10.1109/TNANO.2024.3485213,HfOx,45.4,1.657055852857104,0,0,GRADUAL_MULTILEVEL,NOT_REPORTED,absolute,IDEALIZED_SINGLE_PAIR_GRADUAL,IDEALIZED_GRADUAL_MAPPING,32,4,15,0,2,4,203264,208,16,3328,93.82,2.410000000000011,92.19693928571428,3.21161901265655,88.98532027305772,-1.6230607142857139,1.6230607142857139,False,LEAVE_ONE_FAMILY_OUT,HfOx,HfOx_01,10.1109/TNANO.2024.3485213,HfOx,7,5,4,False
HfOx_01,10.1109/TNANO.2024.3485213,HfOx,45.4,1.657055852857104,0,0,GRADUAL_MULTILEVEL,NOT_REPORTED,absolute,IDEALIZED_SINGLE_PAIR_GRADUAL,IDEALIZED_GRADUAL_MAPPING,32,5,31,0,2,4,203264,208,16,3328,93.81,2.4200000000000017,92.51400664285713,2.595476688499291,89.91852995435784,-1.2959933571428763,1.2959933571428763,False,LEAVE_ONE_FAMILY_OUT,HfOx,HfOx_01,10.1109/TNANO.2024.3485213,HfOx,7,5,4,False
HfOx_01,10.1109/TNANO.2024.3485213,HfOx,45.4,1.657055852857104,0,0,GRADUAL_MULTILEVEL,NOT_REPORTED,absolute,IDEALIZED_SINGLE_PAIR_GRADUAL,IDEALIZED_GRADUAL_MAPPING,256,4,15,0,2,5,203264,10,32,320,93.7,2.530000000000001,92.71834735714286,2.9421916361425016,89.77615572100036,-0.9816526428571422,0.9816526428571422,False,LEAVE_ONE_FAMILY_OUT,HfOx,HfOx_01,10.1109/TNANO.2024.3485213,HfOx,7,5,4,False
HfOx_01,10.1109/TNANO.2024.3485213,HfOx,45.4,1.657055852857104,0,0,GRADUAL_MULTILEVEL,NOT_REPORTED,absolute,IDEALIZED_SINGLE_PAIR_GRADUAL,IDEALIZED_GRADUAL_MAPPING,256,5,31,0,2,5,203264,10,32,320,93.6,2.6300000000000097,92.92072069841271,2.551175157522417,90.36954554089029,-0.679279301587286,0.679279301587286,False,LEAVE_ONE_FAMILY_OUT,HfOx,HfOx_01,10.1109/TNANO.2024.3485213,HfOx,7,5,4,False
HfOx_01,10.1109/TNANO.2024.3485213,HfOx,45.4,1.657055852857104,0,0,GRADUAL_MULTILEVEL,NOT_REPORTED,absolute,IDEALIZED_SINGLE_PAIR_GRADUAL,IDEALIZED_GRADUAL_MAPPING,256,3,7,0,2,10,203264,10,1024,10240,92.25,3.980000000000004,92.2428657099567,0.0404845356401591,92.20238117431654,-0.007134290043296687,0.007134290043296687,False,LEAVE_ONE_FAMILY_OUT,HfOx,HfOx_01,10.1109/TNANO.2024.3485213,HfOx,7,5,4,False
HfOx_01,10.1109/TNANO.2024.3485213,HfOx,45.4,1.657055852857104,0,0,GRADUAL_MULTILEVEL,NOT_REPORTED,absolute,IDEALIZED_SINGLE_PAIR_GRADUAL,IDEALIZED_GRADUAL_MAPPING,16,3,7,0,2,8,203264,800,256,204800,92.23,4.0,92.2068562878788,0.03747988591125293,92.16937640196754,-0.023143712121211024,0.023143712121211024,False,LEAVE_ONE_FAMILY_OUT,HfOx,HfOx_01,10.1109/TNANO.2024.3485213,HfOx,7,5,4,False
HfOx_01,10.1109/TNANO.2024.3485213,HfOx,45.4,1.657055852857104,0,0,GRADUAL_MULTILEVEL,NOT_REPORTED,absolute,IDEALIZED_SINGLE_PAIR_GRADUAL,IDEALIZED_GRADUAL_MAPPING,64,3,7,0,2,9,203264,56,512,28672,92.23,4.0,92.22294538095238,0.03288082447995119,92.19006455647244,-0.007054619047622168,0.007054619047622168,False,LEAVE_ONE_FAMILY_OUT,HfOx,HfOx_01,10.1109/TNANO.2024.3485213,HfOx,7,5,4,False
HfOx_01,10.1109/TNANO.2024.3485213,HfOx,45.4,1.657055852857104,0,0,GRADUAL_MULTILEVEL,NOT_REPORTED,absolute,IDEALIZED_SINGLE_PAIR_GRADUAL,IDEALIZED_GRADUAL_MAPPING,256,3,7,0,2,8,203264,10,256,2560,92.23,4.0,92.25719678787878,0.058430336498256734,92.19876645138052,0.027196787878779105,0.027196787878779105,False,LEAVE_ONE_FAMILY_OUT,HfOx,HfOx_01,10.1109/TNANO.2024.3485213,HfOx,7,5,4,False
HfOx_01,10.1109/TNANO.2024.3485213,HfOx,45.4,1.657055852857104,0,0,GRADUAL_MULTILEVEL,NOT_REPORTED,absolute,IDEALIZED_SINGLE_PAIR_GRADUAL,IDEALIZED_GRADUAL_MAPPING,64,3,7,0,2,10,203264,56,1024,57344,92.22,4.010000000000005,92.20496068253968,0.02739842901299733,92.17756225352669,-0.015039317460320945,0.015039317460320945,False,LEAVE_ONE_FAMILY_OUT,HfOx,HfOx_01,10.1109/TNANO.2024.3485213,HfOx,7,5,4,False
HfOx_01,10.1109/TNANO.2024.3485213,HfOx,45.4,1.657055852857104,0,0,GRADUAL_MULTILEVEL,NOT_REPORTED,absolute,IDEALIZED_SINGLE_PAIR_GRADUAL,IDEALIZED_GRADUAL_MAPPING,128,3,7,0,2,10,203264,16,1024,16384,92.21,4.02000000000001,92.20832369047619,0.03737646126318317,92.17094722921301,-0.0016763095238019332,0.0016763095238019332,False,LEAVE_ONE_FAMILY_OUT,HfOx,HfOx_01,10.1109/TNANO.2024.3485213,HfOx,7,5,4,False
HfOx_01,10.1109/TNANO.2024.3485213,HfOx,45.4,1.657055852857104,0,0,GRADUAL_MULTILEVEL,NOT_REPORTED,absolute,IDEALIZED_SINGLE_PAIR_GRADUAL,IDEALIZED_GRADUAL_MAPPING,32,3,7,0,2,10,203264,208,1024,212992,92.21,4.02000000000001,92.24003112698412,0.01841739862265132,92.22161372836148,0.030031126984127354,0.030031126984127354,False,LEAVE_ONE_FAMILY_OUT,HfOx,HfOx_01,10.1109/TNANO.2024.3485213,HfOx,7,5,4,False
HfOx_01,10.1109/TNANO.2024.3485213,HfOx,45.4,1.657055852857104,0,0,GRADUAL_MULTILEVEL,NOT_REPORTED,absolute,IDEALIZED_SINGLE_PAIR_GRADUAL,IDEALIZED_GRADUAL_MAPPING,32,3,7,0,2,9,203264,208,512,106496,92.21,4.02000000000001,92.23940301587301,0.023206323908471018,92.21619669196454,0.029403015873015192,0.029403015873015192,False,LEAVE_ONE_FAMILY_OUT,HfOx,HfOx_01,10.1109/TNANO.2024.3485213,HfOx,7,5,4,False
HfOx_01,10.1109/TNANO.2024.3485213,HfOx,45.4,1.657055852857104,0,0,GRADUAL_MULTILEVEL,NOT_REPORTED,absolute,IDEALIZED_SINGLE_PAIR_GRADUAL,IDEALIZED_GRADUAL_MAPPING,16,3,7,0,2,10,203264,800,1024,819200,92.21,4.02000000000001,92.23973691269842,0.01817811537654131,92.22155879732188,0.029736912698425044,0.029736912698425044,False,LEAVE_ONE_FAMILY_OUT,HfOx,HfOx_01,10.1109/TNANO.2024.3485213,HfOx,7,5,4,False
HfOx_01,10.1109/TNANO.2024.3485213,HfOx,45.4,1.657055852857104,0,0,GRADUAL_MULTILEVEL,NOT_REPORTED,absolute,IDEALIZED_SINGLE_PAIR_GRADUAL,IDEALIZED_GRADUAL_MAPPING,128,3,7,0,2,9,203264,16,512,8192,92.2,4.030000000000001,92.24478230952381,0.053343406282302386,92.1914389032415,0.04478230952381068,0.04478230952381068,False,LEAVE_ONE_FAMILY_OUT,HfOx,HfOx_01,10.1109/TNANO.2024.3485213,HfOx,7,5,4,False
HfOx_01,10.1109/TNANO.2024.3485213,HfOx,45.4,1.657055852857104,0,0,GRADUAL_MULTILEVEL,NOT_REPORTED,absolute,IDEALIZED_SINGLE_PAIR_GRADUAL,IDEALIZED_GRADUAL_MAPPING,32,3,7,0,2,7,203264,208,128,26624,92.19,4.040000000000006,92.16809176190475,0.08998408528590786,92.07810767661884,-0.02190823809525,0.02190823809525,False,LEAVE_ONE_FAMILY_OUT,HfOx,HfOx_01,10.1109/TNANO.2024.3485213,HfOx,7,5,4,False
HfOx_01,10.1109/TNANO.2024.3485213,HfOx,45.4,1.657055852857104,0,0,GRADUAL_MULTILEVEL,NOT_REPORTED,absolute,IDEALIZED_SINGLE_PAIR_GRADUAL,IDEALIZED_GRADUAL_MAPPING,16,3,7,0,2,9,203264,800,512,409600,92.19,4.040000000000006,92.23604592784993,0.021800113743165657,92.21424581410676,0.046045927849931445,0.046045927849931445,False,LEAVE_ONE_FAMILY_OUT,HfOx,HfOx_01,10.1109/TNANO.2024.3485213,HfOx,7,5,4,False
HfOx_01,10.1109/TNANO.2024.3485213,HfOx,45.4,1.657055852857104,0,0,GRADUAL_MULTILEVEL,NOT_REPORTED,absolute,IDEALIZED_SINGLE_PAIR_GRADUAL,IDEALIZED_GRADUAL_MAPPING,32,3,7,0,2,8,203264,208,256,53248,92.19,4.040000000000006,92.19657796248195,0.04199154332549646,92.15458641915646,0.006577962481955524,0.006577962481955524,False,LEAVE_ONE_FAMILY_OUT,HfOx,HfOx_01,10.1109/TNANO.2024.3485213,HfOx,7,5,4,False
HfOx_01,10.1109/TNANO.2024.3485213,HfOx,45.4,1.657055852857104,0,0,GRADUAL_MULTILEVEL,NOT_REPORTED,absolute,IDEALIZED_SINGLE_PAIR_GRADUAL,IDEALIZED_GRADUAL_MAPPING,128,3,7,0,2,8,203264,16,256,4096,92.19,4.040000000000006,92.25301786724387,0.058356709383624264,92.19466115786024,0.0630178672438717,0.0630178672438717,False,LEAVE_ONE_FAMILY_OUT,HfOx,HfOx_01,10.1109/TNANO.2024.3485213,HfOx,7,5,4,False
HfOx_01,10.1109/TNANO.2024.3485213,HfOx,45.4,1.657055852857104,0,0,GRADUAL_MULTILEVEL,NOT_REPORTED,absolute,IDEALIZED_SINGLE_PAIR_GRADUAL,IDEALIZED_GRADUAL_MAPPING,256,3,7,0,2,7,203264,10,128,1280,92.18,4.049999999999997,92.04318117460318,0.11274750438359543,91.93043367021959,-0.13681882539682988,0.13681882539682988,False,LEAVE_ONE_FAMILY_OUT,HfOx,HfOx_01,10.1109/TNANO.2024.3485213,HfOx,7,5,4,False
HfOx_01,10.1109/TNANO.2024.3485213,HfOx,45.4,1.657055852857104,0,0,GRADUAL_MULTILEVEL,NOT_REPORTED,absolute,IDEALIZED_SINGLE_PAIR_GRADUAL,IDEALIZED_GRADUAL_MAPPING,256,3,7,0,2,9,203264,10,512,5120,92.17,4.060000000000002,92.26422030519481,0.03872968981024646,92.22549061538456,0.09422030519480984,0.09422030519480984,False,LEAVE_ONE_FAMILY_OUT,HfOx,HfOx_01,10.1109/TNANO.2024.3485213,HfOx,7,5,4,False
HfOx_01,10.1109/TNANO.2024.3485213,HfOx,45.4,1.657055852857104,0,0,GRADUAL_MULTILEVEL,NOT_REPORTED,absolute,IDEALIZED_SINGLE_PAIR_GRADUAL,IDEALIZED_GRADUAL_MAPPING,64,3,7,0,2,8,203264,56,256,14336,92.17,4.060000000000002,92.21087704978355,0.05429812592493861,92.1565789238586,0.04087704978354623,0.04087704978354623,False,LEAVE_ONE_FAMILY_OUT,HfOx,HfOx_01,10.1109/TNANO.2024.3485213,HfOx,7,5,4,False
HfOx_01,10.1109/TNANO.2024.3485213,HfOx,45.4,1.657055852857104,0,0,GRADUAL_MULTILEVEL,NOT_REPORTED,absolute,IDEALIZED_SINGLE_PAIR_GRADUAL,IDEALIZED_GRADUAL_MAPPING,16,3,7,0,2,7,203264,800,128,102400,92.16,4.070000000000007,92.18827588095239,0.07259438137501542,92.11568149957738,0.02827588095239264,0.02827588095239264,False,LEAVE_ONE_FAMILY_OUT,HfOx,HfOx_01,10.1109/TNANO.2024.3485213,HfOx,7,5,4,False
HfOx_01,10.1109/TNANO.2024.3485213,HfOx,45.4,1.657055852857104,0,0,GRADUAL_MULTILEVEL,NOT_REPORTED,absolute,IDEALIZED_SINGLE_PAIR_GRADUAL,IDEALIZED_GRADUAL_MAPPING,32,3,7,0,2,6,203264,208,64,13312,92.14,4.090000000000003,91.94106993073594,0.37482159577626795,91.56624833495967,-0.19893006926406542,0.19893006926406542,False,LEAVE_ONE_FAMILY_OUT,HfOx,HfOx_01,10.1109/TNANO.2024.3485213,HfOx,7,5,4,False
HfOx_01,10.1109/TNANO.2024.3485213,HfOx,45.4,1.657055852857104,0,0,GRADUAL_MULTILEVEL,NOT_REPORTED,absolute,IDEALIZED_SINGLE_PAIR_GRADUAL,IDEALIZED_GRADUAL_MAPPING,16,3,7,0,2,6,203264,800,64,51200,92.14,4.090000000000003,91.95572742857144,0.3558313378251679,91.59989609074627,-0.1842725714285649,0.1842725714285649,False,LEAVE_ONE_FAMILY_OUT,HfOx,HfOx_01,10.1109/TNANO.2024.3485213,HfOx,7,5,4,False
HfOx_01,10.1109/TNANO.2024.3485213,HfOx,45.4,1.657055852857104,0,0,GRADUAL_MULTILEVEL,NOT_REPORTED,absolute,IDEALIZED_SINGLE_PAIR_GRADUAL,IDEALIZED_GRADUAL_MAPPING,64,3,7,0,2,6,203264,56,64,3584,92.13,4.1000000000000085,91.791578015873,0.5024696287129008,91.2891083871601,-0.3384219841269953,0.3384219841269953,False,LEAVE_ONE_FAMILY_OUT,HfOx,HfOx_01,10.1109/TNANO.2024.3485213,HfOx,7,5,4,False
HfOx_01,10.1109/TNANO.2024.3485213,HfOx,45.4,1.657055852857104,0,0,GRADUAL_MULTILEVEL,NOT_REPORTED,absolute,IDEALIZED_SINGLE_PAIR_GRADUAL,IDEALIZED_GRADUAL_MAPPING,128,3,7,0,2,7,203264,16,128,2048,92.12,4.109999999999999,92.04219230952381,0.09709912191808343,91.94509318760574,-0.07780769047619174,0.07780769047619174,False,LEAVE_ONE_FAMILY_OUT,HfOx,HfOx_01,10.1109/TNANO.2024.3485213,HfOx,7,5,4,False
HfOx_01,10.1109/TNANO.2024.3485213,HfOx,45.4,1.657055852857104,0,0,GRADUAL_MULTILEVEL,NOT_REPORTED,absolute,IDEALIZED_SINGLE_PAIR_GRADUAL,IDEALIZED_GRADUAL_MAPPING,128,3,7,0,2,6,203264,16,64,1024,92.11,4.1200000000000045,91.57050469047618,0.7540298887084702,90.81647480176771,-0.5394953095238151,0.5394953095238151,False,LEAVE_ONE_FAMILY_OUT,HfOx,HfOx_01,10.1109/TNANO.2024.3485213,HfOx,7,5,4,False
HfOx_01,10.1109/TNANO.2024.3485213,HfOx,45.4,1.657055852857104,0,0,GRADUAL_MULTILEVEL,NOT_REPORTED,absolute,IDEALIZED_SINGLE_PAIR_GRADUAL,IDEALIZED_GRADUAL_MAPPING,64,3,7,0,2,7,203264,56,128,7168,92.03,4.200000000000003,92.09492246825397,0.11498799912620011,91.97993446912777,0.06492246825396819,0.06492246825396819,False,LEAVE_ONE_FAMILY_OUT,HfOx,HfOx_01,10.1109/TNANO.2024.3485213,HfOx,7,5,4,False
HfOx_01,10.1109/TNANO.2024.3485213,HfOx,45.4,1.657055852857104,0,0,GRADUAL_MULTILEVEL,NOT_REPORTED,absolute,IDEALIZED_SINGLE_PAIR_GRADUAL,IDEALIZED_GRADUAL_MAPPING,256,3,7,0,2,6,203264,10,64,640,91.71,4.52000000000001,91.42966674603176,1.0396640403707456,90.390002705661,-0.2803332539682373,0.2803332539682373,False,LEAVE_ONE_FAMILY_OUT,HfOx,HfOx_01,10.1109/TNANO.2024.3485213,HfOx,7,5,4,False
HfOx_01,10.1109/TNANO.2024.3485213,HfOx,45.4,1.657055852857104,0,0,GRADUAL_MULTILEVEL,NOT_REPORTED,absolute,IDEALIZED_SINGLE_PAIR_GRADUAL,IDEALIZED_GRADUAL_MAPPING,16,3,7,0,2,5,203264,800,32,25600,91.65,4.579999999999998,90.51124538095239,2.486545554861215,88.02469982609118,-1.1387546190476172,1.1387546190476172,False,LEAVE_ONE_FAMILY_OUT,HfOx,HfOx_01,10.1109/TNANO.2024.3485213,HfOx,7,5,4,False
HfOx_01,10.1109/TNANO.2024.3485213,HfOx,45.4,1.657055852857104,0,0,GRADUAL_MULTILEVEL,NOT_REPORTED,absolute,IDEALIZED_SINGLE_PAIR_GRADUAL,IDEALIZED_GRADUAL_MAPPING,32,3,7,0,2,5,203264,208,32,6656,91.11,5.1200000000000045,90.39589428571428,2.596981446104132,87.79891283961014,-0.7141057142857221,0.7141057142857221,False,LEAVE_ONE_FAMILY_OUT,HfOx,HfOx_01,10.1109/TNANO.2024.3485213,HfOx,7,5,4,False
HfOx_01,10.1109/TNANO.2024.3485213,HfOx,45.4,1.657055852857104,0,0,GRADUAL_MULTILEVEL,NOT_REPORTED,absolute,IDEALIZED_SINGLE_PAIR_GRADUAL,IDEALIZED_GRADUAL_MAPPING,64,8,255,0,2,4,203264,56,16,896,91.09,5.140000000000001,87.74928211111111,4.184635868858642,83.56464624225248,-3.3407178888888893,3.3407178888888893,False,LEAVE_ONE_FAMILY_OUT,HfOx,HfOx_01,10.1109/TNANO.2024.3485213,HfOx,7,5,4,False
HfOx_01,10.1109/TNANO.2024.3485213,HfOx,45.4,1.657055852857104,0,0,GRADUAL_MULTILEVEL,NOT_REPORTED,absolute,IDEALIZED_SINGLE_PAIR_GRADUAL,IDEALIZED_GRADUAL_MAPPING,64,6,63,0,2,4,203264,56,16,896,91.0,5.230000000000004,87.67830651587302,4.3468140205698615,83.33149249530315,-3.321693484126982,3.321693484126982,False,LEAVE_ONE_FAMILY_OUT,HfOx,HfOx_01,10.1109/TNANO.2024.3485213,HfOx,7,5,4,False
HfOx_01,10.1109/TNANO.2024.3485213,HfOx,45.4,1.657055852857104,0,0,GRADUAL_MULTILEVEL,NOT_REPORTED,absolute,IDEALIZED_SINGLE_PAIR_GRADUAL,IDEALIZED_GRADUAL_MAPPING,64,4,15,0,2,4,203264,56,16,896,90.93,5.299999999999997,86.9478027142857,5.464451566482583,81.48335114780312,-3.9821972857143066,3.9821972857143066,False,LEAVE_ONE_FAMILY_OUT,HfOx,HfOx_01,10.1109/TNANO.2024.3485213,HfOx,7,5,4,False
HfOx_01,10.1109/TNANO.2024.3485213,HfOx,45.4,1.657055852857104,0,0,GRADUAL_MULTILEVEL,NOT_REPORTED,absolute,IDEALIZED_SINGLE_PAIR_GRADUAL,IDEALIZED_GRADUAL_MAPPING,64,7,127,0,2,4,203264,56,16,896,90.85,5.38000000000001,87.77964111111112,4.190046676102886,83.58959443500824,-3.070358888888876,3.070358888888876,False,LEAVE_ONE_FAMILY_OUT,HfOx,HfOx_01,10.1109/TNANO.2024.3485213,HfOx,7,5,4,False
HfOx_01,10.1109/TNANO.2024.3485213,HfOx,45.4,1.657055852857104,0,0,GRADUAL_MULTILEVEL,NOT_REPORTED,absolute,IDEALIZED_SINGLE_PAIR_GRADUAL,IDEALIZED_GRADUAL_MAPPING,16,3,7,0,2,4,203264,800,16,12800,90.68,5.549999999999997,88.43623706204907,3.8075914374182482,84.62864562463082,-2.243762937950933,2.243762937950933,False,LEAVE_ONE_FAMILY_OUT,HfOx,HfOx_01,10.1109/TNANO.2024.3485213,HfOx,7,5,4,False
HfOx_01,10.1109/TNANO.2024.3485213,HfOx,45.4,1.657055852857104,0,0,GRADUAL_MULTILEVEL,NOT_REPORTED,absolute,IDEALIZED_SINGLE_PAIR_GRADUAL,IDEALIZED_GRADUAL_MAPPING,64,5,31,0,2,4,203264,56,16,896,90.5,5.730000000000004,87.3141904920635,4.871089796761099,82.4431006953024,-3.185809507936497,3.185809507936497,False,LEAVE_ONE_FAMILY_OUT,HfOx,HfOx_01,10.1109/TNANO.2024.3485213,HfOx,7,5,4,False
HfOx_01,10.1109/TNANO.2024.3485213,HfOx,45.4,1.657055852857104,0,0,GRADUAL_MULTILEVEL,NOT_REPORTED,absolute,IDEALIZED_SINGLE_PAIR_GRADUAL,IDEALIZED_GRADUAL_MAPPING,64,3,7,0,2,5,203264,56,32,1792,90.46,5.77000000000001,89.7855646031746,3.0172890405977606,86.76827556257685,-0.6744353968253876,0.6744353968253876,False,LEAVE_ONE_FAMILY_OUT,HfOx,HfOx_01,10.1109/TNANO.2024.3485213,HfOx,7,5,4,False
HfOx_01,10.1109/TNANO.2024.3485213,HfOx,45.4,1.657055852857104,0,0,GRADUAL_MULTILEVEL,NOT_REPORTED,absolute,IDEALIZED_SINGLE_PAIR_GRADUAL,IDEALIZED_GRADUAL_MAPPING,32,3,7,0,2,4,203264,208,16,3328,89.89,6.340000000000003,87.69286087157286,3.921309433318398,83.77155143825446,-2.197139128427139,2.197139128427139,False,LEAVE_ONE_FAMILY_OUT,HfOx,HfOx_01,10.1109/TNANO.2024.3485213,HfOx,7,5,4,False
HfOx_01,10.1109/TNANO.2024.3485213,HfOx,45.4,1.657055852857104,0,0,GRADUAL_MULTILEVEL,NOT_REPORTED,absolute,IDEALIZED_SINGLE_PAIR_GRADUAL,IDEALIZED_GRADUAL_MAPPING,128,3,7,0,2,5,203264,16,32,512,88.68,7.549999999999997,88.74516776190475,4.154101893254618,84.59106586865013,0.06516776190474616,0.06516776190474616,False,LEAVE_ONE_FAMILY_OUT,HfOx,HfOx_01,10.1109/TNANO.2024.3485213,HfOx,7,5,4,False
HfOx_01,10.1109/TNANO.2024.3485213,HfOx,45.4,1.657055852857104,0,0,GRADUAL_MULTILEVEL,NOT_REPORTED,absolute,IDEALIZED_SINGLE_PAIR_GRADUAL,IDEALIZED_GRADUAL_MAPPING,256,3,7,0,2,5,203264,10,32,320,88.67,7.560000000000002,87.92811680952381,4.739307785977066,83.18880902354675,-0.7418831904761873,0.7418831904761873,False,LEAVE_ONE_FAMILY_OUT,HfOx,HfOx_01,10.1109/TNANO.2024.3485213,HfOx,7,5,4,False
HfOx_01,10.1109/TNANO.2024.3485213,HfOx,45.4,1.657055852857104,0,0,GRADUAL_MULTILEVEL,NOT_REPORTED,absolute,IDEALIZED_SINGLE_PAIR_GRADUAL,IDEALIZED_GRADUAL_MAPPING,64,3,7,0,2,4,203264,56,16,896,85.99,10.240000000000007,85.07707156204907,4.880276430101837,80.19679513194723,-0.9129284379509244,0.9129284379509244,False,LEAVE_ONE_FAMILY_OUT,HfOx,HfOx_01,10.1109/TNANO.2024.3485213,HfOx,7,5,4,False
HfOx_01,10.1109/TNANO.2024.3485213,HfOx,45.4,1.657055852857104,0,0,GRADUAL_MULTILEVEL,NOT_REPORTED,absolute,IDEALIZED_SINGLE_PAIR_GRADUAL,IDEALIZED_GRADUAL_MAPPING,128,4,15,0,2,4,203264,16,16,256,84.3,11.930000000000009,72.41079606349207,7.409744768110428,65.00105129538164,-11.889203936507926,11.889203936507926,False,LEAVE_ONE_FAMILY_OUT,HfOx,HfOx_01,10.1109/TNANO.2024.3485213,HfOx,7,5,4,False
HfOx_01,10.1109/TNANO.2024.3485213,HfOx,45.4,1.657055852857104,0,0,GRADUAL_MULTILEVEL,NOT_REPORTED,absolute,IDEALIZED_SINGLE_PAIR_GRADUAL,IDEALIZED_GRADUAL_MAPPING,128,6,63,0,2,4,203264,16,16,256,83.23,13.0,72.13377411111112,5.494973531062526,66.6388005800486,-11.096225888888881,11.096225888888881,False,LEAVE_ONE_FAMILY_OUT,HfOx,HfOx_01,10.1109/TNANO.2024.3485213,HfOx,7,5,4,False
HfOx_01,10.1109/TNANO.2024.3485213,HfOx,45.4,1.657055852857104,0,0,GRADUAL_MULTILEVEL,NOT_REPORTED,absolute,IDEALIZED_SINGLE_PAIR_GRADUAL,IDEALIZED_GRADUAL_MAPPING,256,4,15,0,2,4,203264,10,16,160,83.11,13.120000000000005,70.20741474603174,9.406501435903976,60.80091331012777,-12.902585253968255,12.902585253968255,False,LEAVE_ONE_FAMILY_OUT,HfOx,HfOx_01,10.1109/TNANO.2024.3485213,HfOx,7,5,4,False
HfOx_01,10.1109/TNANO.2024.3485213,HfOx,45.4,1.657055852857104,0,0,GRADUAL_MULTILEVEL,NOT_REPORTED,absolute,IDEALIZED_SINGLE_PAIR_GRADUAL,IDEALIZED_GRADUAL_MAPPING,128,8,255,0,2,4,203264,16,16,256,82.98,13.25,72.0635661904762,5.475890393425759,66.58767579705044,-10.91643380952381,10.91643380952381,False,LEAVE_ONE_FAMILY_OUT,HfOx,HfOx_01,10.1109/TNANO.2024.3485213,HfOx,7,5,4,False
HfOx_01,10.1109/TNANO.2024.3485213,HfOx,45.4,1.657055852857104,0,0,GRADUAL_MULTILEVEL,NOT_REPORTED,absolute,IDEALIZED_SINGLE_PAIR_GRADUAL,IDEALIZED_GRADUAL_MAPPING,128,7,127,0,2,4,203264,16,16,256,82.79,13.439999999999998,72.06697976190476,5.489258777436115,66.57772098446864,-10.723020238095245,10.723020238095245,False,LEAVE_ONE_FAMILY_OUT,HfOx,HfOx_01,10.1109/TNANO.2024.3485213,HfOx,7,5,4,False
HfOx_01,10.1109/TNANO.2024.3485213,HfOx,45.4,1.657055852857104,0,0,GRADUAL_MULTILEVEL,NOT_REPORTED,absolute,IDEALIZED_SINGLE_PAIR_GRADUAL,IDEALIZED_GRADUAL_MAPPING,128,5,31,0,2,4,203264,16,16,256,82.7,13.53,71.92550484920633,5.810161283506733,66.1153435656996,-10.774495150793669,10.774495150793669,False,LEAVE_ONE_FAMILY_OUT,HfOx,HfOx_01,10.1109/TNANO.2024.3485213,HfOx,7,5,4,False
HfOx_01,10.1109/TNANO.2024.3485213,HfOx,45.4,1.657055852857104,0,0,GRADUAL_MULTILEVEL,NOT_REPORTED,absolute,IDEALIZED_SINGLE_PAIR_GRADUAL,IDEALIZED_GRADUAL_MAPPING,256,5,31,0,2,4,203264,10,16,160,80.43,15.799999999999995,69.87607071428572,8.4650423551323,61.41102835915342,-10.55392928571429,10.55392928571429,False,LEAVE_ONE_FAMILY_OUT,HfOx,HfOx_01,10.1109/TNANO.2024.3485213,HfOx,7,5,4,False
HfOx_01,10.1109/TNANO.2024.3485213,HfOx,45.4,1.657055852857104,0,0,GRADUAL_MULTILEVEL,NOT_REPORTED,absolute,IDEALIZED_SINGLE_PAIR_GRADUAL,IDEALIZED_GRADUAL_MAPPING,256,6,63,0,2,4,203264,10,16,160,80.14,16.090000000000003,70.20589626190477,8.284458391815436,61.921437870089335,-9.934103738095232,9.934103738095232,False,LEAVE_ONE_FAMILY_OUT,HfOx,HfOx_01,10.1109/TNANO.2024.3485213,HfOx,7,5,4,False
HfOx_01,10.1109/TNANO.2024.3485213,HfOx,45.4,1.657055852857104,0,0,GRADUAL_MULTILEVEL,NOT_REPORTED,absolute,IDEALIZED_SINGLE_PAIR_GRADUAL,IDEALIZED_GRADUAL_MAPPING,256,8,255,0,2,4,203264,10,16,160,79.88,16.35000000000001,70.1444881984127,8.292572950674275,61.851915247738425,-9.735511801587293,9.735511801587293,False,LEAVE_ONE_FAMILY_OUT,HfOx,HfOx_01,10.1109/TNANO.2024.3485213,HfOx,7,5,4,False
HfOx_01,10.1109/TNANO.2024.3485213,HfOx,45.4,1.657055852857104,0,0,GRADUAL_MULTILEVEL,NOT_REPORTED,absolute,IDEALIZED_SINGLE_PAIR_GRADUAL,IDEALIZED_GRADUAL_MAPPING,256,7,127,0,2,4,203264,10,16,160,79.87,16.36,70.13794843650793,8.30054853076223,61.8373999057457,-9.732051563492078,9.732051563492078,False,LEAVE_ONE_FAMILY_OUT,HfOx,HfOx_01,10.1109/TNANO.2024.3485213,HfOx,7,5,4,False
HfOx_01,10.1109/TNANO.2024.3485213,HfOx,45.4,1.657055852857104,0,0,GRADUAL_MULTILEVEL,NOT_REPORTED,absolute,IDEALIZED_SINGLE_PAIR_GRADUAL,IDEALIZED_GRADUAL_MAPPING,128,3,7,0,2,4,203264,16,16,256,77.81,18.42,70.93006667460318,10.035405294419997,60.89466138018319,-6.87993332539682,6.87993332539682,False,LEAVE_ONE_FAMILY_OUT,HfOx,HfOx_01,10.1109/TNANO.2024.3485213,HfOx,7,5,4,False
HfOx_01,10.1109/TNANO.2024.3485213,HfOx,45.4,1.657055852857104,0,0,GRADUAL_MULTILEVEL,NOT_REPORTED,absolute,IDEALIZED_SINGLE_PAIR_GRADUAL,IDEALIZED_GRADUAL_MAPPING,256,3,7,0,2,4,203264,10,16,160,73.61,22.620000000000005,68.82709565873014,10.579946540802254,58.24714911792789,-4.782904341269855,4.782904341269855,False,LEAVE_ONE_FAMILY_OUT,HfOx,HfOx_01,10.1109/TNANO.2024.3485213,HfOx,7,5,4,False
HfOx_01,10.1109/TNANO.2024.3485213,HfOx,45.4,1.657055852857104,0,0,GRADUAL_MULTILEVEL,NOT_REPORTED,absolute,IDEALIZED_SINGLE_PAIR_GRADUAL,IDEALIZED_GRADUAL_MAPPING,64,2,3,0,2,4,203264,56,16,896,12.59,83.64,11.823340325396826,0.5720636300210858,11.25127669537574,-0.766659674603174,0.766659674603174,False,LEAVE_ONE_FAMILY_OUT,HfOx,HfOx_01,10.1109/TNANO.2024.3485213,HfOx,7,5,4,False
HfOx_01,10.1109/TNANO.2024.3485213,HfOx,45.4,1.657055852857104,0,0,GRADUAL_MULTILEVEL,NOT_REPORTED,absolute,IDEALIZED_SINGLE_PAIR_GRADUAL,IDEALIZED_GRADUAL_MAPPING,256,2,3,0,2,6,203264,10,64,640,12.1,84.13000000000001,11.259540333333334,0.3052319203318587,10.954308413001476,-0.8404596666666659,0.8404596666666659,False,LEAVE_ONE_FAMILY_OUT,HfOx,HfOx_01,10.1109/TNANO.2024.3485213,HfOx,7,5,4,False
HfOx_01,10.1109/TNANO.2024.3485213,HfOx,45.4,1.657055852857104,0,0,GRADUAL_MULTILEVEL,NOT_REPORTED,absolute,IDEALIZED_SINGLE_PAIR_GRADUAL,IDEALIZED_GRADUAL_MAPPING,32,2,3,0,2,4,203264,208,16,3328,12.04,84.19,11.767530825396825,0.43977549754835904,11.327755327848466,-0.27246917460317377,0.27246917460317377,False,LEAVE_ONE_FAMILY_OUT,HfOx,HfOx_01,10.1109/TNANO.2024.3485213,HfOx,7,5,4,False
HfOx_01,10.1109/TNANO.2024.3485213,HfOx,45.4,1.657055852857104,0,0,GRADUAL_MULTILEVEL,NOT_REPORTED,absolute,IDEALIZED_SINGLE_PAIR_GRADUAL,IDEALIZED_GRADUAL_MAPPING,16,2,3,0,2,4,203264,800,16,12800,11.7,84.53,11.839778301587303,0.4369690217566268,11.402809279830677,0.1397783015873042,0.1397783015873042,False,LEAVE_ONE_FAMILY_OUT,HfOx,HfOx_01,10.1109/TNANO.2024.3485213,HfOx,7,5,4,False
HfOx_01,10.1109/TNANO.2024.3485213,HfOx,45.4,1.657055852857104,0,0,GRADUAL_MULTILEVEL,NOT_REPORTED,absolute,IDEALIZED_SINGLE_PAIR_GRADUAL,IDEALIZED_GRADUAL_MAPPING,256,2,3,0,2,4,203264,10,16,160,11.66,84.57000000000001,10.781698093073592,0.7076515320072311,10.07404656106636,-0.8783019069264082,0.8783019069264082,False,LEAVE_ONE_FAMILY_OUT,HfOx,HfOx_01,10.1109/TNANO.2024.3485213,HfOx,7,5,4,False
HfOx_01,10.1109/TNANO.2024.3485213,HfOx,45.4,1.657055852857104,0,0,GRADUAL_MULTILEVEL,NOT_REPORTED,absolute,IDEALIZED_SINGLE_PAIR_GRADUAL,IDEALIZED_GRADUAL_MAPPING,128,2,3,0,2,6,203264,16,64,1024,11.64,84.59,11.247054523809524,0.26623687408147345,10.980817649728051,-0.3929454761904765,0.3929454761904765,False,LEAVE_ONE_FAMILY_OUT,HfOx,HfOx_01,10.1109/TNANO.2024.3485213,HfOx,7,5,4,False
HfOx_01,10.1109/TNANO.2024.3485213,HfOx,45.4,1.657055852857104,0,0,GRADUAL_MULTILEVEL,NOT_REPORTED,absolute,IDEALIZED_SINGLE_PAIR_GRADUAL,IDEALIZED_GRADUAL_MAPPING,64,2,3,0,2,6,203264,56,64,3584,11.64,84.59,11.19850107936508,0.1795472727595723,11.018953806605507,-0.44149892063492047,0.44149892063492047,False,LEAVE_ONE_FAMILY_OUT,HfOx,HfOx_01,10.1109/TNANO.2024.3485213,HfOx,7,5,4,False
HfOx_01,10.1109/TNANO.2024.3485213,HfOx,45.4,1.657055852857104,0,0,GRADUAL_MULTILEVEL,NOT_REPORTED,absolute,IDEALIZED_SINGLE_PAIR_GRADUAL,IDEALIZED_GRADUAL_MAPPING,128,2,3,0,2,4,203264,16,16,256,11.6,84.63000000000001,11.262073809523809,0.6962955913418667,10.565778218181942,-0.33792619047619077,0.33792619047619077,False,LEAVE_ONE_FAMILY_OUT,HfOx,HfOx_01,10.1109/TNANO.2024.3485213,HfOx,7,5,4,False
HfOx_01,10.1109/TNANO.2024.3485213,HfOx,45.4,1.657055852857104,0,0,GRADUAL_MULTILEVEL,NOT_REPORTED,absolute,IDEALIZED_SINGLE_PAIR_GRADUAL,IDEALIZED_GRADUAL_MAPPING,128,2,3,0,2,7,203264,16,128,2048,11.53,84.7,11.342296682539681,0.1959722589937463,11.146324423545934,-0.18770331746031843,0.18770331746031843,False,LEAVE_ONE_FAMILY_OUT,HfOx,HfOx_01,10.1109/TNANO.2024.3485213,HfOx,7,5,4,False
HfOx_01,10.1109/TNANO.2024.3485213,HfOx,45.4,1.657055852857104,0,0,GRADUAL_MULTILEVEL,NOT_REPORTED,absolute,IDEALIZED_SINGLE_PAIR_GRADUAL,IDEALIZED_GRADUAL_MAPPING,16,2,3,0,2,6,203264,800,64,51200,11.52,84.71000000000001,11.28018537229437,0.12637021429620982,11.15381515799816,-0.23981462770562878,0.23981462770562878,False,LEAVE_ONE_FAMILY_OUT,HfOx,HfOx_01,10.1109/TNANO.2024.3485213,HfOx,7,5,4,False
HfOx_01,10.1109/TNANO.2024.3485213,HfOx,45.4,1.657055852857104,0,0,GRADUAL_MULTILEVEL,NOT_REPORTED,absolute,IDEALIZED_SINGLE_PAIR_GRADUAL,IDEALIZED_GRADUAL_MAPPING,32,2,3,0,2,6,203264,208,64,13312,11.52,84.71000000000001,11.267773547619047,0.13259452741276317,11.135179020206284,-0.25222645238095254,0.25222645238095254,False,LEAVE_ONE_FAMILY_OUT,HfOx,HfOx_01,10.1109/TNANO.2024.3485213,HfOx,7,5,4,False
HfOx_01,10.1109/TNANO.2024.3485213,HfOx,45.4,1.657055852857104,0,0,GRADUAL_MULTILEVEL,NOT_REPORTED,absolute,IDEALIZED_SINGLE_PAIR_GRADUAL,IDEALIZED_GRADUAL_MAPPING,32,2,3,0,2,9,203264,208,512,106496,11.47,84.76,11.377051601010102,0.10435878212369032,11.272692818886412,-0.0929483989898987,0.0929483989898987,False,LEAVE_ONE_FAMILY_OUT,HfOx,HfOx_01,10.1109/TNANO.2024.3485213,HfOx,7,5,4,False
HfOx_01,10.1109/TNANO.2024.3485213,HfOx,45.4,1.657055852857104,0,0,GRADUAL_MULTILEVEL,NOT_REPORTED,absolute,IDEALIZED_SINGLE_PAIR_GRADUAL,IDEALIZED_GRADUAL_MAPPING,256,2,3,0,2,7,203264,10,128,1280,11.47,84.76,11.350646206349207,0.2235579992455365,11.127088207103672,-0.11935379365079335,0.11935379365079335,False,LEAVE_ONE_FAMILY_OUT,HfOx,HfOx_01,10.1109/TNANO.2024.3485213,HfOx,7,5,4,False
HfOx_01,10.1109/TNANO.2024.3485213,HfOx,45.4,1.657055852857104,0,0,GRADUAL_MULTILEVEL,NOT_REPORTED,absolute,IDEALIZED_SINGLE_PAIR_GRADUAL,IDEALIZED_GRADUAL_MAPPING,16,2,3,0,2,9,203264,800,512,409600,11.46,84.77000000000001,11.411517848484847,0.10154049965824954,11.309977348826598,-0.048482151515154115,0.048482151515154115,False,LEAVE_ONE_FAMILY_OUT,HfOx,HfOx_01,10.1109/TNANO.2024.3485213,HfOx,7,5,4,False
HfOx_01,10.1109/TNANO.2024.3485213,HfOx,45.4,1.657055852857104,0,0,GRADUAL_MULTILEVEL,NOT_REPORTED,absolute,IDEALIZED_SINGLE_PAIR_GRADUAL,IDEALIZED_GRADUAL_MAPPING,256,2,3,0,2,9,203264,10,512,5120,11.44,84.79,11.344858111111112,0.10214583811167706,11.242712272999436,-0.09514188888888775,0.09514188888888775,False,LEAVE_ONE_FAMILY_OUT,HfOx,HfOx_01,10.1109/TNANO.2024.3485213,HfOx,7,5,4,False
HfOx_01,10.1109/TNANO.2024.3485213,HfOx,45.4,1.657055852857104,0,0,GRADUAL_MULTILEVEL,NOT_REPORTED,absolute,IDEALIZED_SINGLE_PAIR_GRADUAL,IDEALIZED_GRADUAL_MAPPING,128,2,3,0,2,9,203264,16,512,8192,11.43,84.80000000000001,11.354506199855699,0.08586957003562366,11.268636629820076,-0.07549380014430085,0.07549380014430085,False,LEAVE_ONE_FAMILY_OUT,HfOx,HfOx_01,10.1109/TNANO.2024.3485213,HfOx,7,5,4,False
HfOx_01,10.1109/TNANO.2024.3485213,HfOx,45.4,1.657055852857104,0,0,GRADUAL_MULTILEVEL,NOT_REPORTED,absolute,IDEALIZED_SINGLE_PAIR_GRADUAL,IDEALIZED_GRADUAL_MAPPING,64,2,3,0,2,9,203264,56,512,28672,11.4,84.83,11.353987164502163,0.09385742285214384,11.260129741650019,-0.0460128354978373,0.0460128354978373,False,LEAVE_ONE_FAMILY_OUT,HfOx,HfOx_01,10.1109/TNANO.2024.3485213,HfOx,7,5,4,False
HfOx_01,10.1109/TNANO.2024.3485213,HfOx,45.4,1.657055852857104,0,0,GRADUAL_MULTILEVEL,NOT_REPORTED,absolute,IDEALIZED_SINGLE_PAIR_GRADUAL,IDEALIZED_GRADUAL_MAPPING,16,2,3,0,2,10,203264,800,1024,819200,11.39,84.84,11.421262063492064,0.09801261765858456,11.32324944583348,0.031262063492063064,0.031262063492063064,False,LEAVE_ONE_FAMILY_OUT,HfOx,HfOx_01,10.1109/TNANO.2024.3485213,HfOx,7,5,4,False
HfOx_01,10.1109/TNANO.2024.3485213,HfOx,45.4,1.657055852857104,0,0,GRADUAL_MULTILEVEL,NOT_REPORTED,absolute,IDEALIZED_SINGLE_PAIR_GRADUAL,IDEALIZED_GRADUAL_MAPPING,16,2,3,0,2,7,203264,800,128,102400,11.39,84.84,11.27424749134199,0.0991399640071286,11.17510752733486,-0.11575250865801046,0.11575250865801046,False,LEAVE_ONE_FAMILY_OUT,HfOx,HfOx_01,10.1109/TNANO.2024.3485213,HfOx,7,5,4,False
HfOx_01,10.1109/TNANO.2024.3485213,HfOx,45.4,1.657055852857104,0,0,GRADUAL_MULTILEVEL,NOT_REPORTED,absolute,IDEALIZED_SINGLE_PAIR_GRADUAL,IDEALIZED_GRADUAL_MAPPING,128,2,3,0,2,8,203264,16,256,4096,11.29,84.94,11.436866422077923,0.08283579926804462,11.354030622809878,0.14686642207792389,0.14686642207792389,False,LEAVE_ONE_FAMILY_OUT,HfOx,HfOx_01,10.1109/TNANO.2024.3485213,HfOx,7,5,4,False
HfOx_01,10.1109/TNANO.2024.3485213,HfOx,45.4,1.657055852857104,0,0,GRADUAL_MULTILEVEL,NOT_REPORTED,absolute,IDEALIZED_SINGLE_PAIR_GRADUAL,IDEALIZED_GRADUAL_MAPPING,32,2,3,0,2,7,203264,208,128,26624,11.29,84.94,11.262602,0.10090530609192118,11.161696693908079,-0.02739799999999981,0.02739799999999981,False,LEAVE_ONE_FAMILY_OUT,HfOx,HfOx_01,10.1109/TNANO.2024.3485213,HfOx,7,5,4,False
HfOx_01,10.1109/TNANO.2024.3485213,HfOx,45.4,1.657055852857104,0,0,GRADUAL_MULTILEVEL,NOT_REPORTED,absolute,IDEALIZED_SINGLE_PAIR_GRADUAL,IDEALIZED_GRADUAL_MAPPING,256,2,3,0,2,8,203264,10,256,2560,11.26,84.97,11.435971023809525,0.11602035257760224,11.319950671231924,0.17597102380952556,0.17597102380952556,False,LEAVE_ONE_FAMILY_OUT,HfOx,HfOx_01,10.1109/TNANO.2024.3485213,HfOx,7,5,4,False
HfOx_01,10.1109/TNANO.2024.3485213,HfOx,45.4,1.657055852857104,0,0,GRADUAL_MULTILEVEL,NOT_REPORTED,absolute,IDEALIZED_SINGLE_PAIR_GRADUAL,IDEALIZED_GRADUAL_MAPPING,32,2,3,0,2,8,203264,208,256,53248,11.24,84.99000000000001,11.384372934343435,0.07613849524902215,11.308234439094413,0.14437293434343523,0.14437293434343523,False,LEAVE_ONE_FAMILY_OUT,HfOx,HfOx_01,10.1109/TNANO.2024.3485213,HfOx,7,5,4,False
HfOx_01,10.1109/TNANO.2024.3485213,HfOx,45.4,1.657055852857104,0,0,GRADUAL_MULTILEVEL,NOT_REPORTED,absolute,IDEALIZED_SINGLE_PAIR_GRADUAL,IDEALIZED_GRADUAL_MAPPING,16,2,3,0,2,8,203264,800,256,204800,11.2,85.03,11.416140745310246,0.07008216253800416,11.346058582772242,0.21614074531024663,0.21614074531024663,False,LEAVE_ONE_FAMILY_OUT,HfOx,HfOx_01,10.1109/TNANO.2024.3485213,HfOx,7,5,4,False
HfOx_01,10.1109/TNANO.2024.3485213,HfOx,45.4,1.657055852857104,0,0,GRADUAL_MULTILEVEL,NOT_REPORTED,absolute,IDEALIZED_SINGLE_PAIR_GRADUAL,IDEALIZED_GRADUAL_MAPPING,256,2,3,0,2,10,203264,10,1024,10240,11.19,85.04,11.28495334126984,0.09331269671275776,11.191640644557083,0.09495334126984112,0.09495334126984112,False,LEAVE_ONE_FAMILY_OUT,HfOx,HfOx_01,10.1109/TNANO.2024.3485213,HfOx,7,5,4,False
HfOx_01,10.1109/TNANO.2024.3485213,HfOx,45.4,1.657055852857104,0,0,GRADUAL_MULTILEVEL,NOT_REPORTED,absolute,IDEALIZED_SINGLE_PAIR_GRADUAL,IDEALIZED_GRADUAL_MAPPING,128,2,3,0,2,10,203264,16,1024,16384,11.18,85.05000000000001,11.290564079365078,0.07826180627100676,11.212302273094071,0.11056407936507817,0.11056407936507817,False,LEAVE_ONE_FAMILY_OUT,HfOx,HfOx_01,10.1109/TNANO.2024.3485213,HfOx,7,5,4,False
HfOx_01,10.1109/TNANO.2024.3485213,HfOx,45.4,1.657055852857104,0,0,GRADUAL_MULTILEVEL,NOT_REPORTED,absolute,IDEALIZED_SINGLE_PAIR_GRADUAL,IDEALIZED_GRADUAL_MAPPING,32,2,3,0,2,10,203264,208,1024,212992,11.17,85.06,11.359906428571428,0.09450114426555771,11.26540528430587,0.1899064285714278,0.1899064285714278,False,LEAVE_ONE_FAMILY_OUT,HfOx,HfOx_01,10.1109/TNANO.2024.3485213,HfOx,7,5,4,False
HfOx_01,10.1109/TNANO.2024.3485213,HfOx,45.4,1.657055852857104,0,0,GRADUAL_MULTILEVEL,NOT_REPORTED,absolute,IDEALIZED_SINGLE_PAIR_GRADUAL,IDEALIZED_GRADUAL_MAPPING,16,2,3,0,2,5,203264,800,32,25600,11.16,85.07000000000001,11.628417603174602,0.2610148833253808,11.367402719849222,0.46841760317460235,0.46841760317460235,False,LEAVE_ONE_FAMILY_OUT,HfOx,HfOx_01,10.1109/TNANO.2024.3485213,HfOx,7,5,4,False
HfOx_01,10.1109/TNANO.2024.3485213,HfOx,45.4,1.657055852857104,0,0,GRADUAL_MULTILEVEL,NOT_REPORTED,absolute,IDEALIZED_SINGLE_PAIR_GRADUAL,IDEALIZED_GRADUAL_MAPPING,64,2,3,0,2,10,203264,56,1024,57344,11.15,85.08,11.323690595238094,0.08709619578477876,11.236594399453315,0.17369059523809405,0.17369059523809405,False,LEAVE_ONE_FAMILY_OUT,HfOx,HfOx_01,10.1109/TNANO.2024.3485213,HfOx,7,5,4,False
HfOx_01,10.1109/TNANO.2024.3485213,HfOx,45.4,1.657055852857104,0,0,GRADUAL_MULTILEVEL,NOT_REPORTED,absolute,IDEALIZED_SINGLE_PAIR_GRADUAL,IDEALIZED_GRADUAL_MAPPING,64,2,3,0,2,8,203264,56,256,14336,11.14,85.09,11.36519318037518,0.0820685478858979,11.283124632489281,0.22519318037517877,0.22519318037517877,False,LEAVE_ONE_FAMILY_OUT,HfOx,HfOx_01,10.1109/TNANO.2024.3485213,HfOx,7,5,4,False
HfOx_01,10.1109/TNANO.2024.3485213,HfOx,45.4,1.657055852857104,0,0,GRADUAL_MULTILEVEL,NOT_REPORTED,absolute,IDEALIZED_SINGLE_PAIR_GRADUAL,IDEALIZED_GRADUAL_MAPPING,64,2,3,0,2,7,203264,56,128,7168,11.11,85.12,11.210302817460317,0.12056156812661076,11.089741249333706,0.10030281746031733,0.10030281746031733,False,LEAVE_ONE_FAMILY_OUT,HfOx,HfOx_01,10.1109/TNANO.2024.3485213,HfOx,7,5,4,False
HfOx_01,10.1109/TNANO.2024.3485213,HfOx,45.4,1.657055852857104,0,0,GRADUAL_MULTILEVEL,NOT_REPORTED,absolute,IDEALIZED_SINGLE_PAIR_GRADUAL,IDEALIZED_GRADUAL_MAPPING,64,2,3,0,2,5,203264,56,32,1792,11.07,85.16,11.687215031746032,0.38276210670397853,11.304452925042053,0.6172150317460314,0.6172150317460314,False,LEAVE_ONE_FAMILY_OUT,HfOx,HfOx_01,10.1109/TNANO.2024.3485213,HfOx,7,5,4,False
HfOx_01,10.1109/TNANO.2024.3485213,HfOx,45.4,1.657055852857104,0,0,GRADUAL_MULTILEVEL,NOT_REPORTED,absolute,IDEALIZED_SINGLE_PAIR_GRADUAL,IDEALIZED_GRADUAL_MAPPING,32,2,3,0,2,5,203264,208,32,6656,10.91,85.32000000000001,11.648962452380955,0.26766954714708435,11.38129290523387,0.7389624523809548,0.7389624523809548,False,LEAVE_ONE_FAMILY_OUT,HfOx,HfOx_01,10.1109/TNANO.2024.3485213,HfOx,7,5,4,False
HfOx_01,10.1109/TNANO.2024.3485213,HfOx,45.4,1.657055852857104,0,0,GRADUAL_MULTILEVEL,NOT_REPORTED,absolute,IDEALIZED_SINGLE_PAIR_GRADUAL,IDEALIZED_GRADUAL_MAPPING,128,2,3,0,2,5,203264,16,32,512,10.7,85.53,11.777908825396826,0.39113943611202695,11.3867693892848,1.0779088253968272,1.0779088253968272,False,LEAVE_ONE_FAMILY_OUT,HfOx,HfOx_01,10.1109/TNANO.2024.3485213,HfOx,7,5,4,False
HfOx_01,10.1109/TNANO.2024.3485213,HfOx,45.4,1.657055852857104,0,0,GRADUAL_MULTILEVEL,NOT_REPORTED,absolute,IDEALIZED_SINGLE_PAIR_GRADUAL,IDEALIZED_GRADUAL_MAPPING,256,2,3,0,2,5,203264,10,32,320,10.07,86.16,11.711238243867243,0.513850206686181,11.197388037181062,1.6412382438672424,1.6412382438672424,False,LEAVE_ONE_FAMILY_OUT,HfOx,HfOx_01,10.1109/TNANO.2024.3485213,HfOx,7,5,4,False
HfOx_02,10.1088/2634-4386/ac7327,HfOx,5.0,0.6989700043360189,0,0,ANALOG,NOT_REPORTED,normalized_from_ratio,IDEALIZED_SINGLE_PAIR_ANALOG,IDEALIZED_ANALOG_MAPPING,16,6,63,0,2,10,203264,800,1024,819200,96.3,-0.0699999999999931,96.29960220634919,0.019819671555805947,96.27978253479338,-0.00039779365080505613,0.00039779365080505613,True,LEAVE_ONE_FAMILY_OUT,HfOx,HfOx_02,10.1088/2634-4386/ac7327,HfOx,7,5,4,False
HfOx_02,10.1088/2634-4386/ac7327,HfOx,5.0,0.6989700043360189,0,0,ANALOG,NOT_REPORTED,normalized_from_ratio,IDEALIZED_SINGLE_PAIR_ANALOG,IDEALIZED_ANALOG_MAPPING,64,6,63,0,2,8,203264,56,256,14336,96.3,-0.0699999999999931,96.23056965079365,0.05561864129546886,96.17495100949819,-0.06943034920634261,0.06943034920634261,True,LEAVE_ONE_FAMILY_OUT,HfOx,HfOx_02,10.1088/2634-4386/ac7327,HfOx,7,5,4,False
HfOx_02,10.1088/2634-4386/ac7327,HfOx,5.0,0.6989700043360189,0,0,ANALOG,NOT_REPORTED,normalized_from_ratio,IDEALIZED_SINGLE_PAIR_ANALOG,IDEALIZED_ANALOG_MAPPING,64,6,63,0,2,10,203264,56,1024,57344,96.29,-0.0600000000000022,96.28726550793651,0.01600676163064557,96.27125874630586,-0.0027344920634959635,0.0027344920634959635,True,LEAVE_ONE_FAMILY_OUT,HfOx,HfOx_02,10.1088/2634-4386/ac7327,HfOx,7,5,4,False
HfOx_02,10.1088/2634-4386/ac7327,HfOx,5.0,0.6989700043360189,0,0,ANALOG,NOT_REPORTED,normalized_from_ratio,IDEALIZED_SINGLE_PAIR_ANALOG,IDEALIZED_ANALOG_MAPPING,16,6,63,0,2,9,203264,800,512,409600,96.28,-0.0499999999999971,96.25421886507937,0.018367698724305805,96.23585116635506,-0.02578113492063494,0.02578113492063494,True,LEAVE_ONE_FAMILY_OUT,HfOx,HfOx_02,10.1088/2634-4386/ac7327,HfOx,7,5,4,False
HfOx_02,10.1088/2634-4386/ac7327,HfOx,5.0,0.6989700043360189,0,0,ANALOG,NOT_REPORTED,normalized_from_ratio,IDEALIZED_SINGLE_PAIR_ANALOG,IDEALIZED_ANALOG_MAPPING,16,7,127,0,2,7,203264,800,128,102400,96.28,-0.0499999999999971,96.1893702936508,0.019807716313219287,96.16956257733757,-0.09062970634920475,0.09062970634920475,True,LEAVE_ONE_FAMILY_OUT,HfOx,HfOx_02,10.1088/2634-4386/ac7327,HfOx,7,5,4,False
HfOx_02,10.1088/2634-4386/ac7327,HfOx,5.0,0.6989700043360189,0,0,ANALOG,NOT_REPORTED,normalized_from_ratio,IDEALIZED_SINGLE_PAIR_ANALOG,IDEALIZED_ANALOG_MAPPING,32,6,63,0,2,10,203264,208,1024,212992,96.28,-0.0499999999999971,96.28563084920636,0.0180947413823454,96.26753610782401,0.0056308492063550375,0.0056308492063550375,True,LEAVE_ONE_FAMILY_OUT,HfOx,HfOx_02,10.1088/2634-4386/ac7327,HfOx,7,5,4,False
HfOx_02,10.1088/2634-4386/ac7327,HfOx,5.0,0.6989700043360189,0,0,ANALOG,NOT_REPORTED,normalized_from_ratio,IDEALIZED_SINGLE_PAIR_ANALOG,IDEALIZED_ANALOG_MAPPING,64,6,63,0,2,9,203264,56,512,28672,96.27,-0.039999999999992,96.26450479365079,0.024653347730769527,96.23985144592001,-0.005495206349209525,0.005495206349209525,True,LEAVE_ONE_FAMILY_OUT,HfOx,HfOx_02,10.1088/2634-4386/ac7327,HfOx,7,5,4,False
HfOx_02,10.1088/2634-4386/ac7327,HfOx,5.0,0.6989700043360189,0,0,ANALOG,NOT_REPORTED,normalized_from_ratio,IDEALIZED_SINGLE_PAIR_ANALOG,IDEALIZED_ANALOG_MAPPING,16,6,63,0,2,7,203264,800,128,102400,96.27,-0.039999999999992,96.17738722222221,0.026693411104217562,96.15069381111799,-0.09261277777778787,0.09261277777778787,True,LEAVE_ONE_FAMILY_OUT,HfOx,HfOx_02,10.1088/2634-4386/ac7327,HfOx,7,5,4,False
HfOx_02,10.1088/2634-4386/ac7327,HfOx,5.0,0.6989700043360189,0,0,ANALOG,NOT_REPORTED,normalized_from_ratio,IDEALIZED_SINGLE_PAIR_ANALOG,IDEALIZED_ANALOG_MAPPING,32,8,255,0,2,10,203264,208,1024,212992,96.26,-0.0300000000000011,96.25148142857142,0.015930949264998582,96.23555047930643,-0.008518571428581367,0.008518571428581367,True,LEAVE_ONE_FAMILY_OUT,HfOx,HfOx_02,10.1088/2634-4386/ac7327,HfOx,7,5,4,False
HfOx_02,10.1088/2634-4386/ac7327,HfOx,5.0,0.6989700043360189,0,0,ANALOG,NOT_REPORTED,normalized_from_ratio,IDEALIZED_SINGLE_PAIR_ANALOG,IDEALIZED_ANALOG_MAPPING,64,7,127,0,2,9,203264,56,512,28672,96.26,-0.0300000000000011,96.22110793434342,0.021779329847095463,96.19932860449633,-0.038892065656582986,0.038892065656582986,True,LEAVE_ONE_FAMILY_OUT,HfOx,HfOx_02,10.1088/2634-4386/ac7327,HfOx,7,5,4,False
HfOx_02,10.1088/2634-4386/ac7327,HfOx,5.0,0.6989700043360189,0,0,ANALOG,NOT_REPORTED,normalized_from_ratio,IDEALIZED_SINGLE_PAIR_ANALOG,IDEALIZED_ANALOG_MAPPING,256,6,63,0,2,10,203264,10,1024,10240,96.26,-0.0300000000000011,96.25833097619048,0.02735396835942525,96.23097700783106,-0.001669023809526493,0.001669023809526493,True,LEAVE_ONE_FAMILY_OUT,HfOx,HfOx_02,10.1088/2634-4386/ac7327,HfOx,7,5,4,False
HfOx_02,10.1088/2634-4386/ac7327,HfOx,5.0,0.6989700043360189,0,0,ANALOG,NOT_REPORTED,normalized_from_ratio,IDEALIZED_SINGLE_PAIR_ANALOG,IDEALIZED_ANALOG_MAPPING,128,6,63,0,2,10,203264,16,1024,16384,96.26,-0.0300000000000011,96.26719334126985,0.021219559444002296,96.24597378182584,0.007193341269839948,0.007193341269839948,True,LEAVE_ONE_FAMILY_OUT,HfOx,HfOx_02,10.1088/2634-4386/ac7327,HfOx,7,5,4,False
HfOx_02,10.1088/2634-4386/ac7327,HfOx,5.0,0.6989700043360189,0,0,ANALOG,NOT_REPORTED,normalized_from_ratio,IDEALIZED_SINGLE_PAIR_ANALOG,IDEALIZED_ANALOG_MAPPING,16,7,127,0,2,6,203264,800,64,51200,96.25,-0.019999999999996,96.10691213858364,0.05138482656291348,96.05552731202073,-0.14308786141636176,0.14308786141636176,True,LEAVE_ONE_FAMILY_OUT,HfOx,HfOx_02,10.1088/2634-4386/ac7327,HfOx,7,5,4,False
HfOx_02,10.1088/2634-4386/ac7327,HfOx,5.0,0.6989700043360189,0,0,ANALOG,NOT_REPORTED,normalized_from_ratio,IDEALIZED_SINGLE_PAIR_ANALOG,IDEALIZED_ANALOG_MAPPING,256,7,127,0,2,8,203264,10,256,2560,96.25,-0.019999999999996,96.2299621998557,0.026976069767006304,96.2029861300887,-0.020037800144294238,0.020037800144294238,True,LEAVE_ONE_FAMILY_OUT,HfOx,HfOx_02,10.1088/2634-4386/ac7327,HfOx,7,5,4,False
HfOx_02,10.1088/2634-4386/ac7327,HfOx,5.0,0.6989700043360189,0,0,ANALOG,NOT_REPORTED,normalized_from_ratio,IDEALIZED_SINGLE_PAIR_ANALOG,IDEALIZED_ANALOG_MAPPING,64,7,127,0,2,10,203264,56,1024,57344,96.25,-0.019999999999996,96.22089192640692,0.017093909789430768,96.20379801661748,-0.029108073593079098,0.029108073593079098,True,LEAVE_ONE_FAMILY_OUT,HfOx,HfOx_02,10.1088/2634-4386/ac7327,HfOx,7,5,4,False
HfOx_02,10.1088/2634-4386/ac7327,HfOx,5.0,0.6989700043360189,0,0,ANALOG,NOT_REPORTED,normalized_from_ratio,IDEALIZED_SINGLE_PAIR_ANALOG,IDEALIZED_ANALOG_MAPPING,16,6,63,0,2,8,203264,800,256,204800,96.25,-0.019999999999996,96.23664528571427,0.03285782030579441,96.20378746540848,-0.013354714285725322,0.013354714285725322,True,LEAVE_ONE_FAMILY_OUT,HfOx,HfOx_02,10.1088/2634-4386/ac7327,HfOx,7,5,4,False
HfOx_02,10.1088/2634-4386/ac7327,HfOx,5.0,0.6989700043360189,0,0,ANALOG,NOT_REPORTED,normalized_from_ratio,IDEALIZED_SINGLE_PAIR_ANALOG,IDEALIZED_ANALOG_MAPPING,16,8,255,0,2,10,203264,800,1024,819200,96.25,-0.019999999999996,96.249789,0.015746863343636536,96.23404213665637,-0.00021099999999307784,0.00021099999999307784,True,LEAVE_ONE_FAMILY_OUT,HfOx,HfOx_02,10.1088/2634-4386/ac7327,HfOx,7,5,4,False
HfOx_02,10.1088/2634-4386/ac7327,HfOx,5.0,0.6989700043360189,0,0,ANALOG,NOT_REPORTED,normalized_from_ratio,IDEALIZED_SINGLE_PAIR_ANALOG,IDEALIZED_ANALOG_MAPPING,16,8,255,0,2,9,203264,800,512,409600,96.25,-0.019999999999996,96.24291397619048,0.026866555169694623,96.21604742102079,-0.007086023809520725,0.007086023809520725,True,LEAVE_ONE_FAMILY_OUT,HfOx,HfOx_02,10.1088/2634-4386/ac7327,HfOx,7,5,4,False
HfOx_02,10.1088/2634-4386/ac7327,HfOx,5.0,0.6989700043360189,0,0,ANALOG,NOT_REPORTED,normalized_from_ratio,IDEALIZED_SINGLE_PAIR_ANALOG,IDEALIZED_ANALOG_MAPPING,32,7,127,0,2,8,203264,208,256,53248,96.25,-0.019999999999996,96.21782875108225,0.022350355040187193,96.19547839604206,-0.032171248917748585,0.032171248917748585,True,LEAVE_ONE_FAMILY_OUT,HfOx,HfOx_02,10.1088/2634-4386/ac7327,HfOx,7,5,4,False
HfOx_02,10.1088/2634-4386/ac7327,HfOx,5.0,0.6989700043360189,0,0,ANALOG,NOT_REPORTED,normalized_from_ratio,IDEALIZED_SINGLE_PAIR_ANALOG,IDEALIZED_ANALOG_MAPPING,32,6,63,0,2,7,203264,208,128,26624,96.24,-0.0099999999999909,96.18263217460317,0.03771665282265991,96.1449155217805,-0.057367825396823946,0.057367825396823946,True,LEAVE_ONE_FAMILY_OUT,HfOx,HfOx_02,10.1088/2634-4386/ac7327,HfOx,7,5,4,False
HfOx_02,10.1088/2634-4386/ac7327,HfOx,5.0,0.6989700043360189,0,0,ANALOG,NOT_REPORTED,normalized_from_ratio,IDEALIZED_SINGLE_PAIR_ANALOG,IDEALIZED_ANALOG_MAPPING,16,7,127,0,2,10,203264,800,1024,819200,96.24,-0.0099999999999909,96.21484811904762,0.011464200277778188,96.20338391876984,-0.025151880952378747,0.025151880952378747,True,LEAVE_ONE_FAMILY_OUT,HfOx,HfOx_02,10.1088/2634-4386/ac7327,HfOx,7,5,4,False
HfOx_02,10.1088/2634-4386/ac7327,HfOx,5.0,0.6989700043360189,0,0,ANALOG,NOT_REPORTED,normalized_from_ratio,IDEALIZED_SINGLE_PAIR_ANALOG,IDEALIZED_ANALOG_MAPPING,32,7,127,0,2,9,203264,208,512,106496,96.24,-0.0099999999999909,96.23220292857144,0.014063956122517245,96.21813897244893,-0.007797071428555569,0.007797071428555569,True,LEAVE_ONE_FAMILY_OUT,HfOx,HfOx_02,10.1088/2634-4386/ac7327,HfOx,7,5,4,False
HfOx_02,10.1088/2634-4386/ac7327,HfOx,5.0,0.6989700043360189,0,0,ANALOG,NOT_REPORTED,normalized_from_ratio,IDEALIZED_SINGLE_PAIR_ANALOG,IDEALIZED_ANALOG_MAPPING,32,6,63,0,2,9,203264,208,512,106496,96.24,-0.0099999999999909,96.26015847619048,0.016420312287381594,96.2437381639031,0.020158476190488273,0.020158476190488273,True,LEAVE_ONE_FAMILY_OUT,HfOx,HfOx_02,10.1088/2634-4386/ac7327,HfOx,7,5,4,False
HfOx_02,10.1088/2634-4386/ac7327,HfOx,5.0,0.6989700043360189,0,0,ANALOG,NOT_REPORTED,normalized_from_ratio,IDEALIZED_SINGLE_PAIR_ANALOG,IDEALIZED_ANALOG_MAPPING,256,7,127,0,2,9,203264,10,512,5120,96.24,-0.0099999999999909,96.20731827777779,0.02305042422454084,96.18426785355325,-0.032681722222207554,0.032681722222207554,True,LEAVE_ONE_FAMILY_OUT,HfOx,HfOx_02,10.1088/2634-4386/ac7327,HfOx,7,5,4,False
HfOx_02,10.1088/2634-4386/ac7327,HfOx,5.0,0.6989700043360189,0,0,ANALOG,NOT_REPORTED,normalized_from_ratio,IDEALIZED_SINGLE_PAIR_ANALOG,IDEALIZED_ANALOG_MAPPING,128,8,255,0,2,8,203264,16,256,4096,96.24,-0.0099999999999909,96.20817638455989,0.028441239487325735,96.17973514507257,-0.03182361544010348,0.03182361544010348,True,LEAVE_ONE_FAMILY_OUT,HfOx,HfOx_02,10.1088/2634-4386/ac7327,HfOx,7,5,4,False
HfOx_02,10.1088/2634-4386/ac7327,HfOx,5.0,0.6989700043360189,0,0,ANALOG,NOT_REPORTED,normalized_from_ratio,IDEALIZED_SINGLE_PAIR_ANALOG,IDEALIZED_ANALOG_MAPPING,64,8,255,0,2,8,203264,56,256,14336,96.23,0.0,96.20576702380951,0.026052176845460347,96.17971484696406,-0.024232976190489808,0.024232976190489808,True,LEAVE_ONE_FAMILY_OUT,HfOx,HfOx_02,10.1088/2634-4386/ac7327,HfOx,7,5,4,False
HfOx_02,10.1088/2634-4386/ac7327,HfOx,5.0,0.6989700043360189,0,0,ANALOG,NOT_REPORTED,normalized_from_ratio,IDEALIZED_SINGLE_PAIR_ANALOG,IDEALIZED_ANALOG_MAPPING,256,8,255,0,2,8,203264,10,256,2560,96.23,0.0,96.20202331313132,0.028952500849556577,96.17307081228176,-0.027976686868683487,0.027976686868683487,True,LEAVE_ONE_FAMILY_OUT,HfOx,HfOx_02,10.1088/2634-4386/ac7327,HfOx,7,5,4,False
HfOx_02,10.1088/2634-4386/ac7327,HfOx,5.0,0.6989700043360189,0,0,ANALOG,NOT_REPORTED,normalized_from_ratio,IDEALIZED_SINGLE_PAIR_ANALOG,IDEALIZED_ANALOG_MAPPING,16,8,255,0,2,7,203264,800,128,102400,96.23,0.0,96.18545811904764,0.026070619291048376,96.15938749975659,-0.044541880952365887,0.044541880952365887,True,LEAVE_ONE_FAMILY_OUT,HfOx,HfOx_02,10.1088/2634-4386/ac7327,HfOx,7,5,4,False
HfOx_02,10.1088/2634-4386/ac7327,HfOx,5.0,0.6989700043360189,0,0,ANALOG,NOT_REPORTED,normalized_from_ratio,IDEALIZED_SINGLE_PAIR_ANALOG,IDEALIZED_ANALOG_MAPPING,128,6,63,0,2,8,203264,16,256,4096,96.23,0.0,96.27553536507935,0.052074920069046945,96.2234604450103,0.045535365079345524,0.045535365079345524,True,LEAVE_ONE_FAMILY_OUT,HfOx,HfOx_02,10.1088/2634-4386/ac7327,HfOx,7,5,4,False
HfOx_02,10.1088/2634-4386/ac7327,HfOx,5.0,0.6989700043360189,0,0,ANALOG,NOT_REPORTED,normalized_from_ratio,IDEALIZED_SINGLE_PAIR_ANALOG,IDEALIZED_ANALOG_MAPPING,16,7,127,0,2,9,203264,800,512,409600,96.23,0.0,96.21948114285713,0.014474475591196327,96.20500666726593,-0.01051885714286982,0.01051885714286982,True,LEAVE_ONE_FAMILY_OUT,HfOx,HfOx_02,10.1088/2634-4386/ac7327,HfOx,7,5,4,False
HfOx_02,10.1088/2634-4386/ac7327,HfOx,5.0,0.6989700043360189,0,0,ANALOG,NOT_REPORTED,normalized_from_ratio,IDEALIZED_SINGLE_PAIR_ANALOG,IDEALIZED_ANALOG_MAPPING,64,7,127,0,2,8,203264,56,256,14336,96.22,0.0100000000000051,96.19740995093795,0.025720940380910797,96.17168901055705,-0.02259004906204609,0.02259004906204609,True,LEAVE_ONE_FAMILY_OUT,HfOx,HfOx_02,10.1088/2634-4386/ac7327,HfOx,7,5,4,False
HfOx_02,10.1088/2634-4386/ac7327,HfOx,5.0,0.6989700043360189,0,0,ANALOG,NOT_REPORTED,normalized_from_ratio,IDEALIZED_SINGLE_PAIR_ANALOG,IDEALIZED_ANALOG_MAPPING,128,8,255,0,2,9,203264,16,512,8192,96.22,0.0100000000000051,96.20267082900435,0.02404811399033391,96.17862271501401,-0.017329170995651566,0.017329170995651566,True,LEAVE_ONE_FAMILY_OUT,HfOx,HfOx_02,10.1088/2634-4386/ac7327,HfOx,7,5,4,False
HfOx_02,10.1088/2634-4386/ac7327,HfOx,5.0,0.6989700043360189,0,0,ANALOG,NOT_REPORTED,normalized_from_ratio,IDEALIZED_SINGLE_PAIR_ANALOG,IDEALIZED_ANALOG_MAPPING,64,8,255,0,2,10,203264,56,1024,57344,96.22,0.0100000000000051,96.24710967243867,0.022628072190561396,96.22448160024811,0.027109672438669463,0.027109672438669463,True,LEAVE_ONE_FAMILY_OUT,HfOx,HfOx_02,10.1088/2634-4386/ac7327,HfOx,7,5,4,False
HfOx_02,10.1088/2634-4386/ac7327,HfOx,5.0,0.6989700043360189,0,0,ANALOG,NOT_REPORTED,normalized_from_ratio,IDEALIZED_SINGLE_PAIR_ANALOG,IDEALIZED_ANALOG_MAPPING,16,7,127,0,2,8,203264,800,256,204800,96.22,0.0100000000000051,96.22309075901876,0.01859107596690915,96.20449968305185,0.0030907590187609912,0.0030907590187609912,True,LEAVE_ONE_FAMILY_OUT,HfOx,HfOx_02,10.1088/2634-4386/ac7327,HfOx,7,5,4,False
HfOx_02,10.1088/2634-4386/ac7327,HfOx,5.0,0.6989700043360189,0,0,ANALOG,NOT_REPORTED,normalized_from_ratio,IDEALIZED_SINGLE_PAIR_ANALOG,IDEALIZED_ANALOG_MAPPING,256,8,255,0,2,9,203264,10,512,5120,96.22,0.0100000000000051,96.19646313852815,0.01916501929821631,96.17729811922993,-0.023536861471853854,0.023536861471853854,True,LEAVE_ONE_FAMILY_OUT,HfOx,HfOx_02,10.1088/2634-4386/ac7327,HfOx,7,5,4,False
HfOx_02,10.1088/2634-4386/ac7327,HfOx,5.0,0.6989700043360189,0,0,ANALOG,NOT_REPORTED,normalized_from_ratio,IDEALIZED_SINGLE_PAIR_ANALOG,IDEALIZED_ANALOG_MAPPING,256,7,127,0,2,10,203264,10,1024,10240,96.22,0.0100000000000051,96.21277551587302,0.024780261335828096,96.18799525453719,-0.007224484126979291,0.007224484126979291,True,LEAVE_ONE_FAMILY_OUT,HfOx,HfOx_02,10.1088/2634-4386/ac7327,HfOx,7,5,4,False
HfOx_02,10.1088/2634-4386/ac7327,HfOx,5.0,0.6989700043360189,0,0,ANALOG,NOT_REPORTED,normalized_from_ratio,IDEALIZED_SINGLE_PAIR_ANALOG,IDEALIZED_ANALOG_MAPPING,128,8,255,0,2,10,203264,16,1024,16384,96.22,0.0100000000000051,96.20661767821068,0.02653347564245919,96.18008420256822,-0.013382321789322305,0.013382321789322305,True,LEAVE_ONE_FAMILY_OUT,HfOx,HfOx_02,10.1088/2634-4386/ac7327,HfOx,7,5,4,False
HfOx_02,10.1088/2634-4386/ac7327,HfOx,5.0,0.6989700043360189,0,0,ANALOG,NOT_REPORTED,normalized_from_ratio,IDEALIZED_SINGLE_PAIR_ANALOG,IDEALIZED_ANALOG_MAPPING,16,8,255,0,2,8,203264,800,256,204800,96.22,0.0100000000000051,96.22672488095239,0.02857564712019766,96.1981492338322,0.006724880952390322,0.006724880952390322,True,LEAVE_ONE_FAMILY_OUT,HfOx,HfOx_02,10.1088/2634-4386/ac7327,HfOx,7,5,4,False
HfOx_02,10.1088/2634-4386/ac7327,HfOx,5.0,0.6989700043360189,0,0,ANALOG,NOT_REPORTED,normalized_from_ratio,IDEALIZED_SINGLE_PAIR_ANALOG,IDEALIZED_ANALOG_MAPPING,32,8,255,0,2,9,203264,208,512,106496,96.22,0.0100000000000051,96.24971897619048,0.028853637073906802,96.22086533911657,0.029718976190480362,0.029718976190480362,True,LEAVE_ONE_FAMILY_OUT,HfOx,HfOx_02,10.1088/2634-4386/ac7327,HfOx,7,5,4,False
HfOx_02,10.1088/2634-4386/ac7327,HfOx,5.0,0.6989700043360189,0,0,ANALOG,NOT_REPORTED,normalized_from_ratio,IDEALIZED_SINGLE_PAIR_ANALOG,IDEALIZED_ANALOG_MAPPING,32,7,127,0,2,7,203264,208,128,26624,96.21,0.0200000000000102,96.18132867460318,0.03440918424980951,96.14691949035337,-0.028671325396814495,0.028671325396814495,True,LEAVE_ONE_FAMILY_OUT,HfOx,HfOx_02,10.1088/2634-4386/ac7327,HfOx,7,5,4,False
HfOx_02,10.1088/2634-4386/ac7327,HfOx,5.0,0.6989700043360189,0,0,ANALOG,NOT_REPORTED,normalized_from_ratio,IDEALIZED_SINGLE_PAIR_ANALOG,IDEALIZED_ANALOG_MAPPING,256,8,255,0,2,10,203264,10,1024,10240,96.21,0.0200000000000102,96.20195563852813,0.023528119253434475,96.17842751927469,-0.008044361471860384,0.008044361471860384,True,LEAVE_ONE_FAMILY_OUT,HfOx,HfOx_02,10.1088/2634-4386/ac7327,HfOx,7,5,4,False
HfOx_02,10.1088/2634-4386/ac7327,HfOx,5.0,0.6989700043360189,0,0,ANALOG,NOT_REPORTED,normalized_from_ratio,IDEALIZED_SINGLE_PAIR_ANALOG,IDEALIZED_ANALOG_MAPPING,64,8,255,0,2,9,203264,56,512,28672,96.21,0.0200000000000102,96.23288664069264,0.03252693170886333,96.20035970898378,0.02288664069264712,0.02288664069264712,True,LEAVE_ONE_FAMILY_OUT,HfOx,HfOx_02,10.1088/2634-4386/ac7327,HfOx,7,5,4,False
HfOx_02,10.1088/2634-4386/ac7327,HfOx,5.0,0.6989700043360189,0,0,ANALOG,NOT_REPORTED,normalized_from_ratio,IDEALIZED_SINGLE_PAIR_ANALOG,IDEALIZED_ANALOG_MAPPING,32,7,127,0,2,10,203264,208,1024,212992,96.21,0.0200000000000102,96.22431854761905,0.012748610398504981,96.21156993722055,0.014318547619055266,0.014318547619055266,True,LEAVE_ONE_FAMILY_OUT,HfOx,HfOx_02,10.1088/2634-4386/ac7327,HfOx,7,5,4,False
HfOx_02,10.1088/2634-4386/ac7327,HfOx,5.0,0.6989700043360189,0,0,ANALOG,NOT_REPORTED,normalized_from_ratio,IDEALIZED_SINGLE_PAIR_ANALOG,IDEALIZED_ANALOG_MAPPING,32,8,255,0,2,6,203264,208,64,13312,96.21,0.0200000000000102,95.98028953679653,0.13983990087679213,95.84044963591974,-0.22971046320346034,0.22971046320346034,True,LEAVE_ONE_FAMILY_OUT,HfOx,HfOx_02,10.1088/2634-4386/ac7327,HfOx,7,5,4,False
HfOx_02,10.1088/2634-4386/ac7327,HfOx,5.0,0.6989700043360189,0,0,ANALOG,NOT_REPORTED,normalized_from_ratio,IDEALIZED_SINGLE_PAIR_ANALOG,IDEALIZED_ANALOG_MAPPING,32,6,63,0,2,8,203264,208,256,53248,96.21,0.0200000000000102,96.23761045238096,0.03726703913509161,96.20034341324588,0.027610452380969264,0.027610452380969264,True,LEAVE_ONE_FAMILY_OUT,HfOx,HfOx_02,10.1088/2634-4386/ac7327,HfOx,7,5,4,False
HfOx_02,10.1088/2634-4386/ac7327,HfOx,5.0,0.6989700043360189,0,0,ANALOG,NOT_REPORTED,normalized_from_ratio,IDEALIZED_SINGLE_PAIR_ANALOG,IDEALIZED_ANALOG_MAPPING,128,7,127,0,2,9,203264,16,512,8192,96.2,0.0300000000000011,96.21058810317462,0.022613063295739404,96.18797503987888,0.010588103174612229,0.010588103174612229,True,LEAVE_ONE_FAMILY_OUT,HfOx,HfOx_02,10.1088/2634-4386/ac7327,HfOx,7,5,4,False
HfOx_02,10.1088/2634-4386/ac7327,HfOx,5.0,0.6989700043360189,0,0,ANALOG,NOT_REPORTED,normalized_from_ratio,IDEALIZED_SINGLE_PAIR_ANALOG,IDEALIZED_ANALOG_MAPPING,128,7,127,0,2,10,203264,16,1024,16384,96.2,0.0300000000000011,96.21595992857142,0.02307118601349358,96.19288874255793,0.01595992857141937,0.01595992857141937,True,LEAVE_ONE_FAMILY_OUT,HfOx,HfOx_02,10.1088/2634-4386/ac7327,HfOx,7,5,4,False
HfOx_02,10.1088/2634-4386/ac7327,HfOx,5.0,0.6989700043360189,0,0,ANALOG,NOT_REPORTED,normalized_from_ratio,IDEALIZED_SINGLE_PAIR_ANALOG,IDEALIZED_ANALOG_MAPPING,256,6,63,0,2,8,203264,10,256,2560,96.2,0.0300000000000011,96.26604957142857,0.049549872624216645,96.21649969880436,0.06604957142856449,0.06604957142856449,True,LEAVE_ONE_FAMILY_OUT,HfOx,HfOx_02,10.1088/2634-4386/ac7327,HfOx,7,5,4,False
HfOx_02,10.1088/2634-4386/ac7327,HfOx,5.0,0.6989700043360189,0,0,ANALOG,NOT_REPORTED,normalized_from_ratio,IDEALIZED_SINGLE_PAIR_ANALOG,IDEALIZED_ANALOG_MAPPING,16,6,63,0,2,6,203264,800,64,51200,96.2,0.0300000000000011,96.10220204334554,0.06469719889548883,96.03750484445005,-0.09779795665446045,0.09779795665446045,True,LEAVE_ONE_FAMILY_OUT,HfOx,HfOx_02,10.1088/2634-4386/ac7327,HfOx,7,5,4,False
HfOx_02,10.1088/2634-4386/ac7327,HfOx,5.0,0.6989700043360189,0,0,ANALOG,NOT_REPORTED,normalized_from_ratio,IDEALIZED_SINGLE_PAIR_ANALOG,IDEALIZED_ANALOG_MAPPING,64,5,31,0,2,8,203264,56,256,14336,96.2,0.0300000000000011,96.204754993673,0.03195339052990197,96.1728016031431,0.0047549936730035824,0.0047549936730035824,True,LEAVE_ONE_FAMILY_OUT,HfOx,HfOx_02,10.1088/2634-4386/ac7327,HfOx,7,5,4,False
HfOx_02,10.1088/2634-4386/ac7327,HfOx,5.0,0.6989700043360189,0,0,ANALOG,NOT_REPORTED,normalized_from_ratio,IDEALIZED_SINGLE_PAIR_ANALOG,IDEALIZED_ANALOG_MAPPING,128,5,31,0,2,9,203264,16,512,8192,96.2,0.0300000000000011,96.17494208602508,0.017188282800709855,96.15775380322438,-0.025057913974919188,0.025057913974919188,True,LEAVE_ONE_FAMILY_OUT,HfOx,HfOx_02,10.1088/2634-4386/ac7327,HfOx,7,5,4,False
HfOx_02,10.1088/2634-4386/ac7327,HfOx,5.0,0.6989700043360189,0,0,ANALOG,NOT_REPORTED,normalized_from_ratio,IDEALIZED_SINGLE_PAIR_ANALOG,IDEALIZED_ANALOG_MAPPING,128,6,63,0,2,9,203264,16,512,8192,96.2,0.0300000000000011,96.24975445238096,0.029672604009982582,96.22008184837097,0.04975445238095233,0.04975445238095233,True,LEAVE_ONE_FAMILY_OUT,HfOx,HfOx_02,10.1088/2634-4386/ac7327,HfOx,7,5,4,False
HfOx_02,10.1088/2634-4386/ac7327,HfOx,5.0,0.6989700043360189,0,0,ANALOG,NOT_REPORTED,normalized_from_ratio,IDEALIZED_SINGLE_PAIR_ANALOG,IDEALIZED_ANALOG_MAPPING,32,6,63,0,2,6,203264,208,64,13312,96.19,0.0400000000000062,95.96953260822511,0.14956222617352066,95.8199703820516,-0.22046739177488917,0.22046739177488917,True,LEAVE_ONE_FAMILY_OUT,HfOx,HfOx_02,10.1088/2634-4386/ac7327,HfOx,7,5,4,False
HfOx_02,10.1088/2634-4386/ac7327,HfOx,5.0,0.6989700043360189,0,0,ANALOG,NOT_REPORTED,normalized_from_ratio,IDEALIZED_SINGLE_PAIR_ANALOG,IDEALIZED_ANALOG_MAPPING,256,6,63,0,2,7,203264,10,128,1280,96.19,0.0400000000000062,95.98598661111112,0.0525802786191182,95.933406332492,-0.20401338888888176,0.20401338888888176,True,LEAVE_ONE_FAMILY_OUT,HfOx,HfOx_02,10.1088/2634-4386/ac7327,HfOx,7,5,4,False
HfOx_02,10.1088/2634-4386/ac7327,HfOx,5.0,0.6989700043360189,0,0,ANALOG,NOT_REPORTED,normalized_from_ratio,IDEALIZED_SINGLE_PAIR_ANALOG,IDEALIZED_ANALOG_MAPPING,64,8,255,0,2,7,203264,56,128,7168,96.19,0.0400000000000062,96.13243023809522,0.043088145513206215,96.08934209258202,-0.05756976190477303,0.05756976190477303,True,LEAVE_ONE_FAMILY_OUT,HfOx,HfOx_02,10.1088/2634-4386/ac7327,HfOx,7,5,4,False
HfOx_02,10.1088/2634-4386/ac7327,HfOx,5.0,0.6989700043360189,0,0,ANALOG,NOT_REPORTED,normalized_from_ratio,IDEALIZED_SINGLE_PAIR_ANALOG,IDEALIZED_ANALOG_MAPPING,128,5,31,0,2,8,203264,16,256,4096,96.19,0.0400000000000062,96.17831156654456,0.04110218328401305,96.13720938326055,-0.0116884334554328,0.0116884334554328,True,LEAVE_ONE_FAMILY_OUT,HfOx,HfOx_02,10.1088/2634-4386/ac7327,HfOx,7,5,4,False
HfOx_02,10.1088/2634-4386/ac7327,HfOx,5.0,0.6989700043360189,0,0,ANALOG,NOT_REPORTED,normalized_from_ratio,IDEALIZED_SINGLE_PAIR_ANALOG,IDEALIZED_ANALOG_MAPPING,128,7,127,0,2,8,203264,16,256,4096,96.18,0.0499999999999971,96.2268238903319,0.028830633823785607,96.19799325650811,0.04682389033189338,0.04682389033189338,True,LEAVE_ONE_FAMILY_OUT,HfOx,HfOx_02,10.1088/2634-4386/ac7327,HfOx,7,5,4,False
HfOx_02,10.1088/2634-4386/ac7327,HfOx,5.0,0.6989700043360189,0,0,ANALOG,NOT_REPORTED,normalized_from_ratio,IDEALIZED_SINGLE_PAIR_ANALOG,IDEALIZED_ANALOG_MAPPING,64,7,127,0,2,7,203264,56,128,7168,96.18,0.0499999999999971,96.14278045238095,0.03926110120065743,96.1035193511803,-0.03721954761905977,0.03721954761905977,True,LEAVE_ONE_FAMILY_OUT,HfOx,HfOx_02,10.1088/2634-4386/ac7327,HfOx,7,5,4,False
HfOx_02,10.1088/2634-4386/ac7327,HfOx,5.0,0.6989700043360189,0,0,ANALOG,NOT_REPORTED,normalized_from_ratio,IDEALIZED_SINGLE_PAIR_ANALOG,IDEALIZED_ANALOG_MAPPING,32,8,255,0,2,8,203264,208,256,53248,96.18,0.0499999999999971,96.21564948412697,0.03320005285612282,96.18244943127085,0.03564948412696367,0.03564948412696367,True,LEAVE_ONE_FAMILY_OUT,HfOx,HfOx_02,10.1088/2634-4386/ac7327,HfOx,7,5,4,False
HfOx_02,10.1088/2634-4386/ac7327,HfOx,5.0,0.6989700043360189,0,0,ANALOG,NOT_REPORTED,normalized_from_ratio,IDEALIZED_SINGLE_PAIR_ANALOG,IDEALIZED_ANALOG_MAPPING,32,5,31,0,2,9,203264,208,512,106496,96.17,0.0600000000000022,96.15586968253967,0.011493169874800457,96.14437651266488,-0.014130317460328001,0.014130317460328001,True,LEAVE_ONE_FAMILY_OUT,HfOx,HfOx_02,10.1088/2634-4386/ac7327,HfOx,7,5,4,False
HfOx_02,10.1088/2634-4386/ac7327,HfOx,5.0,0.6989700043360189,0,0,ANALOG,NOT_REPORTED,normalized_from_ratio,IDEALIZED_SINGLE_PAIR_ANALOG,IDEALIZED_ANALOG_MAPPING,32,5,31,0,2,7,203264,208,128,26624,96.17,0.0600000000000022,96.12126508730158,0.047793501499281334,96.0734715858023,-0.04873491269842134,0.04873491269842134,True,LEAVE_ONE_FAMILY_OUT,HfOx,HfOx_02,10.1088/2634-4386/ac7327,HfOx,7,5,4,False
HfOx_02,10.1088/2634-4386/ac7327,HfOx,5.0,0.6989700043360189,0,0,ANALOG,NOT_REPORTED,normalized_from_ratio,IDEALIZED_SINGLE_PAIR_ANALOG,IDEALIZED_ANALOG_MAPPING,32,7,127,0,2,6,203264,208,64,13312,96.17,0.0600000000000022,95.97779591774892,0.13595575021699005,95.84184016753193,-0.19220408225108088,0.19220408225108088,True,LEAVE_ONE_FAMILY_OUT,HfOx,HfOx_02,10.1088/2634-4386/ac7327,HfOx,7,5,4,False
HfOx_02,10.1088/2634-4386/ac7327,HfOx,5.0,0.6989700043360189,0,0,ANALOG,NOT_REPORTED,normalized_from_ratio,IDEALIZED_SINGLE_PAIR_ANALOG,IDEALIZED_ANALOG_MAPPING,16,8,255,0,2,6,203264,800,64,51200,96.17,0.0600000000000022,96.1077737100122,0.059443696730766424,96.04833001328143,-0.06222628998780522,0.06222628998780522,True,LEAVE_ONE_FAMILY_OUT,HfOx,HfOx_02,10.1088/2634-4386/ac7327,HfOx,7,5,4,False
HfOx_02,10.1088/2634-4386/ac7327,HfOx,5.0,0.6989700043360189,0,0,ANALOG,NOT_REPORTED,normalized_from_ratio,IDEALIZED_SINGLE_PAIR_ANALOG,IDEALIZED_ANALOG_MAPPING,16,5,31,0,2,9,203264,800,512,409600,96.17,0.0600000000000022,96.15787015873016,0.011662767889629399,96.14620739084053,-0.012129841269839403,0.012129841269839403,True,LEAVE_ONE_FAMILY_OUT,HfOx,HfOx_02,10.1088/2634-4386/ac7327,HfOx,7,5,4,False
HfOx_02,10.1088/2634-4386/ac7327,HfOx,5.0,0.6989700043360189,0,0,ANALOG,NOT_REPORTED,normalized_from_ratio,IDEALIZED_SINGLE_PAIR_ANALOG,IDEALIZED_ANALOG_MAPPING,64,5,31,0,2,7,203264,56,128,7168,96.17,0.0600000000000022,96.03791025396826,0.09976165544527182,95.93814859852299,-0.1320897460317383,0.1320897460317383,True,LEAVE_ONE_FAMILY_OUT,HfOx,HfOx_02,10.1088/2634-4386/ac7327,HfOx,7,5,4,False
HfOx_02,10.1088/2634-4386/ac7327,HfOx,5.0,0.6989700043360189,0,0,ANALOG,NOT_REPORTED,normalized_from_ratio,IDEALIZED_SINGLE_PAIR_ANALOG,IDEALIZED_ANALOG_MAPPING,256,5,31,0,2,9,203264,10,512,5120,96.17,0.0600000000000022,96.15185305483406,0.02902665323188618,96.12282640160218,-0.018146945165938178,0.018146945165938178,True,LEAVE_ONE_FAMILY_OUT,HfOx,HfOx_02,10.1088/2634-4386/ac7327,HfOx,7,5,4,False
HfOx_02,10.1088/2634-4386/ac7327,HfOx,5.0,0.6989700043360189,0,0,ANALOG,NOT_REPORTED,normalized_from_ratio,IDEALIZED_SINGLE_PAIR_ANALOG,IDEALIZED_ANALOG_MAPPING,256,5,31,0,2,10,203264,10,1024,10240,96.16,0.0700000000000073,96.15431542784992,0.023094361660411747,96.13122106618951,-0.0056845721500735635,0.0056845721500735635,True,LEAVE_ONE_FAMILY_OUT,HfOx,HfOx_02,10.1088/2634-4386/ac7327,HfOx,7,5,4,False
HfOx_02,10.1088/2634-4386/ac7327,HfOx,5.0,0.6989700043360189,0,0,ANALOG,NOT_REPORTED,normalized_from_ratio,IDEALIZED_SINGLE_PAIR_ANALOG,IDEALIZED_ANALOG_MAPPING,64,5,31,0,2,10,203264,56,1024,57344,96.16,0.0700000000000073,96.16560590637141,0.021251457737183618,96.14435444863423,0.005605906371414449,0.005605906371414449,True,LEAVE_ONE_FAMILY_OUT,HfOx,HfOx_02,10.1088/2634-4386/ac7327,HfOx,7,5,4,False
HfOx_02,10.1088/2634-4386/ac7327,HfOx,5.0,0.6989700043360189,0,0,ANALOG,NOT_REPORTED,normalized_from_ratio,IDEALIZED_SINGLE_PAIR_ANALOG,IDEALIZED_ANALOG_MAPPING,16,5,31,0,2,7,203264,800,128,102400,96.16,0.0700000000000073,96.11787794444446,0.04540113758099384,96.07247680686346,-0.04212205555553794,0.04212205555553794,True,LEAVE_ONE_FAMILY_OUT,HfOx,HfOx_02,10.1088/2634-4386/ac7327,HfOx,7,5,4,False
HfOx_02,10.1088/2634-4386/ac7327,HfOx,5.0,0.6989700043360189,0,0,ANALOG,NOT_REPORTED,normalized_from_ratio,IDEALIZED_SINGLE_PAIR_ANALOG,IDEALIZED_ANALOG_MAPPING,256,4,15,0,2,8,203264,10,256,2560,96.16,0.0700000000000073,96.03627322222222,0.031064913140277397,96.00520830908194,-0.12372677777777596,0.12372677777777596,True,LEAVE_ONE_FAMILY_OUT,HfOx,HfOx_02,10.1088/2634-4386/ac7327,HfOx,7,5,4,False
HfOx_02,10.1088/2634-4386/ac7327,HfOx,5.0,0.6989700043360189,0,0,ANALOG,NOT_REPORTED,normalized_from_ratio,IDEALIZED_SINGLE_PAIR_ANALOG,IDEALIZED_ANALOG_MAPPING,16,5,31,0,2,8,203264,800,256,204800,96.15,0.0799999999999983,96.15752432539684,0.018231560946387837,96.13929276445045,0.007524325396829568,0.007524325396829568,True,LEAVE_ONE_FAMILY_OUT,HfOx,HfOx_02,10.1088/2634-4386/ac7327,HfOx,7,5,4,False
HfOx_02,10.1088/2634-4386/ac7327,HfOx,5.0,0.6989700043360189,0,0,ANALOG,NOT_REPORTED,normalized_from_ratio,IDEALIZED_SINGLE_PAIR_ANALOG,IDEALIZED_ANALOG_MAPPING,64,6,63,0,2,7,203264,56,128,7168,96.15,0.0799999999999983,96.15102445238095,0.03988891108628855,96.11113554129466,0.0010244523809461725,0.0010244523809461725,True,LEAVE_ONE_FAMILY_OUT,HfOx,HfOx_02,10.1088/2634-4386/ac7327,HfOx,7,5,4,False
HfOx_02,10.1088/2634-4386/ac7327,HfOx,5.0,0.6989700043360189,0,0,ANALOG,NOT_REPORTED,normalized_from_ratio,IDEALIZED_SINGLE_PAIR_ANALOG,IDEALIZED_ANALOG_MAPPING,128,5,31,0,2,10,203264,16,1024,16384,96.15,0.0799999999999983,96.17778876856477,0.01978648703223726,96.15800228153253,0.027788768564761313,0.027788768564761313,True,LEAVE_ONE_FAMILY_OUT,HfOx,HfOx_02,10.1088/2634-4386/ac7327,HfOx,7,5,4,False
HfOx_02,10.1088/2634-4386/ac7327,HfOx,5.0,0.6989700043360189,0,0,ANALOG,NOT_REPORTED,normalized_from_ratio,IDEALIZED_SINGLE_PAIR_ANALOG,IDEALIZED_ANALOG_MAPPING,32,8,255,0,2,7,203264,208,128,26624,96.15,0.0799999999999983,96.17001483333334,0.03719682598375197,96.13281800734958,0.020014833333334536,0.020014833333334536,True,LEAVE_ONE_FAMILY_OUT,HfOx,HfOx_02,10.1088/2634-4386/ac7327,HfOx,7,5,4,False
HfOx_02,10.1088/2634-4386/ac7327,HfOx,5.0,0.6989700043360189,0,0,ANALOG,NOT_REPORTED,normalized_from_ratio,IDEALIZED_SINGLE_PAIR_ANALOG,IDEALIZED_ANALOG_MAPPING,64,5,31,0,2,9,203264,56,512,28672,96.14,0.0900000000000034,96.1718857238317,0.017589768267699212,96.15429595556401,0.031885723831706514,0.031885723831706514,True,LEAVE_ONE_FAMILY_OUT,HfOx,HfOx_02,10.1088/2634-4386/ac7327,HfOx,7,5,4,False
HfOx_02,10.1088/2634-4386/ac7327,HfOx,5.0,0.6989700043360189,0,0,ANALOG,NOT_REPORTED,normalized_from_ratio,IDEALIZED_SINGLE_PAIR_ANALOG,IDEALIZED_ANALOG_MAPPING,256,5,31,0,2,8,203264,10,256,2560,96.14,0.0900000000000034,96.11848583694083,0.04439586812454768,96.07408996881628,-0.02151416305916598,0.02151416305916598,True,LEAVE_ONE_FAMILY_OUT,HfOx,HfOx_02,10.1088/2634-4386/ac7327,HfOx,7,5,4,False
HfOx_02,10.1088/2634-4386/ac7327,HfOx,5.0,0.6989700043360189,0,0,ANALOG,NOT_REPORTED,normalized_from_ratio,IDEALIZED_SINGLE_PAIR_ANALOG,IDEALIZED_ANALOG_MAPPING,256,6,63,0,2,9,203264,10,512,5120,96.13,0.1000000000000085,96.23203392063492,0.029977465666905633,96.20205645496802,0.10203392063492345,0.10203392063492345,True,LEAVE_ONE_FAMILY_OUT,HfOx,HfOx_02,10.1088/2634-4386/ac7327,HfOx,7,5,4,False
HfOx_02,10.1088/2634-4386/ac7327,HfOx,5.0,0.6989700043360189,0,0,ANALOG,NOT_REPORTED,normalized_from_ratio,IDEALIZED_SINGLE_PAIR_ANALOG,IDEALIZED_ANALOG_MAPPING,16,5,31,0,2,10,203264,800,1024,819200,96.13,0.1000000000000085,96.14857411111112,0.015091298412334263,96.13348281269879,0.018574111111121283,0.018574111111121283,True,LEAVE_ONE_FAMILY_OUT,HfOx,HfOx_02,10.1088/2634-4386/ac7327,HfOx,7,5,4,False
HfOx_02,10.1088/2634-4386/ac7327,HfOx,5.0,0.6989700043360189,0,0,ANALOG,NOT_REPORTED,normalized_from_ratio,IDEALIZED_SINGLE_PAIR_ANALOG,IDEALIZED_ANALOG_MAPPING,32,5,31,0,2,8,203264,208,256,53248,96.13,0.1000000000000085,96.15973132539683,0.017101843151192387,96.14262948224564,0.029731325396838315,0.029731325396838315,True,LEAVE_ONE_FAMILY_OUT,HfOx,HfOx_02,10.1088/2634-4386/ac7327,HfOx,7,5,4,False
HfOx_02,10.1088/2634-4386/ac7327,HfOx,5.0,0.6989700043360189,0,0,ANALOG,NOT_REPORTED,normalized_from_ratio,IDEALIZED_SINGLE_PAIR_ANALOG,IDEALIZED_ANALOG_MAPPING,32,5,31,0,2,10,203264,208,1024,212992,96.13,0.1000000000000085,96.14248395238096,0.014557560328540655,96.12792639205242,0.012483952380961227,0.012483952380961227,True,LEAVE_ONE_FAMILY_OUT,HfOx,HfOx_02,10.1088/2634-4386/ac7327,HfOx,7,5,4,False
HfOx_02,10.1088/2634-4386/ac7327,HfOx,5.0,0.6989700043360189,0,0,ANALOG,NOT_REPORTED,normalized_from_ratio,IDEALIZED_SINGLE_PAIR_ANALOG,IDEALIZED_ANALOG_MAPPING,64,4,15,0,2,7,203264,56,128,7168,96.12,0.1099999999999994,95.95722335714285,0.09349504309687363,95.86372831404597,-0.16277664285715332,0.16277664285715332,True,LEAVE_ONE_FAMILY_OUT,HfOx,HfOx_02,10.1088/2634-4386/ac7327,HfOx,7,5,4,False
HfOx_02,10.1088/2634-4386/ac7327,HfOx,5.0,0.6989700043360189,0,0,ANALOG,NOT_REPORTED,normalized_from_ratio,IDEALIZED_SINGLE_PAIR_ANALOG,IDEALIZED_ANALOG_MAPPING,64,6,63,0,2,6,203264,56,64,3584,96.12,0.1099999999999994,95.783983,0.23794641664111363,95.5460365833589,-0.33601699999999823,0.33601699999999823,True,LEAVE_ONE_FAMILY_OUT,HfOx,HfOx_02,10.1088/2634-4386/ac7327,HfOx,7,5,4,False
HfOx_02,10.1088/2634-4386/ac7327,HfOx,5.0,0.6989700043360189,0,0,ANALOG,NOT_REPORTED,normalized_from_ratio,IDEALIZED_SINGLE_PAIR_ANALOG,IDEALIZED_ANALOG_MAPPING,256,8,255,0,2,7,203264,10,128,1280,96.11,0.1200000000000045,95.91288204761906,0.06203543072402271,95.85084661689504,-0.19711795238093544,0.19711795238093544,True,LEAVE_ONE_FAMILY_OUT,HfOx,HfOx_02,10.1088/2634-4386/ac7327,HfOx,7,5,4,False
HfOx_02,10.1088/2634-4386/ac7327,HfOx,5.0,0.6989700043360189,0,0,ANALOG,NOT_REPORTED,normalized_from_ratio,IDEALIZED_SINGLE_PAIR_ANALOG,IDEALIZED_ANALOG_MAPPING,16,5,31,0,2,6,203264,800,64,51200,96.11,0.1200000000000045,96.04515380952382,0.08615936585919365,95.95899444366464,-0.06484619047617457,0.06484619047617457,True,LEAVE_ONE_FAMILY_OUT,HfOx,HfOx_02,10.1088/2634-4386/ac7327,HfOx,7,5,4,False
HfOx_02,10.1088/2634-4386/ac7327,HfOx,5.0,0.6989700043360189,0,0,ANALOG,NOT_REPORTED,normalized_from_ratio,IDEALIZED_SINGLE_PAIR_ANALOG,IDEALIZED_ANALOG_MAPPING,128,4,15,0,2,8,203264,16,256,4096,96.1,0.1300000000000096,96.04583656349206,0.040404369094783364,96.00543219439727,-0.05416343650793465,0.05416343650793465,True,LEAVE_ONE_FAMILY_OUT,HfOx,HfOx_02,10.1088/2634-4386/ac7327,HfOx,7,5,4,False
HfOx_02,10.1088/2634-4386/ac7327,HfOx,5.0,0.6989700043360189,0,0,ANALOG,NOT_REPORTED,normalized_from_ratio,IDEALIZED_SINGLE_PAIR_ANALOG,IDEALIZED_ANALOG_MAPPING,32,4,15,0,2,8,203264,208,256,53248,96.1,0.1300000000000096,96.06959338095237,0.015306294952794649,96.05428708599958,-0.030406619047624872,0.030406619047624872,True,LEAVE_ONE_FAMILY_OUT,HfOx,HfOx_02,10.1088/2634-4386/ac7327,HfOx,7,5,4,False
HfOx_02,10.1088/2634-4386/ac7327,HfOx,5.0,0.6989700043360189,0,0,ANALOG,NOT_REPORTED,normalized_from_ratio,IDEALIZED_SINGLE_PAIR_ANALOG,IDEALIZED_ANALOG_MAPPING,128,4,15,0,2,10,203264,16,1024,16384,96.08,0.1500000000000056,96.05882834920635,0.025387402281900003,96.03344094692446,-0.021171650793647245,0.021171650793647245,True,LEAVE_ONE_FAMILY_OUT,HfOx,HfOx_02,10.1088/2634-4386/ac7327,HfOx,7,5,4,False
HfOx_02,10.1088/2634-4386/ac7327,HfOx,5.0,0.6989700043360189,0,0,ANALOG,NOT_REPORTED,normalized_from_ratio,IDEALIZED_SINGLE_PAIR_ANALOG,IDEALIZED_ANALOG_MAPPING,256,4,15,0,2,9,203264,10,512,5120,96.08,0.1500000000000056,96.05175721428571,0.027862182657700338,96.02389503162802,-0.028242785714283514,0.028242785714283514,True,LEAVE_ONE_FAMILY_OUT,HfOx,HfOx_02,10.1088/2634-4386/ac7327,HfOx,7,5,4,False
HfOx_02,10.1088/2634-4386/ac7327,HfOx,5.0,0.6989700043360189,0,0,ANALOG,NOT_REPORTED,normalized_from_ratio,IDEALIZED_SINGLE_PAIR_ANALOG,IDEALIZED_ANALOG_MAPPING,128,7,127,0,2,7,203264,16,128,2048,96.08,0.1500000000000056,95.89793284126985,0.07237711060509884,95.82555573066475,-0.182067158730149,0.182067158730149,True,LEAVE_ONE_FAMILY_OUT,HfOx,HfOx_02,10.1088/2634-4386/ac7327,HfOx,7,5,4,False
HfOx_02,10.1088/2634-4386/ac7327,HfOx,5.0,0.6989700043360189,0,0,ANALOG,NOT_REPORTED,normalized_from_ratio,IDEALIZED_SINGLE_PAIR_ANALOG,IDEALIZED_ANALOG_MAPPING,256,7,127,0,2,7,203264,10,128,1280,96.07,0.1600000000000108,95.89478287057388,0.06042043813434334,95.83436243243953,-0.175217129426116,0.175217129426116,True,LEAVE_ONE_FAMILY_OUT,HfOx,HfOx_02,10.1088/2634-4386/ac7327,HfOx,7,5,4,False
HfOx_02,10.1088/2634-4386/ac7327,HfOx,5.0,0.6989700043360189,0,0,ANALOG,NOT_REPORTED,normalized_from_ratio,IDEALIZED_SINGLE_PAIR_ANALOG,IDEALIZED_ANALOG_MAPPING,256,4,15,0,2,10,203264,10,1024,10240,96.07,0.1600000000000108,96.05339587301586,0.027532550487809546,96.02586332252805,-0.016604126984134382,0.016604126984134382,True,LEAVE_ONE_FAMILY_OUT,HfOx,HfOx_02,10.1088/2634-4386/ac7327,HfOx,7,5,4,False
HfOx_02,10.1088/2634-4386/ac7327,HfOx,5.0,0.6989700043360189,0,0,ANALOG,NOT_REPORTED,normalized_from_ratio,IDEALIZED_SINGLE_PAIR_ANALOG,IDEALIZED_ANALOG_MAPPING,128,4,15,0,2,9,203264,16,512,8192,96.07,0.1600000000000108,96.05695313492062,0.02872958908843276,96.02822354583219,-0.01304686507937447,0.01304686507937447,True,LEAVE_ONE_FAMILY_OUT,HfOx,HfOx_02,10.1088/2634-4386/ac7327,HfOx,7,5,4,False
HfOx_02,10.1088/2634-4386/ac7327,HfOx,5.0,0.6989700043360189,0,0,ANALOG,NOT_REPORTED,normalized_from_ratio,IDEALIZED_SINGLE_PAIR_ANALOG,IDEALIZED_ANALOG_MAPPING,16,4,15,0,2,9,203264,800,512,409600,96.06,0.1700000000000017,96.07887628571429,0.014729216393209767,96.06414706932108,0.01887628571428479,0.01887628571428479,True,LEAVE_ONE_FAMILY_OUT,HfOx,HfOx_02,10.1088/2634-4386/ac7327,HfOx,7,5,4,False
HfOx_02,10.1088/2634-4386/ac7327,HfOx,5.0,0.6989700043360189,0,0,ANALOG,NOT_REPORTED,normalized_from_ratio,IDEALIZED_SINGLE_PAIR_ANALOG,IDEALIZED_ANALOG_MAPPING,256,5,31,0,2,7,203264,10,128,1280,96.06,0.1700000000000017,95.92564414285714,0.1358340978314356,95.7898100450257,-0.13435585714286447,0.13435585714286447,True,LEAVE_ONE_FAMILY_OUT,HfOx,HfOx_02,10.1088/2634-4386/ac7327,HfOx,7,5,4,False
HfOx_02,10.1088/2634-4386/ac7327,HfOx,5.0,0.6989700043360189,0,0,ANALOG,NOT_REPORTED,normalized_from_ratio,IDEALIZED_SINGLE_PAIR_ANALOG,IDEALIZED_ANALOG_MAPPING,16,4,15,0,2,10,203264,800,1024,819200,96.06,0.1700000000000017,96.07273166666666,0.011497621170018143,96.06123404549663,0.012731666666653041,0.012731666666653041,True,LEAVE_ONE_FAMILY_OUT,HfOx,HfOx_02,10.1088/2634-4386/ac7327,HfOx,7,5,4,False
HfOx_02,10.1088/2634-4386/ac7327,HfOx,5.0,0.6989700043360189,0,0,ANALOG,NOT_REPORTED,normalized_from_ratio,IDEALIZED_SINGLE_PAIR_ANALOG,IDEALIZED_ANALOG_MAPPING,64,4,15,0,2,8,203264,56,256,14336,96.06,0.1700000000000017,96.06461635714285,0.02220377766635822,96.04241257947649,0.004616357142850802,0.004616357142850802,True,LEAVE_ONE_FAMILY_OUT,HfOx,HfOx_02,10.1088/2634-4386/ac7327,HfOx,7,5,4,False
HfOx_02,10.1088/2634-4386/ac7327,HfOx,5.0,0.6989700043360189,0,0,ANALOG,NOT_REPORTED,normalized_from_ratio,IDEALIZED_SINGLE_PAIR_ANALOG,IDEALIZED_ANALOG_MAPPING,128,8,255,0,2,7,203264,16,128,2048,96.05,0.1800000000000068,95.90863342857142,0.07632612109419955,95.83230730747722,-0.141366571428577,0.141366571428577,True,LEAVE_ONE_FAMILY_OUT,HfOx,HfOx_02,10.1088/2634-4386/ac7327,HfOx,7,5,4,False
HfOx_02,10.1088/2634-4386/ac7327,HfOx,5.0,0.6989700043360189,0,0,ANALOG,NOT_REPORTED,normalized_from_ratio,IDEALIZED_SINGLE_PAIR_ANALOG,IDEALIZED_ANALOG_MAPPING,64,4,15,0,2,10,203264,56,1024,57344,96.05,0.1800000000000068,96.06279786507936,0.01766348100682329,96.04513438407254,0.012797865079363646,0.012797865079363646,True,LEAVE_ONE_FAMILY_OUT,HfOx,HfOx_02,10.1088/2634-4386/ac7327,HfOx,7,5,4,False
HfOx_02,10.1088/2634-4386/ac7327,HfOx,5.0,0.6989700043360189,0,0,ANALOG,NOT_REPORTED,normalized_from_ratio,IDEALIZED_SINGLE_PAIR_ANALOG,IDEALIZED_ANALOG_MAPPING,16,4,15,0,2,8,203264,800,256,204800,96.05,0.1800000000000068,96.075108515873,0.017231565787438795,96.05787695008556,0.02510851587300067,0.02510851587300067,True,LEAVE_ONE_FAMILY_OUT,HfOx,HfOx_02,10.1088/2634-4386/ac7327,HfOx,7,5,4,False
HfOx_02,10.1088/2634-4386/ac7327,HfOx,5.0,0.6989700043360189,0,0,ANALOG,NOT_REPORTED,normalized_from_ratio,IDEALIZED_SINGLE_PAIR_ANALOG,IDEALIZED_ANALOG_MAPPING,32,4,15,0,2,6,203264,208,64,13312,96.04,0.1899999999999977,95.89848094444446,0.11683289374216177,95.7816480507023,-0.14151905555554833,0.14151905555554833,True,LEAVE_ONE_FAMILY_OUT,HfOx,HfOx_02,10.1088/2634-4386/ac7327,HfOx,7,5,4,False
HfOx_02,10.1088/2634-4386/ac7327,HfOx,5.0,0.6989700043360189,0,0,ANALOG,NOT_REPORTED,normalized_from_ratio,IDEALIZED_SINGLE_PAIR_ANALOG,IDEALIZED_ANALOG_MAPPING,64,4,15,0,2,9,203264,56,512,28672,96.04,0.1899999999999977,96.06856457142858,0.02161757223046578,96.04694699919811,0.028564571428574936,0.028564571428574936,True,LEAVE_ONE_FAMILY_OUT,HfOx,HfOx_02,10.1088/2634-4386/ac7327,HfOx,7,5,4,False
HfOx_02,10.1088/2634-4386/ac7327,HfOx,5.0,0.6989700043360189,0,0,ANALOG,NOT_REPORTED,normalized_from_ratio,IDEALIZED_SINGLE_PAIR_ANALOG,IDEALIZED_ANALOG_MAPPING,16,4,15,0,2,6,203264,800,64,51200,96.04,0.1899999999999977,95.96819426190476,0.10117375554758433,95.86702050635718,-0.07180573809525015,0.07180573809525015,True,LEAVE_ONE_FAMILY_OUT,HfOx,HfOx_02,10.1088/2634-4386/ac7327,HfOx,7,5,4,False
HfOx_02,10.1088/2634-4386/ac7327,HfOx,5.0,0.6989700043360189,0,0,ANALOG,NOT_REPORTED,normalized_from_ratio,IDEALIZED_SINGLE_PAIR_ANALOG,IDEALIZED_ANALOG_MAPPING,32,4,15,0,2,10,203264,208,1024,212992,96.04,0.1899999999999977,96.06919419047618,0.013128258470465923,96.05606593200572,0.029194190476175663,0.029194190476175663,True,LEAVE_ONE_FAMILY_OUT,HfOx,HfOx_02,10.1088/2634-4386/ac7327,HfOx,7,5,4,False
HfOx_02,10.1088/2634-4386/ac7327,HfOx,5.0,0.6989700043360189,0,0,ANALOG,NOT_REPORTED,normalized_from_ratio,IDEALIZED_SINGLE_PAIR_ANALOG,IDEALIZED_ANALOG_MAPPING,32,4,15,0,2,9,203264,208,512,106496,96.03,0.2000000000000028,96.08150159523808,0.013503470092834209,96.06799812514525,0.05150159523807929,0.05150159523807929,True,LEAVE_ONE_FAMILY_OUT,HfOx,HfOx_02,10.1088/2634-4386/ac7327,HfOx,7,5,4,False
HfOx_02,10.1088/2634-4386/ac7327,HfOx,5.0,0.6989700043360189,0,0,ANALOG,NOT_REPORTED,normalized_from_ratio,IDEALIZED_SINGLE_PAIR_ANALOG,IDEALIZED_ANALOG_MAPPING,64,5,31,0,2,6,203264,56,64,3584,96.02,0.2100000000000079,95.72791716666666,0.24598913048922313,95.48192803617744,-0.29208283333333895,0.29208283333333895,True,LEAVE_ONE_FAMILY_OUT,HfOx,HfOx_02,10.1088/2634-4386/ac7327,HfOx,7,5,4,False
HfOx_02,10.1088/2634-4386/ac7327,HfOx,5.0,0.6989700043360189,0,0,ANALOG,NOT_REPORTED,normalized_from_ratio,IDEALIZED_SINGLE_PAIR_ANALOG,IDEALIZED_ANALOG_MAPPING,32,5,31,0,2,6,203264,208,64,13312,96.02,0.2100000000000079,95.9346132972583,0.1455578691478823,95.78905542811042,-0.08538670274170101,0.08538670274170101,True,LEAVE_ONE_FAMILY_OUT,HfOx,HfOx_02,10.1088/2634-4386/ac7327,HfOx,7,5,4,False
HfOx_02,10.1088/2634-4386/ac7327,HfOx,5.0,0.6989700043360189,0,0,ANALOG,NOT_REPORTED,normalized_from_ratio,IDEALIZED_SINGLE_PAIR_ANALOG,IDEALIZED_ANALOG_MAPPING,32,4,15,0,2,7,203264,208,128,26624,96.01,0.2199999999999988,96.04946792063492,0.051866071555213014,95.99760184907971,0.03946792063491955,0.03946792063491955,True,LEAVE_ONE_FAMILY_OUT,HfOx,HfOx_02,10.1088/2634-4386/ac7327,HfOx,7,5,4,False
HfOx_02,10.1088/2634-4386/ac7327,HfOx,5.0,0.6989700043360189,0,0,ANALOG,NOT_REPORTED,normalized_from_ratio,IDEALIZED_SINGLE_PAIR_ANALOG,IDEALIZED_ANALOG_MAPPING,128,4,15,0,2,7,203264,16,128,2048,96.01,0.2199999999999988,95.9188346984127,0.10177067223820702,95.81706402617449,-0.09116530158730995,0.09116530158730995,True,LEAVE_ONE_FAMILY_OUT,HfOx,HfOx_02,10.1088/2634-4386/ac7327,HfOx,7,5,4,False
HfOx_02,10.1088/2634-4386/ac7327,HfOx,5.0,0.6989700043360189,0,0,ANALOG,NOT_REPORTED,normalized_from_ratio,IDEALIZED_SINGLE_PAIR_ANALOG,IDEALIZED_ANALOG_MAPPING,128,5,31,0,2,7,203264,16,128,2048,96.01,0.2199999999999988,95.94432961904762,0.13171909167343482,95.81261052737419,-0.06567038095238331,0.06567038095238331,True,LEAVE_ONE_FAMILY_OUT,HfOx,HfOx_02,10.1088/2634-4386/ac7327,HfOx,7,5,4,False
HfOx_02,10.1088/2634-4386/ac7327,HfOx,5.0,0.6989700043360189,0,0,ANALOG,NOT_REPORTED,normalized_from_ratio,IDEALIZED_SINGLE_PAIR_ANALOG,IDEALIZED_ANALOG_MAPPING,16,4,15,0,2,7,203264,800,128,102400,96.0,0.2300000000000039,96.07031899999998,0.050572625353806376,96.01974637464618,0.07031899999998359,0.07031899999998359,True,LEAVE_ONE_FAMILY_OUT,HfOx,HfOx_02,10.1088/2634-4386/ac7327,HfOx,7,5,4,False
HfOx_02,10.1088/2634-4386/ac7327,HfOx,5.0,0.6989700043360189,0,0,ANALOG,NOT_REPORTED,normalized_from_ratio,IDEALIZED_SINGLE_PAIR_ANALOG,IDEALIZED_ANALOG_MAPPING,128,6,63,0,2,7,203264,16,128,2048,95.99,0.2400000000000091,95.9870809126984,0.05583127722966207,95.93124963546875,-0.0029190873015920715,0.0029190873015920715,True,LEAVE_ONE_FAMILY_OUT,HfOx,HfOx_02,10.1088/2634-4386/ac7327,HfOx,7,5,4,False
HfOx_02,10.1088/2634-4386/ac7327,HfOx,5.0,0.6989700043360189,0,0,ANALOG,NOT_REPORTED,normalized_from_ratio,IDEALIZED_SINGLE_PAIR_ANALOG,IDEALIZED_ANALOG_MAPPING,256,4,15,0,2,7,203264,10,128,1280,95.99,0.2400000000000091,95.90437049999998,0.1115612237305278,95.79280927626945,-0.08562950000001024,0.08562950000001024,True,LEAVE_ONE_FAMILY_OUT,HfOx,HfOx_02,10.1088/2634-4386/ac7327,HfOx,7,5,4,False
HfOx_02,10.1088/2634-4386/ac7327,HfOx,5.0,0.6989700043360189,0,0,ANALOG,NOT_REPORTED,normalized_from_ratio,IDEALIZED_SINGLE_PAIR_ANALOG,IDEALIZED_ANALOG_MAPPING,16,6,63,0,2,5,203264,800,32,25600,95.98,0.25,95.37260763492064,0.36666765035222415,95.00593998456841,-0.6073923650793631,0.6073923650793631,True,LEAVE_ONE_FAMILY_OUT,HfOx,HfOx_02,10.1088/2634-4386/ac7327,HfOx,7,5,4,False
HfOx_02,10.1088/2634-4386/ac7327,HfOx,5.0,0.6989700043360189,0,0,ANALOG,NOT_REPORTED,normalized_from_ratio,IDEALIZED_SINGLE_PAIR_ANALOG,IDEALIZED_ANALOG_MAPPING,16,5,31,0,2,5,203264,800,32,25600,95.91,0.3200000000000074,95.26191599206349,0.3924291085237555,94.86948688353974,-0.6480840079365038,0.6480840079365038,True,LEAVE_ONE_FAMILY_OUT,HfOx,HfOx_02,10.1088/2634-4386/ac7327,HfOx,7,5,4,False
HfOx_02,10.1088/2634-4386/ac7327,HfOx,5.0,0.6989700043360189,0,0,ANALOG,NOT_REPORTED,normalized_from_ratio,IDEALIZED_SINGLE_PAIR_ANALOG,IDEALIZED_ANALOG_MAPPING,64,7,127,0,2,6,203264,56,64,3584,95.9,0.3299999999999983,95.80281480952381,0.2215653548723085,95.5812494546515,-0.09718519047619623,0.09718519047619623,True,LEAVE_ONE_FAMILY_OUT,HfOx,HfOx_02,10.1088/2634-4386/ac7327,HfOx,7,5,4,False
HfOx_02,10.1088/2634-4386/ac7327,HfOx,5.0,0.6989700043360189,0,0,ANALOG,NOT_REPORTED,normalized_from_ratio,IDEALIZED_SINGLE_PAIR_ANALOG,IDEALIZED_ANALOG_MAPPING,64,8,255,0,2,6,203264,56,64,3584,95.89,0.3400000000000034,95.8060249047619,0.21879504759552565,95.58722985716638,-0.08397509523810243,0.08397509523810243,True,LEAVE_ONE_FAMILY_OUT,HfOx,HfOx_02,10.1088/2634-4386/ac7327,HfOx,7,5,4,False
HfOx_02,10.1088/2634-4386/ac7327,HfOx,5.0,0.6989700043360189,0,0,ANALOG,NOT_REPORTED,normalized_from_ratio,IDEALIZED_SINGLE_PAIR_ANALOG,IDEALIZED_ANALOG_MAPPING,16,8,255,0,2,5,203264,800,32,25600,95.87,0.3599999999999994,95.41332253968254,0.3605954405537372,95.0527270991288,-0.45667746031746503,0.45667746031746503,True,LEAVE_ONE_FAMILY_OUT,HfOx,HfOx_02,10.1088/2634-4386/ac7327,HfOx,7,5,4,False
HfOx_02,10.1088/2634-4386/ac7327,HfOx,5.0,0.6989700043360189,0,0,ANALOG,NOT_REPORTED,normalized_from_ratio,IDEALIZED_SINGLE_PAIR_ANALOG,IDEALIZED_ANALOG_MAPPING,16,4,15,0,2,5,203264,800,32,25600,95.86,0.3700000000000045,95.1943369920635,0.6067794253868173,94.58755756667668,-0.6656630079365016,0.6656630079365016,True,LEAVE_ONE_FAMILY_OUT,HfOx,HfOx_02,10.1088/2634-4386/ac7327,HfOx,7,5,4,False
HfOx_02,10.1088/2634-4386/ac7327,HfOx,5.0,0.6989700043360189,0,0,ANALOG,NOT_REPORTED,normalized_from_ratio,IDEALIZED_SINGLE_PAIR_ANALOG,IDEALIZED_ANALOG_MAPPING,16,7,127,0,2,5,203264,800,32,25600,95.85,0.3800000000000096,95.41196425396826,0.3644904455025965,95.04747380846567,-0.4380357460317299,0.4380357460317299,True,LEAVE_ONE_FAMILY_OUT,HfOx,HfOx_02,10.1088/2634-4386/ac7327,HfOx,7,5,4,False
HfOx_02,10.1088/2634-4386/ac7327,HfOx,5.0,0.6989700043360189,0,0,ANALOG,NOT_REPORTED,normalized_from_ratio,IDEALIZED_SINGLE_PAIR_ANALOG,IDEALIZED_ANALOG_MAPPING,64,4,15,0,2,6,203264,56,64,3584,95.79,0.4399999999999977,95.70244333333333,0.21586091073058117,95.48658242260275,-0.08755666666667139,0.08755666666667139,False,LEAVE_ONE_FAMILY_OUT,HfOx,HfOx_02,10.1088/2634-4386/ac7327,HfOx,7,5,4,False
HfOx_02,10.1088/2634-4386/ac7327,HfOx,5.0,0.6989700043360189,0,0,ANALOG,NOT_REPORTED,normalized_from_ratio,IDEALIZED_SINGLE_PAIR_ANALOG,IDEALIZED_ANALOG_MAPPING,256,8,255,0,2,6,203264,10,64,640,95.75,0.480000000000004,94.30200583333333,0.6514579148500997,93.65054791848323,-1.4479941666666747,1.4479941666666747,False,LEAVE_ONE_FAMILY_OUT,HfOx,HfOx_02,10.1088/2634-4386/ac7327,HfOx,7,5,4,False
HfOx_02,10.1088/2634-4386/ac7327,HfOx,5.0,0.6989700043360189,0,0,ANALOG,NOT_REPORTED,normalized_from_ratio,IDEALIZED_SINGLE_PAIR_ANALOG,IDEALIZED_ANALOG_MAPPING,32,5,31,0,2,5,203264,208,32,6656,95.73,0.5,94.74803420707072,0.6757212200903276,94.07231298698039,-0.9819657929292873,0.9819657929292873,False,LEAVE_ONE_FAMILY_OUT,HfOx,HfOx_02,10.1088/2634-4386/ac7327,HfOx,7,5,4,False
HfOx_02,10.1088/2634-4386/ac7327,HfOx,5.0,0.6989700043360189,0,0,ANALOG,NOT_REPORTED,normalized_from_ratio,IDEALIZED_SINGLE_PAIR_ANALOG,IDEALIZED_ANALOG_MAPPING,256,7,127,0,2,6,203264,10,64,640,95.73,0.5,94.30202854761905,0.6509251344216499,93.65110341319739,-1.4279714523809588,1.4279714523809588,False,LEAVE_ONE_FAMILY_OUT,HfOx,HfOx_02,10.1088/2634-4386/ac7327,HfOx,7,5,4,False
HfOx_02,10.1088/2634-4386/ac7327,HfOx,5.0,0.6989700043360189,0,0,ANALOG,NOT_REPORTED,normalized_from_ratio,IDEALIZED_SINGLE_PAIR_ANALOG,IDEALIZED_ANALOG_MAPPING,128,6,63,0,2,6,203264,16,64,1024,95.7,0.5300000000000011,94.71755279365078,0.49119109397247507,94.2263616996783,-0.9824472063492209,0.9824472063492209,False,LEAVE_ONE_FAMILY_OUT,HfOx,HfOx_02,10.1088/2634-4386/ac7327,HfOx,7,5,4,False
HfOx_02,10.1088/2634-4386/ac7327,HfOx,5.0,0.6989700043360189,0,0,ANALOG,NOT_REPORTED,normalized_from_ratio,IDEALIZED_SINGLE_PAIR_ANALOG,IDEALIZED_ANALOG_MAPPING,32,6,63,0,2,5,203264,208,32,6656,95.7,0.5300000000000011,94.82607113131313,0.6743859423894233,94.15168518892371,-0.8739288686868747,0.8739288686868747,False,LEAVE_ONE_FAMILY_OUT,HfOx,HfOx_02,10.1088/2634-4386/ac7327,HfOx,7,5,4,False
HfOx_02,10.1088/2634-4386/ac7327,HfOx,5.0,0.6989700043360189,0,0,ANALOG,NOT_REPORTED,normalized_from_ratio,IDEALIZED_SINGLE_PAIR_ANALOG,IDEALIZED_ANALOG_MAPPING,32,8,255,0,2,5,203264,208,32,6656,95.67,0.5600000000000023,94.86268946464646,0.668107376974169,94.1945820876723,-0.8073105353535368,0.8073105353535368,False,LEAVE_ONE_FAMILY_OUT,HfOx,HfOx_02,10.1088/2634-4386/ac7327,HfOx,7,5,4,False
HfOx_02,10.1088/2634-4386/ac7327,HfOx,5.0,0.6989700043360189,0,0,ANALOG,NOT_REPORTED,normalized_from_ratio,IDEALIZED_SINGLE_PAIR_ANALOG,IDEALIZED_ANALOG_MAPPING,128,8,255,0,2,6,203264,16,64,1024,95.66,0.5700000000000074,94.7452183888889,0.4824512386650278,94.26276715022388,-0.9147816111110956,0.9147816111110956,False,LEAVE_ONE_FAMILY_OUT,HfOx,HfOx_02,10.1088/2634-4386/ac7327,HfOx,7,5,4,False
HfOx_02,10.1088/2634-4386/ac7327,HfOx,5.0,0.6989700043360189,0,0,ANALOG,NOT_REPORTED,normalized_from_ratio,IDEALIZED_SINGLE_PAIR_ANALOG,IDEALIZED_ANALOG_MAPPING,128,4,15,0,2,6,203264,16,64,1024,95.65,0.5799999999999983,94.6809985,0.480805937346714,94.20019256265329,-0.9690015000000045,0.9690015000000045,False,LEAVE_ONE_FAMILY_OUT,HfOx,HfOx_02,10.1088/2634-4386/ac7327,HfOx,7,5,4,False
HfOx_02,10.1088/2634-4386/ac7327,HfOx,5.0,0.6989700043360189,0,0,ANALOG,NOT_REPORTED,normalized_from_ratio,IDEALIZED_SINGLE_PAIR_ANALOG,IDEALIZED_ANALOG_MAPPING,256,6,63,0,2,6,203264,10,64,640,95.63,0.6000000000000085,94.2918386904762,0.6569337658778225,93.63490492459837,-1.338161309523798,1.338161309523798,False,LEAVE_ONE_FAMILY_OUT,HfOx,HfOx_02,10.1088/2634-4386/ac7327,HfOx,7,5,4,False
HfOx_02,10.1088/2634-4386/ac7327,HfOx,5.0,0.6989700043360189,0,0,ANALOG,NOT_REPORTED,normalized_from_ratio,IDEALIZED_SINGLE_PAIR_ANALOG,IDEALIZED_ANALOG_MAPPING,32,7,127,0,2,5,203264,208,32,6656,95.63,0.6000000000000085,94.8623765122655,0.6701544451563902,94.19222206710911,-0.7676234877344967,0.7676234877344967,False,LEAVE_ONE_FAMILY_OUT,HfOx,HfOx_02,10.1088/2634-4386/ac7327,HfOx,7,5,4,False
HfOx_02,10.1088/2634-4386/ac7327,HfOx,5.0,0.6989700043360189,0,0,ANALOG,NOT_REPORTED,normalized_from_ratio,IDEALIZED_SINGLE_PAIR_ANALOG,IDEALIZED_ANALOG_MAPPING,256,4,15,0,2,6,203264,10,64,640,95.6,0.6300000000000097,94.26672388095238,0.6487391042636018,93.61798477668879,-1.3332761190476106,1.3332761190476106,False,LEAVE_ONE_FAMILY_OUT,HfOx,HfOx_02,10.1088/2634-4386/ac7327,HfOx,7,5,4,False
HfOx_02,10.1088/2634-4386/ac7327,HfOx,5.0,0.6989700043360189,0,0,ANALOG,NOT_REPORTED,normalized_from_ratio,IDEALIZED_SINGLE_PAIR_ANALOG,IDEALIZED_ANALOG_MAPPING,256,5,31,0,2,6,203264,10,64,640,95.55,0.6800000000000068,94.27547380952382,0.6671314725397676,93.60834233698405,-1.2745261904761804,1.2745261904761804,False,LEAVE_ONE_FAMILY_OUT,HfOx,HfOx_02,10.1088/2634-4386/ac7327,HfOx,7,5,4,False
HfOx_02,10.1088/2634-4386/ac7327,HfOx,5.0,0.6989700043360189,0,0,ANALOG,NOT_REPORTED,normalized_from_ratio,IDEALIZED_SINGLE_PAIR_ANALOG,IDEALIZED_ANALOG_MAPPING,128,5,31,0,2,6,203264,16,64,1024,95.53,0.7000000000000028,94.69250585714285,0.5072368400458472,94.185269017097,-0.8374941428571532,0.8374941428571532,False,LEAVE_ONE_FAMILY_OUT,HfOx,HfOx_02,10.1088/2634-4386/ac7327,HfOx,7,5,4,False
HfOx_02,10.1088/2634-4386/ac7327,HfOx,5.0,0.6989700043360189,0,0,ANALOG,NOT_REPORTED,normalized_from_ratio,IDEALIZED_SINGLE_PAIR_ANALOG,IDEALIZED_ANALOG_MAPPING,128,7,127,0,2,6,203264,16,64,1024,95.49,0.7400000000000091,94.74640943650793,0.48312605455969704,94.26328338194824,-0.743590563492063,0.743590563492063,False,LEAVE_ONE_FAMILY_OUT,HfOx,HfOx_02,10.1088/2634-4386/ac7327,HfOx,7,5,4,False
HfOx_02,10.1088/2634-4386/ac7327,HfOx,5.0,0.6989700043360189,0,0,ANALOG,NOT_REPORTED,normalized_from_ratio,IDEALIZED_SINGLE_PAIR_ANALOG,IDEALIZED_ANALOG_MAPPING,32,4,15,0,2,5,203264,208,32,6656,95.48,0.75,94.68206898484848,0.7840676370030575,93.89800134784542,-0.7979310151515193,0.7979310151515193,False,LEAVE_ONE_FAMILY_OUT,HfOx,HfOx_02,10.1088/2634-4386/ac7327,HfOx,7,5,4,False
HfOx_02,10.1088/2634-4386/ac7327,HfOx,5.0,0.6989700043360189,0,0,ANALOG,NOT_REPORTED,normalized_from_ratio,IDEALIZED_SINGLE_PAIR_ANALOG,IDEALIZED_ANALOG_MAPPING,64,6,63,0,2,5,203264,56,32,1792,95.18,1.0499999999999972,93.1724704047619,1.1774591383039608,91.99501126645794,-2.007529595238111,2.007529595238111,False,LEAVE_ONE_FAMILY_OUT,HfOx,HfOx_02,10.1088/2634-4386/ac7327,HfOx,7,5,4,False
HfOx_02,10.1088/2634-4386/ac7327,HfOx,5.0,0.6989700043360189,0,0,ANALOG,NOT_REPORTED,normalized_from_ratio,IDEALIZED_SINGLE_PAIR_ANALOG,IDEALIZED_ANALOG_MAPPING,64,7,127,0,2,5,203264,56,32,1792,94.99,1.240000000000009,93.18952840476189,1.2252497088164742,91.96427869594541,-1.8004715952381076,1.8004715952381076,False,LEAVE_ONE_FAMILY_OUT,HfOx,HfOx_02,10.1088/2634-4386/ac7327,HfOx,7,5,4,False
HfOx_02,10.1088/2634-4386/ac7327,HfOx,5.0,0.6989700043360189,0,0,ANALOG,NOT_REPORTED,normalized_from_ratio,IDEALIZED_SINGLE_PAIR_ANALOG,IDEALIZED_ANALOG_MAPPING,64,8,255,0,2,5,203264,56,32,1792,94.98,1.25,93.19059673809524,1.2231832871166668,91.96741345097857,-1.7894032619047664,1.7894032619047664,False,LEAVE_ONE_FAMILY_OUT,HfOx,HfOx_02,10.1088/2634-4386/ac7327,HfOx,7,5,4,False
HfOx_02,10.1088/2634-4386/ac7327,HfOx,5.0,0.6989700043360189,0,0,ANALOG,NOT_REPORTED,normalized_from_ratio,IDEALIZED_SINGLE_PAIR_ANALOG,IDEALIZED_ANALOG_MAPPING,16,8,255,0,2,4,203264,800,16,12800,94.94,1.2900000000000065,88.18263711904763,7.33066823301017,80.85196888603745,-6.757362880952371,6.757362880952371,False,LEAVE_ONE_FAMILY_OUT,HfOx,HfOx_02,10.1088/2634-4386/ac7327,HfOx,7,5,4,False
HfOx_02,10.1088/2634-4386/ac7327,HfOx,5.0,0.6989700043360189,0,0,ANALOG,NOT_REPORTED,normalized_from_ratio,IDEALIZED_SINGLE_PAIR_ANALOG,IDEALIZED_ANALOG_MAPPING,64,5,31,0,2,5,203264,56,32,1792,94.86,1.3700000000000043,93.10245845238094,1.19080629878524,91.91165215359571,-1.7575415476190557,1.7575415476190557,False,LEAVE_ONE_FAMILY_OUT,HfOx,HfOx_02,10.1088/2634-4386/ac7327,HfOx,7,5,4,False
HfOx_02,10.1088/2634-4386/ac7327,HfOx,5.0,0.6989700043360189,0,0,ANALOG,NOT_REPORTED,normalized_from_ratio,IDEALIZED_SINGLE_PAIR_ANALOG,IDEALIZED_ANALOG_MAPPING,64,4,15,0,2,5,203264,56,32,1792,94.79,1.4399999999999975,93.06736407142857,1.2506841780853073,91.81667989334326,-1.7226359285714352,1.7226359285714352,False,LEAVE_ONE_FAMILY_OUT,HfOx,HfOx_02,10.1088/2634-4386/ac7327,HfOx,7,5,4,False
HfOx_02,10.1088/2634-4386/ac7327,HfOx,5.0,0.6989700043360189,0,0,ANALOG,NOT_REPORTED,normalized_from_ratio,IDEALIZED_SINGLE_PAIR_ANALOG,IDEALIZED_ANALOG_MAPPING,16,6,63,0,2,4,203264,800,16,12800,94.79,1.4399999999999975,88.15368704761906,7.37406743549825,80.77961961212081,-6.636312952380948,6.636312952380948,False,LEAVE_ONE_FAMILY_OUT,HfOx,HfOx_02,10.1088/2634-4386/ac7327,HfOx,7,5,4,False
HfOx_02,10.1088/2634-4386/ac7327,HfOx,5.0,0.6989700043360189,0,0,ANALOG,NOT_REPORTED,normalized_from_ratio,IDEALIZED_SINGLE_PAIR_ANALOG,IDEALIZED_ANALOG_MAPPING,16,7,127,0,2,4,203264,800,16,12800,94.78,1.4500000000000028,88.20659778571428,7.331934698777456,80.87466308693682,-6.573402214285721,6.573402214285721,False,LEAVE_ONE_FAMILY_OUT,HfOx,HfOx_02,10.1088/2634-4386/ac7327,HfOx,7,5,4,False
HfOx_02,10.1088/2634-4386/ac7327,HfOx,5.0,0.6989700043360189,0,0,ANALOG,NOT_REPORTED,normalized_from_ratio,IDEALIZED_SINGLE_PAIR_ANALOG,IDEALIZED_ANALOG_MAPPING,16,5,31,0,2,4,203264,800,16,12800,94.76,1.4699999999999989,87.9173673174603,7.593016137885079,80.32435117957523,-6.842632682539701,6.842632682539701,False,LEAVE_ONE_FAMILY_OUT,HfOx,HfOx_02,10.1088/2634-4386/ac7327,HfOx,7,5,4,False
HfOx_02,10.1088/2634-4386/ac7327,HfOx,5.0,0.6989700043360189,0,0,ANALOG,NOT_REPORTED,normalized_from_ratio,IDEALIZED_SINGLE_PAIR_ANALOG,IDEALIZED_ANALOG_MAPPING,16,4,15,0,2,4,203264,800,16,12800,94.49,1.740000000000009,87.67872041269841,7.602900716898034,80.07581969580038,-6.811279587301584,6.811279587301584,False,LEAVE_ONE_FAMILY_OUT,HfOx,HfOx_02,10.1088/2634-4386/ac7327,HfOx,7,5,4,False
HfOx_02,10.1088/2634-4386/ac7327,HfOx,5.0,0.6989700043360189,0,0,ANALOG,NOT_REPORTED,normalized_from_ratio,IDEALIZED_SINGLE_PAIR_ANALOG,IDEALIZED_ANALOG_MAPPING,32,6,63,0,2,4,203264,208,16,3328,93.76,2.469999999999999,82.20003693650794,12.568883219055474,69.63115371745246,-11.559963063492063,11.559963063492063,False,LEAVE_ONE_FAMILY_OUT,HfOx,HfOx_02,10.1088/2634-4386/ac7327,HfOx,7,5,4,False
HfOx_02,10.1088/2634-4386/ac7327,HfOx,5.0,0.6989700043360189,0,0,ANALOG,NOT_REPORTED,normalized_from_ratio,IDEALIZED_SINGLE_PAIR_ANALOG,IDEALIZED_ANALOG_MAPPING,32,8,255,0,2,4,203264,208,16,3328,93.73,2.5,82.06747604761904,12.806910452492637,69.2605655951264,-11.662523952380965,11.662523952380965,False,LEAVE_ONE_FAMILY_OUT,HfOx,HfOx_02,10.1088/2634-4386/ac7327,HfOx,7,5,4,False
HfOx_02,10.1088/2634-4386/ac7327,HfOx,5.0,0.6989700043360189,0,0,ANALOG,NOT_REPORTED,normalized_from_ratio,IDEALIZED_SINGLE_PAIR_ANALOG,IDEALIZED_ANALOG_MAPPING,32,7,127,0,2,4,203264,208,16,3328,93.38,2.8500000000000085,82.10424680952381,12.766210728941918,69.3380360805819,-11.27575319047618,11.27575319047618,False,LEAVE_ONE_FAMILY_OUT,HfOx,HfOx_02,10.1088/2634-4386/ac7327,HfOx,7,5,4,False
HfOx_02,10.1088/2634-4386/ac7327,HfOx,5.0,0.6989700043360189,0,0,ANALOG,NOT_REPORTED,normalized_from_ratio,IDEALIZED_SINGLE_PAIR_ANALOG,IDEALIZED_ANALOG_MAPPING,32,5,31,0,2,4,203264,208,16,3328,93.19,3.0400000000000063,82.26499498412699,12.335957792061837,69.92903719206515,-10.925005015873012,10.925005015873012,False,LEAVE_ONE_FAMILY_OUT,HfOx,HfOx_02,10.1088/2634-4386/ac7327,HfOx,7,5,4,False
HfOx_02,10.1088/2634-4386/ac7327,HfOx,5.0,0.6989700043360189,0,0,ANALOG,NOT_REPORTED,normalized_from_ratio,IDEALIZED_SINGLE_PAIR_ANALOG,IDEALIZED_ANALOG_MAPPING,128,6,63,0,2,5,203264,16,32,512,93.17,3.0600000000000023,90.16759923015873,2.0445013751798613,88.12309785497887,-3.002400769841273,3.002400769841273,False,LEAVE_ONE_FAMILY_OUT,HfOx,HfOx_02,10.1088/2634-4386/ac7327,HfOx,7,5,4,False
HfOx_02,10.1088/2634-4386/ac7327,HfOx,5.0,0.6989700043360189,0,0,ANALOG,NOT_REPORTED,normalized_from_ratio,IDEALIZED_SINGLE_PAIR_ANALOG,IDEALIZED_ANALOG_MAPPING,32,4,15,0,2,4,203264,208,16,3328,93.13,3.1000000000000085,82.35443673015872,11.923017526157283,70.43141920400144,-10.775563269841271,10.775563269841271,False,LEAVE_ONE_FAMILY_OUT,HfOx,HfOx_02,10.1088/2634-4386/ac7327,HfOx,7,5,4,False
HfOx_02,10.1088/2634-4386/ac7327,HfOx,5.0,0.6989700043360189,0,0,ANALOG,NOT_REPORTED,normalized_from_ratio,IDEALIZED_SINGLE_PAIR_ANALOG,IDEALIZED_ANALOG_MAPPING,128,8,255,0,2,5,203264,16,32,512,92.98,3.25,90.2238510079365,1.9721294597991035,88.2517215481374,-2.756148992063501,2.756148992063501,False,LEAVE_ONE_FAMILY_OUT,HfOx,HfOx_02,10.1088/2634-4386/ac7327,HfOx,7,5,4,False
HfOx_02,10.1088/2634-4386/ac7327,HfOx,5.0,0.6989700043360189,0,0,ANALOG,NOT_REPORTED,normalized_from_ratio,IDEALIZED_SINGLE_PAIR_ANALOG,IDEALIZED_ANALOG_MAPPING,128,4,15,0,2,5,203264,16,32,512,92.88,3.3500000000000085,89.84463830158728,2.4331570904708024,87.41148121111648,-3.0353616984127143,3.0353616984127143,False,LEAVE_ONE_FAMILY_OUT,HfOx,HfOx_02,10.1088/2634-4386/ac7327,HfOx,7,5,4,False
HfOx_02,10.1088/2634-4386/ac7327,HfOx,5.0,0.6989700043360189,0,0,ANALOG,NOT_REPORTED,normalized_from_ratio,IDEALIZED_SINGLE_PAIR_ANALOG,IDEALIZED_ANALOG_MAPPING,128,7,127,0,2,5,203264,16,32,512,92.85,3.3800000000000097,90.22194467460318,1.9839598456685668,88.23798482893461,-2.628055325396815,2.628055325396815,False,LEAVE_ONE_FAMILY_OUT,HfOx,HfOx_02,10.1088/2634-4386/ac7327,HfOx,7,5,4,False
HfOx_02,10.1088/2634-4386/ac7327,HfOx,5.0,0.6989700043360189,0,0,ANALOG,NOT_REPORTED,normalized_from_ratio,IDEALIZED_SINGLE_PAIR_ANALOG,IDEALIZED_ANALOG_MAPPING,256,6,63,0,2,5,203264,10,32,320,92.82,3.410000000000011,86.36901449999999,3.860039514300622,82.50897498569937,-6.450985500000002,6.450985500000002,False,LEAVE_ONE_FAMILY_OUT,HfOx,HfOx_02,10.1088/2634-4386/ac7327,HfOx,7,5,4,False
HfOx_02,10.1088/2634-4386/ac7327,HfOx,5.0,0.6989700043360189,0,0,ANALOG,NOT_REPORTED,normalized_from_ratio,IDEALIZED_SINGLE_PAIR_ANALOG,IDEALIZED_ANALOG_MAPPING,256,7,127,0,2,5,203264,10,32,320,92.7,3.530000000000001,86.4312405952381,3.8393667982082604,82.59187379702983,-6.268759404761909,6.268759404761909,False,LEAVE_ONE_FAMILY_OUT,HfOx,HfOx_02,10.1088/2634-4386/ac7327,HfOx,7,5,4,False
HfOx_02,10.1088/2634-4386/ac7327,HfOx,5.0,0.6989700043360189,0,0,ANALOG,NOT_REPORTED,normalized_from_ratio,IDEALIZED_SINGLE_PAIR_ANALOG,IDEALIZED_ANALOG_MAPPING,256,8,255,0,2,5,203264,10,32,320,92.69,3.5400000000000063,86.42401288095238,3.831789460222232,82.59222342073015,-6.265987119047622,6.265987119047622,False,LEAVE_ONE_FAMILY_OUT,HfOx,HfOx_02,10.1088/2634-4386/ac7327,HfOx,7,5,4,False
HfOx_02,10.1088/2634-4386/ac7327,HfOx,5.0,0.6989700043360189,0,0,ANALOG,NOT_REPORTED,normalized_from_ratio,IDEALIZED_SINGLE_PAIR_ANALOG,IDEALIZED_ANALOG_MAPPING,256,4,15,0,2,5,203264,10,32,320,92.68,3.549999999999997,86.14605423809525,3.962017217276512,82.18403702081874,-6.533945761904761,6.533945761904761,False,LEAVE_ONE_FAMILY_OUT,HfOx,HfOx_02,10.1088/2634-4386/ac7327,HfOx,7,5,4,False
HfOx_02,10.1088/2634-4386/ac7327,HfOx,5.0,0.6989700043360189,0,0,ANALOG,NOT_REPORTED,normalized_from_ratio,IDEALIZED_SINGLE_PAIR_ANALOG,IDEALIZED_ANALOG_MAPPING,128,5,31,0,2,5,203264,16,32,512,92.58,3.6500000000000057,90.05326232539682,2.0949227688631185,87.9583395565337,-2.526737674603183,2.526737674603183,False,LEAVE_ONE_FAMILY_OUT,HfOx,HfOx_02,10.1088/2634-4386/ac7327,HfOx,7,5,4,False
HfOx_02,10.1088/2634-4386/ac7327,HfOx,5.0,0.6989700043360189,0,0,ANALOG,NOT_REPORTED,normalized_from_ratio,IDEALIZED_SINGLE_PAIR_ANALOG,IDEALIZED_ANALOG_MAPPING,256,5,31,0,2,5,203264,10,32,320,92.39,3.8400000000000034,86.31643902380954,3.823192820641765,82.49324620316777,-6.073560976190464,6.073560976190464,False,LEAVE_ONE_FAMILY_OUT,HfOx,HfOx_02,10.1088/2634-4386/ac7327,HfOx,7,5,4,False
HfOx_02,10.1088/2634-4386/ac7327,HfOx,5.0,0.6989700043360189,0,0,ANALOG,NOT_REPORTED,normalized_from_ratio,IDEALIZED_SINGLE_PAIR_ANALOG,IDEALIZED_ANALOG_MAPPING,32,3,7,0,2,7,203264,208,128,26624,92.32,3.910000000000011,91.89622973809524,0.1685591555759566,91.72767058251928,-0.42377026190474965,0.42377026190474965,False,LEAVE_ONE_FAMILY_OUT,HfOx,HfOx_02,10.1088/2634-4386/ac7327,HfOx,7,5,4,False
HfOx_02,10.1088/2634-4386/ac7327,HfOx,5.0,0.6989700043360189,0,0,ANALOG,NOT_REPORTED,normalized_from_ratio,IDEALIZED_SINGLE_PAIR_ANALOG,IDEALIZED_ANALOG_MAPPING,128,3,7,0,2,9,203264,16,512,8192,92.3,3.930000000000007,92.21196403968256,0.060919396707511606,92.15104464297504,-0.08803596031744121,0.08803596031744121,False,LEAVE_ONE_FAMILY_OUT,HfOx,HfOx_02,10.1088/2634-4386/ac7327,HfOx,7,5,4,False
HfOx_02,10.1088/2634-4386/ac7327,HfOx,5.0,0.6989700043360189,0,0,ANALOG,NOT_REPORTED,normalized_from_ratio,IDEALIZED_SINGLE_PAIR_ANALOG,IDEALIZED_ANALOG_MAPPING,256,3,7,0,2,8,203264,10,256,2560,92.3,3.930000000000007,92.01050014285714,0.08712697464090657,91.92337316821623,-0.2894998571428573,0.2894998571428573,False,LEAVE_ONE_FAMILY_OUT,HfOx,HfOx_02,10.1088/2634-4386/ac7327,HfOx,7,5,4,False
HfOx_02,10.1088/2634-4386/ac7327,HfOx,5.0,0.6989700043360189,0,0,ANALOG,NOT_REPORTED,normalized_from_ratio,IDEALIZED_SINGLE_PAIR_ANALOG,IDEALIZED_ANALOG_MAPPING,256,3,7,0,2,10,203264,10,1024,10240,92.29,3.9399999999999977,92.23369624603174,0.031158072050095877,92.20253817398165,-0.05630375396826537,0.05630375396826537,False,LEAVE_ONE_FAMILY_OUT,HfOx,HfOx_02,10.1088/2634-4386/ac7327,HfOx,7,5,4,False
HfOx_02,10.1088/2634-4386/ac7327,HfOx,5.0,0.6989700043360189,0,0,ANALOG,NOT_REPORTED,normalized_from_ratio,IDEALIZED_SINGLE_PAIR_ANALOG,IDEALIZED_ANALOG_MAPPING,32,3,7,0,2,9,203264,208,512,106496,92.29,3.9399999999999977,92.2304641904762,0.021758289463343346,92.20870590101285,-0.059535809523808325,0.059535809523808325,False,LEAVE_ONE_FAMILY_OUT,HfOx,HfOx_02,10.1088/2634-4386/ac7327,HfOx,7,5,4,False
HfOx_02,10.1088/2634-4386/ac7327,HfOx,5.0,0.6989700043360189,0,0,ANALOG,NOT_REPORTED,normalized_from_ratio,IDEALIZED_SINGLE_PAIR_ANALOG,IDEALIZED_ANALOG_MAPPING,64,3,7,0,2,8,203264,56,256,14336,92.26,3.969999999999999,92.10355051587302,0.07093770248876331,92.03261281338426,-0.15644948412698056,0.15644948412698056,False,LEAVE_ONE_FAMILY_OUT,HfOx,HfOx_02,10.1088/2634-4386/ac7327,HfOx,7,5,4,False
HfOx_02,10.1088/2634-4386/ac7327,HfOx,5.0,0.6989700043360189,0,0,ANALOG,NOT_REPORTED,normalized_from_ratio,IDEALIZED_SINGLE_PAIR_ANALOG,IDEALIZED_ANALOG_MAPPING,256,3,7,0,2,9,203264,10,512,5120,92.26,3.969999999999999,92.23635185714286,0.040967708054623034,92.19538414908824,-0.023648142857140897,0.023648142857140897,False,LEAVE_ONE_FAMILY_OUT,HfOx,HfOx_02,10.1088/2634-4386/ac7327,HfOx,7,5,4,False
HfOx_02,10.1088/2634-4386/ac7327,HfOx,5.0,0.6989700043360189,0,0,ANALOG,NOT_REPORTED,normalized_from_ratio,IDEALIZED_SINGLE_PAIR_ANALOG,IDEALIZED_ANALOG_MAPPING,128,3,7,0,2,7,203264,16,128,2048,92.26,3.969999999999999,91.64034483333333,0.1726738580896137,91.46767097524372,-0.619655166666675,0.619655166666675,False,LEAVE_ONE_FAMILY_OUT,HfOx,HfOx_02,10.1088/2634-4386/ac7327,HfOx,7,5,4,False
HfOx_02,10.1088/2634-4386/ac7327,HfOx,5.0,0.6989700043360189,0,0,ANALOG,NOT_REPORTED,normalized_from_ratio,IDEALIZED_SINGLE_PAIR_ANALOG,IDEALIZED_ANALOG_MAPPING,32,3,7,0,2,8,203264,208,256,53248,92.24,3.990000000000009,92.08227012698413,0.05319873164977567,92.02907139533436,-0.15772987301586738,0.15772987301586738,False,LEAVE_ONE_FAMILY_OUT,HfOx,HfOx_02,10.1088/2634-4386/ac7327,HfOx,7,5,4,False
HfOx_02,10.1088/2634-4386/ac7327,HfOx,5.0,0.6989700043360189,0,0,ANALOG,NOT_REPORTED,normalized_from_ratio,IDEALIZED_SINGLE_PAIR_ANALOG,IDEALIZED_ANALOG_MAPPING,16,3,7,0,2,9,203264,800,512,409600,92.24,3.990000000000009,92.23082807936508,0.021931450133571714,92.2088966292315,-0.009171920634912567,0.009171920634912567,False,LEAVE_ONE_FAMILY_OUT,HfOx,HfOx_02,10.1088/2634-4386/ac7327,HfOx,7,5,4,False
HfOx_02,10.1088/2634-4386/ac7327,HfOx,5.0,0.6989700043360189,0,0,ANALOG,NOT_REPORTED,normalized_from_ratio,IDEALIZED_SINGLE_PAIR_ANALOG,IDEALIZED_ANALOG_MAPPING,32,3,7,0,2,10,203264,208,1024,212992,92.23,4.0,92.23327026190476,0.01500579547127103,92.2182644664335,0.0032702619047597636,0.0032702619047597636,False,LEAVE_ONE_FAMILY_OUT,HfOx,HfOx_02,10.1088/2634-4386/ac7327,HfOx,7,5,4,False
HfOx_02,10.1088/2634-4386/ac7327,HfOx,5.0,0.6989700043360189,0,0,ANALOG,NOT_REPORTED,normalized_from_ratio,IDEALIZED_SINGLE_PAIR_ANALOG,IDEALIZED_ANALOG_MAPPING,64,3,7,0,2,10,203264,56,1024,57344,92.23,4.0,92.2083158095238,0.023700921299837852,92.18461488822396,-0.021684190476207732,0.021684190476207732,False,LEAVE_ONE_FAMILY_OUT,HfOx,HfOx_02,10.1088/2634-4386/ac7327,HfOx,7,5,4,False
HfOx_02,10.1088/2634-4386/ac7327,HfOx,5.0,0.6989700043360189,0,0,ANALOG,NOT_REPORTED,normalized_from_ratio,IDEALIZED_SINGLE_PAIR_ANALOG,IDEALIZED_ANALOG_MAPPING,128,3,7,0,2,8,203264,16,256,4096,92.22,4.010000000000005,92.02468246031745,0.09268479448415104,91.9319976658333,-0.1953175396825486,0.1953175396825486,False,LEAVE_ONE_FAMILY_OUT,HfOx,HfOx_02,10.1088/2634-4386/ac7327,HfOx,7,5,4,False
HfOx_02,10.1088/2634-4386/ac7327,HfOx,5.0,0.6989700043360189,0,0,ANALOG,NOT_REPORTED,normalized_from_ratio,IDEALIZED_SINGLE_PAIR_ANALOG,IDEALIZED_ANALOG_MAPPING,128,3,7,0,2,10,203264,16,1024,16384,92.22,4.010000000000005,92.20336290476192,0.03493716093416509,92.16842574382775,-0.016637095238081656,0.016637095238081656,False,LEAVE_ONE_FAMILY_OUT,HfOx,HfOx_02,10.1088/2634-4386/ac7327,HfOx,7,5,4,False
HfOx_02,10.1088/2634-4386/ac7327,HfOx,5.0,0.6989700043360189,0,0,ANALOG,NOT_REPORTED,normalized_from_ratio,IDEALIZED_SINGLE_PAIR_ANALOG,IDEALIZED_ANALOG_MAPPING,64,3,7,0,2,9,203264,56,512,28672,92.21,4.02000000000001,92.21675233333333,0.029436331325052037,92.18731600200827,0.006752333333338356,0.006752333333338356,False,LEAVE_ONE_FAMILY_OUT,HfOx,HfOx_02,10.1088/2634-4386/ac7327,HfOx,7,5,4,False
HfOx_02,10.1088/2634-4386/ac7327,HfOx,5.0,0.6989700043360189,0,0,ANALOG,NOT_REPORTED,normalized_from_ratio,IDEALIZED_SINGLE_PAIR_ANALOG,IDEALIZED_ANALOG_MAPPING,16,3,7,0,2,7,203264,800,128,102400,92.19,4.040000000000006,91.9974928095238,0.1621304524367592,91.83536235708705,-0.19250719047619214,0.19250719047619214,False,LEAVE_ONE_FAMILY_OUT,HfOx,HfOx_02,10.1088/2634-4386/ac7327,HfOx,7,5,4,False
HfOx_02,10.1088/2634-4386/ac7327,HfOx,5.0,0.6989700043360189,0,0,ANALOG,NOT_REPORTED,normalized_from_ratio,IDEALIZED_SINGLE_PAIR_ANALOG,IDEALIZED_ANALOG_MAPPING,16,3,7,0,2,10,203264,800,1024,819200,92.18,4.049999999999997,92.2332253015873,0.016286348273778516,92.21693895331352,0.053225301587289664,0.053225301587289664,False,LEAVE_ONE_FAMILY_OUT,HfOx,HfOx_02,10.1088/2634-4386/ac7327,HfOx,7,5,4,False
HfOx_02,10.1088/2634-4386/ac7327,HfOx,5.0,0.6989700043360189,0,0,ANALOG,NOT_REPORTED,normalized_from_ratio,IDEALIZED_SINGLE_PAIR_ANALOG,IDEALIZED_ANALOG_MAPPING,16,3,7,0,2,8,203264,800,256,204800,92.18,4.049999999999997,92.10138584126983,0.05647256780049151,92.04491327346933,-0.07861415873017563,0.07861415873017563,False,LEAVE_ONE_FAMILY_OUT,HfOx,HfOx_02,10.1088/2634-4386/ac7327,HfOx,7,5,4,False
HfOx_02,10.1088/2634-4386/ac7327,HfOx,5.0,0.6989700043360189,0,0,ANALOG,NOT_REPORTED,normalized_from_ratio,IDEALIZED_SINGLE_PAIR_ANALOG,IDEALIZED_ANALOG_MAPPING,256,3,7,0,2,7,203264,10,128,1280,92.14,4.090000000000003,91.60128584920635,0.17694530289438765,91.42434054631197,-0.5387141507936519,0.5387141507936519,False,LEAVE_ONE_FAMILY_OUT,HfOx,HfOx_02,10.1088/2634-4386/ac7327,HfOx,7,5,4,False
HfOx_02,10.1088/2634-4386/ac7327,HfOx,5.0,0.6989700043360189,0,0,ANALOG,NOT_REPORTED,normalized_from_ratio,IDEALIZED_SINGLE_PAIR_ANALOG,IDEALIZED_ANALOG_MAPPING,64,3,7,0,2,7,203264,56,128,7168,92.12,4.109999999999999,91.70988380158731,0.20083915637237998,91.50904464521493,-0.41011619841269464,0.41011619841269464,False,LEAVE_ONE_FAMILY_OUT,HfOx,HfOx_02,10.1088/2634-4386/ac7327,HfOx,7,5,4,False
HfOx_02,10.1088/2634-4386/ac7327,HfOx,5.0,0.6989700043360189,0,0,ANALOG,NOT_REPORTED,normalized_from_ratio,IDEALIZED_SINGLE_PAIR_ANALOG,IDEALIZED_ANALOG_MAPPING,16,3,7,0,2,6,203264,800,64,51200,92.1,4.13000000000001,91.50896982539682,0.3962358410407386,91.11273398435608,-0.5910301746031763,0.5910301746031763,False,LEAVE_ONE_FAMILY_OUT,HfOx,HfOx_02,10.1088/2634-4386/ac7327,HfOx,7,5,4,False
HfOx_02,10.1088/2634-4386/ac7327,HfOx,5.0,0.6989700043360189,0,0,ANALOG,NOT_REPORTED,normalized_from_ratio,IDEALIZED_SINGLE_PAIR_ANALOG,IDEALIZED_ANALOG_MAPPING,32,3,7,0,2,6,203264,208,64,13312,91.7,4.530000000000001,91.28633469047618,0.4377497144463245,90.84858497602985,-0.41366530952382163,0.41366530952382163,False,LEAVE_ONE_FAMILY_OUT,HfOx,HfOx_02,10.1088/2634-4386/ac7327,HfOx,7,5,4,False
HfOx_02,10.1088/2634-4386/ac7327,HfOx,5.0,0.6989700043360189,0,0,ANALOG,NOT_REPORTED,normalized_from_ratio,IDEALIZED_SINGLE_PAIR_ANALOG,IDEALIZED_ANALOG_MAPPING,16,3,7,0,2,5,203264,800,32,25600,91.47,4.760000000000005,89.15072902380952,2.365050801189784,86.78567822261974,-2.319270976190481,2.319270976190481,False,LEAVE_ONE_FAMILY_OUT,HfOx,HfOx_02,10.1088/2634-4386/ac7327,HfOx,7,5,4,False
HfOx_02,10.1088/2634-4386/ac7327,HfOx,5.0,0.6989700043360189,0,0,ANALOG,NOT_REPORTED,normalized_from_ratio,IDEALIZED_SINGLE_PAIR_ANALOG,IDEALIZED_ANALOG_MAPPING,64,3,7,0,2,6,203264,56,64,3584,91.28,4.950000000000003,90.4327562142857,0.8286365086993487,89.60411970558636,-0.8472437857142978,0.8472437857142978,False,LEAVE_ONE_FAMILY_OUT,HfOx,HfOx_02,10.1088/2634-4386/ac7327,HfOx,7,5,4,False
HfOx_02,10.1088/2634-4386/ac7327,HfOx,5.0,0.6989700043360189,0,0,ANALOG,NOT_REPORTED,normalized_from_ratio,IDEALIZED_SINGLE_PAIR_ANALOG,IDEALIZED_ANALOG_MAPPING,32,3,7,0,2,5,203264,208,32,6656,91.07,5.160000000000011,88.49982611904763,2.473136425947407,86.02668969310022,-2.5701738809523675,2.5701738809523675,False,LEAVE_ONE_FAMILY_OUT,HfOx,HfOx_02,10.1088/2634-4386/ac7327,HfOx,7,5,4,False
HfOx_02,10.1088/2634-4386/ac7327,HfOx,5.0,0.6989700043360189,0,0,ANALOG,NOT_REPORTED,normalized_from_ratio,IDEALIZED_SINGLE_PAIR_ANALOG,IDEALIZED_ANALOG_MAPPING,128,3,7,0,2,6,203264,16,64,1024,91.05,5.180000000000007,89.54419103174601,1.1822018925367601,88.36198913920924,-1.5058089682539872,1.5058089682539872,False,LEAVE_ONE_FAMILY_OUT,HfOx,HfOx_02,10.1088/2634-4386/ac7327,HfOx,7,5,4,False
HfOx_02,10.1088/2634-4386/ac7327,HfOx,5.0,0.6989700043360189,0,0,ANALOG,NOT_REPORTED,normalized_from_ratio,IDEALIZED_SINGLE_PAIR_ANALOG,IDEALIZED_ANALOG_MAPPING,256,3,7,0,2,6,203264,10,64,640,91.04,5.189999999999998,89.28821396031746,1.2101408363700434,88.07807312394742,-1.7517860396825427,1.7517860396825427,False,LEAVE_ONE_FAMILY_OUT,HfOx,HfOx_02,10.1088/2634-4386/ac7327,HfOx,7,5,4,False
HfOx_02,10.1088/2634-4386/ac7327,HfOx,5.0,0.6989700043360189,0,0,ANALOG,NOT_REPORTED,normalized_from_ratio,IDEALIZED_SINGLE_PAIR_ANALOG,IDEALIZED_ANALOG_MAPPING,64,3,7,0,2,5,203264,56,32,1792,90.47,5.760000000000005,86.00565946825397,3.6192894986418827,82.38636996961209,-4.464340531746032,4.464340531746032,False,LEAVE_ONE_FAMILY_OUT,HfOx,HfOx_02,10.1088/2634-4386/ac7327,HfOx,7,5,4,False
HfOx_02,10.1088/2634-4386/ac7327,HfOx,5.0,0.6989700043360189,0,0,ANALOG,NOT_REPORTED,normalized_from_ratio,IDEALIZED_SINGLE_PAIR_ANALOG,IDEALIZED_ANALOG_MAPPING,16,3,7,0,2,4,203264,800,16,12800,90.31,5.920000000000002,84.2037208968254,5.557045379158589,78.64667551766681,-6.1062791031746,6.1062791031746,False,LEAVE_ONE_FAMILY_OUT,HfOx,HfOx_02,10.1088/2634-4386/ac7327,HfOx,7,5,4,False
HfOx_02,10.1088/2634-4386/ac7327,HfOx,5.0,0.6989700043360189,0,0,ANALOG,NOT_REPORTED,normalized_from_ratio,IDEALIZED_SINGLE_PAIR_ANALOG,IDEALIZED_ANALOG_MAPPING,128,3,7,0,2,5,203264,16,32,512,89.21,7.02000000000001,81.43151845238096,6.175545910948843,75.25597254143212,-7.778481547619037,7.778481547619037,False,LEAVE_ONE_FAMILY_OUT,HfOx,HfOx_02,10.1088/2634-4386/ac7327,HfOx,7,5,4,False
HfOx_02,10.1088/2634-4386/ac7327,HfOx,5.0,0.6989700043360189,0,0,ANALOG,NOT_REPORTED,normalized_from_ratio,IDEALIZED_SINGLE_PAIR_ANALOG,IDEALIZED_ANALOG_MAPPING,64,6,63,0,2,4,203264,56,16,896,88.78,7.450000000000003,74.29818771428572,15.774177853447886,58.52400986083783,-14.481812285714284,14.481812285714284,False,LEAVE_ONE_FAMILY_OUT,HfOx,HfOx_02,10.1088/2634-4386/ac7327,HfOx,7,5,4,False
HfOx_02,10.1088/2634-4386/ac7327,HfOx,5.0,0.6989700043360189,0,0,ANALOG,NOT_REPORTED,normalized_from_ratio,IDEALIZED_SINGLE_PAIR_ANALOG,IDEALIZED_ANALOG_MAPPING,64,8,255,0,2,4,203264,56,16,896,88.69,7.540000000000006,74.3769010952381,15.657032504140854,58.71986859109724,-14.313098904761901,14.313098904761901,False,LEAVE_ONE_FAMILY_OUT,HfOx,HfOx_02,10.1088/2634-4386/ac7327,HfOx,7,5,4,False
HfOx_02,10.1088/2634-4386/ac7327,HfOx,5.0,0.6989700043360189,0,0,ANALOG,NOT_REPORTED,normalized_from_ratio,IDEALIZED_SINGLE_PAIR_ANALOG,IDEALIZED_ANALOG_MAPPING,64,4,15,0,2,4,203264,56,16,896,88.25,7.980000000000004,73.61435333333333,15.873957590266912,57.740395743066415,-14.635646666666673,14.635646666666673,False,LEAVE_ONE_FAMILY_OUT,HfOx,HfOx_02,10.1088/2634-4386/ac7327,HfOx,7,5,4,False
HfOx_02,10.1088/2634-4386/ac7327,HfOx,5.0,0.6989700043360189,0,0,ANALOG,NOT_REPORTED,normalized_from_ratio,IDEALIZED_SINGLE_PAIR_ANALOG,IDEALIZED_ANALOG_MAPPING,32,3,7,0,2,4,203264,208,16,3328,88.19,8.040000000000006,79.50616863492063,9.841504723529422,69.6646639113912,-8.68383136507937,8.68383136507937,False,LEAVE_ONE_FAMILY_OUT,HfOx,HfOx_02,10.1088/2634-4386/ac7327,HfOx,7,5,4,False
HfOx_02,10.1088/2634-4386/ac7327,HfOx,5.0,0.6989700043360189,0,0,ANALOG,NOT_REPORTED,normalized_from_ratio,IDEALIZED_SINGLE_PAIR_ANALOG,IDEALIZED_ANALOG_MAPPING,64,5,31,0,2,4,203264,56,16,896,88.14,8.090000000000003,73.99662071428571,15.767851942479046,58.22876877180666,-14.143379285714289,14.143379285714289,False,LEAVE_ONE_FAMILY_OUT,HfOx,HfOx_02,10.1088/2634-4386/ac7327,HfOx,7,5,4,False
HfOx_02,10.1088/2634-4386/ac7327,HfOx,5.0,0.6989700043360189,0,0,ANALOG,NOT_REPORTED,normalized_from_ratio,IDEALIZED_SINGLE_PAIR_ANALOG,IDEALIZED_ANALOG_MAPPING,64,7,127,0,2,4,203264,56,16,896,88.12,8.11,74.42728085714286,15.655375796294072,58.77190506084879,-13.692719142857143,13.692719142857143,False,LEAVE_ONE_FAMILY_OUT,HfOx,HfOx_02,10.1088/2634-4386/ac7327,HfOx,7,5,4,False
HfOx_02,10.1088/2634-4386/ac7327,HfOx,5.0,0.6989700043360189,0,0,ANALOG,NOT_REPORTED,normalized_from_ratio,IDEALIZED_SINGLE_PAIR_ANALOG,IDEALIZED_ANALOG_MAPPING,256,3,7,0,2,5,203264,10,32,320,87.92,8.310000000000002,80.38259957936508,6.363871505900764,74.01872807346432,-7.537400420634924,7.537400420634924,False,LEAVE_ONE_FAMILY_OUT,HfOx,HfOx_02,10.1088/2634-4386/ac7327,HfOx,7,5,4,False
HfOx_02,10.1088/2634-4386/ac7327,HfOx,5.0,0.6989700043360189,0,0,ANALOG,NOT_REPORTED,normalized_from_ratio,IDEALIZED_SINGLE_PAIR_ANALOG,IDEALIZED_ANALOG_MAPPING,64,3,7,0,2,4,203264,56,16,896,84.46,11.77000000000001,72.6028983809524,15.009335283942816,57.59356309700958,-11.857101619047597,11.857101619047597,False,LEAVE_ONE_FAMILY_OUT,HfOx,HfOx_02,10.1088/2634-4386/ac7327,HfOx,7,5,4,False
HfOx_02,10.1088/2634-4386/ac7327,HfOx,5.0,0.6989700043360189,0,0,ANALOG,NOT_REPORTED,normalized_from_ratio,IDEALIZED_SINGLE_PAIR_ANALOG,IDEALIZED_ANALOG_MAPPING,128,4,15,0,2,4,203264,16,16,256,79.93,16.299999999999997,59.78255792857143,13.258820244072778,46.52373768449865,-20.14744207142858,20.14744207142858,False,LEAVE_ONE_FAMILY_OUT,HfOx,HfOx_02,10.1088/2634-4386/ac7327,HfOx,7,5,4,False
HfOx_02,10.1088/2634-4386/ac7327,HfOx,5.0,0.6989700043360189,0,0,ANALOG,NOT_REPORTED,normalized_from_ratio,IDEALIZED_SINGLE_PAIR_ANALOG,IDEALIZED_ANALOG_MAPPING,128,3,7,0,2,4,203264,16,16,256,79.72,16.510000000000005,56.838541738095245,13.848283895195571,42.99025784289967,-22.881458261904754,22.881458261904754,False,LEAVE_ONE_FAMILY_OUT,HfOx,HfOx_02,10.1088/2634-4386/ac7327,HfOx,7,5,4,False
HfOx_02,10.1088/2634-4386/ac7327,HfOx,5.0,0.6989700043360189,0,0,ANALOG,NOT_REPORTED,normalized_from_ratio,IDEALIZED_SINGLE_PAIR_ANALOG,IDEALIZED_ANALOG_MAPPING,128,6,63,0,2,4,203264,16,16,256,79.07,17.16000000000001,61.20352973809524,12.414633051444568,48.78889668665067,-17.86647026190475,17.86647026190475,False,LEAVE_ONE_FAMILY_OUT,HfOx,HfOx_02,10.1088/2634-4386/ac7327,HfOx,7,5,4,False
HfOx_02,10.1088/2634-4386/ac7327,HfOx,5.0,0.6989700043360189,0,0,ANALOG,NOT_REPORTED,normalized_from_ratio,IDEALIZED_SINGLE_PAIR_ANALOG,IDEALIZED_ANALOG_MAPPING,128,8,255,0,2,4,203264,16,16,256,78.84,17.39,61.27920930952381,12.198232926562989,49.08097638296082,-17.560790690476196,17.560790690476196,False,LEAVE_ONE_FAMILY_OUT,HfOx,HfOx_02,10.1088/2634-4386/ac7327,HfOx,7,5,4,False
HfOx_02,10.1088/2634-4386/ac7327,HfOx,5.0,0.6989700043360189,0,0,ANALOG,NOT_REPORTED,normalized_from_ratio,IDEALIZED_SINGLE_PAIR_ANALOG,IDEALIZED_ANALOG_MAPPING,128,7,127,0,2,4,203264,16,16,256,78.78,17.450000000000003,61.26321897619047,12.21899784227573,49.044221133914746,-17.51678102380953,17.51678102380953,False,LEAVE_ONE_FAMILY_OUT,HfOx,HfOx_02,10.1088/2634-4386/ac7327,HfOx,7,5,4,False
HfOx_02,10.1088/2634-4386/ac7327,HfOx,5.0,0.6989700043360189,0,0,ANALOG,NOT_REPORTED,normalized_from_ratio,IDEALIZED_SINGLE_PAIR_ANALOG,IDEALIZED_ANALOG_MAPPING,128,5,31,0,2,4,203264,16,16,256,78.28,17.950000000000003,60.894050285714286,12.483714313471616,48.41033597224267,-17.385949714285715,17.385949714285715,False,LEAVE_ONE_FAMILY_OUT,HfOx,HfOx_02,10.1088/2634-4386/ac7327,HfOx,7,5,4,False
HfOx_02,10.1088/2634-4386/ac7327,HfOx,5.0,0.6989700043360189,0,0,ANALOG,NOT_REPORTED,normalized_from_ratio,IDEALIZED_SINGLE_PAIR_ANALOG,IDEALIZED_ANALOG_MAPPING,256,3,7,0,2,4,203264,10,16,160,77.12,19.11,53.41724236507937,14.976374048977645,38.44086831610172,-23.702757634920637,23.702757634920637,False,LEAVE_ONE_FAMILY_OUT,HfOx,HfOx_02,10.1088/2634-4386/ac7327,HfOx,7,5,4,False
HfOx_02,10.1088/2634-4386/ac7327,HfOx,5.0,0.6989700043360189,0,0,ANALOG,NOT_REPORTED,normalized_from_ratio,IDEALIZED_SINGLE_PAIR_ANALOG,IDEALIZED_ANALOG_MAPPING,256,4,15,0,2,4,203264,10,16,160,76.78,19.450000000000003,55.44507431746032,15.086685441408424,40.35838887605189,-21.334925682539684,21.334925682539684,False,LEAVE_ONE_FAMILY_OUT,HfOx,HfOx_02,10.1088/2634-4386/ac7327,HfOx,7,5,4,False
HfOx_02,10.1088/2634-4386/ac7327,HfOx,5.0,0.6989700043360189,0,0,ANALOG,NOT_REPORTED,normalized_from_ratio,IDEALIZED_SINGLE_PAIR_ANALOG,IDEALIZED_ANALOG_MAPPING,256,6,63,0,2,4,203264,10,16,160,76.45,19.78,56.23003820995671,14.727785755159715,41.502252454796995,-20.219961790043293,20.219961790043293,False,LEAVE_ONE_FAMILY_OUT,HfOx,HfOx_02,10.1088/2634-4386/ac7327,HfOx,7,5,4,False
HfOx_02,10.1088/2634-4386/ac7327,HfOx,5.0,0.6989700043360189,0,0,ANALOG,NOT_REPORTED,normalized_from_ratio,IDEALIZED_SINGLE_PAIR_ANALOG,IDEALIZED_ANALOG_MAPPING,256,7,127,0,2,4,203264,10,16,160,76.35,19.88000000000001,56.20776410678211,14.647475434187326,41.56028867259478,-20.142235893217887,20.142235893217887,False,LEAVE_ONE_FAMILY_OUT,HfOx,HfOx_02,10.1088/2634-4386/ac7327,HfOx,7,5,4,False
HfOx_02,10.1088/2634-4386/ac7327,HfOx,5.0,0.6989700043360189,0,0,ANALOG,NOT_REPORTED,normalized_from_ratio,IDEALIZED_SINGLE_PAIR_ANALOG,IDEALIZED_ANALOG_MAPPING,256,5,31,0,2,4,203264,10,16,160,76.04,20.19,55.95892981313131,14.671453373660755,41.28747643947056,-20.081070186868693,20.081070186868693,False,LEAVE_ONE_FAMILY_OUT,HfOx,HfOx_02,10.1088/2634-4386/ac7327,HfOx,7,5,4,False
HfOx_02,10.1088/2634-4386/ac7327,HfOx,5.0,0.6989700043360189,0,0,ANALOG,NOT_REPORTED,normalized_from_ratio,IDEALIZED_SINGLE_PAIR_ANALOG,IDEALIZED_ANALOG_MAPPING,256,8,255,0,2,4,203264,10,16,160,76.02,20.210000000000008,56.23370777344877,14.646106329283501,41.58760144416527,-19.786292226551225,19.786292226551225,False,LEAVE_ONE_FAMILY_OUT,HfOx,HfOx_02,10.1088/2634-4386/ac7327,HfOx,7,5,4,False
HfOx_02,10.1088/2634-4386/ac7327,HfOx,5.0,0.6989700043360189,0,0,ANALOG,NOT_REPORTED,normalized_from_ratio,IDEALIZED_SINGLE_PAIR_ANALOG,IDEALIZED_ANALOG_MAPPING,128,2,3,0,2,5,203264,16,32,512,12.18,84.05000000000001,9.933580357142857,0.49732187427034125,9.436258482872516,-2.246419642857143,2.246419642857143,False,LEAVE_ONE_FAMILY_OUT,HfOx,HfOx_02,10.1088/2634-4386/ac7327,HfOx,7,5,4,False
HfOx_02,10.1088/2634-4386/ac7327,HfOx,5.0,0.6989700043360189,0,0,ANALOG,NOT_REPORTED,normalized_from_ratio,IDEALIZED_SINGLE_PAIR_ANALOG,IDEALIZED_ANALOG_MAPPING,256,2,3,0,2,5,203264,10,32,320,12.12,84.11,9.730604251082251,0.43842022561963506,9.292184025462616,-2.3893957489177478,2.3893957489177478,False,LEAVE_ONE_FAMILY_OUT,HfOx,HfOx_02,10.1088/2634-4386/ac7327,HfOx,7,5,4,False
HfOx_02,10.1088/2634-4386/ac7327,HfOx,5.0,0.6989700043360189,0,0,ANALOG,NOT_REPORTED,normalized_from_ratio,IDEALIZED_SINGLE_PAIR_ANALOG,IDEALIZED_ANALOG_MAPPING,32,2,3,0,2,4,203264,208,16,3328,11.88,84.35000000000001,10.813512857142857,0.507031408927219,10.306481448215639,-1.0664871428571434,1.0664871428571434,False,LEAVE_ONE_FAMILY_OUT,HfOx,HfOx_02,10.1088/2634-4386/ac7327,HfOx,7,5,4,False
HfOx_02,10.1088/2634-4386/ac7327,HfOx,5.0,0.6989700043360189,0,0,ANALOG,NOT_REPORTED,normalized_from_ratio,IDEALIZED_SINGLE_PAIR_ANALOG,IDEALIZED_ANALOG_MAPPING,32,2,3,0,2,5,203264,208,32,6656,11.77,84.46000000000001,10.788018642857143,0.35226817200701344,10.43575047085013,-0.9819813571428568,0.9819813571428568,False,LEAVE_ONE_FAMILY_OUT,HfOx,HfOx_02,10.1088/2634-4386/ac7327,HfOx,7,5,4,False
HfOx_02,10.1088/2634-4386/ac7327,HfOx,5.0,0.6989700043360189,0,0,ANALOG,NOT_REPORTED,normalized_from_ratio,IDEALIZED_SINGLE_PAIR_ANALOG,IDEALIZED_ANALOG_MAPPING,16,2,3,0,2,4,203264,800,16,12800,11.58,84.65,10.839879952380953,0.49059046704757914,10.349289485333374,-0.7401200476190475,0.7401200476190475,False,LEAVE_ONE_FAMILY_OUT,HfOx,HfOx_02,10.1088/2634-4386/ac7327,HfOx,7,5,4,False
HfOx_02,10.1088/2634-4386/ac7327,HfOx,5.0,0.6989700043360189,0,0,ANALOG,NOT_REPORTED,normalized_from_ratio,IDEALIZED_SINGLE_PAIR_ANALOG,IDEALIZED_ANALOG_MAPPING,16,2,3,0,2,5,203264,800,32,25600,11.58,84.65,10.796206238095237,0.3439475697222955,10.452258668372941,-0.7837937619047626,0.7837937619047626,False,LEAVE_ONE_FAMILY_OUT,HfOx,HfOx_02,10.1088/2634-4386/ac7327,HfOx,7,5,4,False
HfOx_02,10.1088/2634-4386/ac7327,HfOx,5.0,0.6989700043360189,0,0,ANALOG,NOT_REPORTED,normalized_from_ratio,IDEALIZED_SINGLE_PAIR_ANALOG,IDEALIZED_ANALOG_MAPPING,256,2,3,0,2,7,203264,10,128,1280,11.57,84.66,10.873063147907647,0.20449504706374558,10.6685681008439,-0.6969368520923531,0.6969368520923531,False,LEAVE_ONE_FAMILY_OUT,HfOx,HfOx_02,10.1088/2634-4386/ac7327,HfOx,7,5,4,False
HfOx_02,10.1088/2634-4386/ac7327,HfOx,5.0,0.6989700043360189,0,0,ANALOG,NOT_REPORTED,normalized_from_ratio,IDEALIZED_SINGLE_PAIR_ANALOG,IDEALIZED_ANALOG_MAPPING,128,2,3,0,2,7,203264,16,128,2048,11.57,84.66,10.960428968253968,0.1393695962287058,10.821059372025262,-0.6095710317460323,0.6095710317460323,False,LEAVE_ONE_FAMILY_OUT,HfOx,HfOx_02,10.1088/2634-4386/ac7327,HfOx,7,5,4,False
HfOx_02,10.1088/2634-4386/ac7327,HfOx,5.0,0.6989700043360189,0,0,ANALOG,NOT_REPORTED,normalized_from_ratio,IDEALIZED_SINGLE_PAIR_ANALOG,IDEALIZED_ANALOG_MAPPING,64,2,3,0,2,5,203264,56,32,1792,11.52,84.71000000000001,10.688190119047619,0.5615357380927657,10.126654380954854,-0.8318098809523811,0.8318098809523811,False,LEAVE_ONE_FAMILY_OUT,HfOx,HfOx_02,10.1088/2634-4386/ac7327,HfOx,7,5,4,False
HfOx_02,10.1088/2634-4386/ac7327,HfOx,5.0,0.6989700043360189,0,0,ANALOG,NOT_REPORTED,normalized_from_ratio,IDEALIZED_SINGLE_PAIR_ANALOG,IDEALIZED_ANALOG_MAPPING,32,2,3,0,2,7,203264,208,128,26624,11.5,84.73,11.215227285714285,0.11704639329037525,11.09818089242391,-0.28477271428571527,0.28477271428571527,False,LEAVE_ONE_FAMILY_OUT,HfOx,HfOx_02,10.1088/2634-4386/ac7327,HfOx,7,5,4,False
HfOx_02,10.1088/2634-4386/ac7327,HfOx,5.0,0.6989700043360189,0,0,ANALOG,NOT_REPORTED,normalized_from_ratio,IDEALIZED_SINGLE_PAIR_ANALOG,IDEALIZED_ANALOG_MAPPING,256,2,3,0,2,9,203264,10,512,5120,11.45,84.78,11.266127616161615,0.08665975392033594,11.17946786224128,-0.18387238383838422,0.18387238383838422,False,LEAVE_ONE_FAMILY_OUT,HfOx,HfOx_02,10.1088/2634-4386/ac7327,HfOx,7,5,4,False
HfOx_02,10.1088/2634-4386/ac7327,HfOx,5.0,0.6989700043360189,0,0,ANALOG,NOT_REPORTED,normalized_from_ratio,IDEALIZED_SINGLE_PAIR_ANALOG,IDEALIZED_ANALOG_MAPPING,16,2,3,0,2,7,203264,800,128,102400,11.42,84.81,11.304352888888891,0.09377432758793072,11.210578561300961,-0.11564711111110881,0.11564711111110881,False,LEAVE_ONE_FAMILY_OUT,HfOx,HfOx_02,10.1088/2634-4386/ac7327,HfOx,7,5,4,False
HfOx_02,10.1088/2634-4386/ac7327,HfOx,5.0,0.6989700043360189,0,0,ANALOG,NOT_REPORTED,normalized_from_ratio,IDEALIZED_SINGLE_PAIR_ANALOG,IDEALIZED_ANALOG_MAPPING,16,2,3,0,2,9,203264,800,512,409600,11.42,84.81,11.321028261904761,0.056665744771139934,11.264362517133621,-0.09897173809523885,0.09897173809523885,False,LEAVE_ONE_FAMILY_OUT,HfOx,HfOx_02,10.1088/2634-4386/ac7327,HfOx,7,5,4,False
HfOx_02,10.1088/2634-4386/ac7327,HfOx,5.0,0.6989700043360189,0,0,ANALOG,NOT_REPORTED,normalized_from_ratio,IDEALIZED_SINGLE_PAIR_ANALOG,IDEALIZED_ANALOG_MAPPING,16,2,3,0,2,6,203264,800,64,51200,11.39,84.84,11.167066666666667,0.16834004457043603,10.99872662209623,-0.22293333333333365,0.22293333333333365,False,LEAVE_ONE_FAMILY_OUT,HfOx,HfOx_02,10.1088/2634-4386/ac7327,HfOx,7,5,4,False
HfOx_02,10.1088/2634-4386/ac7327,HfOx,5.0,0.6989700043360189,0,0,ANALOG,NOT_REPORTED,normalized_from_ratio,IDEALIZED_SINGLE_PAIR_ANALOG,IDEALIZED_ANALOG_MAPPING,32,2,3,0,2,9,203264,208,512,106496,11.39,84.84,11.260234362193362,0.05924227568339457,11.200992086509968,-0.12976563780663852,0.12976563780663852,False,LEAVE_ONE_FAMILY_OUT,HfOx,HfOx_02,10.1088/2634-4386/ac7327,HfOx,7,5,4,False
HfOx_02,10.1088/2634-4386/ac7327,HfOx,5.0,0.6989700043360189,0,0,ANALOG,NOT_REPORTED,normalized_from_ratio,IDEALIZED_SINGLE_PAIR_ANALOG,IDEALIZED_ANALOG_MAPPING,128,2,3,0,2,9,203264,16,512,8192,11.39,84.84,11.265252473304473,0.0696905755600983,11.195561897744374,-0.12474752669552736,0.12474752669552736,False,LEAVE_ONE_FAMILY_OUT,HfOx,HfOx_02,10.1088/2634-4386/ac7327,HfOx,7,5,4,False
HfOx_02,10.1088/2634-4386/ac7327,HfOx,5.0,0.6989700043360189,0,0,ANALOG,NOT_REPORTED,normalized_from_ratio,IDEALIZED_SINGLE_PAIR_ANALOG,IDEALIZED_ANALOG_MAPPING,16,2,3,0,2,10,203264,800,1024,819200,11.38,84.85000000000001,11.303767333333333,0.05980221271898159,11.243965120614352,-0.07623266666666773,0.07623266666666773,False,LEAVE_ONE_FAMILY_OUT,HfOx,HfOx_02,10.1088/2634-4386/ac7327,HfOx,7,5,4,False
HfOx_02,10.1088/2634-4386/ac7327,HfOx,5.0,0.6989700043360189,0,0,ANALOG,NOT_REPORTED,normalized_from_ratio,IDEALIZED_SINGLE_PAIR_ANALOG,IDEALIZED_ANALOG_MAPPING,16,2,3,0,2,8,203264,800,256,204800,11.36,84.87,11.299821976190476,0.06907841718881372,11.230743559001661,-0.06017802380952375,0.06017802380952375,False,LEAVE_ONE_FAMILY_OUT,HfOx,HfOx_02,10.1088/2634-4386/ac7327,HfOx,7,5,4,False
HfOx_02,10.1088/2634-4386/ac7327,HfOx,5.0,0.6989700043360189,0,0,ANALOG,NOT_REPORTED,normalized_from_ratio,IDEALIZED_SINGLE_PAIR_ANALOG,IDEALIZED_ANALOG_MAPPING,64,2,3,0,2,7,203264,56,128,7168,11.36,84.87,11.149695206349206,0.1188311177126932,11.030864088636513,-0.2103047936507938,0.2103047936507938,False,LEAVE_ONE_FAMILY_OUT,HfOx,HfOx_02,10.1088/2634-4386/ac7327,HfOx,7,5,4,False
HfOx_02,10.1088/2634-4386/ac7327,HfOx,5.0,0.6989700043360189,0,0,ANALOG,NOT_REPORTED,normalized_from_ratio,IDEALIZED_SINGLE_PAIR_ANALOG,IDEALIZED_ANALOG_MAPPING,64,2,3,0,2,9,203264,56,512,28672,11.32,84.91,11.24500733044733,0.07378599180192409,11.171221338645406,-0.07499266955267103,0.07499266955267103,False,LEAVE_ONE_FAMILY_OUT,HfOx,HfOx_02,10.1088/2634-4386/ac7327,HfOx,7,5,4,False
HfOx_02,10.1088/2634-4386/ac7327,HfOx,5.0,0.6989700043360189,0,0,ANALOG,NOT_REPORTED,normalized_from_ratio,IDEALIZED_SINGLE_PAIR_ANALOG,IDEALIZED_ANALOG_MAPPING,64,2,3,0,2,4,203264,56,16,896,11.3,84.93,10.707695547619048,0.6616146465475591,10.04608090107149,-0.5923044523809526,0.5923044523809526,False,LEAVE_ONE_FAMILY_OUT,HfOx,HfOx_02,10.1088/2634-4386/ac7327,HfOx,7,5,4,False
HfOx_02,10.1088/2634-4386/ac7327,HfOx,5.0,0.6989700043360189,0,0,ANALOG,NOT_REPORTED,normalized_from_ratio,IDEALIZED_SINGLE_PAIR_ANALOG,IDEALIZED_ANALOG_MAPPING,256,2,3,0,2,10,203264,10,1024,10240,11.26,84.97,11.226373865079365,0.0758126283081444,11.150561236771221,-0.0336261349206346,0.0336261349206346,False,LEAVE_ONE_FAMILY_OUT,HfOx,HfOx_02,10.1088/2634-4386/ac7327,HfOx,7,5,4,False
HfOx_02,10.1088/2634-4386/ac7327,HfOx,5.0,0.6989700043360189,0,0,ANALOG,NOT_REPORTED,normalized_from_ratio,IDEALIZED_SINGLE_PAIR_ANALOG,IDEALIZED_ANALOG_MAPPING,128,2,3,0,2,10,203264,16,1024,16384,11.26,84.97,11.218112103174604,0.05179166726775116,11.166320435906853,-0.04188789682539529,0.04188789682539529,False,LEAVE_ONE_FAMILY_OUT,HfOx,HfOx_02,10.1088/2634-4386/ac7327,HfOx,7,5,4,False
HfOx_02,10.1088/2634-4386/ac7327,HfOx,5.0,0.6989700043360189,0,0,ANALOG,NOT_REPORTED,normalized_from_ratio,IDEALIZED_SINGLE_PAIR_ANALOG,IDEALIZED_ANALOG_MAPPING,128,2,3,0,2,8,203264,16,256,4096,11.26,84.97,11.202888198412698,0.10206616854677208,11.100822029865926,-0.057111801587302224,0.057111801587302224,False,LEAVE_ONE_FAMILY_OUT,HfOx,HfOx_02,10.1088/2634-4386/ac7327,HfOx,7,5,4,False
HfOx_02,10.1088/2634-4386/ac7327,HfOx,5.0,0.6989700043360189,0,0,ANALOG,NOT_REPORTED,normalized_from_ratio,IDEALIZED_SINGLE_PAIR_ANALOG,IDEALIZED_ANALOG_MAPPING,32,2,3,0,2,8,203264,208,256,53248,11.2,85.03,11.205902238095238,0.08753628770848587,11.118365950386751,0.005902238095238488,0.005902238095238488,False,LEAVE_ONE_FAMILY_OUT,HfOx,HfOx_02,10.1088/2634-4386/ac7327,HfOx,7,5,4,False
HfOx_02,10.1088/2634-4386/ac7327,HfOx,5.0,0.6989700043360189,0,0,ANALOG,NOT_REPORTED,normalized_from_ratio,IDEALIZED_SINGLE_PAIR_ANALOG,IDEALIZED_ANALOG_MAPPING,64,2,3,0,2,10,203264,56,1024,57344,11.19,85.04,11.206124103174604,0.05029328592110464,11.155830817253499,0.016124103174604443,0.016124103174604443,False,LEAVE_ONE_FAMILY_OUT,HfOx,HfOx_02,10.1088/2634-4386/ac7327,HfOx,7,5,4,False
HfOx_02,10.1088/2634-4386/ac7327,HfOx,5.0,0.6989700043360189,0,0,ANALOG,NOT_REPORTED,normalized_from_ratio,IDEALIZED_SINGLE_PAIR_ANALOG,IDEALIZED_ANALOG_MAPPING,256,2,3,0,2,8,203264,10,256,2560,11.18,85.05000000000001,11.221040126984128,0.1082311759652994,11.11280895101883,0.04104012698412873,0.04104012698412873,False,LEAVE_ONE_FAMILY_OUT,HfOx,HfOx_02,10.1088/2634-4386/ac7327,HfOx,7,5,4,False
HfOx_02,10.1088/2634-4386/ac7327,HfOx,5.0,0.6989700043360189,0,0,ANALOG,NOT_REPORTED,normalized_from_ratio,IDEALIZED_SINGLE_PAIR_ANALOG,IDEALIZED_ANALOG_MAPPING,32,2,3,0,2,10,203264,208,1024,212992,11.17,85.06,11.228606928571427,0.05522221210042231,11.173384716471004,0.05860692857142702,0.05860692857142702,False,LEAVE_ONE_FAMILY_OUT,HfOx,HfOx_02,10.1088/2634-4386/ac7327,HfOx,7,5,4,False
HfOx_02,10.1088/2634-4386/ac7327,HfOx,5.0,0.6989700043360189,0,0,ANALOG,NOT_REPORTED,normalized_from_ratio,IDEALIZED_SINGLE_PAIR_ANALOG,IDEALIZED_ANALOG_MAPPING,128,2,3,0,2,6,203264,16,64,1024,11.15,85.08,10.715220666666667,0.2580351785541431,10.457185488112524,-0.4347793333333332,0.4347793333333332,False,LEAVE_ONE_FAMILY_OUT,HfOx,HfOx_02,10.1088/2634-4386/ac7327,HfOx,7,5,4,False
HfOx_02,10.1088/2634-4386/ac7327,HfOx,5.0,0.6989700043360189,0,0,ANALOG,NOT_REPORTED,normalized_from_ratio,IDEALIZED_SINGLE_PAIR_ANALOG,IDEALIZED_ANALOG_MAPPING,64,2,3,0,2,8,203264,56,256,14336,11.13,85.10000000000001,11.146037452380954,0.08803072157963343,11.05800673080132,0.016037452380953,0.016037452380953,False,LEAVE_ONE_FAMILY_OUT,HfOx,HfOx_02,10.1088/2634-4386/ac7327,HfOx,7,5,4,False
HfOx_02,10.1088/2634-4386/ac7327,HfOx,5.0,0.6989700043360189,0,0,ANALOG,NOT_REPORTED,normalized_from_ratio,IDEALIZED_SINGLE_PAIR_ANALOG,IDEALIZED_ANALOG_MAPPING,256,2,3,0,2,6,203264,10,64,640,11.03,85.2,10.516897298701299,0.2744315046253856,10.242465794075914,-0.5131027012987008,0.5131027012987008,False,LEAVE_ONE_FAMILY_OUT,HfOx,HfOx_02,10.1088/2634-4386/ac7327,HfOx,7,5,4,False
HfOx_02,10.1088/2634-4386/ac7327,HfOx,5.0,0.6989700043360189,0,0,ANALOG,NOT_REPORTED,normalized_from_ratio,IDEALIZED_SINGLE_PAIR_ANALOG,IDEALIZED_ANALOG_MAPPING,32,2,3,0,2,6,203264,208,64,13312,11.01,85.22,11.12182888095238,0.16264918626283392,10.959179694689546,0.11182888095238042,0.11182888095238042,False,LEAVE_ONE_FAMILY_OUT,HfOx,HfOx_02,10.1088/2634-4386/ac7327,HfOx,7,5,4,False
HfOx_02,10.1088/2634-4386/ac7327,HfOx,5.0,0.6989700043360189,0,0,ANALOG,NOT_REPORTED,normalized_from_ratio,IDEALIZED_SINGLE_PAIR_ANALOG,IDEALIZED_ANALOG_MAPPING,128,2,3,0,2,4,203264,16,16,256,10.87,85.36,9.87597135714286,0.6772361168551387,9.19873524028772,-0.9940286428571401,0.9940286428571401,False,LEAVE_ONE_FAMILY_OUT,HfOx,HfOx_02,10.1088/2634-4386/ac7327,HfOx,7,5,4,False
HfOx_02,10.1088/2634-4386/ac7327,HfOx,5.0,0.6989700043360189,0,0,ANALOG,NOT_REPORTED,normalized_from_ratio,IDEALIZED_SINGLE_PAIR_ANALOG,IDEALIZED_ANALOG_MAPPING,64,2,3,0,2,6,203264,56,64,3584,10.81,85.42,11.11988888095238,0.20115019251063604,10.918738688441746,0.3098888809523803,0.3098888809523803,False,LEAVE_ONE_FAMILY_OUT,HfOx,HfOx_02,10.1088/2634-4386/ac7327,HfOx,7,5,4,False
HfOx_02,10.1088/2634-4386/ac7327,HfOx,5.0,0.6989700043360189,0,0,ANALOG,NOT_REPORTED,normalized_from_ratio,IDEALIZED_SINGLE_PAIR_ANALOG,IDEALIZED_ANALOG_MAPPING,256,2,3,0,2,4,203264,10,16,160,9.87,86.36,9.600304976190477,0.5897470394669778,9.0105579367235,-0.2696950238095219,0.2696950238095219,False,LEAVE_ONE_FAMILY_OUT,HfOx,HfOx_02,10.1088/2634-4386/ac7327,HfOx,7,5,4,False
HfZrOx_01,10.1002/pssr.202000524,HfZrOx,2.0,0.3010299956639812,0,0,ANALOG,NOT_REPORTED,normalized_from_ratio,IDEALIZED_SINGLE_PAIR_ANALOG,IDEALIZED_ANALOG_MAPPING,16,6,63,0,2,10,203264,800,1024,819200,96.34,-0.1099999999999994,96.291481,0.01190246678887857,96.27957853321112,-0.04851899999999887,0.04851899999999887,True,LEAVE_ONE_FAMILY_OUT,HfZrOx,HfZrOx_01,10.1002/pssr.202000524,HfZrOx,8,6,4,False
HfZrOx_01,10.1002/pssr.202000524,HfZrOx,2.0,0.3010299956639812,0,0,ANALOG,NOT_REPORTED,normalized_from_ratio,IDEALIZED_SINGLE_PAIR_ANALOG,IDEALIZED_ANALOG_MAPPING,64,6,63,0,2,10,203264,56,1024,57344,96.3,-0.0699999999999931,96.2833441111111,0.013746180825037037,96.26959793028607,-0.016655888888891468,0.016655888888891468,True,LEAVE_ONE_FAMILY_OUT,HfZrOx,HfZrOx_01,10.1002/pssr.202000524,HfZrOx,8,6,4,False
HfZrOx_01,10.1002/pssr.202000524,HfZrOx,2.0,0.3010299956639812,0,0,ANALOG,NOT_REPORTED,normalized_from_ratio,IDEALIZED_SINGLE_PAIR_ANALOG,IDEALIZED_ANALOG_MAPPING,64,6,63,0,2,9,203264,56,512,28672,96.29,-0.0600000000000022,96.25380712698411,0.03542309559890316,96.21838403138521,-0.036192873015892246,0.036192873015892246,True,LEAVE_ONE_FAMILY_OUT,HfZrOx,HfZrOx_01,10.1002/pssr.202000524,HfZrOx,8,6,4,False
HfZrOx_01,10.1002/pssr.202000524,HfZrOx,2.0,0.3010299956639812,0,0,ANALOG,NOT_REPORTED,normalized_from_ratio,IDEALIZED_SINGLE_PAIR_ANALOG,IDEALIZED_ANALOG_MAPPING,32,8,255,0,2,10,203264,208,1024,212992,96.27,-0.039999999999992,96.2550003174603,0.022435022243839225,96.23256529521646,-0.014999682539695414,0.014999682539695414,True,LEAVE_ONE_FAMILY_OUT,HfZrOx,HfZrOx_01,10.1002/pssr.202000524,HfZrOx,8,6,4,False
HfZrOx_01,10.1002/pssr.202000524,HfZrOx,2.0,0.3010299956639812,0,0,ANALOG,NOT_REPORTED,normalized_from_ratio,IDEALIZED_SINGLE_PAIR_ANALOG,IDEALIZED_ANALOG_MAPPING,32,6,63,0,2,9,203264,208,512,106496,96.26,-0.0300000000000011,96.25062980158731,0.02181724870888639,96.22881255287842,-0.009370198412696595,0.009370198412696595,True,LEAVE_ONE_FAMILY_OUT,HfZrOx,HfZrOx_01,10.1002/pssr.202000524,HfZrOx,8,6,4,False
HfZrOx_01,10.1002/pssr.202000524,HfZrOx,2.0,0.3010299956639812,0,0,ANALOG,NOT_REPORTED,normalized_from_ratio,IDEALIZED_SINGLE_PAIR_ANALOG,IDEALIZED_ANALOG_MAPPING,128,6,63,0,2,9,203264,16,512,8192,96.26,-0.0300000000000011,96.23641096825398,0.040917284680372284,96.1954936835736,-0.023589031746027445,0.023589031746027445,True,LEAVE_ONE_FAMILY_OUT,HfZrOx,HfZrOx_01,10.1002/pssr.202000524,HfZrOx,8,6,4,False
HfZrOx_01,10.1002/pssr.202000524,HfZrOx,2.0,0.3010299956639812,0,0,ANALOG,NOT_REPORTED,normalized_from_ratio,IDEALIZED_SINGLE_PAIR_ANALOG,IDEALIZED_ANALOG_MAPPING,256,6,63,0,2,10,203264,10,1024,10240,96.25,-0.019999999999996,96.25641743650793,0.03021697638962608,96.2262004601183,0.006417436507931029,0.006417436507931029,True,LEAVE_ONE_FAMILY_OUT,HfZrOx,HfZrOx_01,10.1002/pssr.202000524,HfZrOx,8,6,4,False
HfZrOx_01,10.1002/pssr.202000524,HfZrOx,2.0,0.3010299956639812,0,0,ANALOG,NOT_REPORTED,normalized_from_ratio,IDEALIZED_SINGLE_PAIR_ANALOG,IDEALIZED_ANALOG_MAPPING,32,6,63,0,2,10,203264,208,1024,212992,96.25,-0.019999999999996,96.2843435952381,0.011164770289417545,96.27317882494869,0.0343435952380986,0.0343435952380986,True,LEAVE_ONE_FAMILY_OUT,HfZrOx,HfZrOx_01,10.1002/pssr.202000524,HfZrOx,8,6,4,False
HfZrOx_01,10.1002/pssr.202000524,HfZrOx,2.0,0.3010299956639812,0,0,ANALOG,NOT_REPORTED,normalized_from_ratio,IDEALIZED_SINGLE_PAIR_ANALOG,IDEALIZED_ANALOG_MAPPING,32,7,127,0,2,9,203264,208,512,106496,96.25,-0.019999999999996,96.23921586652237,0.014912491210734218,96.22430337531164,-0.010784133477628188,0.010784133477628188,True,LEAVE_ONE_FAMILY_OUT,HfZrOx,HfZrOx_01,10.1002/pssr.202000524,HfZrOx,8,6,4,False
HfZrOx_01,10.1002/pssr.202000524,HfZrOx,2.0,0.3010299956639812,0,0,ANALOG,NOT_REPORTED,normalized_from_ratio,IDEALIZED_SINGLE_PAIR_ANALOG,IDEALIZED_ANALOG_MAPPING,16,8,255,0,2,10,203264,800,1024,819200,96.24,-0.0099999999999909,96.25446295238095,0.01729384083624914,96.2371691115447,0.014462952380952743,0.014462952380952743,True,LEAVE_ONE_FAMILY_OUT,HfZrOx,HfZrOx_01,10.1002/pssr.202000524,HfZrOx,8,6,4,False
HfZrOx_01,10.1002/pssr.202000524,HfZrOx,2.0,0.3010299956639812,0,0,ANALOG,NOT_REPORTED,normalized_from_ratio,IDEALIZED_SINGLE_PAIR_ANALOG,IDEALIZED_ANALOG_MAPPING,32,6,63,0,2,7,203264,208,128,26624,96.24,-0.0099999999999909,96.15743922222222,0.037675484238726756,96.11976373798349,-0.08256077777777193,0.08256077777777193,True,LEAVE_ONE_FAMILY_OUT,HfZrOx,HfZrOx_01,10.1002/pssr.202000524,HfZrOx,8,6,4,False
HfZrOx_01,10.1002/pssr.202000524,HfZrOx,2.0,0.3010299956639812,0,0,ANALOG,NOT_REPORTED,normalized_from_ratio,IDEALIZED_SINGLE_PAIR_ANALOG,IDEALIZED_ANALOG_MAPPING,32,6,63,0,2,8,203264,208,256,53248,96.24,-0.0099999999999909,96.22006960750359,0.032429815270946696,96.18763979223264,-0.019930392496405602,0.019930392496405602,True,LEAVE_ONE_FAMILY_OUT,HfZrOx,HfZrOx_01,10.1002/pssr.202000524,HfZrOx,8,6,4,False
HfZrOx_01,10.1002/pssr.202000524,HfZrOx,2.0,0.3010299956639812,0,0,ANALOG,NOT_REPORTED,normalized_from_ratio,IDEALIZED_SINGLE_PAIR_ANALOG,IDEALIZED_ANALOG_MAPPING,128,6,63,0,2,8,203264,16,256,4096,96.24,-0.0099999999999909,96.24781576984127,0.051830459811172735,96.1959853100301,0.007815769841272413,0.007815769841272413,True,LEAVE_ONE_FAMILY_OUT,HfZrOx,HfZrOx_01,10.1002/pssr.202000524,HfZrOx,8,6,4,False
HfZrOx_01,10.1002/pssr.202000524,HfZrOx,2.0,0.3010299956639812,0,0,ANALOG,NOT_REPORTED,normalized_from_ratio,IDEALIZED_SINGLE_PAIR_ANALOG,IDEALIZED_ANALOG_MAPPING,64,8,255,0,2,10,203264,56,1024,57344,96.24,-0.0099999999999909,96.24559865079365,0.029108995522359644,96.21648965527129,0.0055986507936580665,0.0055986507936580665,True,LEAVE_ONE_FAMILY_OUT,HfZrOx,HfZrOx_01,10.1002/pssr.202000524,HfZrOx,8,6,4,False
HfZrOx_01,10.1002/pssr.202000524,HfZrOx,2.0,0.3010299956639812,0,0,ANALOG,NOT_REPORTED,normalized_from_ratio,IDEALIZED_SINGLE_PAIR_ANALOG,IDEALIZED_ANALOG_MAPPING,128,7,127,0,2,9,203264,16,512,8192,96.24,-0.0099999999999909,96.19699336002887,0.02567757822940265,96.17131578179946,-0.04300663997112508,0.04300663997112508,True,LEAVE_ONE_FAMILY_OUT,HfZrOx,HfZrOx_01,10.1002/pssr.202000524,HfZrOx,8,6,4,False
HfZrOx_01,10.1002/pssr.202000524,HfZrOx,2.0,0.3010299956639812,0,0,ANALOG,NOT_REPORTED,normalized_from_ratio,IDEALIZED_SINGLE_PAIR_ANALOG,IDEALIZED_ANALOG_MAPPING,64,7,127,0,2,9,203264,56,512,28672,96.24,-0.0099999999999909,96.24407373160173,0.024539161943731153,96.219534569658,0.004073731601735631,0.004073731601735631,True,LEAVE_ONE_FAMILY_OUT,HfZrOx,HfZrOx_01,10.1002/pssr.202000524,HfZrOx,8,6,4,False
HfZrOx_01,10.1002/pssr.202000524,HfZrOx,2.0,0.3010299956639812,0,0,ANALOG,NOT_REPORTED,normalized_from_ratio,IDEALIZED_SINGLE_PAIR_ANALOG,IDEALIZED_ANALOG_MAPPING,128,7,127,0,2,8,203264,16,256,4096,96.24,-0.0099999999999909,96.23166697474747,0.03447374747083304,96.19719322727664,-0.008333025252525772,0.008333025252525772,True,LEAVE_ONE_FAMILY_OUT,HfZrOx,HfZrOx_01,10.1002/pssr.202000524,HfZrOx,8,6,4,False
HfZrOx_01,10.1002/pssr.202000524,HfZrOx,2.0,0.3010299956639812,0,0,ANALOG,NOT_REPORTED,normalized_from_ratio,IDEALIZED_SINGLE_PAIR_ANALOG,IDEALIZED_ANALOG_MAPPING,256,7,127,0,2,9,203264,10,512,5120,96.24,-0.0099999999999909,96.21557489177489,0.02113246463006872,96.19444242714482,-0.024425108225102576,0.024425108225102576,True,LEAVE_ONE_FAMILY_OUT,HfZrOx,HfZrOx_01,10.1002/pssr.202000524,HfZrOx,8,6,4,False
HfZrOx_01,10.1002/pssr.202000524,HfZrOx,2.0,0.3010299956639812,0,0,ANALOG,NOT_REPORTED,normalized_from_ratio,IDEALIZED_SINGLE_PAIR_ANALOG,IDEALIZED_ANALOG_MAPPING,256,7,127,0,2,8,203264,10,256,2560,96.24,-0.0099999999999909,96.24787755627705,0.023202014563479985,96.22467554171357,0.007877556277051667,0.007877556277051667,True,LEAVE_ONE_FAMILY_OUT,HfZrOx,HfZrOx_01,10.1002/pssr.202000524,HfZrOx,8,6,4,False
HfZrOx_01,10.1002/pssr.202000524,HfZrOx,2.0,0.3010299956639812,0,0,ANALOG,NOT_REPORTED,normalized_from_ratio,IDEALIZED_SINGLE_PAIR_ANALOG,IDEALIZED_ANALOG_MAPPING,128,8,255,0,2,8,203264,16,256,4096,96.24,-0.0099999999999909,96.22294566305916,0.03178108920780912,96.19116457385135,-0.017054336940830694,0.017054336940830694,True,LEAVE_ONE_FAMILY_OUT,HfZrOx,HfZrOx_01,10.1002/pssr.202000524,HfZrOx,8,6,4,False
HfZrOx_01,10.1002/pssr.202000524,HfZrOx,2.0,0.3010299956639812,0,0,ANALOG,NOT_REPORTED,normalized_from_ratio,IDEALIZED_SINGLE_PAIR_ANALOG,IDEALIZED_ANALOG_MAPPING,32,7,127,0,2,10,203264,208,1024,212992,96.23,0.0,96.22756783333334,0.01176425920855137,96.21580357412479,-0.0024321666666651254,0.0024321666666651254,True,LEAVE_ONE_FAMILY_OUT,HfZrOx,HfZrOx_01,10.1002/pssr.202000524,HfZrOx,8,6,4,False
HfZrOx_01,10.1002/pssr.202000524,HfZrOx,2.0,0.3010299956639812,0,0,ANALOG,NOT_REPORTED,normalized_from_ratio,IDEALIZED_SINGLE_PAIR_ANALOG,IDEALIZED_ANALOG_MAPPING,32,8,255,0,2,9,203264,208,512,106496,96.23,0.0,96.26798629365078,0.03019979304371593,96.23778650060706,0.03798629365077488,0.03798629365077488,True,LEAVE_ONE_FAMILY_OUT,HfZrOx,HfZrOx_01,10.1002/pssr.202000524,HfZrOx,8,6,4,False
HfZrOx_01,10.1002/pssr.202000524,HfZrOx,2.0,0.3010299956639812,0,0,ANALOG,NOT_REPORTED,normalized_from_ratio,IDEALIZED_SINGLE_PAIR_ANALOG,IDEALIZED_ANALOG_MAPPING,16,6,63,0,2,9,203264,800,512,409600,96.23,0.0,96.2592744126984,0.019720655927092146,96.23955375677131,0.029274412698399033,0.029274412698399033,True,LEAVE_ONE_FAMILY_OUT,HfZrOx,HfZrOx_01,10.1002/pssr.202000524,HfZrOx,8,6,4,False
HfZrOx_01,10.1002/pssr.202000524,HfZrOx,2.0,0.3010299956639812,0,0,ANALOG,NOT_REPORTED,normalized_from_ratio,IDEALIZED_SINGLE_PAIR_ANALOG,IDEALIZED_ANALOG_MAPPING,256,6,63,0,2,9,203264,10,512,5120,96.23,0.0,96.20103968686868,0.043545981705318704,96.15749370516336,-0.028960313131321413,0.028960313131321413,True,LEAVE_ONE_FAMILY_OUT,HfZrOx,HfZrOx_01,10.1002/pssr.202000524,HfZrOx,8,6,4,False
HfZrOx_01,10.1002/pssr.202000524,HfZrOx,2.0,0.3010299956639812,0,0,ANALOG,NOT_REPORTED,normalized_from_ratio,IDEALIZED_SINGLE_PAIR_ANALOG,IDEALIZED_ANALOG_MAPPING,64,5,31,0,2,8,203264,56,256,14336,96.23,0.0,96.19035114407815,0.03197564457113668,96.15837549950702,-0.039648855921853965,0.039648855921853965,True,LEAVE_ONE_FAMILY_OUT,HfZrOx,HfZrOx_01,10.1002/pssr.202000524,HfZrOx,8,6,4,False
HfZrOx_01,10.1002/pssr.202000524,HfZrOx,2.0,0.3010299956639812,0,0,ANALOG,NOT_REPORTED,normalized_from_ratio,IDEALIZED_SINGLE_PAIR_ANALOG,IDEALIZED_ANALOG_MAPPING,128,6,63,0,2,10,203264,16,1024,16384,96.22,0.0100000000000051,96.26648842063493,0.017776272144453827,96.24871214849047,0.04648842063492964,0.04648842063492964,True,LEAVE_ONE_FAMILY_OUT,HfZrOx,HfZrOx_01,10.1002/pssr.202000524,HfZrOx,8,6,4,False
HfZrOx_01,10.1002/pssr.202000524,HfZrOx,2.0,0.3010299956639812,0,0,ANALOG,NOT_REPORTED,normalized_from_ratio,IDEALIZED_SINGLE_PAIR_ANALOG,IDEALIZED_ANALOG_MAPPING,64,8,255,0,2,9,203264,56,512,28672,96.21,0.0200000000000102,96.25706330952382,0.036673201002827734,96.22039010852099,0.04706330952382132,0.04706330952382132,True,LEAVE_ONE_FAMILY_OUT,HfZrOx,HfZrOx_01,10.1002/pssr.202000524,HfZrOx,8,6,4,False
HfZrOx_01,10.1002/pssr.202000524,HfZrOx,2.0,0.3010299956639812,0,0,ANALOG,NOT_REPORTED,normalized_from_ratio,IDEALIZED_SINGLE_PAIR_ANALOG,IDEALIZED_ANALOG_MAPPING,16,6,63,0,2,8,203264,800,256,204800,96.21,0.0200000000000102,96.23054995670996,0.0316584241055583,96.1988915326044,0.02054995670997073,0.02054995670997073,True,LEAVE_ONE_FAMILY_OUT,HfZrOx,HfZrOx_01,10.1002/pssr.202000524,HfZrOx,8,6,4,False
HfZrOx_01,10.1002/pssr.202000524,HfZrOx,2.0,0.3010299956639812,0,0,ANALOG,NOT_REPORTED,normalized_from_ratio,IDEALIZED_SINGLE_PAIR_ANALOG,IDEALIZED_ANALOG_MAPPING,32,7,127,0,2,7,203264,208,128,26624,96.21,0.0200000000000102,96.16170673015874,0.03335022891378523,96.12835650124495,-0.048293269841252595,0.048293269841252595,True,LEAVE_ONE_FAMILY_OUT,HfZrOx,HfZrOx_01,10.1002/pssr.202000524,HfZrOx,8,6,4,False
HfZrOx_01,10.1002/pssr.202000524,HfZrOx,2.0,0.3010299956639812,0,0,ANALOG,NOT_REPORTED,normalized_from_ratio,IDEALIZED_SINGLE_PAIR_ANALOG,IDEALIZED_ANALOG_MAPPING,16,8,255,0,2,9,203264,800,512,409600,96.21,0.0200000000000102,96.26510592857143,0.02668125725194388,96.23842467131949,0.055105928571435925,0.055105928571435925,True,LEAVE_ONE_FAMILY_OUT,HfZrOx,HfZrOx_01,10.1002/pssr.202000524,HfZrOx,8,6,4,False
HfZrOx_01,10.1002/pssr.202000524,HfZrOx,2.0,0.3010299956639812,0,0,ANALOG,NOT_REPORTED,normalized_from_ratio,IDEALIZED_SINGLE_PAIR_ANALOG,IDEALIZED_ANALOG_MAPPING,64,6,63,0,2,7,203264,56,128,7168,96.21,0.0200000000000102,96.13468034920635,0.03539305543041813,96.09928729377593,-0.07531965079364511,0.07531965079364511,True,LEAVE_ONE_FAMILY_OUT,HfZrOx,HfZrOx_01,10.1002/pssr.202000524,HfZrOx,8,6,4,False
HfZrOx_01,10.1002/pssr.202000524,HfZrOx,2.0,0.3010299956639812,0,0,ANALOG,NOT_REPORTED,normalized_from_ratio,IDEALIZED_SINGLE_PAIR_ANALOG,IDEALIZED_ANALOG_MAPPING,128,8,255,0,2,10,203264,16,1024,16384,96.21,0.0200000000000102,96.18800333549784,0.02652717740507255,96.16147615809277,-0.021996664502154317,0.021996664502154317,True,LEAVE_ONE_FAMILY_OUT,HfZrOx,HfZrOx_01,10.1002/pssr.202000524,HfZrOx,8,6,4,False
HfZrOx_01,10.1002/pssr.202000524,HfZrOx,2.0,0.3010299956639812,0,0,ANALOG,NOT_REPORTED,normalized_from_ratio,IDEALIZED_SINGLE_PAIR_ANALOG,IDEALIZED_ANALOG_MAPPING,16,7,127,0,2,8,203264,800,256,204800,96.2,0.0300000000000011,96.22219486219338,0.014554208608557242,96.20764065358482,0.02219486219337341,0.02219486219337341,True,LEAVE_ONE_FAMILY_OUT,HfZrOx,HfZrOx_01,10.1002/pssr.202000524,HfZrOx,8,6,4,False
HfZrOx_01,10.1002/pssr.202000524,HfZrOx,2.0,0.3010299956639812,0,0,ANALOG,NOT_REPORTED,normalized_from_ratio,IDEALIZED_SINGLE_PAIR_ANALOG,IDEALIZED_ANALOG_MAPPING,64,6,63,0,2,8,203264,56,256,14336,96.2,0.0300000000000011,96.22529384920635,0.05197073219994708,96.1733231170064,0.02529384920634925,0.02529384920634925,True,LEAVE_ONE_FAMILY_OUT,HfZrOx,HfZrOx_01,10.1002/pssr.202000524,HfZrOx,8,6,4,False
HfZrOx_01,10.1002/pssr.202000524,HfZrOx,2.0,0.3010299956639812,0,0,ANALOG,NOT_REPORTED,normalized_from_ratio,IDEALIZED_SINGLE_PAIR_ANALOG,IDEALIZED_ANALOG_MAPPING,128,8,255,0,2,9,203264,16,512,8192,96.2,0.0300000000000011,96.18973753391053,0.03209160840640146,96.15764592550413,-0.0102624660894719,0.0102624660894719,True,LEAVE_ONE_FAMILY_OUT,HfZrOx,HfZrOx_01,10.1002/pssr.202000524,HfZrOx,8,6,4,False
HfZrOx_01,10.1002/pssr.202000524,HfZrOx,2.0,0.3010299956639812,0,0,ANALOG,NOT_REPORTED,normalized_from_ratio,IDEALIZED_SINGLE_PAIR_ANALOG,IDEALIZED_ANALOG_MAPPING,32,7,127,0,2,8,203264,208,256,53248,96.2,0.0300000000000011,96.22288059235208,0.021157980248129173,96.20172261210395,0.022880592352080953,0.022880592352080953,True,LEAVE_ONE_FAMILY_OUT,HfZrOx,HfZrOx_01,10.1002/pssr.202000524,HfZrOx,8,6,4,False
HfZrOx_01,10.1002/pssr.202000524,HfZrOx,2.0,0.3010299956639812,0,0,ANALOG,NOT_REPORTED,normalized_from_ratio,IDEALIZED_SINGLE_PAIR_ANALOG,IDEALIZED_ANALOG_MAPPING,256,8,255,0,2,9,203264,10,512,5120,96.2,0.0300000000000011,96.2042523037518,0.023752999606474107,96.18049930414533,0.004252303751798081,0.004252303751798081,True,LEAVE_ONE_FAMILY_OUT,HfZrOx,HfZrOx_01,10.1002/pssr.202000524,HfZrOx,8,6,4,False
HfZrOx_01,10.1002/pssr.202000524,HfZrOx,2.0,0.3010299956639812,0,0,ANALOG,NOT_REPORTED,normalized_from_ratio,IDEALIZED_SINGLE_PAIR_ANALOG,IDEALIZED_ANALOG_MAPPING,128,7,127,0,2,10,203264,16,1024,16384,96.19,0.0400000000000062,96.19960013780664,0.02215145128756783,96.17744868651907,0.00960013780664326,0.00960013780664326,True,LEAVE_ONE_FAMILY_OUT,HfZrOx,HfZrOx_01,10.1002/pssr.202000524,HfZrOx,8,6,4,False
HfZrOx_01,10.1002/pssr.202000524,HfZrOx,2.0,0.3010299956639812,0,0,ANALOG,NOT_REPORTED,normalized_from_ratio,IDEALIZED_SINGLE_PAIR_ANALOG,IDEALIZED_ANALOG_MAPPING,64,7,127,0,2,10,203264,56,1024,57344,96.19,0.0400000000000062,96.23514085714287,0.018997477219387646,96.21614337992348,0.04514085714286864,0.04514085714286864,True,LEAVE_ONE_FAMILY_OUT,HfZrOx,HfZrOx_01,10.1002/pssr.202000524,HfZrOx,8,6,4,False
HfZrOx_01,10.1002/pssr.202000524,HfZrOx,2.0,0.3010299956639812,0,0,ANALOG,NOT_REPORTED,normalized_from_ratio,IDEALIZED_SINGLE_PAIR_ANALOG,IDEALIZED_ANALOG_MAPPING,256,6,63,0,2,8,203264,10,256,2560,96.19,0.0400000000000062,96.22003077417027,0.050686431457703233,96.16934434271256,0.030030774170271002,0.030030774170271002,True,LEAVE_ONE_FAMILY_OUT,HfZrOx,HfZrOx_01,10.1002/pssr.202000524,HfZrOx,8,6,4,False
HfZrOx_01,10.1002/pssr.202000524,HfZrOx,2.0,0.3010299956639812,0,0,ANALOG,NOT_REPORTED,normalized_from_ratio,IDEALIZED_SINGLE_PAIR_ANALOG,IDEALIZED_ANALOG_MAPPING,16,7,127,0,2,7,203264,800,128,102400,96.19,0.0400000000000062,96.20424862698414,0.029439196685026866,96.1748094302991,0.01424862698414131,0.01424862698414131,True,LEAVE_ONE_FAMILY_OUT,HfZrOx,HfZrOx_01,10.1002/pssr.202000524,HfZrOx,8,6,4,False
HfZrOx_01,10.1002/pssr.202000524,HfZrOx,2.0,0.3010299956639812,0,0,ANALOG,NOT_REPORTED,normalized_from_ratio,IDEALIZED_SINGLE_PAIR_ANALOG,IDEALIZED_ANALOG_MAPPING,16,7,127,0,2,9,203264,800,512,409600,96.19,0.0400000000000062,96.23160762842713,0.013322953777000428,96.21828467465012,0.04160762842712984,0.04160762842712984,True,LEAVE_ONE_FAMILY_OUT,HfZrOx,HfZrOx_01,10.1002/pssr.202000524,HfZrOx,8,6,4,False
HfZrOx_01,10.1002/pssr.202000524,HfZrOx,2.0,0.3010299956639812,0,0,ANALOG,NOT_REPORTED,normalized_from_ratio,IDEALIZED_SINGLE_PAIR_ANALOG,IDEALIZED_ANALOG_MAPPING,16,7,127,0,2,10,203264,800,1024,819200,96.19,0.0400000000000062,96.22721975396826,0.008755622934042653,96.21846413103421,0.03721975396825883,0.03721975396825883,True,LEAVE_ONE_FAMILY_OUT,HfZrOx,HfZrOx_01,10.1002/pssr.202000524,HfZrOx,8,6,4,False
HfZrOx_01,10.1002/pssr.202000524,HfZrOx,2.0,0.3010299956639812,0,0,ANALOG,NOT_REPORTED,normalized_from_ratio,IDEALIZED_SINGLE_PAIR_ANALOG,IDEALIZED_ANALOG_MAPPING,128,5,31,0,2,10,203264,16,1024,16384,96.19,0.0400000000000062,96.16780274819627,0.025883577888132,96.14191917030813,-0.022197251803731888,0.022197251803731888,True,LEAVE_ONE_FAMILY_OUT,HfZrOx,HfZrOx_01,10.1002/pssr.202000524,HfZrOx,8,6,4,False
HfZrOx_01,10.1002/pssr.202000524,HfZrOx,2.0,0.3010299956639812,0,0,ANALOG,NOT_REPORTED,normalized_from_ratio,IDEALIZED_SINGLE_PAIR_ANALOG,IDEALIZED_ANALOG_MAPPING,128,5,31,0,2,9,203264,16,512,8192,96.18,0.0499999999999971,96.17980635209236,0.024495343172292256,96.15531100892007,-0.0001936479076505293,0.0001936479076505293,True,LEAVE_ONE_FAMILY_OUT,HfZrOx,HfZrOx_01,10.1002/pssr.202000524,HfZrOx,8,6,4,False
HfZrOx_01,10.1002/pssr.202000524,HfZrOx,2.0,0.3010299956639812,0,0,ANALOG,NOT_REPORTED,normalized_from_ratio,IDEALIZED_SINGLE_PAIR_ANALOG,IDEALIZED_ANALOG_MAPPING,32,8,255,0,2,7,203264,208,128,26624,96.18,0.0499999999999971,96.15454871861472,0.03392003650876855,96.12062868210595,-0.02545128138528696,0.02545128138528696,True,LEAVE_ONE_FAMILY_OUT,HfZrOx,HfZrOx_01,10.1002/pssr.202000524,HfZrOx,8,6,4,False
HfZrOx_01,10.1002/pssr.202000524,HfZrOx,2.0,0.3010299956639812,0,0,ANALOG,NOT_REPORTED,normalized_from_ratio,IDEALIZED_SINGLE_PAIR_ANALOG,IDEALIZED_ANALOG_MAPPING,256,8,255,0,2,10,203264,10,1024,10240,96.18,0.0499999999999971,96.20195096248194,0.02044753728686838,96.18150342519507,0.021950962481938063,0.021950962481938063,True,LEAVE_ONE_FAMILY_OUT,HfZrOx,HfZrOx_01,10.1002/pssr.202000524,HfZrOx,8,6,4,False
HfZrOx_01,10.1002/pssr.202000524,HfZrOx,2.0,0.3010299956639812,0,0,ANALOG,NOT_REPORTED,normalized_from_ratio,IDEALIZED_SINGLE_PAIR_ANALOG,IDEALIZED_ANALOG_MAPPING,16,8,255,0,2,7,203264,800,128,102400,96.18,0.0499999999999971,96.20538130158731,0.029452777170017052,96.17592852441729,0.02538130158730212,0.02538130158730212,True,LEAVE_ONE_FAMILY_OUT,HfZrOx,HfZrOx_01,10.1002/pssr.202000524,HfZrOx,8,6,4,False
HfZrOx_01,10.1002/pssr.202000524,HfZrOx,2.0,0.3010299956639812,0,0,ANALOG,NOT_REPORTED,normalized_from_ratio,IDEALIZED_SINGLE_PAIR_ANALOG,IDEALIZED_ANALOG_MAPPING,64,8,255,0,2,8,203264,56,256,14336,96.18,0.0499999999999971,96.22067789682539,0.025234645334769115,96.19544325149063,0.04067789682538603,0.04067789682538603,True,LEAVE_ONE_FAMILY_OUT,HfZrOx,HfZrOx_01,10.1002/pssr.202000524,HfZrOx,8,6,4,False
HfZrOx_01,10.1002/pssr.202000524,HfZrOx,2.0,0.3010299956639812,0,0,ANALOG,NOT_REPORTED,normalized_from_ratio,IDEALIZED_SINGLE_PAIR_ANALOG,IDEALIZED_ANALOG_MAPPING,64,5,31,0,2,10,203264,56,1024,57344,96.18,0.0499999999999971,96.15535786507937,0.01837695949135024,96.13698090558802,-0.024642134920640046,0.024642134920640046,True,LEAVE_ONE_FAMILY_OUT,HfZrOx,HfZrOx_01,10.1002/pssr.202000524,HfZrOx,8,6,4,False
HfZrOx_01,10.1002/pssr.202000524,HfZrOx,2.0,0.3010299956639812,0,0,ANALOG,NOT_REPORTED,normalized_from_ratio,IDEALIZED_SINGLE_PAIR_ANALOG,IDEALIZED_ANALOG_MAPPING,16,8,255,0,2,8,203264,800,256,204800,96.18,0.0499999999999971,96.2289454018759,0.024017424675346608,96.20492797720055,0.04894540187589769,0.04894540187589769,True,LEAVE_ONE_FAMILY_OUT,HfZrOx,HfZrOx_01,10.1002/pssr.202000524,HfZrOx,8,6,4,False
HfZrOx_01,10.1002/pssr.202000524,HfZrOx,2.0,0.3010299956639812,0,0,ANALOG,NOT_REPORTED,normalized_from_ratio,IDEALIZED_SINGLE_PAIR_ANALOG,IDEALIZED_ANALOG_MAPPING,16,5,31,0,2,10,203264,800,1024,819200,96.17,0.0600000000000022,96.13751025541127,0.010120323495193366,96.12738993191608,-0.03248974458873022,0.03248974458873022,True,LEAVE_ONE_FAMILY_OUT,HfZrOx,HfZrOx_01,10.1002/pssr.202000524,HfZrOx,8,6,4,False
HfZrOx_01,10.1002/pssr.202000524,HfZrOx,2.0,0.3010299956639812,0,0,ANALOG,NOT_REPORTED,normalized_from_ratio,IDEALIZED_SINGLE_PAIR_ANALOG,IDEALIZED_ANALOG_MAPPING,16,5,31,0,2,9,203264,800,512,409600,96.17,0.0600000000000022,96.15729812698413,0.011469045062686688,96.14582908192145,-0.012701873015871001,0.012701873015871001,True,LEAVE_ONE_FAMILY_OUT,HfZrOx,HfZrOx_01,10.1002/pssr.202000524,HfZrOx,8,6,4,False
HfZrOx_01,10.1002/pssr.202000524,HfZrOx,2.0,0.3010299956639812,0,0,ANALOG,NOT_REPORTED,normalized_from_ratio,IDEALIZED_SINGLE_PAIR_ANALOG,IDEALIZED_ANALOG_MAPPING,32,5,31,0,2,7,203264,208,128,26624,96.17,0.0600000000000022,96.09945451781553,0.05648417893306411,96.04297033888247,-0.0705454821844711,0.0705454821844711,True,LEAVE_ONE_FAMILY_OUT,HfZrOx,HfZrOx_01,10.1002/pssr.202000524,HfZrOx,8,6,4,False
HfZrOx_01,10.1002/pssr.202000524,HfZrOx,2.0,0.3010299956639812,0,0,ANALOG,NOT_REPORTED,normalized_from_ratio,IDEALIZED_SINGLE_PAIR_ANALOG,IDEALIZED_ANALOG_MAPPING,16,6,63,0,2,6,203264,800,64,51200,96.17,0.0600000000000022,96.03485800000001,0.03131693025960962,96.00354106974041,-0.13514199999998766,0.13514199999998766,True,LEAVE_ONE_FAMILY_OUT,HfZrOx,HfZrOx_01,10.1002/pssr.202000524,HfZrOx,8,6,4,False
HfZrOx_01,10.1002/pssr.202000524,HfZrOx,2.0,0.3010299956639812,0,0,ANALOG,NOT_REPORTED,normalized_from_ratio,IDEALIZED_SINGLE_PAIR_ANALOG,IDEALIZED_ANALOG_MAPPING,256,5,31,0,2,10,203264,10,1024,10240,96.17,0.0600000000000022,96.15021702597403,0.030536754463511298,96.11968027151052,-0.019782974025972067,0.019782974025972067,True,LEAVE_ONE_FAMILY_OUT,HfZrOx,HfZrOx_01,10.1002/pssr.202000524,HfZrOx,8,6,4,False
HfZrOx_01,10.1002/pssr.202000524,HfZrOx,2.0,0.3010299956639812,0,0,ANALOG,NOT_REPORTED,normalized_from_ratio,IDEALIZED_SINGLE_PAIR_ANALOG,IDEALIZED_ANALOG_MAPPING,32,5,31,0,2,8,203264,208,256,53248,96.17,0.0600000000000022,96.15528481868132,0.022089238958170405,96.13319557972315,-0.014715181318678106,0.014715181318678106,True,LEAVE_ONE_FAMILY_OUT,HfZrOx,HfZrOx_01,10.1002/pssr.202000524,HfZrOx,8,6,4,False
HfZrOx_01,10.1002/pssr.202000524,HfZrOx,2.0,0.3010299956639812,0,0,ANALOG,NOT_REPORTED,normalized_from_ratio,IDEALIZED_SINGLE_PAIR_ANALOG,IDEALIZED_ANALOG_MAPPING,32,5,31,0,2,9,203264,208,512,106496,96.16,0.0700000000000073,96.15719264357863,0.01266419947483954,96.14452844410378,-0.00280735642137131,0.00280735642137131,True,LEAVE_ONE_FAMILY_OUT,HfZrOx,HfZrOx_01,10.1002/pssr.202000524,HfZrOx,8,6,4,False
HfZrOx_01,10.1002/pssr.202000524,HfZrOx,2.0,0.3010299956639812,0,0,ANALOG,NOT_REPORTED,normalized_from_ratio,IDEALIZED_SINGLE_PAIR_ANALOG,IDEALIZED_ANALOG_MAPPING,64,5,31,0,2,9,203264,56,512,28672,96.16,0.0700000000000073,96.1677037943723,0.020113113598954346,96.14759068077335,0.0077037943723041735,0.0077037943723041735,True,LEAVE_ONE_FAMILY_OUT,HfZrOx,HfZrOx_01,10.1002/pssr.202000524,HfZrOx,8,6,4,False
HfZrOx_01,10.1002/pssr.202000524,HfZrOx,2.0,0.3010299956639812,0,0,ANALOG,NOT_REPORTED,normalized_from_ratio,IDEALIZED_SINGLE_PAIR_ANALOG,IDEALIZED_ANALOG_MAPPING,16,6,63,0,2,7,203264,800,128,102400,96.16,0.0700000000000073,96.18834340476191,0.03751143546031184,96.15083196930159,0.02834340476191244,0.02834340476191244,True,LEAVE_ONE_FAMILY_OUT,HfZrOx,HfZrOx_01,10.1002/pssr.202000524,HfZrOx,8,6,4,False
HfZrOx_01,10.1002/pssr.202000524,HfZrOx,2.0,0.3010299956639812,0,0,ANALOG,NOT_REPORTED,normalized_from_ratio,IDEALIZED_SINGLE_PAIR_ANALOG,IDEALIZED_ANALOG_MAPPING,64,7,127,0,2,8,203264,56,256,14336,96.15,0.0799999999999983,96.21443497763349,0.024728314262816447,96.18970666337067,0.06443497763348205,0.06443497763348205,True,LEAVE_ONE_FAMILY_OUT,HfZrOx,HfZrOx_01,10.1002/pssr.202000524,HfZrOx,8,6,4,False
HfZrOx_01,10.1002/pssr.202000524,HfZrOx,2.0,0.3010299956639812,0,0,ANALOG,NOT_REPORTED,normalized_from_ratio,IDEALIZED_SINGLE_PAIR_ANALOG,IDEALIZED_ANALOG_MAPPING,32,8,255,0,2,8,203264,208,256,53248,96.15,0.0799999999999983,96.22165140981242,0.03298412767431898,96.1886672821381,0.07165140981241791,0.07165140981241791,True,LEAVE_ONE_FAMILY_OUT,HfZrOx,HfZrOx_01,10.1002/pssr.202000524,HfZrOx,8,6,4,False
HfZrOx_01,10.1002/pssr.202000524,HfZrOx,2.0,0.3010299956639812,0,0,ANALOG,NOT_REPORTED,normalized_from_ratio,IDEALIZED_SINGLE_PAIR_ANALOG,IDEALIZED_ANALOG_MAPPING,256,5,31,0,2,9,203264,10,512,5120,96.15,0.0799999999999983,96.15413572510822,0.03641278552214166,96.11772293958607,0.004135725108213251,0.004135725108213251,True,LEAVE_ONE_FAMILY_OUT,HfZrOx,HfZrOx_01,10.1002/pssr.202000524,HfZrOx,8,6,4,False
HfZrOx_01,10.1002/pssr.202000524,HfZrOx,2.0,0.3010299956639812,0,0,ANALOG,NOT_REPORTED,normalized_from_ratio,IDEALIZED_SINGLE_PAIR_ANALOG,IDEALIZED_ANALOG_MAPPING,256,7,127,0,2,10,203264,10,1024,10240,96.15,0.0799999999999983,96.21539133621933,0.016134828910138777,96.19925650730919,0.0653913362193208,0.0653913362193208,True,LEAVE_ONE_FAMILY_OUT,HfZrOx,HfZrOx_01,10.1002/pssr.202000524,HfZrOx,8,6,4,False
HfZrOx_01,10.1002/pssr.202000524,HfZrOx,2.0,0.3010299956639812,0,0,ANALOG,NOT_REPORTED,normalized_from_ratio,IDEALIZED_SINGLE_PAIR_ANALOG,IDEALIZED_ANALOG_MAPPING,16,5,31,0,2,8,203264,800,256,204800,96.14,0.0900000000000034,96.15396385042736,0.018582158928290446,96.13538169149906,0.013963850427359148,0.013963850427359148,True,LEAVE_ONE_FAMILY_OUT,HfZrOx,HfZrOx_01,10.1002/pssr.202000524,HfZrOx,8,6,4,False
HfZrOx_01,10.1002/pssr.202000524,HfZrOx,2.0,0.3010299956639812,0,0,ANALOG,NOT_REPORTED,normalized_from_ratio,IDEALIZED_SINGLE_PAIR_ANALOG,IDEALIZED_ANALOG_MAPPING,256,8,255,0,2,8,203264,10,256,2560,96.14,0.0900000000000034,96.23275658730158,0.024050621628368768,96.20870596567322,0.09275658730157943,0.09275658730157943,True,LEAVE_ONE_FAMILY_OUT,HfZrOx,HfZrOx_01,10.1002/pssr.202000524,HfZrOx,8,6,4,False
HfZrOx_01,10.1002/pssr.202000524,HfZrOx,2.0,0.3010299956639812,0,0,ANALOG,NOT_REPORTED,normalized_from_ratio,IDEALIZED_SINGLE_PAIR_ANALOG,IDEALIZED_ANALOG_MAPPING,128,5,31,0,2,8,203264,16,256,4096,96.13,0.1000000000000085,96.18455050122101,0.039163321036085164,96.14538718018493,0.05455050122101568,0.05455050122101568,True,LEAVE_ONE_FAMILY_OUT,HfZrOx,HfZrOx_01,10.1002/pssr.202000524,HfZrOx,8,6,4,False
HfZrOx_01,10.1002/pssr.202000524,HfZrOx,2.0,0.3010299956639812,0,0,ANALOG,NOT_REPORTED,normalized_from_ratio,IDEALIZED_SINGLE_PAIR_ANALOG,IDEALIZED_ANALOG_MAPPING,32,5,31,0,2,10,203264,208,1024,212992,96.13,0.1000000000000085,96.13754438239538,0.010935988804636282,96.12660839359074,0.007544382395380467,0.007544382395380467,True,LEAVE_ONE_FAMILY_OUT,HfZrOx,HfZrOx_01,10.1002/pssr.202000524,HfZrOx,8,6,4,False
HfZrOx_01,10.1002/pssr.202000524,HfZrOx,2.0,0.3010299956639812,0,0,ANALOG,NOT_REPORTED,normalized_from_ratio,IDEALIZED_SINGLE_PAIR_ANALOG,IDEALIZED_ANALOG_MAPPING,16,8,255,0,2,6,203264,800,64,51200,96.13,0.1000000000000085,96.03642154761906,0.03925315747353841,95.99716839014552,-0.09357845238093887,0.09357845238093887,True,LEAVE_ONE_FAMILY_OUT,HfZrOx,HfZrOx_01,10.1002/pssr.202000524,HfZrOx,8,6,4,False
HfZrOx_01,10.1002/pssr.202000524,HfZrOx,2.0,0.3010299956639812,0,0,ANALOG,NOT_REPORTED,normalized_from_ratio,IDEALIZED_SINGLE_PAIR_ANALOG,IDEALIZED_ANALOG_MAPPING,128,4,15,0,2,8,203264,16,256,4096,96.12,0.1099999999999994,96.06737253968255,0.042818070871497575,96.02455446881106,-0.0526274603174528,0.0526274603174528,True,LEAVE_ONE_FAMILY_OUT,HfZrOx,HfZrOx_01,10.1002/pssr.202000524,HfZrOx,8,6,4,False
HfZrOx_01,10.1002/pssr.202000524,HfZrOx,2.0,0.3010299956639812,0,0,ANALOG,NOT_REPORTED,normalized_from_ratio,IDEALIZED_SINGLE_PAIR_ANALOG,IDEALIZED_ANALOG_MAPPING,256,4,15,0,2,9,203264,10,512,5120,96.11,0.1200000000000045,96.06425100793652,0.0246016428545701,96.03964936508196,-0.04574899206347993,0.04574899206347993,True,LEAVE_ONE_FAMILY_OUT,HfZrOx,HfZrOx_01,10.1002/pssr.202000524,HfZrOx,8,6,4,False
HfZrOx_01,10.1002/pssr.202000524,HfZrOx,2.0,0.3010299956639812,0,0,ANALOG,NOT_REPORTED,normalized_from_ratio,IDEALIZED_SINGLE_PAIR_ANALOG,IDEALIZED_ANALOG_MAPPING,64,7,127,0,2,7,203264,56,128,7168,96.1,0.1300000000000096,96.14351255555557,0.036200859075258246,96.10731169648031,0.04351255555557998,0.04351255555557998,True,LEAVE_ONE_FAMILY_OUT,HfZrOx,HfZrOx_01,10.1002/pssr.202000524,HfZrOx,8,6,4,False
HfZrOx_01,10.1002/pssr.202000524,HfZrOx,2.0,0.3010299956639812,0,0,ANALOG,NOT_REPORTED,normalized_from_ratio,IDEALIZED_SINGLE_PAIR_ANALOG,IDEALIZED_ANALOG_MAPPING,16,4,15,0,2,9,203264,800,512,409600,96.09,0.1400000000000005,96.05946166089466,0.016958800416150496,96.0425028604785,-0.0305383391053482,0.0305383391053482,True,LEAVE_ONE_FAMILY_OUT,HfZrOx,HfZrOx_01,10.1002/pssr.202000524,HfZrOx,8,6,4,False
HfZrOx_01,10.1002/pssr.202000524,HfZrOx,2.0,0.3010299956639812,0,0,ANALOG,NOT_REPORTED,normalized_from_ratio,IDEALIZED_SINGLE_PAIR_ANALOG,IDEALIZED_ANALOG_MAPPING,32,4,15,0,2,9,203264,208,512,106496,96.09,0.1400000000000005,96.06193245815295,0.022442355845449524,96.0394901023075,-0.028067541847050848,0.028067541847050848,True,LEAVE_ONE_FAMILY_OUT,HfZrOx,HfZrOx_01,10.1002/pssr.202000524,HfZrOx,8,6,4,False
HfZrOx_01,10.1002/pssr.202000524,HfZrOx,2.0,0.3010299956639812,0,0,ANALOG,NOT_REPORTED,normalized_from_ratio,IDEALIZED_SINGLE_PAIR_ANALOG,IDEALIZED_ANALOG_MAPPING,16,4,15,0,2,8,203264,800,256,204800,96.09,0.1400000000000005,96.07481783838382,0.020377628154496157,96.05444021022933,-0.015182161616181133,0.015182161616181133,True,LEAVE_ONE_FAMILY_OUT,HfZrOx,HfZrOx_01,10.1002/pssr.202000524,HfZrOx,8,6,4,False
HfZrOx_01,10.1002/pssr.202000524,HfZrOx,2.0,0.3010299956639812,0,0,ANALOG,NOT_REPORTED,normalized_from_ratio,IDEALIZED_SINGLE_PAIR_ANALOG,IDEALIZED_ANALOG_MAPPING,32,4,15,0,2,7,203264,208,128,26624,96.09,0.1400000000000005,96.00314307142858,0.05278798117193911,95.95035509025664,-0.08685692857142158,0.08685692857142158,True,LEAVE_ONE_FAMILY_OUT,HfZrOx,HfZrOx_01,10.1002/pssr.202000524,HfZrOx,8,6,4,False
HfZrOx_01,10.1002/pssr.202000524,HfZrOx,2.0,0.3010299956639812,0,0,ANALOG,NOT_REPORTED,normalized_from_ratio,IDEALIZED_SINGLE_PAIR_ANALOG,IDEALIZED_ANALOG_MAPPING,64,4,15,0,2,8,203264,56,256,14336,96.08,0.1500000000000056,96.06311723088024,0.026045452474419733,96.03707177840582,-0.01688276911976061,0.01688276911976061,True,LEAVE_ONE_FAMILY_OUT,HfZrOx,HfZrOx_01,10.1002/pssr.202000524,HfZrOx,8,6,4,False
HfZrOx_01,10.1002/pssr.202000524,HfZrOx,2.0,0.3010299956639812,0,0,ANALOG,NOT_REPORTED,normalized_from_ratio,IDEALIZED_SINGLE_PAIR_ANALOG,IDEALIZED_ANALOG_MAPPING,64,4,15,0,2,10,203264,56,1024,57344,96.08,0.1500000000000056,96.05533435064935,0.01570964726047138,96.03962470338888,-0.024665649350652075,0.024665649350652075,True,LEAVE_ONE_FAMILY_OUT,HfZrOx,HfZrOx_01,10.1002/pssr.202000524,HfZrOx,8,6,4,False
HfZrOx_01,10.1002/pssr.202000524,HfZrOx,2.0,0.3010299956639812,0,0,ANALOG,NOT_REPORTED,normalized_from_ratio,IDEALIZED_SINGLE_PAIR_ANALOG,IDEALIZED_ANALOG_MAPPING,128,4,15,0,2,9,203264,16,512,8192,96.08,0.1500000000000056,96.06010106349207,0.02128678060319548,96.03881428288888,-0.01989893650792851,0.01989893650792851,True,LEAVE_ONE_FAMILY_OUT,HfZrOx,HfZrOx_01,10.1002/pssr.202000524,HfZrOx,8,6,4,False
HfZrOx_01,10.1002/pssr.202000524,HfZrOx,2.0,0.3010299956639812,0,0,ANALOG,NOT_REPORTED,normalized_from_ratio,IDEALIZED_SINGLE_PAIR_ANALOG,IDEALIZED_ANALOG_MAPPING,16,7,127,0,2,6,203264,800,64,51200,96.07,0.1600000000000108,96.04245573809524,0.03562418148088043,96.00683155661436,-0.02754426190475101,0.02754426190475101,True,LEAVE_ONE_FAMILY_OUT,HfZrOx,HfZrOx_01,10.1002/pssr.202000524,HfZrOx,8,6,4,False
HfZrOx_01,10.1002/pssr.202000524,HfZrOx,2.0,0.3010299956639812,0,0,ANALOG,NOT_REPORTED,normalized_from_ratio,IDEALIZED_SINGLE_PAIR_ANALOG,IDEALIZED_ANALOG_MAPPING,32,4,15,0,2,10,203264,208,1024,212992,96.07,0.1600000000000108,96.06302356493505,0.020242053101229566,96.04278151183382,-0.006976435064942166,0.006976435064942166,True,LEAVE_ONE_FAMILY_OUT,HfZrOx,HfZrOx_01,10.1002/pssr.202000524,HfZrOx,8,6,4,False
HfZrOx_01,10.1002/pssr.202000524,HfZrOx,2.0,0.3010299956639812,0,0,ANALOG,NOT_REPORTED,normalized_from_ratio,IDEALIZED_SINGLE_PAIR_ANALOG,IDEALIZED_ANALOG_MAPPING,256,5,31,0,2,8,203264,10,256,2560,96.07,0.1600000000000108,96.13063746153846,0.0438898125559866,96.08674764898247,0.06063746153846239,0.06063746153846239,True,LEAVE_ONE_FAMILY_OUT,HfZrOx,HfZrOx_01,10.1002/pssr.202000524,HfZrOx,8,6,4,False
HfZrOx_01,10.1002/pssr.202000524,HfZrOx,2.0,0.3010299956639812,0,0,ANALOG,NOT_REPORTED,normalized_from_ratio,IDEALIZED_SINGLE_PAIR_ANALOG,IDEALIZED_ANALOG_MAPPING,64,8,255,0,2,7,203264,56,128,7168,96.07,0.1600000000000108,96.14239075036076,0.035728557708497075,96.10666219265227,0.0723907503607677,0.0723907503607677,True,LEAVE_ONE_FAMILY_OUT,HfZrOx,HfZrOx_01,10.1002/pssr.202000524,HfZrOx,8,6,4,False
HfZrOx_01,10.1002/pssr.202000524,HfZrOx,2.0,0.3010299956639812,0,0,ANALOG,NOT_REPORTED,normalized_from_ratio,IDEALIZED_SINGLE_PAIR_ANALOG,IDEALIZED_ANALOG_MAPPING,16,4,15,0,2,10,203264,800,1024,819200,96.07,0.1600000000000108,96.06494138239536,0.015088728631820954,96.04985265376354,-0.005058617604632332,0.005058617604632332,True,LEAVE_ONE_FAMILY_OUT,HfZrOx,HfZrOx_01,10.1002/pssr.202000524,HfZrOx,8,6,4,False
HfZrOx_01,10.1002/pssr.202000524,HfZrOx,2.0,0.3010299956639812,0,0,ANALOG,NOT_REPORTED,normalized_from_ratio,IDEALIZED_SINGLE_PAIR_ANALOG,IDEALIZED_ANALOG_MAPPING,16,5,31,0,2,6,203264,800,64,51200,96.06,0.1700000000000017,96.00123100793651,0.059007178496973324,95.94222382943954,-0.05876899206349151,0.05876899206349151,True,LEAVE_ONE_FAMILY_OUT,HfZrOx,HfZrOx_01,10.1002/pssr.202000524,HfZrOx,8,6,4,False
HfZrOx_01,10.1002/pssr.202000524,HfZrOx,2.0,0.3010299956639812,0,0,ANALOG,NOT_REPORTED,normalized_from_ratio,IDEALIZED_SINGLE_PAIR_ANALOG,IDEALIZED_ANALOG_MAPPING,32,4,15,0,2,8,203264,208,256,53248,96.05,0.1800000000000068,96.0791808975469,0.02053916914641642,96.05864172840049,0.029180897546908113,0.029180897546908113,True,LEAVE_ONE_FAMILY_OUT,HfZrOx,HfZrOx_01,10.1002/pssr.202000524,HfZrOx,8,6,4,False
HfZrOx_01,10.1002/pssr.202000524,HfZrOx,2.0,0.3010299956639812,0,0,ANALOG,NOT_REPORTED,normalized_from_ratio,IDEALIZED_SINGLE_PAIR_ANALOG,IDEALIZED_ANALOG_MAPPING,16,5,31,0,2,7,203264,800,128,102400,96.05,0.1800000000000068,96.11570356543459,0.0533043469969622,96.06239921843762,0.065703565434589,0.065703565434589,True,LEAVE_ONE_FAMILY_OUT,HfZrOx,HfZrOx_01,10.1002/pssr.202000524,HfZrOx,8,6,4,False
HfZrOx_01,10.1002/pssr.202000524,HfZrOx,2.0,0.3010299956639812,0,0,ANALOG,NOT_REPORTED,normalized_from_ratio,IDEALIZED_SINGLE_PAIR_ANALOG,IDEALIZED_ANALOG_MAPPING,64,4,15,0,2,9,203264,56,512,28672,96.04,0.1899999999999977,96.05289986291486,0.016174369838172532,96.03672549307669,0.012899862914849791,0.012899862914849791,True,LEAVE_ONE_FAMILY_OUT,HfZrOx,HfZrOx_01,10.1002/pssr.202000524,HfZrOx,8,6,4,False
HfZrOx_01,10.1002/pssr.202000524,HfZrOx,2.0,0.3010299956639812,0,0,ANALOG,NOT_REPORTED,normalized_from_ratio,IDEALIZED_SINGLE_PAIR_ANALOG,IDEALIZED_ANALOG_MAPPING,256,6,63,0,2,7,203264,10,128,1280,96.03,0.2000000000000028,95.97178149350648,0.0854170968991078,95.88636439660738,-0.05821850649351745,0.05821850649351745,True,LEAVE_ONE_FAMILY_OUT,HfZrOx,HfZrOx_01,10.1002/pssr.202000524,HfZrOx,8,6,4,False
HfZrOx_01,10.1002/pssr.202000524,HfZrOx,2.0,0.3010299956639812,0,0,ANALOG,NOT_REPORTED,normalized_from_ratio,IDEALIZED_SINGLE_PAIR_ANALOG,IDEALIZED_ANALOG_MAPPING,128,6,63,0,2,7,203264,16,128,2048,96.02,0.2100000000000079,95.9646418109668,0.0690946180391825,95.89554719292761,-0.05535818903319978,0.05535818903319978,True,LEAVE_ONE_FAMILY_OUT,HfZrOx,HfZrOx_01,10.1002/pssr.202000524,HfZrOx,8,6,4,False
HfZrOx_01,10.1002/pssr.202000524,HfZrOx,2.0,0.3010299956639812,0,0,ANALOG,NOT_REPORTED,normalized_from_ratio,IDEALIZED_SINGLE_PAIR_ANALOG,IDEALIZED_ANALOG_MAPPING,64,5,31,0,2,7,203264,56,128,7168,96.02,0.2100000000000079,96.04911551709404,0.09713386526821484,95.95198165182582,0.029115517094041365,0.029115517094041365,True,LEAVE_ONE_FAMILY_OUT,HfZrOx,HfZrOx_01,10.1002/pssr.202000524,HfZrOx,8,6,4,False
HfZrOx_01,10.1002/pssr.202000524,HfZrOx,2.0,0.3010299956639812,0,0,ANALOG,NOT_REPORTED,normalized_from_ratio,IDEALIZED_SINGLE_PAIR_ANALOG,IDEALIZED_ANALOG_MAPPING,128,4,15,0,2,10,203264,16,1024,16384,96.01,0.2199999999999988,96.0746942936508,0.01766342085012642,96.05703087280067,0.06469429365078838,0.06469429365078838,True,LEAVE_ONE_FAMILY_OUT,HfZrOx,HfZrOx_01,10.1002/pssr.202000524,HfZrOx,8,6,4,False
HfZrOx_01,10.1002/pssr.202000524,HfZrOx,2.0,0.3010299956639812,0,0,ANALOG,NOT_REPORTED,normalized_from_ratio,IDEALIZED_SINGLE_PAIR_ANALOG,IDEALIZED_ANALOG_MAPPING,256,4,15,0,2,10,203264,10,1024,10240,96.0,0.2300000000000039,96.07279464285713,0.018284208979183886,96.05451043387795,0.07279464285713289,0.07279464285713289,True,LEAVE_ONE_FAMILY_OUT,HfZrOx,HfZrOx_01,10.1002/pssr.202000524,HfZrOx,8,6,4,False
HfZrOx_01,10.1002/pssr.202000524,HfZrOx,2.0,0.3010299956639812,0,0,ANALOG,NOT_REPORTED,normalized_from_ratio,IDEALIZED_SINGLE_PAIR_ANALOG,IDEALIZED_ANALOG_MAPPING,256,4,15,0,2,8,203264,10,256,2560,95.99,0.2400000000000091,96.09115382611833,0.044155946353159746,96.04699787976517,0.10115382611833468,0.10115382611833468,True,LEAVE_ONE_FAMILY_OUT,HfZrOx,HfZrOx_01,10.1002/pssr.202000524,HfZrOx,8,6,4,False
HfZrOx_01,10.1002/pssr.202000524,HfZrOx,2.0,0.3010299956639812,0,0,ANALOG,NOT_REPORTED,normalized_from_ratio,IDEALIZED_SINGLE_PAIR_ANALOG,IDEALIZED_ANALOG_MAPPING,16,4,15,0,2,7,203264,800,128,102400,95.98,0.25,96.04228742857144,0.06344266994991346,95.97884475862153,0.06228742857143743,0.06228742857143743,True,LEAVE_ONE_FAMILY_OUT,HfZrOx,HfZrOx_01,10.1002/pssr.202000524,HfZrOx,8,6,4,False
HfZrOx_01,10.1002/pssr.202000524,HfZrOx,2.0,0.3010299956639812,0,0,ANALOG,NOT_REPORTED,normalized_from_ratio,IDEALIZED_SINGLE_PAIR_ANALOG,IDEALIZED_ANALOG_MAPPING,64,4,15,0,2,7,203264,56,128,7168,95.96,0.2700000000000102,95.91164320634921,0.09576163383675984,95.81588157251245,-0.04835679365078249,0.04835679365078249,True,LEAVE_ONE_FAMILY_OUT,HfZrOx,HfZrOx_01,10.1002/pssr.202000524,HfZrOx,8,6,4,False
HfZrOx_01,10.1002/pssr.202000524,HfZrOx,2.0,0.3010299956639812,0,0,ANALOG,NOT_REPORTED,normalized_from_ratio,IDEALIZED_SINGLE_PAIR_ANALOG,IDEALIZED_ANALOG_MAPPING,32,7,127,0,2,6,203264,208,64,13312,95.89,0.3400000000000034,95.96681375396825,0.05210703877612719,95.91470671519212,0.07681375396825274,0.07681375396825274,True,LEAVE_ONE_FAMILY_OUT,HfZrOx,HfZrOx_01,10.1002/pssr.202000524,HfZrOx,8,6,4,False
HfZrOx_01,10.1002/pssr.202000524,HfZrOx,2.0,0.3010299956639812,0,0,ANALOG,NOT_REPORTED,normalized_from_ratio,IDEALIZED_SINGLE_PAIR_ANALOG,IDEALIZED_ANALOG_MAPPING,256,8,255,0,2,7,203264,10,128,1280,95.89,0.3400000000000034,95.97247411255412,0.07905604806403801,95.89341806449009,0.08247411255412374,0.08247411255412374,True,LEAVE_ONE_FAMILY_OUT,HfZrOx,HfZrOx_01,10.1002/pssr.202000524,HfZrOx,8,6,4,False
HfZrOx_01,10.1002/pssr.202000524,HfZrOx,2.0,0.3010299956639812,0,0,ANALOG,NOT_REPORTED,normalized_from_ratio,IDEALIZED_SINGLE_PAIR_ANALOG,IDEALIZED_ANALOG_MAPPING,128,7,127,0,2,7,203264,16,128,2048,95.89,0.3400000000000034,95.94072477922077,0.07859714343102936,95.86212763578975,0.05072477922077212,0.05072477922077212,True,LEAVE_ONE_FAMILY_OUT,HfZrOx,HfZrOx_01,10.1002/pssr.202000524,HfZrOx,8,6,4,False
HfZrOx_01,10.1002/pssr.202000524,HfZrOx,2.0,0.3010299956639812,0,0,ANALOG,NOT_REPORTED,normalized_from_ratio,IDEALIZED_SINGLE_PAIR_ANALOG,IDEALIZED_ANALOG_MAPPING,256,7,127,0,2,7,203264,10,128,1280,95.87,0.3599999999999994,95.9482161125541,0.09296428514671133,95.8552518274074,0.07821611255410232,0.07821611255410232,True,LEAVE_ONE_FAMILY_OUT,HfZrOx,HfZrOx_01,10.1002/pssr.202000524,HfZrOx,8,6,4,False
HfZrOx_01,10.1002/pssr.202000524,HfZrOx,2.0,0.3010299956639812,0,0,ANALOG,NOT_REPORTED,normalized_from_ratio,IDEALIZED_SINGLE_PAIR_ANALOG,IDEALIZED_ANALOG_MAPPING,128,5,31,0,2,7,203264,16,128,2048,95.81,0.4200000000000017,95.94640995360194,0.12014921252689116,95.82626074107505,0.13640995360194097,0.13640995360194097,False,LEAVE_ONE_FAMILY_OUT,HfZrOx,HfZrOx_01,10.1002/pssr.202000524,HfZrOx,8,6,4,False
HfZrOx_01,10.1002/pssr.202000524,HfZrOx,2.0,0.3010299956639812,0,0,ANALOG,NOT_REPORTED,normalized_from_ratio,IDEALIZED_SINGLE_PAIR_ANALOG,IDEALIZED_ANALOG_MAPPING,32,6,63,0,2,6,203264,208,64,13312,95.81,0.4200000000000017,95.96248846031746,0.057397262673335336,95.90509119764413,0.152488460317457,0.152488460317457,False,LEAVE_ONE_FAMILY_OUT,HfZrOx,HfZrOx_01,10.1002/pssr.202000524,HfZrOx,8,6,4,False
HfZrOx_01,10.1002/pssr.202000524,HfZrOx,2.0,0.3010299956639812,0,0,ANALOG,NOT_REPORTED,normalized_from_ratio,IDEALIZED_SINGLE_PAIR_ANALOG,IDEALIZED_ANALOG_MAPPING,16,4,15,0,2,6,203264,800,64,51200,95.8,0.4300000000000068,95.97163265079365,0.07540968488819637,95.89622296590545,0.1716326507936543,0.1716326507936543,False,LEAVE_ONE_FAMILY_OUT,HfZrOx,HfZrOx_01,10.1002/pssr.202000524,HfZrOx,8,6,4,False
HfZrOx_01,10.1002/pssr.202000524,HfZrOx,2.0,0.3010299956639812,0,0,ANALOG,NOT_REPORTED,normalized_from_ratio,IDEALIZED_SINGLE_PAIR_ANALOG,IDEALIZED_ANALOG_MAPPING,32,8,255,0,2,6,203264,208,64,13312,95.8,0.4300000000000068,95.96592137301587,0.051852799987830434,95.91406857302805,0.16592137301587684,0.16592137301587684,False,LEAVE_ONE_FAMILY_OUT,HfZrOx,HfZrOx_01,10.1002/pssr.202000524,HfZrOx,8,6,4,False
HfZrOx_01,10.1002/pssr.202000524,HfZrOx,2.0,0.3010299956639812,0,0,ANALOG,NOT_REPORTED,normalized_from_ratio,IDEALIZED_SINGLE_PAIR_ANALOG,IDEALIZED_ANALOG_MAPPING,256,5,31,0,2,7,203264,10,128,1280,95.79,0.4399999999999977,95.91791522344323,0.11424249442576237,95.80367272901746,0.1279152234432246,0.1279152234432246,False,LEAVE_ONE_FAMILY_OUT,HfZrOx,HfZrOx_01,10.1002/pssr.202000524,HfZrOx,8,6,4,False
HfZrOx_01,10.1002/pssr.202000524,HfZrOx,2.0,0.3010299956639812,0,0,ANALOG,NOT_REPORTED,normalized_from_ratio,IDEALIZED_SINGLE_PAIR_ANALOG,IDEALIZED_ANALOG_MAPPING,128,8,255,0,2,7,203264,16,128,2048,95.76,0.4699999999999988,95.96520425541125,0.06352683113447809,95.90167742427677,0.2052042554112461,0.2052042554112461,False,LEAVE_ONE_FAMILY_OUT,HfZrOx,HfZrOx_01,10.1002/pssr.202000524,HfZrOx,8,6,4,False
HfZrOx_01,10.1002/pssr.202000524,HfZrOx,2.0,0.3010299956639812,0,0,ANALOG,NOT_REPORTED,normalized_from_ratio,IDEALIZED_SINGLE_PAIR_ANALOG,IDEALIZED_ANALOG_MAPPING,128,4,15,0,2,7,203264,16,128,2048,95.72,0.5100000000000051,95.89351603968254,0.07183490688123846,95.8216811328013,0.17351603968253926,0.17351603968253926,False,LEAVE_ONE_FAMILY_OUT,HfZrOx,HfZrOx_01,10.1002/pssr.202000524,HfZrOx,8,6,4,False
HfZrOx_01,10.1002/pssr.202000524,HfZrOx,2.0,0.3010299956639812,0,0,ANALOG,NOT_REPORTED,normalized_from_ratio,IDEALIZED_SINGLE_PAIR_ANALOG,IDEALIZED_ANALOG_MAPPING,32,5,31,0,2,6,203264,208,64,13312,95.71,0.5200000000000102,95.94570081746032,0.07389351754428591,95.87180729991603,0.23570081746032656,0.23570081746032656,False,LEAVE_ONE_FAMILY_OUT,HfZrOx,HfZrOx_01,10.1002/pssr.202000524,HfZrOx,8,6,4,False
HfZrOx_01,10.1002/pssr.202000524,HfZrOx,2.0,0.3010299956639812,0,0,ANALOG,NOT_REPORTED,normalized_from_ratio,IDEALIZED_SINGLE_PAIR_ANALOG,IDEALIZED_ANALOG_MAPPING,256,4,15,0,2,7,203264,10,128,1280,95.68,0.5499999999999972,95.88626077561328,0.07417726728160155,95.81208350833168,0.2062607756132735,0.2062607756132735,False,LEAVE_ONE_FAMILY_OUT,HfZrOx,HfZrOx_01,10.1002/pssr.202000524,HfZrOx,8,6,4,False
HfZrOx_01,10.1002/pssr.202000524,HfZrOx,2.0,0.3010299956639812,0,0,ANALOG,NOT_REPORTED,normalized_from_ratio,IDEALIZED_SINGLE_PAIR_ANALOG,IDEALIZED_ANALOG_MAPPING,32,4,15,0,2,6,203264,208,64,13312,95.66,0.5700000000000074,95.9261065793651,0.0842538612631839,95.84185271810192,0.2661065793651005,0.2661065793651005,False,LEAVE_ONE_FAMILY_OUT,HfZrOx,HfZrOx_01,10.1002/pssr.202000524,HfZrOx,8,6,4,False
HfZrOx_01,10.1002/pssr.202000524,HfZrOx,2.0,0.3010299956639812,0,0,ANALOG,NOT_REPORTED,normalized_from_ratio,IDEALIZED_SINGLE_PAIR_ANALOG,IDEALIZED_ANALOG_MAPPING,64,8,255,0,2,6,203264,56,64,3584,95.54,0.6899999999999977,95.76309736507936,0.10810327967036451,95.654994085409,0.2230973650793544,0.2230973650793544,False,LEAVE_ONE_FAMILY_OUT,HfZrOx,HfZrOx_01,10.1002/pssr.202000524,HfZrOx,8,6,4,False
HfZrOx_01,10.1002/pssr.202000524,HfZrOx,2.0,0.3010299956639812,0,0,ANALOG,NOT_REPORTED,normalized_from_ratio,IDEALIZED_SINGLE_PAIR_ANALOG,IDEALIZED_ANALOG_MAPPING,64,6,63,0,2,6,203264,56,64,3584,95.38,0.8500000000000085,95.73540569841269,0.13512315609510372,95.60028254231759,0.35540569841269587,0.35540569841269587,False,LEAVE_ONE_FAMILY_OUT,HfZrOx,HfZrOx_01,10.1002/pssr.202000524,HfZrOx,8,6,4,False
HfZrOx_01,10.1002/pssr.202000524,HfZrOx,2.0,0.3010299956639812,0,0,ANALOG,NOT_REPORTED,normalized_from_ratio,IDEALIZED_SINGLE_PAIR_ANALOG,IDEALIZED_ANALOG_MAPPING,64,7,127,0,2,6,203264,56,64,3584,95.38,0.8500000000000085,95.76070936507935,0.12040762254424457,95.6403017425351,0.3807093650793547,0.3807093650793547,False,LEAVE_ONE_FAMILY_OUT,HfZrOx,HfZrOx_01,10.1002/pssr.202000524,HfZrOx,8,6,4,False
HfZrOx_01,10.1002/pssr.202000524,HfZrOx,2.0,0.3010299956639812,0,0,ANALOG,NOT_REPORTED,normalized_from_ratio,IDEALIZED_SINGLE_PAIR_ANALOG,IDEALIZED_ANALOG_MAPPING,16,7,127,0,2,5,203264,800,32,25600,95.36,0.8700000000000045,95.45460621428572,0.14434999875957924,95.31025621552614,0.09460621428571869,0.09460621428571869,False,LEAVE_ONE_FAMILY_OUT,HfZrOx,HfZrOx_01,10.1002/pssr.202000524,HfZrOx,8,6,4,False
HfZrOx_01,10.1002/pssr.202000524,HfZrOx,2.0,0.3010299956639812,0,0,ANALOG,NOT_REPORTED,normalized_from_ratio,IDEALIZED_SINGLE_PAIR_ANALOG,IDEALIZED_ANALOG_MAPPING,16,6,63,0,2,5,203264,800,32,25600,95.29,0.9399999999999976,95.42614830158729,0.1740053591393292,95.25214294244796,0.13614830158728353,0.13614830158728353,False,LEAVE_ONE_FAMILY_OUT,HfZrOx,HfZrOx_01,10.1002/pssr.202000524,HfZrOx,8,6,4,False
HfZrOx_01,10.1002/pssr.202000524,HfZrOx,2.0,0.3010299956639812,0,0,ANALOG,NOT_REPORTED,normalized_from_ratio,IDEALIZED_SINGLE_PAIR_ANALOG,IDEALIZED_ANALOG_MAPPING,64,4,15,0,2,6,203264,56,64,3584,95.27,0.960000000000008,95.67080234920634,0.13941481491679922,95.53138753428954,0.4008023492063444,0.4008023492063444,False,LEAVE_ONE_FAMILY_OUT,HfZrOx,HfZrOx_01,10.1002/pssr.202000524,HfZrOx,8,6,4,False
HfZrOx_01,10.1002/pssr.202000524,HfZrOx,2.0,0.3010299956639812,0,0,ANALOG,NOT_REPORTED,normalized_from_ratio,IDEALIZED_SINGLE_PAIR_ANALOG,IDEALIZED_ANALOG_MAPPING,64,5,31,0,2,6,203264,56,64,3584,95.22,1.0100000000000051,95.67480749206348,0.14031122067372367,95.53449627138976,0.45480749206348037,0.45480749206348037,False,LEAVE_ONE_FAMILY_OUT,HfZrOx,HfZrOx_01,10.1002/pssr.202000524,HfZrOx,8,6,4,False
HfZrOx_01,10.1002/pssr.202000524,HfZrOx,2.0,0.3010299956639812,0,0,ANALOG,NOT_REPORTED,normalized_from_ratio,IDEALIZED_SINGLE_PAIR_ANALOG,IDEALIZED_ANALOG_MAPPING,16,8,255,0,2,5,203264,800,32,25600,95.13,1.1000000000000083,95.45298688095238,0.15473217480358,95.2982547061488,0.32298688095238504,0.32298688095238504,False,LEAVE_ONE_FAMILY_OUT,HfZrOx,HfZrOx_01,10.1002/pssr.202000524,HfZrOx,8,6,4,False
HfZrOx_01,10.1002/pssr.202000524,HfZrOx,2.0,0.3010299956639812,0,0,ANALOG,NOT_REPORTED,normalized_from_ratio,IDEALIZED_SINGLE_PAIR_ANALOG,IDEALIZED_ANALOG_MAPPING,16,4,15,0,2,5,203264,800,32,25600,94.94,1.2900000000000065,95.33921734126983,0.22221081804874432,95.11700652322108,0.3992173412698321,0.3992173412698321,False,LEAVE_ONE_FAMILY_OUT,HfZrOx,HfZrOx_01,10.1002/pssr.202000524,HfZrOx,8,6,4,False
HfZrOx_01,10.1002/pssr.202000524,HfZrOx,2.0,0.3010299956639812,0,0,ANALOG,NOT_REPORTED,normalized_from_ratio,IDEALIZED_SINGLE_PAIR_ANALOG,IDEALIZED_ANALOG_MAPPING,16,5,31,0,2,5,203264,800,32,25600,94.87,1.3599999999999994,95.33923900793651,0.22128968143616468,95.11794932650035,0.4692390079365083,0.4692390079365083,False,LEAVE_ONE_FAMILY_OUT,HfZrOx,HfZrOx_01,10.1002/pssr.202000524,HfZrOx,8,6,4,False
HfZrOx_01,10.1002/pssr.202000524,HfZrOx,2.0,0.3010299956639812,0,0,ANALOG,NOT_REPORTED,normalized_from_ratio,IDEALIZED_SINGLE_PAIR_ANALOG,IDEALIZED_ANALOG_MAPPING,128,7,127,0,2,6,203264,16,64,1024,94.62,1.6099999999999994,94.79122842063491,0.13275235641713576,94.65847606421778,0.17122842063490396,0.17122842063490396,False,LEAVE_ONE_FAMILY_OUT,HfZrOx,HfZrOx_01,10.1002/pssr.202000524,HfZrOx,8,6,4,False
HfZrOx_01,10.1002/pssr.202000524,HfZrOx,2.0,0.3010299956639812,0,0,ANALOG,NOT_REPORTED,normalized_from_ratio,IDEALIZED_SINGLE_PAIR_ANALOG,IDEALIZED_ANALOG_MAPPING,128,8,255,0,2,6,203264,16,64,1024,94.5,1.730000000000004,94.79036442063493,0.13296390778869155,94.65740051284624,0.29036442063492984,0.29036442063492984,False,LEAVE_ONE_FAMILY_OUT,HfZrOx,HfZrOx_01,10.1002/pssr.202000524,HfZrOx,8,6,4,False
HfZrOx_01,10.1002/pssr.202000524,HfZrOx,2.0,0.3010299956639812,0,0,ANALOG,NOT_REPORTED,normalized_from_ratio,IDEALIZED_SINGLE_PAIR_ANALOG,IDEALIZED_ANALOG_MAPPING,128,6,63,0,2,6,203264,16,64,1024,94.49,1.740000000000009,94.760140515873,0.12479500152050928,94.6353455143525,0.2701405158730097,0.2701405158730097,False,LEAVE_ONE_FAMILY_OUT,HfZrOx,HfZrOx_01,10.1002/pssr.202000524,HfZrOx,8,6,4,False
HfZrOx_01,10.1002/pssr.202000524,HfZrOx,2.0,0.3010299956639812,0,0,ANALOG,NOT_REPORTED,normalized_from_ratio,IDEALIZED_SINGLE_PAIR_ANALOG,IDEALIZED_ANALOG_MAPPING,128,4,15,0,2,6,203264,16,64,1024,94.4,1.8299999999999983,94.75200443650792,0.11879809596949202,94.63320634053842,0.3520044365079116,0.3520044365079116,False,LEAVE_ONE_FAMILY_OUT,HfZrOx,HfZrOx_01,10.1002/pssr.202000524,HfZrOx,8,6,4,False
HfZrOx_01,10.1002/pssr.202000524,HfZrOx,2.0,0.3010299956639812,0,0,ANALOG,NOT_REPORTED,normalized_from_ratio,IDEALIZED_SINGLE_PAIR_ANALOG,IDEALIZED_ANALOG_MAPPING,32,7,127,0,2,5,203264,208,32,6656,94.32,1.9100000000000108,95.22358703968254,0.21036251281807186,95.01322452686448,0.9035870396825487,0.9035870396825487,False,LEAVE_ONE_FAMILY_OUT,HfZrOx,HfZrOx_01,10.1002/pssr.202000524,HfZrOx,8,6,4,False
HfZrOx_01,10.1002/pssr.202000524,HfZrOx,2.0,0.3010299956639812,0,0,ANALOG,NOT_REPORTED,normalized_from_ratio,IDEALIZED_SINGLE_PAIR_ANALOG,IDEALIZED_ANALOG_MAPPING,128,5,31,0,2,6,203264,16,64,1024,94.3,1.9300000000000068,94.75280943650793,0.11999709631816945,94.63281234018976,0.45280943650793404,0.45280943650793404,False,LEAVE_ONE_FAMILY_OUT,HfZrOx,HfZrOx_01,10.1002/pssr.202000524,HfZrOx,8,6,4,False
HfZrOx_01,10.1002/pssr.202000524,HfZrOx,2.0,0.3010299956639812,0,0,ANALOG,NOT_REPORTED,normalized_from_ratio,IDEALIZED_SINGLE_PAIR_ANALOG,IDEALIZED_ANALOG_MAPPING,32,4,15,0,2,5,203264,208,32,6656,94.3,1.9300000000000068,95.12502152380952,0.2190878851964016,94.90593363861312,0.8250215238095251,0.8250215238095251,False,LEAVE_ONE_FAMILY_OUT,HfZrOx,HfZrOx_01,10.1002/pssr.202000524,HfZrOx,8,6,4,False
HfZrOx_01,10.1002/pssr.202000524,HfZrOx,2.0,0.3010299956639812,0,0,ANALOG,NOT_REPORTED,normalized_from_ratio,IDEALIZED_SINGLE_PAIR_ANALOG,IDEALIZED_ANALOG_MAPPING,32,8,255,0,2,5,203264,208,32,6656,94.28,1.9500000000000028,95.22331270634922,0.21640545021444635,95.00690725613477,0.9433127063492179,0.9433127063492179,False,LEAVE_ONE_FAMILY_OUT,HfZrOx,HfZrOx_01,10.1002/pssr.202000524,HfZrOx,8,6,4,False
HfZrOx_01,10.1002/pssr.202000524,HfZrOx,2.0,0.3010299956639812,0,0,ANALOG,NOT_REPORTED,normalized_from_ratio,IDEALIZED_SINGLE_PAIR_ANALOG,IDEALIZED_ANALOG_MAPPING,32,6,63,0,2,5,203264,208,32,6656,94.23,2.0,95.19492491269843,0.22488664527629976,94.97003826742213,0.9649249126984216,0.9649249126984216,False,LEAVE_ONE_FAMILY_OUT,HfZrOx,HfZrOx_01,10.1002/pssr.202000524,HfZrOx,8,6,4,False
HfZrOx_01,10.1002/pssr.202000524,HfZrOx,2.0,0.3010299956639812,0,0,ANALOG,NOT_REPORTED,normalized_from_ratio,IDEALIZED_SINGLE_PAIR_ANALOG,IDEALIZED_ANALOG_MAPPING,256,7,127,0,2,6,203264,10,64,640,94.02,2.210000000000008,94.38775326984127,0.11729733975285614,94.27045593008842,0.3677532698412733,0.3677532698412733,False,LEAVE_ONE_FAMILY_OUT,HfZrOx,HfZrOx_01,10.1002/pssr.202000524,HfZrOx,8,6,4,False
HfZrOx_01,10.1002/pssr.202000524,HfZrOx,2.0,0.3010299956639812,0,0,ANALOG,NOT_REPORTED,normalized_from_ratio,IDEALIZED_SINGLE_PAIR_ANALOG,IDEALIZED_ANALOG_MAPPING,256,6,63,0,2,6,203264,10,64,640,93.9,2.3299999999999983,94.40281926984127,0.10962605941229511,94.29319321042898,0.5028192698412681,0.5028192698412681,False,LEAVE_ONE_FAMILY_OUT,HfZrOx,HfZrOx_01,10.1002/pssr.202000524,HfZrOx,8,6,4,False
HfZrOx_01,10.1002/pssr.202000524,HfZrOx,2.0,0.3010299956639812,0,0,ANALOG,NOT_REPORTED,normalized_from_ratio,IDEALIZED_SINGLE_PAIR_ANALOG,IDEALIZED_ANALOG_MAPPING,32,5,31,0,2,5,203264,208,32,6656,93.84,2.390000000000001,95.12083452380953,0.22991761976092745,94.89091690404861,1.2808345238095313,1.2808345238095313,False,LEAVE_ONE_FAMILY_OUT,HfZrOx,HfZrOx_01,10.1002/pssr.202000524,HfZrOx,8,6,4,False
HfZrOx_01,10.1002/pssr.202000524,HfZrOx,2.0,0.3010299956639812,0,0,ANALOG,NOT_REPORTED,normalized_from_ratio,IDEALIZED_SINGLE_PAIR_ANALOG,IDEALIZED_ANALOG_MAPPING,256,8,255,0,2,6,203264,10,64,640,93.83,2.4000000000000057,94.38688926984128,0.11452631264531625,94.27236295719597,0.5568892698412782,0.5568892698412782,False,LEAVE_ONE_FAMILY_OUT,HfZrOx,HfZrOx_01,10.1002/pssr.202000524,HfZrOx,8,6,4,False
HfZrOx_01,10.1002/pssr.202000524,HfZrOx,2.0,0.3010299956639812,0,0,ANALOG,NOT_REPORTED,normalized_from_ratio,IDEALIZED_SINGLE_PAIR_ANALOG,IDEALIZED_ANALOG_MAPPING,256,4,15,0,2,6,203264,10,64,640,93.82,2.410000000000011,94.40391963492063,0.09416592865578263,94.30975370626484,0.5839196349206333,0.5839196349206333,False,LEAVE_ONE_FAMILY_OUT,HfZrOx,HfZrOx_01,10.1002/pssr.202000524,HfZrOx,8,6,4,False
HfZrOx_01,10.1002/pssr.202000524,HfZrOx,2.0,0.3010299956639812,0,0,ANALOG,NOT_REPORTED,normalized_from_ratio,IDEALIZED_SINGLE_PAIR_ANALOG,IDEALIZED_ANALOG_MAPPING,256,5,31,0,2,6,203264,10,64,640,93.75,2.480000000000004,94.40472463492064,0.0985650914279313,94.30615954349271,0.6547246349206404,0.6547246349206404,False,LEAVE_ONE_FAMILY_OUT,HfZrOx,HfZrOx_01,10.1002/pssr.202000524,HfZrOx,8,6,4,False
HfZrOx_01,10.1002/pssr.202000524,HfZrOx,2.0,0.3010299956639812,0,0,ANALOG,NOT_REPORTED,normalized_from_ratio,IDEALIZED_SINGLE_PAIR_ANALOG,IDEALIZED_ANALOG_MAPPING,64,8,255,0,2,5,203264,56,32,1792,92.77,3.460000000000008,93.39930420634921,0.6208302789445279,92.77847392740469,0.629304206349218,0.629304206349218,False,LEAVE_ONE_FAMILY_OUT,HfZrOx,HfZrOx_01,10.1002/pssr.202000524,HfZrOx,8,6,4,False
HfZrOx_01,10.1002/pssr.202000524,HfZrOx,2.0,0.3010299956639812,0,0,ANALOG,NOT_REPORTED,normalized_from_ratio,IDEALIZED_SINGLE_PAIR_ANALOG,IDEALIZED_ANALOG_MAPPING,64,6,63,0,2,5,203264,56,32,1792,92.65,3.5799999999999983,93.42358844444443,0.6778754825576927,92.74571296188674,0.7735884444444281,0.7735884444444281,False,LEAVE_ONE_FAMILY_OUT,HfZrOx,HfZrOx_01,10.1002/pssr.202000524,HfZrOx,8,6,4,False
HfZrOx_01,10.1002/pssr.202000524,HfZrOx,2.0,0.3010299956639812,0,0,ANALOG,NOT_REPORTED,normalized_from_ratio,IDEALIZED_SINGLE_PAIR_ANALOG,IDEALIZED_ANALOG_MAPPING,64,7,127,0,2,5,203264,56,32,1792,92.46,3.77000000000001,93.40406182539682,0.6503703507806646,92.75369147461616,0.9440618253968296,0.9440618253968296,False,LEAVE_ONE_FAMILY_OUT,HfZrOx,HfZrOx_01,10.1002/pssr.202000524,HfZrOx,8,6,4,False
HfZrOx_01,10.1002/pssr.202000524,HfZrOx,2.0,0.3010299956639812,0,0,ANALOG,NOT_REPORTED,normalized_from_ratio,IDEALIZED_SINGLE_PAIR_ANALOG,IDEALIZED_ANALOG_MAPPING,64,4,15,0,2,5,203264,56,32,1792,92.28,3.950000000000003,93.39818996825396,0.6495182106644435,92.74867175758952,1.118189968253958,1.118189968253958,False,LEAVE_ONE_FAMILY_OUT,HfZrOx,HfZrOx_01,10.1002/pssr.202000524,HfZrOx,8,6,4,False
HfZrOx_01,10.1002/pssr.202000524,HfZrOx,2.0,0.3010299956639812,0,0,ANALOG,NOT_REPORTED,normalized_from_ratio,IDEALIZED_SINGLE_PAIR_ANALOG,IDEALIZED_ANALOG_MAPPING,256,3,7,0,2,10,203264,10,1024,10240,92.25,3.980000000000004,92.25844404761905,0.04740072734713174,92.21104332027191,0.00844404761905082,0.00844404761905082,False,LEAVE_ONE_FAMILY_OUT,HfZrOx,HfZrOx_01,10.1002/pssr.202000524,HfZrOx,8,6,4,False
HfZrOx_01,10.1002/pssr.202000524,HfZrOx,2.0,0.3010299956639812,0,0,ANALOG,NOT_REPORTED,normalized_from_ratio,IDEALIZED_SINGLE_PAIR_ANALOG,IDEALIZED_ANALOG_MAPPING,32,3,7,0,2,9,203264,208,512,106496,92.24,3.990000000000009,92.24715939682538,0.02550020320146041,92.22165919362392,0.007159396825386466,0.007159396825386466,False,LEAVE_ONE_FAMILY_OUT,HfZrOx,HfZrOx_01,10.1002/pssr.202000524,HfZrOx,8,6,4,False
HfZrOx_01,10.1002/pssr.202000524,HfZrOx,2.0,0.3010299956639812,0,0,ANALOG,NOT_REPORTED,normalized_from_ratio,IDEALIZED_SINGLE_PAIR_ANALOG,IDEALIZED_ANALOG_MAPPING,256,3,7,0,2,9,203264,10,512,5120,92.23,4.0,92.2735445,0.04735662688444756,92.22618787311555,0.04354449999999588,0.04354449999999588,False,LEAVE_ONE_FAMILY_OUT,HfZrOx,HfZrOx_01,10.1002/pssr.202000524,HfZrOx,8,6,4,False
HfZrOx_01,10.1002/pssr.202000524,HfZrOx,2.0,0.3010299956639812,0,0,ANALOG,NOT_REPORTED,normalized_from_ratio,IDEALIZED_SINGLE_PAIR_ANALOG,IDEALIZED_ANALOG_MAPPING,64,3,7,0,2,10,203264,56,1024,57344,92.23,4.0,92.21330943650794,0.022991553728215593,92.19031788277972,-0.016690563492062438,0.016690563492062438,False,LEAVE_ONE_FAMILY_OUT,HfZrOx,HfZrOx_01,10.1002/pssr.202000524,HfZrOx,8,6,4,False
HfZrOx_01,10.1002/pssr.202000524,HfZrOx,2.0,0.3010299956639812,0,0,ANALOG,NOT_REPORTED,normalized_from_ratio,IDEALIZED_SINGLE_PAIR_ANALOG,IDEALIZED_ANALOG_MAPPING,64,3,7,0,2,9,203264,56,512,28672,92.23,4.0,92.22836621428573,0.032757971876696254,92.19560824240904,-0.0016337857142758594,0.0016337857142758594,False,LEAVE_ONE_FAMILY_OUT,HfZrOx,HfZrOx_01,10.1002/pssr.202000524,HfZrOx,8,6,4,False
HfZrOx_01,10.1002/pssr.202000524,HfZrOx,2.0,0.3010299956639812,0,0,ANALOG,NOT_REPORTED,normalized_from_ratio,IDEALIZED_SINGLE_PAIR_ANALOG,IDEALIZED_ANALOG_MAPPING,16,3,7,0,2,9,203264,800,512,409600,92.22,4.010000000000005,92.23748628571428,0.02525051964791574,92.21223576606637,0.017486285714284122,0.017486285714284122,False,LEAVE_ONE_FAMILY_OUT,HfZrOx,HfZrOx_01,10.1002/pssr.202000524,HfZrOx,8,6,4,False
HfZrOx_01,10.1002/pssr.202000524,HfZrOx,2.0,0.3010299956639812,0,0,ANALOG,NOT_REPORTED,normalized_from_ratio,IDEALIZED_SINGLE_PAIR_ANALOG,IDEALIZED_ANALOG_MAPPING,32,3,7,0,2,10,203264,208,1024,212992,92.22,4.010000000000005,92.2328425,0.023093854363308384,92.2097486456367,0.012842500000004975,0.012842500000004975,False,LEAVE_ONE_FAMILY_OUT,HfZrOx,HfZrOx_01,10.1002/pssr.202000524,HfZrOx,8,6,4,False
HfZrOx_01,10.1002/pssr.202000524,HfZrOx,2.0,0.3010299956639812,0,0,ANALOG,NOT_REPORTED,normalized_from_ratio,IDEALIZED_SINGLE_PAIR_ANALOG,IDEALIZED_ANALOG_MAPPING,128,3,7,0,2,10,203264,16,1024,16384,92.22,4.010000000000005,92.22316465873017,0.04165812241928584,92.18150653631088,0.0031646587301707996,0.0031646587301707996,False,LEAVE_ONE_FAMILY_OUT,HfZrOx,HfZrOx_01,10.1002/pssr.202000524,HfZrOx,8,6,4,False
HfZrOx_01,10.1002/pssr.202000524,HfZrOx,2.0,0.3010299956639812,0,0,ANALOG,NOT_REPORTED,normalized_from_ratio,IDEALIZED_SINGLE_PAIR_ANALOG,IDEALIZED_ANALOG_MAPPING,16,3,7,0,2,10,203264,800,1024,819200,92.22,4.010000000000005,92.22376515079365,0.02248605841144733,92.20127909238221,0.0037651507936544704,0.0037651507936544704,False,LEAVE_ONE_FAMILY_OUT,HfZrOx,HfZrOx_01,10.1002/pssr.202000524,HfZrOx,8,6,4,False
HfZrOx_01,10.1002/pssr.202000524,HfZrOx,2.0,0.3010299956639812,0,0,ANALOG,NOT_REPORTED,normalized_from_ratio,IDEALIZED_SINGLE_PAIR_ANALOG,IDEALIZED_ANALOG_MAPPING,16,3,7,0,2,8,203264,800,256,204800,92.14,4.090000000000003,92.14304500793651,0.05908469274698107,92.08396031518953,0.0030450079365067495,0.0030450079365067495,False,LEAVE_ONE_FAMILY_OUT,HfZrOx,HfZrOx_01,10.1002/pssr.202000524,HfZrOx,8,6,4,False
HfZrOx_01,10.1002/pssr.202000524,HfZrOx,2.0,0.3010299956639812,0,0,ANALOG,NOT_REPORTED,normalized_from_ratio,IDEALIZED_SINGLE_PAIR_ANALOG,IDEALIZED_ANALOG_MAPPING,128,3,7,0,2,9,203264,16,512,8192,92.08,4.150000000000006,92.2541683095238,0.04918383561978669,92.20498447390402,0.17416830952380735,0.17416830952380735,False,LEAVE_ONE_FAMILY_OUT,HfZrOx,HfZrOx_01,10.1002/pssr.202000524,HfZrOx,8,6,4,False
HfZrOx_01,10.1002/pssr.202000524,HfZrOx,2.0,0.3010299956639812,0,0,ANALOG,NOT_REPORTED,normalized_from_ratio,IDEALIZED_SINGLE_PAIR_ANALOG,IDEALIZED_ANALOG_MAPPING,32,3,7,0,2,8,203264,208,256,53248,92.08,4.150000000000006,92.13887655555556,0.06596382959190754,92.07291272596365,0.05887655555555682,0.05887655555555682,False,LEAVE_ONE_FAMILY_OUT,HfZrOx,HfZrOx_01,10.1002/pssr.202000524,HfZrOx,8,6,4,False
HfZrOx_01,10.1002/pssr.202000524,HfZrOx,2.0,0.3010299956639812,0,0,ANALOG,NOT_REPORTED,normalized_from_ratio,IDEALIZED_SINGLE_PAIR_ANALOG,IDEALIZED_ANALOG_MAPPING,64,3,7,0,2,8,203264,56,256,14336,92.07,4.160000000000011,92.16643815079367,0.06915114496694896,92.09728700582671,0.09643815079367357,0.09643815079367357,False,LEAVE_ONE_FAMILY_OUT,HfZrOx,HfZrOx_01,10.1002/pssr.202000524,HfZrOx,8,6,4,False
HfZrOx_01,10.1002/pssr.202000524,HfZrOx,2.0,0.3010299956639812,0,0,ANALOG,NOT_REPORTED,normalized_from_ratio,IDEALIZED_SINGLE_PAIR_ANALOG,IDEALIZED_ANALOG_MAPPING,16,3,7,0,2,7,203264,800,128,102400,92.06,4.170000000000002,91.9814161984127,0.1328240417501156,91.84859215666259,-0.07858380158729972,0.07858380158729972,False,LEAVE_ONE_FAMILY_OUT,HfZrOx,HfZrOx_01,10.1002/pssr.202000524,HfZrOx,8,6,4,False
HfZrOx_01,10.1002/pssr.202000524,HfZrOx,2.0,0.3010299956639812,0,0,ANALOG,NOT_REPORTED,normalized_from_ratio,IDEALIZED_SINGLE_PAIR_ANALOG,IDEALIZED_ANALOG_MAPPING,64,5,31,0,2,5,203264,56,32,1792,91.99,4.240000000000009,93.3954823015873,0.6447042936167146,92.75077800797058,1.4054823015872984,1.4054823015872984,False,LEAVE_ONE_FAMILY_OUT,HfZrOx,HfZrOx_01,10.1002/pssr.202000524,HfZrOx,8,6,4,False
HfZrOx_01,10.1002/pssr.202000524,HfZrOx,2.0,0.3010299956639812,0,0,ANALOG,NOT_REPORTED,normalized_from_ratio,IDEALIZED_SINGLE_PAIR_ANALOG,IDEALIZED_ANALOG_MAPPING,256,3,7,0,2,8,203264,10,256,2560,91.95,4.280000000000001,92.13195627777779,0.10873474690978298,92.023221530868,0.1819562777777861,0.1819562777777861,False,LEAVE_ONE_FAMILY_OUT,HfZrOx,HfZrOx_01,10.1002/pssr.202000524,HfZrOx,8,6,4,False
HfZrOx_01,10.1002/pssr.202000524,HfZrOx,2.0,0.3010299956639812,0,0,ANALOG,NOT_REPORTED,normalized_from_ratio,IDEALIZED_SINGLE_PAIR_ANALOG,IDEALIZED_ANALOG_MAPPING,128,3,7,0,2,8,203264,16,256,4096,91.9,4.329999999999998,92.13729284920633,0.08722921576733814,92.050063633439,0.23729284920632665,0.23729284920632665,False,LEAVE_ONE_FAMILY_OUT,HfZrOx,HfZrOx_01,10.1002/pssr.202000524,HfZrOx,8,6,4,False
HfZrOx_01,10.1002/pssr.202000524,HfZrOx,2.0,0.3010299956639812,0,0,ANALOG,NOT_REPORTED,normalized_from_ratio,IDEALIZED_SINGLE_PAIR_ANALOG,IDEALIZED_ANALOG_MAPPING,32,3,7,0,2,7,203264,208,128,26624,91.79,4.439999999999998,91.94304458730159,0.13305781693786123,91.80998677036372,0.15304458730157933,0.15304458730157933,False,LEAVE_ONE_FAMILY_OUT,HfZrOx,HfZrOx_01,10.1002/pssr.202000524,HfZrOx,8,6,4,False
HfZrOx_01,10.1002/pssr.202000524,HfZrOx,2.0,0.3010299956639812,0,0,ANALOG,NOT_REPORTED,normalized_from_ratio,IDEALIZED_SINGLE_PAIR_ANALOG,IDEALIZED_ANALOG_MAPPING,16,3,7,0,2,6,203264,800,64,51200,91.66,4.570000000000007,91.37059187301587,0.4513410115785358,90.91925086143733,-0.289408126984128,0.289408126984128,False,LEAVE_ONE_FAMILY_OUT,HfZrOx,HfZrOx_01,10.1002/pssr.202000524,HfZrOx,8,6,4,False
HfZrOx_01,10.1002/pssr.202000524,HfZrOx,2.0,0.3010299956639812,0,0,ANALOG,NOT_REPORTED,normalized_from_ratio,IDEALIZED_SINGLE_PAIR_ANALOG,IDEALIZED_ANALOG_MAPPING,256,3,7,0,2,7,203264,10,128,1280,91.56,4.670000000000002,91.65006702380953,0.18172287117616137,91.46834415263336,0.09006702380952447,0.09006702380952447,False,LEAVE_ONE_FAMILY_OUT,HfZrOx,HfZrOx_01,10.1002/pssr.202000524,HfZrOx,8,6,4,False
HfZrOx_01,10.1002/pssr.202000524,HfZrOx,2.0,0.3010299956639812,0,0,ANALOG,NOT_REPORTED,normalized_from_ratio,IDEALIZED_SINGLE_PAIR_ANALOG,IDEALIZED_ANALOG_MAPPING,128,3,7,0,2,7,203264,16,128,2048,91.45,4.780000000000001,91.73990586507938,0.149686147912925,91.59021971716645,0.2899058650793762,0.2899058650793762,False,LEAVE_ONE_FAMILY_OUT,HfZrOx,HfZrOx_01,10.1002/pssr.202000524,HfZrOx,8,6,4,False
HfZrOx_01,10.1002/pssr.202000524,HfZrOx,2.0,0.3010299956639812,0,0,ANALOG,NOT_REPORTED,normalized_from_ratio,IDEALIZED_SINGLE_PAIR_ANALOG,IDEALIZED_ANALOG_MAPPING,64,3,7,0,2,7,203264,56,128,7168,91.43,4.799999999999997,91.85751062698412,0.13037005996795617,91.72714056701616,0.427510626984116,0.427510626984116,False,LEAVE_ONE_FAMILY_OUT,HfZrOx,HfZrOx_01,10.1002/pssr.202000524,HfZrOx,8,6,4,False
HfZrOx_01,10.1002/pssr.202000524,HfZrOx,2.0,0.3010299956639812,0,0,ANALOG,NOT_REPORTED,normalized_from_ratio,IDEALIZED_SINGLE_PAIR_ANALOG,IDEALIZED_ANALOG_MAPPING,32,3,7,0,2,6,203264,208,64,13312,90.92,5.310000000000002,91.25894603968254,0.43151422235285314,90.82743181732968,0.3389460396825399,0.3389460396825399,False,LEAVE_ONE_FAMILY_OUT,HfZrOx,HfZrOx_01,10.1002/pssr.202000524,HfZrOx,8,6,4,False
HfZrOx_01,10.1002/pssr.202000524,HfZrOx,2.0,0.3010299956639812,0,0,ANALOG,NOT_REPORTED,normalized_from_ratio,IDEALIZED_SINGLE_PAIR_ANALOG,IDEALIZED_ANALOG_MAPPING,64,3,7,0,2,6,203264,56,64,3584,89.65,6.579999999999998,90.6729982936508,0.6007542563212541,90.07224403732955,1.0229982936508009,1.0229982936508009,False,LEAVE_ONE_FAMILY_OUT,HfZrOx,HfZrOx_01,10.1002/pssr.202000524,HfZrOx,8,6,4,False
HfZrOx_01,10.1002/pssr.202000524,HfZrOx,2.0,0.3010299956639812,0,0,ANALOG,NOT_REPORTED,normalized_from_ratio,IDEALIZED_SINGLE_PAIR_ANALOG,IDEALIZED_ANALOG_MAPPING,16,3,7,0,2,5,203264,800,32,25600,89.46,6.77000000000001,88.4249807077922,2.3036268531744506,86.12135385461775,-1.0350192922077923,1.0350192922077923,False,LEAVE_ONE_FAMILY_OUT,HfZrOx,HfZrOx_01,10.1002/pssr.202000524,HfZrOx,8,6,4,False
HfZrOx_01,10.1002/pssr.202000524,HfZrOx,2.0,0.3010299956639812,0,0,ANALOG,NOT_REPORTED,normalized_from_ratio,IDEALIZED_SINGLE_PAIR_ANALOG,IDEALIZED_ANALOG_MAPPING,128,6,63,0,2,5,203264,16,32,512,89.24,6.990000000000009,90.05472878571427,0.7932685604887253,89.26146022522555,0.81472878571428,0.81472878571428,False,LEAVE_ONE_FAMILY_OUT,HfZrOx,HfZrOx_01,10.1002/pssr.202000524,HfZrOx,8,6,4,False
HfZrOx_01,10.1002/pssr.202000524,HfZrOx,2.0,0.3010299956639812,0,0,ANALOG,NOT_REPORTED,normalized_from_ratio,IDEALIZED_SINGLE_PAIR_ANALOG,IDEALIZED_ANALOG_MAPPING,128,8,255,0,2,5,203264,16,32,512,89.2,7.030000000000001,90.09252796031747,0.7603095064387572,89.33221845387871,0.8925279603174658,0.8925279603174658,False,LEAVE_ONE_FAMILY_OUT,HfZrOx,HfZrOx_01,10.1002/pssr.202000524,HfZrOx,8,6,4,False
HfZrOx_01,10.1002/pssr.202000524,HfZrOx,2.0,0.3010299956639812,0,0,ANALOG,NOT_REPORTED,normalized_from_ratio,IDEALIZED_SINGLE_PAIR_ANALOG,IDEALIZED_ANALOG_MAPPING,128,7,127,0,2,5,203264,16,32,512,89.19,7.040000000000006,90.07652024603175,0.7960109477083418,89.28050929832341,0.8865202460317505,0.8865202460317505,False,LEAVE_ONE_FAMILY_OUT,HfZrOx,HfZrOx_01,10.1002/pssr.202000524,HfZrOx,8,6,4,False
HfZrOx_01,10.1002/pssr.202000524,HfZrOx,2.0,0.3010299956639812,0,0,ANALOG,NOT_REPORTED,normalized_from_ratio,IDEALIZED_SINGLE_PAIR_ANALOG,IDEALIZED_ANALOG_MAPPING,128,5,31,0,2,5,203264,16,32,512,88.95,7.280000000000001,89.95869119841271,0.9366059586570659,89.02208523975564,1.0086911984127056,1.0086911984127056,False,LEAVE_ONE_FAMILY_OUT,HfZrOx,HfZrOx_01,10.1002/pssr.202000524,HfZrOx,8,6,4,False
HfZrOx_01,10.1002/pssr.202000524,HfZrOx,2.0,0.3010299956639812,0,0,ANALOG,NOT_REPORTED,normalized_from_ratio,IDEALIZED_SINGLE_PAIR_ANALOG,IDEALIZED_ANALOG_MAPPING,128,4,15,0,2,5,203264,16,32,512,88.74,7.490000000000009,89.91490553174603,1.144641994346773,88.77026353739926,1.1749055317460346,1.1749055317460346,False,LEAVE_ONE_FAMILY_OUT,HfZrOx,HfZrOx_01,10.1002/pssr.202000524,HfZrOx,8,6,4,False
HfZrOx_01,10.1002/pssr.202000524,HfZrOx,2.0,0.3010299956639812,0,0,ANALOG,NOT_REPORTED,normalized_from_ratio,IDEALIZED_SINGLE_PAIR_ANALOG,IDEALIZED_ANALOG_MAPPING,256,3,7,0,2,6,203264,10,64,640,88.14,8.090000000000003,89.55989107936507,0.8908802012162993,88.66901087814877,1.4198910793650725,1.4198910793650725,False,LEAVE_ONE_FAMILY_OUT,HfZrOx,HfZrOx_01,10.1002/pssr.202000524,HfZrOx,8,6,4,False
HfZrOx_01,10.1002/pssr.202000524,HfZrOx,2.0,0.3010299956639812,0,0,ANALOG,NOT_REPORTED,normalized_from_ratio,IDEALIZED_SINGLE_PAIR_ANALOG,IDEALIZED_ANALOG_MAPPING,128,3,7,0,2,6,203264,16,64,1024,88.03,8.200000000000003,89.79229365079365,0.8575932785392937,88.93470037225435,1.7622936507936515,1.7622936507936515,False,LEAVE_ONE_FAMILY_OUT,HfZrOx,HfZrOx_01,10.1002/pssr.202000524,HfZrOx,8,6,4,False
HfZrOx_01,10.1002/pssr.202000524,HfZrOx,2.0,0.3010299956639812,0,0,ANALOG,NOT_REPORTED,normalized_from_ratio,IDEALIZED_SINGLE_PAIR_ANALOG,IDEALIZED_ANALOG_MAPPING,32,3,7,0,2,5,203264,208,32,6656,86.61,9.620000000000005,88.03049469191919,2.294899855878922,85.73559483604026,1.4204946919191883,1.4204946919191883,False,LEAVE_ONE_FAMILY_OUT,HfZrOx,HfZrOx_01,10.1002/pssr.202000524,HfZrOx,8,6,4,False
HfZrOx_01,10.1002/pssr.202000524,HfZrOx,2.0,0.3010299956639812,0,0,ANALOG,NOT_REPORTED,normalized_from_ratio,IDEALIZED_SINGLE_PAIR_ANALOG,IDEALIZED_ANALOG_MAPPING,256,4,15,0,2,5,203264,10,32,320,84.08,12.150000000000006,87.37248652380953,1.0689472232934285,86.30353930051609,3.2924865238095293,3.2924865238095293,False,LEAVE_ONE_FAMILY_OUT,HfZrOx,HfZrOx_01,10.1002/pssr.202000524,HfZrOx,8,6,4,False
HfZrOx_01,10.1002/pssr.202000524,HfZrOx,2.0,0.3010299956639812,0,0,ANALOG,NOT_REPORTED,normalized_from_ratio,IDEALIZED_SINGLE_PAIR_ANALOG,IDEALIZED_ANALOG_MAPPING,256,8,255,0,2,5,203264,10,32,320,83.7,12.53,87.6052746031746,0.9204351051810842,86.68483949799352,3.905274603174604,3.905274603174604,False,LEAVE_ONE_FAMILY_OUT,HfZrOx,HfZrOx_01,10.1002/pssr.202000524,HfZrOx,8,6,4,False
HfZrOx_01,10.1002/pssr.202000524,HfZrOx,2.0,0.3010299956639812,0,0,ANALOG,NOT_REPORTED,normalized_from_ratio,IDEALIZED_SINGLE_PAIR_ANALOG,IDEALIZED_ANALOG_MAPPING,256,6,63,0,2,5,203264,10,32,320,83.63,12.600000000000009,87.57424855555556,0.9115058496052738,86.66274270595028,3.9442485555555606,3.9442485555555606,False,LEAVE_ONE_FAMILY_OUT,HfZrOx,HfZrOx_01,10.1002/pssr.202000524,HfZrOx,8,6,4,False
HfZrOx_01,10.1002/pssr.202000524,HfZrOx,2.0,0.3010299956639812,0,0,ANALOG,NOT_REPORTED,normalized_from_ratio,IDEALIZED_SINGLE_PAIR_ANALOG,IDEALIZED_ANALOG_MAPPING,256,7,127,0,2,5,203264,10,32,320,83.62,12.61,87.59283260317461,0.9206048916582878,86.67222771151633,3.9728326031746093,3.9728326031746093,False,LEAVE_ONE_FAMILY_OUT,HfZrOx,HfZrOx_01,10.1002/pssr.202000524,HfZrOx,8,6,4,False
HfZrOx_01,10.1002/pssr.202000524,HfZrOx,2.0,0.3010299956639812,0,0,ANALOG,NOT_REPORTED,normalized_from_ratio,IDEALIZED_SINGLE_PAIR_ANALOG,IDEALIZED_ANALOG_MAPPING,256,5,31,0,2,5,203264,10,32,320,83.15,13.079999999999998,87.4106601904762,0.9572607569641326,86.45339943351206,4.260660190476187,4.260660190476187,False,LEAVE_ONE_FAMILY_OUT,HfZrOx,HfZrOx_01,10.1002/pssr.202000524,HfZrOx,8,6,4,False
HfZrOx_01,10.1002/pssr.202000524,HfZrOx,2.0,0.3010299956639812,0,0,ANALOG,NOT_REPORTED,normalized_from_ratio,IDEALIZED_SINGLE_PAIR_ANALOG,IDEALIZED_ANALOG_MAPPING,64,3,7,0,2,5,203264,56,32,1792,82.56,13.670000000000002,85.41683274603174,3.00528180544901,82.41155094058273,2.856832746031742,2.856832746031742,False,LEAVE_ONE_FAMILY_OUT,HfZrOx,HfZrOx_01,10.1002/pssr.202000524,HfZrOx,8,6,4,False
HfZrOx_01,10.1002/pssr.202000524,HfZrOx,2.0,0.3010299956639812,0,0,ANALOG,NOT_REPORTED,normalized_from_ratio,IDEALIZED_SINGLE_PAIR_ANALOG,IDEALIZED_ANALOG_MAPPING,16,4,15,0,2,4,203264,800,16,12800,81.47,14.760000000000003,91.8919372063492,1.8145090012632192,90.07742820508598,10.421937206349199,10.421937206349199,False,LEAVE_ONE_FAMILY_OUT,HfZrOx,HfZrOx_01,10.1002/pssr.202000524,HfZrOx,8,6,4,False
HfZrOx_01,10.1002/pssr.202000524,HfZrOx,2.0,0.3010299956639812,0,0,ANALOG,NOT_REPORTED,normalized_from_ratio,IDEALIZED_SINGLE_PAIR_ANALOG,IDEALIZED_ANALOG_MAPPING,16,6,63,0,2,4,203264,800,16,12800,81.02,15.210000000000008,92.35794864285714,0.7107419086332815,91.64720673422386,11.337948642857143,11.337948642857143,False,LEAVE_ONE_FAMILY_OUT,HfZrOx,HfZrOx_01,10.1002/pssr.202000524,HfZrOx,8,6,4,False
HfZrOx_01,10.1002/pssr.202000524,HfZrOx,2.0,0.3010299956639812,0,0,ANALOG,NOT_REPORTED,normalized_from_ratio,IDEALIZED_SINGLE_PAIR_ANALOG,IDEALIZED_ANALOG_MAPPING,16,7,127,0,2,4,203264,800,16,12800,80.08,16.150000000000006,92.38086397619048,0.5984636839918934,91.78240029219859,12.300863976190485,12.300863976190485,False,LEAVE_ONE_FAMILY_OUT,HfZrOx,HfZrOx_01,10.1002/pssr.202000524,HfZrOx,8,6,4,False
HfZrOx_01,10.1002/pssr.202000524,HfZrOx,2.0,0.3010299956639812,0,0,ANALOG,NOT_REPORTED,normalized_from_ratio,IDEALIZED_SINGLE_PAIR_ANALOG,IDEALIZED_ANALOG_MAPPING,16,8,255,0,2,4,203264,800,16,12800,79.9,16.33,92.37926378571429,0.588935763751892,91.7903280219624,12.47926378571428,12.47926378571428,False,LEAVE_ONE_FAMILY_OUT,HfZrOx,HfZrOx_01,10.1002/pssr.202000524,HfZrOx,8,6,4,False
HfZrOx_01,10.1002/pssr.202000524,HfZrOx,2.0,0.3010299956639812,0,0,ANALOG,NOT_REPORTED,normalized_from_ratio,IDEALIZED_SINGLE_PAIR_ANALOG,IDEALIZED_ANALOG_MAPPING,16,5,31,0,2,4,203264,800,16,12800,78.96,17.27000000000001,92.28925308730159,0.9483028974209902,91.3409501898806,13.329253087301595,13.329253087301595,False,LEAVE_ONE_FAMILY_OUT,HfZrOx,HfZrOx_01,10.1002/pssr.202000524,HfZrOx,8,6,4,False
HfZrOx_01,10.1002/pssr.202000524,HfZrOx,2.0,0.3010299956639812,0,0,ANALOG,NOT_REPORTED,normalized_from_ratio,IDEALIZED_SINGLE_PAIR_ANALOG,IDEALIZED_ANALOG_MAPPING,16,3,7,0,2,4,203264,800,16,12800,77.36,18.870000000000005,82.98934646825397,4.9623018194479345,78.02704464880604,5.629346468253971,5.629346468253971,False,LEAVE_ONE_FAMILY_OUT,HfZrOx,HfZrOx_01,10.1002/pssr.202000524,HfZrOx,8,6,4,False
HfZrOx_01,10.1002/pssr.202000524,HfZrOx,2.0,0.3010299956639812,0,0,ANALOG,NOT_REPORTED,normalized_from_ratio,IDEALIZED_SINGLE_PAIR_ANALOG,IDEALIZED_ANALOG_MAPPING,128,3,7,0,2,5,203264,16,32,512,75.06,21.17,79.59001531746031,4.983520921984794,74.60649439547552,4.530015317460311,4.530015317460311,False,LEAVE_ONE_FAMILY_OUT,HfZrOx,HfZrOx_01,10.1002/pssr.202000524,HfZrOx,8,6,4,False
HfZrOx_01,10.1002/pssr.202000524,HfZrOx,2.0,0.3010299956639812,0,0,ANALOG,NOT_REPORTED,normalized_from_ratio,IDEALIZED_SINGLE_PAIR_ANALOG,IDEALIZED_ANALOG_MAPPING,256,3,7,0,2,5,203264,10,32,320,71.03,25.200000000000003,78.36254926984127,4.9904940514269915,73.37205521841427,7.332549269841266,7.332549269841266,False,LEAVE_ONE_FAMILY_OUT,HfZrOx,HfZrOx_01,10.1002/pssr.202000524,HfZrOx,8,6,4,False
HfZrOx_01,10.1002/pssr.202000524,HfZrOx,2.0,0.3010299956639812,0,0,ANALOG,NOT_REPORTED,normalized_from_ratio,IDEALIZED_SINGLE_PAIR_ANALOG,IDEALIZED_ANALOG_MAPPING,32,3,7,0,2,4,203264,208,16,3328,69.52,26.710000000000008,81.32838492063492,4.7971770825701565,76.53120783806476,11.808384920634921,11.808384920634921,False,LEAVE_ONE_FAMILY_OUT,HfZrOx,HfZrOx_01,10.1002/pssr.202000524,HfZrOx,8,6,4,False
HfZrOx_01,10.1002/pssr.202000524,HfZrOx,2.0,0.3010299956639812,0,0,ANALOG,NOT_REPORTED,normalized_from_ratio,IDEALIZED_SINGLE_PAIR_ANALOG,IDEALIZED_ANALOG_MAPPING,32,4,15,0,2,4,203264,208,16,3328,69.24,26.99000000000001,89.63177754761904,2.1573994417052726,87.47437810591377,20.391777547619043,20.391777547619043,False,LEAVE_ONE_FAMILY_OUT,HfZrOx,HfZrOx_01,10.1002/pssr.202000524,HfZrOx,8,6,4,False
HfZrOx_01,10.1002/pssr.202000524,HfZrOx,2.0,0.3010299956639812,0,0,ANALOG,NOT_REPORTED,normalized_from_ratio,IDEALIZED_SINGLE_PAIR_ANALOG,IDEALIZED_ANALOG_MAPPING,32,6,63,0,2,4,203264,208,16,3328,67.1,29.13000000000001,90.23447874242424,0.9211519215703973,89.31332682085385,23.13447874242425,23.13447874242425,False,LEAVE_ONE_FAMILY_OUT,HfZrOx,HfZrOx_01,10.1002/pssr.202000524,HfZrOx,8,6,4,False
HfZrOx_01,10.1002/pssr.202000524,HfZrOx,2.0,0.3010299956639812,0,0,ANALOG,NOT_REPORTED,normalized_from_ratio,IDEALIZED_SINGLE_PAIR_ANALOG,IDEALIZED_ANALOG_MAPPING,32,7,127,0,2,4,203264,208,16,3328,66.42,29.81,90.32751974242424,0.8689791794518418,89.4585405629724,23.907519742424242,23.907519742424242,False,LEAVE_ONE_FAMILY_OUT,HfZrOx,HfZrOx_01,10.1002/pssr.202000524,HfZrOx,8,6,4,False
HfZrOx_01,10.1002/pssr.202000524,HfZrOx,2.0,0.3010299956639812,0,0,ANALOG,NOT_REPORTED,normalized_from_ratio,IDEALIZED_SINGLE_PAIR_ANALOG,IDEALIZED_ANALOG_MAPPING,32,5,31,0,2,4,203264,208,16,3328,66.3,29.930000000000007,90.0437189047619,1.2890813834707173,88.75463752129119,23.743718904761906,23.743718904761906,False,LEAVE_ONE_FAMILY_OUT,HfZrOx,HfZrOx_01,10.1002/pssr.202000524,HfZrOx,8,6,4,False
HfZrOx_01,10.1002/pssr.202000524,HfZrOx,2.0,0.3010299956639812,0,0,ANALOG,NOT_REPORTED,normalized_from_ratio,IDEALIZED_SINGLE_PAIR_ANALOG,IDEALIZED_ANALOG_MAPPING,32,8,255,0,2,4,203264,208,16,3328,66.17,30.06,90.33202955194805,0.8327639720969601,89.4992655798511,24.162029551948052,24.162029551948052,False,LEAVE_ONE_FAMILY_OUT,HfZrOx,HfZrOx_01,10.1002/pssr.202000524,HfZrOx,8,6,4,False
HfZrOx_01,10.1002/pssr.202000524,HfZrOx,2.0,0.3010299956639812,0,0,ANALOG,NOT_REPORTED,normalized_from_ratio,IDEALIZED_SINGLE_PAIR_ANALOG,IDEALIZED_ANALOG_MAPPING,64,7,127,0,2,4,203264,56,16,896,55.93,40.3,81.78395914430014,2.146575624150985,79.63738352014916,25.85395914430014,25.85395914430014,False,LEAVE_ONE_FAMILY_OUT,HfZrOx,HfZrOx_01,10.1002/pssr.202000524,HfZrOx,8,6,4,False
HfZrOx_01,10.1002/pssr.202000524,HfZrOx,2.0,0.3010299956639812,0,0,ANALOG,NOT_REPORTED,normalized_from_ratio,IDEALIZED_SINGLE_PAIR_ANALOG,IDEALIZED_ANALOG_MAPPING,64,8,255,0,2,4,203264,56,16,896,55.77,40.46,81.80152676334777,2.0589559614932313,79.74257080185454,26.031526763347763,26.031526763347763,False,LEAVE_ONE_FAMILY_OUT,HfZrOx,HfZrOx_01,10.1002/pssr.202000524,HfZrOx,8,6,4,False
HfZrOx_01,10.1002/pssr.202000524,HfZrOx,2.0,0.3010299956639812,0,0,ANALOG,NOT_REPORTED,normalized_from_ratio,IDEALIZED_SINGLE_PAIR_ANALOG,IDEALIZED_ANALOG_MAPPING,64,5,31,0,2,4,203264,56,16,896,55.5,40.73,80.75247208080809,3.0237445047940827,77.72872757601401,25.25247208080809,25.25247208080809,False,LEAVE_ONE_FAMILY_OUT,HfZrOx,HfZrOx_01,10.1002/pssr.202000524,HfZrOx,8,6,4,False
HfZrOx_01,10.1002/pssr.202000524,HfZrOx,2.0,0.3010299956639812,0,0,ANALOG,NOT_REPORTED,normalized_from_ratio,IDEALIZED_SINGLE_PAIR_ANALOG,IDEALIZED_ANALOG_MAPPING,64,4,15,0,2,4,203264,56,16,896,55.32,40.91,79.55382420779222,4.315791099322615,75.23803310846961,24.233824207792217,24.233824207792217,False,LEAVE_ONE_FAMILY_OUT,HfZrOx,HfZrOx_01,10.1002/pssr.202000524,HfZrOx,8,6,4,False
HfZrOx_01,10.1002/pssr.202000524,HfZrOx,2.0,0.3010299956639812,0,0,ANALOG,NOT_REPORTED,normalized_from_ratio,IDEALIZED_SINGLE_PAIR_ANALOG,IDEALIZED_ANALOG_MAPPING,64,6,63,0,2,4,203264,56,16,896,54.54,41.690000000000005,81.52021257287157,2.3252343768358945,79.19497819603568,26.980212572871572,26.980212572871572,False,LEAVE_ONE_FAMILY_OUT,HfZrOx,HfZrOx_01,10.1002/pssr.202000524,HfZrOx,8,6,4,False
HfZrOx_01,10.1002/pssr.202000524,HfZrOx,2.0,0.3010299956639812,0,0,ANALOG,NOT_REPORTED,normalized_from_ratio,IDEALIZED_SINGLE_PAIR_ANALOG,IDEALIZED_ANALOG_MAPPING,64,3,7,0,2,4,203264,56,16,896,51.46,44.77,75.42358843650794,7.071708661553744,68.3518797749542,23.96358843650794,23.96358843650794,False,LEAVE_ONE_FAMILY_OUT,HfZrOx,HfZrOx_01,10.1002/pssr.202000524,HfZrOx,8,6,4,False
HfZrOx_01,10.1002/pssr.202000524,HfZrOx,2.0,0.3010299956639812,0,0,ANALOG,NOT_REPORTED,normalized_from_ratio,IDEALIZED_SINGLE_PAIR_ANALOG,IDEALIZED_ANALOG_MAPPING,128,8,255,0,2,4,203264,16,16,256,41.08,55.150000000000006,63.34007559523809,1.970333776233298,61.369741819004794,22.260075595238092,22.260075595238092,False,LEAVE_ONE_FAMILY_OUT,HfZrOx,HfZrOx_01,10.1002/pssr.202000524,HfZrOx,8,6,4,False
HfZrOx_01,10.1002/pssr.202000524,HfZrOx,2.0,0.3010299956639812,0,0,ANALOG,NOT_REPORTED,normalized_from_ratio,IDEALIZED_SINGLE_PAIR_ANALOG,IDEALIZED_ANALOG_MAPPING,128,7,127,0,2,4,203264,16,16,256,40.78,55.45,63.360173261904755,1.9697825111329186,61.390390750771836,22.580173261904754,22.580173261904754,False,LEAVE_ONE_FAMILY_OUT,HfZrOx,HfZrOx_01,10.1002/pssr.202000524,HfZrOx,8,6,4,False
HfZrOx_01,10.1002/pssr.202000524,HfZrOx,2.0,0.3010299956639812,0,0,ANALOG,NOT_REPORTED,normalized_from_ratio,IDEALIZED_SINGLE_PAIR_ANALOG,IDEALIZED_ANALOG_MAPPING,128,6,63,0,2,4,203264,16,16,256,40.38,55.85,63.393858,2.0280289995022898,61.36582900049771,23.013858,23.013858,False,LEAVE_ONE_FAMILY_OUT,HfZrOx,HfZrOx_01,10.1002/pssr.202000524,HfZrOx,8,6,4,False
HfZrOx_01,10.1002/pssr.202000524,HfZrOx,2.0,0.3010299956639812,0,0,ANALOG,NOT_REPORTED,normalized_from_ratio,IDEALIZED_SINGLE_PAIR_ANALOG,IDEALIZED_ANALOG_MAPPING,128,4,15,0,2,4,203264,16,16,256,40.23,56.00000000000001,60.057417682539686,5.502448444138946,54.55496923840074,19.82741768253969,19.82741768253969,False,LEAVE_ONE_FAMILY_OUT,HfZrOx,HfZrOx_01,10.1002/pssr.202000524,HfZrOx,8,6,4,False
HfZrOx_01,10.1002/pssr.202000524,HfZrOx,2.0,0.3010299956639812,0,0,ANALOG,NOT_REPORTED,normalized_from_ratio,IDEALIZED_SINGLE_PAIR_ANALOG,IDEALIZED_ANALOG_MAPPING,128,5,31,0,2,4,203264,16,16,256,40.08,56.150000000000006,62.35936566666667,3.6487935585379647,58.7105721081287,22.27936566666667,22.27936566666667,False,LEAVE_ONE_FAMILY_OUT,HfZrOx,HfZrOx_01,10.1002/pssr.202000524,HfZrOx,8,6,4,False
HfZrOx_01,10.1002/pssr.202000524,HfZrOx,2.0,0.3010299956639812,0,0,ANALOG,NOT_REPORTED,normalized_from_ratio,IDEALIZED_SINGLE_PAIR_ANALOG,IDEALIZED_ANALOG_MAPPING,128,3,7,0,2,4,203264,16,16,256,39.48,56.75000000000001,54.850821777777774,7.826673665429079,47.0241481123487,15.370821777777778,15.370821777777778,False,LEAVE_ONE_FAMILY_OUT,HfZrOx,HfZrOx_01,10.1002/pssr.202000524,HfZrOx,8,6,4,False
HfZrOx_01,10.1002/pssr.202000524,HfZrOx,2.0,0.3010299956639812,0,0,ANALOG,NOT_REPORTED,normalized_from_ratio,IDEALIZED_SINGLE_PAIR_ANALOG,IDEALIZED_ANALOG_MAPPING,256,4,15,0,2,4,203264,10,16,160,33.19,63.040000000000006,53.73357007936507,4.123232250949642,49.61033782841543,20.543570079365075,20.543570079365075,False,LEAVE_ONE_FAMILY_OUT,HfZrOx,HfZrOx_01,10.1002/pssr.202000524,HfZrOx,8,6,4,False
HfZrOx_01,10.1002/pssr.202000524,HfZrOx,2.0,0.3010299956639812,0,0,ANALOG,NOT_REPORTED,normalized_from_ratio,IDEALIZED_SINGLE_PAIR_ANALOG,IDEALIZED_ANALOG_MAPPING,256,8,255,0,2,4,203264,10,16,160,32.42,63.81,55.8687365952381,2.6871677372510963,53.181568857987,23.448736595238096,23.448736595238096,False,LEAVE_ONE_FAMILY_OUT,HfZrOx,HfZrOx_01,10.1002/pssr.202000524,HfZrOx,8,6,4,False
HfZrOx_01,10.1002/pssr.202000524,HfZrOx,2.0,0.3010299956639812,0,0,ANALOG,NOT_REPORTED,normalized_from_ratio,IDEALIZED_SINGLE_PAIR_ANALOG,IDEALIZED_ANALOG_MAPPING,256,7,127,0,2,4,203264,10,16,160,32.29,63.940000000000005,55.85117626190477,2.8935692587802015,52.957607003124565,23.56117626190477,23.56117626190477,False,LEAVE_ONE_FAMILY_OUT,HfZrOx,HfZrOx_01,10.1002/pssr.202000524,HfZrOx,8,6,4,False
HfZrOx_01,10.1002/pssr.202000524,HfZrOx,2.0,0.3010299956639812,0,0,ANALOG,NOT_REPORTED,normalized_from_ratio,IDEALIZED_SINGLE_PAIR_ANALOG,IDEALIZED_ANALOG_MAPPING,256,6,63,0,2,4,203264,10,16,160,32.1,64.13,55.893456523809526,2.9825919270508567,52.91086459675867,23.793456523809525,23.793456523809525,False,LEAVE_ONE_FAMILY_OUT,HfZrOx,HfZrOx_01,10.1002/pssr.202000524,HfZrOx,8,6,4,False
HfZrOx_01,10.1002/pssr.202000524,HfZrOx,2.0,0.3010299956639812,0,0,ANALOG,NOT_REPORTED,normalized_from_ratio,IDEALIZED_SINGLE_PAIR_ANALOG,IDEALIZED_ANALOG_MAPPING,256,3,7,0,2,4,203264,10,16,160,31.91,64.32000000000001,50.74504231746032,5.160843483831826,45.58419883362849,18.835042317460317,18.835042317460317,False,LEAVE_ONE_FAMILY_OUT,HfZrOx,HfZrOx_01,10.1002/pssr.202000524,HfZrOx,8,6,4,False
HfZrOx_01,10.1002/pssr.202000524,HfZrOx,2.0,0.3010299956639812,0,0,ANALOG,NOT_REPORTED,normalized_from_ratio,IDEALIZED_SINGLE_PAIR_ANALOG,IDEALIZED_ANALOG_MAPPING,256,5,31,0,2,4,203264,10,16,160,31.62,64.61,55.18994984920635,3.3772534812213584,51.81269636798499,23.56994984920635,23.56994984920635,False,LEAVE_ONE_FAMILY_OUT,HfZrOx,HfZrOx_01,10.1002/pssr.202000524,HfZrOx,8,6,4,False
HfZrOx_01,10.1002/pssr.202000524,HfZrOx,2.0,0.3010299956639812,0,0,ANALOG,NOT_REPORTED,normalized_from_ratio,IDEALIZED_SINGLE_PAIR_ANALOG,IDEALIZED_ANALOG_MAPPING,64,2,3,0,2,4,203264,56,16,896,11.71,84.52000000000001,10.155315063492065,0.5630390096174966,9.592276053874569,-1.554684936507936,1.554684936507936,False,LEAVE_ONE_FAMILY_OUT,HfZrOx,HfZrOx_01,10.1002/pssr.202000524,HfZrOx,8,6,4,False
HfZrOx_01,10.1002/pssr.202000524,HfZrOx,2.0,0.3010299956639812,0,0,ANALOG,NOT_REPORTED,normalized_from_ratio,IDEALIZED_SINGLE_PAIR_ANALOG,IDEALIZED_ANALOG_MAPPING,64,2,3,0,2,5,203264,56,32,1792,11.41,84.82000000000001,10.341916825396826,0.6397060931478712,9.702210732248954,-1.0680831746031743,1.0680831746031743,False,LEAVE_ONE_FAMILY_OUT,HfZrOx,HfZrOx_01,10.1002/pssr.202000524,HfZrOx,8,6,4,False
HfZrOx_01,10.1002/pssr.202000524,HfZrOx,2.0,0.3010299956639812,0,0,ANALOG,NOT_REPORTED,normalized_from_ratio,IDEALIZED_SINGLE_PAIR_ANALOG,IDEALIZED_ANALOG_MAPPING,16,2,3,0,2,7,203264,800,128,102400,11.39,84.84,11.207533396825395,0.16572145879145433,11.041811938033941,-0.18246660317460517,0.18246660317460517,False,LEAVE_ONE_FAMILY_OUT,HfZrOx,HfZrOx_01,10.1002/pssr.202000524,HfZrOx,8,6,4,False
HfZrOx_01,10.1002/pssr.202000524,HfZrOx,2.0,0.3010299956639812,0,0,ANALOG,NOT_REPORTED,normalized_from_ratio,IDEALIZED_SINGLE_PAIR_ANALOG,IDEALIZED_ANALOG_MAPPING,32,2,3,0,2,7,203264,208,128,26624,11.36,84.87,11.09154015079365,0.15492066473729502,10.936619486056355,-0.2684598492063497,0.2684598492063497,False,LEAVE_ONE_FAMILY_OUT,HfZrOx,HfZrOx_01,10.1002/pssr.202000524,HfZrOx,8,6,4,False
HfZrOx_01,10.1002/pssr.202000524,HfZrOx,2.0,0.3010299956639812,0,0,ANALOG,NOT_REPORTED,normalized_from_ratio,IDEALIZED_SINGLE_PAIR_ANALOG,IDEALIZED_ANALOG_MAPPING,16,2,3,0,2,9,203264,800,512,409600,11.36,84.87,11.343117047619048,0.07617387715865119,11.266943170460397,-0.01688295238095172,0.01688295238095172,False,LEAVE_ONE_FAMILY_OUT,HfZrOx,HfZrOx_01,10.1002/pssr.202000524,HfZrOx,8,6,4,False
HfZrOx_01,10.1002/pssr.202000524,HfZrOx,2.0,0.3010299956639812,0,0,ANALOG,NOT_REPORTED,normalized_from_ratio,IDEALIZED_SINGLE_PAIR_ANALOG,IDEALIZED_ANALOG_MAPPING,64,2,3,0,2,6,203264,56,64,3584,11.33,84.9,10.867159484126983,0.264769155932458,10.602390328194526,-0.4628405158730171,0.4628405158730171,False,LEAVE_ONE_FAMILY_OUT,HfZrOx,HfZrOx_01,10.1002/pssr.202000524,HfZrOx,8,6,4,False
HfZrOx_01,10.1002/pssr.202000524,HfZrOx,2.0,0.3010299956639812,0,0,ANALOG,NOT_REPORTED,normalized_from_ratio,IDEALIZED_SINGLE_PAIR_ANALOG,IDEALIZED_ANALOG_MAPPING,32,2,3,0,2,9,203264,208,512,106496,11.3,84.93,11.246992666666666,0.1103210827828754,11.13667158388379,-0.05300733333333518,0.05300733333333518,False,LEAVE_ONE_FAMILY_OUT,HfZrOx,HfZrOx_01,10.1002/pssr.202000524,HfZrOx,8,6,4,False
HfZrOx_01,10.1002/pssr.202000524,HfZrOx,2.0,0.3010299956639812,0,0,ANALOG,NOT_REPORTED,normalized_from_ratio,IDEALIZED_SINGLE_PAIR_ANALOG,IDEALIZED_ANALOG_MAPPING,256,2,3,0,2,9,203264,10,512,5120,11.28,84.95,11.2941635,0.2288949081294265,11.065268591870574,0.01416350000000044,0.01416350000000044,False,LEAVE_ONE_FAMILY_OUT,HfZrOx,HfZrOx_01,10.1002/pssr.202000524,HfZrOx,8,6,4,False
HfZrOx_01,10.1002/pssr.202000524,HfZrOx,2.0,0.3010299956639812,0,0,ANALOG,NOT_REPORTED,normalized_from_ratio,IDEALIZED_SINGLE_PAIR_ANALOG,IDEALIZED_ANALOG_MAPPING,32,2,3,0,2,8,203264,208,256,53248,11.27,84.96000000000001,11.167773007936507,0.1030225005289021,11.064750507407604,-0.10222699206349262,0.10222699206349262,False,LEAVE_ONE_FAMILY_OUT,HfZrOx,HfZrOx_01,10.1002/pssr.202000524,HfZrOx,8,6,4,False
HfZrOx_01,10.1002/pssr.202000524,HfZrOx,2.0,0.3010299956639812,0,0,ANALOG,NOT_REPORTED,normalized_from_ratio,IDEALIZED_SINGLE_PAIR_ANALOG,IDEALIZED_ANALOG_MAPPING,32,2,3,0,2,10,203264,208,1024,212992,11.27,84.96000000000001,11.194243238095238,0.07341846851900956,11.12082476957623,-0.07575676190476166,0.07575676190476166,False,LEAVE_ONE_FAMILY_OUT,HfZrOx,HfZrOx_01,10.1002/pssr.202000524,HfZrOx,8,6,4,False
HfZrOx_01,10.1002/pssr.202000524,HfZrOx,2.0,0.3010299956639812,0,0,ANALOG,NOT_REPORTED,normalized_from_ratio,IDEALIZED_SINGLE_PAIR_ANALOG,IDEALIZED_ANALOG_MAPPING,16,2,3,0,2,6,203264,800,64,51200,11.26,84.97,11.038565079365078,0.23235707134245853,10.806208008022619,-0.22143492063492154,0.22143492063492154,False,LEAVE_ONE_FAMILY_OUT,HfZrOx,HfZrOx_01,10.1002/pssr.202000524,HfZrOx,8,6,4,False
HfZrOx_01,10.1002/pssr.202000524,HfZrOx,2.0,0.3010299956639812,0,0,ANALOG,NOT_REPORTED,normalized_from_ratio,IDEALIZED_SINGLE_PAIR_ANALOG,IDEALIZED_ANALOG_MAPPING,64,2,3,0,2,10,203264,56,1024,57344,11.25,84.98,11.197046047619049,0.0746352676937597,11.12241077992529,-0.05295395238095146,0.05295395238095146,False,LEAVE_ONE_FAMILY_OUT,HfZrOx,HfZrOx_01,10.1002/pssr.202000524,HfZrOx,8,6,4,False
HfZrOx_01,10.1002/pssr.202000524,HfZrOx,2.0,0.3010299956639812,0,0,ANALOG,NOT_REPORTED,normalized_from_ratio,IDEALIZED_SINGLE_PAIR_ANALOG,IDEALIZED_ANALOG_MAPPING,16,2,3,0,2,8,203264,800,256,204800,11.25,84.98,11.297359944444445,0.10675803652105754,11.190601907923387,0.04735994444444458,0.04735994444444458,False,LEAVE_ONE_FAMILY_OUT,HfZrOx,HfZrOx_01,10.1002/pssr.202000524,HfZrOx,8,6,4,False
HfZrOx_01,10.1002/pssr.202000524,HfZrOx,2.0,0.3010299956639812,0,0,ANALOG,NOT_REPORTED,normalized_from_ratio,IDEALIZED_SINGLE_PAIR_ANALOG,IDEALIZED_ANALOG_MAPPING,256,2,3,0,2,8,203264,10,256,2560,11.25,84.98,11.227888436507936,0.2437424629381227,10.984145973569813,-0.022111563492064334,0.022111563492064334,False,LEAVE_ONE_FAMILY_OUT,HfZrOx,HfZrOx_01,10.1002/pssr.202000524,HfZrOx,8,6,4,False
HfZrOx_01,10.1002/pssr.202000524,HfZrOx,2.0,0.3010299956639812,0,0,ANALOG,NOT_REPORTED,normalized_from_ratio,IDEALIZED_SINGLE_PAIR_ANALOG,IDEALIZED_ANALOG_MAPPING,16,2,3,0,2,10,203264,800,1024,819200,11.24,84.99000000000001,11.310694412698412,0.08853120113437693,11.222163211564036,0.07069441269841192,0.07069441269841192,False,LEAVE_ONE_FAMILY_OUT,HfZrOx,HfZrOx_01,10.1002/pssr.202000524,HfZrOx,8,6,4,False
HfZrOx_01,10.1002/pssr.202000524,HfZrOx,2.0,0.3010299956639812,0,0,ANALOG,NOT_REPORTED,normalized_from_ratio,IDEALIZED_SINGLE_PAIR_ANALOG,IDEALIZED_ANALOG_MAPPING,128,2,3,0,2,9,203264,16,512,8192,11.24,84.99000000000001,11.341915928571428,0.08619025658345797,11.25572567198797,0.10191592857142773,0.10191592857142773,False,LEAVE_ONE_FAMILY_OUT,HfZrOx,HfZrOx_01,10.1002/pssr.202000524,HfZrOx,8,6,4,False
HfZrOx_01,10.1002/pssr.202000524,HfZrOx,2.0,0.3010299956639812,0,0,ANALOG,NOT_REPORTED,normalized_from_ratio,IDEALIZED_SINGLE_PAIR_ANALOG,IDEALIZED_ANALOG_MAPPING,256,2,3,0,2,10,203264,10,1024,10240,11.22,85.01,11.226932857142858,0.2100691036765062,11.016863753466351,0.006932857142857074,0.006932857142857074,False,LEAVE_ONE_FAMILY_OUT,HfZrOx,HfZrOx_01,10.1002/pssr.202000524,HfZrOx,8,6,4,False
HfZrOx_01,10.1002/pssr.202000524,HfZrOx,2.0,0.3010299956639812,0,0,ANALOG,NOT_REPORTED,normalized_from_ratio,IDEALIZED_SINGLE_PAIR_ANALOG,IDEALIZED_ANALOG_MAPPING,64,2,3,0,2,7,203264,56,128,7168,11.18,85.05000000000001,11.049028365079364,0.1549580647083888,10.894070300370975,-0.1309716349206358,0.1309716349206358,False,LEAVE_ONE_FAMILY_OUT,HfZrOx,HfZrOx_01,10.1002/pssr.202000524,HfZrOx,8,6,4,False
HfZrOx_01,10.1002/pssr.202000524,HfZrOx,2.0,0.3010299956639812,0,0,ANALOG,NOT_REPORTED,normalized_from_ratio,IDEALIZED_SINGLE_PAIR_ANALOG,IDEALIZED_ANALOG_MAPPING,64,2,3,0,2,9,203264,56,512,28672,11.18,85.05000000000001,11.275258857142857,0.11924260800946336,11.156016249133394,0.09525885714285742,0.09525885714285742,False,LEAVE_ONE_FAMILY_OUT,HfZrOx,HfZrOx_01,10.1002/pssr.202000524,HfZrOx,8,6,4,False
HfZrOx_01,10.1002/pssr.202000524,HfZrOx,2.0,0.3010299956639812,0,0,ANALOG,NOT_REPORTED,normalized_from_ratio,IDEALIZED_SINGLE_PAIR_ANALOG,IDEALIZED_ANALOG_MAPPING,128,2,3,0,2,10,203264,16,1024,16384,11.15,85.08,11.266969857142856,0.08030404984468346,11.186665807298173,0.11696985714285546,0.11696985714285546,False,LEAVE_ONE_FAMILY_OUT,HfZrOx,HfZrOx_01,10.1002/pssr.202000524,HfZrOx,8,6,4,False
HfZrOx_01,10.1002/pssr.202000524,HfZrOx,2.0,0.3010299956639812,0,0,ANALOG,NOT_REPORTED,normalized_from_ratio,IDEALIZED_SINGLE_PAIR_ANALOG,IDEALIZED_ANALOG_MAPPING,128,2,3,0,2,8,203264,16,256,4096,11.14,85.09,11.268532246031748,0.14249341976542648,11.126038826266322,0.12853224603174773,0.12853224603174773,False,LEAVE_ONE_FAMILY_OUT,HfZrOx,HfZrOx_01,10.1002/pssr.202000524,HfZrOx,8,6,4,False
HfZrOx_01,10.1002/pssr.202000524,HfZrOx,2.0,0.3010299956639812,0,0,ANALOG,NOT_REPORTED,normalized_from_ratio,IDEALIZED_SINGLE_PAIR_ANALOG,IDEALIZED_ANALOG_MAPPING,32,2,3,0,2,6,203264,208,64,13312,11.09,85.14,10.956102246031746,0.1881878319196674,10.767914414112079,-0.1338977539682542,0.1338977539682542,False,LEAVE_ONE_FAMILY_OUT,HfZrOx,HfZrOx_01,10.1002/pssr.202000524,HfZrOx,8,6,4,False
HfZrOx_01,10.1002/pssr.202000524,HfZrOx,2.0,0.3010299956639812,0,0,ANALOG,NOT_REPORTED,normalized_from_ratio,IDEALIZED_SINGLE_PAIR_ANALOG,IDEALIZED_ANALOG_MAPPING,64,2,3,0,2,8,203264,56,256,14336,11.07,85.16,11.174755698412698,0.125233186312893,11.049522512099804,0.10475569841269738,0.10475569841269738,False,LEAVE_ONE_FAMILY_OUT,HfZrOx,HfZrOx_01,10.1002/pssr.202000524,HfZrOx,8,6,4,False
HfZrOx_01,10.1002/pssr.202000524,HfZrOx,2.0,0.3010299956639812,0,0,ANALOG,NOT_REPORTED,normalized_from_ratio,IDEALIZED_SINGLE_PAIR_ANALOG,IDEALIZED_ANALOG_MAPPING,128,2,3,0,2,7,203264,16,128,2048,11.04,85.19,10.965533968253967,0.2775334041054906,10.688000564148476,-0.07446603174603261,0.07446603174603261,False,LEAVE_ONE_FAMILY_OUT,HfZrOx,HfZrOx_01,10.1002/pssr.202000524,HfZrOx,8,6,4,False
HfZrOx_01,10.1002/pssr.202000524,HfZrOx,2.0,0.3010299956639812,0,0,ANALOG,NOT_REPORTED,normalized_from_ratio,IDEALIZED_SINGLE_PAIR_ANALOG,IDEALIZED_ANALOG_MAPPING,32,2,3,0,2,5,203264,208,32,6656,11.02,85.21000000000001,10.565086253968254,0.5817042437043204,9.983382010263933,-0.45491374603174606,0.45491374603174606,False,LEAVE_ONE_FAMILY_OUT,HfZrOx,HfZrOx_01,10.1002/pssr.202000524,HfZrOx,8,6,4,False
HfZrOx_01,10.1002/pssr.202000524,HfZrOx,2.0,0.3010299956639812,0,0,ANALOG,NOT_REPORTED,normalized_from_ratio,IDEALIZED_SINGLE_PAIR_ANALOG,IDEALIZED_ANALOG_MAPPING,256,2,3,0,2,7,203264,10,128,1280,10.89,85.34,10.897429992063492,0.35853195587208897,10.538898036191403,0.007429992063491042,0.007429992063491042,False,LEAVE_ONE_FAMILY_OUT,HfZrOx,HfZrOx_01,10.1002/pssr.202000524,HfZrOx,8,6,4,False
HfZrOx_01,10.1002/pssr.202000524,HfZrOx,2.0,0.3010299956639812,0,0,ANALOG,NOT_REPORTED,normalized_from_ratio,IDEALIZED_SINGLE_PAIR_ANALOG,IDEALIZED_ANALOG_MAPPING,128,2,3,0,2,6,203264,16,64,1024,10.71,85.52000000000001,10.706366706349206,0.323934962001048,10.382431744348159,-0.003633293650795011,0.003633293650795011,False,LEAVE_ONE_FAMILY_OUT,HfZrOx,HfZrOx_01,10.1002/pssr.202000524,HfZrOx,8,6,4,False
HfZrOx_01,10.1002/pssr.202000524,HfZrOx,2.0,0.3010299956639812,0,0,ANALOG,NOT_REPORTED,normalized_from_ratio,IDEALIZED_SINGLE_PAIR_ANALOG,IDEALIZED_ANALOG_MAPPING,16,2,3,0,2,5,203264,800,32,25600,10.69,85.54,10.600577547619046,0.5961887999982619,10.004388747620785,-0.08942245238095303,0.08942245238095303,False,LEAVE_ONE_FAMILY_OUT,HfZrOx,HfZrOx_01,10.1002/pssr.202000524,HfZrOx,8,6,4,False
HfZrOx_01,10.1002/pssr.202000524,HfZrOx,2.0,0.3010299956639812,0,0,ANALOG,NOT_REPORTED,normalized_from_ratio,IDEALIZED_SINGLE_PAIR_ANALOG,IDEALIZED_ANALOG_MAPPING,256,2,3,0,2,6,203264,10,64,640,10.49,85.74000000000001,10.579068111111111,0.40363772036856005,10.175430390742552,0.08906811111111068,0.08906811111111068,False,LEAVE_ONE_FAMILY_OUT,HfZrOx,HfZrOx_01,10.1002/pssr.202000524,HfZrOx,8,6,4,False
HfZrOx_01,10.1002/pssr.202000524,HfZrOx,2.0,0.3010299956639812,0,0,ANALOG,NOT_REPORTED,normalized_from_ratio,IDEALIZED_SINGLE_PAIR_ANALOG,IDEALIZED_ANALOG_MAPPING,16,2,3,0,2,4,203264,800,16,12800,10.17,86.06,10.687678682539682,0.534425949581448,10.153252732958233,0.5176786825396817,0.5176786825396817,False,LEAVE_ONE_FAMILY_OUT,HfZrOx,HfZrOx_01,10.1002/pssr.202000524,HfZrOx,8,6,4,False
HfZrOx_01,10.1002/pssr.202000524,HfZrOx,2.0,0.3010299956639812,0,0,ANALOG,NOT_REPORTED,normalized_from_ratio,IDEALIZED_SINGLE_PAIR_ANALOG,IDEALIZED_ANALOG_MAPPING,32,2,3,0,2,4,203264,208,16,3328,10.1,86.13000000000001,10.61651784920635,0.5610906666512671,10.055427182555082,0.51651784920635,0.51651784920635,False,LEAVE_ONE_FAMILY_OUT,HfZrOx,HfZrOx_01,10.1002/pssr.202000524,HfZrOx,8,6,4,False
HfZrOx_01,10.1002/pssr.202000524,HfZrOx,2.0,0.3010299956639812,0,0,ANALOG,NOT_REPORTED,normalized_from_ratio,IDEALIZED_SINGLE_PAIR_ANALOG,IDEALIZED_ANALOG_MAPPING,128,2,3,0,2,5,203264,16,32,512,9.83,86.4,10.177266833333332,0.7599413832071718,9.41732545012616,0.3472668333333324,0.3472668333333324,False,LEAVE_ONE_FAMILY_OUT,HfZrOx,HfZrOx_01,10.1002/pssr.202000524,HfZrOx,8,6,4,False
HfZrOx_01,10.1002/pssr.202000524,HfZrOx,2.0,0.3010299956639812,0,0,ANALOG,NOT_REPORTED,normalized_from_ratio,IDEALIZED_SINGLE_PAIR_ANALOG,IDEALIZED_ANALOG_MAPPING,256,2,3,0,2,5,203264,10,32,320,9.7,86.53,10.054669341269841,0.8034600889539432,9.251209252315899,0.35466934126984206,0.35466934126984206,False,LEAVE_ONE_FAMILY_OUT,HfZrOx,HfZrOx_01,10.1002/pssr.202000524,HfZrOx,8,6,4,False
HfZrOx_01,10.1002/pssr.202000524,HfZrOx,2.0,0.3010299956639812,0,0,ANALOG,NOT_REPORTED,normalized_from_ratio,IDEALIZED_SINGLE_PAIR_ANALOG,IDEALIZED_ANALOG_MAPPING,128,2,3,0,2,4,203264,16,16,256,9.43,86.80000000000001,9.820641709956712,0.5621812202604098,9.258460489696303,0.39064170995671255,0.39064170995671255,False,LEAVE_ONE_FAMILY_OUT,HfZrOx,HfZrOx_01,10.1002/pssr.202000524,HfZrOx,8,6,4,False
HfZrOx_01,10.1002/pssr.202000524,HfZrOx,2.0,0.3010299956639812,0,0,ANALOG,NOT_REPORTED,normalized_from_ratio,IDEALIZED_SINGLE_PAIR_ANALOG,IDEALIZED_ANALOG_MAPPING,256,2,3,0,2,4,203264,10,16,160,9.42,86.81,9.559979955988458,0.6112913512396948,8.948688604748764,0.13997995598845847,0.13997995598845847,False,LEAVE_ONE_FAMILY_OUT,HfZrOx,HfZrOx_01,10.1002/pssr.202000524,HfZrOx,8,6,4,False
TaOx_01,10.1038/s41598-017-18329-3,TaOx,2909.09,3.463757157444634,1,7,DISCRETE_MULTILEVEL,DERIVED,absolute,SINGLE_DIFFERENTIAL_PAIR,DERIVED_DEVICE_STATE_CAP,64,8,13,0,2,9,203264,56,512,28672,96.17,0.0600000000000022,96.15219928571429,0.08122612478781223,96.07097316092647,-0.017800714285712615,0.017800714285712615,True,LEAVE_ONE_FAMILY_OUT,TaOx,TaOx_01,10.1038/s41598-017-18329-3,TaOx,8,6,4,False
TaOx_01,10.1038/s41598-017-18329-3,TaOx,2909.09,3.463757157444634,1,7,DISCRETE_MULTILEVEL,DERIVED,absolute,SINGLE_DIFFERENTIAL_PAIR,DERIVED_DEVICE_STATE_CAP,64,7,13,0,2,9,203264,56,512,28672,96.17,0.0600000000000022,96.1507432857143,0.07988911632483786,96.07085416938946,-0.01925671428570297,0.01925671428570297,True,LEAVE_ONE_FAMILY_OUT,TaOx,TaOx_01,10.1038/s41598-017-18329-3,TaOx,8,6,4,False
TaOx_01,10.1038/s41598-017-18329-3,TaOx,2909.09,3.463757157444634,1,7,DISCRETE_MULTILEVEL,DERIVED,absolute,SINGLE_DIFFERENTIAL_PAIR,DERIVED_DEVICE_STATE_CAP,64,6,13,0,2,9,203264,56,512,28672,96.17,0.0600000000000022,96.15934313492063,0.08816854015699252,96.07117459476363,-0.010656865079369027,0.010656865079369027,True,LEAVE_ONE_FAMILY_OUT,TaOx,TaOx_01,10.1038/s41598-017-18329-3,TaOx,8,6,4,False
TaOx_01,10.1038/s41598-017-18329-3,TaOx,2909.09,3.463757157444634,1,7,DISCRETE_MULTILEVEL,DERIVED,absolute,SINGLE_DIFFERENTIAL_PAIR,DERIVED_DEVICE_STATE_CAP,64,5,13,0,2,9,203264,56,512,28672,96.17,0.0600000000000022,96.09928195238096,0.04576813077367611,96.05351382160728,-0.07071804761903877,0.07071804761903877,True,LEAVE_ONE_FAMILY_OUT,TaOx,TaOx_01,10.1038/s41598-017-18329-3,TaOx,8,6,4,False
TaOx_01,10.1038/s41598-017-18329-3,TaOx,2909.09,3.463757157444634,1,7,DISCRETE_MULTILEVEL,DERIVED,absolute,SINGLE_DIFFERENTIAL_PAIR,DERIVED_DEVICE_STATE_CAP,64,4,13,0,2,9,203264,56,512,28672,96.17,0.0600000000000022,96.05895307142856,0.02582197606294336,96.03313109536562,-0.11104692857144016,0.11104692857144016,True,LEAVE_ONE_FAMILY_OUT,TaOx,TaOx_01,10.1038/s41598-017-18329-3,TaOx,8,6,4,False
TaOx_01,10.1038/s41598-017-18329-3,TaOx,2909.09,3.463757157444634,1,7,DISCRETE_MULTILEVEL,DERIVED,absolute,SINGLE_DIFFERENTIAL_PAIR,DERIVED_DEVICE_STATE_CAP,32,7,13,0,2,7,203264,208,128,26624,96.13,0.1000000000000085,96.16612287301588,0.07716191444116492,96.08896095857472,0.03612287301588424,0.03612287301588424,True,LEAVE_ONE_FAMILY_OUT,TaOx,TaOx_01,10.1038/s41598-017-18329-3,TaOx,8,6,4,False
TaOx_01,10.1038/s41598-017-18329-3,TaOx,2909.09,3.463757157444634,1,7,DISCRETE_MULTILEVEL,DERIVED,absolute,SINGLE_DIFFERENTIAL_PAIR,DERIVED_DEVICE_STATE_CAP,32,6,13,0,2,7,203264,208,128,26624,96.13,0.1000000000000085,96.16869573015875,0.07970570114096868,96.08899002901778,0.03869573015875005,0.03869573015875005,True,LEAVE_ONE_FAMILY_OUT,TaOx,TaOx_01,10.1038/s41598-017-18329-3,TaOx,8,6,4,False
TaOx_01,10.1038/s41598-017-18329-3,TaOx,2909.09,3.463757157444634,1,7,DISCRETE_MULTILEVEL,DERIVED,absolute,SINGLE_DIFFERENTIAL_PAIR,DERIVED_DEVICE_STATE_CAP,32,5,13,0,2,7,203264,208,128,26624,96.13,0.1000000000000085,96.1215746031746,0.054488959668814195,96.06708564350578,-0.008425396825401776,0.008425396825401776,True,LEAVE_ONE_FAMILY_OUT,TaOx,TaOx_01,10.1038/s41598-017-18329-3,TaOx,8,6,4,False
TaOx_01,10.1038/s41598-017-18329-3,TaOx,2909.09,3.463757157444634,1,7,DISCRETE_MULTILEVEL,DERIVED,absolute,SINGLE_DIFFERENTIAL_PAIR,DERIVED_DEVICE_STATE_CAP,32,8,13,0,2,7,203264,208,128,26624,96.13,0.1000000000000085,96.1668813968254,0.07793490263024942,96.08894649419516,0.036881396825407364,0.036881396825407364,True,LEAVE_ONE_FAMILY_OUT,TaOx,TaOx_01,10.1038/s41598-017-18329-3,TaOx,8,6,4,False
TaOx_01,10.1038/s41598-017-18329-3,TaOx,2909.09,3.463757157444634,1,7,DISCRETE_MULTILEVEL,DERIVED,absolute,SINGLE_DIFFERENTIAL_PAIR,DERIVED_DEVICE_STATE_CAP,32,4,13,0,2,7,203264,208,128,26624,96.13,0.1000000000000085,96.0773126984127,0.026069955838611308,96.05124274257409,-0.05268730158729795,0.05268730158729795,True,LEAVE_ONE_FAMILY_OUT,TaOx,TaOx_01,10.1038/s41598-017-18329-3,TaOx,8,6,4,False
TaOx_01,10.1038/s41598-017-18329-3,TaOx,2909.09,3.463757157444634,1,7,DISCRETE_MULTILEVEL,DERIVED,absolute,SINGLE_DIFFERENTIAL_PAIR,DERIVED_DEVICE_STATE_CAP,16,7,13,0,2,8,203264,800,256,204800,96.12,0.1099999999999994,96.15552632539683,0.08746764750610973,96.06805867789072,0.035526325396830316,0.035526325396830316,True,LEAVE_ONE_FAMILY_OUT,TaOx,TaOx_01,10.1038/s41598-017-18329-3,TaOx,8,6,4,False
TaOx_01,10.1038/s41598-017-18329-3,TaOx,2909.09,3.463757157444634,1,7,DISCRETE_MULTILEVEL,DERIVED,absolute,SINGLE_DIFFERENTIAL_PAIR,DERIVED_DEVICE_STATE_CAP,16,6,13,0,2,8,203264,800,256,204800,96.12,0.1099999999999994,96.16491421428572,0.09731349236265073,96.06760072192307,0.044914214285711296,0.044914214285711296,True,LEAVE_ONE_FAMILY_OUT,TaOx,TaOx_01,10.1038/s41598-017-18329-3,TaOx,8,6,4,False
TaOx_01,10.1038/s41598-017-18329-3,TaOx,2909.09,3.463757157444634,1,7,DISCRETE_MULTILEVEL,DERIVED,absolute,SINGLE_DIFFERENTIAL_PAIR,DERIVED_DEVICE_STATE_CAP,16,8,13,0,2,8,203264,800,256,204800,96.12,0.1099999999999994,96.15651403968255,0.08855364727919562,96.06796039240335,0.03651403968254385,0.03651403968254385,True,LEAVE_ONE_FAMILY_OUT,TaOx,TaOx_01,10.1038/s41598-017-18329-3,TaOx,8,6,4,False
TaOx_01,10.1038/s41598-017-18329-3,TaOx,2909.09,3.463757157444634,1,7,DISCRETE_MULTILEVEL,DERIVED,absolute,SINGLE_DIFFERENTIAL_PAIR,DERIVED_DEVICE_STATE_CAP,16,5,13,0,2,8,203264,800,256,204800,96.12,0.1099999999999994,96.09602958730157,0.03868396124811061,96.05734562605346,-0.023970412698432142,0.023970412698432142,True,LEAVE_ONE_FAMILY_OUT,TaOx,TaOx_01,10.1038/s41598-017-18329-3,TaOx,8,6,4,False
TaOx_01,10.1038/s41598-017-18329-3,TaOx,2909.09,3.463757157444634,1,7,DISCRETE_MULTILEVEL,DERIVED,absolute,SINGLE_DIFFERENTIAL_PAIR,DERIVED_DEVICE_STATE_CAP,16,4,13,0,2,8,203264,800,256,204800,96.12,0.1099999999999994,96.06291209523809,0.013308056938220122,96.04960403829988,-0.05708790476191439,0.05708790476191439,True,LEAVE_ONE_FAMILY_OUT,TaOx,TaOx_01,10.1038/s41598-017-18329-3,TaOx,8,6,4,False
TaOx_01,10.1038/s41598-017-18329-3,TaOx,2909.09,3.463757157444634,1,7,DISCRETE_MULTILEVEL,DERIVED,absolute,SINGLE_DIFFERENTIAL_PAIR,DERIVED_DEVICE_STATE_CAP,32,6,13,0,2,8,203264,208,256,53248,96.11,0.1200000000000045,96.16536474603174,0.09587485328514271,96.0694898927466,0.05536474603174213,0.05536474603174213,True,LEAVE_ONE_FAMILY_OUT,TaOx,TaOx_01,10.1038/s41598-017-18329-3,TaOx,8,6,4,False
TaOx_01,10.1038/s41598-017-18329-3,TaOx,2909.09,3.463757157444634,1,7,DISCRETE_MULTILEVEL,DERIVED,absolute,SINGLE_DIFFERENTIAL_PAIR,DERIVED_DEVICE_STATE_CAP,32,5,13,0,2,8,203264,208,256,53248,96.11,0.1200000000000045,96.10068456349207,0.04896234692032025,96.05172221657175,-0.009315436507932873,0.009315436507932873,True,LEAVE_ONE_FAMILY_OUT,TaOx,TaOx_01,10.1038/s41598-017-18329-3,TaOx,8,6,4,False
TaOx_01,10.1038/s41598-017-18329-3,TaOx,2909.09,3.463757157444634,1,7,DISCRETE_MULTILEVEL,DERIVED,absolute,SINGLE_DIFFERENTIAL_PAIR,DERIVED_DEVICE_STATE_CAP,32,4,13,0,2,8,203264,208,256,53248,96.11,0.1200000000000045,96.05899523809524,0.012851475801281065,96.04614376229395,-0.051004761904763996,0.051004761904763996,True,LEAVE_ONE_FAMILY_OUT,TaOx,TaOx_01,10.1038/s41598-017-18329-3,TaOx,8,6,4,False
TaOx_01,10.1038/s41598-017-18329-3,TaOx,2909.09,3.463757157444634,1,7,DISCRETE_MULTILEVEL,DERIVED,absolute,SINGLE_DIFFERENTIAL_PAIR,DERIVED_DEVICE_STATE_CAP,16,5,13,0,2,9,203264,800,512,409600,96.11,0.1200000000000045,96.10175226984127,0.03581684901364488,96.06593542082763,-0.008247730158728928,0.008247730158728928,True,LEAVE_ONE_FAMILY_OUT,TaOx,TaOx_01,10.1038/s41598-017-18329-3,TaOx,8,6,4,False
TaOx_01,10.1038/s41598-017-18329-3,TaOx,2909.09,3.463757157444634,1,7,DISCRETE_MULTILEVEL,DERIVED,absolute,SINGLE_DIFFERENTIAL_PAIR,DERIVED_DEVICE_STATE_CAP,16,8,13,0,2,9,203264,800,512,409600,96.11,0.1200000000000045,96.15852612698413,0.08279308323388263,96.07573304375025,0.04852612698412884,0.04852612698412884,True,LEAVE_ONE_FAMILY_OUT,TaOx,TaOx_01,10.1038/s41598-017-18329-3,TaOx,8,6,4,False
TaOx_01,10.1038/s41598-017-18329-3,TaOx,2909.09,3.463757157444634,1,7,DISCRETE_MULTILEVEL,DERIVED,absolute,SINGLE_DIFFERENTIAL_PAIR,DERIVED_DEVICE_STATE_CAP,16,6,13,0,2,9,203264,800,512,409600,96.11,0.1200000000000045,96.16502581746032,0.08967203110315608,96.07535378635716,0.05502581746031865,0.05502581746031865,True,LEAVE_ONE_FAMILY_OUT,TaOx,TaOx_01,10.1038/s41598-017-18329-3,TaOx,8,6,4,False
TaOx_01,10.1038/s41598-017-18329-3,TaOx,2909.09,3.463757157444634,1,7,DISCRETE_MULTILEVEL,DERIVED,absolute,SINGLE_DIFFERENTIAL_PAIR,DERIVED_DEVICE_STATE_CAP,64,4,13,0,2,10,203264,56,1024,57344,96.11,0.1200000000000045,96.06193550793651,0.013787968743441533,96.04814753919307,-0.04806449206348873,0.04806449206348873,True,LEAVE_ONE_FAMILY_OUT,TaOx,TaOx_01,10.1038/s41598-017-18329-3,TaOx,8,6,4,False
TaOx_01,10.1038/s41598-017-18329-3,TaOx,2909.09,3.463757157444634,1,7,DISCRETE_MULTILEVEL,DERIVED,absolute,SINGLE_DIFFERENTIAL_PAIR,DERIVED_DEVICE_STATE_CAP,128,6,13,0,2,10,203264,16,1024,16384,96.11,0.1200000000000045,96.16209711111111,0.09609353353689744,96.06600357757421,0.052097111111109484,0.052097111111109484,True,LEAVE_ONE_FAMILY_OUT,TaOx,TaOx_01,10.1038/s41598-017-18329-3,TaOx,8,6,4,False
TaOx_01,10.1038/s41598-017-18329-3,TaOx,2909.09,3.463757157444634,1,7,DISCRETE_MULTILEVEL,DERIVED,absolute,SINGLE_DIFFERENTIAL_PAIR,DERIVED_DEVICE_STATE_CAP,128,8,13,0,2,10,203264,16,1024,16384,96.11,0.1200000000000045,96.1535502960928,0.08742569422838353,96.06612460186442,0.043550296092803364,0.043550296092803364,True,LEAVE_ONE_FAMILY_OUT,TaOx,TaOx_01,10.1038/s41598-017-18329-3,TaOx,8,6,4,False
TaOx_01,10.1038/s41598-017-18329-3,TaOx,2909.09,3.463757157444634,1,7,DISCRETE_MULTILEVEL,DERIVED,absolute,SINGLE_DIFFERENTIAL_PAIR,DERIVED_DEVICE_STATE_CAP,128,7,13,0,2,10,203264,16,1024,16384,96.11,0.1200000000000045,96.15311943894994,0.0869381115425025,96.06618132740743,0.043119438949943856,0.043119438949943856,True,LEAVE_ONE_FAMILY_OUT,TaOx,TaOx_01,10.1038/s41598-017-18329-3,TaOx,8,6,4,False
TaOx_01,10.1038/s41598-017-18329-3,TaOx,2909.09,3.463757157444634,1,7,DISCRETE_MULTILEVEL,DERIVED,absolute,SINGLE_DIFFERENTIAL_PAIR,DERIVED_DEVICE_STATE_CAP,128,5,13,0,2,10,203264,16,1024,16384,96.11,0.1200000000000045,96.09441991269841,0.03946152165765455,96.05495839104076,-0.015580087301586332,0.015580087301586332,True,LEAVE_ONE_FAMILY_OUT,TaOx,TaOx_01,10.1038/s41598-017-18329-3,TaOx,8,6,4,False
TaOx_01,10.1038/s41598-017-18329-3,TaOx,2909.09,3.463757157444634,1,7,DISCRETE_MULTILEVEL,DERIVED,absolute,SINGLE_DIFFERENTIAL_PAIR,DERIVED_DEVICE_STATE_CAP,128,4,13,0,2,10,203264,16,1024,16384,96.11,0.1200000000000045,96.06064446825395,0.013969861481501252,96.04667460677246,-0.04935553174604479,0.04935553174604479,True,LEAVE_ONE_FAMILY_OUT,TaOx,TaOx_01,10.1038/s41598-017-18329-3,TaOx,8,6,4,False
TaOx_01,10.1038/s41598-017-18329-3,TaOx,2909.09,3.463757157444634,1,7,DISCRETE_MULTILEVEL,DERIVED,absolute,SINGLE_DIFFERENTIAL_PAIR,DERIVED_DEVICE_STATE_CAP,64,8,13,0,2,10,203264,56,1024,57344,96.11,0.1200000000000045,96.15764028571428,0.0899347651384087,96.06770552057587,0.04764028571428014,0.04764028571428014,True,LEAVE_ONE_FAMILY_OUT,TaOx,TaOx_01,10.1038/s41598-017-18329-3,TaOx,8,6,4,False
TaOx_01,10.1038/s41598-017-18329-3,TaOx,2909.09,3.463757157444634,1,7,DISCRETE_MULTILEVEL,DERIVED,absolute,SINGLE_DIFFERENTIAL_PAIR,DERIVED_DEVICE_STATE_CAP,64,7,13,0,2,10,203264,56,1024,57344,96.11,0.1200000000000045,96.15468378571428,0.08712475479400492,96.06755903092028,0.044683785714283886,0.044683785714283886,True,LEAVE_ONE_FAMILY_OUT,TaOx,TaOx_01,10.1038/s41598-017-18329-3,TaOx,8,6,4,False
TaOx_01,10.1038/s41598-017-18329-3,TaOx,2909.09,3.463757157444634,1,7,DISCRETE_MULTILEVEL,DERIVED,absolute,SINGLE_DIFFERENTIAL_PAIR,DERIVED_DEVICE_STATE_CAP,16,4,13,0,2,9,203264,800,512,409600,96.11,0.1200000000000045,96.07024998412697,0.01403280919036281,96.0562171749366,-0.03975001587302529,0.03975001587302529,True,LEAVE_ONE_FAMILY_OUT,TaOx,TaOx_01,10.1038/s41598-017-18329-3,TaOx,8,6,4,False
TaOx_01,10.1038/s41598-017-18329-3,TaOx,2909.09,3.463757157444634,1,7,DISCRETE_MULTILEVEL,DERIVED,absolute,SINGLE_DIFFERENTIAL_PAIR,DERIVED_DEVICE_STATE_CAP,64,5,13,0,2,10,203264,56,1024,57344,96.11,0.1200000000000045,96.09599896031746,0.03892241835374499,96.05707654196371,-0.014001039682540295,0.014001039682540295,True,LEAVE_ONE_FAMILY_OUT,TaOx,TaOx_01,10.1038/s41598-017-18329-3,TaOx,8,6,4,False
TaOx_01,10.1038/s41598-017-18329-3,TaOx,2909.09,3.463757157444634,1,7,DISCRETE_MULTILEVEL,DERIVED,absolute,SINGLE_DIFFERENTIAL_PAIR,DERIVED_DEVICE_STATE_CAP,64,6,13,0,2,10,203264,56,1024,57344,96.11,0.1200000000000045,96.16572230952382,0.09805792309200445,96.06766438643182,0.05572230952381574,0.05572230952381574,True,LEAVE_ONE_FAMILY_OUT,TaOx,TaOx_01,10.1038/s41598-017-18329-3,TaOx,8,6,4,False
TaOx_01,10.1038/s41598-017-18329-3,TaOx,2909.09,3.463757157444634,1,7,DISCRETE_MULTILEVEL,DERIVED,absolute,SINGLE_DIFFERENTIAL_PAIR,DERIVED_DEVICE_STATE_CAP,16,7,13,0,2,9,203264,800,512,409600,96.11,0.1200000000000045,96.15577607936508,0.080059451013756,96.07571662835133,0.04577607936508343,0.04577607936508343,True,LEAVE_ONE_FAMILY_OUT,TaOx,TaOx_01,10.1038/s41598-017-18329-3,TaOx,8,6,4,False
TaOx_01,10.1038/s41598-017-18329-3,TaOx,2909.09,3.463757157444634,1,7,DISCRETE_MULTILEVEL,DERIVED,absolute,SINGLE_DIFFERENTIAL_PAIR,DERIVED_DEVICE_STATE_CAP,32,8,13,0,2,8,203264,208,256,53248,96.11,0.1200000000000045,96.15705785714285,0.08779674881083196,96.06926110833201,0.04705785714284616,0.04705785714284616,True,LEAVE_ONE_FAMILY_OUT,TaOx,TaOx_01,10.1038/s41598-017-18329-3,TaOx,8,6,4,False
TaOx_01,10.1038/s41598-017-18329-3,TaOx,2909.09,3.463757157444634,1,7,DISCRETE_MULTILEVEL,DERIVED,absolute,SINGLE_DIFFERENTIAL_PAIR,DERIVED_DEVICE_STATE_CAP,32,7,13,0,2,8,203264,208,256,53248,96.11,0.1200000000000045,96.15709038095237,0.08747293612791102,96.06961744482446,0.04709038095236906,0.04709038095236906,True,LEAVE_ONE_FAMILY_OUT,TaOx,TaOx_01,10.1038/s41598-017-18329-3,TaOx,8,6,4,False
TaOx_01,10.1038/s41598-017-18329-3,TaOx,2909.09,3.463757157444634,1,7,DISCRETE_MULTILEVEL,DERIVED,absolute,SINGLE_DIFFERENTIAL_PAIR,DERIVED_DEVICE_STATE_CAP,32,5,13,0,2,10,203264,208,1024,212992,96.1,0.1300000000000096,96.09256731746031,0.03824501240333037,96.05432230505697,-0.0074326825396866525,0.0074326825396866525,True,LEAVE_ONE_FAMILY_OUT,TaOx,TaOx_01,10.1038/s41598-017-18329-3,TaOx,8,6,4,False
TaOx_01,10.1038/s41598-017-18329-3,TaOx,2909.09,3.463757157444634,1,7,DISCRETE_MULTILEVEL,DERIVED,absolute,SINGLE_DIFFERENTIAL_PAIR,DERIVED_DEVICE_STATE_CAP,256,4,13,0,2,10,203264,10,1024,10240,96.1,0.1300000000000096,96.06259263492063,0.013518183597633633,96.049074451323,-0.03740736507936049,0.03740736507936049,True,LEAVE_ONE_FAMILY_OUT,TaOx,TaOx_01,10.1038/s41598-017-18329-3,TaOx,8,6,4,False
TaOx_01,10.1038/s41598-017-18329-3,TaOx,2909.09,3.463757157444634,1,7,DISCRETE_MULTILEVEL,DERIVED,absolute,SINGLE_DIFFERENTIAL_PAIR,DERIVED_DEVICE_STATE_CAP,256,8,13,0,2,10,203264,10,1024,10240,96.1,0.1300000000000096,96.15833589133088,0.08865335797104065,96.06968253335984,0.05833589133088424,0.05833589133088424,True,LEAVE_ONE_FAMILY_OUT,TaOx,TaOx_01,10.1038/s41598-017-18329-3,TaOx,8,6,4,False
TaOx_01,10.1038/s41598-017-18329-3,TaOx,2909.09,3.463757157444634,1,7,DISCRETE_MULTILEVEL,DERIVED,absolute,SINGLE_DIFFERENTIAL_PAIR,DERIVED_DEVICE_STATE_CAP,32,4,13,0,2,9,203264,208,512,106496,96.1,0.1300000000000096,96.05942346825395,0.01806367981082293,96.04135978844313,-0.0405765317460407,0.0405765317460407,True,LEAVE_ONE_FAMILY_OUT,TaOx,TaOx_01,10.1038/s41598-017-18329-3,TaOx,8,6,4,False
TaOx_01,10.1038/s41598-017-18329-3,TaOx,2909.09,3.463757157444634,1,7,DISCRETE_MULTILEVEL,DERIVED,absolute,SINGLE_DIFFERENTIAL_PAIR,DERIVED_DEVICE_STATE_CAP,32,4,13,0,2,10,203264,208,1024,212992,96.1,0.1300000000000096,96.05723039682539,0.00995066330527501,96.04727973352011,-0.04276960317460521,0.04276960317460521,True,LEAVE_ONE_FAMILY_OUT,TaOx,TaOx_01,10.1038/s41598-017-18329-3,TaOx,8,6,4,False
TaOx_01,10.1038/s41598-017-18329-3,TaOx,2909.09,3.463757157444634,1,7,DISCRETE_MULTILEVEL,DERIVED,absolute,SINGLE_DIFFERENTIAL_PAIR,DERIVED_DEVICE_STATE_CAP,32,5,13,0,2,9,203264,208,512,106496,96.1,0.1300000000000096,96.09865842857143,0.04377501385913813,96.0548834147123,-0.0013415714285684999,0.0013415714285684999,True,LEAVE_ONE_FAMILY_OUT,TaOx,TaOx_01,10.1038/s41598-017-18329-3,TaOx,8,6,4,False
TaOx_01,10.1038/s41598-017-18329-3,TaOx,2909.09,3.463757157444634,1,7,DISCRETE_MULTILEVEL,DERIVED,absolute,SINGLE_DIFFERENTIAL_PAIR,DERIVED_DEVICE_STATE_CAP,32,6,13,0,2,10,203264,208,1024,212992,96.1,0.1300000000000096,96.16690455555555,0.10378367474221047,96.06312088081334,0.06690455555555275,0.06690455555555275,True,LEAVE_ONE_FAMILY_OUT,TaOx,TaOx_01,10.1038/s41598-017-18329-3,TaOx,8,6,4,False
TaOx_01,10.1038/s41598-017-18329-3,TaOx,2909.09,3.463757157444634,1,7,DISCRETE_MULTILEVEL,DERIVED,absolute,SINGLE_DIFFERENTIAL_PAIR,DERIVED_DEVICE_STATE_CAP,32,6,13,0,2,9,203264,208,512,106496,96.1,0.1300000000000096,96.15998342857144,0.0896534625471148,96.07032996602432,0.05998342857144223,0.05998342857144223,True,LEAVE_ONE_FAMILY_OUT,TaOx,TaOx_01,10.1038/s41598-017-18329-3,TaOx,8,6,4,False
TaOx_01,10.1038/s41598-017-18329-3,TaOx,2909.09,3.463757157444634,1,7,DISCRETE_MULTILEVEL,DERIVED,absolute,SINGLE_DIFFERENTIAL_PAIR,DERIVED_DEVICE_STATE_CAP,16,6,13,0,2,10,203264,800,1024,819200,96.1,0.1300000000000096,96.1701036984127,0.10202805753899713,96.0680756408737,0.07010369841270858,0.07010369841270858,True,LEAVE_ONE_FAMILY_OUT,TaOx,TaOx_01,10.1038/s41598-017-18329-3,TaOx,8,6,4,False
TaOx_01,10.1038/s41598-017-18329-3,TaOx,2909.09,3.463757157444634,1,7,DISCRETE_MULTILEVEL,DERIVED,absolute,SINGLE_DIFFERENTIAL_PAIR,DERIVED_DEVICE_STATE_CAP,16,5,13,0,2,10,203264,800,1024,819200,96.1,0.1300000000000096,96.09559345238095,0.03353963658170096,96.06205381579925,-0.004406547619041135,0.004406547619041135,True,LEAVE_ONE_FAMILY_OUT,TaOx,TaOx_01,10.1038/s41598-017-18329-3,TaOx,8,6,4,False
TaOx_01,10.1038/s41598-017-18329-3,TaOx,2909.09,3.463757157444634,1,7,DISCRETE_MULTILEVEL,DERIVED,absolute,SINGLE_DIFFERENTIAL_PAIR,DERIVED_DEVICE_STATE_CAP,16,7,13,0,2,10,203264,800,1024,819200,96.1,0.1300000000000096,96.15621633333333,0.08869484579396929,96.06752148753937,0.05621633333333875,0.05621633333333875,True,LEAVE_ONE_FAMILY_OUT,TaOx,TaOx_01,10.1038/s41598-017-18329-3,TaOx,8,6,4,False
TaOx_01,10.1038/s41598-017-18329-3,TaOx,2909.09,3.463757157444634,1,7,DISCRETE_MULTILEVEL,DERIVED,absolute,SINGLE_DIFFERENTIAL_PAIR,DERIVED_DEVICE_STATE_CAP,16,4,13,0,2,10,203264,800,1024,819200,96.1,0.1300000000000096,96.06551316666666,0.008411954815056787,96.0571012118516,-0.034486833333332356,0.034486833333332356,True,LEAVE_ONE_FAMILY_OUT,TaOx,TaOx_01,10.1038/s41598-017-18329-3,TaOx,8,6,4,False
TaOx_01,10.1038/s41598-017-18329-3,TaOx,2909.09,3.463757157444634,1,7,DISCRETE_MULTILEVEL,DERIVED,absolute,SINGLE_DIFFERENTIAL_PAIR,DERIVED_DEVICE_STATE_CAP,32,7,13,0,2,10,203264,208,1024,212992,96.1,0.1300000000000096,96.1532362142857,0.09060595660205072,96.06263025768365,0.05323621428570391,0.05323621428570391,True,LEAVE_ONE_FAMILY_OUT,TaOx,TaOx_01,10.1038/s41598-017-18329-3,TaOx,8,6,4,False
TaOx_01,10.1038/s41598-017-18329-3,TaOx,2909.09,3.463757157444634,1,7,DISCRETE_MULTILEVEL,DERIVED,absolute,SINGLE_DIFFERENTIAL_PAIR,DERIVED_DEVICE_STATE_CAP,32,7,13,0,2,9,203264,208,512,106496,96.1,0.1300000000000096,96.1525506031746,0.0820257963616463,96.07052480681295,0.05255060317460902,0.05255060317460902,True,LEAVE_ONE_FAMILY_OUT,TaOx,TaOx_01,10.1038/s41598-017-18329-3,TaOx,8,6,4,False
TaOx_01,10.1038/s41598-017-18329-3,TaOx,2909.09,3.463757157444634,1,7,DISCRETE_MULTILEVEL,DERIVED,absolute,SINGLE_DIFFERENTIAL_PAIR,DERIVED_DEVICE_STATE_CAP,32,8,13,0,2,10,203264,208,1024,212992,96.1,0.1300000000000096,96.15704964285713,0.09386176004732576,96.0631878828098,0.05704964285713743,0.05704964285713743,True,LEAVE_ONE_FAMILY_OUT,TaOx,TaOx_01,10.1038/s41598-017-18329-3,TaOx,8,6,4,False
TaOx_01,10.1038/s41598-017-18329-3,TaOx,2909.09,3.463757157444634,1,7,DISCRETE_MULTILEVEL,DERIVED,absolute,SINGLE_DIFFERENTIAL_PAIR,DERIVED_DEVICE_STATE_CAP,32,8,13,0,2,9,203264,208,512,106496,96.1,0.1300000000000096,96.15504712698413,0.08456173543345445,96.07048539155068,0.055047126984135275,0.055047126984135275,True,LEAVE_ONE_FAMILY_OUT,TaOx,TaOx_01,10.1038/s41598-017-18329-3,TaOx,8,6,4,False
TaOx_01,10.1038/s41598-017-18329-3,TaOx,2909.09,3.463757157444634,1,7,DISCRETE_MULTILEVEL,DERIVED,absolute,SINGLE_DIFFERENTIAL_PAIR,DERIVED_DEVICE_STATE_CAP,256,5,13,0,2,10,203264,10,1024,10240,96.1,0.1300000000000096,96.09840962698412,0.04059989975017412,96.05780972723394,-0.0015903730158726148,0.0015903730158726148,True,LEAVE_ONE_FAMILY_OUT,TaOx,TaOx_01,10.1038/s41598-017-18329-3,TaOx,8,6,4,False
TaOx_01,10.1038/s41598-017-18329-3,TaOx,2909.09,3.463757157444634,1,7,DISCRETE_MULTILEVEL,DERIVED,absolute,SINGLE_DIFFERENTIAL_PAIR,DERIVED_DEVICE_STATE_CAP,16,8,13,0,2,10,203264,800,1024,819200,96.1,0.1300000000000096,96.16023633333332,0.0921302118771331,96.06810612145618,0.06023633333332157,0.06023633333332157,True,LEAVE_ONE_FAMILY_OUT,TaOx,TaOx_01,10.1038/s41598-017-18329-3,TaOx,8,6,4,False
TaOx_01,10.1038/s41598-017-18329-3,TaOx,2909.09,3.463757157444634,1,7,DISCRETE_MULTILEVEL,DERIVED,absolute,SINGLE_DIFFERENTIAL_PAIR,DERIVED_DEVICE_STATE_CAP,256,6,13,0,2,10,203264,10,1024,10240,96.1,0.1300000000000096,96.16720973015872,0.0979043973258376,96.06930533283288,0.06720973015872289,0.06720973015872289,True,LEAVE_ONE_FAMILY_OUT,TaOx,TaOx_01,10.1038/s41598-017-18329-3,TaOx,8,6,4,False
TaOx_01,10.1038/s41598-017-18329-3,TaOx,2909.09,3.463757157444634,1,7,DISCRETE_MULTILEVEL,DERIVED,absolute,SINGLE_DIFFERENTIAL_PAIR,DERIVED_DEVICE_STATE_CAP,256,7,13,0,2,10,203264,10,1024,10240,96.1,0.1300000000000096,96.15789779609278,0.08815119105425871,96.06974660503852,0.05789779609278867,0.05789779609278867,True,LEAVE_ONE_FAMILY_OUT,TaOx,TaOx_01,10.1038/s41598-017-18329-3,TaOx,8,6,4,False
TaOx_01,10.1038/s41598-017-18329-3,TaOx,2909.09,3.463757157444634,1,7,DISCRETE_MULTILEVEL,DERIVED,absolute,SINGLE_DIFFERENTIAL_PAIR,DERIVED_DEVICE_STATE_CAP,64,5,13,0,2,8,203264,56,256,14336,96.08,0.1500000000000056,96.1027191031746,0.06469589068965687,96.03802321248494,0.02271910317460879,0.02271910317460879,True,LEAVE_ONE_FAMILY_OUT,TaOx,TaOx_01,10.1038/s41598-017-18329-3,TaOx,8,6,4,False
TaOx_01,10.1038/s41598-017-18329-3,TaOx,2909.09,3.463757157444634,1,7,DISCRETE_MULTILEVEL,DERIVED,absolute,SINGLE_DIFFERENTIAL_PAIR,DERIVED_DEVICE_STATE_CAP,64,6,13,0,2,8,203264,56,256,14336,96.08,0.1500000000000056,96.16514669841268,0.1003316154750393,96.06481508293764,0.08514669841268585,0.08514669841268585,True,LEAVE_ONE_FAMILY_OUT,TaOx,TaOx_01,10.1038/s41598-017-18329-3,TaOx,8,6,4,False
TaOx_01,10.1038/s41598-017-18329-3,TaOx,2909.09,3.463757157444634,1,7,DISCRETE_MULTILEVEL,DERIVED,absolute,SINGLE_DIFFERENTIAL_PAIR,DERIVED_DEVICE_STATE_CAP,64,7,13,0,2,8,203264,56,256,14336,96.08,0.1500000000000056,96.15251064285715,0.08899086099168872,96.06351978186547,0.07251064285715358,0.07251064285715358,True,LEAVE_ONE_FAMILY_OUT,TaOx,TaOx_01,10.1038/s41598-017-18329-3,TaOx,8,6,4,False
TaOx_01,10.1038/s41598-017-18329-3,TaOx,2909.09,3.463757157444634,1,7,DISCRETE_MULTILEVEL,DERIVED,absolute,SINGLE_DIFFERENTIAL_PAIR,DERIVED_DEVICE_STATE_CAP,64,8,13,0,2,8,203264,56,256,14336,96.08,0.1500000000000056,96.15307471428572,0.08948059765264574,96.06359411663307,0.07307471428572399,0.07307471428572399,True,LEAVE_ONE_FAMILY_OUT,TaOx,TaOx_01,10.1038/s41598-017-18329-3,TaOx,8,6,4,False
TaOx_01,10.1038/s41598-017-18329-3,TaOx,2909.09,3.463757157444634,1,7,DISCRETE_MULTILEVEL,DERIVED,absolute,SINGLE_DIFFERENTIAL_PAIR,DERIVED_DEVICE_STATE_CAP,128,4,13,0,2,9,203264,16,512,8192,96.08,0.1500000000000056,96.04432353968255,0.018924860034196873,96.02539867964836,-0.03567646031744687,0.03567646031744687,True,LEAVE_ONE_FAMILY_OUT,TaOx,TaOx_01,10.1038/s41598-017-18329-3,TaOx,8,6,4,False
TaOx_01,10.1038/s41598-017-18329-3,TaOx,2909.09,3.463757157444634,1,7,DISCRETE_MULTILEVEL,DERIVED,absolute,SINGLE_DIFFERENTIAL_PAIR,DERIVED_DEVICE_STATE_CAP,128,5,13,0,2,9,203264,16,512,8192,96.08,0.1500000000000056,96.09250142063493,0.05432736940645804,96.03817405122848,0.012501420634933424,0.012501420634933424,True,LEAVE_ONE_FAMILY_OUT,TaOx,TaOx_01,10.1038/s41598-017-18329-3,TaOx,8,6,4,False
TaOx_01,10.1038/s41598-017-18329-3,TaOx,2909.09,3.463757157444634,1,7,DISCRETE_MULTILEVEL,DERIVED,absolute,SINGLE_DIFFERENTIAL_PAIR,DERIVED_DEVICE_STATE_CAP,256,4,13,0,2,9,203264,10,512,5120,96.08,0.1500000000000056,96.04551454761904,0.016121092149480484,96.02939345546956,-0.03448545238096301,0.03448545238096301,True,LEAVE_ONE_FAMILY_OUT,TaOx,TaOx_01,10.1038/s41598-017-18329-3,TaOx,8,6,4,False
TaOx_01,10.1038/s41598-017-18329-3,TaOx,2909.09,3.463757157444634,1,7,DISCRETE_MULTILEVEL,DERIVED,absolute,SINGLE_DIFFERENTIAL_PAIR,DERIVED_DEVICE_STATE_CAP,256,5,13,0,2,9,203264,10,512,5120,96.08,0.1500000000000056,96.09434414285714,0.05433873152267796,96.04000541133446,0.014344142857140696,0.014344142857140696,True,LEAVE_ONE_FAMILY_OUT,TaOx,TaOx_01,10.1038/s41598-017-18329-3,TaOx,8,6,4,False
TaOx_01,10.1038/s41598-017-18329-3,TaOx,2909.09,3.463757157444634,1,7,DISCRETE_MULTILEVEL,DERIVED,absolute,SINGLE_DIFFERENTIAL_PAIR,DERIVED_DEVICE_STATE_CAP,256,6,13,0,2,9,203264,10,512,5120,96.08,0.1500000000000056,96.15199092857142,0.0907192462885352,96.0612716822829,0.07199092857142375,0.07199092857142375,True,LEAVE_ONE_FAMILY_OUT,TaOx,TaOx_01,10.1038/s41598-017-18329-3,TaOx,8,6,4,False
TaOx_01,10.1038/s41598-017-18329-3,TaOx,2909.09,3.463757157444634,1,7,DISCRETE_MULTILEVEL,DERIVED,absolute,SINGLE_DIFFERENTIAL_PAIR,DERIVED_DEVICE_STATE_CAP,128,7,13,0,2,9,203264,16,512,8192,96.08,0.1500000000000056,96.14154818253968,0.08247808574175132,96.05907009679792,0.061548182539681306,0.061548182539681306,True,LEAVE_ONE_FAMILY_OUT,TaOx,TaOx_01,10.1038/s41598-017-18329-3,TaOx,8,6,4,False
TaOx_01,10.1038/s41598-017-18329-3,TaOx,2909.09,3.463757157444634,1,7,DISCRETE_MULTILEVEL,DERIVED,absolute,SINGLE_DIFFERENTIAL_PAIR,DERIVED_DEVICE_STATE_CAP,128,8,13,0,2,9,203264,16,512,8192,96.08,0.1500000000000056,96.14218561111112,0.08313429703995177,96.05905131407117,0.06218561111111853,0.06218561111111853,True,LEAVE_ONE_FAMILY_OUT,TaOx,TaOx_01,10.1038/s41598-017-18329-3,TaOx,8,6,4,False
TaOx_01,10.1038/s41598-017-18329-3,TaOx,2909.09,3.463757157444634,1,7,DISCRETE_MULTILEVEL,DERIVED,absolute,SINGLE_DIFFERENTIAL_PAIR,DERIVED_DEVICE_STATE_CAP,128,6,13,0,2,9,203264,16,512,8192,96.08,0.1500000000000056,96.14980227777778,0.09057764562533259,96.05922463215245,0.06980227777778225,0.06980227777778225,True,LEAVE_ONE_FAMILY_OUT,TaOx,TaOx_01,10.1038/s41598-017-18329-3,TaOx,8,6,4,False
TaOx_01,10.1038/s41598-017-18329-3,TaOx,2909.09,3.463757157444634,1,7,DISCRETE_MULTILEVEL,DERIVED,absolute,SINGLE_DIFFERENTIAL_PAIR,DERIVED_DEVICE_STATE_CAP,64,4,13,0,2,8,203264,56,256,14336,96.08,0.1500000000000056,96.04831726190477,0.017569734720828345,96.03074752718395,-0.03168273809522759,0.03168273809522759,True,LEAVE_ONE_FAMILY_OUT,TaOx,TaOx_01,10.1038/s41598-017-18329-3,TaOx,8,6,4,False
TaOx_01,10.1038/s41598-017-18329-3,TaOx,2909.09,3.463757157444634,1,7,DISCRETE_MULTILEVEL,DERIVED,absolute,SINGLE_DIFFERENTIAL_PAIR,DERIVED_DEVICE_STATE_CAP,256,8,13,0,2,9,203264,10,512,5120,96.08,0.1500000000000056,96.14335916666667,0.08200461865714916,96.06135454800952,0.06335916666667174,0.06335916666667174,True,LEAVE_ONE_FAMILY_OUT,TaOx,TaOx_01,10.1038/s41598-017-18329-3,TaOx,8,6,4,False
TaOx_01,10.1038/s41598-017-18329-3,TaOx,2909.09,3.463757157444634,1,7,DISCRETE_MULTILEVEL,DERIVED,absolute,SINGLE_DIFFERENTIAL_PAIR,DERIVED_DEVICE_STATE_CAP,256,7,13,0,2,9,203264,10,512,5120,96.08,0.1500000000000056,96.14275435714285,0.08146278310758885,96.06129157403527,0.06275435714285038,0.06275435714285038,True,LEAVE_ONE_FAMILY_OUT,TaOx,TaOx_01,10.1038/s41598-017-18329-3,TaOx,8,6,4,False
TaOx_01,10.1038/s41598-017-18329-3,TaOx,2909.09,3.463757157444634,1,7,DISCRETE_MULTILEVEL,DERIVED,absolute,SINGLE_DIFFERENTIAL_PAIR,DERIVED_DEVICE_STATE_CAP,16,6,13,0,2,7,203264,800,128,102400,96.07,0.1600000000000108,96.17908754761905,0.07013417871441348,96.10895336890464,0.1090875476190547,0.1090875476190547,True,LEAVE_ONE_FAMILY_OUT,TaOx,TaOx_01,10.1038/s41598-017-18329-3,TaOx,8,6,4,False
TaOx_01,10.1038/s41598-017-18329-3,TaOx,2909.09,3.463757157444634,1,7,DISCRETE_MULTILEVEL,DERIVED,absolute,SINGLE_DIFFERENTIAL_PAIR,DERIVED_DEVICE_STATE_CAP,16,5,13,0,2,7,203264,800,128,102400,96.07,0.1600000000000108,96.13342709523809,0.04003444485660177,96.09339265038149,0.06342709523809731,0.06342709523809731,True,LEAVE_ONE_FAMILY_OUT,TaOx,TaOx_01,10.1038/s41598-017-18329-3,TaOx,8,6,4,False
TaOx_01,10.1038/s41598-017-18329-3,TaOx,2909.09,3.463757157444634,1,7,DISCRETE_MULTILEVEL,DERIVED,absolute,SINGLE_DIFFERENTIAL_PAIR,DERIVED_DEVICE_STATE_CAP,16,7,13,0,2,7,203264,800,128,102400,96.07,0.1600000000000108,96.17648138095238,0.06748740734306909,96.10899397360932,0.10648138095238835,0.10648138095238835,True,LEAVE_ONE_FAMILY_OUT,TaOx,TaOx_01,10.1038/s41598-017-18329-3,TaOx,8,6,4,False
TaOx_01,10.1038/s41598-017-18329-3,TaOx,2909.09,3.463757157444634,1,7,DISCRETE_MULTILEVEL,DERIVED,absolute,SINGLE_DIFFERENTIAL_PAIR,DERIVED_DEVICE_STATE_CAP,16,4,13,0,2,7,203264,800,128,102400,96.07,0.1600000000000108,96.10371714285715,0.028545635988574746,96.07517150686857,0.033717142857156546,0.033717142857156546,True,LEAVE_ONE_FAMILY_OUT,TaOx,TaOx_01,10.1038/s41598-017-18329-3,TaOx,8,6,4,False
TaOx_01,10.1038/s41598-017-18329-3,TaOx,2909.09,3.463757157444634,1,7,DISCRETE_MULTILEVEL,DERIVED,absolute,SINGLE_DIFFERENTIAL_PAIR,DERIVED_DEVICE_STATE_CAP,16,8,13,0,2,7,203264,800,128,102400,96.07,0.1600000000000108,96.17699457142857,0.06793616031166191,96.1090584111169,0.10699457142857227,0.10699457142857227,True,LEAVE_ONE_FAMILY_OUT,TaOx,TaOx_01,10.1038/s41598-017-18329-3,TaOx,8,6,4,False
TaOx_01,10.1038/s41598-017-18329-3,TaOx,2909.09,3.463757157444634,1,7,DISCRETE_MULTILEVEL,DERIVED,absolute,SINGLE_DIFFERENTIAL_PAIR,DERIVED_DEVICE_STATE_CAP,16,8,13,0,2,6,203264,800,64,51200,96.04,0.1899999999999977,96.12838797619048,0.08626919204481111,96.04211878414567,0.08838797619047511,0.08838797619047511,True,LEAVE_ONE_FAMILY_OUT,TaOx,TaOx_01,10.1038/s41598-017-18329-3,TaOx,8,6,4,False
TaOx_01,10.1038/s41598-017-18329-3,TaOx,2909.09,3.463757157444634,1,7,DISCRETE_MULTILEVEL,DERIVED,absolute,SINGLE_DIFFERENTIAL_PAIR,DERIVED_DEVICE_STATE_CAP,16,7,13,0,2,6,203264,800,64,51200,96.04,0.1899999999999977,96.12691467460317,0.0847393160268857,96.04217535857629,0.0869146746031646,0.0869146746031646,True,LEAVE_ONE_FAMILY_OUT,TaOx,TaOx_01,10.1038/s41598-017-18329-3,TaOx,8,6,4,False
TaOx_01,10.1038/s41598-017-18329-3,TaOx,2909.09,3.463757157444634,1,7,DISCRETE_MULTILEVEL,DERIVED,absolute,SINGLE_DIFFERENTIAL_PAIR,DERIVED_DEVICE_STATE_CAP,16,6,13,0,2,6,203264,800,64,51200,96.04,0.1899999999999977,96.12869231746032,0.08637871873354633,96.04231359872678,0.08869231746031403,0.08869231746031403,True,LEAVE_ONE_FAMILY_OUT,TaOx,TaOx_01,10.1038/s41598-017-18329-3,TaOx,8,6,4,False
TaOx_01,10.1038/s41598-017-18329-3,TaOx,2909.09,3.463757157444634,1,7,DISCRETE_MULTILEVEL,DERIVED,absolute,SINGLE_DIFFERENTIAL_PAIR,DERIVED_DEVICE_STATE_CAP,128,7,13,0,2,8,203264,16,256,4096,96.04,0.1899999999999977,96.14847104761905,0.09488746218534652,96.05358358543371,0.10847104761904802,0.10847104761904802,True,LEAVE_ONE_FAMILY_OUT,TaOx,TaOx_01,10.1038/s41598-017-18329-3,TaOx,8,6,4,False
TaOx_01,10.1038/s41598-017-18329-3,TaOx,2909.09,3.463757157444634,1,7,DISCRETE_MULTILEVEL,DERIVED,absolute,SINGLE_DIFFERENTIAL_PAIR,DERIVED_DEVICE_STATE_CAP,128,6,13,0,2,8,203264,16,256,4096,96.04,0.1899999999999977,96.16159749206349,0.10680678632456315,96.05479070573892,0.12159749206348636,0.12159749206348636,True,LEAVE_ONE_FAMILY_OUT,TaOx,TaOx_01,10.1038/s41598-017-18329-3,TaOx,8,6,4,False
TaOx_01,10.1038/s41598-017-18329-3,TaOx,2909.09,3.463757157444634,1,7,DISCRETE_MULTILEVEL,DERIVED,absolute,SINGLE_DIFFERENTIAL_PAIR,DERIVED_DEVICE_STATE_CAP,128,4,13,0,2,8,203264,16,256,4096,96.04,0.1899999999999977,96.0397598095238,0.02300696191664799,96.01675284760715,-0.0002401904762052709,0.0002401904762052709,True,LEAVE_ONE_FAMILY_OUT,TaOx,TaOx_01,10.1038/s41598-017-18329-3,TaOx,8,6,4,False
TaOx_01,10.1038/s41598-017-18329-3,TaOx,2909.09,3.463757157444634,1,7,DISCRETE_MULTILEVEL,DERIVED,absolute,SINGLE_DIFFERENTIAL_PAIR,DERIVED_DEVICE_STATE_CAP,128,5,13,0,2,8,203264,16,256,4096,96.04,0.1899999999999977,96.09431840476189,0.06301011943664474,96.03130828532525,0.05431840476188654,0.05431840476188654,True,LEAVE_ONE_FAMILY_OUT,TaOx,TaOx_01,10.1038/s41598-017-18329-3,TaOx,8,6,4,False
TaOx_01,10.1038/s41598-017-18329-3,TaOx,2909.09,3.463757157444634,1,7,DISCRETE_MULTILEVEL,DERIVED,absolute,SINGLE_DIFFERENTIAL_PAIR,DERIVED_DEVICE_STATE_CAP,128,8,13,0,2,8,203264,16,256,4096,96.04,0.1899999999999977,96.14774611904762,0.09454167265254743,96.05320444639507,0.10774611904761855,0.10774611904761855,True,LEAVE_ONE_FAMILY_OUT,TaOx,TaOx_01,10.1038/s41598-017-18329-3,TaOx,8,6,4,False
TaOx_01,10.1038/s41598-017-18329-3,TaOx,2909.09,3.463757157444634,1,7,DISCRETE_MULTILEVEL,DERIVED,absolute,SINGLE_DIFFERENTIAL_PAIR,DERIVED_DEVICE_STATE_CAP,16,5,13,0,2,6,203264,800,64,51200,96.04,0.1899999999999977,96.09948253968253,0.07100349137893235,96.0284790483036,0.05948253968252004,0.05948253968252004,True,LEAVE_ONE_FAMILY_OUT,TaOx,TaOx_01,10.1038/s41598-017-18329-3,TaOx,8,6,4,False
TaOx_01,10.1038/s41598-017-18329-3,TaOx,2909.09,3.463757157444634,1,7,DISCRETE_MULTILEVEL,DERIVED,absolute,SINGLE_DIFFERENTIAL_PAIR,DERIVED_DEVICE_STATE_CAP,16,4,13,0,2,6,203264,800,64,51200,96.04,0.1899999999999977,96.05005280952379,0.039878590661467005,96.01017421886232,0.010052809523784845,0.010052809523784845,True,LEAVE_ONE_FAMILY_OUT,TaOx,TaOx_01,10.1038/s41598-017-18329-3,TaOx,8,6,4,False
TaOx_01,10.1038/s41598-017-18329-3,TaOx,2909.09,3.463757157444634,1,7,DISCRETE_MULTILEVEL,DERIVED,absolute,SINGLE_DIFFERENTIAL_PAIR,DERIVED_DEVICE_STATE_CAP,256,4,13,0,2,8,203264,10,256,2560,96.03,0.2000000000000028,96.0445166825397,0.02594286527271313,96.01857381726698,0.014516682539692738,0.014516682539692738,True,LEAVE_ONE_FAMILY_OUT,TaOx,TaOx_01,10.1038/s41598-017-18329-3,TaOx,8,6,4,False
TaOx_01,10.1038/s41598-017-18329-3,TaOx,2909.09,3.463757157444634,1,7,DISCRETE_MULTILEVEL,DERIVED,absolute,SINGLE_DIFFERENTIAL_PAIR,DERIVED_DEVICE_STATE_CAP,256,7,13,0,2,8,203264,10,256,2560,96.03,0.2000000000000028,96.14693188095238,0.09218438146642363,96.05474749948596,0.11693188095237872,0.11693188095237872,True,LEAVE_ONE_FAMILY_OUT,TaOx,TaOx_01,10.1038/s41598-017-18329-3,TaOx,8,6,4,False
TaOx_01,10.1038/s41598-017-18329-3,TaOx,2909.09,3.463757157444634,1,7,DISCRETE_MULTILEVEL,DERIVED,absolute,SINGLE_DIFFERENTIAL_PAIR,DERIVED_DEVICE_STATE_CAP,256,8,13,0,2,8,203264,10,256,2560,96.03,0.2000000000000028,96.14628692857143,0.09175280669258584,96.05453412187885,0.11628692857142653,0.11628692857142653,True,LEAVE_ONE_FAMILY_OUT,TaOx,TaOx_01,10.1038/s41598-017-18329-3,TaOx,8,6,4,False
TaOx_01,10.1038/s41598-017-18329-3,TaOx,2909.09,3.463757157444634,1,7,DISCRETE_MULTILEVEL,DERIVED,absolute,SINGLE_DIFFERENTIAL_PAIR,DERIVED_DEVICE_STATE_CAP,256,6,13,0,2,8,203264,10,256,2560,96.03,0.2000000000000028,96.15716897619048,0.10244933297738736,96.05471964321309,0.1271689761904753,0.1271689761904753,True,LEAVE_ONE_FAMILY_OUT,TaOx,TaOx_01,10.1038/s41598-017-18329-3,TaOx,8,6,4,False
TaOx_01,10.1038/s41598-017-18329-3,TaOx,2909.09,3.463757157444634,1,7,DISCRETE_MULTILEVEL,DERIVED,absolute,SINGLE_DIFFERENTIAL_PAIR,DERIVED_DEVICE_STATE_CAP,256,5,13,0,2,8,203264,10,256,2560,96.03,0.2000000000000028,96.09000830158729,0.05560126593396417,96.03440703565333,0.060008301587288315,0.060008301587288315,True,LEAVE_ONE_FAMILY_OUT,TaOx,TaOx_01,10.1038/s41598-017-18329-3,TaOx,8,6,4,False
TaOx_01,10.1038/s41598-017-18329-3,TaOx,2909.09,3.463757157444634,1,7,DISCRETE_MULTILEVEL,DERIVED,absolute,SINGLE_DIFFERENTIAL_PAIR,DERIVED_DEVICE_STATE_CAP,256,5,13,0,2,7,203264,10,128,1280,96.01,0.2199999999999988,96.07478935714288,0.06505719570901004,96.00973216143386,0.06478935714287104,0.06478935714287104,True,LEAVE_ONE_FAMILY_OUT,TaOx,TaOx_01,10.1038/s41598-017-18329-3,TaOx,8,6,4,False
TaOx_01,10.1038/s41598-017-18329-3,TaOx,2909.09,3.463757157444634,1,7,DISCRETE_MULTILEVEL,DERIVED,absolute,SINGLE_DIFFERENTIAL_PAIR,DERIVED_DEVICE_STATE_CAP,256,4,13,0,2,7,203264,10,128,1280,96.01,0.2199999999999988,96.03159798412698,0.035944176801725666,95.99565380732525,0.021597984126970005,0.021597984126970005,True,LEAVE_ONE_FAMILY_OUT,TaOx,TaOx_01,10.1038/s41598-017-18329-3,TaOx,8,6,4,False
TaOx_01,10.1038/s41598-017-18329-3,TaOx,2909.09,3.463757157444634,1,7,DISCRETE_MULTILEVEL,DERIVED,absolute,SINGLE_DIFFERENTIAL_PAIR,DERIVED_DEVICE_STATE_CAP,256,8,13,0,2,7,203264,10,128,1280,96.01,0.2199999999999988,96.1249834920635,0.08493925735980441,96.0400442347037,0.11498349206350156,0.11498349206350156,True,LEAVE_ONE_FAMILY_OUT,TaOx,TaOx_01,10.1038/s41598-017-18329-3,TaOx,8,6,4,False
TaOx_01,10.1038/s41598-017-18329-3,TaOx,2909.09,3.463757157444634,1,7,DISCRETE_MULTILEVEL,DERIVED,absolute,SINGLE_DIFFERENTIAL_PAIR,DERIVED_DEVICE_STATE_CAP,256,6,13,0,2,7,203264,10,128,1280,96.01,0.2199999999999988,96.12696634920636,0.08594356250397721,96.04102278670238,0.11696634920635063,0.11696634920635063,True,LEAVE_ONE_FAMILY_OUT,TaOx,TaOx_01,10.1038/s41598-017-18329-3,TaOx,8,6,4,False
TaOx_01,10.1038/s41598-017-18329-3,TaOx,2909.09,3.463757157444634,1,7,DISCRETE_MULTILEVEL,DERIVED,absolute,SINGLE_DIFFERENTIAL_PAIR,DERIVED_DEVICE_STATE_CAP,256,7,13,0,2,7,203264,10,128,1280,96.01,0.2199999999999988,96.12603196825397,0.08536690803305118,96.04066506022092,0.11603196825396367,0.11603196825396367,True,LEAVE_ONE_FAMILY_OUT,TaOx,TaOx_01,10.1038/s41598-017-18329-3,TaOx,8,6,4,False
TaOx_01,10.1038/s41598-017-18329-3,TaOx,2909.09,3.463757157444634,1,7,DISCRETE_MULTILEVEL,DERIVED,absolute,SINGLE_DIFFERENTIAL_PAIR,DERIVED_DEVICE_STATE_CAP,64,8,13,0,2,6,203264,56,64,3584,95.96,0.2700000000000102,96.06845728571427,0.11047178209906879,95.9579855036152,0.10845728571428026,0.10845728571428026,True,LEAVE_ONE_FAMILY_OUT,TaOx,TaOx_01,10.1038/s41598-017-18329-3,TaOx,8,6,4,False
TaOx_01,10.1038/s41598-017-18329-3,TaOx,2909.09,3.463757157444634,1,7,DISCRETE_MULTILEVEL,DERIVED,absolute,SINGLE_DIFFERENTIAL_PAIR,DERIVED_DEVICE_STATE_CAP,64,4,13,0,2,6,203264,56,64,3584,95.96,0.2700000000000102,95.99364236507937,0.09660869770992857,95.89703366736944,0.03364236507937335,0.03364236507937335,True,LEAVE_ONE_FAMILY_OUT,TaOx,TaOx_01,10.1038/s41598-017-18329-3,TaOx,8,6,4,False
TaOx_01,10.1038/s41598-017-18329-3,TaOx,2909.09,3.463757157444634,1,7,DISCRETE_MULTILEVEL,DERIVED,absolute,SINGLE_DIFFERENTIAL_PAIR,DERIVED_DEVICE_STATE_CAP,64,5,13,0,2,6,203264,56,64,3584,95.96,0.2700000000000102,96.06231982539681,0.1087421025038589,95.95357772289296,0.10231982539681894,0.10231982539681894,True,LEAVE_ONE_FAMILY_OUT,TaOx,TaOx_01,10.1038/s41598-017-18329-3,TaOx,8,6,4,False
TaOx_01,10.1038/s41598-017-18329-3,TaOx,2909.09,3.463757157444634,1,7,DISCRETE_MULTILEVEL,DERIVED,absolute,SINGLE_DIFFERENTIAL_PAIR,DERIVED_DEVICE_STATE_CAP,64,6,13,0,2,6,203264,56,64,3584,95.96,0.2700000000000102,96.07074882539682,0.11041312608673348,95.96033569931008,0.11074882539682562,0.11074882539682562,True,LEAVE_ONE_FAMILY_OUT,TaOx,TaOx_01,10.1038/s41598-017-18329-3,TaOx,8,6,4,False
TaOx_01,10.1038/s41598-017-18329-3,TaOx,2909.09,3.463757157444634,1,7,DISCRETE_MULTILEVEL,DERIVED,absolute,SINGLE_DIFFERENTIAL_PAIR,DERIVED_DEVICE_STATE_CAP,64,7,13,0,2,6,203264,56,64,3584,95.96,0.2700000000000102,96.06798595238095,0.11044329853076493,95.95754265385018,0.10798595238095743,0.10798595238095743,True,LEAVE_ONE_FAMILY_OUT,TaOx,TaOx_01,10.1038/s41598-017-18329-3,TaOx,8,6,4,False
TaOx_01,10.1038/s41598-017-18329-3,TaOx,2909.09,3.463757157444634,1,7,DISCRETE_MULTILEVEL,DERIVED,absolute,SINGLE_DIFFERENTIAL_PAIR,DERIVED_DEVICE_STATE_CAP,128,7,13,0,2,7,203264,16,128,2048,95.95,0.2800000000000011,96.13899438888888,0.08330601788600603,96.05568837100287,0.18899438888887232,0.18899438888887232,True,LEAVE_ONE_FAMILY_OUT,TaOx,TaOx_01,10.1038/s41598-017-18329-3,TaOx,8,6,4,False
TaOx_01,10.1038/s41598-017-18329-3,TaOx,2909.09,3.463757157444634,1,7,DISCRETE_MULTILEVEL,DERIVED,absolute,SINGLE_DIFFERENTIAL_PAIR,DERIVED_DEVICE_STATE_CAP,128,8,13,0,2,7,203264,16,128,2048,95.95,0.2800000000000011,96.13955348412698,0.08347089206534784,96.05608259206163,0.18955348412697504,0.18955348412697504,True,LEAVE_ONE_FAMILY_OUT,TaOx,TaOx_01,10.1038/s41598-017-18329-3,TaOx,8,6,4,False
TaOx_01,10.1038/s41598-017-18329-3,TaOx,2909.09,3.463757157444634,1,7,DISCRETE_MULTILEVEL,DERIVED,absolute,SINGLE_DIFFERENTIAL_PAIR,DERIVED_DEVICE_STATE_CAP,64,8,13,0,2,7,203264,56,128,7168,95.95,0.2800000000000011,96.17489275396825,0.07760896020141148,96.09728379376683,0.22489275396824837,0.22489275396824837,True,LEAVE_ONE_FAMILY_OUT,TaOx,TaOx_01,10.1038/s41598-017-18329-3,TaOx,8,6,4,False
TaOx_01,10.1038/s41598-017-18329-3,TaOx,2909.09,3.463757157444634,1,7,DISCRETE_MULTILEVEL,DERIVED,absolute,SINGLE_DIFFERENTIAL_PAIR,DERIVED_DEVICE_STATE_CAP,128,4,13,0,2,7,203264,16,128,2048,95.95,0.2800000000000011,96.04291630158731,0.021004311365373746,96.02191199022194,0.09291630158730868,0.09291630158730868,True,LEAVE_ONE_FAMILY_OUT,TaOx,TaOx_01,10.1038/s41598-017-18329-3,TaOx,8,6,4,False
TaOx_01,10.1038/s41598-017-18329-3,TaOx,2909.09,3.463757157444634,1,7,DISCRETE_MULTILEVEL,DERIVED,absolute,SINGLE_DIFFERENTIAL_PAIR,DERIVED_DEVICE_STATE_CAP,64,6,13,0,2,7,203264,56,128,7168,95.95,0.2800000000000011,96.17417576984127,0.07733621302918815,96.09683955681209,0.22417576984126697,0.22417576984126697,True,LEAVE_ONE_FAMILY_OUT,TaOx,TaOx_01,10.1038/s41598-017-18329-3,TaOx,8,6,4,False
TaOx_01,10.1038/s41598-017-18329-3,TaOx,2909.09,3.463757157444634,1,7,DISCRETE_MULTILEVEL,DERIVED,absolute,SINGLE_DIFFERENTIAL_PAIR,DERIVED_DEVICE_STATE_CAP,64,7,13,0,2,7,203264,56,128,7168,95.95,0.2800000000000011,96.17440053174604,0.0771953774550957,96.09720515429095,0.22440053174604202,0.22440053174604202,True,LEAVE_ONE_FAMILY_OUT,TaOx,TaOx_01,10.1038/s41598-017-18329-3,TaOx,8,6,4,False
TaOx_01,10.1038/s41598-017-18329-3,TaOx,2909.09,3.463757157444634,1,7,DISCRETE_MULTILEVEL,DERIVED,absolute,SINGLE_DIFFERENTIAL_PAIR,DERIVED_DEVICE_STATE_CAP,128,6,13,0,2,7,203264,16,128,2048,95.95,0.2800000000000011,96.13963286507936,0.08349870273621295,96.05613416234316,0.1896328650793606,0.1896328650793606,True,LEAVE_ONE_FAMILY_OUT,TaOx,TaOx_01,10.1038/s41598-017-18329-3,TaOx,8,6,4,False
TaOx_01,10.1038/s41598-017-18329-3,TaOx,2909.09,3.463757157444634,1,7,DISCRETE_MULTILEVEL,DERIVED,absolute,SINGLE_DIFFERENTIAL_PAIR,DERIVED_DEVICE_STATE_CAP,64,5,13,0,2,7,203264,56,128,7168,95.95,0.2800000000000011,96.13592515079365,0.07163200253812321,96.06429314825553,0.18592515079365057,0.18592515079365057,True,LEAVE_ONE_FAMILY_OUT,TaOx,TaOx_01,10.1038/s41598-017-18329-3,TaOx,8,6,4,False
TaOx_01,10.1038/s41598-017-18329-3,TaOx,2909.09,3.463757157444634,1,7,DISCRETE_MULTILEVEL,DERIVED,absolute,SINGLE_DIFFERENTIAL_PAIR,DERIVED_DEVICE_STATE_CAP,128,5,13,0,2,7,203264,16,128,2048,95.95,0.2800000000000011,96.09530550000001,0.0633150206408,96.03199047935921,0.1453055000000063,0.1453055000000063,True,LEAVE_ONE_FAMILY_OUT,TaOx,TaOx_01,10.1038/s41598-017-18329-3,TaOx,8,6,4,False
TaOx_01,10.1038/s41598-017-18329-3,TaOx,2909.09,3.463757157444634,1,7,DISCRETE_MULTILEVEL,DERIVED,absolute,SINGLE_DIFFERENTIAL_PAIR,DERIVED_DEVICE_STATE_CAP,64,4,13,0,2,7,203264,56,128,7168,95.95,0.2800000000000011,96.07725229365079,0.02511851915741751,96.05213377449337,0.12725229365078405,0.12725229365078405,True,LEAVE_ONE_FAMILY_OUT,TaOx,TaOx_01,10.1038/s41598-017-18329-3,TaOx,8,6,4,False
TaOx_01,10.1038/s41598-017-18329-3,TaOx,2909.09,3.463757157444634,1,7,DISCRETE_MULTILEVEL,DERIVED,absolute,SINGLE_DIFFERENTIAL_PAIR,DERIVED_DEVICE_STATE_CAP,32,4,13,0,2,6,203264,208,64,13312,95.95,0.2800000000000011,96.0400482142857,0.046172017648765044,95.99387619663693,0.09004821428570153,0.09004821428570153,True,LEAVE_ONE_FAMILY_OUT,TaOx,TaOx_01,10.1038/s41598-017-18329-3,TaOx,8,6,4,False
TaOx_01,10.1038/s41598-017-18329-3,TaOx,2909.09,3.463757157444634,1,7,DISCRETE_MULTILEVEL,DERIVED,absolute,SINGLE_DIFFERENTIAL_PAIR,DERIVED_DEVICE_STATE_CAP,32,8,13,0,2,6,203264,208,64,13312,95.95,0.2800000000000011,96.1166595952381,0.0887806291445924,96.02787896609351,0.1666595952381016,0.1666595952381016,True,LEAVE_ONE_FAMILY_OUT,TaOx,TaOx_01,10.1038/s41598-017-18329-3,TaOx,8,6,4,False
TaOx_01,10.1038/s41598-017-18329-3,TaOx,2909.09,3.463757157444634,1,7,DISCRETE_MULTILEVEL,DERIVED,absolute,SINGLE_DIFFERENTIAL_PAIR,DERIVED_DEVICE_STATE_CAP,32,7,13,0,2,6,203264,208,64,13312,95.95,0.2800000000000011,96.11477512698411,0.08692398725158794,96.02785113973252,0.1647751269841109,0.1647751269841109,True,LEAVE_ONE_FAMILY_OUT,TaOx,TaOx_01,10.1038/s41598-017-18329-3,TaOx,8,6,4,False
TaOx_01,10.1038/s41598-017-18329-3,TaOx,2909.09,3.463757157444634,1,7,DISCRETE_MULTILEVEL,DERIVED,absolute,SINGLE_DIFFERENTIAL_PAIR,DERIVED_DEVICE_STATE_CAP,32,5,13,0,2,6,203264,208,64,13312,95.95,0.2800000000000011,96.0892502936508,0.07597269061545155,96.01327760303535,0.13925029365080377,0.13925029365080377,True,LEAVE_ONE_FAMILY_OUT,TaOx,TaOx_01,10.1038/s41598-017-18329-3,TaOx,8,6,4,False
TaOx_01,10.1038/s41598-017-18329-3,TaOx,2909.09,3.463757157444634,1,7,DISCRETE_MULTILEVEL,DERIVED,absolute,SINGLE_DIFFERENTIAL_PAIR,DERIVED_DEVICE_STATE_CAP,32,6,13,0,2,6,203264,208,64,13312,95.95,0.2800000000000011,96.11677679365079,0.08829941979850689,96.02847737385228,0.1667767936507829,0.1667767936507829,True,LEAVE_ONE_FAMILY_OUT,TaOx,TaOx_01,10.1038/s41598-017-18329-3,TaOx,8,6,4,False
TaOx_01,10.1038/s41598-017-18329-3,TaOx,2909.09,3.463757157444634,1,7,DISCRETE_MULTILEVEL,DERIVED,absolute,SINGLE_DIFFERENTIAL_PAIR,DERIVED_DEVICE_STATE_CAP,16,7,13,0,2,5,203264,800,32,25600,95.89,0.3400000000000034,96.061536004329,0.12309094127732467,95.93844506305167,0.17153600432899907,0.17153600432899907,True,LEAVE_ONE_FAMILY_OUT,TaOx,TaOx_01,10.1038/s41598-017-18329-3,TaOx,8,6,4,False
TaOx_01,10.1038/s41598-017-18329-3,TaOx,2909.09,3.463757157444634,1,7,DISCRETE_MULTILEVEL,DERIVED,absolute,SINGLE_DIFFERENTIAL_PAIR,DERIVED_DEVICE_STATE_CAP,16,8,13,0,2,5,203264,800,32,25600,95.89,0.3400000000000034,96.06352067099567,0.12202440577844798,95.94149626521722,0.17352067099567137,0.17352067099567137,True,LEAVE_ONE_FAMILY_OUT,TaOx,TaOx_01,10.1038/s41598-017-18329-3,TaOx,8,6,4,False
TaOx_01,10.1038/s41598-017-18329-3,TaOx,2909.09,3.463757157444634,1,7,DISCRETE_MULTILEVEL,DERIVED,absolute,SINGLE_DIFFERENTIAL_PAIR,DERIVED_DEVICE_STATE_CAP,16,6,13,0,2,5,203264,800,32,25600,95.89,0.3400000000000034,96.04773795670995,0.125389577226423,95.92234837948352,0.15773795670995128,0.15773795670995128,True,LEAVE_ONE_FAMILY_OUT,TaOx,TaOx_01,10.1038/s41598-017-18329-3,TaOx,8,6,4,False
TaOx_01,10.1038/s41598-017-18329-3,TaOx,2909.09,3.463757157444634,1,7,DISCRETE_MULTILEVEL,DERIVED,absolute,SINGLE_DIFFERENTIAL_PAIR,DERIVED_DEVICE_STATE_CAP,16,5,13,0,2,5,203264,800,32,25600,95.89,0.3400000000000034,95.9876679047619,0.10557512011130814,95.8820927846506,0.09766790476190579,0.09766790476190579,True,LEAVE_ONE_FAMILY_OUT,TaOx,TaOx_01,10.1038/s41598-017-18329-3,TaOx,8,6,4,False
TaOx_01,10.1038/s41598-017-18329-3,TaOx,2909.09,3.463757157444634,1,7,DISCRETE_MULTILEVEL,DERIVED,absolute,SINGLE_DIFFERENTIAL_PAIR,DERIVED_DEVICE_STATE_CAP,16,4,13,0,2,5,203264,800,32,25600,95.89,0.3400000000000034,95.9634863015873,0.10802750086017901,95.85545880072712,0.07348630158729463,0.07348630158729463,True,LEAVE_ONE_FAMILY_OUT,TaOx,TaOx_01,10.1038/s41598-017-18329-3,TaOx,8,6,4,False
TaOx_01,10.1038/s41598-017-18329-3,TaOx,2909.09,3.463757157444634,1,7,DISCRETE_MULTILEVEL,DERIVED,absolute,SINGLE_DIFFERENTIAL_PAIR,DERIVED_DEVICE_STATE_CAP,256,6,13,0,2,6,203264,10,64,640,95.8,0.4300000000000068,95.98537619047619,0.15668580691127607,95.82869038356492,0.18537619047619103,0.18537619047619103,True,LEAVE_ONE_FAMILY_OUT,TaOx,TaOx_01,10.1038/s41598-017-18329-3,TaOx,8,6,4,False
TaOx_01,10.1038/s41598-017-18329-3,TaOx,2909.09,3.463757157444634,1,7,DISCRETE_MULTILEVEL,DERIVED,absolute,SINGLE_DIFFERENTIAL_PAIR,DERIVED_DEVICE_STATE_CAP,256,7,13,0,2,6,203264,10,64,640,95.8,0.4300000000000068,95.99018657936507,0.15592355677134162,95.83426302259373,0.19018657936507566,0.19018657936507566,True,LEAVE_ONE_FAMILY_OUT,TaOx,TaOx_01,10.1038/s41598-017-18329-3,TaOx,8,6,4,False
TaOx_01,10.1038/s41598-017-18329-3,TaOx,2909.09,3.463757157444634,1,7,DISCRETE_MULTILEVEL,DERIVED,absolute,SINGLE_DIFFERENTIAL_PAIR,DERIVED_DEVICE_STATE_CAP,256,8,13,0,2,6,203264,10,64,640,95.8,0.4300000000000068,95.99041957936508,0.15598253231911688,95.83443704704597,0.19041957936508425,0.19041957936508425,True,LEAVE_ONE_FAMILY_OUT,TaOx,TaOx_01,10.1038/s41598-017-18329-3,TaOx,8,6,4,False
TaOx_01,10.1038/s41598-017-18329-3,TaOx,2909.09,3.463757157444634,1,7,DISCRETE_MULTILEVEL,DERIVED,absolute,SINGLE_DIFFERENTIAL_PAIR,DERIVED_DEVICE_STATE_CAP,256,4,13,0,2,6,203264,10,64,640,95.8,0.4300000000000068,95.95926907142857,0.1596995771375469,95.79956949429102,0.15926907142856805,0.15926907142856805,True,LEAVE_ONE_FAMILY_OUT,TaOx,TaOx_01,10.1038/s41598-017-18329-3,TaOx,8,6,4,False
TaOx_01,10.1038/s41598-017-18329-3,TaOx,2909.09,3.463757157444634,1,7,DISCRETE_MULTILEVEL,DERIVED,absolute,SINGLE_DIFFERENTIAL_PAIR,DERIVED_DEVICE_STATE_CAP,256,5,13,0,2,6,203264,10,64,640,95.8,0.4300000000000068,95.96628673809523,0.1661919327987251,95.80009480529651,0.16628673809523775,0.16628673809523775,True,LEAVE_ONE_FAMILY_OUT,TaOx,TaOx_01,10.1038/s41598-017-18329-3,TaOx,8,6,4,False
TaOx_01,10.1038/s41598-017-18329-3,TaOx,2909.09,3.463757157444634,1,7,DISCRETE_MULTILEVEL,DERIVED,absolute,SINGLE_DIFFERENTIAL_PAIR,DERIVED_DEVICE_STATE_CAP,32,5,13,0,2,5,203264,208,32,6656,95.78,0.4500000000000028,95.9243555952381,0.13420079549117767,95.79015479974692,0.14435559523809616,0.14435559523809616,True,LEAVE_ONE_FAMILY_OUT,TaOx,TaOx_01,10.1038/s41598-017-18329-3,TaOx,8,6,4,False
TaOx_01,10.1038/s41598-017-18329-3,TaOx,2909.09,3.463757157444634,1,7,DISCRETE_MULTILEVEL,DERIVED,absolute,SINGLE_DIFFERENTIAL_PAIR,DERIVED_DEVICE_STATE_CAP,32,7,13,0,2,5,203264,208,32,6656,95.78,0.4500000000000028,95.96968905555556,0.14182976590611396,95.82785928964945,0.18968905555556148,0.18968905555556148,True,LEAVE_ONE_FAMILY_OUT,TaOx,TaOx_01,10.1038/s41598-017-18329-3,TaOx,8,6,4,False
TaOx_01,10.1038/s41598-017-18329-3,TaOx,2909.09,3.463757157444634,1,7,DISCRETE_MULTILEVEL,DERIVED,absolute,SINGLE_DIFFERENTIAL_PAIR,DERIVED_DEVICE_STATE_CAP,32,6,13,0,2,5,203264,208,32,6656,95.78,0.4500000000000028,95.95009934126985,0.14352029031906843,95.80657905095077,0.1700993412698466,0.1700993412698466,True,LEAVE_ONE_FAMILY_OUT,TaOx,TaOx_01,10.1038/s41598-017-18329-3,TaOx,8,6,4,False
TaOx_01,10.1038/s41598-017-18329-3,TaOx,2909.09,3.463757157444634,1,7,DISCRETE_MULTILEVEL,DERIVED,absolute,SINGLE_DIFFERENTIAL_PAIR,DERIVED_DEVICE_STATE_CAP,32,8,13,0,2,5,203264,208,32,6656,95.78,0.4500000000000028,95.97553853174604,0.14105107390858537,95.83448745783745,0.1955385317460383,0.1955385317460383,True,LEAVE_ONE_FAMILY_OUT,TaOx,TaOx_01,10.1038/s41598-017-18329-3,TaOx,8,6,4,False
TaOx_01,10.1038/s41598-017-18329-3,TaOx,2909.09,3.463757157444634,1,7,DISCRETE_MULTILEVEL,DERIVED,absolute,SINGLE_DIFFERENTIAL_PAIR,DERIVED_DEVICE_STATE_CAP,32,4,13,0,2,5,203264,208,32,6656,95.78,0.4500000000000028,95.9037771825397,0.13944441016123008,95.76433277237847,0.1237771825396976,0.1237771825396976,True,LEAVE_ONE_FAMILY_OUT,TaOx,TaOx_01,10.1038/s41598-017-18329-3,TaOx,8,6,4,False
TaOx_01,10.1038/s41598-017-18329-3,TaOx,2909.09,3.463757157444634,1,7,DISCRETE_MULTILEVEL,DERIVED,absolute,SINGLE_DIFFERENTIAL_PAIR,DERIVED_DEVICE_STATE_CAP,128,6,13,0,2,6,203264,16,64,1024,95.73,0.5,95.97626185714286,0.14570452185245195,95.83055733529041,0.24626185714285498,0.24626185714285498,True,LEAVE_ONE_FAMILY_OUT,TaOx,TaOx_01,10.1038/s41598-017-18329-3,TaOx,8,6,4,False
TaOx_01,10.1038/s41598-017-18329-3,TaOx,2909.09,3.463757157444634,1,7,DISCRETE_MULTILEVEL,DERIVED,absolute,SINGLE_DIFFERENTIAL_PAIR,DERIVED_DEVICE_STATE_CAP,128,4,13,0,2,6,203264,16,64,1024,95.73,0.5,95.95498345238096,0.14972347382122125,95.80525997855973,0.22498345238095396,0.22498345238095396,True,LEAVE_ONE_FAMILY_OUT,TaOx,TaOx_01,10.1038/s41598-017-18329-3,TaOx,8,6,4,False
TaOx_01,10.1038/s41598-017-18329-3,TaOx,2909.09,3.463757157444634,1,7,DISCRETE_MULTILEVEL,DERIVED,absolute,SINGLE_DIFFERENTIAL_PAIR,DERIVED_DEVICE_STATE_CAP,128,8,13,0,2,6,203264,16,64,1024,95.73,0.5,95.97914457936508,0.1465171822085328,95.83262739715656,0.24914457936507972,0.24914457936507972,True,LEAVE_ONE_FAMILY_OUT,TaOx,TaOx_01,10.1038/s41598-017-18329-3,TaOx,8,6,4,False
TaOx_01,10.1038/s41598-017-18329-3,TaOx,2909.09,3.463757157444634,1,7,DISCRETE_MULTILEVEL,DERIVED,absolute,SINGLE_DIFFERENTIAL_PAIR,DERIVED_DEVICE_STATE_CAP,128,5,13,0,2,6,203264,16,64,1024,95.73,0.5,95.96149611904762,0.15530488579419152,95.80619123325343,0.2314961190476197,0.2314961190476197,True,LEAVE_ONE_FAMILY_OUT,TaOx,TaOx_01,10.1038/s41598-017-18329-3,TaOx,8,6,4,False
TaOx_01,10.1038/s41598-017-18329-3,TaOx,2909.09,3.463757157444634,1,7,DISCRETE_MULTILEVEL,DERIVED,absolute,SINGLE_DIFFERENTIAL_PAIR,DERIVED_DEVICE_STATE_CAP,128,7,13,0,2,6,203264,16,64,1024,95.73,0.5,95.97905557936508,0.1463033195291782,95.8327522598359,0.24905557936507705,0.24905557936507705,True,LEAVE_ONE_FAMILY_OUT,TaOx,TaOx_01,10.1038/s41598-017-18329-3,TaOx,8,6,4,False
TaOx_01,10.1038/s41598-017-18329-3,TaOx,2909.09,3.463757157444634,1,7,DISCRETE_MULTILEVEL,DERIVED,absolute,SINGLE_DIFFERENTIAL_PAIR,DERIVED_DEVICE_STATE_CAP,64,7,13,0,2,5,203264,56,32,1792,95.44,0.7900000000000063,95.75104145238095,0.3053541709901467,95.4456872813908,0.31104145238094816,0.31104145238094816,False,LEAVE_ONE_FAMILY_OUT,TaOx,TaOx_01,10.1038/s41598-017-18329-3,TaOx,8,6,4,False
TaOx_01,10.1038/s41598-017-18329-3,TaOx,2909.09,3.463757157444634,1,7,DISCRETE_MULTILEVEL,DERIVED,absolute,SINGLE_DIFFERENTIAL_PAIR,DERIVED_DEVICE_STATE_CAP,64,8,13,0,2,5,203264,56,32,1792,95.44,0.7900000000000063,95.75197978571428,0.30535791694931996,95.44662186876496,0.31197978571428564,0.31197978571428564,False,LEAVE_ONE_FAMILY_OUT,TaOx,TaOx_01,10.1038/s41598-017-18329-3,TaOx,8,6,4,False
TaOx_01,10.1038/s41598-017-18329-3,TaOx,2909.09,3.463757157444634,1,7,DISCRETE_MULTILEVEL,DERIVED,absolute,SINGLE_DIFFERENTIAL_PAIR,DERIVED_DEVICE_STATE_CAP,64,5,13,0,2,5,203264,56,32,1792,95.44,0.7900000000000063,95.72743233333333,0.3049550559977861,95.42247727733555,0.28743233333332796,0.28743233333332796,False,LEAVE_ONE_FAMILY_OUT,TaOx,TaOx_01,10.1038/s41598-017-18329-3,TaOx,8,6,4,False
TaOx_01,10.1038/s41598-017-18329-3,TaOx,2909.09,3.463757157444634,1,7,DISCRETE_MULTILEVEL,DERIVED,absolute,SINGLE_DIFFERENTIAL_PAIR,DERIVED_DEVICE_STATE_CAP,64,4,13,0,2,5,203264,56,32,1792,95.44,0.7900000000000063,95.71739161904762,0.3104290581550957,95.40696256089252,0.27739161904762,0.27739161904762,False,LEAVE_ONE_FAMILY_OUT,TaOx,TaOx_01,10.1038/s41598-017-18329-3,TaOx,8,6,4,False
TaOx_01,10.1038/s41598-017-18329-3,TaOx,2909.09,3.463757157444634,1,7,DISCRETE_MULTILEVEL,DERIVED,absolute,SINGLE_DIFFERENTIAL_PAIR,DERIVED_DEVICE_STATE_CAP,64,6,13,0,2,5,203264,56,32,1792,95.44,0.7900000000000063,95.741688,0.30912374588924574,95.43256425411074,0.3016879999999986,0.3016879999999986,False,LEAVE_ONE_FAMILY_OUT,TaOx,TaOx_01,10.1038/s41598-017-18329-3,TaOx,8,6,4,False
TaOx_01,10.1038/s41598-017-18329-3,TaOx,2909.09,3.463757157444634,1,7,DISCRETE_MULTILEVEL,DERIVED,absolute,SINGLE_DIFFERENTIAL_PAIR,DERIVED_DEVICE_STATE_CAP,16,8,13,0,2,4,203264,800,16,12800,94.99,1.240000000000009,95.60436603174603,0.41977969014260147,95.18458634160342,0.6143660317460302,0.6143660317460302,False,LEAVE_ONE_FAMILY_OUT,TaOx,TaOx_01,10.1038/s41598-017-18329-3,TaOx,8,6,4,False
TaOx_01,10.1038/s41598-017-18329-3,TaOx,2909.09,3.463757157444634,1,7,DISCRETE_MULTILEVEL,DERIVED,absolute,SINGLE_DIFFERENTIAL_PAIR,DERIVED_DEVICE_STATE_CAP,16,4,13,0,2,4,203264,800,16,12800,94.99,1.240000000000009,95.56881608730158,0.42586419320674535,95.14295189409484,0.5788160873015897,0.5788160873015897,False,LEAVE_ONE_FAMILY_OUT,TaOx,TaOx_01,10.1038/s41598-017-18329-3,TaOx,8,6,4,False
TaOx_01,10.1038/s41598-017-18329-3,TaOx,2909.09,3.463757157444634,1,7,DISCRETE_MULTILEVEL,DERIVED,absolute,SINGLE_DIFFERENTIAL_PAIR,DERIVED_DEVICE_STATE_CAP,16,7,13,0,2,4,203264,800,16,12800,94.99,1.240000000000009,95.60766369841271,0.41746884633384995,95.19019485207886,0.6176636984127128,0.6176636984127128,False,LEAVE_ONE_FAMILY_OUT,TaOx,TaOx_01,10.1038/s41598-017-18329-3,TaOx,8,6,4,False
TaOx_01,10.1038/s41598-017-18329-3,TaOx,2909.09,3.463757157444634,1,7,DISCRETE_MULTILEVEL,DERIVED,absolute,SINGLE_DIFFERENTIAL_PAIR,DERIVED_DEVICE_STATE_CAP,16,5,13,0,2,4,203264,800,16,12800,94.99,1.240000000000009,95.58159608730159,0.4092942011635181,95.17230188613807,0.5915960873015962,0.5915960873015962,False,LEAVE_ONE_FAMILY_OUT,TaOx,TaOx_01,10.1038/s41598-017-18329-3,TaOx,8,6,4,False
TaOx_01,10.1038/s41598-017-18329-3,TaOx,2909.09,3.463757157444634,1,7,DISCRETE_MULTILEVEL,DERIVED,absolute,SINGLE_DIFFERENTIAL_PAIR,DERIVED_DEVICE_STATE_CAP,16,6,13,0,2,4,203264,800,16,12800,94.99,1.240000000000009,95.60273736507938,0.4165229950174593,95.18621437006192,0.6127373650793828,0.6127373650793828,False,LEAVE_ONE_FAMILY_OUT,TaOx,TaOx_01,10.1038/s41598-017-18329-3,TaOx,8,6,4,False
TaOx_01,10.1038/s41598-017-18329-3,TaOx,2909.09,3.463757157444634,1,7,DISCRETE_MULTILEVEL,DERIVED,absolute,SINGLE_DIFFERENTIAL_PAIR,DERIVED_DEVICE_STATE_CAP,32,4,13,0,2,4,203264,208,16,3328,94.5,1.730000000000004,94.72242876984127,0.9641625904252255,93.75826617941604,0.22242876984127236,0.22242876984127236,False,LEAVE_ONE_FAMILY_OUT,TaOx,TaOx_01,10.1038/s41598-017-18329-3,TaOx,8,6,4,False
TaOx_01,10.1038/s41598-017-18329-3,TaOx,2909.09,3.463757157444634,1,7,DISCRETE_MULTILEVEL,DERIVED,absolute,SINGLE_DIFFERENTIAL_PAIR,DERIVED_DEVICE_STATE_CAP,32,8,13,0,2,4,203264,208,16,3328,94.5,1.730000000000004,94.78069705555556,0.9581102451009043,93.82258681045467,0.2806970555555637,0.2806970555555637,False,LEAVE_ONE_FAMILY_OUT,TaOx,TaOx_01,10.1038/s41598-017-18329-3,TaOx,8,6,4,False
TaOx_01,10.1038/s41598-017-18329-3,TaOx,2909.09,3.463757157444634,1,7,DISCRETE_MULTILEVEL,DERIVED,absolute,SINGLE_DIFFERENTIAL_PAIR,DERIVED_DEVICE_STATE_CAP,32,6,13,0,2,4,203264,208,16,3328,94.5,1.730000000000004,94.76387453174603,0.9653026937218662,93.79857183802416,0.26387453174602626,0.26387453174602626,False,LEAVE_ONE_FAMILY_OUT,TaOx,TaOx_01,10.1038/s41598-017-18329-3,TaOx,8,6,4,False
TaOx_01,10.1038/s41598-017-18329-3,TaOx,2909.09,3.463757157444634,1,7,DISCRETE_MULTILEVEL,DERIVED,absolute,SINGLE_DIFFERENTIAL_PAIR,DERIVED_DEVICE_STATE_CAP,32,5,13,0,2,4,203264,208,16,3328,94.5,1.730000000000004,94.72412043650795,0.9705288540800574,93.75359158242789,0.22412043650794544,0.22412043650794544,False,LEAVE_ONE_FAMILY_OUT,TaOx,TaOx_01,10.1038/s41598-017-18329-3,TaOx,8,6,4,False
TaOx_01,10.1038/s41598-017-18329-3,TaOx,2909.09,3.463757157444634,1,7,DISCRETE_MULTILEVEL,DERIVED,absolute,SINGLE_DIFFERENTIAL_PAIR,DERIVED_DEVICE_STATE_CAP,32,7,13,0,2,4,203264,208,16,3328,94.5,1.730000000000004,94.77928138888889,0.9602658764562981,93.81901551243259,0.2792813888888901,0.2792813888888901,False,LEAVE_ONE_FAMILY_OUT,TaOx,TaOx_01,10.1038/s41598-017-18329-3,TaOx,8,6,4,False
TaOx_01,10.1038/s41598-017-18329-3,TaOx,2909.09,3.463757157444634,1,7,DISCRETE_MULTILEVEL,DERIVED,absolute,SINGLE_DIFFERENTIAL_PAIR,DERIVED_DEVICE_STATE_CAP,128,4,13,0,2,5,203264,16,32,512,93.81,2.4200000000000017,95.069630484127,0.7683761737537824,94.30125431037322,1.2596304841270012,1.2596304841270012,False,LEAVE_ONE_FAMILY_OUT,TaOx,TaOx_01,10.1038/s41598-017-18329-3,TaOx,8,6,4,False
TaOx_01,10.1038/s41598-017-18329-3,TaOx,2909.09,3.463757157444634,1,7,DISCRETE_MULTILEVEL,DERIVED,absolute,SINGLE_DIFFERENTIAL_PAIR,DERIVED_DEVICE_STATE_CAP,128,6,13,0,2,5,203264,16,32,512,93.81,2.4200000000000017,95.11184705555556,0.7480552553725238,94.36379180018304,1.3018470555555552,1.3018470555555552,False,LEAVE_ONE_FAMILY_OUT,TaOx,TaOx_01,10.1038/s41598-017-18329-3,TaOx,8,6,4,False
TaOx_01,10.1038/s41598-017-18329-3,TaOx,2909.09,3.463757157444634,1,7,DISCRETE_MULTILEVEL,DERIVED,absolute,SINGLE_DIFFERENTIAL_PAIR,DERIVED_DEVICE_STATE_CAP,128,8,13,0,2,5,203264,16,32,512,93.81,2.4200000000000017,95.11757105555557,0.7549118974337496,94.36265915812183,1.3075710555555702,1.3075710555555702,False,LEAVE_ONE_FAMILY_OUT,TaOx,TaOx_01,10.1038/s41598-017-18329-3,TaOx,8,6,4,False
TaOx_01,10.1038/s41598-017-18329-3,TaOx,2909.09,3.463757157444634,1,7,DISCRETE_MULTILEVEL,DERIVED,absolute,SINGLE_DIFFERENTIAL_PAIR,DERIVED_DEVICE_STATE_CAP,128,7,13,0,2,5,203264,16,32,512,93.81,2.4200000000000017,95.11205972222223,0.7484915801449121,94.36356814207731,1.302059722222225,1.302059722222225,False,LEAVE_ONE_FAMILY_OUT,TaOx,TaOx_01,10.1038/s41598-017-18329-3,TaOx,8,6,4,False
TaOx_01,10.1038/s41598-017-18329-3,TaOx,2909.09,3.463757157444634,1,7,DISCRETE_MULTILEVEL,DERIVED,absolute,SINGLE_DIFFERENTIAL_PAIR,DERIVED_DEVICE_STATE_CAP,128,5,13,0,2,5,203264,16,32,512,93.81,2.4200000000000017,95.07549081746032,0.7628626086946193,94.3126282087657,1.2654908174603179,1.2654908174603179,False,LEAVE_ONE_FAMILY_OUT,TaOx,TaOx_01,10.1038/s41598-017-18329-3,TaOx,8,6,4,False
TaOx_01,10.1038/s41598-017-18329-3,TaOx,2909.09,3.463757157444634,1,7,DISCRETE_MULTILEVEL,DERIVED,absolute,SINGLE_DIFFERENTIAL_PAIR,DERIVED_DEVICE_STATE_CAP,256,6,13,0,2,5,203264,10,32,320,93.75,2.480000000000004,94.84109173809524,0.9840021808906937,93.85708955720455,1.091091738095244,1.091091738095244,False,LEAVE_ONE_FAMILY_OUT,TaOx,TaOx_01,10.1038/s41598-017-18329-3,TaOx,8,6,4,False
TaOx_01,10.1038/s41598-017-18329-3,TaOx,2909.09,3.463757157444634,1,7,DISCRETE_MULTILEVEL,DERIVED,absolute,SINGLE_DIFFERENTIAL_PAIR,DERIVED_DEVICE_STATE_CAP,256,5,13,0,2,5,203264,10,32,320,93.75,2.480000000000004,94.77897802380953,1.0188788692519886,93.76009915455754,1.028978023809529,1.028978023809529,False,LEAVE_ONE_FAMILY_OUT,TaOx,TaOx_01,10.1038/s41598-017-18329-3,TaOx,8,6,4,False
TaOx_01,10.1038/s41598-017-18329-3,TaOx,2909.09,3.463757157444634,1,7,DISCRETE_MULTILEVEL,DERIVED,absolute,SINGLE_DIFFERENTIAL_PAIR,DERIVED_DEVICE_STATE_CAP,256,8,13,0,2,5,203264,10,32,320,93.75,2.480000000000004,94.85541457142858,0.9824399840344009,93.87297458739418,1.1054145714285823,1.1054145714285823,False,LEAVE_ONE_FAMILY_OUT,TaOx,TaOx_01,10.1038/s41598-017-18329-3,TaOx,8,6,4,False
TaOx_01,10.1038/s41598-017-18329-3,TaOx,2909.09,3.463757157444634,1,7,DISCRETE_MULTILEVEL,DERIVED,absolute,SINGLE_DIFFERENTIAL_PAIR,DERIVED_DEVICE_STATE_CAP,256,7,13,0,2,5,203264,10,32,320,93.75,2.480000000000004,94.84910023809525,0.9773187756238032,93.87178146247145,1.0991002380952466,1.0991002380952466,False,LEAVE_ONE_FAMILY_OUT,TaOx,TaOx_01,10.1038/s41598-017-18329-3,TaOx,8,6,4,False
TaOx_01,10.1038/s41598-017-18329-3,TaOx,2909.09,3.463757157444634,1,7,DISCRETE_MULTILEVEL,DERIVED,absolute,SINGLE_DIFFERENTIAL_PAIR,DERIVED_DEVICE_STATE_CAP,256,4,13,0,2,5,203264,10,32,320,93.75,2.480000000000004,94.77369335714285,1.023636065410966,93.75005729173188,1.0236933571428466,1.0236933571428466,False,LEAVE_ONE_FAMILY_OUT,TaOx,TaOx_01,10.1038/s41598-017-18329-3,TaOx,8,6,4,False
TaOx_01,10.1038/s41598-017-18329-3,TaOx,2909.09,3.463757157444634,1,7,DISCRETE_MULTILEVEL,DERIVED,absolute,SINGLE_DIFFERENTIAL_PAIR,DERIVED_DEVICE_STATE_CAP,128,3,7,0,2,8,203264,16,256,4096,92.33,3.9000000000000057,92.19073656349207,0.03100310724676249,92.1597334562453,-0.13926343650793171,0.13926343650793171,False,LEAVE_ONE_FAMILY_OUT,TaOx,TaOx_01,10.1038/s41598-017-18329-3,TaOx,8,6,4,False
TaOx_01,10.1038/s41598-017-18329-3,TaOx,2909.09,3.463757157444634,1,7,DISCRETE_MULTILEVEL,DERIVED,absolute,SINGLE_DIFFERENTIAL_PAIR,DERIVED_DEVICE_STATE_CAP,256,3,7,0,2,8,203264,10,256,2560,92.31,3.9200000000000017,92.19536446825397,0.03848388857793473,92.15688057967604,-0.11463553174603192,0.11463553174603192,False,LEAVE_ONE_FAMILY_OUT,TaOx,TaOx_01,10.1038/s41598-017-18329-3,TaOx,8,6,4,False
TaOx_01,10.1038/s41598-017-18329-3,TaOx,2909.09,3.463757157444634,1,7,DISCRETE_MULTILEVEL,DERIVED,absolute,SINGLE_DIFFERENTIAL_PAIR,DERIVED_DEVICE_STATE_CAP,32,3,7,0,2,9,203264,208,512,106496,92.25,3.980000000000004,92.23600853174604,0.021278062846396165,92.21473046889965,-0.01399146825396258,0.01399146825396258,False,LEAVE_ONE_FAMILY_OUT,TaOx,TaOx_01,10.1038/s41598-017-18329-3,TaOx,8,6,4,False
TaOx_01,10.1038/s41598-017-18329-3,TaOx,2909.09,3.463757157444634,1,7,DISCRETE_MULTILEVEL,DERIVED,absolute,SINGLE_DIFFERENTIAL_PAIR,DERIVED_DEVICE_STATE_CAP,16,3,7,0,2,10,203264,800,1024,819200,92.25,3.980000000000004,92.23692169047618,0.017479590707998816,92.21944209976819,-0.013078309523820053,0.013078309523820053,False,LEAVE_ONE_FAMILY_OUT,TaOx,TaOx_01,10.1038/s41598-017-18329-3,TaOx,8,6,4,False
TaOx_01,10.1038/s41598-017-18329-3,TaOx,2909.09,3.463757157444634,1,7,DISCRETE_MULTILEVEL,DERIVED,absolute,SINGLE_DIFFERENTIAL_PAIR,DERIVED_DEVICE_STATE_CAP,32,3,7,0,2,10,203264,208,1024,212992,92.25,3.980000000000004,92.23297423809524,0.015169631722701648,92.21780460637254,-0.017025761904761794,0.017025761904761794,False,LEAVE_ONE_FAMILY_OUT,TaOx,TaOx_01,10.1038/s41598-017-18329-3,TaOx,8,6,4,False
TaOx_01,10.1038/s41598-017-18329-3,TaOx,2909.09,3.463757157444634,1,7,DISCRETE_MULTILEVEL,DERIVED,absolute,SINGLE_DIFFERENTIAL_PAIR,DERIVED_DEVICE_STATE_CAP,64,3,7,0,2,9,203264,56,512,28672,92.24,3.990000000000009,92.22779546031745,0.022521674953629122,92.20527378536383,-0.012204539682542759,0.012204539682542759,False,LEAVE_ONE_FAMILY_OUT,TaOx,TaOx_01,10.1038/s41598-017-18329-3,TaOx,8,6,4,False
TaOx_01,10.1038/s41598-017-18329-3,TaOx,2909.09,3.463757157444634,1,7,DISCRETE_MULTILEVEL,DERIVED,absolute,SINGLE_DIFFERENTIAL_PAIR,DERIVED_DEVICE_STATE_CAP,64,3,7,0,2,10,203264,56,1024,57344,92.24,3.990000000000009,92.2148446031746,0.01863145780556904,92.19621314536903,-0.025155396825397247,0.025155396825397247,False,LEAVE_ONE_FAMILY_OUT,TaOx,TaOx_01,10.1038/s41598-017-18329-3,TaOx,8,6,4,False
TaOx_01,10.1038/s41598-017-18329-3,TaOx,2909.09,3.463757157444634,1,7,DISCRETE_MULTILEVEL,DERIVED,absolute,SINGLE_DIFFERENTIAL_PAIR,DERIVED_DEVICE_STATE_CAP,128,3,7,0,2,10,203264,16,1024,16384,92.23,4.0,92.21765893867246,0.018677683081966105,92.1989812555905,-0.012341061327546754,0.012341061327546754,False,LEAVE_ONE_FAMILY_OUT,TaOx,TaOx_01,10.1038/s41598-017-18329-3,TaOx,8,6,4,False
TaOx_01,10.1038/s41598-017-18329-3,TaOx,2909.09,3.463757157444634,1,7,DISCRETE_MULTILEVEL,DERIVED,absolute,SINGLE_DIFFERENTIAL_PAIR,DERIVED_DEVICE_STATE_CAP,16,3,7,0,2,7,203264,800,128,102400,92.22,4.010000000000005,92.20940185714286,0.027494233056117832,92.18190762408675,-0.010598142857134007,0.010598142857134007,False,LEAVE_ONE_FAMILY_OUT,TaOx,TaOx_01,10.1038/s41598-017-18329-3,TaOx,8,6,4,False
TaOx_01,10.1038/s41598-017-18329-3,TaOx,2909.09,3.463757157444634,1,7,DISCRETE_MULTILEVEL,DERIVED,absolute,SINGLE_DIFFERENTIAL_PAIR,DERIVED_DEVICE_STATE_CAP,32,3,7,0,2,7,203264,208,128,26624,92.21,4.02000000000001,92.21032424603176,0.03560475845995262,92.1747194875718,0.00032424603176650635,0.00032424603176650635,False,LEAVE_ONE_FAMILY_OUT,TaOx,TaOx_01,10.1038/s41598-017-18329-3,TaOx,8,6,4,False
TaOx_01,10.1038/s41598-017-18329-3,TaOx,2909.09,3.463757157444634,1,7,DISCRETE_MULTILEVEL,DERIVED,absolute,SINGLE_DIFFERENTIAL_PAIR,DERIVED_DEVICE_STATE_CAP,256,3,7,0,2,10,203264,10,1024,10240,92.21,4.02000000000001,92.22478437301586,0.017857149715549595,92.20692722330031,0.01478437301587121,0.01478437301587121,False,LEAVE_ONE_FAMILY_OUT,TaOx,TaOx_01,10.1038/s41598-017-18329-3,TaOx,8,6,4,False
TaOx_01,10.1038/s41598-017-18329-3,TaOx,2909.09,3.463757157444634,1,7,DISCRETE_MULTILEVEL,DERIVED,absolute,SINGLE_DIFFERENTIAL_PAIR,DERIVED_DEVICE_STATE_CAP,16,3,7,0,2,8,203264,800,256,204800,92.21,4.02000000000001,92.19737026984127,0.01763927211012586,92.17973099773114,-0.012629730158721486,0.012629730158721486,False,LEAVE_ONE_FAMILY_OUT,TaOx,TaOx_01,10.1038/s41598-017-18329-3,TaOx,8,6,4,False
TaOx_01,10.1038/s41598-017-18329-3,TaOx,2909.09,3.463757157444634,1,7,DISCRETE_MULTILEVEL,DERIVED,absolute,SINGLE_DIFFERENTIAL_PAIR,DERIVED_DEVICE_STATE_CAP,16,3,7,0,2,9,203264,800,512,409600,92.21,4.02000000000001,92.24070542857143,0.019734943400095063,92.22097048517134,0.03070542857143721,0.03070542857143721,False,LEAVE_ONE_FAMILY_OUT,TaOx,TaOx_01,10.1038/s41598-017-18329-3,TaOx,8,6,4,False
TaOx_01,10.1038/s41598-017-18329-3,TaOx,2909.09,3.463757157444634,1,7,DISCRETE_MULTILEVEL,DERIVED,absolute,SINGLE_DIFFERENTIAL_PAIR,DERIVED_DEVICE_STATE_CAP,256,3,7,0,2,9,203264,10,512,5120,92.19,4.040000000000006,92.22274995238095,0.023346877341084087,92.19940307503987,0.03274995238095357,0.03274995238095357,False,LEAVE_ONE_FAMILY_OUT,TaOx,TaOx_01,10.1038/s41598-017-18329-3,TaOx,8,6,4,False
TaOx_01,10.1038/s41598-017-18329-3,TaOx,2909.09,3.463757157444634,1,7,DISCRETE_MULTILEVEL,DERIVED,absolute,SINGLE_DIFFERENTIAL_PAIR,DERIVED_DEVICE_STATE_CAP,64,3,7,0,2,7,203264,56,128,7168,92.18,4.049999999999997,92.09672700793651,0.06556929325410549,92.03115771468241,-0.08327299206349892,0.08327299206349892,False,LEAVE_ONE_FAMILY_OUT,TaOx,TaOx_01,10.1038/s41598-017-18329-3,TaOx,8,6,4,False
TaOx_01,10.1038/s41598-017-18329-3,TaOx,2909.09,3.463757157444634,1,7,DISCRETE_MULTILEVEL,DERIVED,absolute,SINGLE_DIFFERENTIAL_PAIR,DERIVED_DEVICE_STATE_CAP,256,3,7,0,2,7,203264,10,128,1280,92.18,4.049999999999997,92.10125772222221,0.07438224609529978,92.02687547612692,-0.07874227777779197,0.07874227777779197,False,LEAVE_ONE_FAMILY_OUT,TaOx,TaOx_01,10.1038/s41598-017-18329-3,TaOx,8,6,4,False
TaOx_01,10.1038/s41598-017-18329-3,TaOx,2909.09,3.463757157444634,1,7,DISCRETE_MULTILEVEL,DERIVED,absolute,SINGLE_DIFFERENTIAL_PAIR,DERIVED_DEVICE_STATE_CAP,128,3,7,0,2,9,203264,16,512,8192,92.18,4.049999999999997,92.24017133333334,0.028000470399134444,92.2121708629342,0.06017133333332936,0.06017133333332936,False,LEAVE_ONE_FAMILY_OUT,TaOx,TaOx_01,10.1038/s41598-017-18329-3,TaOx,8,6,4,False
TaOx_01,10.1038/s41598-017-18329-3,TaOx,2909.09,3.463757157444634,1,7,DISCRETE_MULTILEVEL,DERIVED,absolute,SINGLE_DIFFERENTIAL_PAIR,DERIVED_DEVICE_STATE_CAP,32,3,7,0,2,8,203264,208,256,53248,92.14,4.090000000000003,92.19339130952382,0.01730173007868022,92.17608957944513,0.053391309523817654,0.053391309523817654,False,LEAVE_ONE_FAMILY_OUT,TaOx,TaOx_01,10.1038/s41598-017-18329-3,TaOx,8,6,4,False
TaOx_01,10.1038/s41598-017-18329-3,TaOx,2909.09,3.463757157444634,1,7,DISCRETE_MULTILEVEL,DERIVED,absolute,SINGLE_DIFFERENTIAL_PAIR,DERIVED_DEVICE_STATE_CAP,64,3,7,0,2,8,203264,56,256,14336,92.12,4.109999999999999,92.19122367460318,0.026124602153633318,92.16509907244955,0.07122367460317491,0.07122367460317491,False,LEAVE_ONE_FAMILY_OUT,TaOx,TaOx_01,10.1038/s41598-017-18329-3,TaOx,8,6,4,False
TaOx_01,10.1038/s41598-017-18329-3,TaOx,2909.09,3.463757157444634,1,7,DISCRETE_MULTILEVEL,DERIVED,absolute,SINGLE_DIFFERENTIAL_PAIR,DERIVED_DEVICE_STATE_CAP,16,3,7,0,2,6,203264,800,64,51200,92.11,4.1200000000000045,92.1065747936508,0.02501343860411038,92.08156135504669,-0.003425206349206178,0.003425206349206178,False,LEAVE_ONE_FAMILY_OUT,TaOx,TaOx_01,10.1038/s41598-017-18329-3,TaOx,8,6,4,False
TaOx_01,10.1038/s41598-017-18329-3,TaOx,2909.09,3.463757157444634,1,7,DISCRETE_MULTILEVEL,DERIVED,absolute,SINGLE_DIFFERENTIAL_PAIR,DERIVED_DEVICE_STATE_CAP,32,3,7,0,2,6,203264,208,64,13312,92.1,4.13000000000001,92.1022396984127,0.04307720570431946,92.05916249270838,0.002239698412708435,0.002239698412708435,False,LEAVE_ONE_FAMILY_OUT,TaOx,TaOx_01,10.1038/s41598-017-18329-3,TaOx,8,6,4,False
TaOx_01,10.1038/s41598-017-18329-3,TaOx,2909.09,3.463757157444634,1,7,DISCRETE_MULTILEVEL,DERIVED,absolute,SINGLE_DIFFERENTIAL_PAIR,DERIVED_DEVICE_STATE_CAP,128,3,7,0,2,7,203264,16,128,2048,92.09,4.140000000000001,92.09431876984127,0.06252848011807731,92.03179028972319,0.004318769841262338,0.004318769841262338,False,LEAVE_ONE_FAMILY_OUT,TaOx,TaOx_01,10.1038/s41598-017-18329-3,TaOx,8,6,4,False
TaOx_01,10.1038/s41598-017-18329-3,TaOx,2909.09,3.463757157444634,1,7,DISCRETE_MULTILEVEL,DERIVED,absolute,SINGLE_DIFFERENTIAL_PAIR,DERIVED_DEVICE_STATE_CAP,64,8,13,0,2,4,203264,56,16,896,91.94,4.290000000000006,91.81833326190475,2.400100597172197,89.41823266473256,-0.12166673809524298,0.12166673809524298,False,LEAVE_ONE_FAMILY_OUT,TaOx,TaOx_01,10.1038/s41598-017-18329-3,TaOx,8,6,4,False
TaOx_01,10.1038/s41598-017-18329-3,TaOx,2909.09,3.463757157444634,1,7,DISCRETE_MULTILEVEL,DERIVED,absolute,SINGLE_DIFFERENTIAL_PAIR,DERIVED_DEVICE_STATE_CAP,64,6,13,0,2,4,203264,56,16,896,91.94,4.290000000000006,91.82676545238097,2.387805814225551,89.43895963815541,-0.11323454761902951,0.11323454761902951,False,LEAVE_ONE_FAMILY_OUT,TaOx,TaOx_01,10.1038/s41598-017-18329-3,TaOx,8,6,4,False
TaOx_01,10.1038/s41598-017-18329-3,TaOx,2909.09,3.463757157444634,1,7,DISCRETE_MULTILEVEL,DERIVED,absolute,SINGLE_DIFFERENTIAL_PAIR,DERIVED_DEVICE_STATE_CAP,64,5,13,0,2,4,203264,56,16,896,91.94,4.290000000000006,91.8075569761905,2.387545229534163,89.42001174665633,-0.13244302380950046,0.13244302380950046,False,LEAVE_ONE_FAMILY_OUT,TaOx,TaOx_01,10.1038/s41598-017-18329-3,TaOx,8,6,4,False
TaOx_01,10.1038/s41598-017-18329-3,TaOx,2909.09,3.463757157444634,1,7,DISCRETE_MULTILEVEL,DERIVED,absolute,SINGLE_DIFFERENTIAL_PAIR,DERIVED_DEVICE_STATE_CAP,64,4,13,0,2,4,203264,56,16,896,91.94,4.290000000000006,91.79693470634922,2.3918864215982705,89.40504828475095,-0.14306529365077836,0.14306529365077836,False,LEAVE_ONE_FAMILY_OUT,TaOx,TaOx_01,10.1038/s41598-017-18329-3,TaOx,8,6,4,False
TaOx_01,10.1038/s41598-017-18329-3,TaOx,2909.09,3.463757157444634,1,7,DISCRETE_MULTILEVEL,DERIVED,absolute,SINGLE_DIFFERENTIAL_PAIR,DERIVED_DEVICE_STATE_CAP,64,7,13,0,2,4,203264,56,16,896,91.94,4.290000000000006,91.8205765,2.3985292368783293,89.42204726312167,-0.11942349999999635,0.11942349999999635,False,LEAVE_ONE_FAMILY_OUT,TaOx,TaOx_01,10.1038/s41598-017-18329-3,TaOx,8,6,4,False
TaOx_01,10.1038/s41598-017-18329-3,TaOx,2909.09,3.463757157444634,1,7,DISCRETE_MULTILEVEL,DERIVED,absolute,SINGLE_DIFFERENTIAL_PAIR,DERIVED_DEVICE_STATE_CAP,256,3,7,0,2,6,203264,10,64,640,91.93,4.299999999999997,91.74789397619048,0.3031963873727997,91.44469758881769,-0.18210602380952423,0.18210602380952423,False,LEAVE_ONE_FAMILY_OUT,TaOx,TaOx_01,10.1038/s41598-017-18329-3,TaOx,8,6,4,False
TaOx_01,10.1038/s41598-017-18329-3,TaOx,2909.09,3.463757157444634,1,7,DISCRETE_MULTILEVEL,DERIVED,absolute,SINGLE_DIFFERENTIAL_PAIR,DERIVED_DEVICE_STATE_CAP,128,3,7,0,2,6,203264,16,64,1024,91.85,4.38000000000001,91.94923193650793,0.19728123312458126,91.75195070338334,0.09923193650793394,0.09923193650793394,False,LEAVE_ONE_FAMILY_OUT,TaOx,TaOx_01,10.1038/s41598-017-18329-3,TaOx,8,6,4,False
TaOx_01,10.1038/s41598-017-18329-3,TaOx,2909.09,3.463757157444634,1,7,DISCRETE_MULTILEVEL,DERIVED,absolute,SINGLE_DIFFERENTIAL_PAIR,DERIVED_DEVICE_STATE_CAP,64,3,7,0,2,6,203264,56,64,3584,91.77,4.460000000000008,92.08837196031746,0.08941483953142564,91.99895712078603,0.31837196031746373,0.31837196031746373,False,LEAVE_ONE_FAMILY_OUT,TaOx,TaOx_01,10.1038/s41598-017-18329-3,TaOx,8,6,4,False
TaOx_01,10.1038/s41598-017-18329-3,TaOx,2909.09,3.463757157444634,1,7,DISCRETE_MULTILEVEL,DERIVED,absolute,SINGLE_DIFFERENTIAL_PAIR,DERIVED_DEVICE_STATE_CAP,16,3,7,0,2,5,203264,800,32,25600,91.7,4.530000000000001,91.74734961904761,0.2641081514595058,91.4832414675881,0.04734961904760837,0.04734961904760837,False,LEAVE_ONE_FAMILY_OUT,TaOx,TaOx_01,10.1038/s41598-017-18329-3,TaOx,8,6,4,False
TaOx_01,10.1038/s41598-017-18329-3,TaOx,2909.09,3.463757157444634,1,7,DISCRETE_MULTILEVEL,DERIVED,absolute,SINGLE_DIFFERENTIAL_PAIR,DERIVED_DEVICE_STATE_CAP,32,3,7,0,2,5,203264,208,32,6656,91.62,4.609999999999999,91.63129395238094,0.3479754356702925,91.28331851671065,0.011293952380938777,0.011293952380938777,False,LEAVE_ONE_FAMILY_OUT,TaOx,TaOx_01,10.1038/s41598-017-18329-3,TaOx,8,6,4,False
TaOx_01,10.1038/s41598-017-18329-3,TaOx,2909.09,3.463757157444634,1,7,DISCRETE_MULTILEVEL,DERIVED,absolute,SINGLE_DIFFERENTIAL_PAIR,DERIVED_DEVICE_STATE_CAP,64,3,7,0,2,5,203264,56,32,1792,90.86,5.3700000000000045,91.33503803174602,0.6519446882663584,90.68309334347967,0.4750380317460241,0.4750380317460241,False,LEAVE_ONE_FAMILY_OUT,TaOx,TaOx_01,10.1038/s41598-017-18329-3,TaOx,8,6,4,False
TaOx_01,10.1038/s41598-017-18329-3,TaOx,2909.09,3.463757157444634,1,7,DISCRETE_MULTILEVEL,DERIVED,absolute,SINGLE_DIFFERENTIAL_PAIR,DERIVED_DEVICE_STATE_CAP,128,3,7,0,2,5,203264,16,32,512,90.67,5.560000000000002,90.58967942857143,1.1252196126857859,89.46445981588565,-0.08032057142857241,0.08032057142857241,False,LEAVE_ONE_FAMILY_OUT,TaOx,TaOx_01,10.1038/s41598-017-18329-3,TaOx,8,6,4,False
TaOx_01,10.1038/s41598-017-18329-3,TaOx,2909.09,3.463757157444634,1,7,DISCRETE_MULTILEVEL,DERIVED,absolute,SINGLE_DIFFERENTIAL_PAIR,DERIVED_DEVICE_STATE_CAP,16,3,7,0,2,4,203264,800,16,12800,90.45,5.780000000000001,90.95757311904762,0.8512047069506771,90.10636841209694,0.5075731190476205,0.5075731190476205,False,LEAVE_ONE_FAMILY_OUT,TaOx,TaOx_01,10.1038/s41598-017-18329-3,TaOx,8,6,4,False
TaOx_01,10.1038/s41598-017-18329-3,TaOx,2909.09,3.463757157444634,1,7,DISCRETE_MULTILEVEL,DERIVED,absolute,SINGLE_DIFFERENTIAL_PAIR,DERIVED_DEVICE_STATE_CAP,256,3,7,0,2,5,203264,10,32,320,90.09,6.140000000000001,89.96342208730158,2.3651404527405586,87.59828163456102,-0.12657791269842278,0.12657791269842278,False,LEAVE_ONE_FAMILY_OUT,TaOx,TaOx_01,10.1038/s41598-017-18329-3,TaOx,8,6,4,False
TaOx_01,10.1038/s41598-017-18329-3,TaOx,2909.09,3.463757157444634,1,7,DISCRETE_MULTILEVEL,DERIVED,absolute,SINGLE_DIFFERENTIAL_PAIR,DERIVED_DEVICE_STATE_CAP,32,3,7,0,2,4,203264,208,16,3328,89.1,7.13000000000001,90.54928092857143,1.1051834555207891,89.44409747305065,1.44928092857144,1.44928092857144,False,LEAVE_ONE_FAMILY_OUT,TaOx,TaOx_01,10.1038/s41598-017-18329-3,TaOx,8,6,4,False
TaOx_01,10.1038/s41598-017-18329-3,TaOx,2909.09,3.463757157444634,1,7,DISCRETE_MULTILEVEL,DERIVED,absolute,SINGLE_DIFFERENTIAL_PAIR,DERIVED_DEVICE_STATE_CAP,64,3,7,0,2,4,203264,56,16,896,85.97,10.260000000000003,89.33791045238095,2.9551272260073556,86.3827832263736,3.367910452380954,3.367910452380954,False,LEAVE_ONE_FAMILY_OUT,TaOx,TaOx_01,10.1038/s41598-017-18329-3,TaOx,8,6,4,False
TaOx_01,10.1038/s41598-017-18329-3,TaOx,2909.09,3.463757157444634,1,7,DISCRETE_MULTILEVEL,DERIVED,absolute,SINGLE_DIFFERENTIAL_PAIR,DERIVED_DEVICE_STATE_CAP,128,3,7,0,2,4,203264,16,16,256,78.27,17.960000000000008,84.02043092857143,7.689891508696769,76.33053941987465,5.750430928571433,5.750430928571433,False,LEAVE_ONE_FAMILY_OUT,TaOx,TaOx_01,10.1038/s41598-017-18329-3,TaOx,8,6,4,False
TaOx_01,10.1038/s41598-017-18329-3,TaOx,2909.09,3.463757157444634,1,7,DISCRETE_MULTILEVEL,DERIVED,absolute,SINGLE_DIFFERENTIAL_PAIR,DERIVED_DEVICE_STATE_CAP,128,4,13,0,2,4,203264,16,16,256,74.42,21.81,85.1105140079365,7.450820294877573,77.65969371305893,10.6905140079365,10.6905140079365,False,LEAVE_ONE_FAMILY_OUT,TaOx,TaOx_01,10.1038/s41598-017-18329-3,TaOx,8,6,4,False
TaOx_01,10.1038/s41598-017-18329-3,TaOx,2909.09,3.463757157444634,1,7,DISCRETE_MULTILEVEL,DERIVED,absolute,SINGLE_DIFFERENTIAL_PAIR,DERIVED_DEVICE_STATE_CAP,128,6,13,0,2,4,203264,16,16,256,74.42,21.81,85.08006161904761,7.783589110743998,77.29647250830361,10.66006161904761,10.66006161904761,False,LEAVE_ONE_FAMILY_OUT,TaOx,TaOx_01,10.1038/s41598-017-18329-3,TaOx,8,6,4,False
TaOx_01,10.1038/s41598-017-18329-3,TaOx,2909.09,3.463757157444634,1,7,DISCRETE_MULTILEVEL,DERIVED,absolute,SINGLE_DIFFERENTIAL_PAIR,DERIVED_DEVICE_STATE_CAP,128,8,13,0,2,4,203264,16,16,256,74.42,21.81,85.04385545238095,7.809227750123564,77.23462770225738,10.623855452380951,10.623855452380951,False,LEAVE_ONE_FAMILY_OUT,TaOx,TaOx_01,10.1038/s41598-017-18329-3,TaOx,8,6,4,False
TaOx_01,10.1038/s41598-017-18329-3,TaOx,2909.09,3.463757157444634,1,7,DISCRETE_MULTILEVEL,DERIVED,absolute,SINGLE_DIFFERENTIAL_PAIR,DERIVED_DEVICE_STATE_CAP,128,5,13,0,2,4,203264,16,16,256,74.42,21.81,85.04663657142856,7.752721389389244,77.29391518203931,10.626636571428563,10.626636571428563,False,LEAVE_ONE_FAMILY_OUT,TaOx,TaOx_01,10.1038/s41598-017-18329-3,TaOx,8,6,4,False
TaOx_01,10.1038/s41598-017-18329-3,TaOx,2909.09,3.463757157444634,1,7,DISCRETE_MULTILEVEL,DERIVED,absolute,SINGLE_DIFFERENTIAL_PAIR,DERIVED_DEVICE_STATE_CAP,128,7,13,0,2,4,203264,16,16,256,74.42,21.81,85.05229011904763,7.803364405883172,77.24892571316445,10.632290119047624,10.632290119047624,False,LEAVE_ONE_FAMILY_OUT,TaOx,TaOx_01,10.1038/s41598-017-18329-3,TaOx,8,6,4,False
TaOx_01,10.1038/s41598-017-18329-3,TaOx,2909.09,3.463757157444634,1,7,DISCRETE_MULTILEVEL,DERIVED,absolute,SINGLE_DIFFERENTIAL_PAIR,DERIVED_DEVICE_STATE_CAP,256,3,7,0,2,4,203264,10,16,160,74.41,21.820000000000007,83.44894888095237,8.021119282073869,75.4278295988785,9.038948880952375,9.038948880952375,False,LEAVE_ONE_FAMILY_OUT,TaOx,TaOx_01,10.1038/s41598-017-18329-3,TaOx,8,6,4,False
TaOx_01,10.1038/s41598-017-18329-3,TaOx,2909.09,3.463757157444634,1,7,DISCRETE_MULTILEVEL,DERIVED,absolute,SINGLE_DIFFERENTIAL_PAIR,DERIVED_DEVICE_STATE_CAP,256,8,13,0,2,4,203264,10,16,160,73.32,22.91000000000001,84.3832861984127,8.17054293323421,76.21274326517849,11.063286198412712,11.063286198412712,False,LEAVE_ONE_FAMILY_OUT,TaOx,TaOx_01,10.1038/s41598-017-18329-3,TaOx,8,6,4,False
TaOx_01,10.1038/s41598-017-18329-3,TaOx,2909.09,3.463757157444634,1,7,DISCRETE_MULTILEVEL,DERIVED,absolute,SINGLE_DIFFERENTIAL_PAIR,DERIVED_DEVICE_STATE_CAP,256,4,13,0,2,4,203264,10,16,160,73.32,22.91000000000001,84.42854349206348,7.890420997160055,76.53812249490343,11.10854349206349,11.10854349206349,False,LEAVE_ONE_FAMILY_OUT,TaOx,TaOx_01,10.1038/s41598-017-18329-3,TaOx,8,6,4,False
TaOx_01,10.1038/s41598-017-18329-3,TaOx,2909.09,3.463757157444634,1,7,DISCRETE_MULTILEVEL,DERIVED,absolute,SINGLE_DIFFERENTIAL_PAIR,DERIVED_DEVICE_STATE_CAP,256,7,13,0,2,4,203264,10,16,160,73.32,22.91000000000001,84.39172086507938,8.165622787996734,76.22609807708264,11.071720865079385,11.071720865079385,False,LEAVE_ONE_FAMILY_OUT,TaOx,TaOx_01,10.1038/s41598-017-18329-3,TaOx,8,6,4,False
TaOx_01,10.1038/s41598-017-18329-3,TaOx,2909.09,3.463757157444634,1,7,DISCRETE_MULTILEVEL,DERIVED,absolute,SINGLE_DIFFERENTIAL_PAIR,DERIVED_DEVICE_STATE_CAP,256,5,13,0,2,4,203264,10,16,160,73.32,22.91000000000001,84.38459872222222,8.143963701777116,76.24063502044511,11.064598722222229,11.064598722222229,False,LEAVE_ONE_FAMILY_OUT,TaOx,TaOx_01,10.1038/s41598-017-18329-3,TaOx,8,6,4,False
TaOx_01,10.1038/s41598-017-18329-3,TaOx,2909.09,3.463757157444634,1,7,DISCRETE_MULTILEVEL,DERIVED,absolute,SINGLE_DIFFERENTIAL_PAIR,DERIVED_DEVICE_STATE_CAP,256,6,13,0,2,4,203264,10,16,160,73.32,22.91000000000001,84.42111596031747,8.149585228006588,76.27153073231088,11.101115960317472,11.101115960317472,False,LEAVE_ONE_FAMILY_OUT,TaOx,TaOx_01,10.1038/s41598-017-18329-3,TaOx,8,6,4,False
TaOx_01,10.1038/s41598-017-18329-3,TaOx,2909.09,3.463757157444634,1,7,DISCRETE_MULTILEVEL,DERIVED,absolute,SINGLE_DIFFERENTIAL_PAIR,DERIVED_DEVICE_STATE_CAP,16,2,3,0,2,4,203264,800,16,12800,11.98,84.25,11.912299808080807,0.1819513001252876,11.730348507955519,-0.06770019191919374,0.06770019191919374,False,LEAVE_ONE_FAMILY_OUT,TaOx,TaOx_01,10.1038/s41598-017-18329-3,TaOx,8,6,4,False
TaOx_01,10.1038/s41598-017-18329-3,TaOx,2909.09,3.463757157444634,1,7,DISCRETE_MULTILEVEL,DERIVED,absolute,SINGLE_DIFFERENTIAL_PAIR,DERIVED_DEVICE_STATE_CAP,32,2,3,0,2,4,203264,208,16,3328,11.95,84.28,11.903934666666668,0.19365095839329335,11.710283708273375,-0.04606533333333118,0.04606533333333118,False,LEAVE_ONE_FAMILY_OUT,TaOx,TaOx_01,10.1038/s41598-017-18329-3,TaOx,8,6,4,False
TaOx_01,10.1038/s41598-017-18329-3,TaOx,2909.09,3.463757157444634,1,7,DISCRETE_MULTILEVEL,DERIVED,absolute,SINGLE_DIFFERENTIAL_PAIR,DERIVED_DEVICE_STATE_CAP,64,2,3,0,2,4,203264,56,16,896,11.85,84.38000000000001,12.060210817460318,0.36405534214747753,11.69615547531284,0.2102108174603181,0.2102108174603181,False,LEAVE_ONE_FAMILY_OUT,TaOx,TaOx_01,10.1038/s41598-017-18329-3,TaOx,8,6,4,False
TaOx_01,10.1038/s41598-017-18329-3,TaOx,2909.09,3.463757157444634,1,7,DISCRETE_MULTILEVEL,DERIVED,absolute,SINGLE_DIFFERENTIAL_PAIR,DERIVED_DEVICE_STATE_CAP,256,2,3,0,2,5,203264,10,32,320,11.85,84.38000000000001,11.599554253968254,0.5149458044100308,11.084608449558223,-0.25044574603174574,0.25044574603174574,False,LEAVE_ONE_FAMILY_OUT,TaOx,TaOx_01,10.1038/s41598-017-18329-3,TaOx,8,6,4,False
TaOx_01,10.1038/s41598-017-18329-3,TaOx,2909.09,3.463757157444634,1,7,DISCRETE_MULTILEVEL,DERIVED,absolute,SINGLE_DIFFERENTIAL_PAIR,DERIVED_DEVICE_STATE_CAP,128,2,3,0,2,5,203264,16,32,512,11.75,84.48,11.706550785714287,0.3640090803186069,11.34254170539568,-0.04344921428571347,0.04344921428571347,False,LEAVE_ONE_FAMILY_OUT,TaOx,TaOx_01,10.1038/s41598-017-18329-3,TaOx,8,6,4,False
TaOx_01,10.1038/s41598-017-18329-3,TaOx,2909.09,3.463757157444634,1,7,DISCRETE_MULTILEVEL,DERIVED,absolute,SINGLE_DIFFERENTIAL_PAIR,DERIVED_DEVICE_STATE_CAP,128,2,3,0,2,7,203264,16,128,2048,11.61,84.62,11.461724436507938,0.11256267309198512,11.349161763415953,-0.14827556349206183,0.14827556349206183,False,LEAVE_ONE_FAMILY_OUT,TaOx,TaOx_01,10.1038/s41598-017-18329-3,TaOx,8,6,4,False
TaOx_01,10.1038/s41598-017-18329-3,TaOx,2909.09,3.463757157444634,1,7,DISCRETE_MULTILEVEL,DERIVED,absolute,SINGLE_DIFFERENTIAL_PAIR,DERIVED_DEVICE_STATE_CAP,256,2,3,0,2,7,203264,10,128,1280,11.59,84.64,11.47166697979798,0.130537210618899,11.341129769179082,-0.11833302020201941,0.11833302020201941,False,LEAVE_ONE_FAMILY_OUT,TaOx,TaOx_01,10.1038/s41598-017-18329-3,TaOx,8,6,4,False
TaOx_01,10.1038/s41598-017-18329-3,TaOx,2909.09,3.463757157444634,1,7,DISCRETE_MULTILEVEL,DERIVED,absolute,SINGLE_DIFFERENTIAL_PAIR,DERIVED_DEVICE_STATE_CAP,32,2,3,0,2,5,203264,208,32,6656,11.58,84.65,11.595819912698412,0.2179398545936603,11.37788005810475,0.015819912698411542,0.015819912698411542,False,LEAVE_ONE_FAMILY_OUT,TaOx,TaOx_01,10.1038/s41598-017-18329-3,TaOx,8,6,4,False
TaOx_01,10.1038/s41598-017-18329-3,TaOx,2909.09,3.463757157444634,1,7,DISCRETE_MULTILEVEL,DERIVED,absolute,SINGLE_DIFFERENTIAL_PAIR,DERIVED_DEVICE_STATE_CAP,16,2,3,0,2,10,203264,800,1024,819200,11.53,84.7,11.410783777777779,0.08781720038725886,11.32296657739052,-0.11921622222222084,0.11921622222222084,False,LEAVE_ONE_FAMILY_OUT,TaOx,TaOx_01,10.1038/s41598-017-18329-3,TaOx,8,6,4,False
TaOx_01,10.1038/s41598-017-18329-3,TaOx,2909.09,3.463757157444634,1,7,DISCRETE_MULTILEVEL,DERIVED,absolute,SINGLE_DIFFERENTIAL_PAIR,DERIVED_DEVICE_STATE_CAP,256,2,3,0,2,8,203264,10,256,2560,11.5,84.73,11.423467217893219,0.11099329695002816,11.31247392094319,-0.07653278210678138,0.07653278210678138,False,LEAVE_ONE_FAMILY_OUT,TaOx,TaOx_01,10.1038/s41598-017-18329-3,TaOx,8,6,4,False
TaOx_01,10.1038/s41598-017-18329-3,TaOx,2909.09,3.463757157444634,1,7,DISCRETE_MULTILEVEL,DERIVED,absolute,SINGLE_DIFFERENTIAL_PAIR,DERIVED_DEVICE_STATE_CAP,16,2,3,0,2,9,203264,800,512,409600,11.5,84.73,11.357983436507936,0.1142515147259747,11.243731921781961,-0.1420165634920636,0.1420165634920636,False,LEAVE_ONE_FAMILY_OUT,TaOx,TaOx_01,10.1038/s41598-017-18329-3,TaOx,8,6,4,False
TaOx_01,10.1038/s41598-017-18329-3,TaOx,2909.09,3.463757157444634,1,7,DISCRETE_MULTILEVEL,DERIVED,absolute,SINGLE_DIFFERENTIAL_PAIR,DERIVED_DEVICE_STATE_CAP,64,2,3,0,2,10,203264,56,1024,57344,11.48,84.75,11.27846911111111,0.07198089171092342,11.206488219400187,-0.2015308888888896,0.2015308888888896,False,LEAVE_ONE_FAMILY_OUT,TaOx,TaOx_01,10.1038/s41598-017-18329-3,TaOx,8,6,4,False
TaOx_01,10.1038/s41598-017-18329-3,TaOx,2909.09,3.463757157444634,1,7,DISCRETE_MULTILEVEL,DERIVED,absolute,SINGLE_DIFFERENTIAL_PAIR,DERIVED_DEVICE_STATE_CAP,32,2,3,0,2,10,203264,208,1024,212992,11.46,84.77000000000001,11.315290841269842,0.08812678801058603,11.227164053259257,-0.14470915873015855,0.14470915873015855,False,LEAVE_ONE_FAMILY_OUT,TaOx,TaOx_01,10.1038/s41598-017-18329-3,TaOx,8,6,4,False
TaOx_01,10.1038/s41598-017-18329-3,TaOx,2909.09,3.463757157444634,1,7,DISCRETE_MULTILEVEL,DERIVED,absolute,SINGLE_DIFFERENTIAL_PAIR,DERIVED_DEVICE_STATE_CAP,64,2,3,0,2,6,203264,56,64,3584,11.46,84.77000000000001,11.372764056277058,0.21277739608004242,11.159986660197015,-0.08723594372294308,0.08723594372294308,False,LEAVE_ONE_FAMILY_OUT,TaOx,TaOx_01,10.1038/s41598-017-18329-3,TaOx,8,6,4,False
TaOx_01,10.1038/s41598-017-18329-3,TaOx,2909.09,3.463757157444634,1,7,DISCRETE_MULTILEVEL,DERIVED,absolute,SINGLE_DIFFERENTIAL_PAIR,DERIVED_DEVICE_STATE_CAP,256,2,3,0,2,6,203264,10,64,640,11.46,84.77000000000001,11.562979373737374,0.3326579048018178,11.230321468935555,0.10297937373737298,0.10297937373737298,False,LEAVE_ONE_FAMILY_OUT,TaOx,TaOx_01,10.1038/s41598-017-18329-3,TaOx,8,6,4,False
TaOx_01,10.1038/s41598-017-18329-3,TaOx,2909.09,3.463757157444634,1,7,DISCRETE_MULTILEVEL,DERIVED,absolute,SINGLE_DIFFERENTIAL_PAIR,DERIVED_DEVICE_STATE_CAP,128,2,3,0,2,8,203264,16,256,4096,11.45,84.78,11.411416198412699,0.09700216227382871,11.31441403613887,-0.03858380158730057,0.03858380158730057,False,LEAVE_ONE_FAMILY_OUT,TaOx,TaOx_01,10.1038/s41598-017-18329-3,TaOx,8,6,4,False
TaOx_01,10.1038/s41598-017-18329-3,TaOx,2909.09,3.463757157444634,1,7,DISCRETE_MULTILEVEL,DERIVED,absolute,SINGLE_DIFFERENTIAL_PAIR,DERIVED_DEVICE_STATE_CAP,16,2,3,0,2,5,203264,800,32,25600,11.45,84.78,11.547075284271287,0.195246039337147,11.35182924493414,0.09707528427128764,0.09707528427128764,False,LEAVE_ONE_FAMILY_OUT,TaOx,TaOx_01,10.1038/s41598-017-18329-3,TaOx,8,6,4,False
TaOx_01,10.1038/s41598-017-18329-3,TaOx,2909.09,3.463757157444634,1,7,DISCRETE_MULTILEVEL,DERIVED,absolute,SINGLE_DIFFERENTIAL_PAIR,DERIVED_DEVICE_STATE_CAP,32,2,3,0,2,9,203264,208,512,106496,11.44,84.79,11.311390111111113,0.11324007637821396,11.1981500347329,-0.12860988888888691,0.12860988888888691,False,LEAVE_ONE_FAMILY_OUT,TaOx,TaOx_01,10.1038/s41598-017-18329-3,TaOx,8,6,4,False
TaOx_01,10.1038/s41598-017-18329-3,TaOx,2909.09,3.463757157444634,1,7,DISCRETE_MULTILEVEL,DERIVED,absolute,SINGLE_DIFFERENTIAL_PAIR,DERIVED_DEVICE_STATE_CAP,256,2,3,0,2,10,203264,10,1024,10240,11.42,84.81,11.272378761904761,0.08617835833108202,11.186200403573679,-0.14762123809523864,0.14762123809523864,False,LEAVE_ONE_FAMILY_OUT,TaOx,TaOx_01,10.1038/s41598-017-18329-3,TaOx,8,6,4,False
TaOx_01,10.1038/s41598-017-18329-3,TaOx,2909.09,3.463757157444634,1,7,DISCRETE_MULTILEVEL,DERIVED,absolute,SINGLE_DIFFERENTIAL_PAIR,DERIVED_DEVICE_STATE_CAP,128,2,3,0,2,9,203264,16,512,8192,11.42,84.81,11.312888071428572,0.09773394625292138,11.215154125175651,-0.10711192857142748,0.10711192857142748,False,LEAVE_ONE_FAMILY_OUT,TaOx,TaOx_01,10.1038/s41598-017-18329-3,TaOx,8,6,4,False
TaOx_01,10.1038/s41598-017-18329-3,TaOx,2909.09,3.463757157444634,1,7,DISCRETE_MULTILEVEL,DERIVED,absolute,SINGLE_DIFFERENTIAL_PAIR,DERIVED_DEVICE_STATE_CAP,128,2,3,0,2,6,203264,16,64,1024,11.41,84.82000000000001,11.499988826118326,0.263557052367672,11.236431773750654,0.0899888261183257,0.0899888261183257,False,LEAVE_ONE_FAMILY_OUT,TaOx,TaOx_01,10.1038/s41598-017-18329-3,TaOx,8,6,4,False
TaOx_01,10.1038/s41598-017-18329-3,TaOx,2909.09,3.463757157444634,1,7,DISCRETE_MULTILEVEL,DERIVED,absolute,SINGLE_DIFFERENTIAL_PAIR,DERIVED_DEVICE_STATE_CAP,256,2,3,0,2,9,203264,10,512,5120,11.41,84.82000000000001,11.326886396825397,0.10683208603533517,11.220054310790061,-0.0831136031746027,0.0831136031746027,False,LEAVE_ONE_FAMILY_OUT,TaOx,TaOx_01,10.1038/s41598-017-18329-3,TaOx,8,6,4,False
TaOx_01,10.1038/s41598-017-18329-3,TaOx,2909.09,3.463757157444634,1,7,DISCRETE_MULTILEVEL,DERIVED,absolute,SINGLE_DIFFERENTIAL_PAIR,DERIVED_DEVICE_STATE_CAP,32,2,3,0,2,7,203264,208,128,26624,11.4,84.83,11.311983253968254,0.08227084475330232,11.229712409214951,-0.08801674603174625,0.08801674603174625,False,LEAVE_ONE_FAMILY_OUT,TaOx,TaOx_01,10.1038/s41598-017-18329-3,TaOx,8,6,4,False
TaOx_01,10.1038/s41598-017-18329-3,TaOx,2909.09,3.463757157444634,1,7,DISCRETE_MULTILEVEL,DERIVED,absolute,SINGLE_DIFFERENTIAL_PAIR,DERIVED_DEVICE_STATE_CAP,64,2,3,0,2,9,203264,56,512,28672,11.38,84.85000000000001,11.285528253968254,0.0942467499380474,11.191281504030206,-0.09447174603174702,0.09447174603174702,False,LEAVE_ONE_FAMILY_OUT,TaOx,TaOx_01,10.1038/s41598-017-18329-3,TaOx,8,6,4,False
TaOx_01,10.1038/s41598-017-18329-3,TaOx,2909.09,3.463757157444634,1,7,DISCRETE_MULTILEVEL,DERIVED,absolute,SINGLE_DIFFERENTIAL_PAIR,DERIVED_DEVICE_STATE_CAP,128,2,3,0,2,10,203264,16,1024,16384,11.36,84.87,11.260487769841271,0.06723028239180927,11.193257487449461,-0.09951223015872834,0.09951223015872834,False,LEAVE_ONE_FAMILY_OUT,TaOx,TaOx_01,10.1038/s41598-017-18329-3,TaOx,8,6,4,False
TaOx_01,10.1038/s41598-017-18329-3,TaOx,2909.09,3.463757157444634,1,7,DISCRETE_MULTILEVEL,DERIVED,absolute,SINGLE_DIFFERENTIAL_PAIR,DERIVED_DEVICE_STATE_CAP,64,2,3,0,2,8,203264,56,256,14336,11.35,84.88000000000001,11.296323111111112,0.09275839381308837,11.203564717298024,-0.05367688888888722,0.05367688888888722,False,LEAVE_ONE_FAMILY_OUT,TaOx,TaOx_01,10.1038/s41598-017-18329-3,TaOx,8,6,4,False
TaOx_01,10.1038/s41598-017-18329-3,TaOx,2909.09,3.463757157444634,1,7,DISCRETE_MULTILEVEL,DERIVED,absolute,SINGLE_DIFFERENTIAL_PAIR,DERIVED_DEVICE_STATE_CAP,32,2,3,0,2,8,203264,208,256,53248,11.35,84.88000000000001,11.338983992063492,0.07922855874806597,11.259755433315426,-0.011016007936508032,0.011016007936508032,False,LEAVE_ONE_FAMILY_OUT,TaOx,TaOx_01,10.1038/s41598-017-18329-3,TaOx,8,6,4,False
TaOx_01,10.1038/s41598-017-18329-3,TaOx,2909.09,3.463757157444634,1,7,DISCRETE_MULTILEVEL,DERIVED,absolute,SINGLE_DIFFERENTIAL_PAIR,DERIVED_DEVICE_STATE_CAP,16,2,3,0,2,6,203264,800,64,51200,11.35,84.88000000000001,11.389138023809524,0.12337432140816573,11.265763702401358,0.03913802380952447,0.03913802380952447,False,LEAVE_ONE_FAMILY_OUT,TaOx,TaOx_01,10.1038/s41598-017-18329-3,TaOx,8,6,4,False
TaOx_01,10.1038/s41598-017-18329-3,TaOx,2909.09,3.463757157444634,1,7,DISCRETE_MULTILEVEL,DERIVED,absolute,SINGLE_DIFFERENTIAL_PAIR,DERIVED_DEVICE_STATE_CAP,16,2,3,0,2,7,203264,800,128,102400,11.31,84.92,11.343143666666666,0.08632254024492805,11.256821126421737,0.033143666666665794,0.033143666666665794,False,LEAVE_ONE_FAMILY_OUT,TaOx,TaOx_01,10.1038/s41598-017-18329-3,TaOx,8,6,4,False
TaOx_01,10.1038/s41598-017-18329-3,TaOx,2909.09,3.463757157444634,1,7,DISCRETE_MULTILEVEL,DERIVED,absolute,SINGLE_DIFFERENTIAL_PAIR,DERIVED_DEVICE_STATE_CAP,16,2,3,0,2,8,203264,800,256,204800,11.28,84.95,11.387057912698411,0.08848769396925432,11.298570218729157,0.10705791269841214,0.10705791269841214,False,LEAVE_ONE_FAMILY_OUT,TaOx,TaOx_01,10.1038/s41598-017-18329-3,TaOx,8,6,4,False
TaOx_01,10.1038/s41598-017-18329-3,TaOx,2909.09,3.463757157444634,1,7,DISCRETE_MULTILEVEL,DERIVED,absolute,SINGLE_DIFFERENTIAL_PAIR,DERIVED_DEVICE_STATE_CAP,32,2,3,0,2,6,203264,208,64,13312,11.27,84.96000000000001,11.374493833333334,0.14175213792046054,11.232741695412873,0.10449383333333451,0.10449383333333451,False,LEAVE_ONE_FAMILY_OUT,TaOx,TaOx_01,10.1038/s41598-017-18329-3,TaOx,8,6,4,False
TaOx_01,10.1038/s41598-017-18329-3,TaOx,2909.09,3.463757157444634,1,7,DISCRETE_MULTILEVEL,DERIVED,absolute,SINGLE_DIFFERENTIAL_PAIR,DERIVED_DEVICE_STATE_CAP,64,2,3,0,2,5,203264,56,32,1792,11.25,84.98,11.615832698412698,0.2921710811145271,11.323661617298171,0.3658326984126976,0.3658326984126976,False,LEAVE_ONE_FAMILY_OUT,TaOx,TaOx_01,10.1038/s41598-017-18329-3,TaOx,8,6,4,False
TaOx_01,10.1038/s41598-017-18329-3,TaOx,2909.09,3.463757157444634,1,7,DISCRETE_MULTILEVEL,DERIVED,absolute,SINGLE_DIFFERENTIAL_PAIR,DERIVED_DEVICE_STATE_CAP,64,2,3,0,2,7,203264,56,128,7168,11.18,85.05000000000001,11.251066825396824,0.1054673436182026,11.145599481778621,0.07106682539682474,0.07106682539682474,False,LEAVE_ONE_FAMILY_OUT,TaOx,TaOx_01,10.1038/s41598-017-18329-3,TaOx,8,6,4,False
TaOx_01,10.1038/s41598-017-18329-3,TaOx,2909.09,3.463757157444634,1,7,DISCRETE_MULTILEVEL,DERIVED,absolute,SINGLE_DIFFERENTIAL_PAIR,DERIVED_DEVICE_STATE_CAP,128,2,3,0,2,4,203264,16,16,256,10.85,85.38000000000001,11.39930683910534,0.48928805129559877,10.91001878780974,0.5493068391053395,0.5493068391053395,False,LEAVE_ONE_FAMILY_OUT,TaOx,TaOx_01,10.1038/s41598-017-18329-3,TaOx,8,6,4,False
TaOx_01,10.1038/s41598-017-18329-3,TaOx,2909.09,3.463757157444634,1,7,DISCRETE_MULTILEVEL,DERIVED,absolute,SINGLE_DIFFERENTIAL_PAIR,DERIVED_DEVICE_STATE_CAP,256,2,3,0,2,4,203264,10,16,160,10.16,86.07000000000001,10.931213418470419,0.5131684032800988,10.41804501519032,0.7712134184704187,0.7712134184704187,False,LEAVE_ONE_FAMILY_OUT,TaOx,TaOx_01,10.1038/s41598-017-18329-3,TaOx,8,6,4,False
TiOx_02_Au,10.1038/s41598-019-44607-3,TiOx,1.705978,0.2319734262803857,0,0,GRADUAL_MULTILEVEL,NOT_REPORTED,absolute,IDEALIZED_SINGLE_PAIR_GRADUAL,IDEALIZED_GRADUAL_MAPPING,64,6,63,0,2,10,203264,56,1024,57344,96.32,-0.0899999999999892,96.28015765079364,0.02035040980847971,96.25980724098515,-0.03984234920635288,0.03984234920635288,True,LEAVE_ONE_FAMILY_OUT,TiOx,TiOx_02_Au,10.1038/s41598-019-44607-3,TiOx,5,5,4,False
TiOx_02_Au,10.1038/s41598-019-44607-3,TiOx,1.705978,0.2319734262803857,0,0,GRADUAL_MULTILEVEL,NOT_REPORTED,absolute,IDEALIZED_SINGLE_PAIR_GRADUAL,IDEALIZED_GRADUAL_MAPPING,64,8,255,0,2,10,203264,56,1024,57344,96.29,-0.0600000000000022,96.22357587373737,0.019475938814067402,96.2040999349233,-0.06642412626263194,0.06642412626263194,True,LEAVE_ONE_FAMILY_OUT,TiOx,TiOx_02_Au,10.1038/s41598-019-44607-3,TiOx,5,5,4,False
TiOx_02_Au,10.1038/s41598-019-44607-3,TiOx,1.705978,0.2319734262803857,0,0,GRADUAL_MULTILEVEL,NOT_REPORTED,absolute,IDEALIZED_SINGLE_PAIR_GRADUAL,IDEALIZED_GRADUAL_MAPPING,32,6,63,0,2,10,203264,208,1024,212992,96.28,-0.0499999999999971,96.28052000793649,0.02184101666303638,96.25867899127346,0.000520007936486877,0.000520007936486877,True,LEAVE_ONE_FAMILY_OUT,TiOx,TiOx_02_Au,10.1038/s41598-019-44607-3,TiOx,5,5,4,False
TiOx_02_Au,10.1038/s41598-019-44607-3,TiOx,1.705978,0.2319734262803857,0,0,GRADUAL_MULTILEVEL,NOT_REPORTED,absolute,IDEALIZED_SINGLE_PAIR_GRADUAL,IDEALIZED_GRADUAL_MAPPING,32,6,63,0,2,8,203264,208,256,53248,96.28,-0.0499999999999971,96.24273631746031,0.02806618566091944,96.2146701317994,-0.03726368253968815,0.03726368253968815,True,LEAVE_ONE_FAMILY_OUT,TiOx,TiOx_02_Au,10.1038/s41598-019-44607-3,TiOx,5,5,4,False
TiOx_02_Au,10.1038/s41598-019-44607-3,TiOx,1.705978,0.2319734262803857,0,0,GRADUAL_MULTILEVEL,NOT_REPORTED,absolute,IDEALIZED_SINGLE_PAIR_GRADUAL,IDEALIZED_GRADUAL_MAPPING,16,6,63,0,2,9,203264,800,512,409600,96.28,-0.0499999999999971,96.26796685714287,0.026291046139074615,96.24167581100379,-0.012033142857134749,0.012033142857134749,True,LEAVE_ONE_FAMILY_OUT,TiOx,TiOx_02_Au,10.1038/s41598-019-44607-3,TiOx,5,5,4,False
TiOx_02_Au,10.1038/s41598-019-44607-3,TiOx,1.705978,0.2319734262803857,0,0,GRADUAL_MULTILEVEL,NOT_REPORTED,absolute,IDEALIZED_SINGLE_PAIR_GRADUAL,IDEALIZED_GRADUAL_MAPPING,16,6,63,0,2,10,203264,800,1024,819200,96.27,-0.039999999999992,96.29766191269842,0.02490180422822115,96.2727601084702,0.02766191269842011,0.02766191269842011,True,LEAVE_ONE_FAMILY_OUT,TiOx,TiOx_02_Au,10.1038/s41598-019-44607-3,TiOx,5,5,4,False
TiOx_02_Au,10.1038/s41598-019-44607-3,TiOx,1.705978,0.2319734262803857,0,0,GRADUAL_MULTILEVEL,NOT_REPORTED,absolute,IDEALIZED_SINGLE_PAIR_GRADUAL,IDEALIZED_GRADUAL_MAPPING,128,7,127,0,2,8,203264,16,256,4096,96.27,-0.039999999999992,96.21924429148629,0.024042213622137255,96.19520207786415,-0.050755708513705144,0.050755708513705144,True,LEAVE_ONE_FAMILY_OUT,TiOx,TiOx_02_Au,10.1038/s41598-019-44607-3,TiOx,5,5,4,False
TiOx_02_Au,10.1038/s41598-019-44607-3,TiOx,1.705978,0.2319734262803857,0,0,GRADUAL_MULTILEVEL,NOT_REPORTED,absolute,IDEALIZED_SINGLE_PAIR_GRADUAL,IDEALIZED_GRADUAL_MAPPING,32,6,63,0,2,9,203264,208,512,106496,96.27,-0.039999999999992,96.25684496825399,0.015930128453997446,96.24091483979998,-0.013155031746009627,0.013155031746009627,True,LEAVE_ONE_FAMILY_OUT,TiOx,TiOx_02_Au,10.1038/s41598-019-44607-3,TiOx,5,5,4,False
TiOx_02_Au,10.1038/s41598-019-44607-3,TiOx,1.705978,0.2319734262803857,0,0,GRADUAL_MULTILEVEL,NOT_REPORTED,absolute,IDEALIZED_SINGLE_PAIR_GRADUAL,IDEALIZED_GRADUAL_MAPPING,32,7,127,0,2,10,203264,208,1024,212992,96.25,-0.019999999999996,96.22126211111112,0.02209984489748362,96.19916226621363,-0.028737888888883845,0.028737888888883845,True,LEAVE_ONE_FAMILY_OUT,TiOx,TiOx_02_Au,10.1038/s41598-019-44607-3,TiOx,5,5,4,False
TiOx_02_Au,10.1038/s41598-019-44607-3,TiOx,1.705978,0.2319734262803857,0,0,GRADUAL_MULTILEVEL,NOT_REPORTED,absolute,IDEALIZED_SINGLE_PAIR_GRADUAL,IDEALIZED_GRADUAL_MAPPING,32,8,255,0,2,9,203264,208,512,106496,96.25,-0.019999999999996,96.23334596825397,0.017866871107390506,96.21547909714658,-0.016654031746028863,0.016654031746028863,True,LEAVE_ONE_FAMILY_OUT,TiOx,TiOx_02_Au,10.1038/s41598-019-44607-3,TiOx,5,5,4,False
TiOx_02_Au,10.1038/s41598-019-44607-3,TiOx,1.705978,0.2319734262803857,0,0,GRADUAL_MULTILEVEL,NOT_REPORTED,absolute,IDEALIZED_SINGLE_PAIR_GRADUAL,IDEALIZED_GRADUAL_MAPPING,16,8,255,0,2,10,203264,800,1024,819200,96.25,-0.019999999999996,96.22609673809524,0.020741628773785013,96.20535510932145,-0.02390326190476344,0.02390326190476344,True,LEAVE_ONE_FAMILY_OUT,TiOx,TiOx_02_Au,10.1038/s41598-019-44607-3,TiOx,5,5,4,False
TiOx_02_Au,10.1038/s41598-019-44607-3,TiOx,1.705978,0.2319734262803857,0,0,GRADUAL_MULTILEVEL,NOT_REPORTED,absolute,IDEALIZED_SINGLE_PAIR_GRADUAL,IDEALIZED_GRADUAL_MAPPING,16,7,127,0,2,9,203264,800,512,409600,96.24,-0.0099999999999909,96.21049715873016,0.01790104912457074,96.19259610960559,-0.029502841269831492,0.029502841269831492,True,LEAVE_ONE_FAMILY_OUT,TiOx,TiOx_02_Au,10.1038/s41598-019-44607-3,TiOx,5,5,4,False
TiOx_02_Au,10.1038/s41598-019-44607-3,TiOx,1.705978,0.2319734262803857,0,0,GRADUAL_MULTILEVEL,NOT_REPORTED,absolute,IDEALIZED_SINGLE_PAIR_GRADUAL,IDEALIZED_GRADUAL_MAPPING,16,6,63,0,2,8,203264,800,256,204800,96.24,-0.0099999999999909,96.25306442857143,0.03586981001372597,96.21719461855771,0.013064428571439635,0.013064428571439635,True,LEAVE_ONE_FAMILY_OUT,TiOx,TiOx_02_Au,10.1038/s41598-019-44607-3,TiOx,5,5,4,False
TiOx_02_Au,10.1038/s41598-019-44607-3,TiOx,1.705978,0.2319734262803857,0,0,GRADUAL_MULTILEVEL,NOT_REPORTED,absolute,IDEALIZED_SINGLE_PAIR_GRADUAL,IDEALIZED_GRADUAL_MAPPING,64,8,255,0,2,9,203264,56,512,28672,96.24,-0.0099999999999909,96.22045775468976,0.017623868886249245,96.20283388580351,-0.019542245310233852,0.019542245310233852,True,LEAVE_ONE_FAMILY_OUT,TiOx,TiOx_02_Au,10.1038/s41598-019-44607-3,TiOx,5,5,4,False
TiOx_02_Au,10.1038/s41598-019-44607-3,TiOx,1.705978,0.2319734262803857,0,0,GRADUAL_MULTILEVEL,NOT_REPORTED,absolute,IDEALIZED_SINGLE_PAIR_GRADUAL,IDEALIZED_GRADUAL_MAPPING,256,7,127,0,2,10,203264,10,1024,10240,96.24,-0.0099999999999909,96.19132931746032,0.02543286572001838,96.1658964517403,-0.04867068253967943,0.04867068253967943,True,LEAVE_ONE_FAMILY_OUT,TiOx,TiOx_02_Au,10.1038/s41598-019-44607-3,TiOx,5,5,4,False
TiOx_02_Au,10.1038/s41598-019-44607-3,TiOx,1.705978,0.2319734262803857,0,0,GRADUAL_MULTILEVEL,NOT_REPORTED,absolute,IDEALIZED_SINGLE_PAIR_GRADUAL,IDEALIZED_GRADUAL_MAPPING,256,7,127,0,2,8,203264,10,256,2560,96.23,0.0,96.21484381529581,0.027247638296248686,96.18759617699956,-0.015156184704196107,0.015156184704196107,True,LEAVE_ONE_FAMILY_OUT,TiOx,TiOx_02_Au,10.1038/s41598-019-44607-3,TiOx,5,5,4,False
TiOx_02_Au,10.1038/s41598-019-44607-3,TiOx,1.705978,0.2319734262803857,0,0,GRADUAL_MULTILEVEL,NOT_REPORTED,absolute,IDEALIZED_SINGLE_PAIR_GRADUAL,IDEALIZED_GRADUAL_MAPPING,256,8,255,0,2,10,203264,10,1024,10240,96.23,0.0,96.19312976984126,0.029087892834281603,96.16404187700698,-0.03687023015874047,0.03687023015874047,True,LEAVE_ONE_FAMILY_OUT,TiOx,TiOx_02_Au,10.1038/s41598-019-44607-3,TiOx,5,5,4,False
TiOx_02_Au,10.1038/s41598-019-44607-3,TiOx,1.705978,0.2319734262803857,0,0,GRADUAL_MULTILEVEL,NOT_REPORTED,absolute,IDEALIZED_SINGLE_PAIR_GRADUAL,IDEALIZED_GRADUAL_MAPPING,32,6,63,0,2,7,203264,208,128,26624,96.22,0.0100000000000051,96.20579692857142,0.031063515586422008,96.17473341298499,-0.014203071428582348,0.014203071428582348,True,LEAVE_ONE_FAMILY_OUT,TiOx,TiOx_02_Au,10.1038/s41598-019-44607-3,TiOx,5,5,4,False
TiOx_02_Au,10.1038/s41598-019-44607-3,TiOx,1.705978,0.2319734262803857,0,0,GRADUAL_MULTILEVEL,NOT_REPORTED,absolute,IDEALIZED_SINGLE_PAIR_GRADUAL,IDEALIZED_GRADUAL_MAPPING,16,8,255,0,2,9,203264,800,512,409600,96.22,0.0100000000000051,96.21915166666668,0.01972404386449012,96.19942762280219,-0.0008483333333231258,0.0008483333333231258,True,LEAVE_ONE_FAMILY_OUT,TiOx,TiOx_02_Au,10.1038/s41598-019-44607-3,TiOx,5,5,4,False
TiOx_02_Au,10.1038/s41598-019-44607-3,TiOx,1.705978,0.2319734262803857,0,0,GRADUAL_MULTILEVEL,NOT_REPORTED,absolute,IDEALIZED_SINGLE_PAIR_GRADUAL,IDEALIZED_GRADUAL_MAPPING,32,7,127,0,2,9,203264,208,512,106496,96.22,0.0100000000000051,96.23226237301587,0.016648359174118183,96.21561401384176,0.012262373015872186,0.012262373015872186,True,LEAVE_ONE_FAMILY_OUT,TiOx,TiOx_02_Au,10.1038/s41598-019-44607-3,TiOx,5,5,4,False
TiOx_02_Au,10.1038/s41598-019-44607-3,TiOx,1.705978,0.2319734262803857,0,0,GRADUAL_MULTILEVEL,NOT_REPORTED,absolute,IDEALIZED_SINGLE_PAIR_GRADUAL,IDEALIZED_GRADUAL_MAPPING,32,7,127,0,2,8,203264,208,256,53248,96.22,0.0100000000000051,96.19867098629149,0.025543603559746657,96.17312738273175,-0.021329013708509592,0.021329013708509592,True,LEAVE_ONE_FAMILY_OUT,TiOx,TiOx_02_Au,10.1038/s41598-019-44607-3,TiOx,5,5,4,False
TiOx_02_Au,10.1038/s41598-019-44607-3,TiOx,1.705978,0.2319734262803857,0,0,GRADUAL_MULTILEVEL,NOT_REPORTED,absolute,IDEALIZED_SINGLE_PAIR_GRADUAL,IDEALIZED_GRADUAL_MAPPING,128,7,127,0,2,10,203264,16,1024,16384,96.22,0.0100000000000051,96.20001785714285,0.018450691882649067,96.1815671652602,-0.01998214285714539,0.01998214285714539,True,LEAVE_ONE_FAMILY_OUT,TiOx,TiOx_02_Au,10.1038/s41598-019-44607-3,TiOx,5,5,4,False
TiOx_02_Au,10.1038/s41598-019-44607-3,TiOx,1.705978,0.2319734262803857,0,0,GRADUAL_MULTILEVEL,NOT_REPORTED,absolute,IDEALIZED_SINGLE_PAIR_GRADUAL,IDEALIZED_GRADUAL_MAPPING,128,6,63,0,2,10,203264,16,1024,16384,96.22,0.0100000000000051,96.26474127561329,0.023821717008881443,96.2409195586044,0.044741275613290554,0.044741275613290554,True,LEAVE_ONE_FAMILY_OUT,TiOx,TiOx_02_Au,10.1038/s41598-019-44607-3,TiOx,5,5,4,False
TiOx_02_Au,10.1038/s41598-019-44607-3,TiOx,1.705978,0.2319734262803857,0,0,GRADUAL_MULTILEVEL,NOT_REPORTED,absolute,IDEALIZED_SINGLE_PAIR_GRADUAL,IDEALIZED_GRADUAL_MAPPING,16,7,127,0,2,10,203264,800,1024,819200,96.21,0.0200000000000102,96.20575526984128,0.016966724707842773,96.18878854513343,-0.0042447301587174024,0.0042447301587174024,True,LEAVE_ONE_FAMILY_OUT,TiOx,TiOx_02_Au,10.1038/s41598-019-44607-3,TiOx,5,5,4,False
TiOx_02_Au,10.1038/s41598-019-44607-3,TiOx,1.705978,0.2319734262803857,0,0,GRADUAL_MULTILEVEL,NOT_REPORTED,absolute,IDEALIZED_SINGLE_PAIR_GRADUAL,IDEALIZED_GRADUAL_MAPPING,16,7,127,0,2,7,203264,800,128,102400,96.21,0.0200000000000102,96.18965597835498,0.036146348421453166,96.15350962993352,-0.02034402164501614,0.02034402164501614,True,LEAVE_ONE_FAMILY_OUT,TiOx,TiOx_02_Au,10.1038/s41598-019-44607-3,TiOx,5,5,4,False
TiOx_02_Au,10.1038/s41598-019-44607-3,TiOx,1.705978,0.2319734262803857,0,0,GRADUAL_MULTILEVEL,NOT_REPORTED,absolute,IDEALIZED_SINGLE_PAIR_GRADUAL,IDEALIZED_GRADUAL_MAPPING,64,6,63,0,2,9,203264,56,512,28672,96.21,0.0200000000000102,96.26051033333334,0.0188348845894597,96.24167544874388,0.05051033333334942,0.05051033333334942,True,LEAVE_ONE_FAMILY_OUT,TiOx,TiOx_02_Au,10.1038/s41598-019-44607-3,TiOx,5,5,4,False
TiOx_02_Au,10.1038/s41598-019-44607-3,TiOx,1.705978,0.2319734262803857,0,0,GRADUAL_MULTILEVEL,NOT_REPORTED,absolute,IDEALIZED_SINGLE_PAIR_GRADUAL,IDEALIZED_GRADUAL_MAPPING,64,7,127,0,2,9,203264,56,512,28672,96.21,0.0200000000000102,96.22705100072149,0.018322519678875427,96.20872848104261,0.017051000721494347,0.017051000721494347,True,LEAVE_ONE_FAMILY_OUT,TiOx,TiOx_02_Au,10.1038/s41598-019-44607-3,TiOx,5,5,4,False
TiOx_02_Au,10.1038/s41598-019-44607-3,TiOx,1.705978,0.2319734262803857,0,0,GRADUAL_MULTILEVEL,NOT_REPORTED,absolute,IDEALIZED_SINGLE_PAIR_GRADUAL,IDEALIZED_GRADUAL_MAPPING,16,8,255,0,2,7,203264,800,128,102400,96.21,0.0200000000000102,96.17720721645021,0.04340856946337757,96.13379864698683,-0.032792783549780324,0.032792783549780324,True,LEAVE_ONE_FAMILY_OUT,TiOx,TiOx_02_Au,10.1038/s41598-019-44607-3,TiOx,5,5,4,False
TiOx_02_Au,10.1038/s41598-019-44607-3,TiOx,1.705978,0.2319734262803857,0,0,GRADUAL_MULTILEVEL,NOT_REPORTED,absolute,IDEALIZED_SINGLE_PAIR_GRADUAL,IDEALIZED_GRADUAL_MAPPING,64,7,127,0,2,10,203264,56,1024,57344,96.2,0.0300000000000011,96.20940995310245,0.020378760705747352,96.1890311923967,0.009409953102448299,0.009409953102448299,True,LEAVE_ONE_FAMILY_OUT,TiOx,TiOx_02_Au,10.1038/s41598-019-44607-3,TiOx,5,5,4,False
TiOx_02_Au,10.1038/s41598-019-44607-3,TiOx,1.705978,0.2319734262803857,0,0,GRADUAL_MULTILEVEL,NOT_REPORTED,absolute,IDEALIZED_SINGLE_PAIR_GRADUAL,IDEALIZED_GRADUAL_MAPPING,32,8,255,0,2,8,203264,208,256,53248,96.2,0.0300000000000011,96.18687948629147,0.030117854779757744,96.15676163151171,-0.013120513708528847,0.013120513708528847,True,LEAVE_ONE_FAMILY_OUT,TiOx,TiOx_02_Au,10.1038/s41598-019-44607-3,TiOx,5,5,4,False
TiOx_02_Au,10.1038/s41598-019-44607-3,TiOx,1.705978,0.2319734262803857,0,0,GRADUAL_MULTILEVEL,NOT_REPORTED,absolute,IDEALIZED_SINGLE_PAIR_GRADUAL,IDEALIZED_GRADUAL_MAPPING,32,8,255,0,2,10,203264,208,1024,212992,96.2,0.0300000000000011,96.24108406349207,0.0165065315503194,96.22457753194175,0.041084063492064615,0.041084063492064615,True,LEAVE_ONE_FAMILY_OUT,TiOx,TiOx_02_Au,10.1038/s41598-019-44607-3,TiOx,5,5,4,False
TiOx_02_Au,10.1038/s41598-019-44607-3,TiOx,1.705978,0.2319734262803857,0,0,GRADUAL_MULTILEVEL,NOT_REPORTED,absolute,IDEALIZED_SINGLE_PAIR_GRADUAL,IDEALIZED_GRADUAL_MAPPING,16,8,255,0,2,8,203264,800,256,204800,96.19,0.0400000000000062,96.1855726053391,0.02316089172800768,96.16241171361109,-0.004427394660893924,0.004427394660893924,True,LEAVE_ONE_FAMILY_OUT,TiOx,TiOx_02_Au,10.1038/s41598-019-44607-3,TiOx,5,5,4,False
TiOx_02_Au,10.1038/s41598-019-44607-3,TiOx,1.705978,0.2319734262803857,0,0,GRADUAL_MULTILEVEL,NOT_REPORTED,absolute,IDEALIZED_SINGLE_PAIR_GRADUAL,IDEALIZED_GRADUAL_MAPPING,128,8,255,0,2,10,203264,16,1024,16384,96.19,0.0400000000000062,96.20849232539683,0.019690123860196678,96.18880220153663,0.018492325396834985,0.018492325396834985,True,LEAVE_ONE_FAMILY_OUT,TiOx,TiOx_02_Au,10.1038/s41598-019-44607-3,TiOx,5,5,4,False
TiOx_02_Au,10.1038/s41598-019-44607-3,TiOx,1.705978,0.2319734262803857,0,0,GRADUAL_MULTILEVEL,NOT_REPORTED,absolute,IDEALIZED_SINGLE_PAIR_GRADUAL,IDEALIZED_GRADUAL_MAPPING,256,7,127,0,2,9,203264,10,512,5120,96.18,0.0499999999999971,96.21757037301589,0.025373543444086235,96.1921968295718,0.03757037301588184,0.03757037301588184,True,LEAVE_ONE_FAMILY_OUT,TiOx,TiOx_02_Au,10.1038/s41598-019-44607-3,TiOx,5,5,4,False
TiOx_02_Au,10.1038/s41598-019-44607-3,TiOx,1.705978,0.2319734262803857,0,0,GRADUAL_MULTILEVEL,NOT_REPORTED,absolute,IDEALIZED_SINGLE_PAIR_GRADUAL,IDEALIZED_GRADUAL_MAPPING,64,5,31,0,2,9,203264,56,512,28672,96.18,0.0499999999999971,96.16034073809523,0.022222414970847836,96.13811832312439,-0.019659261904777736,0.019659261904777736,True,LEAVE_ONE_FAMILY_OUT,TiOx,TiOx_02_Au,10.1038/s41598-019-44607-3,TiOx,5,5,4,False
TiOx_02_Au,10.1038/s41598-019-44607-3,TiOx,1.705978,0.2319734262803857,0,0,GRADUAL_MULTILEVEL,NOT_REPORTED,absolute,IDEALIZED_SINGLE_PAIR_GRADUAL,IDEALIZED_GRADUAL_MAPPING,256,6,63,0,2,8,203264,10,256,2560,96.18,0.0499999999999971,96.23446033116885,0.03507015251638594,96.19939017865246,0.054460331168840526,0.054460331168840526,True,LEAVE_ONE_FAMILY_OUT,TiOx,TiOx_02_Au,10.1038/s41598-019-44607-3,TiOx,5,5,4,False
TiOx_02_Au,10.1038/s41598-019-44607-3,TiOx,1.705978,0.2319734262803857,0,0,GRADUAL_MULTILEVEL,NOT_REPORTED,absolute,IDEALIZED_SINGLE_PAIR_GRADUAL,IDEALIZED_GRADUAL_MAPPING,32,8,255,0,2,7,203264,208,128,26624,96.18,0.0499999999999971,96.17710204978354,0.04556733944254914,96.13153471034099,-0.002897950216464551,0.002897950216464551,True,LEAVE_ONE_FAMILY_OUT,TiOx,TiOx_02_Au,10.1038/s41598-019-44607-3,TiOx,5,5,4,False
TiOx_02_Au,10.1038/s41598-019-44607-3,TiOx,1.705978,0.2319734262803857,0,0,GRADUAL_MULTILEVEL,NOT_REPORTED,absolute,IDEALIZED_SINGLE_PAIR_GRADUAL,IDEALIZED_GRADUAL_MAPPING,16,5,31,0,2,8,203264,800,256,204800,96.17,0.0600000000000022,96.15144748412699,0.02811608360085156,96.12333140052614,-0.018552515873011544,0.018552515873011544,True,LEAVE_ONE_FAMILY_OUT,TiOx,TiOx_02_Au,10.1038/s41598-019-44607-3,TiOx,5,5,4,False
TiOx_02_Au,10.1038/s41598-019-44607-3,TiOx,1.705978,0.2319734262803857,0,0,GRADUAL_MULTILEVEL,NOT_REPORTED,absolute,IDEALIZED_SINGLE_PAIR_GRADUAL,IDEALIZED_GRADUAL_MAPPING,16,7,127,0,2,8,203264,800,256,204800,96.17,0.0600000000000022,96.19486872438674,0.01745495179291218,96.17741377259382,0.024868724386735153,0.024868724386735153,True,LEAVE_ONE_FAMILY_OUT,TiOx,TiOx_02_Au,10.1038/s41598-019-44607-3,TiOx,5,5,4,False
TiOx_02_Au,10.1038/s41598-019-44607-3,TiOx,1.705978,0.2319734262803857,0,0,GRADUAL_MULTILEVEL,NOT_REPORTED,absolute,IDEALIZED_SINGLE_PAIR_GRADUAL,IDEALIZED_GRADUAL_MAPPING,16,6,63,0,2,7,203264,800,128,102400,96.17,0.0600000000000022,96.19913188095236,0.03190924694300357,96.16722263400936,0.029131880952363076,0.029131880952363076,True,LEAVE_ONE_FAMILY_OUT,TiOx,TiOx_02_Au,10.1038/s41598-019-44607-3,TiOx,5,5,4,False
TiOx_02_Au,10.1038/s41598-019-44607-3,TiOx,1.705978,0.2319734262803857,0,0,GRADUAL_MULTILEVEL,NOT_REPORTED,absolute,IDEALIZED_SINGLE_PAIR_GRADUAL,IDEALIZED_GRADUAL_MAPPING,64,6,63,0,2,7,203264,56,128,7168,96.17,0.0600000000000022,96.18792854761905,0.06593894251320115,96.12198960510585,0.01792854761905005,0.01792854761905005,True,LEAVE_ONE_FAMILY_OUT,TiOx,TiOx_02_Au,10.1038/s41598-019-44607-3,TiOx,5,5,4,False
TiOx_02_Au,10.1038/s41598-019-44607-3,TiOx,1.705978,0.2319734262803857,0,0,GRADUAL_MULTILEVEL,NOT_REPORTED,absolute,IDEALIZED_SINGLE_PAIR_GRADUAL,IDEALIZED_GRADUAL_MAPPING,64,5,31,0,2,10,203264,56,1024,57344,96.17,0.0600000000000022,96.15961857142857,0.023451410657756952,96.13616716077081,-0.01038142857143498,0.01038142857143498,True,LEAVE_ONE_FAMILY_OUT,TiOx,TiOx_02_Au,10.1038/s41598-019-44607-3,TiOx,5,5,4,False
TiOx_02_Au,10.1038/s41598-019-44607-3,TiOx,1.705978,0.2319734262803857,0,0,GRADUAL_MULTILEVEL,NOT_REPORTED,absolute,IDEALIZED_SINGLE_PAIR_GRADUAL,IDEALIZED_GRADUAL_MAPPING,256,6,63,0,2,9,203264,10,512,5120,96.16,0.0700000000000073,96.23811778571428,0.030439846786129227,96.20767793892816,0.07811778571428363,0.07811778571428363,True,LEAVE_ONE_FAMILY_OUT,TiOx,TiOx_02_Au,10.1038/s41598-019-44607-3,TiOx,5,5,4,False
TiOx_02_Au,10.1038/s41598-019-44607-3,TiOx,1.705978,0.2319734262803857,0,0,GRADUAL_MULTILEVEL,NOT_REPORTED,absolute,IDEALIZED_SINGLE_PAIR_GRADUAL,IDEALIZED_GRADUAL_MAPPING,128,6,63,0,2,9,203264,16,512,8192,96.16,0.0700000000000073,96.25076833910535,0.021191758783485604,96.22957658032186,0.09076833910535242,0.09076833910535242,True,LEAVE_ONE_FAMILY_OUT,TiOx,TiOx_02_Au,10.1038/s41598-019-44607-3,TiOx,5,5,4,False
TiOx_02_Au,10.1038/s41598-019-44607-3,TiOx,1.705978,0.2319734262803857,0,0,GRADUAL_MULTILEVEL,NOT_REPORTED,absolute,IDEALIZED_SINGLE_PAIR_GRADUAL,IDEALIZED_GRADUAL_MAPPING,256,5,31,0,2,10,203264,10,1024,10240,96.16,0.0700000000000073,96.13935115079366,0.044879630154007755,96.09447152063964,-0.020648849206338582,0.020648849206338582,True,LEAVE_ONE_FAMILY_OUT,TiOx,TiOx_02_Au,10.1038/s41598-019-44607-3,TiOx,5,5,4,False
TiOx_02_Au,10.1038/s41598-019-44607-3,TiOx,1.705978,0.2319734262803857,0,0,GRADUAL_MULTILEVEL,NOT_REPORTED,absolute,IDEALIZED_SINGLE_PAIR_GRADUAL,IDEALIZED_GRADUAL_MAPPING,256,5,31,0,2,8,203264,10,256,2560,96.16,0.0700000000000073,96.12334339682539,0.05106593568306513,96.07227746114232,-0.03665660317460606,0.03665660317460606,True,LEAVE_ONE_FAMILY_OUT,TiOx,TiOx_02_Au,10.1038/s41598-019-44607-3,TiOx,5,5,4,False
TiOx_02_Au,10.1038/s41598-019-44607-3,TiOx,1.705978,0.2319734262803857,0,0,GRADUAL_MULTILEVEL,NOT_REPORTED,absolute,IDEALIZED_SINGLE_PAIR_GRADUAL,IDEALIZED_GRADUAL_MAPPING,256,6,63,0,2,10,203264,10,1024,10240,96.15,0.0799999999999983,96.26484982539682,0.029579897374043995,96.23526992802277,0.1148498253968171,0.1148498253968171,True,LEAVE_ONE_FAMILY_OUT,TiOx,TiOx_02_Au,10.1038/s41598-019-44607-3,TiOx,5,5,4,False
TiOx_02_Au,10.1038/s41598-019-44607-3,TiOx,1.705978,0.2319734262803857,0,0,GRADUAL_MULTILEVEL,NOT_REPORTED,absolute,IDEALIZED_SINGLE_PAIR_GRADUAL,IDEALIZED_GRADUAL_MAPPING,32,5,31,0,2,8,203264,208,256,53248,96.15,0.0799999999999983,96.17319273881674,0.0291690164376423,96.14402372237909,0.023192738816732117,0.023192738816732117,True,LEAVE_ONE_FAMILY_OUT,TiOx,TiOx_02_Au,10.1038/s41598-019-44607-3,TiOx,5,5,4,False
TiOx_02_Au,10.1038/s41598-019-44607-3,TiOx,1.705978,0.2319734262803857,0,0,GRADUAL_MULTILEVEL,NOT_REPORTED,absolute,IDEALIZED_SINGLE_PAIR_GRADUAL,IDEALIZED_GRADUAL_MAPPING,16,5,31,0,2,9,203264,800,512,409600,96.15,0.0799999999999983,96.15477346031746,0.019107746226099627,96.13566571409136,0.00477346031745185,0.00477346031745185,True,LEAVE_ONE_FAMILY_OUT,TiOx,TiOx_02_Au,10.1038/s41598-019-44607-3,TiOx,5,5,4,False
TiOx_02_Au,10.1038/s41598-019-44607-3,TiOx,1.705978,0.2319734262803857,0,0,GRADUAL_MULTILEVEL,NOT_REPORTED,absolute,IDEALIZED_SINGLE_PAIR_GRADUAL,IDEALIZED_GRADUAL_MAPPING,16,5,31,0,2,10,203264,800,1024,819200,96.14,0.0900000000000034,96.14528634920634,0.022012222383167603,96.12327412682318,0.005286349206343743,0.005286349206343743,True,LEAVE_ONE_FAMILY_OUT,TiOx,TiOx_02_Au,10.1038/s41598-019-44607-3,TiOx,5,5,4,False
TiOx_02_Au,10.1038/s41598-019-44607-3,TiOx,1.705978,0.2319734262803857,0,0,GRADUAL_MULTILEVEL,NOT_REPORTED,absolute,IDEALIZED_SINGLE_PAIR_GRADUAL,IDEALIZED_GRADUAL_MAPPING,16,5,31,0,2,7,203264,800,128,102400,96.14,0.0900000000000034,96.0865468174603,0.08692804090209726,95.99961877655821,-0.05345318253969822,0.05345318253969822,True,LEAVE_ONE_FAMILY_OUT,TiOx,TiOx_02_Au,10.1038/s41598-019-44607-3,TiOx,5,5,4,False
TiOx_02_Au,10.1038/s41598-019-44607-3,TiOx,1.705978,0.2319734262803857,0,0,GRADUAL_MULTILEVEL,NOT_REPORTED,absolute,IDEALIZED_SINGLE_PAIR_GRADUAL,IDEALIZED_GRADUAL_MAPPING,32,5,31,0,2,9,203264,208,512,106496,96.14,0.0900000000000034,96.15811203968255,0.015549313953380375,96.14256272572916,0.018112039682549153,0.018112039682549153,True,LEAVE_ONE_FAMILY_OUT,TiOx,TiOx_02_Au,10.1038/s41598-019-44607-3,TiOx,5,5,4,False
TiOx_02_Au,10.1038/s41598-019-44607-3,TiOx,1.705978,0.2319734262803857,0,0,GRADUAL_MULTILEVEL,NOT_REPORTED,absolute,IDEALIZED_SINGLE_PAIR_GRADUAL,IDEALIZED_GRADUAL_MAPPING,32,5,31,0,2,10,203264,208,1024,212992,96.14,0.0900000000000034,96.14843400000001,0.01896786970501757,96.12946613029499,0.008434000000008268,0.008434000000008268,True,LEAVE_ONE_FAMILY_OUT,TiOx,TiOx_02_Au,10.1038/s41598-019-44607-3,TiOx,5,5,4,False
TiOx_02_Au,10.1038/s41598-019-44607-3,TiOx,1.705978,0.2319734262803857,0,0,GRADUAL_MULTILEVEL,NOT_REPORTED,absolute,IDEALIZED_SINGLE_PAIR_GRADUAL,IDEALIZED_GRADUAL_MAPPING,256,8,255,0,2,9,203264,10,512,5120,96.14,0.0900000000000034,96.20261069841271,0.024904679680650035,96.17770601873207,0.06261069841271194,0.06261069841271194,True,LEAVE_ONE_FAMILY_OUT,TiOx,TiOx_02_Au,10.1038/s41598-019-44607-3,TiOx,5,5,4,False
TiOx_02_Au,10.1038/s41598-019-44607-3,TiOx,1.705978,0.2319734262803857,0,0,GRADUAL_MULTILEVEL,NOT_REPORTED,absolute,IDEALIZED_SINGLE_PAIR_GRADUAL,IDEALIZED_GRADUAL_MAPPING,128,5,31,0,2,8,203264,16,256,4096,96.14,0.0900000000000034,96.15513430952383,0.04264575325061295,96.11248855627322,0.015134309523830325,0.015134309523830325,True,LEAVE_ONE_FAMILY_OUT,TiOx,TiOx_02_Au,10.1038/s41598-019-44607-3,TiOx,5,5,4,False
TiOx_02_Au,10.1038/s41598-019-44607-3,TiOx,1.705978,0.2319734262803857,0,0,GRADUAL_MULTILEVEL,NOT_REPORTED,absolute,IDEALIZED_SINGLE_PAIR_GRADUAL,IDEALIZED_GRADUAL_MAPPING,128,8,255,0,2,9,203264,16,512,8192,96.13,0.1000000000000085,96.21247080952381,0.013988997125011834,96.1984818123988,0.08247080952381225,0.08247080952381225,True,LEAVE_ONE_FAMILY_OUT,TiOx,TiOx_02_Au,10.1038/s41598-019-44607-3,TiOx,5,5,4,False
TiOx_02_Au,10.1038/s41598-019-44607-3,TiOx,1.705978,0.2319734262803857,0,0,GRADUAL_MULTILEVEL,NOT_REPORTED,absolute,IDEALIZED_SINGLE_PAIR_GRADUAL,IDEALIZED_GRADUAL_MAPPING,256,8,255,0,2,8,203264,10,256,2560,96.13,0.1000000000000085,96.19384056926407,0.03198269234338709,96.16185787692068,0.06384056926407311,0.06384056926407311,True,LEAVE_ONE_FAMILY_OUT,TiOx,TiOx_02_Au,10.1038/s41598-019-44607-3,TiOx,5,5,4,False
TiOx_02_Au,10.1038/s41598-019-44607-3,TiOx,1.705978,0.2319734262803857,0,0,GRADUAL_MULTILEVEL,NOT_REPORTED,absolute,IDEALIZED_SINGLE_PAIR_GRADUAL,IDEALIZED_GRADUAL_MAPPING,128,6,63,0,2,8,203264,16,256,4096,96.13,0.1000000000000085,96.24672416233766,0.03141187403003624,96.21531228830762,0.11672416233766114,0.11672416233766114,True,LEAVE_ONE_FAMILY_OUT,TiOx,TiOx_02_Au,10.1038/s41598-019-44607-3,TiOx,5,5,4,False
TiOx_02_Au,10.1038/s41598-019-44607-3,TiOx,1.705978,0.2319734262803857,0,0,GRADUAL_MULTILEVEL,NOT_REPORTED,absolute,IDEALIZED_SINGLE_PAIR_GRADUAL,IDEALIZED_GRADUAL_MAPPING,128,5,31,0,2,10,203264,16,1024,16384,96.13,0.1000000000000085,96.15578737301587,0.033030127259374736,96.12275724575649,0.025787373015873527,0.025787373015873527,True,LEAVE_ONE_FAMILY_OUT,TiOx,TiOx_02_Au,10.1038/s41598-019-44607-3,TiOx,5,5,4,False
TiOx_02_Au,10.1038/s41598-019-44607-3,TiOx,1.705978,0.2319734262803857,0,0,GRADUAL_MULTILEVEL,NOT_REPORTED,absolute,IDEALIZED_SINGLE_PAIR_GRADUAL,IDEALIZED_GRADUAL_MAPPING,128,4,15,0,2,10,203264,16,1024,16384,96.12,0.1099999999999994,96.04528918253968,0.029277272182474633,96.01601191035721,-0.07471081746032837,0.07471081746032837,True,LEAVE_ONE_FAMILY_OUT,TiOx,TiOx_02_Au,10.1038/s41598-019-44607-3,TiOx,5,5,4,False
TiOx_02_Au,10.1038/s41598-019-44607-3,TiOx,1.705978,0.2319734262803857,0,0,GRADUAL_MULTILEVEL,NOT_REPORTED,absolute,IDEALIZED_SINGLE_PAIR_GRADUAL,IDEALIZED_GRADUAL_MAPPING,128,5,31,0,2,9,203264,16,512,8192,96.12,0.1099999999999994,96.1571688015873,0.031886744596677945,96.12528205699063,0.03716880158729907,0.03716880158729907,True,LEAVE_ONE_FAMILY_OUT,TiOx,TiOx_02_Au,10.1038/s41598-019-44607-3,TiOx,5,5,4,False
TiOx_02_Au,10.1038/s41598-019-44607-3,TiOx,1.705978,0.2319734262803857,0,0,GRADUAL_MULTILEVEL,NOT_REPORTED,absolute,IDEALIZED_SINGLE_PAIR_GRADUAL,IDEALIZED_GRADUAL_MAPPING,16,4,15,0,2,7,203264,800,128,102400,96.12,0.1099999999999994,95.99897142063492,0.10318273809547417,95.89578868253945,-0.12102857936508826,0.12102857936508826,True,LEAVE_ONE_FAMILY_OUT,TiOx,TiOx_02_Au,10.1038/s41598-019-44607-3,TiOx,5,5,4,False
TiOx_02_Au,10.1038/s41598-019-44607-3,TiOx,1.705978,0.2319734262803857,0,0,GRADUAL_MULTILEVEL,NOT_REPORTED,absolute,IDEALIZED_SINGLE_PAIR_GRADUAL,IDEALIZED_GRADUAL_MAPPING,128,7,127,0,2,9,203264,16,512,8192,96.11,0.1200000000000045,96.22429556349206,0.01670261358843705,96.20759294990363,0.11429556349206393,0.11429556349206393,True,LEAVE_ONE_FAMILY_OUT,TiOx,TiOx_02_Au,10.1038/s41598-019-44607-3,TiOx,5,5,4,False
TiOx_02_Au,10.1038/s41598-019-44607-3,TiOx,1.705978,0.2319734262803857,0,0,GRADUAL_MULTILEVEL,NOT_REPORTED,absolute,IDEALIZED_SINGLE_PAIR_GRADUAL,IDEALIZED_GRADUAL_MAPPING,16,4,15,0,2,8,203264,800,256,204800,96.11,0.1200000000000045,96.0751591111111,0.013916653558209712,96.0612424575529,-0.03484088888889403,0.03484088888889403,True,LEAVE_ONE_FAMILY_OUT,TiOx,TiOx_02_Au,10.1038/s41598-019-44607-3,TiOx,5,5,4,False
TiOx_02_Au,10.1038/s41598-019-44607-3,TiOx,1.705978,0.2319734262803857,0,0,GRADUAL_MULTILEVEL,NOT_REPORTED,absolute,IDEALIZED_SINGLE_PAIR_GRADUAL,IDEALIZED_GRADUAL_MAPPING,32,7,127,0,2,7,203264,208,128,26624,96.11,0.1200000000000045,96.19436983549784,0.037521853602120986,96.15684798189572,0.08436983549783861,0.08436983549783861,True,LEAVE_ONE_FAMILY_OUT,TiOx,TiOx_02_Au,10.1038/s41598-019-44607-3,TiOx,5,5,4,False
TiOx_02_Au,10.1038/s41598-019-44607-3,TiOx,1.705978,0.2319734262803857,0,0,GRADUAL_MULTILEVEL,NOT_REPORTED,absolute,IDEALIZED_SINGLE_PAIR_GRADUAL,IDEALIZED_GRADUAL_MAPPING,32,4,15,0,2,8,203264,208,256,53248,96.1,0.1300000000000096,96.07099484920633,0.014567924506541314,96.05642692469979,-0.02900515079366528,0.02900515079366528,True,LEAVE_ONE_FAMILY_OUT,TiOx,TiOx_02_Au,10.1038/s41598-019-44607-3,TiOx,5,5,4,False
TiOx_02_Au,10.1038/s41598-019-44607-3,TiOx,1.705978,0.2319734262803857,0,0,GRADUAL_MULTILEVEL,NOT_REPORTED,absolute,IDEALIZED_SINGLE_PAIR_GRADUAL,IDEALIZED_GRADUAL_MAPPING,64,6,63,0,2,8,203264,56,256,14336,96.1,0.1300000000000096,96.2404447063492,0.03056854324171266,96.20987616310748,0.14044470634920003,0.14044470634920003,True,LEAVE_ONE_FAMILY_OUT,TiOx,TiOx_02_Au,10.1038/s41598-019-44607-3,TiOx,5,5,4,False
TiOx_02_Au,10.1038/s41598-019-44607-3,TiOx,1.705978,0.2319734262803857,0,0,GRADUAL_MULTILEVEL,NOT_REPORTED,absolute,IDEALIZED_SINGLE_PAIR_GRADUAL,IDEALIZED_GRADUAL_MAPPING,128,8,255,0,2,8,203264,16,256,4096,96.09,0.1400000000000005,96.20183896608947,0.030241805804658944,96.1715971602848,0.11183896608946498,0.11183896608946498,True,LEAVE_ONE_FAMILY_OUT,TiOx,TiOx_02_Au,10.1038/s41598-019-44607-3,TiOx,5,5,4,False
TiOx_02_Au,10.1038/s41598-019-44607-3,TiOx,1.705978,0.2319734262803857,0,0,GRADUAL_MULTILEVEL,NOT_REPORTED,absolute,IDEALIZED_SINGLE_PAIR_GRADUAL,IDEALIZED_GRADUAL_MAPPING,32,4,15,0,2,9,203264,208,512,106496,96.09,0.1400000000000005,96.0704514047619,0.016836276523023722,96.05361512823887,-0.01954859523810626,0.01954859523810626,True,LEAVE_ONE_FAMILY_OUT,TiOx,TiOx_02_Au,10.1038/s41598-019-44607-3,TiOx,5,5,4,False
TiOx_02_Au,10.1038/s41598-019-44607-3,TiOx,1.705978,0.2319734262803857,0,0,GRADUAL_MULTILEVEL,NOT_REPORTED,absolute,IDEALIZED_SINGLE_PAIR_GRADUAL,IDEALIZED_GRADUAL_MAPPING,128,4,15,0,2,9,203264,16,512,8192,96.08,0.1500000000000056,96.07012125396824,0.02729671622195549,96.04282453774628,-0.009878746031759533,0.009878746031759533,True,LEAVE_ONE_FAMILY_OUT,TiOx,TiOx_02_Au,10.1038/s41598-019-44607-3,TiOx,5,5,4,False
TiOx_02_Au,10.1038/s41598-019-44607-3,TiOx,1.705978,0.2319734262803857,0,0,GRADUAL_MULTILEVEL,NOT_REPORTED,absolute,IDEALIZED_SINGLE_PAIR_GRADUAL,IDEALIZED_GRADUAL_MAPPING,64,7,127,0,2,7,203264,56,128,7168,96.08,0.1500000000000056,96.17078085714284,0.07376043357844948,96.0970204235644,0.09078085714284612,0.09078085714284612,True,LEAVE_ONE_FAMILY_OUT,TiOx,TiOx_02_Au,10.1038/s41598-019-44607-3,TiOx,5,5,4,False
TiOx_02_Au,10.1038/s41598-019-44607-3,TiOx,1.705978,0.2319734262803857,0,0,GRADUAL_MULTILEVEL,NOT_REPORTED,absolute,IDEALIZED_SINGLE_PAIR_GRADUAL,IDEALIZED_GRADUAL_MAPPING,32,5,31,0,2,7,203264,208,128,26624,96.08,0.1500000000000056,96.10078807142857,0.09498169721595627,96.00580637421261,0.02078807142856931,0.02078807142856931,True,LEAVE_ONE_FAMILY_OUT,TiOx,TiOx_02_Au,10.1038/s41598-019-44607-3,TiOx,5,5,4,False
TiOx_02_Au,10.1038/s41598-019-44607-3,TiOx,1.705978,0.2319734262803857,0,0,GRADUAL_MULTILEVEL,NOT_REPORTED,absolute,IDEALIZED_SINGLE_PAIR_GRADUAL,IDEALIZED_GRADUAL_MAPPING,256,5,31,0,2,9,203264,10,512,5120,96.08,0.1500000000000056,96.1370790079365,0.043768910618913075,96.0933100973176,0.05707900793650822,0.05707900793650822,True,LEAVE_ONE_FAMILY_OUT,TiOx,TiOx_02_Au,10.1038/s41598-019-44607-3,TiOx,5,5,4,False
TiOx_02_Au,10.1038/s41598-019-44607-3,TiOx,1.705978,0.2319734262803857,0,0,GRADUAL_MULTILEVEL,NOT_REPORTED,absolute,IDEALIZED_SINGLE_PAIR_GRADUAL,IDEALIZED_GRADUAL_MAPPING,16,6,63,0,2,6,203264,800,64,51200,96.08,0.1500000000000056,96.03542593650793,0.11808603739243663,95.9173398991155,-0.04457406349206394,0.04457406349206394,True,LEAVE_ONE_FAMILY_OUT,TiOx,TiOx_02_Au,10.1038/s41598-019-44607-3,TiOx,5,5,4,False
TiOx_02_Au,10.1038/s41598-019-44607-3,TiOx,1.705978,0.2319734262803857,0,0,GRADUAL_MULTILEVEL,NOT_REPORTED,absolute,IDEALIZED_SINGLE_PAIR_GRADUAL,IDEALIZED_GRADUAL_MAPPING,16,4,15,0,2,10,203264,800,1024,819200,96.07,0.1600000000000108,96.0667088095238,0.01693345146147221,96.04977535806233,-0.003291190476190309,0.003291190476190309,True,LEAVE_ONE_FAMILY_OUT,TiOx,TiOx_02_Au,10.1038/s41598-019-44607-3,TiOx,5,5,4,False
TiOx_02_Au,10.1038/s41598-019-44607-3,TiOx,1.705978,0.2319734262803857,0,0,GRADUAL_MULTILEVEL,NOT_REPORTED,absolute,IDEALIZED_SINGLE_PAIR_GRADUAL,IDEALIZED_GRADUAL_MAPPING,64,7,127,0,2,8,203264,56,256,14336,96.07,0.1600000000000108,96.1926613888889,0.027528972242516866,96.16513241664637,0.12266138888890055,0.12266138888890055,True,LEAVE_ONE_FAMILY_OUT,TiOx,TiOx_02_Au,10.1038/s41598-019-44607-3,TiOx,5,5,4,False
TiOx_02_Au,10.1038/s41598-019-44607-3,TiOx,1.705978,0.2319734262803857,0,0,GRADUAL_MULTILEVEL,NOT_REPORTED,absolute,IDEALIZED_SINGLE_PAIR_GRADUAL,IDEALIZED_GRADUAL_MAPPING,256,4,15,0,2,9,203264,10,512,5120,96.06,0.1700000000000017,96.06643255555555,0.03295815843400157,96.03347439712155,0.006432555555548447,0.006432555555548447,True,LEAVE_ONE_FAMILY_OUT,TiOx,TiOx_02_Au,10.1038/s41598-019-44607-3,TiOx,5,5,4,False
TiOx_02_Au,10.1038/s41598-019-44607-3,TiOx,1.705978,0.2319734262803857,0,0,GRADUAL_MULTILEVEL,NOT_REPORTED,absolute,IDEALIZED_SINGLE_PAIR_GRADUAL,IDEALIZED_GRADUAL_MAPPING,64,8,255,0,2,7,203264,56,128,7168,96.06,0.1700000000000017,96.15842241269841,0.07532466720865728,96.08309774548975,0.09842241269841168,0.09842241269841168,True,LEAVE_ONE_FAMILY_OUT,TiOx,TiOx_02_Au,10.1038/s41598-019-44607-3,TiOx,5,5,4,False
TiOx_02_Au,10.1038/s41598-019-44607-3,TiOx,1.705978,0.2319734262803857,0,0,GRADUAL_MULTILEVEL,NOT_REPORTED,absolute,IDEALIZED_SINGLE_PAIR_GRADUAL,IDEALIZED_GRADUAL_MAPPING,32,4,15,0,2,10,203264,208,1024,212992,96.04,0.1899999999999977,96.06311197619047,0.017288592249261225,96.04582338394121,0.02311197619046368,0.02311197619046368,True,LEAVE_ONE_FAMILY_OUT,TiOx,TiOx_02_Au,10.1038/s41598-019-44607-3,TiOx,5,5,4,False
TiOx_02_Au,10.1038/s41598-019-44607-3,TiOx,1.705978,0.2319734262803857,0,0,GRADUAL_MULTILEVEL,NOT_REPORTED,absolute,IDEALIZED_SINGLE_PAIR_GRADUAL,IDEALIZED_GRADUAL_MAPPING,64,8,255,0,2,8,203264,56,256,14336,96.04,0.1899999999999977,96.17895026984127,0.024983161307167857,96.1539671085341,0.1389502698412599,0.1389502698412599,True,LEAVE_ONE_FAMILY_OUT,TiOx,TiOx_02_Au,10.1038/s41598-019-44607-3,TiOx,5,5,4,False
TiOx_02_Au,10.1038/s41598-019-44607-3,TiOx,1.705978,0.2319734262803857,0,0,GRADUAL_MULTILEVEL,NOT_REPORTED,absolute,IDEALIZED_SINGLE_PAIR_GRADUAL,IDEALIZED_GRADUAL_MAPPING,64,4,15,0,2,9,203264,56,512,28672,96.04,0.1899999999999977,96.06884544444442,0.019214720684862453,96.04963072375956,0.02884544444441417,0.02884544444441417,True,LEAVE_ONE_FAMILY_OUT,TiOx,TiOx_02_Au,10.1038/s41598-019-44607-3,TiOx,5,5,4,False
TiOx_02_Au,10.1038/s41598-019-44607-3,TiOx,1.705978,0.2319734262803857,0,0,GRADUAL_MULTILEVEL,NOT_REPORTED,absolute,IDEALIZED_SINGLE_PAIR_GRADUAL,IDEALIZED_GRADUAL_MAPPING,256,4,15,0,2,8,203264,10,256,2560,96.04,0.1899999999999977,96.06914401587301,0.039447189180762315,96.02969682669224,0.029144015873001194,0.029144015873001194,True,LEAVE_ONE_FAMILY_OUT,TiOx,TiOx_02_Au,10.1038/s41598-019-44607-3,TiOx,5,5,4,False
TiOx_02_Au,10.1038/s41598-019-44607-3,TiOx,1.705978,0.2319734262803857,0,0,GRADUAL_MULTILEVEL,NOT_REPORTED,absolute,IDEALIZED_SINGLE_PAIR_GRADUAL,IDEALIZED_GRADUAL_MAPPING,64,5,31,0,2,8,203264,56,256,14336,96.03,0.2000000000000028,96.1811502936508,0.031692121387586494,96.14945817226321,0.1511502936508009,0.1511502936508009,True,LEAVE_ONE_FAMILY_OUT,TiOx,TiOx_02_Au,10.1038/s41598-019-44607-3,TiOx,5,5,4,False
TiOx_02_Au,10.1038/s41598-019-44607-3,TiOx,1.705978,0.2319734262803857,0,0,GRADUAL_MULTILEVEL,NOT_REPORTED,absolute,IDEALIZED_SINGLE_PAIR_GRADUAL,IDEALIZED_GRADUAL_MAPPING,64,4,15,0,2,8,203264,56,256,14336,96.03,0.2000000000000028,96.06491001587301,0.02131520288626072,96.04359481298675,0.03491001587300957,0.03491001587300957,True,LEAVE_ONE_FAMILY_OUT,TiOx,TiOx_02_Au,10.1038/s41598-019-44607-3,TiOx,5,5,4,False
TiOx_02_Au,10.1038/s41598-019-44607-3,TiOx,1.705978,0.2319734262803857,0,0,GRADUAL_MULTILEVEL,NOT_REPORTED,absolute,IDEALIZED_SINGLE_PAIR_GRADUAL,IDEALIZED_GRADUAL_MAPPING,16,4,15,0,2,9,203264,800,512,409600,96.03,0.2000000000000028,96.07822047619048,0.011575237282866545,96.06664523890761,0.048220476190479644,0.048220476190479644,True,LEAVE_ONE_FAMILY_OUT,TiOx,TiOx_02_Au,10.1038/s41598-019-44607-3,TiOx,5,5,4,False
TiOx_02_Au,10.1038/s41598-019-44607-3,TiOx,1.705978,0.2319734262803857,0,0,GRADUAL_MULTILEVEL,NOT_REPORTED,absolute,IDEALIZED_SINGLE_PAIR_GRADUAL,IDEALIZED_GRADUAL_MAPPING,16,7,127,0,2,6,203264,800,64,51200,96.02,0.2100000000000079,96.06570538888889,0.08704164026502383,95.97866374862386,0.04570538888889075,0.04570538888889075,True,LEAVE_ONE_FAMILY_OUT,TiOx,TiOx_02_Au,10.1038/s41598-019-44607-3,TiOx,5,5,4,False
TiOx_02_Au,10.1038/s41598-019-44607-3,TiOx,1.705978,0.2319734262803857,0,0,GRADUAL_MULTILEVEL,NOT_REPORTED,absolute,IDEALIZED_SINGLE_PAIR_GRADUAL,IDEALIZED_GRADUAL_MAPPING,64,4,15,0,2,10,203264,56,1024,57344,96.02,0.2100000000000079,96.06119944444444,0.019242437415173532,96.04195700702927,0.041199444444444566,0.041199444444444566,True,LEAVE_ONE_FAMILY_OUT,TiOx,TiOx_02_Au,10.1038/s41598-019-44607-3,TiOx,5,5,4,False
TiOx_02_Au,10.1038/s41598-019-44607-3,TiOx,1.705978,0.2319734262803857,0,0,GRADUAL_MULTILEVEL,NOT_REPORTED,absolute,IDEALIZED_SINGLE_PAIR_GRADUAL,IDEALIZED_GRADUAL_MAPPING,256,4,15,0,2,10,203264,10,1024,10240,96.01,0.2199999999999988,96.04106811904762,0.031188857218943045,96.00987926182869,0.031068119047617415,0.031068119047617415,True,LEAVE_ONE_FAMILY_OUT,TiOx,TiOx_02_Au,10.1038/s41598-019-44607-3,TiOx,5,5,4,False
TiOx_02_Au,10.1038/s41598-019-44607-3,TiOx,1.705978,0.2319734262803857,0,0,GRADUAL_MULTILEVEL,NOT_REPORTED,absolute,IDEALIZED_SINGLE_PAIR_GRADUAL,IDEALIZED_GRADUAL_MAPPING,32,4,15,0,2,7,203264,208,128,26624,95.97,0.2600000000000051,96.01229673015872,0.11108016964983955,95.90121656050889,0.04229673015872493,0.04229673015872493,True,LEAVE_ONE_FAMILY_OUT,TiOx,TiOx_02_Au,10.1038/s41598-019-44607-3,TiOx,5,5,4,False
TiOx_02_Au,10.1038/s41598-019-44607-3,TiOx,1.705978,0.2319734262803857,0,0,GRADUAL_MULTILEVEL,NOT_REPORTED,absolute,IDEALIZED_SINGLE_PAIR_GRADUAL,IDEALIZED_GRADUAL_MAPPING,64,5,31,0,2,7,203264,56,128,7168,95.94,0.2900000000000062,96.0784954920635,0.11023933728128367,95.96825615478221,0.1384954920634982,0.1384954920634982,True,LEAVE_ONE_FAMILY_OUT,TiOx,TiOx_02_Au,10.1038/s41598-019-44607-3,TiOx,5,5,4,False
TiOx_02_Au,10.1038/s41598-019-44607-3,TiOx,1.705978,0.2319734262803857,0,0,GRADUAL_MULTILEVEL,NOT_REPORTED,absolute,IDEALIZED_SINGLE_PAIR_GRADUAL,IDEALIZED_GRADUAL_MAPPING,256,8,255,0,2,7,203264,10,128,1280,95.93,0.2999999999999971,95.95691909523809,0.13605867203446395,95.82086042320363,0.026919095238085333,0.026919095238085333,True,LEAVE_ONE_FAMILY_OUT,TiOx,TiOx_02_Au,10.1038/s41598-019-44607-3,TiOx,5,5,4,False
TiOx_02_Au,10.1038/s41598-019-44607-3,TiOx,1.705978,0.2319734262803857,0,0,GRADUAL_MULTILEVEL,NOT_REPORTED,absolute,IDEALIZED_SINGLE_PAIR_GRADUAL,IDEALIZED_GRADUAL_MAPPING,16,8,255,0,2,6,203264,800,64,51200,95.9,0.3299999999999983,96.06464638888889,0.08900730463827307,95.97563908425062,0.16464638888888317,0.16464638888888317,True,LEAVE_ONE_FAMILY_OUT,TiOx,TiOx_02_Au,10.1038/s41598-019-44607-3,TiOx,5,5,4,False
TiOx_02_Au,10.1038/s41598-019-44607-3,TiOx,1.705978,0.2319734262803857,0,0,GRADUAL_MULTILEVEL,NOT_REPORTED,absolute,IDEALIZED_SINGLE_PAIR_GRADUAL,IDEALIZED_GRADUAL_MAPPING,256,7,127,0,2,7,203264,10,128,1280,95.89,0.3400000000000034,95.97433107936507,0.128137073972422,95.84619400539265,0.08433107936507156,0.08433107936507156,True,LEAVE_ONE_FAMILY_OUT,TiOx,TiOx_02_Au,10.1038/s41598-019-44607-3,TiOx,5,5,4,False
TiOx_02_Au,10.1038/s41598-019-44607-3,TiOx,1.705978,0.2319734262803857,0,0,GRADUAL_MULTILEVEL,NOT_REPORTED,absolute,IDEALIZED_SINGLE_PAIR_GRADUAL,IDEALIZED_GRADUAL_MAPPING,128,4,15,0,2,8,203264,16,256,4096,95.86,0.3700000000000045,96.07750893650794,0.031687506183744364,96.0458214303242,0.21750893650794012,0.21750893650794012,True,LEAVE_ONE_FAMILY_OUT,TiOx,TiOx_02_Au,10.1038/s41598-019-44607-3,TiOx,5,5,4,False
TiOx_02_Au,10.1038/s41598-019-44607-3,TiOx,1.705978,0.2319734262803857,0,0,GRADUAL_MULTILEVEL,NOT_REPORTED,absolute,IDEALIZED_SINGLE_PAIR_GRADUAL,IDEALIZED_GRADUAL_MAPPING,16,5,31,0,2,6,203264,800,64,51200,95.84,0.3900000000000005,95.97499784126984,0.1342196952626234,95.84077814600721,0.13499784126983627,0.13499784126983627,True,LEAVE_ONE_FAMILY_OUT,TiOx,TiOx_02_Au,10.1038/s41598-019-44607-3,TiOx,5,5,4,False
TiOx_02_Au,10.1038/s41598-019-44607-3,TiOx,1.705978,0.2319734262803857,0,0,GRADUAL_MULTILEVEL,NOT_REPORTED,absolute,IDEALIZED_SINGLE_PAIR_GRADUAL,IDEALIZED_GRADUAL_MAPPING,128,6,63,0,2,7,203264,16,128,2048,95.83,0.4000000000000057,96.0179457936508,0.12496836316390827,95.8929774304869,0.18794579365079755,0.18794579365079755,True,LEAVE_ONE_FAMILY_OUT,TiOx,TiOx_02_Au,10.1038/s41598-019-44607-3,TiOx,5,5,4,False
TiOx_02_Au,10.1038/s41598-019-44607-3,TiOx,1.705978,0.2319734262803857,0,0,GRADUAL_MULTILEVEL,NOT_REPORTED,absolute,IDEALIZED_SINGLE_PAIR_GRADUAL,IDEALIZED_GRADUAL_MAPPING,128,8,255,0,2,7,203264,16,128,2048,95.82,0.4100000000000108,95.95559422222222,0.14901115544796975,95.80658306677425,0.13559422222222395,0.13559422222222395,True,LEAVE_ONE_FAMILY_OUT,TiOx,TiOx_02_Au,10.1038/s41598-019-44607-3,TiOx,5,5,4,False
TiOx_02_Au,10.1038/s41598-019-44607-3,TiOx,1.705978,0.2319734262803857,0,0,GRADUAL_MULTILEVEL,NOT_REPORTED,absolute,IDEALIZED_SINGLE_PAIR_GRADUAL,IDEALIZED_GRADUAL_MAPPING,16,4,15,0,2,6,203264,800,64,51200,95.81,0.4200000000000017,95.95820488888889,0.1432490726436854,95.8149558162452,0.14820488888888406,0.14820488888888406,False,LEAVE_ONE_FAMILY_OUT,TiOx,TiOx_02_Au,10.1038/s41598-019-44607-3,TiOx,5,5,4,False
TiOx_02_Au,10.1038/s41598-019-44607-3,TiOx,1.705978,0.2319734262803857,0,0,GRADUAL_MULTILEVEL,NOT_REPORTED,absolute,IDEALIZED_SINGLE_PAIR_GRADUAL,IDEALIZED_GRADUAL_MAPPING,256,6,63,0,2,7,203264,10,128,1280,95.81,0.4200000000000017,96.01902272222223,0.11077406079561941,95.90824866142661,0.20902272222222962,0.20902272222222962,False,LEAVE_ONE_FAMILY_OUT,TiOx,TiOx_02_Au,10.1038/s41598-019-44607-3,TiOx,5,5,4,False
TiOx_02_Au,10.1038/s41598-019-44607-3,TiOx,1.705978,0.2319734262803857,0,0,GRADUAL_MULTILEVEL,NOT_REPORTED,absolute,IDEALIZED_SINGLE_PAIR_GRADUAL,IDEALIZED_GRADUAL_MAPPING,128,4,15,0,2,7,203264,16,128,2048,95.77,0.4600000000000079,95.84180754761906,0.12894733790485213,95.71286020971421,0.07180754761905916,0.07180754761905916,False,LEAVE_ONE_FAMILY_OUT,TiOx,TiOx_02_Au,10.1038/s41598-019-44607-3,TiOx,5,5,4,False
TiOx_02_Au,10.1038/s41598-019-44607-3,TiOx,1.705978,0.2319734262803857,0,0,GRADUAL_MULTILEVEL,NOT_REPORTED,absolute,IDEALIZED_SINGLE_PAIR_GRADUAL,IDEALIZED_GRADUAL_MAPPING,256,4,15,0,2,7,203264,10,128,1280,95.76,0.4699999999999988,95.84065734126983,0.12833355396117327,95.71232378730866,0.08065734126982704,0.08065734126982704,False,LEAVE_ONE_FAMILY_OUT,TiOx,TiOx_02_Au,10.1038/s41598-019-44607-3,TiOx,5,5,4,False
TiOx_02_Au,10.1038/s41598-019-44607-3,TiOx,1.705978,0.2319734262803857,0,0,GRADUAL_MULTILEVEL,NOT_REPORTED,absolute,IDEALIZED_SINGLE_PAIR_GRADUAL,IDEALIZED_GRADUAL_MAPPING,64,4,15,0,2,7,203264,56,128,7168,95.76,0.4699999999999988,95.9235860079365,0.12401454537415106,95.79957146256235,0.1635860079365017,0.1635860079365017,False,LEAVE_ONE_FAMILY_OUT,TiOx,TiOx_02_Au,10.1038/s41598-019-44607-3,TiOx,5,5,4,False
TiOx_02_Au,10.1038/s41598-019-44607-3,TiOx,1.705978,0.2319734262803857,0,0,GRADUAL_MULTILEVEL,NOT_REPORTED,absolute,IDEALIZED_SINGLE_PAIR_GRADUAL,IDEALIZED_GRADUAL_MAPPING,128,5,31,0,2,7,203264,16,128,2048,95.7,0.5300000000000011,95.93927488888889,0.1400236374870245,95.79925125140187,0.23927488888888604,0.23927488888888604,False,LEAVE_ONE_FAMILY_OUT,TiOx,TiOx_02_Au,10.1038/s41598-019-44607-3,TiOx,5,5,4,False
TiOx_02_Au,10.1038/s41598-019-44607-3,TiOx,1.705978,0.2319734262803857,0,0,GRADUAL_MULTILEVEL,NOT_REPORTED,absolute,IDEALIZED_SINGLE_PAIR_GRADUAL,IDEALIZED_GRADUAL_MAPPING,32,8,255,0,2,6,203264,208,64,13312,95.69,0.5400000000000063,95.83701373015873,0.11036528625574468,95.72664844390299,0.14701373015873287,0.14701373015873287,False,LEAVE_ONE_FAMILY_OUT,TiOx,TiOx_02_Au,10.1038/s41598-019-44607-3,TiOx,5,5,4,False
TiOx_02_Au,10.1038/s41598-019-44607-3,TiOx,1.705978,0.2319734262803857,0,0,GRADUAL_MULTILEVEL,NOT_REPORTED,absolute,IDEALIZED_SINGLE_PAIR_GRADUAL,IDEALIZED_GRADUAL_MAPPING,128,7,127,0,2,7,203264,16,128,2048,95.69,0.5400000000000063,95.97300663492064,0.142249408236857,95.83075722668379,0.28300663492063904,0.28300663492063904,False,LEAVE_ONE_FAMILY_OUT,TiOx,TiOx_02_Au,10.1038/s41598-019-44607-3,TiOx,5,5,4,False
TiOx_02_Au,10.1038/s41598-019-44607-3,TiOx,1.705978,0.2319734262803857,0,0,GRADUAL_MULTILEVEL,NOT_REPORTED,absolute,IDEALIZED_SINGLE_PAIR_GRADUAL,IDEALIZED_GRADUAL_MAPPING,32,4,15,0,2,6,203264,208,64,13312,95.63,0.6000000000000085,95.74792702380952,0.08700928375413072,95.6609177400554,0.11792702380952846,0.11792702380952846,False,LEAVE_ONE_FAMILY_OUT,TiOx,TiOx_02_Au,10.1038/s41598-019-44607-3,TiOx,5,5,4,False
TiOx_02_Au,10.1038/s41598-019-44607-3,TiOx,1.705978,0.2319734262803857,0,0,GRADUAL_MULTILEVEL,NOT_REPORTED,absolute,IDEALIZED_SINGLE_PAIR_GRADUAL,IDEALIZED_GRADUAL_MAPPING,32,6,63,0,2,6,203264,208,64,13312,95.63,0.6000000000000085,95.8046726111111,0.10851427112898203,95.69615833998212,0.17467261111110588,0.17467261111110588,False,LEAVE_ONE_FAMILY_OUT,TiOx,TiOx_02_Au,10.1038/s41598-019-44607-3,TiOx,5,5,4,False
TiOx_02_Au,10.1038/s41598-019-44607-3,TiOx,1.705978,0.2319734262803857,0,0,GRADUAL_MULTILEVEL,NOT_REPORTED,absolute,IDEALIZED_SINGLE_PAIR_GRADUAL,IDEALIZED_GRADUAL_MAPPING,32,7,127,0,2,6,203264,208,64,13312,95.63,0.6000000000000085,95.83861273015873,0.11049433058086805,95.72811839957787,0.20861273015873394,0.20861273015873394,False,LEAVE_ONE_FAMILY_OUT,TiOx,TiOx_02_Au,10.1038/s41598-019-44607-3,TiOx,5,5,4,False
TiOx_02_Au,10.1038/s41598-019-44607-3,TiOx,1.705978,0.2319734262803857,0,0,GRADUAL_MULTILEVEL,NOT_REPORTED,absolute,IDEALIZED_SINGLE_PAIR_GRADUAL,IDEALIZED_GRADUAL_MAPPING,256,5,31,0,2,7,203264,10,128,1280,95.58,0.6500000000000057,95.92163103968254,0.12268494027613028,95.79894609940641,0.3416310396825395,0.3416310396825395,False,LEAVE_ONE_FAMILY_OUT,TiOx,TiOx_02_Au,10.1038/s41598-019-44607-3,TiOx,5,5,4,False
TiOx_02_Au,10.1038/s41598-019-44607-3,TiOx,1.705978,0.2319734262803857,0,0,GRADUAL_MULTILEVEL,NOT_REPORTED,absolute,IDEALIZED_SINGLE_PAIR_GRADUAL,IDEALIZED_GRADUAL_MAPPING,32,5,31,0,2,6,203264,208,64,13312,95.48,0.75,95.75949030952381,0.09700375482364962,95.66248655470017,0.2794903095238084,0.2794903095238084,False,LEAVE_ONE_FAMILY_OUT,TiOx,TiOx_02_Au,10.1038/s41598-019-44607-3,TiOx,5,5,4,False
TiOx_02_Au,10.1038/s41598-019-44607-3,TiOx,1.705978,0.2319734262803857,0,0,GRADUAL_MULTILEVEL,NOT_REPORTED,absolute,IDEALIZED_SINGLE_PAIR_GRADUAL,IDEALIZED_GRADUAL_MAPPING,64,7,127,0,2,6,203264,56,64,3584,95.28,0.9500000000000028,95.41775435714285,0.11725994030683726,95.30049441683602,0.13775435714285322,0.13775435714285322,False,LEAVE_ONE_FAMILY_OUT,TiOx,TiOx_02_Au,10.1038/s41598-019-44607-3,TiOx,5,5,4,False
TiOx_02_Au,10.1038/s41598-019-44607-3,TiOx,1.705978,0.2319734262803857,0,0,GRADUAL_MULTILEVEL,NOT_REPORTED,absolute,IDEALIZED_SINGLE_PAIR_GRADUAL,IDEALIZED_GRADUAL_MAPPING,64,8,255,0,2,6,203264,56,64,3584,95.27,0.960000000000008,95.41646435714286,0.1133065479737543,95.30315780916911,0.146464357142861,0.146464357142861,False,LEAVE_ONE_FAMILY_OUT,TiOx,TiOx_02_Au,10.1038/s41598-019-44607-3,TiOx,5,5,4,False
TiOx_02_Au,10.1038/s41598-019-44607-3,TiOx,1.705978,0.2319734262803857,0,0,GRADUAL_MULTILEVEL,NOT_REPORTED,absolute,IDEALIZED_SINGLE_PAIR_GRADUAL,IDEALIZED_GRADUAL_MAPPING,64,6,63,0,2,6,203264,56,64,3584,95.2,1.0300000000000011,95.38613066666666,0.11141814834570617,95.27471251832095,0.18613066666665645,0.18613066666665645,False,LEAVE_ONE_FAMILY_OUT,TiOx,TiOx_02_Au,10.1038/s41598-019-44607-3,TiOx,5,5,4,False
TiOx_02_Au,10.1038/s41598-019-44607-3,TiOx,1.705978,0.2319734262803857,0,0,GRADUAL_MULTILEVEL,NOT_REPORTED,absolute,IDEALIZED_SINGLE_PAIR_GRADUAL,IDEALIZED_GRADUAL_MAPPING,64,5,31,0,2,6,203264,56,64,3584,95.15,1.0799999999999983,95.34526344444444,0.11648055095113932,95.2287828934933,0.19526344444443566,0.19526344444443566,False,LEAVE_ONE_FAMILY_OUT,TiOx,TiOx_02_Au,10.1038/s41598-019-44607-3,TiOx,5,5,4,False
TiOx_02_Au,10.1038/s41598-019-44607-3,TiOx,1.705978,0.2319734262803857,0,0,GRADUAL_MULTILEVEL,NOT_REPORTED,absolute,IDEALIZED_SINGLE_PAIR_GRADUAL,IDEALIZED_GRADUAL_MAPPING,64,4,15,0,2,6,203264,56,64,3584,95.02,1.210000000000008,95.34383544444444,0.11251651341305025,95.23131893103138,0.3238354444444411,0.3238354444444411,False,LEAVE_ONE_FAMILY_OUT,TiOx,TiOx_02_Au,10.1038/s41598-019-44607-3,TiOx,5,5,4,False
TiOx_02_Au,10.1038/s41598-019-44607-3,TiOx,1.705978,0.2319734262803857,0,0,GRADUAL_MULTILEVEL,NOT_REPORTED,absolute,IDEALIZED_SINGLE_PAIR_GRADUAL,IDEALIZED_GRADUAL_MAPPING,16,7,127,0,2,5,203264,800,32,25600,94.87,1.3599999999999994,95.11146530952382,0.2579102794644342,94.85355503005938,0.24146530952381795,0.24146530952381795,False,LEAVE_ONE_FAMILY_OUT,TiOx,TiOx_02_Au,10.1038/s41598-019-44607-3,TiOx,5,5,4,False
TiOx_02_Au,10.1038/s41598-019-44607-3,TiOx,1.705978,0.2319734262803857,0,0,GRADUAL_MULTILEVEL,NOT_REPORTED,absolute,IDEALIZED_SINGLE_PAIR_GRADUAL,IDEALIZED_GRADUAL_MAPPING,16,8,255,0,2,5,203264,800,32,25600,94.8,1.4300000000000068,95.1104869761905,0.26303931012769,94.8474476660628,0.3104869761905036,0.3104869761905036,False,LEAVE_ONE_FAMILY_OUT,TiOx,TiOx_02_Au,10.1038/s41598-019-44607-3,TiOx,5,5,4,False
TiOx_02_Au,10.1038/s41598-019-44607-3,TiOx,1.705978,0.2319734262803857,0,0,GRADUAL_MULTILEVEL,NOT_REPORTED,absolute,IDEALIZED_SINGLE_PAIR_GRADUAL,IDEALIZED_GRADUAL_MAPPING,16,5,31,0,2,5,203264,800,32,25600,94.74,1.490000000000009,95.0001840952381,0.2318804206702985,94.7683036745678,0.2601840952381025,0.2601840952381025,False,LEAVE_ONE_FAMILY_OUT,TiOx,TiOx_02_Au,10.1038/s41598-019-44607-3,TiOx,5,5,4,False
TiOx_02_Au,10.1038/s41598-019-44607-3,TiOx,1.705978,0.2319734262803857,0,0,GRADUAL_MULTILEVEL,NOT_REPORTED,absolute,IDEALIZED_SINGLE_PAIR_GRADUAL,IDEALIZED_GRADUAL_MAPPING,16,6,63,0,2,5,203264,800,32,25600,94.72,1.5100000000000051,95.07436000000001,0.2553651322111263,94.81899486778889,0.354360000000014,0.354360000000014,False,LEAVE_ONE_FAMILY_OUT,TiOx,TiOx_02_Au,10.1038/s41598-019-44607-3,TiOx,5,5,4,False
TiOx_02_Au,10.1038/s41598-019-44607-3,TiOx,1.705978,0.2319734262803857,0,0,GRADUAL_MULTILEVEL,NOT_REPORTED,absolute,IDEALIZED_SINGLE_PAIR_GRADUAL,IDEALIZED_GRADUAL_MAPPING,16,4,15,0,2,5,203264,800,32,25600,94.63,1.6000000000000083,95.00076342857143,0.22656930732867636,94.77419412124276,0.3707634285714363,0.3707634285714363,False,LEAVE_ONE_FAMILY_OUT,TiOx,TiOx_02_Au,10.1038/s41598-019-44607-3,TiOx,5,5,4,False
TiOx_02_Au,10.1038/s41598-019-44607-3,TiOx,1.705978,0.2319734262803857,0,0,GRADUAL_MULTILEVEL,NOT_REPORTED,absolute,IDEALIZED_SINGLE_PAIR_GRADUAL,IDEALIZED_GRADUAL_MAPPING,128,7,127,0,2,6,203264,16,64,1024,93.8,2.430000000000007,94.46124281746032,0.1638644405181113,94.2973783769422,0.6612428174603195,0.6612428174603195,False,LEAVE_ONE_FAMILY_OUT,TiOx,TiOx_02_Au,10.1038/s41598-019-44607-3,TiOx,5,5,4,False
TiOx_02_Au,10.1038/s41598-019-44607-3,TiOx,1.705978,0.2319734262803857,0,0,GRADUAL_MULTILEVEL,NOT_REPORTED,absolute,IDEALIZED_SINGLE_PAIR_GRADUAL,IDEALIZED_GRADUAL_MAPPING,128,4,15,0,2,6,203264,16,64,1024,93.63,2.6000000000000085,94.38928523809524,0.15932220471521977,94.22996303338002,0.7592852380952451,0.7592852380952451,False,LEAVE_ONE_FAMILY_OUT,TiOx,TiOx_02_Au,10.1038/s41598-019-44607-3,TiOx,5,5,4,False
TiOx_02_Au,10.1038/s41598-019-44607-3,TiOx,1.705978,0.2319734262803857,0,0,GRADUAL_MULTILEVEL,NOT_REPORTED,absolute,IDEALIZED_SINGLE_PAIR_GRADUAL,IDEALIZED_GRADUAL_MAPPING,128,8,255,0,2,6,203264,16,64,1024,93.6,2.6300000000000097,94.46037915079366,0.16167911406208213,94.29870003673157,0.860379150793662,0.860379150793662,False,LEAVE_ONE_FAMILY_OUT,TiOx,TiOx_02_Au,10.1038/s41598-019-44607-3,TiOx,5,5,4,False
TiOx_02_Au,10.1038/s41598-019-44607-3,TiOx,1.705978,0.2319734262803857,0,0,GRADUAL_MULTILEVEL,NOT_REPORTED,absolute,IDEALIZED_SINGLE_PAIR_GRADUAL,IDEALIZED_GRADUAL_MAPPING,128,6,63,0,2,6,203264,16,64,1024,93.55,2.680000000000007,94.42643231746032,0.1674280642585366,94.2590042532018,0.8764323174603277,0.8764323174603277,False,LEAVE_ONE_FAMILY_OUT,TiOx,TiOx_02_Au,10.1038/s41598-019-44607-3,TiOx,5,5,4,False
TiOx_02_Au,10.1038/s41598-019-44607-3,TiOx,1.705978,0.2319734262803857,0,0,GRADUAL_MULTILEVEL,NOT_REPORTED,absolute,IDEALIZED_SINGLE_PAIR_GRADUAL,IDEALIZED_GRADUAL_MAPPING,32,8,255,0,2,5,203264,208,32,6656,93.46,2.7700000000000102,94.26856642857143,0.2921829825239249,93.9763834460475,0.8085664285714387,0.8085664285714387,False,LEAVE_ONE_FAMILY_OUT,TiOx,TiOx_02_Au,10.1038/s41598-019-44607-3,TiOx,5,5,4,False
TiOx_02_Au,10.1038/s41598-019-44607-3,TiOx,1.705978,0.2319734262803857,0,0,GRADUAL_MULTILEVEL,NOT_REPORTED,absolute,IDEALIZED_SINGLE_PAIR_GRADUAL,IDEALIZED_GRADUAL_MAPPING,128,5,31,0,2,6,203264,16,64,1024,93.45,2.780000000000001,94.38843357142856,0.16440558173814104,94.22402798969043,0.9384335714285612,0.9384335714285612,False,LEAVE_ONE_FAMILY_OUT,TiOx,TiOx_02_Au,10.1038/s41598-019-44607-3,TiOx,5,5,4,False
TiOx_02_Au,10.1038/s41598-019-44607-3,TiOx,1.705978,0.2319734262803857,0,0,GRADUAL_MULTILEVEL,NOT_REPORTED,absolute,IDEALIZED_SINGLE_PAIR_GRADUAL,IDEALIZED_GRADUAL_MAPPING,32,6,63,0,2,5,203264,208,32,6656,93.45,2.780000000000001,94.24447409523809,0.29403331463339244,93.9504407806047,0.7944740952380869,0.7944740952380869,False,LEAVE_ONE_FAMILY_OUT,TiOx,TiOx_02_Au,10.1038/s41598-019-44607-3,TiOx,5,5,4,False
TiOx_02_Au,10.1038/s41598-019-44607-3,TiOx,1.705978,0.2319734262803857,0,0,GRADUAL_MULTILEVEL,NOT_REPORTED,absolute,IDEALIZED_SINGLE_PAIR_GRADUAL,IDEALIZED_GRADUAL_MAPPING,32,7,127,0,2,5,203264,208,32,6656,93.44,2.7900000000000063,94.27192076190477,0.2867347003128436,93.98518606159192,0.8319207619047688,0.8319207619047688,False,LEAVE_ONE_FAMILY_OUT,TiOx,TiOx_02_Au,10.1038/s41598-019-44607-3,TiOx,5,5,4,False
TiOx_02_Au,10.1038/s41598-019-44607-3,TiOx,1.705978,0.2319734262803857,0,0,GRADUAL_MULTILEVEL,NOT_REPORTED,absolute,IDEALIZED_SINGLE_PAIR_GRADUAL,IDEALIZED_GRADUAL_MAPPING,32,5,31,0,2,5,203264,208,32,6656,93.39,2.8400000000000034,94.20588014285714,0.29557585042508944,93.91030429243204,0.8158801428571394,0.8158801428571394,False,LEAVE_ONE_FAMILY_OUT,TiOx,TiOx_02_Au,10.1038/s41598-019-44607-3,TiOx,5,5,4,False
TiOx_02_Au,10.1038/s41598-019-44607-3,TiOx,1.705978,0.2319734262803857,0,0,GRADUAL_MULTILEVEL,NOT_REPORTED,absolute,IDEALIZED_SINGLE_PAIR_GRADUAL,IDEALIZED_GRADUAL_MAPPING,256,6,63,0,2,6,203264,10,64,640,93.14,3.0900000000000034,93.91436480158731,0.16821850317583142,93.74614629841147,0.7743648015873106,0.7743648015873106,False,LEAVE_ONE_FAMILY_OUT,TiOx,TiOx_02_Au,10.1038/s41598-019-44607-3,TiOx,5,5,4,False
TiOx_02_Au,10.1038/s41598-019-44607-3,TiOx,1.705978,0.2319734262803857,0,0,GRADUAL_MULTILEVEL,NOT_REPORTED,absolute,IDEALIZED_SINGLE_PAIR_GRADUAL,IDEALIZED_GRADUAL_MAPPING,256,8,255,0,2,6,203264,10,64,640,93.1,3.1300000000000097,93.93819887301588,0.16842840266429535,93.76977047035159,0.8381988730158838,0.8381988730158838,False,LEAVE_ONE_FAMILY_OUT,TiOx,TiOx_02_Au,10.1038/s41598-019-44607-3,TiOx,5,5,4,False
TiOx_02_Au,10.1038/s41598-019-44607-3,TiOx,1.705978,0.2319734262803857,0,0,GRADUAL_MULTILEVEL,NOT_REPORTED,absolute,IDEALIZED_SINGLE_PAIR_GRADUAL,IDEALIZED_GRADUAL_MAPPING,32,4,15,0,2,5,203264,208,32,6656,93.03,3.200000000000003,94.20412014285714,0.29875215564541047,93.90536798721172,1.1741201428571344,1.1741201428571344,False,LEAVE_ONE_FAMILY_OUT,TiOx,TiOx_02_Au,10.1038/s41598-019-44607-3,TiOx,5,5,4,False
TiOx_02_Au,10.1038/s41598-019-44607-3,TiOx,1.705978,0.2319734262803857,0,0,GRADUAL_MULTILEVEL,NOT_REPORTED,absolute,IDEALIZED_SINGLE_PAIR_GRADUAL,IDEALIZED_GRADUAL_MAPPING,256,7,127,0,2,6,203264,10,64,640,92.94,3.2900000000000063,93.93906253968254,0.1731569598376638,93.76590557984487,0.9990625396825408,0.9990625396825408,False,LEAVE_ONE_FAMILY_OUT,TiOx,TiOx_02_Au,10.1038/s41598-019-44607-3,TiOx,5,5,4,False
TiOx_02_Au,10.1038/s41598-019-44607-3,TiOx,1.705978,0.2319734262803857,0,0,GRADUAL_MULTILEVEL,NOT_REPORTED,absolute,IDEALIZED_SINGLE_PAIR_GRADUAL,IDEALIZED_GRADUAL_MAPPING,256,4,15,0,2,6,203264,10,64,640,92.89,3.3400000000000034,93.8866851904762,0.1657052709596981,93.72097991951651,0.9966851904761995,0.9966851904761995,False,LEAVE_ONE_FAMILY_OUT,TiOx,TiOx_02_Au,10.1038/s41598-019-44607-3,TiOx,5,5,4,False
TiOx_02_Au,10.1038/s41598-019-44607-3,TiOx,1.705978,0.2319734262803857,0,0,GRADUAL_MULTILEVEL,NOT_REPORTED,absolute,IDEALIZED_SINGLE_PAIR_GRADUAL,IDEALIZED_GRADUAL_MAPPING,256,5,31,0,2,6,203264,10,64,640,92.65,3.5799999999999983,93.88567852380953,0.1662705708751541,93.71940795293438,1.2356785238095256,1.2356785238095256,False,LEAVE_ONE_FAMILY_OUT,TiOx,TiOx_02_Au,10.1038/s41598-019-44607-3,TiOx,5,5,4,False
TiOx_02_Au,10.1038/s41598-019-44607-3,TiOx,1.705978,0.2319734262803857,0,0,GRADUAL_MULTILEVEL,NOT_REPORTED,absolute,IDEALIZED_SINGLE_PAIR_GRADUAL,IDEALIZED_GRADUAL_MAPPING,32,3,7,0,2,10,203264,208,1024,212992,92.28,3.950000000000003,92.22381706349206,0.010759900688981758,92.21305716280308,-0.0561829365079376,0.0561829365079376,False,LEAVE_ONE_FAMILY_OUT,TiOx,TiOx_02_Au,10.1038/s41598-019-44607-3,TiOx,5,5,4,False
TiOx_02_Au,10.1038/s41598-019-44607-3,TiOx,1.705978,0.2319734262803857,0,0,GRADUAL_MULTILEVEL,NOT_REPORTED,absolute,IDEALIZED_SINGLE_PAIR_GRADUAL,IDEALIZED_GRADUAL_MAPPING,64,3,7,0,2,10,203264,56,1024,57344,92.26,3.969999999999999,92.22411592063493,0.017956204764055378,92.20615971587087,-0.03588407936507565,0.03588407936507565,False,LEAVE_ONE_FAMILY_OUT,TiOx,TiOx_02_Au,10.1038/s41598-019-44607-3,TiOx,5,5,4,False
TiOx_02_Au,10.1038/s41598-019-44607-3,TiOx,1.705978,0.2319734262803857,0,0,GRADUAL_MULTILEVEL,NOT_REPORTED,absolute,IDEALIZED_SINGLE_PAIR_GRADUAL,IDEALIZED_GRADUAL_MAPPING,16,3,7,0,2,10,203264,800,1024,819200,92.26,3.969999999999999,92.22151011111113,0.010968297073250696,92.21054181403788,-0.03848988888887561,0.03848988888887561,False,LEAVE_ONE_FAMILY_OUT,TiOx,TiOx_02_Au,10.1038/s41598-019-44607-3,TiOx,5,5,4,False
TiOx_02_Au,10.1038/s41598-019-44607-3,TiOx,1.705978,0.2319734262803857,0,0,GRADUAL_MULTILEVEL,NOT_REPORTED,absolute,IDEALIZED_SINGLE_PAIR_GRADUAL,IDEALIZED_GRADUAL_MAPPING,64,3,7,0,2,8,203264,56,256,14336,92.26,3.969999999999999,92.03451828571428,0.0784108382635699,91.95610744745072,-0.2254817142857206,0.2254817142857206,False,LEAVE_ONE_FAMILY_OUT,TiOx,TiOx_02_Au,10.1038/s41598-019-44607-3,TiOx,5,5,4,False
TiOx_02_Au,10.1038/s41598-019-44607-3,TiOx,1.705978,0.2319734262803857,0,0,GRADUAL_MULTILEVEL,NOT_REPORTED,absolute,IDEALIZED_SINGLE_PAIR_GRADUAL,IDEALIZED_GRADUAL_MAPPING,16,3,7,0,2,9,203264,800,512,409600,92.26,3.969999999999999,92.21021095238095,0.03129816267666909,92.17891278970428,-0.04978904761905767,0.04978904761905767,False,LEAVE_ONE_FAMILY_OUT,TiOx,TiOx_02_Au,10.1038/s41598-019-44607-3,TiOx,5,5,4,False
TiOx_02_Au,10.1038/s41598-019-44607-3,TiOx,1.705978,0.2319734262803857,0,0,GRADUAL_MULTILEVEL,NOT_REPORTED,absolute,IDEALIZED_SINGLE_PAIR_GRADUAL,IDEALIZED_GRADUAL_MAPPING,256,3,7,0,2,10,203264,10,1024,10240,92.24,3.990000000000009,92.20473828571428,0.06449278277254478,92.14024550294174,-0.0352617142857099,0.0352617142857099,False,LEAVE_ONE_FAMILY_OUT,TiOx,TiOx_02_Au,10.1038/s41598-019-44607-3,TiOx,5,5,4,False
TiOx_02_Au,10.1038/s41598-019-44607-3,TiOx,1.705978,0.2319734262803857,0,0,GRADUAL_MULTILEVEL,NOT_REPORTED,absolute,IDEALIZED_SINGLE_PAIR_GRADUAL,IDEALIZED_GRADUAL_MAPPING,256,3,7,0,2,9,203264,10,512,5120,92.24,3.990000000000009,92.1814174047619,0.06985152421717296,92.11156588054473,-0.05858259523809295,0.05858259523809295,False,LEAVE_ONE_FAMILY_OUT,TiOx,TiOx_02_Au,10.1038/s41598-019-44607-3,TiOx,5,5,4,False
TiOx_02_Au,10.1038/s41598-019-44607-3,TiOx,1.705978,0.2319734262803857,0,0,GRADUAL_MULTILEVEL,NOT_REPORTED,absolute,IDEALIZED_SINGLE_PAIR_GRADUAL,IDEALIZED_GRADUAL_MAPPING,128,3,7,0,2,10,203264,16,1024,16384,92.23,4.0,92.19783188095238,0.055266389837210224,92.14256549111516,-0.03216811904762551,0.03216811904762551,False,LEAVE_ONE_FAMILY_OUT,TiOx,TiOx_02_Au,10.1038/s41598-019-44607-3,TiOx,5,5,4,False
TiOx_02_Au,10.1038/s41598-019-44607-3,TiOx,1.705978,0.2319734262803857,0,0,GRADUAL_MULTILEVEL,NOT_REPORTED,absolute,IDEALIZED_SINGLE_PAIR_GRADUAL,IDEALIZED_GRADUAL_MAPPING,32,3,7,0,2,9,203264,208,512,106496,92.19,4.040000000000006,92.2126744047619,0.033353392886846356,92.17932101187505,0.022674404761900746,0.022674404761900746,False,LEAVE_ONE_FAMILY_OUT,TiOx,TiOx_02_Au,10.1038/s41598-019-44607-3,TiOx,5,5,4,False
TiOx_02_Au,10.1038/s41598-019-44607-3,TiOx,1.705978,0.2319734262803857,0,0,GRADUAL_MULTILEVEL,NOT_REPORTED,absolute,IDEALIZED_SINGLE_PAIR_GRADUAL,IDEALIZED_GRADUAL_MAPPING,64,3,7,0,2,9,203264,56,512,28672,92.18,4.049999999999997,92.21027719047619,0.04224248694603983,92.16803470353015,0.030277190476184046,0.030277190476184046,False,LEAVE_ONE_FAMILY_OUT,TiOx,TiOx_02_Au,10.1038/s41598-019-44607-3,TiOx,5,5,4,False
TiOx_02_Au,10.1038/s41598-019-44607-3,TiOx,1.705978,0.2319734262803857,0,0,GRADUAL_MULTILEVEL,NOT_REPORTED,absolute,IDEALIZED_SINGLE_PAIR_GRADUAL,IDEALIZED_GRADUAL_MAPPING,16,3,7,0,2,8,203264,800,256,204800,92.13,4.1000000000000085,92.05775783333333,0.06907701055829117,91.98868082277504,-0.07224216666666905,0.07224216666666905,False,LEAVE_ONE_FAMILY_OUT,TiOx,TiOx_02_Au,10.1038/s41598-019-44607-3,TiOx,5,5,4,False
TiOx_02_Au,10.1038/s41598-019-44607-3,TiOx,1.705978,0.2319734262803857,0,0,GRADUAL_MULTILEVEL,NOT_REPORTED,absolute,IDEALIZED_SINGLE_PAIR_GRADUAL,IDEALIZED_GRADUAL_MAPPING,128,3,7,0,2,8,203264,16,256,4096,92.1,4.13000000000001,91.98309049999999,0.09506870898032961,91.88802179101965,-0.11690950000000555,0.11690950000000555,False,LEAVE_ONE_FAMILY_OUT,TiOx,TiOx_02_Au,10.1038/s41598-019-44607-3,TiOx,5,5,4,False
TiOx_02_Au,10.1038/s41598-019-44607-3,TiOx,1.705978,0.2319734262803857,0,0,GRADUAL_MULTILEVEL,NOT_REPORTED,absolute,IDEALIZED_SINGLE_PAIR_GRADUAL,IDEALIZED_GRADUAL_MAPPING,32,3,7,0,2,8,203264,208,256,53248,92.09,4.140000000000001,92.05399483333333,0.0713070861053898,91.98268774722794,-0.0360051666666692,0.0360051666666692,False,LEAVE_ONE_FAMILY_OUT,TiOx,TiOx_02_Au,10.1038/s41598-019-44607-3,TiOx,5,5,4,False
TiOx_02_Au,10.1038/s41598-019-44607-3,TiOx,1.705978,0.2319734262803857,0,0,GRADUAL_MULTILEVEL,NOT_REPORTED,absolute,IDEALIZED_SINGLE_PAIR_GRADUAL,IDEALIZED_GRADUAL_MAPPING,128,3,7,0,2,9,203264,16,512,8192,92.08,4.150000000000006,92.17447397619048,0.05948597832457264,92.11498799786591,0.09447397619048559,0.09447397619048559,False,LEAVE_ONE_FAMILY_OUT,TiOx,TiOx_02_Au,10.1038/s41598-019-44607-3,TiOx,5,5,4,False
TiOx_02_Au,10.1038/s41598-019-44607-3,TiOx,1.705978,0.2319734262803857,0,0,GRADUAL_MULTILEVEL,NOT_REPORTED,absolute,IDEALIZED_SINGLE_PAIR_GRADUAL,IDEALIZED_GRADUAL_MAPPING,32,3,7,0,2,7,203264,208,128,26624,92.08,4.150000000000006,91.77082707936509,0.2323940744882939,91.5384330048768,-0.3091729206349072,0.3091729206349072,False,LEAVE_ONE_FAMILY_OUT,TiOx,TiOx_02_Au,10.1038/s41598-019-44607-3,TiOx,5,5,4,False
TiOx_02_Au,10.1038/s41598-019-44607-3,TiOx,1.705978,0.2319734262803857,0,0,GRADUAL_MULTILEVEL,NOT_REPORTED,absolute,IDEALIZED_SINGLE_PAIR_GRADUAL,IDEALIZED_GRADUAL_MAPPING,256,3,7,0,2,8,203264,10,256,2560,92.0,4.230000000000004,91.98031007142856,0.09953093544566782,91.88077913598289,-0.01968992857143803,0.01968992857143803,False,LEAVE_ONE_FAMILY_OUT,TiOx,TiOx_02_Au,10.1038/s41598-019-44607-3,TiOx,5,5,4,False
TiOx_02_Au,10.1038/s41598-019-44607-3,TiOx,1.705978,0.2319734262803857,0,0,GRADUAL_MULTILEVEL,NOT_REPORTED,absolute,IDEALIZED_SINGLE_PAIR_GRADUAL,IDEALIZED_GRADUAL_MAPPING,64,3,7,0,2,7,203264,56,128,7168,91.97,4.260000000000005,91.66136593650793,0.2306147859573058,91.43075115055063,-0.30863406349206457,0.30863406349206457,False,LEAVE_ONE_FAMILY_OUT,TiOx,TiOx_02_Au,10.1038/s41598-019-44607-3,TiOx,5,5,4,False
TiOx_02_Au,10.1038/s41598-019-44607-3,TiOx,1.705978,0.2319734262803857,0,0,GRADUAL_MULTILEVEL,NOT_REPORTED,absolute,IDEALIZED_SINGLE_PAIR_GRADUAL,IDEALIZED_GRADUAL_MAPPING,16,3,7,0,2,7,203264,800,128,102400,91.92,4.310000000000002,91.77613574603174,0.235746225332772,91.54038952069897,-0.1438642539682604,0.1438642539682604,False,LEAVE_ONE_FAMILY_OUT,TiOx,TiOx_02_Au,10.1038/s41598-019-44607-3,TiOx,5,5,4,False
TiOx_02_Au,10.1038/s41598-019-44607-3,TiOx,1.705978,0.2319734262803857,0,0,GRADUAL_MULTILEVEL,NOT_REPORTED,absolute,IDEALIZED_SINGLE_PAIR_GRADUAL,IDEALIZED_GRADUAL_MAPPING,128,3,7,0,2,7,203264,16,128,2048,91.74,4.490000000000009,91.60424650793651,0.20246520315309685,91.40178130478341,-0.1357534920634862,0.1357534920634862,False,LEAVE_ONE_FAMILY_OUT,TiOx,TiOx_02_Au,10.1038/s41598-019-44607-3,TiOx,5,5,4,False
TiOx_02_Au,10.1038/s41598-019-44607-3,TiOx,1.705978,0.2319734262803857,0,0,GRADUAL_MULTILEVEL,NOT_REPORTED,absolute,IDEALIZED_SINGLE_PAIR_GRADUAL,IDEALIZED_GRADUAL_MAPPING,16,3,7,0,2,6,203264,800,64,51200,91.67,4.560000000000002,90.46331528571429,1.1115598902148343,89.35175539549945,-1.2066847142857142,1.2066847142857142,False,LEAVE_ONE_FAMILY_OUT,TiOx,TiOx_02_Au,10.1038/s41598-019-44607-3,TiOx,5,5,4,False
TiOx_02_Au,10.1038/s41598-019-44607-3,TiOx,1.705978,0.2319734262803857,0,0,GRADUAL_MULTILEVEL,NOT_REPORTED,absolute,IDEALIZED_SINGLE_PAIR_GRADUAL,IDEALIZED_GRADUAL_MAPPING,256,3,7,0,2,7,203264,10,128,1280,91.31,4.920000000000002,91.6007604126984,0.1976331066833299,91.40312730601508,0.290760412698404,0.290760412698404,False,LEAVE_ONE_FAMILY_OUT,TiOx,TiOx_02_Au,10.1038/s41598-019-44607-3,TiOx,5,5,4,False
TiOx_02_Au,10.1038/s41598-019-44607-3,TiOx,1.705978,0.2319734262803857,0,0,GRADUAL_MULTILEVEL,NOT_REPORTED,absolute,IDEALIZED_SINGLE_PAIR_GRADUAL,IDEALIZED_GRADUAL_MAPPING,32,3,7,0,2,6,203264,208,64,13312,91.08,5.150000000000006,90.42864545238095,1.117944594355031,89.31070085802591,-0.6513545476190501,0.6513545476190501,False,LEAVE_ONE_FAMILY_OUT,TiOx,TiOx_02_Au,10.1038/s41598-019-44607-3,TiOx,5,5,4,False
TiOx_02_Au,10.1038/s41598-019-44607-3,TiOx,1.705978,0.2319734262803857,0,0,GRADUAL_MULTILEVEL,NOT_REPORTED,absolute,IDEALIZED_SINGLE_PAIR_GRADUAL,IDEALIZED_GRADUAL_MAPPING,64,3,7,0,2,6,203264,56,64,3584,90.62,5.609999999999999,89.95237885714286,1.1838339798230613,88.7685448773198,-0.6676211428571435,0.6676211428571435,False,LEAVE_ONE_FAMILY_OUT,TiOx,TiOx_02_Au,10.1038/s41598-019-44607-3,TiOx,5,5,4,False
TiOx_02_Au,10.1038/s41598-019-44607-3,TiOx,1.705978,0.2319734262803857,0,0,GRADUAL_MULTILEVEL,NOT_REPORTED,absolute,IDEALIZED_SINGLE_PAIR_GRADUAL,IDEALIZED_GRADUAL_MAPPING,16,3,7,0,2,5,203264,800,32,25600,90.21,6.02000000000001,84.12205039682539,4.636544622033683,79.4855057747917,-6.087949603174607,6.087949603174607,False,LEAVE_ONE_FAMILY_OUT,TiOx,TiOx_02_Au,10.1038/s41598-019-44607-3,TiOx,5,5,4,False
TiOx_02_Au,10.1038/s41598-019-44607-3,TiOx,1.705978,0.2319734262803857,0,0,GRADUAL_MULTILEVEL,NOT_REPORTED,absolute,IDEALIZED_SINGLE_PAIR_GRADUAL,IDEALIZED_GRADUAL_MAPPING,16,6,63,0,2,4,203264,800,16,12800,89.65,6.579999999999998,79.63555364285715,2.141574284128418,77.49397935872872,-10.014446357142859,10.014446357142859,False,LEAVE_ONE_FAMILY_OUT,TiOx,TiOx_02_Au,10.1038/s41598-019-44607-3,TiOx,5,5,4,False
TiOx_02_Au,10.1038/s41598-019-44607-3,TiOx,1.705978,0.2319734262803857,0,0,GRADUAL_MULTILEVEL,NOT_REPORTED,absolute,IDEALIZED_SINGLE_PAIR_GRADUAL,IDEALIZED_GRADUAL_MAPPING,16,4,15,0,2,4,203264,800,16,12800,89.62,6.609999999999999,79.20212039682539,1.9517794017807366,77.25034099504465,-10.417879603174612,10.417879603174612,False,LEAVE_ONE_FAMILY_OUT,TiOx,TiOx_02_Au,10.1038/s41598-019-44607-3,TiOx,5,5,4,False
TiOx_02_Au,10.1038/s41598-019-44607-3,TiOx,1.705978,0.2319734262803857,0,0,GRADUAL_MULTILEVEL,NOT_REPORTED,absolute,IDEALIZED_SINGLE_PAIR_GRADUAL,IDEALIZED_GRADUAL_MAPPING,16,8,255,0,2,4,203264,800,16,12800,89.46,6.77000000000001,79.70829519047619,1.927123033930944,77.78117215654525,-9.751704809523801,9.751704809523801,False,LEAVE_ONE_FAMILY_OUT,TiOx,TiOx_02_Au,10.1038/s41598-019-44607-3,TiOx,5,5,4,False
TiOx_02_Au,10.1038/s41598-019-44607-3,TiOx,1.705978,0.2319734262803857,0,0,GRADUAL_MULTILEVEL,NOT_REPORTED,absolute,IDEALIZED_SINGLE_PAIR_GRADUAL,IDEALIZED_GRADUAL_MAPPING,16,7,127,0,2,4,203264,800,16,12800,89.12,7.109999999999999,79.70829519047619,1.927123033930944,77.78117215654525,-9.411704809523812,9.411704809523812,False,LEAVE_ONE_FAMILY_OUT,TiOx,TiOx_02_Au,10.1038/s41598-019-44607-3,TiOx,5,5,4,False
TiOx_02_Au,10.1038/s41598-019-44607-3,TiOx,1.705978,0.2319734262803857,0,0,GRADUAL_MULTILEVEL,NOT_REPORTED,absolute,IDEALIZED_SINGLE_PAIR_GRADUAL,IDEALIZED_GRADUAL_MAPPING,64,4,15,0,2,5,203264,56,32,1792,89.04,7.189999999999998,92.40834804761904,0.4646997117518996,91.94364833586714,3.368348047619037,3.368348047619037,False,LEAVE_ONE_FAMILY_OUT,TiOx,TiOx_02_Au,10.1038/s41598-019-44607-3,TiOx,5,5,4,False
TiOx_02_Au,10.1038/s41598-019-44607-3,TiOx,1.705978,0.2319734262803857,0,0,GRADUAL_MULTILEVEL,NOT_REPORTED,absolute,IDEALIZED_SINGLE_PAIR_GRADUAL,IDEALIZED_GRADUAL_MAPPING,128,3,7,0,2,6,203264,16,64,1024,88.87,7.359999999999999,89.40013616666668,1.3108473932322868,88.08928877343439,0.5301361666666793,0.5301361666666793,False,LEAVE_ONE_FAMILY_OUT,TiOx,TiOx_02_Au,10.1038/s41598-019-44607-3,TiOx,5,5,4,False
TiOx_02_Au,10.1038/s41598-019-44607-3,TiOx,1.705978,0.2319734262803857,0,0,GRADUAL_MULTILEVEL,NOT_REPORTED,absolute,IDEALIZED_SINGLE_PAIR_GRADUAL,IDEALIZED_GRADUAL_MAPPING,32,3,7,0,2,5,203264,208,32,6656,88.84,7.390000000000001,84.0898498968254,4.595718074681992,79.4941318221434,-4.7501501031746045,4.7501501031746045,False,LEAVE_ONE_FAMILY_OUT,TiOx,TiOx_02_Au,10.1038/s41598-019-44607-3,TiOx,5,5,4,False
TiOx_02_Au,10.1038/s41598-019-44607-3,TiOx,1.705978,0.2319734262803857,0,0,GRADUAL_MULTILEVEL,NOT_REPORTED,absolute,IDEALIZED_SINGLE_PAIR_GRADUAL,IDEALIZED_GRADUAL_MAPPING,16,5,31,0,2,4,203264,800,16,12800,88.35,7.88000000000001,79.21728006349205,1.974641389945635,77.24263867354642,-9.13271993650794,9.13271993650794,False,LEAVE_ONE_FAMILY_OUT,TiOx,TiOx_02_Au,10.1038/s41598-019-44607-3,TiOx,5,5,4,False
TiOx_02_Au,10.1038/s41598-019-44607-3,TiOx,1.705978,0.2319734262803857,0,0,GRADUAL_MULTILEVEL,NOT_REPORTED,absolute,IDEALIZED_SINGLE_PAIR_GRADUAL,IDEALIZED_GRADUAL_MAPPING,256,3,7,0,2,6,203264,10,64,640,87.94,8.290000000000006,89.35904940476192,1.2571572518795444,88.10189215288237,1.419049404761921,1.419049404761921,False,LEAVE_ONE_FAMILY_OUT,TiOx,TiOx_02_Au,10.1038/s41598-019-44607-3,TiOx,5,5,4,False
TiOx_02_Au,10.1038/s41598-019-44607-3,TiOx,1.705978,0.2319734262803857,0,0,GRADUAL_MULTILEVEL,NOT_REPORTED,absolute,IDEALIZED_SINGLE_PAIR_GRADUAL,IDEALIZED_GRADUAL_MAPPING,64,5,31,0,2,5,203264,56,32,1792,87.69,8.540000000000006,92.40979471428571,0.46696604522478924,91.94282866906092,4.719794714285712,4.719794714285712,False,LEAVE_ONE_FAMILY_OUT,TiOx,TiOx_02_Au,10.1038/s41598-019-44607-3,TiOx,5,5,4,False
TiOx_02_Au,10.1038/s41598-019-44607-3,TiOx,1.705978,0.2319734262803857,0,0,GRADUAL_MULTILEVEL,NOT_REPORTED,absolute,IDEALIZED_SINGLE_PAIR_GRADUAL,IDEALIZED_GRADUAL_MAPPING,64,6,63,0,2,5,203264,56,32,1792,87.65,8.579999999999998,92.53631485714286,0.4450312529810615,92.09128360416179,4.88631485714285,4.88631485714285,False,LEAVE_ONE_FAMILY_OUT,TiOx,TiOx_02_Au,10.1038/s41598-019-44607-3,TiOx,5,5,4,False
TiOx_02_Au,10.1038/s41598-019-44607-3,TiOx,1.705978,0.2319734262803857,0,0,GRADUAL_MULTILEVEL,NOT_REPORTED,absolute,IDEALIZED_SINGLE_PAIR_GRADUAL,IDEALIZED_GRADUAL_MAPPING,64,8,255,0,2,5,203264,56,32,1792,87.64,8.590000000000003,92.58175395238095,0.4405498377590327,92.14120411462191,4.9417539523809495,4.9417539523809495,False,LEAVE_ONE_FAMILY_OUT,TiOx,TiOx_02_Au,10.1038/s41598-019-44607-3,TiOx,5,5,4,False
TiOx_02_Au,10.1038/s41598-019-44607-3,TiOx,1.705978,0.2319734262803857,0,0,GRADUAL_MULTILEVEL,NOT_REPORTED,absolute,IDEALIZED_SINGLE_PAIR_GRADUAL,IDEALIZED_GRADUAL_MAPPING,64,7,127,0,2,5,203264,56,32,1792,87.31,8.920000000000002,92.58990295238095,0.4401584550415855,92.14974449733937,5.279902952380951,5.279902952380951,False,LEAVE_ONE_FAMILY_OUT,TiOx,TiOx_02_Au,10.1038/s41598-019-44607-3,TiOx,5,5,4,False
TiOx_02_Au,10.1038/s41598-019-44607-3,TiOx,1.705978,0.2319734262803857,0,0,GRADUAL_MULTILEVEL,NOT_REPORTED,absolute,IDEALIZED_SINGLE_PAIR_GRADUAL,IDEALIZED_GRADUAL_MAPPING,32,6,63,0,2,4,203264,208,16,3328,86.5,9.730000000000004,67.20562597619046,2.0191312736532208,65.18649470253725,-19.29437402380954,19.29437402380954,False,LEAVE_ONE_FAMILY_OUT,TiOx,TiOx_02_Au,10.1038/s41598-019-44607-3,TiOx,5,5,4,False
TiOx_02_Au,10.1038/s41598-019-44607-3,TiOx,1.705978,0.2319734262803857,0,0,GRADUAL_MULTILEVEL,NOT_REPORTED,absolute,IDEALIZED_SINGLE_PAIR_GRADUAL,IDEALIZED_GRADUAL_MAPPING,32,7,127,0,2,4,203264,208,16,3328,86.42,9.810000000000002,67.00833107142857,2.207205439519336,64.80112563190923,-19.41166892857143,19.41166892857143,False,LEAVE_ONE_FAMILY_OUT,TiOx,TiOx_02_Au,10.1038/s41598-019-44607-3,TiOx,5,5,4,False
TiOx_02_Au,10.1038/s41598-019-44607-3,TiOx,1.705978,0.2319734262803857,0,0,GRADUAL_MULTILEVEL,NOT_REPORTED,absolute,IDEALIZED_SINGLE_PAIR_GRADUAL,IDEALIZED_GRADUAL_MAPPING,32,8,255,0,2,4,203264,208,16,3328,86.26,9.97,67.03951273809523,2.087623499970585,64.95188923812464,-19.22048726190478,19.22048726190478,False,LEAVE_ONE_FAMILY_OUT,TiOx,TiOx_02_Au,10.1038/s41598-019-44607-3,TiOx,5,5,4,False
TiOx_02_Au,10.1038/s41598-019-44607-3,TiOx,1.705978,0.2319734262803857,0,0,GRADUAL_MULTILEVEL,NOT_REPORTED,absolute,IDEALIZED_SINGLE_PAIR_GRADUAL,IDEALIZED_GRADUAL_MAPPING,32,4,15,0,2,4,203264,208,16,3328,85.93,10.299999999999995,68.37500578571428,2.1059494985239,66.26905628719038,-17.554994214285728,17.554994214285728,False,LEAVE_ONE_FAMILY_OUT,TiOx,TiOx_02_Au,10.1038/s41598-019-44607-3,TiOx,5,5,4,False
TiOx_02_Au,10.1038/s41598-019-44607-3,TiOx,1.705978,0.2319734262803857,0,0,GRADUAL_MULTILEVEL,NOT_REPORTED,absolute,IDEALIZED_SINGLE_PAIR_GRADUAL,IDEALIZED_GRADUAL_MAPPING,32,5,31,0,2,4,203264,208,16,3328,84.04,12.189999999999998,67.6669822142857,2.165022546931397,65.5019596673543,-16.37301778571431,16.37301778571431,False,LEAVE_ONE_FAMILY_OUT,TiOx,TiOx_02_Au,10.1038/s41598-019-44607-3,TiOx,5,5,4,False
TiOx_02_Au,10.1038/s41598-019-44607-3,TiOx,1.705978,0.2319734262803857,0,0,GRADUAL_MULTILEVEL,NOT_REPORTED,absolute,IDEALIZED_SINGLE_PAIR_GRADUAL,IDEALIZED_GRADUAL_MAPPING,64,3,7,0,2,5,203264,56,32,1792,83.62,12.61,82.65381432539684,4.688633747495362,77.96518057790148,-0.9661856746031674,0.9661856746031674,False,LEAVE_ONE_FAMILY_OUT,TiOx,TiOx_02_Au,10.1038/s41598-019-44607-3,TiOx,5,5,4,False
TiOx_02_Au,10.1038/s41598-019-44607-3,TiOx,1.705978,0.2319734262803857,0,0,GRADUAL_MULTILEVEL,NOT_REPORTED,absolute,IDEALIZED_SINGLE_PAIR_GRADUAL,IDEALIZED_GRADUAL_MAPPING,16,3,7,0,2,4,203264,800,16,12800,81.53,14.700000000000005,79.17161506349207,1.9977684857446127,77.17384657774745,-2.3583849365079317,2.3583849365079317,False,LEAVE_ONE_FAMILY_OUT,TiOx,TiOx_02_Au,10.1038/s41598-019-44607-3,TiOx,5,5,4,False
TiOx_02_Au,10.1038/s41598-019-44607-3,TiOx,1.705978,0.2319734262803857,0,0,GRADUAL_MULTILEVEL,NOT_REPORTED,absolute,IDEALIZED_SINGLE_PAIR_GRADUAL,IDEALIZED_GRADUAL_MAPPING,64,6,63,0,2,4,203264,56,16,896,74.64,21.590000000000003,54.94911484126984,1.9940704903583997,52.95504435091144,-19.69088515873016,19.69088515873016,False,LEAVE_ONE_FAMILY_OUT,TiOx,TiOx_02_Au,10.1038/s41598-019-44607-3,TiOx,5,5,4,False
TiOx_02_Au,10.1038/s41598-019-44607-3,TiOx,1.705978,0.2319734262803857,0,0,GRADUAL_MULTILEVEL,NOT_REPORTED,absolute,IDEALIZED_SINGLE_PAIR_GRADUAL,IDEALIZED_GRADUAL_MAPPING,64,8,255,0,2,4,203264,56,16,896,74.49,21.74000000000001,55.28125374603175,2.047340613801719,53.23391313223003,-19.208746253968243,19.208746253968243,False,LEAVE_ONE_FAMILY_OUT,TiOx,TiOx_02_Au,10.1038/s41598-019-44607-3,TiOx,5,5,4,False
TiOx_02_Au,10.1038/s41598-019-44607-3,TiOx,1.705978,0.2319734262803857,0,0,GRADUAL_MULTILEVEL,NOT_REPORTED,absolute,IDEALIZED_SINGLE_PAIR_GRADUAL,IDEALIZED_GRADUAL_MAPPING,64,7,127,0,2,4,203264,56,16,896,74.38,21.85000000000001,55.25007207936508,1.992594748344423,53.25747733102066,-19.129927920634913,19.129927920634913,False,LEAVE_ONE_FAMILY_OUT,TiOx,TiOx_02_Au,10.1038/s41598-019-44607-3,TiOx,5,5,4,False
TiOx_02_Au,10.1038/s41598-019-44607-3,TiOx,1.705978,0.2319734262803857,0,0,GRADUAL_MULTILEVEL,NOT_REPORTED,absolute,IDEALIZED_SINGLE_PAIR_GRADUAL,IDEALIZED_GRADUAL_MAPPING,64,4,15,0,2,4,203264,56,16,896,73.73,22.5,54.22884186507937,2.2790547196878235,51.94978714539155,-19.501158134920637,19.501158134920637,False,LEAVE_ONE_FAMILY_OUT,TiOx,TiOx_02_Au,10.1038/s41598-019-44607-3,TiOx,5,5,4,False
TiOx_02_Au,10.1038/s41598-019-44607-3,TiOx,1.705978,0.2319734262803857,0,0,GRADUAL_MULTILEVEL,NOT_REPORTED,absolute,IDEALIZED_SINGLE_PAIR_GRADUAL,IDEALIZED_GRADUAL_MAPPING,64,5,31,0,2,4,203264,56,16,896,73.49,22.74000000000001,54.74482703174603,2.1435717736380195,52.601255258108004,-18.745172968253968,18.745172968253968,False,LEAVE_ONE_FAMILY_OUT,TiOx,TiOx_02_Au,10.1038/s41598-019-44607-3,TiOx,5,5,4,False
TiOx_02_Au,10.1038/s41598-019-44607-3,TiOx,1.705978,0.2319734262803857,0,0,GRADUAL_MULTILEVEL,NOT_REPORTED,absolute,IDEALIZED_SINGLE_PAIR_GRADUAL,IDEALIZED_GRADUAL_MAPPING,128,4,15,0,2,5,203264,16,32,512,72.97,23.260000000000005,88.98859332539682,0.9028865851200661,88.08570674027675,16.01859332539682,16.01859332539682,False,LEAVE_ONE_FAMILY_OUT,TiOx,TiOx_02_Au,10.1038/s41598-019-44607-3,TiOx,5,5,4,False
TiOx_02_Au,10.1038/s41598-019-44607-3,TiOx,1.705978,0.2319734262803857,0,0,GRADUAL_MULTILEVEL,NOT_REPORTED,absolute,IDEALIZED_SINGLE_PAIR_GRADUAL,IDEALIZED_GRADUAL_MAPPING,32,3,7,0,2,4,203264,208,16,3328,72.78,23.450000000000003,68.34450045238094,1.9886593757397095,66.35584107664123,-4.4354995476190595,4.4354995476190595,False,LEAVE_ONE_FAMILY_OUT,TiOx,TiOx_02_Au,10.1038/s41598-019-44607-3,TiOx,5,5,4,False
TiOx_02_Au,10.1038/s41598-019-44607-3,TiOx,1.705978,0.2319734262803857,0,0,GRADUAL_MULTILEVEL,NOT_REPORTED,absolute,IDEALIZED_SINGLE_PAIR_GRADUAL,IDEALIZED_GRADUAL_MAPPING,128,3,7,0,2,5,203264,16,32,512,72.44,23.790000000000006,79.32331165873016,5.326329883704783,73.99698177502538,6.883311658730165,6.883311658730165,False,LEAVE_ONE_FAMILY_OUT,TiOx,TiOx_02_Au,10.1038/s41598-019-44607-3,TiOx,5,5,4,False
TiOx_02_Au,10.1038/s41598-019-44607-3,TiOx,1.705978,0.2319734262803857,0,0,GRADUAL_MULTILEVEL,NOT_REPORTED,absolute,IDEALIZED_SINGLE_PAIR_GRADUAL,IDEALIZED_GRADUAL_MAPPING,256,6,63,0,2,5,203264,10,32,320,69.78,26.450000000000003,83.91610237301586,1.2415169215971915,82.67458545141866,14.13610237301586,14.13610237301586,False,LEAVE_ONE_FAMILY_OUT,TiOx,TiOx_02_Au,10.1038/s41598-019-44607-3,TiOx,5,5,4,False
TiOx_02_Au,10.1038/s41598-019-44607-3,TiOx,1.705978,0.2319734262803857,0,0,GRADUAL_MULTILEVEL,NOT_REPORTED,absolute,IDEALIZED_SINGLE_PAIR_GRADUAL,IDEALIZED_GRADUAL_MAPPING,256,4,15,0,2,5,203264,10,32,320,69.35,26.88000000000001,83.93034223015874,1.2403185141630848,82.69002371599566,14.580342230158749,14.580342230158749,False,LEAVE_ONE_FAMILY_OUT,TiOx,TiOx_02_Au,10.1038/s41598-019-44607-3,TiOx,5,5,4,False
TiOx_02_Au,10.1038/s41598-019-44607-3,TiOx,1.705978,0.2319734262803857,0,0,GRADUAL_MULTILEVEL,NOT_REPORTED,absolute,IDEALIZED_SINGLE_PAIR_GRADUAL,IDEALIZED_GRADUAL_MAPPING,256,8,255,0,2,5,203264,10,32,320,68.97,27.260000000000005,83.93836333333334,1.2525472695096653,82.68581606382368,14.968363333333343,14.968363333333343,False,LEAVE_ONE_FAMILY_OUT,TiOx,TiOx_02_Au,10.1038/s41598-019-44607-3,TiOx,5,5,4,False
TiOx_02_Au,10.1038/s41598-019-44607-3,TiOx,1.705978,0.2319734262803857,0,0,GRADUAL_MULTILEVEL,NOT_REPORTED,absolute,IDEALIZED_SINGLE_PAIR_GRADUAL,IDEALIZED_GRADUAL_MAPPING,256,7,127,0,2,5,203264,10,32,320,68.8,27.430000000000007,83.94527666666667,1.27077498574872,82.67450168091796,15.145276666666675,15.145276666666675,False,LEAVE_ONE_FAMILY_OUT,TiOx,TiOx_02_Au,10.1038/s41598-019-44607-3,TiOx,5,5,4,False
TiOx_02_Au,10.1038/s41598-019-44607-3,TiOx,1.705978,0.2319734262803857,0,0,GRADUAL_MULTILEVEL,NOT_REPORTED,absolute,IDEALIZED_SINGLE_PAIR_GRADUAL,IDEALIZED_GRADUAL_MAPPING,256,3,7,0,2,5,203264,10,32,320,68.68,27.55,79.17640184920634,5.174233081218962,74.00216876798738,10.496401849206336,10.496401849206336,False,LEAVE_ONE_FAMILY_OUT,TiOx,TiOx_02_Au,10.1038/s41598-019-44607-3,TiOx,5,5,4,False
TiOx_02_Au,10.1038/s41598-019-44607-3,TiOx,1.705978,0.2319734262803857,0,0,GRADUAL_MULTILEVEL,NOT_REPORTED,absolute,IDEALIZED_SINGLE_PAIR_GRADUAL,IDEALIZED_GRADUAL_MAPPING,128,6,63,0,2,5,203264,16,32,512,68.62,27.61,89.04619796825396,1.0611961040512836,87.98500186420269,20.42619796825396,20.42619796825396,False,LEAVE_ONE_FAMILY_OUT,TiOx,TiOx_02_Au,10.1038/s41598-019-44607-3,TiOx,5,5,4,False
TiOx_02_Au,10.1038/s41598-019-44607-3,TiOx,1.705978,0.2319734262803857,0,0,GRADUAL_MULTILEVEL,NOT_REPORTED,absolute,IDEALIZED_SINGLE_PAIR_GRADUAL,IDEALIZED_GRADUAL_MAPPING,256,5,31,0,2,5,203264,10,32,320,68.04,28.19,83.91083056349207,1.225033206090559,82.68579735740151,15.870830563492063,15.870830563492063,False,LEAVE_ONE_FAMILY_OUT,TiOx,TiOx_02_Au,10.1038/s41598-019-44607-3,TiOx,5,5,4,False
TiOx_02_Au,10.1038/s41598-019-44607-3,TiOx,1.705978,0.2319734262803857,0,0,GRADUAL_MULTILEVEL,NOT_REPORTED,absolute,IDEALIZED_SINGLE_PAIR_GRADUAL,IDEALIZED_GRADUAL_MAPPING,128,8,255,0,2,5,203264,16,32,512,67.92,28.31,89.09535642857144,1.0490606967117166,88.04629573185971,21.175356428571433,21.175356428571433,False,LEAVE_ONE_FAMILY_OUT,TiOx,TiOx_02_Au,10.1038/s41598-019-44607-3,TiOx,5,5,4,False
TiOx_02_Au,10.1038/s41598-019-44607-3,TiOx,1.705978,0.2319734262803857,0,0,GRADUAL_MULTILEVEL,NOT_REPORTED,absolute,IDEALIZED_SINGLE_PAIR_GRADUAL,IDEALIZED_GRADUAL_MAPPING,128,5,31,0,2,5,203264,16,32,512,67.45,28.78,88.9697149920635,0.9910278409259007,87.9786871511376,21.5197149920635,21.5197149920635,False,LEAVE_ONE_FAMILY_OUT,TiOx,TiOx_02_Au,10.1038/s41598-019-44607-3,TiOx,5,5,4,False
TiOx_02_Au,10.1038/s41598-019-44607-3,TiOx,1.705978,0.2319734262803857,0,0,GRADUAL_MULTILEVEL,NOT_REPORTED,absolute,IDEALIZED_SINGLE_PAIR_GRADUAL,IDEALIZED_GRADUAL_MAPPING,128,7,127,0,2,5,203264,16,32,512,67.27,28.960000000000008,89.10633776190477,1.0458719377736336,88.06046582413113,21.836337761904772,21.836337761904772,False,LEAVE_ONE_FAMILY_OUT,TiOx,TiOx_02_Au,10.1038/s41598-019-44607-3,TiOx,5,5,4,False
TiOx_02_Au,10.1038/s41598-019-44607-3,TiOx,1.705978,0.2319734262803857,0,0,GRADUAL_MULTILEVEL,NOT_REPORTED,absolute,IDEALIZED_SINGLE_PAIR_GRADUAL,IDEALIZED_GRADUAL_MAPPING,64,3,7,0,2,4,203264,56,16,896,58.38,37.85,54.239221865079365,2.2266127507191196,52.012609114360245,-4.140778134920637,4.140778134920637,False,LEAVE_ONE_FAMILY_OUT,TiOx,TiOx_02_Au,10.1038/s41598-019-44607-3,TiOx,5,5,4,False
TiOx_02_Au,10.1038/s41598-019-44607-3,TiOx,1.705978,0.2319734262803857,0,0,GRADUAL_MULTILEVEL,NOT_REPORTED,absolute,IDEALIZED_SINGLE_PAIR_GRADUAL,IDEALIZED_GRADUAL_MAPPING,128,8,255,0,2,4,203264,16,16,256,54.83,41.400000000000006,40.40808247619047,1.2134801594513656,39.19460231673911,-14.421917523809526,14.421917523809526,False,LEAVE_ONE_FAMILY_OUT,TiOx,TiOx_02_Au,10.1038/s41598-019-44607-3,TiOx,5,5,4,False
TiOx_02_Au,10.1038/s41598-019-44607-3,TiOx,1.705978,0.2319734262803857,0,0,GRADUAL_MULTILEVEL,NOT_REPORTED,absolute,IDEALIZED_SINGLE_PAIR_GRADUAL,IDEALIZED_GRADUAL_MAPPING,128,4,15,0,2,4,203264,16,16,256,54.43,41.8,39.936113285714285,1.1388760730097038,38.79723721270458,-14.493886714285715,14.493886714285715,False,LEAVE_ONE_FAMILY_OUT,TiOx,TiOx_02_Au,10.1038/s41598-019-44607-3,TiOx,5,5,4,False
TiOx_02_Au,10.1038/s41598-019-44607-3,TiOx,1.705978,0.2319734262803857,0,0,GRADUAL_MULTILEVEL,NOT_REPORTED,absolute,IDEALIZED_SINGLE_PAIR_GRADUAL,IDEALIZED_GRADUAL_MAPPING,128,7,127,0,2,4,203264,16,16,256,54.39,41.84,40.38719895238095,1.308786380863145,39.0784125715178,-14.002801047619052,14.002801047619052,False,LEAVE_ONE_FAMILY_OUT,TiOx,TiOx_02_Au,10.1038/s41598-019-44607-3,TiOx,5,5,4,False
TiOx_02_Au,10.1038/s41598-019-44607-3,TiOx,1.705978,0.2319734262803857,0,0,GRADUAL_MULTILEVEL,NOT_REPORTED,absolute,IDEALIZED_SINGLE_PAIR_GRADUAL,IDEALIZED_GRADUAL_MAPPING,128,5,31,0,2,4,203264,16,16,256,54.17,42.06,39.968867952380954,1.2467012621232334,38.72216669025772,-14.201132047619048,14.201132047619048,False,LEAVE_ONE_FAMILY_OUT,TiOx,TiOx_02_Au,10.1038/s41598-019-44607-3,TiOx,5,5,4,False
TiOx_02_Au,10.1038/s41598-019-44607-3,TiOx,1.705978,0.2319734262803857,0,0,GRADUAL_MULTILEVEL,NOT_REPORTED,absolute,IDEALIZED_SINGLE_PAIR_GRADUAL,IDEALIZED_GRADUAL_MAPPING,128,6,63,0,2,4,203264,16,16,256,53.92,42.31,40.179173761904764,1.3530875161478195,38.82608624575695,-13.740826238095238,13.740826238095238,False,LEAVE_ONE_FAMILY_OUT,TiOx,TiOx_02_Au,10.1038/s41598-019-44607-3,TiOx,5,5,4,False
TiOx_02_Au,10.1038/s41598-019-44607-3,TiOx,1.705978,0.2319734262803857,0,0,GRADUAL_MULTILEVEL,NOT_REPORTED,absolute,IDEALIZED_SINGLE_PAIR_GRADUAL,IDEALIZED_GRADUAL_MAPPING,128,3,7,0,2,4,203264,16,16,256,44.4,51.830000000000005,39.94649328571428,1.1653601609170159,38.781133124797265,-4.453506714285716,4.453506714285716,False,LEAVE_ONE_FAMILY_OUT,TiOx,TiOx_02_Au,10.1038/s41598-019-44607-3,TiOx,5,5,4,False
TiOx_02_Au,10.1038/s41598-019-44607-3,TiOx,1.705978,0.2319734262803857,0,0,GRADUAL_MULTILEVEL,NOT_REPORTED,absolute,IDEALIZED_SINGLE_PAIR_GRADUAL,IDEALIZED_GRADUAL_MAPPING,256,8,255,0,2,4,203264,10,16,160,42.56,53.67,32.349777515873015,0.8859705921143749,31.46380692375864,-10.210222484126987,10.210222484126987,False,LEAVE_ONE_FAMILY_OUT,TiOx,TiOx_02_Au,10.1038/s41598-019-44607-3,TiOx,5,5,4,False
TiOx_02_Au,10.1038/s41598-019-44607-3,TiOx,1.705978,0.2319734262803857,0,0,GRADUAL_MULTILEVEL,NOT_REPORTED,absolute,IDEALIZED_SINGLE_PAIR_GRADUAL,IDEALIZED_GRADUAL_MAPPING,256,7,127,0,2,4,203264,10,16,160,42.05,54.18000000000001,32.32889399206349,0.8295091827324379,31.499384809331055,-9.721106007936505,9.721106007936505,False,LEAVE_ONE_FAMILY_OUT,TiOx,TiOx_02_Au,10.1038/s41598-019-44607-3,TiOx,5,5,4,False
TiOx_02_Au,10.1038/s41598-019-44607-3,TiOx,1.705978,0.2319734262803857,0,0,GRADUAL_MULTILEVEL,NOT_REPORTED,absolute,IDEALIZED_SINGLE_PAIR_GRADUAL,IDEALIZED_GRADUAL_MAPPING,256,6,63,0,2,4,203264,10,16,160,41.7,54.53,32.266259539682544,0.8385371141422833,31.42772242554026,-9.433740460317459,9.433740460317459,False,LEAVE_ONE_FAMILY_OUT,TiOx,TiOx_02_Au,10.1038/s41598-019-44607-3,TiOx,5,5,4,False
TiOx_02_Au,10.1038/s41598-019-44607-3,TiOx,1.705978,0.2319734262803857,0,0,GRADUAL_MULTILEVEL,NOT_REPORTED,absolute,IDEALIZED_SINGLE_PAIR_GRADUAL,IDEALIZED_GRADUAL_MAPPING,256,4,15,0,2,4,203264,10,16,160,41.65,54.580000000000005,32.4363415952381,0.8927609221133241,31.543580673124772,-9.213658404761901,9.213658404761901,False,LEAVE_ONE_FAMILY_OUT,TiOx,TiOx_02_Au,10.1038/s41598-019-44607-3,TiOx,5,5,4,False
TiOx_02_Au,10.1038/s41598-019-44607-3,TiOx,1.705978,0.2319734262803857,0,0,GRADUAL_MULTILEVEL,NOT_REPORTED,absolute,IDEALIZED_SINGLE_PAIR_GRADUAL,IDEALIZED_GRADUAL_MAPPING,256,5,31,0,2,4,203264,10,16,160,41.49,54.74,32.27839119047619,0.8579979573651617,31.42039323311103,-9.21160880952381,9.21160880952381,False,LEAVE_ONE_FAMILY_OUT,TiOx,TiOx_02_Au,10.1038/s41598-019-44607-3,TiOx,5,5,4,False
TiOx_02_Au,10.1038/s41598-019-44607-3,TiOx,1.705978,0.2319734262803857,0,0,GRADUAL_MULTILEVEL,NOT_REPORTED,absolute,IDEALIZED_SINGLE_PAIR_GRADUAL,IDEALIZED_GRADUAL_MAPPING,256,3,7,0,2,4,203264,10,16,160,35.23,61.00000000000001,32.4363415952381,0.8927609221133241,31.543580673124772,-2.7936584047618993,2.7936584047618993,False,LEAVE_ONE_FAMILY_OUT,TiOx,TiOx_02_Au,10.1038/s41598-019-44607-3,TiOx,5,5,4,False
TiOx_02_Au,10.1038/s41598-019-44607-3,TiOx,1.705978,0.2319734262803857,0,0,GRADUAL_MULTILEVEL,NOT_REPORTED,absolute,IDEALIZED_SINGLE_PAIR_GRADUAL,IDEALIZED_GRADUAL_MAPPING,64,2,3,0,2,5,203264,56,32,1792,12.4,83.83,11.089956746031747,0.41208554495629796,10.67787120107545,-1.310043253968253,1.310043253968253,False,LEAVE_ONE_FAMILY_OUT,TiOx,TiOx_02_Au,10.1038/s41598-019-44607-3,TiOx,5,5,4,False
TiOx_02_Au,10.1038/s41598-019-44607-3,TiOx,1.705978,0.2319734262803857,0,0,GRADUAL_MULTILEVEL,NOT_REPORTED,absolute,IDEALIZED_SINGLE_PAIR_GRADUAL,IDEALIZED_GRADUAL_MAPPING,16,2,3,0,2,5,203264,800,32,25600,12.25,83.98,10.778266095238093,0.3334697492347585,10.444796346003335,-1.4717339047619067,1.4717339047619067,False,LEAVE_ONE_FAMILY_OUT,TiOx,TiOx_02_Au,10.1038/s41598-019-44607-3,TiOx,5,5,4,False
TiOx_02_Au,10.1038/s41598-019-44607-3,TiOx,1.705978,0.2319734262803857,0,0,GRADUAL_MULTILEVEL,NOT_REPORTED,absolute,IDEALIZED_SINGLE_PAIR_GRADUAL,IDEALIZED_GRADUAL_MAPPING,128,2,3,0,2,5,203264,16,32,512,12.22,84.01,10.108645817460317,0.5827033465376897,9.525942470922628,-2.1113541825396833,2.1113541825396833,False,LEAVE_ONE_FAMILY_OUT,TiOx,TiOx_02_Au,10.1038/s41598-019-44607-3,TiOx,5,5,4,False
TiOx_02_Au,10.1038/s41598-019-44607-3,TiOx,1.705978,0.2319734262803857,0,0,GRADUAL_MULTILEVEL,NOT_REPORTED,absolute,IDEALIZED_SINGLE_PAIR_GRADUAL,IDEALIZED_GRADUAL_MAPPING,256,2,3,0,2,7,203264,10,128,1280,12.01,84.22,10.973894067099566,0.22828717132239776,10.745606895777168,-1.0361059329004334,1.0361059329004334,False,LEAVE_ONE_FAMILY_OUT,TiOx,TiOx_02_Au,10.1038/s41598-019-44607-3,TiOx,5,5,4,False
TiOx_02_Au,10.1038/s41598-019-44607-3,TiOx,1.705978,0.2319734262803857,0,0,GRADUAL_MULTILEVEL,NOT_REPORTED,absolute,IDEALIZED_SINGLE_PAIR_GRADUAL,IDEALIZED_GRADUAL_MAPPING,256,2,3,0,2,5,203264,10,32,320,11.97,84.26,9.982477460317462,0.4858303363072231,9.496647124010238,-1.987522539682539,1.987522539682539,False,LEAVE_ONE_FAMILY_OUT,TiOx,TiOx_02_Au,10.1038/s41598-019-44607-3,TiOx,5,5,4,False
TiOx_02_Au,10.1038/s41598-019-44607-3,TiOx,1.705978,0.2319734262803857,0,0,GRADUAL_MULTILEVEL,NOT_REPORTED,absolute,IDEALIZED_SINGLE_PAIR_GRADUAL,IDEALIZED_GRADUAL_MAPPING,32,2,3,0,2,5,203264,208,32,6656,11.78,84.45,10.84806776190476,0.3487984578133215,10.499269304091438,-0.9319322380952393,0.9319322380952393,False,LEAVE_ONE_FAMILY_OUT,TiOx,TiOx_02_Au,10.1038/s41598-019-44607-3,TiOx,5,5,4,False
TiOx_02_Au,10.1038/s41598-019-44607-3,TiOx,1.705978,0.2319734262803857,0,0,GRADUAL_MULTILEVEL,NOT_REPORTED,absolute,IDEALIZED_SINGLE_PAIR_GRADUAL,IDEALIZED_GRADUAL_MAPPING,128,2,3,0,2,7,203264,16,128,2048,11.78,84.45,11.01044559090909,0.1775061752260218,10.832939415683068,-0.7695544090909099,0.7695544090909099,False,LEAVE_ONE_FAMILY_OUT,TiOx,TiOx_02_Au,10.1038/s41598-019-44607-3,TiOx,5,5,4,False
TiOx_02_Au,10.1038/s41598-019-44607-3,TiOx,1.705978,0.2319734262803857,0,0,GRADUAL_MULTILEVEL,NOT_REPORTED,absolute,IDEALIZED_SINGLE_PAIR_GRADUAL,IDEALIZED_GRADUAL_MAPPING,128,2,3,0,2,6,203264,16,64,1024,11.7,84.53,10.797970253246753,0.3342814245475714,10.463688828699182,-0.9020297467532465,0.9020297467532465,False,LEAVE_ONE_FAMILY_OUT,TiOx,TiOx_02_Au,10.1038/s41598-019-44607-3,TiOx,5,5,4,False
TiOx_02_Au,10.1038/s41598-019-44607-3,TiOx,1.705978,0.2319734262803857,0,0,GRADUAL_MULTILEVEL,NOT_REPORTED,absolute,IDEALIZED_SINGLE_PAIR_GRADUAL,IDEALIZED_GRADUAL_MAPPING,256,2,3,0,2,6,203264,10,64,640,11.66,84.57000000000001,10.714969824675325,0.357908357224679,10.357061467450647,-0.9450301753246748,0.9450301753246748,False,LEAVE_ONE_FAMILY_OUT,TiOx,TiOx_02_Au,10.1038/s41598-019-44607-3,TiOx,5,5,4,False
TiOx_02_Au,10.1038/s41598-019-44607-3,TiOx,1.705978,0.2319734262803857,0,0,GRADUAL_MULTILEVEL,NOT_REPORTED,absolute,IDEALIZED_SINGLE_PAIR_GRADUAL,IDEALIZED_GRADUAL_MAPPING,64,2,3,0,2,7,203264,56,128,7168,11.65,84.58,11.183910583694084,0.12338634100148348,11.060524242692601,-0.46608941630591616,0.46608941630591616,False,LEAVE_ONE_FAMILY_OUT,TiOx,TiOx_02_Au,10.1038/s41598-019-44607-3,TiOx,5,5,4,False
TiOx_02_Au,10.1038/s41598-019-44607-3,TiOx,1.705978,0.2319734262803857,0,0,GRADUAL_MULTILEVEL,NOT_REPORTED,absolute,IDEALIZED_SINGLE_PAIR_GRADUAL,IDEALIZED_GRADUAL_MAPPING,32,2,3,0,2,7,203264,208,128,26624,11.59,84.64,11.279598428571429,0.10254995468188338,11.177048473889545,-0.31040157142857083,0.31040157142857083,False,LEAVE_ONE_FAMILY_OUT,TiOx,TiOx_02_Au,10.1038/s41598-019-44607-3,TiOx,5,5,4,False
TiOx_02_Au,10.1038/s41598-019-44607-3,TiOx,1.705978,0.2319734262803857,0,0,GRADUAL_MULTILEVEL,NOT_REPORTED,absolute,IDEALIZED_SINGLE_PAIR_GRADUAL,IDEALIZED_GRADUAL_MAPPING,32,2,3,0,2,8,203264,208,256,53248,11.59,84.64,11.273714309523807,0.0555247059712225,11.218189603552585,-0.31628569047619237,0.31628569047619237,False,LEAVE_ONE_FAMILY_OUT,TiOx,TiOx_02_Au,10.1038/s41598-019-44607-3,TiOx,5,5,4,False
TiOx_02_Au,10.1038/s41598-019-44607-3,TiOx,1.705978,0.2319734262803857,0,0,GRADUAL_MULTILEVEL,NOT_REPORTED,absolute,IDEALIZED_SINGLE_PAIR_GRADUAL,IDEALIZED_GRADUAL_MAPPING,16,2,3,0,2,7,203264,800,128,102400,11.58,84.65,11.295166142857143,0.11027710322872619,11.184889039628416,-0.284833857142857,0.284833857142857,False,LEAVE_ONE_FAMILY_OUT,TiOx,TiOx_02_Au,10.1038/s41598-019-44607-3,TiOx,5,5,4,False
TiOx_02_Au,10.1038/s41598-019-44607-3,TiOx,1.705978,0.2319734262803857,0,0,GRADUAL_MULTILEVEL,NOT_REPORTED,absolute,IDEALIZED_SINGLE_PAIR_GRADUAL,IDEALIZED_GRADUAL_MAPPING,64,2,3,0,2,8,203264,56,256,14336,11.57,84.66,11.172358678932177,0.07245126217447549,11.099907416757702,-0.39764132106782313,0.39764132106782313,False,LEAVE_ONE_FAMILY_OUT,TiOx,TiOx_02_Au,10.1038/s41598-019-44607-3,TiOx,5,5,4,False
TiOx_02_Au,10.1038/s41598-019-44607-3,TiOx,1.705978,0.2319734262803857,0,0,GRADUAL_MULTILEVEL,NOT_REPORTED,absolute,IDEALIZED_SINGLE_PAIR_GRADUAL,IDEALIZED_GRADUAL_MAPPING,256,2,3,0,2,8,203264,10,256,2560,11.53,84.7,11.133734893217893,0.1957936872751996,10.937941205942693,-0.39626510678210636,0.39626510678210636,False,LEAVE_ONE_FAMILY_OUT,TiOx,TiOx_02_Au,10.1038/s41598-019-44607-3,TiOx,5,5,4,False
TiOx_02_Au,10.1038/s41598-019-44607-3,TiOx,1.705978,0.2319734262803857,0,0,GRADUAL_MULTILEVEL,NOT_REPORTED,absolute,IDEALIZED_SINGLE_PAIR_GRADUAL,IDEALIZED_GRADUAL_MAPPING,16,2,3,0,2,8,203264,800,256,204800,11.5,84.73,11.285062023809523,0.06002835399703906,11.225033669812484,-0.21493797619047683,0.21493797619047683,False,LEAVE_ONE_FAMILY_OUT,TiOx,TiOx_02_Au,10.1038/s41598-019-44607-3,TiOx,5,5,4,False
TiOx_02_Au,10.1038/s41598-019-44607-3,TiOx,1.705978,0.2319734262803857,0,0,GRADUAL_MULTILEVEL,NOT_REPORTED,absolute,IDEALIZED_SINGLE_PAIR_GRADUAL,IDEALIZED_GRADUAL_MAPPING,128,2,3,0,2,8,203264,16,256,4096,11.48,84.75,11.134620163059164,0.09963158269764172,11.034988580361523,-0.34537983694083607,0.34537983694083607,False,LEAVE_ONE_FAMILY_OUT,TiOx,TiOx_02_Au,10.1038/s41598-019-44607-3,TiOx,5,5,4,False
TiOx_02_Au,10.1038/s41598-019-44607-3,TiOx,1.705978,0.2319734262803857,0,0,GRADUAL_MULTILEVEL,NOT_REPORTED,absolute,IDEALIZED_SINGLE_PAIR_GRADUAL,IDEALIZED_GRADUAL_MAPPING,16,2,3,0,2,10,203264,800,1024,819200,11.36,84.87,11.282850095238096,0.046868884265361954,11.235981210972735,-0.07714990476190309,0.07714990476190309,False,LEAVE_ONE_FAMILY_OUT,TiOx,TiOx_02_Au,10.1038/s41598-019-44607-3,TiOx,5,5,4,False
TiOx_02_Au,10.1038/s41598-019-44607-3,TiOx,1.705978,0.2319734262803857,0,0,GRADUAL_MULTILEVEL,NOT_REPORTED,absolute,IDEALIZED_SINGLE_PAIR_GRADUAL,IDEALIZED_GRADUAL_MAPPING,16,2,3,0,2,6,203264,800,64,51200,11.35,84.88000000000001,11.162144515873017,0.21765046341863148,10.944494052454385,-0.18785548412698283,0.18785548412698283,False,LEAVE_ONE_FAMILY_OUT,TiOx,TiOx_02_Au,10.1038/s41598-019-44607-3,TiOx,5,5,4,False
TiOx_02_Au,10.1038/s41598-019-44607-3,TiOx,1.705978,0.2319734262803857,0,0,GRADUAL_MULTILEVEL,NOT_REPORTED,absolute,IDEALIZED_SINGLE_PAIR_GRADUAL,IDEALIZED_GRADUAL_MAPPING,128,2,3,0,2,10,203264,16,1024,16384,11.27,84.96000000000001,11.191980626984126,0.04741738024776565,11.144563246736361,-0.07801937301587358,0.07801937301587358,False,LEAVE_ONE_FAMILY_OUT,TiOx,TiOx_02_Au,10.1038/s41598-019-44607-3,TiOx,5,5,4,False
TiOx_02_Au,10.1038/s41598-019-44607-3,TiOx,1.705978,0.2319734262803857,0,0,GRADUAL_MULTILEVEL,NOT_REPORTED,absolute,IDEALIZED_SINGLE_PAIR_GRADUAL,IDEALIZED_GRADUAL_MAPPING,64,2,3,0,2,6,203264,56,64,3584,11.27,84.96000000000001,11.223534476190476,0.20113484592773667,11.02239963026274,-0.04646552380952329,0.04646552380952329,False,LEAVE_ONE_FAMILY_OUT,TiOx,TiOx_02_Au,10.1038/s41598-019-44607-3,TiOx,5,5,4,False
TiOx_02_Au,10.1038/s41598-019-44607-3,TiOx,1.705978,0.2319734262803857,0,0,GRADUAL_MULTILEVEL,NOT_REPORTED,absolute,IDEALIZED_SINGLE_PAIR_GRADUAL,IDEALIZED_GRADUAL_MAPPING,32,2,3,0,2,6,203264,208,64,13312,11.22,85.01,11.16662092063492,0.19275839830784858,10.973862522327071,-0.05337907936508124,0.05337907936508124,False,LEAVE_ONE_FAMILY_OUT,TiOx,TiOx_02_Au,10.1038/s41598-019-44607-3,TiOx,5,5,4,False
TiOx_02_Au,10.1038/s41598-019-44607-3,TiOx,1.705978,0.2319734262803857,0,0,GRADUAL_MULTILEVEL,NOT_REPORTED,absolute,IDEALIZED_SINGLE_PAIR_GRADUAL,IDEALIZED_GRADUAL_MAPPING,256,2,3,0,2,10,203264,10,1024,10240,11.2,85.03,11.180319738095237,0.17683712864702322,11.003482609448215,-0.01968026190476202,0.01968026190476202,False,LEAVE_ONE_FAMILY_OUT,TiOx,TiOx_02_Au,10.1038/s41598-019-44607-3,TiOx,5,5,4,False
TiOx_02_Au,10.1038/s41598-019-44607-3,TiOx,1.705978,0.2319734262803857,0,0,GRADUAL_MULTILEVEL,NOT_REPORTED,absolute,IDEALIZED_SINGLE_PAIR_GRADUAL,IDEALIZED_GRADUAL_MAPPING,16,2,3,0,2,9,203264,800,512,409600,11.14,85.09,11.298294904761907,0.04955848666213782,11.248736418099769,0.158294904761906,0.158294904761906,False,LEAVE_ONE_FAMILY_OUT,TiOx,TiOx_02_Au,10.1038/s41598-019-44607-3,TiOx,5,5,4,False
TiOx_02_Au,10.1038/s41598-019-44607-3,TiOx,1.705978,0.2319734262803857,0,0,GRADUAL_MULTILEVEL,NOT_REPORTED,absolute,IDEALIZED_SINGLE_PAIR_GRADUAL,IDEALIZED_GRADUAL_MAPPING,64,2,3,0,2,10,203264,56,1024,57344,11.13,85.10000000000001,11.207782904761903,0.05225062050748531,11.155532284254416,0.07778290476190186,0.07778290476190186,False,LEAVE_ONE_FAMILY_OUT,TiOx,TiOx_02_Au,10.1038/s41598-019-44607-3,TiOx,5,5,4,False
TiOx_02_Au,10.1038/s41598-019-44607-3,TiOx,1.705978,0.2319734262803857,0,0,GRADUAL_MULTILEVEL,NOT_REPORTED,absolute,IDEALIZED_SINGLE_PAIR_GRADUAL,IDEALIZED_GRADUAL_MAPPING,32,2,3,0,2,9,203264,208,512,106496,11.1,85.13000000000001,11.289556238095237,0.044587628496092366,11.244968609599145,0.18955623809523736,0.18955623809523736,False,LEAVE_ONE_FAMILY_OUT,TiOx,TiOx_02_Au,10.1038/s41598-019-44607-3,TiOx,5,5,4,False
TiOx_02_Au,10.1038/s41598-019-44607-3,TiOx,1.705978,0.2319734262803857,0,0,GRADUAL_MULTILEVEL,NOT_REPORTED,absolute,IDEALIZED_SINGLE_PAIR_GRADUAL,IDEALIZED_GRADUAL_MAPPING,64,2,3,0,2,9,203264,56,512,28672,11.1,85.13000000000001,11.212477150793651,0.06118392162526585,11.151293229168385,0.1124771507936515,0.1124771507936515,False,LEAVE_ONE_FAMILY_OUT,TiOx,TiOx_02_Au,10.1038/s41598-019-44607-3,TiOx,5,5,4,False
TiOx_02_Au,10.1038/s41598-019-44607-3,TiOx,1.705978,0.2319734262803857,0,0,GRADUAL_MULTILEVEL,NOT_REPORTED,absolute,IDEALIZED_SINGLE_PAIR_GRADUAL,IDEALIZED_GRADUAL_MAPPING,32,2,3,0,2,10,203264,208,1024,212992,11.09,85.14,11.274890428571426,0.038462591643941973,11.236427836927485,0.18489042857142657,0.18489042857142657,False,LEAVE_ONE_FAMILY_OUT,TiOx,TiOx_02_Au,10.1038/s41598-019-44607-3,TiOx,5,5,4,False
TiOx_02_Au,10.1038/s41598-019-44607-3,TiOx,1.705978,0.2319734262803857,0,0,GRADUAL_MULTILEVEL,NOT_REPORTED,absolute,IDEALIZED_SINGLE_PAIR_GRADUAL,IDEALIZED_GRADUAL_MAPPING,128,2,3,0,2,9,203264,16,512,8192,11.02,85.21000000000001,11.199252206349207,0.0608061452722464,11.13844606107696,0.1792522063492079,0.1792522063492079,False,LEAVE_ONE_FAMILY_OUT,TiOx,TiOx_02_Au,10.1038/s41598-019-44607-3,TiOx,5,5,4,False
TiOx_02_Au,10.1038/s41598-019-44607-3,TiOx,1.705978,0.2319734262803857,0,0,GRADUAL_MULTILEVEL,NOT_REPORTED,absolute,IDEALIZED_SINGLE_PAIR_GRADUAL,IDEALIZED_GRADUAL_MAPPING,256,2,3,0,2,9,203264,10,512,5120,10.89,85.34,11.187155984126985,0.1803659411562013,11.006790042970783,0.2971559841269844,0.2971559841269844,False,LEAVE_ONE_FAMILY_OUT,TiOx,TiOx_02_Au,10.1038/s41598-019-44607-3,TiOx,5,5,4,False
TiOx_02_Au,10.1038/s41598-019-44607-3,TiOx,1.705978,0.2319734262803857,0,0,GRADUAL_MULTILEVEL,NOT_REPORTED,absolute,IDEALIZED_SINGLE_PAIR_GRADUAL,IDEALIZED_GRADUAL_MAPPING,16,2,3,0,2,4,203264,800,16,12800,9.8,86.43,10.511100515873016,0.49654360369130707,10.014556912181709,0.7111005158730155,0.7111005158730155,False,LEAVE_ONE_FAMILY_OUT,TiOx,TiOx_02_Au,10.1038/s41598-019-44607-3,TiOx,5,5,4,False
TiOx_02_Au,10.1038/s41598-019-44607-3,TiOx,1.705978,0.2319734262803857,0,0,GRADUAL_MULTILEVEL,NOT_REPORTED,absolute,IDEALIZED_SINGLE_PAIR_GRADUAL,IDEALIZED_GRADUAL_MAPPING,32,2,3,0,2,4,203264,208,16,3328,9.68,86.55000000000001,10.582187515873017,0.5476132837274496,10.034574232145568,0.9021875158730168,0.9021875158730168,False,LEAVE_ONE_FAMILY_OUT,TiOx,TiOx_02_Au,10.1038/s41598-019-44607-3,TiOx,5,5,4,False
TiOx_02_Au,10.1038/s41598-019-44607-3,TiOx,1.705978,0.2319734262803857,0,0,GRADUAL_MULTILEVEL,NOT_REPORTED,absolute,IDEALIZED_SINGLE_PAIR_GRADUAL,IDEALIZED_GRADUAL_MAPPING,64,2,3,0,2,4,203264,56,16,896,9.52,86.71000000000001,10.862077071428573,0.6613071702856047,10.200769901142968,1.342077071428573,1.342077071428573,False,LEAVE_ONE_FAMILY_OUT,TiOx,TiOx_02_Au,10.1038/s41598-019-44607-3,TiOx,5,5,4,False
TiOx_02_Au,10.1038/s41598-019-44607-3,TiOx,1.705978,0.2319734262803857,0,0,GRADUAL_MULTILEVEL,NOT_REPORTED,absolute,IDEALIZED_SINGLE_PAIR_GRADUAL,IDEALIZED_GRADUAL_MAPPING,128,2,3,0,2,4,203264,16,16,256,9.14,87.09,9.855599523809524,0.5534739078476678,9.302125615961856,0.715599523809523,0.715599523809523,False,LEAVE_ONE_FAMILY_OUT,TiOx,TiOx_02_Au,10.1038/s41598-019-44607-3,TiOx,5,5,4,False
TiOx_02_Au,10.1038/s41598-019-44607-3,TiOx,1.705978,0.2319734262803857,0,0,GRADUAL_MULTILEVEL,NOT_REPORTED,absolute,IDEALIZED_SINGLE_PAIR_GRADUAL,IDEALIZED_GRADUAL_MAPPING,256,2,3,0,2,4,203264,10,16,160,8.93,87.30000000000001,9.750556547619047,0.41079223257985625,9.33976431503919,0.8205565476190468,0.8205565476190468,False,LEAVE_ONE_FAMILY_OUT,TiOx,TiOx_02_Au,10.1038/s41598-019-44607-3,TiOx,5,5,4,False
TiOx_02_Ni,10.1038/s41598-019-44607-3,TiOx,1.10723,0.0442378443254261,0,0,GRADUAL_MULTILEVEL,NOT_REPORTED,absolute,IDEALIZED_SINGLE_PAIR_GRADUAL,IDEALIZED_GRADUAL_MAPPING,32,7,127,0,2,10,203264,208,1024,212992,96.31,-0.0799999999999983,96.22126211111112,0.02209984489748362,96.19916226621363,-0.08873788888888612,0.08873788888888612,True,LEAVE_ONE_FAMILY_OUT,TiOx,TiOx_02_Ni,10.1038/s41598-019-44607-3,TiOx,5,5,4,False
TiOx_02_Ni,10.1038/s41598-019-44607-3,TiOx,1.10723,0.0442378443254261,0,0,GRADUAL_MULTILEVEL,NOT_REPORTED,absolute,IDEALIZED_SINGLE_PAIR_GRADUAL,IDEALIZED_GRADUAL_MAPPING,32,6,63,0,2,10,203264,208,1024,212992,96.29,-0.0600000000000022,96.28052000793649,0.02184101666303638,96.25867899127346,-0.009479992063518239,0.009479992063518239,True,LEAVE_ONE_FAMILY_OUT,TiOx,TiOx_02_Ni,10.1038/s41598-019-44607-3,TiOx,5,5,4,False
TiOx_02_Ni,10.1038/s41598-019-44607-3,TiOx,1.10723,0.0442378443254261,0,0,GRADUAL_MULTILEVEL,NOT_REPORTED,absolute,IDEALIZED_SINGLE_PAIR_GRADUAL,IDEALIZED_GRADUAL_MAPPING,64,6,63,0,2,10,203264,56,1024,57344,96.28,-0.0499999999999971,96.28015765079364,0.02035040980847971,96.25980724098515,0.00015765079363916357,0.00015765079363916357,True,LEAVE_ONE_FAMILY_OUT,TiOx,TiOx_02_Ni,10.1038/s41598-019-44607-3,TiOx,5,5,4,False
TiOx_02_Ni,10.1038/s41598-019-44607-3,TiOx,1.10723,0.0442378443254261,0,0,GRADUAL_MULTILEVEL,NOT_REPORTED,absolute,IDEALIZED_SINGLE_PAIR_GRADUAL,IDEALIZED_GRADUAL_MAPPING,16,6,63,0,2,10,203264,800,1024,819200,96.25,-0.019999999999996,96.29766191269842,0.02490180422822115,96.2727601084702,0.04766191269841613,0.04766191269841613,True,LEAVE_ONE_FAMILY_OUT,TiOx,TiOx_02_Ni,10.1038/s41598-019-44607-3,TiOx,5,5,4,False
TiOx_02_Ni,10.1038/s41598-019-44607-3,TiOx,1.10723,0.0442378443254261,0,0,GRADUAL_MULTILEVEL,NOT_REPORTED,absolute,IDEALIZED_SINGLE_PAIR_GRADUAL,IDEALIZED_GRADUAL_MAPPING,32,8,255,0,2,10,203264,208,1024,212992,96.24,-0.0099999999999909,96.24108406349207,0.0165065315503194,96.22457753194175,0.0010840634920725734,0.0010840634920725734,True,LEAVE_ONE_FAMILY_OUT,TiOx,TiOx_02_Ni,10.1038/s41598-019-44607-3,TiOx,5,5,4,False
TiOx_02_Ni,10.1038/s41598-019-44607-3,TiOx,1.10723,0.0442378443254261,0,0,GRADUAL_MULTILEVEL,NOT_REPORTED,absolute,IDEALIZED_SINGLE_PAIR_GRADUAL,IDEALIZED_GRADUAL_MAPPING,256,8,255,0,2,10,203264,10,1024,10240,96.24,-0.0099999999999909,96.19312976984126,0.029087892834281603,96.16404187700698,-0.046870230158731374,0.046870230158731374,True,LEAVE_ONE_FAMILY_OUT,TiOx,TiOx_02_Ni,10.1038/s41598-019-44607-3,TiOx,5,5,4,False
TiOx_02_Ni,10.1038/s41598-019-44607-3,TiOx,1.10723,0.0442378443254261,0,0,GRADUAL_MULTILEVEL,NOT_REPORTED,absolute,IDEALIZED_SINGLE_PAIR_GRADUAL,IDEALIZED_GRADUAL_MAPPING,64,5,31,0,2,10,203264,56,1024,57344,96.23,0.0,96.15961857142857,0.023451410657756952,96.13616716077081,-0.07038142857143725,0.07038142857143725,True,LEAVE_ONE_FAMILY_OUT,TiOx,TiOx_02_Ni,10.1038/s41598-019-44607-3,TiOx,5,5,4,False
TiOx_02_Ni,10.1038/s41598-019-44607-3,TiOx,1.10723,0.0442378443254261,0,0,GRADUAL_MULTILEVEL,NOT_REPORTED,absolute,IDEALIZED_SINGLE_PAIR_GRADUAL,IDEALIZED_GRADUAL_MAPPING,32,5,31,0,2,10,203264,208,1024,212992,96.23,0.0,96.14843400000001,0.01896786970501757,96.12946613029499,-0.08156599999999514,0.08156599999999514,True,LEAVE_ONE_FAMILY_OUT,TiOx,TiOx_02_Ni,10.1038/s41598-019-44607-3,TiOx,5,5,4,False
TiOx_02_Ni,10.1038/s41598-019-44607-3,TiOx,1.10723,0.0442378443254261,0,0,GRADUAL_MULTILEVEL,NOT_REPORTED,absolute,IDEALIZED_SINGLE_PAIR_GRADUAL,IDEALIZED_GRADUAL_MAPPING,64,7,127,0,2,10,203264,56,1024,57344,96.21,0.0200000000000102,96.20940995310245,0.020378760705747352,96.1890311923967,-0.0005900468975426065,0.0005900468975426065,True,LEAVE_ONE_FAMILY_OUT,TiOx,TiOx_02_Ni,10.1038/s41598-019-44607-3,TiOx,5,5,4,False
TiOx_02_Ni,10.1038/s41598-019-44607-3,TiOx,1.10723,0.0442378443254261,0,0,GRADUAL_MULTILEVEL,NOT_REPORTED,absolute,IDEALIZED_SINGLE_PAIR_GRADUAL,IDEALIZED_GRADUAL_MAPPING,128,8,255,0,2,10,203264,16,1024,16384,96.21,0.0200000000000102,96.20849232539683,0.019690123860196678,96.18880220153663,-0.0015076746031610355,0.0015076746031610355,True,LEAVE_ONE_FAMILY_OUT,TiOx,TiOx_02_Ni,10.1038/s41598-019-44607-3,TiOx,5,5,4,False
TiOx_02_Ni,10.1038/s41598-019-44607-3,TiOx,1.10723,0.0442378443254261,0,0,GRADUAL_MULTILEVEL,NOT_REPORTED,absolute,IDEALIZED_SINGLE_PAIR_GRADUAL,IDEALIZED_GRADUAL_MAPPING,16,7,127,0,2,9,203264,800,512,409600,96.2,0.0300000000000011,96.21049715873016,0.01790104912457074,96.19259610960559,0.01049715873016055,0.01049715873016055,True,LEAVE_ONE_FAMILY_OUT,TiOx,TiOx_02_Ni,10.1038/s41598-019-44607-3,TiOx,5,5,4,False
TiOx_02_Ni,10.1038/s41598-019-44607-3,TiOx,1.10723,0.0442378443254261,0,0,GRADUAL_MULTILEVEL,NOT_REPORTED,absolute,IDEALIZED_SINGLE_PAIR_GRADUAL,IDEALIZED_GRADUAL_MAPPING,128,7,127,0,2,10,203264,16,1024,16384,96.19,0.0400000000000062,96.20001785714285,0.018450691882649067,96.1815671652602,0.010017857142855746,0.010017857142855746,True,LEAVE_ONE_FAMILY_OUT,TiOx,TiOx_02_Ni,10.1038/s41598-019-44607-3,TiOx,5,5,4,False
TiOx_02_Ni,10.1038/s41598-019-44607-3,TiOx,1.10723,0.0442378443254261,0,0,GRADUAL_MULTILEVEL,NOT_REPORTED,absolute,IDEALIZED_SINGLE_PAIR_GRADUAL,IDEALIZED_GRADUAL_MAPPING,16,7,127,0,2,10,203264,800,1024,819200,96.19,0.0400000000000062,96.20575526984128,0.016966724707842773,96.18878854513343,0.01575526984127862,0.01575526984127862,True,LEAVE_ONE_FAMILY_OUT,TiOx,TiOx_02_Ni,10.1038/s41598-019-44607-3,TiOx,5,5,4,False
TiOx_02_Ni,10.1038/s41598-019-44607-3,TiOx,1.10723,0.0442378443254261,0,0,GRADUAL_MULTILEVEL,NOT_REPORTED,absolute,IDEALIZED_SINGLE_PAIR_GRADUAL,IDEALIZED_GRADUAL_MAPPING,128,6,63,0,2,10,203264,16,1024,16384,96.19,0.0400000000000062,96.26474127561329,0.023821717008881443,96.2409195586044,0.07474127561329169,0.07474127561329169,True,LEAVE_ONE_FAMILY_OUT,TiOx,TiOx_02_Ni,10.1038/s41598-019-44607-3,TiOx,5,5,4,False
TiOx_02_Ni,10.1038/s41598-019-44607-3,TiOx,1.10723,0.0442378443254261,0,0,GRADUAL_MULTILEVEL,NOT_REPORTED,absolute,IDEALIZED_SINGLE_PAIR_GRADUAL,IDEALIZED_GRADUAL_MAPPING,256,6,63,0,2,10,203264,10,1024,10240,96.18,0.0499999999999971,96.26484982539682,0.029579897374043995,96.23526992802277,0.08484982539681596,0.08484982539681596,True,LEAVE_ONE_FAMILY_OUT,TiOx,TiOx_02_Ni,10.1038/s41598-019-44607-3,TiOx,5,5,4,False
TiOx_02_Ni,10.1038/s41598-019-44607-3,TiOx,1.10723,0.0442378443254261,0,0,GRADUAL_MULTILEVEL,NOT_REPORTED,absolute,IDEALIZED_SINGLE_PAIR_GRADUAL,IDEALIZED_GRADUAL_MAPPING,16,5,31,0,2,9,203264,800,512,409600,96.18,0.0499999999999971,96.15477346031746,0.019107746226099627,96.13566571409136,-0.025226539682549287,0.025226539682549287,True,LEAVE_ONE_FAMILY_OUT,TiOx,TiOx_02_Ni,10.1038/s41598-019-44607-3,TiOx,5,5,4,False
TiOx_02_Ni,10.1038/s41598-019-44607-3,TiOx,1.10723,0.0442378443254261,0,0,GRADUAL_MULTILEVEL,NOT_REPORTED,absolute,IDEALIZED_SINGLE_PAIR_GRADUAL,IDEALIZED_GRADUAL_MAPPING,16,8,255,0,2,10,203264,800,1024,819200,96.17,0.0600000000000022,96.22609673809524,0.020741628773785013,96.20535510932145,0.056096738095234855,0.056096738095234855,True,LEAVE_ONE_FAMILY_OUT,TiOx,TiOx_02_Ni,10.1038/s41598-019-44607-3,TiOx,5,5,4,False
TiOx_02_Ni,10.1038/s41598-019-44607-3,TiOx,1.10723,0.0442378443254261,0,0,GRADUAL_MULTILEVEL,NOT_REPORTED,absolute,IDEALIZED_SINGLE_PAIR_GRADUAL,IDEALIZED_GRADUAL_MAPPING,16,8,255,0,2,9,203264,800,512,409600,96.14,0.0900000000000034,96.21915166666668,0.01972404386449012,96.19942762280219,0.07915166666667517,0.07915166666667517,True,LEAVE_ONE_FAMILY_OUT,TiOx,TiOx_02_Ni,10.1038/s41598-019-44607-3,TiOx,5,5,4,False
TiOx_02_Ni,10.1038/s41598-019-44607-3,TiOx,1.10723,0.0442378443254261,0,0,GRADUAL_MULTILEVEL,NOT_REPORTED,absolute,IDEALIZED_SINGLE_PAIR_GRADUAL,IDEALIZED_GRADUAL_MAPPING,16,5,31,0,2,10,203264,800,1024,819200,96.14,0.0900000000000034,96.14528634920634,0.022012222383167603,96.12327412682318,0.005286349206343743,0.005286349206343743,True,LEAVE_ONE_FAMILY_OUT,TiOx,TiOx_02_Ni,10.1038/s41598-019-44607-3,TiOx,5,5,4,False
TiOx_02_Ni,10.1038/s41598-019-44607-3,TiOx,1.10723,0.0442378443254261,0,0,GRADUAL_MULTILEVEL,NOT_REPORTED,absolute,IDEALIZED_SINGLE_PAIR_GRADUAL,IDEALIZED_GRADUAL_MAPPING,64,8,255,0,2,10,203264,56,1024,57344,96.14,0.0900000000000034,96.22357587373737,0.019475938814067402,96.2040999349233,0.08357587373737374,0.08357587373737374,True,LEAVE_ONE_FAMILY_OUT,TiOx,TiOx_02_Ni,10.1038/s41598-019-44607-3,TiOx,5,5,4,False
TiOx_02_Ni,10.1038/s41598-019-44607-3,TiOx,1.10723,0.0442378443254261,0,0,GRADUAL_MULTILEVEL,NOT_REPORTED,absolute,IDEALIZED_SINGLE_PAIR_GRADUAL,IDEALIZED_GRADUAL_MAPPING,32,8,255,0,2,9,203264,208,512,106496,96.13,0.1000000000000085,96.23334596825397,0.017866871107390506,96.21547909714658,0.10334596825397568,0.10334596825397568,True,LEAVE_ONE_FAMILY_OUT,TiOx,TiOx_02_Ni,10.1038/s41598-019-44607-3,TiOx,5,5,4,False
TiOx_02_Ni,10.1038/s41598-019-44607-3,TiOx,1.10723,0.0442378443254261,0,0,GRADUAL_MULTILEVEL,NOT_REPORTED,absolute,IDEALIZED_SINGLE_PAIR_GRADUAL,IDEALIZED_GRADUAL_MAPPING,32,6,63,0,2,9,203264,208,512,106496,96.12,0.1099999999999994,96.25684496825399,0.015930128453997446,96.24091483979998,0.13684496825398185,0.13684496825398185,True,LEAVE_ONE_FAMILY_OUT,TiOx,TiOx_02_Ni,10.1038/s41598-019-44607-3,TiOx,5,5,4,False
TiOx_02_Ni,10.1038/s41598-019-44607-3,TiOx,1.10723,0.0442378443254261,0,0,GRADUAL_MULTILEVEL,NOT_REPORTED,absolute,IDEALIZED_SINGLE_PAIR_GRADUAL,IDEALIZED_GRADUAL_MAPPING,16,4,15,0,2,10,203264,800,1024,819200,96.1,0.1300000000000096,96.0667088095238,0.01693345146147221,96.04977535806233,-0.033291190476191446,0.033291190476191446,True,LEAVE_ONE_FAMILY_OUT,TiOx,TiOx_02_Ni,10.1038/s41598-019-44607-3,TiOx,5,5,4,False
TiOx_02_Ni,10.1038/s41598-019-44607-3,TiOx,1.10723,0.0442378443254261,0,0,GRADUAL_MULTILEVEL,NOT_REPORTED,absolute,IDEALIZED_SINGLE_PAIR_GRADUAL,IDEALIZED_GRADUAL_MAPPING,256,7,127,0,2,10,203264,10,1024,10240,96.09,0.1400000000000005,96.19132931746032,0.02543286572001838,96.1658964517403,0.10132931746031204,0.10132931746031204,True,LEAVE_ONE_FAMILY_OUT,TiOx,TiOx_02_Ni,10.1038/s41598-019-44607-3,TiOx,5,5,4,False
TiOx_02_Ni,10.1038/s41598-019-44607-3,TiOx,1.10723,0.0442378443254261,0,0,GRADUAL_MULTILEVEL,NOT_REPORTED,absolute,IDEALIZED_SINGLE_PAIR_GRADUAL,IDEALIZED_GRADUAL_MAPPING,32,4,15,0,2,10,203264,208,1024,212992,96.08,0.1500000000000056,96.06311197619047,0.017288592249261225,96.04582338394121,-0.016888023809528363,0.016888023809528363,True,LEAVE_ONE_FAMILY_OUT,TiOx,TiOx_02_Ni,10.1038/s41598-019-44607-3,TiOx,5,5,4,False
TiOx_02_Ni,10.1038/s41598-019-44607-3,TiOx,1.10723,0.0442378443254261,0,0,GRADUAL_MULTILEVEL,NOT_REPORTED,absolute,IDEALIZED_SINGLE_PAIR_GRADUAL,IDEALIZED_GRADUAL_MAPPING,128,5,31,0,2,10,203264,16,1024,16384,96.08,0.1500000000000056,96.15578737301587,0.033030127259374736,96.12275724575649,0.07578737301587068,0.07578737301587068,True,LEAVE_ONE_FAMILY_OUT,TiOx,TiOx_02_Ni,10.1038/s41598-019-44607-3,TiOx,5,5,4,False
TiOx_02_Ni,10.1038/s41598-019-44607-3,TiOx,1.10723,0.0442378443254261,0,0,GRADUAL_MULTILEVEL,NOT_REPORTED,absolute,IDEALIZED_SINGLE_PAIR_GRADUAL,IDEALIZED_GRADUAL_MAPPING,256,5,31,0,2,10,203264,10,1024,10240,96.06,0.1700000000000017,96.13935115079366,0.044879630154007755,96.09447152063964,0.07935115079365573,0.07935115079365573,True,LEAVE_ONE_FAMILY_OUT,TiOx,TiOx_02_Ni,10.1038/s41598-019-44607-3,TiOx,5,5,4,False
TiOx_02_Ni,10.1038/s41598-019-44607-3,TiOx,1.10723,0.0442378443254261,0,0,GRADUAL_MULTILEVEL,NOT_REPORTED,absolute,IDEALIZED_SINGLE_PAIR_GRADUAL,IDEALIZED_GRADUAL_MAPPING,16,6,63,0,2,9,203264,800,512,409600,96.06,0.1700000000000017,96.26796685714287,0.026291046139074615,96.24167581100379,0.20796685714286411,0.20796685714286411,True,LEAVE_ONE_FAMILY_OUT,TiOx,TiOx_02_Ni,10.1038/s41598-019-44607-3,TiOx,5,5,4,False
TiOx_02_Ni,10.1038/s41598-019-44607-3,TiOx,1.10723,0.0442378443254261,0,0,GRADUAL_MULTILEVEL,NOT_REPORTED,absolute,IDEALIZED_SINGLE_PAIR_GRADUAL,IDEALIZED_GRADUAL_MAPPING,32,7,127,0,2,9,203264,208,512,106496,96.05,0.1800000000000068,96.23226237301587,0.016648359174118183,96.21561401384176,0.1822623730158739,0.1822623730158739,True,LEAVE_ONE_FAMILY_OUT,TiOx,TiOx_02_Ni,10.1038/s41598-019-44607-3,TiOx,5,5,4,False
TiOx_02_Ni,10.1038/s41598-019-44607-3,TiOx,1.10723,0.0442378443254261,0,0,GRADUAL_MULTILEVEL,NOT_REPORTED,absolute,IDEALIZED_SINGLE_PAIR_GRADUAL,IDEALIZED_GRADUAL_MAPPING,16,7,127,0,2,8,203264,800,256,204800,96.03,0.2000000000000028,96.19486872438674,0.01745495179291218,96.17741377259382,0.16486872438673572,0.16486872438673572,True,LEAVE_ONE_FAMILY_OUT,TiOx,TiOx_02_Ni,10.1038/s41598-019-44607-3,TiOx,5,5,4,False
TiOx_02_Ni,10.1038/s41598-019-44607-3,TiOx,1.10723,0.0442378443254261,0,0,GRADUAL_MULTILEVEL,NOT_REPORTED,absolute,IDEALIZED_SINGLE_PAIR_GRADUAL,IDEALIZED_GRADUAL_MAPPING,32,4,15,0,2,9,203264,208,512,106496,96.03,0.2000000000000028,96.0704514047619,0.016836276523023722,96.05361512823887,0.040451404761896015,0.040451404761896015,True,LEAVE_ONE_FAMILY_OUT,TiOx,TiOx_02_Ni,10.1038/s41598-019-44607-3,TiOx,5,5,4,False
TiOx_02_Ni,10.1038/s41598-019-44607-3,TiOx,1.10723,0.0442378443254261,0,0,GRADUAL_MULTILEVEL,NOT_REPORTED,absolute,IDEALIZED_SINGLE_PAIR_GRADUAL,IDEALIZED_GRADUAL_MAPPING,16,4,15,0,2,9,203264,800,512,409600,96.0,0.2300000000000039,96.07822047619048,0.011575237282866545,96.06664523890761,0.07822047619048078,0.07822047619048078,True,LEAVE_ONE_FAMILY_OUT,TiOx,TiOx_02_Ni,10.1038/s41598-019-44607-3,TiOx,5,5,4,False
TiOx_02_Ni,10.1038/s41598-019-44607-3,TiOx,1.10723,0.0442378443254261,0,0,GRADUAL_MULTILEVEL,NOT_REPORTED,absolute,IDEALIZED_SINGLE_PAIR_GRADUAL,IDEALIZED_GRADUAL_MAPPING,64,4,15,0,2,10,203264,56,1024,57344,96.0,0.2300000000000039,96.06119944444444,0.019242437415173532,96.04195700702927,0.06119944444444059,0.06119944444444059,True,LEAVE_ONE_FAMILY_OUT,TiOx,TiOx_02_Ni,10.1038/s41598-019-44607-3,TiOx,5,5,4,False
TiOx_02_Ni,10.1038/s41598-019-44607-3,TiOx,1.10723,0.0442378443254261,0,0,GRADUAL_MULTILEVEL,NOT_REPORTED,absolute,IDEALIZED_SINGLE_PAIR_GRADUAL,IDEALIZED_GRADUAL_MAPPING,16,6,63,0,2,8,203264,800,256,204800,95.97,0.2600000000000051,96.25306442857143,0.03586981001372597,96.21719461855771,0.28306442857143566,0.28306442857143566,True,LEAVE_ONE_FAMILY_OUT,TiOx,TiOx_02_Ni,10.1038/s41598-019-44607-3,TiOx,5,5,4,False
TiOx_02_Ni,10.1038/s41598-019-44607-3,TiOx,1.10723,0.0442378443254261,0,0,GRADUAL_MULTILEVEL,NOT_REPORTED,absolute,IDEALIZED_SINGLE_PAIR_GRADUAL,IDEALIZED_GRADUAL_MAPPING,16,5,31,0,2,8,203264,800,256,204800,95.97,0.2600000000000051,96.15144748412699,0.02811608360085156,96.12333140052614,0.1814474841269913,0.1814474841269913,True,LEAVE_ONE_FAMILY_OUT,TiOx,TiOx_02_Ni,10.1038/s41598-019-44607-3,TiOx,5,5,4,False
TiOx_02_Ni,10.1038/s41598-019-44607-3,TiOx,1.10723,0.0442378443254261,0,0,GRADUAL_MULTILEVEL,NOT_REPORTED,absolute,IDEALIZED_SINGLE_PAIR_GRADUAL,IDEALIZED_GRADUAL_MAPPING,128,4,15,0,2,10,203264,16,1024,16384,95.96,0.2700000000000102,96.04528918253968,0.029277272182474633,96.01601191035721,0.08528918253968243,0.08528918253968243,True,LEAVE_ONE_FAMILY_OUT,TiOx,TiOx_02_Ni,10.1038/s41598-019-44607-3,TiOx,5,5,4,False
TiOx_02_Ni,10.1038/s41598-019-44607-3,TiOx,1.10723,0.0442378443254261,0,0,GRADUAL_MULTILEVEL,NOT_REPORTED,absolute,IDEALIZED_SINGLE_PAIR_GRADUAL,IDEALIZED_GRADUAL_MAPPING,256,4,15,0,2,10,203264,10,1024,10240,95.95,0.2800000000000011,96.04106811904762,0.031188857218943045,96.00987926182869,0.09106811904761969,0.09106811904761969,True,LEAVE_ONE_FAMILY_OUT,TiOx,TiOx_02_Ni,10.1038/s41598-019-44607-3,TiOx,5,5,4,False
TiOx_02_Ni,10.1038/s41598-019-44607-3,TiOx,1.10723,0.0442378443254261,0,0,GRADUAL_MULTILEVEL,NOT_REPORTED,absolute,IDEALIZED_SINGLE_PAIR_GRADUAL,IDEALIZED_GRADUAL_MAPPING,64,7,127,0,2,9,203264,56,512,28672,95.95,0.2800000000000011,96.22705100072149,0.018322519678875427,96.20872848104261,0.27705100072148525,0.27705100072148525,True,LEAVE_ONE_FAMILY_OUT,TiOx,TiOx_02_Ni,10.1038/s41598-019-44607-3,TiOx,5,5,4,False
TiOx_02_Ni,10.1038/s41598-019-44607-3,TiOx,1.10723,0.0442378443254261,0,0,GRADUAL_MULTILEVEL,NOT_REPORTED,absolute,IDEALIZED_SINGLE_PAIR_GRADUAL,IDEALIZED_GRADUAL_MAPPING,64,5,31,0,2,9,203264,56,512,28672,95.89,0.3400000000000034,96.16034073809523,0.022222414970847836,96.13811832312439,0.2703407380952285,0.2703407380952285,True,LEAVE_ONE_FAMILY_OUT,TiOx,TiOx_02_Ni,10.1038/s41598-019-44607-3,TiOx,5,5,4,False
TiOx_02_Ni,10.1038/s41598-019-44607-3,TiOx,1.10723,0.0442378443254261,0,0,GRADUAL_MULTILEVEL,NOT_REPORTED,absolute,IDEALIZED_SINGLE_PAIR_GRADUAL,IDEALIZED_GRADUAL_MAPPING,64,4,15,0,2,9,203264,56,512,28672,95.89,0.3400000000000034,96.06884544444442,0.019214720684862453,96.04963072375956,0.17884544444441985,0.17884544444441985,True,LEAVE_ONE_FAMILY_OUT,TiOx,TiOx_02_Ni,10.1038/s41598-019-44607-3,TiOx,5,5,4,False
TiOx_02_Ni,10.1038/s41598-019-44607-3,TiOx,1.10723,0.0442378443254261,0,0,GRADUAL_MULTILEVEL,NOT_REPORTED,absolute,IDEALIZED_SINGLE_PAIR_GRADUAL,IDEALIZED_GRADUAL_MAPPING,16,4,15,0,2,8,203264,800,256,204800,95.88,0.3500000000000085,96.0751591111111,0.013916653558209712,96.0612424575529,0.19515911111110995,0.19515911111110995,True,LEAVE_ONE_FAMILY_OUT,TiOx,TiOx_02_Ni,10.1038/s41598-019-44607-3,TiOx,5,5,4,False
TiOx_02_Ni,10.1038/s41598-019-44607-3,TiOx,1.10723,0.0442378443254261,0,0,GRADUAL_MULTILEVEL,NOT_REPORTED,absolute,IDEALIZED_SINGLE_PAIR_GRADUAL,IDEALIZED_GRADUAL_MAPPING,32,5,31,0,2,9,203264,208,512,106496,95.88,0.3500000000000085,96.15811203968255,0.015549313953380375,96.14256272572916,0.27811203968255427,0.27811203968255427,True,LEAVE_ONE_FAMILY_OUT,TiOx,TiOx_02_Ni,10.1038/s41598-019-44607-3,TiOx,5,5,4,False
TiOx_02_Ni,10.1038/s41598-019-44607-3,TiOx,1.10723,0.0442378443254261,0,0,GRADUAL_MULTILEVEL,NOT_REPORTED,absolute,IDEALIZED_SINGLE_PAIR_GRADUAL,IDEALIZED_GRADUAL_MAPPING,64,8,255,0,2,9,203264,56,512,28672,95.85,0.3800000000000096,96.22045775468976,0.017623868886249245,96.20283388580351,0.3704577546897667,0.3704577546897667,True,LEAVE_ONE_FAMILY_OUT,TiOx,TiOx_02_Ni,10.1038/s41598-019-44607-3,TiOx,5,5,4,False
TiOx_02_Ni,10.1038/s41598-019-44607-3,TiOx,1.10723,0.0442378443254261,0,0,GRADUAL_MULTILEVEL,NOT_REPORTED,absolute,IDEALIZED_SINGLE_PAIR_GRADUAL,IDEALIZED_GRADUAL_MAPPING,16,8,255,0,2,8,203264,800,256,204800,95.85,0.3800000000000096,96.1855726053391,0.02316089172800768,96.16241171361109,0.3355726053391095,0.3355726053391095,True,LEAVE_ONE_FAMILY_OUT,TiOx,TiOx_02_Ni,10.1038/s41598-019-44607-3,TiOx,5,5,4,False
TiOx_02_Ni,10.1038/s41598-019-44607-3,TiOx,1.10723,0.0442378443254261,0,0,GRADUAL_MULTILEVEL,NOT_REPORTED,absolute,IDEALIZED_SINGLE_PAIR_GRADUAL,IDEALIZED_GRADUAL_MAPPING,64,6,63,0,2,9,203264,56,512,28672,95.83,0.4000000000000057,96.26051033333334,0.0188348845894597,96.24167544874388,0.4305103333333449,0.4305103333333449,True,LEAVE_ONE_FAMILY_OUT,TiOx,TiOx_02_Ni,10.1038/s41598-019-44607-3,TiOx,5,5,4,False
TiOx_02_Ni,10.1038/s41598-019-44607-3,TiOx,1.10723,0.0442378443254261,0,0,GRADUAL_MULTILEVEL,NOT_REPORTED,absolute,IDEALIZED_SINGLE_PAIR_GRADUAL,IDEALIZED_GRADUAL_MAPPING,256,6,63,0,2,9,203264,10,512,5120,95.73,0.5,96.23811778571428,0.030439846786129227,96.20767793892816,0.5081177857142762,0.5081177857142762,False,LEAVE_ONE_FAMILY_OUT,TiOx,TiOx_02_Ni,10.1038/s41598-019-44607-3,TiOx,5,5,4,False
TiOx_02_Ni,10.1038/s41598-019-44607-3,TiOx,1.10723,0.0442378443254261,0,0,GRADUAL_MULTILEVEL,NOT_REPORTED,absolute,IDEALIZED_SINGLE_PAIR_GRADUAL,IDEALIZED_GRADUAL_MAPPING,128,8,255,0,2,9,203264,16,512,8192,95.73,0.5,96.21247080952381,0.013988997125011834,96.1984818123988,0.4824708095238037,0.4824708095238037,False,LEAVE_ONE_FAMILY_OUT,TiOx,TiOx_02_Ni,10.1038/s41598-019-44607-3,TiOx,5,5,4,False
TiOx_02_Ni,10.1038/s41598-019-44607-3,TiOx,1.10723,0.0442378443254261,0,0,GRADUAL_MULTILEVEL,NOT_REPORTED,absolute,IDEALIZED_SINGLE_PAIR_GRADUAL,IDEALIZED_GRADUAL_MAPPING,128,7,127,0,2,9,203264,16,512,8192,95.69,0.5400000000000063,96.22429556349206,0.01670261358843705,96.20759294990363,0.5342955634920656,0.5342955634920656,False,LEAVE_ONE_FAMILY_OUT,TiOx,TiOx_02_Ni,10.1038/s41598-019-44607-3,TiOx,5,5,4,False
TiOx_02_Ni,10.1038/s41598-019-44607-3,TiOx,1.10723,0.0442378443254261,0,0,GRADUAL_MULTILEVEL,NOT_REPORTED,absolute,IDEALIZED_SINGLE_PAIR_GRADUAL,IDEALIZED_GRADUAL_MAPPING,128,6,63,0,2,9,203264,16,512,8192,95.67,0.5600000000000023,96.25076833910535,0.021191758783485604,96.22957658032186,0.5807683391053473,0.5807683391053473,False,LEAVE_ONE_FAMILY_OUT,TiOx,TiOx_02_Ni,10.1038/s41598-019-44607-3,TiOx,5,5,4,False
TiOx_02_Ni,10.1038/s41598-019-44607-3,TiOx,1.10723,0.0442378443254261,0,0,GRADUAL_MULTILEVEL,NOT_REPORTED,absolute,IDEALIZED_SINGLE_PAIR_GRADUAL,IDEALIZED_GRADUAL_MAPPING,128,5,31,0,2,9,203264,16,512,8192,95.66,0.5700000000000074,96.1571688015873,0.031886744596677945,96.12528205699063,0.49716880158730703,0.49716880158730703,False,LEAVE_ONE_FAMILY_OUT,TiOx,TiOx_02_Ni,10.1038/s41598-019-44607-3,TiOx,5,5,4,False
TiOx_02_Ni,10.1038/s41598-019-44607-3,TiOx,1.10723,0.0442378443254261,0,0,GRADUAL_MULTILEVEL,NOT_REPORTED,absolute,IDEALIZED_SINGLE_PAIR_GRADUAL,IDEALIZED_GRADUAL_MAPPING,256,8,255,0,2,9,203264,10,512,5120,95.65,0.5799999999999983,96.20261069841271,0.024904679680650035,96.17770601873207,0.5526106984127068,0.5526106984127068,False,LEAVE_ONE_FAMILY_OUT,TiOx,TiOx_02_Ni,10.1038/s41598-019-44607-3,TiOx,5,5,4,False
TiOx_02_Ni,10.1038/s41598-019-44607-3,TiOx,1.10723,0.0442378443254261,0,0,GRADUAL_MULTILEVEL,NOT_REPORTED,absolute,IDEALIZED_SINGLE_PAIR_GRADUAL,IDEALIZED_GRADUAL_MAPPING,256,5,31,0,2,9,203264,10,512,5120,95.63,0.6000000000000085,96.1370790079365,0.043768910618913075,96.0933100973176,0.5070790079365111,0.5070790079365111,False,LEAVE_ONE_FAMILY_OUT,TiOx,TiOx_02_Ni,10.1038/s41598-019-44607-3,TiOx,5,5,4,False
TiOx_02_Ni,10.1038/s41598-019-44607-3,TiOx,1.10723,0.0442378443254261,0,0,GRADUAL_MULTILEVEL,NOT_REPORTED,absolute,IDEALIZED_SINGLE_PAIR_GRADUAL,IDEALIZED_GRADUAL_MAPPING,32,5,31,0,2,8,203264,208,256,53248,95.6,0.6300000000000097,96.17319273881674,0.0291690164376423,96.14402372237909,0.5731927388167435,0.5731927388167435,False,LEAVE_ONE_FAMILY_OUT,TiOx,TiOx_02_Ni,10.1038/s41598-019-44607-3,TiOx,5,5,4,False
TiOx_02_Ni,10.1038/s41598-019-44607-3,TiOx,1.10723,0.0442378443254261,0,0,GRADUAL_MULTILEVEL,NOT_REPORTED,absolute,IDEALIZED_SINGLE_PAIR_GRADUAL,IDEALIZED_GRADUAL_MAPPING,32,7,127,0,2,8,203264,208,256,53248,95.56,0.6700000000000017,96.19867098629149,0.025543603559746657,96.17312738273175,0.638670986291487,0.638670986291487,False,LEAVE_ONE_FAMILY_OUT,TiOx,TiOx_02_Ni,10.1038/s41598-019-44607-3,TiOx,5,5,4,False
TiOx_02_Ni,10.1038/s41598-019-44607-3,TiOx,1.10723,0.0442378443254261,0,0,GRADUAL_MULTILEVEL,NOT_REPORTED,absolute,IDEALIZED_SINGLE_PAIR_GRADUAL,IDEALIZED_GRADUAL_MAPPING,256,7,127,0,2,9,203264,10,512,5120,95.55,0.6800000000000068,96.21757037301589,0.025373543444086235,96.1921968295718,0.6675703730158915,0.6675703730158915,False,LEAVE_ONE_FAMILY_OUT,TiOx,TiOx_02_Ni,10.1038/s41598-019-44607-3,TiOx,5,5,4,False
TiOx_02_Ni,10.1038/s41598-019-44607-3,TiOx,1.10723,0.0442378443254261,0,0,GRADUAL_MULTILEVEL,NOT_REPORTED,absolute,IDEALIZED_SINGLE_PAIR_GRADUAL,IDEALIZED_GRADUAL_MAPPING,32,8,255,0,2,8,203264,208,256,53248,95.54,0.6899999999999977,96.18687948629147,0.030117854779757744,96.15676163151171,0.6468794862914677,0.6468794862914677,False,LEAVE_ONE_FAMILY_OUT,TiOx,TiOx_02_Ni,10.1038/s41598-019-44607-3,TiOx,5,5,4,False
TiOx_02_Ni,10.1038/s41598-019-44607-3,TiOx,1.10723,0.0442378443254261,0,0,GRADUAL_MULTILEVEL,NOT_REPORTED,absolute,IDEALIZED_SINGLE_PAIR_GRADUAL,IDEALIZED_GRADUAL_MAPPING,32,6,63,0,2,8,203264,208,256,53248,95.48,0.75,96.24273631746031,0.02806618566091944,96.2146701317994,0.762736317460309,0.762736317460309,False,LEAVE_ONE_FAMILY_OUT,TiOx,TiOx_02_Ni,10.1038/s41598-019-44607-3,TiOx,5,5,4,False
TiOx_02_Ni,10.1038/s41598-019-44607-3,TiOx,1.10723,0.0442378443254261,0,0,GRADUAL_MULTILEVEL,NOT_REPORTED,absolute,IDEALIZED_SINGLE_PAIR_GRADUAL,IDEALIZED_GRADUAL_MAPPING,128,4,15,0,2,9,203264,16,512,8192,95.47,0.7600000000000051,96.07012125396824,0.02729671622195549,96.04282453774628,0.6001212539682399,0.6001212539682399,False,LEAVE_ONE_FAMILY_OUT,TiOx,TiOx_02_Ni,10.1038/s41598-019-44607-3,TiOx,5,5,4,False
TiOx_02_Ni,10.1038/s41598-019-44607-3,TiOx,1.10723,0.0442378443254261,0,0,GRADUAL_MULTILEVEL,NOT_REPORTED,absolute,IDEALIZED_SINGLE_PAIR_GRADUAL,IDEALIZED_GRADUAL_MAPPING,256,4,15,0,2,9,203264,10,512,5120,95.36,0.8700000000000045,96.06643255555555,0.03295815843400157,96.03347439712155,0.7064325555555513,0.7064325555555513,False,LEAVE_ONE_FAMILY_OUT,TiOx,TiOx_02_Ni,10.1038/s41598-019-44607-3,TiOx,5,5,4,False
TiOx_02_Ni,10.1038/s41598-019-44607-3,TiOx,1.10723,0.0442378443254261,0,0,GRADUAL_MULTILEVEL,NOT_REPORTED,absolute,IDEALIZED_SINGLE_PAIR_GRADUAL,IDEALIZED_GRADUAL_MAPPING,32,4,15,0,2,8,203264,208,256,53248,95.28,0.9500000000000028,96.07099484920633,0.014567924506541314,96.05642692469979,0.7909948492063279,0.7909948492063279,False,LEAVE_ONE_FAMILY_OUT,TiOx,TiOx_02_Ni,10.1038/s41598-019-44607-3,TiOx,5,5,4,False
TiOx_02_Ni,10.1038/s41598-019-44607-3,TiOx,1.10723,0.0442378443254261,0,0,GRADUAL_MULTILEVEL,NOT_REPORTED,absolute,IDEALIZED_SINGLE_PAIR_GRADUAL,IDEALIZED_GRADUAL_MAPPING,64,8,255,0,2,8,203264,56,256,14336,94.99,1.240000000000009,96.17895026984127,0.024983161307167857,96.1539671085341,1.1889502698412713,1.1889502698412713,False,LEAVE_ONE_FAMILY_OUT,TiOx,TiOx_02_Ni,10.1038/s41598-019-44607-3,TiOx,5,5,4,False
TiOx_02_Ni,10.1038/s41598-019-44607-3,TiOx,1.10723,0.0442378443254261,0,0,GRADUAL_MULTILEVEL,NOT_REPORTED,absolute,IDEALIZED_SINGLE_PAIR_GRADUAL,IDEALIZED_GRADUAL_MAPPING,16,7,127,0,2,7,203264,800,128,102400,94.89,1.3400000000000034,96.18965597835498,0.036146348421453166,96.15350962993352,1.299655978354977,1.299655978354977,False,LEAVE_ONE_FAMILY_OUT,TiOx,TiOx_02_Ni,10.1038/s41598-019-44607-3,TiOx,5,5,4,False
TiOx_02_Ni,10.1038/s41598-019-44607-3,TiOx,1.10723,0.0442378443254261,0,0,GRADUAL_MULTILEVEL,NOT_REPORTED,absolute,IDEALIZED_SINGLE_PAIR_GRADUAL,IDEALIZED_GRADUAL_MAPPING,64,7,127,0,2,8,203264,56,256,14336,94.86,1.3700000000000043,96.1926613888889,0.027528972242516866,96.16513241664637,1.3326613888888943,1.3326613888888943,False,LEAVE_ONE_FAMILY_OUT,TiOx,TiOx_02_Ni,10.1038/s41598-019-44607-3,TiOx,5,5,4,False
TiOx_02_Ni,10.1038/s41598-019-44607-3,TiOx,1.10723,0.0442378443254261,0,0,GRADUAL_MULTILEVEL,NOT_REPORTED,absolute,IDEALIZED_SINGLE_PAIR_GRADUAL,IDEALIZED_GRADUAL_MAPPING,64,6,63,0,2,8,203264,56,256,14336,94.85,1.3800000000000097,96.2404447063492,0.03056854324171266,96.20987616310748,1.3904447063492,1.3904447063492,False,LEAVE_ONE_FAMILY_OUT,TiOx,TiOx_02_Ni,10.1038/s41598-019-44607-3,TiOx,5,5,4,False
TiOx_02_Ni,10.1038/s41598-019-44607-3,TiOx,1.10723,0.0442378443254261,0,0,GRADUAL_MULTILEVEL,NOT_REPORTED,absolute,IDEALIZED_SINGLE_PAIR_GRADUAL,IDEALIZED_GRADUAL_MAPPING,64,4,15,0,2,8,203264,56,256,14336,94.79,1.4399999999999975,96.06491001587301,0.02131520288626072,96.04359481298675,1.2749100158730045,1.2749100158730045,False,LEAVE_ONE_FAMILY_OUT,TiOx,TiOx_02_Ni,10.1038/s41598-019-44607-3,TiOx,5,5,4,False
TiOx_02_Ni,10.1038/s41598-019-44607-3,TiOx,1.10723,0.0442378443254261,0,0,GRADUAL_MULTILEVEL,NOT_REPORTED,absolute,IDEALIZED_SINGLE_PAIR_GRADUAL,IDEALIZED_GRADUAL_MAPPING,16,6,63,0,2,7,203264,800,128,102400,94.79,1.4399999999999975,96.19913188095236,0.03190924694300357,96.16722263400936,1.4091318809523585,1.4091318809523585,False,LEAVE_ONE_FAMILY_OUT,TiOx,TiOx_02_Ni,10.1038/s41598-019-44607-3,TiOx,5,5,4,False
TiOx_02_Ni,10.1038/s41598-019-44607-3,TiOx,1.10723,0.0442378443254261,0,0,GRADUAL_MULTILEVEL,NOT_REPORTED,absolute,IDEALIZED_SINGLE_PAIR_GRADUAL,IDEALIZED_GRADUAL_MAPPING,16,8,255,0,2,7,203264,800,128,102400,94.78,1.4500000000000028,96.17720721645021,0.04340856946337757,96.13379864698683,1.3972072164502123,1.3972072164502123,False,LEAVE_ONE_FAMILY_OUT,TiOx,TiOx_02_Ni,10.1038/s41598-019-44607-3,TiOx,5,5,4,False
TiOx_02_Ni,10.1038/s41598-019-44607-3,TiOx,1.10723,0.0442378443254261,0,0,GRADUAL_MULTILEVEL,NOT_REPORTED,absolute,IDEALIZED_SINGLE_PAIR_GRADUAL,IDEALIZED_GRADUAL_MAPPING,16,4,15,0,2,7,203264,800,128,102400,94.72,1.5100000000000051,95.99897142063492,0.10318273809547417,95.89578868253945,1.2789714206349174,1.2789714206349174,False,LEAVE_ONE_FAMILY_OUT,TiOx,TiOx_02_Ni,10.1038/s41598-019-44607-3,TiOx,5,5,4,False
TiOx_02_Ni,10.1038/s41598-019-44607-3,TiOx,1.10723,0.0442378443254261,0,0,GRADUAL_MULTILEVEL,NOT_REPORTED,absolute,IDEALIZED_SINGLE_PAIR_GRADUAL,IDEALIZED_GRADUAL_MAPPING,64,5,31,0,2,8,203264,56,256,14336,94.63,1.6000000000000083,96.1811502936508,0.031692121387586494,96.14945817226321,1.5511502936508066,1.5511502936508066,False,LEAVE_ONE_FAMILY_OUT,TiOx,TiOx_02_Ni,10.1038/s41598-019-44607-3,TiOx,5,5,4,False
TiOx_02_Ni,10.1038/s41598-019-44607-3,TiOx,1.10723,0.0442378443254261,0,0,GRADUAL_MULTILEVEL,NOT_REPORTED,absolute,IDEALIZED_SINGLE_PAIR_GRADUAL,IDEALIZED_GRADUAL_MAPPING,16,5,31,0,2,7,203264,800,128,102400,94.53,1.7000000000000028,96.0865468174603,0.08692804090209726,95.99961877655821,1.5565468174603012,1.5565468174603012,False,LEAVE_ONE_FAMILY_OUT,TiOx,TiOx_02_Ni,10.1038/s41598-019-44607-3,TiOx,5,5,4,False
TiOx_02_Ni,10.1038/s41598-019-44607-3,TiOx,1.10723,0.0442378443254261,0,0,GRADUAL_MULTILEVEL,NOT_REPORTED,absolute,IDEALIZED_SINGLE_PAIR_GRADUAL,IDEALIZED_GRADUAL_MAPPING,32,4,15,0,2,7,203264,208,128,26624,93.9,2.3299999999999983,96.01229673015872,0.11108016964983955,95.90121656050889,2.112296730158718,2.112296730158718,False,LEAVE_ONE_FAMILY_OUT,TiOx,TiOx_02_Ni,10.1038/s41598-019-44607-3,TiOx,5,5,4,False
TiOx_02_Ni,10.1038/s41598-019-44607-3,TiOx,1.10723,0.0442378443254261,0,0,GRADUAL_MULTILEVEL,NOT_REPORTED,absolute,IDEALIZED_SINGLE_PAIR_GRADUAL,IDEALIZED_GRADUAL_MAPPING,32,8,255,0,2,7,203264,208,128,26624,93.89,2.3400000000000034,96.17710204978354,0.04556733944254914,96.13153471034099,2.2871020497835417,2.2871020497835417,False,LEAVE_ONE_FAMILY_OUT,TiOx,TiOx_02_Ni,10.1038/s41598-019-44607-3,TiOx,5,5,4,False
TiOx_02_Ni,10.1038/s41598-019-44607-3,TiOx,1.10723,0.0442378443254261,0,0,GRADUAL_MULTILEVEL,NOT_REPORTED,absolute,IDEALIZED_SINGLE_PAIR_GRADUAL,IDEALIZED_GRADUAL_MAPPING,32,7,127,0,2,7,203264,208,128,26624,93.76,2.469999999999999,96.19436983549784,0.037521853602120986,96.15684798189572,2.434369835497833,2.434369835497833,False,LEAVE_ONE_FAMILY_OUT,TiOx,TiOx_02_Ni,10.1038/s41598-019-44607-3,TiOx,5,5,4,False
TiOx_02_Ni,10.1038/s41598-019-44607-3,TiOx,1.10723,0.0442378443254261,0,0,GRADUAL_MULTILEVEL,NOT_REPORTED,absolute,IDEALIZED_SINGLE_PAIR_GRADUAL,IDEALIZED_GRADUAL_MAPPING,32,6,63,0,2,7,203264,208,128,26624,93.57,2.660000000000011,96.20579692857142,0.031063515586422008,96.17473341298499,2.6357969285714233,2.6357969285714233,False,LEAVE_ONE_FAMILY_OUT,TiOx,TiOx_02_Ni,10.1038/s41598-019-44607-3,TiOx,5,5,4,False
TiOx_02_Ni,10.1038/s41598-019-44607-3,TiOx,1.10723,0.0442378443254261,0,0,GRADUAL_MULTILEVEL,NOT_REPORTED,absolute,IDEALIZED_SINGLE_PAIR_GRADUAL,IDEALIZED_GRADUAL_MAPPING,32,5,31,0,2,7,203264,208,128,26624,93.56,2.6700000000000017,96.10078807142857,0.09498169721595627,96.00580637421261,2.5407880714285653,2.5407880714285653,False,LEAVE_ONE_FAMILY_OUT,TiOx,TiOx_02_Ni,10.1038/s41598-019-44607-3,TiOx,5,5,4,False
TiOx_02_Ni,10.1038/s41598-019-44607-3,TiOx,1.10723,0.0442378443254261,0,0,GRADUAL_MULTILEVEL,NOT_REPORTED,absolute,IDEALIZED_SINGLE_PAIR_GRADUAL,IDEALIZED_GRADUAL_MAPPING,128,6,63,0,2,8,203264,16,256,4096,93.22,3.010000000000005,96.24672416233766,0.03141187403003624,96.21531228830762,3.0267241623376577,3.0267241623376577,False,LEAVE_ONE_FAMILY_OUT,TiOx,TiOx_02_Ni,10.1038/s41598-019-44607-3,TiOx,5,5,4,False
TiOx_02_Ni,10.1038/s41598-019-44607-3,TiOx,1.10723,0.0442378443254261,0,0,GRADUAL_MULTILEVEL,NOT_REPORTED,absolute,IDEALIZED_SINGLE_PAIR_GRADUAL,IDEALIZED_GRADUAL_MAPPING,128,4,15,0,2,8,203264,16,256,4096,93.11,3.1200000000000045,96.07750893650794,0.031687506183744364,96.0458214303242,2.96750893650794,2.96750893650794,False,LEAVE_ONE_FAMILY_OUT,TiOx,TiOx_02_Ni,10.1038/s41598-019-44607-3,TiOx,5,5,4,False
TiOx_02_Ni,10.1038/s41598-019-44607-3,TiOx,1.10723,0.0442378443254261,0,0,GRADUAL_MULTILEVEL,NOT_REPORTED,absolute,IDEALIZED_SINGLE_PAIR_GRADUAL,IDEALIZED_GRADUAL_MAPPING,128,7,127,0,2,8,203264,16,256,4096,92.9,3.3299999999999983,96.21924429148629,0.024042213622137255,96.19520207786415,3.319244291486285,3.319244291486285,False,LEAVE_ONE_FAMILY_OUT,TiOx,TiOx_02_Ni,10.1038/s41598-019-44607-3,TiOx,5,5,4,False
TiOx_02_Ni,10.1038/s41598-019-44607-3,TiOx,1.10723,0.0442378443254261,0,0,GRADUAL_MULTILEVEL,NOT_REPORTED,absolute,IDEALIZED_SINGLE_PAIR_GRADUAL,IDEALIZED_GRADUAL_MAPPING,128,8,255,0,2,8,203264,16,256,4096,92.87,3.3599999999999994,96.20183896608947,0.030241805804658944,96.1715971602848,3.331838966089464,3.331838966089464,False,LEAVE_ONE_FAMILY_OUT,TiOx,TiOx_02_Ni,10.1038/s41598-019-44607-3,TiOx,5,5,4,False
TiOx_02_Ni,10.1038/s41598-019-44607-3,TiOx,1.10723,0.0442378443254261,0,0,GRADUAL_MULTILEVEL,NOT_REPORTED,absolute,IDEALIZED_SINGLE_PAIR_GRADUAL,IDEALIZED_GRADUAL_MAPPING,256,6,63,0,2,8,203264,10,256,2560,92.8,3.430000000000007,96.23446033116885,0.03507015251638594,96.19939017865246,3.43446033116885,3.43446033116885,False,LEAVE_ONE_FAMILY_OUT,TiOx,TiOx_02_Ni,10.1038/s41598-019-44607-3,TiOx,5,5,4,False
TiOx_02_Ni,10.1038/s41598-019-44607-3,TiOx,1.10723,0.0442378443254261,0,0,GRADUAL_MULTILEVEL,NOT_REPORTED,absolute,IDEALIZED_SINGLE_PAIR_GRADUAL,IDEALIZED_GRADUAL_MAPPING,256,8,255,0,2,8,203264,10,256,2560,92.69,3.5400000000000063,96.19384056926407,0.03198269234338709,96.16185787692068,3.503840569264071,3.503840569264071,False,LEAVE_ONE_FAMILY_OUT,TiOx,TiOx_02_Ni,10.1038/s41598-019-44607-3,TiOx,5,5,4,False
TiOx_02_Ni,10.1038/s41598-019-44607-3,TiOx,1.10723,0.0442378443254261,0,0,GRADUAL_MULTILEVEL,NOT_REPORTED,absolute,IDEALIZED_SINGLE_PAIR_GRADUAL,IDEALIZED_GRADUAL_MAPPING,256,4,15,0,2,8,203264,10,256,2560,92.69,3.5400000000000063,96.06914401587301,0.039447189180762315,96.02969682669224,3.3791440158730097,3.3791440158730097,False,LEAVE_ONE_FAMILY_OUT,TiOx,TiOx_02_Ni,10.1038/s41598-019-44607-3,TiOx,5,5,4,False
TiOx_02_Ni,10.1038/s41598-019-44607-3,TiOx,1.10723,0.0442378443254261,0,0,GRADUAL_MULTILEVEL,NOT_REPORTED,absolute,IDEALIZED_SINGLE_PAIR_GRADUAL,IDEALIZED_GRADUAL_MAPPING,128,5,31,0,2,8,203264,16,256,4096,92.67,3.5600000000000023,96.15513430952383,0.04264575325061295,96.11248855627322,3.485134309523829,3.485134309523829,False,LEAVE_ONE_FAMILY_OUT,TiOx,TiOx_02_Ni,10.1038/s41598-019-44607-3,TiOx,5,5,4,False
TiOx_02_Ni,10.1038/s41598-019-44607-3,TiOx,1.10723,0.0442378443254261,0,0,GRADUAL_MULTILEVEL,NOT_REPORTED,absolute,IDEALIZED_SINGLE_PAIR_GRADUAL,IDEALIZED_GRADUAL_MAPPING,16,6,63,0,2,6,203264,800,64,51200,92.63,3.6000000000000085,96.03542593650793,0.11808603739243663,95.9173398991155,3.405425936507939,3.405425936507939,False,LEAVE_ONE_FAMILY_OUT,TiOx,TiOx_02_Ni,10.1038/s41598-019-44607-3,TiOx,5,5,4,False
TiOx_02_Ni,10.1038/s41598-019-44607-3,TiOx,1.10723,0.0442378443254261,0,0,GRADUAL_MULTILEVEL,NOT_REPORTED,absolute,IDEALIZED_SINGLE_PAIR_GRADUAL,IDEALIZED_GRADUAL_MAPPING,256,7,127,0,2,8,203264,10,256,2560,92.62,3.61,96.21484381529581,0.027247638296248686,96.18759617699956,3.5948438152958033,3.5948438152958033,False,LEAVE_ONE_FAMILY_OUT,TiOx,TiOx_02_Ni,10.1038/s41598-019-44607-3,TiOx,5,5,4,False
TiOx_02_Ni,10.1038/s41598-019-44607-3,TiOx,1.10723,0.0442378443254261,0,0,GRADUAL_MULTILEVEL,NOT_REPORTED,absolute,IDEALIZED_SINGLE_PAIR_GRADUAL,IDEALIZED_GRADUAL_MAPPING,16,7,127,0,2,6,203264,800,64,51200,92.54,3.6899999999999977,96.06570538888889,0.08704164026502383,95.97866374862386,3.5257053888888805,3.5257053888888805,False,LEAVE_ONE_FAMILY_OUT,TiOx,TiOx_02_Ni,10.1038/s41598-019-44607-3,TiOx,5,5,4,False
TiOx_02_Ni,10.1038/s41598-019-44607-3,TiOx,1.10723,0.0442378443254261,0,0,GRADUAL_MULTILEVEL,NOT_REPORTED,absolute,IDEALIZED_SINGLE_PAIR_GRADUAL,IDEALIZED_GRADUAL_MAPPING,16,8,255,0,2,6,203264,800,64,51200,92.52,3.710000000000008,96.06464638888889,0.08900730463827307,95.97563908425062,3.544646388888893,3.544646388888893,False,LEAVE_ONE_FAMILY_OUT,TiOx,TiOx_02_Ni,10.1038/s41598-019-44607-3,TiOx,5,5,4,False
TiOx_02_Ni,10.1038/s41598-019-44607-3,TiOx,1.10723,0.0442378443254261,0,0,GRADUAL_MULTILEVEL,NOT_REPORTED,absolute,IDEALIZED_SINGLE_PAIR_GRADUAL,IDEALIZED_GRADUAL_MAPPING,16,5,31,0,2,6,203264,800,64,51200,92.36,3.870000000000005,95.97499784126984,0.1342196952626234,95.84077814600721,3.6149978412698403,3.6149978412698403,False,LEAVE_ONE_FAMILY_OUT,TiOx,TiOx_02_Ni,10.1038/s41598-019-44607-3,TiOx,5,5,4,False
TiOx_02_Ni,10.1038/s41598-019-44607-3,TiOx,1.10723,0.0442378443254261,0,0,GRADUAL_MULTILEVEL,NOT_REPORTED,absolute,IDEALIZED_SINGLE_PAIR_GRADUAL,IDEALIZED_GRADUAL_MAPPING,16,3,7,0,2,10,203264,800,1024,819200,92.17,4.060000000000002,92.22151011111113,0.010968297073250696,92.21054181403788,0.0515101111111278,0.0515101111111278,False,LEAVE_ONE_FAMILY_OUT,TiOx,TiOx_02_Ni,10.1038/s41598-019-44607-3,TiOx,5,5,4,False
TiOx_02_Ni,10.1038/s41598-019-44607-3,TiOx,1.10723,0.0442378443254261,0,0,GRADUAL_MULTILEVEL,NOT_REPORTED,absolute,IDEALIZED_SINGLE_PAIR_GRADUAL,IDEALIZED_GRADUAL_MAPPING,256,5,31,0,2,8,203264,10,256,2560,92.15,4.079999999999998,96.12334339682539,0.05106593568306513,96.07227746114232,3.973343396825385,3.973343396825385,False,LEAVE_ONE_FAMILY_OUT,TiOx,TiOx_02_Ni,10.1038/s41598-019-44607-3,TiOx,5,5,4,False
TiOx_02_Ni,10.1038/s41598-019-44607-3,TiOx,1.10723,0.0442378443254261,0,0,GRADUAL_MULTILEVEL,NOT_REPORTED,absolute,IDEALIZED_SINGLE_PAIR_GRADUAL,IDEALIZED_GRADUAL_MAPPING,32,3,7,0,2,10,203264,208,1024,212992,92.09,4.140000000000001,92.22381706349206,0.010759900688981758,92.21305716280308,0.13381706349206013,0.13381706349206013,False,LEAVE_ONE_FAMILY_OUT,TiOx,TiOx_02_Ni,10.1038/s41598-019-44607-3,TiOx,5,5,4,False
TiOx_02_Ni,10.1038/s41598-019-44607-3,TiOx,1.10723,0.0442378443254261,0,0,GRADUAL_MULTILEVEL,NOT_REPORTED,absolute,IDEALIZED_SINGLE_PAIR_GRADUAL,IDEALIZED_GRADUAL_MAPPING,64,3,7,0,2,10,203264,56,1024,57344,92.02,4.210000000000008,92.22411592063493,0.017956204764055378,92.20615971587087,0.20411592063493345,0.20411592063493345,False,LEAVE_ONE_FAMILY_OUT,TiOx,TiOx_02_Ni,10.1038/s41598-019-44607-3,TiOx,5,5,4,False
TiOx_02_Ni,10.1038/s41598-019-44607-3,TiOx,1.10723,0.0442378443254261,0,0,GRADUAL_MULTILEVEL,NOT_REPORTED,absolute,IDEALIZED_SINGLE_PAIR_GRADUAL,IDEALIZED_GRADUAL_MAPPING,16,3,7,0,2,9,203264,800,512,409600,92.0,4.230000000000004,92.21021095238095,0.03129816267666909,92.17891278970428,0.21021095238094745,0.21021095238094745,False,LEAVE_ONE_FAMILY_OUT,TiOx,TiOx_02_Ni,10.1038/s41598-019-44607-3,TiOx,5,5,4,False
TiOx_02_Ni,10.1038/s41598-019-44607-3,TiOx,1.10723,0.0442378443254261,0,0,GRADUAL_MULTILEVEL,NOT_REPORTED,absolute,IDEALIZED_SINGLE_PAIR_GRADUAL,IDEALIZED_GRADUAL_MAPPING,256,3,7,0,2,10,203264,10,1024,10240,91.98,4.25,92.20473828571428,0.06449278277254478,92.14024550294174,0.224738285714281,0.224738285714281,False,LEAVE_ONE_FAMILY_OUT,TiOx,TiOx_02_Ni,10.1038/s41598-019-44607-3,TiOx,5,5,4,False
TiOx_02_Ni,10.1038/s41598-019-44607-3,TiOx,1.10723,0.0442378443254261,0,0,GRADUAL_MULTILEVEL,NOT_REPORTED,absolute,IDEALIZED_SINGLE_PAIR_GRADUAL,IDEALIZED_GRADUAL_MAPPING,128,3,7,0,2,10,203264,16,1024,16384,91.93,4.299999999999997,92.19783188095238,0.055266389837210224,92.14256549111516,0.26783188095237165,0.26783188095237165,False,LEAVE_ONE_FAMILY_OUT,TiOx,TiOx_02_Ni,10.1038/s41598-019-44607-3,TiOx,5,5,4,False
TiOx_02_Ni,10.1038/s41598-019-44607-3,TiOx,1.10723,0.0442378443254261,0,0,GRADUAL_MULTILEVEL,NOT_REPORTED,absolute,IDEALIZED_SINGLE_PAIR_GRADUAL,IDEALIZED_GRADUAL_MAPPING,16,4,15,0,2,6,203264,800,64,51200,91.86,4.3700000000000045,95.95820488888889,0.1432490726436854,95.8149558162452,4.098204888888887,4.098204888888887,False,LEAVE_ONE_FAMILY_OUT,TiOx,TiOx_02_Ni,10.1038/s41598-019-44607-3,TiOx,5,5,4,False
TiOx_02_Ni,10.1038/s41598-019-44607-3,TiOx,1.10723,0.0442378443254261,0,0,GRADUAL_MULTILEVEL,NOT_REPORTED,absolute,IDEALIZED_SINGLE_PAIR_GRADUAL,IDEALIZED_GRADUAL_MAPPING,64,6,63,0,2,7,203264,56,128,7168,91.61,4.6200000000000045,96.18792854761905,0.06593894251320115,96.12198960510585,4.577928547619052,4.577928547619052,False,LEAVE_ONE_FAMILY_OUT,TiOx,TiOx_02_Ni,10.1038/s41598-019-44607-3,TiOx,5,5,4,False
TiOx_02_Ni,10.1038/s41598-019-44607-3,TiOx,1.10723,0.0442378443254261,0,0,GRADUAL_MULTILEVEL,NOT_REPORTED,absolute,IDEALIZED_SINGLE_PAIR_GRADUAL,IDEALIZED_GRADUAL_MAPPING,64,8,255,0,2,7,203264,56,128,7168,91.55,4.680000000000007,96.15842241269841,0.07532466720865728,96.08309774548975,4.608422412698417,4.608422412698417,False,LEAVE_ONE_FAMILY_OUT,TiOx,TiOx_02_Ni,10.1038/s41598-019-44607-3,TiOx,5,5,4,False
TiOx_02_Ni,10.1038/s41598-019-44607-3,TiOx,1.10723,0.0442378443254261,0,0,GRADUAL_MULTILEVEL,NOT_REPORTED,absolute,IDEALIZED_SINGLE_PAIR_GRADUAL,IDEALIZED_GRADUAL_MAPPING,32,3,7,0,2,9,203264,208,512,106496,91.54,4.689999999999998,92.2126744047619,0.033353392886846356,92.17932101187505,0.6726744047618922,0.6726744047618922,False,LEAVE_ONE_FAMILY_OUT,TiOx,TiOx_02_Ni,10.1038/s41598-019-44607-3,TiOx,5,5,4,False
TiOx_02_Ni,10.1038/s41598-019-44607-3,TiOx,1.10723,0.0442378443254261,0,0,GRADUAL_MULTILEVEL,NOT_REPORTED,absolute,IDEALIZED_SINGLE_PAIR_GRADUAL,IDEALIZED_GRADUAL_MAPPING,64,7,127,0,2,7,203264,56,128,7168,91.37,4.859999999999999,96.17078085714284,0.07376043357844948,96.0970204235644,4.80078085714284,4.80078085714284,False,LEAVE_ONE_FAMILY_OUT,TiOx,TiOx_02_Ni,10.1038/s41598-019-44607-3,TiOx,5,5,4,False
TiOx_02_Ni,10.1038/s41598-019-44607-3,TiOx,1.10723,0.0442378443254261,0,0,GRADUAL_MULTILEVEL,NOT_REPORTED,absolute,IDEALIZED_SINGLE_PAIR_GRADUAL,IDEALIZED_GRADUAL_MAPPING,16,3,7,0,2,8,203264,800,256,204800,91.35,4.88000000000001,92.05775783333333,0.06907701055829117,91.98868082277504,0.7077578333333321,0.7077578333333321,False,LEAVE_ONE_FAMILY_OUT,TiOx,TiOx_02_Ni,10.1038/s41598-019-44607-3,TiOx,5,5,4,False
TiOx_02_Ni,10.1038/s41598-019-44607-3,TiOx,1.10723,0.0442378443254261,0,0,GRADUAL_MULTILEVEL,NOT_REPORTED,absolute,IDEALIZED_SINGLE_PAIR_GRADUAL,IDEALIZED_GRADUAL_MAPPING,32,3,7,0,2,8,203264,208,256,53248,91.25,4.980000000000004,92.05399483333333,0.0713070861053898,91.98268774722794,0.8039948333333342,0.8039948333333342,False,LEAVE_ONE_FAMILY_OUT,TiOx,TiOx_02_Ni,10.1038/s41598-019-44607-3,TiOx,5,5,4,False
TiOx_02_Ni,10.1038/s41598-019-44607-3,TiOx,1.10723,0.0442378443254261,0,0,GRADUAL_MULTILEVEL,NOT_REPORTED,absolute,IDEALIZED_SINGLE_PAIR_GRADUAL,IDEALIZED_GRADUAL_MAPPING,64,3,7,0,2,9,203264,56,512,28672,91.16,5.070000000000007,92.21027719047619,0.04224248694603983,92.16803470353015,1.0502771904761943,1.0502771904761943,False,LEAVE_ONE_FAMILY_OUT,TiOx,TiOx_02_Ni,10.1038/s41598-019-44607-3,TiOx,5,5,4,False
TiOx_02_Ni,10.1038/s41598-019-44607-3,TiOx,1.10723,0.0442378443254261,0,0,GRADUAL_MULTILEVEL,NOT_REPORTED,absolute,IDEALIZED_SINGLE_PAIR_GRADUAL,IDEALIZED_GRADUAL_MAPPING,128,3,7,0,2,9,203264,16,512,8192,91.11,5.1200000000000045,92.17447397619048,0.05948597832457264,92.11498799786591,1.0644739761904844,1.0644739761904844,False,LEAVE_ONE_FAMILY_OUT,TiOx,TiOx_02_Ni,10.1038/s41598-019-44607-3,TiOx,5,5,4,False
TiOx_02_Ni,10.1038/s41598-019-44607-3,TiOx,1.10723,0.0442378443254261,0,0,GRADUAL_MULTILEVEL,NOT_REPORTED,absolute,IDEALIZED_SINGLE_PAIR_GRADUAL,IDEALIZED_GRADUAL_MAPPING,256,3,7,0,2,9,203264,10,512,5120,91.06,5.170000000000002,92.1814174047619,0.06985152421717296,92.11156588054473,1.1214174047618997,1.1214174047618997,False,LEAVE_ONE_FAMILY_OUT,TiOx,TiOx_02_Ni,10.1038/s41598-019-44607-3,TiOx,5,5,4,False
TiOx_02_Ni,10.1038/s41598-019-44607-3,TiOx,1.10723,0.0442378443254261,0,0,GRADUAL_MULTILEVEL,NOT_REPORTED,absolute,IDEALIZED_SINGLE_PAIR_GRADUAL,IDEALIZED_GRADUAL_MAPPING,64,4,15,0,2,7,203264,56,128,7168,91.03,5.200000000000003,95.9235860079365,0.12401454537415106,95.79957146256235,4.893586007936506,4.893586007936506,False,LEAVE_ONE_FAMILY_OUT,TiOx,TiOx_02_Ni,10.1038/s41598-019-44607-3,TiOx,5,5,4,False
TiOx_02_Ni,10.1038/s41598-019-44607-3,TiOx,1.10723,0.0442378443254261,0,0,GRADUAL_MULTILEVEL,NOT_REPORTED,absolute,IDEALIZED_SINGLE_PAIR_GRADUAL,IDEALIZED_GRADUAL_MAPPING,64,5,31,0,2,7,203264,56,128,7168,90.94,5.290000000000006,96.0784954920635,0.11023933728128367,95.96825615478221,5.138495492063498,5.138495492063498,False,LEAVE_ONE_FAMILY_OUT,TiOx,TiOx_02_Ni,10.1038/s41598-019-44607-3,TiOx,5,5,4,False
TiOx_02_Ni,10.1038/s41598-019-44607-3,TiOx,1.10723,0.0442378443254261,0,0,GRADUAL_MULTILEVEL,NOT_REPORTED,absolute,IDEALIZED_SINGLE_PAIR_GRADUAL,IDEALIZED_GRADUAL_MAPPING,64,3,7,0,2,8,203264,56,256,14336,90.53,5.700000000000003,92.03451828571428,0.0784108382635699,91.95610744745072,1.5045182857142834,1.5045182857142834,False,LEAVE_ONE_FAMILY_OUT,TiOx,TiOx_02_Ni,10.1038/s41598-019-44607-3,TiOx,5,5,4,False
TiOx_02_Ni,10.1038/s41598-019-44607-3,TiOx,1.10723,0.0442378443254261,0,0,GRADUAL_MULTILEVEL,NOT_REPORTED,absolute,IDEALIZED_SINGLE_PAIR_GRADUAL,IDEALIZED_GRADUAL_MAPPING,32,4,15,0,2,6,203264,208,64,13312,90.0,6.230000000000004,95.74792702380952,0.08700928375413072,95.6609177400554,5.747927023809524,5.747927023809524,False,LEAVE_ONE_FAMILY_OUT,TiOx,TiOx_02_Ni,10.1038/s41598-019-44607-3,TiOx,5,5,4,False
TiOx_02_Ni,10.1038/s41598-019-44607-3,TiOx,1.10723,0.0442378443254261,0,0,GRADUAL_MULTILEVEL,NOT_REPORTED,absolute,IDEALIZED_SINGLE_PAIR_GRADUAL,IDEALIZED_GRADUAL_MAPPING,32,6,63,0,2,6,203264,208,64,13312,89.54,6.689999999999998,95.8046726111111,0.10851427112898203,95.69615833998212,6.264672611111095,6.264672611111095,False,LEAVE_ONE_FAMILY_OUT,TiOx,TiOx_02_Ni,10.1038/s41598-019-44607-3,TiOx,5,5,4,False
TiOx_02_Ni,10.1038/s41598-019-44607-3,TiOx,1.10723,0.0442378443254261,0,0,GRADUAL_MULTILEVEL,NOT_REPORTED,absolute,IDEALIZED_SINGLE_PAIR_GRADUAL,IDEALIZED_GRADUAL_MAPPING,32,8,255,0,2,6,203264,208,64,13312,89.4,6.829999999999998,95.83701373015873,0.11036528625574468,95.72664844390299,6.437013730158725,6.437013730158725,False,LEAVE_ONE_FAMILY_OUT,TiOx,TiOx_02_Ni,10.1038/s41598-019-44607-3,TiOx,5,5,4,False
TiOx_02_Ni,10.1038/s41598-019-44607-3,TiOx,1.10723,0.0442378443254261,0,0,GRADUAL_MULTILEVEL,NOT_REPORTED,absolute,IDEALIZED_SINGLE_PAIR_GRADUAL,IDEALIZED_GRADUAL_MAPPING,16,3,7,0,2,7,203264,800,128,102400,89.31,6.920000000000002,91.77613574603174,0.235746225332772,91.54038952069897,2.466135746031739,2.466135746031739,False,LEAVE_ONE_FAMILY_OUT,TiOx,TiOx_02_Ni,10.1038/s41598-019-44607-3,TiOx,5,5,4,False
TiOx_02_Ni,10.1038/s41598-019-44607-3,TiOx,1.10723,0.0442378443254261,0,0,GRADUAL_MULTILEVEL,NOT_REPORTED,absolute,IDEALIZED_SINGLE_PAIR_GRADUAL,IDEALIZED_GRADUAL_MAPPING,32,7,127,0,2,6,203264,208,64,13312,89.22,7.010000000000005,95.83861273015873,0.11049433058086805,95.72811839957787,6.6186127301587305,6.6186127301587305,False,LEAVE_ONE_FAMILY_OUT,TiOx,TiOx_02_Ni,10.1038/s41598-019-44607-3,TiOx,5,5,4,False
TiOx_02_Ni,10.1038/s41598-019-44607-3,TiOx,1.10723,0.0442378443254261,0,0,GRADUAL_MULTILEVEL,NOT_REPORTED,absolute,IDEALIZED_SINGLE_PAIR_GRADUAL,IDEALIZED_GRADUAL_MAPPING,128,3,7,0,2,8,203264,16,256,4096,88.96,7.27000000000001,91.98309049999999,0.09506870898032961,91.88802179101965,3.023090499999995,3.023090499999995,False,LEAVE_ONE_FAMILY_OUT,TiOx,TiOx_02_Ni,10.1038/s41598-019-44607-3,TiOx,5,5,4,False
TiOx_02_Ni,10.1038/s41598-019-44607-3,TiOx,1.10723,0.0442378443254261,0,0,GRADUAL_MULTILEVEL,NOT_REPORTED,absolute,IDEALIZED_SINGLE_PAIR_GRADUAL,IDEALIZED_GRADUAL_MAPPING,32,5,31,0,2,6,203264,208,64,13312,88.58,7.650000000000006,95.75949030952381,0.09700375482364962,95.66248655470017,7.179490309523814,7.179490309523814,False,LEAVE_ONE_FAMILY_OUT,TiOx,TiOx_02_Ni,10.1038/s41598-019-44607-3,TiOx,5,5,4,False
TiOx_02_Ni,10.1038/s41598-019-44607-3,TiOx,1.10723,0.0442378443254261,0,0,GRADUAL_MULTILEVEL,NOT_REPORTED,absolute,IDEALIZED_SINGLE_PAIR_GRADUAL,IDEALIZED_GRADUAL_MAPPING,256,3,7,0,2,8,203264,10,256,2560,87.94,8.290000000000006,91.98031007142856,0.09953093544566782,91.88077913598289,4.040310071428564,4.040310071428564,False,LEAVE_ONE_FAMILY_OUT,TiOx,TiOx_02_Ni,10.1038/s41598-019-44607-3,TiOx,5,5,4,False
TiOx_02_Ni,10.1038/s41598-019-44607-3,TiOx,1.10723,0.0442378443254261,0,0,GRADUAL_MULTILEVEL,NOT_REPORTED,absolute,IDEALIZED_SINGLE_PAIR_GRADUAL,IDEALIZED_GRADUAL_MAPPING,128,6,63,0,2,7,203264,16,128,2048,85.27,10.960000000000008,96.0179457936508,0.12496836316390827,95.8929774304869,10.7479457936508,10.7479457936508,False,LEAVE_ONE_FAMILY_OUT,TiOx,TiOx_02_Ni,10.1038/s41598-019-44607-3,TiOx,5,5,4,False
TiOx_02_Ni,10.1038/s41598-019-44607-3,TiOx,1.10723,0.0442378443254261,0,0,GRADUAL_MULTILEVEL,NOT_REPORTED,absolute,IDEALIZED_SINGLE_PAIR_GRADUAL,IDEALIZED_GRADUAL_MAPPING,128,8,255,0,2,7,203264,16,128,2048,85.0,11.230000000000004,95.95559422222222,0.14901115544796975,95.80658306677425,10.955594222222217,10.955594222222217,False,LEAVE_ONE_FAMILY_OUT,TiOx,TiOx_02_Ni,10.1038/s41598-019-44607-3,TiOx,5,5,4,False
TiOx_02_Ni,10.1038/s41598-019-44607-3,TiOx,1.10723,0.0442378443254261,0,0,GRADUAL_MULTILEVEL,NOT_REPORTED,absolute,IDEALIZED_SINGLE_PAIR_GRADUAL,IDEALIZED_GRADUAL_MAPPING,128,7,127,0,2,7,203264,16,128,2048,84.83,11.400000000000006,95.97300663492064,0.142249408236857,95.83075722668379,11.143006634920638,11.143006634920638,False,LEAVE_ONE_FAMILY_OUT,TiOx,TiOx_02_Ni,10.1038/s41598-019-44607-3,TiOx,5,5,4,False
TiOx_02_Ni,10.1038/s41598-019-44607-3,TiOx,1.10723,0.0442378443254261,0,0,GRADUAL_MULTILEVEL,NOT_REPORTED,absolute,IDEALIZED_SINGLE_PAIR_GRADUAL,IDEALIZED_GRADUAL_MAPPING,32,3,7,0,2,7,203264,208,128,26624,84.82,11.41000000000001,91.77082707936509,0.2323940744882939,91.5384330048768,6.950827079365098,6.950827079365098,False,LEAVE_ONE_FAMILY_OUT,TiOx,TiOx_02_Ni,10.1038/s41598-019-44607-3,TiOx,5,5,4,False
TiOx_02_Ni,10.1038/s41598-019-44607-3,TiOx,1.10723,0.0442378443254261,0,0,GRADUAL_MULTILEVEL,NOT_REPORTED,absolute,IDEALIZED_SINGLE_PAIR_GRADUAL,IDEALIZED_GRADUAL_MAPPING,16,3,7,0,2,6,203264,800,64,51200,84.44,11.790000000000006,90.46331528571429,1.1115598902148343,89.35175539549945,6.02331528571429,6.02331528571429,False,LEAVE_ONE_FAMILY_OUT,TiOx,TiOx_02_Ni,10.1038/s41598-019-44607-3,TiOx,5,5,4,False
TiOx_02_Ni,10.1038/s41598-019-44607-3,TiOx,1.10723,0.0442378443254261,0,0,GRADUAL_MULTILEVEL,NOT_REPORTED,absolute,IDEALIZED_SINGLE_PAIR_GRADUAL,IDEALIZED_GRADUAL_MAPPING,128,5,31,0,2,7,203264,16,128,2048,84.41,11.820000000000007,95.93927488888889,0.1400236374870245,95.79925125140187,11.529274888888892,11.529274888888892,False,LEAVE_ONE_FAMILY_OUT,TiOx,TiOx_02_Ni,10.1038/s41598-019-44607-3,TiOx,5,5,4,False
TiOx_02_Ni,10.1038/s41598-019-44607-3,TiOx,1.10723,0.0442378443254261,0,0,GRADUAL_MULTILEVEL,NOT_REPORTED,absolute,IDEALIZED_SINGLE_PAIR_GRADUAL,IDEALIZED_GRADUAL_MAPPING,128,4,15,0,2,7,203264,16,128,2048,84.08,12.150000000000006,95.84180754761906,0.12894733790485213,95.71286020971421,11.761807547619057,11.761807547619057,False,LEAVE_ONE_FAMILY_OUT,TiOx,TiOx_02_Ni,10.1038/s41598-019-44607-3,TiOx,5,5,4,False
TiOx_02_Ni,10.1038/s41598-019-44607-3,TiOx,1.10723,0.0442378443254261,0,0,GRADUAL_MULTILEVEL,NOT_REPORTED,absolute,IDEALIZED_SINGLE_PAIR_GRADUAL,IDEALIZED_GRADUAL_MAPPING,64,4,15,0,2,6,203264,56,64,3584,82.65,13.579999999999998,95.34383544444444,0.11251651341305025,95.23131893103138,12.693835444444431,12.693835444444431,False,LEAVE_ONE_FAMILY_OUT,TiOx,TiOx_02_Ni,10.1038/s41598-019-44607-3,TiOx,5,5,4,False
TiOx_02_Ni,10.1038/s41598-019-44607-3,TiOx,1.10723,0.0442378443254261,0,0,GRADUAL_MULTILEVEL,NOT_REPORTED,absolute,IDEALIZED_SINGLE_PAIR_GRADUAL,IDEALIZED_GRADUAL_MAPPING,64,6,63,0,2,6,203264,56,64,3584,81.45,14.78,95.38613066666666,0.11141814834570617,95.27471251832095,13.936130666666656,13.936130666666656,False,LEAVE_ONE_FAMILY_OUT,TiOx,TiOx_02_Ni,10.1038/s41598-019-44607-3,TiOx,5,5,4,False
TiOx_02_Ni,10.1038/s41598-019-44607-3,TiOx,1.10723,0.0442378443254261,0,0,GRADUAL_MULTILEVEL,NOT_REPORTED,absolute,IDEALIZED_SINGLE_PAIR_GRADUAL,IDEALIZED_GRADUAL_MAPPING,64,7,127,0,2,6,203264,56,64,3584,81.3,14.930000000000009,95.41775435714285,0.11725994030683726,95.30049441683602,14.117754357142857,14.117754357142857,False,LEAVE_ONE_FAMILY_OUT,TiOx,TiOx_02_Ni,10.1038/s41598-019-44607-3,TiOx,5,5,4,False
TiOx_02_Ni,10.1038/s41598-019-44607-3,TiOx,1.10723,0.0442378443254261,0,0,GRADUAL_MULTILEVEL,NOT_REPORTED,absolute,IDEALIZED_SINGLE_PAIR_GRADUAL,IDEALIZED_GRADUAL_MAPPING,64,8,255,0,2,6,203264,56,64,3584,81.27,14.960000000000008,95.41646435714286,0.1133065479737543,95.30315780916911,14.146464357142861,14.146464357142861,False,LEAVE_ONE_FAMILY_OUT,TiOx,TiOx_02_Ni,10.1038/s41598-019-44607-3,TiOx,5,5,4,False
TiOx_02_Ni,10.1038/s41598-019-44607-3,TiOx,1.10723,0.0442378443254261,0,0,GRADUAL_MULTILEVEL,NOT_REPORTED,absolute,IDEALIZED_SINGLE_PAIR_GRADUAL,IDEALIZED_GRADUAL_MAPPING,64,5,31,0,2,6,203264,56,64,3584,81.17,15.060000000000002,95.34526344444444,0.11648055095113932,95.2287828934933,14.17526344444444,14.17526344444444,False,LEAVE_ONE_FAMILY_OUT,TiOx,TiOx_02_Ni,10.1038/s41598-019-44607-3,TiOx,5,5,4,False
TiOx_02_Ni,10.1038/s41598-019-44607-3,TiOx,1.10723,0.0442378443254261,0,0,GRADUAL_MULTILEVEL,NOT_REPORTED,absolute,IDEALIZED_SINGLE_PAIR_GRADUAL,IDEALIZED_GRADUAL_MAPPING,64,3,7,0,2,7,203264,56,128,7168,80.3,15.930000000000009,91.66136593650793,0.2306147859573058,91.43075115055063,11.361365936507937,11.361365936507937,False,LEAVE_ONE_FAMILY_OUT,TiOx,TiOx_02_Ni,10.1038/s41598-019-44607-3,TiOx,5,5,4,False
TiOx_02_Ni,10.1038/s41598-019-44607-3,TiOx,1.10723,0.0442378443254261,0,0,GRADUAL_MULTILEVEL,NOT_REPORTED,absolute,IDEALIZED_SINGLE_PAIR_GRADUAL,IDEALIZED_GRADUAL_MAPPING,256,4,15,0,2,7,203264,10,128,1280,75.99,20.24000000000001,95.84065734126983,0.12833355396117327,95.71232378730866,19.850657341269837,19.850657341269837,False,LEAVE_ONE_FAMILY_OUT,TiOx,TiOx_02_Ni,10.1038/s41598-019-44607-3,TiOx,5,5,4,False
TiOx_02_Ni,10.1038/s41598-019-44607-3,TiOx,1.10723,0.0442378443254261,0,0,GRADUAL_MULTILEVEL,NOT_REPORTED,absolute,IDEALIZED_SINGLE_PAIR_GRADUAL,IDEALIZED_GRADUAL_MAPPING,256,6,63,0,2,7,203264,10,128,1280,75.86,20.370000000000005,96.01902272222223,0.11077406079561941,95.90824866142661,20.159022722222232,20.159022722222232,False,LEAVE_ONE_FAMILY_OUT,TiOx,TiOx_02_Ni,10.1038/s41598-019-44607-3,TiOx,5,5,4,False
TiOx_02_Ni,10.1038/s41598-019-44607-3,TiOx,1.10723,0.0442378443254261,0,0,GRADUAL_MULTILEVEL,NOT_REPORTED,absolute,IDEALIZED_SINGLE_PAIR_GRADUAL,IDEALIZED_GRADUAL_MAPPING,256,5,31,0,2,7,203264,10,128,1280,75.63,20.60000000000001,95.92163103968254,0.12268494027613028,95.79894609940641,20.291631039682542,20.291631039682542,False,LEAVE_ONE_FAMILY_OUT,TiOx,TiOx_02_Ni,10.1038/s41598-019-44607-3,TiOx,5,5,4,False
TiOx_02_Ni,10.1038/s41598-019-44607-3,TiOx,1.10723,0.0442378443254261,0,0,GRADUAL_MULTILEVEL,NOT_REPORTED,absolute,IDEALIZED_SINGLE_PAIR_GRADUAL,IDEALIZED_GRADUAL_MAPPING,256,8,255,0,2,7,203264,10,128,1280,75.47,20.760000000000005,95.95691909523809,0.13605867203446395,95.82086042320363,20.486919095238093,20.486919095238093,False,LEAVE_ONE_FAMILY_OUT,TiOx,TiOx_02_Ni,10.1038/s41598-019-44607-3,TiOx,5,5,4,False
TiOx_02_Ni,10.1038/s41598-019-44607-3,TiOx,1.10723,0.0442378443254261,0,0,GRADUAL_MULTILEVEL,NOT_REPORTED,absolute,IDEALIZED_SINGLE_PAIR_GRADUAL,IDEALIZED_GRADUAL_MAPPING,256,7,127,0,2,7,203264,10,128,1280,75.43,20.8,95.97433107936507,0.128137073972422,95.84619400539265,20.544331079365065,20.544331079365065,False,LEAVE_ONE_FAMILY_OUT,TiOx,TiOx_02_Ni,10.1038/s41598-019-44607-3,TiOx,5,5,4,False
TiOx_02_Ni,10.1038/s41598-019-44607-3,TiOx,1.10723,0.0442378443254261,0,0,GRADUAL_MULTILEVEL,NOT_REPORTED,absolute,IDEALIZED_SINGLE_PAIR_GRADUAL,IDEALIZED_GRADUAL_MAPPING,32,3,7,0,2,6,203264,208,64,13312,72.96,23.27000000000001,90.42864545238095,1.117944594355031,89.31070085802591,17.468645452380954,17.468645452380954,False,LEAVE_ONE_FAMILY_OUT,TiOx,TiOx_02_Ni,10.1038/s41598-019-44607-3,TiOx,5,5,4,False
TiOx_02_Ni,10.1038/s41598-019-44607-3,TiOx,1.10723,0.0442378443254261,0,0,GRADUAL_MULTILEVEL,NOT_REPORTED,absolute,IDEALIZED_SINGLE_PAIR_GRADUAL,IDEALIZED_GRADUAL_MAPPING,128,3,7,0,2,7,203264,16,128,2048,68.32,27.91000000000001,91.60424650793651,0.20246520315309685,91.40178130478341,23.284246507936516,23.284246507936516,False,LEAVE_ONE_FAMILY_OUT,TiOx,TiOx_02_Ni,10.1038/s41598-019-44607-3,TiOx,5,5,4,False
TiOx_02_Ni,10.1038/s41598-019-44607-3,TiOx,1.10723,0.0442378443254261,0,0,GRADUAL_MULTILEVEL,NOT_REPORTED,absolute,IDEALIZED_SINGLE_PAIR_GRADUAL,IDEALIZED_GRADUAL_MAPPING,16,3,7,0,2,5,203264,800,32,25600,66.31,29.92,84.12205039682539,4.636544622033683,79.4855057747917,17.812050396825384,17.812050396825384,False,LEAVE_ONE_FAMILY_OUT,TiOx,TiOx_02_Ni,10.1038/s41598-019-44607-3,TiOx,5,5,4,False
TiOx_02_Ni,10.1038/s41598-019-44607-3,TiOx,1.10723,0.0442378443254261,0,0,GRADUAL_MULTILEVEL,NOT_REPORTED,absolute,IDEALIZED_SINGLE_PAIR_GRADUAL,IDEALIZED_GRADUAL_MAPPING,128,4,15,0,2,6,203264,16,64,1024,64.3,31.930000000000007,94.38928523809524,0.15932220471521977,94.22996303338002,30.089285238095243,30.089285238095243,False,LEAVE_ONE_FAMILY_OUT,TiOx,TiOx_02_Ni,10.1038/s41598-019-44607-3,TiOx,5,5,4,False
TiOx_02_Ni,10.1038/s41598-019-44607-3,TiOx,1.10723,0.0442378443254261,0,0,GRADUAL_MULTILEVEL,NOT_REPORTED,absolute,IDEALIZED_SINGLE_PAIR_GRADUAL,IDEALIZED_GRADUAL_MAPPING,256,3,7,0,2,7,203264,10,128,1280,63.8,32.43000000000001,91.6007604126984,0.1976331066833299,91.40312730601508,27.80076041269841,27.80076041269841,False,LEAVE_ONE_FAMILY_OUT,TiOx,TiOx_02_Ni,10.1038/s41598-019-44607-3,TiOx,5,5,4,False
TiOx_02_Ni,10.1038/s41598-019-44607-3,TiOx,1.10723,0.0442378443254261,0,0,GRADUAL_MULTILEVEL,NOT_REPORTED,absolute,IDEALIZED_SINGLE_PAIR_GRADUAL,IDEALIZED_GRADUAL_MAPPING,128,7,127,0,2,6,203264,16,64,1024,63.6,32.63,94.46124281746032,0.1638644405181113,94.2973783769422,30.861242817460315,30.861242817460315,False,LEAVE_ONE_FAMILY_OUT,TiOx,TiOx_02_Ni,10.1038/s41598-019-44607-3,TiOx,5,5,4,False
TiOx_02_Ni,10.1038/s41598-019-44607-3,TiOx,1.10723,0.0442378443254261,0,0,GRADUAL_MULTILEVEL,NOT_REPORTED,absolute,IDEALIZED_SINGLE_PAIR_GRADUAL,IDEALIZED_GRADUAL_MAPPING,128,5,31,0,2,6,203264,16,64,1024,63.58,32.650000000000006,94.38843357142856,0.16440558173814104,94.22402798969043,30.808433571428566,30.808433571428566,False,LEAVE_ONE_FAMILY_OUT,TiOx,TiOx_02_Ni,10.1038/s41598-019-44607-3,TiOx,5,5,4,False
TiOx_02_Ni,10.1038/s41598-019-44607-3,TiOx,1.10723,0.0442378443254261,0,0,GRADUAL_MULTILEVEL,NOT_REPORTED,absolute,IDEALIZED_SINGLE_PAIR_GRADUAL,IDEALIZED_GRADUAL_MAPPING,128,8,255,0,2,6,203264,16,64,1024,63.55,32.68000000000001,94.46037915079366,0.16167911406208213,94.29870003673157,30.91037915079366,30.91037915079366,False,LEAVE_ONE_FAMILY_OUT,TiOx,TiOx_02_Ni,10.1038/s41598-019-44607-3,TiOx,5,5,4,False
TiOx_02_Ni,10.1038/s41598-019-44607-3,TiOx,1.10723,0.0442378443254261,0,0,GRADUAL_MULTILEVEL,NOT_REPORTED,absolute,IDEALIZED_SINGLE_PAIR_GRADUAL,IDEALIZED_GRADUAL_MAPPING,128,6,63,0,2,6,203264,16,64,1024,63.41,32.82000000000001,94.42643231746032,0.1674280642585366,94.2590042532018,31.01643231746033,31.01643231746033,False,LEAVE_ONE_FAMILY_OUT,TiOx,TiOx_02_Ni,10.1038/s41598-019-44607-3,TiOx,5,5,4,False
TiOx_02_Ni,10.1038/s41598-019-44607-3,TiOx,1.10723,0.0442378443254261,0,0,GRADUAL_MULTILEVEL,NOT_REPORTED,absolute,IDEALIZED_SINGLE_PAIR_GRADUAL,IDEALIZED_GRADUAL_MAPPING,64,3,7,0,2,6,203264,56,64,3584,63.11,33.120000000000005,89.95237885714286,1.1838339798230613,88.7685448773198,26.84237885714286,26.84237885714286,False,LEAVE_ONE_FAMILY_OUT,TiOx,TiOx_02_Ni,10.1038/s41598-019-44607-3,TiOx,5,5,4,False
TiOx_02_Ni,10.1038/s41598-019-44607-3,TiOx,1.10723,0.0442378443254261,0,0,GRADUAL_MULTILEVEL,NOT_REPORTED,absolute,IDEALIZED_SINGLE_PAIR_GRADUAL,IDEALIZED_GRADUAL_MAPPING,16,4,15,0,2,5,203264,800,32,25600,63.04,33.190000000000005,95.00076342857143,0.22656930732867636,94.77419412124276,31.960763428571433,31.960763428571433,False,LEAVE_ONE_FAMILY_OUT,TiOx,TiOx_02_Ni,10.1038/s41598-019-44607-3,TiOx,5,5,4,False
TiOx_02_Ni,10.1038/s41598-019-44607-3,TiOx,1.10723,0.0442378443254261,0,0,GRADUAL_MULTILEVEL,NOT_REPORTED,absolute,IDEALIZED_SINGLE_PAIR_GRADUAL,IDEALIZED_GRADUAL_MAPPING,16,5,31,0,2,5,203264,800,32,25600,59.05,37.18000000000001,95.0001840952381,0.2318804206702985,94.7683036745678,35.9501840952381,35.9501840952381,False,LEAVE_ONE_FAMILY_OUT,TiOx,TiOx_02_Ni,10.1038/s41598-019-44607-3,TiOx,5,5,4,False
TiOx_02_Ni,10.1038/s41598-019-44607-3,TiOx,1.10723,0.0442378443254261,0,0,GRADUAL_MULTILEVEL,NOT_REPORTED,absolute,IDEALIZED_SINGLE_PAIR_GRADUAL,IDEALIZED_GRADUAL_MAPPING,256,8,255,0,2,6,203264,10,64,640,58.76,37.470000000000006,93.93819887301588,0.16842840266429535,93.76977047035159,35.17819887301588,35.17819887301588,False,LEAVE_ONE_FAMILY_OUT,TiOx,TiOx_02_Ni,10.1038/s41598-019-44607-3,TiOx,5,5,4,False
TiOx_02_Ni,10.1038/s41598-019-44607-3,TiOx,1.10723,0.0442378443254261,0,0,GRADUAL_MULTILEVEL,NOT_REPORTED,absolute,IDEALIZED_SINGLE_PAIR_GRADUAL,IDEALIZED_GRADUAL_MAPPING,256,7,127,0,2,6,203264,10,64,640,58.34,37.89,93.93906253968254,0.1731569598376638,93.76590557984487,35.599062539682535,35.599062539682535,False,LEAVE_ONE_FAMILY_OUT,TiOx,TiOx_02_Ni,10.1038/s41598-019-44607-3,TiOx,5,5,4,False
TiOx_02_Ni,10.1038/s41598-019-44607-3,TiOx,1.10723,0.0442378443254261,0,0,GRADUAL_MULTILEVEL,NOT_REPORTED,absolute,IDEALIZED_SINGLE_PAIR_GRADUAL,IDEALIZED_GRADUAL_MAPPING,256,5,31,0,2,6,203264,10,64,640,58.13,38.1,93.88567852380953,0.1662705708751541,93.71940795293438,35.75567852380953,35.75567852380953,False,LEAVE_ONE_FAMILY_OUT,TiOx,TiOx_02_Ni,10.1038/s41598-019-44607-3,TiOx,5,5,4,False
TiOx_02_Ni,10.1038/s41598-019-44607-3,TiOx,1.10723,0.0442378443254261,0,0,GRADUAL_MULTILEVEL,NOT_REPORTED,absolute,IDEALIZED_SINGLE_PAIR_GRADUAL,IDEALIZED_GRADUAL_MAPPING,256,6,63,0,2,6,203264,10,64,640,57.91,38.32000000000001,93.91436480158731,0.16821850317583142,93.74614629841147,36.004364801587315,36.004364801587315,False,LEAVE_ONE_FAMILY_OUT,TiOx,TiOx_02_Ni,10.1038/s41598-019-44607-3,TiOx,5,5,4,False
TiOx_02_Ni,10.1038/s41598-019-44607-3,TiOx,1.10723,0.0442378443254261,0,0,GRADUAL_MULTILEVEL,NOT_REPORTED,absolute,IDEALIZED_SINGLE_PAIR_GRADUAL,IDEALIZED_GRADUAL_MAPPING,256,4,15,0,2,6,203264,10,64,640,56.97,39.260000000000005,93.8866851904762,0.1657052709596981,93.72097991951651,36.9166851904762,36.9166851904762,False,LEAVE_ONE_FAMILY_OUT,TiOx,TiOx_02_Ni,10.1038/s41598-019-44607-3,TiOx,5,5,4,False
TiOx_02_Ni,10.1038/s41598-019-44607-3,TiOx,1.10723,0.0442378443254261,0,0,GRADUAL_MULTILEVEL,NOT_REPORTED,absolute,IDEALIZED_SINGLE_PAIR_GRADUAL,IDEALIZED_GRADUAL_MAPPING,16,7,127,0,2,5,203264,800,32,25600,56.92,39.31,95.11146530952382,0.2579102794644342,94.85355503005938,38.19146530952382,38.19146530952382,False,LEAVE_ONE_FAMILY_OUT,TiOx,TiOx_02_Ni,10.1038/s41598-019-44607-3,TiOx,5,5,4,False
TiOx_02_Ni,10.1038/s41598-019-44607-3,TiOx,1.10723,0.0442378443254261,0,0,GRADUAL_MULTILEVEL,NOT_REPORTED,absolute,IDEALIZED_SINGLE_PAIR_GRADUAL,IDEALIZED_GRADUAL_MAPPING,16,8,255,0,2,5,203264,800,32,25600,56.46,39.77,95.1104869761905,0.26303931012769,94.8474476660628,38.6504869761905,38.6504869761905,False,LEAVE_ONE_FAMILY_OUT,TiOx,TiOx_02_Ni,10.1038/s41598-019-44607-3,TiOx,5,5,4,False
TiOx_02_Ni,10.1038/s41598-019-44607-3,TiOx,1.10723,0.0442378443254261,0,0,GRADUAL_MULTILEVEL,NOT_REPORTED,absolute,IDEALIZED_SINGLE_PAIR_GRADUAL,IDEALIZED_GRADUAL_MAPPING,16,6,63,0,2,5,203264,800,32,25600,55.55,40.68000000000001,95.07436000000001,0.2553651322111263,94.81899486778889,39.524360000000016,39.524360000000016,False,LEAVE_ONE_FAMILY_OUT,TiOx,TiOx_02_Ni,10.1038/s41598-019-44607-3,TiOx,5,5,4,False
TiOx_02_Ni,10.1038/s41598-019-44607-3,TiOx,1.10723,0.0442378443254261,0,0,GRADUAL_MULTILEVEL,NOT_REPORTED,absolute,IDEALIZED_SINGLE_PAIR_GRADUAL,IDEALIZED_GRADUAL_MAPPING,32,3,7,0,2,5,203264,208,32,6656,51.64,44.59,84.0898498968254,4.595718074681992,79.4941318221434,32.4498498968254,32.4498498968254,False,LEAVE_ONE_FAMILY_OUT,TiOx,TiOx_02_Ni,10.1038/s41598-019-44607-3,TiOx,5,5,4,False
TiOx_02_Ni,10.1038/s41598-019-44607-3,TiOx,1.10723,0.0442378443254261,0,0,GRADUAL_MULTILEVEL,NOT_REPORTED,absolute,IDEALIZED_SINGLE_PAIR_GRADUAL,IDEALIZED_GRADUAL_MAPPING,128,3,7,0,2,6,203264,16,64,1024,49.35,46.88,89.40013616666668,1.3108473932322868,88.08928877343439,40.05013616666668,40.05013616666668,False,LEAVE_ONE_FAMILY_OUT,TiOx,TiOx_02_Ni,10.1038/s41598-019-44607-3,TiOx,5,5,4,False
TiOx_02_Ni,10.1038/s41598-019-44607-3,TiOx,1.10723,0.0442378443254261,0,0,GRADUAL_MULTILEVEL,NOT_REPORTED,absolute,IDEALIZED_SINGLE_PAIR_GRADUAL,IDEALIZED_GRADUAL_MAPPING,32,4,15,0,2,5,203264,208,32,6656,48.08,48.150000000000006,94.20412014285714,0.29875215564541047,93.90536798721172,46.12412014285714,46.12412014285714,False,LEAVE_ONE_FAMILY_OUT,TiOx,TiOx_02_Ni,10.1038/s41598-019-44607-3,TiOx,5,5,4,False
TiOx_02_Ni,10.1038/s41598-019-44607-3,TiOx,1.10723,0.0442378443254261,0,0,GRADUAL_MULTILEVEL,NOT_REPORTED,absolute,IDEALIZED_SINGLE_PAIR_GRADUAL,IDEALIZED_GRADUAL_MAPPING,32,7,127,0,2,5,203264,208,32,6656,47.3,48.93000000000001,94.27192076190477,0.2867347003128436,93.98518606159192,46.97192076190477,46.97192076190477,False,LEAVE_ONE_FAMILY_OUT,TiOx,TiOx_02_Ni,10.1038/s41598-019-44607-3,TiOx,5,5,4,False
TiOx_02_Ni,10.1038/s41598-019-44607-3,TiOx,1.10723,0.0442378443254261,0,0,GRADUAL_MULTILEVEL,NOT_REPORTED,absolute,IDEALIZED_SINGLE_PAIR_GRADUAL,IDEALIZED_GRADUAL_MAPPING,32,8,255,0,2,5,203264,208,32,6656,46.63,49.6,94.26856642857143,0.2921829825239249,93.9763834460475,47.63856642857143,47.63856642857143,False,LEAVE_ONE_FAMILY_OUT,TiOx,TiOx_02_Ni,10.1038/s41598-019-44607-3,TiOx,5,5,4,False
TiOx_02_Ni,10.1038/s41598-019-44607-3,TiOx,1.10723,0.0442378443254261,0,0,GRADUAL_MULTILEVEL,NOT_REPORTED,absolute,IDEALIZED_SINGLE_PAIR_GRADUAL,IDEALIZED_GRADUAL_MAPPING,32,6,63,0,2,5,203264,208,32,6656,46.29,49.940000000000005,94.24447409523809,0.29403331463339244,93.9504407806047,47.95447409523809,47.95447409523809,False,LEAVE_ONE_FAMILY_OUT,TiOx,TiOx_02_Ni,10.1038/s41598-019-44607-3,TiOx,5,5,4,False
TiOx_02_Ni,10.1038/s41598-019-44607-3,TiOx,1.10723,0.0442378443254261,0,0,GRADUAL_MULTILEVEL,NOT_REPORTED,absolute,IDEALIZED_SINGLE_PAIR_GRADUAL,IDEALIZED_GRADUAL_MAPPING,32,5,31,0,2,5,203264,208,32,6656,45.99,50.24,94.20588014285714,0.29557585042508944,93.91030429243204,48.21588014285714,48.21588014285714,False,LEAVE_ONE_FAMILY_OUT,TiOx,TiOx_02_Ni,10.1038/s41598-019-44607-3,TiOx,5,5,4,False
TiOx_02_Ni,10.1038/s41598-019-44607-3,TiOx,1.10723,0.0442378443254261,0,0,GRADUAL_MULTILEVEL,NOT_REPORTED,absolute,IDEALIZED_SINGLE_PAIR_GRADUAL,IDEALIZED_GRADUAL_MAPPING,256,3,7,0,2,6,203264,10,64,640,44.66,51.57000000000001,89.35904940476192,1.2571572518795444,88.10189215288237,44.69904940476192,44.69904940476192,False,LEAVE_ONE_FAMILY_OUT,TiOx,TiOx_02_Ni,10.1038/s41598-019-44607-3,TiOx,5,5,4,False
TiOx_02_Ni,10.1038/s41598-019-44607-3,TiOx,1.10723,0.0442378443254261,0,0,GRADUAL_MULTILEVEL,NOT_REPORTED,absolute,IDEALIZED_SINGLE_PAIR_GRADUAL,IDEALIZED_GRADUAL_MAPPING,64,7,127,0,2,5,203264,56,32,1792,37.92,58.31,92.58990295238095,0.4401584550415855,92.14974449733937,54.66990295238095,54.66990295238095,False,LEAVE_ONE_FAMILY_OUT,TiOx,TiOx_02_Ni,10.1038/s41598-019-44607-3,TiOx,5,5,4,False
TiOx_02_Ni,10.1038/s41598-019-44607-3,TiOx,1.10723,0.0442378443254261,0,0,GRADUAL_MULTILEVEL,NOT_REPORTED,absolute,IDEALIZED_SINGLE_PAIR_GRADUAL,IDEALIZED_GRADUAL_MAPPING,64,8,255,0,2,5,203264,56,32,1792,37.65,58.580000000000005,92.58175395238095,0.4405498377590327,92.14120411462191,54.93175395238095,54.93175395238095,False,LEAVE_ONE_FAMILY_OUT,TiOx,TiOx_02_Ni,10.1038/s41598-019-44607-3,TiOx,5,5,4,False
TiOx_02_Ni,10.1038/s41598-019-44607-3,TiOx,1.10723,0.0442378443254261,0,0,GRADUAL_MULTILEVEL,NOT_REPORTED,absolute,IDEALIZED_SINGLE_PAIR_GRADUAL,IDEALIZED_GRADUAL_MAPPING,64,4,15,0,2,5,203264,56,32,1792,37.19,59.040000000000006,92.40834804761904,0.4646997117518996,91.94364833586714,55.218348047619045,55.218348047619045,False,LEAVE_ONE_FAMILY_OUT,TiOx,TiOx_02_Ni,10.1038/s41598-019-44607-3,TiOx,5,5,4,False
TiOx_02_Ni,10.1038/s41598-019-44607-3,TiOx,1.10723,0.0442378443254261,0,0,GRADUAL_MULTILEVEL,NOT_REPORTED,absolute,IDEALIZED_SINGLE_PAIR_GRADUAL,IDEALIZED_GRADUAL_MAPPING,64,6,63,0,2,5,203264,56,32,1792,36.96,59.27,92.53631485714286,0.4450312529810615,92.09128360416179,55.576314857142854,55.576314857142854,False,LEAVE_ONE_FAMILY_OUT,TiOx,TiOx_02_Ni,10.1038/s41598-019-44607-3,TiOx,5,5,4,False
TiOx_02_Ni,10.1038/s41598-019-44607-3,TiOx,1.10723,0.0442378443254261,0,0,GRADUAL_MULTILEVEL,NOT_REPORTED,absolute,IDEALIZED_SINGLE_PAIR_GRADUAL,IDEALIZED_GRADUAL_MAPPING,64,5,31,0,2,5,203264,56,32,1792,36.89,59.34,92.40979471428571,0.46696604522478924,91.94282866906092,55.51979471428571,55.51979471428571,False,LEAVE_ONE_FAMILY_OUT,TiOx,TiOx_02_Ni,10.1038/s41598-019-44607-3,TiOx,5,5,4,False
TiOx_02_Ni,10.1038/s41598-019-44607-3,TiOx,1.10723,0.0442378443254261,0,0,GRADUAL_MULTILEVEL,NOT_REPORTED,absolute,IDEALIZED_SINGLE_PAIR_GRADUAL,IDEALIZED_GRADUAL_MAPPING,64,3,7,0,2,5,203264,56,32,1792,36.8,59.43000000000001,82.65381432539684,4.688633747495362,77.96518057790148,45.85381432539684,45.85381432539684,False,LEAVE_ONE_FAMILY_OUT,TiOx,TiOx_02_Ni,10.1038/s41598-019-44607-3,TiOx,5,5,4,False
TiOx_02_Ni,10.1038/s41598-019-44607-3,TiOx,1.10723,0.0442378443254261,0,0,GRADUAL_MULTILEVEL,NOT_REPORTED,absolute,IDEALIZED_SINGLE_PAIR_GRADUAL,IDEALIZED_GRADUAL_MAPPING,256,7,127,0,2,5,203264,10,32,320,24.68,71.55000000000001,83.94527666666667,1.27077498574872,82.67450168091796,59.26527666666667,59.26527666666667,False,LEAVE_ONE_FAMILY_OUT,TiOx,TiOx_02_Ni,10.1038/s41598-019-44607-3,TiOx,5,5,4,False
TiOx_02_Ni,10.1038/s41598-019-44607-3,TiOx,1.10723,0.0442378443254261,0,0,GRADUAL_MULTILEVEL,NOT_REPORTED,absolute,IDEALIZED_SINGLE_PAIR_GRADUAL,IDEALIZED_GRADUAL_MAPPING,256,8,255,0,2,5,203264,10,32,320,24.56,71.67,83.93836333333334,1.2525472695096653,82.68581606382368,59.37836333333334,59.37836333333334,False,LEAVE_ONE_FAMILY_OUT,TiOx,TiOx_02_Ni,10.1038/s41598-019-44607-3,TiOx,5,5,4,False
TiOx_02_Ni,10.1038/s41598-019-44607-3,TiOx,1.10723,0.0442378443254261,0,0,GRADUAL_MULTILEVEL,NOT_REPORTED,absolute,IDEALIZED_SINGLE_PAIR_GRADUAL,IDEALIZED_GRADUAL_MAPPING,256,5,31,0,2,5,203264,10,32,320,24.4,71.83000000000001,83.91083056349207,1.225033206090559,82.68579735740151,59.51083056349207,59.51083056349207,False,LEAVE_ONE_FAMILY_OUT,TiOx,TiOx_02_Ni,10.1038/s41598-019-44607-3,TiOx,5,5,4,False
TiOx_02_Ni,10.1038/s41598-019-44607-3,TiOx,1.10723,0.0442378443254261,0,0,GRADUAL_MULTILEVEL,NOT_REPORTED,absolute,IDEALIZED_SINGLE_PAIR_GRADUAL,IDEALIZED_GRADUAL_MAPPING,256,6,63,0,2,5,203264,10,32,320,24.1,72.13,83.91610237301586,1.2415169215971915,82.67458545141866,59.81610237301586,59.81610237301586,False,LEAVE_ONE_FAMILY_OUT,TiOx,TiOx_02_Ni,10.1038/s41598-019-44607-3,TiOx,5,5,4,False
TiOx_02_Ni,10.1038/s41598-019-44607-3,TiOx,1.10723,0.0442378443254261,0,0,GRADUAL_MULTILEVEL,NOT_REPORTED,absolute,IDEALIZED_SINGLE_PAIR_GRADUAL,IDEALIZED_GRADUAL_MAPPING,256,4,15,0,2,5,203264,10,32,320,23.24,72.99000000000001,83.93034223015874,1.2403185141630848,82.69002371599566,60.69034223015875,60.69034223015875,False,LEAVE_ONE_FAMILY_OUT,TiOx,TiOx_02_Ni,10.1038/s41598-019-44607-3,TiOx,5,5,4,False
TiOx_02_Ni,10.1038/s41598-019-44607-3,TiOx,1.10723,0.0442378443254261,0,0,GRADUAL_MULTILEVEL,NOT_REPORTED,absolute,IDEALIZED_SINGLE_PAIR_GRADUAL,IDEALIZED_GRADUAL_MAPPING,128,4,15,0,2,5,203264,16,32,512,22.86,73.37,88.98859332539682,0.9028865851200661,88.08570674027675,66.12859332539682,66.12859332539682,False,LEAVE_ONE_FAMILY_OUT,TiOx,TiOx_02_Ni,10.1038/s41598-019-44607-3,TiOx,5,5,4,False
TiOx_02_Ni,10.1038/s41598-019-44607-3,TiOx,1.10723,0.0442378443254261,0,0,GRADUAL_MULTILEVEL,NOT_REPORTED,absolute,IDEALIZED_SINGLE_PAIR_GRADUAL,IDEALIZED_GRADUAL_MAPPING,128,6,63,0,2,5,203264,16,32,512,22.71,73.52000000000001,89.04619796825396,1.0611961040512836,87.98500186420269,66.33619796825397,66.33619796825397,False,LEAVE_ONE_FAMILY_OUT,TiOx,TiOx_02_Ni,10.1038/s41598-019-44607-3,TiOx,5,5,4,False
TiOx_02_Ni,10.1038/s41598-019-44607-3,TiOx,1.10723,0.0442378443254261,0,0,GRADUAL_MULTILEVEL,NOT_REPORTED,absolute,IDEALIZED_SINGLE_PAIR_GRADUAL,IDEALIZED_GRADUAL_MAPPING,128,7,127,0,2,5,203264,16,32,512,22.55,73.68,89.10633776190477,1.0458719377736336,88.06046582413113,66.55633776190477,66.55633776190477,False,LEAVE_ONE_FAMILY_OUT,TiOx,TiOx_02_Ni,10.1038/s41598-019-44607-3,TiOx,5,5,4,False
TiOx_02_Ni,10.1038/s41598-019-44607-3,TiOx,1.10723,0.0442378443254261,0,0,GRADUAL_MULTILEVEL,NOT_REPORTED,absolute,IDEALIZED_SINGLE_PAIR_GRADUAL,IDEALIZED_GRADUAL_MAPPING,256,3,7,0,2,5,203264,10,32,320,22.51,73.72,79.17640184920634,5.174233081218962,74.00216876798738,56.66640184920634,56.66640184920634,False,LEAVE_ONE_FAMILY_OUT,TiOx,TiOx_02_Ni,10.1038/s41598-019-44607-3,TiOx,5,5,4,False
TiOx_02_Ni,10.1038/s41598-019-44607-3,TiOx,1.10723,0.0442378443254261,0,0,GRADUAL_MULTILEVEL,NOT_REPORTED,absolute,IDEALIZED_SINGLE_PAIR_GRADUAL,IDEALIZED_GRADUAL_MAPPING,128,8,255,0,2,5,203264,16,32,512,22.39,73.84,89.09535642857144,1.0490606967117166,88.04629573185971,66.70535642857143,66.70535642857143,False,LEAVE_ONE_FAMILY_OUT,TiOx,TiOx_02_Ni,10.1038/s41598-019-44607-3,TiOx,5,5,4,False
TiOx_02_Ni,10.1038/s41598-019-44607-3,TiOx,1.10723,0.0442378443254261,0,0,GRADUAL_MULTILEVEL,NOT_REPORTED,absolute,IDEALIZED_SINGLE_PAIR_GRADUAL,IDEALIZED_GRADUAL_MAPPING,128,3,7,0,2,5,203264,16,32,512,21.02,75.21000000000001,79.32331165873016,5.326329883704783,73.99698177502538,58.303311658730166,58.303311658730166,False,LEAVE_ONE_FAMILY_OUT,TiOx,TiOx_02_Ni,10.1038/s41598-019-44607-3,TiOx,5,5,4,False
TiOx_02_Ni,10.1038/s41598-019-44607-3,TiOx,1.10723,0.0442378443254261,0,0,GRADUAL_MULTILEVEL,NOT_REPORTED,absolute,IDEALIZED_SINGLE_PAIR_GRADUAL,IDEALIZED_GRADUAL_MAPPING,128,5,31,0,2,5,203264,16,32,512,20.6,75.63,88.9697149920635,0.9910278409259007,87.9786871511376,68.3697149920635,68.3697149920635,False,LEAVE_ONE_FAMILY_OUT,TiOx,TiOx_02_Ni,10.1038/s41598-019-44607-3,TiOx,5,5,4,False
TiOx_02_Ni,10.1038/s41598-019-44607-3,TiOx,1.10723,0.0442378443254261,0,0,GRADUAL_MULTILEVEL,NOT_REPORTED,absolute,IDEALIZED_SINGLE_PAIR_GRADUAL,IDEALIZED_GRADUAL_MAPPING,64,2,3,0,2,8,203264,56,256,14336,12.06,84.17,11.172358678932177,0.07245126217447549,11.099907416757702,-0.8876413210678233,0.8876413210678233,False,LEAVE_ONE_FAMILY_OUT,TiOx,TiOx_02_Ni,10.1038/s41598-019-44607-3,TiOx,5,5,4,False
TiOx_02_Ni,10.1038/s41598-019-44607-3,TiOx,1.10723,0.0442378443254261,0,0,GRADUAL_MULTILEVEL,NOT_REPORTED,absolute,IDEALIZED_SINGLE_PAIR_GRADUAL,IDEALIZED_GRADUAL_MAPPING,128,2,3,0,2,8,203264,16,256,4096,12.04,84.19,11.134620163059164,0.09963158269764172,11.034988580361523,-0.9053798369408348,0.9053798369408348,False,LEAVE_ONE_FAMILY_OUT,TiOx,TiOx_02_Ni,10.1038/s41598-019-44607-3,TiOx,5,5,4,False
TiOx_02_Ni,10.1038/s41598-019-44607-3,TiOx,1.10723,0.0442378443254261,0,0,GRADUAL_MULTILEVEL,NOT_REPORTED,absolute,IDEALIZED_SINGLE_PAIR_GRADUAL,IDEALIZED_GRADUAL_MAPPING,256,2,3,0,2,8,203264,10,256,2560,11.76,84.47,11.133734893217893,0.1957936872751996,10.937941205942693,-0.6262651067821068,0.6262651067821068,False,LEAVE_ONE_FAMILY_OUT,TiOx,TiOx_02_Ni,10.1038/s41598-019-44607-3,TiOx,5,5,4,False
TiOx_02_Ni,10.1038/s41598-019-44607-3,TiOx,1.10723,0.0442378443254261,0,0,GRADUAL_MULTILEVEL,NOT_REPORTED,absolute,IDEALIZED_SINGLE_PAIR_GRADUAL,IDEALIZED_GRADUAL_MAPPING,256,2,3,0,2,10,203264,10,1024,10240,11.74,84.49000000000001,11.180319738095237,0.17683712864702322,11.003482609448215,-0.5596802619047629,0.5596802619047629,False,LEAVE_ONE_FAMILY_OUT,TiOx,TiOx_02_Ni,10.1038/s41598-019-44607-3,TiOx,5,5,4,False
TiOx_02_Ni,10.1038/s41598-019-44607-3,TiOx,1.10723,0.0442378443254261,0,0,GRADUAL_MULTILEVEL,NOT_REPORTED,absolute,IDEALIZED_SINGLE_PAIR_GRADUAL,IDEALIZED_GRADUAL_MAPPING,128,2,3,0,2,10,203264,16,1024,16384,11.62,84.61,11.191980626984126,0.04741738024776565,11.144563246736361,-0.42801937301587323,0.42801937301587323,False,LEAVE_ONE_FAMILY_OUT,TiOx,TiOx_02_Ni,10.1038/s41598-019-44607-3,TiOx,5,5,4,False
TiOx_02_Ni,10.1038/s41598-019-44607-3,TiOx,1.10723,0.0442378443254261,0,0,GRADUAL_MULTILEVEL,NOT_REPORTED,absolute,IDEALIZED_SINGLE_PAIR_GRADUAL,IDEALIZED_GRADUAL_MAPPING,32,2,3,0,2,8,203264,208,256,53248,11.6,84.63000000000001,11.273714309523807,0.0555247059712225,11.218189603552585,-0.32628569047619216,0.32628569047619216,False,LEAVE_ONE_FAMILY_OUT,TiOx,TiOx_02_Ni,10.1038/s41598-019-44607-3,TiOx,5,5,4,False
TiOx_02_Ni,10.1038/s41598-019-44607-3,TiOx,1.10723,0.0442378443254261,0,0,GRADUAL_MULTILEVEL,NOT_REPORTED,absolute,IDEALIZED_SINGLE_PAIR_GRADUAL,IDEALIZED_GRADUAL_MAPPING,16,2,3,0,2,8,203264,800,256,204800,11.45,84.78,11.285062023809523,0.06002835399703906,11.225033669812484,-0.16493797619047612,0.16493797619047612,False,LEAVE_ONE_FAMILY_OUT,TiOx,TiOx_02_Ni,10.1038/s41598-019-44607-3,TiOx,5,5,4,False
TiOx_02_Ni,10.1038/s41598-019-44607-3,TiOx,1.10723,0.0442378443254261,0,0,GRADUAL_MULTILEVEL,NOT_REPORTED,absolute,IDEALIZED_SINGLE_PAIR_GRADUAL,IDEALIZED_GRADUAL_MAPPING,16,2,3,0,2,10,203264,800,1024,819200,11.38,84.85000000000001,11.282850095238096,0.046868884265361954,11.235981210972735,-0.09714990476190444,0.09714990476190444,False,LEAVE_ONE_FAMILY_OUT,TiOx,TiOx_02_Ni,10.1038/s41598-019-44607-3,TiOx,5,5,4,False
TiOx_02_Ni,10.1038/s41598-019-44607-3,TiOx,1.10723,0.0442378443254261,0,0,GRADUAL_MULTILEVEL,NOT_REPORTED,absolute,IDEALIZED_SINGLE_PAIR_GRADUAL,IDEALIZED_GRADUAL_MAPPING,32,2,3,0,2,10,203264,208,1024,212992,11.27,84.96000000000001,11.274890428571426,0.038462591643941973,11.236427836927485,0.0048904285714268525,0.0048904285714268525,False,LEAVE_ONE_FAMILY_OUT,TiOx,TiOx_02_Ni,10.1038/s41598-019-44607-3,TiOx,5,5,4,False
TiOx_02_Ni,10.1038/s41598-019-44607-3,TiOx,1.10723,0.0442378443254261,0,0,GRADUAL_MULTILEVEL,NOT_REPORTED,absolute,IDEALIZED_SINGLE_PAIR_GRADUAL,IDEALIZED_GRADUAL_MAPPING,128,2,3,0,2,9,203264,16,512,8192,11.22,85.01,11.199252206349207,0.0608061452722464,11.13844606107696,-0.020747793650793156,0.020747793650793156,False,LEAVE_ONE_FAMILY_OUT,TiOx,TiOx_02_Ni,10.1038/s41598-019-44607-3,TiOx,5,5,4,False
TiOx_02_Ni,10.1038/s41598-019-44607-3,TiOx,1.10723,0.0442378443254261,0,0,GRADUAL_MULTILEVEL,NOT_REPORTED,absolute,IDEALIZED_SINGLE_PAIR_GRADUAL,IDEALIZED_GRADUAL_MAPPING,64,2,3,0,2,10,203264,56,1024,57344,11.19,85.04,11.207782904761903,0.05225062050748531,11.155532284254416,0.01778290476190314,0.01778290476190314,False,LEAVE_ONE_FAMILY_OUT,TiOx,TiOx_02_Ni,10.1038/s41598-019-44607-3,TiOx,5,5,4,False
TiOx_02_Ni,10.1038/s41598-019-44607-3,TiOx,1.10723,0.0442378443254261,0,0,GRADUAL_MULTILEVEL,NOT_REPORTED,absolute,IDEALIZED_SINGLE_PAIR_GRADUAL,IDEALIZED_GRADUAL_MAPPING,16,2,3,0,2,9,203264,800,512,409600,11.15,85.08,11.298294904761907,0.04955848666213782,11.248736418099769,0.1482949047619062,0.1482949047619062,False,LEAVE_ONE_FAMILY_OUT,TiOx,TiOx_02_Ni,10.1038/s41598-019-44607-3,TiOx,5,5,4,False
TiOx_02_Ni,10.1038/s41598-019-44607-3,TiOx,1.10723,0.0442378443254261,0,0,GRADUAL_MULTILEVEL,NOT_REPORTED,absolute,IDEALIZED_SINGLE_PAIR_GRADUAL,IDEALIZED_GRADUAL_MAPPING,16,2,3,0,2,7,203264,800,128,102400,10.96,85.27000000000001,11.295166142857143,0.11027710322872619,11.184889039628416,0.3351661428571422,0.3351661428571422,False,LEAVE_ONE_FAMILY_OUT,TiOx,TiOx_02_Ni,10.1038/s41598-019-44607-3,TiOx,5,5,4,False
TiOx_02_Ni,10.1038/s41598-019-44607-3,TiOx,1.10723,0.0442378443254261,0,0,GRADUAL_MULTILEVEL,NOT_REPORTED,absolute,IDEALIZED_SINGLE_PAIR_GRADUAL,IDEALIZED_GRADUAL_MAPPING,32,2,3,0,2,9,203264,208,512,106496,10.9,85.33,11.289556238095237,0.044587628496092366,11.244968609599145,0.38955623809523665,0.38955623809523665,False,LEAVE_ONE_FAMILY_OUT,TiOx,TiOx_02_Ni,10.1038/s41598-019-44607-3,TiOx,5,5,4,False
TiOx_02_Ni,10.1038/s41598-019-44607-3,TiOx,1.10723,0.0442378443254261,0,0,GRADUAL_MULTILEVEL,NOT_REPORTED,absolute,IDEALIZED_SINGLE_PAIR_GRADUAL,IDEALIZED_GRADUAL_MAPPING,256,2,3,0,2,9,203264,10,512,5120,10.86,85.37,11.187155984126985,0.1803659411562013,11.006790042970783,0.32715598412698554,0.32715598412698554,False,LEAVE_ONE_FAMILY_OUT,TiOx,TiOx_02_Ni,10.1038/s41598-019-44607-3,TiOx,5,5,4,False
TiOx_02_Ni,10.1038/s41598-019-44607-3,TiOx,1.10723,0.0442378443254261,0,0,GRADUAL_MULTILEVEL,NOT_REPORTED,absolute,IDEALIZED_SINGLE_PAIR_GRADUAL,IDEALIZED_GRADUAL_MAPPING,64,2,3,0,2,9,203264,56,512,28672,10.81,85.42,11.212477150793651,0.06118392162526585,11.151293229168385,0.40247715079365065,0.40247715079365065,False,LEAVE_ONE_FAMILY_OUT,TiOx,TiOx_02_Ni,10.1038/s41598-019-44607-3,TiOx,5,5,4,False
TiOx_02_Ni,10.1038/s41598-019-44607-3,TiOx,1.10723,0.0442378443254261,0,0,GRADUAL_MULTILEVEL,NOT_REPORTED,absolute,IDEALIZED_SINGLE_PAIR_GRADUAL,IDEALIZED_GRADUAL_MAPPING,32,2,3,0,2,7,203264,208,128,26624,10.52,85.71000000000001,11.279598428571429,0.10254995468188338,11.177048473889545,0.7595984285714295,0.7595984285714295,False,LEAVE_ONE_FAMILY_OUT,TiOx,TiOx_02_Ni,10.1038/s41598-019-44607-3,TiOx,5,5,4,False
TiOx_02_Ni,10.1038/s41598-019-44607-3,TiOx,1.10723,0.0442378443254261,0,0,GRADUAL_MULTILEVEL,NOT_REPORTED,absolute,IDEALIZED_SINGLE_PAIR_GRADUAL,IDEALIZED_GRADUAL_MAPPING,16,2,3,0,2,6,203264,800,64,51200,10.31,85.92,11.162144515873017,0.21765046341863148,10.944494052454385,0.8521445158730163,0.8521445158730163,False,LEAVE_ONE_FAMILY_OUT,TiOx,TiOx_02_Ni,10.1038/s41598-019-44607-3,TiOx,5,5,4,False
TiOx_02_Ni,10.1038/s41598-019-44607-3,TiOx,1.10723,0.0442378443254261,0,0,GRADUAL_MULTILEVEL,NOT_REPORTED,absolute,IDEALIZED_SINGLE_PAIR_GRADUAL,IDEALIZED_GRADUAL_MAPPING,32,2,3,0,2,6,203264,208,64,13312,9.99,86.24000000000001,11.16662092063492,0.19275839830784858,10.973862522327071,1.1766209206349192,1.1766209206349192,False,LEAVE_ONE_FAMILY_OUT,TiOx,TiOx_02_Ni,10.1038/s41598-019-44607-3,TiOx,5,5,4,False
TiOx_02_Ni,10.1038/s41598-019-44607-3,TiOx,1.10723,0.0442378443254261,0,0,GRADUAL_MULTILEVEL,NOT_REPORTED,absolute,IDEALIZED_SINGLE_PAIR_GRADUAL,IDEALIZED_GRADUAL_MAPPING,16,2,3,0,2,5,203264,800,32,25600,9.72,86.51,10.778266095238093,0.3334697492347585,10.444796346003335,1.0582660952380927,1.0582660952380927,False,LEAVE_ONE_FAMILY_OUT,TiOx,TiOx_02_Ni,10.1038/s41598-019-44607-3,TiOx,5,5,4,False
TiOx_02_Ni,10.1038/s41598-019-44607-3,TiOx,1.10723,0.0442378443254261,0,0,GRADUAL_MULTILEVEL,NOT_REPORTED,absolute,IDEALIZED_SINGLE_PAIR_GRADUAL,IDEALIZED_GRADUAL_MAPPING,64,2,3,0,2,7,203264,56,128,7168,9.62,86.61,11.183910583694084,0.12338634100148348,11.060524242692601,1.563910583694085,1.563910583694085,False,LEAVE_ONE_FAMILY_OUT,TiOx,TiOx_02_Ni,10.1038/s41598-019-44607-3,TiOx,5,5,4,False
TiOx_02_Ni,10.1038/s41598-019-44607-3,TiOx,1.10723,0.0442378443254261,0,0,GRADUAL_MULTILEVEL,NOT_REPORTED,absolute,IDEALIZED_SINGLE_PAIR_GRADUAL,IDEALIZED_GRADUAL_MAPPING,64,2,3,0,2,6,203264,56,64,3584,9.57,86.66,11.223534476190476,0.20113484592773667,11.02239963026274,1.653534476190476,1.653534476190476,False,LEAVE_ONE_FAMILY_OUT,TiOx,TiOx_02_Ni,10.1038/s41598-019-44607-3,TiOx,5,5,4,False
TiOx_02_Ni,10.1038/s41598-019-44607-3,TiOx,1.10723,0.0442378443254261,0,0,GRADUAL_MULTILEVEL,NOT_REPORTED,absolute,IDEALIZED_SINGLE_PAIR_GRADUAL,IDEALIZED_GRADUAL_MAPPING,32,2,3,0,2,5,203264,208,32,6656,9.44,86.79,10.84806776190476,0.3487984578133215,10.499269304091438,1.4080677619047606,1.4080677619047606,False,LEAVE_ONE_FAMILY_OUT,TiOx,TiOx_02_Ni,10.1038/s41598-019-44607-3,TiOx,5,5,4,False
TiOx_02_Ni,10.1038/s41598-019-44607-3,TiOx,1.10723,0.0442378443254261,0,0,GRADUAL_MULTILEVEL,NOT_REPORTED,absolute,IDEALIZED_SINGLE_PAIR_GRADUAL,IDEALIZED_GRADUAL_MAPPING,128,2,3,0,2,7,203264,16,128,2048,9.38,86.85000000000001,11.01044559090909,0.1775061752260218,10.832939415683068,1.6304455909090887,1.6304455909090887,False,LEAVE_ONE_FAMILY_OUT,TiOx,TiOx_02_Ni,10.1038/s41598-019-44607-3,TiOx,5,5,4,False
TiOx_02_Ni,10.1038/s41598-019-44607-3,TiOx,1.10723,0.0442378443254261,0,0,GRADUAL_MULTILEVEL,NOT_REPORTED,absolute,IDEALIZED_SINGLE_PAIR_GRADUAL,IDEALIZED_GRADUAL_MAPPING,128,2,3,0,2,6,203264,16,64,1024,9.26,86.97,10.797970253246753,0.3342814245475714,10.463688828699182,1.537970253246753,1.537970253246753,False,LEAVE_ONE_FAMILY_OUT,TiOx,TiOx_02_Ni,10.1038/s41598-019-44607-3,TiOx,5,5,4,False
TiOx_02_Ni,10.1038/s41598-019-44607-3,TiOx,1.10723,0.0442378443254261,0,0,GRADUAL_MULTILEVEL,NOT_REPORTED,absolute,IDEALIZED_SINGLE_PAIR_GRADUAL,IDEALIZED_GRADUAL_MAPPING,256,2,3,0,2,7,203264,10,128,1280,8.98,87.25,10.973894067099566,0.22828717132239776,10.745606895777168,1.993894067099566,1.993894067099566,False,LEAVE_ONE_FAMILY_OUT,TiOx,TiOx_02_Ni,10.1038/s41598-019-44607-3,TiOx,5,5,4,False
TiOx_02_Ni,10.1038/s41598-019-44607-3,TiOx,1.10723,0.0442378443254261,0,0,GRADUAL_MULTILEVEL,NOT_REPORTED,absolute,IDEALIZED_SINGLE_PAIR_GRADUAL,IDEALIZED_GRADUAL_MAPPING,256,2,3,0,2,6,203264,10,64,640,8.96,87.27000000000001,10.714969824675325,0.357908357224679,10.357061467450647,1.7549698246753245,1.7549698246753245,False,LEAVE_ONE_FAMILY_OUT,TiOx,TiOx_02_Ni,10.1038/s41598-019-44607-3,TiOx,5,5,4,False
TiOx_02_Ni,10.1038/s41598-019-44607-3,TiOx,1.10723,0.0442378443254261,0,0,GRADUAL_MULTILEVEL,NOT_REPORTED,absolute,IDEALIZED_SINGLE_PAIR_GRADUAL,IDEALIZED_GRADUAL_MAPPING,128,2,3,0,2,5,203264,16,32,512,8.95,87.28,10.108645817460317,0.5827033465376897,9.525942470922628,1.158645817460318,1.158645817460318,False,LEAVE_ONE_FAMILY_OUT,TiOx,TiOx_02_Ni,10.1038/s41598-019-44607-3,TiOx,5,5,4,False
TiOx_02_Ni,10.1038/s41598-019-44607-3,TiOx,1.10723,0.0442378443254261,0,0,GRADUAL_MULTILEVEL,NOT_REPORTED,absolute,IDEALIZED_SINGLE_PAIR_GRADUAL,IDEALIZED_GRADUAL_MAPPING,64,2,3,0,2,5,203264,56,32,1792,8.95,87.28,11.089956746031747,0.41208554495629796,10.67787120107545,2.139956746031748,2.139956746031748,False,LEAVE_ONE_FAMILY_OUT,TiOx,TiOx_02_Ni,10.1038/s41598-019-44607-3,TiOx,5,5,4,False
TiOx_02_Ni,10.1038/s41598-019-44607-3,TiOx,1.10723,0.0442378443254261,0,0,GRADUAL_MULTILEVEL,NOT_REPORTED,absolute,IDEALIZED_SINGLE_PAIR_GRADUAL,IDEALIZED_GRADUAL_MAPPING,16,4,15,0,2,4,203264,800,16,12800,8.92,87.31,79.20212039682539,1.9517794017807366,77.25034099504465,70.28212039682539,70.28212039682539,False,LEAVE_ONE_FAMILY_OUT,TiOx,TiOx_02_Ni,10.1038/s41598-019-44607-3,TiOx,5,5,4,False
TiOx_02_Ni,10.1038/s41598-019-44607-3,TiOx,1.10723,0.0442378443254261,0,0,GRADUAL_MULTILEVEL,NOT_REPORTED,absolute,IDEALIZED_SINGLE_PAIR_GRADUAL,IDEALIZED_GRADUAL_MAPPING,16,6,63,0,2,4,203264,800,16,12800,8.92,87.31,79.63555364285715,2.141574284128418,77.49397935872872,70.71555364285715,70.71555364285715,False,LEAVE_ONE_FAMILY_OUT,TiOx,TiOx_02_Ni,10.1038/s41598-019-44607-3,TiOx,5,5,4,False
TiOx_02_Ni,10.1038/s41598-019-44607-3,TiOx,1.10723,0.0442378443254261,0,0,GRADUAL_MULTILEVEL,NOT_REPORTED,absolute,IDEALIZED_SINGLE_PAIR_GRADUAL,IDEALIZED_GRADUAL_MAPPING,16,8,255,0,2,4,203264,800,16,12800,8.92,87.31,79.70829519047619,1.927123033930944,77.78117215654525,70.78829519047619,70.78829519047619,False,LEAVE_ONE_FAMILY_OUT,TiOx,TiOx_02_Ni,10.1038/s41598-019-44607-3,TiOx,5,5,4,False
TiOx_02_Ni,10.1038/s41598-019-44607-3,TiOx,1.10723,0.0442378443254261,0,0,GRADUAL_MULTILEVEL,NOT_REPORTED,absolute,IDEALIZED_SINGLE_PAIR_GRADUAL,IDEALIZED_GRADUAL_MAPPING,32,2,3,0,2,4,203264,208,16,3328,8.92,87.31,10.582187515873017,0.5476132837274496,10.034574232145568,1.6621875158730166,1.6621875158730166,False,LEAVE_ONE_FAMILY_OUT,TiOx,TiOx_02_Ni,10.1038/s41598-019-44607-3,TiOx,5,5,4,False
TiOx_02_Ni,10.1038/s41598-019-44607-3,TiOx,1.10723,0.0442378443254261,0,0,GRADUAL_MULTILEVEL,NOT_REPORTED,absolute,IDEALIZED_SINGLE_PAIR_GRADUAL,IDEALIZED_GRADUAL_MAPPING,64,4,15,0,2,4,203264,56,16,896,8.92,87.31,54.22884186507937,2.2790547196878235,51.94978714539155,45.308841865079366,45.308841865079366,False,LEAVE_ONE_FAMILY_OUT,TiOx,TiOx_02_Ni,10.1038/s41598-019-44607-3,TiOx,5,5,4,False
TiOx_02_Ni,10.1038/s41598-019-44607-3,TiOx,1.10723,0.0442378443254261,0,0,GRADUAL_MULTILEVEL,NOT_REPORTED,absolute,IDEALIZED_SINGLE_PAIR_GRADUAL,IDEALIZED_GRADUAL_MAPPING,64,3,7,0,2,4,203264,56,16,896,8.92,87.31,54.239221865079365,2.2266127507191196,52.012609114360245,45.31922186507936,45.31922186507936,False,LEAVE_ONE_FAMILY_OUT,TiOx,TiOx_02_Ni,10.1038/s41598-019-44607-3,TiOx,5,5,4,False
TiOx_02_Ni,10.1038/s41598-019-44607-3,TiOx,1.10723,0.0442378443254261,0,0,GRADUAL_MULTILEVEL,NOT_REPORTED,absolute,IDEALIZED_SINGLE_PAIR_GRADUAL,IDEALIZED_GRADUAL_MAPPING,32,8,255,0,2,4,203264,208,16,3328,8.92,87.31,67.03951273809523,2.087623499970585,64.95188923812464,58.119512738095224,58.119512738095224,False,LEAVE_ONE_FAMILY_OUT,TiOx,TiOx_02_Ni,10.1038/s41598-019-44607-3,TiOx,5,5,4,False
TiOx_02_Ni,10.1038/s41598-019-44607-3,TiOx,1.10723,0.0442378443254261,0,0,GRADUAL_MULTILEVEL,NOT_REPORTED,absolute,IDEALIZED_SINGLE_PAIR_GRADUAL,IDEALIZED_GRADUAL_MAPPING,64,2,3,0,2,4,203264,56,16,896,8.92,87.31,10.862077071428573,0.6613071702856047,10.200769901142968,1.9420770714285727,1.9420770714285727,False,LEAVE_ONE_FAMILY_OUT,TiOx,TiOx_02_Ni,10.1038/s41598-019-44607-3,TiOx,5,5,4,False
TiOx_02_Ni,10.1038/s41598-019-44607-3,TiOx,1.10723,0.0442378443254261,0,0,GRADUAL_MULTILEVEL,NOT_REPORTED,absolute,IDEALIZED_SINGLE_PAIR_GRADUAL,IDEALIZED_GRADUAL_MAPPING,32,4,15,0,2,4,203264,208,16,3328,8.92,87.31,68.37500578571428,2.1059494985239,66.26905628719038,59.45500578571428,59.45500578571428,False,LEAVE_ONE_FAMILY_OUT,TiOx,TiOx_02_Ni,10.1038/s41598-019-44607-3,TiOx,5,5,4,False
TiOx_02_Ni,10.1038/s41598-019-44607-3,TiOx,1.10723,0.0442378443254261,0,0,GRADUAL_MULTILEVEL,NOT_REPORTED,absolute,IDEALIZED_SINGLE_PAIR_GRADUAL,IDEALIZED_GRADUAL_MAPPING,32,5,31,0,2,4,203264,208,16,3328,8.92,87.31,67.6669822142857,2.165022546931397,65.5019596673543,58.746982214285694,58.746982214285694,False,LEAVE_ONE_FAMILY_OUT,TiOx,TiOx_02_Ni,10.1038/s41598-019-44607-3,TiOx,5,5,4,False
TiOx_02_Ni,10.1038/s41598-019-44607-3,TiOx,1.10723,0.0442378443254261,0,0,GRADUAL_MULTILEVEL,NOT_REPORTED,absolute,IDEALIZED_SINGLE_PAIR_GRADUAL,IDEALIZED_GRADUAL_MAPPING,32,6,63,0,2,4,203264,208,16,3328,8.92,87.31,67.20562597619046,2.0191312736532208,65.18649470253725,58.28562597619046,58.28562597619046,False,LEAVE_ONE_FAMILY_OUT,TiOx,TiOx_02_Ni,10.1038/s41598-019-44607-3,TiOx,5,5,4,False
TiOx_02_Ni,10.1038/s41598-019-44607-3,TiOx,1.10723,0.0442378443254261,0,0,GRADUAL_MULTILEVEL,NOT_REPORTED,absolute,IDEALIZED_SINGLE_PAIR_GRADUAL,IDEALIZED_GRADUAL_MAPPING,32,7,127,0,2,4,203264,208,16,3328,8.92,87.31,67.00833107142857,2.207205439519336,64.80112563190923,58.08833107142857,58.08833107142857,False,LEAVE_ONE_FAMILY_OUT,TiOx,TiOx_02_Ni,10.1038/s41598-019-44607-3,TiOx,5,5,4,False
TiOx_02_Ni,10.1038/s41598-019-44607-3,TiOx,1.10723,0.0442378443254261,0,0,GRADUAL_MULTILEVEL,NOT_REPORTED,absolute,IDEALIZED_SINGLE_PAIR_GRADUAL,IDEALIZED_GRADUAL_MAPPING,32,3,7,0,2,4,203264,208,16,3328,8.92,87.31,68.34450045238094,1.9886593757397095,66.35584107664123,59.42450045238094,59.42450045238094,False,LEAVE_ONE_FAMILY_OUT,TiOx,TiOx_02_Ni,10.1038/s41598-019-44607-3,TiOx,5,5,4,False
TiOx_02_Ni,10.1038/s41598-019-44607-3,TiOx,1.10723,0.0442378443254261,0,0,GRADUAL_MULTILEVEL,NOT_REPORTED,absolute,IDEALIZED_SINGLE_PAIR_GRADUAL,IDEALIZED_GRADUAL_MAPPING,16,3,7,0,2,4,203264,800,16,12800,8.92,87.31,79.17161506349207,1.9977684857446127,77.17384657774745,70.25161506349207,70.25161506349207,False,LEAVE_ONE_FAMILY_OUT,TiOx,TiOx_02_Ni,10.1038/s41598-019-44607-3,TiOx,5,5,4,False
TiOx_02_Ni,10.1038/s41598-019-44607-3,TiOx,1.10723,0.0442378443254261,0,0,GRADUAL_MULTILEVEL,NOT_REPORTED,absolute,IDEALIZED_SINGLE_PAIR_GRADUAL,IDEALIZED_GRADUAL_MAPPING,16,2,3,0,2,4,203264,800,16,12800,8.92,87.31,10.511100515873016,0.49654360369130707,10.014556912181709,1.5911005158730163,1.5911005158730163,False,LEAVE_ONE_FAMILY_OUT,TiOx,TiOx_02_Ni,10.1038/s41598-019-44607-3,TiOx,5,5,4,False
TiOx_02_Ni,10.1038/s41598-019-44607-3,TiOx,1.10723,0.0442378443254261,0,0,GRADUAL_MULTILEVEL,NOT_REPORTED,absolute,IDEALIZED_SINGLE_PAIR_GRADUAL,IDEALIZED_GRADUAL_MAPPING,16,5,31,0,2,4,203264,800,16,12800,8.92,87.31,79.21728006349205,1.974641389945635,77.24263867354642,70.29728006349205,70.29728006349205,False,LEAVE_ONE_FAMILY_OUT,TiOx,TiOx_02_Ni,10.1038/s41598-019-44607-3,TiOx,5,5,4,False
TiOx_02_Ni,10.1038/s41598-019-44607-3,TiOx,1.10723,0.0442378443254261,0,0,GRADUAL_MULTILEVEL,NOT_REPORTED,absolute,IDEALIZED_SINGLE_PAIR_GRADUAL,IDEALIZED_GRADUAL_MAPPING,16,7,127,0,2,4,203264,800,16,12800,8.92,87.31,79.70829519047619,1.927123033930944,77.78117215654525,70.78829519047619,70.78829519047619,False,LEAVE_ONE_FAMILY_OUT,TiOx,TiOx_02_Ni,10.1038/s41598-019-44607-3,TiOx,5,5,4,False
TiOx_02_Ni,10.1038/s41598-019-44607-3,TiOx,1.10723,0.0442378443254261,0,0,GRADUAL_MULTILEVEL,NOT_REPORTED,absolute,IDEALIZED_SINGLE_PAIR_GRADUAL,IDEALIZED_GRADUAL_MAPPING,64,5,31,0,2,4,203264,56,16,896,8.92,87.31,54.74482703174603,2.1435717736380195,52.601255258108004,45.824827031746025,45.824827031746025,False,LEAVE_ONE_FAMILY_OUT,TiOx,TiOx_02_Ni,10.1038/s41598-019-44607-3,TiOx,5,5,4,False
TiOx_02_Ni,10.1038/s41598-019-44607-3,TiOx,1.10723,0.0442378443254261,0,0,GRADUAL_MULTILEVEL,NOT_REPORTED,absolute,IDEALIZED_SINGLE_PAIR_GRADUAL,IDEALIZED_GRADUAL_MAPPING,64,8,255,0,2,4,203264,56,16,896,8.92,87.31,55.28125374603175,2.047340613801719,53.23391313223003,46.36125374603175,46.36125374603175,False,LEAVE_ONE_FAMILY_OUT,TiOx,TiOx_02_Ni,10.1038/s41598-019-44607-3,TiOx,5,5,4,False
TiOx_02_Ni,10.1038/s41598-019-44607-3,TiOx,1.10723,0.0442378443254261,0,0,GRADUAL_MULTILEVEL,NOT_REPORTED,absolute,IDEALIZED_SINGLE_PAIR_GRADUAL,IDEALIZED_GRADUAL_MAPPING,128,2,3,0,2,4,203264,16,16,256,8.92,87.31,9.855599523809524,0.5534739078476678,9.302125615961856,0.9355995238095236,0.9355995238095236,False,LEAVE_ONE_FAMILY_OUT,TiOx,TiOx_02_Ni,10.1038/s41598-019-44607-3,TiOx,5,5,4,False
TiOx_02_Ni,10.1038/s41598-019-44607-3,TiOx,1.10723,0.0442378443254261,0,0,GRADUAL_MULTILEVEL,NOT_REPORTED,absolute,IDEALIZED_SINGLE_PAIR_GRADUAL,IDEALIZED_GRADUAL_MAPPING,128,6,63,0,2,4,203264,16,16,256,8.92,87.31,40.179173761904764,1.3530875161478195,38.82608624575695,31.259173761904762,31.259173761904762,False,LEAVE_ONE_FAMILY_OUT,TiOx,TiOx_02_Ni,10.1038/s41598-019-44607-3,TiOx,5,5,4,False
TiOx_02_Ni,10.1038/s41598-019-44607-3,TiOx,1.10723,0.0442378443254261,0,0,GRADUAL_MULTILEVEL,NOT_REPORTED,absolute,IDEALIZED_SINGLE_PAIR_GRADUAL,IDEALIZED_GRADUAL_MAPPING,128,5,31,0,2,4,203264,16,16,256,8.92,87.31,39.968867952380954,1.2467012621232334,38.72216669025772,31.048867952380952,31.048867952380952,False,LEAVE_ONE_FAMILY_OUT,TiOx,TiOx_02_Ni,10.1038/s41598-019-44607-3,TiOx,5,5,4,False
TiOx_02_Ni,10.1038/s41598-019-44607-3,TiOx,1.10723,0.0442378443254261,0,0,GRADUAL_MULTILEVEL,NOT_REPORTED,absolute,IDEALIZED_SINGLE_PAIR_GRADUAL,IDEALIZED_GRADUAL_MAPPING,128,3,7,0,2,4,203264,16,16,256,8.92,87.31,39.94649328571428,1.1653601609170159,38.781133124797265,31.02649328571428,31.02649328571428,False,LEAVE_ONE_FAMILY_OUT,TiOx,TiOx_02_Ni,10.1038/s41598-019-44607-3,TiOx,5,5,4,False
TiOx_02_Ni,10.1038/s41598-019-44607-3,TiOx,1.10723,0.0442378443254261,0,0,GRADUAL_MULTILEVEL,NOT_REPORTED,absolute,IDEALIZED_SINGLE_PAIR_GRADUAL,IDEALIZED_GRADUAL_MAPPING,128,4,15,0,2,4,203264,16,16,256,8.92,87.31,39.936113285714285,1.1388760730097038,38.79723721270458,31.016113285714283,31.016113285714283,False,LEAVE_ONE_FAMILY_OUT,TiOx,TiOx_02_Ni,10.1038/s41598-019-44607-3,TiOx,5,5,4,False
TiOx_02_Ni,10.1038/s41598-019-44607-3,TiOx,1.10723,0.0442378443254261,0,0,GRADUAL_MULTILEVEL,NOT_REPORTED,absolute,IDEALIZED_SINGLE_PAIR_GRADUAL,IDEALIZED_GRADUAL_MAPPING,64,6,63,0,2,4,203264,56,16,896,8.92,87.31,54.94911484126984,1.9940704903583997,52.95504435091144,46.02911484126984,46.02911484126984,False,LEAVE_ONE_FAMILY_OUT,TiOx,TiOx_02_Ni,10.1038/s41598-019-44607-3,TiOx,5,5,4,False
TiOx_02_Ni,10.1038/s41598-019-44607-3,TiOx,1.10723,0.0442378443254261,0,0,GRADUAL_MULTILEVEL,NOT_REPORTED,absolute,IDEALIZED_SINGLE_PAIR_GRADUAL,IDEALIZED_GRADUAL_MAPPING,64,7,127,0,2,4,203264,56,16,896,8.92,87.31,55.25007207936508,1.992594748344423,53.25747733102066,46.33007207936508,46.33007207936508,False,LEAVE_ONE_FAMILY_OUT,TiOx,TiOx_02_Ni,10.1038/s41598-019-44607-3,TiOx,5,5,4,False
TiOx_02_Ni,10.1038/s41598-019-44607-3,TiOx,1.10723,0.0442378443254261,0,0,GRADUAL_MULTILEVEL,NOT_REPORTED,absolute,IDEALIZED_SINGLE_PAIR_GRADUAL,IDEALIZED_GRADUAL_MAPPING,128,8,255,0,2,4,203264,16,16,256,8.92,87.31,40.40808247619047,1.2134801594513656,39.19460231673911,31.48808247619047,31.48808247619047,False,LEAVE_ONE_FAMILY_OUT,TiOx,TiOx_02_Ni,10.1038/s41598-019-44607-3,TiOx,5,5,4,False
TiOx_02_Ni,10.1038/s41598-019-44607-3,TiOx,1.10723,0.0442378443254261,0,0,GRADUAL_MULTILEVEL,NOT_REPORTED,absolute,IDEALIZED_SINGLE_PAIR_GRADUAL,IDEALIZED_GRADUAL_MAPPING,128,7,127,0,2,4,203264,16,16,256,8.92,87.31,40.38719895238095,1.308786380863145,39.0784125715178,31.467198952380947,31.467198952380947,False,LEAVE_ONE_FAMILY_OUT,TiOx,TiOx_02_Ni,10.1038/s41598-019-44607-3,TiOx,5,5,4,False
TiOx_02_Ni,10.1038/s41598-019-44607-3,TiOx,1.10723,0.0442378443254261,0,0,GRADUAL_MULTILEVEL,NOT_REPORTED,absolute,IDEALIZED_SINGLE_PAIR_GRADUAL,IDEALIZED_GRADUAL_MAPPING,256,4,15,0,2,4,203264,10,16,160,8.92,87.31,32.4363415952381,0.8927609221133241,31.543580673124772,23.516341595238096,23.516341595238096,False,LEAVE_ONE_FAMILY_OUT,TiOx,TiOx_02_Ni,10.1038/s41598-019-44607-3,TiOx,5,5,4,False
TiOx_02_Ni,10.1038/s41598-019-44607-3,TiOx,1.10723,0.0442378443254261,0,0,GRADUAL_MULTILEVEL,NOT_REPORTED,absolute,IDEALIZED_SINGLE_PAIR_GRADUAL,IDEALIZED_GRADUAL_MAPPING,256,3,7,0,2,4,203264,10,16,160,8.92,87.31,32.4363415952381,0.8927609221133241,31.543580673124772,23.516341595238096,23.516341595238096,False,LEAVE_ONE_FAMILY_OUT,TiOx,TiOx_02_Ni,10.1038/s41598-019-44607-3,TiOx,5,5,4,False
TiOx_02_Ni,10.1038/s41598-019-44607-3,TiOx,1.10723,0.0442378443254261,0,0,GRADUAL_MULTILEVEL,NOT_REPORTED,absolute,IDEALIZED_SINGLE_PAIR_GRADUAL,IDEALIZED_GRADUAL_MAPPING,256,2,3,0,2,5,203264,10,32,320,8.92,87.31,9.982477460317462,0.4858303363072231,9.496647124010238,1.0624774603174618,1.0624774603174618,False,LEAVE_ONE_FAMILY_OUT,TiOx,TiOx_02_Ni,10.1038/s41598-019-44607-3,TiOx,5,5,4,False
TiOx_02_Ni,10.1038/s41598-019-44607-3,TiOx,1.10723,0.0442378443254261,0,0,GRADUAL_MULTILEVEL,NOT_REPORTED,absolute,IDEALIZED_SINGLE_PAIR_GRADUAL,IDEALIZED_GRADUAL_MAPPING,256,2,3,0,2,4,203264,10,16,160,8.92,87.31,9.750556547619047,0.41079223257985625,9.33976431503919,0.8305565476190466,0.8305565476190466,False,LEAVE_ONE_FAMILY_OUT,TiOx,TiOx_02_Ni,10.1038/s41598-019-44607-3,TiOx,5,5,4,False
TiOx_02_Ni,10.1038/s41598-019-44607-3,TiOx,1.10723,0.0442378443254261,0,0,GRADUAL_MULTILEVEL,NOT_REPORTED,absolute,IDEALIZED_SINGLE_PAIR_GRADUAL,IDEALIZED_GRADUAL_MAPPING,256,6,63,0,2,4,203264,10,16,160,8.92,87.31,32.266259539682544,0.8385371141422833,31.42772242554026,23.346259539682542,23.346259539682542,False,LEAVE_ONE_FAMILY_OUT,TiOx,TiOx_02_Ni,10.1038/s41598-019-44607-3,TiOx,5,5,4,False
TiOx_02_Ni,10.1038/s41598-019-44607-3,TiOx,1.10723,0.0442378443254261,0,0,GRADUAL_MULTILEVEL,NOT_REPORTED,absolute,IDEALIZED_SINGLE_PAIR_GRADUAL,IDEALIZED_GRADUAL_MAPPING,256,5,31,0,2,4,203264,10,16,160,8.92,87.31,32.27839119047619,0.8579979573651617,31.42039323311103,23.35839119047619,23.35839119047619,False,LEAVE_ONE_FAMILY_OUT,TiOx,TiOx_02_Ni,10.1038/s41598-019-44607-3,TiOx,5,5,4,False
TiOx_02_Ni,10.1038/s41598-019-44607-3,TiOx,1.10723,0.0442378443254261,0,0,GRADUAL_MULTILEVEL,NOT_REPORTED,absolute,IDEALIZED_SINGLE_PAIR_GRADUAL,IDEALIZED_GRADUAL_MAPPING,256,7,127,0,2,4,203264,10,16,160,8.92,87.31,32.32889399206349,0.8295091827324379,31.499384809331055,23.40889399206349,23.40889399206349,False,LEAVE_ONE_FAMILY_OUT,TiOx,TiOx_02_Ni,10.1038/s41598-019-44607-3,TiOx,5,5,4,False
TiOx_02_Ni,10.1038/s41598-019-44607-3,TiOx,1.10723,0.0442378443254261,0,0,GRADUAL_MULTILEVEL,NOT_REPORTED,absolute,IDEALIZED_SINGLE_PAIR_GRADUAL,IDEALIZED_GRADUAL_MAPPING,256,8,255,0,2,4,203264,10,16,160,8.92,87.31,32.349777515873015,0.8859705921143749,31.46380692375864,23.429777515873013,23.429777515873013,False,LEAVE_ONE_FAMILY_OUT,TiOx,TiOx_02_Ni,10.1038/s41598-019-44607-3,TiOx,5,5,4,False
TiOx_02_Pt,10.1038/s41598-019-44607-3,TiOx,2.128684,0.3281111958478591,0,0,GRADUAL_MULTILEVEL,NOT_REPORTED,absolute,IDEALIZED_SINGLE_PAIR_GRADUAL,IDEALIZED_GRADUAL_MAPPING,128,6,63,0,2,8,203264,16,256,4096,96.35,-0.1199999999999903,96.24672416233766,0.03141187403003624,96.21531228830762,-0.10327583766233772,0.10327583766233772,True,LEAVE_ONE_FAMILY_OUT,TiOx,TiOx_02_Pt,10.1038/s41598-019-44607-3,TiOx,5,5,4,False
TiOx_02_Pt,10.1038/s41598-019-44607-3,TiOx,2.128684,0.3281111958478591,0,0,GRADUAL_MULTILEVEL,NOT_REPORTED,absolute,IDEALIZED_SINGLE_PAIR_GRADUAL,IDEALIZED_GRADUAL_MAPPING,32,8,255,0,2,9,203264,208,512,106496,96.32,-0.0899999999999892,96.23334596825397,0.017866871107390506,96.21547909714658,-0.08665403174602204,0.08665403174602204,True,LEAVE_ONE_FAMILY_OUT,TiOx,TiOx_02_Pt,10.1038/s41598-019-44607-3,TiOx,5,5,4,False
TiOx_02_Pt,10.1038/s41598-019-44607-3,TiOx,2.128684,0.3281111958478591,0,0,GRADUAL_MULTILEVEL,NOT_REPORTED,absolute,IDEALIZED_SINGLE_PAIR_GRADUAL,IDEALIZED_GRADUAL_MAPPING,16,6,63,0,2,10,203264,800,1024,819200,96.31,-0.0799999999999983,96.29766191269842,0.02490180422822115,96.2727601084702,-0.012338087301586143,0.012338087301586143,True,LEAVE_ONE_FAMILY_OUT,TiOx,TiOx_02_Pt,10.1038/s41598-019-44607-3,TiOx,5,5,4,False
TiOx_02_Pt,10.1038/s41598-019-44607-3,TiOx,2.128684,0.3281111958478591,0,0,GRADUAL_MULTILEVEL,NOT_REPORTED,absolute,IDEALIZED_SINGLE_PAIR_GRADUAL,IDEALIZED_GRADUAL_MAPPING,64,8,255,0,2,9,203264,56,512,28672,96.31,-0.0799999999999983,96.22045775468976,0.017623868886249245,96.20283388580351,-0.08954224531024124,0.08954224531024124,True,LEAVE_ONE_FAMILY_OUT,TiOx,TiOx_02_Pt,10.1038/s41598-019-44607-3,TiOx,5,5,4,False
TiOx_02_Pt,10.1038/s41598-019-44607-3,TiOx,2.128684,0.3281111958478591,0,0,GRADUAL_MULTILEVEL,NOT_REPORTED,absolute,IDEALIZED_SINGLE_PAIR_GRADUAL,IDEALIZED_GRADUAL_MAPPING,256,6,63,0,2,10,203264,10,1024,10240,96.3,-0.0699999999999931,96.26484982539682,0.029579897374043995,96.23526992802277,-0.03515017460317438,0.03515017460317438,True,LEAVE_ONE_FAMILY_OUT,TiOx,TiOx_02_Pt,10.1038/s41598-019-44607-3,TiOx,5,5,4,False
TiOx_02_Pt,10.1038/s41598-019-44607-3,TiOx,2.128684,0.3281111958478591,0,0,GRADUAL_MULTILEVEL,NOT_REPORTED,absolute,IDEALIZED_SINGLE_PAIR_GRADUAL,IDEALIZED_GRADUAL_MAPPING,64,6,63,0,2,9,203264,56,512,28672,96.29,-0.0600000000000022,96.26051033333334,0.0188348845894597,96.24167544874388,-0.029489666666663084,0.029489666666663084,True,LEAVE_ONE_FAMILY_OUT,TiOx,TiOx_02_Pt,10.1038/s41598-019-44607-3,TiOx,5,5,4,False
TiOx_02_Pt,10.1038/s41598-019-44607-3,TiOx,2.128684,0.3281111958478591,0,0,GRADUAL_MULTILEVEL,NOT_REPORTED,absolute,IDEALIZED_SINGLE_PAIR_GRADUAL,IDEALIZED_GRADUAL_MAPPING,128,7,127,0,2,8,203264,16,256,4096,96.28,-0.0499999999999971,96.21924429148629,0.024042213622137255,96.19520207786415,-0.06075570851371026,0.06075570851371026,True,LEAVE_ONE_FAMILY_OUT,TiOx,TiOx_02_Pt,10.1038/s41598-019-44607-3,TiOx,5,5,4,False
TiOx_02_Pt,10.1038/s41598-019-44607-3,TiOx,2.128684,0.3281111958478591,0,0,GRADUAL_MULTILEVEL,NOT_REPORTED,absolute,IDEALIZED_SINGLE_PAIR_GRADUAL,IDEALIZED_GRADUAL_MAPPING,256,6,63,0,2,8,203264,10,256,2560,96.28,-0.0499999999999971,96.23446033116885,0.03507015251638594,96.19939017865246,-0.04553966883115379,0.04553966883115379,True,LEAVE_ONE_FAMILY_OUT,TiOx,TiOx_02_Pt,10.1038/s41598-019-44607-3,TiOx,5,5,4,False
TiOx_02_Pt,10.1038/s41598-019-44607-3,TiOx,2.128684,0.3281111958478591,0,0,GRADUAL_MULTILEVEL,NOT_REPORTED,absolute,IDEALIZED_SINGLE_PAIR_GRADUAL,IDEALIZED_GRADUAL_MAPPING,128,6,63,0,2,9,203264,16,512,8192,96.28,-0.0499999999999971,96.25076833910535,0.021191758783485604,96.22957658032186,-0.029231660894652123,0.029231660894652123,True,LEAVE_ONE_FAMILY_OUT,TiOx,TiOx_02_Pt,10.1038/s41598-019-44607-3,TiOx,5,5,4,False
TiOx_02_Pt,10.1038/s41598-019-44607-3,TiOx,2.128684,0.3281111958478591,0,0,GRADUAL_MULTILEVEL,NOT_REPORTED,absolute,IDEALIZED_SINGLE_PAIR_GRADUAL,IDEALIZED_GRADUAL_MAPPING,64,6,63,0,2,10,203264,56,1024,57344,96.28,-0.0499999999999971,96.28015765079364,0.02035040980847971,96.25980724098515,0.00015765079363916357,0.00015765079363916357,True,LEAVE_ONE_FAMILY_OUT,TiOx,TiOx_02_Pt,10.1038/s41598-019-44607-3,TiOx,5,5,4,False
TiOx_02_Pt,10.1038/s41598-019-44607-3,TiOx,2.128684,0.3281111958478591,0,0,GRADUAL_MULTILEVEL,NOT_REPORTED,absolute,IDEALIZED_SINGLE_PAIR_GRADUAL,IDEALIZED_GRADUAL_MAPPING,256,7,127,0,2,8,203264,10,256,2560,96.28,-0.0499999999999971,96.21484381529581,0.027247638296248686,96.18759617699956,-0.06515618470419327,0.06515618470419327,True,LEAVE_ONE_FAMILY_OUT,TiOx,TiOx_02_Pt,10.1038/s41598-019-44607-3,TiOx,5,5,4,False
TiOx_02_Pt,10.1038/s41598-019-44607-3,TiOx,2.128684,0.3281111958478591,0,0,GRADUAL_MULTILEVEL,NOT_REPORTED,absolute,IDEALIZED_SINGLE_PAIR_GRADUAL,IDEALIZED_GRADUAL_MAPPING,128,6,63,0,2,10,203264,16,1024,16384,96.27,-0.039999999999992,96.26474127561329,0.023821717008881443,96.2409195586044,-0.005258724386706604,0.005258724386706604,True,LEAVE_ONE_FAMILY_OUT,TiOx,TiOx_02_Pt,10.1038/s41598-019-44607-3,TiOx,5,5,4,False
TiOx_02_Pt,10.1038/s41598-019-44607-3,TiOx,2.128684,0.3281111958478591,0,0,GRADUAL_MULTILEVEL,NOT_REPORTED,absolute,IDEALIZED_SINGLE_PAIR_GRADUAL,IDEALIZED_GRADUAL_MAPPING,32,6,63,0,2,10,203264,208,1024,212992,96.27,-0.039999999999992,96.28052000793649,0.02184101666303638,96.25867899127346,0.010520007936491993,0.010520007936491993,True,LEAVE_ONE_FAMILY_OUT,TiOx,TiOx_02_Pt,10.1038/s41598-019-44607-3,TiOx,5,5,4,False
TiOx_02_Pt,10.1038/s41598-019-44607-3,TiOx,2.128684,0.3281111958478591,0,0,GRADUAL_MULTILEVEL,NOT_REPORTED,absolute,IDEALIZED_SINGLE_PAIR_GRADUAL,IDEALIZED_GRADUAL_MAPPING,32,6,63,0,2,9,203264,208,512,106496,96.26,-0.0300000000000011,96.25684496825399,0.015930128453997446,96.24091483979998,-0.0031550317460187216,0.0031550317460187216,True,LEAVE_ONE_FAMILY_OUT,TiOx,TiOx_02_Pt,10.1038/s41598-019-44607-3,TiOx,5,5,4,False
TiOx_02_Pt,10.1038/s41598-019-44607-3,TiOx,2.128684,0.3281111958478591,0,0,GRADUAL_MULTILEVEL,NOT_REPORTED,absolute,IDEALIZED_SINGLE_PAIR_GRADUAL,IDEALIZED_GRADUAL_MAPPING,32,8,255,0,2,8,203264,208,256,53248,96.26,-0.0300000000000011,96.18687948629147,0.030117854779757744,96.15676163151171,-0.07312051370853112,0.07312051370853112,True,LEAVE_ONE_FAMILY_OUT,TiOx,TiOx_02_Pt,10.1038/s41598-019-44607-3,TiOx,5,5,4,False
TiOx_02_Pt,10.1038/s41598-019-44607-3,TiOx,2.128684,0.3281111958478591,0,0,GRADUAL_MULTILEVEL,NOT_REPORTED,absolute,IDEALIZED_SINGLE_PAIR_GRADUAL,IDEALIZED_GRADUAL_MAPPING,16,6,63,0,2,9,203264,800,512,409600,96.26,-0.0300000000000011,96.26796685714287,0.026291046139074615,96.24167581100379,0.007966857142861272,0.007966857142861272,True,LEAVE_ONE_FAMILY_OUT,TiOx,TiOx_02_Pt,10.1038/s41598-019-44607-3,TiOx,5,5,4,False
TiOx_02_Pt,10.1038/s41598-019-44607-3,TiOx,2.128684,0.3281111958478591,0,0,GRADUAL_MULTILEVEL,NOT_REPORTED,absolute,IDEALIZED_SINGLE_PAIR_GRADUAL,IDEALIZED_GRADUAL_MAPPING,16,8,255,0,2,9,203264,800,512,409600,96.26,-0.0300000000000011,96.21915166666668,0.01972404386449012,96.19942762280219,-0.04084833333332938,0.04084833333332938,True,LEAVE_ONE_FAMILY_OUT,TiOx,TiOx_02_Pt,10.1038/s41598-019-44607-3,TiOx,5,5,4,False
TiOx_02_Pt,10.1038/s41598-019-44607-3,TiOx,2.128684,0.3281111958478591,0,0,GRADUAL_MULTILEVEL,NOT_REPORTED,absolute,IDEALIZED_SINGLE_PAIR_GRADUAL,IDEALIZED_GRADUAL_MAPPING,64,7,127,0,2,9,203264,56,512,28672,96.26,-0.0300000000000011,96.22705100072149,0.018322519678875427,96.20872848104261,-0.03294899927851702,0.03294899927851702,True,LEAVE_ONE_FAMILY_OUT,TiOx,TiOx_02_Pt,10.1038/s41598-019-44607-3,TiOx,5,5,4,False
TiOx_02_Pt,10.1038/s41598-019-44607-3,TiOx,2.128684,0.3281111958478591,0,0,GRADUAL_MULTILEVEL,NOT_REPORTED,absolute,IDEALIZED_SINGLE_PAIR_GRADUAL,IDEALIZED_GRADUAL_MAPPING,64,8,255,0,2,10,203264,56,1024,57344,96.25,-0.019999999999996,96.22357587373737,0.019475938814067402,96.2040999349233,-0.02642412626262569,0.02642412626262569,True,LEAVE_ONE_FAMILY_OUT,TiOx,TiOx_02_Pt,10.1038/s41598-019-44607-3,TiOx,5,5,4,False
TiOx_02_Pt,10.1038/s41598-019-44607-3,TiOx,2.128684,0.3281111958478591,0,0,GRADUAL_MULTILEVEL,NOT_REPORTED,absolute,IDEALIZED_SINGLE_PAIR_GRADUAL,IDEALIZED_GRADUAL_MAPPING,16,8,255,0,2,10,203264,800,1024,819200,96.25,-0.019999999999996,96.22609673809524,0.020741628773785013,96.20535510932145,-0.02390326190476344,0.02390326190476344,True,LEAVE_ONE_FAMILY_OUT,TiOx,TiOx_02_Pt,10.1038/s41598-019-44607-3,TiOx,5,5,4,False
TiOx_02_Pt,10.1038/s41598-019-44607-3,TiOx,2.128684,0.3281111958478591,0,0,GRADUAL_MULTILEVEL,NOT_REPORTED,absolute,IDEALIZED_SINGLE_PAIR_GRADUAL,IDEALIZED_GRADUAL_MAPPING,32,7,127,0,2,9,203264,208,512,106496,96.25,-0.019999999999996,96.23226237301587,0.016648359174118183,96.21561401384176,-0.01773762698412895,0.01773762698412895,True,LEAVE_ONE_FAMILY_OUT,TiOx,TiOx_02_Pt,10.1038/s41598-019-44607-3,TiOx,5,5,4,False
TiOx_02_Pt,10.1038/s41598-019-44607-3,TiOx,2.128684,0.3281111958478591,0,0,GRADUAL_MULTILEVEL,NOT_REPORTED,absolute,IDEALIZED_SINGLE_PAIR_GRADUAL,IDEALIZED_GRADUAL_MAPPING,32,8,255,0,2,10,203264,208,1024,212992,96.24,-0.0099999999999909,96.24108406349207,0.0165065315503194,96.22457753194175,0.0010840634920725734,0.0010840634920725734,True,LEAVE_ONE_FAMILY_OUT,TiOx,TiOx_02_Pt,10.1038/s41598-019-44607-3,TiOx,5,5,4,False
TiOx_02_Pt,10.1038/s41598-019-44607-3,TiOx,2.128684,0.3281111958478591,0,0,GRADUAL_MULTILEVEL,NOT_REPORTED,absolute,IDEALIZED_SINGLE_PAIR_GRADUAL,IDEALIZED_GRADUAL_MAPPING,256,6,63,0,2,9,203264,10,512,5120,96.24,-0.0099999999999909,96.23811778571428,0.030439846786129227,96.20767793892816,-0.0018822142857146673,0.0018822142857146673,True,LEAVE_ONE_FAMILY_OUT,TiOx,TiOx_02_Pt,10.1038/s41598-019-44607-3,TiOx,5,5,4,False
TiOx_02_Pt,10.1038/s41598-019-44607-3,TiOx,2.128684,0.3281111958478591,0,0,GRADUAL_MULTILEVEL,NOT_REPORTED,absolute,IDEALIZED_SINGLE_PAIR_GRADUAL,IDEALIZED_GRADUAL_MAPPING,128,8,255,0,2,8,203264,16,256,4096,96.24,-0.0099999999999909,96.20183896608947,0.030241805804658944,96.1715971602848,-0.0381610339105265,0.0381610339105265,True,LEAVE_ONE_FAMILY_OUT,TiOx,TiOx_02_Pt,10.1038/s41598-019-44607-3,TiOx,5,5,4,False
TiOx_02_Pt,10.1038/s41598-019-44607-3,TiOx,2.128684,0.3281111958478591,0,0,GRADUAL_MULTILEVEL,NOT_REPORTED,absolute,IDEALIZED_SINGLE_PAIR_GRADUAL,IDEALIZED_GRADUAL_MAPPING,128,5,31,0,2,8,203264,16,256,4096,96.23,0.0,96.15513430952383,0.04264575325061295,96.11248855627322,-0.07486569047617309,0.07486569047617309,True,LEAVE_ONE_FAMILY_OUT,TiOx,TiOx_02_Pt,10.1038/s41598-019-44607-3,TiOx,5,5,4,False
TiOx_02_Pt,10.1038/s41598-019-44607-3,TiOx,2.128684,0.3281111958478591,0,0,GRADUAL_MULTILEVEL,NOT_REPORTED,absolute,IDEALIZED_SINGLE_PAIR_GRADUAL,IDEALIZED_GRADUAL_MAPPING,64,7,127,0,2,10,203264,56,1024,57344,96.23,0.0,96.20940995310245,0.020378760705747352,96.1890311923967,-0.02059004689755284,0.02059004689755284,True,LEAVE_ONE_FAMILY_OUT,TiOx,TiOx_02_Pt,10.1038/s41598-019-44607-3,TiOx,5,5,4,False
TiOx_02_Pt,10.1038/s41598-019-44607-3,TiOx,2.128684,0.3281111958478591,0,0,GRADUAL_MULTILEVEL,NOT_REPORTED,absolute,IDEALIZED_SINGLE_PAIR_GRADUAL,IDEALIZED_GRADUAL_MAPPING,32,7,127,0,2,10,203264,208,1024,212992,96.23,0.0,96.22126211111112,0.02209984489748362,96.19916226621363,-0.008737888888887824,0.008737888888887824,True,LEAVE_ONE_FAMILY_OUT,TiOx,TiOx_02_Pt,10.1038/s41598-019-44607-3,TiOx,5,5,4,False
TiOx_02_Pt,10.1038/s41598-019-44607-3,TiOx,2.128684,0.3281111958478591,0,0,GRADUAL_MULTILEVEL,NOT_REPORTED,absolute,IDEALIZED_SINGLE_PAIR_GRADUAL,IDEALIZED_GRADUAL_MAPPING,16,7,127,0,2,8,203264,800,256,204800,96.23,0.0,96.19486872438674,0.01745495179291218,96.17741377259382,-0.03513127561326712,0.03513127561326712,True,LEAVE_ONE_FAMILY_OUT,TiOx,TiOx_02_Pt,10.1038/s41598-019-44607-3,TiOx,5,5,4,False
TiOx_02_Pt,10.1038/s41598-019-44607-3,TiOx,2.128684,0.3281111958478591,0,0,GRADUAL_MULTILEVEL,NOT_REPORTED,absolute,IDEALIZED_SINGLE_PAIR_GRADUAL,IDEALIZED_GRADUAL_MAPPING,16,6,63,0,2,8,203264,800,256,204800,96.23,0.0,96.25306442857143,0.03586981001372597,96.21719461855771,0.02306442857143054,0.02306442857143054,True,LEAVE_ONE_FAMILY_OUT,TiOx,TiOx_02_Pt,10.1038/s41598-019-44607-3,TiOx,5,5,4,False
TiOx_02_Pt,10.1038/s41598-019-44607-3,TiOx,2.128684,0.3281111958478591,0,0,GRADUAL_MULTILEVEL,NOT_REPORTED,absolute,IDEALIZED_SINGLE_PAIR_GRADUAL,IDEALIZED_GRADUAL_MAPPING,256,8,255,0,2,8,203264,10,256,2560,96.23,0.0,96.19384056926407,0.03198269234338709,96.16185787692068,-0.036159430735935416,0.036159430735935416,True,LEAVE_ONE_FAMILY_OUT,TiOx,TiOx_02_Pt,10.1038/s41598-019-44607-3,TiOx,5,5,4,False
TiOx_02_Pt,10.1038/s41598-019-44607-3,TiOx,2.128684,0.3281111958478591,0,0,GRADUAL_MULTILEVEL,NOT_REPORTED,absolute,IDEALIZED_SINGLE_PAIR_GRADUAL,IDEALIZED_GRADUAL_MAPPING,256,7,127,0,2,10,203264,10,1024,10240,96.23,0.0,96.19132931746032,0.02543286572001838,96.1658964517403,-0.03867068253968853,0.03867068253968853,True,LEAVE_ONE_FAMILY_OUT,TiOx,TiOx_02_Pt,10.1038/s41598-019-44607-3,TiOx,5,5,4,False
TiOx_02_Pt,10.1038/s41598-019-44607-3,TiOx,2.128684,0.3281111958478591,0,0,GRADUAL_MULTILEVEL,NOT_REPORTED,absolute,IDEALIZED_SINGLE_PAIR_GRADUAL,IDEALIZED_GRADUAL_MAPPING,16,7,127,0,2,10,203264,800,1024,819200,96.22,0.0100000000000051,96.20575526984128,0.016966724707842773,96.18878854513343,-0.014244730158722518,0.014244730158722518,True,LEAVE_ONE_FAMILY_OUT,TiOx,TiOx_02_Pt,10.1038/s41598-019-44607-3,TiOx,5,5,4,False
TiOx_02_Pt,10.1038/s41598-019-44607-3,TiOx,2.128684,0.3281111958478591,0,0,GRADUAL_MULTILEVEL,NOT_REPORTED,absolute,IDEALIZED_SINGLE_PAIR_GRADUAL,IDEALIZED_GRADUAL_MAPPING,16,7,127,0,2,9,203264,800,512,409600,96.22,0.0100000000000051,96.21049715873016,0.01790104912457074,96.19259610960559,-0.009502841269835471,0.009502841269835471,True,LEAVE_ONE_FAMILY_OUT,TiOx,TiOx_02_Pt,10.1038/s41598-019-44607-3,TiOx,5,5,4,False
TiOx_02_Pt,10.1038/s41598-019-44607-3,TiOx,2.128684,0.3281111958478591,0,0,GRADUAL_MULTILEVEL,NOT_REPORTED,absolute,IDEALIZED_SINGLE_PAIR_GRADUAL,IDEALIZED_GRADUAL_MAPPING,16,8,255,0,2,8,203264,800,256,204800,96.22,0.0100000000000051,96.1855726053391,0.02316089172800768,96.16241171361109,-0.03442739466089506,0.03442739466089506,True,LEAVE_ONE_FAMILY_OUT,TiOx,TiOx_02_Pt,10.1038/s41598-019-44607-3,TiOx,5,5,4,False
TiOx_02_Pt,10.1038/s41598-019-44607-3,TiOx,2.128684,0.3281111958478591,0,0,GRADUAL_MULTILEVEL,NOT_REPORTED,absolute,IDEALIZED_SINGLE_PAIR_GRADUAL,IDEALIZED_GRADUAL_MAPPING,64,5,31,0,2,8,203264,56,256,14336,96.22,0.0100000000000051,96.1811502936508,0.031692121387586494,96.14945817226321,-0.03884970634919682,0.03884970634919682,True,LEAVE_ONE_FAMILY_OUT,TiOx,TiOx_02_Pt,10.1038/s41598-019-44607-3,TiOx,5,5,4,False
TiOx_02_Pt,10.1038/s41598-019-44607-3,TiOx,2.128684,0.3281111958478591,0,0,GRADUAL_MULTILEVEL,NOT_REPORTED,absolute,IDEALIZED_SINGLE_PAIR_GRADUAL,IDEALIZED_GRADUAL_MAPPING,128,5,31,0,2,10,203264,16,1024,16384,96.21,0.0200000000000102,96.15578737301587,0.033030127259374736,96.12275724575649,-0.05421262698412477,0.05421262698412477,True,LEAVE_ONE_FAMILY_OUT,TiOx,TiOx_02_Pt,10.1038/s41598-019-44607-3,TiOx,5,5,4,False
TiOx_02_Pt,10.1038/s41598-019-44607-3,TiOx,2.128684,0.3281111958478591,0,0,GRADUAL_MULTILEVEL,NOT_REPORTED,absolute,IDEALIZED_SINGLE_PAIR_GRADUAL,IDEALIZED_GRADUAL_MAPPING,256,7,127,0,2,9,203264,10,512,5120,96.21,0.0200000000000102,96.21757037301589,0.025373543444086235,96.1921968295718,0.007570373015894916,0.007570373015894916,True,LEAVE_ONE_FAMILY_OUT,TiOx,TiOx_02_Pt,10.1038/s41598-019-44607-3,TiOx,5,5,4,False
TiOx_02_Pt,10.1038/s41598-019-44607-3,TiOx,2.128684,0.3281111958478591,0,0,GRADUAL_MULTILEVEL,NOT_REPORTED,absolute,IDEALIZED_SINGLE_PAIR_GRADUAL,IDEALIZED_GRADUAL_MAPPING,16,7,127,0,2,7,203264,800,128,102400,96.21,0.0200000000000102,96.18965597835498,0.036146348421453166,96.15350962993352,-0.02034402164501614,0.02034402164501614,True,LEAVE_ONE_FAMILY_OUT,TiOx,TiOx_02_Pt,10.1038/s41598-019-44607-3,TiOx,5,5,4,False
TiOx_02_Pt,10.1038/s41598-019-44607-3,TiOx,2.128684,0.3281111958478591,0,0,GRADUAL_MULTILEVEL,NOT_REPORTED,absolute,IDEALIZED_SINGLE_PAIR_GRADUAL,IDEALIZED_GRADUAL_MAPPING,16,8,255,0,2,7,203264,800,128,102400,96.21,0.0200000000000102,96.17720721645021,0.04340856946337757,96.13379864698683,-0.032792783549780324,0.032792783549780324,True,LEAVE_ONE_FAMILY_OUT,TiOx,TiOx_02_Pt,10.1038/s41598-019-44607-3,TiOx,5,5,4,False
TiOx_02_Pt,10.1038/s41598-019-44607-3,TiOx,2.128684,0.3281111958478591,0,0,GRADUAL_MULTILEVEL,NOT_REPORTED,absolute,IDEALIZED_SINGLE_PAIR_GRADUAL,IDEALIZED_GRADUAL_MAPPING,64,8,255,0,2,8,203264,56,256,14336,96.21,0.0200000000000102,96.17895026984127,0.024983161307167857,96.1539671085341,-0.031049730158727584,0.031049730158727584,True,LEAVE_ONE_FAMILY_OUT,TiOx,TiOx_02_Pt,10.1038/s41598-019-44607-3,TiOx,5,5,4,False
TiOx_02_Pt,10.1038/s41598-019-44607-3,TiOx,2.128684,0.3281111958478591,0,0,GRADUAL_MULTILEVEL,NOT_REPORTED,absolute,IDEALIZED_SINGLE_PAIR_GRADUAL,IDEALIZED_GRADUAL_MAPPING,128,7,127,0,2,10,203264,16,1024,16384,96.2,0.0300000000000011,96.20001785714285,0.018450691882649067,96.1815671652602,1.7857142850630225e-05,1.7857142850630225e-05,True,LEAVE_ONE_FAMILY_OUT,TiOx,TiOx_02_Pt,10.1038/s41598-019-44607-3,TiOx,5,5,4,False
TiOx_02_Pt,10.1038/s41598-019-44607-3,TiOx,2.128684,0.3281111958478591,0,0,GRADUAL_MULTILEVEL,NOT_REPORTED,absolute,IDEALIZED_SINGLE_PAIR_GRADUAL,IDEALIZED_GRADUAL_MAPPING,256,8,255,0,2,9,203264,10,512,5120,96.2,0.0300000000000011,96.20261069841271,0.024904679680650035,96.17770601873207,0.0026106984127096666,0.0026106984127096666,True,LEAVE_ONE_FAMILY_OUT,TiOx,TiOx_02_Pt,10.1038/s41598-019-44607-3,TiOx,5,5,4,False
TiOx_02_Pt,10.1038/s41598-019-44607-3,TiOx,2.128684,0.3281111958478591,0,0,GRADUAL_MULTILEVEL,NOT_REPORTED,absolute,IDEALIZED_SINGLE_PAIR_GRADUAL,IDEALIZED_GRADUAL_MAPPING,256,8,255,0,2,10,203264,10,1024,10240,96.19,0.0400000000000062,96.19312976984126,0.029087892834281603,96.16404187700698,0.0031297698412657837,0.0031297698412657837,True,LEAVE_ONE_FAMILY_OUT,TiOx,TiOx_02_Pt,10.1038/s41598-019-44607-3,TiOx,5,5,4,False
TiOx_02_Pt,10.1038/s41598-019-44607-3,TiOx,2.128684,0.3281111958478591,0,0,GRADUAL_MULTILEVEL,NOT_REPORTED,absolute,IDEALIZED_SINGLE_PAIR_GRADUAL,IDEALIZED_GRADUAL_MAPPING,128,7,127,0,2,9,203264,16,512,8192,96.19,0.0400000000000062,96.22429556349206,0.01670261358843705,96.20759294990363,0.03429556349206564,0.03429556349206564,True,LEAVE_ONE_FAMILY_OUT,TiOx,TiOx_02_Pt,10.1038/s41598-019-44607-3,TiOx,5,5,4,False
TiOx_02_Pt,10.1038/s41598-019-44607-3,TiOx,2.128684,0.3281111958478591,0,0,GRADUAL_MULTILEVEL,NOT_REPORTED,absolute,IDEALIZED_SINGLE_PAIR_GRADUAL,IDEALIZED_GRADUAL_MAPPING,64,8,255,0,2,7,203264,56,128,7168,96.19,0.0400000000000062,96.15842241269841,0.07532466720865728,96.08309774548975,-0.031577587301583776,0.031577587301583776,True,LEAVE_ONE_FAMILY_OUT,TiOx,TiOx_02_Pt,10.1038/s41598-019-44607-3,TiOx,5,5,4,False
TiOx_02_Pt,10.1038/s41598-019-44607-3,TiOx,2.128684,0.3281111958478591,0,0,GRADUAL_MULTILEVEL,NOT_REPORTED,absolute,IDEALIZED_SINGLE_PAIR_GRADUAL,IDEALIZED_GRADUAL_MAPPING,32,7,127,0,2,7,203264,208,128,26624,96.19,0.0400000000000062,96.19436983549784,0.037521853602120986,96.15684798189572,0.004369835497840313,0.004369835497840313,True,LEAVE_ONE_FAMILY_OUT,TiOx,TiOx_02_Pt,10.1038/s41598-019-44607-3,TiOx,5,5,4,False
TiOx_02_Pt,10.1038/s41598-019-44607-3,TiOx,2.128684,0.3281111958478591,0,0,GRADUAL_MULTILEVEL,NOT_REPORTED,absolute,IDEALIZED_SINGLE_PAIR_GRADUAL,IDEALIZED_GRADUAL_MAPPING,32,6,63,0,2,8,203264,208,256,53248,96.19,0.0400000000000062,96.24273631746031,0.02806618566091944,96.2146701317994,0.05273631746031526,0.05273631746031526,True,LEAVE_ONE_FAMILY_OUT,TiOx,TiOx_02_Pt,10.1038/s41598-019-44607-3,TiOx,5,5,4,False
TiOx_02_Pt,10.1038/s41598-019-44607-3,TiOx,2.128684,0.3281111958478591,0,0,GRADUAL_MULTILEVEL,NOT_REPORTED,absolute,IDEALIZED_SINGLE_PAIR_GRADUAL,IDEALIZED_GRADUAL_MAPPING,32,7,127,0,2,8,203264,208,256,53248,96.19,0.0400000000000062,96.19867098629149,0.025543603559746657,96.17312738273175,0.008670986291491545,0.008670986291491545,True,LEAVE_ONE_FAMILY_OUT,TiOx,TiOx_02_Pt,10.1038/s41598-019-44607-3,TiOx,5,5,4,False
TiOx_02_Pt,10.1038/s41598-019-44607-3,TiOx,2.128684,0.3281111958478591,0,0,GRADUAL_MULTILEVEL,NOT_REPORTED,absolute,IDEALIZED_SINGLE_PAIR_GRADUAL,IDEALIZED_GRADUAL_MAPPING,64,7,127,0,2,8,203264,56,256,14336,96.18,0.0499999999999971,96.1926613888889,0.027528972242516866,96.16513241664637,0.012661388888886904,0.012661388888886904,True,LEAVE_ONE_FAMILY_OUT,TiOx,TiOx_02_Pt,10.1038/s41598-019-44607-3,TiOx,5,5,4,False
TiOx_02_Pt,10.1038/s41598-019-44607-3,TiOx,2.128684,0.3281111958478591,0,0,GRADUAL_MULTILEVEL,NOT_REPORTED,absolute,IDEALIZED_SINGLE_PAIR_GRADUAL,IDEALIZED_GRADUAL_MAPPING,64,5,31,0,2,9,203264,56,512,28672,96.18,0.0499999999999971,96.16034073809523,0.022222414970847836,96.13811832312439,-0.019659261904777736,0.019659261904777736,True,LEAVE_ONE_FAMILY_OUT,TiOx,TiOx_02_Pt,10.1038/s41598-019-44607-3,TiOx,5,5,4,False
TiOx_02_Pt,10.1038/s41598-019-44607-3,TiOx,2.128684,0.3281111958478591,0,0,GRADUAL_MULTILEVEL,NOT_REPORTED,absolute,IDEALIZED_SINGLE_PAIR_GRADUAL,IDEALIZED_GRADUAL_MAPPING,16,5,31,0,2,8,203264,800,256,204800,96.17,0.0600000000000022,96.15144748412699,0.02811608360085156,96.12333140052614,-0.018552515873011544,0.018552515873011544,True,LEAVE_ONE_FAMILY_OUT,TiOx,TiOx_02_Pt,10.1038/s41598-019-44607-3,TiOx,5,5,4,False
TiOx_02_Pt,10.1038/s41598-019-44607-3,TiOx,2.128684,0.3281111958478591,0,0,GRADUAL_MULTILEVEL,NOT_REPORTED,absolute,IDEALIZED_SINGLE_PAIR_GRADUAL,IDEALIZED_GRADUAL_MAPPING,256,5,31,0,2,9,203264,10,512,5120,96.17,0.0600000000000022,96.1370790079365,0.043768910618913075,96.0933100973176,-0.03292099206349519,0.03292099206349519,True,LEAVE_ONE_FAMILY_OUT,TiOx,TiOx_02_Pt,10.1038/s41598-019-44607-3,TiOx,5,5,4,False
TiOx_02_Pt,10.1038/s41598-019-44607-3,TiOx,2.128684,0.3281111958478591,0,0,GRADUAL_MULTILEVEL,NOT_REPORTED,absolute,IDEALIZED_SINGLE_PAIR_GRADUAL,IDEALIZED_GRADUAL_MAPPING,64,7,127,0,2,7,203264,56,128,7168,96.17,0.0600000000000022,96.17078085714284,0.07376043357844948,96.0970204235644,0.0007808571428427058,0.0007808571428427058,True,LEAVE_ONE_FAMILY_OUT,TiOx,TiOx_02_Pt,10.1038/s41598-019-44607-3,TiOx,5,5,4,False
TiOx_02_Pt,10.1038/s41598-019-44607-3,TiOx,2.128684,0.3281111958478591,0,0,GRADUAL_MULTILEVEL,NOT_REPORTED,absolute,IDEALIZED_SINGLE_PAIR_GRADUAL,IDEALIZED_GRADUAL_MAPPING,128,5,31,0,2,9,203264,16,512,8192,96.16,0.0700000000000073,96.1571688015873,0.031886744596677945,96.12528205699063,-0.00283119841269297,0.00283119841269297,True,LEAVE_ONE_FAMILY_OUT,TiOx,TiOx_02_Pt,10.1038/s41598-019-44607-3,TiOx,5,5,4,False
TiOx_02_Pt,10.1038/s41598-019-44607-3,TiOx,2.128684,0.3281111958478591,0,0,GRADUAL_MULTILEVEL,NOT_REPORTED,absolute,IDEALIZED_SINGLE_PAIR_GRADUAL,IDEALIZED_GRADUAL_MAPPING,32,5,31,0,2,8,203264,208,256,53248,96.16,0.0700000000000073,96.17319273881674,0.0291690164376423,96.14402372237909,0.013192738816741212,0.013192738816741212,True,LEAVE_ONE_FAMILY_OUT,TiOx,TiOx_02_Pt,10.1038/s41598-019-44607-3,TiOx,5,5,4,False
TiOx_02_Pt,10.1038/s41598-019-44607-3,TiOx,2.128684,0.3281111958478591,0,0,GRADUAL_MULTILEVEL,NOT_REPORTED,absolute,IDEALIZED_SINGLE_PAIR_GRADUAL,IDEALIZED_GRADUAL_MAPPING,32,5,31,0,2,9,203264,208,512,106496,96.16,0.0700000000000073,96.15811203968255,0.015549313953380375,96.14256272572916,-0.0018879603174468684,0.0018879603174468684,True,LEAVE_ONE_FAMILY_OUT,TiOx,TiOx_02_Pt,10.1038/s41598-019-44607-3,TiOx,5,5,4,False
TiOx_02_Pt,10.1038/s41598-019-44607-3,TiOx,2.128684,0.3281111958478591,0,0,GRADUAL_MULTILEVEL,NOT_REPORTED,absolute,IDEALIZED_SINGLE_PAIR_GRADUAL,IDEALIZED_GRADUAL_MAPPING,16,6,63,0,2,7,203264,800,128,102400,96.15,0.0799999999999983,96.19913188095236,0.03190924694300357,96.16722263400936,0.0491318809523591,0.0491318809523591,True,LEAVE_ONE_FAMILY_OUT,TiOx,TiOx_02_Pt,10.1038/s41598-019-44607-3,TiOx,5,5,4,False
TiOx_02_Pt,10.1038/s41598-019-44607-3,TiOx,2.128684,0.3281111958478591,0,0,GRADUAL_MULTILEVEL,NOT_REPORTED,absolute,IDEALIZED_SINGLE_PAIR_GRADUAL,IDEALIZED_GRADUAL_MAPPING,16,5,31,0,2,7,203264,800,128,102400,96.15,0.0799999999999983,96.0865468174603,0.08692804090209726,95.99961877655821,-0.06345318253970333,0.06345318253970333,True,LEAVE_ONE_FAMILY_OUT,TiOx,TiOx_02_Pt,10.1038/s41598-019-44607-3,TiOx,5,5,4,False
TiOx_02_Pt,10.1038/s41598-019-44607-3,TiOx,2.128684,0.3281111958478591,0,0,GRADUAL_MULTILEVEL,NOT_REPORTED,absolute,IDEALIZED_SINGLE_PAIR_GRADUAL,IDEALIZED_GRADUAL_MAPPING,256,5,31,0,2,10,203264,10,1024,10240,96.15,0.0799999999999983,96.13935115079366,0.044879630154007755,96.09447152063964,-0.010648849206347677,0.010648849206347677,True,LEAVE_ONE_FAMILY_OUT,TiOx,TiOx_02_Pt,10.1038/s41598-019-44607-3,TiOx,5,5,4,False
TiOx_02_Pt,10.1038/s41598-019-44607-3,TiOx,2.128684,0.3281111958478591,0,0,GRADUAL_MULTILEVEL,NOT_REPORTED,absolute,IDEALIZED_SINGLE_PAIR_GRADUAL,IDEALIZED_GRADUAL_MAPPING,128,8,255,0,2,10,203264,16,1024,16384,96.15,0.0799999999999983,96.20849232539683,0.019690123860196678,96.18880220153663,0.05849232539682703,0.05849232539682703,True,LEAVE_ONE_FAMILY_OUT,TiOx,TiOx_02_Pt,10.1038/s41598-019-44607-3,TiOx,5,5,4,False
TiOx_02_Pt,10.1038/s41598-019-44607-3,TiOx,2.128684,0.3281111958478591,0,0,GRADUAL_MULTILEVEL,NOT_REPORTED,absolute,IDEALIZED_SINGLE_PAIR_GRADUAL,IDEALIZED_GRADUAL_MAPPING,128,8,255,0,2,9,203264,16,512,8192,96.15,0.0799999999999983,96.21247080952381,0.013988997125011834,96.1984818123988,0.06247080952380202,0.06247080952380202,True,LEAVE_ONE_FAMILY_OUT,TiOx,TiOx_02_Pt,10.1038/s41598-019-44607-3,TiOx,5,5,4,False
TiOx_02_Pt,10.1038/s41598-019-44607-3,TiOx,2.128684,0.3281111958478591,0,0,GRADUAL_MULTILEVEL,NOT_REPORTED,absolute,IDEALIZED_SINGLE_PAIR_GRADUAL,IDEALIZED_GRADUAL_MAPPING,64,5,31,0,2,10,203264,56,1024,57344,96.14,0.0900000000000034,96.15961857142857,0.023451410657756952,96.13616716077081,0.019618571428566156,0.019618571428566156,True,LEAVE_ONE_FAMILY_OUT,TiOx,TiOx_02_Pt,10.1038/s41598-019-44607-3,TiOx,5,5,4,False
TiOx_02_Pt,10.1038/s41598-019-44607-3,TiOx,2.128684,0.3281111958478591,0,0,GRADUAL_MULTILEVEL,NOT_REPORTED,absolute,IDEALIZED_SINGLE_PAIR_GRADUAL,IDEALIZED_GRADUAL_MAPPING,16,5,31,0,2,9,203264,800,512,409600,96.14,0.0900000000000034,96.15477346031746,0.019107746226099627,96.13566571409136,0.014773460317456966,0.014773460317456966,True,LEAVE_ONE_FAMILY_OUT,TiOx,TiOx_02_Pt,10.1038/s41598-019-44607-3,TiOx,5,5,4,False
TiOx_02_Pt,10.1038/s41598-019-44607-3,TiOx,2.128684,0.3281111958478591,0,0,GRADUAL_MULTILEVEL,NOT_REPORTED,absolute,IDEALIZED_SINGLE_PAIR_GRADUAL,IDEALIZED_GRADUAL_MAPPING,16,5,31,0,2,10,203264,800,1024,819200,96.14,0.0900000000000034,96.14528634920634,0.022012222383167603,96.12327412682318,0.005286349206343743,0.005286349206343743,True,LEAVE_ONE_FAMILY_OUT,TiOx,TiOx_02_Pt,10.1038/s41598-019-44607-3,TiOx,5,5,4,False
TiOx_02_Pt,10.1038/s41598-019-44607-3,TiOx,2.128684,0.3281111958478591,0,0,GRADUAL_MULTILEVEL,NOT_REPORTED,absolute,IDEALIZED_SINGLE_PAIR_GRADUAL,IDEALIZED_GRADUAL_MAPPING,32,6,63,0,2,7,203264,208,128,26624,96.14,0.0900000000000034,96.20579692857142,0.031063515586422008,96.17473341298499,0.06579692857141595,0.06579692857141595,True,LEAVE_ONE_FAMILY_OUT,TiOx,TiOx_02_Pt,10.1038/s41598-019-44607-3,TiOx,5,5,4,False
TiOx_02_Pt,10.1038/s41598-019-44607-3,TiOx,2.128684,0.3281111958478591,0,0,GRADUAL_MULTILEVEL,NOT_REPORTED,absolute,IDEALIZED_SINGLE_PAIR_GRADUAL,IDEALIZED_GRADUAL_MAPPING,32,5,31,0,2,10,203264,208,1024,212992,96.13,0.1000000000000085,96.14843400000001,0.01896786970501757,96.12946613029499,0.018434000000013384,0.018434000000013384,True,LEAVE_ONE_FAMILY_OUT,TiOx,TiOx_02_Pt,10.1038/s41598-019-44607-3,TiOx,5,5,4,False
TiOx_02_Pt,10.1038/s41598-019-44607-3,TiOx,2.128684,0.3281111958478591,0,0,GRADUAL_MULTILEVEL,NOT_REPORTED,absolute,IDEALIZED_SINGLE_PAIR_GRADUAL,IDEALIZED_GRADUAL_MAPPING,64,6,63,0,2,8,203264,56,256,14336,96.12,0.1099999999999994,96.2404447063492,0.03056854324171266,96.20987616310748,0.1204447063491898,0.1204447063491898,True,LEAVE_ONE_FAMILY_OUT,TiOx,TiOx_02_Pt,10.1038/s41598-019-44607-3,TiOx,5,5,4,False
TiOx_02_Pt,10.1038/s41598-019-44607-3,TiOx,2.128684,0.3281111958478591,0,0,GRADUAL_MULTILEVEL,NOT_REPORTED,absolute,IDEALIZED_SINGLE_PAIR_GRADUAL,IDEALIZED_GRADUAL_MAPPING,16,4,15,0,2,7,203264,800,128,102400,96.11,0.1200000000000045,95.99897142063492,0.10318273809547417,95.89578868253945,-0.11102857936508315,0.11102857936508315,True,LEAVE_ONE_FAMILY_OUT,TiOx,TiOx_02_Pt,10.1038/s41598-019-44607-3,TiOx,5,5,4,False
TiOx_02_Pt,10.1038/s41598-019-44607-3,TiOx,2.128684,0.3281111958478591,0,0,GRADUAL_MULTILEVEL,NOT_REPORTED,absolute,IDEALIZED_SINGLE_PAIR_GRADUAL,IDEALIZED_GRADUAL_MAPPING,32,4,15,0,2,9,203264,208,512,106496,96.1,0.1300000000000096,96.0704514047619,0.016836276523023722,96.05361512823887,-0.029548595238097164,0.029548595238097164,True,LEAVE_ONE_FAMILY_OUT,TiOx,TiOx_02_Pt,10.1038/s41598-019-44607-3,TiOx,5,5,4,False
TiOx_02_Pt,10.1038/s41598-019-44607-3,TiOx,2.128684,0.3281111958478591,0,0,GRADUAL_MULTILEVEL,NOT_REPORTED,absolute,IDEALIZED_SINGLE_PAIR_GRADUAL,IDEALIZED_GRADUAL_MAPPING,16,4,15,0,2,8,203264,800,256,204800,96.09,0.1400000000000005,96.0751591111111,0.013916653558209712,96.0612424575529,-0.014840888888898007,0.014840888888898007,True,LEAVE_ONE_FAMILY_OUT,TiOx,TiOx_02_Pt,10.1038/s41598-019-44607-3,TiOx,5,5,4,False
TiOx_02_Pt,10.1038/s41598-019-44607-3,TiOx,2.128684,0.3281111958478591,0,0,GRADUAL_MULTILEVEL,NOT_REPORTED,absolute,IDEALIZED_SINGLE_PAIR_GRADUAL,IDEALIZED_GRADUAL_MAPPING,128,4,15,0,2,10,203264,16,1024,16384,96.09,0.1400000000000005,96.04528918253968,0.029277272182474633,96.01601191035721,-0.044710817460327235,0.044710817460327235,True,LEAVE_ONE_FAMILY_OUT,TiOx,TiOx_02_Pt,10.1038/s41598-019-44607-3,TiOx,5,5,4,False
TiOx_02_Pt,10.1038/s41598-019-44607-3,TiOx,2.128684,0.3281111958478591,0,0,GRADUAL_MULTILEVEL,NOT_REPORTED,absolute,IDEALIZED_SINGLE_PAIR_GRADUAL,IDEALIZED_GRADUAL_MAPPING,256,4,15,0,2,8,203264,10,256,2560,96.09,0.1400000000000005,96.06914401587301,0.039447189180762315,96.02969682669224,-0.020855984126995963,0.020855984126995963,True,LEAVE_ONE_FAMILY_OUT,TiOx,TiOx_02_Pt,10.1038/s41598-019-44607-3,TiOx,5,5,4,False
TiOx_02_Pt,10.1038/s41598-019-44607-3,TiOx,2.128684,0.3281111958478591,0,0,GRADUAL_MULTILEVEL,NOT_REPORTED,absolute,IDEALIZED_SINGLE_PAIR_GRADUAL,IDEALIZED_GRADUAL_MAPPING,32,5,31,0,2,7,203264,208,128,26624,96.09,0.1400000000000005,96.10078807142857,0.09498169721595627,96.00580637421261,0.010788071428564194,0.010788071428564194,True,LEAVE_ONE_FAMILY_OUT,TiOx,TiOx_02_Pt,10.1038/s41598-019-44607-3,TiOx,5,5,4,False
TiOx_02_Pt,10.1038/s41598-019-44607-3,TiOx,2.128684,0.3281111958478591,0,0,GRADUAL_MULTILEVEL,NOT_REPORTED,absolute,IDEALIZED_SINGLE_PAIR_GRADUAL,IDEALIZED_GRADUAL_MAPPING,16,7,127,0,2,6,203264,800,64,51200,96.09,0.1400000000000005,96.06570538888889,0.08704164026502383,95.97866374862386,-0.024294611111116637,0.024294611111116637,True,LEAVE_ONE_FAMILY_OUT,TiOx,TiOx_02_Pt,10.1038/s41598-019-44607-3,TiOx,5,5,4,False
TiOx_02_Pt,10.1038/s41598-019-44607-3,TiOx,2.128684,0.3281111958478591,0,0,GRADUAL_MULTILEVEL,NOT_REPORTED,absolute,IDEALIZED_SINGLE_PAIR_GRADUAL,IDEALIZED_GRADUAL_MAPPING,16,4,15,0,2,10,203264,800,1024,819200,96.09,0.1400000000000005,96.0667088095238,0.01693345146147221,96.04977535806233,-0.02329119047620054,0.02329119047620054,True,LEAVE_ONE_FAMILY_OUT,TiOx,TiOx_02_Pt,10.1038/s41598-019-44607-3,TiOx,5,5,4,False
TiOx_02_Pt,10.1038/s41598-019-44607-3,TiOx,2.128684,0.3281111958478591,0,0,GRADUAL_MULTILEVEL,NOT_REPORTED,absolute,IDEALIZED_SINGLE_PAIR_GRADUAL,IDEALIZED_GRADUAL_MAPPING,32,8,255,0,2,7,203264,208,128,26624,96.09,0.1400000000000005,96.17710204978354,0.04556733944254914,96.13153471034099,0.08710204978353886,0.08710204978353886,True,LEAVE_ONE_FAMILY_OUT,TiOx,TiOx_02_Pt,10.1038/s41598-019-44607-3,TiOx,5,5,4,False
TiOx_02_Pt,10.1038/s41598-019-44607-3,TiOx,2.128684,0.3281111958478591,0,0,GRADUAL_MULTILEVEL,NOT_REPORTED,absolute,IDEALIZED_SINGLE_PAIR_GRADUAL,IDEALIZED_GRADUAL_MAPPING,32,4,15,0,2,8,203264,208,256,53248,96.08,0.1500000000000056,96.07099484920633,0.014567924506541314,96.05642692469979,-0.009005150793669259,0.009005150793669259,True,LEAVE_ONE_FAMILY_OUT,TiOx,TiOx_02_Pt,10.1038/s41598-019-44607-3,TiOx,5,5,4,False
TiOx_02_Pt,10.1038/s41598-019-44607-3,TiOx,2.128684,0.3281111958478591,0,0,GRADUAL_MULTILEVEL,NOT_REPORTED,absolute,IDEALIZED_SINGLE_PAIR_GRADUAL,IDEALIZED_GRADUAL_MAPPING,256,5,31,0,2,8,203264,10,256,2560,96.08,0.1500000000000056,96.12334339682539,0.05106593568306513,96.07227746114232,0.04334339682539223,0.04334339682539223,True,LEAVE_ONE_FAMILY_OUT,TiOx,TiOx_02_Pt,10.1038/s41598-019-44607-3,TiOx,5,5,4,False
TiOx_02_Pt,10.1038/s41598-019-44607-3,TiOx,2.128684,0.3281111958478591,0,0,GRADUAL_MULTILEVEL,NOT_REPORTED,absolute,IDEALIZED_SINGLE_PAIR_GRADUAL,IDEALIZED_GRADUAL_MAPPING,32,4,15,0,2,10,203264,208,1024,212992,96.08,0.1500000000000056,96.06311197619047,0.017288592249261225,96.04582338394121,-0.016888023809528363,0.016888023809528363,True,LEAVE_ONE_FAMILY_OUT,TiOx,TiOx_02_Pt,10.1038/s41598-019-44607-3,TiOx,5,5,4,False
TiOx_02_Pt,10.1038/s41598-019-44607-3,TiOx,2.128684,0.3281111958478591,0,0,GRADUAL_MULTILEVEL,NOT_REPORTED,absolute,IDEALIZED_SINGLE_PAIR_GRADUAL,IDEALIZED_GRADUAL_MAPPING,256,4,15,0,2,10,203264,10,1024,10240,96.08,0.1500000000000056,96.04106811904762,0.031188857218943045,96.00987926182869,-0.038931880952375764,0.038931880952375764,True,LEAVE_ONE_FAMILY_OUT,TiOx,TiOx_02_Pt,10.1038/s41598-019-44607-3,TiOx,5,5,4,False
TiOx_02_Pt,10.1038/s41598-019-44607-3,TiOx,2.128684,0.3281111958478591,0,0,GRADUAL_MULTILEVEL,NOT_REPORTED,absolute,IDEALIZED_SINGLE_PAIR_GRADUAL,IDEALIZED_GRADUAL_MAPPING,64,4,15,0,2,8,203264,56,256,14336,96.07,0.1600000000000108,96.06491001587301,0.02131520288626072,96.04359481298675,-0.005089984126982472,0.005089984126982472,True,LEAVE_ONE_FAMILY_OUT,TiOx,TiOx_02_Pt,10.1038/s41598-019-44607-3,TiOx,5,5,4,False
TiOx_02_Pt,10.1038/s41598-019-44607-3,TiOx,2.128684,0.3281111958478591,0,0,GRADUAL_MULTILEVEL,NOT_REPORTED,absolute,IDEALIZED_SINGLE_PAIR_GRADUAL,IDEALIZED_GRADUAL_MAPPING,64,6,63,0,2,7,203264,56,128,7168,96.07,0.1600000000000108,96.18792854761905,0.06593894251320115,96.12198960510585,0.11792854761905858,0.11792854761905858,True,LEAVE_ONE_FAMILY_OUT,TiOx,TiOx_02_Pt,10.1038/s41598-019-44607-3,TiOx,5,5,4,False
TiOx_02_Pt,10.1038/s41598-019-44607-3,TiOx,2.128684,0.3281111958478591,0,0,GRADUAL_MULTILEVEL,NOT_REPORTED,absolute,IDEALIZED_SINGLE_PAIR_GRADUAL,IDEALIZED_GRADUAL_MAPPING,64,4,15,0,2,9,203264,56,512,28672,96.06,0.1700000000000017,96.06884544444442,0.019214720684862453,96.04963072375956,0.008845444444418149,0.008845444444418149,True,LEAVE_ONE_FAMILY_OUT,TiOx,TiOx_02_Pt,10.1038/s41598-019-44607-3,TiOx,5,5,4,False
TiOx_02_Pt,10.1038/s41598-019-44607-3,TiOx,2.128684,0.3281111958478591,0,0,GRADUAL_MULTILEVEL,NOT_REPORTED,absolute,IDEALIZED_SINGLE_PAIR_GRADUAL,IDEALIZED_GRADUAL_MAPPING,16,8,255,0,2,6,203264,800,64,51200,96.06,0.1700000000000017,96.06464638888889,0.08900730463827307,95.97563908425062,0.004646388888886577,0.004646388888886577,True,LEAVE_ONE_FAMILY_OUT,TiOx,TiOx_02_Pt,10.1038/s41598-019-44607-3,TiOx,5,5,4,False
TiOx_02_Pt,10.1038/s41598-019-44607-3,TiOx,2.128684,0.3281111958478591,0,0,GRADUAL_MULTILEVEL,NOT_REPORTED,absolute,IDEALIZED_SINGLE_PAIR_GRADUAL,IDEALIZED_GRADUAL_MAPPING,64,4,15,0,2,10,203264,56,1024,57344,96.04,0.1899999999999977,96.06119944444444,0.019242437415173532,96.04195700702927,0.021199444444434334,0.021199444444434334,True,LEAVE_ONE_FAMILY_OUT,TiOx,TiOx_02_Pt,10.1038/s41598-019-44607-3,TiOx,5,5,4,False
TiOx_02_Pt,10.1038/s41598-019-44607-3,TiOx,2.128684,0.3281111958478591,0,0,GRADUAL_MULTILEVEL,NOT_REPORTED,absolute,IDEALIZED_SINGLE_PAIR_GRADUAL,IDEALIZED_GRADUAL_MAPPING,16,4,15,0,2,9,203264,800,512,409600,96.04,0.1899999999999977,96.07822047619048,0.011575237282866545,96.06664523890761,0.03822047619047453,0.03822047619047453,True,LEAVE_ONE_FAMILY_OUT,TiOx,TiOx_02_Pt,10.1038/s41598-019-44607-3,TiOx,5,5,4,False
TiOx_02_Pt,10.1038/s41598-019-44607-3,TiOx,2.128684,0.3281111958478591,0,0,GRADUAL_MULTILEVEL,NOT_REPORTED,absolute,IDEALIZED_SINGLE_PAIR_GRADUAL,IDEALIZED_GRADUAL_MAPPING,128,4,15,0,2,9,203264,16,512,8192,96.04,0.1899999999999977,96.07012125396824,0.02729671622195549,96.04282453774628,0.03012125396823251,0.03012125396823251,True,LEAVE_ONE_FAMILY_OUT,TiOx,TiOx_02_Pt,10.1038/s41598-019-44607-3,TiOx,5,5,4,False
TiOx_02_Pt,10.1038/s41598-019-44607-3,TiOx,2.128684,0.3281111958478591,0,0,GRADUAL_MULTILEVEL,NOT_REPORTED,absolute,IDEALIZED_SINGLE_PAIR_GRADUAL,IDEALIZED_GRADUAL_MAPPING,128,4,15,0,2,8,203264,16,256,4096,96.03,0.2000000000000028,96.07750893650794,0.031687506183744364,96.0458214303242,0.047508936507938415,0.047508936507938415,True,LEAVE_ONE_FAMILY_OUT,TiOx,TiOx_02_Pt,10.1038/s41598-019-44607-3,TiOx,5,5,4,False
TiOx_02_Pt,10.1038/s41598-019-44607-3,TiOx,2.128684,0.3281111958478591,0,0,GRADUAL_MULTILEVEL,NOT_REPORTED,absolute,IDEALIZED_SINGLE_PAIR_GRADUAL,IDEALIZED_GRADUAL_MAPPING,256,4,15,0,2,9,203264,10,512,5120,96.03,0.2000000000000028,96.06643255555555,0.03295815843400157,96.03347439712155,0.036432555555549584,0.036432555555549584,True,LEAVE_ONE_FAMILY_OUT,TiOx,TiOx_02_Pt,10.1038/s41598-019-44607-3,TiOx,5,5,4,False
TiOx_02_Pt,10.1038/s41598-019-44607-3,TiOx,2.128684,0.3281111958478591,0,0,GRADUAL_MULTILEVEL,NOT_REPORTED,absolute,IDEALIZED_SINGLE_PAIR_GRADUAL,IDEALIZED_GRADUAL_MAPPING,64,5,31,0,2,7,203264,56,128,7168,96.03,0.2000000000000028,96.0784954920635,0.11023933728128367,95.96825615478221,0.048495492063494794,0.048495492063494794,True,LEAVE_ONE_FAMILY_OUT,TiOx,TiOx_02_Pt,10.1038/s41598-019-44607-3,TiOx,5,5,4,False
TiOx_02_Pt,10.1038/s41598-019-44607-3,TiOx,2.128684,0.3281111958478591,0,0,GRADUAL_MULTILEVEL,NOT_REPORTED,absolute,IDEALIZED_SINGLE_PAIR_GRADUAL,IDEALIZED_GRADUAL_MAPPING,16,6,63,0,2,6,203264,800,64,51200,96.03,0.2000000000000028,96.03542593650793,0.11808603739243663,95.9173398991155,0.005425936507933216,0.005425936507933216,True,LEAVE_ONE_FAMILY_OUT,TiOx,TiOx_02_Pt,10.1038/s41598-019-44607-3,TiOx,5,5,4,False
TiOx_02_Pt,10.1038/s41598-019-44607-3,TiOx,2.128684,0.3281111958478591,0,0,GRADUAL_MULTILEVEL,NOT_REPORTED,absolute,IDEALIZED_SINGLE_PAIR_GRADUAL,IDEALIZED_GRADUAL_MAPPING,16,5,31,0,2,6,203264,800,64,51200,96.02,0.2100000000000079,95.97499784126984,0.1342196952626234,95.84077814600721,-0.04500215873015634,0.04500215873015634,True,LEAVE_ONE_FAMILY_OUT,TiOx,TiOx_02_Pt,10.1038/s41598-019-44607-3,TiOx,5,5,4,False
TiOx_02_Pt,10.1038/s41598-019-44607-3,TiOx,2.128684,0.3281111958478591,0,0,GRADUAL_MULTILEVEL,NOT_REPORTED,absolute,IDEALIZED_SINGLE_PAIR_GRADUAL,IDEALIZED_GRADUAL_MAPPING,128,8,255,0,2,7,203264,16,128,2048,96.01,0.2199999999999988,95.95559422222222,0.14901115544796975,95.80658306677425,-0.05440577777778799,0.05440577777778799,True,LEAVE_ONE_FAMILY_OUT,TiOx,TiOx_02_Pt,10.1038/s41598-019-44607-3,TiOx,5,5,4,False
TiOx_02_Pt,10.1038/s41598-019-44607-3,TiOx,2.128684,0.3281111958478591,0,0,GRADUAL_MULTILEVEL,NOT_REPORTED,absolute,IDEALIZED_SINGLE_PAIR_GRADUAL,IDEALIZED_GRADUAL_MAPPING,256,6,63,0,2,7,203264,10,128,1280,96.01,0.2199999999999988,96.01902272222223,0.11077406079561941,95.90824866142661,0.009022722222226776,0.009022722222226776,True,LEAVE_ONE_FAMILY_OUT,TiOx,TiOx_02_Pt,10.1038/s41598-019-44607-3,TiOx,5,5,4,False
TiOx_02_Pt,10.1038/s41598-019-44607-3,TiOx,2.128684,0.3281111958478591,0,0,GRADUAL_MULTILEVEL,NOT_REPORTED,absolute,IDEALIZED_SINGLE_PAIR_GRADUAL,IDEALIZED_GRADUAL_MAPPING,32,6,63,0,2,6,203264,208,64,13312,96.0,0.2300000000000039,95.8046726111111,0.10851427112898203,95.69615833998212,-0.19532738888889867,0.19532738888889867,True,LEAVE_ONE_FAMILY_OUT,TiOx,TiOx_02_Pt,10.1038/s41598-019-44607-3,TiOx,5,5,4,False
TiOx_02_Pt,10.1038/s41598-019-44607-3,TiOx,2.128684,0.3281111958478591,0,0,GRADUAL_MULTILEVEL,NOT_REPORTED,absolute,IDEALIZED_SINGLE_PAIR_GRADUAL,IDEALIZED_GRADUAL_MAPPING,32,5,31,0,2,6,203264,208,64,13312,95.98,0.25,95.75949030952381,0.09700375482364962,95.66248655470017,-0.22050969047619162,0.22050969047619162,True,LEAVE_ONE_FAMILY_OUT,TiOx,TiOx_02_Pt,10.1038/s41598-019-44607-3,TiOx,5,5,4,False
TiOx_02_Pt,10.1038/s41598-019-44607-3,TiOx,2.128684,0.3281111958478591,0,0,GRADUAL_MULTILEVEL,NOT_REPORTED,absolute,IDEALIZED_SINGLE_PAIR_GRADUAL,IDEALIZED_GRADUAL_MAPPING,32,8,255,0,2,6,203264,208,64,13312,95.98,0.25,95.83701373015873,0.11036528625574468,95.72664844390299,-0.14298626984127338,0.14298626984127338,True,LEAVE_ONE_FAMILY_OUT,TiOx,TiOx_02_Pt,10.1038/s41598-019-44607-3,TiOx,5,5,4,False
TiOx_02_Pt,10.1038/s41598-019-44607-3,TiOx,2.128684,0.3281111958478591,0,0,GRADUAL_MULTILEVEL,NOT_REPORTED,absolute,IDEALIZED_SINGLE_PAIR_GRADUAL,IDEALIZED_GRADUAL_MAPPING,16,4,15,0,2,6,203264,800,64,51200,95.97,0.2600000000000051,95.95820488888889,0.1432490726436854,95.8149558162452,-0.011795111111112533,0.011795111111112533,True,LEAVE_ONE_FAMILY_OUT,TiOx,TiOx_02_Pt,10.1038/s41598-019-44607-3,TiOx,5,5,4,False
TiOx_02_Pt,10.1038/s41598-019-44607-3,TiOx,2.128684,0.3281111958478591,0,0,GRADUAL_MULTILEVEL,NOT_REPORTED,absolute,IDEALIZED_SINGLE_PAIR_GRADUAL,IDEALIZED_GRADUAL_MAPPING,128,4,15,0,2,7,203264,16,128,2048,95.97,0.2600000000000051,95.84180754761906,0.12894733790485213,95.71286020971421,-0.12819245238094368,0.12819245238094368,True,LEAVE_ONE_FAMILY_OUT,TiOx,TiOx_02_Pt,10.1038/s41598-019-44607-3,TiOx,5,5,4,False
TiOx_02_Pt,10.1038/s41598-019-44607-3,TiOx,2.128684,0.3281111958478591,0,0,GRADUAL_MULTILEVEL,NOT_REPORTED,absolute,IDEALIZED_SINGLE_PAIR_GRADUAL,IDEALIZED_GRADUAL_MAPPING,128,6,63,0,2,7,203264,16,128,2048,95.96,0.2700000000000102,96.0179457936508,0.12496836316390827,95.8929774304869,0.0579457936508021,0.0579457936508021,True,LEAVE_ONE_FAMILY_OUT,TiOx,TiOx_02_Pt,10.1038/s41598-019-44607-3,TiOx,5,5,4,False
TiOx_02_Pt,10.1038/s41598-019-44607-3,TiOx,2.128684,0.3281111958478591,0,0,GRADUAL_MULTILEVEL,NOT_REPORTED,absolute,IDEALIZED_SINGLE_PAIR_GRADUAL,IDEALIZED_GRADUAL_MAPPING,32,4,15,0,2,7,203264,208,128,26624,95.96,0.2700000000000102,96.01229673015872,0.11108016964983955,95.90121656050889,0.05229673015873004,0.05229673015873004,True,LEAVE_ONE_FAMILY_OUT,TiOx,TiOx_02_Pt,10.1038/s41598-019-44607-3,TiOx,5,5,4,False
TiOx_02_Pt,10.1038/s41598-019-44607-3,TiOx,2.128684,0.3281111958478591,0,0,GRADUAL_MULTILEVEL,NOT_REPORTED,absolute,IDEALIZED_SINGLE_PAIR_GRADUAL,IDEALIZED_GRADUAL_MAPPING,32,7,127,0,2,6,203264,208,64,13312,95.95,0.2800000000000011,95.83861273015873,0.11049433058086805,95.72811839957787,-0.11138726984127345,0.11138726984127345,True,LEAVE_ONE_FAMILY_OUT,TiOx,TiOx_02_Pt,10.1038/s41598-019-44607-3,TiOx,5,5,4,False
TiOx_02_Pt,10.1038/s41598-019-44607-3,TiOx,2.128684,0.3281111958478591,0,0,GRADUAL_MULTILEVEL,NOT_REPORTED,absolute,IDEALIZED_SINGLE_PAIR_GRADUAL,IDEALIZED_GRADUAL_MAPPING,256,8,255,0,2,7,203264,10,128,1280,95.95,0.2800000000000011,95.95691909523809,0.13605867203446395,95.82086042320363,0.006919095238089312,0.006919095238089312,True,LEAVE_ONE_FAMILY_OUT,TiOx,TiOx_02_Pt,10.1038/s41598-019-44607-3,TiOx,5,5,4,False
TiOx_02_Pt,10.1038/s41598-019-44607-3,TiOx,2.128684,0.3281111958478591,0,0,GRADUAL_MULTILEVEL,NOT_REPORTED,absolute,IDEALIZED_SINGLE_PAIR_GRADUAL,IDEALIZED_GRADUAL_MAPPING,128,7,127,0,2,7,203264,16,128,2048,95.92,0.3100000000000023,95.97300663492064,0.142249408236857,95.83075722668379,0.053006634920635065,0.053006634920635065,True,LEAVE_ONE_FAMILY_OUT,TiOx,TiOx_02_Pt,10.1038/s41598-019-44607-3,TiOx,5,5,4,False
TiOx_02_Pt,10.1038/s41598-019-44607-3,TiOx,2.128684,0.3281111958478591,0,0,GRADUAL_MULTILEVEL,NOT_REPORTED,absolute,IDEALIZED_SINGLE_PAIR_GRADUAL,IDEALIZED_GRADUAL_MAPPING,128,5,31,0,2,7,203264,16,128,2048,95.88,0.3500000000000085,95.93927488888889,0.1400236374870245,95.79925125140187,0.05927488888889343,0.05927488888889343,True,LEAVE_ONE_FAMILY_OUT,TiOx,TiOx_02_Pt,10.1038/s41598-019-44607-3,TiOx,5,5,4,False
TiOx_02_Pt,10.1038/s41598-019-44607-3,TiOx,2.128684,0.3281111958478591,0,0,GRADUAL_MULTILEVEL,NOT_REPORTED,absolute,IDEALIZED_SINGLE_PAIR_GRADUAL,IDEALIZED_GRADUAL_MAPPING,32,4,15,0,2,6,203264,208,64,13312,95.88,0.3500000000000085,95.74792702380952,0.08700928375413072,95.6609177400554,-0.13207297619047154,0.13207297619047154,True,LEAVE_ONE_FAMILY_OUT,TiOx,TiOx_02_Pt,10.1038/s41598-019-44607-3,TiOx,5,5,4,False
TiOx_02_Pt,10.1038/s41598-019-44607-3,TiOx,2.128684,0.3281111958478591,0,0,GRADUAL_MULTILEVEL,NOT_REPORTED,absolute,IDEALIZED_SINGLE_PAIR_GRADUAL,IDEALIZED_GRADUAL_MAPPING,256,5,31,0,2,7,203264,10,128,1280,95.86,0.3700000000000045,95.92163103968254,0.12268494027613028,95.79894609940641,0.06163103968253836,0.06163103968253836,True,LEAVE_ONE_FAMILY_OUT,TiOx,TiOx_02_Pt,10.1038/s41598-019-44607-3,TiOx,5,5,4,False
TiOx_02_Pt,10.1038/s41598-019-44607-3,TiOx,2.128684,0.3281111958478591,0,0,GRADUAL_MULTILEVEL,NOT_REPORTED,absolute,IDEALIZED_SINGLE_PAIR_GRADUAL,IDEALIZED_GRADUAL_MAPPING,64,6,63,0,2,6,203264,56,64,3584,95.86,0.3700000000000045,95.38613066666666,0.11141814834570617,95.27471251832095,-0.47386933333334014,0.47386933333334014,True,LEAVE_ONE_FAMILY_OUT,TiOx,TiOx_02_Pt,10.1038/s41598-019-44607-3,TiOx,5,5,4,False
TiOx_02_Pt,10.1038/s41598-019-44607-3,TiOx,2.128684,0.3281111958478591,0,0,GRADUAL_MULTILEVEL,NOT_REPORTED,absolute,IDEALIZED_SINGLE_PAIR_GRADUAL,IDEALIZED_GRADUAL_MAPPING,64,7,127,0,2,6,203264,56,64,3584,95.84,0.3900000000000005,95.41775435714285,0.11725994030683726,95.30049441683602,-0.42224564285714905,0.42224564285714905,False,LEAVE_ONE_FAMILY_OUT,TiOx,TiOx_02_Pt,10.1038/s41598-019-44607-3,TiOx,5,5,4,False
TiOx_02_Pt,10.1038/s41598-019-44607-3,TiOx,2.128684,0.3281111958478591,0,0,GRADUAL_MULTILEVEL,NOT_REPORTED,absolute,IDEALIZED_SINGLE_PAIR_GRADUAL,IDEALIZED_GRADUAL_MAPPING,64,4,15,0,2,7,203264,56,128,7168,95.83,0.4000000000000057,95.9235860079365,0.12401454537415106,95.79957146256235,0.09358600793650851,0.09358600793650851,False,LEAVE_ONE_FAMILY_OUT,TiOx,TiOx_02_Pt,10.1038/s41598-019-44607-3,TiOx,5,5,4,False
TiOx_02_Pt,10.1038/s41598-019-44607-3,TiOx,2.128684,0.3281111958478591,0,0,GRADUAL_MULTILEVEL,NOT_REPORTED,absolute,IDEALIZED_SINGLE_PAIR_GRADUAL,IDEALIZED_GRADUAL_MAPPING,256,4,15,0,2,7,203264,10,128,1280,95.83,0.4000000000000057,95.84065734126983,0.12833355396117327,95.71232378730866,0.010657341269833864,0.010657341269833864,False,LEAVE_ONE_FAMILY_OUT,TiOx,TiOx_02_Pt,10.1038/s41598-019-44607-3,TiOx,5,5,4,False
TiOx_02_Pt,10.1038/s41598-019-44607-3,TiOx,2.128684,0.3281111958478591,0,0,GRADUAL_MULTILEVEL,NOT_REPORTED,absolute,IDEALIZED_SINGLE_PAIR_GRADUAL,IDEALIZED_GRADUAL_MAPPING,256,7,127,0,2,7,203264,10,128,1280,95.81,0.4200000000000017,95.97433107936507,0.128137073972422,95.84619400539265,0.16433107936506985,0.16433107936506985,False,LEAVE_ONE_FAMILY_OUT,TiOx,TiOx_02_Pt,10.1038/s41598-019-44607-3,TiOx,5,5,4,False
TiOx_02_Pt,10.1038/s41598-019-44607-3,TiOx,2.128684,0.3281111958478591,0,0,GRADUAL_MULTILEVEL,NOT_REPORTED,absolute,IDEALIZED_SINGLE_PAIR_GRADUAL,IDEALIZED_GRADUAL_MAPPING,64,8,255,0,2,6,203264,56,64,3584,95.76,0.4699999999999988,95.41646435714286,0.1133065479737543,95.30315780916911,-0.3435356428571481,0.3435356428571481,False,LEAVE_ONE_FAMILY_OUT,TiOx,TiOx_02_Pt,10.1038/s41598-019-44607-3,TiOx,5,5,4,False
TiOx_02_Pt,10.1038/s41598-019-44607-3,TiOx,2.128684,0.3281111958478591,0,0,GRADUAL_MULTILEVEL,NOT_REPORTED,absolute,IDEALIZED_SINGLE_PAIR_GRADUAL,IDEALIZED_GRADUAL_MAPPING,64,5,31,0,2,6,203264,56,64,3584,95.67,0.5600000000000023,95.34526344444444,0.11648055095113932,95.2287828934933,-0.32473655555556036,0.32473655555556036,False,LEAVE_ONE_FAMILY_OUT,TiOx,TiOx_02_Pt,10.1038/s41598-019-44607-3,TiOx,5,5,4,False
TiOx_02_Pt,10.1038/s41598-019-44607-3,TiOx,2.128684,0.3281111958478591,0,0,GRADUAL_MULTILEVEL,NOT_REPORTED,absolute,IDEALIZED_SINGLE_PAIR_GRADUAL,IDEALIZED_GRADUAL_MAPPING,16,7,127,0,2,5,203264,800,32,25600,95.57,0.6600000000000108,95.11146530952382,0.2579102794644342,94.85355503005938,-0.4585346904761707,0.4585346904761707,False,LEAVE_ONE_FAMILY_OUT,TiOx,TiOx_02_Pt,10.1038/s41598-019-44607-3,TiOx,5,5,4,False
TiOx_02_Pt,10.1038/s41598-019-44607-3,TiOx,2.128684,0.3281111958478591,0,0,GRADUAL_MULTILEVEL,NOT_REPORTED,absolute,IDEALIZED_SINGLE_PAIR_GRADUAL,IDEALIZED_GRADUAL_MAPPING,64,4,15,0,2,6,203264,56,64,3584,95.47,0.7600000000000051,95.34383544444444,0.11251651341305025,95.23131893103138,-0.12616455555556172,0.12616455555556172,False,LEAVE_ONE_FAMILY_OUT,TiOx,TiOx_02_Pt,10.1038/s41598-019-44607-3,TiOx,5,5,4,False
TiOx_02_Pt,10.1038/s41598-019-44607-3,TiOx,2.128684,0.3281111958478591,0,0,GRADUAL_MULTILEVEL,NOT_REPORTED,absolute,IDEALIZED_SINGLE_PAIR_GRADUAL,IDEALIZED_GRADUAL_MAPPING,16,6,63,0,2,5,203264,800,32,25600,95.46,0.7700000000000102,95.07436000000001,0.2553651322111263,94.81899486778889,-0.3856399999999809,0.3856399999999809,False,LEAVE_ONE_FAMILY_OUT,TiOx,TiOx_02_Pt,10.1038/s41598-019-44607-3,TiOx,5,5,4,False
TiOx_02_Pt,10.1038/s41598-019-44607-3,TiOx,2.128684,0.3281111958478591,0,0,GRADUAL_MULTILEVEL,NOT_REPORTED,absolute,IDEALIZED_SINGLE_PAIR_GRADUAL,IDEALIZED_GRADUAL_MAPPING,16,4,15,0,2,5,203264,800,32,25600,95.44,0.7900000000000063,95.00076342857143,0.22656930732867636,94.77419412124276,-0.439236571428566,0.439236571428566,False,LEAVE_ONE_FAMILY_OUT,TiOx,TiOx_02_Pt,10.1038/s41598-019-44607-3,TiOx,5,5,4,False
TiOx_02_Pt,10.1038/s41598-019-44607-3,TiOx,2.128684,0.3281111958478591,0,0,GRADUAL_MULTILEVEL,NOT_REPORTED,absolute,IDEALIZED_SINGLE_PAIR_GRADUAL,IDEALIZED_GRADUAL_MAPPING,16,8,255,0,2,5,203264,800,32,25600,95.42,0.8100000000000023,95.1104869761905,0.26303931012769,94.8474476660628,-0.30951302380950096,0.30951302380950096,False,LEAVE_ONE_FAMILY_OUT,TiOx,TiOx_02_Pt,10.1038/s41598-019-44607-3,TiOx,5,5,4,False
TiOx_02_Pt,10.1038/s41598-019-44607-3,TiOx,2.128684,0.3281111958478591,0,0,GRADUAL_MULTILEVEL,NOT_REPORTED,absolute,IDEALIZED_SINGLE_PAIR_GRADUAL,IDEALIZED_GRADUAL_MAPPING,32,6,63,0,2,5,203264,208,32,6656,95.26,0.9699999999999988,94.24447409523809,0.29403331463339244,93.9504407806047,-1.0155259047619154,1.0155259047619154,False,LEAVE_ONE_FAMILY_OUT,TiOx,TiOx_02_Pt,10.1038/s41598-019-44607-3,TiOx,5,5,4,False
TiOx_02_Pt,10.1038/s41598-019-44607-3,TiOx,2.128684,0.3281111958478591,0,0,GRADUAL_MULTILEVEL,NOT_REPORTED,absolute,IDEALIZED_SINGLE_PAIR_GRADUAL,IDEALIZED_GRADUAL_MAPPING,32,8,255,0,2,5,203264,208,32,6656,95.26,0.9699999999999988,94.26856642857143,0.2921829825239249,93.9763834460475,-0.9914335714285727,0.9914335714285727,False,LEAVE_ONE_FAMILY_OUT,TiOx,TiOx_02_Pt,10.1038/s41598-019-44607-3,TiOx,5,5,4,False
TiOx_02_Pt,10.1038/s41598-019-44607-3,TiOx,2.128684,0.3281111958478591,0,0,GRADUAL_MULTILEVEL,NOT_REPORTED,absolute,IDEALIZED_SINGLE_PAIR_GRADUAL,IDEALIZED_GRADUAL_MAPPING,16,5,31,0,2,5,203264,800,32,25600,95.18,1.0499999999999972,95.0001840952381,0.2318804206702985,94.7683036745678,-0.17981590476190945,0.17981590476190945,False,LEAVE_ONE_FAMILY_OUT,TiOx,TiOx_02_Pt,10.1038/s41598-019-44607-3,TiOx,5,5,4,False
TiOx_02_Pt,10.1038/s41598-019-44607-3,TiOx,2.128684,0.3281111958478591,0,0,GRADUAL_MULTILEVEL,NOT_REPORTED,absolute,IDEALIZED_SINGLE_PAIR_GRADUAL,IDEALIZED_GRADUAL_MAPPING,32,7,127,0,2,5,203264,208,32,6656,95.15,1.0799999999999983,94.27192076190477,0.2867347003128436,93.98518606159192,-0.8780792380952391,0.8780792380952391,False,LEAVE_ONE_FAMILY_OUT,TiOx,TiOx_02_Pt,10.1038/s41598-019-44607-3,TiOx,5,5,4,False
TiOx_02_Pt,10.1038/s41598-019-44607-3,TiOx,2.128684,0.3281111958478591,0,0,GRADUAL_MULTILEVEL,NOT_REPORTED,absolute,IDEALIZED_SINGLE_PAIR_GRADUAL,IDEALIZED_GRADUAL_MAPPING,32,5,31,0,2,5,203264,208,32,6656,94.98,1.25,94.20588014285714,0.29557585042508944,93.91030429243204,-0.774119857142864,0.774119857142864,False,LEAVE_ONE_FAMILY_OUT,TiOx,TiOx_02_Pt,10.1038/s41598-019-44607-3,TiOx,5,5,4,False
TiOx_02_Pt,10.1038/s41598-019-44607-3,TiOx,2.128684,0.3281111958478591,0,0,GRADUAL_MULTILEVEL,NOT_REPORTED,absolute,IDEALIZED_SINGLE_PAIR_GRADUAL,IDEALIZED_GRADUAL_MAPPING,32,4,15,0,2,5,203264,208,32,6656,94.98,1.25,94.20412014285714,0.29875215564541047,93.90536798721172,-0.7758798571428684,0.7758798571428684,False,LEAVE_ONE_FAMILY_OUT,TiOx,TiOx_02_Pt,10.1038/s41598-019-44607-3,TiOx,5,5,4,False
TiOx_02_Pt,10.1038/s41598-019-44607-3,TiOx,2.128684,0.3281111958478591,0,0,GRADUAL_MULTILEVEL,NOT_REPORTED,absolute,IDEALIZED_SINGLE_PAIR_GRADUAL,IDEALIZED_GRADUAL_MAPPING,128,8,255,0,2,6,203264,16,64,1024,94.89,1.3400000000000034,94.46037915079366,0.16167911406208213,94.29870003673157,-0.42962084920634425,0.42962084920634425,False,LEAVE_ONE_FAMILY_OUT,TiOx,TiOx_02_Pt,10.1038/s41598-019-44607-3,TiOx,5,5,4,False
TiOx_02_Pt,10.1038/s41598-019-44607-3,TiOx,2.128684,0.3281111958478591,0,0,GRADUAL_MULTILEVEL,NOT_REPORTED,absolute,IDEALIZED_SINGLE_PAIR_GRADUAL,IDEALIZED_GRADUAL_MAPPING,128,5,31,0,2,6,203264,16,64,1024,94.83,1.4000000000000057,94.38843357142856,0.16440558173814104,94.22402798969043,-0.44156642857143424,0.44156642857143424,False,LEAVE_ONE_FAMILY_OUT,TiOx,TiOx_02_Pt,10.1038/s41598-019-44607-3,TiOx,5,5,4,False
TiOx_02_Pt,10.1038/s41598-019-44607-3,TiOx,2.128684,0.3281111958478591,0,0,GRADUAL_MULTILEVEL,NOT_REPORTED,absolute,IDEALIZED_SINGLE_PAIR_GRADUAL,IDEALIZED_GRADUAL_MAPPING,128,7,127,0,2,6,203264,16,64,1024,94.83,1.4000000000000057,94.46124281746032,0.1638644405181113,94.2973783769422,-0.3687571825396816,0.3687571825396816,False,LEAVE_ONE_FAMILY_OUT,TiOx,TiOx_02_Pt,10.1038/s41598-019-44607-3,TiOx,5,5,4,False
TiOx_02_Pt,10.1038/s41598-019-44607-3,TiOx,2.128684,0.3281111958478591,0,0,GRADUAL_MULTILEVEL,NOT_REPORTED,absolute,IDEALIZED_SINGLE_PAIR_GRADUAL,IDEALIZED_GRADUAL_MAPPING,128,6,63,0,2,6,203264,16,64,1024,94.74,1.490000000000009,94.42643231746032,0.1674280642585366,94.2590042532018,-0.31356768253967005,0.31356768253967005,False,LEAVE_ONE_FAMILY_OUT,TiOx,TiOx_02_Pt,10.1038/s41598-019-44607-3,TiOx,5,5,4,False
TiOx_02_Pt,10.1038/s41598-019-44607-3,TiOx,2.128684,0.3281111958478591,0,0,GRADUAL_MULTILEVEL,NOT_REPORTED,absolute,IDEALIZED_SINGLE_PAIR_GRADUAL,IDEALIZED_GRADUAL_MAPPING,128,4,15,0,2,6,203264,16,64,1024,94.67,1.5600000000000025,94.38928523809524,0.15932220471521977,94.22996303338002,-0.2807147619047612,0.2807147619047612,False,LEAVE_ONE_FAMILY_OUT,TiOx,TiOx_02_Pt,10.1038/s41598-019-44607-3,TiOx,5,5,4,False
TiOx_02_Pt,10.1038/s41598-019-44607-3,TiOx,2.128684,0.3281111958478591,0,0,GRADUAL_MULTILEVEL,NOT_REPORTED,absolute,IDEALIZED_SINGLE_PAIR_GRADUAL,IDEALIZED_GRADUAL_MAPPING,256,4,15,0,2,6,203264,10,64,640,94.41,1.820000000000008,93.8866851904762,0.1657052709596981,93.72097991951651,-0.5233148095237965,0.5233148095237965,False,LEAVE_ONE_FAMILY_OUT,TiOx,TiOx_02_Pt,10.1038/s41598-019-44607-3,TiOx,5,5,4,False
TiOx_02_Pt,10.1038/s41598-019-44607-3,TiOx,2.128684,0.3281111958478591,0,0,GRADUAL_MULTILEVEL,NOT_REPORTED,absolute,IDEALIZED_SINGLE_PAIR_GRADUAL,IDEALIZED_GRADUAL_MAPPING,256,6,63,0,2,6,203264,10,64,640,94.39,1.840000000000004,93.91436480158731,0.16821850317583142,93.74614629841147,-0.4756351984126894,0.4756351984126894,False,LEAVE_ONE_FAMILY_OUT,TiOx,TiOx_02_Pt,10.1038/s41598-019-44607-3,TiOx,5,5,4,False
TiOx_02_Pt,10.1038/s41598-019-44607-3,TiOx,2.128684,0.3281111958478591,0,0,GRADUAL_MULTILEVEL,NOT_REPORTED,absolute,IDEALIZED_SINGLE_PAIR_GRADUAL,IDEALIZED_GRADUAL_MAPPING,256,5,31,0,2,6,203264,10,64,640,94.37,1.86,93.88567852380953,0.1662705708751541,93.71940795293438,-0.4843214761904733,0.4843214761904733,False,LEAVE_ONE_FAMILY_OUT,TiOx,TiOx_02_Pt,10.1038/s41598-019-44607-3,TiOx,5,5,4,False
TiOx_02_Pt,10.1038/s41598-019-44607-3,TiOx,2.128684,0.3281111958478591,0,0,GRADUAL_MULTILEVEL,NOT_REPORTED,absolute,IDEALIZED_SINGLE_PAIR_GRADUAL,IDEALIZED_GRADUAL_MAPPING,256,8,255,0,2,6,203264,10,64,640,94.36,1.8700000000000043,93.93819887301588,0.16842840266429535,93.76977047035159,-0.4218011269841213,0.4218011269841213,False,LEAVE_ONE_FAMILY_OUT,TiOx,TiOx_02_Pt,10.1038/s41598-019-44607-3,TiOx,5,5,4,False
TiOx_02_Pt,10.1038/s41598-019-44607-3,TiOx,2.128684,0.3281111958478591,0,0,GRADUAL_MULTILEVEL,NOT_REPORTED,absolute,IDEALIZED_SINGLE_PAIR_GRADUAL,IDEALIZED_GRADUAL_MAPPING,256,7,127,0,2,6,203264,10,64,640,94.31,1.9200000000000017,93.93906253968254,0.1731569598376638,93.76590557984487,-0.3709374603174638,0.3709374603174638,False,LEAVE_ONE_FAMILY_OUT,TiOx,TiOx_02_Pt,10.1038/s41598-019-44607-3,TiOx,5,5,4,False
TiOx_02_Pt,10.1038/s41598-019-44607-3,TiOx,2.128684,0.3281111958478591,0,0,GRADUAL_MULTILEVEL,NOT_REPORTED,absolute,IDEALIZED_SINGLE_PAIR_GRADUAL,IDEALIZED_GRADUAL_MAPPING,64,6,63,0,2,5,203264,56,32,1792,93.39,2.8400000000000034,92.53631485714286,0.4450312529810615,92.09128360416179,-0.8536851428571453,0.8536851428571453,False,LEAVE_ONE_FAMILY_OUT,TiOx,TiOx_02_Pt,10.1038/s41598-019-44607-3,TiOx,5,5,4,False
TiOx_02_Pt,10.1038/s41598-019-44607-3,TiOx,2.128684,0.3281111958478591,0,0,GRADUAL_MULTILEVEL,NOT_REPORTED,absolute,IDEALIZED_SINGLE_PAIR_GRADUAL,IDEALIZED_GRADUAL_MAPPING,64,4,15,0,2,5,203264,56,32,1792,93.35,2.8800000000000097,92.40834804761904,0.4646997117518996,91.94364833586714,-0.9416519523809512,0.9416519523809512,False,LEAVE_ONE_FAMILY_OUT,TiOx,TiOx_02_Pt,10.1038/s41598-019-44607-3,TiOx,5,5,4,False
TiOx_02_Pt,10.1038/s41598-019-44607-3,TiOx,2.128684,0.3281111958478591,0,0,GRADUAL_MULTILEVEL,NOT_REPORTED,absolute,IDEALIZED_SINGLE_PAIR_GRADUAL,IDEALIZED_GRADUAL_MAPPING,64,8,255,0,2,5,203264,56,32,1792,93.34,2.890000000000001,92.58175395238095,0.4405498377590327,92.14120411462191,-0.7582460476190533,0.7582460476190533,False,LEAVE_ONE_FAMILY_OUT,TiOx,TiOx_02_Pt,10.1038/s41598-019-44607-3,TiOx,5,5,4,False
TiOx_02_Pt,10.1038/s41598-019-44607-3,TiOx,2.128684,0.3281111958478591,0,0,GRADUAL_MULTILEVEL,NOT_REPORTED,absolute,IDEALIZED_SINGLE_PAIR_GRADUAL,IDEALIZED_GRADUAL_MAPPING,64,5,31,0,2,5,203264,56,32,1792,93.14,3.0900000000000034,92.40979471428571,0.46696604522478924,91.94282866906092,-0.7302052857142911,0.7302052857142911,False,LEAVE_ONE_FAMILY_OUT,TiOx,TiOx_02_Pt,10.1038/s41598-019-44607-3,TiOx,5,5,4,False
TiOx_02_Pt,10.1038/s41598-019-44607-3,TiOx,2.128684,0.3281111958478591,0,0,GRADUAL_MULTILEVEL,NOT_REPORTED,absolute,IDEALIZED_SINGLE_PAIR_GRADUAL,IDEALIZED_GRADUAL_MAPPING,64,7,127,0,2,5,203264,56,32,1792,93.07,3.160000000000011,92.58990295238095,0.4401584550415855,92.14974449733937,-0.48009704761904004,0.48009704761904004,False,LEAVE_ONE_FAMILY_OUT,TiOx,TiOx_02_Pt,10.1038/s41598-019-44607-3,TiOx,5,5,4,False
TiOx_02_Pt,10.1038/s41598-019-44607-3,TiOx,2.128684,0.3281111958478591,0,0,GRADUAL_MULTILEVEL,NOT_REPORTED,absolute,IDEALIZED_SINGLE_PAIR_GRADUAL,IDEALIZED_GRADUAL_MAPPING,16,4,15,0,2,4,203264,800,16,12800,92.8,3.430000000000007,79.20212039682539,1.9517794017807366,77.25034099504465,-13.597879603174604,13.597879603174604,False,LEAVE_ONE_FAMILY_OUT,TiOx,TiOx_02_Pt,10.1038/s41598-019-44607-3,TiOx,5,5,4,False
TiOx_02_Pt,10.1038/s41598-019-44607-3,TiOx,2.128684,0.3281111958478591,0,0,GRADUAL_MULTILEVEL,NOT_REPORTED,absolute,IDEALIZED_SINGLE_PAIR_GRADUAL,IDEALIZED_GRADUAL_MAPPING,16,8,255,0,2,4,203264,800,16,12800,92.49,3.740000000000009,79.70829519047619,1.927123033930944,77.78117215654525,-12.781704809523802,12.781704809523802,False,LEAVE_ONE_FAMILY_OUT,TiOx,TiOx_02_Pt,10.1038/s41598-019-44607-3,TiOx,5,5,4,False
TiOx_02_Pt,10.1038/s41598-019-44607-3,TiOx,2.128684,0.3281111958478591,0,0,GRADUAL_MULTILEVEL,NOT_REPORTED,absolute,IDEALIZED_SINGLE_PAIR_GRADUAL,IDEALIZED_GRADUAL_MAPPING,16,6,63,0,2,4,203264,800,16,12800,92.42,3.8100000000000014,79.63555364285715,2.141574284128418,77.49397935872872,-12.784446357142855,12.784446357142855,False,LEAVE_ONE_FAMILY_OUT,TiOx,TiOx_02_Pt,10.1038/s41598-019-44607-3,TiOx,5,5,4,False
TiOx_02_Pt,10.1038/s41598-019-44607-3,TiOx,2.128684,0.3281111958478591,0,0,GRADUAL_MULTILEVEL,NOT_REPORTED,absolute,IDEALIZED_SINGLE_PAIR_GRADUAL,IDEALIZED_GRADUAL_MAPPING,256,3,7,0,2,9,203264,10,512,5120,92.33,3.9000000000000057,92.1814174047619,0.06985152421717296,92.11156588054473,-0.14858259523809636,0.14858259523809636,False,LEAVE_ONE_FAMILY_OUT,TiOx,TiOx_02_Pt,10.1038/s41598-019-44607-3,TiOx,5,5,4,False
TiOx_02_Pt,10.1038/s41598-019-44607-3,TiOx,2.128684,0.3281111958478591,0,0,GRADUAL_MULTILEVEL,NOT_REPORTED,absolute,IDEALIZED_SINGLE_PAIR_GRADUAL,IDEALIZED_GRADUAL_MAPPING,128,3,7,0,2,9,203264,16,512,8192,92.31,3.9200000000000017,92.17447397619048,0.05948597832457264,92.11498799786591,-0.1355260238095184,0.1355260238095184,False,LEAVE_ONE_FAMILY_OUT,TiOx,TiOx_02_Pt,10.1038/s41598-019-44607-3,TiOx,5,5,4,False
TiOx_02_Pt,10.1038/s41598-019-44607-3,TiOx,2.128684,0.3281111958478591,0,0,GRADUAL_MULTILEVEL,NOT_REPORTED,absolute,IDEALIZED_SINGLE_PAIR_GRADUAL,IDEALIZED_GRADUAL_MAPPING,256,3,7,0,2,10,203264,10,1024,10240,92.27,3.960000000000008,92.20473828571428,0.06449278277254478,92.14024550294174,-0.06526171428571104,0.06526171428571104,False,LEAVE_ONE_FAMILY_OUT,TiOx,TiOx_02_Pt,10.1038/s41598-019-44607-3,TiOx,5,5,4,False
TiOx_02_Pt,10.1038/s41598-019-44607-3,TiOx,2.128684,0.3281111958478591,0,0,GRADUAL_MULTILEVEL,NOT_REPORTED,absolute,IDEALIZED_SINGLE_PAIR_GRADUAL,IDEALIZED_GRADUAL_MAPPING,16,7,127,0,2,4,203264,800,16,12800,92.27,3.960000000000008,79.70829519047619,1.927123033930944,77.78117215654525,-12.561704809523803,12.561704809523803,False,LEAVE_ONE_FAMILY_OUT,TiOx,TiOx_02_Pt,10.1038/s41598-019-44607-3,TiOx,5,5,4,False
TiOx_02_Pt,10.1038/s41598-019-44607-3,TiOx,2.128684,0.3281111958478591,0,0,GRADUAL_MULTILEVEL,NOT_REPORTED,absolute,IDEALIZED_SINGLE_PAIR_GRADUAL,IDEALIZED_GRADUAL_MAPPING,32,3,7,0,2,9,203264,208,512,106496,92.26,3.969999999999999,92.2126744047619,0.033353392886846356,92.17932101187505,-0.047325595238106644,0.047325595238106644,False,LEAVE_ONE_FAMILY_OUT,TiOx,TiOx_02_Pt,10.1038/s41598-019-44607-3,TiOx,5,5,4,False
TiOx_02_Pt,10.1038/s41598-019-44607-3,TiOx,2.128684,0.3281111958478591,0,0,GRADUAL_MULTILEVEL,NOT_REPORTED,absolute,IDEALIZED_SINGLE_PAIR_GRADUAL,IDEALIZED_GRADUAL_MAPPING,32,3,7,0,2,10,203264,208,1024,212992,92.24,3.990000000000009,92.22381706349206,0.010759900688981758,92.21305716280308,-0.016182936507931345,0.016182936507931345,False,LEAVE_ONE_FAMILY_OUT,TiOx,TiOx_02_Pt,10.1038/s41598-019-44607-3,TiOx,5,5,4,False
TiOx_02_Pt,10.1038/s41598-019-44607-3,TiOx,2.128684,0.3281111958478591,0,0,GRADUAL_MULTILEVEL,NOT_REPORTED,absolute,IDEALIZED_SINGLE_PAIR_GRADUAL,IDEALIZED_GRADUAL_MAPPING,16,3,7,0,2,10,203264,800,1024,819200,92.22,4.010000000000005,92.22151011111113,0.010968297073250696,92.21054181403788,0.001510111111130641,0.001510111111130641,False,LEAVE_ONE_FAMILY_OUT,TiOx,TiOx_02_Pt,10.1038/s41598-019-44607-3,TiOx,5,5,4,False
TiOx_02_Pt,10.1038/s41598-019-44607-3,TiOx,2.128684,0.3281111958478591,0,0,GRADUAL_MULTILEVEL,NOT_REPORTED,absolute,IDEALIZED_SINGLE_PAIR_GRADUAL,IDEALIZED_GRADUAL_MAPPING,64,3,7,0,2,9,203264,56,512,28672,92.21,4.02000000000001,92.21027719047619,0.04224248694603983,92.16803470353015,0.00027719047619712,0.00027719047619712,False,LEAVE_ONE_FAMILY_OUT,TiOx,TiOx_02_Pt,10.1038/s41598-019-44607-3,TiOx,5,5,4,False
TiOx_02_Pt,10.1038/s41598-019-44607-3,TiOx,2.128684,0.3281111958478591,0,0,GRADUAL_MULTILEVEL,NOT_REPORTED,absolute,IDEALIZED_SINGLE_PAIR_GRADUAL,IDEALIZED_GRADUAL_MAPPING,16,3,7,0,2,9,203264,800,512,409600,92.21,4.02000000000001,92.21021095238095,0.03129816267666909,92.17891278970428,0.0002109523809536995,0.0002109523809536995,False,LEAVE_ONE_FAMILY_OUT,TiOx,TiOx_02_Pt,10.1038/s41598-019-44607-3,TiOx,5,5,4,False
TiOx_02_Pt,10.1038/s41598-019-44607-3,TiOx,2.128684,0.3281111958478591,0,0,GRADUAL_MULTILEVEL,NOT_REPORTED,absolute,IDEALIZED_SINGLE_PAIR_GRADUAL,IDEALIZED_GRADUAL_MAPPING,16,3,7,0,2,7,203264,800,128,102400,92.2,4.030000000000001,91.77613574603174,0.235746225332772,91.54038952069897,-0.42386425396826155,0.42386425396826155,False,LEAVE_ONE_FAMILY_OUT,TiOx,TiOx_02_Pt,10.1038/s41598-019-44607-3,TiOx,5,5,4,False
TiOx_02_Pt,10.1038/s41598-019-44607-3,TiOx,2.128684,0.3281111958478591,0,0,GRADUAL_MULTILEVEL,NOT_REPORTED,absolute,IDEALIZED_SINGLE_PAIR_GRADUAL,IDEALIZED_GRADUAL_MAPPING,64,3,7,0,2,10,203264,56,1024,57344,92.19,4.040000000000006,92.22411592063493,0.017956204764055378,92.20615971587087,0.03411592063493174,0.03411592063493174,False,LEAVE_ONE_FAMILY_OUT,TiOx,TiOx_02_Pt,10.1038/s41598-019-44607-3,TiOx,5,5,4,False
TiOx_02_Pt,10.1038/s41598-019-44607-3,TiOx,2.128684,0.3281111958478591,0,0,GRADUAL_MULTILEVEL,NOT_REPORTED,absolute,IDEALIZED_SINGLE_PAIR_GRADUAL,IDEALIZED_GRADUAL_MAPPING,16,5,31,0,2,4,203264,800,16,12800,92.15,4.079999999999998,79.21728006349205,1.974641389945635,77.24263867354642,-12.93271993650795,12.93271993650795,False,LEAVE_ONE_FAMILY_OUT,TiOx,TiOx_02_Pt,10.1038/s41598-019-44607-3,TiOx,5,5,4,False
TiOx_02_Pt,10.1038/s41598-019-44607-3,TiOx,2.128684,0.3281111958478591,0,0,GRADUAL_MULTILEVEL,NOT_REPORTED,absolute,IDEALIZED_SINGLE_PAIR_GRADUAL,IDEALIZED_GRADUAL_MAPPING,128,3,7,0,2,10,203264,16,1024,16384,92.15,4.079999999999998,92.19783188095238,0.055266389837210224,92.14256549111516,0.047831880952372785,0.047831880952372785,False,LEAVE_ONE_FAMILY_OUT,TiOx,TiOx_02_Pt,10.1038/s41598-019-44607-3,TiOx,5,5,4,False
TiOx_02_Pt,10.1038/s41598-019-44607-3,TiOx,2.128684,0.3281111958478591,0,0,GRADUAL_MULTILEVEL,NOT_REPORTED,absolute,IDEALIZED_SINGLE_PAIR_GRADUAL,IDEALIZED_GRADUAL_MAPPING,64,3,7,0,2,8,203264,56,256,14336,92.14,4.090000000000003,92.03451828571428,0.0784108382635699,91.95610744745072,-0.10548171428571607,0.10548171428571607,False,LEAVE_ONE_FAMILY_OUT,TiOx,TiOx_02_Pt,10.1038/s41598-019-44607-3,TiOx,5,5,4,False
TiOx_02_Pt,10.1038/s41598-019-44607-3,TiOx,2.128684,0.3281111958478591,0,0,GRADUAL_MULTILEVEL,NOT_REPORTED,absolute,IDEALIZED_SINGLE_PAIR_GRADUAL,IDEALIZED_GRADUAL_MAPPING,16,3,7,0,2,8,203264,800,256,204800,92.11,4.1200000000000045,92.05775783333333,0.06907701055829117,91.98868082277504,-0.05224216666667303,0.05224216666667303,False,LEAVE_ONE_FAMILY_OUT,TiOx,TiOx_02_Pt,10.1038/s41598-019-44607-3,TiOx,5,5,4,False
TiOx_02_Pt,10.1038/s41598-019-44607-3,TiOx,2.128684,0.3281111958478591,0,0,GRADUAL_MULTILEVEL,NOT_REPORTED,absolute,IDEALIZED_SINGLE_PAIR_GRADUAL,IDEALIZED_GRADUAL_MAPPING,256,3,7,0,2,8,203264,10,256,2560,92.09,4.140000000000001,91.98031007142856,0.09953093544566782,91.88077913598289,-0.10968992857144144,0.10968992857144144,False,LEAVE_ONE_FAMILY_OUT,TiOx,TiOx_02_Pt,10.1038/s41598-019-44607-3,TiOx,5,5,4,False
TiOx_02_Pt,10.1038/s41598-019-44607-3,TiOx,2.128684,0.3281111958478591,0,0,GRADUAL_MULTILEVEL,NOT_REPORTED,absolute,IDEALIZED_SINGLE_PAIR_GRADUAL,IDEALIZED_GRADUAL_MAPPING,32,3,7,0,2,8,203264,208,256,53248,92.06,4.170000000000002,92.05399483333333,0.0713070861053898,91.98268774722794,-0.00600516666666806,0.00600516666666806,False,LEAVE_ONE_FAMILY_OUT,TiOx,TiOx_02_Pt,10.1038/s41598-019-44607-3,TiOx,5,5,4,False
TiOx_02_Pt,10.1038/s41598-019-44607-3,TiOx,2.128684,0.3281111958478591,0,0,GRADUAL_MULTILEVEL,NOT_REPORTED,absolute,IDEALIZED_SINGLE_PAIR_GRADUAL,IDEALIZED_GRADUAL_MAPPING,128,3,7,0,2,8,203264,16,256,4096,92.06,4.170000000000002,91.98309049999999,0.09506870898032961,91.88802179101965,-0.07690950000001351,0.07690950000001351,False,LEAVE_ONE_FAMILY_OUT,TiOx,TiOx_02_Pt,10.1038/s41598-019-44607-3,TiOx,5,5,4,False
TiOx_02_Pt,10.1038/s41598-019-44607-3,TiOx,2.128684,0.3281111958478591,0,0,GRADUAL_MULTILEVEL,NOT_REPORTED,absolute,IDEALIZED_SINGLE_PAIR_GRADUAL,IDEALIZED_GRADUAL_MAPPING,32,3,7,0,2,7,203264,208,128,26624,91.81,4.420000000000002,91.77082707936509,0.2323940744882939,91.5384330048768,-0.03917292063491118,0.03917292063491118,False,LEAVE_ONE_FAMILY_OUT,TiOx,TiOx_02_Pt,10.1038/s41598-019-44607-3,TiOx,5,5,4,False
TiOx_02_Pt,10.1038/s41598-019-44607-3,TiOx,2.128684,0.3281111958478591,0,0,GRADUAL_MULTILEVEL,NOT_REPORTED,absolute,IDEALIZED_SINGLE_PAIR_GRADUAL,IDEALIZED_GRADUAL_MAPPING,64,3,7,0,2,7,203264,56,128,7168,91.74,4.490000000000009,91.66136593650793,0.2306147859573058,91.43075115055063,-0.07863406349206059,0.07863406349206059,False,LEAVE_ONE_FAMILY_OUT,TiOx,TiOx_02_Pt,10.1038/s41598-019-44607-3,TiOx,5,5,4,False
TiOx_02_Pt,10.1038/s41598-019-44607-3,TiOx,2.128684,0.3281111958478591,0,0,GRADUAL_MULTILEVEL,NOT_REPORTED,absolute,IDEALIZED_SINGLE_PAIR_GRADUAL,IDEALIZED_GRADUAL_MAPPING,128,3,7,0,2,7,203264,16,128,2048,91.71,4.52000000000001,91.60424650793651,0.20246520315309685,91.40178130478341,-0.10575349206348506,0.10575349206348506,False,LEAVE_ONE_FAMILY_OUT,TiOx,TiOx_02_Pt,10.1038/s41598-019-44607-3,TiOx,5,5,4,False
TiOx_02_Pt,10.1038/s41598-019-44607-3,TiOx,2.128684,0.3281111958478591,0,0,GRADUAL_MULTILEVEL,NOT_REPORTED,absolute,IDEALIZED_SINGLE_PAIR_GRADUAL,IDEALIZED_GRADUAL_MAPPING,256,3,7,0,2,7,203264,10,128,1280,91.65,4.579999999999998,91.6007604126984,0.1976331066833299,91.40312730601508,-0.049239587301599386,0.049239587301599386,False,LEAVE_ONE_FAMILY_OUT,TiOx,TiOx_02_Pt,10.1038/s41598-019-44607-3,TiOx,5,5,4,False
TiOx_02_Pt,10.1038/s41598-019-44607-3,TiOx,2.128684,0.3281111958478591,0,0,GRADUAL_MULTILEVEL,NOT_REPORTED,absolute,IDEALIZED_SINGLE_PAIR_GRADUAL,IDEALIZED_GRADUAL_MAPPING,16,3,7,0,2,6,203264,800,64,51200,91.62,4.609999999999999,90.46331528571429,1.1115598902148343,89.35175539549945,-1.156684714285717,1.156684714285717,False,LEAVE_ONE_FAMILY_OUT,TiOx,TiOx_02_Pt,10.1038/s41598-019-44607-3,TiOx,5,5,4,False
TiOx_02_Pt,10.1038/s41598-019-44607-3,TiOx,2.128684,0.3281111958478591,0,0,GRADUAL_MULTILEVEL,NOT_REPORTED,absolute,IDEALIZED_SINGLE_PAIR_GRADUAL,IDEALIZED_GRADUAL_MAPPING,32,3,7,0,2,6,203264,208,64,13312,91.42,4.810000000000002,90.42864545238095,1.117944594355031,89.31070085802591,-0.9913545476190535,0.9913545476190535,False,LEAVE_ONE_FAMILY_OUT,TiOx,TiOx_02_Pt,10.1038/s41598-019-44607-3,TiOx,5,5,4,False
TiOx_02_Pt,10.1038/s41598-019-44607-3,TiOx,2.128684,0.3281111958478591,0,0,GRADUAL_MULTILEVEL,NOT_REPORTED,absolute,IDEALIZED_SINGLE_PAIR_GRADUAL,IDEALIZED_GRADUAL_MAPPING,128,8,255,0,2,5,203264,16,32,512,90.37,5.859999999999999,89.09535642857144,1.0490606967117166,88.04629573185971,-1.2746435714285695,1.2746435714285695,False,LEAVE_ONE_FAMILY_OUT,TiOx,TiOx_02_Pt,10.1038/s41598-019-44607-3,TiOx,5,5,4,False
TiOx_02_Pt,10.1038/s41598-019-44607-3,TiOx,2.128684,0.3281111958478591,0,0,GRADUAL_MULTILEVEL,NOT_REPORTED,absolute,IDEALIZED_SINGLE_PAIR_GRADUAL,IDEALIZED_GRADUAL_MAPPING,32,7,127,0,2,4,203264,208,16,3328,90.33,5.900000000000006,67.00833107142857,2.207205439519336,64.80112563190923,-23.321668928571427,23.321668928571427,False,LEAVE_ONE_FAMILY_OUT,TiOx,TiOx_02_Pt,10.1038/s41598-019-44607-3,TiOx,5,5,4,False
TiOx_02_Pt,10.1038/s41598-019-44607-3,TiOx,2.128684,0.3281111958478591,0,0,GRADUAL_MULTILEVEL,NOT_REPORTED,absolute,IDEALIZED_SINGLE_PAIR_GRADUAL,IDEALIZED_GRADUAL_MAPPING,32,8,255,0,2,4,203264,208,16,3328,90.31,5.920000000000002,67.03951273809523,2.087623499970585,64.95188923812464,-23.270487261904776,23.270487261904776,False,LEAVE_ONE_FAMILY_OUT,TiOx,TiOx_02_Pt,10.1038/s41598-019-44607-3,TiOx,5,5,4,False
TiOx_02_Pt,10.1038/s41598-019-44607-3,TiOx,2.128684,0.3281111958478591,0,0,GRADUAL_MULTILEVEL,NOT_REPORTED,absolute,IDEALIZED_SINGLE_PAIR_GRADUAL,IDEALIZED_GRADUAL_MAPPING,128,6,63,0,2,5,203264,16,32,512,90.25,5.980000000000004,89.04619796825396,1.0611961040512836,87.98500186420269,-1.2038020317460365,1.2038020317460365,False,LEAVE_ONE_FAMILY_OUT,TiOx,TiOx_02_Pt,10.1038/s41598-019-44607-3,TiOx,5,5,4,False
TiOx_02_Pt,10.1038/s41598-019-44607-3,TiOx,2.128684,0.3281111958478591,0,0,GRADUAL_MULTILEVEL,NOT_REPORTED,absolute,IDEALIZED_SINGLE_PAIR_GRADUAL,IDEALIZED_GRADUAL_MAPPING,32,6,63,0,2,4,203264,208,16,3328,90.23,6.0,67.20562597619046,2.0191312736532208,65.18649470253725,-23.024374023809543,23.024374023809543,False,LEAVE_ONE_FAMILY_OUT,TiOx,TiOx_02_Pt,10.1038/s41598-019-44607-3,TiOx,5,5,4,False
TiOx_02_Pt,10.1038/s41598-019-44607-3,TiOx,2.128684,0.3281111958478591,0,0,GRADUAL_MULTILEVEL,NOT_REPORTED,absolute,IDEALIZED_SINGLE_PAIR_GRADUAL,IDEALIZED_GRADUAL_MAPPING,128,5,31,0,2,5,203264,16,32,512,90.14,6.090000000000003,88.9697149920635,0.9910278409259007,87.9786871511376,-1.1702850079364993,1.1702850079364993,False,LEAVE_ONE_FAMILY_OUT,TiOx,TiOx_02_Pt,10.1038/s41598-019-44607-3,TiOx,5,5,4,False
TiOx_02_Pt,10.1038/s41598-019-44607-3,TiOx,2.128684,0.3281111958478591,0,0,GRADUAL_MULTILEVEL,NOT_REPORTED,absolute,IDEALIZED_SINGLE_PAIR_GRADUAL,IDEALIZED_GRADUAL_MAPPING,64,3,7,0,2,6,203264,56,64,3584,90.12,6.109999999999999,89.95237885714286,1.1838339798230613,88.7685448773198,-0.16762114285714347,0.16762114285714347,False,LEAVE_ONE_FAMILY_OUT,TiOx,TiOx_02_Pt,10.1038/s41598-019-44607-3,TiOx,5,5,4,False
TiOx_02_Pt,10.1038/s41598-019-44607-3,TiOx,2.128684,0.3281111958478591,0,0,GRADUAL_MULTILEVEL,NOT_REPORTED,absolute,IDEALIZED_SINGLE_PAIR_GRADUAL,IDEALIZED_GRADUAL_MAPPING,32,4,15,0,2,4,203264,208,16,3328,90.11,6.1200000000000045,68.37500578571428,2.1059494985239,66.26905628719038,-21.73499421428572,21.73499421428572,False,LEAVE_ONE_FAMILY_OUT,TiOx,TiOx_02_Pt,10.1038/s41598-019-44607-3,TiOx,5,5,4,False
TiOx_02_Pt,10.1038/s41598-019-44607-3,TiOx,2.128684,0.3281111958478591,0,0,GRADUAL_MULTILEVEL,NOT_REPORTED,absolute,IDEALIZED_SINGLE_PAIR_GRADUAL,IDEALIZED_GRADUAL_MAPPING,128,7,127,0,2,5,203264,16,32,512,90.09,6.140000000000001,89.10633776190477,1.0458719377736336,88.06046582413113,-0.9836622380952349,0.9836622380952349,False,LEAVE_ONE_FAMILY_OUT,TiOx,TiOx_02_Pt,10.1038/s41598-019-44607-3,TiOx,5,5,4,False
TiOx_02_Pt,10.1038/s41598-019-44607-3,TiOx,2.128684,0.3281111958478591,0,0,GRADUAL_MULTILEVEL,NOT_REPORTED,absolute,IDEALIZED_SINGLE_PAIR_GRADUAL,IDEALIZED_GRADUAL_MAPPING,16,3,7,0,2,5,203264,800,32,25600,90.01,6.219999999999999,84.12205039682539,4.636544622033683,79.4855057747917,-5.887949603174619,5.887949603174619,False,LEAVE_ONE_FAMILY_OUT,TiOx,TiOx_02_Pt,10.1038/s41598-019-44607-3,TiOx,5,5,4,False
TiOx_02_Pt,10.1038/s41598-019-44607-3,TiOx,2.128684,0.3281111958478591,0,0,GRADUAL_MULTILEVEL,NOT_REPORTED,absolute,IDEALIZED_SINGLE_PAIR_GRADUAL,IDEALIZED_GRADUAL_MAPPING,128,4,15,0,2,5,203264,16,32,512,89.99,6.240000000000009,88.98859332539682,0.9028865851200661,88.08570674027675,-1.0014066746031745,1.0014066746031745,False,LEAVE_ONE_FAMILY_OUT,TiOx,TiOx_02_Pt,10.1038/s41598-019-44607-3,TiOx,5,5,4,False
TiOx_02_Pt,10.1038/s41598-019-44607-3,TiOx,2.128684,0.3281111958478591,0,0,GRADUAL_MULTILEVEL,NOT_REPORTED,absolute,IDEALIZED_SINGLE_PAIR_GRADUAL,IDEALIZED_GRADUAL_MAPPING,32,5,31,0,2,4,203264,208,16,3328,89.86,6.3700000000000045,67.6669822142857,2.165022546931397,65.5019596673543,-22.193017785714304,22.193017785714304,False,LEAVE_ONE_FAMILY_OUT,TiOx,TiOx_02_Pt,10.1038/s41598-019-44607-3,TiOx,5,5,4,False
TiOx_02_Pt,10.1038/s41598-019-44607-3,TiOx,2.128684,0.3281111958478591,0,0,GRADUAL_MULTILEVEL,NOT_REPORTED,absolute,IDEALIZED_SINGLE_PAIR_GRADUAL,IDEALIZED_GRADUAL_MAPPING,128,3,7,0,2,6,203264,16,64,1024,89.81,6.420000000000002,89.40013616666668,1.3108473932322868,88.08928877343439,-0.40986383333331844,0.40986383333331844,False,LEAVE_ONE_FAMILY_OUT,TiOx,TiOx_02_Pt,10.1038/s41598-019-44607-3,TiOx,5,5,4,False
TiOx_02_Pt,10.1038/s41598-019-44607-3,TiOx,2.128684,0.3281111958478591,0,0,GRADUAL_MULTILEVEL,NOT_REPORTED,absolute,IDEALIZED_SINGLE_PAIR_GRADUAL,IDEALIZED_GRADUAL_MAPPING,256,3,7,0,2,6,203264,10,64,640,89.1,7.13000000000001,89.35904940476192,1.2571572518795444,88.10189215288237,0.2590494047619245,0.2590494047619245,False,LEAVE_ONE_FAMILY_OUT,TiOx,TiOx_02_Pt,10.1038/s41598-019-44607-3,TiOx,5,5,4,False
TiOx_02_Pt,10.1038/s41598-019-44607-3,TiOx,2.128684,0.3281111958478591,0,0,GRADUAL_MULTILEVEL,NOT_REPORTED,absolute,IDEALIZED_SINGLE_PAIR_GRADUAL,IDEALIZED_GRADUAL_MAPPING,32,3,7,0,2,5,203264,208,32,6656,88.5,7.730000000000004,84.0898498968254,4.595718074681992,79.4941318221434,-4.410150103174601,4.410150103174601,False,LEAVE_ONE_FAMILY_OUT,TiOx,TiOx_02_Pt,10.1038/s41598-019-44607-3,TiOx,5,5,4,False
TiOx_02_Pt,10.1038/s41598-019-44607-3,TiOx,2.128684,0.3281111958478591,0,0,GRADUAL_MULTILEVEL,NOT_REPORTED,absolute,IDEALIZED_SINGLE_PAIR_GRADUAL,IDEALIZED_GRADUAL_MAPPING,256,6,63,0,2,5,203264,10,32,320,87.75,8.480000000000004,83.91610237301586,1.2415169215971915,82.67458545141866,-3.8338976269841396,3.8338976269841396,False,LEAVE_ONE_FAMILY_OUT,TiOx,TiOx_02_Pt,10.1038/s41598-019-44607-3,TiOx,5,5,4,False
TiOx_02_Pt,10.1038/s41598-019-44607-3,TiOx,2.128684,0.3281111958478591,0,0,GRADUAL_MULTILEVEL,NOT_REPORTED,absolute,IDEALIZED_SINGLE_PAIR_GRADUAL,IDEALIZED_GRADUAL_MAPPING,256,8,255,0,2,5,203264,10,32,320,87.57,8.66000000000001,83.93836333333334,1.2525472695096653,82.68581606382368,-3.631636666666651,3.631636666666651,False,LEAVE_ONE_FAMILY_OUT,TiOx,TiOx_02_Pt,10.1038/s41598-019-44607-3,TiOx,5,5,4,False
TiOx_02_Pt,10.1038/s41598-019-44607-3,TiOx,2.128684,0.3281111958478591,0,0,GRADUAL_MULTILEVEL,NOT_REPORTED,absolute,IDEALIZED_SINGLE_PAIR_GRADUAL,IDEALIZED_GRADUAL_MAPPING,256,5,31,0,2,5,203264,10,32,320,87.42,8.810000000000002,83.91083056349207,1.225033206090559,82.68579735740151,-3.509169436507932,3.509169436507932,False,LEAVE_ONE_FAMILY_OUT,TiOx,TiOx_02_Pt,10.1038/s41598-019-44607-3,TiOx,5,5,4,False
TiOx_02_Pt,10.1038/s41598-019-44607-3,TiOx,2.128684,0.3281111958478591,0,0,GRADUAL_MULTILEVEL,NOT_REPORTED,absolute,IDEALIZED_SINGLE_PAIR_GRADUAL,IDEALIZED_GRADUAL_MAPPING,256,7,127,0,2,5,203264,10,32,320,87.14,9.090000000000003,83.94527666666667,1.27077498574872,82.67450168091796,-3.1947233333333287,3.1947233333333287,False,LEAVE_ONE_FAMILY_OUT,TiOx,TiOx_02_Pt,10.1038/s41598-019-44607-3,TiOx,5,5,4,False
TiOx_02_Pt,10.1038/s41598-019-44607-3,TiOx,2.128684,0.3281111958478591,0,0,GRADUAL_MULTILEVEL,NOT_REPORTED,absolute,IDEALIZED_SINGLE_PAIR_GRADUAL,IDEALIZED_GRADUAL_MAPPING,256,4,15,0,2,5,203264,10,32,320,86.69,9.540000000000006,83.93034223015874,1.2403185141630848,82.69002371599566,-2.7596577698412545,2.7596577698412545,False,LEAVE_ONE_FAMILY_OUT,TiOx,TiOx_02_Pt,10.1038/s41598-019-44607-3,TiOx,5,5,4,False
TiOx_02_Pt,10.1038/s41598-019-44607-3,TiOx,2.128684,0.3281111958478591,0,0,GRADUAL_MULTILEVEL,NOT_REPORTED,absolute,IDEALIZED_SINGLE_PAIR_GRADUAL,IDEALIZED_GRADUAL_MAPPING,16,3,7,0,2,4,203264,800,16,12800,85.3,10.930000000000009,79.17161506349207,1.9977684857446127,77.17384657774745,-6.128384936507928,6.128384936507928,False,LEAVE_ONE_FAMILY_OUT,TiOx,TiOx_02_Pt,10.1038/s41598-019-44607-3,TiOx,5,5,4,False
TiOx_02_Pt,10.1038/s41598-019-44607-3,TiOx,2.128684,0.3281111958478591,0,0,GRADUAL_MULTILEVEL,NOT_REPORTED,absolute,IDEALIZED_SINGLE_PAIR_GRADUAL,IDEALIZED_GRADUAL_MAPPING,64,3,7,0,2,5,203264,56,32,1792,84.17,12.060000000000002,82.65381432539684,4.688633747495362,77.96518057790148,-1.5161856746031646,1.5161856746031646,False,LEAVE_ONE_FAMILY_OUT,TiOx,TiOx_02_Pt,10.1038/s41598-019-44607-3,TiOx,5,5,4,False
TiOx_02_Pt,10.1038/s41598-019-44607-3,TiOx,2.128684,0.3281111958478591,0,0,GRADUAL_MULTILEVEL,NOT_REPORTED,absolute,IDEALIZED_SINGLE_PAIR_GRADUAL,IDEALIZED_GRADUAL_MAPPING,64,7,127,0,2,4,203264,56,16,896,82.23,14.0,55.25007207936508,1.992594748344423,53.25747733102066,-26.97992792063492,26.97992792063492,False,LEAVE_ONE_FAMILY_OUT,TiOx,TiOx_02_Pt,10.1038/s41598-019-44607-3,TiOx,5,5,4,False
TiOx_02_Pt,10.1038/s41598-019-44607-3,TiOx,2.128684,0.3281111958478591,0,0,GRADUAL_MULTILEVEL,NOT_REPORTED,absolute,IDEALIZED_SINGLE_PAIR_GRADUAL,IDEALIZED_GRADUAL_MAPPING,64,8,255,0,2,4,203264,56,16,896,82.13,14.100000000000009,55.28125374603175,2.047340613801719,53.23391313223003,-26.848746253968244,26.848746253968244,False,LEAVE_ONE_FAMILY_OUT,TiOx,TiOx_02_Pt,10.1038/s41598-019-44607-3,TiOx,5,5,4,False
TiOx_02_Pt,10.1038/s41598-019-44607-3,TiOx,2.128684,0.3281111958478591,0,0,GRADUAL_MULTILEVEL,NOT_REPORTED,absolute,IDEALIZED_SINGLE_PAIR_GRADUAL,IDEALIZED_GRADUAL_MAPPING,64,6,63,0,2,4,203264,56,16,896,81.83,14.400000000000006,54.94911484126984,1.9940704903583997,52.95504435091144,-26.88088515873016,26.88088515873016,False,LEAVE_ONE_FAMILY_OUT,TiOx,TiOx_02_Pt,10.1038/s41598-019-44607-3,TiOx,5,5,4,False
TiOx_02_Pt,10.1038/s41598-019-44607-3,TiOx,2.128684,0.3281111958478591,0,0,GRADUAL_MULTILEVEL,NOT_REPORTED,absolute,IDEALIZED_SINGLE_PAIR_GRADUAL,IDEALIZED_GRADUAL_MAPPING,64,5,31,0,2,4,203264,56,16,896,81.37,14.86,54.74482703174603,2.1435717736380195,52.601255258108004,-26.625172968253978,26.625172968253978,False,LEAVE_ONE_FAMILY_OUT,TiOx,TiOx_02_Pt,10.1038/s41598-019-44607-3,TiOx,5,5,4,False
TiOx_02_Pt,10.1038/s41598-019-44607-3,TiOx,2.128684,0.3281111958478591,0,0,GRADUAL_MULTILEVEL,NOT_REPORTED,absolute,IDEALIZED_SINGLE_PAIR_GRADUAL,IDEALIZED_GRADUAL_MAPPING,128,3,7,0,2,5,203264,16,32,512,80.66,15.570000000000007,79.32331165873016,5.326329883704783,73.99698177502538,-1.3366883412698343,1.3366883412698343,False,LEAVE_ONE_FAMILY_OUT,TiOx,TiOx_02_Pt,10.1038/s41598-019-44607-3,TiOx,5,5,4,False
TiOx_02_Pt,10.1038/s41598-019-44607-3,TiOx,2.128684,0.3281111958478591,0,0,GRADUAL_MULTILEVEL,NOT_REPORTED,absolute,IDEALIZED_SINGLE_PAIR_GRADUAL,IDEALIZED_GRADUAL_MAPPING,64,4,15,0,2,4,203264,56,16,896,80.61,15.620000000000005,54.22884186507937,2.2790547196878235,51.94978714539155,-26.381158134920632,26.381158134920632,False,LEAVE_ONE_FAMILY_OUT,TiOx,TiOx_02_Pt,10.1038/s41598-019-44607-3,TiOx,5,5,4,False
TiOx_02_Pt,10.1038/s41598-019-44607-3,TiOx,2.128684,0.3281111958478591,0,0,GRADUAL_MULTILEVEL,NOT_REPORTED,absolute,IDEALIZED_SINGLE_PAIR_GRADUAL,IDEALIZED_GRADUAL_MAPPING,32,3,7,0,2,4,203264,208,16,3328,79.61,16.620000000000005,68.34450045238094,1.9886593757397095,66.35584107664123,-11.265499547619058,11.265499547619058,False,LEAVE_ONE_FAMILY_OUT,TiOx,TiOx_02_Pt,10.1038/s41598-019-44607-3,TiOx,5,5,4,False
TiOx_02_Pt,10.1038/s41598-019-44607-3,TiOx,2.128684,0.3281111958478591,0,0,GRADUAL_MULTILEVEL,NOT_REPORTED,absolute,IDEALIZED_SINGLE_PAIR_GRADUAL,IDEALIZED_GRADUAL_MAPPING,256,3,7,0,2,5,203264,10,32,320,75.79,20.44,79.17640184920634,5.174233081218962,74.00216876798738,3.3864018492063366,3.3864018492063366,False,LEAVE_ONE_FAMILY_OUT,TiOx,TiOx_02_Pt,10.1038/s41598-019-44607-3,TiOx,5,5,4,False
TiOx_02_Pt,10.1038/s41598-019-44607-3,TiOx,2.128684,0.3281111958478591,0,0,GRADUAL_MULTILEVEL,NOT_REPORTED,absolute,IDEALIZED_SINGLE_PAIR_GRADUAL,IDEALIZED_GRADUAL_MAPPING,64,3,7,0,2,4,203264,56,16,896,71.87,24.36,54.239221865079365,2.2266127507191196,52.012609114360245,-17.63077813492064,17.63077813492064,False,LEAVE_ONE_FAMILY_OUT,TiOx,TiOx_02_Pt,10.1038/s41598-019-44607-3,TiOx,5,5,4,False
TiOx_02_Pt,10.1038/s41598-019-44607-3,TiOx,2.128684,0.3281111958478591,0,0,GRADUAL_MULTILEVEL,NOT_REPORTED,absolute,IDEALIZED_SINGLE_PAIR_GRADUAL,IDEALIZED_GRADUAL_MAPPING,128,6,63,0,2,4,203264,16,16,256,64.39,31.840000000000003,40.179173761904764,1.3530875161478195,38.82608624575695,-24.210826238095237,24.210826238095237,False,LEAVE_ONE_FAMILY_OUT,TiOx,TiOx_02_Pt,10.1038/s41598-019-44607-3,TiOx,5,5,4,False
TiOx_02_Pt,10.1038/s41598-019-44607-3,TiOx,2.128684,0.3281111958478591,0,0,GRADUAL_MULTILEVEL,NOT_REPORTED,absolute,IDEALIZED_SINGLE_PAIR_GRADUAL,IDEALIZED_GRADUAL_MAPPING,128,5,31,0,2,4,203264,16,16,256,64.05,32.18000000000001,39.968867952380954,1.2467012621232334,38.72216669025772,-24.081132047619043,24.081132047619043,False,LEAVE_ONE_FAMILY_OUT,TiOx,TiOx_02_Pt,10.1038/s41598-019-44607-3,TiOx,5,5,4,False
TiOx_02_Pt,10.1038/s41598-019-44607-3,TiOx,2.128684,0.3281111958478591,0,0,GRADUAL_MULTILEVEL,NOT_REPORTED,absolute,IDEALIZED_SINGLE_PAIR_GRADUAL,IDEALIZED_GRADUAL_MAPPING,128,8,255,0,2,4,203264,16,16,256,63.72,32.510000000000005,40.40808247619047,1.2134801594513656,39.19460231673911,-23.311917523809527,23.311917523809527,False,LEAVE_ONE_FAMILY_OUT,TiOx,TiOx_02_Pt,10.1038/s41598-019-44607-3,TiOx,5,5,4,False
TiOx_02_Pt,10.1038/s41598-019-44607-3,TiOx,2.128684,0.3281111958478591,0,0,GRADUAL_MULTILEVEL,NOT_REPORTED,absolute,IDEALIZED_SINGLE_PAIR_GRADUAL,IDEALIZED_GRADUAL_MAPPING,128,7,127,0,2,4,203264,16,16,256,63.25,32.980000000000004,40.38719895238095,1.308786380863145,39.0784125715178,-22.86280104761905,22.86280104761905,False,LEAVE_ONE_FAMILY_OUT,TiOx,TiOx_02_Pt,10.1038/s41598-019-44607-3,TiOx,5,5,4,False
TiOx_02_Pt,10.1038/s41598-019-44607-3,TiOx,2.128684,0.3281111958478591,0,0,GRADUAL_MULTILEVEL,NOT_REPORTED,absolute,IDEALIZED_SINGLE_PAIR_GRADUAL,IDEALIZED_GRADUAL_MAPPING,128,4,15,0,2,4,203264,16,16,256,63.24,32.99,39.936113285714285,1.1388760730097038,38.79723721270458,-23.303886714285717,23.303886714285717,False,LEAVE_ONE_FAMILY_OUT,TiOx,TiOx_02_Pt,10.1038/s41598-019-44607-3,TiOx,5,5,4,False
TiOx_02_Pt,10.1038/s41598-019-44607-3,TiOx,2.128684,0.3281111958478591,0,0,GRADUAL_MULTILEVEL,NOT_REPORTED,absolute,IDEALIZED_SINGLE_PAIR_GRADUAL,IDEALIZED_GRADUAL_MAPPING,256,5,31,0,2,4,203264,10,16,160,57.18,39.05,32.27839119047619,0.8579979573651617,31.42039323311103,-24.901608809523808,24.901608809523808,False,LEAVE_ONE_FAMILY_OUT,TiOx,TiOx_02_Pt,10.1038/s41598-019-44607-3,TiOx,5,5,4,False
TiOx_02_Pt,10.1038/s41598-019-44607-3,TiOx,2.128684,0.3281111958478591,0,0,GRADUAL_MULTILEVEL,NOT_REPORTED,absolute,IDEALIZED_SINGLE_PAIR_GRADUAL,IDEALIZED_GRADUAL_MAPPING,256,6,63,0,2,4,203264,10,16,160,56.24,39.99,32.266259539682544,0.8385371141422833,31.42772242554026,-23.973740460317458,23.973740460317458,False,LEAVE_ONE_FAMILY_OUT,TiOx,TiOx_02_Pt,10.1038/s41598-019-44607-3,TiOx,5,5,4,False
TiOx_02_Pt,10.1038/s41598-019-44607-3,TiOx,2.128684,0.3281111958478591,0,0,GRADUAL_MULTILEVEL,NOT_REPORTED,absolute,IDEALIZED_SINGLE_PAIR_GRADUAL,IDEALIZED_GRADUAL_MAPPING,256,4,15,0,2,4,203264,10,16,160,55.95,40.28,32.4363415952381,0.8927609221133241,31.543580673124772,-23.513658404761905,23.513658404761905,False,LEAVE_ONE_FAMILY_OUT,TiOx,TiOx_02_Pt,10.1038/s41598-019-44607-3,TiOx,5,5,4,False
TiOx_02_Pt,10.1038/s41598-019-44607-3,TiOx,2.128684,0.3281111958478591,0,0,GRADUAL_MULTILEVEL,NOT_REPORTED,absolute,IDEALIZED_SINGLE_PAIR_GRADUAL,IDEALIZED_GRADUAL_MAPPING,256,8,255,0,2,4,203264,10,16,160,55.63,40.6,32.349777515873015,0.8859705921143749,31.46380692375864,-23.280222484126988,23.280222484126988,False,LEAVE_ONE_FAMILY_OUT,TiOx,TiOx_02_Pt,10.1038/s41598-019-44607-3,TiOx,5,5,4,False
TiOx_02_Pt,10.1038/s41598-019-44607-3,TiOx,2.128684,0.3281111958478591,0,0,GRADUAL_MULTILEVEL,NOT_REPORTED,absolute,IDEALIZED_SINGLE_PAIR_GRADUAL,IDEALIZED_GRADUAL_MAPPING,256,7,127,0,2,4,203264,10,16,160,55.55,40.68000000000001,32.32889399206349,0.8295091827324379,31.499384809331055,-23.221106007936505,23.221106007936505,False,LEAVE_ONE_FAMILY_OUT,TiOx,TiOx_02_Pt,10.1038/s41598-019-44607-3,TiOx,5,5,4,False
TiOx_02_Pt,10.1038/s41598-019-44607-3,TiOx,2.128684,0.3281111958478591,0,0,GRADUAL_MULTILEVEL,NOT_REPORTED,absolute,IDEALIZED_SINGLE_PAIR_GRADUAL,IDEALIZED_GRADUAL_MAPPING,128,3,7,0,2,4,203264,16,16,256,48.04,48.190000000000005,39.94649328571428,1.1653601609170159,38.781133124797265,-8.093506714285716,8.093506714285716,False,LEAVE_ONE_FAMILY_OUT,TiOx,TiOx_02_Pt,10.1038/s41598-019-44607-3,TiOx,5,5,4,False
TiOx_02_Pt,10.1038/s41598-019-44607-3,TiOx,2.128684,0.3281111958478591,0,0,GRADUAL_MULTILEVEL,NOT_REPORTED,absolute,IDEALIZED_SINGLE_PAIR_GRADUAL,IDEALIZED_GRADUAL_MAPPING,256,3,7,0,2,4,203264,10,16,160,44.92,51.31,32.4363415952381,0.8927609221133241,31.543580673124772,-12.483658404761904,12.483658404761904,False,LEAVE_ONE_FAMILY_OUT,TiOx,TiOx_02_Pt,10.1038/s41598-019-44607-3,TiOx,5,5,4,False
TiOx_02_Pt,10.1038/s41598-019-44607-3,TiOx,2.128684,0.3281111958478591,0,0,GRADUAL_MULTILEVEL,NOT_REPORTED,absolute,IDEALIZED_SINGLE_PAIR_GRADUAL,IDEALIZED_GRADUAL_MAPPING,16,2,3,0,2,4,203264,800,16,12800,11.44,84.79,10.511100515873016,0.49654360369130707,10.014556912181709,-0.9288994841269833,0.9288994841269833,False,LEAVE_ONE_FAMILY_OUT,TiOx,TiOx_02_Pt,10.1038/s41598-019-44607-3,TiOx,5,5,4,False
TiOx_02_Pt,10.1038/s41598-019-44607-3,TiOx,2.128684,0.3281111958478591,0,0,GRADUAL_MULTILEVEL,NOT_REPORTED,absolute,IDEALIZED_SINGLE_PAIR_GRADUAL,IDEALIZED_GRADUAL_MAPPING,16,2,3,0,2,9,203264,800,512,409600,11.42,84.81,11.298294904761907,0.04955848666213782,11.248736418099769,-0.12170509523809336,0.12170509523809336,False,LEAVE_ONE_FAMILY_OUT,TiOx,TiOx_02_Pt,10.1038/s41598-019-44607-3,TiOx,5,5,4,False
TiOx_02_Pt,10.1038/s41598-019-44607-3,TiOx,2.128684,0.3281111958478591,0,0,GRADUAL_MULTILEVEL,NOT_REPORTED,absolute,IDEALIZED_SINGLE_PAIR_GRADUAL,IDEALIZED_GRADUAL_MAPPING,64,2,3,0,2,9,203264,56,512,28672,11.42,84.81,11.212477150793651,0.06118392162526585,11.151293229168385,-0.20752284920634878,0.20752284920634878,False,LEAVE_ONE_FAMILY_OUT,TiOx,TiOx_02_Pt,10.1038/s41598-019-44607-3,TiOx,5,5,4,False
TiOx_02_Pt,10.1038/s41598-019-44607-3,TiOx,2.128684,0.3281111958478591,0,0,GRADUAL_MULTILEVEL,NOT_REPORTED,absolute,IDEALIZED_SINGLE_PAIR_GRADUAL,IDEALIZED_GRADUAL_MAPPING,128,2,3,0,2,8,203264,16,256,4096,11.4,84.83,11.134620163059164,0.09963158269764172,11.034988580361523,-0.265379836940836,0.265379836940836,False,LEAVE_ONE_FAMILY_OUT,TiOx,TiOx_02_Pt,10.1038/s41598-019-44607-3,TiOx,5,5,4,False
TiOx_02_Pt,10.1038/s41598-019-44607-3,TiOx,2.128684,0.3281111958478591,0,0,GRADUAL_MULTILEVEL,NOT_REPORTED,absolute,IDEALIZED_SINGLE_PAIR_GRADUAL,IDEALIZED_GRADUAL_MAPPING,256,2,3,0,2,9,203264,10,512,5120,11.38,84.85000000000001,11.187155984126985,0.1803659411562013,11.006790042970783,-0.1928440158730158,0.1928440158730158,False,LEAVE_ONE_FAMILY_OUT,TiOx,TiOx_02_Pt,10.1038/s41598-019-44607-3,TiOx,5,5,4,False
TiOx_02_Pt,10.1038/s41598-019-44607-3,TiOx,2.128684,0.3281111958478591,0,0,GRADUAL_MULTILEVEL,NOT_REPORTED,absolute,IDEALIZED_SINGLE_PAIR_GRADUAL,IDEALIZED_GRADUAL_MAPPING,16,2,3,0,2,7,203264,800,128,102400,11.37,84.86,11.295166142857143,0.11027710322872619,11.184889039628416,-0.07483385714285617,0.07483385714285617,False,LEAVE_ONE_FAMILY_OUT,TiOx,TiOx_02_Pt,10.1038/s41598-019-44607-3,TiOx,5,5,4,False
TiOx_02_Pt,10.1038/s41598-019-44607-3,TiOx,2.128684,0.3281111958478591,0,0,GRADUAL_MULTILEVEL,NOT_REPORTED,absolute,IDEALIZED_SINGLE_PAIR_GRADUAL,IDEALIZED_GRADUAL_MAPPING,16,2,3,0,2,10,203264,800,1024,819200,11.36,84.87,11.282850095238096,0.046868884265361954,11.235981210972735,-0.07714990476190309,0.07714990476190309,False,LEAVE_ONE_FAMILY_OUT,TiOx,TiOx_02_Pt,10.1038/s41598-019-44607-3,TiOx,5,5,4,False
TiOx_02_Pt,10.1038/s41598-019-44607-3,TiOx,2.128684,0.3281111958478591,0,0,GRADUAL_MULTILEVEL,NOT_REPORTED,absolute,IDEALIZED_SINGLE_PAIR_GRADUAL,IDEALIZED_GRADUAL_MAPPING,128,2,3,0,2,9,203264,16,512,8192,11.36,84.87,11.199252206349207,0.0608061452722464,11.13844606107696,-0.16074779365079195,0.16074779365079195,False,LEAVE_ONE_FAMILY_OUT,TiOx,TiOx_02_Pt,10.1038/s41598-019-44607-3,TiOx,5,5,4,False
TiOx_02_Pt,10.1038/s41598-019-44607-3,TiOx,2.128684,0.3281111958478591,0,0,GRADUAL_MULTILEVEL,NOT_REPORTED,absolute,IDEALIZED_SINGLE_PAIR_GRADUAL,IDEALIZED_GRADUAL_MAPPING,16,2,3,0,2,8,203264,800,256,204800,11.35,84.88000000000001,11.285062023809523,0.06002835399703906,11.225033669812484,-0.06493797619047648,0.06493797619047648,False,LEAVE_ONE_FAMILY_OUT,TiOx,TiOx_02_Pt,10.1038/s41598-019-44607-3,TiOx,5,5,4,False
TiOx_02_Pt,10.1038/s41598-019-44607-3,TiOx,2.128684,0.3281111958478591,0,0,GRADUAL_MULTILEVEL,NOT_REPORTED,absolute,IDEALIZED_SINGLE_PAIR_GRADUAL,IDEALIZED_GRADUAL_MAPPING,256,2,3,0,2,8,203264,10,256,2560,11.26,84.97,11.133734893217893,0.1957936872751996,10.937941205942693,-0.12626510678210678,0.12626510678210678,False,LEAVE_ONE_FAMILY_OUT,TiOx,TiOx_02_Pt,10.1038/s41598-019-44607-3,TiOx,5,5,4,False
TiOx_02_Pt,10.1038/s41598-019-44607-3,TiOx,2.128684,0.3281111958478591,0,0,GRADUAL_MULTILEVEL,NOT_REPORTED,absolute,IDEALIZED_SINGLE_PAIR_GRADUAL,IDEALIZED_GRADUAL_MAPPING,128,2,3,0,2,10,203264,16,1024,16384,11.25,84.98,11.191980626984126,0.04741738024776565,11.144563246736361,-0.05801937301587401,0.05801937301587401,False,LEAVE_ONE_FAMILY_OUT,TiOx,TiOx_02_Pt,10.1038/s41598-019-44607-3,TiOx,5,5,4,False
TiOx_02_Pt,10.1038/s41598-019-44607-3,TiOx,2.128684,0.3281111958478591,0,0,GRADUAL_MULTILEVEL,NOT_REPORTED,absolute,IDEALIZED_SINGLE_PAIR_GRADUAL,IDEALIZED_GRADUAL_MAPPING,256,2,3,0,2,10,203264,10,1024,10240,11.25,84.98,11.180319738095237,0.17683712864702322,11.003482609448215,-0.06968026190476273,0.06968026190476273,False,LEAVE_ONE_FAMILY_OUT,TiOx,TiOx_02_Pt,10.1038/s41598-019-44607-3,TiOx,5,5,4,False
TiOx_02_Pt,10.1038/s41598-019-44607-3,TiOx,2.128684,0.3281111958478591,0,0,GRADUAL_MULTILEVEL,NOT_REPORTED,absolute,IDEALIZED_SINGLE_PAIR_GRADUAL,IDEALIZED_GRADUAL_MAPPING,16,2,3,0,2,6,203264,800,64,51200,11.23,85.0,11.162144515873017,0.21765046341863148,10.944494052454385,-0.06785548412698361,0.06785548412698361,False,LEAVE_ONE_FAMILY_OUT,TiOx,TiOx_02_Pt,10.1038/s41598-019-44607-3,TiOx,5,5,4,False
TiOx_02_Pt,10.1038/s41598-019-44607-3,TiOx,2.128684,0.3281111958478591,0,0,GRADUAL_MULTILEVEL,NOT_REPORTED,absolute,IDEALIZED_SINGLE_PAIR_GRADUAL,IDEALIZED_GRADUAL_MAPPING,32,2,3,0,2,9,203264,208,512,106496,11.18,85.05000000000001,11.289556238095237,0.044587628496092366,11.244968609599145,0.10955623809523729,0.10955623809523729,False,LEAVE_ONE_FAMILY_OUT,TiOx,TiOx_02_Pt,10.1038/s41598-019-44607-3,TiOx,5,5,4,False
TiOx_02_Pt,10.1038/s41598-019-44607-3,TiOx,2.128684,0.3281111958478591,0,0,GRADUAL_MULTILEVEL,NOT_REPORTED,absolute,IDEALIZED_SINGLE_PAIR_GRADUAL,IDEALIZED_GRADUAL_MAPPING,64,2,3,0,2,10,203264,56,1024,57344,11.13,85.10000000000001,11.207782904761903,0.05225062050748531,11.155532284254416,0.07778290476190186,0.07778290476190186,False,LEAVE_ONE_FAMILY_OUT,TiOx,TiOx_02_Pt,10.1038/s41598-019-44607-3,TiOx,5,5,4,False
TiOx_02_Pt,10.1038/s41598-019-44607-3,TiOx,2.128684,0.3281111958478591,0,0,GRADUAL_MULTILEVEL,NOT_REPORTED,absolute,IDEALIZED_SINGLE_PAIR_GRADUAL,IDEALIZED_GRADUAL_MAPPING,32,2,3,0,2,10,203264,208,1024,212992,11.12,85.11,11.274890428571426,0.038462591643941973,11.236427836927485,0.1548904285714272,0.1548904285714272,False,LEAVE_ONE_FAMILY_OUT,TiOx,TiOx_02_Pt,10.1038/s41598-019-44607-3,TiOx,5,5,4,False
TiOx_02_Pt,10.1038/s41598-019-44607-3,TiOx,2.128684,0.3281111958478591,0,0,GRADUAL_MULTILEVEL,NOT_REPORTED,absolute,IDEALIZED_SINGLE_PAIR_GRADUAL,IDEALIZED_GRADUAL_MAPPING,32,2,3,0,2,4,203264,208,16,3328,11.1,85.13000000000001,10.582187515873017,0.5476132837274496,10.034574232145568,-0.5178124841269831,0.5178124841269831,False,LEAVE_ONE_FAMILY_OUT,TiOx,TiOx_02_Pt,10.1038/s41598-019-44607-3,TiOx,5,5,4,False
TiOx_02_Pt,10.1038/s41598-019-44607-3,TiOx,2.128684,0.3281111958478591,0,0,GRADUAL_MULTILEVEL,NOT_REPORTED,absolute,IDEALIZED_SINGLE_PAIR_GRADUAL,IDEALIZED_GRADUAL_MAPPING,32,2,3,0,2,8,203264,208,256,53248,11.1,85.13000000000001,11.273714309523807,0.0555247059712225,11.218189603552585,0.17371430952380784,0.17371430952380784,False,LEAVE_ONE_FAMILY_OUT,TiOx,TiOx_02_Pt,10.1038/s41598-019-44607-3,TiOx,5,5,4,False
TiOx_02_Pt,10.1038/s41598-019-44607-3,TiOx,2.128684,0.3281111958478591,0,0,GRADUAL_MULTILEVEL,NOT_REPORTED,absolute,IDEALIZED_SINGLE_PAIR_GRADUAL,IDEALIZED_GRADUAL_MAPPING,32,2,3,0,2,7,203264,208,128,26624,11.09,85.14,11.279598428571429,0.10254995468188338,11.177048473889545,0.18959842857142917,0.18959842857142917,False,LEAVE_ONE_FAMILY_OUT,TiOx,TiOx_02_Pt,10.1038/s41598-019-44607-3,TiOx,5,5,4,False
TiOx_02_Pt,10.1038/s41598-019-44607-3,TiOx,2.128684,0.3281111958478591,0,0,GRADUAL_MULTILEVEL,NOT_REPORTED,absolute,IDEALIZED_SINGLE_PAIR_GRADUAL,IDEALIZED_GRADUAL_MAPPING,64,2,3,0,2,7,203264,56,128,7168,11.04,85.19,11.183910583694084,0.12338634100148348,11.060524242692601,0.14391058369408505,0.14391058369408505,False,LEAVE_ONE_FAMILY_OUT,TiOx,TiOx_02_Pt,10.1038/s41598-019-44607-3,TiOx,5,5,4,False
TiOx_02_Pt,10.1038/s41598-019-44607-3,TiOx,2.128684,0.3281111958478591,0,0,GRADUAL_MULTILEVEL,NOT_REPORTED,absolute,IDEALIZED_SINGLE_PAIR_GRADUAL,IDEALIZED_GRADUAL_MAPPING,64,2,3,0,2,8,203264,56,256,14336,11.01,85.22,11.172358678932177,0.07245126217447549,11.099907416757702,0.16235867893217737,0.16235867893217737,False,LEAVE_ONE_FAMILY_OUT,TiOx,TiOx_02_Pt,10.1038/s41598-019-44607-3,TiOx,5,5,4,False
TiOx_02_Pt,10.1038/s41598-019-44607-3,TiOx,2.128684,0.3281111958478591,0,0,GRADUAL_MULTILEVEL,NOT_REPORTED,absolute,IDEALIZED_SINGLE_PAIR_GRADUAL,IDEALIZED_GRADUAL_MAPPING,64,2,3,0,2,6,203264,56,64,3584,10.95,85.28,11.223534476190476,0.20113484592773667,11.02239963026274,0.273534476190477,0.273534476190477,False,LEAVE_ONE_FAMILY_OUT,TiOx,TiOx_02_Pt,10.1038/s41598-019-44607-3,TiOx,5,5,4,False
TiOx_02_Pt,10.1038/s41598-019-44607-3,TiOx,2.128684,0.3281111958478591,0,0,GRADUAL_MULTILEVEL,NOT_REPORTED,absolute,IDEALIZED_SINGLE_PAIR_GRADUAL,IDEALIZED_GRADUAL_MAPPING,32,2,3,0,2,6,203264,208,64,13312,10.9,85.33,11.16662092063492,0.19275839830784858,10.973862522327071,0.26662092063491905,0.26662092063491905,False,LEAVE_ONE_FAMILY_OUT,TiOx,TiOx_02_Pt,10.1038/s41598-019-44607-3,TiOx,5,5,4,False
TiOx_02_Pt,10.1038/s41598-019-44607-3,TiOx,2.128684,0.3281111958478591,0,0,GRADUAL_MULTILEVEL,NOT_REPORTED,absolute,IDEALIZED_SINGLE_PAIR_GRADUAL,IDEALIZED_GRADUAL_MAPPING,128,2,3,0,2,7,203264,16,128,2048,10.88,85.35000000000001,11.01044559090909,0.1775061752260218,10.832939415683068,0.1304455909090887,0.1304455909090887,False,LEAVE_ONE_FAMILY_OUT,TiOx,TiOx_02_Pt,10.1038/s41598-019-44607-3,TiOx,5,5,4,False
TiOx_02_Pt,10.1038/s41598-019-44607-3,TiOx,2.128684,0.3281111958478591,0,0,GRADUAL_MULTILEVEL,NOT_REPORTED,absolute,IDEALIZED_SINGLE_PAIR_GRADUAL,IDEALIZED_GRADUAL_MAPPING,16,2,3,0,2,5,203264,800,32,25600,10.79,85.44,10.778266095238093,0.3334697492347585,10.444796346003335,-0.011733904761905833,0.011733904761905833,False,LEAVE_ONE_FAMILY_OUT,TiOx,TiOx_02_Pt,10.1038/s41598-019-44607-3,TiOx,5,5,4,False
TiOx_02_Pt,10.1038/s41598-019-44607-3,TiOx,2.128684,0.3281111958478591,0,0,GRADUAL_MULTILEVEL,NOT_REPORTED,absolute,IDEALIZED_SINGLE_PAIR_GRADUAL,IDEALIZED_GRADUAL_MAPPING,128,2,3,0,2,6,203264,16,64,1024,10.75,85.48,10.797970253246753,0.3342814245475714,10.463688828699182,0.04797025324675275,0.04797025324675275,False,LEAVE_ONE_FAMILY_OUT,TiOx,TiOx_02_Pt,10.1038/s41598-019-44607-3,TiOx,5,5,4,False
TiOx_02_Pt,10.1038/s41598-019-44607-3,TiOx,2.128684,0.3281111958478591,0,0,GRADUAL_MULTILEVEL,NOT_REPORTED,absolute,IDEALIZED_SINGLE_PAIR_GRADUAL,IDEALIZED_GRADUAL_MAPPING,256,2,3,0,2,7,203264,10,128,1280,10.75,85.48,10.973894067099566,0.22828717132239776,10.745606895777168,0.22389406709956639,0.22389406709956639,False,LEAVE_ONE_FAMILY_OUT,TiOx,TiOx_02_Pt,10.1038/s41598-019-44607-3,TiOx,5,5,4,False
TiOx_02_Pt,10.1038/s41598-019-44607-3,TiOx,2.128684,0.3281111958478591,0,0,GRADUAL_MULTILEVEL,NOT_REPORTED,absolute,IDEALIZED_SINGLE_PAIR_GRADUAL,IDEALIZED_GRADUAL_MAPPING,32,2,3,0,2,5,203264,208,32,6656,10.48,85.75,10.84806776190476,0.3487984578133215,10.499269304091438,0.36806776190475965,0.36806776190475965,False,LEAVE_ONE_FAMILY_OUT,TiOx,TiOx_02_Pt,10.1038/s41598-019-44607-3,TiOx,5,5,4,False
TiOx_02_Pt,10.1038/s41598-019-44607-3,TiOx,2.128684,0.3281111958478591,0,0,GRADUAL_MULTILEVEL,NOT_REPORTED,absolute,IDEALIZED_SINGLE_PAIR_GRADUAL,IDEALIZED_GRADUAL_MAPPING,256,2,3,0,2,6,203264,10,64,640,10.18,86.05000000000001,10.714969824675325,0.357908357224679,10.357061467450647,0.5349698246753256,0.5349698246753256,False,LEAVE_ONE_FAMILY_OUT,TiOx,TiOx_02_Pt,10.1038/s41598-019-44607-3,TiOx,5,5,4,False
TiOx_02_Pt,10.1038/s41598-019-44607-3,TiOx,2.128684,0.3281111958478591,0,0,GRADUAL_MULTILEVEL,NOT_REPORTED,absolute,IDEALIZED_SINGLE_PAIR_GRADUAL,IDEALIZED_GRADUAL_MAPPING,64,2,3,0,2,4,203264,56,16,896,10.03,86.2,10.862077071428573,0.6613071702856047,10.200769901142968,0.8320770714285732,0.8320770714285732,False,LEAVE_ONE_FAMILY_OUT,TiOx,TiOx_02_Pt,10.1038/s41598-019-44607-3,TiOx,5,5,4,False
TiOx_02_Pt,10.1038/s41598-019-44607-3,TiOx,2.128684,0.3281111958478591,0,0,GRADUAL_MULTILEVEL,NOT_REPORTED,absolute,IDEALIZED_SINGLE_PAIR_GRADUAL,IDEALIZED_GRADUAL_MAPPING,64,2,3,0,2,5,203264,56,32,1792,9.97,86.26,11.089956746031747,0.41208554495629796,10.67787120107545,1.1199567460317468,1.1199567460317468,False,LEAVE_ONE_FAMILY_OUT,TiOx,TiOx_02_Pt,10.1038/s41598-019-44607-3,TiOx,5,5,4,False
TiOx_02_Pt,10.1038/s41598-019-44607-3,TiOx,2.128684,0.3281111958478591,0,0,GRADUAL_MULTILEVEL,NOT_REPORTED,absolute,IDEALIZED_SINGLE_PAIR_GRADUAL,IDEALIZED_GRADUAL_MAPPING,128,2,3,0,2,4,203264,16,16,256,9.82,86.41,9.855599523809524,0.5534739078476678,9.302125615961856,0.03559952380952325,0.03559952380952325,False,LEAVE_ONE_FAMILY_OUT,TiOx,TiOx_02_Pt,10.1038/s41598-019-44607-3,TiOx,5,5,4,False
TiOx_02_Pt,10.1038/s41598-019-44607-3,TiOx,2.128684,0.3281111958478591,0,0,GRADUAL_MULTILEVEL,NOT_REPORTED,absolute,IDEALIZED_SINGLE_PAIR_GRADUAL,IDEALIZED_GRADUAL_MAPPING,128,2,3,0,2,5,203264,16,32,512,9.72,86.51,10.108645817460317,0.5827033465376897,9.525942470922628,0.3886458174603167,0.3886458174603167,False,LEAVE_ONE_FAMILY_OUT,TiOx,TiOx_02_Pt,10.1038/s41598-019-44607-3,TiOx,5,5,4,False
TiOx_02_Pt,10.1038/s41598-019-44607-3,TiOx,2.128684,0.3281111958478591,0,0,GRADUAL_MULTILEVEL,NOT_REPORTED,absolute,IDEALIZED_SINGLE_PAIR_GRADUAL,IDEALIZED_GRADUAL_MAPPING,256,2,3,0,2,5,203264,10,32,320,9.15,87.08,9.982477460317462,0.4858303363072231,9.496647124010238,0.8324774603174614,0.8324774603174614,False,LEAVE_ONE_FAMILY_OUT,TiOx,TiOx_02_Pt,10.1038/s41598-019-44607-3,TiOx,5,5,4,False
TiOx_02_Pt,10.1038/s41598-019-44607-3,TiOx,2.128684,0.3281111958478591,0,0,GRADUAL_MULTILEVEL,NOT_REPORTED,absolute,IDEALIZED_SINGLE_PAIR_GRADUAL,IDEALIZED_GRADUAL_MAPPING,256,2,3,0,2,4,203264,10,16,160,9.06,87.17,9.750556547619047,0.41079223257985625,9.33976431503919,0.6905565476190461,0.6905565476190461,False,LEAVE_ONE_FAMILY_OUT,TiOx,TiOx_02_Pt,10.1038/s41598-019-44607-3,TiOx,5,5,4,False
TiOx_03,10.1016/j.spmi.2017.10.031,TiOx,80.0,1.9030899869919435,0,0,ANALOG,NOT_REPORTED,normalized_from_ratio,IDEALIZED_SINGLE_PAIR_ANALOG,IDEALIZED_ANALOG_MAPPING,256,6,63,0,2,8,203264,10,256,2560,96.34,-0.1099999999999994,96.21632253174603,0.03877469953246081,96.17754783221356,-0.12367746825397319,0.12367746825397319,True,LEAVE_ONE_FAMILY_OUT,TiOx,TiOx_03,10.1016/j.spmi.2017.10.031,TiOx,5,5,4,False
TiOx_03,10.1016/j.spmi.2017.10.031,TiOx,80.0,1.9030899869919435,0,0,ANALOG,NOT_REPORTED,normalized_from_ratio,IDEALIZED_SINGLE_PAIR_ANALOG,IDEALIZED_ANALOG_MAPPING,128,6,63,0,2,8,203264,16,256,4096,96.33,-0.0999999999999943,96.24152365151515,0.03143874812302731,96.21008490339213,-0.08847634848484631,0.08847634848484631,True,LEAVE_ONE_FAMILY_OUT,TiOx,TiOx_03,10.1016/j.spmi.2017.10.031,TiOx,5,5,4,False
TiOx_03,10.1016/j.spmi.2017.10.031,TiOx,80.0,1.9030899869919435,0,0,ANALOG,NOT_REPORTED,normalized_from_ratio,IDEALIZED_SINGLE_PAIR_ANALOG,IDEALIZED_ANALOG_MAPPING,32,6,63,0,2,10,203264,208,1024,212992,96.31,-0.0799999999999983,96.28309158802308,0.014989530909130203,96.26810205711395,-0.026908411976918956,0.026908411976918956,True,LEAVE_ONE_FAMILY_OUT,TiOx,TiOx_03,10.1016/j.spmi.2017.10.031,TiOx,5,5,4,False
TiOx_03,10.1016/j.spmi.2017.10.031,TiOx,80.0,1.9030899869919435,0,0,ANALOG,NOT_REPORTED,normalized_from_ratio,IDEALIZED_SINGLE_PAIR_ANALOG,IDEALIZED_ANALOG_MAPPING,16,6,63,0,2,10,203264,800,1024,819200,96.29,-0.0600000000000022,96.2993879134199,0.016674693378099306,96.28271322004181,0.009387913419899974,0.009387913419899974,True,LEAVE_ONE_FAMILY_OUT,TiOx,TiOx_03,10.1016/j.spmi.2017.10.031,TiOx,5,5,4,False
TiOx_03,10.1016/j.spmi.2017.10.031,TiOx,80.0,1.9030899869919435,0,0,ANALOG,NOT_REPORTED,normalized_from_ratio,IDEALIZED_SINGLE_PAIR_ANALOG,IDEALIZED_ANALOG_MAPPING,128,6,63,0,2,10,203264,16,1024,16384,96.29,-0.0600000000000022,96.2633437142857,0.0214095580377346,96.24193415624796,-0.026656285714310002,0.026656285714310002,True,LEAVE_ONE_FAMILY_OUT,TiOx,TiOx_03,10.1016/j.spmi.2017.10.031,TiOx,5,5,4,False
TiOx_03,10.1016/j.spmi.2017.10.031,TiOx,80.0,1.9030899869919435,0,0,ANALOG,NOT_REPORTED,normalized_from_ratio,IDEALIZED_SINGLE_PAIR_ANALOG,IDEALIZED_ANALOG_MAPPING,64,6,63,0,2,10,203264,56,1024,57344,96.29,-0.0600000000000022,96.28264844516595,0.011387365186508508,96.27126107997944,-0.0073515548340594705,0.0073515548340594705,True,LEAVE_ONE_FAMILY_OUT,TiOx,TiOx_03,10.1016/j.spmi.2017.10.031,TiOx,5,5,4,False
TiOx_03,10.1016/j.spmi.2017.10.031,TiOx,80.0,1.9030899869919435,0,0,ANALOG,NOT_REPORTED,normalized_from_ratio,IDEALIZED_SINGLE_PAIR_ANALOG,IDEALIZED_ANALOG_MAPPING,32,6,63,0,2,9,203264,208,512,106496,96.28,-0.0499999999999971,96.2565745079365,0.01700211835338491,96.23957238958312,-0.023425492063495312,0.023425492063495312,True,LEAVE_ONE_FAMILY_OUT,TiOx,TiOx_03,10.1016/j.spmi.2017.10.031,TiOx,5,5,4,False
TiOx_03,10.1016/j.spmi.2017.10.031,TiOx,80.0,1.9030899869919435,0,0,ANALOG,NOT_REPORTED,normalized_from_ratio,IDEALIZED_SINGLE_PAIR_ANALOG,IDEALIZED_ANALOG_MAPPING,32,8,255,0,2,6,203264,208,64,13312,96.28,-0.0499999999999971,96.16623173809525,0.052296636591318196,96.11393510150393,-0.11376826190475242,0.11376826190475242,True,LEAVE_ONE_FAMILY_OUT,TiOx,TiOx_03,10.1016/j.spmi.2017.10.031,TiOx,5,5,4,False
TiOx_03,10.1016/j.spmi.2017.10.031,TiOx,80.0,1.9030899869919435,0,0,ANALOG,NOT_REPORTED,normalized_from_ratio,IDEALIZED_SINGLE_PAIR_ANALOG,IDEALIZED_ANALOG_MAPPING,64,8,255,0,2,10,203264,56,1024,57344,96.27,-0.039999999999992,96.22769942063492,0.01308646596982749,96.2146129546651,-0.04230057936507592,0.04230057936507592,True,LEAVE_ONE_FAMILY_OUT,TiOx,TiOx_03,10.1016/j.spmi.2017.10.031,TiOx,5,5,4,False
TiOx_03,10.1016/j.spmi.2017.10.031,TiOx,80.0,1.9030899869919435,0,0,ANALOG,NOT_REPORTED,normalized_from_ratio,IDEALIZED_SINGLE_PAIR_ANALOG,IDEALIZED_ANALOG_MAPPING,32,6,63,0,2,8,203264,208,256,53248,96.27,-0.039999999999992,96.24868270634921,0.02563451590938745,96.22304819043983,-0.02131729365078172,0.02131729365078172,True,LEAVE_ONE_FAMILY_OUT,TiOx,TiOx_03,10.1016/j.spmi.2017.10.031,TiOx,5,5,4,False
TiOx_03,10.1016/j.spmi.2017.10.031,TiOx,80.0,1.9030899869919435,0,0,ANALOG,NOT_REPORTED,normalized_from_ratio,IDEALIZED_SINGLE_PAIR_ANALOG,IDEALIZED_ANALOG_MAPPING,32,8,255,0,2,9,203264,208,512,106496,96.27,-0.039999999999992,96.23375184054834,0.014404610476813054,96.21934723007152,-0.03624815945165949,0.03624815945165949,True,LEAVE_ONE_FAMILY_OUT,TiOx,TiOx_03,10.1016/j.spmi.2017.10.031,TiOx,5,5,4,False
TiOx_03,10.1016/j.spmi.2017.10.031,TiOx,80.0,1.9030899869919435,0,0,ANALOG,NOT_REPORTED,normalized_from_ratio,IDEALIZED_SINGLE_PAIR_ANALOG,IDEALIZED_ANALOG_MAPPING,64,6,63,0,2,8,203264,56,256,14336,96.27,-0.039999999999992,96.25724327056275,0.02962950274478715,96.22761376781797,-0.012756729437242598,0.012756729437242598,True,LEAVE_ONE_FAMILY_OUT,TiOx,TiOx_03,10.1016/j.spmi.2017.10.031,TiOx,5,5,4,False
TiOx_03,10.1016/j.spmi.2017.10.031,TiOx,80.0,1.9030899869919435,0,0,ANALOG,NOT_REPORTED,normalized_from_ratio,IDEALIZED_SINGLE_PAIR_ANALOG,IDEALIZED_ANALOG_MAPPING,16,8,255,0,2,7,203264,800,128,102400,96.27,-0.039999999999992,96.21920419047619,0.03560220854743023,96.18360198192876,-0.050795809523805246,0.050795809523805246,True,LEAVE_ONE_FAMILY_OUT,TiOx,TiOx_03,10.1016/j.spmi.2017.10.031,TiOx,5,5,4,False
TiOx_03,10.1016/j.spmi.2017.10.031,TiOx,80.0,1.9030899869919435,0,0,ANALOG,NOT_REPORTED,normalized_from_ratio,IDEALIZED_SINGLE_PAIR_ANALOG,IDEALIZED_ANALOG_MAPPING,128,7,127,0,2,10,203264,16,1024,16384,96.26,-0.0300000000000011,96.20720265945167,0.011245104047873938,96.1959575554038,-0.05279734054833796,0.05279734054833796,True,LEAVE_ONE_FAMILY_OUT,TiOx,TiOx_03,10.1016/j.spmi.2017.10.031,TiOx,5,5,4,False
TiOx_03,10.1016/j.spmi.2017.10.031,TiOx,80.0,1.9030899869919435,0,0,ANALOG,NOT_REPORTED,normalized_from_ratio,IDEALIZED_SINGLE_PAIR_ANALOG,IDEALIZED_ANALOG_MAPPING,64,6,63,0,2,9,203264,56,512,28672,96.26,-0.0300000000000011,96.26507336507939,0.02001225709336666,96.24506110798602,0.005073365079383052,0.005073365079383052,True,LEAVE_ONE_FAMILY_OUT,TiOx,TiOx_03,10.1016/j.spmi.2017.10.031,TiOx,5,5,4,False
TiOx_03,10.1016/j.spmi.2017.10.031,TiOx,80.0,1.9030899869919435,0,0,ANALOG,NOT_REPORTED,normalized_from_ratio,IDEALIZED_SINGLE_PAIR_ANALOG,IDEALIZED_ANALOG_MAPPING,16,6,63,0,2,8,203264,800,256,204800,96.26,-0.0300000000000011,96.25838381746031,0.02786398532533316,96.23051983213497,-0.0016161825396920904,0.0016161825396920904,True,LEAVE_ONE_FAMILY_OUT,TiOx,TiOx_03,10.1016/j.spmi.2017.10.031,TiOx,5,5,4,False
TiOx_03,10.1016/j.spmi.2017.10.031,TiOx,80.0,1.9030899869919435,0,0,ANALOG,NOT_REPORTED,normalized_from_ratio,IDEALIZED_SINGLE_PAIR_ANALOG,IDEALIZED_ANALOG_MAPPING,16,8,255,0,2,8,203264,800,256,204800,96.26,-0.0300000000000011,96.21712597619046,0.01832449641617388,96.19880147977429,-0.04287402380954575,0.04287402380954575,True,LEAVE_ONE_FAMILY_OUT,TiOx,TiOx_03,10.1016/j.spmi.2017.10.031,TiOx,5,5,4,False
TiOx_03,10.1016/j.spmi.2017.10.031,TiOx,80.0,1.9030899869919435,0,0,ANALOG,NOT_REPORTED,normalized_from_ratio,IDEALIZED_SINGLE_PAIR_ANALOG,IDEALIZED_ANALOG_MAPPING,16,8,255,0,2,10,203264,800,1024,819200,96.26,-0.0300000000000011,96.24461117388167,0.01075359515405109,96.23385757872761,-0.015388826118339693,0.015388826118339693,True,LEAVE_ONE_FAMILY_OUT,TiOx,TiOx_03,10.1016/j.spmi.2017.10.031,TiOx,5,5,4,False
TiOx_03,10.1016/j.spmi.2017.10.031,TiOx,80.0,1.9030899869919435,0,0,ANALOG,NOT_REPORTED,normalized_from_ratio,IDEALIZED_SINGLE_PAIR_ANALOG,IDEALIZED_ANALOG_MAPPING,16,6,63,0,2,7,203264,800,128,102400,96.25,-0.019999999999996,96.24480286507936,0.02693499334189661,96.21786787173747,-0.005197134920635449,0.005197134920635449,True,LEAVE_ONE_FAMILY_OUT,TiOx,TiOx_03,10.1016/j.spmi.2017.10.031,TiOx,5,5,4,False
TiOx_03,10.1016/j.spmi.2017.10.031,TiOx,80.0,1.9030899869919435,0,0,ANALOG,NOT_REPORTED,normalized_from_ratio,IDEALIZED_SINGLE_PAIR_ANALOG,IDEALIZED_ANALOG_MAPPING,32,8,255,0,2,7,203264,208,128,26624,96.25,-0.019999999999996,96.18915937301588,0.03401838086127246,96.15514099215461,-0.06084062698411685,0.06084062698411685,True,LEAVE_ONE_FAMILY_OUT,TiOx,TiOx_03,10.1016/j.spmi.2017.10.031,TiOx,5,5,4,False
TiOx_03,10.1016/j.spmi.2017.10.031,TiOx,80.0,1.9030899869919435,0,0,ANALOG,NOT_REPORTED,normalized_from_ratio,IDEALIZED_SINGLE_PAIR_ANALOG,IDEALIZED_ANALOG_MAPPING,32,6,63,0,2,7,203264,208,128,26624,96.25,-0.019999999999996,96.22645995238096,0.029729816502584612,96.19673013587838,-0.023540047619036386,0.023540047619036386,True,LEAVE_ONE_FAMILY_OUT,TiOx,TiOx_03,10.1016/j.spmi.2017.10.031,TiOx,5,5,4,False
TiOx_03,10.1016/j.spmi.2017.10.031,TiOx,80.0,1.9030899869919435,0,0,ANALOG,NOT_REPORTED,normalized_from_ratio,IDEALIZED_SINGLE_PAIR_ANALOG,IDEALIZED_ANALOG_MAPPING,64,7,127,0,2,7,203264,56,128,7168,96.25,-0.019999999999996,96.20159552380952,0.04948073524719762,96.15211478856232,-0.04840447619048405,0.04840447619048405,True,LEAVE_ONE_FAMILY_OUT,TiOx,TiOx_03,10.1016/j.spmi.2017.10.031,TiOx,5,5,4,False
TiOx_03,10.1016/j.spmi.2017.10.031,TiOx,80.0,1.9030899869919435,0,0,ANALOG,NOT_REPORTED,normalized_from_ratio,IDEALIZED_SINGLE_PAIR_ANALOG,IDEALIZED_ANALOG_MAPPING,32,6,63,0,2,6,203264,208,64,13312,96.24,-0.0099999999999909,96.1639422857143,0.044923057942117935,96.11901922777218,-0.07605771428569597,0.07605771428569597,True,LEAVE_ONE_FAMILY_OUT,TiOx,TiOx_03,10.1016/j.spmi.2017.10.031,TiOx,5,5,4,False
TiOx_03,10.1016/j.spmi.2017.10.031,TiOx,80.0,1.9030899869919435,0,0,ANALOG,NOT_REPORTED,normalized_from_ratio,IDEALIZED_SINGLE_PAIR_ANALOG,IDEALIZED_ANALOG_MAPPING,16,6,63,0,2,9,203264,800,512,409600,96.24,-0.0099999999999909,96.26925911904762,0.022032282654510852,96.24722683639311,0.029259119047623017,0.029259119047623017,True,LEAVE_ONE_FAMILY_OUT,TiOx,TiOx_03,10.1016/j.spmi.2017.10.031,TiOx,5,5,4,False
TiOx_03,10.1016/j.spmi.2017.10.031,TiOx,80.0,1.9030899869919435,0,0,ANALOG,NOT_REPORTED,normalized_from_ratio,IDEALIZED_SINGLE_PAIR_ANALOG,IDEALIZED_ANALOG_MAPPING,16,7,127,0,2,8,203264,800,256,204800,96.24,-0.0099999999999909,96.22435696320346,0.010410747197154879,96.2139462160063,-0.015643036796532783,0.015643036796532783,True,LEAVE_ONE_FAMILY_OUT,TiOx,TiOx_03,10.1016/j.spmi.2017.10.031,TiOx,5,5,4,False
TiOx_03,10.1016/j.spmi.2017.10.031,TiOx,80.0,1.9030899869919435,0,0,ANALOG,NOT_REPORTED,normalized_from_ratio,IDEALIZED_SINGLE_PAIR_ANALOG,IDEALIZED_ANALOG_MAPPING,256,7,127,0,2,8,203264,10,256,2560,96.24,-0.0099999999999909,96.23098142063492,0.015487272017655328,96.21549414861727,-0.009018579365076107,0.009018579365076107,True,LEAVE_ONE_FAMILY_OUT,TiOx,TiOx_03,10.1016/j.spmi.2017.10.031,TiOx,5,5,4,False
TiOx_03,10.1016/j.spmi.2017.10.031,TiOx,80.0,1.9030899869919435,0,0,ANALOG,NOT_REPORTED,normalized_from_ratio,IDEALIZED_SINGLE_PAIR_ANALOG,IDEALIZED_ANALOG_MAPPING,64,5,31,0,2,7,203264,56,128,7168,96.24,-0.0099999999999909,96.17250750000001,0.046800010525775704,96.12570748947424,-0.06749249999998597,0.06749249999998597,True,LEAVE_ONE_FAMILY_OUT,TiOx,TiOx_03,10.1016/j.spmi.2017.10.031,TiOx,5,5,4,False
TiOx_03,10.1016/j.spmi.2017.10.031,TiOx,80.0,1.9030899869919435,0,0,ANALOG,NOT_REPORTED,normalized_from_ratio,IDEALIZED_SINGLE_PAIR_ANALOG,IDEALIZED_ANALOG_MAPPING,256,6,63,0,2,10,203264,10,1024,10240,96.24,-0.0099999999999909,96.26134978571427,0.03331917652646866,96.2280306091878,0.02134978571427837,0.02134978571427837,True,LEAVE_ONE_FAMILY_OUT,TiOx,TiOx_03,10.1016/j.spmi.2017.10.031,TiOx,5,5,4,False
TiOx_03,10.1016/j.spmi.2017.10.031,TiOx,80.0,1.9030899869919435,0,0,ANALOG,NOT_REPORTED,normalized_from_ratio,IDEALIZED_SINGLE_PAIR_ANALOG,IDEALIZED_ANALOG_MAPPING,64,5,31,0,2,8,203264,56,256,14336,96.24,-0.0099999999999909,96.18097023015874,0.029048370305706023,96.15192185985303,-0.05902976984125985,0.05902976984125985,True,LEAVE_ONE_FAMILY_OUT,TiOx,TiOx_03,10.1016/j.spmi.2017.10.031,TiOx,5,5,4,False
TiOx_03,10.1016/j.spmi.2017.10.031,TiOx,80.0,1.9030899869919435,0,0,ANALOG,NOT_REPORTED,normalized_from_ratio,IDEALIZED_SINGLE_PAIR_ANALOG,IDEALIZED_ANALOG_MAPPING,32,8,255,0,2,10,203264,208,1024,212992,96.24,-0.0099999999999909,96.24323234848485,0.013991023727573644,96.22924132475728,0.003232348484857539,0.003232348484857539,True,LEAVE_ONE_FAMILY_OUT,TiOx,TiOx_03,10.1016/j.spmi.2017.10.031,TiOx,5,5,4,False
TiOx_03,10.1016/j.spmi.2017.10.031,TiOx,80.0,1.9030899869919435,0,0,ANALOG,NOT_REPORTED,normalized_from_ratio,IDEALIZED_SINGLE_PAIR_ANALOG,IDEALIZED_ANALOG_MAPPING,32,7,127,0,2,7,203264,208,128,26624,96.24,-0.0099999999999909,96.21242886507937,0.02798147379399452,96.18444739128537,-0.027571134920620466,0.027571134920620466,True,LEAVE_ONE_FAMILY_OUT,TiOx,TiOx_03,10.1016/j.spmi.2017.10.031,TiOx,5,5,4,False
TiOx_03,10.1016/j.spmi.2017.10.031,TiOx,80.0,1.9030899869919435,0,0,ANALOG,NOT_REPORTED,normalized_from_ratio,IDEALIZED_SINGLE_PAIR_ANALOG,IDEALIZED_ANALOG_MAPPING,32,7,127,0,2,8,203264,208,256,53248,96.24,-0.0099999999999909,96.23135637590187,0.013317253194339245,96.21803912270752,-0.008643624098127134,0.008643624098127134,True,LEAVE_ONE_FAMILY_OUT,TiOx,TiOx_03,10.1016/j.spmi.2017.10.031,TiOx,5,5,4,False
TiOx_03,10.1016/j.spmi.2017.10.031,TiOx,80.0,1.9030899869919435,0,0,ANALOG,NOT_REPORTED,normalized_from_ratio,IDEALIZED_SINGLE_PAIR_ANALOG,IDEALIZED_ANALOG_MAPPING,64,8,255,0,2,7,203264,56,128,7168,96.23,0.0,96.19301031746033,0.050848276887109294,96.14216204057323,-0.03698968253966939,0.03698968253966939,True,LEAVE_ONE_FAMILY_OUT,TiOx,TiOx_03,10.1016/j.spmi.2017.10.031,TiOx,5,5,4,False
TiOx_03,10.1016/j.spmi.2017.10.031,TiOx,80.0,1.9030899869919435,0,0,ANALOG,NOT_REPORTED,normalized_from_ratio,IDEALIZED_SINGLE_PAIR_ANALOG,IDEALIZED_ANALOG_MAPPING,64,8,255,0,2,8,203264,56,256,14336,96.23,0.0,96.21178463203464,0.018305567960155037,96.19347906407448,-0.018215367965368046,0.018215367965368046,True,LEAVE_ONE_FAMILY_OUT,TiOx,TiOx_03,10.1016/j.spmi.2017.10.031,TiOx,5,5,4,False
TiOx_03,10.1016/j.spmi.2017.10.031,TiOx,80.0,1.9030899869919435,0,0,ANALOG,NOT_REPORTED,normalized_from_ratio,IDEALIZED_SINGLE_PAIR_ANALOG,IDEALIZED_ANALOG_MAPPING,128,5,31,0,2,7,203264,16,128,2048,96.23,0.0,96.08462918253967,0.06806396625216264,96.0165652162875,-0.1453708174603321,0.1453708174603321,True,LEAVE_ONE_FAMILY_OUT,TiOx,TiOx_03,10.1016/j.spmi.2017.10.031,TiOx,5,5,4,False
TiOx_03,10.1016/j.spmi.2017.10.031,TiOx,80.0,1.9030899869919435,0,0,ANALOG,NOT_REPORTED,normalized_from_ratio,IDEALIZED_SINGLE_PAIR_ANALOG,IDEALIZED_ANALOG_MAPPING,32,7,127,0,2,9,203264,208,512,106496,96.23,0.0,96.23824246825397,0.011486462145287802,96.22675600610869,0.008242468253968127,0.008242468253968127,True,LEAVE_ONE_FAMILY_OUT,TiOx,TiOx_03,10.1016/j.spmi.2017.10.031,TiOx,5,5,4,False
TiOx_03,10.1016/j.spmi.2017.10.031,TiOx,80.0,1.9030899869919435,0,0,ANALOG,NOT_REPORTED,normalized_from_ratio,IDEALIZED_SINGLE_PAIR_ANALOG,IDEALIZED_ANALOG_MAPPING,128,8,255,0,2,9,203264,16,512,8192,96.23,0.0,96.21389774458876,0.011274303027037339,96.20262344156173,-0.016102255411240662,0.016102255411240662,True,LEAVE_ONE_FAMILY_OUT,TiOx,TiOx_03,10.1016/j.spmi.2017.10.031,TiOx,5,5,4,False
TiOx_03,10.1016/j.spmi.2017.10.031,TiOx,80.0,1.9030899869919435,0,0,ANALOG,NOT_REPORTED,normalized_from_ratio,IDEALIZED_SINGLE_PAIR_ANALOG,IDEALIZED_ANALOG_MAPPING,16,8,255,0,2,9,203264,800,512,409600,96.22,0.0100000000000051,96.23830652308801,0.013622292150761679,96.22468423093726,0.018306523088014615,0.018306523088014615,True,LEAVE_ONE_FAMILY_OUT,TiOx,TiOx_03,10.1016/j.spmi.2017.10.031,TiOx,5,5,4,False
TiOx_03,10.1016/j.spmi.2017.10.031,TiOx,80.0,1.9030899869919435,0,0,ANALOG,NOT_REPORTED,normalized_from_ratio,IDEALIZED_SINGLE_PAIR_ANALOG,IDEALIZED_ANALOG_MAPPING,16,7,127,0,2,7,203264,800,128,102400,96.22,0.0100000000000051,96.2369294920635,0.02743668591348742,96.20949280615001,0.01692949206349681,0.01692949206349681,True,LEAVE_ONE_FAMILY_OUT,TiOx,TiOx_03,10.1016/j.spmi.2017.10.031,TiOx,5,5,4,False
TiOx_03,10.1016/j.spmi.2017.10.031,TiOx,80.0,1.9030899869919435,0,0,ANALOG,NOT_REPORTED,normalized_from_ratio,IDEALIZED_SINGLE_PAIR_ANALOG,IDEALIZED_ANALOG_MAPPING,16,7,127,0,2,9,203264,800,512,409600,96.22,0.0100000000000051,96.23065655555556,0.01167181044604598,96.21898474510951,0.010656555555556224,0.010656555555556224,True,LEAVE_ONE_FAMILY_OUT,TiOx,TiOx_03,10.1016/j.spmi.2017.10.031,TiOx,5,5,4,False
TiOx_03,10.1016/j.spmi.2017.10.031,TiOx,80.0,1.9030899869919435,0,0,ANALOG,NOT_REPORTED,normalized_from_ratio,IDEALIZED_SINGLE_PAIR_ANALOG,IDEALIZED_ANALOG_MAPPING,128,6,63,0,2,7,203264,16,128,2048,96.22,0.0100000000000051,96.11625267532467,0.0791672184250522,96.03708545689962,-0.1037473246753251,0.1037473246753251,True,LEAVE_ONE_FAMILY_OUT,TiOx,TiOx_03,10.1016/j.spmi.2017.10.031,TiOx,5,5,4,False
TiOx_03,10.1016/j.spmi.2017.10.031,TiOx,80.0,1.9030899869919435,0,0,ANALOG,NOT_REPORTED,normalized_from_ratio,IDEALIZED_SINGLE_PAIR_ANALOG,IDEALIZED_ANALOG_MAPPING,64,7,127,0,2,10,203264,56,1024,57344,96.22,0.0100000000000051,96.22739578643579,0.015755164553359763,96.21164062188244,0.007395786435793639,0.007395786435793639,True,LEAVE_ONE_FAMILY_OUT,TiOx,TiOx_03,10.1016/j.spmi.2017.10.031,TiOx,5,5,4,False
TiOx_03,10.1016/j.spmi.2017.10.031,TiOx,80.0,1.9030899869919435,0,0,ANALOG,NOT_REPORTED,normalized_from_ratio,IDEALIZED_SINGLE_PAIR_ANALOG,IDEALIZED_ANALOG_MAPPING,128,8,255,0,2,10,203264,16,1024,16384,96.22,0.0100000000000051,96.21621417316017,0.011823792626375678,96.2043903805338,-0.0037858268398309747,0.0037858268398309747,True,LEAVE_ONE_FAMILY_OUT,TiOx,TiOx_03,10.1016/j.spmi.2017.10.031,TiOx,5,5,4,False
TiOx_03,10.1016/j.spmi.2017.10.031,TiOx,80.0,1.9030899869919435,0,0,ANALOG,NOT_REPORTED,normalized_from_ratio,IDEALIZED_SINGLE_PAIR_ANALOG,IDEALIZED_ANALOG_MAPPING,256,8,255,0,2,10,203264,10,1024,10240,96.22,0.0100000000000051,96.22483495093796,0.015221610612974007,96.20961334032499,0.004834950937961935,0.004834950937961935,True,LEAVE_ONE_FAMILY_OUT,TiOx,TiOx_03,10.1016/j.spmi.2017.10.031,TiOx,5,5,4,False
TiOx_03,10.1016/j.spmi.2017.10.031,TiOx,80.0,1.9030899869919435,0,0,ANALOG,NOT_REPORTED,normalized_from_ratio,IDEALIZED_SINGLE_PAIR_ANALOG,IDEALIZED_ANALOG_MAPPING,16,7,127,0,2,10,203264,800,1024,819200,96.22,0.0100000000000051,96.22503614357865,0.012887300794933628,96.21214884278372,0.005036143578649899,0.005036143578649899,True,LEAVE_ONE_FAMILY_OUT,TiOx,TiOx_03,10.1016/j.spmi.2017.10.031,TiOx,5,5,4,False
TiOx_03,10.1016/j.spmi.2017.10.031,TiOx,80.0,1.9030899869919435,0,0,ANALOG,NOT_REPORTED,normalized_from_ratio,IDEALIZED_SINGLE_PAIR_ANALOG,IDEALIZED_ANALOG_MAPPING,128,6,63,0,2,9,203264,16,512,8192,96.22,0.0100000000000051,96.23854948412699,0.02834588730747898,96.21020359681951,0.018549484126992866,0.018549484126992866,True,LEAVE_ONE_FAMILY_OUT,TiOx,TiOx_03,10.1016/j.spmi.2017.10.031,TiOx,5,5,4,False
TiOx_03,10.1016/j.spmi.2017.10.031,TiOx,80.0,1.9030899869919435,0,0,ANALOG,NOT_REPORTED,normalized_from_ratio,IDEALIZED_SINGLE_PAIR_ANALOG,IDEALIZED_ANALOG_MAPPING,256,7,127,0,2,10,203264,10,1024,10240,96.22,0.0100000000000051,96.22442125396825,0.013600876337853387,96.2108203776304,0.004421253968246219,0.004421253968246219,True,LEAVE_ONE_FAMILY_OUT,TiOx,TiOx_03,10.1016/j.spmi.2017.10.031,TiOx,5,5,4,False
TiOx_03,10.1016/j.spmi.2017.10.031,TiOx,80.0,1.9030899869919435,0,0,ANALOG,NOT_REPORTED,normalized_from_ratio,IDEALIZED_SINGLE_PAIR_ANALOG,IDEALIZED_ANALOG_MAPPING,128,7,127,0,2,8,203264,16,256,4096,96.21,0.0200000000000102,96.20671083405485,0.018029272933512728,96.18868156112133,-0.0032891659451479427,0.0032891659451479427,True,LEAVE_ONE_FAMILY_OUT,TiOx,TiOx_03,10.1016/j.spmi.2017.10.031,TiOx,5,5,4,False
TiOx_03,10.1016/j.spmi.2017.10.031,TiOx,80.0,1.9030899869919435,0,0,ANALOG,NOT_REPORTED,normalized_from_ratio,IDEALIZED_SINGLE_PAIR_ANALOG,IDEALIZED_ANALOG_MAPPING,32,7,127,0,2,10,203264,208,1024,212992,96.21,0.0200000000000102,96.22444555627706,0.013887479821140606,96.21055807645592,0.01444555627706734,0.01444555627706734,True,LEAVE_ONE_FAMILY_OUT,TiOx,TiOx_03,10.1016/j.spmi.2017.10.031,TiOx,5,5,4,False
TiOx_03,10.1016/j.spmi.2017.10.031,TiOx,80.0,1.9030899869919435,0,0,ANALOG,NOT_REPORTED,normalized_from_ratio,IDEALIZED_SINGLE_PAIR_ANALOG,IDEALIZED_ANALOG_MAPPING,64,7,127,0,2,9,203264,56,512,28672,96.21,0.0200000000000102,96.23902008441559,0.014313222400743555,96.22470686201484,0.029020084415591896,0.029020084415591896,True,LEAVE_ONE_FAMILY_OUT,TiOx,TiOx_03,10.1016/j.spmi.2017.10.031,TiOx,5,5,4,False
TiOx_03,10.1016/j.spmi.2017.10.031,TiOx,80.0,1.9030899869919435,0,0,ANALOG,NOT_REPORTED,normalized_from_ratio,IDEALIZED_SINGLE_PAIR_ANALOG,IDEALIZED_ANALOG_MAPPING,64,8,255,0,2,9,203264,56,512,28672,96.21,0.0200000000000102,96.22520402092351,0.014543781230990368,96.21066023969253,0.015204020923519579,0.015204020923519579,True,LEAVE_ONE_FAMILY_OUT,TiOx,TiOx_03,10.1016/j.spmi.2017.10.031,TiOx,5,5,4,False
TiOx_03,10.1016/j.spmi.2017.10.031,TiOx,80.0,1.9030899869919435,0,0,ANALOG,NOT_REPORTED,normalized_from_ratio,IDEALIZED_SINGLE_PAIR_ANALOG,IDEALIZED_ANALOG_MAPPING,16,7,127,0,2,5,203264,800,32,25600,96.2,0.0300000000000011,95.92996033333333,0.1068173425881246,95.8231429907452,-0.2700396666666762,0.2700396666666762,True,LEAVE_ONE_FAMILY_OUT,TiOx,TiOx_03,10.1016/j.spmi.2017.10.031,TiOx,5,5,4,False
TiOx_03,10.1016/j.spmi.2017.10.031,TiOx,80.0,1.9030899869919435,0,0,ANALOG,NOT_REPORTED,normalized_from_ratio,IDEALIZED_SINGLE_PAIR_ANALOG,IDEALIZED_ANALOG_MAPPING,16,6,63,0,2,6,203264,800,64,51200,96.2,0.0300000000000011,96.20641788888888,0.03728821916867016,96.1691296697202,0.006417888888876178,0.006417888888876178,True,LEAVE_ONE_FAMILY_OUT,TiOx,TiOx_03,10.1016/j.spmi.2017.10.031,TiOx,5,5,4,False
TiOx_03,10.1016/j.spmi.2017.10.031,TiOx,80.0,1.9030899869919435,0,0,ANALOG,NOT_REPORTED,normalized_from_ratio,IDEALIZED_SINGLE_PAIR_ANALOG,IDEALIZED_ANALOG_MAPPING,256,5,31,0,2,9,203264,10,512,5120,96.2,0.0300000000000011,96.15054155555556,0.02667986528752467,96.12386169026804,-0.04945844444443992,0.04945844444443992,True,LEAVE_ONE_FAMILY_OUT,TiOx,TiOx_03,10.1016/j.spmi.2017.10.031,TiOx,5,5,4,False
TiOx_03,10.1016/j.spmi.2017.10.031,TiOx,80.0,1.9030899869919435,0,0,ANALOG,NOT_REPORTED,normalized_from_ratio,IDEALIZED_SINGLE_PAIR_ANALOG,IDEALIZED_ANALOG_MAPPING,64,6,63,0,2,7,203264,56,128,7168,96.2,0.0300000000000011,96.21268174675323,0.048167199461569575,96.16451454729166,0.012681746753230527,0.012681746753230527,True,LEAVE_ONE_FAMILY_OUT,TiOx,TiOx_03,10.1016/j.spmi.2017.10.031,TiOx,5,5,4,False
TiOx_03,10.1016/j.spmi.2017.10.031,TiOx,80.0,1.9030899869919435,0,0,ANALOG,NOT_REPORTED,normalized_from_ratio,IDEALIZED_SINGLE_PAIR_ANALOG,IDEALIZED_ANALOG_MAPPING,128,7,127,0,2,9,203264,16,512,8192,96.2,0.0300000000000011,96.2093567943723,0.015113749579113276,96.19424304479318,0.00935679437229453,0.00935679437229453,True,LEAVE_ONE_FAMILY_OUT,TiOx,TiOx_03,10.1016/j.spmi.2017.10.031,TiOx,5,5,4,False
TiOx_03,10.1016/j.spmi.2017.10.031,TiOx,80.0,1.9030899869919435,0,0,ANALOG,NOT_REPORTED,normalized_from_ratio,IDEALIZED_SINGLE_PAIR_ANALOG,IDEALIZED_ANALOG_MAPPING,128,8,255,0,2,7,203264,16,128,2048,96.2,0.0300000000000011,96.10527291341991,0.0820225013794038,96.02325041204051,-0.0947270865800931,0.0947270865800931,True,LEAVE_ONE_FAMILY_OUT,TiOx,TiOx_03,10.1016/j.spmi.2017.10.031,TiOx,5,5,4,False
TiOx_03,10.1016/j.spmi.2017.10.031,TiOx,80.0,1.9030899869919435,0,0,ANALOG,NOT_REPORTED,normalized_from_ratio,IDEALIZED_SINGLE_PAIR_ANALOG,IDEALIZED_ANALOG_MAPPING,256,8,255,0,2,9,203264,10,512,5120,96.19,0.0400000000000062,96.22336664935065,0.01182060774934729,96.21154604160131,0.03336664935065414,0.03336664935065414,True,LEAVE_ONE_FAMILY_OUT,TiOx,TiOx_03,10.1016/j.spmi.2017.10.031,TiOx,5,5,4,False
TiOx_03,10.1016/j.spmi.2017.10.031,TiOx,80.0,1.9030899869919435,0,0,ANALOG,NOT_REPORTED,normalized_from_ratio,IDEALIZED_SINGLE_PAIR_ANALOG,IDEALIZED_ANALOG_MAPPING,256,6,63,0,2,7,203264,10,128,1280,96.19,0.0400000000000062,96.13866052380952,0.055885952929327014,96.08277457088019,-0.05133947619047774,0.05133947619047774,True,LEAVE_ONE_FAMILY_OUT,TiOx,TiOx_03,10.1016/j.spmi.2017.10.031,TiOx,5,5,4,False
TiOx_03,10.1016/j.spmi.2017.10.031,TiOx,80.0,1.9030899869919435,0,0,ANALOG,NOT_REPORTED,normalized_from_ratio,IDEALIZED_SINGLE_PAIR_ANALOG,IDEALIZED_ANALOG_MAPPING,32,7,127,0,2,6,203264,208,64,13312,96.18,0.0499999999999971,96.16282335714286,0.05363762015661801,96.10918573698623,-0.01717664285715159,0.01717664285715159,True,LEAVE_ONE_FAMILY_OUT,TiOx,TiOx_03,10.1016/j.spmi.2017.10.031,TiOx,5,5,4,False
TiOx_03,10.1016/j.spmi.2017.10.031,TiOx,80.0,1.9030899869919435,0,0,ANALOG,NOT_REPORTED,normalized_from_ratio,IDEALIZED_SINGLE_PAIR_ANALOG,IDEALIZED_ANALOG_MAPPING,16,8,255,0,2,6,203264,800,64,51200,96.18,0.0499999999999971,96.20957316666667,0.03578077423674185,96.17379239242993,0.02957316666666543,0.02957316666666543,True,LEAVE_ONE_FAMILY_OUT,TiOx,TiOx_03,10.1016/j.spmi.2017.10.031,TiOx,5,5,4,False
TiOx_03,10.1016/j.spmi.2017.10.031,TiOx,80.0,1.9030899869919435,0,0,ANALOG,NOT_REPORTED,normalized_from_ratio,IDEALIZED_SINGLE_PAIR_ANALOG,IDEALIZED_ANALOG_MAPPING,128,5,31,0,2,9,203264,16,512,8192,96.18,0.0499999999999971,96.16503520634922,0.02271968215780824,96.1423155241914,-0.014964793650790398,0.014964793650790398,True,LEAVE_ONE_FAMILY_OUT,TiOx,TiOx_03,10.1016/j.spmi.2017.10.031,TiOx,5,5,4,False
TiOx_03,10.1016/j.spmi.2017.10.031,TiOx,80.0,1.9030899869919435,0,0,ANALOG,NOT_REPORTED,normalized_from_ratio,IDEALIZED_SINGLE_PAIR_ANALOG,IDEALIZED_ANALOG_MAPPING,256,8,255,0,2,8,203264,10,256,2560,96.18,0.0499999999999971,96.23064426984128,0.01575466715201879,96.21488960268925,0.05064426984127124,0.05064426984127124,True,LEAVE_ONE_FAMILY_OUT,TiOx,TiOx_03,10.1016/j.spmi.2017.10.031,TiOx,5,5,4,False
TiOx_03,10.1016/j.spmi.2017.10.031,TiOx,80.0,1.9030899869919435,0,0,ANALOG,NOT_REPORTED,normalized_from_ratio,IDEALIZED_SINGLE_PAIR_ANALOG,IDEALIZED_ANALOG_MAPPING,16,5,31,0,2,7,203264,800,128,102400,96.17,0.0600000000000022,96.15618259523809,0.02967000722320878,96.12651258801489,-0.013817404761908847,0.013817404761908847,True,LEAVE_ONE_FAMILY_OUT,TiOx,TiOx_03,10.1016/j.spmi.2017.10.031,TiOx,5,5,4,False
TiOx_03,10.1016/j.spmi.2017.10.031,TiOx,80.0,1.9030899869919435,0,0,ANALOG,NOT_REPORTED,normalized_from_ratio,IDEALIZED_SINGLE_PAIR_ANALOG,IDEALIZED_ANALOG_MAPPING,32,8,255,0,2,8,203264,208,256,53248,96.17,0.0600000000000022,96.21493391269841,0.021581648512699465,96.19335226418572,0.044933912698411405,0.044933912698411405,True,LEAVE_ONE_FAMILY_OUT,TiOx,TiOx_03,10.1016/j.spmi.2017.10.031,TiOx,5,5,4,False
TiOx_03,10.1016/j.spmi.2017.10.031,TiOx,80.0,1.9030899869919435,0,0,ANALOG,NOT_REPORTED,normalized_from_ratio,IDEALIZED_SINGLE_PAIR_ANALOG,IDEALIZED_ANALOG_MAPPING,256,7,127,0,2,9,203264,10,512,5120,96.17,0.0600000000000022,96.22881885714285,0.012325130442355583,96.2164937267005,0.058818857142853176,0.058818857142853176,True,LEAVE_ONE_FAMILY_OUT,TiOx,TiOx_03,10.1016/j.spmi.2017.10.031,TiOx,5,5,4,False
TiOx_03,10.1016/j.spmi.2017.10.031,TiOx,80.0,1.9030899869919435,0,0,ANALOG,NOT_REPORTED,normalized_from_ratio,IDEALIZED_SINGLE_PAIR_ANALOG,IDEALIZED_ANALOG_MAPPING,64,7,127,0,2,8,203264,56,256,14336,96.17,0.0600000000000022,96.22412645238096,0.015841183248178587,96.20828526913277,0.054126452380955925,0.054126452380955925,True,LEAVE_ONE_FAMILY_OUT,TiOx,TiOx_03,10.1016/j.spmi.2017.10.031,TiOx,5,5,4,False
TiOx_03,10.1016/j.spmi.2017.10.031,TiOx,80.0,1.9030899869919435,0,0,ANALOG,NOT_REPORTED,normalized_from_ratio,IDEALIZED_SINGLE_PAIR_ANALOG,IDEALIZED_ANALOG_MAPPING,16,5,31,0,2,9,203264,800,512,409600,96.17,0.0600000000000022,96.15604452380951,0.017139946128361377,96.13890457768115,-0.01395547619048898,0.01395547619048898,True,LEAVE_ONE_FAMILY_OUT,TiOx,TiOx_03,10.1016/j.spmi.2017.10.031,TiOx,5,5,4,False
TiOx_03,10.1016/j.spmi.2017.10.031,TiOx,80.0,1.9030899869919435,0,0,ANALOG,NOT_REPORTED,normalized_from_ratio,IDEALIZED_SINGLE_PAIR_ANALOG,IDEALIZED_ANALOG_MAPPING,256,6,63,0,2,9,203264,10,512,5120,96.17,0.0600000000000022,96.21655545238096,0.038697300830701734,96.17785815155025,0.04655545238095726,0.04655545238095726,True,LEAVE_ONE_FAMILY_OUT,TiOx,TiOx_03,10.1016/j.spmi.2017.10.031,TiOx,5,5,4,False
TiOx_03,10.1016/j.spmi.2017.10.031,TiOx,80.0,1.9030899869919435,0,0,ANALOG,NOT_REPORTED,normalized_from_ratio,IDEALIZED_SINGLE_PAIR_ANALOG,IDEALIZED_ANALOG_MAPPING,128,8,255,0,2,8,203264,16,256,4096,96.17,0.0600000000000022,96.2166248968254,0.017171554561815128,96.19945334226358,0.04662489682539217,0.04662489682539217,True,LEAVE_ONE_FAMILY_OUT,TiOx,TiOx_03,10.1016/j.spmi.2017.10.031,TiOx,5,5,4,False
TiOx_03,10.1016/j.spmi.2017.10.031,TiOx,80.0,1.9030899869919435,0,0,ANALOG,NOT_REPORTED,normalized_from_ratio,IDEALIZED_SINGLE_PAIR_ANALOG,IDEALIZED_ANALOG_MAPPING,64,5,31,0,2,9,203264,56,512,28672,96.16,0.0700000000000073,96.15532918253969,0.02009826717396438,96.13523091536572,-0.004670817460308285,0.004670817460308285,True,LEAVE_ONE_FAMILY_OUT,TiOx,TiOx_03,10.1016/j.spmi.2017.10.031,TiOx,5,5,4,False
TiOx_03,10.1016/j.spmi.2017.10.031,TiOx,80.0,1.9030899869919435,0,0,ANALOG,NOT_REPORTED,normalized_from_ratio,IDEALIZED_SINGLE_PAIR_ANALOG,IDEALIZED_ANALOG_MAPPING,16,4,15,0,2,7,203264,800,128,102400,96.16,0.0700000000000073,96.04848929365079,0.03905177056883458,96.00943752308196,-0.11151070634920757,0.11151070634920757,True,LEAVE_ONE_FAMILY_OUT,TiOx,TiOx_03,10.1016/j.spmi.2017.10.031,TiOx,5,5,4,False
TiOx_03,10.1016/j.spmi.2017.10.031,TiOx,80.0,1.9030899869919435,0,0,ANALOG,NOT_REPORTED,normalized_from_ratio,IDEALIZED_SINGLE_PAIR_ANALOG,IDEALIZED_ANALOG_MAPPING,32,5,31,0,2,7,203264,208,128,26624,96.16,0.0700000000000073,96.16953134920634,0.023968920790513208,96.14556242841583,0.009531349206341133,0.009531349206341133,True,LEAVE_ONE_FAMILY_OUT,TiOx,TiOx_03,10.1016/j.spmi.2017.10.031,TiOx,5,5,4,False
TiOx_03,10.1016/j.spmi.2017.10.031,TiOx,80.0,1.9030899869919435,0,0,ANALOG,NOT_REPORTED,normalized_from_ratio,IDEALIZED_SINGLE_PAIR_ANALOG,IDEALIZED_ANALOG_MAPPING,128,5,31,0,2,10,203264,16,1024,16384,96.15,0.0799999999999983,96.15396302380952,0.022090591154082007,96.13187243265544,0.003963023809518518,0.003963023809518518,True,LEAVE_ONE_FAMILY_OUT,TiOx,TiOx_03,10.1016/j.spmi.2017.10.031,TiOx,5,5,4,False
TiOx_03,10.1016/j.spmi.2017.10.031,TiOx,80.0,1.9030899869919435,0,0,ANALOG,NOT_REPORTED,normalized_from_ratio,IDEALIZED_SINGLE_PAIR_ANALOG,IDEALIZED_ANALOG_MAPPING,256,7,127,0,2,7,203264,10,128,1280,96.15,0.0799999999999983,96.13049391341993,0.0588394147166747,96.07165449870325,-0.019506086580079796,0.019506086580079796,True,LEAVE_ONE_FAMILY_OUT,TiOx,TiOx_03,10.1016/j.spmi.2017.10.031,TiOx,5,5,4,False
TiOx_03,10.1016/j.spmi.2017.10.031,TiOx,80.0,1.9030899869919435,0,0,ANALOG,NOT_REPORTED,normalized_from_ratio,IDEALIZED_SINGLE_PAIR_ANALOG,IDEALIZED_ANALOG_MAPPING,64,5,31,0,2,6,203264,56,64,3584,96.15,0.0799999999999983,96.03400929365078,0.058586104690231476,95.97542318896055,-0.1159907063492227,0.1159907063492227,True,LEAVE_ONE_FAMILY_OUT,TiOx,TiOx_03,10.1016/j.spmi.2017.10.031,TiOx,5,5,4,False
TiOx_03,10.1016/j.spmi.2017.10.031,TiOx,80.0,1.9030899869919435,0,0,ANALOG,NOT_REPORTED,normalized_from_ratio,IDEALIZED_SINGLE_PAIR_ANALOG,IDEALIZED_ANALOG_MAPPING,64,6,63,0,2,6,203264,56,64,3584,96.14,0.0900000000000034,96.05098434920635,0.07029446799076561,95.98068988121558,-0.08901565079365525,0.08901565079365525,True,LEAVE_ONE_FAMILY_OUT,TiOx,TiOx_03,10.1016/j.spmi.2017.10.031,TiOx,5,5,4,False
TiOx_03,10.1016/j.spmi.2017.10.031,TiOx,80.0,1.9030899869919435,0,0,ANALOG,NOT_REPORTED,normalized_from_ratio,IDEALIZED_SINGLE_PAIR_ANALOG,IDEALIZED_ANALOG_MAPPING,128,7,127,0,2,7,203264,16,128,2048,96.14,0.0900000000000034,96.10832896103896,0.07810892089758753,96.03022004014137,-0.0316710389610364,0.0316710389610364,True,LEAVE_ONE_FAMILY_OUT,TiOx,TiOx_03,10.1016/j.spmi.2017.10.031,TiOx,5,5,4,False
TiOx_03,10.1016/j.spmi.2017.10.031,TiOx,80.0,1.9030899869919435,0,0,ANALOG,NOT_REPORTED,normalized_from_ratio,IDEALIZED_SINGLE_PAIR_ANALOG,IDEALIZED_ANALOG_MAPPING,16,7,127,0,2,6,203264,800,64,51200,96.14,0.0900000000000034,96.20750349999999,0.03600314445023836,96.17150035554975,0.06750349999998662,0.06750349999998662,True,LEAVE_ONE_FAMILY_OUT,TiOx,TiOx_03,10.1016/j.spmi.2017.10.031,TiOx,5,5,4,False
TiOx_03,10.1016/j.spmi.2017.10.031,TiOx,80.0,1.9030899869919435,0,0,ANALOG,NOT_REPORTED,normalized_from_ratio,IDEALIZED_SINGLE_PAIR_ANALOG,IDEALIZED_ANALOG_MAPPING,32,5,31,0,2,9,203264,208,512,106496,96.13,0.1000000000000085,96.15573611111112,0.014455122520287219,96.14128098859084,0.02573611111112939,0.02573611111112939,True,LEAVE_ONE_FAMILY_OUT,TiOx,TiOx_03,10.1016/j.spmi.2017.10.031,TiOx,5,5,4,False
TiOx_03,10.1016/j.spmi.2017.10.031,TiOx,80.0,1.9030899869919435,0,0,ANALOG,NOT_REPORTED,normalized_from_ratio,IDEALIZED_SINGLE_PAIR_ANALOG,IDEALIZED_ANALOG_MAPPING,256,5,31,0,2,10,203264,10,1024,10240,96.13,0.1000000000000085,96.14960896825397,0.024671349149527556,96.12493761910444,0.0196089682539764,0.0196089682539764,True,LEAVE_ONE_FAMILY_OUT,TiOx,TiOx_03,10.1016/j.spmi.2017.10.031,TiOx,5,5,4,False
TiOx_03,10.1016/j.spmi.2017.10.031,TiOx,80.0,1.9030899869919435,0,0,ANALOG,NOT_REPORTED,normalized_from_ratio,IDEALIZED_SINGLE_PAIR_ANALOG,IDEALIZED_ANALOG_MAPPING,16,5,31,0,2,10,203264,800,1024,819200,96.13,0.1000000000000085,96.13768117460317,0.016191708867746932,96.12148946573542,0.007681174603177965,0.007681174603177965,True,LEAVE_ONE_FAMILY_OUT,TiOx,TiOx_03,10.1016/j.spmi.2017.10.031,TiOx,5,5,4,False
TiOx_03,10.1016/j.spmi.2017.10.031,TiOx,80.0,1.9030899869919435,0,0,ANALOG,NOT_REPORTED,normalized_from_ratio,IDEALIZED_SINGLE_PAIR_ANALOG,IDEALIZED_ANALOG_MAPPING,16,8,255,0,2,5,203264,800,32,25600,96.13,0.1000000000000085,95.94082884126985,0.11203555497374289,95.8287932862961,-0.18917115873014723,0.18917115873014723,True,LEAVE_ONE_FAMILY_OUT,TiOx,TiOx_03,10.1016/j.spmi.2017.10.031,TiOx,5,5,4,False
TiOx_03,10.1016/j.spmi.2017.10.031,TiOx,80.0,1.9030899869919435,0,0,ANALOG,NOT_REPORTED,normalized_from_ratio,IDEALIZED_SINGLE_PAIR_ANALOG,IDEALIZED_ANALOG_MAPPING,32,5,31,0,2,8,203264,208,256,53248,96.13,0.1000000000000085,96.16273053246753,0.024521021832158214,96.13820951063538,0.03273053246753932,0.03273053246753932,True,LEAVE_ONE_FAMILY_OUT,TiOx,TiOx_03,10.1016/j.spmi.2017.10.031,TiOx,5,5,4,False
TiOx_03,10.1016/j.spmi.2017.10.031,TiOx,80.0,1.9030899869919435,0,0,ANALOG,NOT_REPORTED,normalized_from_ratio,IDEALIZED_SINGLE_PAIR_ANALOG,IDEALIZED_ANALOG_MAPPING,256,8,255,0,2,7,203264,10,128,1280,96.12,0.1099999999999994,96.12671784199134,0.06455976915844495,96.06215807283289,0.006717841991331852,0.006717841991331852,True,LEAVE_ONE_FAMILY_OUT,TiOx,TiOx_03,10.1016/j.spmi.2017.10.031,TiOx,5,5,4,False
TiOx_03,10.1016/j.spmi.2017.10.031,TiOx,80.0,1.9030899869919435,0,0,ANALOG,NOT_REPORTED,normalized_from_ratio,IDEALIZED_SINGLE_PAIR_ANALOG,IDEALIZED_ANALOG_MAPPING,64,5,31,0,2,10,203264,56,1024,57344,96.12,0.1099999999999994,96.15011183333333,0.016186777705524014,96.1339250556278,0.030111833333322124,0.030111833333322124,True,LEAVE_ONE_FAMILY_OUT,TiOx,TiOx_03,10.1016/j.spmi.2017.10.031,TiOx,5,5,4,False
TiOx_03,10.1016/j.spmi.2017.10.031,TiOx,80.0,1.9030899869919435,0,0,ANALOG,NOT_REPORTED,normalized_from_ratio,IDEALIZED_SINGLE_PAIR_ANALOG,IDEALIZED_ANALOG_MAPPING,64,4,15,0,2,9,203264,56,512,28672,96.12,0.1099999999999994,96.04949443506493,0.017600814910475323,96.03189362015445,-0.07050556493507543,0.07050556493507543,True,LEAVE_ONE_FAMILY_OUT,TiOx,TiOx_03,10.1016/j.spmi.2017.10.031,TiOx,5,5,4,False
TiOx_03,10.1016/j.spmi.2017.10.031,TiOx,80.0,1.9030899869919435,0,0,ANALOG,NOT_REPORTED,normalized_from_ratio,IDEALIZED_SINGLE_PAIR_ANALOG,IDEALIZED_ANALOG_MAPPING,16,5,31,0,2,8,203264,800,256,204800,96.12,0.1099999999999994,96.14623814285714,0.019572017810166525,96.12666612504698,0.02623814285713877,0.02623814285713877,True,LEAVE_ONE_FAMILY_OUT,TiOx,TiOx_03,10.1016/j.spmi.2017.10.031,TiOx,5,5,4,False
TiOx_03,10.1016/j.spmi.2017.10.031,TiOx,80.0,1.9030899869919435,0,0,ANALOG,NOT_REPORTED,normalized_from_ratio,IDEALIZED_SINGLE_PAIR_ANALOG,IDEALIZED_ANALOG_MAPPING,16,6,63,0,2,5,203264,800,32,25600,96.12,0.1099999999999994,95.94635666666666,0.0917260323095309,95.85463063435712,-0.17364333333334514,0.17364333333334514,True,LEAVE_ONE_FAMILY_OUT,TiOx,TiOx_03,10.1016/j.spmi.2017.10.031,TiOx,5,5,4,False
TiOx_03,10.1016/j.spmi.2017.10.031,TiOx,80.0,1.9030899869919435,0,0,ANALOG,NOT_REPORTED,normalized_from_ratio,IDEALIZED_SINGLE_PAIR_ANALOG,IDEALIZED_ANALOG_MAPPING,16,5,31,0,2,6,203264,800,64,51200,96.12,0.1099999999999994,96.10647115079365,0.053863118978387386,96.05260803181527,-0.013528849206352334,0.013528849206352334,True,LEAVE_ONE_FAMILY_OUT,TiOx,TiOx_03,10.1016/j.spmi.2017.10.031,TiOx,5,5,4,False
TiOx_03,10.1016/j.spmi.2017.10.031,TiOx,80.0,1.9030899869919435,0,0,ANALOG,NOT_REPORTED,normalized_from_ratio,IDEALIZED_SINGLE_PAIR_ANALOG,IDEALIZED_ANALOG_MAPPING,32,5,31,0,2,10,203264,208,1024,212992,96.12,0.1099999999999994,96.13806775396827,0.012358727288189996,96.12570902668008,0.018067753968267652,0.018067753968267652,True,LEAVE_ONE_FAMILY_OUT,TiOx,TiOx_03,10.1016/j.spmi.2017.10.031,TiOx,5,5,4,False
TiOx_03,10.1016/j.spmi.2017.10.031,TiOx,80.0,1.9030899869919435,0,0,ANALOG,NOT_REPORTED,normalized_from_ratio,IDEALIZED_SINGLE_PAIR_ANALOG,IDEALIZED_ANALOG_MAPPING,128,5,31,0,2,8,203264,16,256,4096,96.12,0.1099999999999994,96.1685576984127,0.02565604879010161,96.1429016496226,0.04855769841269364,0.04855769841269364,True,LEAVE_ONE_FAMILY_OUT,TiOx,TiOx_03,10.1016/j.spmi.2017.10.031,TiOx,5,5,4,False
TiOx_03,10.1016/j.spmi.2017.10.031,TiOx,80.0,1.9030899869919435,0,0,ANALOG,NOT_REPORTED,normalized_from_ratio,IDEALIZED_SINGLE_PAIR_ANALOG,IDEALIZED_ANALOG_MAPPING,64,7,127,0,2,6,203264,56,64,3584,96.11,0.1200000000000045,96.00269850793651,0.08193782869069349,95.92076067924582,-0.10730149206348472,0.10730149206348472,True,LEAVE_ONE_FAMILY_OUT,TiOx,TiOx_03,10.1016/j.spmi.2017.10.031,TiOx,5,5,4,False
TiOx_03,10.1016/j.spmi.2017.10.031,TiOx,80.0,1.9030899869919435,0,0,ANALOG,NOT_REPORTED,normalized_from_ratio,IDEALIZED_SINGLE_PAIR_ANALOG,IDEALIZED_ANALOG_MAPPING,64,4,15,0,2,7,203264,56,128,7168,96.09,0.1400000000000005,96.05446338888889,0.059792026799365544,95.99467136208952,-0.03553661111111239,0.03553661111111239,True,LEAVE_ONE_FAMILY_OUT,TiOx,TiOx_03,10.1016/j.spmi.2017.10.031,TiOx,5,5,4,False
TiOx_03,10.1016/j.spmi.2017.10.031,TiOx,80.0,1.9030899869919435,0,0,ANALOG,NOT_REPORTED,normalized_from_ratio,IDEALIZED_SINGLE_PAIR_ANALOG,IDEALIZED_ANALOG_MAPPING,256,5,31,0,2,7,203264,10,128,1280,96.09,0.1400000000000005,96.06871252380952,0.06839677080157659,96.00031575300795,-0.021287476190479993,0.021287476190479993,True,LEAVE_ONE_FAMILY_OUT,TiOx,TiOx_03,10.1016/j.spmi.2017.10.031,TiOx,5,5,4,False
TiOx_03,10.1016/j.spmi.2017.10.031,TiOx,80.0,1.9030899869919435,0,0,ANALOG,NOT_REPORTED,normalized_from_ratio,IDEALIZED_SINGLE_PAIR_ANALOG,IDEALIZED_ANALOG_MAPPING,32,7,127,0,2,5,203264,208,32,6656,96.09,0.1400000000000005,95.73153741269842,0.13652646516979333,95.59501094752862,-0.3584625873015881,0.3584625873015881,True,LEAVE_ONE_FAMILY_OUT,TiOx,TiOx_03,10.1016/j.spmi.2017.10.031,TiOx,5,5,4,False
TiOx_03,10.1016/j.spmi.2017.10.031,TiOx,80.0,1.9030899869919435,0,0,ANALOG,NOT_REPORTED,normalized_from_ratio,IDEALIZED_SINGLE_PAIR_ANALOG,IDEALIZED_ANALOG_MAPPING,16,4,15,0,2,9,203264,800,512,409600,96.09,0.1400000000000005,96.06248370923521,0.013285691946867994,96.04919801728835,-0.027516290764793894,0.027516290764793894,True,LEAVE_ONE_FAMILY_OUT,TiOx,TiOx_03,10.1016/j.spmi.2017.10.031,TiOx,5,5,4,False
TiOx_03,10.1016/j.spmi.2017.10.031,TiOx,80.0,1.9030899869919435,0,0,ANALOG,NOT_REPORTED,normalized_from_ratio,IDEALIZED_SINGLE_PAIR_ANALOG,IDEALIZED_ANALOG_MAPPING,64,8,255,0,2,6,203264,56,64,3584,96.09,0.1400000000000005,95.99957561904762,0.08352437871566533,95.91605124033195,-0.09042438095238481,0.09042438095238481,True,LEAVE_ONE_FAMILY_OUT,TiOx,TiOx_03,10.1016/j.spmi.2017.10.031,TiOx,5,5,4,False
TiOx_03,10.1016/j.spmi.2017.10.031,TiOx,80.0,1.9030899869919435,0,0,ANALOG,NOT_REPORTED,normalized_from_ratio,IDEALIZED_SINGLE_PAIR_ANALOG,IDEALIZED_ANALOG_MAPPING,32,4,15,0,2,9,203264,208,512,106496,96.08,0.1500000000000056,96.04926945887445,0.016842944174051876,96.03242651470039,-0.03073054112554985,0.03073054112554985,True,LEAVE_ONE_FAMILY_OUT,TiOx,TiOx_03,10.1016/j.spmi.2017.10.031,TiOx,5,5,4,False
TiOx_03,10.1016/j.spmi.2017.10.031,TiOx,80.0,1.9030899869919435,0,0,ANALOG,NOT_REPORTED,normalized_from_ratio,IDEALIZED_SINGLE_PAIR_ANALOG,IDEALIZED_ANALOG_MAPPING,256,4,15,0,2,10,203264,10,1024,10240,96.08,0.1500000000000056,96.06595469047618,0.020757573631379637,96.04519711684479,-0.01404530952382288,0.01404530952382288,True,LEAVE_ONE_FAMILY_OUT,TiOx,TiOx_03,10.1016/j.spmi.2017.10.031,TiOx,5,5,4,False
TiOx_03,10.1016/j.spmi.2017.10.031,TiOx,80.0,1.9030899869919435,0,0,ANALOG,NOT_REPORTED,normalized_from_ratio,IDEALIZED_SINGLE_PAIR_ANALOG,IDEALIZED_ANALOG_MAPPING,256,5,31,0,2,8,203264,10,256,2560,96.08,0.1500000000000056,96.13834292063493,0.037631145962322185,96.1007117746726,0.058342920634927964,0.058342920634927964,True,LEAVE_ONE_FAMILY_OUT,TiOx,TiOx_03,10.1016/j.spmi.2017.10.031,TiOx,5,5,4,False
TiOx_03,10.1016/j.spmi.2017.10.031,TiOx,80.0,1.9030899869919435,0,0,ANALOG,NOT_REPORTED,normalized_from_ratio,IDEALIZED_SINGLE_PAIR_ANALOG,IDEALIZED_ANALOG_MAPPING,64,4,15,0,2,10,203264,56,1024,57344,96.07,0.1600000000000108,96.05566332539684,0.010861691051574982,96.04480163434526,-0.014336674603157462,0.014336674603157462,True,LEAVE_ONE_FAMILY_OUT,TiOx,TiOx_03,10.1016/j.spmi.2017.10.031,TiOx,5,5,4,False
TiOx_03,10.1016/j.spmi.2017.10.031,TiOx,80.0,1.9030899869919435,0,0,ANALOG,NOT_REPORTED,normalized_from_ratio,IDEALIZED_SINGLE_PAIR_ANALOG,IDEALIZED_ANALOG_MAPPING,128,4,15,0,2,10,203264,16,1024,16384,96.07,0.1600000000000108,96.06256457142858,0.015346302608148343,96.04721826882043,-0.007435428571412217,0.007435428571412217,True,LEAVE_ONE_FAMILY_OUT,TiOx,TiOx_03,10.1016/j.spmi.2017.10.031,TiOx,5,5,4,False
TiOx_03,10.1016/j.spmi.2017.10.031,TiOx,80.0,1.9030899869919435,0,0,ANALOG,NOT_REPORTED,normalized_from_ratio,IDEALIZED_SINGLE_PAIR_ANALOG,IDEALIZED_ANALOG_MAPPING,16,4,15,0,2,10,203264,800,1024,819200,96.07,0.1600000000000108,96.05923718686869,0.007835597244965064,96.05140158962372,-0.01076281313130778,0.01076281313130778,True,LEAVE_ONE_FAMILY_OUT,TiOx,TiOx_03,10.1016/j.spmi.2017.10.031,TiOx,5,5,4,False
TiOx_03,10.1016/j.spmi.2017.10.031,TiOx,80.0,1.9030899869919435,0,0,ANALOG,NOT_REPORTED,normalized_from_ratio,IDEALIZED_SINGLE_PAIR_ANALOG,IDEALIZED_ANALOG_MAPPING,32,4,15,0,2,7,203264,208,128,26624,96.06,0.1700000000000017,96.0666217777778,0.04498781947586113,96.02163395830193,0.006621777777795046,0.006621777777795046,True,LEAVE_ONE_FAMILY_OUT,TiOx,TiOx_03,10.1016/j.spmi.2017.10.031,TiOx,5,5,4,False
TiOx_03,10.1016/j.spmi.2017.10.031,TiOx,80.0,1.9030899869919435,0,0,ANALOG,NOT_REPORTED,normalized_from_ratio,IDEALIZED_SINGLE_PAIR_ANALOG,IDEALIZED_ANALOG_MAPPING,64,4,15,0,2,8,203264,56,256,14336,96.05,0.1800000000000068,96.06100812698412,0.01947428227097739,96.04153384471314,0.011008126984123123,0.011008126984123123,True,LEAVE_ONE_FAMILY_OUT,TiOx,TiOx_03,10.1016/j.spmi.2017.10.031,TiOx,5,5,4,False
TiOx_03,10.1016/j.spmi.2017.10.031,TiOx,80.0,1.9030899869919435,0,0,ANALOG,NOT_REPORTED,normalized_from_ratio,IDEALIZED_SINGLE_PAIR_ANALOG,IDEALIZED_ANALOG_MAPPING,32,5,31,0,2,6,203264,208,64,13312,96.05,0.1800000000000068,96.08712689682538,0.054512478545917675,96.03261441827946,0.03712689682538439,0.03712689682538439,True,LEAVE_ONE_FAMILY_OUT,TiOx,TiOx_03,10.1016/j.spmi.2017.10.031,TiOx,5,5,4,False
TiOx_03,10.1016/j.spmi.2017.10.031,TiOx,80.0,1.9030899869919435,0,0,ANALOG,NOT_REPORTED,normalized_from_ratio,IDEALIZED_SINGLE_PAIR_ANALOG,IDEALIZED_ANALOG_MAPPING,32,4,15,0,2,8,203264,208,256,53248,96.05,0.1800000000000068,96.06997159523807,0.017105533351727074,96.05286606188635,0.01997159523807568,0.01997159523807568,True,LEAVE_ONE_FAMILY_OUT,TiOx,TiOx_03,10.1016/j.spmi.2017.10.031,TiOx,5,5,4,False
TiOx_03,10.1016/j.spmi.2017.10.031,TiOx,80.0,1.9030899869919435,0,0,ANALOG,NOT_REPORTED,normalized_from_ratio,IDEALIZED_SINGLE_PAIR_ANALOG,IDEALIZED_ANALOG_MAPPING,16,4,15,0,2,6,203264,800,64,51200,96.04,0.1899999999999977,96.02747466666666,0.038185712268483725,95.98928895439818,-0.01252533333334327,0.01252533333334327,True,LEAVE_ONE_FAMILY_OUT,TiOx,TiOx_03,10.1016/j.spmi.2017.10.031,TiOx,5,5,4,False
TiOx_03,10.1016/j.spmi.2017.10.031,TiOx,80.0,1.9030899869919435,0,0,ANALOG,NOT_REPORTED,normalized_from_ratio,IDEALIZED_SINGLE_PAIR_ANALOG,IDEALIZED_ANALOG_MAPPING,32,4,15,0,2,10,203264,208,1024,212992,96.04,0.1899999999999977,96.0534768015873,0.010415261155025333,96.04306154043226,0.013476801587287923,0.013476801587287923,True,LEAVE_ONE_FAMILY_OUT,TiOx,TiOx_03,10.1016/j.spmi.2017.10.031,TiOx,5,5,4,False
TiOx_03,10.1016/j.spmi.2017.10.031,TiOx,80.0,1.9030899869919435,0,0,ANALOG,NOT_REPORTED,normalized_from_ratio,IDEALIZED_SINGLE_PAIR_ANALOG,IDEALIZED_ANALOG_MAPPING,16,4,15,0,2,8,203264,800,256,204800,96.04,0.1899999999999977,96.06865009163059,0.013631994218663715,96.05501809741192,0.028650091630581187,0.028650091630581187,True,LEAVE_ONE_FAMILY_OUT,TiOx,TiOx_03,10.1016/j.spmi.2017.10.031,TiOx,5,5,4,False
TiOx_03,10.1016/j.spmi.2017.10.031,TiOx,80.0,1.9030899869919435,0,0,ANALOG,NOT_REPORTED,normalized_from_ratio,IDEALIZED_SINGLE_PAIR_ANALOG,IDEALIZED_ANALOG_MAPPING,256,4,15,0,2,9,203264,10,512,5120,96.03,0.2000000000000028,96.07835938095238,0.02131241994879191,96.05704696100359,0.048359380952376796,0.048359380952376796,True,LEAVE_ONE_FAMILY_OUT,TiOx,TiOx_03,10.1016/j.spmi.2017.10.031,TiOx,5,5,4,False
TiOx_03,10.1016/j.spmi.2017.10.031,TiOx,80.0,1.9030899869919435,0,0,ANALOG,NOT_REPORTED,normalized_from_ratio,IDEALIZED_SINGLE_PAIR_ANALOG,IDEALIZED_ANALOG_MAPPING,256,4,15,0,2,8,203264,10,256,2560,96.03,0.2000000000000028,96.09710261904762,0.03243649136826397,96.06466612767936,0.06710261904761694,0.06710261904761694,True,LEAVE_ONE_FAMILY_OUT,TiOx,TiOx_03,10.1016/j.spmi.2017.10.031,TiOx,5,5,4,False
TiOx_03,10.1016/j.spmi.2017.10.031,TiOx,80.0,1.9030899869919435,0,0,ANALOG,NOT_REPORTED,normalized_from_ratio,IDEALIZED_SINGLE_PAIR_ANALOG,IDEALIZED_ANALOG_MAPPING,128,4,15,0,2,7,203264,16,128,2048,96.03,0.2000000000000028,96.01414063492065,0.06061409368744276,95.9535265412332,-0.015859365079350596,0.015859365079350596,True,LEAVE_ONE_FAMILY_OUT,TiOx,TiOx_03,10.1016/j.spmi.2017.10.031,TiOx,5,5,4,False
TiOx_03,10.1016/j.spmi.2017.10.031,TiOx,80.0,1.9030899869919435,0,0,ANALOG,NOT_REPORTED,normalized_from_ratio,IDEALIZED_SINGLE_PAIR_ANALOG,IDEALIZED_ANALOG_MAPPING,128,4,15,0,2,9,203264,16,512,8192,96.03,0.2000000000000028,96.06933132539682,0.01732043749024046,96.05201088790658,0.03933132539681594,0.03933132539681594,True,LEAVE_ONE_FAMILY_OUT,TiOx,TiOx_03,10.1016/j.spmi.2017.10.031,TiOx,5,5,4,False
TiOx_03,10.1016/j.spmi.2017.10.031,TiOx,80.0,1.9030899869919435,0,0,ANALOG,NOT_REPORTED,normalized_from_ratio,IDEALIZED_SINGLE_PAIR_ANALOG,IDEALIZED_ANALOG_MAPPING,128,5,31,0,2,6,203264,16,64,1024,96.02,0.2100000000000079,95.62320607142857,0.07054443123062128,95.55266164019795,-0.3967939285714266,0.3967939285714266,True,LEAVE_ONE_FAMILY_OUT,TiOx,TiOx_03,10.1016/j.spmi.2017.10.031,TiOx,5,5,4,False
TiOx_03,10.1016/j.spmi.2017.10.031,TiOx,80.0,1.9030899869919435,0,0,ANALOG,NOT_REPORTED,normalized_from_ratio,IDEALIZED_SINGLE_PAIR_ANALOG,IDEALIZED_ANALOG_MAPPING,16,5,31,0,2,5,203264,800,32,25600,96.01,0.2199999999999988,95.90856653174603,0.05766582816576968,95.85090070358027,-0.10143346825397259,0.10143346825397259,True,LEAVE_ONE_FAMILY_OUT,TiOx,TiOx_03,10.1016/j.spmi.2017.10.031,TiOx,5,5,4,False
TiOx_03,10.1016/j.spmi.2017.10.031,TiOx,80.0,1.9030899869919435,0,0,ANALOG,NOT_REPORTED,normalized_from_ratio,IDEALIZED_SINGLE_PAIR_ANALOG,IDEALIZED_ANALOG_MAPPING,32,4,15,0,2,6,203264,208,64,13312,96.0,0.2300000000000039,95.96556126190478,0.0660596248046772,95.8995016371001,-0.03443873809521847,0.03443873809521847,True,LEAVE_ONE_FAMILY_OUT,TiOx,TiOx_03,10.1016/j.spmi.2017.10.031,TiOx,5,5,4,False
TiOx_03,10.1016/j.spmi.2017.10.031,TiOx,80.0,1.9030899869919435,0,0,ANALOG,NOT_REPORTED,normalized_from_ratio,IDEALIZED_SINGLE_PAIR_ANALOG,IDEALIZED_ANALOG_MAPPING,256,4,15,0,2,7,203264,10,128,1280,96.0,0.2300000000000039,96.01304152380953,0.053409084333095415,95.95963243947644,0.013041523809533828,0.013041523809533828,True,LEAVE_ONE_FAMILY_OUT,TiOx,TiOx_03,10.1016/j.spmi.2017.10.031,TiOx,5,5,4,False
TiOx_03,10.1016/j.spmi.2017.10.031,TiOx,80.0,1.9030899869919435,0,0,ANALOG,NOT_REPORTED,normalized_from_ratio,IDEALIZED_SINGLE_PAIR_ANALOG,IDEALIZED_ANALOG_MAPPING,256,7,127,0,2,6,203264,10,64,640,95.99,0.2400000000000091,95.72459586507937,0.09502086096121327,95.62957500411815,-0.26540413492062953,0.26540413492062953,True,LEAVE_ONE_FAMILY_OUT,TiOx,TiOx_03,10.1016/j.spmi.2017.10.031,TiOx,5,5,4,False
TiOx_03,10.1016/j.spmi.2017.10.031,TiOx,80.0,1.9030899869919435,0,0,ANALOG,NOT_REPORTED,normalized_from_ratio,IDEALIZED_SINGLE_PAIR_ANALOG,IDEALIZED_ANALOG_MAPPING,128,4,15,0,2,8,203264,16,256,4096,95.98,0.25,96.0921262142857,0.025082194449995925,96.0670440198357,0.11212621428569491,0.11212621428569491,True,LEAVE_ONE_FAMILY_OUT,TiOx,TiOx_03,10.1016/j.spmi.2017.10.031,TiOx,5,5,4,False
TiOx_03,10.1016/j.spmi.2017.10.031,TiOx,80.0,1.9030899869919435,0,0,ANALOG,NOT_REPORTED,normalized_from_ratio,IDEALIZED_SINGLE_PAIR_ANALOG,IDEALIZED_ANALOG_MAPPING,256,8,255,0,2,6,203264,10,64,640,95.97,0.2600000000000051,95.73323386507936,0.08243351053343198,95.65080035454592,-0.2367661349206429,0.2367661349206429,True,LEAVE_ONE_FAMILY_OUT,TiOx,TiOx_03,10.1016/j.spmi.2017.10.031,TiOx,5,5,4,False
TiOx_03,10.1016/j.spmi.2017.10.031,TiOx,80.0,1.9030899869919435,0,0,ANALOG,NOT_REPORTED,normalized_from_ratio,IDEALIZED_SINGLE_PAIR_ANALOG,IDEALIZED_ANALOG_MAPPING,64,4,15,0,2,6,203264,56,64,3584,95.96,0.2700000000000102,95.91004872222221,0.0790913970964011,95.83095732512581,-0.049951277777779524,0.049951277777779524,True,LEAVE_ONE_FAMILY_OUT,TiOx,TiOx_03,10.1016/j.spmi.2017.10.031,TiOx,5,5,4,False
TiOx_03,10.1016/j.spmi.2017.10.031,TiOx,80.0,1.9030899869919435,0,0,ANALOG,NOT_REPORTED,normalized_from_ratio,IDEALIZED_SINGLE_PAIR_ANALOG,IDEALIZED_ANALOG_MAPPING,32,6,63,0,2,5,203264,208,32,6656,95.95,0.2800000000000011,95.71503923809523,0.1218091308066561,95.59323010728858,-0.2349607619047731,0.2349607619047731,True,LEAVE_ONE_FAMILY_OUT,TiOx,TiOx_03,10.1016/j.spmi.2017.10.031,TiOx,5,5,4,False
TiOx_03,10.1016/j.spmi.2017.10.031,TiOx,80.0,1.9030899869919435,0,0,ANALOG,NOT_REPORTED,normalized_from_ratio,IDEALIZED_SINGLE_PAIR_ANALOG,IDEALIZED_ANALOG_MAPPING,32,8,255,0,2,5,203264,208,32,6656,95.93,0.2999999999999971,95.75550046031748,0.15938857923305325,95.59611188108443,-0.17449953968252885,0.17449953968252885,True,LEAVE_ONE_FAMILY_OUT,TiOx,TiOx_03,10.1016/j.spmi.2017.10.031,TiOx,5,5,4,False
TiOx_03,10.1016/j.spmi.2017.10.031,TiOx,80.0,1.9030899869919435,0,0,ANALOG,NOT_REPORTED,normalized_from_ratio,IDEALIZED_SINGLE_PAIR_ANALOG,IDEALIZED_ANALOG_MAPPING,256,6,63,0,2,6,203264,10,64,640,95.92,0.3100000000000023,95.71289748412698,0.09681108695929186,95.61608639716769,-0.20710251587301798,0.20710251587301798,True,LEAVE_ONE_FAMILY_OUT,TiOx,TiOx_03,10.1016/j.spmi.2017.10.031,TiOx,5,5,4,False
TiOx_03,10.1016/j.spmi.2017.10.031,TiOx,80.0,1.9030899869919435,0,0,ANALOG,NOT_REPORTED,normalized_from_ratio,IDEALIZED_SINGLE_PAIR_ANALOG,IDEALIZED_ANALOG_MAPPING,128,7,127,0,2,6,203264,16,64,1024,95.9,0.3299999999999983,95.69767974603175,0.11699892152985791,95.5806808245019,-0.20232025396825293,0.20232025396825293,True,LEAVE_ONE_FAMILY_OUT,TiOx,TiOx_03,10.1016/j.spmi.2017.10.031,TiOx,5,5,4,False
TiOx_03,10.1016/j.spmi.2017.10.031,TiOx,80.0,1.9030899869919435,0,0,ANALOG,NOT_REPORTED,normalized_from_ratio,IDEALIZED_SINGLE_PAIR_ANALOG,IDEALIZED_ANALOG_MAPPING,16,4,15,0,2,5,203264,800,32,25600,95.89,0.3400000000000034,95.87121234126982,0.05774717165919831,95.81346516961062,-0.01878765873017585,0.01878765873017585,True,LEAVE_ONE_FAMILY_OUT,TiOx,TiOx_03,10.1016/j.spmi.2017.10.031,TiOx,5,5,4,False
TiOx_03,10.1016/j.spmi.2017.10.031,TiOx,80.0,1.9030899869919435,0,0,ANALOG,NOT_REPORTED,normalized_from_ratio,IDEALIZED_SINGLE_PAIR_ANALOG,IDEALIZED_ANALOG_MAPPING,128,8,255,0,2,6,203264,16,64,1024,95.89,0.3400000000000034,95.7098314126984,0.10468270910540353,95.605148703593,-0.18016858730159413,0.18016858730159413,True,LEAVE_ONE_FAMILY_OUT,TiOx,TiOx_03,10.1016/j.spmi.2017.10.031,TiOx,5,5,4,False
TiOx_03,10.1016/j.spmi.2017.10.031,TiOx,80.0,1.9030899869919435,0,0,ANALOG,NOT_REPORTED,normalized_from_ratio,IDEALIZED_SINGLE_PAIR_ANALOG,IDEALIZED_ANALOG_MAPPING,32,5,31,0,2,5,203264,208,32,6656,95.89,0.3400000000000034,95.69949900793651,0.12000450579557245,95.57949450214093,-0.19050099206349103,0.19050099206349103,True,LEAVE_ONE_FAMILY_OUT,TiOx,TiOx_03,10.1016/j.spmi.2017.10.031,TiOx,5,5,4,False
TiOx_03,10.1016/j.spmi.2017.10.031,TiOx,80.0,1.9030899869919435,0,0,ANALOG,NOT_REPORTED,normalized_from_ratio,IDEALIZED_SINGLE_PAIR_ANALOG,IDEALIZED_ANALOG_MAPPING,256,5,31,0,2,6,203264,10,64,640,95.88,0.3500000000000085,95.64498826190476,0.08814046529841116,95.55684779660635,-0.23501173809523834,0.23501173809523834,True,LEAVE_ONE_FAMILY_OUT,TiOx,TiOx_03,10.1016/j.spmi.2017.10.031,TiOx,5,5,4,False
TiOx_03,10.1016/j.spmi.2017.10.031,TiOx,80.0,1.9030899869919435,0,0,ANALOG,NOT_REPORTED,normalized_from_ratio,IDEALIZED_SINGLE_PAIR_ANALOG,IDEALIZED_ANALOG_MAPPING,128,6,63,0,2,6,203264,16,64,1024,95.88,0.3500000000000085,95.69245336507936,0.11201928549122087,95.58043407958814,-0.18754663492063628,0.18754663492063628,True,LEAVE_ONE_FAMILY_OUT,TiOx,TiOx_03,10.1016/j.spmi.2017.10.031,TiOx,5,5,4,False
TiOx_03,10.1016/j.spmi.2017.10.031,TiOx,80.0,1.9030899869919435,0,0,ANALOG,NOT_REPORTED,normalized_from_ratio,IDEALIZED_SINGLE_PAIR_ANALOG,IDEALIZED_ANALOG_MAPPING,128,4,15,0,2,6,203264,16,64,1024,95.8,0.4300000000000068,95.64714264285715,0.08306377511061463,95.56407886774653,-0.15285735714284954,0.15285735714284954,False,LEAVE_ONE_FAMILY_OUT,TiOx,TiOx_03,10.1016/j.spmi.2017.10.031,TiOx,5,5,4,False
TiOx_03,10.1016/j.spmi.2017.10.031,TiOx,80.0,1.9030899869919435,0,0,ANALOG,NOT_REPORTED,normalized_from_ratio,IDEALIZED_SINGLE_PAIR_ANALOG,IDEALIZED_ANALOG_MAPPING,256,4,15,0,2,6,203264,10,64,640,95.76,0.4699999999999988,95.66985211904763,0.09668204253593907,95.57317007651169,-0.09014788095237236,0.09014788095237236,False,LEAVE_ONE_FAMILY_OUT,TiOx,TiOx_03,10.1016/j.spmi.2017.10.031,TiOx,5,5,4,False
TiOx_03,10.1016/j.spmi.2017.10.031,TiOx,80.0,1.9030899869919435,0,0,ANALOG,NOT_REPORTED,normalized_from_ratio,IDEALIZED_SINGLE_PAIR_ANALOG,IDEALIZED_ANALOG_MAPPING,32,4,15,0,2,5,203264,208,32,6656,95.7,0.5300000000000011,95.68227794444445,0.1105713683098687,95.57170657613459,-0.017722055555552174,0.017722055555552174,False,LEAVE_ONE_FAMILY_OUT,TiOx,TiOx_03,10.1016/j.spmi.2017.10.031,TiOx,5,5,4,False
TiOx_03,10.1016/j.spmi.2017.10.031,TiOx,80.0,1.9030899869919435,0,0,ANALOG,NOT_REPORTED,normalized_from_ratio,IDEALIZED_SINGLE_PAIR_ANALOG,IDEALIZED_ANALOG_MAPPING,64,7,127,0,2,5,203264,56,32,1792,95.67,0.5600000000000023,95.19567412698413,0.2905146811089791,94.90515944587516,-0.4743258730158715,0.4743258730158715,False,LEAVE_ONE_FAMILY_OUT,TiOx,TiOx_03,10.1016/j.spmi.2017.10.031,TiOx,5,5,4,False
TiOx_03,10.1016/j.spmi.2017.10.031,TiOx,80.0,1.9030899869919435,0,0,ANALOG,NOT_REPORTED,normalized_from_ratio,IDEALIZED_SINGLE_PAIR_ANALOG,IDEALIZED_ANALOG_MAPPING,64,6,63,0,2,5,203264,56,32,1792,95.57,0.6600000000000108,95.18558003174604,0.2888667866450803,94.89671324510095,-0.3844199682539511,0.3844199682539511,False,LEAVE_ONE_FAMILY_OUT,TiOx,TiOx_03,10.1016/j.spmi.2017.10.031,TiOx,5,5,4,False
TiOx_03,10.1016/j.spmi.2017.10.031,TiOx,80.0,1.9030899869919435,0,0,ANALOG,NOT_REPORTED,normalized_from_ratio,IDEALIZED_SINGLE_PAIR_ANALOG,IDEALIZED_ANALOG_MAPPING,16,7,127,0,2,4,203264,800,16,12800,95.54,0.6899999999999977,94.8336503095238,0.2738408800609592,94.55980942946285,-0.7063496904762019,0.7063496904762019,False,LEAVE_ONE_FAMILY_OUT,TiOx,TiOx_03,10.1016/j.spmi.2017.10.031,TiOx,5,5,4,False
TiOx_03,10.1016/j.spmi.2017.10.031,TiOx,80.0,1.9030899869919435,0,0,ANALOG,NOT_REPORTED,normalized_from_ratio,IDEALIZED_SINGLE_PAIR_ANALOG,IDEALIZED_ANALOG_MAPPING,16,6,63,0,2,4,203264,800,16,12800,95.52,0.710000000000008,94.80900123015873,0.27966984087565444,94.52933138928307,-0.7109987698412681,0.7109987698412681,False,LEAVE_ONE_FAMILY_OUT,TiOx,TiOx_03,10.1016/j.spmi.2017.10.031,TiOx,5,5,4,False
TiOx_03,10.1016/j.spmi.2017.10.031,TiOx,80.0,1.9030899869919435,0,0,ANALOG,NOT_REPORTED,normalized_from_ratio,IDEALIZED_SINGLE_PAIR_ANALOG,IDEALIZED_ANALOG_MAPPING,64,8,255,0,2,5,203264,56,32,1792,95.49,0.7400000000000091,95.19821612698414,0.2937815441051558,94.90443458287898,-0.2917838730158593,0.2917838730158593,False,LEAVE_ONE_FAMILY_OUT,TiOx,TiOx_03,10.1016/j.spmi.2017.10.031,TiOx,5,5,4,False
TiOx_03,10.1016/j.spmi.2017.10.031,TiOx,80.0,1.9030899869919435,0,0,ANALOG,NOT_REPORTED,normalized_from_ratio,IDEALIZED_SINGLE_PAIR_ANALOG,IDEALIZED_ANALOG_MAPPING,64,5,31,0,2,5,203264,56,32,1792,95.48,0.75,95.13412676984127,0.3105412446292823,94.823585525212,-0.3458732301587304,0.3458732301587304,False,LEAVE_ONE_FAMILY_OUT,TiOx,TiOx_03,10.1016/j.spmi.2017.10.031,TiOx,5,5,4,False
TiOx_03,10.1016/j.spmi.2017.10.031,TiOx,80.0,1.9030899869919435,0,0,ANALOG,NOT_REPORTED,normalized_from_ratio,IDEALIZED_SINGLE_PAIR_ANALOG,IDEALIZED_ANALOG_MAPPING,16,8,255,0,2,4,203264,800,16,12800,95.47,0.7600000000000051,94.83612530952381,0.2744181482465645,94.56170716127724,-0.6338746904761905,0.6338746904761905,False,LEAVE_ONE_FAMILY_OUT,TiOx,TiOx_03,10.1016/j.spmi.2017.10.031,TiOx,5,5,4,False
TiOx_03,10.1016/j.spmi.2017.10.031,TiOx,80.0,1.9030899869919435,0,0,ANALOG,NOT_REPORTED,normalized_from_ratio,IDEALIZED_SINGLE_PAIR_ANALOG,IDEALIZED_ANALOG_MAPPING,16,5,31,0,2,4,203264,800,16,12800,95.47,0.7600000000000051,94.76837327777778,0.28631439078975224,94.48205888698803,-0.7016267222222154,0.7016267222222154,False,LEAVE_ONE_FAMILY_OUT,TiOx,TiOx_03,10.1016/j.spmi.2017.10.031,TiOx,5,5,4,False
TiOx_03,10.1016/j.spmi.2017.10.031,TiOx,80.0,1.9030899869919435,0,0,ANALOG,NOT_REPORTED,normalized_from_ratio,IDEALIZED_SINGLE_PAIR_ANALOG,IDEALIZED_ANALOG_MAPPING,64,4,15,0,2,5,203264,56,32,1792,95.42,0.8100000000000023,95.11303337590186,0.2845937751570204,94.82843960074484,-0.3069666240981377,0.3069666240981377,False,LEAVE_ONE_FAMILY_OUT,TiOx,TiOx_03,10.1016/j.spmi.2017.10.031,TiOx,5,5,4,False
TiOx_03,10.1016/j.spmi.2017.10.031,TiOx,80.0,1.9030899869919435,0,0,ANALOG,NOT_REPORTED,normalized_from_ratio,IDEALIZED_SINGLE_PAIR_ANALOG,IDEALIZED_ANALOG_MAPPING,16,4,15,0,2,4,203264,800,16,12800,95.3,0.9300000000000068,94.73738313492065,0.5191980276164808,94.21818510730417,-0.5626168650793488,0.5626168650793488,False,LEAVE_ONE_FAMILY_OUT,TiOx,TiOx_03,10.1016/j.spmi.2017.10.031,TiOx,5,5,4,False
TiOx_03,10.1016/j.spmi.2017.10.031,TiOx,80.0,1.9030899869919435,0,0,ANALOG,NOT_REPORTED,normalized_from_ratio,IDEALIZED_SINGLE_PAIR_ANALOG,IDEALIZED_ANALOG_MAPPING,128,8,255,0,2,5,203264,16,32,512,94.63,1.6000000000000083,93.4662095952381,0.7054773989716817,92.76073219626642,-1.1637904047618974,1.1637904047618974,False,LEAVE_ONE_FAMILY_OUT,TiOx,TiOx_03,10.1016/j.spmi.2017.10.031,TiOx,5,5,4,False
TiOx_03,10.1016/j.spmi.2017.10.031,TiOx,80.0,1.9030899869919435,0,0,ANALOG,NOT_REPORTED,normalized_from_ratio,IDEALIZED_SINGLE_PAIR_ANALOG,IDEALIZED_ANALOG_MAPPING,128,6,63,0,2,5,203264,16,32,512,94.5,1.730000000000004,93.46058678571428,0.7051639317424858,92.7554228539718,-1.039413214285716,1.039413214285716,False,LEAVE_ONE_FAMILY_OUT,TiOx,TiOx_03,10.1016/j.spmi.2017.10.031,TiOx,5,5,4,False
TiOx_03,10.1016/j.spmi.2017.10.031,TiOx,80.0,1.9030899869919435,0,0,ANALOG,NOT_REPORTED,normalized_from_ratio,IDEALIZED_SINGLE_PAIR_ANALOG,IDEALIZED_ANALOG_MAPPING,128,5,31,0,2,5,203264,16,32,512,94.45,1.7800000000000011,93.29826408730159,0.7239763104157627,92.57428777688582,-1.1517359126984132,1.1517359126984132,False,LEAVE_ONE_FAMILY_OUT,TiOx,TiOx_03,10.1016/j.spmi.2017.10.031,TiOx,5,5,4,False
TiOx_03,10.1016/j.spmi.2017.10.031,TiOx,80.0,1.9030899869919435,0,0,ANALOG,NOT_REPORTED,normalized_from_ratio,IDEALIZED_SINGLE_PAIR_ANALOG,IDEALIZED_ANALOG_MAPPING,128,7,127,0,2,5,203264,16,32,512,94.42,1.8100000000000025,93.4668215952381,0.7052455525135554,92.76157604272454,-0.9531784047618999,0.9531784047618999,False,LEAVE_ONE_FAMILY_OUT,TiOx,TiOx_03,10.1016/j.spmi.2017.10.031,TiOx,5,5,4,False
TiOx_03,10.1016/j.spmi.2017.10.031,TiOx,80.0,1.9030899869919435,0,0,ANALOG,NOT_REPORTED,normalized_from_ratio,IDEALIZED_SINGLE_PAIR_ANALOG,IDEALIZED_ANALOG_MAPPING,32,7,127,0,2,4,203264,208,16,3328,94.36,1.8700000000000043,93.63836465873017,0.39561783440471077,93.24274682432545,-0.7216353412698311,0.7216353412698311,False,LEAVE_ONE_FAMILY_OUT,TiOx,TiOx_03,10.1016/j.spmi.2017.10.031,TiOx,5,5,4,False
TiOx_03,10.1016/j.spmi.2017.10.031,TiOx,80.0,1.9030899869919435,0,0,ANALOG,NOT_REPORTED,normalized_from_ratio,IDEALIZED_SINGLE_PAIR_ANALOG,IDEALIZED_ANALOG_MAPPING,32,8,255,0,2,4,203264,208,16,3328,94.31,1.9200000000000017,93.63930965873017,0.3947653420000679,93.2445443167301,-0.6706903412698324,0.6706903412698324,False,LEAVE_ONE_FAMILY_OUT,TiOx,TiOx_03,10.1016/j.spmi.2017.10.031,TiOx,5,5,4,False
TiOx_03,10.1016/j.spmi.2017.10.031,TiOx,80.0,1.9030899869919435,0,0,ANALOG,NOT_REPORTED,normalized_from_ratio,IDEALIZED_SINGLE_PAIR_ANALOG,IDEALIZED_ANALOG_MAPPING,256,6,63,0,2,5,203264,10,32,320,94.23,2.0,93.2379548174603,0.6433009006552369,92.59465391680507,-0.9920451825396981,0.9920451825396981,False,LEAVE_ONE_FAMILY_OUT,TiOx,TiOx_03,10.1016/j.spmi.2017.10.031,TiOx,5,5,4,False
TiOx_03,10.1016/j.spmi.2017.10.031,TiOx,80.0,1.9030899869919435,0,0,ANALOG,NOT_REPORTED,normalized_from_ratio,IDEALIZED_SINGLE_PAIR_ANALOG,IDEALIZED_ANALOG_MAPPING,32,6,63,0,2,4,203264,208,16,3328,94.21,2.0200000000000102,93.62249681746032,0.4050823306956844,93.21741448676462,-0.5875031825396775,0.5875031825396775,False,LEAVE_ONE_FAMILY_OUT,TiOx,TiOx_03,10.1016/j.spmi.2017.10.031,TiOx,5,5,4,False
TiOx_03,10.1016/j.spmi.2017.10.031,TiOx,80.0,1.9030899869919435,0,0,ANALOG,NOT_REPORTED,normalized_from_ratio,IDEALIZED_SINGLE_PAIR_ANALOG,IDEALIZED_ANALOG_MAPPING,256,7,127,0,2,5,203264,10,32,320,94.17,2.0600000000000023,93.2624985952381,0.6559487166747208,92.60654987856338,-0.9075014047619021,0.9075014047619021,False,LEAVE_ONE_FAMILY_OUT,TiOx,TiOx_03,10.1016/j.spmi.2017.10.031,TiOx,5,5,4,False
TiOx_03,10.1016/j.spmi.2017.10.031,TiOx,80.0,1.9030899869919435,0,0,ANALOG,NOT_REPORTED,normalized_from_ratio,IDEALIZED_SINGLE_PAIR_ANALOG,IDEALIZED_ANALOG_MAPPING,128,4,15,0,2,5,203264,16,32,512,94.16,2.0700000000000074,93.30328208730157,0.7000207233560746,92.60326136394549,-0.8567179126984286,0.8567179126984286,False,LEAVE_ONE_FAMILY_OUT,TiOx,TiOx_03,10.1016/j.spmi.2017.10.031,TiOx,5,5,4,False
TiOx_03,10.1016/j.spmi.2017.10.031,TiOx,80.0,1.9030899869919435,0,0,ANALOG,NOT_REPORTED,normalized_from_ratio,IDEALIZED_SINGLE_PAIR_ANALOG,IDEALIZED_ANALOG_MAPPING,256,8,255,0,2,5,203264,10,32,320,94.08,2.1500000000000057,93.26317326190477,0.6570583631420647,92.6061148987627,-0.8168267380952301,0.8168267380952301,False,LEAVE_ONE_FAMILY_OUT,TiOx,TiOx_03,10.1016/j.spmi.2017.10.031,TiOx,5,5,4,False
TiOx_03,10.1016/j.spmi.2017.10.031,TiOx,80.0,1.9030899869919435,0,0,ANALOG,NOT_REPORTED,normalized_from_ratio,IDEALIZED_SINGLE_PAIR_ANALOG,IDEALIZED_ANALOG_MAPPING,32,4,15,0,2,4,203264,208,16,3328,94.07,2.160000000000011,93.49144503174603,0.6643870843643793,92.82705794738165,-0.5785549682539681,0.5785549682539681,False,LEAVE_ONE_FAMILY_OUT,TiOx,TiOx_03,10.1016/j.spmi.2017.10.031,TiOx,5,5,4,False
TiOx_03,10.1016/j.spmi.2017.10.031,TiOx,80.0,1.9030899869919435,0,0,ANALOG,NOT_REPORTED,normalized_from_ratio,IDEALIZED_SINGLE_PAIR_ANALOG,IDEALIZED_ANALOG_MAPPING,256,5,31,0,2,5,203264,10,32,320,94.01,2.219999999999999,93.08033096825397,0.6025331363349967,92.47779783191898,-0.9296690317460303,0.9296690317460303,False,LEAVE_ONE_FAMILY_OUT,TiOx,TiOx_03,10.1016/j.spmi.2017.10.031,TiOx,5,5,4,False
TiOx_03,10.1016/j.spmi.2017.10.031,TiOx,80.0,1.9030899869919435,0,0,ANALOG,NOT_REPORTED,normalized_from_ratio,IDEALIZED_SINGLE_PAIR_ANALOG,IDEALIZED_ANALOG_MAPPING,256,4,15,0,2,5,203264,10,32,320,93.99,2.240000000000009,93.08781363492064,0.5832324192730802,92.50458121564756,-0.9021863650793591,0.9021863650793591,False,LEAVE_ONE_FAMILY_OUT,TiOx,TiOx_03,10.1016/j.spmi.2017.10.031,TiOx,5,5,4,False
TiOx_03,10.1016/j.spmi.2017.10.031,TiOx,80.0,1.9030899869919435,0,0,ANALOG,NOT_REPORTED,normalized_from_ratio,IDEALIZED_SINGLE_PAIR_ANALOG,IDEALIZED_ANALOG_MAPPING,32,5,31,0,2,4,203264,208,16,3328,93.95,2.280000000000001,93.52216346031746,0.4646535596310281,93.05750990068643,-0.427836539682545,0.427836539682545,False,LEAVE_ONE_FAMILY_OUT,TiOx,TiOx_03,10.1016/j.spmi.2017.10.031,TiOx,5,5,4,False
TiOx_03,10.1016/j.spmi.2017.10.031,TiOx,80.0,1.9030899869919435,0,0,ANALOG,NOT_REPORTED,normalized_from_ratio,IDEALIZED_SINGLE_PAIR_ANALOG,IDEALIZED_ANALOG_MAPPING,64,3,7,0,2,8,203264,56,256,14336,92.28,3.950000000000003,92.21426669047618,0.04099140128775677,92.17327528918842,-0.0657333095238215,0.0657333095238215,False,LEAVE_ONE_FAMILY_OUT,TiOx,TiOx_03,10.1016/j.spmi.2017.10.031,TiOx,5,5,4,False
TiOx_03,10.1016/j.spmi.2017.10.031,TiOx,80.0,1.9030899869919435,0,0,ANALOG,NOT_REPORTED,normalized_from_ratio,IDEALIZED_SINGLE_PAIR_ANALOG,IDEALIZED_ANALOG_MAPPING,256,3,7,0,2,8,203264,10,256,2560,92.28,3.950000000000003,92.25018695238096,0.044489994781720374,92.20569695759924,-0.029813047619043687,0.029813047619043687,False,LEAVE_ONE_FAMILY_OUT,TiOx,TiOx_03,10.1016/j.spmi.2017.10.031,TiOx,5,5,4,False
TiOx_03,10.1016/j.spmi.2017.10.031,TiOx,80.0,1.9030899869919435,0,0,ANALOG,NOT_REPORTED,normalized_from_ratio,IDEALIZED_SINGLE_PAIR_ANALOG,IDEALIZED_ANALOG_MAPPING,16,3,7,0,2,9,203264,800,512,409600,92.27,3.960000000000008,92.22287466233765,0.025335104561648242,92.197539557776,-0.04712533766235083,0.04712533766235083,False,LEAVE_ONE_FAMILY_OUT,TiOx,TiOx_03,10.1016/j.spmi.2017.10.031,TiOx,5,5,4,False
TiOx_03,10.1016/j.spmi.2017.10.031,TiOx,80.0,1.9030899869919435,0,0,ANALOG,NOT_REPORTED,normalized_from_ratio,IDEALIZED_SINGLE_PAIR_ANALOG,IDEALIZED_ANALOG_MAPPING,128,3,7,0,2,8,203264,16,256,4096,92.27,3.960000000000008,92.23513911904762,0.04129110767317573,92.19384801137444,-0.0348608809523796,0.0348608809523796,False,LEAVE_ONE_FAMILY_OUT,TiOx,TiOx_03,10.1016/j.spmi.2017.10.031,TiOx,5,5,4,False
TiOx_03,10.1016/j.spmi.2017.10.031,TiOx,80.0,1.9030899869919435,0,0,ANALOG,NOT_REPORTED,normalized_from_ratio,IDEALIZED_SINGLE_PAIR_ANALOG,IDEALIZED_ANALOG_MAPPING,16,3,7,0,2,10,203264,800,1024,819200,92.26,3.969999999999999,92.21516147979798,0.019670418952280003,92.19549106084571,-0.044838520202020504,0.044838520202020504,False,LEAVE_ONE_FAMILY_OUT,TiOx,TiOx_03,10.1016/j.spmi.2017.10.031,TiOx,5,5,4,False
TiOx_03,10.1016/j.spmi.2017.10.031,TiOx,80.0,1.9030899869919435,0,0,ANALOG,NOT_REPORTED,normalized_from_ratio,IDEALIZED_SINGLE_PAIR_ANALOG,IDEALIZED_ANALOG_MAPPING,128,3,7,0,2,9,203264,16,512,8192,92.26,3.969999999999999,92.24489396031746,0.03541593534604204,92.20947802497142,-0.015106039682549977,0.015106039682549977,False,LEAVE_ONE_FAMILY_OUT,TiOx,TiOx_03,10.1016/j.spmi.2017.10.031,TiOx,5,5,4,False
TiOx_03,10.1016/j.spmi.2017.10.031,TiOx,80.0,1.9030899869919435,0,0,ANALOG,NOT_REPORTED,normalized_from_ratio,IDEALIZED_SINGLE_PAIR_ANALOG,IDEALIZED_ANALOG_MAPPING,32,3,7,0,2,10,203264,208,1024,212992,92.25,3.980000000000004,92.233602979798,0.023688432752231585,92.20991454704576,-0.01639702020200673,0.01639702020200673,False,LEAVE_ONE_FAMILY_OUT,TiOx,TiOx_03,10.1016/j.spmi.2017.10.031,TiOx,5,5,4,False
TiOx_03,10.1016/j.spmi.2017.10.031,TiOx,80.0,1.9030899869919435,0,0,ANALOG,NOT_REPORTED,normalized_from_ratio,IDEALIZED_SINGLE_PAIR_ANALOG,IDEALIZED_ANALOG_MAPPING,16,3,7,0,2,7,203264,800,128,102400,92.24,3.990000000000009,92.20867924603174,0.035286530422841265,92.1733927156089,-0.031320753968259396,0.031320753968259396,False,LEAVE_ONE_FAMILY_OUT,TiOx,TiOx_03,10.1016/j.spmi.2017.10.031,TiOx,5,5,4,False
TiOx_03,10.1016/j.spmi.2017.10.031,TiOx,80.0,1.9030899869919435,0,0,ANALOG,NOT_REPORTED,normalized_from_ratio,IDEALIZED_SINGLE_PAIR_ANALOG,IDEALIZED_ANALOG_MAPPING,256,3,7,0,2,9,203264,10,512,5120,92.24,3.990000000000009,92.25139227344879,0.03813380094883131,92.21325847249996,0.011392273448791457,0.011392273448791457,False,LEAVE_ONE_FAMILY_OUT,TiOx,TiOx_03,10.1016/j.spmi.2017.10.031,TiOx,5,5,4,False
TiOx_03,10.1016/j.spmi.2017.10.031,TiOx,80.0,1.9030899869919435,0,0,ANALOG,NOT_REPORTED,normalized_from_ratio,IDEALIZED_SINGLE_PAIR_ANALOG,IDEALIZED_ANALOG_MAPPING,16,3,7,0,2,8,203264,800,256,204800,92.24,3.990000000000009,92.20939668253969,0.02655379117083777,92.18284289136885,-0.030603317460304424,0.030603317460304424,False,LEAVE_ONE_FAMILY_OUT,TiOx,TiOx_03,10.1016/j.spmi.2017.10.031,TiOx,5,5,4,False
TiOx_03,10.1016/j.spmi.2017.10.031,TiOx,80.0,1.9030899869919435,0,0,ANALOG,NOT_REPORTED,normalized_from_ratio,IDEALIZED_SINGLE_PAIR_ANALOG,IDEALIZED_ANALOG_MAPPING,256,3,7,0,2,10,203264,10,1024,10240,92.22,4.010000000000005,92.25090562265513,0.02846526105317176,92.22244036160195,0.030905622655126308,0.030905622655126308,False,LEAVE_ONE_FAMILY_OUT,TiOx,TiOx_03,10.1016/j.spmi.2017.10.031,TiOx,5,5,4,False
TiOx_03,10.1016/j.spmi.2017.10.031,TiOx,80.0,1.9030899869919435,0,0,ANALOG,NOT_REPORTED,normalized_from_ratio,IDEALIZED_SINGLE_PAIR_ANALOG,IDEALIZED_ANALOG_MAPPING,128,3,7,0,2,10,203264,16,1024,16384,92.21,4.02000000000001,92.23750755555555,0.024488577668372747,92.21301897788717,0.027507555555558838,0.027507555555558838,False,LEAVE_ONE_FAMILY_OUT,TiOx,TiOx_03,10.1016/j.spmi.2017.10.031,TiOx,5,5,4,False
TiOx_03,10.1016/j.spmi.2017.10.031,TiOx,80.0,1.9030899869919435,0,0,ANALOG,NOT_REPORTED,normalized_from_ratio,IDEALIZED_SINGLE_PAIR_ANALOG,IDEALIZED_ANALOG_MAPPING,32,3,7,0,2,9,203264,208,512,106496,92.2,4.030000000000001,92.24751151948053,0.02682278658282336,92.2206887328977,0.04751151948052268,0.04751151948052268,False,LEAVE_ONE_FAMILY_OUT,TiOx,TiOx_03,10.1016/j.spmi.2017.10.031,TiOx,5,5,4,False
TiOx_03,10.1016/j.spmi.2017.10.031,TiOx,80.0,1.9030899869919435,0,0,ANALOG,NOT_REPORTED,normalized_from_ratio,IDEALIZED_SINGLE_PAIR_ANALOG,IDEALIZED_ANALOG_MAPPING,64,3,7,0,2,9,203264,56,512,28672,92.2,4.030000000000001,92.2377930873016,0.023579680303645784,92.21421340699796,0.03779308730159414,0.03779308730159414,False,LEAVE_ONE_FAMILY_OUT,TiOx,TiOx_03,10.1016/j.spmi.2017.10.031,TiOx,5,5,4,False
TiOx_03,10.1016/j.spmi.2017.10.031,TiOx,80.0,1.9030899869919435,0,0,ANALOG,NOT_REPORTED,normalized_from_ratio,IDEALIZED_SINGLE_PAIR_ANALOG,IDEALIZED_ANALOG_MAPPING,32,3,7,0,2,8,203264,208,256,53248,92.19,4.040000000000006,92.22287437301586,0.03953307903326612,92.1833412939826,0.03287437301585783,0.03287437301585783,False,LEAVE_ONE_FAMILY_OUT,TiOx,TiOx_03,10.1016/j.spmi.2017.10.031,TiOx,5,5,4,False
TiOx_03,10.1016/j.spmi.2017.10.031,TiOx,80.0,1.9030899869919435,0,0,ANALOG,NOT_REPORTED,normalized_from_ratio,IDEALIZED_SINGLE_PAIR_ANALOG,IDEALIZED_ANALOG_MAPPING,32,3,7,0,2,7,203264,208,128,26624,92.18,4.049999999999997,92.22686203174604,0.04407580305387846,92.18278622869217,0.04686203174603065,0.04686203174603065,False,LEAVE_ONE_FAMILY_OUT,TiOx,TiOx_03,10.1016/j.spmi.2017.10.031,TiOx,5,5,4,False
TiOx_03,10.1016/j.spmi.2017.10.031,TiOx,80.0,1.9030899869919435,0,0,ANALOG,NOT_REPORTED,normalized_from_ratio,IDEALIZED_SINGLE_PAIR_ANALOG,IDEALIZED_ANALOG_MAPPING,64,3,7,0,2,10,203264,56,1024,57344,92.17,4.060000000000002,92.22816823015874,0.016308243979441167,92.2118599861793,0.05816823015874206,0.05816823015874206,False,LEAVE_ONE_FAMILY_OUT,TiOx,TiOx_03,10.1016/j.spmi.2017.10.031,TiOx,5,5,4,False
TiOx_03,10.1016/j.spmi.2017.10.031,TiOx,80.0,1.9030899869919435,0,0,ANALOG,NOT_REPORTED,normalized_from_ratio,IDEALIZED_SINGLE_PAIR_ANALOG,IDEALIZED_ANALOG_MAPPING,16,3,7,0,2,6,203264,800,64,51200,92.13,4.1000000000000085,91.82970211904762,0.35718024025503414,91.47252187879259,-0.3002978809523711,0.3002978809523711,False,LEAVE_ONE_FAMILY_OUT,TiOx,TiOx_03,10.1016/j.spmi.2017.10.031,TiOx,5,5,4,False
TiOx_03,10.1016/j.spmi.2017.10.031,TiOx,80.0,1.9030899869919435,0,0,ANALOG,NOT_REPORTED,normalized_from_ratio,IDEALIZED_SINGLE_PAIR_ANALOG,IDEALIZED_ANALOG_MAPPING,32,3,7,0,2,6,203264,208,64,13312,92.12,4.109999999999999,91.7956364047619,0.3767957258324523,91.41884067892944,-0.3243635952381112,0.3243635952381112,False,LEAVE_ONE_FAMILY_OUT,TiOx,TiOx_03,10.1016/j.spmi.2017.10.031,TiOx,5,5,4,False
TiOx_03,10.1016/j.spmi.2017.10.031,TiOx,80.0,1.9030899869919435,0,0,ANALOG,NOT_REPORTED,normalized_from_ratio,IDEALIZED_SINGLE_PAIR_ANALOG,IDEALIZED_ANALOG_MAPPING,64,3,7,0,2,6,203264,56,64,3584,92.1,4.13000000000001,91.64105299999999,0.4445020653067617,91.19655093469322,-0.4589470000000091,0.4589470000000091,False,LEAVE_ONE_FAMILY_OUT,TiOx,TiOx_03,10.1016/j.spmi.2017.10.031,TiOx,5,5,4,False
TiOx_03,10.1016/j.spmi.2017.10.031,TiOx,80.0,1.9030899869919435,0,0,ANALOG,NOT_REPORTED,normalized_from_ratio,IDEALIZED_SINGLE_PAIR_ANALOG,IDEALIZED_ANALOG_MAPPING,256,3,7,0,2,7,203264,10,128,1280,92.01,4.219999999999999,92.1727518968254,0.04719263341327005,92.12555926341213,0.16275189682539803,0.16275189682539803,False,LEAVE_ONE_FAMILY_OUT,TiOx,TiOx_03,10.1016/j.spmi.2017.10.031,TiOx,5,5,4,False
TiOx_03,10.1016/j.spmi.2017.10.031,TiOx,80.0,1.9030899869919435,0,0,ANALOG,NOT_REPORTED,normalized_from_ratio,IDEALIZED_SINGLE_PAIR_ANALOG,IDEALIZED_ANALOG_MAPPING,64,3,7,0,2,7,203264,56,128,7168,91.99,4.240000000000009,92.16139861616162,0.06079862827017766,92.10059998789144,0.17139861616162477,0.17139861616162477,False,LEAVE_ONE_FAMILY_OUT,TiOx,TiOx_03,10.1016/j.spmi.2017.10.031,TiOx,5,5,4,False
TiOx_03,10.1016/j.spmi.2017.10.031,TiOx,80.0,1.9030899869919435,0,0,ANALOG,NOT_REPORTED,normalized_from_ratio,IDEALIZED_SINGLE_PAIR_ANALOG,IDEALIZED_ANALOG_MAPPING,128,3,7,0,2,7,203264,16,128,2048,91.99,4.240000000000009,92.16276881457432,0.05756914140555559,92.10519967316877,0.1727688145743258,0.1727688145743258,False,LEAVE_ONE_FAMILY_OUT,TiOx,TiOx_03,10.1016/j.spmi.2017.10.031,TiOx,5,5,4,False
TiOx_03,10.1016/j.spmi.2017.10.031,TiOx,80.0,1.9030899869919435,0,0,ANALOG,NOT_REPORTED,normalized_from_ratio,IDEALIZED_SINGLE_PAIR_ANALOG,IDEALIZED_ANALOG_MAPPING,16,3,7,0,2,5,203264,800,32,25600,91.77,4.460000000000008,91.2033339047619,0.9429338873155024,90.2604000174464,-0.5666660952380909,0.5666660952380909,False,LEAVE_ONE_FAMILY_OUT,TiOx,TiOx_03,10.1016/j.spmi.2017.10.031,TiOx,5,5,4,False
TiOx_03,10.1016/j.spmi.2017.10.031,TiOx,80.0,1.9030899869919435,0,0,ANALOG,NOT_REPORTED,normalized_from_ratio,IDEALIZED_SINGLE_PAIR_ANALOG,IDEALIZED_ANALOG_MAPPING,128,3,7,0,2,6,203264,16,64,1024,91.75,4.480000000000004,91.53369769047619,0.5184952953779725,91.01520239509821,-0.2163023095238117,0.2163023095238117,False,LEAVE_ONE_FAMILY_OUT,TiOx,TiOx_03,10.1016/j.spmi.2017.10.031,TiOx,5,5,4,False
TiOx_03,10.1016/j.spmi.2017.10.031,TiOx,80.0,1.9030899869919435,0,0,ANALOG,NOT_REPORTED,normalized_from_ratio,IDEALIZED_SINGLE_PAIR_ANALOG,IDEALIZED_ANALOG_MAPPING,256,3,7,0,2,6,203264,10,64,640,91.7,4.530000000000001,91.40554888888887,0.5888939767827828,90.81665491210609,-0.29445111111112965,0.29445111111112965,False,LEAVE_ONE_FAMILY_OUT,TiOx,TiOx_03,10.1016/j.spmi.2017.10.031,TiOx,5,5,4,False
TiOx_03,10.1016/j.spmi.2017.10.031,TiOx,80.0,1.9030899869919435,0,0,ANALOG,NOT_REPORTED,normalized_from_ratio,IDEALIZED_SINGLE_PAIR_ANALOG,IDEALIZED_ANALOG_MAPPING,32,3,7,0,2,5,203264,208,32,6656,91.49,4.740000000000009,91.03977997619047,0.928105664172922,90.11167431201756,-0.4502200238095213,0.4502200238095213,False,LEAVE_ONE_FAMILY_OUT,TiOx,TiOx_03,10.1016/j.spmi.2017.10.031,TiOx,5,5,4,False
TiOx_03,10.1016/j.spmi.2017.10.031,TiOx,80.0,1.9030899869919435,0,0,ANALOG,NOT_REPORTED,normalized_from_ratio,IDEALIZED_SINGLE_PAIR_ANALOG,IDEALIZED_ANALOG_MAPPING,64,3,7,0,2,5,203264,56,32,1792,91.16,5.070000000000007,90.50267955411255,0.9670225331048937,89.53565702100765,-0.65732044588745,0.65732044588745,False,LEAVE_ONE_FAMILY_OUT,TiOx,TiOx_03,10.1016/j.spmi.2017.10.031,TiOx,5,5,4,False
TiOx_03,10.1016/j.spmi.2017.10.031,TiOx,80.0,1.9030899869919435,0,0,ANALOG,NOT_REPORTED,normalized_from_ratio,IDEALIZED_SINGLE_PAIR_ANALOG,IDEALIZED_ANALOG_MAPPING,64,4,15,0,2,4,203264,56,16,896,90.55,5.680000000000007,89.14037149206348,1.6347585628719263,87.50561292919156,-1.4096285079365174,1.4096285079365174,False,LEAVE_ONE_FAMILY_OUT,TiOx,TiOx_03,10.1016/j.spmi.2017.10.031,TiOx,5,5,4,False
TiOx_03,10.1016/j.spmi.2017.10.031,TiOx,80.0,1.9030899869919435,0,0,ANALOG,NOT_REPORTED,normalized_from_ratio,IDEALIZED_SINGLE_PAIR_ANALOG,IDEALIZED_ANALOG_MAPPING,16,3,7,0,2,4,203264,800,16,12800,90.55,5.680000000000007,90.10336884920633,1.131862624817555,88.97150622438878,-0.4466311507936638,0.4466311507936638,False,LEAVE_ONE_FAMILY_OUT,TiOx,TiOx_03,10.1016/j.spmi.2017.10.031,TiOx,5,5,4,False
TiOx_03,10.1016/j.spmi.2017.10.031,TiOx,80.0,1.9030899869919435,0,0,ANALOG,NOT_REPORTED,normalized_from_ratio,IDEALIZED_SINGLE_PAIR_ANALOG,IDEALIZED_ANALOG_MAPPING,64,6,63,0,2,4,203264,56,16,896,90.17,6.060000000000002,89.41823756349206,1.3497590654693659,88.06847849802269,-0.7517624365079456,0.7517624365079456,False,LEAVE_ONE_FAMILY_OUT,TiOx,TiOx_03,10.1016/j.spmi.2017.10.031,TiOx,5,5,4,False
TiOx_03,10.1016/j.spmi.2017.10.031,TiOx,80.0,1.9030899869919435,0,0,ANALOG,NOT_REPORTED,normalized_from_ratio,IDEALIZED_SINGLE_PAIR_ANALOG,IDEALIZED_ANALOG_MAPPING,128,3,7,0,2,5,203264,16,32,512,90.17,6.060000000000002,89.26985575252525,1.2715746852295813,87.99828106729566,-0.9001442474747563,0.9001442474747563,False,LEAVE_ONE_FAMILY_OUT,TiOx,TiOx_03,10.1016/j.spmi.2017.10.031,TiOx,5,5,4,False
TiOx_03,10.1016/j.spmi.2017.10.031,TiOx,80.0,1.9030899869919435,0,0,ANALOG,NOT_REPORTED,normalized_from_ratio,IDEALIZED_SINGLE_PAIR_ANALOG,IDEALIZED_ANALOG_MAPPING,64,7,127,0,2,4,203264,56,16,896,90.03,6.200000000000003,89.45876727777778,1.3883041979721253,88.07046307980566,-0.57123272222222,0.57123272222222,False,LEAVE_ONE_FAMILY_OUT,TiOx,TiOx_03,10.1016/j.spmi.2017.10.031,TiOx,5,5,4,False
TiOx_03,10.1016/j.spmi.2017.10.031,TiOx,80.0,1.9030899869919435,0,0,ANALOG,NOT_REPORTED,normalized_from_ratio,IDEALIZED_SINGLE_PAIR_ANALOG,IDEALIZED_ANALOG_MAPPING,64,8,255,0,2,4,203264,56,16,896,89.9,6.329999999999998,89.45746227777776,1.3873079815722456,88.07015429620552,-0.44253772222224086,0.44253772222224086,False,LEAVE_ONE_FAMILY_OUT,TiOx,TiOx_03,10.1016/j.spmi.2017.10.031,TiOx,5,5,4,False
TiOx_03,10.1016/j.spmi.2017.10.031,TiOx,80.0,1.9030899869919435,0,0,ANALOG,NOT_REPORTED,normalized_from_ratio,IDEALIZED_SINGLE_PAIR_ANALOG,IDEALIZED_ANALOG_MAPPING,64,5,31,0,2,4,203264,56,16,896,89.77,6.460000000000008,89.29285337301587,1.462743631818799,87.83010974119708,-0.4771466269841227,0.4771466269841227,False,LEAVE_ONE_FAMILY_OUT,TiOx,TiOx_03,10.1016/j.spmi.2017.10.031,TiOx,5,5,4,False
TiOx_03,10.1016/j.spmi.2017.10.031,TiOx,80.0,1.9030899869919435,0,0,ANALOG,NOT_REPORTED,normalized_from_ratio,IDEALIZED_SINGLE_PAIR_ANALOG,IDEALIZED_ANALOG_MAPPING,32,3,7,0,2,4,203264,208,16,3328,89.62,6.609999999999999,89.38865734920635,1.207698815061605,88.18095853414475,-0.2313426507936498,0.2313426507936498,False,LEAVE_ONE_FAMILY_OUT,TiOx,TiOx_03,10.1016/j.spmi.2017.10.031,TiOx,5,5,4,False
TiOx_03,10.1016/j.spmi.2017.10.031,TiOx,80.0,1.9030899869919435,0,0,ANALOG,NOT_REPORTED,normalized_from_ratio,IDEALIZED_SINGLE_PAIR_ANALOG,IDEALIZED_ANALOG_MAPPING,256,3,7,0,2,5,203264,10,32,320,89.45,6.780000000000001,88.7545523953824,1.5950068374778554,87.15954555790455,-0.6954476046175984,0.6954476046175984,False,LEAVE_ONE_FAMILY_OUT,TiOx,TiOx_03,10.1016/j.spmi.2017.10.031,TiOx,5,5,4,False
TiOx_03,10.1016/j.spmi.2017.10.031,TiOx,80.0,1.9030899869919435,0,0,ANALOG,NOT_REPORTED,normalized_from_ratio,IDEALIZED_SINGLE_PAIR_ANALOG,IDEALIZED_ANALOG_MAPPING,64,3,7,0,2,4,203264,56,16,896,86.46,9.77000000000001,86.604396,1.6134329122743443,84.99096308772565,0.1443960000000004,0.1443960000000004,False,LEAVE_ONE_FAMILY_OUT,TiOx,TiOx_03,10.1016/j.spmi.2017.10.031,TiOx,5,5,4,False
TiOx_03,10.1016/j.spmi.2017.10.031,TiOx,80.0,1.9030899869919435,0,0,ANALOG,NOT_REPORTED,normalized_from_ratio,IDEALIZED_SINGLE_PAIR_ANALOG,IDEALIZED_ANALOG_MAPPING,256,4,15,0,2,4,203264,10,16,160,77.68,18.55,77.25078087301587,1.8475562566796462,75.40322461633622,-0.4292191269841368,0.4292191269841368,False,LEAVE_ONE_FAMILY_OUT,TiOx,TiOx_03,10.1016/j.spmi.2017.10.031,TiOx,5,5,4,False
TiOx_03,10.1016/j.spmi.2017.10.031,TiOx,80.0,1.9030899869919435,0,0,ANALOG,NOT_REPORTED,normalized_from_ratio,IDEALIZED_SINGLE_PAIR_ANALOG,IDEALIZED_ANALOG_MAPPING,128,4,15,0,2,4,203264,16,16,256,77.41,18.820000000000007,79.59986202380952,1.6089288693752601,77.99093315443426,2.1898620238095248,2.1898620238095248,False,LEAVE_ONE_FAMILY_OUT,TiOx,TiOx_03,10.1016/j.spmi.2017.10.031,TiOx,5,5,4,False
TiOx_03,10.1016/j.spmi.2017.10.031,TiOx,80.0,1.9030899869919435,0,0,ANALOG,NOT_REPORTED,normalized_from_ratio,IDEALIZED_SINGLE_PAIR_ANALOG,IDEALIZED_ANALOG_MAPPING,128,3,7,0,2,4,203264,16,16,256,76.2,20.03,78.51471770634922,1.6544490767500324,76.86026862959919,2.3147177063492137,2.3147177063492137,False,LEAVE_ONE_FAMILY_OUT,TiOx,TiOx_03,10.1016/j.spmi.2017.10.031,TiOx,5,5,4,False
TiOx_03,10.1016/j.spmi.2017.10.031,TiOx,80.0,1.9030899869919435,0,0,ANALOG,NOT_REPORTED,normalized_from_ratio,IDEALIZED_SINGLE_PAIR_ANALOG,IDEALIZED_ANALOG_MAPPING,128,6,63,0,2,4,203264,16,16,256,75.65,20.58,79.48015292857141,1.5413994196478928,77.93875350892353,3.830152928571408,3.830152928571408,False,LEAVE_ONE_FAMILY_OUT,TiOx,TiOx_03,10.1016/j.spmi.2017.10.031,TiOx,5,5,4,False
TiOx_03,10.1016/j.spmi.2017.10.031,TiOx,80.0,1.9030899869919435,0,0,ANALOG,NOT_REPORTED,normalized_from_ratio,IDEALIZED_SINGLE_PAIR_ANALOG,IDEALIZED_ANALOG_MAPPING,256,6,63,0,2,4,203264,10,16,160,75.58,20.65000000000001,77.12707345238096,1.6647759790478973,75.46229747333305,1.5470734523809568,1.5470734523809568,False,LEAVE_ONE_FAMILY_OUT,TiOx,TiOx_03,10.1016/j.spmi.2017.10.031,TiOx,5,5,4,False
TiOx_03,10.1016/j.spmi.2017.10.031,TiOx,80.0,1.9030899869919435,0,0,ANALOG,NOT_REPORTED,normalized_from_ratio,IDEALIZED_SINGLE_PAIR_ANALOG,IDEALIZED_ANALOG_MAPPING,256,7,127,0,2,4,203264,10,16,160,75.36,20.870000000000005,77.07429004761904,1.5831294215984606,75.49116062602059,1.7142900476190448,1.7142900476190448,False,LEAVE_ONE_FAMILY_OUT,TiOx,TiOx_03,10.1016/j.spmi.2017.10.031,TiOx,5,5,4,False
TiOx_03,10.1016/j.spmi.2017.10.031,TiOx,80.0,1.9030899869919435,0,0,ANALOG,NOT_REPORTED,normalized_from_ratio,IDEALIZED_SINGLE_PAIR_ANALOG,IDEALIZED_ANALOG_MAPPING,128,8,255,0,2,4,203264,16,16,256,75.28,20.950000000000003,79.42941950000001,1.4589932954400144,77.97042620456,4.149419500000008,4.149419500000008,False,LEAVE_ONE_FAMILY_OUT,TiOx,TiOx_03,10.1016/j.spmi.2017.10.031,TiOx,5,5,4,False
TiOx_03,10.1016/j.spmi.2017.10.031,TiOx,80.0,1.9030899869919435,0,0,ANALOG,NOT_REPORTED,normalized_from_ratio,IDEALIZED_SINGLE_PAIR_ANALOG,IDEALIZED_ANALOG_MAPPING,256,8,255,0,2,4,203264,10,16,160,75.23,21.0,77.07103790476191,1.5680389026655694,75.50299900209635,1.8410379047619045,1.8410379047619045,False,LEAVE_ONE_FAMILY_OUT,TiOx,TiOx_03,10.1016/j.spmi.2017.10.031,TiOx,5,5,4,False
TiOx_03,10.1016/j.spmi.2017.10.031,TiOx,80.0,1.9030899869919435,0,0,ANALOG,NOT_REPORTED,normalized_from_ratio,IDEALIZED_SINGLE_PAIR_ANALOG,IDEALIZED_ANALOG_MAPPING,128,7,127,0,2,4,203264,16,16,256,74.92,21.31,79.43267164285714,1.4699809090670035,77.96269073379014,4.512671642857143,4.512671642857143,False,LEAVE_ONE_FAMILY_OUT,TiOx,TiOx_03,10.1016/j.spmi.2017.10.031,TiOx,5,5,4,False
TiOx_03,10.1016/j.spmi.2017.10.031,TiOx,80.0,1.9030899869919435,0,0,ANALOG,NOT_REPORTED,normalized_from_ratio,IDEALIZED_SINGLE_PAIR_ANALOG,IDEALIZED_ANALOG_MAPPING,256,5,31,0,2,4,203264,10,16,160,74.77,21.460000000000008,77.171223,1.7946523084121695,75.37657069158783,2.4012230000000017,2.4012230000000017,False,LEAVE_ONE_FAMILY_OUT,TiOx,TiOx_03,10.1016/j.spmi.2017.10.031,TiOx,5,5,4,False
TiOx_03,10.1016/j.spmi.2017.10.031,TiOx,80.0,1.9030899869919435,0,0,ANALOG,NOT_REPORTED,normalized_from_ratio,IDEALIZED_SINGLE_PAIR_ANALOG,IDEALIZED_ANALOG_MAPPING,128,5,31,0,2,4,203264,16,16,256,74.52,21.710000000000008,79.50373661904761,1.56435842866658,77.93937819038103,4.983736619047619,4.983736619047619,False,LEAVE_ONE_FAMILY_OUT,TiOx,TiOx_03,10.1016/j.spmi.2017.10.031,TiOx,5,5,4,False
TiOx_03,10.1016/j.spmi.2017.10.031,TiOx,80.0,1.9030899869919435,0,0,ANALOG,NOT_REPORTED,normalized_from_ratio,IDEALIZED_SINGLE_PAIR_ANALOG,IDEALIZED_ANALOG_MAPPING,256,3,7,0,2,4,203264,10,16,160,73.41,22.820000000000007,76.23483907142858,1.5813596358400295,74.65347943558855,2.8248390714285847,2.8248390714285847,False,LEAVE_ONE_FAMILY_OUT,TiOx,TiOx_03,10.1016/j.spmi.2017.10.031,TiOx,5,5,4,False
TiOx_03,10.1016/j.spmi.2017.10.031,TiOx,80.0,1.9030899869919435,0,0,ANALOG,NOT_REPORTED,normalized_from_ratio,IDEALIZED_SINGLE_PAIR_ANALOG,IDEALIZED_ANALOG_MAPPING,64,2,3,0,2,4,203264,56,16,896,12.52,83.71000000000001,11.664153857142857,0.4033967211528187,11.260757135990039,-0.8558461428571427,0.8558461428571427,False,LEAVE_ONE_FAMILY_OUT,TiOx,TiOx_03,10.1016/j.spmi.2017.10.031,TiOx,5,5,4,False
TiOx_03,10.1016/j.spmi.2017.10.031,TiOx,80.0,1.9030899869919435,0,0,ANALOG,NOT_REPORTED,normalized_from_ratio,IDEALIZED_SINGLE_PAIR_ANALOG,IDEALIZED_ANALOG_MAPPING,64,2,3,0,2,5,203264,56,32,1792,12.05,84.18,11.435350595238095,0.28569818439582156,11.149652410842274,-0.6146494047619058,0.6146494047619058,False,LEAVE_ONE_FAMILY_OUT,TiOx,TiOx_03,10.1016/j.spmi.2017.10.031,TiOx,5,5,4,False
TiOx_03,10.1016/j.spmi.2017.10.031,TiOx,80.0,1.9030899869919435,0,0,ANALOG,NOT_REPORTED,normalized_from_ratio,IDEALIZED_SINGLE_PAIR_ANALOG,IDEALIZED_ANALOG_MAPPING,16,2,3,0,2,4,203264,800,16,12800,12.04,84.19,11.734801143578643,0.25529067436492686,11.479510469213716,-0.3051988564213559,0.3051988564213559,False,LEAVE_ONE_FAMILY_OUT,TiOx,TiOx_03,10.1016/j.spmi.2017.10.031,TiOx,5,5,4,False
TiOx_03,10.1016/j.spmi.2017.10.031,TiOx,80.0,1.9030899869919435,0,0,ANALOG,NOT_REPORTED,normalized_from_ratio,IDEALIZED_SINGLE_PAIR_ANALOG,IDEALIZED_ANALOG_MAPPING,128,2,3,0,2,5,203264,16,32,512,11.98,84.25,11.689550198412697,0.4199503930196382,11.269599805393058,-0.2904498015873038,0.2904498015873038,False,LEAVE_ONE_FAMILY_OUT,TiOx,TiOx_03,10.1016/j.spmi.2017.10.031,TiOx,5,5,4,False
TiOx_03,10.1016/j.spmi.2017.10.031,TiOx,80.0,1.9030899869919435,0,0,ANALOG,NOT_REPORTED,normalized_from_ratio,IDEALIZED_SINGLE_PAIR_ANALOG,IDEALIZED_ANALOG_MAPPING,256,2,3,0,2,5,203264,10,32,320,11.93,84.30000000000001,11.557680269841269,0.6537777530400742,10.903902516801194,-0.3723197301587309,0.3723197301587309,False,LEAVE_ONE_FAMILY_OUT,TiOx,TiOx_03,10.1016/j.spmi.2017.10.031,TiOx,5,5,4,False
TiOx_03,10.1016/j.spmi.2017.10.031,TiOx,80.0,1.9030899869919435,0,0,ANALOG,NOT_REPORTED,normalized_from_ratio,IDEALIZED_SINGLE_PAIR_ANALOG,IDEALIZED_ANALOG_MAPPING,128,2,3,0,2,4,203264,16,16,256,11.86,84.37,11.116479,0.39582241702329674,10.720656582976703,-0.7435209999999994,0.7435209999999994,False,LEAVE_ONE_FAMILY_OUT,TiOx,TiOx_03,10.1016/j.spmi.2017.10.031,TiOx,5,5,4,False
TiOx_03,10.1016/j.spmi.2017.10.031,TiOx,80.0,1.9030899869919435,0,0,ANALOG,NOT_REPORTED,normalized_from_ratio,IDEALIZED_SINGLE_PAIR_ANALOG,IDEALIZED_ANALOG_MAPPING,32,2,3,0,2,5,203264,208,32,6656,11.72,84.51,11.55213146103896,0.23654161184338496,11.315589849195574,-0.16786853896104148,0.16786853896104148,False,LEAVE_ONE_FAMILY_OUT,TiOx,TiOx_03,10.1016/j.spmi.2017.10.031,TiOx,5,5,4,False
TiOx_03,10.1016/j.spmi.2017.10.031,TiOx,80.0,1.9030899869919435,0,0,ANALOG,NOT_REPORTED,normalized_from_ratio,IDEALIZED_SINGLE_PAIR_ANALOG,IDEALIZED_ANALOG_MAPPING,16,2,3,0,2,5,203264,800,32,25600,11.58,84.65,11.514012127705628,0.1955222988561828,11.318489828849446,-0.06598787229437164,0.06598787229437164,False,LEAVE_ONE_FAMILY_OUT,TiOx,TiOx_03,10.1016/j.spmi.2017.10.031,TiOx,5,5,4,False
TiOx_03,10.1016/j.spmi.2017.10.031,TiOx,80.0,1.9030899869919435,0,0,ANALOG,NOT_REPORTED,normalized_from_ratio,IDEALIZED_SINGLE_PAIR_ANALOG,IDEALIZED_ANALOG_MAPPING,32,2,3,0,2,4,203264,208,16,3328,11.55,84.68,11.772928024531026,0.2779616995318488,11.494966324999178,0.22292802453102567,0.22292802453102567,False,LEAVE_ONE_FAMILY_OUT,TiOx,TiOx_03,10.1016/j.spmi.2017.10.031,TiOx,5,5,4,False
TiOx_03,10.1016/j.spmi.2017.10.031,TiOx,80.0,1.9030899869919435,0,0,ANALOG,NOT_REPORTED,normalized_from_ratio,IDEALIZED_SINGLE_PAIR_ANALOG,IDEALIZED_ANALOG_MAPPING,256,2,3,0,2,8,203264,10,256,2560,11.51,84.72,11.309521380952381,0.14268160899714774,11.166839771955233,-0.20047861904761888,0.20047861904761888,False,LEAVE_ONE_FAMILY_OUT,TiOx,TiOx_03,10.1016/j.spmi.2017.10.031,TiOx,5,5,4,False
TiOx_03,10.1016/j.spmi.2017.10.031,TiOx,80.0,1.9030899869919435,0,0,ANALOG,NOT_REPORTED,normalized_from_ratio,IDEALIZED_SINGLE_PAIR_ANALOG,IDEALIZED_ANALOG_MAPPING,32,2,3,0,2,9,203264,208,512,106496,11.49,84.74000000000001,11.340363658730158,0.08739191515112918,11.25297174357903,-0.14963634126984182,0.14963634126984182,False,LEAVE_ONE_FAMILY_OUT,TiOx,TiOx_03,10.1016/j.spmi.2017.10.031,TiOx,5,5,4,False
TiOx_03,10.1016/j.spmi.2017.10.031,TiOx,80.0,1.9030899869919435,0,0,ANALOG,NOT_REPORTED,normalized_from_ratio,IDEALIZED_SINGLE_PAIR_ANALOG,IDEALIZED_ANALOG_MAPPING,16,2,3,0,2,10,203264,800,1024,819200,11.49,84.74000000000001,11.373394261904762,0.08860312612869331,11.284791135776068,-0.11660573809523811,0.11660573809523811,False,LEAVE_ONE_FAMILY_OUT,TiOx,TiOx_03,10.1016/j.spmi.2017.10.031,TiOx,5,5,4,False
TiOx_03,10.1016/j.spmi.2017.10.031,TiOx,80.0,1.9030899869919435,0,0,ANALOG,NOT_REPORTED,normalized_from_ratio,IDEALIZED_SINGLE_PAIR_ANALOG,IDEALIZED_ANALOG_MAPPING,128,2,3,0,2,8,203264,16,256,4096,11.47,84.76,11.305093158730159,0.10227673826198964,11.202816420468169,-0.16490684126984156,0.16490684126984156,False,LEAVE_ONE_FAMILY_OUT,TiOx,TiOx_03,10.1016/j.spmi.2017.10.031,TiOx,5,5,4,False
TiOx_03,10.1016/j.spmi.2017.10.031,TiOx,80.0,1.9030899869919435,0,0,ANALOG,NOT_REPORTED,normalized_from_ratio,IDEALIZED_SINGLE_PAIR_ANALOG,IDEALIZED_ANALOG_MAPPING,16,2,3,0,2,9,203264,800,512,409600,11.46,84.77000000000001,11.386570404761905,0.06744009920685567,11.31913030555505,-0.07342959523809611,0.07342959523809611,False,LEAVE_ONE_FAMILY_OUT,TiOx,TiOx_03,10.1016/j.spmi.2017.10.031,TiOx,5,5,4,False
TiOx_03,10.1016/j.spmi.2017.10.031,TiOx,80.0,1.9030899869919435,0,0,ANALOG,NOT_REPORTED,normalized_from_ratio,IDEALIZED_SINGLE_PAIR_ANALOG,IDEALIZED_ANALOG_MAPPING,16,2,3,0,2,8,203264,800,256,204800,11.46,84.77000000000001,11.336696396825399,0.07707904167558015,11.25961735514982,-0.12330360317460176,0.12330360317460176,False,LEAVE_ONE_FAMILY_OUT,TiOx,TiOx_03,10.1016/j.spmi.2017.10.031,TiOx,5,5,4,False
TiOx_03,10.1016/j.spmi.2017.10.031,TiOx,80.0,1.9030899869919435,0,0,ANALOG,NOT_REPORTED,normalized_from_ratio,IDEALIZED_SINGLE_PAIR_ANALOG,IDEALIZED_ANALOG_MAPPING,128,2,3,0,2,7,203264,16,128,2048,11.46,84.77000000000001,11.481404404761905,0.127774634452758,11.353629770309148,0.021404404761904416,0.021404404761904416,False,LEAVE_ONE_FAMILY_OUT,TiOx,TiOx_03,10.1016/j.spmi.2017.10.031,TiOx,5,5,4,False
TiOx_03,10.1016/j.spmi.2017.10.031,TiOx,80.0,1.9030899869919435,0,0,ANALOG,NOT_REPORTED,normalized_from_ratio,IDEALIZED_SINGLE_PAIR_ANALOG,IDEALIZED_ANALOG_MAPPING,64,2,3,0,2,9,203264,56,512,28672,11.42,84.81,11.303207523809524,0.09040492380896062,11.212802600000563,-0.11679247619047572,0.11679247619047572,False,LEAVE_ONE_FAMILY_OUT,TiOx,TiOx_03,10.1016/j.spmi.2017.10.031,TiOx,5,5,4,False
TiOx_03,10.1016/j.spmi.2017.10.031,TiOx,80.0,1.9030899869919435,0,0,ANALOG,NOT_REPORTED,normalized_from_ratio,IDEALIZED_SINGLE_PAIR_ANALOG,IDEALIZED_ANALOG_MAPPING,128,2,3,0,2,9,203264,16,512,8192,11.41,84.82000000000001,11.350549134920636,0.07224943601004705,11.278299698910589,-0.05945086507936459,0.05945086507936459,False,LEAVE_ONE_FAMILY_OUT,TiOx,TiOx_03,10.1016/j.spmi.2017.10.031,TiOx,5,5,4,False
TiOx_03,10.1016/j.spmi.2017.10.031,TiOx,80.0,1.9030899869919435,0,0,ANALOG,NOT_REPORTED,normalized_from_ratio,IDEALIZED_SINGLE_PAIR_ANALOG,IDEALIZED_ANALOG_MAPPING,32,2,3,0,2,8,203264,208,256,53248,11.4,84.83,11.271345706349207,0.08730896765428013,11.184036738694926,-0.1286542936507935,0.1286542936507935,False,LEAVE_ONE_FAMILY_OUT,TiOx,TiOx_03,10.1016/j.spmi.2017.10.031,TiOx,5,5,4,False
TiOx_03,10.1016/j.spmi.2017.10.031,TiOx,80.0,1.9030899869919435,0,0,ANALOG,NOT_REPORTED,normalized_from_ratio,IDEALIZED_SINGLE_PAIR_ANALOG,IDEALIZED_ANALOG_MAPPING,32,2,3,0,2,6,203264,208,64,13312,11.38,84.85000000000001,11.244368603174603,0.1952588356337851,11.049109767540818,-0.1356313968253975,0.1356313968253975,False,LEAVE_ONE_FAMILY_OUT,TiOx,TiOx_03,10.1016/j.spmi.2017.10.031,TiOx,5,5,4,False
TiOx_03,10.1016/j.spmi.2017.10.031,TiOx,80.0,1.9030899869919435,0,0,ANALOG,NOT_REPORTED,normalized_from_ratio,IDEALIZED_SINGLE_PAIR_ANALOG,IDEALIZED_ANALOG_MAPPING,256,2,3,0,2,9,203264,10,512,5120,11.38,84.85000000000001,11.352330253968253,0.10596786209424146,11.246362391874012,-0.027669746031747877,0.027669746031747877,False,LEAVE_ONE_FAMILY_OUT,TiOx,TiOx_03,10.1016/j.spmi.2017.10.031,TiOx,5,5,4,False
TiOx_03,10.1016/j.spmi.2017.10.031,TiOx,80.0,1.9030899869919435,0,0,ANALOG,NOT_REPORTED,normalized_from_ratio,IDEALIZED_SINGLE_PAIR_ANALOG,IDEALIZED_ANALOG_MAPPING,64,2,3,0,2,8,203264,56,256,14336,11.38,84.85000000000001,11.217147492063491,0.08474482409076627,11.132402667972725,-0.16285250793650974,0.16285250793650974,False,LEAVE_ONE_FAMILY_OUT,TiOx,TiOx_03,10.1016/j.spmi.2017.10.031,TiOx,5,5,4,False
TiOx_03,10.1016/j.spmi.2017.10.031,TiOx,80.0,1.9030899869919435,0,0,ANALOG,NOT_REPORTED,normalized_from_ratio,IDEALIZED_SINGLE_PAIR_ANALOG,IDEALIZED_ANALOG_MAPPING,32,2,3,0,2,10,203264,208,1024,212992,11.28,84.95,11.265944349206348,0.0879184485660192,11.178025900640328,-0.014055650793650898,0.014055650793650898,False,LEAVE_ONE_FAMILY_OUT,TiOx,TiOx_03,10.1016/j.spmi.2017.10.031,TiOx,5,5,4,False
TiOx_03,10.1016/j.spmi.2017.10.031,TiOx,80.0,1.9030899869919435,0,0,ANALOG,NOT_REPORTED,normalized_from_ratio,IDEALIZED_SINGLE_PAIR_ANALOG,IDEALIZED_ANALOG_MAPPING,256,2,3,0,2,7,203264,10,128,1280,11.27,84.96000000000001,11.478580563492065,0.18507423833401118,11.293506325158054,0.208580563492065,0.208580563492065,False,LEAVE_ONE_FAMILY_OUT,TiOx,TiOx_03,10.1016/j.spmi.2017.10.031,TiOx,5,5,4,False
TiOx_03,10.1016/j.spmi.2017.10.031,TiOx,80.0,1.9030899869919435,0,0,ANALOG,NOT_REPORTED,normalized_from_ratio,IDEALIZED_SINGLE_PAIR_ANALOG,IDEALIZED_ANALOG_MAPPING,16,2,3,0,2,6,203264,800,64,51200,11.26,84.97,11.333369666666668,0.16835766134779262,11.165012005318875,0.07336966666666811,0.07336966666666811,False,LEAVE_ONE_FAMILY_OUT,TiOx,TiOx_03,10.1016/j.spmi.2017.10.031,TiOx,5,5,4,False
TiOx_03,10.1016/j.spmi.2017.10.031,TiOx,80.0,1.9030899869919435,0,0,ANALOG,NOT_REPORTED,normalized_from_ratio,IDEALIZED_SINGLE_PAIR_ANALOG,IDEALIZED_ANALOG_MAPPING,64,2,3,0,2,10,203264,56,1024,57344,11.25,84.98,11.23631107142857,0.07197786828308914,11.164333203145482,-0.01368892857142967,0.01368892857142967,False,LEAVE_ONE_FAMILY_OUT,TiOx,TiOx_03,10.1016/j.spmi.2017.10.031,TiOx,5,5,4,False
TiOx_03,10.1016/j.spmi.2017.10.031,TiOx,80.0,1.9030899869919435,0,0,ANALOG,NOT_REPORTED,normalized_from_ratio,IDEALIZED_SINGLE_PAIR_ANALOG,IDEALIZED_ANALOG_MAPPING,32,2,3,0,2,7,203264,208,128,26624,11.23,85.0,11.371245468253969,0.11066218349882243,11.260583284755146,0.14124546825396855,0.14124546825396855,False,LEAVE_ONE_FAMILY_OUT,TiOx,TiOx_03,10.1016/j.spmi.2017.10.031,TiOx,5,5,4,False
TiOx_03,10.1016/j.spmi.2017.10.031,TiOx,80.0,1.9030899869919435,0,0,ANALOG,NOT_REPORTED,normalized_from_ratio,IDEALIZED_SINGLE_PAIR_ANALOG,IDEALIZED_ANALOG_MAPPING,128,2,3,0,2,10,203264,16,1024,16384,11.22,85.01,11.262360198412699,0.06354321307460617,11.198816985338093,0.042360198412698225,0.042360198412698225,False,LEAVE_ONE_FAMILY_OUT,TiOx,TiOx_03,10.1016/j.spmi.2017.10.031,TiOx,5,5,4,False
TiOx_03,10.1016/j.spmi.2017.10.031,TiOx,80.0,1.9030899869919435,0,0,ANALOG,NOT_REPORTED,normalized_from_ratio,IDEALIZED_SINGLE_PAIR_ANALOG,IDEALIZED_ANALOG_MAPPING,256,2,3,0,2,10,203264,10,1024,10240,11.18,85.05000000000001,11.275657404761905,0.09395104864428641,11.181706356117619,0.09565740476190498,0.09565740476190498,False,LEAVE_ONE_FAMILY_OUT,TiOx,TiOx_03,10.1016/j.spmi.2017.10.031,TiOx,5,5,4,False
TiOx_03,10.1016/j.spmi.2017.10.031,TiOx,80.0,1.9030899869919435,0,0,ANALOG,NOT_REPORTED,normalized_from_ratio,IDEALIZED_SINGLE_PAIR_ANALOG,IDEALIZED_ANALOG_MAPPING,16,2,3,0,2,7,203264,800,128,102400,11.13,85.10000000000001,11.400515293650795,0.06992631380457194,11.330588979846222,0.27051529365079396,0.27051529365079396,False,LEAVE_ONE_FAMILY_OUT,TiOx,TiOx_03,10.1016/j.spmi.2017.10.031,TiOx,5,5,4,False
TiOx_03,10.1016/j.spmi.2017.10.031,TiOx,80.0,1.9030899869919435,0,0,ANALOG,NOT_REPORTED,normalized_from_ratio,IDEALIZED_SINGLE_PAIR_ANALOG,IDEALIZED_ANALOG_MAPPING,256,2,3,0,2,4,203264,10,16,160,11.11,85.12,10.585407952380953,0.5467107633087965,10.038697189072156,-0.5245920476190467,0.5245920476190467,False,LEAVE_ONE_FAMILY_OUT,TiOx,TiOx_03,10.1016/j.spmi.2017.10.031,TiOx,5,5,4,False
TiOx_03,10.1016/j.spmi.2017.10.031,TiOx,80.0,1.9030899869919435,0,0,ANALOG,NOT_REPORTED,normalized_from_ratio,IDEALIZED_SINGLE_PAIR_ANALOG,IDEALIZED_ANALOG_MAPPING,64,2,3,0,2,6,203264,56,64,3584,11.07,85.16,11.193684674603176,0.22221722847736622,10.97146744612581,0.12368467460317589,0.12368467460317589,False,LEAVE_ONE_FAMILY_OUT,TiOx,TiOx_03,10.1016/j.spmi.2017.10.031,TiOx,5,5,4,False
TiOx_03,10.1016/j.spmi.2017.10.031,TiOx,80.0,1.9030899869919435,0,0,ANALOG,NOT_REPORTED,normalized_from_ratio,IDEALIZED_SINGLE_PAIR_ANALOG,IDEALIZED_ANALOG_MAPPING,64,2,3,0,2,7,203264,56,128,7168,11.04,85.19,11.29540134920635,0.14720772949981378,11.148193619706536,0.25540134920635005,0.25540134920635005,False,LEAVE_ONE_FAMILY_OUT,TiOx,TiOx_03,10.1016/j.spmi.2017.10.031,TiOx,5,5,4,False
TiOx_03,10.1016/j.spmi.2017.10.031,TiOx,80.0,1.9030899869919435,0,0,ANALOG,NOT_REPORTED,normalized_from_ratio,IDEALIZED_SINGLE_PAIR_ANALOG,IDEALIZED_ANALOG_MAPPING,128,2,3,0,2,6,203264,16,64,1024,11.03,85.2,11.34472111904762,0.2881479847516054,11.056573134296015,0.31472111904762023,0.31472111904762023,False,LEAVE_ONE_FAMILY_OUT,TiOx,TiOx_03,10.1016/j.spmi.2017.10.031,TiOx,5,5,4,False
TiOx_03,10.1016/j.spmi.2017.10.031,TiOx,80.0,1.9030899869919435,0,0,ANALOG,NOT_REPORTED,normalized_from_ratio,IDEALIZED_SINGLE_PAIR_ANALOG,IDEALIZED_ANALOG_MAPPING,256,2,3,0,2,6,203264,10,64,640,10.89,85.34,11.391323746031746,0.3661076465437588,11.025216099487988,0.5013237460317459,0.5013237460317459,False,LEAVE_ONE_FAMILY_OUT,TiOx,TiOx_03,10.1016/j.spmi.2017.10.031,TiOx,5,5,4,False
ZnO_01,10.3390/electronics7120445,ZnO,1000.0,3.0,1,2,DISCRETE_BINARY,REPORTED,normalized_from_ratio,BINARY_BIT_SLICED_DIFFERENTIAL,BIT_SLICED_BINARY_MAPPING,16,6,63,5,10,6,1016320,4000,64,256000,96.31,-0.0799999999999983,96.19467724603176,0.037917561223158314,96.1567596848086,-0.11532275396824332,0.11532275396824332,True,LEAVE_ONE_FAMILY_OUT,ZnO,ZnO_01,10.3390/electronics7120445,ZnO,8,6,4,False
ZnO_01,10.3390/electronics7120445,ZnO,1000.0,3.0,1,2,DISCRETE_BINARY,REPORTED,normalized_from_ratio,BINARY_BIT_SLICED_DIFFERENTIAL,BIT_SLICED_BINARY_MAPPING,16,6,63,5,10,8,1016320,4000,256,1024000,96.3,-0.0699999999999931,96.2670753968254,0.018714643146195427,96.24836075367921,-0.03292460317459245,0.03292460317459245,True,LEAVE_ONE_FAMILY_OUT,ZnO,ZnO_01,10.3390/electronics7120445,ZnO,8,6,4,False
ZnO_01,10.3390/electronics7120445,ZnO,1000.0,3.0,1,2,DISCRETE_BINARY,REPORTED,normalized_from_ratio,BINARY_BIT_SLICED_DIFFERENTIAL,BIT_SLICED_BINARY_MAPPING,64,6,63,5,10,8,1016320,280,256,71680,96.3,-0.0699999999999931,96.26274811111111,0.030416648422131,96.23233146268898,-0.037251888888889084,0.037251888888889084,True,LEAVE_ONE_FAMILY_OUT,ZnO,ZnO_01,10.3390/electronics7120445,ZnO,8,6,4,False
ZnO_01,10.3390/electronics7120445,ZnO,1000.0,3.0,1,2,DISCRETE_BINARY,REPORTED,normalized_from_ratio,BINARY_BIT_SLICED_DIFFERENTIAL,BIT_SLICED_BINARY_MAPPING,256,6,63,5,10,10,1016320,50,1024,51200,96.3,-0.0699999999999931,96.26687338095238,0.027317783767439888,96.23955559718493,-0.033126619047621375,0.033126619047621375,True,LEAVE_ONE_FAMILY_OUT,ZnO,ZnO_01,10.3390/electronics7120445,ZnO,8,6,4,False
ZnO_01,10.3390/electronics7120445,ZnO,1000.0,3.0,1,2,DISCRETE_BINARY,REPORTED,normalized_from_ratio,BINARY_BIT_SLICED_DIFFERENTIAL,BIT_SLICED_BINARY_MAPPING,16,6,63,5,10,10,1016320,4000,1024,4096000,96.29,-0.0600000000000022,96.2999388982684,0.00999153062194593,96.28994736764645,0.009938898268387675,0.009938898268387675,True,LEAVE_ONE_FAMILY_OUT,ZnO,ZnO_01,10.3390/electronics7120445,ZnO,8,6,4,False
ZnO_01,10.3390/electronics7120445,ZnO,1000.0,3.0,1,2,DISCRETE_BINARY,REPORTED,normalized_from_ratio,BINARY_BIT_SLICED_DIFFERENTIAL,BIT_SLICED_BINARY_MAPPING,32,6,63,5,10,8,1016320,1040,256,266240,96.29,-0.0600000000000022,96.26414682539684,0.020078027905786416,96.24406879749105,-0.025853174603170714,0.025853174603170714,True,LEAVE_ONE_FAMILY_OUT,ZnO,ZnO_01,10.3390/electronics7120445,ZnO,8,6,4,False
ZnO_01,10.3390/electronics7120445,ZnO,1000.0,3.0,1,2,DISCRETE_BINARY,REPORTED,normalized_from_ratio,BINARY_BIT_SLICED_DIFFERENTIAL,BIT_SLICED_BINARY_MAPPING,256,6,63,5,10,9,1016320,50,512,25600,96.29,-0.0600000000000022,96.21994898412699,0.040224413354955725,96.17972457077204,-0.07005101587301965,0.07005101587301965,True,LEAVE_ONE_FAMILY_OUT,ZnO,ZnO_01,10.3390/electronics7120445,ZnO,8,6,4,False
ZnO_01,10.3390/electronics7120445,ZnO,1000.0,3.0,1,2,DISCRETE_BINARY,REPORTED,normalized_from_ratio,BINARY_BIT_SLICED_DIFFERENTIAL,BIT_SLICED_BINARY_MAPPING,32,6,63,5,10,10,1016320,1040,1024,1064960,96.29,-0.0600000000000022,96.29386078354979,0.011251580186488041,96.28260920336331,0.003860783549782809,0.003860783549782809,True,LEAVE_ONE_FAMILY_OUT,ZnO,ZnO_01,10.3390/electronics7120445,ZnO,8,6,4,False
ZnO_01,10.3390/electronics7120445,ZnO,1000.0,3.0,1,2,DISCRETE_BINARY,REPORTED,normalized_from_ratio,BINARY_BIT_SLICED_DIFFERENTIAL,BIT_SLICED_BINARY_MAPPING,16,6,63,5,10,7,1016320,4000,128,512000,96.28,-0.0499999999999971,96.23705601587301,0.01945088123310697,96.2176051346399,-0.04294398412699252,0.04294398412699252,True,LEAVE_ONE_FAMILY_OUT,ZnO,ZnO_01,10.3390/electronics7120445,ZnO,8,6,4,False
ZnO_01,10.3390/electronics7120445,ZnO,1000.0,3.0,1,2,DISCRETE_BINARY,REPORTED,normalized_from_ratio,BINARY_BIT_SLICED_DIFFERENTIAL,BIT_SLICED_BINARY_MAPPING,64,6,63,5,10,10,1016320,280,1024,286720,96.28,-0.0499999999999971,96.28710875180376,0.013009896346165306,96.2740988554576,0.007108751803755808,0.007108751803755808,True,LEAVE_ONE_FAMILY_OUT,ZnO,ZnO_01,10.3390/electronics7120445,ZnO,8,6,4,False
ZnO_01,10.3390/electronics7120445,ZnO,1000.0,3.0,1,2,DISCRETE_BINARY,REPORTED,normalized_from_ratio,BINARY_BIT_SLICED_DIFFERENTIAL,BIT_SLICED_BINARY_MAPPING,32,6,63,5,10,7,1016320,1040,128,133120,96.28,-0.0499999999999971,96.23044406854257,0.02405144749516967,96.2063926210474,-0.049555931457433644,0.049555931457433644,True,LEAVE_ONE_FAMILY_OUT,ZnO,ZnO_01,10.3390/electronics7120445,ZnO,8,6,4,False
ZnO_01,10.3390/electronics7120445,ZnO,1000.0,3.0,1,2,DISCRETE_BINARY,REPORTED,normalized_from_ratio,BINARY_BIT_SLICED_DIFFERENTIAL,BIT_SLICED_BINARY_MAPPING,256,8,255,7,14,10,1422848,70,1024,71680,96.28,-0.0499999999999971,96.21965596825396,0.017252458637629104,96.20240350961633,-0.06034403174604108,0.06034403174604108,True,LEAVE_ONE_FAMILY_OUT,ZnO,ZnO_01,10.3390/electronics7120445,ZnO,8,6,4,False
ZnO_01,10.3390/electronics7120445,ZnO,1000.0,3.0,1,2,DISCRETE_BINARY,REPORTED,normalized_from_ratio,BINARY_BIT_SLICED_DIFFERENTIAL,BIT_SLICED_BINARY_MAPPING,16,8,255,7,14,9,1422848,5600,512,2867200,96.27,-0.039999999999992,96.24352582395382,0.014105537362676284,96.22942028659114,-0.026474176046178854,0.026474176046178854,True,LEAVE_ONE_FAMILY_OUT,ZnO,ZnO_01,10.3390/electronics7120445,ZnO,8,6,4,False
ZnO_01,10.3390/electronics7120445,ZnO,1000.0,3.0,1,2,DISCRETE_BINARY,REPORTED,normalized_from_ratio,BINARY_BIT_SLICED_DIFFERENTIAL,BIT_SLICED_BINARY_MAPPING,256,6,63,5,10,6,1016320,50,64,3200,96.27,-0.039999999999992,95.86997878715728,0.06505573627921978,95.80492305087806,-0.4000212128427165,0.4000212128427165,True,LEAVE_ONE_FAMILY_OUT,ZnO,ZnO_01,10.3390/electronics7120445,ZnO,8,6,4,False
ZnO_01,10.3390/electronics7120445,ZnO,1000.0,3.0,1,2,DISCRETE_BINARY,REPORTED,normalized_from_ratio,BINARY_BIT_SLICED_DIFFERENTIAL,BIT_SLICED_BINARY_MAPPING,64,8,255,7,14,10,1422848,392,1024,401408,96.27,-0.039999999999992,96.24017292857144,0.01744089665087499,96.22273203192057,-0.02982707142855645,0.02982707142855645,True,LEAVE_ONE_FAMILY_OUT,ZnO,ZnO_01,10.3390/electronics7120445,ZnO,8,6,4,False
ZnO_01,10.3390/electronics7120445,ZnO,1000.0,3.0,1,2,DISCRETE_BINARY,REPORTED,normalized_from_ratio,BINARY_BIT_SLICED_DIFFERENTIAL,BIT_SLICED_BINARY_MAPPING,128,6,63,5,10,10,1016320,80,1024,81920,96.27,-0.039999999999992,96.27647192857142,0.016542162417355236,96.25992976615407,0.006471928571428975,0.006471928571428975,True,LEAVE_ONE_FAMILY_OUT,ZnO,ZnO_01,10.3390/electronics7120445,ZnO,8,6,4,False
ZnO_01,10.3390/electronics7120445,ZnO,1000.0,3.0,1,2,DISCRETE_BINARY,REPORTED,normalized_from_ratio,BINARY_BIT_SLICED_DIFFERENTIAL,BIT_SLICED_BINARY_MAPPING,16,6,63,5,10,9,1016320,4000,512,2048000,96.27,-0.039999999999992,96.26843758730158,0.018469971149085426,96.24996761615249,-0.0015624126984192799,0.0015624126984192799,True,LEAVE_ONE_FAMILY_OUT,ZnO,ZnO_01,10.3390/electronics7120445,ZnO,8,6,4,False
ZnO_01,10.3390/electronics7120445,ZnO,1000.0,3.0,1,2,DISCRETE_BINARY,REPORTED,normalized_from_ratio,BINARY_BIT_SLICED_DIFFERENTIAL,BIT_SLICED_BINARY_MAPPING,32,6,63,5,10,5,1016320,1040,32,33280,96.27,-0.039999999999992,95.8887858174603,0.07986598073090528,95.8089198367294,-0.3812141825396935,0.3812141825396935,True,LEAVE_ONE_FAMILY_OUT,ZnO,ZnO_01,10.3390/electronics7120445,ZnO,8,6,4,False
ZnO_01,10.3390/electronics7120445,ZnO,1000.0,3.0,1,2,DISCRETE_BINARY,REPORTED,normalized_from_ratio,BINARY_BIT_SLICED_DIFFERENTIAL,BIT_SLICED_BINARY_MAPPING,16,8,255,7,14,10,1422848,5600,1024,5734400,96.27,-0.039999999999992,96.24760226984127,0.010449488564009748,96.23715278127726,-0.0223977301587297,0.0223977301587297,True,LEAVE_ONE_FAMILY_OUT,ZnO,ZnO_01,10.3390/electronics7120445,ZnO,8,6,4,False
ZnO_01,10.3390/electronics7120445,ZnO,1000.0,3.0,1,2,DISCRETE_BINARY,REPORTED,normalized_from_ratio,BINARY_BIT_SLICED_DIFFERENTIAL,BIT_SLICED_BINARY_MAPPING,128,8,255,7,14,10,1422848,112,1024,114688,96.27,-0.039999999999992,96.22175224098123,0.017409607135023823,96.20434263384621,-0.048247759018764214,0.048247759018764214,True,LEAVE_ONE_FAMILY_OUT,ZnO,ZnO_01,10.3390/electronics7120445,ZnO,8,6,4,False
ZnO_01,10.3390/electronics7120445,ZnO,1000.0,3.0,1,2,DISCRETE_BINARY,REPORTED,normalized_from_ratio,BINARY_BIT_SLICED_DIFFERENTIAL,BIT_SLICED_BINARY_MAPPING,256,6,63,5,10,7,1016320,50,128,6400,96.27,-0.039999999999992,96.16781253968254,0.02193980149087167,96.14587273819167,-0.1021874603174524,0.1021874603174524,True,LEAVE_ONE_FAMILY_OUT,ZnO,ZnO_01,10.3390/electronics7120445,ZnO,8,6,4,False
ZnO_01,10.3390/electronics7120445,ZnO,1000.0,3.0,1,2,DISCRETE_BINARY,REPORTED,normalized_from_ratio,BINARY_BIT_SLICED_DIFFERENTIAL,BIT_SLICED_BINARY_MAPPING,128,7,127,6,12,7,1219584,96,128,12288,96.27,-0.039999999999992,96.1699175,0.025516635946918793,96.14440086405308,-0.10008249999999919,0.10008249999999919,True,LEAVE_ONE_FAMILY_OUT,ZnO,ZnO_01,10.3390/electronics7120445,ZnO,8,6,4,False
ZnO_01,10.3390/electronics7120445,ZnO,1000.0,3.0,1,2,DISCRETE_BINARY,REPORTED,normalized_from_ratio,BINARY_BIT_SLICED_DIFFERENTIAL,BIT_SLICED_BINARY_MAPPING,32,8,255,7,14,8,1422848,1456,256,372736,96.26,-0.0300000000000011,96.21585516666667,0.02808993518597562,96.1877652314807,-0.04414483333333408,0.04414483333333408,True,LEAVE_ONE_FAMILY_OUT,ZnO,ZnO_01,10.3390/electronics7120445,ZnO,8,6,4,False
ZnO_01,10.3390/electronics7120445,ZnO,1000.0,3.0,1,2,DISCRETE_BINARY,REPORTED,normalized_from_ratio,BINARY_BIT_SLICED_DIFFERENTIAL,BIT_SLICED_BINARY_MAPPING,32,8,255,7,14,7,1422848,1456,128,186368,96.26,-0.0300000000000011,96.22289980952381,0.036311449872463375,96.18658835965135,-0.037100190476195394,0.037100190476195394,True,LEAVE_ONE_FAMILY_OUT,ZnO,ZnO_01,10.3390/electronics7120445,ZnO,8,6,4,False
ZnO_01,10.3390/electronics7120445,ZnO,1000.0,3.0,1,2,DISCRETE_BINARY,REPORTED,normalized_from_ratio,BINARY_BIT_SLICED_DIFFERENTIAL,BIT_SLICED_BINARY_MAPPING,128,8,255,7,14,7,1422848,112,128,14336,96.26,-0.0300000000000011,96.17774185714286,0.029374656179757635,96.14836720096311,-0.0822581428571425,0.0822581428571425,True,LEAVE_ONE_FAMILY_OUT,ZnO,ZnO_01,10.3390/electronics7120445,ZnO,8,6,4,False
ZnO_01,10.3390/electronics7120445,ZnO,1000.0,3.0,1,2,DISCRETE_BINARY,REPORTED,normalized_from_ratio,BINARY_BIT_SLICED_DIFFERENTIAL,BIT_SLICED_BINARY_MAPPING,64,6,63,5,10,9,1016320,280,512,143360,96.26,-0.0300000000000011,96.2596876111111,0.019182621411222733,96.24050498969989,-0.0003123888889007276,0.0003123888889007276,True,LEAVE_ONE_FAMILY_OUT,ZnO,ZnO_01,10.3390/electronics7120445,ZnO,8,6,4,False
ZnO_01,10.3390/electronics7120445,ZnO,1000.0,3.0,1,2,DISCRETE_BINARY,REPORTED,normalized_from_ratio,BINARY_BIT_SLICED_DIFFERENTIAL,BIT_SLICED_BINARY_MAPPING,32,8,255,7,14,10,1422848,1456,1024,1490944,96.26,-0.0300000000000011,96.24859718253968,0.012160608398663498,96.23643657414102,-0.011402817460322012,0.011402817460322012,True,LEAVE_ONE_FAMILY_OUT,ZnO,ZnO_01,10.3390/electronics7120445,ZnO,8,6,4,False
ZnO_01,10.3390/electronics7120445,ZnO,1000.0,3.0,1,2,DISCRETE_BINARY,REPORTED,normalized_from_ratio,BINARY_BIT_SLICED_DIFFERENTIAL,BIT_SLICED_BINARY_MAPPING,16,8,255,7,14,5,1422848,5600,32,179200,96.26,-0.0300000000000011,96.12679032539683,0.06875822310649352,96.05803210229033,-0.13320967460317945,0.13320967460317945,True,LEAVE_ONE_FAMILY_OUT,ZnO,ZnO_01,10.3390/electronics7120445,ZnO,8,6,4,False
ZnO_01,10.3390/electronics7120445,ZnO,1000.0,3.0,1,2,DISCRETE_BINARY,REPORTED,normalized_from_ratio,BINARY_BIT_SLICED_DIFFERENTIAL,BIT_SLICED_BINARY_MAPPING,16,8,255,7,14,8,1422848,5600,256,1433600,96.26,-0.0300000000000011,96.22858473015873,0.021125958067589507,96.20745877209114,-0.03141526984127552,0.03141526984127552,True,LEAVE_ONE_FAMILY_OUT,ZnO,ZnO_01,10.3390/electronics7120445,ZnO,8,6,4,False
ZnO_01,10.3390/electronics7120445,ZnO,1000.0,3.0,1,2,DISCRETE_BINARY,REPORTED,normalized_from_ratio,BINARY_BIT_SLICED_DIFFERENTIAL,BIT_SLICED_BINARY_MAPPING,16,8,255,7,14,7,1422848,5600,128,716800,96.26,-0.0300000000000011,96.2338737936508,0.026287377679257932,96.20758641597155,-0.02612620634920404,0.02612620634920404,True,LEAVE_ONE_FAMILY_OUT,ZnO,ZnO_01,10.3390/electronics7120445,ZnO,8,6,4,False
ZnO_01,10.3390/electronics7120445,ZnO,1000.0,3.0,1,2,DISCRETE_BINARY,REPORTED,normalized_from_ratio,BINARY_BIT_SLICED_DIFFERENTIAL,BIT_SLICED_BINARY_MAPPING,32,6,63,5,10,9,1016320,1040,512,532480,96.26,-0.0300000000000011,96.2644853015873,0.015655118635646288,96.24883018295165,0.004485301587294543,0.004485301587294543,True,LEAVE_ONE_FAMILY_OUT,ZnO,ZnO_01,10.3390/electronics7120445,ZnO,8,6,4,False
ZnO_01,10.3390/electronics7120445,ZnO,1000.0,3.0,1,2,DISCRETE_BINARY,REPORTED,normalized_from_ratio,BINARY_BIT_SLICED_DIFFERENTIAL,BIT_SLICED_BINARY_MAPPING,128,6,63,5,10,8,1016320,80,256,20480,96.25,-0.019999999999996,96.30001483766235,0.03441628943145757,96.26559854823088,0.05001483766234571,0.05001483766234571,True,LEAVE_ONE_FAMILY_OUT,ZnO,ZnO_01,10.3390/electronics7120445,ZnO,8,6,4,False
ZnO_01,10.3390/electronics7120445,ZnO,1000.0,3.0,1,2,DISCRETE_BINARY,REPORTED,normalized_from_ratio,BINARY_BIT_SLICED_DIFFERENTIAL,BIT_SLICED_BINARY_MAPPING,256,7,127,6,12,7,1219584,60,128,7680,96.25,-0.019999999999996,96.15886397619047,0.01794853106234275,96.14091544512813,-0.09113602380952557,0.09113602380952557,True,LEAVE_ONE_FAMILY_OUT,ZnO,ZnO_01,10.3390/electronics7120445,ZnO,8,6,4,False
ZnO_01,10.3390/electronics7120445,ZnO,1000.0,3.0,1,2,DISCRETE_BINARY,REPORTED,normalized_from_ratio,BINARY_BIT_SLICED_DIFFERENTIAL,BIT_SLICED_BINARY_MAPPING,256,6,63,5,10,8,1016320,50,256,12800,96.25,-0.019999999999996,96.27314482178932,0.051352693325037294,96.22179212846427,0.023144821789315984,0.023144821789315984,True,LEAVE_ONE_FAMILY_OUT,ZnO,ZnO_01,10.3390/electronics7120445,ZnO,8,6,4,False
ZnO_01,10.3390/electronics7120445,ZnO,1000.0,3.0,1,2,DISCRETE_BINARY,REPORTED,normalized_from_ratio,BINARY_BIT_SLICED_DIFFERENTIAL,BIT_SLICED_BINARY_MAPPING,16,8,255,7,14,6,1422848,5600,64,358400,96.25,-0.019999999999996,96.20081615079364,0.04408974456614899,96.15672640622749,-0.04918384920635788,0.04918384920635788,True,LEAVE_ONE_FAMILY_OUT,ZnO,ZnO_01,10.3390/electronics7120445,ZnO,8,6,4,False
ZnO_01,10.3390/electronics7120445,ZnO,1000.0,3.0,1,2,DISCRETE_BINARY,REPORTED,normalized_from_ratio,BINARY_BIT_SLICED_DIFFERENTIAL,BIT_SLICED_BINARY_MAPPING,128,6,63,5,10,7,1016320,80,128,10240,96.24,-0.0099999999999909,96.1812778888889,0.026462168063024337,96.15481572082588,-0.05872211111109493,0.05872211111109493,True,LEAVE_ONE_FAMILY_OUT,ZnO,ZnO_01,10.3390/electronics7120445,ZnO,8,6,4,False
ZnO_01,10.3390/electronics7120445,ZnO,1000.0,3.0,1,2,DISCRETE_BINARY,REPORTED,normalized_from_ratio,BINARY_BIT_SLICED_DIFFERENTIAL,BIT_SLICED_BINARY_MAPPING,256,7,127,6,12,10,1219584,60,1024,61440,96.24,-0.0099999999999909,96.22154424603175,0.017464424918675957,96.20407982111308,-0.018455753968240174,0.018455753968240174,True,LEAVE_ONE_FAMILY_OUT,ZnO,ZnO_01,10.3390/electronics7120445,ZnO,8,6,4,False
ZnO_01,10.3390/electronics7120445,ZnO,1000.0,3.0,1,2,DISCRETE_BINARY,REPORTED,normalized_from_ratio,BINARY_BIT_SLICED_DIFFERENTIAL,BIT_SLICED_BINARY_MAPPING,32,5,31,4,8,6,813056,832,64,53248,96.24,-0.0099999999999909,96.08256468253968,0.04441966842805015,96.03814501411163,-0.1574353174603118,0.1574353174603118,True,LEAVE_ONE_FAMILY_OUT,ZnO,ZnO_01,10.3390/electronics7120445,ZnO,8,6,4,False
ZnO_01,10.3390/electronics7120445,ZnO,1000.0,3.0,1,2,DISCRETE_BINARY,REPORTED,normalized_from_ratio,BINARY_BIT_SLICED_DIFFERENTIAL,BIT_SLICED_BINARY_MAPPING,32,6,63,5,10,4,1016320,1040,16,16640,96.24,-0.0099999999999909,94.32100097619048,0.18701337517286512,94.13398760101761,-1.9189990238095191,1.9189990238095191,True,LEAVE_ONE_FAMILY_OUT,ZnO,ZnO_01,10.3390/electronics7120445,ZnO,8,6,4,False
ZnO_01,10.3390/electronics7120445,ZnO,1000.0,3.0,1,2,DISCRETE_BINARY,REPORTED,normalized_from_ratio,BINARY_BIT_SLICED_DIFFERENTIAL,BIT_SLICED_BINARY_MAPPING,32,7,127,6,12,8,1219584,1248,256,319488,96.24,-0.0099999999999909,96.22595350072149,0.01941424902937289,96.20653925169212,-0.014046499278506985,0.014046499278506985,True,LEAVE_ONE_FAMILY_OUT,ZnO,ZnO_01,10.3390/electronics7120445,ZnO,8,6,4,False
ZnO_01,10.3390/electronics7120445,ZnO,1000.0,3.0,1,2,DISCRETE_BINARY,REPORTED,normalized_from_ratio,BINARY_BIT_SLICED_DIFFERENTIAL,BIT_SLICED_BINARY_MAPPING,16,6,63,5,10,5,1016320,4000,32,128000,96.24,-0.0099999999999909,96.10846827777777,0.07698592888364107,96.03148234889413,-0.13153172222222054,0.13153172222222054,True,LEAVE_ONE_FAMILY_OUT,ZnO,ZnO_01,10.3390/electronics7120445,ZnO,8,6,4,False
ZnO_01,10.3390/electronics7120445,ZnO,1000.0,3.0,1,2,DISCRETE_BINARY,REPORTED,normalized_from_ratio,BINARY_BIT_SLICED_DIFFERENTIAL,BIT_SLICED_BINARY_MAPPING,256,8,255,7,14,7,1422848,70,128,8960,96.24,-0.0099999999999909,96.1520418888889,0.023911108947208982,96.1281307799417,-0.08795811111109231,0.08795811111109231,True,LEAVE_ONE_FAMILY_OUT,ZnO,ZnO_01,10.3390/electronics7120445,ZnO,8,6,4,False
ZnO_01,10.3390/electronics7120445,ZnO,1000.0,3.0,1,2,DISCRETE_BINARY,REPORTED,normalized_from_ratio,BINARY_BIT_SLICED_DIFFERENTIAL,BIT_SLICED_BINARY_MAPPING,128,6,63,5,10,9,1016320,80,512,40960,96.24,-0.0099999999999909,96.24461490476192,0.03248347149364127,96.21213143326828,0.004614904761922389,0.004614904761922389,True,LEAVE_ONE_FAMILY_OUT,ZnO,ZnO_01,10.3390/electronics7120445,ZnO,8,6,4,False
ZnO_01,10.3390/electronics7120445,ZnO,1000.0,3.0,1,2,DISCRETE_BINARY,REPORTED,normalized_from_ratio,BINARY_BIT_SLICED_DIFFERENTIAL,BIT_SLICED_BINARY_MAPPING,16,7,127,6,12,7,1219584,4800,128,614400,96.24,-0.0099999999999909,96.23465315873015,0.017627348255282074,96.21702581047487,-0.005346841269840752,0.005346841269840752,True,LEAVE_ONE_FAMILY_OUT,ZnO,ZnO_01,10.3390/electronics7120445,ZnO,8,6,4,False
ZnO_01,10.3390/electronics7120445,ZnO,1000.0,3.0,1,2,DISCRETE_BINARY,REPORTED,normalized_from_ratio,BINARY_BIT_SLICED_DIFFERENTIAL,BIT_SLICED_BINARY_MAPPING,32,8,255,7,14,9,1422848,1456,512,745472,96.23,0.0,96.24743556998558,0.016853414924107447,96.23058215506147,0.01743556998557949,0.01743556998557949,True,LEAVE_ONE_FAMILY_OUT,ZnO,ZnO_01,10.3390/electronics7120445,ZnO,8,6,4,False
ZnO_01,10.3390/electronics7120445,ZnO,1000.0,3.0,1,2,DISCRETE_BINARY,REPORTED,normalized_from_ratio,BINARY_BIT_SLICED_DIFFERENTIAL,BIT_SLICED_BINARY_MAPPING,64,8,255,7,14,5,1422848,392,32,12544,96.23,0.0,95.55684747619047,0.05798560167015602,95.49886187452032,-0.6731525238095344,0.6731525238095344,True,LEAVE_ONE_FAMILY_OUT,ZnO,ZnO_01,10.3390/electronics7120445,ZnO,8,6,4,False
ZnO_01,10.3390/electronics7120445,ZnO,1000.0,3.0,1,2,DISCRETE_BINARY,REPORTED,normalized_from_ratio,BINARY_BIT_SLICED_DIFFERENTIAL,BIT_SLICED_BINARY_MAPPING,128,8,255,7,14,8,1422848,112,256,28672,96.23,0.0,96.19712587301589,0.01994763077424321,96.17717824224165,-0.03287412698411174,0.03287412698411174,True,LEAVE_ONE_FAMILY_OUT,ZnO,ZnO_01,10.3390/electronics7120445,ZnO,8,6,4,False
ZnO_01,10.3390/electronics7120445,ZnO,1000.0,3.0,1,2,DISCRETE_BINARY,REPORTED,normalized_from_ratio,BINARY_BIT_SLICED_DIFFERENTIAL,BIT_SLICED_BINARY_MAPPING,64,8,255,7,14,7,1422848,392,128,50176,96.23,0.0,96.24822653174604,0.032717173379215314,96.21550935836683,0.018226531746037722,0.018226531746037722,True,LEAVE_ONE_FAMILY_OUT,ZnO,ZnO_01,10.3390/electronics7120445,ZnO,8,6,4,False
ZnO_01,10.3390/electronics7120445,ZnO,1000.0,3.0,1,2,DISCRETE_BINARY,REPORTED,normalized_from_ratio,BINARY_BIT_SLICED_DIFFERENTIAL,BIT_SLICED_BINARY_MAPPING,64,5,31,4,8,7,813056,224,128,28672,96.23,0.0,96.18095055988456,0.07354356791157338,96.107406991973,-0.049049440115439324,0.049049440115439324,True,LEAVE_ONE_FAMILY_OUT,ZnO,ZnO_01,10.3390/electronics7120445,ZnO,8,6,4,False
ZnO_01,10.3390/electronics7120445,ZnO,1000.0,3.0,1,2,DISCRETE_BINARY,REPORTED,normalized_from_ratio,BINARY_BIT_SLICED_DIFFERENTIAL,BIT_SLICED_BINARY_MAPPING,16,7,127,6,12,8,1219584,4800,256,1228800,96.22,0.0100000000000051,96.23038846825396,0.014119309649937708,96.21626915860402,0.010388468253964334,0.010388468253964334,True,LEAVE_ONE_FAMILY_OUT,ZnO,ZnO_01,10.3390/electronics7120445,ZnO,8,6,4,False
ZnO_01,10.3390/electronics7120445,ZnO,1000.0,3.0,1,2,DISCRETE_BINARY,REPORTED,normalized_from_ratio,BINARY_BIT_SLICED_DIFFERENTIAL,BIT_SLICED_BINARY_MAPPING,16,7,127,6,12,9,1219584,4800,512,2457600,96.22,0.0100000000000051,96.22536490476192,0.008220143576118973,96.21714476118579,0.005364904761918865,0.005364904761918865,True,LEAVE_ONE_FAMILY_OUT,ZnO,ZnO_01,10.3390/electronics7120445,ZnO,8,6,4,False
ZnO_01,10.3390/electronics7120445,ZnO,1000.0,3.0,1,2,DISCRETE_BINARY,REPORTED,normalized_from_ratio,BINARY_BIT_SLICED_DIFFERENTIAL,BIT_SLICED_BINARY_MAPPING,32,7,127,6,12,10,1219584,1248,1024,1277952,96.22,0.0100000000000051,96.21501219047619,0.010188030814130984,96.20482415966205,-0.004987809523811393,0.004987809523811393,True,LEAVE_ONE_FAMILY_OUT,ZnO,ZnO_01,10.3390/electronics7120445,ZnO,8,6,4,False
ZnO_01,10.3390/electronics7120445,ZnO,1000.0,3.0,1,2,DISCRETE_BINARY,REPORTED,normalized_from_ratio,BINARY_BIT_SLICED_DIFFERENTIAL,BIT_SLICED_BINARY_MAPPING,32,7,127,6,12,6,1219584,1248,64,79872,96.22,0.0100000000000051,96.16481157142859,0.04377563530443464,96.12103593612416,-0.05518842857141237,0.05518842857141237,True,LEAVE_ONE_FAMILY_OUT,ZnO,ZnO_01,10.3390/electronics7120445,ZnO,8,6,4,False
ZnO_01,10.3390/electronics7120445,ZnO,1000.0,3.0,1,2,DISCRETE_BINARY,REPORTED,normalized_from_ratio,BINARY_BIT_SLICED_DIFFERENTIAL,BIT_SLICED_BINARY_MAPPING,256,8,255,7,14,6,1422848,70,64,4480,96.22,0.0100000000000051,95.87631943001442,0.05915092740122783,95.81716850261319,-0.3436805699855796,0.3436805699855796,True,LEAVE_ONE_FAMILY_OUT,ZnO,ZnO_01,10.3390/electronics7120445,ZnO,8,6,4,False
ZnO_01,10.3390/electronics7120445,ZnO,1000.0,3.0,1,2,DISCRETE_BINARY,REPORTED,normalized_from_ratio,BINARY_BIT_SLICED_DIFFERENTIAL,BIT_SLICED_BINARY_MAPPING,64,6,63,5,10,6,1016320,280,64,17920,96.22,0.0100000000000051,96.10578919047619,0.03858582317008342,96.0672033673061,-0.11421080952381146,0.11421080952381146,True,LEAVE_ONE_FAMILY_OUT,ZnO,ZnO_01,10.3390/electronics7120445,ZnO,8,6,4,False
ZnO_01,10.3390/electronics7120445,ZnO,1000.0,3.0,1,2,DISCRETE_BINARY,REPORTED,normalized_from_ratio,BINARY_BIT_SLICED_DIFFERENTIAL,BIT_SLICED_BINARY_MAPPING,64,6,63,5,10,7,1016320,280,128,35840,96.22,0.0100000000000051,96.24919535425686,0.02994540739851367,96.21924994685834,0.029195354256856376,0.029195354256856376,True,LEAVE_ONE_FAMILY_OUT,ZnO,ZnO_01,10.3390/electronics7120445,ZnO,8,6,4,False
ZnO_01,10.3390/electronics7120445,ZnO,1000.0,3.0,1,2,DISCRETE_BINARY,REPORTED,normalized_from_ratio,BINARY_BIT_SLICED_DIFFERENTIAL,BIT_SLICED_BINARY_MAPPING,64,7,127,6,12,10,1219584,336,1024,344064,96.22,0.0100000000000051,96.2199672099567,0.014092534697237914,96.20587467525947,-3.2790043292152404e-05,3.2790043292152404e-05,True,LEAVE_ONE_FAMILY_OUT,ZnO,ZnO_01,10.3390/electronics7120445,ZnO,8,6,4,False
ZnO_01,10.3390/electronics7120445,ZnO,1000.0,3.0,1,2,DISCRETE_BINARY,REPORTED,normalized_from_ratio,BINARY_BIT_SLICED_DIFFERENTIAL,BIT_SLICED_BINARY_MAPPING,64,8,255,7,14,9,1422848,392,512,200704,96.22,0.0100000000000051,96.2298955079365,0.02085064389342387,96.20904486404308,0.00989550793650551,0.00989550793650551,True,LEAVE_ONE_FAMILY_OUT,ZnO,ZnO_01,10.3390/electronics7120445,ZnO,8,6,4,False
ZnO_01,10.3390/electronics7120445,ZnO,1000.0,3.0,1,2,DISCRETE_BINARY,REPORTED,normalized_from_ratio,BINARY_BIT_SLICED_DIFFERENTIAL,BIT_SLICED_BINARY_MAPPING,64,7,127,6,12,7,1219584,336,128,43008,96.22,0.0100000000000051,96.25179824603174,0.02778058514351208,96.22401766088822,0.03179824603174097,0.03179824603174097,True,LEAVE_ONE_FAMILY_OUT,ZnO,ZnO_01,10.3390/electronics7120445,ZnO,8,6,4,False
ZnO_01,10.3390/electronics7120445,ZnO,1000.0,3.0,1,2,DISCRETE_BINARY,REPORTED,normalized_from_ratio,BINARY_BIT_SLICED_DIFFERENTIAL,BIT_SLICED_BINARY_MAPPING,128,7,127,6,12,10,1219584,96,1024,98304,96.22,0.0100000000000051,96.2235890901876,0.01760270097184813,96.20598638921575,0.0035890901876030057,0.0035890901876030057,True,LEAVE_ONE_FAMILY_OUT,ZnO,ZnO_01,10.3390/electronics7120445,ZnO,8,6,4,False
ZnO_01,10.3390/electronics7120445,ZnO,1000.0,3.0,1,2,DISCRETE_BINARY,REPORTED,normalized_from_ratio,BINARY_BIT_SLICED_DIFFERENTIAL,BIT_SLICED_BINARY_MAPPING,128,8,255,7,14,9,1422848,112,512,57344,96.22,0.0100000000000051,96.20774920923522,0.017310298142531284,96.19043891109268,-0.012250790764781527,0.012250790764781527,True,LEAVE_ONE_FAMILY_OUT,ZnO,ZnO_01,10.3390/electronics7120445,ZnO,8,6,4,False
ZnO_01,10.3390/electronics7120445,ZnO,1000.0,3.0,1,2,DISCRETE_BINARY,REPORTED,normalized_from_ratio,BINARY_BIT_SLICED_DIFFERENTIAL,BIT_SLICED_BINARY_MAPPING,16,7,127,6,12,6,1219584,4800,64,307200,96.22,0.0100000000000051,96.18017892857144,0.035905179491431675,96.14427374908,-0.039821071428562504,0.039821071428562504,True,LEAVE_ONE_FAMILY_OUT,ZnO,ZnO_01,10.3390/electronics7120445,ZnO,8,6,4,False
ZnO_01,10.3390/electronics7120445,ZnO,1000.0,3.0,1,2,DISCRETE_BINARY,REPORTED,normalized_from_ratio,BINARY_BIT_SLICED_DIFFERENTIAL,BIT_SLICED_BINARY_MAPPING,256,8,255,7,14,9,1422848,70,512,35840,96.22,0.0100000000000051,96.20305473809523,0.01889370945055516,96.18416102864468,-0.016945261904766085,0.016945261904766085,True,LEAVE_ONE_FAMILY_OUT,ZnO,ZnO_01,10.3390/electronics7120445,ZnO,8,6,4,False
ZnO_01,10.3390/electronics7120445,ZnO,1000.0,3.0,1,2,DISCRETE_BINARY,REPORTED,normalized_from_ratio,BINARY_BIT_SLICED_DIFFERENTIAL,BIT_SLICED_BINARY_MAPPING,32,8,255,7,14,6,1422848,1456,64,93184,96.21,0.0200000000000102,96.1908047936508,0.057226769303852475,96.13357802434695,-0.01919520634919536,0.01919520634919536,True,LEAVE_ONE_FAMILY_OUT,ZnO,ZnO_01,10.3390/electronics7120445,ZnO,8,6,4,False
ZnO_01,10.3390/electronics7120445,ZnO,1000.0,3.0,1,2,DISCRETE_BINARY,REPORTED,normalized_from_ratio,BINARY_BIT_SLICED_DIFFERENTIAL,BIT_SLICED_BINARY_MAPPING,32,7,127,6,12,5,1219584,1248,32,39936,96.21,0.0200000000000102,95.94614723809524,0.08793976880320242,95.85820746929204,-0.2638527619047579,0.2638527619047579,True,LEAVE_ONE_FAMILY_OUT,ZnO,ZnO_01,10.3390/electronics7120445,ZnO,8,6,4,False
ZnO_01,10.3390/electronics7120445,ZnO,1000.0,3.0,1,2,DISCRETE_BINARY,REPORTED,normalized_from_ratio,BINARY_BIT_SLICED_DIFFERENTIAL,BIT_SLICED_BINARY_MAPPING,16,7,127,6,12,5,1219584,4800,32,153600,96.21,0.0200000000000102,96.12903942063491,0.07452525118169152,96.05451416945321,-0.08096057936508316,0.08096057936508316,True,LEAVE_ONE_FAMILY_OUT,ZnO,ZnO_01,10.3390/electronics7120445,ZnO,8,6,4,False
ZnO_01,10.3390/electronics7120445,ZnO,1000.0,3.0,1,2,DISCRETE_BINARY,REPORTED,normalized_from_ratio,BINARY_BIT_SLICED_DIFFERENTIAL,BIT_SLICED_BINARY_MAPPING,32,7,127,6,12,7,1219584,1248,128,159744,96.21,0.0200000000000102,96.22853253174603,0.022323633270331177,96.2062088984757,0.018532531746032532,0.018532531746032532,True,LEAVE_ONE_FAMILY_OUT,ZnO,ZnO_01,10.3390/electronics7120445,ZnO,8,6,4,False
ZnO_01,10.3390/electronics7120445,ZnO,1000.0,3.0,1,2,DISCRETE_BINARY,REPORTED,normalized_from_ratio,BINARY_BIT_SLICED_DIFFERENTIAL,BIT_SLICED_BINARY_MAPPING,32,7,127,6,12,9,1219584,1248,512,638976,96.21,0.0200000000000102,96.23073273015872,0.012402397968621299,96.2183303321901,0.02073273015872701,0.02073273015872701,True,LEAVE_ONE_FAMILY_OUT,ZnO,ZnO_01,10.3390/electronics7120445,ZnO,8,6,4,False
ZnO_01,10.3390/electronics7120445,ZnO,1000.0,3.0,1,2,DISCRETE_BINARY,REPORTED,normalized_from_ratio,BINARY_BIT_SLICED_DIFFERENTIAL,BIT_SLICED_BINARY_MAPPING,16,7,127,6,12,10,1219584,4800,1024,4915200,96.21,0.0200000000000102,96.21632346031745,0.008931615140969336,96.20739184517649,0.006323460317460672,0.006323460317460672,True,LEAVE_ONE_FAMILY_OUT,ZnO,ZnO_01,10.3390/electronics7120445,ZnO,8,6,4,False
ZnO_01,10.3390/electronics7120445,ZnO,1000.0,3.0,1,2,DISCRETE_BINARY,REPORTED,normalized_from_ratio,BINARY_BIT_SLICED_DIFFERENTIAL,BIT_SLICED_BINARY_MAPPING,64,7,127,6,12,5,1219584,336,32,10752,96.21,0.0200000000000102,95.56341095238095,0.05935945258544031,95.50405149979551,-0.6465890476190452,0.6465890476190452,True,LEAVE_ONE_FAMILY_OUT,ZnO,ZnO_01,10.3390/electronics7120445,ZnO,8,6,4,False
ZnO_01,10.3390/electronics7120445,ZnO,1000.0,3.0,1,2,DISCRETE_BINARY,REPORTED,normalized_from_ratio,BINARY_BIT_SLICED_DIFFERENTIAL,BIT_SLICED_BINARY_MAPPING,64,8,255,7,14,8,1422848,392,256,100352,96.21,0.0200000000000102,96.20347083333334,0.022470957427734146,96.18099987590561,-0.006529166666652486,0.006529166666652486,True,LEAVE_ONE_FAMILY_OUT,ZnO,ZnO_01,10.3390/electronics7120445,ZnO,8,6,4,False
ZnO_01,10.3390/electronics7120445,ZnO,1000.0,3.0,1,2,DISCRETE_BINARY,REPORTED,normalized_from_ratio,BINARY_BIT_SLICED_DIFFERENTIAL,BIT_SLICED_BINARY_MAPPING,256,5,31,4,8,6,813056,40,64,2560,96.21,0.0200000000000102,95.77061707142857,0.09631624036286077,95.67430083106571,-0.43938292857141903,0.43938292857141903,True,LEAVE_ONE_FAMILY_OUT,ZnO,ZnO_01,10.3390/electronics7120445,ZnO,8,6,4,False
ZnO_01,10.3390/electronics7120445,ZnO,1000.0,3.0,1,2,DISCRETE_BINARY,REPORTED,normalized_from_ratio,BINARY_BIT_SLICED_DIFFERENTIAL,BIT_SLICED_BINARY_MAPPING,256,8,255,7,14,8,1422848,70,256,17920,96.21,0.0200000000000102,96.20628046825396,0.026949115974902845,96.17933135227906,-0.0037195317460287924,0.0037195317460287924,True,LEAVE_ONE_FAMILY_OUT,ZnO,ZnO_01,10.3390/electronics7120445,ZnO,8,6,4,False
ZnO_01,10.3390/electronics7120445,ZnO,1000.0,3.0,1,2,DISCRETE_BINARY,REPORTED,normalized_from_ratio,BINARY_BIT_SLICED_DIFFERENTIAL,BIT_SLICED_BINARY_MAPPING,64,7,127,6,12,8,1219584,336,256,86016,96.21,0.0200000000000102,96.20451661471863,0.020768254960598295,96.18374835975803,-0.005483385281365827,0.005483385281365827,True,LEAVE_ONE_FAMILY_OUT,ZnO,ZnO_01,10.3390/electronics7120445,ZnO,8,6,4,False
ZnO_01,10.3390/electronics7120445,ZnO,1000.0,3.0,1,2,DISCRETE_BINARY,REPORTED,normalized_from_ratio,BINARY_BIT_SLICED_DIFFERENTIAL,BIT_SLICED_BINARY_MAPPING,16,5,31,4,8,6,813056,3200,64,204800,96.2,0.0300000000000011,96.09722664285714,0.033619159573336325,96.0636074832838,-0.1027733571428655,0.1027733571428655,True,LEAVE_ONE_FAMILY_OUT,ZnO,ZnO_01,10.3390/electronics7120445,ZnO,8,6,4,False
ZnO_01,10.3390/electronics7120445,ZnO,1000.0,3.0,1,2,DISCRETE_BINARY,REPORTED,normalized_from_ratio,BINARY_BIT_SLICED_DIFFERENTIAL,BIT_SLICED_BINARY_MAPPING,32,6,63,5,10,6,1016320,1040,64,66560,96.2,0.0300000000000011,96.1799999047619,0.04712866440706243,96.13287124035483,-0.0200000952381032,0.0200000952381032,True,LEAVE_ONE_FAMILY_OUT,ZnO,ZnO_01,10.3390/electronics7120445,ZnO,8,6,4,False
ZnO_01,10.3390/electronics7120445,ZnO,1000.0,3.0,1,2,DISCRETE_BINARY,REPORTED,normalized_from_ratio,BINARY_BIT_SLICED_DIFFERENTIAL,BIT_SLICED_BINARY_MAPPING,128,7,127,6,12,6,1219584,96,64,6144,96.2,0.0300000000000011,95.87037582683982,0.04931886413993165,95.82105696269988,-0.3296241731601839,0.3296241731601839,True,LEAVE_ONE_FAMILY_OUT,ZnO,ZnO_01,10.3390/electronics7120445,ZnO,8,6,4,False
ZnO_01,10.3390/electronics7120445,ZnO,1000.0,3.0,1,2,DISCRETE_BINARY,REPORTED,normalized_from_ratio,BINARY_BIT_SLICED_DIFFERENTIAL,BIT_SLICED_BINARY_MAPPING,64,7,127,6,12,9,1219584,336,512,172032,96.2,0.0300000000000011,96.22134016594516,0.017785285566505986,96.20355488037866,0.02134016594516197,0.02134016594516197,True,LEAVE_ONE_FAMILY_OUT,ZnO,ZnO_01,10.3390/electronics7120445,ZnO,8,6,4,False
ZnO_01,10.3390/electronics7120445,ZnO,1000.0,3.0,1,2,DISCRETE_BINARY,REPORTED,normalized_from_ratio,BINARY_BIT_SLICED_DIFFERENTIAL,BIT_SLICED_BINARY_MAPPING,64,7,127,6,12,6,1219584,336,64,21504,96.2,0.0300000000000011,96.08634740476191,0.048879846438814774,96.0374675583231,-0.11365259523809357,0.11365259523809357,True,LEAVE_ONE_FAMILY_OUT,ZnO,ZnO_01,10.3390/electronics7120445,ZnO,8,6,4,False
ZnO_01,10.3390/electronics7120445,ZnO,1000.0,3.0,1,2,DISCRETE_BINARY,REPORTED,normalized_from_ratio,BINARY_BIT_SLICED_DIFFERENTIAL,BIT_SLICED_BINARY_MAPPING,128,8,255,7,14,6,1422848,112,64,7168,96.2,0.0300000000000011,95.86577137445889,0.050573323770541426,95.81519805068835,-0.3342286255411153,0.3342286255411153,True,LEAVE_ONE_FAMILY_OUT,ZnO,ZnO_01,10.3390/electronics7120445,ZnO,8,6,4,False
ZnO_01,10.3390/electronics7120445,ZnO,1000.0,3.0,1,2,DISCRETE_BINARY,REPORTED,normalized_from_ratio,BINARY_BIT_SLICED_DIFFERENTIAL,BIT_SLICED_BINARY_MAPPING,128,7,127,6,12,9,1219584,96,512,49152,96.2,0.0300000000000011,96.20799655411255,0.01801265991919487,96.18998389419336,0.007996554112551735,0.007996554112551735,True,LEAVE_ONE_FAMILY_OUT,ZnO,ZnO_01,10.3390/electronics7120445,ZnO,8,6,4,False
ZnO_01,10.3390/electronics7120445,ZnO,1000.0,3.0,1,2,DISCRETE_BINARY,REPORTED,normalized_from_ratio,BINARY_BIT_SLICED_DIFFERENTIAL,BIT_SLICED_BINARY_MAPPING,256,7,127,6,12,9,1219584,60,512,30720,96.2,0.0300000000000011,96.20523479725831,0.02135813046194999,96.18387666679637,0.005234797258310664,0.005234797258310664,True,LEAVE_ONE_FAMILY_OUT,ZnO,ZnO_01,10.3390/electronics7120445,ZnO,8,6,4,False
ZnO_01,10.3390/electronics7120445,ZnO,1000.0,3.0,1,2,DISCRETE_BINARY,REPORTED,normalized_from_ratio,BINARY_BIT_SLICED_DIFFERENTIAL,BIT_SLICED_BINARY_MAPPING,256,7,127,6,12,6,1219584,60,64,3840,96.2,0.0300000000000011,95.88092221572873,0.056458254520797585,95.82446396120794,-0.319077784271272,0.319077784271272,True,LEAVE_ONE_FAMILY_OUT,ZnO,ZnO_01,10.3390/electronics7120445,ZnO,8,6,4,False
ZnO_01,10.3390/electronics7120445,ZnO,1000.0,3.0,1,2,DISCRETE_BINARY,REPORTED,normalized_from_ratio,BINARY_BIT_SLICED_DIFFERENTIAL,BIT_SLICED_BINARY_MAPPING,256,7,127,6,12,8,1219584,60,256,15360,96.2,0.0300000000000011,96.22089328932181,0.024361783655802514,96.196531505666,0.020893289321804787,0.020893289321804787,True,LEAVE_ONE_FAMILY_OUT,ZnO,ZnO_01,10.3390/electronics7120445,ZnO,8,6,4,False
ZnO_01,10.3390/electronics7120445,ZnO,1000.0,3.0,1,2,DISCRETE_BINARY,REPORTED,normalized_from_ratio,BINARY_BIT_SLICED_DIFFERENTIAL,BIT_SLICED_BINARY_MAPPING,32,8,255,7,14,5,1422848,1456,32,46592,96.2,0.0300000000000011,95.96512988095239,0.08234957980299804,95.8827803011494,-0.23487011904761346,0.23487011904761346,True,LEAVE_ONE_FAMILY_OUT,ZnO,ZnO_01,10.3390/electronics7120445,ZnO,8,6,4,False
ZnO_01,10.3390/electronics7120445,ZnO,1000.0,3.0,1,2,DISCRETE_BINARY,REPORTED,normalized_from_ratio,BINARY_BIT_SLICED_DIFFERENTIAL,BIT_SLICED_BINARY_MAPPING,128,7,127,6,12,8,1219584,96,256,24576,96.19,0.0400000000000062,96.20788201948054,0.020539998406439178,96.1873420210741,0.017882019480538247,0.017882019480538247,True,LEAVE_ONE_FAMILY_OUT,ZnO,ZnO_01,10.3390/electronics7120445,ZnO,8,6,4,False
ZnO_01,10.3390/electronics7120445,ZnO,1000.0,3.0,1,2,DISCRETE_BINARY,REPORTED,normalized_from_ratio,BINARY_BIT_SLICED_DIFFERENTIAL,BIT_SLICED_BINARY_MAPPING,256,5,31,4,8,8,813056,40,256,10240,96.19,0.0400000000000062,96.11628440476191,0.02750131411488203,96.08878309064703,-0.07371559523808457,0.07371559523808457,True,LEAVE_ONE_FAMILY_OUT,ZnO,ZnO_01,10.3390/electronics7120445,ZnO,8,6,4,False
ZnO_01,10.3390/electronics7120445,ZnO,1000.0,3.0,1,2,DISCRETE_BINARY,REPORTED,normalized_from_ratio,BINARY_BIT_SLICED_DIFFERENTIAL,BIT_SLICED_BINARY_MAPPING,64,6,63,5,10,5,1016320,280,32,8960,96.19,0.0400000000000062,95.53125562698412,0.04749819587408345,95.48375743111004,-0.6587443730158782,0.6587443730158782,True,LEAVE_ONE_FAMILY_OUT,ZnO,ZnO_01,10.3390/electronics7120445,ZnO,8,6,4,False
ZnO_01,10.3390/electronics7120445,ZnO,1000.0,3.0,1,2,DISCRETE_BINARY,REPORTED,normalized_from_ratio,BINARY_BIT_SLICED_DIFFERENTIAL,BIT_SLICED_BINARY_MAPPING,64,5,31,4,8,6,813056,224,64,14336,96.19,0.0400000000000062,96.09282821428572,0.04397807042849091,96.04885014385722,-0.09717178571428065,0.09717178571428065,True,LEAVE_ONE_FAMILY_OUT,ZnO,ZnO_01,10.3390/electronics7120445,ZnO,8,6,4,False
ZnO_01,10.3390/electronics7120445,ZnO,1000.0,3.0,1,2,DISCRETE_BINARY,REPORTED,normalized_from_ratio,BINARY_BIT_SLICED_DIFFERENTIAL,BIT_SLICED_BINARY_MAPPING,64,8,255,7,14,6,1422848,392,64,25088,96.19,0.0400000000000062,96.08149507142858,0.054860306656601555,96.02663476477197,-0.10850492857142058,0.10850492857142058,True,LEAVE_ONE_FAMILY_OUT,ZnO,ZnO_01,10.3390/electronics7120445,ZnO,8,6,4,False
ZnO_01,10.3390/electronics7120445,ZnO,1000.0,3.0,1,2,DISCRETE_BINARY,REPORTED,normalized_from_ratio,BINARY_BIT_SLICED_DIFFERENTIAL,BIT_SLICED_BINARY_MAPPING,32,5,31,4,8,8,813056,832,256,212992,96.18,0.0499999999999971,96.14722921428572,0.032609064321826635,96.11462014996388,-0.03277078571429115,0.03277078571429115,True,LEAVE_ONE_FAMILY_OUT,ZnO,ZnO_01,10.3390/electronics7120445,ZnO,8,6,4,False
ZnO_01,10.3390/electronics7120445,ZnO,1000.0,3.0,1,2,DISCRETE_BINARY,REPORTED,normalized_from_ratio,BINARY_BIT_SLICED_DIFFERENTIAL,BIT_SLICED_BINARY_MAPPING,16,8,255,7,14,4,1422848,5600,16,89600,96.17,0.0600000000000022,95.27505858730159,0.2041446645983022,95.07091392270328,-0.8949414126984152,0.8949414126984152,True,LEAVE_ONE_FAMILY_OUT,ZnO,ZnO_01,10.3390/electronics7120445,ZnO,8,6,4,False
ZnO_01,10.3390/electronics7120445,ZnO,1000.0,3.0,1,2,DISCRETE_BINARY,REPORTED,normalized_from_ratio,BINARY_BIT_SLICED_DIFFERENTIAL,BIT_SLICED_BINARY_MAPPING,32,5,31,4,8,7,813056,832,128,106496,96.17,0.0600000000000022,96.18240717099566,0.026012178795178264,96.15639499220048,0.012407170995658134,0.012407170995658134,True,LEAVE_ONE_FAMILY_OUT,ZnO,ZnO_01,10.3390/electronics7120445,ZnO,8,6,4,False
ZnO_01,10.3390/electronics7120445,ZnO,1000.0,3.0,1,2,DISCRETE_BINARY,REPORTED,normalized_from_ratio,BINARY_BIT_SLICED_DIFFERENTIAL,BIT_SLICED_BINARY_MAPPING,256,5,31,4,8,7,813056,40,128,5120,96.17,0.0600000000000022,96.10826357142857,0.06153966971413266,96.04672390171443,-0.06173642857143591,0.06173642857143591,True,LEAVE_ONE_FAMILY_OUT,ZnO,ZnO_01,10.3390/electronics7120445,ZnO,8,6,4,False
ZnO_01,10.3390/electronics7120445,ZnO,1000.0,3.0,1,2,DISCRETE_BINARY,REPORTED,normalized_from_ratio,BINARY_BIT_SLICED_DIFFERENTIAL,BIT_SLICED_BINARY_MAPPING,16,7,127,6,12,4,1219584,4800,16,76800,96.17,0.0600000000000022,95.27575692063492,0.20530376259569222,95.07045315803923,-0.8942430793650828,0.8942430793650828,True,LEAVE_ONE_FAMILY_OUT,ZnO,ZnO_01,10.3390/electronics7120445,ZnO,8,6,4,False
ZnO_01,10.3390/electronics7120445,ZnO,1000.0,3.0,1,2,DISCRETE_BINARY,REPORTED,normalized_from_ratio,BINARY_BIT_SLICED_DIFFERENTIAL,BIT_SLICED_BINARY_MAPPING,128,5,31,4,8,8,813056,64,256,16384,96.17,0.0600000000000022,96.15943142857144,0.033602784653206874,96.12582864391823,-0.010568571428564155,0.010568571428564155,True,LEAVE_ONE_FAMILY_OUT,ZnO,ZnO_01,10.3390/electronics7120445,ZnO,8,6,4,False
ZnO_01,10.3390/electronics7120445,ZnO,1000.0,3.0,1,2,DISCRETE_BINARY,REPORTED,normalized_from_ratio,BINARY_BIT_SLICED_DIFFERENTIAL,BIT_SLICED_BINARY_MAPPING,128,6,63,5,10,6,1016320,80,64,5120,96.17,0.0600000000000022,95.86044316017316,0.06146736261785967,95.7989757975553,-0.3095568398268398,0.3095568398268398,True,LEAVE_ONE_FAMILY_OUT,ZnO,ZnO_01,10.3390/electronics7120445,ZnO,8,6,4,False
ZnO_01,10.3390/electronics7120445,ZnO,1000.0,3.0,1,2,DISCRETE_BINARY,REPORTED,normalized_from_ratio,BINARY_BIT_SLICED_DIFFERENTIAL,BIT_SLICED_BINARY_MAPPING,16,5,31,4,8,5,813056,3200,32,102400,96.16,0.0700000000000073,95.96624217460318,0.06840381053889401,95.89783836406428,-0.19375782539681552,0.19375782539681552,True,LEAVE_ONE_FAMILY_OUT,ZnO,ZnO_01,10.3390/electronics7120445,ZnO,8,6,4,False
ZnO_01,10.3390/electronics7120445,ZnO,1000.0,3.0,1,2,DISCRETE_BINARY,REPORTED,normalized_from_ratio,BINARY_BIT_SLICED_DIFFERENTIAL,BIT_SLICED_BINARY_MAPPING,32,5,31,4,8,5,813056,832,32,26624,96.15,0.0799999999999983,95.8360360079365,0.0627172510392872,95.77331875689721,-0.3139639920635062,0.3139639920635062,True,LEAVE_ONE_FAMILY_OUT,ZnO,ZnO_01,10.3390/electronics7120445,ZnO,8,6,4,False
ZnO_01,10.3390/electronics7120445,ZnO,1000.0,3.0,1,2,DISCRETE_BINARY,REPORTED,normalized_from_ratio,BINARY_BIT_SLICED_DIFFERENTIAL,BIT_SLICED_BINARY_MAPPING,32,8,255,7,14,4,1422848,1456,16,23296,96.15,0.0799999999999983,94.34136078571429,0.1725476885422081,94.16881309717208,-1.8086392142857193,1.8086392142857193,True,LEAVE_ONE_FAMILY_OUT,ZnO,ZnO_01,10.3390/electronics7120445,ZnO,8,6,4,False
ZnO_01,10.3390/electronics7120445,ZnO,1000.0,3.0,1,2,DISCRETE_BINARY,REPORTED,normalized_from_ratio,BINARY_BIT_SLICED_DIFFERENTIAL,BIT_SLICED_BINARY_MAPPING,16,5,31,4,8,10,813056,3200,1024,3276800,96.15,0.0799999999999983,96.12385688095237,0.010744295890171542,96.1131125850622,-0.026143119047631558,0.026143119047631558,True,LEAVE_ONE_FAMILY_OUT,ZnO,ZnO_01,10.3390/electronics7120445,ZnO,8,6,4,False
ZnO_01,10.3390/electronics7120445,ZnO,1000.0,3.0,1,2,DISCRETE_BINARY,REPORTED,normalized_from_ratio,BINARY_BIT_SLICED_DIFFERENTIAL,BIT_SLICED_BINARY_MAPPING,32,5,31,4,8,10,813056,832,1024,851968,96.14,0.0900000000000034,96.12454445238095,0.009327786210183242,96.11521666617077,-0.01545554761905521,0.01545554761905521,True,LEAVE_ONE_FAMILY_OUT,ZnO,ZnO_01,10.3390/electronics7120445,ZnO,8,6,4,False
ZnO_01,10.3390/electronics7120445,ZnO,1000.0,3.0,1,2,DISCRETE_BINARY,REPORTED,normalized_from_ratio,BINARY_BIT_SLICED_DIFFERENTIAL,BIT_SLICED_BINARY_MAPPING,256,5,31,4,8,10,813056,40,1024,40960,96.14,0.0900000000000034,96.1417332063492,0.01563330593229557,96.1260999004169,0.0017332063492006,0.0017332063492006,True,LEAVE_ONE_FAMILY_OUT,ZnO,ZnO_01,10.3390/electronics7120445,ZnO,8,6,4,False
ZnO_01,10.3390/electronics7120445,ZnO,1000.0,3.0,1,2,DISCRETE_BINARY,REPORTED,normalized_from_ratio,BINARY_BIT_SLICED_DIFFERENTIAL,BIT_SLICED_BINARY_MAPPING,16,5,31,4,8,7,813056,3200,128,409600,96.14,0.0900000000000034,96.17982674242425,0.030724361712707877,96.14910238071154,0.039826742424253325,0.039826742424253325,True,LEAVE_ONE_FAMILY_OUT,ZnO,ZnO_01,10.3390/electronics7120445,ZnO,8,6,4,False
ZnO_01,10.3390/electronics7120445,ZnO,1000.0,3.0,1,2,DISCRETE_BINARY,REPORTED,normalized_from_ratio,BINARY_BIT_SLICED_DIFFERENTIAL,BIT_SLICED_BINARY_MAPPING,32,7,127,6,12,4,1219584,1248,16,19968,96.14,0.0900000000000034,94.33980511904761,0.1746636931489255,94.16514142589868,-1.8001948809523896,1.8001948809523896,True,LEAVE_ONE_FAMILY_OUT,ZnO,ZnO_01,10.3390/electronics7120445,ZnO,8,6,4,False
ZnO_01,10.3390/electronics7120445,ZnO,1000.0,3.0,1,2,DISCRETE_BINARY,REPORTED,normalized_from_ratio,BINARY_BIT_SLICED_DIFFERENTIAL,BIT_SLICED_BINARY_MAPPING,256,5,31,4,8,9,813056,40,512,20480,96.13,0.1000000000000085,96.15711834848486,0.024877891710016965,96.13224045677484,0.027118348484862054,0.027118348484862054,True,LEAVE_ONE_FAMILY_OUT,ZnO,ZnO_01,10.3390/electronics7120445,ZnO,8,6,4,False
ZnO_01,10.3390/electronics7120445,ZnO,1000.0,3.0,1,2,DISCRETE_BINARY,REPORTED,normalized_from_ratio,BINARY_BIT_SLICED_DIFFERENTIAL,BIT_SLICED_BINARY_MAPPING,32,5,31,4,8,9,813056,832,512,425984,96.13,0.1000000000000085,96.14947091991344,0.017970991693570568,96.13149992821987,0.019470919913445073,0.019470919913445073,True,LEAVE_ONE_FAMILY_OUT,ZnO,ZnO_01,10.3390/electronics7120445,ZnO,8,6,4,False
ZnO_01,10.3390/electronics7120445,ZnO,1000.0,3.0,1,2,DISCRETE_BINARY,REPORTED,normalized_from_ratio,BINARY_BIT_SLICED_DIFFERENTIAL,BIT_SLICED_BINARY_MAPPING,64,5,31,4,8,9,813056,224,512,114688,96.13,0.1000000000000085,96.15404982467534,0.016722647169524634,96.13732717750581,0.024049824675344667,0.024049824675344667,True,LEAVE_ONE_FAMILY_OUT,ZnO,ZnO_01,10.3390/electronics7120445,ZnO,8,6,4,False
ZnO_01,10.3390/electronics7120445,ZnO,1000.0,3.0,1,2,DISCRETE_BINARY,REPORTED,normalized_from_ratio,BINARY_BIT_SLICED_DIFFERENTIAL,BIT_SLICED_BINARY_MAPPING,64,5,31,4,8,10,813056,224,1024,229376,96.13,0.1000000000000085,96.13826321428571,0.014965015249236826,96.12329819903648,0.0082632142857193,0.0082632142857193,True,LEAVE_ONE_FAMILY_OUT,ZnO,ZnO_01,10.3390/electronics7120445,ZnO,8,6,4,False
ZnO_01,10.3390/electronics7120445,ZnO,1000.0,3.0,1,2,DISCRETE_BINARY,REPORTED,normalized_from_ratio,BINARY_BIT_SLICED_DIFFERENTIAL,BIT_SLICED_BINARY_MAPPING,128,5,31,4,8,7,813056,64,128,8192,96.12,0.1099999999999994,96.141391484127,0.0800334133364356,96.06135807079056,0.021391484126993987,0.021391484126993987,True,LEAVE_ONE_FAMILY_OUT,ZnO,ZnO_01,10.3390/electronics7120445,ZnO,8,6,4,False
ZnO_01,10.3390/electronics7120445,ZnO,1000.0,3.0,1,2,DISCRETE_BINARY,REPORTED,normalized_from_ratio,BINARY_BIT_SLICED_DIFFERENTIAL,BIT_SLICED_BINARY_MAPPING,128,5,31,4,8,9,813056,64,512,32768,96.12,0.1099999999999994,96.16042530086581,0.020004106685438876,96.14042119418038,0.04042530086580598,0.04042530086580598,True,LEAVE_ONE_FAMILY_OUT,ZnO,ZnO_01,10.3390/electronics7120445,ZnO,8,6,4,False
ZnO_01,10.3390/electronics7120445,ZnO,1000.0,3.0,1,2,DISCRETE_BINARY,REPORTED,normalized_from_ratio,BINARY_BIT_SLICED_DIFFERENTIAL,BIT_SLICED_BINARY_MAPPING,16,6,63,5,10,4,1016320,4000,16,64000,96.12,0.1099999999999994,95.27107064285714,0.2004988759440514,95.07057176691309,-0.8489293571428647,0.8489293571428647,True,LEAVE_ONE_FAMILY_OUT,ZnO,ZnO_01,10.3390/electronics7120445,ZnO,8,6,4,False
ZnO_01,10.3390/electronics7120445,ZnO,1000.0,3.0,1,2,DISCRETE_BINARY,REPORTED,normalized_from_ratio,BINARY_BIT_SLICED_DIFFERENTIAL,BIT_SLICED_BINARY_MAPPING,128,5,31,4,8,10,813056,64,1024,65536,96.11,0.1200000000000045,96.1404936904762,0.017500324443668152,96.12299336603253,0.03049369047620587,0.03049369047620587,True,LEAVE_ONE_FAMILY_OUT,ZnO,ZnO_01,10.3390/electronics7120445,ZnO,8,6,4,False
ZnO_01,10.3390/electronics7120445,ZnO,1000.0,3.0,1,2,DISCRETE_BINARY,REPORTED,normalized_from_ratio,BINARY_BIT_SLICED_DIFFERENTIAL,BIT_SLICED_BINARY_MAPPING,16,5,31,4,8,9,813056,3200,512,1638400,96.11,0.1200000000000045,96.15045870562771,0.017530739102134266,96.13292796652559,0.0404587056277137,0.0404587056277137,True,LEAVE_ONE_FAMILY_OUT,ZnO,ZnO_01,10.3390/electronics7120445,ZnO,8,6,4,False
ZnO_01,10.3390/electronics7120445,ZnO,1000.0,3.0,1,2,DISCRETE_BINARY,REPORTED,normalized_from_ratio,BINARY_BIT_SLICED_DIFFERENTIAL,BIT_SLICED_BINARY_MAPPING,16,5,31,4,8,8,813056,3200,256,819200,96.11,0.1200000000000045,96.1380785952381,0.021961036575847998,96.11611755866225,0.028078595238099524,0.028078595238099524,True,LEAVE_ONE_FAMILY_OUT,ZnO,ZnO_01,10.3390/electronics7120445,ZnO,8,6,4,False
ZnO_01,10.3390/electronics7120445,ZnO,1000.0,3.0,1,2,DISCRETE_BINARY,REPORTED,normalized_from_ratio,BINARY_BIT_SLICED_DIFFERENTIAL,BIT_SLICED_BINARY_MAPPING,128,5,31,4,8,6,813056,64,64,4096,96.11,0.1200000000000045,95.7434472857143,0.09715561725401943,95.64629166846028,-0.366552714285703,0.366552714285703,True,LEAVE_ONE_FAMILY_OUT,ZnO,ZnO_01,10.3390/electronics7120445,ZnO,8,6,4,False
ZnO_01,10.3390/electronics7120445,ZnO,1000.0,3.0,1,2,DISCRETE_BINARY,REPORTED,normalized_from_ratio,BINARY_BIT_SLICED_DIFFERENTIAL,BIT_SLICED_BINARY_MAPPING,16,4,15,3,6,6,609792,2400,64,153600,96.1,0.1300000000000096,96.0315153095238,0.0184445781250096,96.01307073139878,-0.06848469047619687,0.06848469047619687,True,LEAVE_ONE_FAMILY_OUT,ZnO,ZnO_01,10.3390/electronics7120445,ZnO,8,6,4,False
ZnO_01,10.3390/electronics7120445,ZnO,1000.0,3.0,1,2,DISCRETE_BINARY,REPORTED,normalized_from_ratio,BINARY_BIT_SLICED_DIFFERENTIAL,BIT_SLICED_BINARY_MAPPING,64,5,31,4,8,8,813056,224,256,57344,96.1,0.1300000000000096,96.18681838888891,0.040227675694874225,96.14659071319403,0.08681838888891491,0.08681838888891491,True,LEAVE_ONE_FAMILY_OUT,ZnO,ZnO_01,10.3390/electronics7120445,ZnO,8,6,4,False
ZnO_01,10.3390/electronics7120445,ZnO,1000.0,3.0,1,2,DISCRETE_BINARY,REPORTED,normalized_from_ratio,BINARY_BIT_SLICED_DIFFERENTIAL,BIT_SLICED_BINARY_MAPPING,64,4,15,3,6,7,609792,168,128,21504,96.1,0.1300000000000096,96.0228056984127,0.06473380465695398,95.95807189375574,-0.07719430158729779,0.07719430158729779,True,LEAVE_ONE_FAMILY_OUT,ZnO,ZnO_01,10.3390/electronics7120445,ZnO,8,6,4,False
ZnO_01,10.3390/electronics7120445,ZnO,1000.0,3.0,1,2,DISCRETE_BINARY,REPORTED,normalized_from_ratio,BINARY_BIT_SLICED_DIFFERENTIAL,BIT_SLICED_BINARY_MAPPING,16,4,15,3,6,7,609792,2400,128,307200,96.09,0.1400000000000005,96.10072173809522,0.02693946909712284,96.07378226899809,0.010721738095213595,0.010721738095213595,True,LEAVE_ONE_FAMILY_OUT,ZnO,ZnO_01,10.3390/electronics7120445,ZnO,8,6,4,False
ZnO_01,10.3390/electronics7120445,ZnO,1000.0,3.0,1,2,DISCRETE_BINARY,REPORTED,normalized_from_ratio,BINARY_BIT_SLICED_DIFFERENTIAL,BIT_SLICED_BINARY_MAPPING,64,4,15,3,6,5,609792,168,32,5376,96.09,0.1400000000000005,95.42542568253968,0.039077323594126204,95.38634835894555,-0.6645743174603211,0.6645743174603211,True,LEAVE_ONE_FAMILY_OUT,ZnO,ZnO_01,10.3390/electronics7120445,ZnO,8,6,4,False
ZnO_01,10.3390/electronics7120445,ZnO,1000.0,3.0,1,2,DISCRETE_BINARY,REPORTED,normalized_from_ratio,BINARY_BIT_SLICED_DIFFERENTIAL,BIT_SLICED_BINARY_MAPPING,256,8,255,7,14,5,1422848,70,32,2240,96.09,0.1400000000000005,94.05265338095238,0.14408914714820414,93.90856423380417,-2.037346619047625,2.037346619047625,True,LEAVE_ONE_FAMILY_OUT,ZnO,ZnO_01,10.3390/electronics7120445,ZnO,8,6,4,False
ZnO_01,10.3390/electronics7120445,ZnO,1000.0,3.0,1,2,DISCRETE_BINARY,REPORTED,normalized_from_ratio,BINARY_BIT_SLICED_DIFFERENTIAL,BIT_SLICED_BINARY_MAPPING,128,4,15,3,6,6,609792,48,64,3072,96.08,0.1500000000000056,95.75246564285713,0.03161246936147571,95.72085317349566,-0.3275343571428664,0.3275343571428664,True,LEAVE_ONE_FAMILY_OUT,ZnO,ZnO_01,10.3390/electronics7120445,ZnO,8,6,4,False
ZnO_01,10.3390/electronics7120445,ZnO,1000.0,3.0,1,2,DISCRETE_BINARY,REPORTED,normalized_from_ratio,BINARY_BIT_SLICED_DIFFERENTIAL,BIT_SLICED_BINARY_MAPPING,64,4,15,3,6,6,609792,168,64,10752,96.08,0.1500000000000056,95.93699114285715,0.05305030067913418,95.88394084217802,-0.1430088571428456,0.1430088571428456,True,LEAVE_ONE_FAMILY_OUT,ZnO,ZnO_01,10.3390/electronics7120445,ZnO,8,6,4,False
ZnO_01,10.3390/electronics7120445,ZnO,1000.0,3.0,1,2,DISCRETE_BINARY,REPORTED,normalized_from_ratio,BINARY_BIT_SLICED_DIFFERENTIAL,BIT_SLICED_BINARY_MAPPING,256,4,15,3,6,10,609792,30,1024,30720,96.07,0.1600000000000108,96.07158615079365,0.025518040066982692,96.04606811072667,0.0015861507936563157,0.0015861507936563157,True,LEAVE_ONE_FAMILY_OUT,ZnO,ZnO_01,10.3390/electronics7120445,ZnO,8,6,4,False
ZnO_01,10.3390/electronics7120445,ZnO,1000.0,3.0,1,2,DISCRETE_BINARY,REPORTED,normalized_from_ratio,BINARY_BIT_SLICED_DIFFERENTIAL,BIT_SLICED_BINARY_MAPPING,16,4,15,3,6,9,609792,2400,512,1228800,96.07,0.1600000000000108,96.0870262063492,0.02064087242942985,96.06638533391977,0.01702620634920038,0.01702620634920038,True,LEAVE_ONE_FAMILY_OUT,ZnO,ZnO_01,10.3390/electronics7120445,ZnO,8,6,4,False
ZnO_01,10.3390/electronics7120445,ZnO,1000.0,3.0,1,2,DISCRETE_BINARY,REPORTED,normalized_from_ratio,BINARY_BIT_SLICED_DIFFERENTIAL,BIT_SLICED_BINARY_MAPPING,16,4,15,3,6,8,609792,2400,256,614400,96.07,0.1600000000000108,96.07579209523809,0.03326663114460484,96.04252546409349,0.005792095238092543,0.005792095238092543,True,LEAVE_ONE_FAMILY_OUT,ZnO,ZnO_01,10.3390/electronics7120445,ZnO,8,6,4,False
ZnO_01,10.3390/electronics7120445,ZnO,1000.0,3.0,1,2,DISCRETE_BINARY,REPORTED,normalized_from_ratio,BINARY_BIT_SLICED_DIFFERENTIAL,BIT_SLICED_BINARY_MAPPING,64,5,31,4,8,5,813056,224,32,7168,96.07,0.1600000000000108,95.49373838888889,0.04803229860636406,95.44570609028253,-0.5762616111111072,0.5762616111111072,True,LEAVE_ONE_FAMILY_OUT,ZnO,ZnO_01,10.3390/electronics7120445,ZnO,8,6,4,False
ZnO_01,10.3390/electronics7120445,ZnO,1000.0,3.0,1,2,DISCRETE_BINARY,REPORTED,normalized_from_ratio,BINARY_BIT_SLICED_DIFFERENTIAL,BIT_SLICED_BINARY_MAPPING,32,4,15,3,6,6,609792,624,64,39936,96.07,0.1600000000000108,95.95936885714286,0.030703596273177716,95.92866526086968,-0.11063114285713027,0.11063114285713027,True,LEAVE_ONE_FAMILY_OUT,ZnO,ZnO_01,10.3390/electronics7120445,ZnO,8,6,4,False
ZnO_01,10.3390/electronics7120445,ZnO,1000.0,3.0,1,2,DISCRETE_BINARY,REPORTED,normalized_from_ratio,BINARY_BIT_SLICED_DIFFERENTIAL,BIT_SLICED_BINARY_MAPPING,32,4,15,3,6,8,609792,624,256,159744,96.07,0.1600000000000108,96.07253741269841,0.031077847535947948,96.04145956516246,0.0025374126984161194,0.0025374126984161194,True,LEAVE_ONE_FAMILY_OUT,ZnO,ZnO_01,10.3390/electronics7120445,ZnO,8,6,4,False
ZnO_01,10.3390/electronics7120445,ZnO,1000.0,3.0,1,2,DISCRETE_BINARY,REPORTED,normalized_from_ratio,BINARY_BIT_SLICED_DIFFERENTIAL,BIT_SLICED_BINARY_MAPPING,128,4,15,3,6,8,609792,48,256,12288,96.06,0.1700000000000017,96.03435287301588,0.026022995086692112,96.00832987792919,-0.025647126984125634,0.025647126984125634,True,LEAVE_ONE_FAMILY_OUT,ZnO,ZnO_01,10.3390/electronics7120445,ZnO,8,6,4,False
ZnO_01,10.3390/electronics7120445,ZnO,1000.0,3.0,1,2,DISCRETE_BINARY,REPORTED,normalized_from_ratio,BINARY_BIT_SLICED_DIFFERENTIAL,BIT_SLICED_BINARY_MAPPING,128,4,15,3,6,10,609792,48,1024,49152,96.06,0.1700000000000017,96.07380775396824,0.029945150560809014,96.04386260340743,0.01380775396823708,0.01380775396823708,True,LEAVE_ONE_FAMILY_OUT,ZnO,ZnO_01,10.3390/electronics7120445,ZnO,8,6,4,False
ZnO_01,10.3390/electronics7120445,ZnO,1000.0,3.0,1,2,DISCRETE_BINARY,REPORTED,normalized_from_ratio,BINARY_BIT_SLICED_DIFFERENTIAL,BIT_SLICED_BINARY_MAPPING,128,8,255,7,14,5,1422848,112,32,3584,96.06,0.1700000000000017,94.33659335714285,0.26643754856129565,94.07015580858155,-1.7234066428571566,1.7234066428571566,True,LEAVE_ONE_FAMILY_OUT,ZnO,ZnO_01,10.3390/electronics7120445,ZnO,8,6,4,False
ZnO_01,10.3390/electronics7120445,ZnO,1000.0,3.0,1,2,DISCRETE_BINARY,REPORTED,normalized_from_ratio,BINARY_BIT_SLICED_DIFFERENTIAL,BIT_SLICED_BINARY_MAPPING,32,4,15,3,6,10,609792,624,1024,638976,96.06,0.1700000000000017,96.07372896031744,0.02170295109347525,96.05202600922397,0.013728960317436645,0.013728960317436645,True,LEAVE_ONE_FAMILY_OUT,ZnO,ZnO_01,10.3390/electronics7120445,ZnO,8,6,4,False
ZnO_01,10.3390/electronics7120445,ZnO,1000.0,3.0,1,2,DISCRETE_BINARY,REPORTED,normalized_from_ratio,BINARY_BIT_SLICED_DIFFERENTIAL,BIT_SLICED_BINARY_MAPPING,32,4,15,3,6,5,609792,624,32,19968,96.06,0.1700000000000017,95.75078150793651,0.04831050148985878,95.70247100644664,-0.3092184920634935,0.3092184920634935,True,LEAVE_ONE_FAMILY_OUT,ZnO,ZnO_01,10.3390/electronics7120445,ZnO,8,6,4,False
ZnO_01,10.3390/electronics7120445,ZnO,1000.0,3.0,1,2,DISCRETE_BINARY,REPORTED,normalized_from_ratio,BINARY_BIT_SLICED_DIFFERENTIAL,BIT_SLICED_BINARY_MAPPING,16,4,15,3,6,10,609792,2400,1024,2457600,96.06,0.1700000000000017,96.07863462698413,0.018271212786965984,96.06036341419716,0.01863462698412377,0.01863462698412377,True,LEAVE_ONE_FAMILY_OUT,ZnO,ZnO_01,10.3390/electronics7120445,ZnO,8,6,4,False
ZnO_01,10.3390/electronics7120445,ZnO,1000.0,3.0,1,2,DISCRETE_BINARY,REPORTED,normalized_from_ratio,BINARY_BIT_SLICED_DIFFERENTIAL,BIT_SLICED_BINARY_MAPPING,16,5,31,4,8,4,813056,3200,16,51200,96.06,0.1700000000000017,95.2437968095238,0.1963339416271291,95.04746286789667,-0.8162031904762017,0.8162031904762017,True,LEAVE_ONE_FAMILY_OUT,ZnO,ZnO_01,10.3390/electronics7120445,ZnO,8,6,4,False
ZnO_01,10.3390/electronics7120445,ZnO,1000.0,3.0,1,2,DISCRETE_BINARY,REPORTED,normalized_from_ratio,BINARY_BIT_SLICED_DIFFERENTIAL,BIT_SLICED_BINARY_MAPPING,64,4,15,3,6,10,609792,168,1024,172032,96.06,0.1700000000000017,96.0830336984127,0.02706106806125658,96.05597263035145,0.02303369841270353,0.02303369841270353,True,LEAVE_ONE_FAMILY_OUT,ZnO,ZnO_01,10.3390/electronics7120445,ZnO,8,6,4,False
ZnO_01,10.3390/electronics7120445,ZnO,1000.0,3.0,1,2,DISCRETE_BINARY,REPORTED,normalized_from_ratio,BINARY_BIT_SLICED_DIFFERENTIAL,BIT_SLICED_BINARY_MAPPING,32,4,15,3,6,7,609792,624,128,79872,96.05,0.1800000000000068,96.10989040476191,0.026741559761172408,96.08314884500074,0.05989040476191576,0.05989040476191576,True,LEAVE_ONE_FAMILY_OUT,ZnO,ZnO_01,10.3390/electronics7120445,ZnO,8,6,4,False
ZnO_01,10.3390/electronics7120445,ZnO,1000.0,3.0,1,2,DISCRETE_BINARY,REPORTED,normalized_from_ratio,BINARY_BIT_SLICED_DIFFERENTIAL,BIT_SLICED_BINARY_MAPPING,128,6,63,5,10,5,1016320,80,32,2560,96.05,0.1800000000000068,94.34638994444444,0.2718954283908978,94.07449451605355,-1.7036100555555578,1.7036100555555578,True,LEAVE_ONE_FAMILY_OUT,ZnO,ZnO_01,10.3390/electronics7120445,ZnO,8,6,4,False
ZnO_01,10.3390/electronics7120445,ZnO,1000.0,3.0,1,2,DISCRETE_BINARY,REPORTED,normalized_from_ratio,BINARY_BIT_SLICED_DIFFERENTIAL,BIT_SLICED_BINARY_MAPPING,256,4,15,3,6,8,609792,30,256,7680,96.05,0.1800000000000068,96.0368374126984,0.03076102122692868,96.00607639147148,-0.013162587301593476,0.013162587301593476,True,LEAVE_ONE_FAMILY_OUT,ZnO,ZnO_01,10.3390/electronics7120445,ZnO,8,6,4,False
ZnO_01,10.3390/electronics7120445,ZnO,1000.0,3.0,1,2,DISCRETE_BINARY,REPORTED,normalized_from_ratio,BINARY_BIT_SLICED_DIFFERENTIAL,BIT_SLICED_BINARY_MAPPING,256,4,15,3,6,9,609792,30,512,15360,96.05,0.1800000000000068,96.05874492063491,0.023610301340321965,96.03513461929458,0.008744920634910613,0.008744920634910613,True,LEAVE_ONE_FAMILY_OUT,ZnO,ZnO_01,10.3390/electronics7120445,ZnO,8,6,4,False
ZnO_01,10.3390/electronics7120445,ZnO,1000.0,3.0,1,2,DISCRETE_BINARY,REPORTED,normalized_from_ratio,BINARY_BIT_SLICED_DIFFERENTIAL,BIT_SLICED_BINARY_MAPPING,64,4,15,3,6,8,609792,168,256,43008,96.04,0.1899999999999977,96.0622639126984,0.03062367473212695,96.03164023796627,0.02226391269839212,0.02226391269839212,True,LEAVE_ONE_FAMILY_OUT,ZnO,ZnO_01,10.3390/electronics7120445,ZnO,8,6,4,False
ZnO_01,10.3390/electronics7120445,ZnO,1000.0,3.0,1,2,DISCRETE_BINARY,REPORTED,normalized_from_ratio,BINARY_BIT_SLICED_DIFFERENTIAL,BIT_SLICED_BINARY_MAPPING,128,4,15,3,6,9,609792,48,512,24576,96.04,0.1899999999999977,96.0582911031746,0.026594896333249095,96.03169620684135,0.018291103174590262,0.018291103174590262,True,LEAVE_ONE_FAMILY_OUT,ZnO,ZnO_01,10.3390/electronics7120445,ZnO,8,6,4,False
ZnO_01,10.3390/electronics7120445,ZnO,1000.0,3.0,1,2,DISCRETE_BINARY,REPORTED,normalized_from_ratio,BINARY_BIT_SLICED_DIFFERENTIAL,BIT_SLICED_BINARY_MAPPING,64,7,127,6,12,4,1219584,336,16,5376,96.04,0.1899999999999977,91.10089583333334,0.7076994647080561,90.39319636862528,-4.939104166666667,4.939104166666667,True,LEAVE_ONE_FAMILY_OUT,ZnO,ZnO_01,10.3390/electronics7120445,ZnO,8,6,4,False
ZnO_01,10.3390/electronics7120445,ZnO,1000.0,3.0,1,2,DISCRETE_BINARY,REPORTED,normalized_from_ratio,BINARY_BIT_SLICED_DIFFERENTIAL,BIT_SLICED_BINARY_MAPPING,256,4,15,3,6,7,609792,30,128,3840,96.04,0.1899999999999977,96.0220353109668,0.028418705957521988,95.99361660500928,-0.017964689033206582,0.017964689033206582,True,LEAVE_ONE_FAMILY_OUT,ZnO,ZnO_01,10.3390/electronics7120445,ZnO,8,6,4,False
ZnO_01,10.3390/electronics7120445,ZnO,1000.0,3.0,1,2,DISCRETE_BINARY,REPORTED,normalized_from_ratio,BINARY_BIT_SLICED_DIFFERENTIAL,BIT_SLICED_BINARY_MAPPING,256,6,63,5,10,5,1016320,50,32,1600,96.04,0.1899999999999977,94.03165516666667,0.16578739617172883,93.86586777049494,-2.0083448333333394,2.0083448333333394,True,LEAVE_ONE_FAMILY_OUT,ZnO,ZnO_01,10.3390/electronics7120445,ZnO,8,6,4,False
ZnO_01,10.3390/electronics7120445,ZnO,1000.0,3.0,1,2,DISCRETE_BINARY,REPORTED,normalized_from_ratio,BINARY_BIT_SLICED_DIFFERENTIAL,BIT_SLICED_BINARY_MAPPING,256,4,15,3,6,6,609792,30,64,1920,96.04,0.1899999999999977,95.78789398412698,0.02879680980821047,95.75909717431877,-0.25210601587302506,0.25210601587302506,True,LEAVE_ONE_FAMILY_OUT,ZnO,ZnO_01,10.3390/electronics7120445,ZnO,8,6,4,False
ZnO_01,10.3390/electronics7120445,ZnO,1000.0,3.0,1,2,DISCRETE_BINARY,REPORTED,normalized_from_ratio,BINARY_BIT_SLICED_DIFFERENTIAL,BIT_SLICED_BINARY_MAPPING,32,4,15,3,6,9,609792,624,512,319488,96.04,0.1899999999999977,96.08178753968252,0.022005536879377625,96.05978200280315,0.041787539682516694,0.041787539682516694,True,LEAVE_ONE_FAMILY_OUT,ZnO,ZnO_01,10.3390/electronics7120445,ZnO,8,6,4,False
ZnO_01,10.3390/electronics7120445,ZnO,1000.0,3.0,1,2,DISCRETE_BINARY,REPORTED,normalized_from_ratio,BINARY_BIT_SLICED_DIFFERENTIAL,BIT_SLICED_BINARY_MAPPING,64,4,15,3,6,9,609792,168,512,86016,96.03,0.2000000000000028,96.10552692063492,0.04400135762355133,96.06152556301136,0.07552692063491406,0.07552692063491406,True,LEAVE_ONE_FAMILY_OUT,ZnO,ZnO_01,10.3390/electronics7120445,ZnO,8,6,4,False
ZnO_01,10.3390/electronics7120445,ZnO,1000.0,3.0,1,2,DISCRETE_BINARY,REPORTED,normalized_from_ratio,BINARY_BIT_SLICED_DIFFERENTIAL,BIT_SLICED_BINARY_MAPPING,128,4,15,3,6,7,609792,48,128,6144,96.03,0.2000000000000028,96.00908503318904,0.049610692648827975,95.95947434054021,-0.020914966810963165,0.020914966810963165,True,LEAVE_ONE_FAMILY_OUT,ZnO,ZnO_01,10.3390/electronics7120445,ZnO,8,6,4,False
ZnO_01,10.3390/electronics7120445,ZnO,1000.0,3.0,1,2,DISCRETE_BINARY,REPORTED,normalized_from_ratio,BINARY_BIT_SLICED_DIFFERENTIAL,BIT_SLICED_BINARY_MAPPING,32,5,31,4,8,4,813056,832,16,13312,95.99,0.2400000000000091,94.26919199999999,0.2771387172630454,93.99205328273695,-1.7208080000000052,1.7208080000000052,True,LEAVE_ONE_FAMILY_OUT,ZnO,ZnO_01,10.3390/electronics7120445,ZnO,8,6,4,False
ZnO_01,10.3390/electronics7120445,ZnO,1000.0,3.0,1,2,DISCRETE_BINARY,REPORTED,normalized_from_ratio,BINARY_BIT_SLICED_DIFFERENTIAL,BIT_SLICED_BINARY_MAPPING,32,4,15,3,6,4,609792,624,16,9984,95.97,0.2600000000000051,94.27883849999999,0.2763168798997529,94.00252162010024,-1.6911615000000069,1.6911615000000069,True,LEAVE_ONE_FAMILY_OUT,ZnO,ZnO_01,10.3390/electronics7120445,ZnO,8,6,4,False
ZnO_01,10.3390/electronics7120445,ZnO,1000.0,3.0,1,2,DISCRETE_BINARY,REPORTED,normalized_from_ratio,BINARY_BIT_SLICED_DIFFERENTIAL,BIT_SLICED_BINARY_MAPPING,16,4,15,3,6,5,609792,2400,32,76800,95.96,0.2700000000000102,95.88126611904762,0.03691454685572504,95.8443515721919,-0.07873388095237033,0.07873388095237033,True,LEAVE_ONE_FAMILY_OUT,ZnO,ZnO_01,10.3390/electronics7120445,ZnO,8,6,4,False
ZnO_01,10.3390/electronics7120445,ZnO,1000.0,3.0,1,2,DISCRETE_BINARY,REPORTED,normalized_from_ratio,BINARY_BIT_SLICED_DIFFERENTIAL,BIT_SLICED_BINARY_MAPPING,64,8,255,7,14,4,1422848,392,16,6272,95.95,0.2800000000000011,91.10357773809525,0.7047760606627872,90.39880167743247,-4.846422261904749,4.846422261904749,True,LEAVE_ONE_FAMILY_OUT,ZnO,ZnO_01,10.3390/electronics7120445,ZnO,8,6,4,False
ZnO_01,10.3390/electronics7120445,ZnO,1000.0,3.0,1,2,DISCRETE_BINARY,REPORTED,normalized_from_ratio,BINARY_BIT_SLICED_DIFFERENTIAL,BIT_SLICED_BINARY_MAPPING,16,4,15,3,6,4,609792,2400,16,38400,95.95,0.2800000000000011,95.1688572063492,0.22866085471813408,94.94019635163107,-0.7811427936508011,0.7811427936508011,True,LEAVE_ONE_FAMILY_OUT,ZnO,ZnO_01,10.3390/electronics7120445,ZnO,8,6,4,False
ZnO_01,10.3390/electronics7120445,ZnO,1000.0,3.0,1,2,DISCRETE_BINARY,REPORTED,normalized_from_ratio,BINARY_BIT_SLICED_DIFFERENTIAL,BIT_SLICED_BINARY_MAPPING,256,7,127,6,12,5,1219584,60,32,1920,95.94,0.2900000000000062,94.05121904761904,0.14674719480071377,93.90447185281833,-1.8887809523809551,1.8887809523809551,True,LEAVE_ONE_FAMILY_OUT,ZnO,ZnO_01,10.3390/electronics7120445,ZnO,8,6,4,False
ZnO_01,10.3390/electronics7120445,ZnO,1000.0,3.0,1,2,DISCRETE_BINARY,REPORTED,normalized_from_ratio,BINARY_BIT_SLICED_DIFFERENTIAL,BIT_SLICED_BINARY_MAPPING,64,6,63,5,10,4,1016320,280,16,4480,95.93,0.2999999999999971,91.0973494047619,0.7024975304431602,90.39485187431875,-4.832650595238107,4.832650595238107,True,LEAVE_ONE_FAMILY_OUT,ZnO,ZnO_01,10.3390/electronics7120445,ZnO,8,6,4,False
ZnO_01,10.3390/electronics7120445,ZnO,1000.0,3.0,1,2,DISCRETE_BINARY,REPORTED,normalized_from_ratio,BINARY_BIT_SLICED_DIFFERENTIAL,BIT_SLICED_BINARY_MAPPING,128,5,31,4,8,5,813056,64,32,2048,95.91,0.3200000000000074,94.19159794444444,0.2896895115597649,93.90190843288467,-1.7184020555555577,1.7184020555555577,True,LEAVE_ONE_FAMILY_OUT,ZnO,ZnO_01,10.3390/electronics7120445,ZnO,8,6,4,False
ZnO_01,10.3390/electronics7120445,ZnO,1000.0,3.0,1,2,DISCRETE_BINARY,REPORTED,normalized_from_ratio,BINARY_BIT_SLICED_DIFFERENTIAL,BIT_SLICED_BINARY_MAPPING,128,7,127,6,12,5,1219584,96,32,3072,95.9,0.3299999999999983,94.3348846904762,0.2646455634937551,94.07023912698244,-1.5651153095238044,1.5651153095238044,True,LEAVE_ONE_FAMILY_OUT,ZnO,ZnO_01,10.3390/electronics7120445,ZnO,8,6,4,False
ZnO_01,10.3390/electronics7120445,ZnO,1000.0,3.0,1,2,DISCRETE_BINARY,REPORTED,normalized_from_ratio,BINARY_BIT_SLICED_DIFFERENTIAL,BIT_SLICED_BINARY_MAPPING,256,4,15,3,6,5,609792,30,32,960,95.89,0.3400000000000034,93.7993871984127,0.11420832776087173,93.68517887065182,-2.090612801587298,2.090612801587298,True,LEAVE_ONE_FAMILY_OUT,ZnO,ZnO_01,10.3390/electronics7120445,ZnO,8,6,4,False
ZnO_01,10.3390/electronics7120445,ZnO,1000.0,3.0,1,2,DISCRETE_BINARY,REPORTED,normalized_from_ratio,BINARY_BIT_SLICED_DIFFERENTIAL,BIT_SLICED_BINARY_MAPPING,256,5,31,4,8,5,813056,40,32,1280,95.87,0.3599999999999994,93.85697307142857,0.1601278744321291,93.69684519699643,-2.013026928571435,2.013026928571435,True,LEAVE_ONE_FAMILY_OUT,ZnO,ZnO_01,10.3390/electronics7120445,ZnO,8,6,4,False
ZnO_01,10.3390/electronics7120445,ZnO,1000.0,3.0,1,2,DISCRETE_BINARY,REPORTED,normalized_from_ratio,BINARY_BIT_SLICED_DIFFERENTIAL,BIT_SLICED_BINARY_MAPPING,128,4,15,3,6,5,609792,48,32,1536,95.86,0.3700000000000045,94.07282482539682,0.26553630431846875,93.80728852107835,-1.7871751746031777,1.7871751746031777,True,LEAVE_ONE_FAMILY_OUT,ZnO,ZnO_01,10.3390/electronics7120445,ZnO,8,6,4,False
ZnO_01,10.3390/electronics7120445,ZnO,1000.0,3.0,1,2,DISCRETE_BINARY,REPORTED,normalized_from_ratio,BINARY_BIT_SLICED_DIFFERENTIAL,BIT_SLICED_BINARY_MAPPING,64,4,15,3,6,4,609792,168,16,2688,95.75,0.480000000000004,91.02897326190475,0.9056874195027275,90.12328584240203,-4.721026738095247,4.721026738095247,False,LEAVE_ONE_FAMILY_OUT,ZnO,ZnO_01,10.3390/electronics7120445,ZnO,8,6,4,False
ZnO_01,10.3390/electronics7120445,ZnO,1000.0,3.0,1,2,DISCRETE_BINARY,REPORTED,normalized_from_ratio,BINARY_BIT_SLICED_DIFFERENTIAL,BIT_SLICED_BINARY_MAPPING,64,5,31,4,8,4,813056,224,16,3584,95.73,0.5,91.06783426190476,0.7321988743444081,90.33563538756036,-4.66216573809524,4.66216573809524,False,LEAVE_ONE_FAMILY_OUT,ZnO,ZnO_01,10.3390/electronics7120445,ZnO,8,6,4,False
ZnO_01,10.3390/electronics7120445,ZnO,1000.0,3.0,1,2,DISCRETE_BINARY,REPORTED,normalized_from_ratio,BINARY_BIT_SLICED_DIFFERENTIAL,BIT_SLICED_BINARY_MAPPING,128,8,255,7,14,4,1422848,112,16,1792,95.32,0.9100000000000108,75.04291446825398,0.7193029167482342,74.32361155150575,-20.27708553174601,20.27708553174601,False,LEAVE_ONE_FAMILY_OUT,ZnO,ZnO_01,10.3390/electronics7120445,ZnO,8,6,4,False
ZnO_01,10.3390/electronics7120445,ZnO,1000.0,3.0,1,2,DISCRETE_BINARY,REPORTED,normalized_from_ratio,BINARY_BIT_SLICED_DIFFERENTIAL,BIT_SLICED_BINARY_MAPPING,128,6,63,5,10,4,1016320,80,16,1280,95.27,0.960000000000008,75.1603062063492,0.8107315023223254,74.34957470402688,-20.10969379365079,20.10969379365079,False,LEAVE_ONE_FAMILY_OUT,ZnO,ZnO_01,10.3390/electronics7120445,ZnO,8,6,4,False
ZnO_01,10.3390/electronics7120445,ZnO,1000.0,3.0,1,2,DISCRETE_BINARY,REPORTED,normalized_from_ratio,BINARY_BIT_SLICED_DIFFERENTIAL,BIT_SLICED_BINARY_MAPPING,256,7,127,6,12,4,1219584,60,16,960,95.27,0.960000000000008,74.84526399206348,0.9370700653646098,73.90819392669887,-20.424736007936517,20.424736007936517,False,LEAVE_ONE_FAMILY_OUT,ZnO,ZnO_01,10.3390/electronics7120445,ZnO,8,6,4,False
ZnO_01,10.3390/electronics7120445,ZnO,1000.0,3.0,1,2,DISCRETE_BINARY,REPORTED,normalized_from_ratio,BINARY_BIT_SLICED_DIFFERENTIAL,BIT_SLICED_BINARY_MAPPING,128,7,127,6,12,4,1219584,96,16,1536,95.24,0.9900000000000092,75.04326446825397,0.719969924978012,74.32329454327595,-20.19673553174603,20.19673553174603,False,LEAVE_ONE_FAMILY_OUT,ZnO,ZnO_01,10.3390/electronics7120445,ZnO,8,6,4,False
ZnO_01,10.3390/electronics7120445,ZnO,1000.0,3.0,1,2,DISCRETE_BINARY,REPORTED,normalized_from_ratio,BINARY_BIT_SLICED_DIFFERENTIAL,BIT_SLICED_BINARY_MAPPING,256,8,255,7,14,4,1422848,70,16,1120,95.19,1.0400000000000065,74.84675437301587,0.9347603113325015,73.91199406168337,-20.343245626984128,20.343245626984128,False,LEAVE_ONE_FAMILY_OUT,ZnO,ZnO_01,10.3390/electronics7120445,ZnO,8,6,4,False
ZnO_01,10.3390/electronics7120445,ZnO,1000.0,3.0,1,2,DISCRETE_BINARY,REPORTED,normalized_from_ratio,BINARY_BIT_SLICED_DIFFERENTIAL,BIT_SLICED_BINARY_MAPPING,256,6,63,5,10,4,1016320,50,16,800,95.15,1.0799999999999983,74.92760701587301,1.0343496242470105,73.893257391626,-20.222392984126998,20.222392984126998,False,LEAVE_ONE_FAMILY_OUT,ZnO,ZnO_01,10.3390/electronics7120445,ZnO,8,6,4,False
ZnO_01,10.3390/electronics7120445,ZnO,1000.0,3.0,1,2,DISCRETE_BINARY,REPORTED,normalized_from_ratio,BINARY_BIT_SLICED_DIFFERENTIAL,BIT_SLICED_BINARY_MAPPING,128,5,31,4,8,4,813056,64,16,1024,95.08,1.1500000000000057,75.0744378888889,1.032546106187062,74.04189178270184,-20.005562111111104,20.005562111111104,False,LEAVE_ONE_FAMILY_OUT,ZnO,ZnO_01,10.3390/electronics7120445,ZnO,8,6,4,False
ZnO_01,10.3390/electronics7120445,ZnO,1000.0,3.0,1,2,DISCRETE_BINARY,REPORTED,normalized_from_ratio,BINARY_BIT_SLICED_DIFFERENTIAL,BIT_SLICED_BINARY_MAPPING,256,5,31,4,8,4,813056,40,16,640,95.07,1.1600000000000108,74.70127269047617,1.1816680287563495,73.51960466171982,-20.36872730952382,20.36872730952382,False,LEAVE_ONE_FAMILY_OUT,ZnO,ZnO_01,10.3390/electronics7120445,ZnO,8,6,4,False
ZnO_01,10.3390/electronics7120445,ZnO,1000.0,3.0,1,2,DISCRETE_BINARY,REPORTED,normalized_from_ratio,BINARY_BIT_SLICED_DIFFERENTIAL,BIT_SLICED_BINARY_MAPPING,128,4,15,3,6,4,609792,48,16,768,94.56,1.6700000000000017,76.25903516666666,1.362428152535138,74.89660701413152,-18.30096483333334,18.30096483333334,False,LEAVE_ONE_FAMILY_OUT,ZnO,ZnO_01,10.3390/electronics7120445,ZnO,8,6,4,False
ZnO_01,10.3390/electronics7120445,ZnO,1000.0,3.0,1,2,DISCRETE_BINARY,REPORTED,normalized_from_ratio,BINARY_BIT_SLICED_DIFFERENTIAL,BIT_SLICED_BINARY_MAPPING,256,4,15,3,6,4,609792,30,16,480,94.44,1.7900000000000065,75.49463957142858,1.6976637157389995,73.79697585568958,-18.94536042857142,18.94536042857142,False,LEAVE_ONE_FAMILY_OUT,ZnO,ZnO_01,10.3390/electronics7120445,ZnO,8,6,4,False
ZnO_01,10.3390/electronics7120445,ZnO,1000.0,3.0,1,2,DISCRETE_BINARY,REPORTED,normalized_from_ratio,BINARY_BIT_SLICED_DIFFERENTIAL,BIT_SLICED_BINARY_MAPPING,128,3,7,2,4,9,406528,32,512,16384,92.26,3.969999999999999,92.21574202380953,0.03058445386211626,92.1851575699474,-0.04425797619047955,0.04425797619047955,False,LEAVE_ONE_FAMILY_OUT,ZnO,ZnO_01,10.3390/electronics7120445,ZnO,8,6,4,False
ZnO_01,10.3390/electronics7120445,ZnO,1000.0,3.0,1,2,DISCRETE_BINARY,REPORTED,normalized_from_ratio,BINARY_BIT_SLICED_DIFFERENTIAL,BIT_SLICED_BINARY_MAPPING,32,3,7,2,4,9,406528,416,512,212992,92.26,3.969999999999999,92.2294397034632,0.020818705697139284,92.20862099776606,-0.030560296536805254,0.030560296536805254,False,LEAVE_ONE_FAMILY_OUT,ZnO,ZnO_01,10.3390/electronics7120445,ZnO,8,6,4,False
ZnO_01,10.3390/electronics7120445,ZnO,1000.0,3.0,1,2,DISCRETE_BINARY,REPORTED,normalized_from_ratio,BINARY_BIT_SLICED_DIFFERENTIAL,BIT_SLICED_BINARY_MAPPING,16,3,7,2,4,5,406528,1600,32,51200,92.25,3.980000000000004,91.61475916666667,0.16566185556471058,91.44909731110197,-0.6352408333333273,0.6352408333333273,False,LEAVE_ONE_FAMILY_OUT,ZnO,ZnO_01,10.3390/electronics7120445,ZnO,8,6,4,False
ZnO_01,10.3390/electronics7120445,ZnO,1000.0,3.0,1,2,DISCRETE_BINARY,REPORTED,normalized_from_ratio,BINARY_BIT_SLICED_DIFFERENTIAL,BIT_SLICED_BINARY_MAPPING,64,3,7,2,4,9,406528,112,512,57344,92.25,3.980000000000004,92.2186251082251,0.02052275811376819,92.19810235011133,-0.03137489177490238,0.03137489177490238,False,LEAVE_ONE_FAMILY_OUT,ZnO,ZnO_01,10.3390/electronics7120445,ZnO,8,6,4,False
ZnO_01,10.3390/electronics7120445,ZnO,1000.0,3.0,1,2,DISCRETE_BINARY,REPORTED,normalized_from_ratio,BINARY_BIT_SLICED_DIFFERENTIAL,BIT_SLICED_BINARY_MAPPING,16,3,7,2,4,10,406528,1600,1024,1638400,92.24,3.990000000000009,92.23908562698414,0.019338235888335865,92.2197473910958,-0.0009143730158598373,0.0009143730158598373,False,LEAVE_ONE_FAMILY_OUT,ZnO,ZnO_01,10.3390/electronics7120445,ZnO,8,6,4,False
ZnO_01,10.3390/electronics7120445,ZnO,1000.0,3.0,1,2,DISCRETE_BINARY,REPORTED,normalized_from_ratio,BINARY_BIT_SLICED_DIFFERENTIAL,BIT_SLICED_BINARY_MAPPING,32,3,7,2,4,7,406528,416,128,53248,92.23,4.0,92.20276177777778,0.03792892791159682,92.16483284986619,-0.027238222222223385,0.027238222222223385,False,LEAVE_ONE_FAMILY_OUT,ZnO,ZnO_01,10.3390/electronics7120445,ZnO,8,6,4,False
ZnO_01,10.3390/electronics7120445,ZnO,1000.0,3.0,1,2,DISCRETE_BINARY,REPORTED,normalized_from_ratio,BINARY_BIT_SLICED_DIFFERENTIAL,BIT_SLICED_BINARY_MAPPING,32,3,7,2,4,10,406528,416,1024,425984,92.23,4.0,92.23837961616162,0.017579929356076728,92.22079968680555,0.008379616161619197,0.008379616161619197,False,LEAVE_ONE_FAMILY_OUT,ZnO,ZnO_01,10.3390/electronics7120445,ZnO,8,6,4,False
ZnO_01,10.3390/electronics7120445,ZnO,1000.0,3.0,1,2,DISCRETE_BINARY,REPORTED,normalized_from_ratio,BINARY_BIT_SLICED_DIFFERENTIAL,BIT_SLICED_BINARY_MAPPING,16,3,7,2,4,9,406528,1600,512,819200,92.23,4.0,92.2304518095238,0.02142599228501222,92.20902581723878,0.0004518095237955322,0.0004518095237955322,False,LEAVE_ONE_FAMILY_OUT,ZnO,ZnO_01,10.3390/electronics7120445,ZnO,8,6,4,False
ZnO_01,10.3390/electronics7120445,ZnO,1000.0,3.0,1,2,DISCRETE_BINARY,REPORTED,normalized_from_ratio,BINARY_BIT_SLICED_DIFFERENTIAL,BIT_SLICED_BINARY_MAPPING,64,3,7,2,4,10,406528,112,1024,114688,92.22,4.010000000000005,92.22061938600288,0.021311489461226754,92.19930789654165,0.0006193860028815834,0.0006193860028815834,False,LEAVE_ONE_FAMILY_OUT,ZnO,ZnO_01,10.3390/electronics7120445,ZnO,8,6,4,False
ZnO_01,10.3390/electronics7120445,ZnO,1000.0,3.0,1,2,DISCRETE_BINARY,REPORTED,normalized_from_ratio,BINARY_BIT_SLICED_DIFFERENTIAL,BIT_SLICED_BINARY_MAPPING,16,3,7,2,4,7,406528,1600,128,204800,92.22,4.010000000000005,92.20386192857143,0.033421262256331935,92.1704406663151,-0.016138071428571266,0.016138071428571266,False,LEAVE_ONE_FAMILY_OUT,ZnO,ZnO_01,10.3390/electronics7120445,ZnO,8,6,4,False
ZnO_01,10.3390/electronics7120445,ZnO,1000.0,3.0,1,2,DISCRETE_BINARY,REPORTED,normalized_from_ratio,BINARY_BIT_SLICED_DIFFERENTIAL,BIT_SLICED_BINARY_MAPPING,256,3,7,2,4,10,406528,20,1024,20480,92.22,4.010000000000005,92.22127790476189,0.019612183937788515,92.2016657208241,0.0012779047618920458,0.0012779047618920458,False,LEAVE_ONE_FAMILY_OUT,ZnO,ZnO_01,10.3390/electronics7120445,ZnO,8,6,4,False
ZnO_01,10.3390/electronics7120445,ZnO,1000.0,3.0,1,2,DISCRETE_BINARY,REPORTED,normalized_from_ratio,BINARY_BIT_SLICED_DIFFERENTIAL,BIT_SLICED_BINARY_MAPPING,128,3,7,2,4,10,406528,32,1024,32768,92.22,4.010000000000005,92.2178937063492,0.018462897605549325,92.19943080874366,-0.0021062936507973973,0.0021062936507973973,False,LEAVE_ONE_FAMILY_OUT,ZnO,ZnO_01,10.3390/electronics7120445,ZnO,8,6,4,False
ZnO_01,10.3390/electronics7120445,ZnO,1000.0,3.0,1,2,DISCRETE_BINARY,REPORTED,normalized_from_ratio,BINARY_BIT_SLICED_DIFFERENTIAL,BIT_SLICED_BINARY_MAPPING,256,3,7,2,4,9,406528,20,512,10240,92.21,4.02000000000001,92.21104883333334,0.02787069390170718,92.18317813943163,0.0010488333333427136,0.0010488333333427136,False,LEAVE_ONE_FAMILY_OUT,ZnO,ZnO_01,10.3390/electronics7120445,ZnO,8,6,4,False
ZnO_01,10.3390/electronics7120445,ZnO,1000.0,3.0,1,2,DISCRETE_BINARY,REPORTED,normalized_from_ratio,BINARY_BIT_SLICED_DIFFERENTIAL,BIT_SLICED_BINARY_MAPPING,16,3,7,2,4,8,406528,1600,256,409600,92.19,4.040000000000006,92.19389213564213,0.032145688233013676,92.16174644740912,0.0038921356421326436,0.0038921356421326436,False,LEAVE_ONE_FAMILY_OUT,ZnO,ZnO_01,10.3390/electronics7120445,ZnO,8,6,4,False
ZnO_01,10.3390/electronics7120445,ZnO,1000.0,3.0,1,2,DISCRETE_BINARY,REPORTED,normalized_from_ratio,BINARY_BIT_SLICED_DIFFERENTIAL,BIT_SLICED_BINARY_MAPPING,64,3,7,2,4,8,406528,112,256,28672,92.19,4.040000000000006,92.19280585786437,0.05209857115023106,92.14070728671415,0.0028058578643737064,0.0028058578643737064,False,LEAVE_ONE_FAMILY_OUT,ZnO,ZnO_01,10.3390/electronics7120445,ZnO,8,6,4,False
ZnO_01,10.3390/electronics7120445,ZnO,1000.0,3.0,1,2,DISCRETE_BINARY,REPORTED,normalized_from_ratio,BINARY_BIT_SLICED_DIFFERENTIAL,BIT_SLICED_BINARY_MAPPING,64,3,7,2,4,7,406528,112,128,14336,92.19,4.040000000000006,92.09615235714286,0.06416683954642567,92.03198551759642,-0.09384764285714198,0.09384764285714198,False,LEAVE_ONE_FAMILY_OUT,ZnO,ZnO_01,10.3390/electronics7120445,ZnO,8,6,4,False
ZnO_01,10.3390/electronics7120445,ZnO,1000.0,3.0,1,2,DISCRETE_BINARY,REPORTED,normalized_from_ratio,BINARY_BIT_SLICED_DIFFERENTIAL,BIT_SLICED_BINARY_MAPPING,32,3,7,2,4,8,406528,416,256,106496,92.19,4.040000000000006,92.1846990880231,0.034504663902389446,92.1501944241207,-0.005300911976902967,0.005300911976902967,False,LEAVE_ONE_FAMILY_OUT,ZnO,ZnO_01,10.3390/electronics7120445,ZnO,8,6,4,False
ZnO_01,10.3390/electronics7120445,ZnO,1000.0,3.0,1,2,DISCRETE_BINARY,REPORTED,normalized_from_ratio,BINARY_BIT_SLICED_DIFFERENTIAL,BIT_SLICED_BINARY_MAPPING,128,3,7,2,4,8,406528,32,256,8192,92.18,4.049999999999997,92.25205196897547,0.05675085872083064,92.19530111025463,0.07205196897545818,0.07205196897545818,False,LEAVE_ONE_FAMILY_OUT,ZnO,ZnO_01,10.3390/electronics7120445,ZnO,8,6,4,False
ZnO_01,10.3390/electronics7120445,ZnO,1000.0,3.0,1,2,DISCRETE_BINARY,REPORTED,normalized_from_ratio,BINARY_BIT_SLICED_DIFFERENTIAL,BIT_SLICED_BINARY_MAPPING,256,3,7,2,4,8,406528,20,256,5120,92.14,4.090000000000003,92.27127948412698,0.048138467816116394,92.22314101631086,0.13127948412697776,0.13127948412697776,False,LEAVE_ONE_FAMILY_OUT,ZnO,ZnO_01,10.3390/electronics7120445,ZnO,8,6,4,False
ZnO_01,10.3390/electronics7120445,ZnO,1000.0,3.0,1,2,DISCRETE_BINARY,REPORTED,normalized_from_ratio,BINARY_BIT_SLICED_DIFFERENTIAL,BIT_SLICED_BINARY_MAPPING,256,3,7,2,4,7,406528,20,128,2560,92.14,4.090000000000003,92.11142097619047,0.07060144538216302,92.0408195308083,-0.02857902380952737,0.02857902380952737,False,LEAVE_ONE_FAMILY_OUT,ZnO,ZnO_01,10.3390/electronics7120445,ZnO,8,6,4,False
ZnO_01,10.3390/electronics7120445,ZnO,1000.0,3.0,1,2,DISCRETE_BINARY,REPORTED,normalized_from_ratio,BINARY_BIT_SLICED_DIFFERENTIAL,BIT_SLICED_BINARY_MAPPING,128,3,7,2,4,7,406528,32,128,4096,92.11,4.1200000000000045,92.09633759523808,0.060893694052567636,92.03544390118552,-0.013662404761916491,0.013662404761916491,False,LEAVE_ONE_FAMILY_OUT,ZnO,ZnO_01,10.3390/electronics7120445,ZnO,8,6,4,False
ZnO_01,10.3390/electronics7120445,ZnO,1000.0,3.0,1,2,DISCRETE_BINARY,REPORTED,normalized_from_ratio,BINARY_BIT_SLICED_DIFFERENTIAL,BIT_SLICED_BINARY_MAPPING,16,3,7,2,4,6,406528,1600,64,102400,92.1,4.13000000000001,92.09656728571429,0.06453036865764836,92.03203691705664,-0.003432714285708016,0.003432714285708016,False,LEAVE_ONE_FAMILY_OUT,ZnO,ZnO_01,10.3390/electronics7120445,ZnO,8,6,4,False
ZnO_01,10.3390/electronics7120445,ZnO,1000.0,3.0,1,2,DISCRETE_BINARY,REPORTED,normalized_from_ratio,BINARY_BIT_SLICED_DIFFERENTIAL,BIT_SLICED_BINARY_MAPPING,64,3,7,2,4,6,406528,112,64,7168,92.09,4.140000000000001,91.99400638311688,0.14549422234942616,91.84851216076746,-0.09599361688312058,0.09599361688312058,False,LEAVE_ONE_FAMILY_OUT,ZnO,ZnO_01,10.3390/electronics7120445,ZnO,8,6,4,False
ZnO_01,10.3390/electronics7120445,ZnO,1000.0,3.0,1,2,DISCRETE_BINARY,REPORTED,normalized_from_ratio,BINARY_BIT_SLICED_DIFFERENTIAL,BIT_SLICED_BINARY_MAPPING,32,3,7,2,4,6,406528,416,64,26624,92.07,4.160000000000011,92.08634135714286,0.07623287698874608,92.01010848015412,0.016341357142863444,0.016341357142863444,False,LEAVE_ONE_FAMILY_OUT,ZnO,ZnO_01,10.3390/electronics7120445,ZnO,8,6,4,False
ZnO_01,10.3390/electronics7120445,ZnO,1000.0,3.0,1,2,DISCRETE_BINARY,REPORTED,normalized_from_ratio,BINARY_BIT_SLICED_DIFFERENTIAL,BIT_SLICED_BINARY_MAPPING,128,3,7,2,4,6,406528,32,64,2048,92.05,4.180000000000007,91.88370683549782,0.1384095665930641,91.74529726890475,-0.16629316450217857,0.16629316450217857,False,LEAVE_ONE_FAMILY_OUT,ZnO,ZnO_01,10.3390/electronics7120445,ZnO,8,6,4,False
ZnO_01,10.3390/electronics7120445,ZnO,1000.0,3.0,1,2,DISCRETE_BINARY,REPORTED,normalized_from_ratio,BINARY_BIT_SLICED_DIFFERENTIAL,BIT_SLICED_BINARY_MAPPING,32,3,7,2,4,5,406528,416,32,13312,91.91,4.320000000000007,91.42018002380954,0.24908150333433768,91.1710985204752,-0.4898199761904607,0.4898199761904607,False,LEAVE_ONE_FAMILY_OUT,ZnO,ZnO_01,10.3390/electronics7120445,ZnO,8,6,4,False
ZnO_01,10.3390/electronics7120445,ZnO,1000.0,3.0,1,2,DISCRETE_BINARY,REPORTED,normalized_from_ratio,BINARY_BIT_SLICED_DIFFERENTIAL,BIT_SLICED_BINARY_MAPPING,16,3,7,2,4,4,406528,1600,16,25600,91.91,4.320000000000007,90.32388168253968,0.7282167596735635,89.59566492286612,-1.5861183174603184,1.5861183174603184,False,LEAVE_ONE_FAMILY_OUT,ZnO,ZnO_01,10.3390/electronics7120445,ZnO,8,6,4,False
ZnO_01,10.3390/electronics7120445,ZnO,1000.0,3.0,1,2,DISCRETE_BINARY,REPORTED,normalized_from_ratio,BINARY_BIT_SLICED_DIFFERENTIAL,BIT_SLICED_BINARY_MAPPING,256,3,7,2,4,6,406528,20,64,1280,91.79,4.439999999999998,91.7572063037518,0.3676480915037513,91.38955821224805,-0.032793696248205606,0.032793696248205606,False,LEAVE_ONE_FAMILY_OUT,ZnO,ZnO_01,10.3390/electronics7120445,ZnO,8,6,4,False
ZnO_01,10.3390/electronics7120445,ZnO,1000.0,3.0,1,2,DISCRETE_BINARY,REPORTED,normalized_from_ratio,BINARY_BIT_SLICED_DIFFERENTIAL,BIT_SLICED_BINARY_MAPPING,64,3,7,2,4,5,406528,112,32,3584,91.77,4.460000000000008,90.84468657936507,0.476537827259155,90.36814875210592,-0.9253134206349216,0.9253134206349216,False,LEAVE_ONE_FAMILY_OUT,ZnO,ZnO_01,10.3390/electronics7120445,ZnO,8,6,4,False
ZnO_01,10.3390/electronics7120445,ZnO,1000.0,3.0,1,2,DISCRETE_BINARY,REPORTED,normalized_from_ratio,BINARY_BIT_SLICED_DIFFERENTIAL,BIT_SLICED_BINARY_MAPPING,32,3,7,2,4,4,406528,416,16,6656,91.65,4.579999999999998,89.33442858730159,0.9574328383475499,88.37699574895404,-2.315571412698418,2.315571412698418,False,LEAVE_ONE_FAMILY_OUT,ZnO,ZnO_01,10.3390/electronics7120445,ZnO,8,6,4,False
ZnO_01,10.3390/electronics7120445,ZnO,1000.0,3.0,1,2,DISCRETE_BINARY,REPORTED,normalized_from_ratio,BINARY_BIT_SLICED_DIFFERENTIAL,BIT_SLICED_BINARY_MAPPING,64,3,7,2,4,4,406528,112,16,1792,91.63,4.6000000000000085,86.61267757142856,1.7969365166888582,84.8157410547397,-5.017322428571433,5.017322428571433,False,LEAVE_ONE_FAMILY_OUT,ZnO,ZnO_01,10.3390/electronics7120445,ZnO,8,6,4,False
ZnO_01,10.3390/electronics7120445,ZnO,1000.0,3.0,1,2,DISCRETE_BINARY,REPORTED,normalized_from_ratio,BINARY_BIT_SLICED_DIFFERENTIAL,BIT_SLICED_BINARY_MAPPING,128,3,7,2,4,5,406528,32,32,1024,91.6,4.63000000000001,89.95824994444445,0.6686322302318122,89.28961771421264,-1.6417500555555478,1.6417500555555478,False,LEAVE_ONE_FAMILY_OUT,ZnO,ZnO_01,10.3390/electronics7120445,ZnO,8,6,4,False
ZnO_01,10.3390/electronics7120445,ZnO,1000.0,3.0,1,2,DISCRETE_BINARY,REPORTED,normalized_from_ratio,BINARY_BIT_SLICED_DIFFERENTIAL,BIT_SLICED_BINARY_MAPPING,256,3,7,2,4,5,406528,20,32,640,91.45,4.780000000000001,89.35993918253969,2.081571892818068,87.27836728972163,-2.090060817460312,2.090060817460312,False,LEAVE_ONE_FAMILY_OUT,ZnO,ZnO_01,10.3390/electronics7120445,ZnO,8,6,4,False
ZnO_01,10.3390/electronics7120445,ZnO,1000.0,3.0,1,2,DISCRETE_BINARY,REPORTED,normalized_from_ratio,BINARY_BIT_SLICED_DIFFERENTIAL,BIT_SLICED_BINARY_MAPPING,128,3,7,2,4,4,406528,32,16,512,90.83,5.400000000000006,76.09840503968255,1.1907778414321726,74.90762719825037,-14.731594960317452,14.731594960317452,False,LEAVE_ONE_FAMILY_OUT,ZnO,ZnO_01,10.3390/electronics7120445,ZnO,8,6,4,False
ZnO_01,10.3390/electronics7120445,ZnO,1000.0,3.0,1,2,DISCRETE_BINARY,REPORTED,normalized_from_ratio,BINARY_BIT_SLICED_DIFFERENTIAL,BIT_SLICED_BINARY_MAPPING,256,3,7,2,4,4,406528,20,16,320,90.46,5.77000000000001,74.57926003968252,1.2572066942701297,73.3220533454124,-15.88073996031747,15.88073996031747,False,LEAVE_ONE_FAMILY_OUT,ZnO,ZnO_01,10.3390/electronics7120445,ZnO,8,6,4,False
ZnO_01,10.3390/electronics7120445,ZnO,1000.0,3.0,1,2,DISCRETE_BINARY,REPORTED,normalized_from_ratio,BINARY_BIT_SLICED_DIFFERENTIAL,BIT_SLICED_BINARY_MAPPING,16,2,3,1,2,4,203264,800,16,12800,12.06,84.17,11.887266447330447,0.17779539563491448,11.709471051695532,-0.1727335526695537,0.1727335526695537,False,LEAVE_ONE_FAMILY_OUT,ZnO,ZnO_01,10.3390/electronics7120445,ZnO,8,6,4,False
ZnO_01,10.3390/electronics7120445,ZnO,1000.0,3.0,1,2,DISCRETE_BINARY,REPORTED,normalized_from_ratio,BINARY_BIT_SLICED_DIFFERENTIAL,BIT_SLICED_BINARY_MAPPING,256,2,3,1,2,5,203264,10,32,320,11.96,84.27000000000001,11.545107587301587,0.5311127183815451,11.013994868920042,-0.41489241269841415,0.41489241269841415,False,LEAVE_ONE_FAMILY_OUT,ZnO,ZnO_01,10.3390/electronics7120445,ZnO,8,6,4,False
ZnO_01,10.3390/electronics7120445,ZnO,1000.0,3.0,1,2,DISCRETE_BINARY,REPORTED,normalized_from_ratio,BINARY_BIT_SLICED_DIFFERENTIAL,BIT_SLICED_BINARY_MAPPING,64,2,3,1,2,4,203264,56,16,896,11.91,84.32000000000001,12.034170206349204,0.37557589063899105,11.658594315710213,0.12417020634920384,0.12417020634920384,False,LEAVE_ONE_FAMILY_OUT,ZnO,ZnO_01,10.3390/electronics7120445,ZnO,8,6,4,False
ZnO_01,10.3390/electronics7120445,ZnO,1000.0,3.0,1,2,DISCRETE_BINARY,REPORTED,normalized_from_ratio,BINARY_BIT_SLICED_DIFFERENTIAL,BIT_SLICED_BINARY_MAPPING,32,2,3,1,2,4,203264,208,16,3328,11.91,84.32000000000001,11.892228492063492,0.19923228806479443,11.692996203998698,-0.017771507936508613,0.017771507936508613,False,LEAVE_ONE_FAMILY_OUT,ZnO,ZnO_01,10.3390/electronics7120445,ZnO,8,6,4,False
ZnO_01,10.3390/electronics7120445,ZnO,1000.0,3.0,1,2,DISCRETE_BINARY,REPORTED,normalized_from_ratio,BINARY_BIT_SLICED_DIFFERENTIAL,BIT_SLICED_BINARY_MAPPING,128,2,3,1,2,5,203264,16,32,512,11.77,84.46000000000001,11.654785547619047,0.40234654879016163,11.252438998828886,-0.11521445238095218,0.11521445238095218,False,LEAVE_ONE_FAMILY_OUT,ZnO,ZnO_01,10.3390/electronics7120445,ZnO,8,6,4,False
ZnO_01,10.3390/electronics7120445,ZnO,1000.0,3.0,1,2,DISCRETE_BINARY,REPORTED,normalized_from_ratio,BINARY_BIT_SLICED_DIFFERENTIAL,BIT_SLICED_BINARY_MAPPING,256,2,3,1,2,6,203264,10,64,640,11.73,84.5,11.447653062770563,0.2924340630533602,11.155218999717203,-0.2823469372294376,0.2823469372294376,False,LEAVE_ONE_FAMILY_OUT,ZnO,ZnO_01,10.3390/electronics7120445,ZnO,8,6,4,False
ZnO_01,10.3390/electronics7120445,ZnO,1000.0,3.0,1,2,DISCRETE_BINARY,REPORTED,normalized_from_ratio,BINARY_BIT_SLICED_DIFFERENTIAL,BIT_SLICED_BINARY_MAPPING,32,2,3,1,2,5,203264,208,32,6656,11.73,84.5,11.539153984126985,0.22652694854361155,11.312627035583374,-0.19084601587301542,0.19084601587301542,False,LEAVE_ONE_FAMILY_OUT,ZnO,ZnO_01,10.3390/electronics7120445,ZnO,8,6,4,False
ZnO_01,10.3390/electronics7120445,ZnO,1000.0,3.0,1,2,DISCRETE_BINARY,REPORTED,normalized_from_ratio,BINARY_BIT_SLICED_DIFFERENTIAL,BIT_SLICED_BINARY_MAPPING,128,2,3,1,2,6,203264,16,64,1024,11.68,84.55000000000001,11.430922880952382,0.22919577271794506,11.201727108234437,-0.24907711904761776,0.24907711904761776,False,LEAVE_ONE_FAMILY_OUT,ZnO,ZnO_01,10.3390/electronics7120445,ZnO,8,6,4,False
ZnO_01,10.3390/electronics7120445,ZnO,1000.0,3.0,1,2,DISCRETE_BINARY,REPORTED,normalized_from_ratio,BINARY_BIT_SLICED_DIFFERENTIAL,BIT_SLICED_BINARY_MAPPING,16,2,3,1,2,10,203264,800,1024,819200,11.53,84.7,11.432290801587303,0.09270545492071912,11.339585346666585,-0.0977091984126961,0.0977091984126961,False,LEAVE_ONE_FAMILY_OUT,ZnO,ZnO_01,10.3390/electronics7120445,ZnO,8,6,4,False
ZnO_01,10.3390/electronics7120445,ZnO,1000.0,3.0,1,2,DISCRETE_BINARY,REPORTED,normalized_from_ratio,BINARY_BIT_SLICED_DIFFERENTIAL,BIT_SLICED_BINARY_MAPPING,128,2,3,1,2,7,203264,16,128,2048,11.53,84.7,11.472147015873015,0.1285204924560357,11.34362652341698,-0.05785298412698481,0.05785298412698481,False,LEAVE_ONE_FAMILY_OUT,ZnO,ZnO_01,10.3390/electronics7120445,ZnO,8,6,4,False
ZnO_01,10.3390/electronics7120445,ZnO,1000.0,3.0,1,2,DISCRETE_BINARY,REPORTED,normalized_from_ratio,BINARY_BIT_SLICED_DIFFERENTIAL,BIT_SLICED_BINARY_MAPPING,256,2,3,1,2,7,203264,10,128,1280,11.52,84.71000000000001,11.486828181818183,0.12679091115595675,11.360037270662225,-0.0331718181818168,0.0331718181818168,False,LEAVE_ONE_FAMILY_OUT,ZnO,ZnO_01,10.3390/electronics7120445,ZnO,8,6,4,False
ZnO_01,10.3390/electronics7120445,ZnO,1000.0,3.0,1,2,DISCRETE_BINARY,REPORTED,normalized_from_ratio,BINARY_BIT_SLICED_DIFFERENTIAL,BIT_SLICED_BINARY_MAPPING,16,2,3,1,2,8,203264,800,256,204800,11.51,84.72,11.334118801587302,0.0787196348898073,11.255399166697494,-0.17588119841269823,0.17588119841269823,False,LEAVE_ONE_FAMILY_OUT,ZnO,ZnO_01,10.3390/electronics7120445,ZnO,8,6,4,False
ZnO_01,10.3390/electronics7120445,ZnO,1000.0,3.0,1,2,DISCRETE_BINARY,REPORTED,normalized_from_ratio,BINARY_BIT_SLICED_DIFFERENTIAL,BIT_SLICED_BINARY_MAPPING,256,2,3,1,2,8,203264,10,256,2560,11.5,84.73,11.433764459595961,0.08977197646085684,11.343992483135105,-0.06623554040403867,0.06623554040403867,False,LEAVE_ONE_FAMILY_OUT,ZnO,ZnO_01,10.3390/electronics7120445,ZnO,8,6,4,False
ZnO_01,10.3390/electronics7120445,ZnO,1000.0,3.0,1,2,DISCRETE_BINARY,REPORTED,normalized_from_ratio,BINARY_BIT_SLICED_DIFFERENTIAL,BIT_SLICED_BINARY_MAPPING,16,2,3,1,2,5,203264,800,32,25600,11.48,84.75,11.516505994949496,0.20650013574816437,11.31000585920133,0.036505994949495246,0.036505994949495246,False,LEAVE_ONE_FAMILY_OUT,ZnO,ZnO_01,10.3390/electronics7120445,ZnO,8,6,4,False
ZnO_01,10.3390/electronics7120445,ZnO,1000.0,3.0,1,2,DISCRETE_BINARY,REPORTED,normalized_from_ratio,BINARY_BIT_SLICED_DIFFERENTIAL,BIT_SLICED_BINARY_MAPPING,128,2,3,1,2,8,203264,16,256,4096,11.48,84.75,11.412882079365081,0.08884625755053498,11.324035821814546,-0.06711792063491906,0.06711792063491906,False,LEAVE_ONE_FAMILY_OUT,ZnO,ZnO_01,10.3390/electronics7120445,ZnO,8,6,4,False
ZnO_01,10.3390/electronics7120445,ZnO,1000.0,3.0,1,2,DISCRETE_BINARY,REPORTED,normalized_from_ratio,BINARY_BIT_SLICED_DIFFERENTIAL,BIT_SLICED_BINARY_MAPPING,64,2,3,1,2,6,203264,56,64,3584,11.48,84.75,11.363144912698411,0.21211721703196657,11.151027695666444,-0.11685508730158922,0.11685508730158922,False,LEAVE_ONE_FAMILY_OUT,ZnO,ZnO_01,10.3390/electronics7120445,ZnO,8,6,4,False
ZnO_01,10.3390/electronics7120445,ZnO,1000.0,3.0,1,2,DISCRETE_BINARY,REPORTED,normalized_from_ratio,BINARY_BIT_SLICED_DIFFERENTIAL,BIT_SLICED_BINARY_MAPPING,32,2,3,1,2,10,203264,208,1024,212992,11.39,84.84,11.380325253968254,0.10462363438496083,11.275701619583293,-0.009674746031747006,0.009674746031747006,False,LEAVE_ONE_FAMILY_OUT,ZnO,ZnO_01,10.3390/electronics7120445,ZnO,8,6,4,False
ZnO_01,10.3390/electronics7120445,ZnO,1000.0,3.0,1,2,DISCRETE_BINARY,REPORTED,normalized_from_ratio,BINARY_BIT_SLICED_DIFFERENTIAL,BIT_SLICED_BINARY_MAPPING,32,2,3,1,2,7,203264,208,128,26624,11.38,84.85000000000001,11.307217896825398,0.07892127436531485,11.228296622460082,-0.07278210317460321,0.07278210317460321,False,LEAVE_ONE_FAMILY_OUT,ZnO,ZnO_01,10.3390/electronics7120445,ZnO,8,6,4,False
ZnO_01,10.3390/electronics7120445,ZnO,1000.0,3.0,1,2,DISCRETE_BINARY,REPORTED,normalized_from_ratio,BINARY_BIT_SLICED_DIFFERENTIAL,BIT_SLICED_BINARY_MAPPING,32,2,3,1,2,8,203264,208,256,53248,11.37,84.86,11.33308419047619,0.07070719528540086,11.26237699519079,-0.03691580952380846,0.03691580952380846,False,LEAVE_ONE_FAMILY_OUT,ZnO,ZnO_01,10.3390/electronics7120445,ZnO,8,6,4,False
ZnO_01,10.3390/electronics7120445,ZnO,1000.0,3.0,1,2,DISCRETE_BINARY,REPORTED,normalized_from_ratio,BINARY_BIT_SLICED_DIFFERENTIAL,BIT_SLICED_BINARY_MAPPING,16,2,3,1,2,6,203264,800,64,51200,11.37,84.86,11.381919373015872,0.1258436545505127,11.25607571846536,0.011919373015873092,0.011919373015873092,False,LEAVE_ONE_FAMILY_OUT,ZnO,ZnO_01,10.3390/electronics7120445,ZnO,8,6,4,False
ZnO_01,10.3390/electronics7120445,ZnO,1000.0,3.0,1,2,DISCRETE_BINARY,REPORTED,normalized_from_ratio,BINARY_BIT_SLICED_DIFFERENTIAL,BIT_SLICED_BINARY_MAPPING,16,2,3,1,2,7,203264,800,128,102400,11.36,84.87,11.306073833333334,0.07657029176224363,11.229503541571091,-0.053926166666665054,0.053926166666665054,False,LEAVE_ONE_FAMILY_OUT,ZnO,ZnO_01,10.3390/electronics7120445,ZnO,8,6,4,False
ZnO_01,10.3390/electronics7120445,ZnO,1000.0,3.0,1,2,DISCRETE_BINARY,REPORTED,normalized_from_ratio,BINARY_BIT_SLICED_DIFFERENTIAL,BIT_SLICED_BINARY_MAPPING,64,2,3,1,2,8,203264,56,256,14336,11.35,84.88000000000001,11.302483841269844,0.09677727651579855,11.205706564754045,-0.04751615873015602,0.04751615873015602,False,LEAVE_ONE_FAMILY_OUT,ZnO,ZnO_01,10.3390/electronics7120445,ZnO,8,6,4,False
ZnO_01,10.3390/electronics7120445,ZnO,1000.0,3.0,1,2,DISCRETE_BINARY,REPORTED,normalized_from_ratio,BINARY_BIT_SLICED_DIFFERENTIAL,BIT_SLICED_BINARY_MAPPING,64,2,3,1,2,5,203264,56,32,1792,11.33,84.9,11.561983666666666,0.32432502149062487,11.237658645176042,0.23198366666666637,0.23198366666666637,False,LEAVE_ONE_FAMILY_OUT,ZnO,ZnO_01,10.3390/electronics7120445,ZnO,8,6,4,False
ZnO_01,10.3390/electronics7120445,ZnO,1000.0,3.0,1,2,DISCRETE_BINARY,REPORTED,normalized_from_ratio,BINARY_BIT_SLICED_DIFFERENTIAL,BIT_SLICED_BINARY_MAPPING,64,2,3,1,2,10,203264,56,1024,57344,11.33,84.9,11.34641146031746,0.10772154721876855,11.238689913098693,0.016411460317460325,0.016411460317460325,False,LEAVE_ONE_FAMILY_OUT,ZnO,ZnO_01,10.3390/electronics7120445,ZnO,8,6,4,False
ZnO_01,10.3390/electronics7120445,ZnO,1000.0,3.0,1,2,DISCRETE_BINARY,REPORTED,normalized_from_ratio,BINARY_BIT_SLICED_DIFFERENTIAL,BIT_SLICED_BINARY_MAPPING,256,2,3,1,2,10,203264,10,1024,10240,11.3,84.93,11.33728992857143,0.10779208616749195,11.229497842403937,0.03728992857142899,0.03728992857142899,False,LEAVE_ONE_FAMILY_OUT,ZnO,ZnO_01,10.3390/electronics7120445,ZnO,8,6,4,False
ZnO_01,10.3390/electronics7120445,ZnO,1000.0,3.0,1,2,DISCRETE_BINARY,REPORTED,normalized_from_ratio,BINARY_BIT_SLICED_DIFFERENTIAL,BIT_SLICED_BINARY_MAPPING,32,2,3,1,2,6,203264,208,64,13312,11.27,84.96000000000001,11.379593944444444,0.1395120492410513,11.240081895203392,0.1095939444444447,0.1095939444444447,False,LEAVE_ONE_FAMILY_OUT,ZnO,ZnO_01,10.3390/electronics7120445,ZnO,8,6,4,False
ZnO_01,10.3390/electronics7120445,ZnO,1000.0,3.0,1,2,DISCRETE_BINARY,REPORTED,normalized_from_ratio,BINARY_BIT_SLICED_DIFFERENTIAL,BIT_SLICED_BINARY_MAPPING,128,2,3,1,2,10,203264,16,1024,16384,11.24,84.99000000000001,11.330261587301587,0.09771091984489431,11.232550667456692,0.09026158730158684,0.09026158730158684,False,LEAVE_ONE_FAMILY_OUT,ZnO,ZnO_01,10.3390/electronics7120445,ZnO,8,6,4,False
ZnO_01,10.3390/electronics7120445,ZnO,1000.0,3.0,1,2,DISCRETE_BINARY,REPORTED,normalized_from_ratio,BINARY_BIT_SLICED_DIFFERENTIAL,BIT_SLICED_BINARY_MAPPING,64,2,3,1,2,7,203264,56,128,7168,11.23,85.0,11.260117706349208,0.12360519117362019,11.136512515175587,0.030117706349207296,0.030117706349207296,False,LEAVE_ONE_FAMILY_OUT,ZnO,ZnO_01,10.3390/electronics7120445,ZnO,8,6,4,False
ZnO_01,10.3390/electronics7120445,ZnO,1000.0,3.0,1,2,DISCRETE_BINARY,REPORTED,normalized_from_ratio,BINARY_BIT_SLICED_DIFFERENTIAL,BIT_SLICED_BINARY_MAPPING,256,2,3,1,2,9,203264,10,512,5120,11.21,85.02000000000001,11.417485048340549,0.05901519577885407,11.358469852561694,0.2074850483405477,0.2074850483405477,False,LEAVE_ONE_FAMILY_OUT,ZnO,ZnO_01,10.3390/electronics7120445,ZnO,8,6,4,False
ZnO_01,10.3390/electronics7120445,ZnO,1000.0,3.0,1,2,DISCRETE_BINARY,REPORTED,normalized_from_ratio,BINARY_BIT_SLICED_DIFFERENTIAL,BIT_SLICED_BINARY_MAPPING,128,2,3,1,2,9,203264,16,512,8192,11.21,85.02000000000001,11.409099746753245,0.04623611121447739,11.362863635538767,0.1990997467532445,0.1990997467532445,False,LEAVE_ONE_FAMILY_OUT,ZnO,ZnO_01,10.3390/electronics7120445,ZnO,8,6,4,False
ZnO_01,10.3390/electronics7120445,ZnO,1000.0,3.0,1,2,DISCRETE_BINARY,REPORTED,normalized_from_ratio,BINARY_BIT_SLICED_DIFFERENTIAL,BIT_SLICED_BINARY_MAPPING,64,2,3,1,2,9,203264,56,512,28672,11.19,85.04,11.394939627705627,0.07093820104258639,11.32400142666304,0.20493962770562746,0.20493962770562746,False,LEAVE_ONE_FAMILY_OUT,ZnO,ZnO_01,10.3390/electronics7120445,ZnO,8,6,4,False
ZnO_01,10.3390/electronics7120445,ZnO,1000.0,3.0,1,2,DISCRETE_BINARY,REPORTED,normalized_from_ratio,BINARY_BIT_SLICED_DIFFERENTIAL,BIT_SLICED_BINARY_MAPPING,16,2,3,1,2,9,203264,800,512,409600,11.17,85.06,11.460712484126983,0.05048450795212496,11.410227976174857,0.29071248412698303,0.29071248412698303,False,LEAVE_ONE_FAMILY_OUT,ZnO,ZnO_01,10.3390/electronics7120445,ZnO,8,6,4,False
ZnO_01,10.3390/electronics7120445,ZnO,1000.0,3.0,1,2,DISCRETE_BINARY,REPORTED,normalized_from_ratio,BINARY_BIT_SLICED_DIFFERENTIAL,BIT_SLICED_BINARY_MAPPING,32,2,3,1,2,9,203264,208,512,106496,11.14,85.09,11.439315032467531,0.04829811240381311,11.391016920063718,0.2993150324675309,0.2993150324675309,False,LEAVE_ONE_FAMILY_OUT,ZnO,ZnO_01,10.3390/electronics7120445,ZnO,8,6,4,False
ZnO_01,10.3390/electronics7120445,ZnO,1000.0,3.0,1,2,DISCRETE_BINARY,REPORTED,normalized_from_ratio,BINARY_BIT_SLICED_DIFFERENTIAL,BIT_SLICED_BINARY_MAPPING,128,2,3,1,2,4,203264,16,16,256,10.98,85.25,11.399324063492061,0.49387029931759924,10.905453764174462,0.41932406349206097,0.41932406349206097,False,LEAVE_ONE_FAMILY_OUT,ZnO,ZnO_01,10.3390/electronics7120445,ZnO,8,6,4,False
ZnO_01,10.3390/electronics7120445,ZnO,1000.0,3.0,1,2,DISCRETE_BINARY,REPORTED,normalized_from_ratio,BINARY_BIT_SLICED_DIFFERENTIAL,BIT_SLICED_BINARY_MAPPING,256,2,3,1,2,4,203264,10,16,160,10.16,86.07000000000001,10.944348666666665,0.5240223024857296,10.420326364180935,0.7843486666666646,0.7843486666666646,False,LEAVE_ONE_FAMILY_OUT,ZnO,ZnO_01,10.3390/electronics7120445,ZnO,8,6,4,False
